label,pose,affinity,ca_dist,ca_dist_far,donor_dist,n_carboxylate_o,n_donors,passes
CONTROL_crystal,1,-6.759,2.762,4.419,2.896,2,1,1
CONTROL_crystal,2,-6.750,2.826,4.426,2.877,2,1,1
CONTROL_crystal,3,-6.749,2.757,4.423,2.893,2,1,1
gen_00021,1,-6.658,3.736,4.512,inf,2,0,0
gen_00021,2,-6.655,2.789,4.391,inf,2,0,0
gen_00021,3,-6.589,2.870,4.407,inf,2,0,0
gen_00021,4,-6.581,3.884,4.428,inf,2,0,0
gen_00021,5,-6.515,3.099,4.489,inf,2,0,0
gen_00021,6,-6.473,2.810,4.419,inf,2,0,0
gen_00021,7,-6.455,2.843,4.465,inf,2,0,0
gen_00021,8,-6.446,2.773,4.467,inf,2,0,0
gen_00021,9,-6.439,2.759,4.381,inf,2,0,0
gen_00021,10,-6.418,2.858,4.454,inf,2,0,0
gen_00021,11,-6.418,2.981,4.488,inf,2,0,0
gen_00021,12,-6.410,2.560,4.184,inf,2,0,0
gen_00021,13,-6.262,10.540,11.018,inf,2,0,0
gen_00057,1,-8.069,2.484,3.137,6.053,2,2,0
gen_00057,2,-8.055,2.577,3.180,6.856,2,2,0
gen_00057,3,-8.013,2.628,3.234,6.697,2,2,0
gen_00057,4,-7.984,16.985,17.162,3.029,2,2,0
gen_00057,5,-7.972,2.709,4.409,6.098,2,2,0
gen_00057,6,-7.971,2.627,3.310,6.582,2,2,0
gen_00057,7,-7.911,2.401,3.441,6.336,2,2,0
gen_00057,8,-7.889,2.566,3.275,6.541,2,2,0
gen_00057,9,-7.887,2.606,2.867,6.565,2,2,0
gen_00091,1,-6.775,3.240,4.572,inf,2,0,0
gen_00106,1,-7.661,2.648,3.135,4.205,2,1,0
gen_00106,2,-7.632,2.532,3.255,4.720,2,1,0
gen_00106,3,-7.607,2.840,3.247,4.216,2,1,0
gen_00106,4,-7.516,2.212,4.227,4.142,2,1,0
gen_00106,5,-7.507,2.659,3.209,4.130,2,1,0
gen_00106,6,-7.496,2.269,4.450,4.074,2,1,0
gen_00106,7,-7.480,2.793,2.897,4.091,2,1,0
gen_00106,8,-7.440,2.886,2.956,4.099,2,1,0
gen_00114,1,-7.353,3.471,4.616,3.721,2,1,0
gen_00114,2,-7.339,3.321,4.599,3.603,2,1,0
gen_00114,3,-7.335,3.203,4.567,3.812,2,1,0
gen_00114,4,-7.315,3.176,4.553,3.774,2,1,0
gen_00114,5,-7.294,3.599,4.512,3.769,2,1,0
gen_00114,6,-7.294,3.290,4.610,3.632,2,1,0
gen_00114,7,-7.261,3.270,4.633,3.867,2,1,0
gen_00114,8,-7.233,3.184,4.506,3.725,2,1,0
gen_00114,9,-7.170,3.557,4.583,3.696,2,1,0
gen_00114,10,-7.166,12.275,14.039,5.046,2,1,0
gen_00115,1,-7.601,2.552,3.261,inf,4,0,0
gen_00115,2,-7.593,2.593,3.220,inf,4,0,0
gen_00115,3,-7.572,2.585,3.279,inf,4,0,0
gen_00115,4,-7.551,2.958,4.483,inf,4,0,0
gen_00115,5,-7.538,2.817,4.321,inf,4,0,0
gen_00115,6,-7.524,2.812,4.422,inf,4,0,0
gen_00115,7,-7.507,2.881,4.352,inf,4,0,0
gen_00115,8,-7.497,2.794,3.760,inf,4,0,0
gen_00118,1,-6.186,2.704,4.389,inf,4,0,0
gen_00118,2,-6.147,2.614,4.394,inf,4,0,0
gen_00118,3,-6.134,2.688,4.414,inf,4,0,0
gen_00118,4,-6.086,2.624,4.272,inf,4,0,0
gen_00118,5,-5.775,3.288,4.349,inf,4,0,0
gen_00128,1,-6.808,3.214,4.607,inf,2,0,0
gen_00128,2,-6.750,3.077,4.614,inf,2,0,0
gen_00128,3,-6.715,2.837,4.497,inf,2,0,0
gen_00128,4,-6.698,3.231,4.592,inf,2,0,0
gen_00128,5,-6.694,2.848,4.554,inf,2,0,0
gen_00128,6,-6.687,3.207,4.631,inf,2,0,0
gen_00128,7,-6.681,2.840,4.353,inf,2,0,0
gen_00192,1,12.273,2.149,3.208,8.247,2,2,0
gen_00192,2,14.595,10.279,11.239,11.286,2,2,0
gen_00192,3,16.531,9.088,9.741,7.053,2,2,0
gen_00192,4,18.770,12.836,13.042,10.443,2,2,0
gen_00192,5,19.103,8.806,10.406,2.668,2,2,0
gen_00220,1,-8.811,5.611,6.253,7.966,2,1,0
gen_00245,1,-7.249,3.184,4.593,inf,2,0,0
gen_00245,2,-7.175,3.142,4.585,inf,2,0,0
gen_00245,3,-7.157,3.206,4.553,inf,2,0,0
gen_00245,4,-7.103,3.201,4.626,inf,2,0,0
gen_00245,5,-7.015,3.242,4.687,inf,2,0,0
gen_00357,1,-1.257,6.498,6.842,9.147,2,1,0
gen_00358,1,-7.457,3.444,4.476,inf,4,0,0
gen_00358,2,-7.416,3.436,4.423,inf,4,0,0
gen_00358,3,-7.372,3.469,4.459,inf,4,0,0
gen_00358,4,-7.371,3.374,4.447,inf,4,0,0
gen_00358,5,-7.363,3.430,4.507,inf,4,0,0
gen_00358,6,-7.311,3.326,4.404,inf,4,0,0
gen_00410,1,-6.795,3.208,4.584,4.341,2,2,0
gen_00410,2,-6.597,2.873,4.510,4.992,2,2,0
gen_00410,3,-6.584,3.166,4.474,7.987,2,2,0
gen_00410,4,-6.555,3.217,4.653,5.122,2,2,0
gen_00410,5,-6.546,2.863,4.503,3.408,2,2,1
gen_00410,6,-6.542,3.168,4.524,7.633,2,2,0
gen_00410,7,-6.489,3.075,4.410,4.413,2,2,0
gen_00410,8,-6.455,2.831,4.356,5.119,2,2,0
gen_00410,9,-6.431,15.701,16.863,3.008,2,2,0
gen_00410,10,-6.413,2.829,4.481,4.119,2,2,0
gen_00410,11,-6.350,2.858,4.493,4.406,2,2,0
gen_00437,1,-7.562,3.101,4.455,6.445,2,2,0
gen_00437,2,-7.540,3.109,4.609,6.516,2,2,0
gen_00437,3,-7.519,2.834,4.505,6.590,2,2,0
gen_00437,4,-7.507,3.230,4.430,6.219,2,2,0
gen_00437,5,-7.500,2.859,4.530,6.579,2,2,0
gen_00437,6,-7.461,3.187,4.408,6.215,2,2,0
gen_00437,7,-7.437,2.807,4.538,6.567,2,2,0
gen_00437,8,-7.431,3.077,4.525,6.234,2,2,0
gen_00437,9,-7.387,3.140,4.626,6.243,2,2,0
gen_00437,10,-7.382,8.299,10.288,3.763,2,2,0
gen_00437,11,-7.330,9.694,10.935,2.873,2,2,0
gen_00446,1,-8.234,2.795,4.627,2.792,2,4,1
gen_00446,2,-8.073,3.316,3.917,2.861,2,4,0
gen_00462,1,-7.309,3.150,4.445,inf,4,0,0
gen_00462,2,-7.290,3.053,4.361,inf,4,0,0
gen_00462,3,-7.275,3.116,4.313,inf,4,0,0
gen_00462,4,-7.265,3.152,4.479,inf,4,0,0
gen_00478,1,-7.192,2.785,4.527,inf,4,0,0
gen_00478,2,-7.156,2.762,4.548,inf,4,0,0
gen_00478,3,-7.103,2.799,4.427,inf,4,0,0
gen_00478,4,-7.075,2.838,4.562,inf,4,0,0
gen_00478,5,-7.072,10.186,10.839,inf,4,0,0
gen_00478,6,-7.054,2.806,4.386,inf,4,0,0
gen_00478,7,-7.040,2.843,4.454,inf,4,0,0
gen_00478,8,-7.028,2.864,4.422,inf,4,0,0
gen_00478,9,-6.992,2.808,4.404,inf,4,0,0
gen_00478,10,-6.987,2.794,4.310,inf,4,0,0
gen_00478,11,-6.938,3.164,4.569,inf,4,0,0
gen_00478,12,-6.917,3.160,4.551,inf,4,0,0
gen_00478,13,-6.917,3.221,4.395,inf,4,0,0
gen_00478,14,-6.881,2.835,4.324,inf,4,0,0
gen_00478,15,-6.834,2.728,4.342,inf,4,0,0
gen_00478,16,-6.809,2.825,4.336,inf,4,0,0
gen_00541,1,-6.632,3.182,4.596,inf,2,0,0
gen_00541,2,-6.617,3.236,4.634,inf,2,0,0
gen_00541,3,-6.578,3.131,4.593,inf,2,0,0
gen_00541,4,-6.511,3.331,3.460,inf,2,0,0
gen_00541,5,-6.453,3.155,4.667,inf,2,0,0
gen_00541,6,-6.428,3.254,4.647,inf,2,0,0
gen_00541,7,-6.428,2.845,4.010,inf,2,0,0
gen_00541,8,-6.405,2.724,4.271,inf,2,0,0
gen_00541,9,-6.399,7.873,8.900,inf,2,0,0
gen_00541,10,-6.353,7.740,8.804,inf,2,0,0
gen_00541,11,-6.297,3.087,3.811,inf,2,0,0
gen_00541,12,-6.293,2.893,4.554,inf,2,0,0
gen_00584,1,-7.908,9.667,10.749,4.565,2,2,0
gen_00584,2,-7.874,9.881,10.576,4.574,2,2,0
gen_00584,3,-7.556,3.211,4.328,3.004,2,2,0
gen_00584,4,-7.335,10.410,12.528,3.342,2,2,0
gen_00626,1,-6.451,3.238,4.593,inf,4,0,0
gen_00626,2,-6.377,3.243,4.568,inf,4,0,0
gen_00626,3,-6.295,2.772,4.435,inf,4,0,0
gen_00658,1,-6.241,2.697,4.457,5.588,2,1,0
gen_00658,2,-6.231,2.705,4.464,5.604,2,1,0
gen_00658,3,-6.228,2.681,4.448,5.582,2,1,0
gen_00658,4,-6.184,2.713,4.537,5.679,2,1,0
gen_00716,1,-7.159,3.068,4.583,inf,4,0,0
gen_00716,2,-7.108,2.974,4.561,inf,4,0,0
gen_00716,3,-7.079,3.199,4.699,inf,4,0,0
gen_00716,4,-6.976,3.165,4.729,inf,4,0,0
gen_00716,5,-6.967,3.073,4.634,inf,4,0,0
gen_00716,6,-6.924,3.185,4.811,inf,4,0,0
gen_00716,7,-6.834,3.070,4.524,inf,4,0,0
gen_00716,8,-6.827,3.131,4.326,inf,4,0,0
gen_00716,9,-6.709,2.965,4.539,inf,4,0,0
gen_00716,10,-6.632,2.707,4.368,inf,4,0,0
gen_00716,11,-6.622,2.840,4.485,inf,4,0,0
gen_00716,12,-6.609,2.844,4.428,inf,4,0,0
gen_00722,1,-7.642,2.565,4.464,5.726,2,2,0
gen_00722,2,-7.640,3.252,4.701,6.347,2,2,0
gen_00722,3,-7.629,2.763,4.459,5.739,2,2,0
gen_00820,1,-6.864,3.085,4.568,inf,2,0,0
gen_00820,2,-6.854,2.858,4.550,inf,2,0,0
gen_00858,1,-8.068,3.283,4.679,2.923,4,2,0
gen_00858,2,-8.039,3.272,4.708,2.924,4,2,0
gen_00858,3,-7.947,2.852,4.649,2.934,4,2,1
gen_00858,4,-7.919,2.935,4.613,2.993,4,2,1
gen_01052,1,-7.301,3.209,4.594,inf,2,0,0
gen_01052,2,-7.289,3.773,4.337,inf,2,0,0
gen_01052,3,-7.263,3.032,4.513,inf,2,0,0
gen_01052,4,-7.212,3.180,4.590,inf,2,0,0
gen_01083,1,-6.839,3.259,4.611,inf,4,0,0
gen_01083,2,-6.813,2.874,4.444,inf,4,0,0
gen_01083,3,-6.796,2.980,4.531,inf,4,0,0
gen_01083,4,-6.756,3.150,4.511,inf,4,0,0
gen_01083,5,-6.730,3.168,4.121,inf,4,0,0
gen_01083,6,-6.699,2.962,4.421,inf,4,0,0
gen_01083,7,-6.658,2.407,3.322,inf,4,0,0
gen_01083,8,-6.648,2.814,4.495,inf,4,0,0
gen_01083,9,-6.635,3.359,4.743,inf,4,0,0
gen_01083,10,-6.566,3.041,4.507,inf,4,0,0
gen_01083,11,-6.530,2.524,3.171,inf,4,0,0
gen_01110,1,-7.172,3.038,4.549,8.608,2,1,0
gen_01110,2,-7.132,2.834,4.474,8.635,2,1,0
gen_01110,3,-7.102,3.094,4.497,9.905,2,1,0
gen_01110,4,-7.102,2.997,4.500,8.596,2,1,0
gen_01110,5,-7.038,2.829,4.486,8.594,2,1,0
gen_01110,6,-7.038,2.854,4.477,9.880,2,1,0
gen_01218,1,-7.465,3.138,4.556,5.583,2,1,0
gen_01218,2,-7.361,3.186,4.567,5.815,2,1,0
gen_01436,1,-6.745,3.261,4.826,5.326,2,2,0
gen_01436,2,-6.546,4.478,6.595,2.848,2,2,0
gen_01483,1,-7.538,3.289,4.755,2.926,2,3,0
gen_01483,2,-7.418,3.058,4.594,3.136,2,3,1
gen_01483,3,-7.348,3.345,4.620,4.396,2,3,0
gen_01483,4,-7.327,14.651,15.836,2.960,2,3,0
gen_01483,5,-7.307,3.058,4.583,3.084,2,3,1
gen_01483,6,-7.287,3.076,4.671,2.999,2,3,1
gen_01483,7,-7.258,2.824,4.465,3.376,2,3,1
gen_01483,8,-7.228,3.196,4.586,3.048,2,3,1
gen_01483,9,-7.200,3.259,4.574,4.937,2,3,0
gen_01483,10,-7.194,3.231,4.688,4.389,2,3,0
gen_01483,11,-7.173,10.281,11.397,3.011,2,3,0
gen_01483,12,-7.123,3.163,4.451,4.268,2,3,0
gen_01483,13,-7.063,2.811,4.451,6.103,2,3,0
gen_01535,1,-7.699,3.227,4.408,inf,4,0,0
gen_01535,2,-7.662,3.544,4.403,inf,4,0,0
gen_01535,3,-7.615,3.522,4.480,inf,4,0,0
gen_01535,4,-7.535,2.547,4.534,inf,4,0,0
gen_01535,5,-7.495,3.109,4.240,inf,4,0,0
gen_01602,1,-6.695,2.784,4.459,inf,4,0,0
gen_01602,2,-6.635,2.780,4.411,inf,4,0,0
gen_01602,3,-6.608,2.815,4.470,inf,4,0,0
gen_01602,4,-6.601,9.782,10.718,inf,4,0,0
gen_01602,5,-6.593,9.644,10.756,inf,4,0,0
gen_01602,6,-6.569,2.807,4.478,inf,4,0,0
gen_01602,7,-6.512,3.086,4.571,inf,4,0,0
gen_01602,8,-6.507,3.040,4.609,inf,4,0,0
gen_01602,9,-6.459,2.782,4.451,inf,4,0,0
gen_01602,10,-6.411,2.838,4.446,inf,4,0,0
gen_01617,1,-7.166,2.520,3.138,4.227,4,1,0
gen_01617,2,-7.165,2.532,3.191,4.256,4,1,0
gen_01617,3,-7.112,2.278,3.197,4.145,4,1,0
gen_01617,4,-7.097,3.416,4.725,4.616,4,1,0
gen_01617,5,-7.033,3.433,4.678,4.754,4,1,0
gen_01617,6,-7.006,3.294,3.330,3.977,4,1,0
gen_01617,7,-6.919,3.709,4.818,3.054,4,1,0
gen_01650,1,-6.956,2.840,4.439,inf,4,0,0
gen_01650,2,-6.918,2.843,4.496,inf,4,0,0
gen_01650,3,-6.842,3.080,4.449,inf,4,0,0
gen_01660,1,-6.180,8.839,9.035,inf,2,0,0
gen_01660,2,-6.136,14.407,15.716,inf,2,0,0
gen_01660,3,-6.121,7.840,8.390,inf,2,0,0
gen_01660,4,-6.063,7.984,8.387,inf,2,0,0
gen_01660,5,-6.018,9.018,9.019,inf,2,0,0
gen_01715,1,-8.756,2.960,4.515,5.087,2,1,0
gen_01715,2,-8.720,2.821,4.538,5.030,2,1,0
gen_01715,3,-8.668,2.813,4.480,5.351,2,1,0
gen_01715,4,-8.645,3.213,4.331,4.325,2,1,0
gen_01715,5,-8.643,3.049,3.930,4.040,2,1,0
gen_01715,6,-8.620,3.083,4.067,3.976,2,1,0
gen_01715,7,-8.604,3.154,3.974,4.201,2,1,0
gen_01715,8,-8.585,3.073,3.962,4.194,2,1,0
gen_01744,1,-7.722,16.841,17.121,3.015,2,2,0
gen_01744,2,-7.689,16.198,17.212,3.054,2,2,0
gen_01744,3,-7.607,3.225,4.529,6.570,2,2,0
gen_01744,4,-7.605,16.432,17.404,2.988,2,2,0
gen_01744,5,-7.569,16.147,17.244,2.997,2,2,0
gen_01744,6,-7.553,3.185,4.404,6.734,2,2,0
gen_01744,7,-7.551,3.194,4.454,6.516,2,2,0
gen_01744,8,-7.521,16.328,17.342,3.097,2,2,0
gen_01744,9,-7.482,3.143,4.619,6.552,2,2,0
gen_01744,10,-7.461,3.249,4.619,6.627,2,2,0
gen_01745,1,-8.061,2.984,4.608,4.173,2,3,0
gen_01745,2,-8.023,2.769,4.425,2.890,2,3,1
gen_01745,3,-7.993,2.790,4.461,2.970,2,3,1
gen_01764,1,-6.645,3.042,4.585,inf,2,0,0
gen_01764,2,-6.615,2.772,4.609,inf,2,0,0
gen_01764,3,-6.609,3.026,4.556,inf,2,0,0
gen_01764,4,-6.526,2.789,4.481,inf,2,0,0
gen_01764,5,-6.417,2.821,4.510,inf,2,0,0
gen_01871,1,-1.355,10.185,10.805,10.874,2,3,0
gen_01871,2,-0.554,6.752,6.900,10.338,2,3,0
gen_01936,1,-7.413,2.438,2.577,2.773,2,2,1
gen_01936,2,-7.356,8.572,10.298,4.153,2,2,0
gen_01936,3,-7.346,2.504,3.303,3.014,2,2,1
gen_01936,4,-7.338,2.407,3.246,2.963,2,2,1
gen_01936,5,-7.321,8.135,9.537,3.906,2,2,0
gen_01936,6,-7.299,4.276,4.380,4.327,2,2,0
gen_01936,7,-7.250,8.458,9.782,3.937,2,2,0
gen_01936,8,-7.233,4.259,4.435,4.272,2,2,0
gen_01936,9,-7.164,2.562,4.061,2.697,2,2,1
gen_01936,10,-7.134,2.376,3.131,3.255,2,2,1
gen_01958,1,-6.687,3.214,4.584,inf,4,0,0
gen_01958,2,-6.655,3.179,4.553,inf,4,0,0
gen_01958,3,-6.640,3.125,4.508,inf,4,0,0
gen_01958,4,-6.622,3.212,4.594,inf,4,0,0
gen_01958,5,-6.619,3.255,4.675,inf,4,0,0
gen_01966,1,-7.199,2.723,4.367,inf,4,0,0
gen_01966,2,-7.180,2.608,4.289,inf,4,0,0
gen_01966,3,-7.174,2.741,4.376,inf,4,0,0
gen_01966,4,-7.074,2.656,4.388,inf,4,0,0
gen_01966,5,-7.038,2.851,4.262,inf,4,0,0
gen_01966,6,-7.016,2.710,4.377,inf,4,0,0
gen_01966,7,-6.974,2.743,4.448,inf,4,0,0
gen_01966,8,-6.949,2.687,4.387,inf,4,0,0
gen_01966,9,-6.884,2.798,4.275,inf,4,0,0
gen_01998,1,-6.501,2.386,2.758,inf,4,0,0
gen_01998,2,-6.480,2.241,3.264,inf,4,0,0
gen_01998,3,-6.464,2.315,2.748,inf,4,0,0
gen_01998,4,-6.420,2.295,3.071,inf,4,0,0
gen_01998,5,-6.404,2.290,3.244,inf,4,0,0
gen_01998,6,-6.392,2.434,3.219,inf,4,0,0
gen_01998,7,-6.388,2.363,3.000,inf,4,0,0
gen_01998,8,-6.385,2.324,3.055,inf,4,0,0
gen_01998,9,-6.377,2.269,3.256,inf,4,0,0
gen_01998,10,-6.372,2.216,3.049,inf,4,0,0
gen_01998,11,-6.361,3.042,4.096,inf,4,0,0
gen_02011,1,-7.937,3.226,4.476,7.335,4,1,0
gen_02011,2,-7.890,2.929,4.428,7.596,4,1,0
gen_02011,3,-7.866,2.798,4.570,7.823,4,1,0
gen_02011,4,-7.860,2.385,4.530,3.230,4,1,1
gen_02011,5,-7.824,2.954,4.622,5.794,4,1,0
gen_02011,6,-7.800,3.079,4.588,5.647,4,1,0
gen_02011,7,-7.777,3.000,4.491,7.848,4,1,0
gen_02011,8,-7.773,2.799,4.482,7.479,4,1,0
gen_02011,9,-7.769,2.800,4.256,4.592,4,1,0
gen_02011,10,-7.726,2.840,4.585,5.869,4,1,0
gen_02011,11,-7.719,2.758,4.405,8.031,4,1,0
gen_02011,12,-7.717,2.804,4.570,7.292,4,1,0
gen_02063,1,-6.185,2.742,4.402,4.557,2,1,0
gen_02063,2,-6.104,2.745,4.411,4.679,2,1,0
gen_02063,3,-6.076,2.759,4.437,4.644,2,1,0
gen_02063,4,-6.072,2.766,4.443,4.355,2,1,0
gen_02063,5,-6.058,2.752,4.433,4.373,2,1,0
gen_02063,6,-5.997,3.162,4.305,5.658,2,1,0
gen_02063,7,-5.941,2.788,4.470,4.536,2,1,0
gen_02063,8,-5.914,3.191,4.441,5.851,2,1,0
gen_02063,9,-5.912,2.774,4.328,4.670,2,1,0
gen_02063,10,-5.901,2.795,4.412,4.416,2,1,0
gen_02063,11,-5.736,9.443,10.856,4.591,2,1,0
gen_02063,12,-5.666,9.418,10.948,4.360,2,1,0
gen_02063,13,-5.598,2.786,4.404,4.412,2,1,0
gen_02159,1,-6.962,3.136,4.664,inf,2,0,0
gen_02159,2,-6.891,3.199,4.618,inf,2,0,0
gen_02159,3,-6.877,3.159,4.599,inf,2,0,0
gen_02159,4,-6.856,3.190,4.578,inf,2,0,0
gen_02159,5,-6.840,3.143,4.545,inf,2,0,0
gen_02159,6,-6.744,2.928,4.489,inf,2,0,0
gen_02159,7,-6.729,3.120,4.426,inf,2,0,0
gen_02166,1,-7.214,3.558,4.600,inf,2,0,0
gen_02166,2,-7.125,3.984,4.961,inf,2,0,0
gen_02166,3,-7.100,3.260,5.054,inf,2,0,0
gen_02166,4,-7.099,4.324,5.638,inf,2,0,0
gen_02166,5,-7.015,3.274,5.086,inf,2,0,0
gen_02166,6,-7.011,3.216,3.888,inf,2,0,0
gen_02166,7,-6.978,4.019,5.406,inf,2,0,0
gen_02201,1,-6.535,3.071,4.505,inf,2,0,0
gen_02201,2,-6.531,3.045,4.528,inf,2,0,0
gen_02201,3,-6.515,2.820,4.455,inf,2,0,0
gen_02201,4,-6.512,3.102,4.519,inf,2,0,0
gen_02201,5,-6.490,2.763,4.430,inf,2,0,0
gen_02201,6,-6.482,2.758,4.414,inf,2,0,0
gen_02201,7,-6.470,2.849,4.450,inf,2,0,0
gen_02201,8,-6.432,2.799,4.456,inf,2,0,0
gen_02201,9,-6.419,3.071,4.505,inf,2,0,0
gen_02255,1,-6.792,2.790,4.387,inf,2,0,0
gen_02255,2,-6.787,2.842,4.361,inf,2,0,0
gen_02255,3,-6.751,2.795,4.356,inf,2,0,0
gen_02255,4,-6.727,2.808,4.424,inf,2,0,0
gen_02255,5,-6.629,3.035,4.444,inf,2,0,0
gen_02269,1,-6.760,3.081,4.567,inf,2,0,0
gen_02269,2,-6.748,3.048,4.530,inf,2,0,0
gen_02274,1,-6.488,2.848,4.537,3.850,2,2,0
gen_02291,1,-6.930,2.795,4.386,4.621,2,2,0
gen_02291,2,-6.792,2.841,4.412,4.526,2,2,0
gen_02291,3,-6.772,2.459,3.310,4.055,2,2,0
gen_02291,4,-6.664,3.277,4.645,4.799,2,2,0
gen_02291,5,-6.656,2.462,3.466,5.570,2,2,0
gen_02291,6,-6.609,2.796,3.764,5.693,2,2,0
gen_02291,7,-6.593,2.402,4.555,2.803,2,2,1
gen_02291,8,-6.456,12.751,13.162,3.008,2,2,0
gen_02291,9,-6.417,2.294,3.983,3.103,2,2,1
gen_02291,10,-6.233,2.868,4.485,4.835,2,2,0
gen_02294,1,-7.273,3.152,3.963,4.244,4,1,0
gen_02294,2,-7.252,2.747,4.694,5.871,4,1,0
gen_02294,3,-7.187,2.714,4.650,5.918,4,1,0
gen_02294,4,-7.130,2.864,4.080,4.206,4,1,0
gen_02308,1,-7.096,2.286,2.715,4.869,2,1,0
gen_02308,2,-6.641,3.281,4.445,5.488,2,1,0
gen_02316,1,-7.660,15.242,16.080,inf,2,0,0
gen_02316,2,-7.655,3.021,4.440,inf,2,0,0
gen_02316,3,-7.612,3.086,4.520,inf,2,0,0
gen_02316,4,-7.571,2.991,4.564,inf,2,0,0
gen_02316,5,-7.551,2.859,4.547,inf,2,0,0
gen_02316,6,-7.473,2.689,4.677,inf,2,0,0
gen_02436,1,-7.536,3.708,4.328,inf,2,0,0
gen_02436,2,-7.517,4.032,4.338,inf,2,0,0
gen_02436,3,-7.517,3.794,4.352,inf,2,0,0
gen_02436,4,-7.378,3.664,4.070,inf,2,0,0
gen_02444,1,-6.876,2.333,4.502,inf,4,0,0
gen_02444,2,-6.866,2.357,4.373,inf,4,0,0
gen_02444,3,-6.861,2.385,4.544,inf,4,0,0
gen_02444,4,-6.858,2.265,4.438,inf,4,0,0
gen_02444,5,-6.829,2.326,4.107,inf,4,0,0
gen_02444,6,-6.826,2.789,4.363,inf,4,0,0
gen_02444,7,-6.815,2.361,4.461,inf,4,0,0
gen_02444,8,-6.788,2.753,4.437,inf,4,0,0
gen_02444,9,-6.764,2.403,4.524,inf,4,0,0
gen_02444,10,-6.761,2.880,4.375,inf,4,0,0
gen_02444,11,-6.737,2.499,3.769,inf,4,0,0
gen_02444,12,-6.736,2.792,4.469,inf,4,0,0
gen_02444,13,-6.710,2.417,3.896,inf,4,0,0
gen_02444,14,-6.624,2.761,4.539,inf,4,0,0
gen_02452,1,-7.545,2.705,4.467,inf,2,0,0
gen_02452,2,-7.513,2.737,4.531,inf,2,0,0
gen_02465,1,-7.608,3.044,3.903,inf,2,0,0
gen_02465,2,-7.584,2.962,3.873,inf,2,0,0
gen_02465,3,-7.575,3.138,4.539,inf,2,0,0
gen_02465,4,-7.551,3.089,4.586,inf,2,0,0
gen_02465,5,-7.515,3.063,3.833,inf,2,0,0
gen_02465,6,-7.493,3.154,4.557,inf,2,0,0
gen_02465,7,-7.470,2.899,4.508,inf,2,0,0
gen_02465,8,-7.414,3.027,3.840,inf,2,0,0
gen_02465,9,-7.388,3.183,3.936,inf,2,0,0
gen_02465,10,-7.379,3.047,3.933,inf,2,0,0
gen_02465,11,-7.359,2.799,4.484,inf,2,0,0
gen_02465,12,-7.352,3.132,3.924,inf,2,0,0
gen_02542,1,-6.980,2.475,4.401,6.060,2,2,0
gen_02542,2,-6.977,2.751,4.451,5.511,2,2,0
gen_02542,3,-6.869,2.615,4.448,5.827,2,2,0
gen_02572,1,-8.209,2.859,4.566,2.944,2,2,1
gen_02572,2,-8.181,3.254,4.613,2.866,2,2,0
gen_02572,3,-8.166,3.084,4.239,5.443,2,2,0
gen_02572,4,-8.151,3.140,4.598,2.868,2,2,1
gen_02572,5,-8.134,3.029,4.555,3.062,2,2,1
gen_02572,6,-8.108,2.839,4.559,3.171,2,2,1
gen_02572,7,-8.009,2.786,4.415,3.096,2,2,1
gen_02572,8,-8.000,3.148,4.417,5.672,2,2,0
gen_02572,9,-7.964,2.750,4.445,3.009,2,2,1
gen_02572,10,-7.926,2.832,4.451,3.011,2,2,1
gen_02572,11,-7.852,3.044,4.353,3.360,2,2,1
gen_02572,12,-7.823,2.796,4.326,3.195,2,2,1
gen_02572,13,-7.815,2.730,3.990,6.069,2,2,0
gen_02572,14,-7.607,2.824,4.461,2.959,2,2,1
gen_02580,1,-7.643,3.243,4.601,inf,4,0,0
gen_02580,2,-7.638,3.293,4.615,inf,4,0,0
gen_02580,3,-7.630,3.227,4.546,inf,4,0,0
gen_02580,4,-7.592,3.249,4.572,inf,4,0,0
gen_02580,5,-7.484,2.774,4.540,inf,4,0,0
gen_02586,1,-7.000,3.257,4.579,3.206,2,3,0
gen_02586,2,-6.931,4.363,5.372,3.095,2,3,0
gen_02629,1,-7.497,2.373,3.534,inf,2,0,0
gen_02629,2,-7.489,2.280,3.323,inf,2,0,0
gen_02629,3,-7.488,2.352,3.532,inf,2,0,0
gen_02629,4,-7.481,2.374,3.249,inf,2,0,0
gen_02629,5,-7.479,2.366,3.505,inf,2,0,0
gen_02655,1,-5.961,3.089,3.845,inf,2,0,0
gen_02655,2,-5.945,2.766,4.497,inf,2,0,0
gen_02662,1,-6.357,7.474,7.713,5.630,2,1,0
gen_02662,2,-6.321,6.974,7.899,5.697,2,1,0
gen_02680,1,-7.311,3.050,4.556,inf,2,0,0
gen_02680,2,-7.304,3.211,4.578,inf,2,0,0
gen_02680,3,-7.221,3.305,4.457,inf,2,0,0
gen_02680,4,-7.083,2.958,4.577,inf,2,0,0
gen_02680,5,-7.075,6.061,7.648,inf,2,0,0
gen_02680,6,-7.074,5.814,7.666,inf,2,0,0
gen_02680,7,-7.073,5.794,7.659,inf,2,0,0
gen_02680,8,-7.030,3.244,3.886,inf,2,0,0
gen_02680,9,-7.026,2.957,4.559,inf,2,0,0
gen_02680,10,-6.910,2.823,4.430,inf,2,0,0
gen_02734,1,-6.565,2.289,4.366,inf,2,0,0
gen_02734,2,-6.528,2.367,4.350,inf,2,0,0
gen_02734,3,-6.518,2.289,4.386,inf,2,0,0
gen_02734,4,-6.486,2.286,4.358,inf,2,0,0
gen_02734,5,-6.483,2.495,4.544,inf,2,0,0
gen_02734,6,-6.435,2.377,4.361,inf,2,0,0
gen_02759,1,-6.907,3.249,4.586,inf,2,0,0
gen_02759,2,-6.737,3.134,4.425,inf,2,0,0
gen_02759,3,-6.670,3.136,4.373,inf,2,0,0
gen_02759,4,-6.643,2.529,4.475,inf,2,0,0
gen_02759,5,-6.597,3.156,4.504,inf,2,0,0
gen_02759,6,-6.592,3.718,4.752,inf,2,0,0
gen_02759,7,-6.588,2.284,4.431,inf,2,0,0
gen_02832,1,-7.007,3.192,4.571,inf,2,0,0
gen_02832,2,-6.977,3.187,4.652,inf,2,0,0
gen_02832,3,-6.958,3.136,4.546,inf,2,0,0
gen_02832,4,-6.942,3.078,4.531,inf,2,0,0
gen_02832,5,-6.919,3.025,4.544,inf,2,0,0
gen_02832,6,-6.905,3.174,4.619,inf,2,0,0
gen_02832,7,-6.852,3.109,4.695,inf,2,0,0
gen_02832,8,-6.816,2.852,4.470,inf,2,0,0
gen_02832,9,-6.811,2.837,4.539,inf,2,0,0
gen_02832,10,-6.791,2.782,4.457,inf,2,0,0
gen_02832,11,-6.726,3.103,4.515,inf,2,0,0
gen_02832,12,-6.668,3.097,4.668,inf,2,0,0
gen_02832,13,-6.644,2.881,4.585,inf,2,0,0
gen_02832,14,-6.514,2.840,4.513,inf,2,0,0
gen_02832,15,-6.492,3.117,4.538,inf,2,0,0
gen_02832,16,-6.342,2.909,4.474,inf,2,0,0
gen_02848,1,-6.974,2.527,3.128,inf,4,0,0
gen_02848,2,-6.858,2.634,2.748,inf,4,0,0
gen_02848,3,-6.851,2.526,3.220,inf,4,0,0
gen_02848,4,-6.847,2.591,2.833,inf,4,0,0
gen_02848,5,-6.789,2.551,3.046,inf,4,0,0
gen_02848,6,-6.782,3.228,4.334,inf,4,0,0
gen_02848,7,-6.747,2.780,3.660,inf,4,0,0
gen_02848,8,-6.731,2.563,2.754,inf,4,0,0
gen_02848,9,-6.691,3.274,4.388,inf,4,0,0
gen_02848,10,-6.559,9.391,10.665,inf,4,0,0
gen_02848,11,-6.451,3.161,4.448,inf,4,0,0
gen_02848,12,-6.358,7.527,9.659,inf,4,0,0
gen_02886,1,-7.179,3.267,4.346,inf,4,0,0
gen_02886,2,-7.133,3.263,4.352,inf,4,0,0
gen_02886,3,-7.108,3.415,4.523,inf,4,0,0
gen_02886,4,-7.066,3.247,4.528,inf,4,0,0
gen_02886,5,-7.004,3.281,4.044,inf,4,0,0
gen_02886,6,-6.973,2.712,4.390,inf,4,0,0
gen_02886,7,-6.956,2.334,3.903,inf,4,0,0
gen_02886,8,-6.936,2.469,3.834,inf,4,0,0
gen_02886,9,-6.929,2.465,3.873,inf,4,0,0
gen_02886,10,-6.880,3.047,4.555,inf,4,0,0
gen_02886,11,-6.853,2.300,3.255,inf,4,0,0
gen_02886,12,-6.802,2.207,2.930,inf,4,0,0
gen_02901,1,-8.121,3.274,4.590,4.792,4,1,0
gen_02901,2,-8.091,3.152,4.638,4.770,4,1,0
gen_02901,3,-8.073,3.263,4.603,4.788,4,1,0
gen_02901,4,-8.037,3.013,4.566,4.705,4,1,0
gen_02901,5,-7.997,3.453,4.592,4.819,4,1,0
gen_02901,6,-7.964,3.292,4.513,4.779,4,1,0
gen_02901,7,-7.950,3.350,4.607,4.844,4,1,0
gen_02901,8,-7.868,2.787,4.535,4.988,4,1,0
gen_02901,9,-7.834,2.872,4.537,5.013,4,1,0
gen_02901,10,-7.796,2.850,4.388,4.787,4,1,0
gen_02901,11,-7.784,3.171,4.492,5.219,4,1,0
gen_02907,1,-7.572,3.141,4.551,3.029,2,2,1
gen_02907,2,-7.570,3.076,4.581,2.995,2,2,1
gen_02907,3,-7.373,12.729,14.805,3.243,2,2,0
gen_02907,4,-7.341,2.746,4.323,3.024,2,2,1
gen_02908,1,-7.390,3.105,4.679,inf,4,0,0
gen_02908,2,-7.304,3.127,4.529,inf,4,0,0
gen_02908,3,-7.199,3.145,4.610,inf,4,0,0
gen_02908,4,-7.164,3.080,4.741,inf,4,0,0
gen_02908,5,-7.090,3.062,4.651,inf,4,0,0
gen_02937,1,-7.223,3.174,4.480,inf,2,0,0
gen_02937,2,-7.211,3.109,4.343,inf,2,0,0
gen_02937,3,-7.149,3.136,4.421,inf,2,0,0
gen_02937,4,-7.095,3.139,4.408,inf,2,0,0
gen_02937,5,-7.063,3.086,4.387,inf,2,0,0
gen_02937,6,-7.008,3.189,4.428,inf,2,0,0
gen_02937,7,-6.981,3.212,4.372,inf,2,0,0
gen_02937,8,-6.829,3.405,4.447,inf,2,0,0
gen_02937,9,-6.806,3.252,4.602,inf,2,0,0
gen_02937,10,-6.785,2.827,4.519,inf,2,0,0
gen_02937,11,-6.781,2.838,4.299,inf,2,0,0
gen_02937,12,-6.747,3.169,4.443,inf,2,0,0
gen_02937,13,-6.456,3.188,4.632,inf,2,0,0
gen_02947,1,-7.224,2.239,3.123,inf,2,0,0
gen_02947,2,-7.180,2.363,2.990,inf,2,0,0
gen_02948,1,-6.100,10.063,11.726,3.050,2,2,0
gen_02948,2,-6.084,10.759,12.365,2.928,2,2,0
gen_02948,3,-6.024,10.097,11.668,2.947,2,2,0
gen_02948,4,-5.962,11.851,11.947,3.070,2,2,0
gen_02948,5,-5.939,11.887,12.326,2.907,2,2,0
gen_02948,6,-5.907,11.572,12.064,3.147,2,2,0
gen_02948,7,-5.855,10.212,11.855,2.913,2,2,0
gen_02948,8,-5.793,11.872,12.161,2.947,2,2,0
gen_02948,9,-5.786,10.138,11.810,2.954,2,2,0
gen_02948,10,-5.756,12.197,12.479,2.951,2,2,0
gen_02948,11,-5.723,11.351,11.775,3.038,2,2,0
gen_02948,12,-5.645,11.521,11.879,3.219,2,2,0
gen_02948,13,-5.547,11.085,11.197,3.033,2,2,0
gen_02948,14,-5.198,10.185,10.981,3.086,2,2,0
gen_02969,1,-6.547,3.221,4.543,inf,4,0,0
gen_02969,2,-6.542,3.238,4.860,inf,4,0,0
gen_02969,3,-6.534,3.184,4.778,inf,4,0,0
gen_02969,4,-6.497,2.604,2.716,inf,4,0,0
gen_02969,5,-6.428,2.538,2.685,inf,4,0,0
gen_02973,1,-8.114,3.179,4.826,8.824,2,1,0
gen_03040,1,-6.326,2.726,4.380,5.851,2,1,0
gen_03040,2,-6.267,2.648,4.387,5.823,2,1,0
gen_03163,1,-7.433,2.781,4.598,6.282,2,2,0
gen_03163,2,-7.408,2.778,4.571,6.391,2,2,0
gen_03163,3,-7.358,12.478,12.558,6.088,2,2,0
gen_03163,4,-7.310,2.792,4.544,6.491,2,2,0
gen_03163,5,-7.195,2.854,4.334,3.049,2,2,1
gen_03163,6,-7.181,12.221,12.937,6.137,2,2,0
gen_03163,7,-7.149,2.847,4.458,3.141,2,2,1
gen_03193,1,-7.004,3.135,4.583,inf,2,0,0
gen_03193,2,-6.988,3.154,4.584,inf,2,0,0
gen_03193,3,-6.968,3.362,4.481,inf,2,0,0
gen_03193,4,-6.934,3.185,4.764,inf,2,0,0
gen_03193,5,-6.895,3.206,4.430,inf,2,0,0
gen_03193,6,-6.868,3.195,4.707,inf,2,0,0
gen_03193,7,-6.848,3.184,4.346,inf,2,0,0
gen_03193,8,-6.842,3.054,4.536,inf,2,0,0
gen_03193,9,-6.800,3.225,4.306,inf,2,0,0
gen_03193,10,-6.753,3.143,4.616,inf,2,0,0
gen_03193,11,-6.743,2.785,4.399,inf,2,0,0
gen_03193,12,-6.725,3.215,4.684,inf,2,0,0
gen_03193,13,-6.686,3.100,4.708,inf,2,0,0
gen_03193,14,-6.556,2.867,4.535,inf,2,0,0
gen_03198,1,-6.312,2.819,4.474,inf,2,0,0
gen_03198,2,-6.240,2.803,4.471,inf,2,0,0
gen_03198,3,-6.195,2.599,4.428,inf,2,0,0
gen_03198,4,-6.195,2.783,4.503,inf,2,0,0
gen_03198,5,-6.145,2.732,4.455,inf,2,0,0
gen_03198,6,-6.123,2.449,4.389,inf,2,0,0
gen_03198,7,-6.109,2.811,4.432,inf,2,0,0
gen_03198,8,-6.095,2.442,4.092,inf,2,0,0
gen_03198,9,-6.059,2.878,4.506,inf,2,0,0
gen_03220,1,-7.182,2.745,3.908,3.000,2,2,1
gen_03220,2,-7.086,2.745,3.863,2.979,2,2,1
gen_03245,1,-6.641,3.214,4.566,inf,2,0,0
gen_03245,2,-6.613,3.163,4.512,inf,2,0,0
gen_03245,3,-6.573,2.881,3.649,inf,2,0,0
gen_03248,1,-6.357,2.820,4.518,inf,2,0,0
gen_03248,2,-6.286,2.802,4.507,inf,2,0,0
gen_03248,3,-6.218,2.769,4.413,inf,2,0,0
gen_03248,4,-6.196,2.755,4.531,inf,2,0,0
gen_03329,1,-7.404,3.200,4.403,5.966,2,1,0
gen_03329,2,-7.387,2.562,3.271,5.574,2,1,0
gen_03329,3,-7.323,2.864,4.346,5.855,2,1,0
gen_03329,4,-7.317,2.565,3.270,5.550,2,1,0
gen_03329,5,-7.285,2.824,4.316,5.847,2,1,0
gen_03329,6,-7.263,2.416,4.426,3.832,2,1,0
gen_03329,7,-7.146,2.570,3.308,5.716,2,1,0
gen_03410,1,-6.860,3.036,4.541,2.965,2,1,1
gen_03447,1,-7.238,3.046,4.558,4.966,2,1,0
gen_03447,2,-7.238,3.206,4.619,2.908,2,1,0
gen_03447,3,-7.207,3.198,4.657,3.658,2,1,0
gen_03447,4,-7.194,3.072,4.633,3.255,2,1,1
gen_03447,5,-7.191,2.962,4.295,4.874,2,1,0
gen_03447,6,-7.103,3.265,4.631,4.755,2,1,0
gen_03447,7,-7.056,3.153,4.785,3.058,2,1,1
gen_03447,8,-7.043,2.750,4.490,3.974,2,1,0
gen_03447,9,-7.043,3.216,4.554,4.933,2,1,0
gen_03447,10,-7.033,3.164,4.569,2.810,2,1,1
gen_03447,11,-7.000,3.075,4.460,4.965,2,1,0
gen_03447,12,-6.980,3.230,4.384,5.276,2,1,0
gen_03447,13,-6.949,3.117,4.017,4.667,2,1,0
gen_03447,14,-6.939,2.270,3.185,3.871,2,1,0
gen_03447,15,-6.794,2.843,4.468,3.340,2,1,1
gen_03453,1,-7.269,3.039,4.593,inf,4,0,0
gen_03453,2,-7.174,3.171,4.543,inf,4,0,0
gen_03453,3,-7.094,3.257,4.511,inf,4,0,0
gen_03453,4,-6.984,3.114,4.504,inf,4,0,0
gen_03453,5,-6.927,3.307,4.069,inf,4,0,0
gen_03453,6,-6.916,13.992,14.702,inf,4,0,0
gen_03453,7,-6.871,2.537,3.180,inf,4,0,0
gen_03453,8,-6.822,2.637,4.330,inf,4,0,0
gen_03453,9,-6.816,3.180,4.555,inf,4,0,0
gen_03453,10,-6.780,3.142,4.469,inf,4,0,0
gen_03453,11,-6.769,3.264,4.606,inf,4,0,0
gen_03453,12,-6.753,14.589,14.707,inf,4,0,0
gen_03453,13,-6.733,6.142,6.597,inf,4,0,0
gen_03518,1,-6.249,2.764,4.481,inf,4,0,0
gen_03518,2,-6.226,2.809,4.533,inf,4,0,0
gen_03518,3,-6.226,2.822,4.549,inf,4,0,0
gen_03518,4,-6.215,2.838,4.495,inf,4,0,0
gen_03518,5,-6.193,2.818,4.511,inf,4,0,0
gen_03518,6,-6.175,2.807,4.522,inf,4,0,0
gen_03518,7,-6.117,2.762,4.512,inf,4,0,0
gen_03524,1,-6.258,3.123,4.664,inf,2,0,0
gen_03524,2,-6.258,3.240,4.620,inf,2,0,0
gen_03524,3,-6.212,2.955,4.561,inf,2,0,0
gen_03644,1,-6.906,3.247,4.636,inf,2,0,0
gen_03644,2,-6.751,3.196,4.600,inf,2,0,0
gen_03644,3,-6.698,3.292,4.576,inf,2,0,0
gen_03644,4,-6.668,3.199,4.705,inf,2,0,0
gen_03644,5,-6.668,3.208,4.383,inf,2,0,0
gen_03644,6,-6.646,3.181,4.383,inf,2,0,0
gen_03644,7,-6.644,3.154,4.594,inf,2,0,0
gen_03644,8,-6.608,3.192,4.447,inf,2,0,0
gen_03644,9,-6.544,3.305,4.487,inf,2,0,0
gen_03644,10,-6.530,3.213,4.585,inf,2,0,0
gen_03644,11,-6.372,3.327,4.357,inf,2,0,0
gen_03644,12,-6.356,2.816,4.493,inf,2,0,0
gen_03644,13,-6.241,2.388,4.431,inf,2,0,0
gen_03655,1,-6.731,10.426,11.095,6.319,2,1,0
gen_03655,2,-6.585,3.135,4.571,6.548,2,1,0
gen_03655,3,-6.558,10.595,10.972,6.029,2,1,0
gen_03655,4,-6.470,2.842,4.499,6.487,2,1,0
gen_03655,5,-6.456,2.815,4.481,6.577,2,1,0
gen_03655,6,-6.451,10.607,10.797,5.938,2,1,0
gen_03655,7,-6.408,2.783,4.466,6.640,2,1,0
gen_03655,8,-6.400,9.808,10.746,5.761,2,1,0
gen_03659,1,-7.909,3.175,4.273,3.130,2,1,1
gen_03680,1,-6.711,3.087,4.618,inf,4,0,0
gen_03680,2,-6.702,3.177,4.586,inf,4,0,0
gen_03680,3,-6.659,3.122,4.606,inf,4,0,0
gen_03680,4,-6.637,3.192,4.622,inf,4,0,0
gen_03680,5,-6.579,3.169,4.657,inf,4,0,0
gen_03680,6,-6.447,3.132,4.587,inf,4,0,0
gen_03835,1,-5.818,3.247,4.604,5.647,2,1,0
gen_03835,2,-5.806,3.216,4.572,5.727,2,1,0
gen_03835,3,-5.763,3.223,4.601,5.778,2,1,0
gen_03882,1,-7.235,2.578,4.347,3.213,4,1,1
gen_03882,2,-7.199,2.544,4.454,3.175,4,1,1
gen_03882,3,-7.198,2.522,4.386,3.173,4,1,1
gen_03882,4,-7.195,2.572,4.445,3.184,4,1,1
gen_03882,5,-7.184,2.696,4.535,3.100,4,1,1
gen_03882,6,-7.156,2.738,4.438,3.194,4,1,1
gen_03882,7,-7.154,2.734,4.463,3.192,4,1,1
gen_03882,8,-7.066,2.253,3.275,4.180,4,1,0
gen_03882,9,-7.064,2.277,3.133,4.183,4,1,0
gen_03882,10,-7.054,2.215,3.196,4.189,4,1,0
gen_03950,1,-7.621,2.570,3.602,3.344,4,1,1
gen_04033,1,-6.441,2.728,3.200,inf,4,0,0
gen_04033,2,-6.391,3.234,4.748,inf,4,0,0
gen_04033,3,-6.378,3.190,4.642,inf,4,0,0
gen_04033,4,-6.346,2.871,3.025,inf,4,0,0
gen_04033,5,-6.285,3.246,4.669,inf,4,0,0
gen_04033,6,-6.254,3.114,4.543,inf,4,0,0
gen_04033,7,-6.191,3.163,4.702,inf,4,0,0
gen_04033,8,-6.134,2.847,4.504,inf,4,0,0
gen_04194,1,-6.616,2.916,4.476,inf,2,0,0
gen_04254,1,-6.415,3.173,4.721,inf,4,0,0
gen_04254,2,-6.398,3.301,4.715,inf,4,0,0
gen_04254,3,-6.376,3.303,4.672,inf,4,0,0
gen_04254,4,-6.361,2.503,2.755,inf,4,0,0
gen_04254,5,-6.346,2.475,2.830,inf,4,0,0
gen_04254,6,-6.254,2.540,2.813,inf,4,0,0
gen_04254,7,-6.250,2.283,4.112,inf,4,0,0
gen_04254,8,-6.146,3.233,4.811,inf,4,0,0
gen_04266,1,-6.555,2.408,3.266,4.246,2,1,0
gen_04266,2,-6.468,2.469,3.265,4.226,2,1,0
gen_04266,3,-6.349,2.732,4.362,4.868,2,1,0
gen_04266,4,-6.346,2.736,4.429,4.776,2,1,0
gen_04266,5,-6.341,3.109,4.590,6.319,2,1,0
gen_04266,6,-6.310,3.001,4.347,5.161,2,1,0
gen_04266,7,-6.265,2.780,4.286,4.062,2,1,0
gen_04266,8,-6.142,2.954,4.483,4.006,2,1,0
gen_04299,1,-6.830,3.105,4.684,inf,2,0,0
gen_04299,2,-6.747,3.103,4.684,inf,2,0,0
gen_04299,3,-6.730,3.073,4.685,inf,2,0,0
gen_04299,4,-6.709,2.987,4.424,inf,2,0,0
gen_04299,5,-6.678,3.105,4.624,inf,2,0,0
gen_04299,6,-6.648,3.136,4.597,inf,2,0,0
gen_04336,1,-6.155,3.198,4.293,2.882,2,1,1
gen_04336,2,-6.137,3.147,4.284,2.802,2,1,1
gen_04336,3,-6.109,3.167,4.372,2.895,2,1,1
gen_04336,4,-6.097,3.145,4.552,2.861,2,1,1
gen_04336,5,-6.063,2.837,4.499,2.803,2,1,1
gen_04336,6,-5.998,3.104,4.548,2.828,2,1,1
gen_04336,7,-5.992,3.144,4.370,2.805,2,1,1
gen_04336,8,-5.986,3.164,4.351,2.947,2,1,1
gen_04336,9,-5.956,2.830,4.470,2.726,2,1,1
gen_04336,10,-5.948,3.210,4.522,2.804,2,1,0
gen_04377,1,-6.611,2.511,3.071,inf,4,0,0
gen_04377,2,-6.600,2.434,3.169,inf,4,0,0
gen_04391,1,-8.431,3.210,4.571,6.133,2,2,0
gen_04391,2,-8.360,3.166,4.627,6.100,2,2,0
gen_04391,3,-8.237,3.176,4.491,5.337,2,2,0
gen_04391,4,-8.192,3.238,4.649,6.173,2,2,0
gen_04391,5,-7.983,3.179,4.559,6.265,2,2,0
gen_04421,1,-7.293,15.537,16.981,3.032,2,2,0
gen_04421,2,-7.222,15.577,16.964,2.940,2,2,0
gen_04421,3,-6.923,2.437,4.570,3.105,2,2,1
gen_04451,1,-7.810,3.289,4.686,5.887,2,1,0
gen_04451,2,-7.786,3.589,4.550,5.881,2,1,0
gen_04451,3,-7.786,3.372,4.663,5.810,2,1,0
gen_04451,4,-7.745,3.239,4.713,5.856,2,1,0
gen_04451,5,-7.709,3.240,4.830,5.745,2,1,0
gen_04451,6,-7.694,2.600,3.275,5.970,2,1,0
gen_04451,7,-7.654,2.745,4.463,6.089,2,1,0
gen_04451,8,-7.640,3.159,4.745,5.884,2,1,0
gen_04451,9,-7.591,2.560,3.280,6.041,2,1,0
gen_04588,1,-0.212,11.715,13.533,inf,2,0,0
gen_04588,2,4.952,12.521,13.292,inf,2,0,0
gen_04588,3,7.757,6.195,8.022,inf,2,0,0
gen_04601,1,-7.080,2.319,4.478,2.690,2,2,1
gen_04601,2,-7.068,2.234,4.447,2.692,2,2,1
gen_04601,3,-7.027,2.439,4.075,2.636,2,2,1
gen_04601,4,-6.937,2.971,3.728,4.609,2,2,0
gen_04610,1,-6.539,3.251,4.063,inf,2,0,0
gen_04610,2,-6.468,3.209,4.002,inf,2,0,0
gen_04610,3,-6.384,3.180,4.000,inf,2,0,0
gen_04610,4,-6.383,3.124,4.125,inf,2,0,0
gen_04610,5,-6.341,3.163,3.944,inf,2,0,0
gen_04652,1,-7.196,2.343,2.974,3.956,2,1,0
gen_04652,2,-7.167,2.375,2.775,4.032,2,1,0
gen_04652,3,-7.014,2.359,3.139,3.861,2,1,0
gen_04652,4,-7.006,13.975,14.856,6.337,2,1,0
gen_04652,5,-6.984,13.973,14.827,6.341,2,1,0
gen_04652,6,-6.983,13.962,14.826,6.341,2,1,0
gen_04652,7,-6.976,13.990,14.835,6.342,2,1,0
gen_04652,8,-6.966,14.022,14.836,6.352,2,1,0
gen_04684,1,1.061,7.122,8.989,6.921,2,1,0
gen_04684,2,4.027,2.507,4.222,8.438,2,1,0
gen_04684,3,9.595,3.540,4.106,5.018,2,1,0
gen_04700,1,-6.727,2.757,4.445,inf,2,0,0
gen_04700,2,-6.695,2.752,4.448,inf,2,0,0
gen_04700,3,-6.646,2.774,4.467,inf,2,0,0
gen_04700,4,-6.593,2.798,4.322,inf,2,0,0
gen_04707,1,-7.669,2.801,4.538,9.492,2,1,0
gen_04707,2,-7.539,2.772,4.447,9.560,2,1,0
gen_04707,3,-7.440,2.784,4.521,9.133,2,1,0
gen_04707,4,-7.293,3.182,4.947,9.401,2,1,0
gen_04707,5,-7.111,3.183,4.659,9.567,2,1,0
gen_04707,6,-7.077,12.996,13.240,3.360,2,1,0
gen_04707,7,-7.074,12.995,13.439,3.332,2,1,0
gen_04707,8,-6.969,2.347,4.373,5.011,2,1,0
gen_04707,9,-6.921,2.255,4.254,5.163,2,1,0
gen_04724,1,-6.399,2.489,4.370,inf,2,0,0
gen_04724,2,-6.376,2.391,4.292,inf,2,0,0
gen_04724,3,-6.357,2.551,4.444,inf,2,0,0
gen_04724,4,-6.357,2.374,4.211,inf,2,0,0
gen_04724,5,-6.348,2.419,4.314,inf,2,0,0
gen_04812,1,-8.091,2.865,4.484,inf,2,0,0
gen_04812,2,-7.976,3.037,4.432,inf,2,0,0
gen_04819,1,-7.377,3.103,4.317,inf,4,0,0
gen_04819,2,-7.293,3.173,4.142,inf,4,0,0
gen_04819,3,-7.258,3.109,4.180,inf,4,0,0
gen_04819,4,-7.152,2.374,4.445,inf,4,0,0
gen_04819,5,-7.124,2.307,4.380,inf,4,0,0
gen_04819,6,-7.118,2.276,4.379,inf,4,0,0
gen_04819,7,-7.077,2.250,4.376,inf,4,0,0
gen_04819,8,-7.024,2.232,4.333,inf,4,0,0
gen_04819,9,-6.684,2.784,3.980,inf,4,0,0
gen_04819,10,-6.643,2.496,4.419,inf,4,0,0
gen_04819,11,-6.547,2.206,4.420,inf,4,0,0
gen_04819,12,-6.437,2.407,4.364,inf,4,0,0
gen_04819,13,-6.417,2.842,4.361,inf,4,0,0
gen_04819,14,-6.377,2.849,4.383,inf,4,0,0
gen_04857,1,-6.060,3.076,4.399,4.308,2,1,0
gen_04857,2,-6.043,3.250,4.640,3.183,2,1,0
gen_04907,1,-7.033,2.203,4.385,9.932,2,1,0
gen_04907,2,-6.809,3.241,4.380,5.416,2,1,0
gen_04907,3,-6.780,2.507,2.625,4.552,2,1,0
gen_04907,4,-6.746,2.445,2.639,4.746,2,1,0
gen_04907,5,-6.715,3.248,4.339,5.452,2,1,0
gen_04953,1,-6.747,8.199,8.998,inf,4,0,0
gen_04953,2,-6.743,2.348,4.352,inf,4,0,0
gen_04953,3,-6.713,8.124,9.011,inf,4,0,0
gen_04953,4,-6.698,8.707,8.717,inf,4,0,0
gen_04953,5,-6.697,3.164,4.552,inf,4,0,0
gen_04953,6,-6.697,3.234,4.390,inf,4,0,0
gen_04953,7,-6.686,3.266,4.498,inf,4,0,0
gen_04953,8,-6.681,8.615,8.898,inf,4,0,0
gen_04953,9,-6.662,8.575,8.837,inf,4,0,0
gen_04953,10,-6.594,3.346,4.559,inf,4,0,0
gen_04953,11,-6.511,8.602,8.807,inf,4,0,0
gen_04964,1,-7.534,3.018,4.481,5.102,2,1,0
gen_04964,2,-7.483,3.009,4.601,5.232,2,1,0
gen_04964,3,-7.359,2.807,4.596,5.187,2,1,0
gen_04964,4,-7.313,8.938,10.267,6.470,2,1,0
gen_04964,5,-7.285,9.029,10.346,6.468,2,1,0
gen_04964,6,-7.225,8.323,9.967,5.577,2,1,0
gen_04964,7,-7.188,8.500,9.760,5.573,2,1,0
gen_04964,8,-7.179,8.982,10.111,6.553,2,1,0
gen_04996,1,-6.412,3.205,3.972,7.673,2,1,0
gen_04996,2,-6.410,3.119,3.907,7.674,2,1,0
gen_04996,3,-6.403,3.136,3.826,7.683,2,1,0
gen_04996,4,-6.403,3.141,3.842,7.670,2,1,0
gen_04996,5,-6.368,3.180,4.624,7.515,2,1,0
gen_04996,6,-6.302,3.175,3.935,6.928,2,1,0
gen_04996,7,-6.165,3.298,3.946,6.045,2,1,0
gen_05055,1,-8.259,3.101,4.592,inf,4,0,0
gen_05055,2,-8.241,3.118,4.510,inf,4,0,0
gen_05055,3,-8.177,2.335,3.296,inf,4,0,0
gen_05055,4,-8.098,3.193,4.449,inf,4,0,0
gen_05055,5,-8.071,2.764,4.447,inf,4,0,0
gen_05055,6,-7.980,4.251,4.613,inf,4,0,0
gen_05055,7,-7.952,4.260,4.465,inf,4,0,0
gen_05055,8,-7.783,2.762,4.494,inf,4,0,0
gen_05055,9,-7.713,2.851,3.951,inf,4,0,0
gen_05055,10,-7.601,2.676,4.652,inf,4,0,0
gen_05128,1,-7.547,3.186,4.623,inf,4,0,0
gen_05128,2,-7.309,3.203,4.344,inf,4,0,0
gen_05128,3,-7.225,4.592,4.905,inf,4,0,0
gen_05128,4,-7.206,3.173,4.719,inf,4,0,0
gen_05128,5,-7.204,2.590,3.275,inf,4,0,0
gen_05128,6,-7.161,2.812,4.458,inf,4,0,0
gen_05128,7,-7.153,2.810,4.469,inf,4,0,0
gen_05128,8,-7.153,3.212,4.781,inf,4,0,0
gen_05128,9,-7.146,2.837,4.586,inf,4,0,0
gen_05128,10,-7.134,3.570,4.575,inf,4,0,0
gen_05128,11,-7.111,2.834,4.461,inf,4,0,0
gen_05128,12,-7.104,2.854,4.441,inf,4,0,0
gen_05128,13,-7.056,3.249,4.582,inf,4,0,0
gen_05128,14,-6.957,2.796,4.432,inf,4,0,0
gen_05182,1,-8.482,3.567,4.335,inf,2,0,0
gen_05182,2,-8.469,3.565,4.379,inf,2,0,0
gen_05182,3,-8.464,3.586,4.407,inf,2,0,0
gen_05208,1,-7.591,3.262,4.868,inf,2,0,0
gen_05208,2,-7.535,3.223,4.840,inf,2,0,0
gen_05314,1,-6.922,3.150,3.801,4.849,2,1,0
gen_05314,2,-6.900,3.130,3.795,4.954,2,1,0
gen_05314,3,-6.880,3.172,3.464,5.113,2,1,0
gen_05314,4,-6.877,3.190,4.456,4.531,2,1,0
gen_05314,5,-6.868,3.183,3.522,5.110,2,1,0
gen_05314,6,-6.854,3.269,4.532,4.506,2,1,0
gen_05314,7,-6.835,3.205,3.880,4.600,2,1,0
gen_05314,8,-6.831,3.241,3.901,4.592,2,1,0
gen_05363,1,-7.404,3.139,4.386,5.750,2,1,0
gen_05363,2,-7.364,3.143,4.331,5.786,2,1,0
gen_05363,3,-7.288,3.164,4.436,5.779,2,1,0
gen_05363,4,-7.161,3.045,4.446,5.599,2,1,0
gen_05363,5,-7.088,3.253,4.661,5.081,2,1,0
gen_05363,6,-7.063,2.752,4.391,3.707,2,1,0
gen_05367,1,-7.283,2.990,4.319,5.244,2,1,0
gen_05367,2,-7.280,2.952,4.405,5.197,2,1,0
gen_05383,1,-7.274,3.151,4.614,5.046,2,2,0
gen_05383,2,-7.219,3.107,4.704,4.939,2,2,0
gen_05383,3,-7.190,2.840,4.690,4.915,2,2,0
gen_05383,4,-7.180,3.156,4.873,5.064,2,2,0
gen_05383,5,-7.174,2.696,2.784,3.157,2,2,1
gen_05383,6,-7.150,2.776,2.829,3.178,2,2,1
gen_05383,7,-7.149,2.849,4.604,4.975,2,2,0
gen_05383,8,-7.074,2.727,2.770,3.149,2,2,1
gen_05383,9,-7.044,16.076,16.747,3.068,2,2,0
gen_05472,1,-6.935,2.798,4.349,inf,2,0,0
gen_05472,2,-6.877,3.136,4.271,inf,2,0,0
gen_05472,3,-6.851,2.751,4.372,inf,2,0,0
gen_05472,4,-6.810,2.449,3.015,inf,2,0,0
gen_05472,5,-6.806,3.183,4.311,inf,2,0,0
gen_05472,6,-6.784,3.030,4.366,inf,2,0,0
gen_05472,7,-6.729,3.115,4.413,inf,2,0,0
gen_05491,1,-6.885,4.200,4.588,inf,2,0,0
gen_05491,2,-6.866,3.137,4.577,inf,2,0,0
gen_05491,3,-6.841,4.074,4.738,inf,2,0,0
gen_05491,4,-6.782,4.242,4.536,inf,2,0,0
gen_05491,5,-6.724,2.259,3.953,inf,2,0,0
gen_05491,6,-6.649,2.439,3.952,inf,2,0,0
gen_05525,1,-7.349,2.229,4.285,4.960,2,1,0
gen_05525,2,-7.276,2.212,4.262,4.860,2,1,0
gen_05525,3,-7.268,2.272,4.299,4.975,2,1,0
gen_05566,1,-8.083,3.328,4.764,4.197,2,2,0
gen_05566,2,-7.996,3.312,4.744,4.208,2,2,0
gen_05566,3,-7.947,3.367,4.798,4.228,2,2,0
gen_05566,4,-7.833,3.189,4.953,5.053,2,2,0
gen_05566,5,-7.829,3.081,4.369,4.355,2,2,0
gen_05576,1,-6.594,2.503,3.447,2.917,2,1,1
gen_05576,2,-6.492,2.422,3.262,2.925,2,1,1
gen_05593,1,-7.186,3.119,4.288,9.166,2,1,0
gen_05593,2,-7.171,2.275,3.890,9.218,2,1,0
gen_05593,3,-7.170,3.000,4.464,9.437,2,1,0
gen_05593,4,-7.161,2.259,3.899,9.235,2,1,0
gen_05593,5,-7.158,14.266,15.051,3.275,2,1,0
gen_05593,6,-7.099,14.676,14.991,3.275,2,1,0
gen_05593,7,-7.096,3.168,4.417,5.741,2,1,0
gen_05593,8,-7.092,3.147,4.517,5.831,2,1,0
gen_05593,9,-7.081,3.084,4.390,10.158,2,1,0
gen_05593,10,-7.044,3.102,4.477,5.785,2,1,0
gen_05593,11,-7.027,2.580,4.425,9.181,2,1,0
gen_05608,1,-7.062,13.813,16.008,4.558,2,1,0
gen_05608,2,-7.060,3.215,4.570,4.918,2,1,0
gen_05608,3,-7.049,3.289,4.718,5.000,2,1,0
gen_05608,4,-7.045,3.123,4.572,4.891,2,1,0
gen_05608,5,-7.039,3.198,4.347,5.014,2,1,0
gen_05608,6,-6.972,2.869,4.481,5.088,2,1,0
gen_05608,7,-6.955,2.367,4.442,4.397,2,1,0
gen_05608,8,-6.926,14.558,15.641,4.726,2,1,0
gen_05608,9,-6.916,3.104,4.740,4.799,2,1,0
gen_05608,10,-6.843,12.454,13.623,3.885,2,1,0
gen_05608,11,-6.751,3.201,4.475,5.158,2,1,0
gen_05608,12,-6.627,14.982,16.913,3.078,2,1,0
gen_05634,1,-6.561,4.297,4.562,inf,2,0,0
gen_05634,2,-6.552,3.129,4.736,inf,2,0,0
gen_05634,3,-6.524,4.220,4.656,inf,2,0,0
gen_05645,1,-7.265,4.634,6.381,5.722,2,1,0
gen_05645,2,-7.121,2.794,3.915,6.237,2,1,0
gen_05645,3,-7.066,2.799,3.994,6.385,2,1,0
gen_05645,4,-7.006,2.827,3.987,6.233,2,1,0
gen_05795,1,-7.500,8.940,10.838,3.192,2,1,0
gen_05795,2,-7.498,8.736,10.713,3.157,2,1,0
gen_05795,3,-7.467,8.833,10.826,3.276,2,1,0
gen_05795,4,-7.460,9.106,10.962,3.258,2,1,0
gen_05795,5,-7.444,8.940,10.881,3.161,2,1,0
gen_05795,6,-7.351,10.153,10.184,4.311,2,1,0
gen_05795,7,-7.275,9.321,10.611,3.458,2,1,0
gen_05795,8,-7.267,9.776,10.174,3.585,2,1,0
gen_05795,9,-7.222,9.595,10.204,3.699,2,1,0
gen_05897,1,-7.410,3.280,5.106,4.387,2,2,0
gen_05898,1,-6.858,11.695,11.914,2.765,2,1,0
gen_05898,2,-6.665,2.859,4.436,6.867,2,1,0
gen_05972,1,-6.157,3.092,4.622,inf,4,0,0
gen_05972,2,-6.098,3.252,4.541,inf,4,0,0
gen_05972,3,-6.073,3.097,4.726,inf,4,0,0
gen_05972,4,-6.059,2.802,4.450,inf,4,0,0
gen_05972,5,-6.050,3.186,4.450,inf,4,0,0
gen_05972,6,-6.022,2.769,4.414,inf,4,0,0
gen_05972,7,-5.941,2.960,4.393,inf,4,0,0
gen_05972,8,-5.931,2.961,4.484,inf,4,0,0
gen_05972,9,-5.929,2.834,4.287,inf,4,0,0
gen_05997,1,1.626,13.760,14.471,6.622,4,1,0
gen_05997,2,6.359,3.907,5.244,11.983,4,1,0
gen_05997,3,7.820,6.667,8.826,6.637,4,1,0
gen_06109,1,-7.796,7.329,8.417,4.060,2,2,0
gen_06109,2,-7.796,7.039,8.324,3.958,2,2,0
gen_06109,3,-7.664,6.972,8.334,3.831,2,2,0
gen_06109,4,-7.430,7.257,8.418,3.161,2,2,0
gen_06109,5,-7.200,2.697,4.651,3.038,2,2,1
gen_06128,1,-6.796,15.547,16.728,3.009,2,3,0
gen_06128,2,-6.561,15.553,16.884,2.930,2,3,0
gen_06128,3,-6.530,2.816,3.770,3.123,2,3,1
gen_06128,4,-6.516,2.384,3.663,3.136,2,3,1
gen_06128,5,-6.480,2.796,4.534,3.201,2,3,1
gen_06128,6,-6.467,15.886,15.943,2.854,2,3,0
gen_06128,7,-6.457,2.751,4.447,3.236,2,3,1
gen_06128,8,-6.329,2.843,4.446,3.347,2,3,1
gen_06128,9,-6.329,3.261,4.011,3.166,2,3,0
gen_06128,10,-6.305,2.766,4.351,3.313,2,3,1
gen_06128,11,-6.245,2.739,4.467,3.114,2,3,1
gen_06202,1,-7.532,3.132,4.744,3.813,2,2,0
gen_06202,2,-7.409,3.154,4.789,3.868,2,2,0
gen_06202,3,-7.367,3.109,4.709,3.110,2,2,1
gen_06202,4,-7.346,3.118,4.619,3.387,2,2,1
gen_06202,5,-7.307,3.271,4.910,3.635,2,2,0
gen_06202,6,-7.252,3.172,4.377,2.907,2,2,1
gen_06246,1,-6.818,3.124,4.553,inf,4,0,0
gen_06246,2,-6.783,2.422,3.111,inf,4,0,0
gen_06246,3,-6.775,3.124,4.566,inf,4,0,0
gen_06246,4,-6.766,3.108,4.583,inf,4,0,0
gen_06246,5,-6.739,3.110,4.564,inf,4,0,0
gen_06246,6,-6.737,2.858,4.523,inf,4,0,0
gen_06246,7,-6.729,2.592,3.226,inf,4,0,0
gen_06246,8,-6.725,3.135,4.601,inf,4,0,0
gen_06246,9,-6.684,2.432,3.011,inf,4,0,0
gen_06246,10,-6.669,2.460,2.853,inf,4,0,0
gen_06246,11,-6.637,3.205,4.636,inf,4,0,0
gen_06246,12,-6.627,2.780,4.463,inf,4,0,0
gen_06246,13,-6.623,3.284,4.752,inf,4,0,0
gen_06246,14,-6.613,3.296,4.790,inf,4,0,0
gen_06257,1,-7.494,3.261,4.698,5.496,2,1,0
gen_06257,2,-7.478,3.291,4.708,5.111,2,1,0
gen_06257,3,-7.457,3.246,4.702,5.274,2,1,0
gen_06257,4,-7.446,3.208,4.672,5.372,2,1,0
gen_06257,5,-7.285,3.323,4.683,5.247,2,1,0
gen_06305,1,-7.665,7.770,8.967,6.654,2,1,0
gen_06305,2,-7.620,7.478,8.932,6.256,2,1,0
gen_06305,3,-7.599,7.716,9.222,6.637,2,1,0
gen_06305,4,-7.576,7.664,9.153,6.751,2,1,0
gen_06305,5,-7.572,7.703,8.691,6.201,2,1,0
gen_06305,6,-7.559,7.692,8.790,6.170,2,1,0
gen_06305,7,-7.537,7.642,8.674,6.239,2,1,0
gen_06421,1,-7.107,2.742,4.399,6.198,2,1,0
gen_06421,2,-6.869,3.131,4.344,6.630,2,1,0
gen_06421,3,-6.756,2.735,4.123,7.007,2,1,0
gen_06421,4,-6.718,3.235,4.389,6.455,2,1,0
gen_06488,1,-6.912,2.831,4.552,inf,4,0,0
gen_06488,2,-6.906,3.175,4.689,inf,4,0,0
gen_06488,3,-6.821,2.371,4.368,inf,4,0,0
gen_06488,4,-6.817,2.788,4.358,inf,4,0,0
gen_06488,5,-6.813,2.357,4.346,inf,4,0,0
gen_06488,6,-6.718,2.481,3.237,inf,4,0,0
gen_06488,7,-6.715,2.275,4.220,inf,4,0,0
gen_06488,8,-6.705,2.203,4.319,inf,4,0,0
gen_06488,9,-6.651,2.789,3.957,inf,4,0,0
gen_06488,10,-6.639,5.660,6.736,inf,4,0,0
gen_06488,11,-6.625,5.379,6.217,inf,4,0,0
gen_06488,12,-6.566,5.544,6.492,inf,4,0,0
gen_06493,1,-6.914,3.179,4.639,inf,2,0,0
gen_06493,2,-6.790,3.171,4.634,inf,2,0,0
gen_06493,3,-6.787,3.222,4.623,inf,2,0,0
gen_06493,4,-6.781,3.248,4.640,inf,2,0,0
gen_06493,5,-6.744,3.214,4.606,inf,2,0,0
gen_06493,6,-6.736,3.272,4.564,inf,2,0,0
gen_06524,1,-7.039,2.551,4.447,3.674,2,1,0
gen_06524,2,-6.993,2.451,4.367,3.426,2,1,1
gen_06524,3,-6.931,2.967,4.552,3.832,2,1,0
gen_06524,4,-6.854,5.791,7.320,5.090,2,1,0
gen_06524,5,-6.838,2.832,4.500,4.034,2,1,0
gen_06524,6,-6.783,2.737,4.420,3.900,2,1,0
gen_06524,7,-6.763,3.246,4.205,3.829,2,1,0
gen_06524,8,-6.761,5.772,7.359,5.105,2,1,0
gen_06524,9,-6.641,5.254,5.841,5.705,2,1,0
gen_06547,1,-6.349,2.320,3.336,inf,4,0,0
gen_06552,1,-6.372,2.692,4.467,inf,4,0,0
gen_06552,2,-6.371,2.735,4.491,inf,4,0,0
gen_06552,3,-6.253,2.606,4.465,inf,4,0,0
gen_06583,1,-8.084,2.850,4.402,2.850,2,1,1
gen_06583,2,-8.022,2.883,3.311,2.919,2,1,1
gen_06583,3,-8.010,2.810,3.452,3.025,2,1,1
gen_06583,4,-8.003,14.921,15.431,9.248,2,1,0
gen_06595,1,-7.157,2.733,2.810,8.106,2,2,0
gen_06595,2,-7.144,12.727,12.864,3.019,2,2,0
gen_06595,3,-7.024,15.995,16.868,2.821,2,2,0
gen_06595,4,-6.942,15.778,16.834,2.973,2,2,0
gen_06595,5,-6.893,15.697,16.752,2.894,2,2,0
gen_06595,6,-6.863,15.883,16.554,2.928,2,2,0
gen_06595,7,-6.837,15.737,16.724,2.873,2,2,0
gen_06595,8,-6.830,15.599,16.121,3.017,2,2,0
gen_06595,9,-6.829,15.850,16.818,2.810,2,2,0
gen_06595,10,-6.812,2.827,2.980,8.162,2,2,0
gen_06595,11,-6.800,15.782,16.869,2.950,2,2,0
gen_06595,12,-6.769,15.844,16.675,2.931,2,2,0
gen_06595,13,-6.707,15.982,16.595,2.855,2,2,0
gen_06605,1,-6.027,3.181,4.594,inf,2,0,0
gen_06605,2,-5.965,2.412,4.396,inf,2,0,0
gen_06605,3,-5.951,3.158,4.466,inf,2,0,0
gen_06605,4,-5.951,2.789,4.540,inf,2,0,0
gen_06605,5,-5.933,2.477,4.416,inf,2,0,0
gen_06605,6,-5.904,2.467,4.395,inf,2,0,0
gen_06605,7,-5.901,3.186,4.342,inf,2,0,0
gen_06605,8,-5.900,3.163,4.602,inf,2,0,0
gen_06605,9,-5.899,2.399,4.324,inf,2,0,0
gen_06605,10,-5.896,2.514,4.403,inf,2,0,0
gen_06605,11,-5.876,2.439,4.346,inf,2,0,0
gen_06605,12,-5.871,2.265,4.359,inf,2,0,0
gen_06605,13,-5.863,2.291,4.382,inf,2,0,0
gen_06605,14,-5.847,2.224,4.329,inf,2,0,0
gen_06657,1,8.105,12.096,13.953,inf,4,0,0
gen_06657,2,11.071,5.510,6.867,inf,4,0,0
gen_06682,1,-6.764,2.443,3.255,5.548,2,1,0
gen_06682,2,-6.742,2.353,3.286,5.426,2,1,0
gen_06682,3,-6.726,2.407,3.248,5.545,2,1,0
gen_06682,4,-6.709,15.698,16.852,4.441,2,1,0
gen_06682,5,-6.704,15.614,16.862,4.451,2,1,0
gen_06682,6,-6.681,15.688,16.870,4.505,2,1,0
gen_06682,7,-6.680,15.594,16.842,4.495,2,1,0
gen_06682,8,-6.660,2.541,3.252,5.485,2,1,0
gen_06722,1,22.177,4.399,4.915,2.048,2,1,0
gen_06749,1,-7.020,3.194,4.660,inf,2,0,0
gen_06773,1,-6.922,2.810,4.499,inf,2,0,0
gen_06773,2,-6.910,2.791,4.494,inf,2,0,0
gen_06774,1,-7.504,2.726,4.293,inf,4,0,0
gen_06774,2,-7.440,3.253,4.481,inf,4,0,0
gen_06774,3,-7.372,3.501,4.489,inf,4,0,0
gen_06774,4,-7.367,11.129,11.808,inf,4,0,0
gen_06774,5,-7.340,3.351,4.580,inf,4,0,0
gen_06774,6,-7.298,3.178,4.478,inf,4,0,0
gen_06774,7,-7.280,2.980,4.658,inf,4,0,0
gen_06774,8,-7.276,3.166,4.441,inf,4,0,0
gen_06774,9,-7.178,3.149,4.557,inf,4,0,0
gen_06774,10,-7.130,9.294,9.371,inf,4,0,0
gen_06774,11,-7.110,2.832,4.468,inf,4,0,0
gen_06774,12,-7.077,3.423,4.433,inf,4,0,0
gen_06774,13,-7.007,3.687,4.596,inf,4,0,0
gen_06824,1,-7.229,2.850,4.364,inf,4,0,0
gen_06824,2,-7.195,3.188,4.692,inf,4,0,0
gen_06824,3,-7.153,3.302,4.681,inf,4,0,0
gen_06897,1,-7.438,3.338,4.583,inf,4,0,0
gen_06897,2,-7.359,3.364,4.495,inf,4,0,0
gen_06897,3,-7.328,3.060,4.537,inf,4,0,0
gen_06897,4,-7.224,2.928,4.507,inf,4,0,0
gen_06897,5,-7.185,3.075,4.326,inf,4,0,0
gen_06897,6,-7.166,3.309,4.587,inf,4,0,0
gen_06897,7,-7.160,2.956,4.552,inf,4,0,0
gen_06897,8,-7.117,3.307,4.522,inf,4,0,0
gen_06897,9,-7.066,3.036,4.473,inf,4,0,0
gen_06897,10,-7.027,3.783,4.754,inf,4,0,0
gen_06897,11,-6.956,2.821,4.482,inf,4,0,0
gen_06897,12,-6.928,3.159,4.523,inf,4,0,0
gen_06897,13,-6.905,3.103,4.384,inf,4,0,0
gen_06900,1,-7.280,2.756,4.421,5.580,2,2,0
gen_06900,2,-7.266,2.754,4.468,5.572,2,2,0
gen_06900,3,-7.231,3.154,4.631,3.311,2,2,1
gen_06925,1,-5.819,3.168,4.629,inf,4,0,0
gen_06925,2,-5.784,3.160,4.477,inf,4,0,0
gen_06925,3,-5.756,3.154,4.674,inf,4,0,0
gen_06925,4,-5.724,3.166,4.523,inf,4,0,0
gen_06925,5,-5.704,2.871,4.501,inf,4,0,0
gen_06925,6,-5.678,3.231,4.601,inf,4,0,0
gen_06925,7,-5.676,3.163,4.679,inf,4,0,0
gen_06925,8,-5.676,3.198,4.392,inf,4,0,0
gen_06925,9,-5.665,2.581,3.160,inf,4,0,0
gen_06925,10,-5.641,2.812,4.506,inf,4,0,0
gen_06925,11,-5.635,2.770,4.514,inf,4,0,0
gen_06925,12,-5.618,3.247,4.699,inf,4,0,0
gen_06925,13,-5.564,3.237,4.223,inf,4,0,0
gen_06925,14,-5.550,2.299,3.200,inf,4,0,0
gen_06925,15,-5.543,7.330,8.824,inf,4,0,0
gen_06973,1,-6.694,2.837,4.069,4.475,4,1,0
gen_06973,2,-6.676,2.855,4.359,3.411,4,1,1
gen_06973,3,-6.620,3.172,4.362,3.528,4,1,0
gen_06973,4,-6.545,3.143,3.489,4.707,4,1,0
gen_06973,5,-6.506,3.091,4.344,3.945,4,1,0
gen_06973,6,-6.493,2.764,4.316,3.771,4,1,0
gen_06973,7,-6.481,2.840,4.290,3.697,4,1,0
gen_06973,8,-6.469,2.770,3.537,4.612,4,1,0
gen_07019,1,-6.992,3.668,4.746,3.086,2,1,0
gen_07019,2,-6.911,3.690,4.569,2.985,2,1,0
gen_07019,3,-6.760,3.594,4.625,2.983,2,1,0
gen_07019,4,-6.708,3.237,4.351,3.690,2,1,0
gen_07019,5,-6.680,3.236,4.155,3.227,2,1,0
gen_07019,6,-6.674,3.165,4.653,3.496,2,1,1
gen_07019,7,-6.673,3.192,4.310,3.724,2,1,0
gen_07019,8,-6.664,2.822,4.540,3.590,2,1,0
gen_07019,9,-6.633,5.234,5.450,7.319,2,1,0
gen_07019,10,-6.629,3.282,4.436,3.862,2,1,0
gen_07019,11,-6.628,2.557,3.231,3.560,2,1,0
gen_07019,12,-6.602,5.498,5.709,7.632,2,1,0
gen_07131,1,-7.078,3.096,4.578,5.470,2,2,0
gen_07131,2,-7.051,3.206,4.595,5.396,2,2,0
gen_07131,3,-7.025,3.042,4.554,5.514,2,2,0
gen_07131,4,-7.004,3.230,4.414,5.400,2,2,0
gen_07131,5,-6.986,2.883,4.499,5.411,2,2,0
gen_07131,6,-6.985,2.955,4.580,5.439,2,2,0
gen_07211,1,-7.399,2.353,3.193,inf,4,0,0
gen_07211,2,-7.369,2.496,2.710,inf,4,0,0
gen_07211,3,-7.311,2.395,3.120,inf,4,0,0
gen_07211,4,-7.259,2.472,3.002,inf,4,0,0
gen_07211,5,-7.237,2.580,2.653,inf,4,0,0
gen_07211,6,-7.200,2.456,3.306,inf,4,0,0
gen_07211,7,-7.182,2.793,4.464,inf,4,0,0
gen_07211,8,-7.154,2.469,2.794,inf,4,0,0
gen_07211,9,-7.057,2.385,2.822,inf,4,0,0
gen_07211,10,-7.048,2.336,2.669,inf,4,0,0
gen_07211,11,-7.025,2.213,3.547,inf,4,0,0
gen_07211,12,-6.987,3.040,4.126,inf,4,0,0
gen_07211,13,-6.819,2.350,3.139,inf,4,0,0
gen_07284,1,-7.968,3.254,4.189,6.471,2,1,0
gen_07284,2,-7.900,3.234,3.970,6.603,2,1,0
gen_07284,3,-7.866,3.288,4.005,6.481,2,1,0
gen_07284,4,-7.827,3.943,4.234,6.000,2,1,0
gen_07284,5,-7.798,3.227,3.958,6.638,2,1,0
gen_07284,6,-7.710,2.772,3.823,7.091,2,1,0
gen_07284,7,-7.630,3.103,4.137,6.380,2,1,0
gen_07284,8,-7.628,2.797,4.535,3.604,2,1,0
gen_07284,9,-7.576,3.700,3.712,6.815,2,1,0
gen_07284,10,-7.564,2.592,4.095,6.958,2,1,0
gen_07315,1,-7.232,2.213,3.165,inf,4,0,0
gen_07315,2,-7.216,2.207,3.157,inf,4,0,0
gen_07315,3,-7.212,2.202,3.140,inf,4,0,0
gen_07315,4,-7.188,2.301,3.171,inf,4,0,0
gen_07315,5,-7.149,2.321,2.885,inf,4,0,0
gen_07315,6,-7.123,2.262,3.195,inf,4,0,0
gen_07315,7,-7.015,2.388,3.168,inf,4,0,0
gen_07352,1,-7.411,2.771,4.451,inf,4,0,0
gen_07352,2,-7.382,2.990,4.518,inf,4,0,0
gen_07352,3,-7.324,3.242,4.600,inf,4,0,0
gen_07352,4,-7.320,3.091,4.542,inf,4,0,0
gen_07352,5,-7.279,3.242,4.625,inf,4,0,0
gen_07352,6,-7.233,3.196,4.551,inf,4,0,0
gen_07359,1,-6.960,7.512,9.702,inf,4,0,0
gen_07359,2,-6.933,6.421,8.105,inf,4,0,0
gen_07359,3,-6.867,7.549,9.685,inf,4,0,0
gen_07359,4,-6.857,6.436,7.618,inf,4,0,0
gen_07359,5,-6.839,3.073,4.617,inf,4,0,0
gen_07359,6,-6.833,6.468,7.657,inf,4,0,0
gen_07359,7,-6.806,3.207,3.896,inf,4,0,0
gen_07359,8,-6.779,7.545,9.678,inf,4,0,0
gen_07359,9,-6.776,3.100,4.603,inf,4,0,0
gen_07359,10,-6.748,7.610,9.765,inf,4,0,0
gen_07359,11,-6.681,7.784,9.952,inf,4,0,0
gen_07359,12,-6.680,2.847,4.564,inf,4,0,0
gen_07359,13,-6.612,2.726,4.188,inf,4,0,0
gen_07386,1,-6.492,3.242,4.346,inf,2,0,0
gen_07386,2,-6.426,3.218,4.323,inf,2,0,0
gen_07386,3,-6.323,3.210,4.654,inf,2,0,0
gen_07386,4,-6.274,3.218,4.654,inf,2,0,0
gen_07386,5,-6.220,3.223,4.800,inf,2,0,0
gen_07392,1,-6.873,3.151,3.727,6.596,2,1,0
gen_07392,2,-6.835,3.164,3.820,6.105,2,1,0
gen_07392,3,-6.806,3.035,3.712,6.151,2,1,0
gen_07392,4,-6.754,4.124,5.341,8.700,2,1,0
gen_07392,5,-6.732,4.214,5.235,8.732,2,1,0
gen_07392,6,-6.724,2.795,3.643,6.319,2,1,0
gen_07392,7,-6.699,2.772,3.668,6.263,2,1,0
gen_07392,8,-6.698,3.148,4.623,7.769,2,1,0
gen_07392,9,-6.646,2.800,3.617,6.620,2,1,0
gen_07392,10,-6.615,3.788,4.552,5.582,2,1,0
gen_07392,11,-6.612,2.797,3.701,5.832,2,1,0
gen_07392,12,-6.593,3.460,4.512,5.853,2,1,0
gen_07392,13,-6.588,10.585,12.221,4.354,2,1,0
gen_07392,14,-6.584,3.324,4.291,5.212,2,1,0
gen_07392,15,-6.560,2.450,2.985,4.954,2,1,0
gen_07392,16,-6.558,3.907,4.539,5.087,2,1,0
gen_07396,1,-6.990,3.196,4.625,inf,2,0,0
gen_07396,2,-6.965,3.099,4.617,inf,2,0,0
gen_07396,3,-6.938,3.132,4.586,inf,2,0,0
gen_07396,4,-6.869,2.863,4.525,inf,2,0,0
gen_07396,5,-6.779,2.937,4.526,inf,2,0,0
gen_07396,6,-6.720,3.198,4.562,inf,2,0,0
gen_07397,1,-7.624,2.800,4.488,inf,4,0,0
gen_07397,2,-7.513,2.796,4.604,inf,4,0,0
gen_07397,3,-7.488,4.338,4.391,inf,4,0,0
gen_07397,4,-7.431,4.156,4.420,inf,4,0,0
gen_07397,5,-7.356,2.801,4.832,inf,4,0,0
gen_07397,6,-7.281,2.421,4.355,inf,4,0,0
gen_07397,7,-7.279,2.425,4.342,inf,4,0,0
gen_07397,8,-7.277,4.304,4.330,inf,4,0,0
gen_07397,9,-7.265,2.359,4.025,inf,4,0,0
gen_07459,1,-6.262,2.288,2.725,inf,4,0,0
gen_07459,2,-6.220,2.240,2.674,inf,4,0,0
gen_07459,3,-6.172,2.349,2.751,inf,4,0,0
gen_07459,4,-6.139,2.282,2.802,inf,4,0,0
gen_07459,5,-6.138,2.264,3.166,inf,4,0,0
gen_07459,6,-6.125,2.535,2.706,inf,4,0,0
gen_07593,1,-6.615,3.071,4.418,inf,4,0,0
gen_07593,2,-6.537,3.171,4.300,inf,4,0,0
gen_07593,3,-6.424,3.090,4.216,inf,4,0,0
gen_07593,4,-6.254,2.766,4.532,inf,4,0,0
gen_07593,5,-6.228,2.798,4.439,inf,4,0,0
gen_07593,6,-6.149,2.784,4.579,inf,4,0,0
gen_07593,7,-6.141,2.794,4.489,inf,4,0,0
gen_07643,1,-7.159,2.548,4.596,inf,4,0,0
gen_07643,2,-7.132,2.800,4.508,inf,4,0,0
gen_07643,3,-7.094,2.661,4.508,inf,4,0,0
gen_07643,4,-7.081,2.614,4.456,inf,4,0,0
gen_07643,5,-7.053,2.737,4.553,inf,4,0,0
gen_07643,6,-7.049,2.730,4.693,inf,4,0,0
gen_07643,7,-6.984,2.622,4.767,inf,4,0,0
gen_07643,8,-6.981,2.696,4.395,inf,4,0,0
gen_07643,9,-6.901,3.498,3.803,inf,4,0,0
gen_07643,10,-6.861,3.388,4.387,inf,4,0,0
gen_07643,11,-6.742,3.329,4.948,inf,4,0,0
gen_07643,12,-6.634,2.421,4.399,inf,4,0,0
gen_07663,1,-7.374,2.747,4.395,inf,2,0,0
gen_07663,2,-7.243,2.808,4.386,inf,2,0,0
gen_07663,3,-7.116,2.777,4.331,inf,2,0,0
gen_07663,4,-7.063,2.726,4.232,inf,2,0,0
gen_07663,5,-7.056,2.859,4.426,inf,2,0,0
gen_07663,6,-6.916,3.291,4.420,inf,2,0,0
gen_07689,1,-6.622,2.554,4.172,inf,2,0,0
gen_07689,2,-6.606,2.556,4.150,inf,2,0,0
gen_07689,3,-6.601,2.577,4.152,inf,2,0,0
gen_07689,4,-6.591,2.587,4.128,inf,2,0,0
gen_07689,5,-6.563,2.525,4.138,inf,2,0,0
gen_07700,1,-7.790,3.197,4.397,3.944,2,1,0
gen_07700,2,-7.773,3.181,4.295,4.132,2,1,0
gen_07700,3,-7.595,3.153,3.946,4.544,2,1,0
gen_07700,4,-7.500,3.253,4.865,3.206,2,1,0
gen_07700,5,-7.488,3.115,3.896,4.655,2,1,0
gen_07700,6,-7.394,3.112,4.144,4.192,2,1,0
gen_07700,7,-7.363,3.217,4.390,3.752,2,1,0
gen_07771,1,-7.912,3.176,4.561,inf,4,0,0
gen_07771,2,-7.713,3.222,4.359,inf,4,0,0
gen_07771,3,-7.478,2.842,4.310,inf,4,0,0
gen_07771,4,-7.472,2.854,4.350,inf,4,0,0
gen_07771,5,-7.438,2.736,4.364,inf,4,0,0
gen_07771,6,-7.435,2.814,4.284,inf,4,0,0
gen_07771,7,-7.430,2.775,4.447,inf,4,0,0
gen_07771,8,-7.411,2.792,4.332,inf,4,0,0
gen_07771,9,-7.393,2.830,4.394,inf,4,0,0
gen_07771,10,-7.201,2.789,4.381,inf,4,0,0
gen_07771,11,-7.155,2.853,4.464,inf,4,0,0
gen_07771,12,-7.149,2.873,4.367,inf,4,0,0
gen_07771,13,-6.852,3.333,4.597,inf,4,0,0
gen_07789,1,-8.069,2.444,4.036,3.399,2,1,1
gen_07789,2,-8.065,2.499,3.803,3.317,2,1,1
gen_07789,3,-8.019,2.370,3.843,3.255,2,1,1
gen_07789,4,-7.920,2.774,3.742,3.734,2,1,0
gen_07789,5,-7.918,2.609,3.379,4.276,2,1,0
gen_07789,6,-7.860,2.501,3.841,3.295,2,1,1
gen_07789,7,-7.835,2.566,2.754,5.007,2,1,0
gen_07789,8,-7.809,2.573,2.683,4.976,2,1,0
gen_07789,9,-7.803,2.364,3.319,4.755,2,1,0
gen_07789,10,-7.779,16.188,16.371,6.395,2,1,0
gen_07789,11,-7.752,2.564,2.578,4.947,2,1,0
gen_07884,1,-6.934,3.226,4.542,inf,4,0,0
gen_07884,2,-6.930,3.212,4.555,inf,4,0,0
gen_07884,3,-6.920,2.570,4.438,inf,4,0,0
gen_07884,4,-6.887,2.823,4.478,inf,4,0,0
gen_07884,5,-6.881,2.581,4.461,inf,4,0,0
gen_07884,6,-6.871,3.151,4.555,inf,4,0,0
gen_07884,7,-6.868,3.134,4.560,inf,4,0,0
gen_07884,8,-6.847,3.185,4.550,inf,4,0,0
gen_07884,9,-6.820,3.054,4.824,inf,4,0,0
gen_07884,10,-6.802,3.166,4.511,inf,4,0,0
gen_07954,1,-6.272,3.172,4.546,inf,2,0,0
gen_07954,2,-6.265,3.070,4.561,inf,2,0,0
gen_07954,3,-6.263,3.159,4.532,inf,2,0,0
gen_07954,4,-6.247,2.864,4.486,inf,2,0,0
gen_07954,5,-6.214,2.769,3.751,inf,2,0,0
gen_07954,6,-6.098,3.157,4.638,inf,2,0,0
gen_07954,7,-6.096,3.147,4.618,inf,2,0,0
gen_07987,1,-7.164,3.102,4.709,inf,2,0,0
gen_07987,2,-7.126,2.863,4.518,inf,2,0,0
gen_07987,3,-7.108,2.889,4.535,inf,2,0,0
gen_07987,4,-7.083,4.321,4.565,inf,2,0,0
gen_07987,5,-7.046,3.054,4.774,inf,2,0,0
gen_07987,6,-6.976,2.819,4.550,inf,2,0,0
gen_08016,1,-7.058,6.298,6.775,3.036,2,2,0
gen_08016,2,-6.810,6.147,6.602,3.022,2,2,0
gen_08016,3,-6.805,6.112,6.247,3.200,2,2,0
gen_08016,4,-6.718,6.176,6.526,3.159,2,2,0
gen_08016,5,-6.712,6.182,6.626,3.548,2,2,0
gen_08016,6,-6.608,2.354,3.926,3.346,2,2,1
gen_08016,7,-6.549,6.266,6.753,3.641,2,2,0
gen_08016,8,-6.511,2.423,4.238,5.604,2,2,0
gen_08016,9,-6.502,6.151,6.439,4.131,2,2,0
gen_08068,1,-5.995,3.190,4.501,inf,2,0,0
gen_08068,2,-5.826,3.209,4.478,inf,2,0,0
gen_08068,3,-5.662,3.548,4.511,inf,2,0,0
gen_08068,4,-5.646,2.716,4.473,inf,2,0,0
gen_08150,1,-7.039,3.310,5.007,inf,4,0,0
gen_08150,2,-6.997,3.132,4.527,inf,4,0,0
gen_08150,3,-6.961,3.127,4.469,inf,4,0,0
gen_08150,4,-6.954,3.194,4.710,inf,4,0,0
gen_08150,5,-6.938,3.280,4.732,inf,4,0,0
gen_08150,6,-6.924,3.247,4.765,inf,4,0,0
gen_08150,7,-6.885,3.214,4.669,inf,4,0,0
gen_08150,8,-6.861,2.490,4.363,inf,4,0,0
gen_08150,9,-6.731,2.366,3.938,inf,4,0,0
gen_08177,1,-8.030,2.408,3.247,3.019,2,3,1
gen_08177,2,-7.888,2.409,3.357,2.970,2,3,1
gen_08256,1,-6.812,2.479,2.725,inf,2,0,0
gen_08256,2,-6.661,9.920,10.336,inf,2,0,0
gen_08256,3,-6.651,2.272,3.741,inf,2,0,0
gen_08256,4,-6.620,2.208,4.116,inf,2,0,0
gen_08256,5,-6.559,2.322,4.374,inf,2,0,0
gen_08256,6,-6.558,2.504,2.736,inf,2,0,0
gen_08256,7,-6.544,2.613,2.709,inf,2,0,0
gen_08256,8,-6.525,2.487,2.761,inf,2,0,0
gen_08256,9,-6.494,2.507,2.826,inf,2,0,0
gen_08256,10,-6.478,2.205,4.361,inf,2,0,0
gen_08256,11,-6.467,2.198,4.409,inf,2,0,0
gen_08256,12,-6.466,2.206,4.318,inf,2,0,0
gen_08256,13,-6.413,2.345,4.437,inf,2,0,0
gen_08256,14,-6.125,14.543,15.278,inf,2,0,0
gen_08287,1,-6.625,3.243,4.470,4.535,2,1,0
gen_08287,2,-6.617,8.320,9.076,5.125,2,1,0
gen_08287,3,-6.607,4.125,4.445,5.388,2,1,0
gen_08287,4,-6.593,3.270,4.544,7.268,2,1,0
gen_08287,5,-6.587,3.301,4.613,7.202,2,1,0
gen_08287,6,-6.564,3.399,4.698,3.715,2,1,0
gen_08287,7,-6.539,3.294,4.637,3.921,2,1,0
gen_08287,8,-6.496,3.324,4.604,7.559,2,1,0
gen_08287,9,-6.480,3.397,4.666,6.922,2,1,0
gen_08287,10,-6.478,3.458,4.670,3.930,2,1,0
gen_08287,11,-6.477,3.292,4.671,3.855,2,1,0
gen_08287,12,-6.408,3.585,4.418,4.801,2,1,0
gen_08287,13,-6.324,3.236,4.584,4.981,2,1,0
gen_08287,14,-6.258,3.631,4.429,4.723,2,1,0
gen_08287,15,-6.244,3.348,4.721,3.907,2,1,0
gen_08293,1,-7.304,3.115,4.691,inf,4,0,0
gen_08293,2,-7.222,3.137,4.615,inf,4,0,0
gen_08293,3,-7.213,9.910,10.605,inf,4,0,0
gen_08293,4,-7.186,4.547,4.655,inf,4,0,0
gen_08293,5,-7.180,3.186,4.645,inf,4,0,0
gen_08293,6,-7.131,2.753,4.339,inf,4,0,0
gen_08293,7,-7.101,3.274,4.664,inf,4,0,0
gen_08293,8,-7.090,3.306,4.444,inf,4,0,0
gen_08293,9,-7.079,2.414,4.292,inf,4,0,0
gen_08293,10,-7.040,3.271,4.354,inf,4,0,0
gen_08293,11,-7.013,9.869,10.557,inf,4,0,0
gen_08293,12,-6.972,2.781,4.335,inf,4,0,0
gen_08318,1,-8.240,12.698,12.894,3.105,2,3,0
gen_08318,2,-8.200,12.757,12.828,3.021,2,3,0
gen_08318,3,-8.068,12.955,13.178,3.147,2,3,0
gen_08318,4,-8.050,12.713,13.019,3.037,2,3,0
gen_08318,5,-7.929,12.114,12.890,3.173,2,3,0
gen_08318,6,-7.899,12.648,13.081,3.040,2,3,0
gen_08318,7,-7.825,7.602,9.372,5.881,2,3,0
gen_08318,8,-7.720,8.326,10.296,3.357,2,3,0
gen_08503,1,-6.947,2.806,4.410,3.740,2,1,0
gen_08503,2,-6.929,2.764,4.358,3.802,2,1,0
gen_08503,3,-6.898,2.477,4.603,7.757,2,1,0
gen_08503,4,-6.893,2.502,4.588,7.746,2,1,0
gen_08503,5,-6.858,2.790,4.467,3.875,2,1,0
gen_08503,6,-6.832,3.432,4.734,8.020,2,1,0
gen_08503,7,-6.815,2.759,4.384,3.766,2,1,0
gen_08503,8,-6.807,2.762,4.470,3.965,2,1,0
gen_08503,9,-6.805,2.801,4.403,3.824,2,1,0
gen_08535,1,-7.792,4.602,6.600,4.126,2,1,0
gen_08535,2,-7.548,4.522,6.466,4.053,2,1,0
gen_08535,3,-7.530,3.429,4.197,6.521,2,1,0
gen_08546,1,-6.921,2.825,4.577,inf,4,0,0
gen_08546,2,-6.898,2.784,4.549,inf,4,0,0
gen_08546,3,-6.886,3.035,4.614,inf,4,0,0
gen_08546,4,-6.869,2.768,4.494,inf,4,0,0
gen_08546,5,-6.855,2.794,4.549,inf,4,0,0
gen_08546,6,-6.820,2.781,4.656,inf,4,0,0
gen_08546,7,-6.750,2.785,4.480,inf,4,0,0
gen_08546,8,-6.750,2.833,4.500,inf,4,0,0
gen_08546,9,-6.472,3.029,4.620,inf,4,0,0
gen_08548,1,-6.999,9.969,10.040,3.202,4,2,0
gen_08548,2,-6.966,10.043,10.299,3.226,4,2,0
gen_08548,3,-6.966,9.658,9.959,3.090,4,2,0
gen_08548,4,-6.923,3.210,4.524,5.708,4,2,0
gen_08548,5,-6.907,3.116,4.484,5.654,4,2,0
gen_08548,6,-6.899,3.269,4.591,5.788,4,2,0
gen_08548,7,-6.825,12.268,13.841,2.844,4,2,0
gen_08548,8,-6.810,3.447,4.512,5.966,4,2,0
gen_08548,9,-6.768,2.388,2.997,3.880,4,2,0
gen_08548,10,-6.618,2.597,3.292,5.564,4,2,0
gen_08618,1,-7.082,3.162,3.973,inf,2,0,0
gen_08618,2,-7.020,2.837,3.903,inf,2,0,0
gen_08645,1,-6.527,2.207,2.794,inf,4,0,0
gen_08645,2,-6.516,2.554,4.393,inf,4,0,0
gen_08645,3,-6.514,2.228,2.786,inf,4,0,0
gen_08645,4,-6.508,2.576,4.436,inf,4,0,0
gen_08645,5,-6.495,2.869,4.463,inf,4,0,0
gen_08645,6,-6.485,3.045,4.491,inf,4,0,0
gen_08645,7,-6.476,2.937,4.562,inf,4,0,0
gen_08645,8,-6.465,2.509,4.353,inf,4,0,0
gen_08664,1,-7.151,3.143,4.433,4.753,2,1,0
gen_08664,2,-7.140,10.458,11.870,5.141,2,1,0
gen_08664,3,-7.140,2.726,4.118,4.836,2,1,0
gen_08664,4,-7.138,3.171,4.463,4.879,2,1,0
gen_08664,5,-7.102,9.602,10.302,3.111,2,1,0
gen_08664,6,-7.095,3.188,4.544,4.874,2,1,0
gen_08664,7,-7.077,3.067,4.482,4.991,2,1,0
gen_08664,8,-7.074,9.750,9.964,3.357,2,1,0
gen_08664,9,-7.061,2.760,3.945,4.866,2,1,0
gen_08664,10,-7.032,2.791,4.414,4.690,2,1,0
gen_08664,11,-7.011,2.781,3.951,4.860,2,1,0
gen_08664,12,-7.010,9.986,11.616,4.995,2,1,0
gen_08673,1,-3.598,14.173,14.999,inf,4,0,0
gen_08673,2,-0.735,7.770,7.930,inf,4,0,0
gen_08673,3,-0.082,7.292,9.387,inf,4,0,0
gen_08724,1,-7.012,3.250,4.459,5.423,2,1,0
gen_08724,2,-6.977,3.277,4.495,5.363,2,1,0
gen_08724,3,-6.814,3.291,4.647,6.579,2,1,0
gen_08724,4,-6.810,3.183,4.279,7.152,2,1,0
gen_08724,5,-6.751,3.224,4.472,5.835,2,1,0
gen_08724,6,-6.690,3.187,4.466,7.388,2,1,0
gen_08724,7,-6.626,3.172,4.495,6.456,2,1,0
gen_08724,8,-6.625,4.072,4.487,6.606,2,1,0
gen_08724,9,-6.553,3.981,4.528,6.982,2,1,0
gen_08734,1,-6.740,3.177,4.709,inf,2,0,0
gen_08734,2,-6.738,3.160,4.724,inf,2,0,0
gen_08734,3,-6.650,3.131,4.723,inf,2,0,0
gen_08864,1,-6.703,2.864,4.553,2.926,2,2,1
gen_08864,2,-6.695,3.072,4.576,3.068,2,2,1
gen_08864,3,-6.661,3.032,4.607,4.216,2,2,0
gen_08864,4,-6.637,3.269,4.429,4.132,2,2,0
gen_08864,5,-6.637,3.102,4.595,4.317,2,2,0
gen_08864,6,-6.624,3.168,4.631,4.685,2,2,0
gen_08864,7,-6.587,3.090,4.921,2.809,2,2,1
gen_08864,8,-6.545,3.309,4.574,3.920,2,2,0
gen_08864,9,-6.536,3.210,4.489,4.299,2,2,0
gen_08864,10,-6.529,3.702,4.511,4.183,2,2,0
gen_08864,11,-6.487,3.192,4.388,4.407,2,2,0
gen_08864,12,-6.485,3.215,4.617,2.982,2,2,0
gen_08864,13,-6.417,2.737,4.346,4.617,2,2,0
gen_08870,1,-7.184,3.121,4.622,8.304,2,1,0
gen_08870,2,-7.179,3.151,4.709,8.306,2,1,0
gen_08870,3,-7.173,3.154,4.632,8.292,2,1,0
gen_08870,4,-7.113,3.184,4.696,8.433,2,1,0
gen_08870,5,-7.076,3.151,4.548,8.342,2,1,0
gen_08870,6,-7.024,3.124,4.703,8.350,2,1,0
gen_08870,7,-7.009,3.112,4.814,7.831,2,1,0
gen_08900,1,-6.644,2.262,4.452,5.095,2,1,0
gen_08900,2,-6.623,2.263,4.417,5.024,2,1,0
gen_08900,3,-6.585,2.502,4.463,5.656,2,1,0
gen_08900,4,-6.571,2.356,4.566,5.771,2,1,0
gen_08900,5,-6.565,2.294,4.466,5.718,2,1,0
gen_08900,6,-6.556,2.229,4.321,5.066,2,1,0
gen_08900,7,-6.547,2.313,4.470,5.739,2,1,0
gen_08900,8,-6.208,2.719,4.395,6.596,2,1,0
gen_08911,1,-7.069,3.256,4.827,inf,4,0,0
gen_08911,2,-6.985,3.116,4.775,inf,4,0,0
gen_08911,3,-6.910,3.182,4.403,inf,4,0,0
gen_08911,4,-6.833,3.189,4.296,inf,4,0,0
gen_08912,1,-6.660,4.212,4.426,3.029,2,1,0
gen_08912,2,-6.599,3.062,4.516,6.899,2,1,0
gen_08912,3,-6.573,6.767,7.239,4.709,2,1,0
gen_08912,4,-6.565,3.262,5.246,2.923,2,1,0
gen_08912,5,-6.557,3.460,4.357,4.461,2,1,0
gen_08912,6,-6.489,3.168,4.426,7.730,2,1,0
gen_08912,7,-6.441,3.354,3.737,3.018,2,1,0
gen_08912,8,-6.428,3.052,4.416,6.906,2,1,0
gen_08912,9,-6.426,6.902,7.164,4.765,2,1,0
gen_08912,10,-6.411,6.762,7.311,4.708,2,1,0
gen_08941,1,-7.125,3.264,4.617,5.699,2,1,0
gen_08941,2,-6.928,8.582,8.666,4.032,2,1,0
gen_08943,1,-1.878,5.862,7.763,inf,2,0,0
gen_08943,2,0.022,8.974,10.200,inf,2,0,0
gen_08983,1,-7.821,3.280,3.530,inf,4,0,0
gen_08983,2,-7.805,3.294,3.535,inf,4,0,0
gen_08983,3,-7.798,3.405,3.653,inf,4,0,0
gen_08983,4,-7.788,3.329,3.788,inf,4,0,0
gen_08983,5,-7.788,3.320,3.482,inf,4,0,0
gen_08983,6,-7.786,3.325,3.761,inf,4,0,0
gen_08983,7,-7.764,3.348,3.498,inf,4,0,0
gen_08983,8,-7.741,3.562,4.096,inf,4,0,0
gen_08983,9,-7.732,3.306,3.582,inf,4,0,0
gen_08983,10,-7.709,3.700,4.032,inf,4,0,0
gen_08983,11,-7.655,3.149,4.198,inf,4,0,0
gen_08983,12,-7.567,3.146,4.403,inf,4,0,0
gen_08990,1,-7.176,2.765,4.512,3.967,4,1,0
gen_08990,2,-7.130,2.809,4.536,3.925,4,1,0
gen_08990,3,-7.128,2.796,4.518,3.765,4,1,0
gen_08990,4,-7.108,3.131,4.522,4.156,4,1,0
gen_08990,5,-7.106,2.770,4.487,3.874,4,1,0
gen_08990,6,-7.081,2.794,4.537,4.026,4,1,0
gen_08990,7,-7.062,2.706,4.510,3.155,4,1,1
gen_08990,8,-7.030,2.792,4.475,3.910,4,1,0
gen_08990,9,-7.025,2.739,4.404,2.978,4,1,1
gen_08990,10,-6.936,2.781,4.632,3.956,4,1,0
gen_08997,1,-6.833,2.482,3.964,inf,4,0,0
gen_08997,2,-6.748,2.535,3.970,inf,4,0,0
gen_09014,1,-6.717,2.813,4.284,3.226,2,1,1
gen_09014,2,-6.514,2.793,4.553,3.806,2,1,0
gen_09051,1,-8.084,3.136,4.638,4.869,2,1,0
gen_09051,2,-7.607,3.062,4.570,4.790,2,1,0
gen_09051,3,-7.570,3.124,4.675,3.139,2,1,1
gen_09051,4,-7.472,3.263,4.470,6.001,2,1,0
gen_09051,5,-7.440,3.131,4.508,5.112,2,1,0
gen_09051,6,-7.428,3.259,4.398,6.145,2,1,0
gen_09051,7,-7.412,2.895,4.518,5.181,2,1,0
gen_09051,8,-7.355,2.927,4.567,5.364,2,1,0
gen_09051,9,-7.339,2.731,4.495,4.934,2,1,0
gen_09051,10,-7.323,3.277,4.328,6.260,2,1,0
gen_09051,11,-7.304,2.739,4.373,4.918,2,1,0
gen_09051,12,-7.293,2.845,4.482,5.578,2,1,0
gen_09092,1,-7.254,2.502,3.217,7.288,2,2,0
gen_09092,2,-7.234,2.513,3.174,7.322,2,2,0
gen_09092,3,-7.144,2.514,3.344,7.320,2,2,0
gen_09092,4,-7.090,2.623,3.591,7.138,2,2,0
gen_09092,5,-7.045,2.563,3.274,7.165,2,2,0
gen_09092,6,-7.040,2.626,3.544,7.219,2,2,0
gen_09092,7,-7.027,2.657,3.181,7.270,2,2,0
gen_09092,8,-6.974,2.502,3.257,7.173,2,2,0
gen_09100,1,-7.243,2.963,4.534,inf,4,0,0
gen_09100,2,-7.219,2.871,4.501,inf,4,0,0
gen_09100,3,-7.157,3.156,4.574,inf,4,0,0
gen_09100,4,-7.111,2.875,4.515,inf,4,0,0
gen_09100,5,-7.104,3.123,4.660,inf,4,0,0
gen_09100,6,-7.086,2.697,4.497,inf,4,0,0
gen_09100,7,-7.060,3.248,4.547,inf,4,0,0
gen_09100,8,-7.056,3.206,4.620,inf,4,0,0
gen_09100,9,-7.047,2.248,3.181,inf,4,0,0
gen_09100,10,-7.037,3.282,4.597,inf,4,0,0
gen_09100,11,-7.036,2.882,4.557,inf,4,0,0
gen_09100,12,-6.998,2.873,4.575,inf,4,0,0
gen_09100,13,-6.948,2.765,4.083,inf,4,0,0
gen_09100,14,-6.844,3.074,4.432,inf,4,0,0
gen_09100,15,-6.805,2.835,4.510,inf,4,0,0
gen_09138,1,-7.913,2.340,4.374,inf,4,0,0
gen_09138,2,-7.910,2.213,4.328,inf,4,0,0
gen_09138,3,-7.872,2.286,4.391,inf,4,0,0
gen_09138,4,-7.862,2.337,4.419,inf,4,0,0
gen_09138,5,-7.820,2.301,4.324,inf,4,0,0
gen_09138,6,-7.793,2.284,4.298,inf,4,0,0
gen_09138,7,-7.727,2.208,4.359,inf,4,0,0
gen_09153,1,-6.988,3.251,4.432,inf,2,0,0
gen_09153,2,-6.941,2.463,4.584,inf,2,0,0
gen_09153,3,-6.831,2.486,4.590,inf,2,0,0
gen_09153,4,-6.830,3.119,4.251,inf,2,0,0
gen_09153,5,-6.829,3.174,4.331,inf,2,0,0
gen_09153,6,-6.829,3.150,4.243,inf,2,0,0
gen_09153,7,-6.808,2.342,4.465,inf,2,0,0
gen_09153,8,-6.794,2.333,4.136,inf,2,0,0
gen_09153,9,-6.777,2.697,4.788,inf,2,0,0
gen_09153,10,-6.751,3.333,4.413,inf,2,0,0
gen_09153,11,-6.727,8.448,8.973,inf,2,0,0
gen_09165,1,-7.293,2.361,4.288,4.489,2,3,0
gen_09165,2,-7.276,2.306,4.322,4.443,2,3,0
gen_09165,3,-7.253,3.041,4.605,4.568,2,3,0
gen_09165,4,-7.219,2.334,4.307,4.681,2,3,0
gen_09165,5,-7.195,2.505,4.358,4.554,2,3,0
gen_09165,6,-7.194,2.822,4.446,5.439,2,3,0
gen_09165,7,-7.175,2.277,4.288,4.540,2,3,0
gen_09165,8,-6.930,3.029,4.598,4.507,2,3,0
gen_09165,9,-6.879,15.381,16.847,2.766,2,3,0
gen_09189,1,-6.353,2.520,2.755,inf,4,0,0
gen_09189,2,-6.242,3.203,4.675,inf,4,0,0
gen_09189,3,-6.186,3.179,4.680,inf,4,0,0
gen_09189,4,-6.064,2.622,4.564,inf,4,0,0
gen_09189,5,-6.054,2.441,2.715,inf,4,0,0
gen_09189,6,-6.034,2.770,2.790,inf,4,0,0
gen_09189,7,-6.030,3.467,4.782,inf,4,0,0
gen_09189,8,-6.023,2.559,4.575,inf,4,0,0
gen_09189,9,-6.007,3.656,4.702,inf,4,0,0
gen_09189,10,-5.990,2.528,4.526,inf,4,0,0
gen_09189,11,-5.981,2.563,4.617,inf,4,0,0
gen_09189,12,-5.941,2.474,4.550,inf,4,0,0
gen_09189,13,-5.897,4.281,4.452,inf,4,0,0
gen_09234,1,-7.480,3.227,4.523,inf,4,0,0
gen_09234,2,-7.468,3.200,4.596,inf,4,0,0
gen_09234,3,-7.412,3.261,4.544,inf,4,0,0
gen_09234,4,-7.386,3.222,4.591,inf,4,0,0
gen_09234,5,-7.305,3.228,4.670,inf,4,0,0
gen_09234,6,-7.286,4.344,6.204,inf,4,0,0
gen_09234,7,-7.238,3.183,4.552,inf,4,0,0
gen_09234,8,-7.212,3.262,4.641,inf,4,0,0
gen_09234,9,-7.212,2.794,4.719,inf,4,0,0
gen_09234,10,-7.185,3.127,4.505,inf,4,0,0
gen_09234,11,-7.168,2.826,4.525,inf,4,0,0
gen_09234,12,-7.145,3.235,4.660,inf,4,0,0
gen_09234,13,-7.036,2.830,4.537,inf,4,0,0
gen_09234,14,-6.945,9.584,9.896,inf,4,0,0
gen_09234,15,-6.862,3.009,4.543,inf,4,0,0
gen_09236,1,-6.522,3.229,4.669,10.761,2,1,0
gen_09236,2,-6.511,15.487,16.752,3.050,2,1,0
gen_09236,3,-6.503,3.216,4.632,10.780,2,1,0
gen_09236,4,-6.494,15.486,16.734,3.069,2,1,0
gen_09236,5,-6.477,3.222,4.642,10.856,2,1,0
gen_09236,6,-6.465,15.497,16.688,3.037,2,1,0
gen_09236,7,-6.436,15.518,16.706,3.036,2,1,0
gen_09404,1,-8.191,2.341,4.344,6.181,2,2,0
gen_09404,2,-8.134,2.339,4.399,6.140,2,2,0
gen_09404,3,-8.120,2.274,4.307,6.096,2,2,0
gen_09404,4,-8.111,2.297,4.360,6.670,2,2,0
gen_09404,5,-8.035,2.154,4.298,6.694,2,2,0
gen_09404,6,-7.994,2.203,4.364,6.216,2,2,0
gen_09404,7,-7.849,2.279,4.315,6.565,2,2,0
gen_09404,8,-7.790,2.206,4.352,6.213,2,2,0
gen_09452,1,-8.301,16.632,16.988,5.507,2,1,0
gen_09452,2,-8.230,16.546,17.031,5.534,2,1,0
gen_09513,1,-6.523,2.433,4.060,2.845,2,1,1
gen_09534,1,-7.058,3.277,4.580,3.614,4,1,0
gen_09534,2,-7.031,3.269,4.588,3.583,4,1,0
gen_09534,3,-7.022,3.261,4.596,3.657,4,1,0
gen_09534,4,-6.985,3.304,4.478,3.649,4,1,0
gen_09534,5,-6.857,3.248,4.573,3.560,4,1,0
gen_09534,6,-6.835,3.172,4.579,3.444,4,1,1
gen_09534,7,-6.831,3.267,4.555,3.551,4,1,0
gen_09534,8,-6.824,3.281,4.578,3.540,4,1,0
gen_09534,9,-6.787,3.233,4.413,3.386,4,1,0
gen_09534,10,-6.734,3.339,4.617,3.400,4,1,0
gen_09537,1,-7.202,3.302,4.628,3.854,2,1,0
gen_09537,2,-7.169,3.325,4.621,3.593,2,1,0
gen_09537,3,-7.165,3.351,4.685,3.539,2,1,0
gen_09584,1,-6.580,2.773,4.418,3.009,2,1,1
gen_09584,2,-6.551,2.779,4.425,3.018,2,1,1
gen_09584,3,-6.550,3.108,4.721,3.988,2,1,0
gen_09584,4,-6.528,3.189,4.770,5.001,2,1,0
gen_09584,5,-6.508,3.069,4.758,4.763,2,1,0
gen_09584,6,-6.465,2.767,4.534,3.215,2,1,1
gen_09584,7,-6.453,3.241,4.823,3.374,2,1,0
gen_09584,8,-6.388,2.776,4.470,3.120,2,1,1
gen_09594,1,-7.859,3.870,5.019,3.095,2,2,0
gen_09594,2,-7.779,4.253,4.295,3.857,2,2,0
gen_09600,1,-6.443,5.265,5.658,inf,2,0,0
gen_09600,2,-6.337,5.242,5.418,inf,2,0,0
gen_09600,3,-6.290,16.694,17.085,inf,2,0,0
gen_09600,4,-6.229,15.688,16.865,inf,2,0,0
gen_09600,5,-6.202,15.550,16.729,inf,2,0,0
gen_09600,6,-6.170,15.765,16.773,inf,2,0,0
gen_09600,7,-6.154,15.624,16.791,inf,2,0,0
gen_09600,8,-6.152,3.152,3.800,inf,2,0,0
gen_09600,9,-6.121,15.740,16.831,inf,2,0,0
gen_09600,10,-6.120,3.172,3.657,inf,2,0,0
gen_09600,11,-6.101,3.832,4.530,inf,2,0,0
gen_09600,12,-6.095,3.864,4.444,inf,2,0,0
gen_09600,13,-6.063,15.620,16.791,inf,2,0,0
gen_09633,1,-6.911,2.791,4.540,inf,4,0,0
gen_09633,2,-6.876,2.825,4.627,inf,4,0,0
gen_09633,3,-6.848,3.066,4.682,inf,4,0,0
gen_09633,4,-6.828,2.791,4.521,inf,4,0,0
gen_09633,5,-6.815,2.846,4.555,inf,4,0,0
gen_09633,6,-6.769,2.808,4.547,inf,4,0,0
gen_09637,1,-7.334,3.031,4.489,inf,2,0,0
gen_09637,2,-7.208,3.092,4.520,inf,2,0,0
gen_09637,3,-7.201,3.151,4.580,inf,2,0,0
gen_09637,4,-7.142,2.887,4.481,inf,2,0,0
gen_09637,5,-7.125,3.197,4.593,inf,2,0,0
gen_09637,6,-7.118,3.173,4.472,inf,2,0,0
gen_09637,7,-6.791,3.066,4.551,inf,2,0,0
gen_09637,8,-6.751,2.656,4.475,inf,2,0,0
gen_09637,9,-6.738,12.252,13.542,inf,2,0,0
gen_09639,1,-6.488,3.126,4.441,inf,2,0,0
gen_09639,2,-6.472,3.115,4.419,inf,2,0,0
gen_09639,3,-6.448,3.114,4.453,inf,2,0,0
gen_09639,4,-6.436,3.119,4.495,inf,2,0,0
gen_09639,5,-6.427,3.112,4.456,inf,2,0,0
gen_09639,6,-6.369,3.093,4.482,inf,2,0,0
gen_09639,7,-6.338,2.873,4.447,inf,2,0,0
gen_09639,8,-6.300,2.348,3.409,inf,2,0,0
gen_09639,9,-6.273,2.395,3.708,inf,2,0,0
gen_09639,10,-6.266,2.418,3.343,inf,2,0,0
gen_09639,11,-6.173,2.810,4.443,inf,2,0,0
gen_09639,12,-6.172,2.843,4.445,inf,2,0,0
gen_09639,13,-6.142,2.878,4.427,inf,2,0,0
gen_09639,14,-6.124,2.769,4.349,inf,2,0,0
gen_09689,1,-7.183,3.487,4.401,inf,2,0,0
gen_09689,2,-7.166,3.572,4.557,inf,2,0,0
gen_09689,3,-7.072,3.200,4.364,inf,2,0,0
gen_09697,1,-7.617,2.477,4.363,inf,4,0,0
gen_09697,2,-7.543,2.205,4.141,inf,4,0,0
gen_09697,3,-7.541,2.428,4.076,inf,4,0,0
gen_09697,4,-7.457,2.377,3.271,inf,4,0,0
gen_09697,5,-7.423,2.348,4.448,inf,4,0,0
gen_09697,6,-7.404,2.369,4.411,inf,4,0,0
gen_09697,7,-7.398,2.388,4.462,inf,4,0,0
gen_09697,8,-7.368,2.852,4.331,inf,4,0,0
gen_09697,9,-7.358,2.516,2.851,inf,4,0,0
gen_09697,10,-7.338,2.323,3.668,inf,4,0,0
gen_09697,11,-7.284,2.393,3.467,inf,4,0,0
gen_09701,1,-7.470,2.803,4.418,10.260,2,1,0
gen_09701,2,-7.451,3.023,4.518,10.332,2,1,0
gen_09701,3,-7.424,3.042,4.393,10.330,2,1,0
gen_09701,4,-7.404,2.741,4.325,10.233,2,1,0
gen_09701,5,-7.347,3.142,4.494,10.377,2,1,0
gen_09701,6,-7.333,2.789,4.483,10.418,2,1,0
gen_09701,7,-7.285,2.764,4.372,10.343,2,1,0
gen_09701,8,-7.271,2.569,4.375,10.517,2,1,0
gen_09701,9,-7.186,2.790,4.709,10.633,2,1,0
gen_09701,10,-7.168,3.027,4.659,10.369,2,1,0
gen_09701,11,-6.943,2.746,4.764,10.617,2,1,0
gen_09701,12,-6.817,14.716,14.740,3.475,2,1,0
gen_09701,13,-6.805,16.296,17.324,3.641,2,1,0
gen_09701,14,-6.767,16.392,17.248,4.277,2,1,0
gen_09701,15,-6.449,2.983,4.926,10.698,2,1,0
gen_09833,1,-6.723,3.621,4.797,inf,4,0,0
gen_09833,2,-6.719,3.363,4.531,inf,4,0,0
gen_09833,3,-6.712,3.514,4.743,inf,4,0,0
gen_09833,4,-6.656,2.556,3.215,inf,4,0,0
gen_09833,5,-6.627,2.536,3.164,inf,4,0,0
gen_09833,6,-6.618,2.475,3.227,inf,4,0,0
gen_09833,7,-6.578,3.884,4.847,inf,4,0,0
gen_09833,8,-6.566,3.717,4.589,inf,4,0,0
gen_09833,9,-6.534,3.078,4.515,inf,4,0,0
gen_09833,10,-6.523,3.007,4.581,inf,4,0,0
gen_09833,11,-6.436,2.320,4.491,inf,4,0,0
gen_09860,1,-5.985,2.210,3.814,3.020,2,2,1
gen_09860,2,-5.918,2.729,3.959,2.967,2,2,1
gen_09860,3,-5.812,15.507,16.639,3.072,2,2,0
gen_09860,4,-5.779,10.544,11.047,3.001,2,2,0
gen_09860,5,-5.761,2.770,4.529,2.992,2,2,1
gen_09860,6,-5.703,15.445,16.578,3.092,2,2,0
gen_09860,7,-5.689,3.733,4.658,7.905,2,2,0
gen_09860,8,-5.679,13.151,14.564,3.020,2,2,0
gen_09860,9,-5.676,15.419,16.712,2.975,2,2,0
gen_09860,10,-5.660,15.477,16.801,2.921,2,2,0
gen_09860,11,-5.650,3.914,4.406,7.916,2,2,0
gen_09860,12,-5.588,3.127,4.489,7.963,2,2,0
gen_09860,13,-5.531,15.531,16.778,3.041,2,2,0
gen_09860,14,-5.504,2.855,4.515,11.446,2,2,0
gen_09875,1,-6.328,2.197,3.764,4.873,2,2,0
gen_09875,2,-6.326,2.520,4.662,5.825,2,2,0
gen_09875,3,-6.242,3.062,4.580,3.157,2,2,1
gen_09875,4,-6.235,2.937,4.506,2.952,2,2,1
gen_09875,5,-6.201,2.550,4.507,5.694,2,2,0
gen_09875,6,-6.182,2.592,4.668,5.778,2,2,0
gen_09875,7,-6.168,2.368,3.286,2.798,2,2,1
gen_09875,8,-6.150,3.234,4.646,2.786,2,2,0
gen_09875,9,-6.118,2.742,4.480,2.974,2,2,1
gen_09875,10,-6.043,2.686,4.616,4.146,2,2,0
gen_09897,1,-6.778,2.664,3.399,inf,4,0,0
gen_09897,2,-6.751,2.211,4.242,inf,4,0,0
gen_09897,3,-6.603,2.805,4.396,inf,4,0,0
gen_09897,4,-6.595,2.834,4.335,inf,4,0,0
gen_09897,5,-6.588,2.802,4.326,inf,4,0,0
gen_09897,6,-6.567,2.809,4.383,inf,4,0,0
gen_09897,7,-6.552,2.801,4.340,inf,4,0,0
gen_09897,8,-6.531,2.801,4.325,inf,4,0,0
gen_09897,9,-6.524,2.761,4.310,inf,4,0,0
gen_09897,10,-6.487,2.797,4.335,inf,4,0,0
gen_10033,1,-5.975,3.168,4.055,inf,4,0,0
gen_10078,1,-6.074,3.727,4.841,inf,4,0,0
gen_10078,2,-6.053,2.664,4.412,inf,4,0,0
gen_10078,3,-6.038,3.100,3.706,inf,4,0,0
gen_10078,4,-6.037,3.209,4.334,inf,4,0,0
gen_10078,5,-6.023,2.723,4.392,inf,4,0,0
gen_10078,6,-6.018,2.276,3.304,inf,4,0,0
gen_10078,7,-6.011,3.096,4.706,inf,4,0,0
gen_10078,8,-5.980,2.744,4.455,inf,4,0,0
gen_10078,9,-5.962,2.262,3.275,inf,4,0,0
gen_10078,10,-5.950,2.777,4.456,inf,4,0,0
gen_10078,11,-5.916,2.696,4.402,inf,4,0,0
gen_10078,12,-5.902,2.325,4.509,inf,4,0,0
gen_10078,13,-5.892,3.147,4.682,inf,4,0,0
gen_10096,1,-7.549,3.301,4.444,4.750,4,1,0
gen_10096,2,-7.539,3.413,4.356,4.732,4,1,0
gen_10096,3,-7.484,3.473,4.325,4.803,4,1,0
gen_10096,4,-7.473,3.165,4.597,4.964,4,1,0
gen_10096,5,-7.448,3.281,4.687,4.614,4,1,0
gen_10096,6,-7.421,3.545,4.293,4.768,4,1,0
gen_10096,7,-7.207,3.132,4.570,5.116,4,1,0
gen_10158,1,-6.487,2.665,4.262,inf,4,0,0
gen_10158,2,-6.459,2.604,4.429,inf,4,0,0
gen_10158,3,-6.437,2.571,4.410,inf,4,0,0
gen_10158,4,-6.392,2.793,4.362,inf,4,0,0
gen_10158,5,-6.389,2.794,4.316,inf,4,0,0
gen_10158,6,-6.374,3.141,4.547,inf,4,0,0
gen_10158,7,-6.364,2.764,4.048,inf,4,0,0
gen_10158,8,-6.359,3.114,4.525,inf,4,0,0
gen_10158,9,-6.357,2.531,4.362,inf,4,0,0
gen_10158,10,-6.343,3.191,4.584,inf,4,0,0
gen_10158,11,-6.340,3.115,4.528,inf,4,0,0
gen_10158,12,-6.329,2.568,4.414,inf,4,0,0
gen_10231,1,-6.744,2.200,3.278,inf,4,0,0
gen_10231,2,-6.729,2.330,3.249,inf,4,0,0
gen_10231,3,-6.591,2.214,3.305,inf,4,0,0
gen_10231,4,-6.585,2.250,3.307,inf,4,0,0
gen_10231,5,-6.558,2.255,3.337,inf,4,0,0
gen_10231,6,-6.528,2.980,4.526,inf,4,0,0
gen_10231,7,-6.460,2.721,4.467,inf,4,0,0
gen_10231,8,-6.382,3.182,4.627,inf,4,0,0
gen_10231,9,-6.373,2.267,3.370,inf,4,0,0
gen_10231,10,-6.352,3.194,4.572,inf,4,0,0
gen_10231,11,-6.352,3.129,4.621,inf,4,0,0
gen_10231,12,-6.222,2.755,4.413,inf,4,0,0
gen_10242,1,-8.035,3.223,4.441,inf,4,0,0
gen_10242,2,-8.003,3.104,4.534,inf,4,0,0
gen_10242,3,-7.914,2.446,3.170,inf,4,0,0
gen_10242,4,-7.909,3.137,4.663,inf,4,0,0
gen_10242,5,-7.897,2.757,4.507,inf,4,0,0
gen_10242,6,-7.891,3.234,4.564,inf,4,0,0
gen_10242,7,-7.873,3.096,4.808,inf,4,0,0
gen_10242,8,-7.863,2.960,4.470,inf,4,0,0
gen_10242,9,-7.769,3.180,4.527,inf,4,0,0
gen_10242,10,-7.610,2.298,3.144,inf,4,0,0
gen_10242,11,-7.587,2.940,4.608,inf,4,0,0
gen_10242,12,-7.414,2.349,3.986,inf,4,0,0
gen_10242,13,-7.400,3.095,3.848,inf,4,0,0
gen_10243,1,-6.662,2.286,4.311,2.906,2,2,1
gen_10243,2,-6.519,2.213,4.303,2.898,2,2,1
gen_10243,3,-6.443,2.255,4.305,4.882,2,2,0
gen_10243,4,-6.345,3.303,4.464,3.032,2,2,0
gen_10243,5,-6.325,2.202,4.296,3.006,2,2,1
gen_10243,6,-6.165,2.194,4.342,4.895,2,2,0
gen_10322,1,-7.037,2.782,4.294,inf,4,0,0
gen_10322,2,-6.972,2.724,4.289,inf,4,0,0
gen_10322,3,-6.941,3.130,4.358,inf,4,0,0
gen_10322,4,-6.916,3.164,4.340,inf,4,0,0
gen_10322,5,-6.906,2.733,4.126,inf,4,0,0
gen_10322,6,-6.841,2.814,4.386,inf,4,0,0
gen_10322,7,-6.817,2.870,4.353,inf,4,0,0
gen_10322,8,-6.749,2.874,4.366,inf,4,0,0
gen_10322,9,-6.721,2.738,4.505,inf,4,0,0
gen_10322,10,-6.660,3.167,4.404,inf,4,0,0
gen_10322,11,-6.602,2.753,4.209,inf,4,0,0
gen_10401,1,-5.558,2.200,4.373,inf,2,0,0
gen_10401,2,-5.495,3.260,3.912,inf,2,0,0
gen_10401,3,-5.470,3.109,3.820,inf,2,0,0
gen_10401,4,-5.467,2.217,4.352,inf,2,0,0
gen_10401,5,-5.462,2.199,4.338,inf,2,0,0
gen_10401,6,-5.461,2.298,4.375,inf,2,0,0
gen_10401,7,-5.394,6.101,6.213,inf,2,0,0
gen_10401,8,-5.393,2.200,4.401,inf,2,0,0
gen_10401,9,-5.383,2.201,4.401,inf,2,0,0
gen_10401,10,-5.370,2.214,4.432,inf,2,0,0
gen_10401,11,-5.368,6.106,6.234,inf,2,0,0
gen_10401,12,-5.336,2.214,4.401,inf,2,0,0
gen_10401,13,-5.293,2.199,4.426,inf,2,0,0
gen_10411,1,-6.882,4.254,4.429,5.665,2,2,0
gen_10411,2,-6.876,3.550,4.332,5.482,2,2,0
gen_10411,3,-6.830,3.162,3.679,5.286,2,2,0
gen_10411,4,-6.778,3.178,3.302,5.104,2,2,0
gen_10411,5,-6.559,3.215,4.363,5.948,2,2,0
gen_10411,6,-6.549,2.791,4.426,5.737,2,2,0
gen_10411,7,-6.535,6.455,7.445,3.072,2,2,0
gen_10432,1,-7.689,3.177,4.575,6.094,2,1,0
gen_10432,2,-7.609,3.195,4.729,5.898,2,1,0
gen_10432,3,-7.484,2.790,4.460,8.441,2,1,0
gen_10432,4,-7.438,3.090,4.666,7.910,2,1,0
gen_10432,5,-7.405,2.767,4.471,8.398,2,1,0
gen_10432,6,-7.387,2.796,4.494,7.801,2,1,0
gen_10432,7,-7.386,2.775,4.519,8.352,2,1,0
gen_10432,8,-7.382,2.777,4.440,8.328,2,1,0
gen_10432,9,-7.285,3.039,4.563,7.833,2,1,0
gen_10432,10,-7.278,2.864,4.493,7.776,2,1,0
gen_10498,1,-7.740,2.794,4.484,3.710,4,1,0
gen_10498,2,-7.726,2.823,4.530,4.628,4,1,0
gen_10498,3,-7.706,2.959,4.492,3.775,4,1,0
gen_10498,4,-7.703,2.808,4.512,4.603,4,1,0
gen_10536,1,-7.037,3.439,4.660,5.711,2,2,0
gen_10536,2,-7.013,3.529,4.680,5.729,2,2,0
gen_10536,3,-7.000,3.330,4.620,5.774,2,2,0
gen_10536,4,-6.964,3.361,4.718,5.944,2,2,0
gen_10536,5,-6.919,3.343,4.678,5.778,2,2,0
gen_10657,1,-6.249,3.225,4.747,inf,2,0,0
gen_10657,2,-6.197,3.193,4.663,inf,2,0,0
gen_10657,3,-6.175,3.129,4.691,inf,2,0,0
gen_10657,4,-6.149,3.226,4.601,inf,2,0,0
gen_10657,5,-6.143,3.192,4.642,inf,2,0,0
gen_10657,6,-6.126,3.241,4.639,inf,2,0,0
gen_10657,7,-6.098,3.241,4.606,inf,2,0,0
gen_10657,8,-6.092,3.125,4.727,inf,2,0,0
gen_10657,9,-6.070,3.246,4.619,inf,2,0,0
gen_10684,1,-6.882,4.366,5.273,3.069,2,3,0
gen_10684,2,-6.856,4.227,5.120,2.964,2,3,0
gen_10684,3,-6.814,2.592,4.310,4.762,2,3,0
gen_10684,4,-6.762,3.032,4.558,3.363,2,3,1
gen_10684,5,-6.685,15.711,15.713,2.910,2,3,0
gen_10684,6,-6.672,6.233,7.798,3.106,2,3,0
gen_10684,7,-6.621,5.007,6.177,3.032,2,3,0
gen_10684,8,-6.607,3.356,5.211,2.942,2,3,0
gen_10763,1,-6.764,2.866,4.521,inf,2,0,0
gen_10763,2,-6.723,3.145,4.545,inf,2,0,0
gen_10763,3,-6.691,2.523,3.732,inf,2,0,0
gen_10763,4,-6.669,2.850,4.493,inf,2,0,0
gen_10763,5,-6.662,3.264,4.656,inf,2,0,0
gen_10763,6,-6.662,2.818,4.492,inf,2,0,0
gen_10763,7,-6.638,2.751,3.889,inf,2,0,0
gen_10763,8,-6.635,3.239,4.465,inf,2,0,0
gen_10763,9,-6.600,3.240,4.648,inf,2,0,0
gen_10763,10,-6.593,2.736,3.719,inf,2,0,0
gen_10763,11,-6.591,3.307,4.392,inf,2,0,0
gen_10763,12,-6.555,2.611,4.192,inf,2,0,0
gen_10763,13,-6.528,2.949,4.635,inf,2,0,0
gen_10763,14,-6.511,2.837,3.664,inf,2,0,0
gen_10763,15,-6.331,2.953,4.581,inf,2,0,0
gen_10772,1,-6.918,3.465,4.547,3.270,2,3,0
gen_10772,2,-6.915,3.353,4.634,3.379,2,3,0
gen_10772,3,-6.873,3.214,4.430,3.104,2,3,0
gen_10772,4,-6.734,4.385,4.635,2.903,2,3,0
gen_10797,1,-6.426,3.234,4.630,inf,2,0,0
gen_10797,2,-6.412,3.230,4.623,inf,2,0,0
gen_10797,3,-6.409,3.189,4.654,inf,2,0,0
gen_10797,4,-6.383,3.201,4.714,inf,2,0,0
gen_10797,5,-6.379,3.203,4.701,inf,2,0,0
gen_10842,1,-6.875,7.792,8.744,2.891,2,2,0
gen_10842,2,-6.847,7.801,8.755,2.839,2,2,0
gen_10842,3,-6.824,7.838,8.925,2.884,2,2,0
gen_10842,4,-6.777,3.084,4.506,6.556,2,2,0
gen_10842,5,-6.762,3.162,4.551,6.406,2,2,0
gen_10842,6,-6.720,3.043,4.537,6.131,2,2,0
gen_10842,7,-6.681,2.842,4.440,6.510,2,2,0
gen_10842,8,-6.675,8.633,9.243,2.831,2,2,0
gen_10842,9,-6.650,7.777,8.444,2.908,2,2,0
gen_10842,10,-6.632,2.828,4.503,6.524,2,2,0
gen_10842,11,-6.582,2.424,3.249,4.088,2,2,0
gen_10842,12,-6.562,6.009,7.340,2.942,2,2,0
gen_10842,13,-6.531,2.421,3.170,6.684,2,2,0
gen_10842,14,-6.486,2.798,4.438,7.359,2,2,0
gen_10895,1,-6.957,2.426,3.298,4.372,2,1,0
gen_10895,2,-6.938,2.457,3.050,4.597,2,1,0
gen_10895,3,-6.923,2.559,2.629,4.605,2,1,0
gen_10895,4,-6.912,2.413,3.228,4.471,2,1,0
gen_10895,5,-6.885,2.513,2.798,4.549,2,1,0
gen_10895,6,-6.822,2.257,3.313,4.596,2,1,0
gen_10895,7,-6.798,2.350,3.418,4.555,2,1,0
gen_10895,8,-6.784,2.559,2.597,4.507,2,1,0
gen_10895,9,-6.760,2.290,3.640,4.542,2,1,0
gen_10895,10,-6.727,2.482,3.410,4.628,2,1,0
gen_10895,11,-6.698,2.551,2.682,4.760,2,1,0
gen_10895,12,-6.662,2.488,3.224,5.462,2,1,0
gen_10895,13,-6.644,2.518,2.632,4.739,2,1,0
gen_10895,14,-6.628,3.027,4.552,6.351,2,1,0
gen_10895,15,-6.555,2.583,2.657,4.760,2,1,0
gen_10895,16,-6.488,2.250,4.466,4.717,2,1,0
gen_10972,1,-7.672,3.140,4.380,6.310,2,2,0
gen_10972,2,-7.498,3.207,4.504,6.087,2,2,0
gen_10972,3,-7.467,2.860,4.298,6.732,2,2,0
gen_10972,4,-7.455,2.789,4.348,6.472,2,2,0
gen_10972,5,-7.447,15.093,16.673,2.801,2,2,0
gen_10972,6,-7.440,3.287,4.456,6.522,2,2,0
gen_10972,7,-7.434,2.854,4.328,6.520,2,2,0
gen_10972,8,-7.421,3.262,4.422,6.593,2,2,0
gen_10972,9,-7.412,2.888,4.475,5.779,2,2,0
gen_10972,10,-7.373,3.129,4.574,6.440,2,2,0
gen_10972,11,-7.305,2.789,4.511,6.030,2,2,0
gen_10972,12,-7.268,3.949,4.544,6.558,2,2,0
gen_10972,13,-7.225,2.947,4.555,6.413,2,2,0
gen_11058,1,-8.496,2.204,4.283,3.171,2,1,1
gen_11058,2,-8.293,2.203,4.351,3.357,2,1,1
gen_11058,3,-8.279,2.203,4.337,4.093,2,1,0
gen_11058,4,-8.222,2.213,4.218,3.091,2,1,1
gen_11058,5,-8.144,2.221,4.274,3.823,2,1,0
gen_11058,6,-8.092,2.270,4.300,3.712,2,1,0
gen_11058,7,-7.945,2.210,4.306,4.354,2,1,0
gen_11058,8,-7.906,10.428,10.447,8.321,2,1,0
gen_11058,9,-7.691,14.543,14.710,7.395,2,1,0
gen_11062,1,-7.025,2.515,3.210,inf,4,0,0
gen_11062,2,-6.989,2.517,3.155,inf,4,0,0
gen_11062,3,-6.958,2.533,3.153,inf,4,0,0
gen_11062,4,-6.953,2.634,3.219,inf,4,0,0
gen_11078,1,-7.516,3.024,4.433,6.391,2,2,0
gen_11078,2,-7.491,2.780,4.462,6.666,2,2,0
gen_11083,1,-8.100,3.154,4.261,3.817,2,3,0
gen_11083,2,-8.063,3.185,4.504,3.756,2,3,0
gen_11083,3,-7.957,3.117,4.584,4.614,2,3,0
gen_11083,4,-7.853,4.590,4.765,5.816,2,3,0
gen_11083,5,-7.812,2.478,4.339,2.979,2,3,1
gen_11083,6,-7.807,2.415,4.270,2.903,2,3,1
gen_11083,7,-7.786,2.346,4.280,3.831,2,3,0
gen_11083,8,-7.771,3.072,4.510,3.107,2,3,1
gen_11083,9,-7.761,2.338,4.279,3.856,2,3,0
gen_11083,10,-7.754,5.199,5.585,5.447,2,3,0
gen_11083,11,-7.747,2.395,4.321,2.847,2,3,1
gen_11083,12,-7.710,3.196,4.368,5.818,2,3,0
gen_11083,13,-7.649,6.789,6.920,5.181,2,3,0
gen_11083,14,-7.619,2.235,4.228,2.955,2,3,1
gen_11083,15,-7.548,4.506,4.517,3.957,2,3,0
gen_11092,1,-7.339,3.018,4.391,3.702,2,1,0
gen_11092,2,-7.326,3.049,4.407,3.731,2,1,0
gen_11092,3,-7.278,3.208,4.463,3.355,2,1,0
gen_11092,4,-7.275,3.144,4.533,3.401,2,1,1
gen_11092,5,-7.247,3.054,4.353,3.767,2,1,0
gen_11092,6,-7.206,3.337,4.330,4.313,2,1,0
gen_11092,7,-7.206,3.070,4.387,3.372,2,1,1
gen_11092,8,-7.117,3.203,4.598,3.385,2,1,0
gen_11092,9,-7.053,3.021,4.455,3.273,2,1,1
gen_11134,1,-8.489,3.187,4.455,3.100,2,3,1
gen_11134,2,-8.291,3.224,4.381,3.034,2,3,0
gen_11134,3,-8.279,3.589,4.743,2.867,2,3,0
gen_11134,4,-8.265,3.459,4.485,2.914,2,3,0
gen_11145,1,-8.306,2.706,4.362,inf,4,0,0
gen_11145,2,-8.165,2.811,4.276,inf,4,0,0
gen_11145,3,-8.084,2.821,3.797,inf,4,0,0
gen_11145,4,-8.030,2.792,3.574,inf,4,0,0
gen_11145,5,-8.002,2.976,3.617,inf,4,0,0
gen_11145,6,-7.986,2.670,2.786,inf,4,0,0
gen_11276,1,-7.208,3.180,4.585,3.111,2,2,1
gen_11276,2,-7.110,3.139,4.526,3.091,2,2,1
gen_11276,3,-7.066,4.550,5.738,2.923,2,2,0
gen_11276,4,-7.029,2.843,4.468,3.044,2,2,1
gen_11363,1,-8.091,3.043,4.376,inf,4,0,0
gen_11363,2,-8.054,3.094,4.319,inf,4,0,0
gen_11363,3,-8.045,2.834,4.351,inf,4,0,0
gen_11363,4,-7.993,2.786,4.314,inf,4,0,0
gen_11381,1,-6.273,8.836,9.547,3.041,2,2,0
gen_11381,2,-6.175,8.961,9.741,2.963,2,2,0
gen_11381,3,-6.080,9.621,10.862,2.975,2,2,0
gen_11381,4,-5.976,4.435,4.648,3.757,2,2,0
gen_11381,5,-5.929,2.372,2.952,3.218,2,2,1
gen_11381,6,-5.887,9.438,10.059,3.006,2,2,0
gen_11381,7,-5.875,16.749,17.087,3.047,2,2,0
gen_11381,8,-5.766,10.563,11.502,3.070,2,2,0
gen_11381,9,-5.745,9.741,10.159,2.972,2,2,0
gen_11381,10,-5.720,4.304,4.482,2.840,2,2,0
gen_11381,11,-5.642,9.851,10.062,3.016,2,2,0
gen_11518,1,-7.803,3.156,3.963,3.003,2,1,1
gen_11543,1,-7.802,3.237,4.682,inf,2,0,0
gen_11543,2,-7.692,2.833,4.520,inf,2,0,0
gen_11543,3,-7.678,2.844,4.552,inf,2,0,0
gen_11543,4,-7.667,3.169,4.659,inf,2,0,0
gen_11543,5,-7.414,3.210,4.024,inf,2,0,0
gen_11543,6,-7.251,3.197,4.645,inf,2,0,0
gen_11545,1,-6.902,2.370,4.240,inf,2,0,0
gen_11545,2,-6.880,2.371,4.253,inf,2,0,0
gen_11545,3,-6.833,2.556,4.517,inf,2,0,0
gen_11545,4,-6.788,2.589,4.442,inf,2,0,0
gen_11545,5,-6.764,2.800,4.642,inf,2,0,0
gen_11545,6,-6.744,2.398,4.121,inf,2,0,0
gen_11545,7,-6.737,2.337,3.958,inf,2,0,0
gen_11545,8,-6.725,2.296,4.483,inf,2,0,0
gen_11545,9,-6.440,8.554,9.627,inf,2,0,0
gen_11668,1,-6.813,2.469,4.611,2.884,2,1,1
gen_11668,2,-6.764,2.265,4.431,2.878,2,1,1
gen_11668,3,-6.748,14.765,16.705,3.069,2,1,0
gen_11668,4,-6.746,15.242,16.733,6.444,2,1,0
gen_11668,5,-6.723,14.798,16.746,3.017,2,1,0
gen_11668,6,-6.707,15.290,16.778,6.425,2,1,0
gen_11668,7,-6.682,15.178,16.703,6.429,2,1,0
gen_11668,8,-6.622,14.175,15.023,2.940,2,1,0
gen_11668,9,-6.576,15.228,16.749,6.392,2,1,0
gen_11703,1,-10.610,4.805,6.976,inf,4,0,0
gen_11703,2,-7.143,12.392,14.445,inf,4,0,0
gen_11788,1,-7.256,2.341,4.317,inf,4,0,0
gen_11788,2,-7.238,2.306,4.284,inf,4,0,0
gen_11788,3,-7.199,2.436,4.281,inf,4,0,0
gen_11788,4,-7.154,2.398,4.236,inf,4,0,0
gen_11827,1,-6.380,3.149,4.451,inf,2,0,0
gen_11827,2,-6.340,2.957,4.475,inf,2,0,0
gen_11827,3,-6.328,3.051,4.506,inf,2,0,0
gen_11827,4,-6.250,3.197,4.341,inf,2,0,0
gen_11827,5,-6.245,3.158,4.584,inf,2,0,0
gen_11827,6,-6.204,2.835,4.434,inf,2,0,0
gen_11827,7,-6.130,2.715,4.336,inf,2,0,0
gen_11827,8,-6.067,2.862,4.320,inf,2,0,0
gen_11896,1,-6.752,15.711,15.869,5.531,2,1,0
gen_11896,2,-6.751,15.549,16.175,5.558,2,1,0
gen_11896,3,-6.739,15.770,15.922,5.493,2,1,0
gen_11896,4,-6.668,3.775,4.383,5.226,2,1,0
gen_11896,5,-6.647,3.118,4.462,4.712,2,1,0
gen_11896,6,-6.629,15.861,16.439,5.645,2,1,0
gen_11896,7,-6.614,15.867,16.211,5.582,2,1,0
gen_11896,8,-6.585,3.296,3.911,4.381,2,1,0
gen_11896,9,-6.532,3.242,3.945,4.280,2,1,0
gen_11896,10,-6.479,3.403,3.608,4.316,2,1,0
gen_11919,1,-6.507,10.098,10.938,inf,2,0,0
gen_11919,2,-6.501,3.024,4.550,inf,2,0,0
gen_11919,3,-6.460,3.026,4.621,inf,2,0,0
gen_11919,4,-6.459,10.356,10.675,inf,2,0,0
gen_11919,5,-6.413,2.844,4.513,inf,2,0,0
gen_11919,6,-6.396,3.252,4.778,inf,2,0,0
gen_11948,1,-6.453,2.549,4.475,4.547,2,3,0
gen_11948,2,-6.392,3.154,4.608,4.594,2,3,0
gen_11948,3,-6.367,3.086,4.798,4.356,2,3,0
gen_11948,4,-6.326,3.215,4.729,4.568,2,3,0
gen_11948,5,-6.239,2.625,4.390,4.380,2,3,0
gen_11948,6,-6.196,9.852,11.097,7.461,2,3,0
gen_11948,7,-6.191,3.210,4.486,4.239,2,3,0
gen_11948,8,-6.166,2.744,4.516,4.053,2,3,0
gen_11948,9,-6.162,3.186,4.435,4.155,2,3,0
gen_11948,10,-6.123,3.109,4.573,11.130,2,3,0
gen_11948,11,-6.122,7.823,9.301,3.111,2,3,0
gen_11948,12,-6.122,2.232,4.398,4.796,2,3,0
gen_11948,13,-6.057,3.964,4.688,10.320,2,3,0
gen_12092,1,-5.967,14.860,16.641,6.466,2,1,0
gen_12092,2,-5.933,2.711,4.662,8.587,2,1,0
gen_12092,3,-5.927,2.783,4.506,8.975,2,1,0
gen_12092,4,-5.920,2.765,4.484,8.615,2,1,0
gen_12092,5,-5.918,2.739,4.624,9.137,2,1,0
gen_12092,6,-5.908,14.633,16.524,6.168,2,1,0
gen_12092,7,-5.901,2.731,4.454,9.278,2,1,0
gen_12092,8,-5.885,2.787,4.501,8.613,2,1,0
gen_12092,9,-5.850,2.770,4.431,8.999,2,1,0
gen_12092,10,-5.844,14.479,16.423,6.142,2,1,0
gen_12092,11,-5.844,2.742,4.470,9.353,2,1,0
gen_12128,1,-7.775,3.179,4.608,inf,2,0,0
gen_12207,1,-1.204,7.856,7.940,inf,4,0,0
gen_12220,1,-7.038,3.230,4.474,inf,2,0,0
gen_12220,2,-6.977,3.238,3.969,inf,2,0,0
gen_12220,3,-6.954,3.186,4.468,inf,2,0,0
gen_12220,4,-6.940,2.565,4.296,inf,2,0,0
gen_12220,5,-6.917,2.637,4.392,inf,2,0,0
gen_12220,6,-6.914,3.152,4.466,inf,2,0,0
gen_12220,7,-6.912,3.259,3.815,inf,2,0,0
gen_12220,8,-6.881,2.544,4.348,inf,2,0,0
gen_12220,9,-6.872,3.237,3.920,inf,2,0,0
gen_12220,10,-6.867,3.376,4.414,inf,2,0,0
gen_12220,11,-6.865,2.651,4.400,inf,2,0,0
gen_12220,12,-6.817,3.216,3.997,inf,2,0,0
gen_12220,13,-6.815,3.006,4.383,inf,2,0,0
gen_12220,14,-6.789,2.832,4.459,inf,2,0,0
gen_12220,15,-6.691,3.321,4.162,inf,2,0,0
gen_12253,1,-7.463,3.120,4.534,inf,2,0,0
gen_12253,2,-7.364,2.958,4.591,inf,2,0,0
gen_12255,1,-6.608,2.761,4.389,inf,2,0,0
gen_12255,2,-6.543,2.749,4.394,inf,2,0,0
gen_12255,3,-6.476,2.772,4.408,inf,2,0,0
gen_12412,1,-6.702,3.056,4.675,inf,2,0,0
gen_12412,2,-6.410,2.818,4.483,inf,2,0,0
gen_12412,3,-6.409,2.827,4.532,inf,2,0,0
gen_12412,4,-6.378,2.878,4.506,inf,2,0,0
gen_12428,1,-7.854,2.717,4.451,3.619,2,2,0
gen_12428,2,-7.739,12.778,13.258,2.946,2,2,0
gen_12428,3,-7.718,12.725,13.282,2.906,2,2,0
gen_12428,4,-7.690,12.654,13.049,2.925,2,2,0
gen_12428,5,-7.677,12.836,13.454,2.846,2,2,0
gen_12428,6,-7.644,12.766,13.259,2.932,2,2,0
gen_12428,7,-7.613,12.588,13.145,2.908,2,2,0
gen_12466,1,-7.207,14.873,14.887,3.240,4,2,0
gen_12466,2,-7.187,2.205,3.230,5.523,4,2,0
gen_12466,3,-7.098,15.143,15.553,3.219,4,2,0
gen_12466,4,-7.094,14.978,14.986,3.027,4,2,0
gen_12466,5,-7.083,15.039,15.446,2.923,4,2,0
gen_12466,6,-6.993,2.272,3.154,5.369,4,2,0
gen_12466,7,-6.985,14.175,14.234,3.270,4,2,0
gen_12466,8,-6.957,14.405,14.657,3.329,4,2,0
gen_12466,9,-6.928,14.855,15.007,3.223,4,2,0
gen_12466,10,-6.890,14.674,14.889,3.158,4,2,0
gen_12466,11,-6.884,14.995,15.881,3.742,4,2,0
gen_12466,12,-6.872,14.120,14.505,3.247,4,2,0
gen_12466,13,-6.841,14.825,15.436,3.230,4,2,0
gen_12466,14,-6.789,15.096,15.386,3.888,4,2,0
gen_12466,15,-6.750,15.305,16.035,3.037,4,2,0
gen_12544,1,-7.307,6.790,7.835,5.721,2,1,0
gen_12544,2,-7.252,6.989,7.854,5.713,2,1,0
gen_12544,3,-7.247,6.999,7.830,5.701,2,1,0
gen_12544,4,-7.247,6.888,7.761,5.673,2,1,0
gen_12544,5,-7.232,6.980,7.762,5.667,2,1,0
gen_12544,6,-7.115,4.269,4.554,4.279,2,1,0
gen_12544,7,-6.892,6.810,7.576,5.687,2,1,0
gen_12580,1,-7.566,3.156,4.954,6.401,4,1,0
gen_12580,2,-7.542,3.261,4.976,6.251,4,1,0
gen_12580,3,-7.369,4.069,4.561,5.665,4,1,0
gen_12580,4,-7.363,9.918,10.205,5.924,4,1,0
gen_12580,5,-7.325,3.949,4.477,6.060,4,1,0
gen_12580,6,-7.305,2.500,3.231,4.917,4,1,0
gen_12580,7,-7.282,9.924,10.206,5.892,4,1,0
gen_12580,8,-7.282,3.586,4.385,6.290,4,1,0
gen_12580,9,-7.262,3.173,4.926,6.341,4,1,0
gen_12580,10,-7.248,2.613,2.855,5.242,4,1,0
gen_12580,11,-7.194,3.739,5.139,5.829,4,1,0
gen_12580,12,-7.164,2.608,3.141,5.310,4,1,0
gen_12580,13,-7.137,3.593,5.120,5.931,4,1,0
gen_12580,14,-7.054,9.968,10.154,5.864,4,1,0
gen_12625,1,-7.163,7.253,8.784,inf,2,0,0
gen_12625,2,-7.110,7.444,8.827,inf,2,0,0
gen_12625,3,-6.988,8.899,9.344,inf,2,0,0
gen_12625,4,-6.913,8.476,8.642,inf,2,0,0
gen_12625,5,-6.855,7.994,8.381,inf,2,0,0
gen_12625,6,-6.847,3.146,4.591,inf,2,0,0
gen_12625,7,-6.785,7.276,7.830,inf,2,0,0
gen_12625,8,-6.747,7.933,9.554,inf,2,0,0
gen_12625,9,-6.664,14.484,14.637,inf,2,0,0
gen_12641,1,-6.499,2.846,4.550,inf,2,0,0
gen_12641,2,-6.497,2.843,4.530,inf,2,0,0
gen_12673,1,-6.884,3.163,4.673,inf,4,0,0
gen_12673,2,-6.865,3.091,4.507,inf,4,0,0
gen_12673,3,-6.825,3.074,4.764,inf,4,0,0
gen_12673,4,-6.821,3.102,4.558,inf,4,0,0
gen_12673,5,-6.727,3.239,4.680,inf,4,0,0
gen_12673,6,-6.723,3.130,4.638,inf,4,0,0
gen_12673,7,-6.686,3.122,4.498,inf,4,0,0
gen_12673,8,-6.684,3.262,4.700,inf,4,0,0
gen_12694,1,-7.228,2.774,4.438,inf,4,0,0
gen_12694,2,-7.189,3.254,4.430,inf,4,0,0
gen_12694,3,-7.173,2.961,4.512,inf,4,0,0
gen_12694,4,-7.152,2.805,4.476,inf,4,0,0
gen_12694,5,-7.131,2.733,4.346,inf,4,0,0
gen_12694,6,-6.946,2.979,4.345,inf,4,0,0
gen_12694,7,-6.909,2.559,4.381,inf,4,0,0
gen_12694,8,-6.906,2.853,4.390,inf,4,0,0
gen_12694,9,-6.893,2.864,4.409,inf,4,0,0
gen_12694,10,-6.888,2.789,4.302,inf,4,0,0
gen_12694,11,-6.883,2.625,3.027,inf,4,0,0
gen_12694,12,-6.839,3.206,4.024,inf,4,0,0
gen_12694,13,-6.821,2.771,4.283,inf,4,0,0
gen_12695,1,-6.876,3.162,4.734,inf,2,0,0
gen_12695,2,-6.860,3.166,4.738,inf,2,0,0
gen_12695,3,-6.832,3.243,4.438,inf,2,0,0
gen_12695,4,-6.820,3.199,4.392,inf,2,0,0
gen_12695,5,-6.764,3.226,4.297,inf,2,0,0
gen_12695,6,-6.725,4.143,4.539,inf,2,0,0
gen_12695,7,-6.723,4.352,4.605,inf,2,0,0
gen_12695,8,-6.678,4.245,4.516,inf,2,0,0
gen_12695,9,-6.648,4.337,4.560,inf,2,0,0
gen_12695,10,-6.625,4.005,4.409,inf,2,0,0
gen_12721,1,-6.314,2.812,3.788,inf,2,0,0
gen_12721,2,-6.306,2.858,3.766,inf,2,0,0
gen_12721,3,-6.267,2.827,4.500,inf,2,0,0
gen_12721,4,-6.223,3.078,4.568,inf,2,0,0
gen_12721,5,-6.217,2.807,4.554,inf,2,0,0
gen_12723,1,-6.651,2.455,3.119,6.728,4,1,0
gen_12723,2,-6.512,2.525,3.808,6.264,4,1,0
gen_12723,3,-6.510,2.296,3.729,6.458,4,1,0
gen_12723,4,-6.474,2.351,3.719,6.133,4,1,0
gen_12723,5,-6.448,2.491,3.222,5.929,4,1,0
gen_12723,6,-6.390,6.760,7.240,7.209,4,1,0
gen_12723,7,-6.356,6.543,7.439,7.225,4,1,0
gen_12723,8,-6.351,2.256,4.479,3.959,4,1,0
gen_12723,9,-6.344,6.621,7.466,7.150,4,1,0
gen_12723,10,-6.329,2.265,4.401,2.902,4,1,1
gen_12723,11,-6.306,2.215,4.384,2.840,4,1,1
gen_12723,12,-6.250,2.230,4.379,2.897,4,1,1
gen_12739,1,-6.562,3.264,4.417,3.129,2,2,0
gen_12739,2,-6.496,3.605,4.580,3.114,2,2,0
gen_12739,3,-6.472,3.638,4.503,3.767,2,2,0
gen_12739,4,-6.439,6.283,6.386,3.163,2,2,0
gen_12739,5,-6.426,3.881,4.897,2.904,2,2,0
gen_12739,6,-6.286,3.190,4.629,4.610,2,2,0
gen_12739,7,-6.192,2.293,4.410,4.992,2,2,0
gen_12739,8,-6.153,2.407,3.997,6.025,2,2,0
gen_12739,9,-6.124,6.317,6.682,2.918,2,2,0
gen_12739,10,-6.046,2.365,3.969,6.138,2,2,0
gen_12739,11,-5.979,6.276,6.435,4.690,2,2,0
gen_12739,12,-5.946,6.252,6.580,5.136,2,2,0
gen_12752,1,-7.929,2.224,3.359,2.866,2,2,1
gen_12752,2,-7.828,2.814,4.524,7.004,2,2,0
gen_12752,3,-7.804,2.606,3.413,2.883,2,2,1
gen_13048,1,-6.433,2.823,4.489,inf,2,0,0
gen_13048,2,-6.417,2.815,4.436,inf,2,0,0
gen_13048,3,-6.416,2.750,4.485,inf,2,0,0
gen_13048,4,-6.381,2.790,4.510,inf,2,0,0
gen_13051,1,-7.459,15.761,16.762,inf,2,0,0
gen_13051,2,-7.456,15.873,16.785,inf,2,0,0
gen_13051,3,-7.341,15.874,16.704,inf,2,0,0
gen_13051,4,-7.337,3.455,3.795,inf,2,0,0
gen_13051,5,-7.323,3.224,3.259,inf,2,0,0
gen_13051,6,-7.309,15.824,16.781,inf,2,0,0
gen_13051,7,-7.171,2.948,3.139,inf,2,0,0
gen_13078,1,-6.408,2.841,3.216,6.196,4,1,0
gen_13078,2,-6.403,2.828,3.158,6.232,4,1,0
gen_13078,3,-6.342,2.621,3.278,6.167,4,1,0
gen_13078,4,-6.318,3.058,3.214,6.301,4,1,0
gen_13078,5,-6.267,3.160,4.457,2.735,4,1,1
gen_13078,6,-6.143,2.205,4.423,2.753,4,1,1
gen_13084,1,-5.921,3.271,4.459,3.145,2,1,0
gen_13084,2,-5.864,2.610,4.407,3.631,2,1,0
gen_13084,3,-5.843,3.244,4.484,3.152,2,1,0
gen_13084,4,-5.833,2.734,4.431,4.589,2,1,0
gen_13084,5,-5.781,2.676,4.467,3.628,2,1,0
gen_13084,6,-5.760,2.769,4.352,3.235,2,1,1
gen_13084,7,-5.715,2.724,4.447,4.595,2,1,0
gen_13101,1,-6.163,2.762,4.481,inf,2,0,0
gen_13101,2,-5.933,3.225,3.722,inf,2,0,0
gen_13101,3,-5.887,3.226,3.981,inf,2,0,0
gen_13101,4,-5.842,3.156,3.711,inf,2,0,0
gen_13101,5,-5.842,3.062,3.869,inf,2,0,0
gen_13101,6,-5.836,2.631,4.537,inf,2,0,0
gen_13101,7,-5.809,2.472,4.387,inf,2,0,0
gen_13101,8,-5.784,3.148,3.715,inf,2,0,0
gen_13101,9,-5.701,2.968,3.686,inf,2,0,0
gen_13101,10,-5.669,2.785,4.303,inf,2,0,0
gen_13106,1,-7.451,3.134,4.645,inf,4,0,0
gen_13106,2,-7.449,3.121,4.614,inf,4,0,0
gen_13106,3,-7.426,3.119,4.682,inf,4,0,0
gen_13106,4,-7.415,3.079,4.643,inf,4,0,0
gen_13106,5,-7.413,3.069,4.647,inf,4,0,0
gen_13106,6,-7.404,3.096,4.621,inf,4,0,0
gen_13106,7,-7.292,3.121,4.578,inf,4,0,0
gen_13106,8,-7.286,3.152,4.626,inf,4,0,0
gen_13106,9,-7.252,3.192,4.718,inf,4,0,0
gen_13106,10,-7.169,3.094,4.632,inf,4,0,0
gen_13193,1,-8.394,3.362,4.590,2.868,2,3,0
gen_13193,2,-8.341,3.326,4.538,2.899,2,3,0
gen_13308,1,-6.573,2.797,4.510,4.749,2,1,0
gen_13308,2,-6.564,2.749,4.452,4.874,2,1,0
gen_13308,3,-6.534,2.803,4.464,4.937,2,1,0
gen_13308,4,-6.529,2.727,4.419,4.884,2,1,0
gen_13358,1,-6.999,3.080,4.559,inf,2,0,0
gen_13358,2,-6.982,3.198,4.531,inf,2,0,0
gen_13358,3,-6.967,3.182,4.466,inf,2,0,0
gen_13358,4,-6.953,3.096,4.634,inf,2,0,0
gen_13358,5,-6.925,3.232,4.601,inf,2,0,0
gen_13358,6,-6.925,3.179,4.633,inf,2,0,0
gen_13358,7,-6.919,3.018,4.566,inf,2,0,0
gen_13358,8,-6.849,3.097,4.622,inf,2,0,0
gen_13358,9,-6.846,2.871,4.493,inf,2,0,0
gen_13358,10,-6.831,3.229,4.687,inf,2,0,0
gen_13358,11,-6.829,7.541,7.656,inf,2,0,0
gen_13358,12,-6.819,2.852,4.571,inf,2,0,0
gen_13358,13,-6.817,3.122,4.629,inf,2,0,0
gen_13358,14,-6.781,2.797,4.527,inf,2,0,0
gen_13358,15,-6.744,3.180,4.589,inf,2,0,0
gen_13358,16,-6.727,2.848,4.439,inf,2,0,0
gen_13417,1,-6.260,3.110,4.515,inf,2,0,0
gen_13417,2,-6.203,2.837,4.473,inf,2,0,0
gen_13417,3,-6.201,3.089,4.569,inf,2,0,0
gen_13417,4,-6.140,2.828,4.464,inf,2,0,0
gen_13417,5,-6.139,2.827,4.503,inf,2,0,0
gen_13417,6,-6.089,4.109,4.640,inf,2,0,0
gen_13417,7,-6.074,2.832,4.520,inf,2,0,0
gen_13417,8,-6.072,4.202,4.616,inf,2,0,0
gen_13417,9,-6.040,2.448,3.108,inf,2,0,0
gen_13417,10,-6.040,4.243,4.626,inf,2,0,0
gen_13417,11,-6.016,4.140,4.470,inf,2,0,0
gen_13417,12,-5.957,2.820,4.474,inf,2,0,0
gen_13417,13,-5.933,3.925,4.648,inf,2,0,0
gen_13417,14,-5.929,2.881,4.492,inf,2,0,0
gen_13437,1,4.847,5.427,6.409,inf,2,0,0
gen_13513,1,-6.850,4.413,4.440,2.888,2,2,0
gen_13513,2,-6.747,4.264,4.544,2.957,2,2,0
gen_13513,3,-6.741,4.247,4.534,2.985,2,2,0
gen_13513,4,-6.702,4.280,4.469,3.071,2,2,0
gen_13585,1,-6.494,3.068,4.543,inf,4,0,0
gen_13585,2,-6.472,3.102,4.620,inf,4,0,0
gen_13585,3,-6.416,2.701,4.449,inf,4,0,0
gen_13585,4,-6.402,2.818,4.544,inf,4,0,0
gen_13585,5,-6.381,3.040,4.490,inf,4,0,0
gen_13585,6,-6.378,3.018,4.552,inf,4,0,0
gen_13585,7,-6.368,3.176,4.650,inf,4,0,0
gen_13585,8,-6.359,2.968,4.538,inf,4,0,0
gen_13585,9,-6.350,2.994,4.596,inf,4,0,0
gen_13585,10,-6.348,2.409,2.736,inf,4,0,0
gen_13585,11,-6.329,2.779,4.465,inf,4,0,0
gen_13585,12,-6.329,2.860,4.553,inf,4,0,0
gen_13585,13,-6.252,3.093,4.516,inf,4,0,0
gen_13585,14,-6.234,2.817,3.025,inf,4,0,0
gen_13585,15,-6.155,3.189,4.476,inf,4,0,0
gen_13634,1,-7.778,3.185,4.528,7.064,2,1,0
gen_13634,2,-7.688,3.228,4.413,7.015,2,1,0
gen_13634,3,-7.658,3.216,4.565,6.975,2,1,0
gen_13634,4,-7.609,3.262,4.472,6.974,2,1,0
gen_13634,5,-7.516,2.968,4.096,5.505,2,1,0
gen_13634,6,-7.454,2.977,4.232,5.701,2,1,0
gen_13634,7,-7.391,2.807,4.227,5.638,2,1,0
gen_13634,8,-7.258,2.295,3.349,5.725,2,1,0
gen_13634,9,-7.228,2.203,3.439,5.604,2,1,0
gen_13644,1,-5.760,5.030,5.522,inf,2,0,0
gen_13644,2,-5.743,5.193,5.682,inf,2,0,0
gen_13644,3,-5.614,5.272,6.249,inf,2,0,0
gen_13644,4,-5.612,2.333,4.469,inf,2,0,0
gen_13644,5,-5.602,5.580,6.232,inf,2,0,0
gen_13644,6,-5.594,6.787,7.118,inf,2,0,0
gen_13644,7,-5.548,5.281,6.134,inf,2,0,0
gen_13644,8,-5.529,5.613,6.212,inf,2,0,0
gen_13644,9,-5.459,2.567,4.607,inf,2,0,0
gen_13644,10,-5.452,2.834,4.525,inf,2,0,0
gen_13645,1,-7.497,8.741,10.298,inf,4,0,0
gen_13645,2,-7.487,8.826,10.398,inf,4,0,0
gen_13645,3,-7.462,8.811,10.368,inf,4,0,0
gen_13645,4,-7.459,8.841,10.351,inf,4,0,0
gen_13645,5,-7.437,8.831,10.374,inf,4,0,0
gen_13645,6,-7.414,8.939,10.331,inf,4,0,0
gen_13645,7,-7.394,8.820,10.426,inf,4,0,0
gen_13645,8,-7.334,8.758,10.355,inf,4,0,0
gen_13645,9,-7.283,8.903,10.354,inf,4,0,0
gen_13701,1,-7.117,9.310,10.024,inf,2,0,0
gen_13701,2,-6.951,3.199,4.562,inf,2,0,0
gen_13701,3,-6.801,3.538,4.608,inf,2,0,0
gen_13701,4,-6.763,3.542,4.646,inf,2,0,0
gen_13701,5,-6.681,3.142,4.602,inf,2,0,0
gen_13701,6,-6.656,2.872,4.421,inf,2,0,0
gen_13701,7,-6.656,2.748,4.471,inf,2,0,0
gen_13701,8,-6.633,3.438,4.681,inf,2,0,0
gen_13701,9,-6.612,3.149,4.475,inf,2,0,0
gen_13701,10,-6.599,3.223,4.405,inf,2,0,0
gen_13701,11,-6.542,2.799,4.382,inf,2,0,0
gen_13701,12,-6.539,2.423,3.276,inf,2,0,0
gen_13732,1,-6.214,3.089,4.466,inf,4,0,0
gen_13732,2,-6.176,2.829,4.442,inf,4,0,0
gen_13757,1,-7.361,2.369,3.957,2.905,2,1,1
gen_13757,2,-7.343,2.777,4.611,2.949,2,1,1
gen_13757,3,-7.342,2.425,3.957,2.885,2,1,1
gen_13757,4,-7.287,2.810,4.714,2.969,2,1,1
