SMILES,Comment,RDKit_SMILES (REINVENT),Score,sim A1AFA,sim CHEMBL4649232,sim PLN-1474,TPSA,SlogP,QED,carboxylic acid,alerts,sim A1AFA (raw),sim CHEMBL4649232 (raw),sim PLN-1474 (raw),TPSA (raw),SlogP (raw),QED (raw),carboxylic acid (raw),alerts (raw)
O=C(NC(Cc1ccccc1)C(=O)O)c1ccc(Cl)cc1Cl,,O=C(NC(Cc1ccccc1)C(=O)O)c1ccc(Cl)cc1Cl,0.3517728784624044,1.0,0.99963653,0.003843679,0.9999602,0.5617758,0.8778882140919705,1.0,1.0,1.0,0.44696969696969696,0.15432098765432098,66.4,3.419100000000002,0.8778882140919705,1.0,1.0
COCCN(CCCCc1ccc2c(n1)NCCC2)CCC(Nc1ncnc2ccccc12)C(=O)O,,COCCN(CCCCc1ccc2c(n1)NCCC2)CCC(Nc1ncnc2ccccc12)C(=O)O,0.1648642023751411,0.01665404,0.0107202,0.9810085,0.94675976,0.4168129,0.2905240617309166,1.0,1.0,0.1864406779661017,0.17674418604651163,0.36065573770491804,112.50000000000001,3.6094000000000017,0.2905240617309166,1.0,1.0
CC(C)(C)c1cc(Br)cc(C(CC(=O)O)NC(=O)CNC(=O)c2cc(O)cc(NC3=NCC(O)CN3)c2)c1,,CC(C)(C)c1cc(Br)cc(C(CC(=O)O)NC(=O)CNC(=O)c2cc(O)cc(NC3=NCC(O)CN3)c2)c1,0.008779222355950259,0.16168918,0.1502357,0.007845797,0.0,0.9791495,0.24535590151241898,1.0,1.0,0.2392638036809816,0.23737373737373738,0.16990291262135923,172.38,2.2462,0.24535590151241898,1.0,1.0
COc1ccc(S(=O)(=O)NC(CNc2nc(C)nc(N3CCC(c4ccc5c(n4)NCCC5)CC3)c2C)C(=O)O)cc1,,COc1ccc(S(=O)(=O)NC(CNc2nc(C)nc(N3CCC(c4ccc5c(n4)NCCC5)CC3)c2C)C(=O)O)cc1,0.025784413336739472,0.054685406,0.07743874,0.9086067,3.5762787e-07,0.782626,0.27286795018036614,1.0,1.0,0.21311475409836064,0.22119815668202766,0.3248730964467005,158.67,3.0827400000000003,0.27286795018036614,1.0,1.0
CC1(C(=O)NC(CCCCCCCc2ccc3c(n2)NCCC3)C(=O)O)CCOCC1,,CC1(C(=O)NC(CCCCCCCc2ccc3c(n2)NCCC3)C(=O)O)CCOCC1,0.11661942969443079,0.003843679,0.0041095046,1.0,0.9994271,0.3449422,0.46194640713831103,1.0,1.0,0.15432098765432098,0.15577889447236182,1.0,100.55000000000001,3.7089000000000025,0.46194640713831103,1.0,1.0
CCNC(=O)Nc1cnnc(-c2ccc(CC(NC(=O)c3c(Cl)cccc3Cl)C(=O)O)cc2)c1,,CCNC(=O)Nc1cnnc(-c2ccc(CC(NC(=O)c3c(Cl)cccc3Cl)C(=O)O)cc2)c1,0.10747047591495834,0.99963653,1.0,0.0041095046,0.0060124397,0.16955507,0.36791043130062656,1.0,1.0,0.44696969696969696,1.0,0.15577889447236182,133.30999999999997,4.017500000000003,0.36791043130062656,1.0,1.0
COc1ccc(S(=O)(=O)NC(CNC(=O)C2CCCN(C(=O)CCCc3ccccc3)C2)C(=O)O)cc1,,COc1ccc(S(=O)(=O)NC(CNC(=O)C2CCCN(C(=O)CCCc3ccccc3)C2)C(=O)O)cc1,0.12848475053591896,0.84416616,0.29815713,0.22953379,0.0002065301,0.9945446,0.379124886470047,1.0,1.0,0.3116883116883117,0.2564102564102564,0.24870466321243523,142.10999999999999,1.8044000000000007,0.379124886470047,1.0,1.0
CC(C)CC(NC(=O)C(CCC(=O)O)NC(=O)C(NC(=O)c1cccc(O)c1O)C(=O)O)C(=O)O,,CC(C)CC(NC(=O)C(CCC(=O)O)NC(=O)C(NC(=O)c1cccc(O)c1O)C(=O)O)C(=O)O,0.006685415716983364,0.02428983,0.042658255,0.06924968,0.0,0.99999785,0.12443039925641838,1.0,1.0,0.19480519480519481,0.2074468085106383,0.2185792349726776,239.65999999999994,-0.7540999999999976,0.12443039925641838,1.0,1.0
O=C(CN1CCN(c2ccccc2Cl)CC1)NCC(NC(=O)c1ccccc1Cl)C(=O)O,,O=C(CN1CCN(c2ccccc2Cl)CC1)NCC(NC(=O)c1ccccc1Cl)C(=O)O,0.4269355896922292,0.99890864,0.9681084,0.011851395,0.99900866,0.9859741,0.536438890393466,1.0,1.0,0.4230769230769231,0.34911242603550297,0.17894736842105263,101.98,2.1148,0.536438890393466,1.0,1.0
CCCC(NC(=O)C(=O)N(C)CCc1c[nH]c2ccccc12)C(=O)CC(NC(=O)c1c(Cl)cccc1Cl)C(=O)O,,CCCC(NC(=O)C(=O)N(C)CCc1c[nH]c2ccccc12)C(=O)CC(NC(=O)c1c(Cl)cccc1Cl)C(=O)O,0.06578668728964668,0.8823383,0.9848112,0.055833284,1.66893e-05,0.42167163,0.23742942073529674,1.0,1.0,0.31875,0.3655913978494624,0.21359223300970873,148.67,3.602900000000001,0.23742942073529674,1.0,1.0
CNC(C)CN=c1nc(N(CCOC)CCOC)[nH]c2sc(=Nc3ccccc3)[nH]c12,,CNC(C)CN=c1nc(N(CCOC)CCOC)[nH]c2sc(=Nc3ccccc3)[nH]c12,0.026051652494869147,0.008206212,0.0033793475,0.0017392451,0.9985786,0.9947361,0.4176046765212784,0.5,1.0,0.17088607594936708,0.15151515151515152,0.13705583756345177,102.92000000000002,1.7927000000000004,0.4176046765212784,0.5,1.0
CCCC(=O)NCCC(=O)NCC(NC(=O)c1c(F)cccc1Cl)C(=O)O,,CCCC(=O)NCCC(=O)NCC(NC(=O)c1c(F)cccc1Cl)C(=O)O,0.38076556057289357,0.702431,0.9893176,0.06433812,0.14612597,0.99939835,0.46673699557356074,1.0,1.0,0.29365079365079366,0.37333333333333335,0.21686746987951808,124.60000000000001,1.0847000000000004,0.46673699557356074,1.0,1.0
COc1cc(CNc2ccc(NC(=O)CN3CCCC3)cc2)nc(NC(=O)c2cc(C)cc(C)c2)c1,,COc1cc(CNc2ccc(NC(=O)CN3CCCC3)cc2)nc(NC(=O)c2cc(C)cc(C)c2)c1,0.029742099482718803,0.013181599,0.054108664,0.004688518,0.9999146,0.032460093,0.40815653132844526,0.5,1.0,0.18128654970760233,0.21287128712871287,0.15865384615384615,95.59,4.6057400000000035,0.40815653132844526,0.5,1.0
O=C(O)CCNC(=O)c1ccc(CC(N=c2[nH]c(-c3cc(F)cc(F)c3)cs2)C(=O)O)cc1,,O=C(O)CCNC(=O)c1ccc(CC(N=c2[nH]c(-c3cc(F)cc(F)c3)cs2)C(=O)O)cc1,0.12615186531770686,0.9843725,0.92476237,0.0012573424,0.010481417,0.88894427,0.3779414259060269,1.0,1.0,0.36496350364963503,0.32947976878612717,0.13,131.85,2.8225000000000007,0.3779414259060269,1.0,1.0
O=C(O)c1c[nH]c2nc(CCn3cnnc3)nn2c1=O,,O=C(O)c1c[nH]c2nc(CCn3cnnc3)nn2c1=O,0.01083404844666292,0.0009554428,0.0007596648,0.00025389338,0.014141023,0.99999917,0.6205638282189769,1.0,1.0,0.12403100775193798,0.11904761904761904,0.09523809523809523,131.06,-1.0500000000000003,0.6205638282189769,1.0,1.0
CCCN(CCC)c1cnc(N)c(C#Cc2cnc(OC)nc2)c1N,,CCCN(CCC)c1cnc(N)c(C#Cc2cnc(OC)nc2)c1N,0.01715408372830923,0.0005464174,0.0011730661,0.0033251338,0.9984297,0.9877246,0.7758466884043979,0.5,1.0,0.11188811188811189,0.12849162011173185,0.1511627906976744,103.18,2.0707999999999998,0.7758466884043979,0.5,1.0
CCCCCCCCCCCCCCCCCCC(=O)Nc1ccc2c(c1)cc1ccccc1[n+]2CC,,CCCCCCCCCCCCCCCCCCC(=O)Nc1ccc2c(c1)cc1ccccc1[n+]2CC,0.0009421290160342964,0.003231076,0.0035301368,0.06290792,0.063326865,0.0,0.09849421250863838,0.5,1.0,0.15053763440860216,0.15246636771300448,0.21634615384615385,32.980000000000004,9.890499999999998,0.09849421250863838,0.5,1.0
O=C(Cn1c(=O)[nH]c2ncccc21)NCC(NC(=O)c1c(Cl)cccc1Cl)C(=O)O,,O=C(Cn1c(=O)[nH]c2ncccc21)NCC(NC(=O)c1c(Cl)cccc1Cl)C(=O)O,0.06358776506087935,0.94868946,0.997781,0.0038321158,4.3272972e-05,0.9994901,0.42135528567128744,1.0,1.0,0.3383458646616541,0.40764331210191085,0.15425531914893617,146.17999999999998,1.0307999999999995,0.42135528567128744,1.0,1.0
CC(C=NNC(=O)Cn1c(=O)[nH]c2ncccc21)c1ccc2c(c1)OCO2,,CC(C=NNC(=O)Cn1c(=O)[nH]c2ncccc21)c1ccc2c(c1)OCO2,0.0,0.0,0.0,0.0,0.0,0.0,0.0,0.0,0.0,0.0,0.0,0.0,0.0,0.0,0.0,0.0,0.0
C#CCN(C)Cc1c(C)n(CC(=O)c2ccccc2)c2ccc(Br)cc12,,C#CCN(C)Cc1c(C)n(CC(=O)c2ccccc2)c2ccc(Br)cc12,0.01932865747818467,0.8305993,0.15452698,0.0006234635,0.0034553867,0.027606785,0.43719075680810615,0.5,1.0,0.30952380952380953,0.23809523809523808,0.11475409836065574,25.240000000000002,4.6601200000000045,0.43719075680810615,0.5,1.0
O=C(NC(CNC(=O)c1c(Cl)cccc1Cl)C(=O)O)c1ccccc1Cl,,O=C(NC(CNC(=O)c1c(Cl)cccc1Cl)C(=O)O)c1ccccc1Cl,0.334485248888665,0.99998677,0.9996338,0.0030702255,0.99991745,0.6764361,0.6746297855099185,1.0,1.0,0.5188679245283019,0.44680851063829785,0.14942528735632185,95.50000000000001,3.259800000000002,0.6746297855099185,1.0,1.0
COc1cccc(-n2c(C=Cc3ccccn3)nc3ccccc3c2=O)c1,,COc1cccc(-n2c(C=Cc3ccccn3)nc3ccccc3c2=O)c1,0.019274620181998582,0.019987362,0.011548424,0.00013064852,0.9985399,0.19602412,0.5559523392044279,0.5,1.0,0.19047619047619047,0.1783783783783784,0.08080808080808081,57.01,3.9597000000000024,0.5559523392044279,0.5,1.0
CCOc1ccccc1CC(NC(=O)c1c(Cl)cccc1Cl)C(=O)O,,CCOc1ccccc1CC(NC(=O)c1c(Cl)cccc1Cl)C(=O)O,0.3667962053127679,0.99999785,0.99996245,0.011650353,0.9999988,0.27374935,0.7636153790244635,1.0,1.0,0.5588235294117647,0.4962962962962963,0.17857142857142858,75.63,3.817800000000002,0.7636153790244635,1.0,1.0
O=C(Cn1c(=O)[nH]c2ccccc21)NCC(NC(=O)c1c(F)cccc1Cl)C(=O)O,,O=C(Cn1c(=O)[nH]c2ccccc21)NCC(NC(=O)c1c(F)cccc1Cl)C(=O)O,0.14044784162333318,0.9920632,0.9985343,0.0028953666,0.0060584545,0.99932647,0.4419930235185323,1.0,1.0,0.3798449612403101,0.4166666666666667,0.14814814814814814,133.29,1.1214999999999993,0.4419930235185323,1.0,1.0
CCN(C(N)=O)c1cc2nc(CC(N)C(=O)O)c(=O)[nH]c2c(=O)[nH]1,,CCN(C(N)=O)c1cc2nc(CC(N)C(=O)O)c(=O)[nH]c2c(=O)[nH]1,0.003606919702592223,0.0053510494,0.0053850277,0.017472085,0.0,0.9999998,0.43736873426545875,1.0,1.0,0.16153846153846155,0.16167664670658682,0.1875,188.26,-1.5291999999999986,0.43736873426545875,1.0,1.0
COc1ccccc1N1CCN(CCn2c(=O)[nH]c3ccncc32)CC1,,COc1ccccc1N1CCN(CCn2c(=O)[nH]c3ccncc32)CC1,0.024295849470040588,0.0057913987,0.0057328767,0.000527221,0.99996006,0.9974526,0.7539612603606716,0.5,1.0,0.16326530612244897,0.16304347826086957,0.1111111111111111,66.39,1.5553999999999994,0.7539612603606716,0.5,1.0
Cc1ccc(CNCC(NC(=O)CNC(=O)c2cnccn2)c2ccccc2)c(C)c1,,Cc1ccc(CNCC(NC(=O)CNC(=O)c2cnccn2)c2ccccc2)c(C)c1,0.128847094750483,0.5099236,0.40521944,0.0029721204,0.9998996,0.95932275,0.4971013593918442,0.5,1.0,0.27586206896551724,0.26666666666666666,0.14871794871794872,96.00999999999999,2.4705400000000006,0.4971013593918442,0.5,1.0
O=C(O)C(NS(=O)(=O)c1ccc(Cl)cc1)c1ccc(Cl)cc1,,O=C(O)C(NS(=O)(=O)c1ccc(Cl)cc1)c1ccc(Cl)cc1,0.3155923803751835,0.99983895,0.9049898,0.0016418579,0.99999917,0.7747647,0.85838156032866,1.0,1.0,0.46464646464646464,0.323943661971831,0.13580246913580246,83.47,3.0976000000000017,0.85838156032866,1.0,1.0
COCCNC(=O)CN(CCCN(CCN(CC(=O)O)CC(=O)NCC(NCC(=O)NCC(=O)NCC(=O)O)C(=O)O)CC(=O)O)C(=O)C(CO)NC(=O)CN,,COCCNC(=O)CN(CCCN(CCN(CC(=O)O)CC(=O)NCC(NCC(=O)NCC(=O)NCC(=O)O)C(=O)O)CC(=O)O)C(=O)C(CO)NC(=O)CN,0.0003762277490699094,3.6775433e-05,0.00012097104,0.0022706783,0.0,1.0,0.02807441700413284,1.0,1.0,0.05327868852459016,0.07913669064748201,0.14285714285714285,388.99999999999994,-8.347300000000024,0.02807441700413284,1.0,1.0
CC(C)(C)OC(=O)NC(CNC(=O)CNC(=O)COC(=O)c1cc(Cl)cc2cc[nH]c12)C(=O)O,,CC(C)(C)OC(=O)NC(CNC(=O)CNC(=O)COC(=O)c1cc(Cl)cc2cc[nH]c12)C(=O)O,0.006801036931352649,0.027352678,0.04653566,0.024215344,0.0,0.999173,0.3213173175410293,1.0,1.0,0.19745222929936307,0.2094240837696335,0.19473684210526315,175.92,1.1884000000000012,0.3213173175410293,1.0,1.0
CC(C)CN(CCN1CCC(O)CC1)C(=O)NC(C(=O)O)c1ccc(-c2cccc(F)c2)cc1,,CC(C)CN(CCN1CCC(O)CC1)C(=O)NC(C(=O)O)c1ccc(-c2cccc(F)c2)cc1,0.3361506167401211,0.6209098,0.34282482,0.04064108,0.99996704,0.32188618,0.5181428625992452,1.0,1.0,0.2857142857142857,0.2608695652173913,0.20634920634920634,93.11,3.742700000000002,0.5181428625992452,1.0,1.0
O=C(Cn1c(=O)c(-c2ccccc2)nc2ccccc21)NCC(NC(=O)c1c(Cl)cccc1Cl)C(=O)O,,O=C(Cn1c(=O)c(-c2ccccc2)nc2ccccc21)NCC(NC(=O)c1c(Cl)cccc1Cl)C(=O)O,0.13164832651103714,0.93621635,0.99939907,0.001620228,0.018211722,0.5986963,0.31495123467038844,1.0,1.0,0.3333333333333333,0.436046511627907,0.13551401869158877,130.39,3.369700000000001,0.31495123467038844,1.0,1.0
COc1ccc(C(=O)NC(Cc2ccc3nc(-c4c(Cl)cccc4Cl)ccc3c2)C(=O)O)cc1Cl,,COc1ccc(C(=O)NC(Cc2ccc3nc(-c4c(Cl)cccc4Cl)ccc3c2)C(=O)O)cc1Cl,0.06948164563666899,0.9980153,0.9964904,0.0020636516,0.99999434,0.00018686056,0.2933991833458218,1.0,1.0,0.41007194244604317,0.39766081871345027,0.1407766990291262,88.52,6.296300000000004,0.2933991833458218,1.0,1.0
CC(C)C(NC(=O)c1ccccc1Cl)C(=O)OCC(=O)NCc1ccc(Cl)cc1,,CC(C)C(NC(=O)c1ccccc1Cl)C(=O)OCC(=O)NCc1ccc(Cl)cc1,0.1617575511522514,0.99882585,0.9169858,0.0048384555,0.9999988,0.41830635,0.6184639163689255,0.5,1.0,0.4214876033057851,0.3271604938271605,0.15934065934065933,84.5,3.607400000000002,0.6184639163689255,0.5,1.0
Cc1ccc(CNC(=O)c2c(F)cccc2Cl)nc1CNC(=O)C(CC(C)C)C(CCC(F)(F)F)C(N)O,,Cc1ccc(CNC(=O)c2c(F)cccc2Cl)nc1CNC(=O)C(CC(C)C)C(CCC(F)(F)F)C(N)O,0.08447900052901164,0.20285945,0.65342623,0.03510692,0.73513114,0.030487835,0.22304719960835187,0.5,1.0,0.24528301886792453,0.2887700534759358,0.20304568527918782,117.34,4.626820000000004,0.22304719960835187,0.5,1.0
Cc1[nH]c(=O)c(C#N)cc1CCNC(=O)CCCN=c1nc(C(F)(F)F)cc[nH]1,,Cc1[nH]c(=O)c(C#N)cc1CCNC(=O)CCCN=c1nc(C(F)(F)F)cc[nH]1,0.02251062315759241,0.004986876,0.0050855954,0.008000273,0.06876868,0.99869674,0.597593391970152,0.5,1.0,0.16,0.16042780748663102,0.17032967032967034,126.78999999999999,1.3366999999999993,0.597593391970152,0.5,1.0
CCCCCNc1[nH]c(=N)cnc1C#N,,CCCCCNc1[nH]c(=N)cnc1C#N,0.00960368774310088,7.176309e-05,0.00020247142,0.005458327,0.9999947,0.9985875,0.6340160319879138,0.5,1.0,0.06779661016949153,0.09032258064516129,0.1619718309859155,88.35,1.3629499999999999,0.6340160319879138,0.5,1.0
CC(C)CN(C(CO)CCCCNC(=O)C(COCc1ccccc1)NC(=O)OCc1ccccc1)S(=O)(=O)c1ccc(N)cc1,,CC(C)CN(C(CO)CCCCNC(=O)C(COCc1ccccc1)NC(=O)OCc1ccccc1)S(=O)(=O)c1ccc(N)cc1,0.003250579841760169,0.030653428,0.029490605,0.021544471,2.3841858e-07,0.14624083,0.11118291951902007,0.5,1.0,0.2,0.19913419913419914,0.19213973799126638,160.29000000000002,4.074700000000002,0.11118291951902007,0.5,1.0
Cc1cc2c(nc1C)CCCN2C(=O)c1ccc2ccccc2c1,,Cc1cc2c(nc1C)CCCN2C(=O)c1ccc2ccccc2c1,0.030807260884515603,0.12671043,0.06653341,0.0027331547,0.06852337,0.052146018,0.6645420967090369,0.5,1.0,0.23308270676691728,0.21764705882352942,0.14689265536723164,33.2,4.444640000000003,0.6645420967090369,0.5,1.0
O=C(NC(Cc1ccccc1)C(=O)NCC(NC(=O)c1ccccc1Cl)C(=O)O)c1ccccc1,,O=C(NC(Cc1ccccc1)C(=O)NCC(NC(=O)c1ccccc1Cl)C(=O)O)c1ccccc1,0.23264139070624,0.9992299,0.9848956,0.0034491725,0.14612597,0.925253,0.3454328164210351,1.0,1.0,0.4306569343065693,0.3657142857142857,0.15196078431372548,124.60000000000001,2.6805000000000003,0.3454328164210351,1.0,1.0
O=C(O)C(=O)Nc1ccc([N+](=O)[O-])cc1,,O=C(O)C(=O)Nc1ccc([N+](=O)[O-])cc1,0.06657109253608634,0.030653428,0.0060683494,0.001129018,0.98226243,0.9998564,0.42198658259280497,1.0,1.0,0.2,0.16428571428571428,0.1276595744680851,109.53999999999999,0.6178999999999997,0.42198658259280497,1.0,1.0
C=CCNC(=O)N(C)CC(CC1(c2ccc(Cl)cc2)CCC1)N1CC(c2ccc(OC)cc2F)CN1,,C=CCNC(=O)N(C)CC(CC1(c2ccc(Cl)cc2)CCC1)N1CC(c2ccc(OC)cc2F)CN1,0.07375167942660008,0.45370987,0.14871153,0.048266254,0.99844164,0.0073138475,0.4330883962777175,0.5,1.0,0.2709677419354839,0.23711340206185566,0.21025641025641026,56.84,5.099500000000004,0.4330883962777175,0.5,1.0
Cc1ccc(Cl)c(C(=O)NC(CNC(=O)Cn2c(=O)n(C3CCN(C(=O)NC(C)C)CC3)c3ncccc32)C(=O)O)c1F,,Cc1ccc(Cl)c(C(=O)NC(CNC(=O)Cn2c(=O)n(C3CCN(C(=O)NC(C)C)CC3)c3ncccc32)C(=O)O)c1F,0.018590201476883315,0.3052647,0.775996,0.061874215,0.0,0.9883621,0.2849331742260336,1.0,1.0,0.2571428571428571,0.30198019801980197,0.215962441314554,167.66,2.053220000000001,0.2849331742260336,1.0,1.0
CCn1c(C)nc2cc(C(C)=NOCC(=O)NC)ccc21,,CCn1c(C)nc2cc(C(C)=NOCC(=O)NC)ccc21,0.039575885801975144,0.0047049504,0.006766818,0.011530344,0.99998224,0.9937066,0.6741115391188282,0.5,1.0,0.15873015873015872,0.16666666666666666,0.17834394904458598,68.50999999999999,1.8512199999999999,0.6741115391188282,0.5,1.0
O=C(CCCCCN1C(=O)c2cccc3cccc(c23)C1=O)NCCCCn1ccnc1,,O=C(CCCCCN1C(=O)c2cccc3cccc(c23)C1=O)NCCCCn1ccnc1,0.07334249951290986,0.02744919,0.0460469,0.07325948,0.99999887,0.29148477,0.3690669822554144,0.5,1.0,0.19753086419753085,0.20918367346938777,0.2198952879581152,84.3,3.7893000000000026,0.3690669822554144,0.5,1.0
COc1cc(C(=O)NCC(=O)NNC(=O)c2ccccc2C)cc(OC)c1OC,,COc1cc(C(=O)NCC(=O)NNC(=O)c2ccccc2C)cc(OC)c1OC,0.0,0.0,0.0,0.0,0.0,0.0,0.0,0.0,0.0,0.0,0.0,0.0,0.0,0.0,0.0,0.0,0.0
O=C(O)CN(CC(=O)O)c1ncc(N2CCCNC2=O)cn1,,O=C(O)CN(CC(=O)O)c1ncc(N2CCCNC2=O)cn1,0.023979267325956767,0.001949172,0.0064575793,0.010952689,0.0021829605,0.99999684,0.6317286566401764,1.0,1.0,0.13953488372093023,0.1656441717791411,0.17721518987341772,135.95999999999998,-0.628099999999999,0.6317286566401764,1.0,1.0
COCCN(CCNC(=O)c1nccc2ccccc12)C1CCN(Cc2ccccc2)CC1,,COCCN(CCNC(=O)c1nccc2ccccc12)C1CCN(Cc2ccccc2)CC1,0.07048552839301189,0.11766168,0.05236777,0.0056077573,0.99887925,0.44071996,0.5159597872800518,0.5,1.0,0.23125,0.21212121212121213,0.1625615763546798,57.7,3.577600000000002,0.5159597872800518,0.5,1.0
O=C(O)c1ccccc1Cn1c(=O)[nH]c2nc(N3CCOCC3)ncc21,,O=C(O)c1ccccc1Cn1c(=O)[nH]c2nc(N3CCOCC3)ncc21,0.10408666962667153,0.042090263,0.015153716,0.0030346278,0.92796695,0.99981374,0.7081300486727365,1.0,1.0,0.20714285714285716,0.18435754189944134,0.14917127071823205,113.34,0.7026999999999999,0.7081300486727365,1.0,1.0
COc1cc(C(=O)NC(CC(C)C)C(=O)NC(CC(C)C)C(=O)CF)ccc1OCC(C)C,,COc1cc(C(=O)NC(CC(C)C)C(=O)NC(CC(C)C)C(=O)CF)ccc1OCC(C)C,0.03208086079987654,0.0028022015,0.0041992567,0.06719435,0.99995816,0.20373195,0.43312249552593907,0.5,1.0,0.14743589743589744,0.15625,0.21787709497206703,93.73,3.9440000000000026,0.43312249552593907,0.5,1.0
Cc1cc(C(CNCCc2ccc(CN)cc2)NC(=O)Cc2cc(Br)c(N)c(Br)c2)cc(C)c1N,,Cc1cc(C(CNCCc2ccc(CN)cc2)NC(=O)Cc2cc(Br)c(N)c(Br)c2)cc(C)c1N,0.03873631121811049,0.3487457,0.1802198,0.001360051,0.5770923,0.025717676,0.17043005978742914,0.5,1.0,0.26143790849673204,0.24210526315789474,0.13170731707317074,119.19,4.683840000000002,0.17043005978742914,0.5,1.0
Cc1ccc(Cl)c(C(=O)NC(CNC(=O)Cn2cc(NC(=O)c3ccc4[nH]cnc4c3)cn2)C(=O)O)c1F,,Cc1ccc(Cl)c(C(=O)NC(CNC(=O)Cn2cc(NC(=O)c3ccc4[nH]cnc4c3)cn2)C(=O)O)c1F,0.012643697538525992,0.6674027,0.9936187,0.0028953666,0.0,0.9860916,0.21578257943674267,1.0,1.0,0.29012345679012347,0.38461538461538464,0.14814814814814814,171.09999999999997,2.1120199999999993,0.21578257943674267,1.0,1.0
O=C(Cn1c(=O)[nH]c2ncccc21)NCC(NC(=O)c1cc(C(F)(F)F)[nH]n1)C(=O)O,,O=C(Cn1c(=O)[nH]c2ncccc21)NCC(NC(=O)c1cc(C(F)(F)F)[nH]n1)C(=O)O,0.006760703560840065,0.04660799,0.12799308,0.004890575,0.0,0.9999958,0.3273005836648144,1.0,1.0,0.20945945945945946,0.23333333333333334,0.1595744680851064,174.85999999999999,-0.5340999999999998,0.3273005836648144,1.0,1.0
NC1(Cc2cccc(-c3ccccc3)n2)CCN(c2ncnc3[nH]ccc23)CC1,,NC1(Cc2cccc(-c3ccccc3)n2)CCN(c2ncnc3[nH]ccc23)CC1,0.040001679921990545,0.017156156,0.05659436,0.0010587471,0.9999991,0.45384967,0.5620210184917538,0.5,1.0,0.1870967741935484,0.21390374331550802,0.12626262626262627,83.72,3.5603000000000016,0.5620210184917538,0.5,1.0
O=C(Cn1c(=O)[nH]c2ncccc21)NCC(NC(=O)c1c(F)cc(-c2ccccc2)cc1Cl)C(=O)O,,O=C(Cn1c(=O)[nH]c2ncccc21)NCC(NC(=O)c1c(F)cc(-c2ccccc2)cc1Cl)C(=O)O,0.05235492603785349,0.93621635,0.99467576,0.0018243645,4.3272972e-05,0.9827375,0.2850505676228812,1.0,1.0,0.3333333333333333,0.38857142857142857,0.1380952380952381,146.17999999999998,2.1834999999999996,0.2850505676228812,1.0,1.0
O=C(Cn1c(=O)[nH]c(=O)n(Cc2c(F)cc(F)cc2F)c1=O)NCC(NC(=O)c1c(Cl)cccc1Cl)C(=O)O,,O=C(Cn1c(=O)[nH]c(=O)n(Cc2c(F)cc(F)cc2F)c1=O)NCC(NC(=O)c1c(Cl)cccc1Cl)C(=O)O,0.012644739719215497,0.87959445,0.99281514,0.0016683207,0.0,0.9999088,0.28058787251159706,1.0,1.0,0.3181818181818182,0.38202247191011235,0.13615023474178403,172.35999999999999,0.47009999999999996,0.28058787251159706,1.0,1.0
O=C(NC(CNS(=O)(=O)c1ccc(-c2ccccc2)cc1)C(=O)O)c1c(Cl)cccc1Cl,,O=C(NC(CNS(=O)(=O)c1ccc(-c2ccccc2)cc1)C(=O)O)c1c(Cl)cccc1Cl,0.234399635212726,0.99884653,0.99992156,0.0014656478,0.9453894,0.271254,0.44183538463167954,1.0,1.0,0.421875,0.48026315789473684,0.13333333333333333,112.57000000000001,3.821900000000003,0.44183538463167954,1.0,1.0
CC(C(=O)NCc1c(F)ccc(C#N)c1F)c1cnccn1,,CC(C(=O)NCc1c(F)ccc(C#N)c1F)c1cnccn1,0.11413988202586704,0.36218563,0.15826005,0.0026648345,0.99999964,0.98860115,0.9371538736878625,0.5,1.0,0.2627118644067797,0.23870967741935484,0.14634146341463414,78.67,2.04638,0.9371538736878625,0.5,1.0
Cc1ccc(Cl)c(C(=O)NC(CNC(=O)CN(C)CC(=O)NC2CCCC2)C(=O)O)c1F,,Cc1ccc(Cl)c(C(=O)NC(CNC(=O)CN(C)CC(=O)NC2CCCC2)C(=O)O)c1F,0.2902812970035788,0.30333027,0.5573116,0.1859541,0.047033906,0.9994118,0.40489211461751023,1.0,1.0,0.2569444444444444,0.28,0.24293785310734464,127.84000000000002,1.0773200000000005,0.40489211461751023,1.0,1.0
CCN(CC)c1ncnc2c1ncn2C,,CCN(CC)c1ncnc2c1ncn2C,0.0069008151348850175,0.000109248045,0.00020247142,0.00044407675,0.93244994,0.9991177,0.7552749169672438,0.5,1.0,0.07692307692307693,0.09032258064516129,0.10738255033557047,46.84,1.2095,0.7552749169672438,0.5,1.0
C#CCN(CCBr)C(=O)CCC(C)=CCCC(C)=CCCC(C)=CCCC(C)=CCCC(C)CCC=C(C)C,,C#CCN(CCBr)C(=O)CCC(C)=CCCC(C)=CCCC(C)=CCCC(C)=CCCC(C)CCC=C(C)C,3.8047904148552485e-05,1.2502864e-05,2.1543892e-05,0.0018921483,0.000522524,0.0,0.07290714083358887,0.5,1.0,0.029850746268656716,0.041666666666666664,0.1388888888888889,20.310000000000002,10.91179999999999,0.07290714083358887,0.5,1.0
Nc1ccc(C(O)CNCCc2ccc(NCC(O)c3coc4cc(Br)ccc34)cc2)cc1Cl,,Nc1ccc(C(O)CNCCc2ccc(NCC(O)c3coc4cc(Br)ccc34)cc2)cc1Cl,0.017450175864543647,0.1600103,0.115382515,0.0002840304,0.99809813,0.0025669932,0.13450188738681523,0.5,1.0,0.2389937106918239,0.23076923076923078,0.09767441860465116,103.68,5.4421000000000035,0.13450188738681523,0.5,1.0
O=C(CCCCC(c1ccc(F)cc1)c1ccc(F)cc1)N1CCN(Cc2c[nH]cn2)CC1,,O=C(CCCCC(c1ccc(F)cc1)c1ccc(F)cc1)N1CCN(Cc2c[nH]cn2)CC1,0.06031313455379798,0.28382868,0.11350295,0.008869666,0.9909279,0.022761464,0.4780118132563064,0.5,1.0,0.2549019607843137,0.23036649214659685,0.17258883248730963,52.230000000000004,4.724600000000003,0.4780118132563064,0.5,1.0
CC(C)CC(NC(=O)C1CCN(S(=O)(=O)c2ccccc2)CC1)C(=O)NCC(=O)NCC(NC(=O)c1ccc2ccccc2c1)C(=O)O,,CC(C)CC(NC(=O)C1CCN(S(=O)(=O)c2ccccc2)CC1)C(=O)NCC(=O)NCC(NC(=O)c1ccc2ccccc2c1)C(=O)O,0.01239783880824448,0.24025302,0.25933856,0.034397155,0.0,0.992981,0.17063842898163686,1.0,1.0,0.25,0.252212389380531,0.2025862068965517,191.07999999999998,1.8870000000000025,0.17063842898163686,1.0,1.0
O=C(CN1Cc2ccccc2NC1=O)NCC(NC(=O)C1CCCCC1)C(=O)O,,O=C(CN1Cc2ccccc2NC1=O)NCC(NC(=O)C1CCCCC1)C(=O)O,0.2061861567009878,0.052844103,0.08087581,0.70013845,0.047033906,0.99883544,0.546579154538833,1.0,1.0,0.21232876712328766,0.2222222222222222,0.2934131736526946,127.83999999999999,1.2999999999999998,0.546579154538833,1.0,1.0
CC(=O)NC(CC(=O)NCC(NC(=O)c1ccccc1Cl)C(=O)O)c1ccc(Cl)c(Cl)c1,,CC(=O)NC(CC(=O)NCC(NC(=O)c1ccccc1Cl)C(=O)O)c1ccc(Cl)c(Cl)c1,0.2795357335687562,0.9994991,0.99375665,0.011055005,0.14612597,0.7067367,0.42074373902848067,1.0,1.0,0.44,0.38509316770186336,0.1774193548387097,124.60000000000001,3.2135000000000025,0.42074373902848067,1.0,1.0
CC(C)CCn1c(C(=O)NC(Cc2ccccc2)C(=O)O)cc(C(=O)NC(CC(C)C)C(=O)O)c1N,,CC(C)CCn1c(C(=O)NC(Cc2ccccc2)C(=O)O)cc(C(=O)NC(CC(C)C)C(=O)O)c1N,0.027496417734232996,0.9856909,0.8705478,0.19756648,0.0,0.9035668,0.2821305495602085,1.0,1.0,0.3669064748201439,0.3163841807909605,0.24456521739130435,163.75,2.7712000000000003,0.2821305495602085,1.0,1.0
COC(=O)NCCc1c(C(=O)NCCC(=O)O)[nH]c2ccc(NC(=O)c3ccc(Br)cc3C(=O)O)cc12,,COC(=O)NCCc1c(C(=O)NCCC(=O)O)[nH]c2ccc(NC(=O)c3ccc(Br)cc3C(=O)O)cc12,0.009636580323944311,0.37763053,0.5286004,0.0022706783,0.0,0.8298388,0.21290903936211605,1.0,1.0,0.2641509433962264,0.2774869109947644,0.14285714285714285,186.92,2.983900000000001,0.21290903936211605,1.0,1.0
O=C(O)c1cccc(C(=O)NN=Cc2ccc(-c3cccc(C(F)(F)F)c3)o2)c1,,O=C(O)c1cccc(C(=O)NN=Cc2ccc(-c3cccc(C(F)(F)F)c3)o2)c1,0.0,0.0,0.0,0.0,0.0,0.0,0.0,0.0,0.0,0.0,0.0,0.0,0.0,0.0,0.0,0.0,0.0
Cc1ccc(Cl)c(C(=O)NC(CNC(=O)Cn2nc(-c3ccccc3)[nH]c2=O)C(=O)O)c1F,,Cc1ccc(Cl)c(C(=O)NC(CNC(=O)Cn2nc(-c3ccccc3)[nH]c2=O)C(=O)O)c1F,0.06259194146376443,0.99378294,0.99872833,0.0036278232,4.3272972e-05,0.99868864,0.38643717258646654,1.0,1.0,0.3851851851851852,0.41975308641975306,0.15306122448979592,146.17999999999998,1.3387199999999992,0.38643717258646654,1.0,1.0
CN=C(N)NN=C1c2ccccc2-c2ccccc21,,CN=C(N)NN=C1c2ccccc2-c2ccccc21,0.0,0.0,0.0,0.0,0.0,0.0,0.0,0.0,0.0,0.0,0.0,0.0,0.0,0.0,0.0,0.0,0.0
COc1ccc(C(NC(=O)CNC(=O)c2ccccc2Cl)C(=O)O)cc1,,COc1ccc(C(NC(=O)CNC(=O)c2ccccc2Cl)C(=O)O)cc1,0.3553830999470138,0.9996904,0.9706771,0.0030702255,0.9971571,0.9894626,0.6853417072932358,1.0,1.0,0.45045045045045046,0.3509933774834437,0.14942528735632185,104.73,2.0204999999999993,0.6853417072932358,1.0,1.0
CN(C)CCNC(=O)c1ccc2c(C3=c4cccnc4=NC3=O)c(O)[nH]c2c1,,CN(C)CCNC(=O)c1ccc2c(C3=c4cccnc4=NC3=O)c(O)[nH]c2c1,0.05182942159507596,0.04163532,0.050106827,0.0010613397,0.9727926,0.9999832,0.5759862540461749,0.5,1.0,0.20689655172413793,0.2111111111111111,0.12631578947368421,110.68,-0.08129999999999982,0.5759862540461749,0.5,1.0
CC(C)(C(=O)NCc1cc(Br)cc(Cl)c1F)c1ccc(S(C)(=O)=O)cc1,,CC(C)(C(=O)NCc1cc(Br)cc(Cl)c1F)c1ccc(S(C)(=O)=O)cc1,0.09442666337309398,0.92799294,0.39588854,0.001949172,0.9998661,0.09371287,0.6761438862106502,0.5,1.0,0.3305084745762712,0.26582278481012656,0.13953488372093023,63.24,4.239100000000003,0.6761438862106502,0.5,1.0
Cc1ncc(C)n2nc(SCC(=O)NCc3ccccc3Cl)nc12,,Cc1ncc(C)n2nc(SCC(=O)NCc3ccccc3Cl)nc12,0.09305938609644697,0.33224952,0.11320921,0.0017462157,0.9999957,0.8947067,0.7073239122882881,0.5,1.0,0.25984251968503935,0.23030303030303031,0.13714285714285715,72.18,2.803040000000001,0.7073239122882881,0.5,1.0
Cc1ccc(Cl)c(C(=O)NC(CNC(=O)c2nn(-c3ccc(F)cc3F)c(=O)c3ccccc23)C(=O)O)c1F,,Cc1ccc(Cl)c(C(=O)NC(CNC(=O)c2nn(-c3ccc(F)cc3F)c(=O)c3ccccc23)C(=O)O)c1F,0.1297375602044274,0.9702228,0.9884321,0.0014451809,0.018211722,0.59269226,0.31876727962710566,1.0,1.0,0.35064935064935066,0.37158469945355194,0.13302752293577982,130.39,3.3778200000000016,0.31876727962710566,1.0,1.0
CCCCc1nc2ncc(C(=O)O)cc2n1C(CCCC)C(=O)O,,CCCCc1nc2ncc(C(=O)O)cc2n1C(CCCC)C(=O)O,0.07597082920340416,0.002060245,0.003462813,0.056429196,0.99645084,0.6572051,0.7292438996636353,1.0,1.0,0.14074074074074075,0.15204678362573099,0.2138364779874214,105.30999999999999,3.288000000000002,0.7292438996636353,1.0,1.0
O=C(NC(CNC(=O)c1c(F)cccc1Cl)C(=O)O)c1ccc(F)cc1,,O=C(NC(CNC(=O)c1c(F)cccc1Cl)C(=O)O)c1ccc(F)cc1,0.36154077260376094,0.99992585,0.99980444,0.003194409,0.99991745,0.9800693,0.7135911829379599,1.0,1.0,0.48148148148148145,0.460431654676259,0.15028901734104047,95.50000000000001,2.2312000000000003,0.7135911829379599,1.0,1.0
O=c1[nH]cc(C(O)Nc2ccccc2)[nH]1,,O=c1[nH]cc(C(O)Nc2ccccc2)[nH]1,0.013975244977560773,0.018429197,0.00054526137,8.482705e-05,0.9999997,0.99974424,0.5595031466121525,0.5,1.0,0.18867924528301888,0.1118421052631579,0.07142857142857142,80.91,0.8059999999999998,0.5595031466121525,0.5,1.0
COc1ccc(Cl)c(C(=O)NC(Cc2ccc(-c3cccc(NC(=O)NC(C)C)c3)cc2)C(=O)O)c1F,,COc1ccc(Cl)c(C(=O)NC(Cc2ccc(-c3cccc(NC(=O)NC(C)C)c3)cc2)C(=O)O)c1F,0.13768940047053344,0.9988226,0.9999926,0.0040275725,0.77615446,0.0070769787,0.3083746272426248,1.0,1.0,0.42142857142857143,0.5316455696202531,0.1553398058252427,116.76,5.110300000000003,0.3083746272426248,1.0,1.0
CCN(CC)S(=O)(=O)c1cccc(NC(=O)CNC(=O)C(Cc2ccccc2)NC(=O)c2c(Cl)ccc(OC)c2F)c1,,CCN(CC)S(=O)(=O)c1cccc(NC(=O)CNC(=O)C(Cc2ccccc2)NC(=O)c2c(Cl)ccc(OC)c2F)c1,0.053369448944225566,0.864015,0.88725215,0.0036431558,0.0047817826,0.41323513,0.2679805770444091,0.5,1.0,0.3151515151515151,0.3197969543147208,0.15315315315315314,133.91,3.614200000000003,0.2679805770444091,0.5,1.0
CC(C)(C)OCC(NC(=O)OCc1ccccc1)C(=O)NN(CC(=O)O)C(=O)Cn1c(=O)[nH]c2ncccc21,,CC(C)(C)OCC(NC(=O)OCc1ccccc1)C(=O)NN(CC(=O)O)C(=O)Cn1c(=O)[nH]c2ncccc21,0.0,0.0,0.0,0.0,0.0,0.0,0.0,0.0,0.0,0.0,0.0,0.0,0.0,0.0,0.0,0.0,0.0
CN(Cc1ccc(Cl)c(Cl)c1)CC(O)CNC(=O)NCCCc1ccccc1,,CN(Cc1ccc(Cl)c(Cl)c1)CC(O)CNC(=O)NCCCc1ccccc1,0.1243552420979471,0.99343646,0.70013845,0.001971704,0.9999206,0.33858818,0.509755156841056,0.5,1.0,0.384,0.2934131736526946,0.13978494623655913,64.6,3.7181000000000024,0.509755156841056,0.5,1.0
O=C(CSc1nc(=O)n(Cc2cccnc2)c2c1CCC2)Nc1c(F)cccc1F,,O=C(CSc1nc(=O)n(Cc2cccnc2)c2c1CCC2)Nc1c(F)cccc1F,0.11848257476145858,0.20000704,0.6031605,0.0041992567,0.9999993,0.724967,0.4821014856317587,0.5,1.0,0.24489795918367346,0.2840909090909091,0.15625,76.88,3.1843000000000012,0.4821014856317587,0.5,1.0
CCCCCCCc1nc(C)oc1C(=O)NCCCC,,CCCCCCCc1nc(C)oc1C(=O)NCCCC,0.03558499835008072,0.0009990009,0.0014656478,0.81460774,0.99700063,0.1659888,0.6583602939194128,0.5,1.0,0.125,0.13333333333333333,0.30714285714285716,55.13,4.025820000000003,0.6583602939194128,0.5,1.0
N=c1[nH]c(N)c(C(=O)NCCC(=O)NCCCC(=O)O)nc1Cl,,N=c1[nH]c(N)c(C(=O)NCCC(=O)NCCCC(=O)O)nc1Cl,0.003398272250782198,0.0035635624,0.010248898,0.0125031695,0.0,0.999998,0.33726299783822905,1.0,1.0,0.15267175572519084,0.17575757575757575,0.18012422360248448,174.04999999999995,-0.7743300000000004,0.33726299783822905,1.0,1.0
NCC(O)c1ccc(O)c(F)c1,,NCC(O)c1ccc(O)c(F)c1,0.01464133382783747,0.006766818,0.00063369895,0.00024207654,0.9999614,0.9998926,0.6074455411946933,0.5,1.0,0.16666666666666666,0.11510791366906475,0.09420289855072464,66.48,0.5233999999999999,0.6074455411946933,0.5,1.0
[N-]=[N+]=NCC(=CC=CCNC(=S)NCCCl)CO,,[N-]=[N+]=NCC(=CC=CCNC(=S)NCCCl)CO,0.0,0.0,0.0,0.0,0.0,0.0,0.0,0.0,0.0,0.0,0.0,0.0,0.0,0.0,0.0,0.0,0.0
COC(=O)c1cc(C)ncc1NC(=O)c1cn(CCCOc2ccccc2)c2ncccc12,,COC(=O)c1cc(C)ncc1NC(=O)c1cn(CCCOc2ccccc2)c2ncccc12,0.0378535388158407,0.0502583,0.12710795,0.0009990009,0.9999224,0.091489315,0.3225047017954643,0.5,1.0,0.2111801242236025,0.23316062176165803,0.125,95.34,4.247720000000003,0.3225047017954643,0.5,1.0
Cc1ccc(Cl)c(C(=O)NC(CNC(=O)Cn2c(=O)[nH]c3cccnc32)C(=O)O)c1F,,Cc1ccc(Cl)c(C(=O)NC(CNC(=O)Cn2c(=O)[nH]c3cccnc32)C(=O)O)c1F,0.06801148700241481,0.929135,0.97817755,0.005995309,4.3272972e-05,0.9997289,0.41984284828726004,1.0,1.0,0.33088235294117646,0.3575757575757576,0.164021164021164,146.18,0.8249199999999994,0.41984284828726004,1.0,1.0
Cc1cc2nc(Cn3c(=O)n(-c4ccccn4)c4nc(N5CCCC5)ncc43)n(CC3CCOCC3)c2cc1C,,Cc1cc2nc(Cn3c(=O)n(-c4ccccn4)c4nc(N5CCCC5)ncc43)n(CC3CCOCC3)c2cc1C,0.01718165908251899,0.0010904284,0.0043872786,0.006321456,0.99990416,0.16897666,0.3222376079875531,0.5,1.0,0.12690355329949238,0.1572052401746725,0.16517857142857142,95.89,4.0188400000000035,0.3222376079875531,0.5,1.0
O=C(Cn1c(=O)[nH]c2cccnc21)NC(Cc1ccccc1)C(=O)O,,O=C(Cn1c(=O)[nH]c2cccnc21)NC(Cc1ccccc1)C(=O)O,0.4147362733773111,0.9991999,0.84665525,0.013181599,0.7540983,0.99988806,0.6052374059199248,1.0,1.0,0.4298245614035088,0.31210191082802546,0.18128654970760233,117.08,0.5366999999999986,0.6052374059199248,1.0,1.0
Cc1cnc2[nH]c(=O)n(CC(=O)NCC(NC(=O)c3c(Cl)cc(Cl)cc3Cl)C(=O)O)c2c1,,Cc1cnc2[nH]c(=O)n(CC(=O)NCC(NC(=O)c3c(Cl)cc(Cl)cc3Cl)C(=O)O)c2c1,0.06322238174217766,0.92145294,0.95075583,0.0043597687,4.3272972e-05,0.99031866,0.39014678913653067,1.0,1.0,0.3284671532846715,0.3392857142857143,0.15706806282722513,146.17999999999998,1.9926200000000003,0.39014678913653067,1.0,1.0
O=C1CCc2c(cccc2Nc2cccc(Cl)c2C(=O)O)N1,,O=C1CCc2c(cccc2Nc2cccc(Cl)c2C(=O)O)N1,0.21648330527735707,0.8833648,0.16959614,0.0022706783,0.99999964,0.37491828,0.807046332845795,1.0,1.0,0.31896551724137934,0.24050632911392406,0.14285714285714285,78.43,3.666500000000001,0.807046332845795,1.0,1.0
CCOc1cc(CC(=O)NCC(NC(=O)c2ccccc2Cl)C(=O)O)ccc1C(=O)O,,CCOc1cc(CC(=O)NCC(NC(=O)c2ccccc2Cl)C(=O)O)ccc1C(=O)O,0.10151963372407,0.99938333,0.9889903,0.012069325,0.0002129674,0.9907171,0.4349411803892404,1.0,1.0,0.43548387096774194,0.37267080745341613,0.1793478260869565,142.03,1.9787999999999994,0.4349411803892404,1.0,1.0
CC(C)(C)c1ccc(NCCC(NC(=O)c2c(Cl)cccc2Cl)C(=O)O)c(Cl)c1,,CC(C)(C)c1ccc(NCCC(NC(=O)c2c(Cl)cccc2Cl)C(=O)O)c(Cl)c1,0.1811544754289158,0.9968477,0.9976792,0.04884044,0.99999964,0.0014455914,0.5033265454055766,1.0,1.0,0.4,0.4066666666666667,0.21052631578947367,78.42999999999999,5.629500000000004,0.5033265454055766,1.0,1.0
C=C(C)C1CCC2(C(=O)O)CCC3(C)C(CCC4C5(C)CCC(OC(=O)CC(C)C)C(C)(C)C5CCC43C)C12,,C=C(C)C1CCC2(C(=O)O)CCC3(C)C(CCC4C5(C)CCC(OC(=O)CC(C)C)C(C)(C)C5CCC43C)C12,0.0011628090053871288,4.4239914e-05,7.78521e-05,0.021523591,0.9998834,1.1920929e-07,0.27976413954663654,1.0,1.0,0.057291666666666664,0.06956521739130435,0.1921182266009852,63.6,8.686500000000006,0.27976413954663654,1.0,1.0
CN(C)C(CN=c1[nH]c(=NC(Cc2ccc(OC(=O)N3CCCC3)cc2)C(=O)O)[nH]c2c1ncn2CC(=O)O)C(F)(F)F,,CN(C)C(CN=c1[nH]c(=NC(Cc2ccc(OC(=O)N3CCCC3)cc2)C(=O)O)[nH]c2c1ncn2CC(=O)O)C(F)(F)F,0.0050743340998619475,0.01544864,0.013008376,0.031958424,0.0,0.99859375,0.26618724627882756,1.0,1.0,0.18478260869565216,0.18099547511312217,0.20093457943925233,181.50000000000003,1.3615000000000022,0.26618724627882756,1.0,1.0
O=C(O)CNCC(CC(NC(=O)c1c(F)cc(-c2ccccc2)cc1Cl)C(=O)O)C(=O)NCC(F)(F)F,,O=C(O)CNCC(CC(NC(=O)c1c(F)cc(-c2ccccc2)cc1Cl)C(=O)O)C(=O)NCC(F)(F)F,0.07450585827268592,0.94775146,0.97469795,0.010731675,7.271767e-05,0.9236232,0.25690700583173387,1.0,1.0,0.33793103448275863,0.35428571428571426,0.17676767676767677,144.83,2.6881000000000004,0.25690700583173387,1.0,1.0
O=C(NC(CNc1ccccc1-c1ccccc1)C(=O)O)c1ccc(=O)[nH]c1,,O=C(NC(CNc1ccccc1-c1ccccc1)C(=O)O)c1ccc(=O)[nH]c1,0.3214986838721158,0.9544941,0.70013845,0.0034830736,0.9658612,0.9726296,0.5050021735529074,1.0,1.0,0.34108527131782945,0.2934131736526946,0.15217391304347827,111.28999999999999,2.3369999999999997,0.5050021735529074,1.0,1.0
C=CCc1c(O)c(C(=O)O)cc(CCC)c1OC(C(=O)O)c1ccccc1,,C=CCc1c(O)c(C(=O)O)cc(CCC)c1OC(C(=O)O)c1ccccc1,0.2363910382650945,0.87408173,0.1824003,0.010100961,0.99780023,0.18821037,0.5769773167701672,1.0,1.0,0.3170731707317073,0.24242424242424243,0.17543859649122806,104.06000000000002,3.9761000000000024,0.5769773167701672,1.0,1.0
COc1ccc(C(=O)NC(CNC(=O)Cn2c(=O)[nH]c3cc(F)c(F)cc32)C(=O)O)c(F)c1,,COc1ccc(C(=O)NC(CNC(=O)Cn2c(=O)[nH]c3cc(F)c(F)cc32)C(=O)O)c(F)c1,0.07719584075915648,0.9534721,0.83585274,0.0039001931,0.00017637014,0.9997813,0.386108764201116,1.0,1.0,0.34057971014492755,0.3103448275862069,0.15463917525773196,142.51999999999998,0.7548999999999992,0.386108764201116,1.0,1.0
O=C(CCCCCNC(=O)NC12CC3CC(CC(C3)C1)C2)NCC(NC(=O)c1c(Cl)cccc1Cl)C(=O)NCc1ccc2c(c1)OCO2,,O=C(CCCCCNC(=O)NC12CC3CC(CC(C3)C1)C2)NCC(NC(=O)c1c(Cl)cccc1Cl)C(=O)NCc1ccc2c(c1)OCO2,0.006739222032438455,0.02476682,0.29815713,0.018300798,3.3020973e-05,0.007726252,0.17389804546066898,0.5,1.0,0.19523809523809524,0.2564102564102564,0.1885245901639344,146.89,5.081500000000004,0.17389804546066898,0.5,1.0
COCCN1CCCC12CCN(c1ncc(F)cn1)CC2,,COCCN1CCCC12CCN(c1ncc(F)cn1)CC2,0.011898272493314977,0.00017854467,0.00037051394,0.005100999,0.63918054,0.9960721,0.8452063123800918,0.5,1.0,0.08759124087591241,0.10344827586206896,0.16049382716049382,41.49,1.6969,0.8452063123800918,0.5,1.0
COCC1CNCC(=O)N1C1CCN(CC(NC(=O)c2cc(Cl)ccc2Cl)C(=O)O)CC1,,COCC1CNCC(=O)N1C1CCN(CC(NC(=O)c2cc(Cl)ccc2Cl)C(=O)O)CC1,0.36891400859483675,0.430969,0.09892403,0.121512145,0.9668592,0.999393,0.5035978688056977,1.0,1.0,0.2689655172413793,0.22702702702702704,0.23204419889502761,111.21,1.087600000000001,0.5035978688056977,1.0,1.0
N=C(N)c1cc(C(=O)NC(CNC(=O)Cn2c(=O)[nH]c3ncccc32)C(=O)O)ccc1Oc1ccccc1,,N=C(N)c1cc(C(=O)NC(CNC(=O)Cn2c(=O)[nH]c3ncccc32)C(=O)O)ccc1Oc1ccccc1,0.01016509697630061,0.5123578,0.7040036,0.002340737,0.0,0.9997486,0.13070069517537344,1.0,1.0,0.27607361963190186,0.29381443298969073,0.14351851851851852,205.27999999999997,0.8003700000000005,0.13070069517537344,1.0,1.0
COc1ccc(Cl)c2[nH]c(C(=O)NC(CNC(=O)CNS(=O)(=O)c3ccc(O)cc3)C(=O)O)cc12,,COc1ccc(Cl)c2[nH]c(C(=O)NC(CNC(=O)CNS(=O)(=O)c3ccc(O)cc3)C(=O)O)cc12,0.0122154242648711,0.6515525,0.7455398,0.0030461373,0.0,0.9997385,0.2245926509449145,1.0,1.0,0.28859060402684567,0.2983425414364641,0.14925373134328357,186.91999999999996,0.8132,0.2245926509449145,1.0,1.0
Cc1ccc(C(=O)NC(Cc2ccc(OC(=O)N3CCCC3)cc2)C(=O)O)cc1,,Cc1ccc(C(=O)NC(Cc2ccc(OC(=O)N3CCCC3)cc2)C(=O)O)cc1,0.6192413205118247,0.9986236,0.95554185,0.092572585,0.9999023,0.81578124,0.7825180996999832,1.0,1.0,0.4180327868852459,0.3416149068322981,0.2254335260115607,95.94000000000001,3.015320000000001,0.7825180996999832,1.0,1.0
CCNC(=O)Nc1cnnc(-c2ccc(CC(NC(=O)c3c(Cl)cccc3Cl)C(=O)O)cc2)c1,,CCNC(=O)Nc1cnnc(-c2ccc(CC(NC(=O)c3c(Cl)cccc3Cl)C(=O)O)cc2)c1,0.10747047591495834,0.99963653,1.0,0.0041095046,0.0060124397,0.16955507,0.36791043130062656,1.0,1.0,0.44696969696969696,1.0,0.15577889447236182,133.30999999999997,4.017500000000003,0.36791043130062656,1.0,1.0
Cc1ccc(-c2cc(=O)c3nn(CC(C)(C)C)c(=O)n3[nH]2)cc1,,Cc1ccc(-c2cc(=O)c3nn(CC(C)(C)C)c(=O)n3[nH]2)cc1,0.04523093007531967,0.018678362,0.053240214,0.00071224844,0.9999956,0.9815357,0.7882773077091496,0.5,1.0,0.1889763779527559,0.2125,0.11764705882352941,72.16,2.20582,0.7882773077091496,0.5,1.0
O=C(NCC(NC(=O)c1c(Cl)cccc1Cl)C(=O)O)c1c(Cl)cccc1Cl,,O=C(NCC(NC(=O)c1c(Cl)cccc1Cl)C(=O)O)c1c(Cl)cccc1Cl,0.25688408347572067,0.99858236,0.99922633,0.0021083471,0.99991745,0.21950203,0.6223442940278322,1.0,1.0,0.41739130434782606,0.4305555555555556,0.14124293785310735,95.50000000000001,3.9132000000000025,0.6223442940278322,1.0,1.0
Cc1cc(C)n(C2CCN(c3ncnc4occ(-c5ccc(C(C)(C)C)cc5)c34)C2)n1,,Cc1cc(C)n(C2CCN(c3ncnc4occ(-c5ccc(C(C)(C)C)cc5)c34)C2)n1,0.015196291259595521,0.0064460435,0.05948932,0.0018553432,0.99953246,0.0024900436,0.44508763519965394,0.5,1.0,0.16560509554140126,0.21505376344086022,0.13846153846153847,59.980000000000004,5.4520400000000055,0.44508763519965394,0.5,1.0
Cc1nc(C)c(C(=O)NC2CCN(C(CNS(=O)(=O)C(C)C)c3ccc(F)cc3)CC2)s1,,Cc1nc(C)c(C(=O)NC2CCN(C(CNS(=O)(=O)C(C)C)c3ccc(F)cc3)CC2)s1,0.14851024987796357,0.25525433,0.21743932,0.027784744,0.9999829,0.738204,0.6031593540489321,0.5,1.0,0.2517482517482518,0.24719101123595505,0.1978021978021978,91.4,3.162340000000002,0.6031593540489321,0.5,1.0
O=C(Cn1cnc2c(ncn2CCC(F)(F)F)c1=O)NCC(NC(=O)c1ccccc1Cl)C(=O)O,,O=C(Cn1cnc2c(ncn2CCC(F)(F)F)c1=O)NCC(NC(=O)c1ccccc1Cl)C(=O)O,0.058256923433047815,0.89665926,0.6622102,0.00852365,1.9907951e-05,0.9991478,0.3883115389657813,1.0,1.0,0.3219178082191781,0.2896174863387978,0.1717171717171717,148.20999999999998,1.1981999999999997,0.3883115389657813,1.0,1.0
CCN(CC)CCNC(=O)CC1C(=O)NCCN1C(=O)c1ccccc1,,CCN(CC)CCNC(=O)CC1C(=O)NCCN1C(=O)c1ccccc1,0.07653475549174361,0.03981105,0.014156333,0.032314893,0.9999996,0.9999073,0.7063429860074901,0.5,1.0,0.20588235294117646,0.18285714285714286,0.20118343195266272,81.75,0.4753000000000023,0.7063429860074901,0.5,1.0
Cc1nc(C(C#N)NC(=O)COc2c(F)c(F)cc(F)c2F)sc1CCCC(=O)O,,Cc1nc(C(C#N)NC(=O)COc2c(F)c(F)cc(F)c2F)sc1CCCC(=O)O,0.20804647769197168,0.18539216,0.052755978,0.026362186,0.9503177,0.73056275,0.45299304677462254,1.0,1.0,0.24285714285714285,0.2122905027932961,0.19662921348314608,112.31000000000002,3.1751000000000014,0.45299304677462254,1.0,1.0
Cc1ccc(C(=O)c2cccnc2)cc1NC(=O)NC1CCCCN(CC(=O)NC(CC(=O)O)c2cccnc2)C1=O,,Cc1ccc(C(=O)c2cccnc2)cc1NC(=O)NC1CCCCN(CC(=O)NC(CC(=O)O)c2cccnc2)C1=O,0.00988230243924904,0.02921577,0.40521944,0.033266254,0.0,0.8800661,0.2687338755607916,1.0,1.0,0.1989247311827957,0.26666666666666666,0.2018348623853211,170.69,2.8508200000000006,0.2687338755607916,1.0,1.0
CCn1cnc(CC(CNC(=O)C(Cc2ccccc2)NC(=O)Cn2c(=O)[nH]c3ncccc32)NC(=O)c2c(C)cc(C#N)cc2C)c1,,CCn1cnc(CC(CNC(=O)C(Cc2ccccc2)NC(=O)Cn2c(=O)[nH]c3ncccc32)NC(=O)c2c(C)cc(C#N)cc2C)c1,0.002820854205997411,0.056659818,0.12012025,0.0032116862,0.0,0.9744082,0.15139055679860022,0.5,1.0,0.21393034825870647,0.2317596566523605,0.15040650406504066,179.58999999999997,2.314520000000001,0.15139055679860022,0.5,1.0
Cc1cccc(C)c1C(=O)NC(C=CCn1cnc2c(=N)[nH]cnc21)C(=O)O,,Cc1cccc(C)c1C(=O)NC(C=CCn1cnc2c(=N)[nH]cnc21)C(=O)O,0.08759262301611452,0.48934147,0.18481848,0.0064876922,0.0016130209,0.9988528,0.4777671145464134,1.0,1.0,0.2740740740740741,0.24277456647398843,0.16574585635359115,136.75,1.2951100000000004,0.4777671145464134,1.0,1.0
Cc1cc(CCCOc2cc3ccn(CC(=O)NCC(NC(=O)c4c(Cl)cccc4Cl)C(=O)O)c3cn2)on1,,Cc1cc(CCCOc2cc3ccn(CC(=O)NCC(NC(=O)c4c(Cl)cccc4Cl)C(=O)O)c3cn2)on1,0.0475671237511604,0.693031,0.9957411,0.011561772,1.7285347e-05,0.3864845,0.21732409922079649,1.0,1.0,0.2926829268292683,0.39344262295081966,0.1784037558685446,148.57999999999998,3.650520000000001,0.21732409922079649,1.0,1.0
Cc1c(C=Cc2ccc(Cl)cc2C(F)(F)F)nc2c(N3CCOCC3)ccnn12,,Cc1c(C=Cc2ccc(Cl)cc2C(F)(F)F)nc2c(N3CCOCC3)ccnn12,0.026868466345935534,0.052844103,0.02523159,0.0017222385,0.7351309,0.023291886,0.6123978804716309,0.5,1.0,0.21232876712328766,0.1956521739130435,0.1368421052631579,42.66,4.7169200000000036,0.6123978804716309,0.5,1.0
Nc1ccc(Br)c(Cl)c1,,Nc1ccc(Br)c(Cl)c1,0.005703602242834767,0.016359368,0.0009554428,5.0464463e-05,0.0046555763,0.9243563,0.6490916010620661,0.5,1.0,0.18604651162790697,0.12403100775193798,0.06015037593984962,26.02,2.6847000000000003,0.6490916010620661,0.5,1.0
CCCCCCCCCc1ccc(OC=Cc2ccc(CCC(=O)CC(N)C(=O)O)cc2)cc1,,CCCCCCCCCc1ccc(OC=Cc2ccc(CCC(=O)CC(N)C(=O)O)cc2)cc1,0.0840024101319663,0.1905414,0.060347535,0.8705478,0.99999136,0.000166893,0.21031720126371717,1.0,1.0,0.24358974358974358,0.2153846153846154,0.3163841807909605,89.62,6.333100000000006,0.21031720126371717,1.0,1.0
CN(C)C(CNC(=O)C(=O)NC(Cc1ccccc1)C(=O)O)c1ccccc1,,CN(C)C(CNC(=O)C(=O)NC(Cc1ccccc1)C(=O)O)c1ccccc1,0.471540919425577,0.99965775,0.9598911,0.019260034,0.9997139,0.9990955,0.5955295276094241,1.0,1.0,0.4482758620689655,0.34394904458598724,0.1896551724137931,98.74000000000001,1.2176000000000016,0.5955295276094241,1.0,1.0
O=C(COc1c(Cl)cccc1Cl)NCC(NC(=O)c1c(Cl)cccc1Cl)C(=O)O,,O=C(COc1c(Cl)cccc1Cl)NCC(NC(=O)c1c(Cl)cccc1Cl)C(=O)O,0.29991493835560257,0.9917631,0.9978065,0.0037608554,0.9971571,0.36639625,0.535221024384296,1.0,1.0,0.3790322580645161,0.40789473684210525,0.15384615384615385,104.73,3.678400000000001,0.535221024384296,1.0,1.0
CC(=O)Nc1ccc(C(=O)NC(Cc2ccc(-c3cccc(NC(C)=O)c3)cc2)C(=O)O)cc1,,CC(=O)Nc1ccc(C(=O)NC(Cc2ccc(-c3cccc(NC(C)=O)c3)cc2)C(=O)O)cc1,0.22250088926877906,0.99196,0.99892044,0.0057913987,0.14612597,0.35387498,0.40888843810598363,1.0,1.0,0.3795620437956204,0.4233128834355828,0.16326530612244897,124.60000000000001,3.6961000000000013,0.40888843810598363,1.0,1.0
CCc1oc(C(=O)NC(CCC(=O)O)C(=O)O)cc1Cl,,CCc1oc(C(=O)NC(CCC(=O)O)C(=O)O)cc1Cl,0.27630877865780906,0.14439322,0.0948957,0.06006913,0.7707757,0.9975461,0.7031736230196407,1.0,1.0,0.23636363636363636,0.22602739726027396,0.2152777777777778,116.84000000000002,1.5431999999999997,0.7031736230196407,1.0,1.0
CN1CCN(C(=O)CCn2nc(-c3ccccc3)c3c([nH]c4ccccc43)c2=O)CC1,,CN1CCN(C(=O)CCn2nc(-c3ccccc3)c3c([nH]c4ccccc43)c2=O)CC1,0.04388330503316796,0.019450804,0.08087581,0.0005684012,0.999998,0.9189948,0.5562279483021657,0.5,1.0,0.189873417721519,0.2222222222222222,0.11274509803921569,74.23,2.7089000000000008,0.5562279483021657,0.5,1.0
O=C(O)C1CCC(CNCCO)CC1,,O=C(O)C1CCC(CNCCO)CC1,0.017816800970722153,0.00013230123,0.000122843,0.0034830736,0.9999882,0.9999117,0.5651258909847636,1.0,1.0,0.08108108108108109,0.07947019867549669,0.15217391304347827,69.56,0.45929999999999993,0.5651258909847636,1.0,1.0
CC(=O)N=c1cc(-c2ccc(CC(NC(=O)c3c(Cl)cccc3Cl)C(=O)O)cc2)cc[nH]1,,CC(=O)N=c1cc(-c2ccc(CC(NC(=O)c3c(Cl)cccc3Cl)C(=O)O)cc2)cc[nH]1,0.2823300263570174,0.9999037,0.9999987,0.0041992567,0.96142983,0.24795687,0.5059629903250479,1.0,1.0,0.47580645161290325,0.5694444444444444,0.15625,111.62,3.8614000000000015,0.5059629903250479,1.0,1.0
COCCOC(=O)NC(CC(C)C)C(=O)NC(C=O)Cc1ccccc1,,COCCOC(=O)NC(CC(C)C)C(=O)NC(C=O)Cc1ccccc1,0.11040691545025873,0.15674376,0.02237793,0.07207069,0.99995816,0.9960335,0.4603976717134537,0.5,1.0,0.23846153846153847,0.19298245614035087,0.21951219512195122,93.72999999999999,1.7001000000000002,0.4603976717134537,0.5,1.0
O=C(Cn1c(=O)[nH]c2cccnc21)NCC(NC(=O)c1cc(C(F)(F)F)cc(C(F)(F)F)c1)C(=O)O,,O=C(Cn1c(=O)[nH]c2cccnc21)NCC(NC(=O)c1cc(C(F)(F)F)cc(C(F)(F)F)c1)C(=O)O,0.04337156094130749,0.26859272,0.42929503,0.0038274662,4.3272972e-05,0.99521315,0.3502162352685921,1.0,1.0,0.2532467532467532,0.26881720430107525,0.15422885572139303,146.17999999999998,1.7615999999999996,0.3502162352685921,1.0,1.0
Cc1[nH][nH]c(=O)c1C(NC(=O)CNC(=O)CNC(=O)c1ccc(Cl)cc1Cl)C(=O)NCc1ccncc1,,Cc1[nH][nH]c(=O)c1C(NC(=O)CNC(=O)CNC(=O)c1ccc(Cl)cc1Cl)C(=O)NCc1ccncc1,0.00507185785308704,0.80067545,0.45217615,0.0013832734,0.0,0.9997955,0.21757019473381067,0.5,1.0,0.3051948051948052,0.2708333333333333,0.1320754716981132,177.94,0.7331200000000018,0.21757019473381067,0.5,1.0
O=C(O)C(=Cc1cccc(O)c1)C(=O)O,,O=C(O)C(=Cc1cccc(O)c1)C(=O)O,0.088311374835915,0.1351506,0.0057531446,0.0015644267,0.99993616,0.99960834,0.39013906791936814,1.0,1.0,0.23469387755102042,0.16312056737588654,0.1347517730496454,94.83,0.9448000000000001,0.39013906791936814,1.0,1.0
CCCC(NC(=O)C(C)(C#CC1(OC)CN2CCC1CC2)c1ccccc1)C(=O)NC(CNC(C)C)C(=O)O,,CCCC(NC(=O)C(C)(C#CC1(OC)CN2CCC1CC2)c1ccccc1)C(=O)NC(CNC(C)C)C(=O)O,0.17219533141815657,0.034084592,0.01462511,0.3523333,0.5,0.992453,0.29911451933540806,1.0,1.0,0.20238095238095238,0.18357487922705315,0.2617801047120419,120.00000000000001,1.9108000000000023,0.29911451933540806,1.0,1.0
Cc1ccc(F)c(C(=O)NC(CNC(=O)Cn2c(=O)[nH]c3ncccc32)C(=O)O)c1F,,Cc1ccc(F)c(C(=O)NC(CNC(=O)Cn2c(=O)[nH]c3ncccc32)C(=O)O)c1F,0.06806901440041832,0.929135,0.97817755,0.005995309,4.3272972e-05,0.9999441,0.4218872958014497,1.0,1.0,0.33088235294117646,0.3575757575757576,0.164021164021164,146.18,0.3106200000000001,0.4218872958014497,1.0,1.0
CC1(C)C2CCC1(C)C(OC(=O)CCCOCCCN1CCN(CCCN=c3cc[nH]c4cc(Cl)ccc34)CC1)C2,,CC1(C)C2CCC1(C)C(OC(=O)CCCOCCCN1CCN(CCCN=c3cc[nH]c4cc(Cl)ccc34)CC1)C2,0.007002045294025534,0.000816029,0.00071224844,0.042520173,0.9999906,0.0012589097,0.24244163456355003,0.5,1.0,0.12060301507537688,0.11764705882352941,0.2073732718894009,70.16,5.674600000000006,0.24244163456355003,0.5,1.0
COc1ccc(Cl)c(C(=O)NCC(NC(=O)C(C)n2c(C(C)(C)C)nc3cncnc32)C(=O)O)c1,,COc1ccc(Cl)c(C(=O)NCC(NC(=O)C(C)n2c(C(C)(C)C)nc3cncnc32)C(=O)O)c1,0.04935270961113583,0.22678746,0.38538802,0.021131065,1.8954277e-05,0.97186756,0.42473035803955717,1.0,1.0,0.24836601307189543,0.2648648648648649,0.19170984455958548,148.33,2.3461999999999996,0.42473035803955717,1.0,1.0
Cc1ccc(C(=O)NCC(=O)NC2CCCc3ccccc32)cc1,,Cc1ccc(C(=O)NCC(=O)NC2CCCc3ccccc32)cc1,0.17850453174740222,0.9194353,0.39159355,0.0073938365,0.9990747,0.8563011,0.9091268860238761,0.5,1.0,0.32786885245901637,0.2654320987654321,0.1686046511627907,58.2,2.9186200000000015,0.9091268860238761,0.5,1.0
COC(=O)NC1NCC(c2ccc(F)c(Br)c2)NC1=O,,COC(=O)NC1NCC(c2ccc(F)c(Br)c2)NC1=O,0.09802613050630478,0.14713684,0.06914236,0.0074707875,0.99999976,0.9994901,0.7475166927461128,0.5,1.0,0.23684210526315788,0.2185430463576159,0.16883116883116883,79.46000000000001,1.0307999999999997,0.7475166927461128,0.5,1.0
COc1cccc(-c2nnn(CC(=O)N(CCC(C)C)CC(=O)NCC3CCCO3)n2)c1,,COc1cccc(-c2nnn(CC(=O)N(CCC(C)C)CC(=O)NCC3CCCO3)n2)c1,0.03670065024311907,0.0007596648,0.006766818,0.05659436,0.9635087,0.9977242,0.55921256672097,0.5,1.0,0.11904761904761904,0.16666666666666666,0.21390374331550802,111.47000000000001,1.5186000000000004,0.55921256672097,0.5,1.0
O=C(NC(C(=O)O)c1ccccc1)c1cc(C(=O)O)c(-c2ccccc2)c(F)c1F,,O=C(NC(C(=O)O)c1ccccc1)c1cc(C(=O)O)c(-c2ccccc2)c(F)c1F,0.2070555051676656,0.9972817,0.9303562,0.0006358996,0.99808353,0.23430812,0.5710983806003307,1.0,1.0,0.4032258064516129,0.3312883435582822,0.11518324607329843,103.7,3.8857000000000017,0.5710983806003307,1.0,1.0
N=C(N)NS(=O)(=O)c1ccc(NC(=O)CNC(O)c2cc3cnccc3s2)cc1,,N=C(N)NS(=O)(=O)c1ccc(NC(=O)CNC(O)c2cc3cnccc3s2)cc1,0.0025857201005144723,0.044356998,0.09474273,0.002524225,0.0,0.9998223,0.18034765981641052,0.5,1.0,0.20833333333333334,0.22598870056497175,0.14516129032258066,170.28999999999996,0.6872700000000003,0.18034765981641052,0.5,1.0
Cc1ccc2ccc(NC(=O)CCc3nc4ccccc4[nH]3)cc2n1,,Cc1ccc2ccc(NC(=O)CCc3nc4ccccc4[nH]3)cc2n1,0.035511656105515974,0.042090263,0.050807234,0.0005568617,0.99999225,0.18140268,0.5941701929582813,0.5,1.0,0.20714285714285716,0.21142857142857144,0.11229946524064172,70.67,3.990820000000002,0.5941701929582813,0.5,1.0
CCc1nn(C)c(C(=O)NCCC(=O)NC(C=CS(=O)(=O)c2ccccc2)C(=O)NC(CC2CCCCC2)C(=O)O)c1Cl,,CCc1nn(C)c(C(=O)NCCC(=O)NC(C=CS(=O)(=O)c2ccccc2)C(=O)NC(CC2CCCCC2)C(=O)O)c1Cl,0.018431694105168293,0.14973308,0.1775204,0.6661393,0.0,0.9044194,0.24484479698059775,1.0,1.0,0.23728813559322035,0.24170616113744076,0.29,176.55999999999997,2.7680000000000016,0.24484479698059775,1.0,1.0
Nc1ccccc1NC(=O)C1CCCN1,,Nc1ccccc1NC(=O)C1CCCN1,0.024639052166049388,0.0063096215,0.0020791602,0.0017336928,0.9999702,0.9995905,0.6298709741247862,0.5,1.0,0.1651376146788991,0.14093959731543623,0.136986301369863,67.14999999999999,0.9592999999999996,0.6298709741247862,0.5,1.0
N#CCNC(=O)CNC(=O)Nc1ccc(F)c(F)c1,,N#CCNC(=O)CNC(=O)Nc1ccc(F)c(F)c1,0.08819648781519518,0.07757302,0.49594623,0.0011150286,0.9999532,0.99979985,0.7023665489533275,0.5,1.0,0.22123893805309736,0.2746478873239437,0.12738853503184713,94.02000000000001,0.7260799999999992,0.7023665489533275,0.5,1.0
NC(=O)c1cc(F)cc(OCC(=O)NC(CNC(=O)Cn2c(=O)[nH]c3ncccc32)C(=O)O)c1,,NC(=O)c1cc(F)cc(OCC(=O)NC(CNC(=O)Cn2c(=O)[nH]c3ncccc32)C(=O)O)c1,0.010423530720035861,0.21402851,0.36997616,0.006766818,0.0,0.9999996,0.2393645199319849,1.0,1.0,0.24675324675324675,0.26344086021505375,0.16666666666666666,198.49999999999997,-1.2727999999999984,0.2393645199319849,1.0,1.0
O=C(CN1CCc2cccc(Cl)c21)NCC(NC(=O)c1ccc(Cl)c(Cl)c1)C(=O)O,,O=C(CN1CCc2cccc(Cl)c21)NCC(NC(=O)c1ccc(Cl)c(Cl)c1)C(=O)O,0.4205042669013162,0.9920632,0.976392,0.012069325,0.9997139,0.8188161,0.5777152899569686,1.0,1.0,0.3798449612403101,0.3558282208588957,0.1793478260869565,98.74000000000001,3.0087,0.5777152899569686,1.0,1.0
CN(C)c1ccc2nc(-c3cn[nH]c3)[nH]c2n1,,CN(C)c1ccc2nc(-c3cn[nH]c3)[nH]c2n1,0.00851199769000815,0.0006512782,0.0005620249,9.5816366e-05,0.9999974,0.99834824,0.6952269321234922,0.5,1.0,0.11570247933884298,0.1125,0.07407407407407407,73.49000000000001,1.4139999999999997,0.6952269321234922,0.5,1.0
Cc1ccc(Cl)c(C(=O)NC(CNC2(CO)CCCC2)C(=O)O)c1F,,Cc1ccc(Cl)c(C(=O)NC(CNC2(CO)CCCC2)C(=O)O)c1F,0.6247995499608671,0.839482,0.5073795,0.24025302,0.99972254,0.99343204,0.5853471406054703,1.0,1.0,0.31092436974789917,0.27564102564102566,0.25,98.66000000000001,1.8652199999999997,0.5853471406054703,1.0,1.0
COc1cccc2c1CC(N(CC(NC(=O)c1c(Cl)cccc1Cl)C(=O)O)S(=O)(=O)c1ccc(C)cc1)CO2,,COc1cccc2c1CC(N(CC(NC(=O)c1c(Cl)cccc1Cl)C(=O)O)S(=O)(=O)c1ccc(C)cc1)CO2,0.21535917855915246,0.9731252,0.99475265,0.008412067,0.29741645,0.10790706,0.38175001159557587,1.0,1.0,0.35294117647058826,0.3888888888888889,0.17142857142857143,122.24,4.1880200000000025,0.38175001159557587,1.0,1.0
O=C(NC(CNc1ccc(N2CCNC2=O)cc1)C(=O)O)c1c(Cl)cccc1Cl,,O=C(NC(CNc1ccc(N2CCNC2=O)cc1)C(=O)O)c1c(Cl)cccc1Cl,0.4632609404202204,0.9979937,0.9997209,0.021496614,0.9718634,0.8902708,0.5326601065664858,1.0,1.0,0.4098360655737705,0.4527027027027027,0.192090395480226,110.77,2.8181000000000003,0.5326601065664858,1.0,1.0
COC(=O)C=C(C)C(C)C#CC(=O)NC(C(=O)O)C(C)C,,COC(=O)C=C(C)C(C)C#CC(=O)NC(C(=O)O)C(C)C,0.05625643301218398,0.0009091201,0.0013832734,0.056322936,0.9999718,0.9995761,0.4477289742591809,1.0,1.0,0.12295081967213115,0.1320754716981132,0.21379310344827587,92.7,0.9705999999999995,0.4477289742591809,1.0,1.0
COc1cc(C=CC(=O)C(O)OC)ccc1O,,COc1cc(C=CC(=O)C(O)OC)ccc1O,0.020876524426989566,0.0032169935,0.0018296257,0.0015272137,0.99999905,0.9996046,0.5896432470446533,0.5,1.0,0.1504424778761062,0.13815789473684212,0.1342281879194631,75.99000000000001,0.9479,0.5896432470446533,0.5,1.0
O=C(Cn1c(=O)[nH]c2ncccc21)Nc1ccc(Cl)c(Cl)c1,,O=C(Cn1c(=O)[nH]c2ncccc21)Nc1ccc(Cl)c(Cl)c1,0.05558222636782938,0.19277237,0.06580564,0.00020801336,0.99999976,0.92743146,0.7711075311815909,0.5,1.0,0.24390243902439024,0.21739130434782608,0.09090909090909091,79.78,2.6700999999999997,0.7711075311815909,0.5,1.0
O=C(CSc1ncc2c(n1)-c1ccccc1C2)NCCc1ccc(Cl)cc1,,O=C(CSc1ncc2c(n1)-c1ccccc1C2)NCCc1ccc(Cl)cc1,0.09237686467262418,0.93621635,0.88483506,0.0010295357,0.99669963,0.11895865,0.3932956455216578,0.5,1.0,0.3333333333333333,0.3192771084337349,0.1256544502617801,54.88,4.152200000000003,0.3932956455216578,0.5,1.0
O=C(O)C(N=c1ncc(Cc2sc(=O)[nH]c2O)c[nH]1)c1ccccc1,,O=C(O)C(N=c1ncc(Cc2sc(=O)[nH]c2O)c[nH]1)c1ccccc1,0.08199820918487156,0.693031,0.08806662,0.0007456874,0.012292206,0.9991878,0.5437867349465761,1.0,1.0,0.2926829268292683,0.22424242424242424,0.11864406779661017,131.43,1.1824999999999994,0.5437867349465761,1.0,1.0
O=C(Cn1c(=O)[nH]c2ncccc21)NC(C(=O)O)c1ccccc1Cl,,O=C(Cn1c(=O)[nH]c2ncccc21)NC(C(=O)O)c1ccccc1Cl,0.2938007570140204,0.9497925,0.480345,0.0029521903,0.7540983,0.9987614,0.6340178193864623,1.0,1.0,0.33884297520661155,0.2732919254658385,0.14857142857142858,117.08,1.3200999999999994,0.6340178193864623,1.0,1.0
O=C(O)CCCC=CCC(CNC(Cc1c(O)ccc2c1oc(=O)c1ccc(Cl)cc12)c1ccccc1)NC(O)SCC(=O)O,,O=C(O)CCCC=CCC(CNC(Cc1c(O)ccc2c1oc(=O)c1ccc(Cl)cc12)c1ccccc1)NC(O)SCC(=O)O,0.0020521658198757228,0.19841206,0.07442165,0.006766818,0.0,0.0026500225,0.028208094489989014,1.0,1.0,0.24468085106382978,0.22026431718061673,0.16666666666666666,169.32999999999998,5.4317000000000055,0.028208094489989014,1.0,1.0
COc1ccc(CCCCC(C(=O)NC(C(=O)O)C(=O)O)n2cccc(NC(=O)c3ccccc3)c2=O)cc1,,COc1ccc(CCCCC(C(=O)NC(C(=O)O)C(=O)O)n2cccc(NC(=O)c3ccccc3)c2=O)cc1,0.014678516603885357,0.6209098,0.6522753,0.014050785,0.0,0.9170541,0.19166300836860192,1.0,1.0,0.2857142857142857,0.28865979381443296,0.18269230769230768,164.02999999999997,2.717299999999999,0.19166300836860192,1.0,1.0
CCCCCCCCn1c(=O)[nH]c2nc(-c3ccccc3Cl)cc(NC(CCCC(=O)O)CCN3CCN(C)CC3)c21,,CCCCCCCCn1c(=O)[nH]c2nc(-c3ccccc3Cl)cc(NC(CCCC(=O)O)CCN3CCN(C)CC3)c21,0.03306264783247901,0.008585298,0.012786323,0.20285945,0.99442935,0.00036478043,0.1617053102353824,1.0,1.0,0.171875,0.18061674008810572,0.24528301886792453,106.49,6.078400000000006,0.1617053102353824,1.0,1.0
O=C(NC(CNC(=O)c1cnc2ccc(Cl)cn2c1=O)C(=O)O)c1ccccc1Cl,,O=C(NC(CNC(=O)c1cnc2ccc(Cl)cn2c1=O)C(=O)O)c1ccccc1Cl,0.1793186790840926,0.99895394,0.9925568,0.0028953666,0.022144914,0.99694926,0.5245680948888602,1.0,1.0,0.424,0.38125,0.14814814814814814,129.86999999999998,1.6143,0.5245680948888602,1.0,1.0
CC(C)(CNC(=O)c1cc2nc(N3CCC(N4CCCC4)CC3)nc(-c3cc4ccccc4[nH]3)c2s1)C(=O)O,,CC(C)(CNC(=O)c1cc2nc(N3CCC(N4CCCC4)CC3)nc(-c3cc4ccccc4[nH]3)c2s1)C(=O)O,0.07133076674748545,0.018604655,0.041044384,0.029382633,0.8937748,0.021422029,0.3066244510377717,1.0,1.0,0.18888888888888888,0.20657276995305165,0.1990521327014218,114.45,4.744800000000003,0.3066244510377717,1.0,1.0
O=C(Cn1c(=O)[nH]c2ncccc21)NCC(NC(O)c1c[nH]c(O)c1)C(O)O,,O=C(Cn1c(=O)[nH]c2ncccc21)NCC(NC(O)c1c[nH]c(O)c1)C(O)O,0.0008371446180611925,0.002830016,0.0042979815,0.0009109561,0.0,1.0,0.198807389105815,0.5,1.0,0.1476510067114094,0.15675675675675677,0.12299465240641712,188.51999999999998,-2.165499999999999,0.198807389105815,0.5,1.0
Cn1c2c(c(=O)n(C)c1=O)C(c1ccccc1Cl)CC(=O)N2,,Cn1c2c(c(=O)n(C)c1=O)C(c1ccccc1Cl)CC(=O)N2,0.10634296672269568,0.48278672,0.15826005,0.0014124996,0.9999969,0.99911225,0.8584299453146669,0.5,1.0,0.27350427350427353,0.23870967741935484,0.13253012048192772,73.1,1.2114999999999998,0.8584299453146669,0.5,1.0
CCCCCCCCCCCCCCN1CCC(CCCCN)NC(CCN)C1=O,,CCCCCCCCCCCCCCN1CCC(CCCCN)NC(CCN)C1=O,0.0031295208820940838,1.1529024e-05,2.1354215e-05,0.040951975,0.99999887,0.022775114,0.26184025849497944,0.5,1.0,0.028089887640449437,0.041474654377880185,0.20652173913043478,84.38,4.724400000000003,0.26184025849497944,0.5,1.0
CCCCCCCCCCC(O)C1(O)CCCNC1C(=O)O,,CCCCCCCCCCC(O)C1(O)CCCNC1C(=O)O,0.03133367964858503,5.978185e-05,8.7984525e-05,0.42522857,0.99999076,0.96218544,0.4397600902436669,1.0,1.0,0.06382978723404255,0.07222222222222222,0.2684563758389262,89.79,2.4457999999999993,0.4397600902436669,1.0,1.0
O=C(O)CC(O)(NC(=O)NCCc1c[nH]c2ccc(Cl)cc12)c1ccccc1,,O=C(O)CC(O)(NC(=O)NCCc1c[nH]c2ccc(Cl)cc12)c1ccccc1,0.268619673736892,0.99343646,0.87408173,0.0014898726,0.8937748,0.8302287,0.39134509801039136,1.0,1.0,0.384,0.3170731707317073,0.13368983957219252,114.44999999999999,2.9830000000000014,0.39134509801039136,1.0,1.0
CCCCCCCCC(=O)NCc1ccc(O)c(O)c1,,CCCCCCCCC(=O)NCc1ccc(O)c(O)c1,0.040873494900169505,0.0022706783,0.0014656478,0.35537463,0.9999882,0.5271437,0.47866893033512903,0.5,1.0,0.14285714285714285,0.13333333333333333,0.2620689655172414,69.56,3.4646000000000026,0.47866893033512903,0.5,1.0
CC(O)(c1ccc(Cl)cc1)c1nc2ccccc2[nH]1,,CC(O)(c1ccc(Cl)cc1)c1nc2ccccc2[nH]1,0.06438352493734922,0.8033137,0.09745461,0.00015370229,0.9683035,0.5214009,0.7503734443136836,0.5,1.0,0.3055555555555556,0.22666666666666666,0.08433734939759036,48.910000000000004,3.472100000000002,0.7503734443136836,0.5,1.0
Cc1ccc(Cl)c(C(=O)NC(Cc2ccc(-c3cncnc3)cc2)C(=O)O)c1F,,Cc1ccc(Cl)c(C(=O)NC(Cc2ccc(-c3cncnc3)cc2)C(=O)O)c1F,0.30676830177094017,0.9999529,0.9999491,0.0034830736,0.99997693,0.3722458,0.6428699436249053,1.0,1.0,0.49137931034482757,0.4896551724137931,0.15217391304347827,92.18,3.6702200000000014,0.6428699436249053,1.0,1.0
O=C(N=c1cccc[nH]1)NN=Cc1cc(O)cc(O)c1,,O=C(N=c1cccc[nH]1)NN=Cc1cc(O)cc(O)c1,0.0,0.0,0.0,0.0,0.0,0.0,0.0,0.0,0.0,0.0,0.0,0.0,0.0,0.0,0.0,0.0,0.0
Cc1ccc(Cl)c(C(=O)NC(CNC(=O)Cn2c(=O)[nH]c3ncc(Cl)cc32)C(=O)O)c1F,,Cc1ccc(Cl)c(C(=O)NC(CNC(=O)Cn2c(=O)[nH]c3ncc(Cl)cc32)C(=O)O)c1F,0.06567128927806448,0.8713893,0.96211517,0.005541912,4.3272972e-05,0.99798834,0.3997719913094049,1.0,1.0,0.31654676258992803,0.34523809523809523,0.16230366492146597,146.18,1.4783200000000003,0.3997719913094049,1.0,1.0
CCCCCC(C)C(C)c1ccc(O)c(C)c1,,CCCCCC(C)C(C)c1ccc(O)c(C)c1,0.003053338994955984,0.0012827385,0.0009271063,0.013503891,0.0005067337,0.00930208,0.6850843528836639,0.5,1.0,0.13043478260869565,0.12337662337662338,0.18181818181818182,20.23,5.020520000000006,0.6850843528836639,0.5,1.0
CCC(C)C(NC(=O)c1cc(-c2ccccc2)ccc1Cl)C(=O)NC(Cc1cccs1)C(=O)O,,CCC(C)C(NC(=O)c1cc(-c2ccccc2)ccc1Cl)C(=O)NC(Cc1cccs1)C(=O)O,0.23442080965283218,0.9777479,0.9878955,0.05127934,0.99991745,0.009173453,0.36525803166215576,1.0,1.0,0.35714285714285715,0.37058823529411766,0.21164021164021163,95.50000000000001,5.025100000000004,0.36525803166215576,1.0,1.0
O=C(O)C(=O)CC(=O)c1ccc2[nH]c(Cl)cc2c1,,O=C(O)C(=O)CC(=O)c1ccc2[nH]c(Cl)cc2c1,0.13872755439246048,0.24025302,0.024100307,0.0024754854,0.99999654,0.9885519,0.5030680638905705,1.0,1.0,0.25,0.19463087248322147,0.14473684210526316,87.22999999999999,2.0478,0.5030680638905705,1.0,1.0
COc1cc2ncnc(N3CCN(C(=O)Nc4ccc(C#N)cc4)CC3)c2cc1OC,,COc1cc2ncnc(N3CCN(C(=O)Nc4ccc(C#N)cc4)CC3)c2cc1OC,0.050774321244822444,0.012802863,0.033702645,0.0041992567,0.9981485,0.87276566,0.6947180886473493,0.5,1.0,0.18064516129032257,0.20212765957446807,0.15625,103.61,2.8727800000000014,0.6947180886473493,0.5,1.0
CCCn1c(C)nc2c1N1C(=NC3CCCCC31)N(C)C2=O,,CCCn1c(C)nc2c1N1C(=NC3CCCCC31)N(C)C2=O,0.0121287503021808,5.6230958e-05,0.00014367986,0.030653428,0.99487805,0.98320913,0.84102789284811,0.5,1.0,0.0625,0.08287292817679558,0.2,53.730000000000004,2.17432,0.84102789284811,0.5,1.0
Cc1ccc(Cl)c(C(=O)NC(CNc2ccccc2OC(=O)c2ccccc2)C(=O)O)c1F,,Cc1ccc(Cl)c(C(=O)NC(CNc2ccccc2OC(=O)c2ccccc2)C(=O)O)c1F,0.21055129526550243,0.99880207,0.984189,0.0033793475,0.9971571,0.078588784,0.3346822603792759,1.0,1.0,0.42105263157894735,0.36470588235294116,0.15151515151515152,104.73,4.301820000000002,0.3346822603792759,1.0,1.0
COc1cc(OC)c(C(=O)NNC(=O)c2ccccc2O)c(OC)c1,,COc1cc(OC)c(C(=O)NNC(=O)c2ccccc2O)c(OC)c1,0.0,0.0,0.0,0.0,0.0,0.0,0.0,0.0,0.0,0.0,0.0,0.0,0.0,0.0,0.0,0.0,0.0
CCOc1cc(NC(=O)C(C#N)=Cc2ccc(C(=O)O)cc2)cc(C(F)(F)F)c1F,,CCOc1cc(NC(=O)C(C#N)=Cc2ccc(C(=O)O)cc2)cc(C(F)(F)F)c1F,0.1538239572597404,0.53672326,0.33750644,0.0039103986,0.9996286,0.046069086,0.4061086587088351,1.0,1.0,0.2781954887218045,0.2603550295857988,0.15469613259668508,99.42,4.487080000000002,0.4061086587088351,1.0,1.0
Cc1ccc(Sc2ccc(NC(=O)C(C)(N)CO)cc2)cc1,,Cc1ccc(Sc2ccc(NC(=O)C(C)(N)CO)cc2)cc1,0.08376765983649102,0.29815713,0.094025336,0.0011091046,0.9999987,0.89717394,0.7926833451529516,0.5,1.0,0.2564102564102564,0.22580645161290322,0.12727272727272726,75.35000000000001,2.7944199999999997,0.7926833451529516,0.5,1.0
COc1ccc(C(CC(=O)O)NC(=O)CN(CCc2ccccc2F)C(=O)c2ccc(Cl)cc2Cl)cc1,,COc1ccc(C(CC(=O)O)NC(=O)CN(CCc2ccccc2F)C(=O)c2ccc(Cl)cc2Cl)cc1,0.15171280146478622,0.9918671,0.8911324,0.006519771,0.9999023,0.0061151385,0.3460521503169581,1.0,1.0,0.3793103448275862,0.32065217391304346,0.16585365853658537,95.94,5.158200000000004,0.3460521503169581,1.0,1.0
Cn1c(SCCN2CCc3cc4c(nc3CC2)NCCC4)nnc1-c1cccc2ccccc12,,Cn1c(SCCN2CCc3cc4c(nc3CC2)NCCC4)nnc1-c1cccc2ccccc12,0.03431588922253779,0.00737179,0.02476682,0.038080245,0.99928445,0.034901083,0.43100348455993587,0.5,1.0,0.16853932584269662,0.19523809523809524,0.2048780487804878,58.870000000000005,4.581300000000003,0.43100348455993587,0.5,1.0
O=C1NC(=O)C(=Cc2ccc(O)c(Br)c2)C(=O)N1,,O=C1NC(=O)C(=Cc2ccc(O)c(Br)c2)C(=O)N1,0.05337591899777013,0.042209897,0.025566483,0.002586915,0.99991745,0.99965435,0.5303601741307724,0.5,1.0,0.2072072072072072,0.19594594594594594,0.1456953642384106,95.5,0.9040999999999997,0.5303601741307724,0.5,1.0
Cc1cccc(F)c1-c1c(Cl)[nH]c(=NCC(C)(C)C(=O)O)c(=O)n1CC(=O)NCC(NC(=O)c1c(Cl)cccc1Cl)C(=O)O,,Cc1cccc(F)c1-c1c(Cl)[nH]c(=NCC(C)(C)C(=O)O)c(=O)n1CC(=O)NCC(NC(=O)c1c(Cl)cccc1Cl)C(=O)O,0.013198196524446005,0.6655331,0.99616385,0.0056942753,0.0,0.6749425,0.20743507898141356,1.0,1.0,0.28994082840236685,0.39572192513368987,0.16289592760180996,182.95,3.2620200000000015,0.20743507898141356,1.0,1.0
O=C(NC(Cc1ccc(-c2cc[nH]c(=O)c2)cc1)C(=O)O)c1ccc(F)cc1F,,O=C(NC(Cc1ccc(-c2cc[nH]c(=O)c2)cc1)C(=O)O)c1ccc(F)cc1F,0.3196282601321721,1.0,0.99967897,0.001971704,0.9996507,0.91015095,0.5945756835064396,1.0,1.0,0.6476190476190476,0.44966442953020136,0.13978494623655913,99.26,2.745800000000001,0.5945756835064396,1.0,1.0
CCc1ccc(OCC(O)CNC(C)C)c(Br)c1,,CCc1ccc(OCC(O)CNC(C)C)c(Br)c1,0.03342762459089708,0.010841481,0.0045281784,0.0038509893,0.63918054,0.90929365,0.8126454603709327,0.5,1.0,0.17699115044247787,0.15789473684210525,0.15436241610738255,41.49,2.749200000000001,0.8126454603709327,0.5,1.0
O=C(CNC(Cn1c(=O)[nH]c2ncccc21)C(=O)O)NC(=O)c1c(F)cc(-c2ccccc2)cc1Cl,,O=C(CNC(Cn1c(=O)[nH]c2ncccc21)C(=O)O)NC(=O)c1c(F)cc(-c2ccccc2)cc1Cl,0.05063882133797184,0.81493235,0.9410714,0.0018243645,4.3272972e-05,0.9827375,0.2833947303391675,1.0,1.0,0.30718954248366015,0.33516483516483514,0.1380952380952381,146.17999999999998,2.1835000000000004,0.2833947303391675,1.0,1.0
O=C(CNC(=O)Cn1c(=O)[nH]c2ncncc21)NCC(NC(=O)c1ccc(Cl)cc1Cl)C(=O)O,,O=C(CNC(=O)Cn1c(=O)[nH]c2ncncc21)NCC(NC(=O)c1ccc(Cl)cc1Cl)C(=O)O,0.014600157610883718,0.98188585,0.7455398,0.005174011,0.0,0.9999947,0.25573414872628286,1.0,1.0,0.3617021276595745,0.2983425414364641,0.16080402010050251,188.17,-0.45799999999999824,0.25573414872628286,1.0,1.0
COC(=O)C(Cn1c(=O)[nH]c2ncccc21)NCc1nnc2ccc(NC(=O)CC(C)(C)C)cn12,,COC(=O)C(Cn1c(=O)[nH]c2ncccc21)NCc1nnc2ccc(NC(=O)CC(C)(C)C)cn12,0.0042021453051246365,0.0013427269,0.0132332165,0.0032233421,1.9192696e-05,0.99801844,0.3211978986805296,0.5,1.0,0.13142857142857142,0.18137254901960784,0.15048543689320387,148.3,1.473399999999999,0.3211978986805296,0.5,1.0
O=C(Nn1c(=O)[nH]c2ccccc2c1=O)c1ccc(Cl)c(Cl)c1,,O=C(Nn1c(=O)[nH]c2ccccc2c1=O)c1ccc(Cl)c(Cl)c1,0.08410649371392459,0.78029555,0.20285945,0.00019845707,0.999999,0.96884084,0.7443622563240518,0.5,1.0,0.3025210084033613,0.24528301886792453,0.0898876404494382,83.96000000000001,2.3805000000000005,0.7443622563240518,0.5,1.0
CCc1ccc(Cl)c(C(=O)NC(CNC(=O)Cn2c(=O)[nH]c3c(C(C)(C)C)cc(C)cc32)C(=O)O)c1,,CCc1ccc(Cl)c(C(=O)NC(CNC(=O)Cn2c(=O)[nH]c3c(C(C)(C)C)cc(C)cc32)C(=O)O)c1,0.17795453383234922,0.89665926,0.8406374,0.025486683,0.0060584545,0.7450397,0.3662382906867007,1.0,1.0,0.3219178082191781,0.3111111111111111,0.1958762886597938,133.29,3.1507200000000015,0.3662382906867007,1.0,1.0
O=C(O)CN(CCCc1ccc(F)c(C(=O)O)c1F)CCc1c(C(=O)O)[nH]c2ccc(F)cc12,,O=C(O)CN(CCCc1ccc(F)c(C(=O)O)c1F)CCc1c(C(=O)O)[nH]c2ccc(F)cc12,0.09015713584969699,0.42522857,0.27595863,0.0019912887,0.0148537755,0.4666621,0.33155897242709825,1.0,1.0,0.2684563758389262,0.25405405405405407,0.14,130.93,3.5435000000000016,0.33155897242709825,1.0,1.0
O=C(Nc1ccc(CC(NC(=O)c2c(Cl)cccc2Cl)C(=O)O)cc1)c1c(Cl)cccc1Cl,,O=C(Nc1ccc(CC(NC(=O)c2c(Cl)cccc2Cl)C(=O)O)cc1)c1c(Cl)cccc1Cl,0.0820351451576292,0.9999206,0.99998736,0.0017392451,0.99991745,0.00049602985,0.3533516374722459,1.0,1.0,0.48,0.52,0.13705583756345177,95.50000000000001,5.978200000000003,0.3533516374722459,1.0,1.0
NC(CS)CC(=O)N1Cc2c(Cl)sc(Cl)c2CC(NS(=O)(=O)c2ccc3c(c2)OCO3)C1=O,,NC(CS)CC(=O)N1Cc2c(Cl)sc(Cl)c2CC(NS(=O)(=O)c2ccc3c(c2)OCO3)C1=O,0.0,0.0,0.0,0.0,0.0,0.0,0.0,0.0,0.0,0.0,0.0,0.0,0.0,0.0,0.0,0.0,0.0
CC(C)(C)OCC(NC(=O)c1ccccc1Cl)C(=O)NC(CCCc1ccccc1)C(=O)O,,CC(C)(C)OCC(NC(=O)c1ccccc1Cl)C(=O)NC(CCCc1ccccc1)C(=O)O,0.5942646279161855,0.99960774,0.9546762,0.3927422,0.9971571,0.2569952,0.4585613644515121,1.0,1.0,0.4453125,0.3411764705882353,0.2655367231638418,104.73,3.8458000000000023,0.4585613644515121,1.0,1.0
CC(C)(CCCCNC(=O)C(=O)c1ccc(NC(=O)c2ccco2)cc1)Nc1ccccc1N,,CC(C)(CCCCNC(=O)C(=O)c1ccc(NC(=O)c2ccco2)cc1)Nc1ccccc1N,0.04253127577722015,0.07850091,0.35498577,0.025486683,0.07733524,0.047866464,0.1440863631953431,0.5,1.0,0.22151898734177214,0.2620320855614973,0.1958762886597938,126.46000000000001,4.474000000000002,0.1440863631953431,0.5,1.0
CC(NC(=O)CNC(=O)c1ccccc1Cl)C(O)(Cn1cncn1)c1ccc(F)cc1F,,CC(NC(=O)CNC(=O)c1ccccc1Cl)C(O)(Cn1cncn1)c1ccc(F)cc1F,0.14545601701233296,0.9958371,0.9585331,0.0013771934,0.98474807,0.98908144,0.4733939312223672,0.5,1.0,0.3939393939393939,0.3431952662721893,0.1319796954314721,109.14000000000001,2.032199999999999,0.4733939312223672,0.5,1.0
CCN(CC(=O)NC(CNCc1ccccc1OCC(F)(F)F)C(=O)O)CC(=O)NC(NS(=O)(=O)c1ccccc1Cl)C(=O)O,,CCN(CC(=O)NC(CNCc1ccccc1OCC(F)(F)F)C(=O)O)CC(=O)NC(NS(=O)(=O)c1ccccc1Cl)C(=O)O,0.012857848754295147,0.5755092,0.40521944,0.015974008,0.0,0.9997728,0.12132561119373347,1.0,1.0,0.28160919540229884,0.26666666666666666,0.18552036199095023,203.47,0.7674000000000041,0.12132561119373347,1.0,1.0
COc1cc(F)c(C(=O)NC(CNC(=O)Cn2c(=O)[nH]c3ncccc32)C(=O)O)c(Cl)c1,,COc1cc(F)c(C(=O)NC(CNC(=O)Cn2c(=O)[nH]c3ncccc32)C(=O)O)c(Cl)c1,0.0336779237100564,0.74140996,0.9462424,0.0041992567,1.3113022e-06,0.999892,0.3777313274228051,1.0,1.0,0.2978723404255319,0.33727810650887574,0.15625,155.41,0.5251000000000008,0.3777313274228051,1.0,1.0
CC(C)(C)C(=O)N1CCn2cc(C(=O)O)nc2C1,,CC(C)(C)C(=O)N1CCn2cc(C(=O)O)nc2C1,0.045126315944776285,0.0007456874,0.0016847692,0.00833722,0.9999988,0.9995774,0.8065756804942468,1.0,1.0,0.11864406779661017,0.13636363636363635,0.17123287671232876,75.43,0.9696000000000002,0.8065756804942468,1.0,1.0
Cc1cc(Cl)cc2[nH]c(=O)n(CC(=O)NCC(NC(=O)c3ccccc3Cl)C(=O)O)c12,,Cc1cc(Cl)cc2[nH]c(=O)n(CC(=O)NCC(NC(=O)c3ccccc3Cl)C(=O)O)c12,0.150721006832818,0.9991524,0.98022115,0.0047049504,0.0060584545,0.9916443,0.42346178347612035,1.0,1.0,0.42857142857142855,0.3597560975609756,0.15873015873015872,133.29,1.9442199999999992,0.42346178347612035,1.0,1.0
CCCN(CCC)c1nc(N2CCC(O)C2)nc2c1c(=O)nc(SC)n2CC(=O)NCC(NC(=O)c1c(Cl)ccc(OC)c1F)C(=O)O,,CCCN(CCC)c1nc(N2CCC(O)C2)nc2c1c(=O)nc(SC)n2CC(=O)NCC(NC(=O)c1c(Cl)ccc(OC)c1F)C(=O)O,0.009168460916478674,0.050611366,0.21312763,0.04191534,0.0,0.99255574,0.13236199478446484,1.0,1.0,0.211340206185567,0.24663677130044842,0.20704845814977973,192.10999999999996,1.9063,0.13236199478446484,1.0,1.0
O=C(NCCN1CCCCC1)c1nc(COc2cc(Cl)ccc2Cl)no1,,O=C(NCCN1CCCCC1)c1nc(COc2cc(Cl)ccc2Cl)no1,0.06039422827861947,0.039445456,0.035647742,0.0039103986,0.99999976,0.73297334,0.7705745158177398,0.5,1.0,0.20567375886524822,0.2033898305084746,0.15469613259668508,80.49000000000001,3.171100000000002,0.7705745158177398,0.5,1.0
O=C(O)CNC(=O)c1cn(Cc2c(F)cccc2F)c2cc(Cc3ccc(Cl)cc3)nnc2c1=O,,O=C(O)CNC(=O)c1cn(Cc2c(F)cccc2F)c2cc(Cc3ccc(Cl)cc3)nnc2c1=O,0.2500030458787554,0.957177,0.9848956,0.0009718866,0.9032184,0.7296554,0.40435545125278605,1.0,1.0,0.3424657534246575,0.3657142857142857,0.12440191387559808,114.18,3.1766000000000005,0.40435545125278605,1.0,1.0
CC(CC(NC(=O)c1c(Cl)cccc1Cl)C(=O)O)C(=O)NC(Cc1ccccc1)C(=O)O,,CC(CC(NC(=O)c1c(Cl)cccc1Cl)C(=O)O)C(=O)NC(Cc1ccccc1)C(=O)O,0.2021844538282788,0.999992,0.9999802,0.027784744,0.0073027015,0.8160672,0.41255595282871843,1.0,1.0,0.5299145299145299,0.5102040816326531,0.1978021978021978,132.79999999999998,3.0147000000000013,0.41255595282871843,1.0,1.0
O=C(NC(Cc1ccccc1)C(=O)O)c1cc2ccccc2s1,,O=C(NC(Cc1ccccc1)C(=O)O)c1cc2ccccc2s1,0.3846810462547648,0.9999838,0.9610201,0.007082824,0.9999602,0.62974656,0.75600453865797,1.0,1.0,0.5145631067961165,0.34459459459459457,0.16766467065868262,66.4,3.3270000000000017,0.75600453865797,1.0,1.0
COc1cc(C(N)=O)ccc1C(=O)Nc1cnn(CC(=O)O)c1C,,COc1cc(C(N)=O)ccc1C(=O)Nc1cnn(CC(=O)O)c1C,0.08011721817143014,0.13078201,0.3815909,0.0042723864,0.0017481446,0.99984825,0.7096224941386664,1.0,1.0,0.23387096774193547,0.2645161290322581,0.1566265060240964,136.54,0.6359199999999996,0.7096224941386664,1.0,1.0
FCCCCN(c1ccccc1)c1ncnc2cc(Br)c(Cl)cc12,,FCCCCN(c1ccccc1)c1ncnc2cc(Br)c(Cl)cc12,0.007535432533186472,0.3118437,0.042011846,0.000227942,0.0145754935,0.00056904554,0.47307068336093927,0.5,1.0,0.2578125,0.20710059171597633,0.09289617486338798,29.020000000000003,5.933500000000003,0.47307068336093927,0.5,1.0
CC(CC(=O)C(O)NC(Cc1ccccc1)C(=O)O)C(=O)O,,CC(CC(=O)C(O)NC(Cc1ccccc1)C(=O)O)C(=O)O,0.23064946428104097,0.82777566,0.08087581,0.02571893,0.1812067,0.9999506,0.48258948756311515,1.0,1.0,0.3090909090909091,0.2222222222222222,0.19607843137254902,123.93000000000002,0.27019999999999966,0.48258948756311515,1.0,1.0
Nc1cccc2nc(C(=O)O)c3ncccc3c12,,Nc1cccc2nc(C(=O)O)c3ncccc3c12,0.052445574409964904,0.02838008,0.006766818,0.00021897555,0.9999929,0.987997,0.5008492702712785,1.0,1.0,0.19827586206896552,0.16666666666666666,0.09202453987730061,89.1,2.0633999999999997,0.5008492702712785,1.0,1.0
CC(C(=O)NC(CNC(O)c1[nH]c(=O)[nH]c(=O)c1F)C(=O)O)c1ccccc1,,CC(C(=O)NC(CNC(O)c1[nH]c(=O)[nH]c(=O)c1F)C(=O)O)c1ccccc1,0.015536157435183945,0.91059,0.24025302,0.020237174,0.0,0.9999984,0.3176297098043946,1.0,1.0,0.3253968253968254,0.25,0.1907514450867052,164.37999999999997,-0.844099999999999,0.3176297098043946,1.0,1.0
Cc1ccc(Cl)c(C(=O)NC(CNC(=O)Cn2nncc2CC(C)C)C(=O)O)c1F,,Cc1ccc(Cl)c(C(=O)NC(CNC(=O)Cn2nncc2CC(C)C)C(=O)O)c1F,0.34180792735097465,0.74697775,0.9662279,0.04820463,0.08446467,0.9972791,0.5441580647448859,1.0,1.0,0.29850746268656714,0.34782608695652173,0.21022727272727273,126.21000000000002,1.576919999999999,0.5441580647448859,1.0,1.0
CC(C)N(C(=O)NCC(=O)NC1CCCN(C(=O)NC(C)(C)C)C1)c1ccccc1,,CC(C)N(C(=O)NCC(=O)NC1CCCN(C(=O)NC(C)(C)C)C1)c1ccccc1,0.08567359852917528,0.021198777,0.012069325,0.15620004,0.9999573,0.92107266,0.6875620201149916,0.5,1.0,0.1917808219178082,0.1793478260869565,0.23837209302325582,93.78,2.699700000000001,0.6875620201149916,0.5,1.0
CCc1ccc2c(n1)[nH]c(=O)n2CC(NCC(=O)NC(=O)CNC(=O)c1cc[nH]c1)C(=O)O,,CCc1ccc2c(n1)[nH]c(=O)n2CC(NCC(=O)NC(=O)CNC(=O)c1cc[nH]c1)C(=O)O,0.006608553665770098,0.019450804,0.06141346,0.032135013,0.0,0.9999996,0.21699987628226078,1.0,1.0,0.189873417721519,0.21578947368421053,0.20105820105820105,191.06999999999996,-1.2692999999999963,0.21699987628226078,1.0,1.0
CCCCCCCn1ccc(CC(CC(N)C(=O)O)C(=O)O)c1O,,CCCCCCCn1ccc(CC(CC(N)C(=O)O)C(=O)O)c1O,0.05684728894174441,0.0014656478,0.001949172,0.28382868,0.098131776,0.98133546,0.43221074015444866,1.0,1.0,0.13333333333333333,0.13953488372093023,0.2549019607843137,125.78,2.2093999999999996,0.43221074015444866,1.0,1.0
CCN(CC(=O)NCCc1ccccc1)C(=O)CCC(=O)N=c1nc(C)cc[nH]1,,CCN(CC(=O)NCCc1ccccc1)C(=O)CCC(=O)N=c1nc(C)cc[nH]1,0.1364092925739603,0.22566648,0.047611207,0.058557067,0.991751,0.9993022,0.6612851297944837,0.5,1.0,0.24822695035460993,0.20994475138121546,0.21468926553672316,107.52000000000001,1.1330199999999997,0.6612851297944837,0.5,1.0
Cc1c(C(=O)O)cccc1-c1ccccc1,,Cc1c(C(=O)O)cccc1-c1ccccc1,0.10966645551983446,0.8702484,0.073143445,0.00020801336,0.2618909,0.6056684,0.8282812626195442,1.0,1.0,0.3163265306122449,0.2198581560283688,0.09090909090909091,37.3,3.360220000000001,0.8282812626195442,1.0,1.0
Cc1ccc(Cl)c(C(=O)NC(CNC(=O)Cn2c(=O)n(C)c(=O)c3nc[nH]c32)C(=O)O)c1Cl,,Cc1ccc(Cl)c(C(=O)NC(CNC(=O)Cn2c(=O)n(C)c(=O)c3nc[nH]c32)C(=O)O)c1Cl,0.01569194917715631,0.7029649,0.87830716,0.006766818,0.0,0.9999758,0.3573613886994089,1.0,1.0,0.2937062937062937,0.3179190751445087,0.16666666666666666,168.17999999999998,0.037920000000001286,0.3573613886994089,1.0,1.0
Cc1ccc(C(=O)NC(Cc2ccccc2)C(=O)O)cc1C,,Cc1ccc(C(=O)NC(Cc2ccccc2)C(=O)O)cc1C,0.4265882249474451,0.9999999,0.99345386,0.0074431254,0.9999602,0.91424686,0.8914645544419217,1.0,1.0,0.6263736263736264,0.38405797101449274,0.16875,66.4,2.72914,0.8914645544419217,1.0,1.0
COc1ccc2nccc(C(O)CNC(Cc3ccccc3)C(=O)O)c2c1,,COc1ccc2nccc(C(O)CNC(Cc3ccccc3)C(=O)O)c2c1,0.26740417573044317,0.92030483,0.33750644,0.0021906737,0.9999809,0.94679075,0.5675080359713854,1.0,1.0,0.328125,0.2603550295857988,0.14207650273224043,91.68,2.5623000000000005,0.5675080359713854,1.0,1.0
Cc1nn(C)c2nc(SC(C)C)nnc12,,Cc1nn(C)c2nc(SC(C)C)nnc12,0.006179851568307246,7.370372e-05,0.0002888407,0.00023257638,0.998218,0.99735874,0.7231999477601666,0.5,1.0,0.06837606837606838,0.09803921568627451,0.09333333333333334,56.49,1.5672199999999998,0.7231999477601666,0.5,1.0
CC(=O)NC(CNCC(NC(=O)CNC(=O)Cn1c(=O)[nH]c2ncccc21)c1ccsc1)C(=O)O,,CC(=O)NC(CNCC(NC(=O)CNC(=O)Cn1c(=O)[nH]c2ncccc21)c1ccsc1)C(=O)O,0.00523322407648314,0.009310888,0.05488385,0.022288388,0.0,0.99999917,0.18034430573865304,1.0,1.0,0.17365269461077845,0.2131979695431472,0.19289340101522842,187.30999999999997,-1.0612999999999952,0.18034430573865304,1.0,1.0
Cc1cc2c(c(C(=O)NCC(=O)NC(=O)CCC(NC(=O)c3ccccc3Cl)C(=O)O)c1C)OCN2,,Cc1cc2c(c(C(=O)NCC(=O)NC(=O)CCC(NC(=O)c3ccccc3Cl)C(=O)O)c1C)OCN2,0.03074596792368484,0.9227492,0.65342623,0.03510692,1.1920929e-07,0.9953139,0.3363459093320131,1.0,1.0,0.3288590604026846,0.2887700534759358,0.20304568527918782,162.92999999999998,1.7546399999999989,0.3363459093320131,1.0,1.0
Cc1ccc(Cl)c(C(=O)NC(CNC(=O)Cn2cc(C#N)c(=O)[nH]c2=O)C(=O)O)c1F,,Cc1ccc(Cl)c(C(=O)NC(CNC(=O)Cn2cc(C#N)c(=O)[nH]c2=O)C(=O)O)c1F,0.016907792806977795,0.78949,0.9173783,0.007351243,0.0,0.99999523,0.43880142067706246,1.0,1.0,0.3037037037037037,0.32727272727272727,0.16847826086956522,174.14999999999998,-0.4913999999999992,0.43880142067706246,1.0,1.0
Cc1ccc(Cn2ccnc2C(Nc2ccc3nc4ccccc4nc3c2)C(=O)O)cc1,,Cc1ccc(Cn2ccnc2C(Nc2ccc3nc4ccccc4nc3c2)C(=O)O)cc1,0.055302970670284037,0.10865128,0.048266254,0.00039361048,0.99996924,0.035661697,0.3886487184383289,1.0,1.0,0.22929936305732485,0.21025641025641026,0.10476190476190476,92.93,4.574020000000003,0.3886487184383289,1.0,1.0
Cc1nc2ccccc2n1CC(=O)NCc1cnccn1,,Cc1nc2ccccc2n1CC(=O)NCc1cnccn1,0.02874667545359202,0.017472085,0.0051527834,0.0005117757,0.9999964,0.9981492,0.7853183486737699,0.5,1.0,0.1875,0.16071428571428573,0.11046511627906977,72.7,1.45112,0.7853183486737699,0.5,1.0
COc1c(-n2ccc(=O)[nH]c2=O)ccc(CNC(=O)Cn2cc(C)c(=O)[nH]c2=O)c1F,,COc1c(-n2ccc(=O)[nH]c2=O)ccc(CNC(=O)Cn2cc(C)c(=O)[nH]c2=O)c1F,0.006105264727958809,0.021460399,0.02921577,0.0005410871,2.1100044e-05,0.99999845,0.4630227140864527,0.5,1.0,0.19205298013245034,0.1989247311827957,0.1116751269035533,148.04999999999998,-0.8516799999999987,0.4630227140864527,0.5,1.0
Cc1ccc(Cl)c(C(=O)NC(CNc2ccccc2)C(=O)O)c1F,,Cc1ccc(Cl)c(C(=O)NC(CNc2ccccc2)C(=O)O)c1F,0.40286192399060905,0.9999747,0.98476,0.0074175447,0.99999964,0.78268874,0.747771459692881,1.0,1.0,0.5048543689320388,0.36551724137931035,0.1686746987951807,78.43,3.0826200000000004,0.747771459692881,1.0,1.0
CCN(CC(=O)Nc1cccc(Cl)c1)C(=O)CNC(=O)c1cccs1,,CCN(CC(=O)Nc1cccc(Cl)c1)C(=O)CNC(=O)c1cccs1,0.14772065340661847,0.24025302,0.34282482,0.011103158,0.99999964,0.93739766,0.7757397796892632,0.5,1.0,0.25,0.2608695652173913,0.17751479289940827,78.51,2.618500000000001,0.7757397796892632,0.5,1.0
COc1cc(C#CCCCCC(=O)O)c(F)c(C)n1,,COc1cc(C#CCCCCC(=O)O)c(F)c(C)n1,0.08725903074384812,0.0076996973,0.0035955105,0.025566483,0.9994205,0.9509702,0.6562089329941792,1.0,1.0,0.1694915254237288,0.15286624203821655,0.19594594594594594,59.42,2.5342200000000004,0.6562089329941792,1.0,1.0
CC(C)CNC(=O)C(N)CC(O)C(CC(C)C)NC(=O)C(CC(=O)O)NC(=O)COCc1cc(Cl)ccc1Cl,,CC(C)CNC(=O)C(N)CC(O)C(CC(C)C)NC(=O)C(CC(=O)O)NC(=O)COCc1cc(Cl)ccc1Cl,0.0069855976161225086,0.018995605,0.043558612,0.08898581,0.0,0.9937127,0.15882285702501983,1.0,1.0,0.1893491124260355,0.2079207920792079,0.22448979591836735,180.07999999999998,1.8509000000000033,0.15882285702501983,1.0,1.0
OCCNC(=S)Nc1ccc(Br)cc1,,OCCNC(=S)Nc1ccc(Br)cc1,0.020170232903245072,0.028056713,0.0018921483,0.00013230123,0.838397,0.99568295,0.7350537149536855,0.5,1.0,0.19801980198019803,0.1388888888888889,0.08108108108108109,44.29,1.7277999999999998,0.7350537149536855,0.5,1.0
O=c1[nH]c2ncccc2n1Cc1ccccc1,,O=c1[nH]c2ncccc2n1Cc1ccccc1,0.04437433988725483,0.3984493,0.014252676,0.00012170623,0.98367506,0.995045,0.7222622606202604,0.5,1.0,0.26605504587155965,0.1830065359477124,0.07926829268292683,50.68,1.7729,0.7222622606202604,0.5,1.0
O=C(CNC(=O)Cn1c(=O)[nH]c2ncccc21)NCc1ccccc1Cl,,O=C(CNC(=O)Cn1c(=O)[nH]c2ncccc21)NCc1ccccc1Cl,0.1192237620978608,0.56075174,0.4365741,0.0012827385,0.98617643,0.99974054,0.5936744529314686,0.5,1.0,0.2803030303030303,0.2694610778443114,0.13043478260869565,108.88000000000001,0.8106000000000009,0.5936744529314686,0.5,1.0
CN(C)c1ncc(CNC(=O)Cc2cccc(F)c2)cn1,,CN(C)c1ncc(CNC(=O)Cc2cccc(F)c2)cn1,0.1289386819269796,0.78847593,0.18934608,0.0021805097,0.9990459,0.9975655,0.9064623906563228,0.5,1.0,0.30357142857142855,0.24342105263157895,0.1419753086419753,58.120000000000005,1.5405999999999993,0.9064623906563228,0.5,1.0
O=C(Cn1c(=O)[nH]c2ncccc21)NCC(NC(=O)c1ccccc1Cl)C(=O)O,,O=C(Cn1c(=O)[nH]c2ncccc21)NCC(NC(=O)c1ccccc1Cl)C(=O)O,0.06782845109917329,0.9939628,0.9415827,0.0055061113,4.3272972e-05,0.9999314,0.43672805315729735,1.0,1.0,0.3858267716535433,0.3353658536585366,0.16216216216216217,146.17999999999998,0.3774000000000002,0.43672805315729735,1.0,1.0
O=C(O)CCC(=O)c1ccc(CCCCCCc2ccccn2)cc1,,O=C(O)CCC(=O)c1ccc(CCCCCCc2ccccn2)cc1,0.3718095184551386,0.702431,0.22774856,0.71404886,0.9999714,0.047768652,0.48417825723066754,1.0,1.0,0.29365079365079366,0.24848484848484848,0.2948717948717949,67.25999999999999,4.474700000000004,0.48417825723066754,1.0,1.0
O=C(NCc1ccco1)c1cc(S(=O)(=O)N2CCCCCC2)c(Cl)cn1,,O=C(NCc1ccco1)c1cc(S(=O)(=O)N2CCCCCC2)c(Cl)cn1,0.08164073133333236,0.009822373,0.015882246,0.16330077,0.9999738,0.8888836,0.8368957261307499,0.5,1.0,0.17482517482517482,0.1853932584269663,0.23952095808383234,92.50999999999999,2.822700000000001,0.8368957261307499,0.5,1.0
O=C(NC(C(=O)O)c1c(F)cccc1Cl)c1c(Cl)cccc1Cl,,O=C(NC(C(=O)O)c1c(F)cccc1Cl)c1c(Cl)cccc1Cl,0.1876046765731787,0.9986864,0.98188585,0.0007596648,0.9999602,0.07018787,0.8338831685635142,1.0,1.0,0.41904761904761906,0.3617021276595745,0.11904761904761904,66.4,4.3416000000000015,0.8338831685635142,1.0,1.0
COc1ccc(NC(=O)NC(=O)c2c(F)cccc2F)c(OC)n1,,COc1ccc(NC(=O)NC(=O)c2c(F)cccc2F)c(OC)n1,0.14610606220043523,0.8551678,0.990099,0.0008460144,0.9999916,0.9724739,0.8937322678865763,0.5,1.0,0.3135593220338983,0.375,0.12138728323699421,89.55000000000001,2.3388999999999998,0.8937322678865763,0.5,1.0
Nc1cc(C(=O)NCC(Cc2ccccc2)NCC(=O)NCC(=O)NCCc2c[nH]cn2)cc(C(=O)NC(Cc2ccccc2)C(=O)O)c1,,Nc1cc(C(=O)NCC(Cc2ccccc2)NCC(=O)NCC(=O)NCCc2c[nH]cn2)cc(C(=O)NC(Cc2ccccc2)C(=O)O)c1,0.01218552371706939,0.7325073,0.62770694,0.0101339845,0.0,0.99973017,0.0702803021659502,1.0,1.0,0.296875,0.28634361233480177,0.17551020408163265,220.42999999999995,0.8234000000000048,0.0702803021659502,1.0,1.0
CC(C)(C)OC(=O)NC(Cc1ccc(OC(=O)N2CCCC2)cc1)C(=O)N1CCCCC1,,CC(C)(C)OC(=O)NC(Cc1ccc(OC(=O)N2CCCC2)cc1)C(=O)N1CCCCC1,0.05072426053549268,0.0023657614,0.0027730411,0.67324615,0.99999505,0.3307951,0.7461333143893023,0.5,1.0,0.14375,0.14720812182741116,0.29069767441860467,88.17999999999999,3.7295000000000034,0.7461333143893023,0.5,1.0
CC(NC(=O)c1c(Cl)sc(Cl)c1Cl)c1ccccc1Cl,,CC(NC(=O)c1c(Cl)sc(Cl)c1Cl)c1ccccc1Cl,0.018112768690760957,0.98272055,0.37479848,0.00077553245,0.015023093,0.0007290244,0.7223705455409338,0.5,1.0,0.3627450980392157,0.2638888888888889,0.11949685534591195,29.1,5.852700000000002,0.7223705455409338,0.5,1.0
CN1Cc2c(NC(=O)c3ccc4ccccc4c3)cccc2N(C)S1(=O)=O,,CN1Cc2c(NC(=O)c3ccc4ccccc4c3)cccc2N(C)S1(=O)=O,0.10436146950634044,0.38365543,0.4676862,0.00088394276,0.9999889,0.7035452,0.7409927521696316,0.5,1.0,0.2647058823529412,0.27218934911242604,0.12234042553191489,69.72,3.2185000000000015,0.7409927521696316,0.5,1.0
O=C(O)CC(NC(=O)Cn1c(=O)[nH]c2ncccc21)C(=O)NCC1CCc2ccccc2N1,,O=C(O)CC(NC(=O)Cn1c(=O)[nH]c2ncccc21)C(=O)NCC1CCc2ccccc2N1,0.019781466643390963,0.13239358,0.16369367,0.017724672,4.7683716e-07,0.9999567,0.3271319074860389,1.0,1.0,0.23417721518987342,0.23958333333333334,0.18781725888324874,158.21,0.22720000000000123,0.3271319074860389,1.0,1.0
CCOC(=O)c1sc(NC(=O)C(C)(C)C)c(C#N)c1-c1ccc(Cl)cc1,,CCOC(=O)c1sc(NC(=O)C(C)(C)C)c(C#N)c1-c1ccc(Cl)cc1,0.042895403373238244,0.043122344,0.13447389,0.0128481835,0.99999976,0.0072697997,0.7361059072307187,0.5,1.0,0.2076923076923077,0.2345679012345679,0.18072289156626506,79.19,5.101480000000004,0.7361059072307187,0.5,1.0
OC1(c2ccc(Cl)cc2)CCN(CCCC(c2ccccc2)c2ccccc2)CC1,,OC1(c2ccc(Cl)cc2)CCN(CCCC(c2ccccc2)c2ccccc2)CC1,0.005986516933721423,0.47385815,0.062556095,0.00051384454,0.0017548382,0.00022500753,0.4898259018103019,0.5,1.0,0.2727272727272727,0.21621621621621623,0.11055276381909548,23.47,6.235700000000007,0.4898259018103019,0.5,1.0
O=C(COC(=O)CCOC(=O)CCCn1c(O)c2c(c1O)C1C=CC2C1)NC1CCCCC1,,O=C(COC(=O)CCOC(=O)CCCn1c(O)c2c(c1O)C1C=CC2C1)NC1CCCCC1,0.011899465258737191,0.00011592983,0.00022477828,0.34282482,0.06175208,0.9102012,0.3618546227440385,0.5,1.0,0.0782122905027933,0.09259259259259259,0.2608695652173913,127.09000000000003,2.7456000000000014,0.3618546227440385,0.5,1.0
O=C(NC(CC1CCCN1)C(=O)O)c1c(Cl)cccc1Cl,,O=C(NC(CC1CCCN1)C(=O)O)c1c(Cl)cccc1Cl,0.6111507568651565,0.963038,0.9755763,0.07358753,0.99999964,0.9741017,0.7737080481612615,1.0,1.0,0.34579439252336447,0.35507246376811596,0.22,78.43,2.3185000000000002,0.7737080481612615,1.0,1.0
O=C(NCC(NC(=O)c1c(Cl)cccc1Cl)C(=O)O)Nc1cccc(-c2nc3cccnc3[nH]2)c1,,O=C(NCC(NC(=O)c1c(Cl)cccc1Cl)C(=O)O)Nc1cccc(-c2nc3cccnc3[nH]2)c1,0.03029733213301408,0.9152381,0.99995804,0.001144838,1.4066696e-05,0.20754337,0.2528515998424508,1.0,1.0,0.32666666666666666,0.49382716049382713,0.12796208530805686,149.1,3.936400000000001,0.2528515998424508,1.0,1.0
CCCCCCCCCCCCCCCCOC(=O)C[n+]1ccnc(C)c1,,CCCCCCCCCCCCCCCCOC(=O)C[n+]1ccnc(C)c1,0.004682400871292,5.241906e-05,0.00012359075,0.5925498,0.76461613,0.001157403,0.19854720420371616,0.5,1.0,0.06097560975609756,0.07960199004975124,0.28313253012048195,43.07,5.702020000000005,0.19854720420371616,0.5,1.0
CC1(C(=O)NC(Cc2ccc(NCc3ccc(Cl)c(Cl)c3)cc2)C(=O)O)CCOCC1,,CC1(C(=O)NC(Cc2ccc(NCc3ccc(Cl)c(Cl)c3)cc2)C(=O)O)CCOCC1,0.5178161914954609,0.9976342,0.9414902,0.95919245,0.99999595,0.040124953,0.5332712517248454,1.0,1.0,0.40625,0.33532934131736525,0.34355828220858897,87.66000000000001,4.534100000000003,0.5332712517248454,1.0,1.0
COc1ccc(C(=O)NC(CN2CCOCC2)C(=O)N2CCCC2C(=O)N=C(CC(C)C)C(=O)O)c(Cl)c1,,COc1ccc(C(=O)NC(CN2CCOCC2)C(=O)N2CCCC2C(=O)N=C(CC(C)C)C(=O)O)c(Cl)c1,0.050243528822678345,0.018062983,0.008733066,0.22953379,0.0010622144,0.993366,0.4210723668109187,1.0,1.0,0.18823529411764706,0.1722488038277512,0.24870466321243523,137.84,1.868500000000001,0.4210723668109187,1.0,1.0
Cc1ccc2oc(C(=O)C(CCCCN)NC(=O)Cn3c(C(=O)O)c(SCc4ccccc4)[nH]c3=O)nc2c1,,Cc1ccc2oc(C(=O)C(CCCCN)NC(=O)Cn3c(C(=O)O)c(SCc4ccccc4)[nH]c3=O)nc2c1,0.008310638799912916,0.21640527,0.1207271,0.0148844365,0.0,0.76628625,0.11056324546263363,1.0,1.0,0.24705882352941178,0.2318840579710145,0.18396226415094338,173.31,3.113220000000001,0.11056324546263363,1.0,1.0
Cc1ccc(CNCC(NC(=O)CNC(=O)Nc2ccc(Cl)c(Cl)c2)C(=O)O)c(C)c1,,Cc1ccc(CNCC(NC(=O)CNC(=O)Nc2ccc(Cl)c(Cl)c2)C(=O)O)c(C)c1,0.36285396906756767,0.9125539,0.98777497,0.01544864,0.5421143,0.77831274,0.3884539373527658,1.0,1.0,0.32592592592592595,0.37037037037037035,0.18478260869565216,119.55999999999999,3.0909400000000016,0.3884539373527658,1.0,1.0
Cc1ccc(Cl)c(C(=O)NC(CNC(=O)OCc2c[nH]cn2)C(=O)O)c1F,,Cc1ccc(Cl)c(C(=O)NC(CNC(=O)OCc2c[nH]cn2)C(=O)O)c1F,0.18784014704755267,0.88818413,0.93621635,0.016359368,0.005787313,0.9968954,0.5597039005583943,1.0,1.0,0.32,0.3333333333333333,0.18604651162790697,133.41,1.6200199999999996,0.5597039005583943,1.0,1.0
COc1ccc(C2=NN(c3ccc(Cl)cc3)c3[nH]c(-c4ccc(Cl)c(Cl)c4)nc(=O)c3C2)cc1,,COc1ccc(C2=NN(c3ccc(Cl)cc3)c3[nH]c(-c4ccc(Cl)c(Cl)c4)nc(=O)c3C2)cc1,0.011694607970703185,0.1905414,0.17175606,0.00014940099,0.999992,9.870529e-05,0.33923636582778816,0.5,1.0,0.24358974358974358,0.24083769633507854,0.08372093023255814,70.58,6.504200000000004,0.33923636582778816,0.5,1.0
OC1COC(SCC=Cc2ccccc2)C(O)C1O,,OC1COC(SCC=Cc2ccccc2)C(O)C1O,0.0345947136518564,0.035647742,0.0021805097,0.0018471086,0.9999896,0.9996868,0.7643577770690801,0.5,1.0,0.2033898305084746,0.1419753086419753,0.13836477987421383,69.92,0.8719999999999997,0.7643577770690801,0.5,1.0
Cc1nc2cccnc2n1-c1nc2ccccc2c(=O)[nH]1,,Cc1nc2cccnc2n1-c1nc2ccccc2c(=O)[nH]1,0.014845213080746369,0.006766818,0.003462813,5.1140913e-05,0.99999917,0.9910874,0.5767734465334777,0.5,1.0,0.16666666666666666,0.15204678362573099,0.06043956043956044,76.46000000000001,1.9654199999999997,0.5767734465334777,0.5,1.0
O=C(NC(Cc1ccccc1)C(=O)O)c1ccccn1,,O=C(NC(Cc1ccccc1)C(=O)O)c1ccccn1,0.5026917555422057,0.9999988,0.97826433,0.019162266,0.99999976,0.9978016,0.8627083055651906,1.0,1.0,0.5714285714285714,0.35766423357664234,0.1895424836601307,79.29,1.5072999999999999,0.8627083055651906,1.0,1.0
CC1CN(c2ccc(NCc3cccnc3)c(Cl)c2)CC(C)N1,,CC1CN(c2ccc(NCc3cccnc3)c(Cl)c2)CC(C)N1,0.03597486904582534,0.020317903,0.015268411,0.0020236599,0.5182206,0.47415733,0.8993487434206423,0.5,1.0,0.19083969465648856,0.18452380952380953,0.14035087719298245,40.19,3.5337000000000014,0.8993487434206423,0.5,1.0
O=C(CN1Cc2ccccc2NC1=O)NCC(Cc1ccccc1)NC(=O)c1ccccc1Cl,,O=C(CN1Cc2ccccc2NC1=O)NCC(Cc1ccccc1)NC(=O)c1ccccc1Cl,0.11939803417474447,0.9610201,0.86437106,0.0018806232,0.9999877,0.25746447,0.4610167415661791,0.5,1.0,0.34459459459459457,0.31521739130434784,0.13875598086124402,90.53999999999999,3.8450000000000033,0.4610167415661791,0.5,1.0
CCOC(OC)C(=O)NC(Cc1ccc(-c2ccccc2O)cc1)C(=O)O,,CCOC(OC)C(=O)NC(Cc1ccc(-c2ccccc2O)cc1)C(=O)O,0.538892886567044,0.99497426,0.9731252,0.044356998,0.9967373,0.9829137,0.5820709799090096,1.0,1.0,0.3898305084745763,0.35294117647058826,0.20833333333333334,105.09000000000002,2.1801,0.5820709799090096,1.0,1.0
Cc1cccc(C)c1NC(=O)CNC(=O)COC(=O)c1ccc(Cl)cc1,,Cc1cccc(C)c1NC(=O)CNC(=O)COC(=O)c1ccc(Cl)cc1,0.1606627490613669,0.9098615,0.64006484,0.0028399455,0.9999988,0.87420416,0.761289098882524,0.5,1.0,0.3252032520325203,0.2875,0.14772727272727273,84.5,2.868540000000001,0.761289098882524,0.5,1.0
CC(C)CC(CC(=O)NC(CCn1c(=O)[nH]c2ccccc21)C(=O)O)C(=O)NC(CO)C(=O)O,,CC(C)CC(CC(=O)NC(CCn1c(=O)[nH]c2ccccc21)C(=O)O)C(=O)NC(CO)C(=O)O,0.005989533682396674,0.010952689,0.022103418,0.08296722,0.0,0.99998397,0.22986809995947177,1.0,1.0,0.17721518987341772,0.19270833333333334,0.22282608695652173,190.82,-0.09679999999999728,0.22986809995947177,1.0,1.0
O=C(O)CCCC(O)C(C=CCC(=O)S)SCC(NS(=O)(=O)c1ccc(F)cc1)C(=O)O,,O=C(O)CCCC(O)C(C=CCC(=O)S)SCC(NS(=O)(=O)c1ccc(F)cc1)C(=O)O,0.0,0.0,0.0,0.0,0.0,0.0,0.0,0.0,0.0,0.0,0.0,0.0,0.0,0.0,0.0,0.0,0.0
O=C(O)CCCCN(CCc1nc(Br)cs1)C1CCN(C(=O)C(CCC(=O)O)NC(=O)c2c(Cl)cccc2Cl)CC1,,O=C(O)CCCCN(CCc1nc(Br)cs1)C1CCN(C(=O)C(CCC(=O)O)NC(=O)c2c(Cl)cccc2Cl)CC1,0.050404351050502075,0.15620004,0.5573116,0.17533332,0.00043970346,0.010971785,0.2227037702687209,1.0,1.0,0.23837209302325582,0.28,0.2413793103448276,140.14000000000001,4.966200000000004,0.2227037702687209,1.0,1.0
CCCCc1nc2cc(C(=O)NCC(NC(=O)c3c(F)cccc3Cl)C(=O)O)ccc2n1Cc1ccc(-c2ccccc2C#N)cc1,,CCCCc1nc2cc(C(=O)NCC(NC(=O)c3c(F)cccc3Cl)C(=O)O)ccc2n1Cc1ccc(-c2ccccc2C#N)cc1,0.02256628007807172,0.7943774,0.99434495,0.0055919634,0.0014051795,0.00014841557,0.1433575648881128,1.0,1.0,0.30434782608695654,0.3872549019607843,0.1625,137.10999999999999,6.371380000000006,0.1433575648881128,1.0,1.0
CC(Cc1cc2c(=N)[nH]ccc2cc1F)NC(=O)C(C(C)C)n1c(=O)[nH]c2ccccc21,,CC(Cc1cc2c(=N)[nH]ccc2cc1F)NC(=O)C(C(C)C)n1c(=O)[nH]c2ccccc21,0.05900935541248181,0.11302496,0.11157141,0.0009708234,0.99434364,0.59554255,0.37272503437646537,0.5,1.0,0.23026315789473684,0.22994652406417113,0.12437810945273632,106.53,3.3739700000000017,0.37272503437646537,0.5,1.0
Cc1ccc(Cl)c(C(=O)NC(CNc2ccc(OC3(C(=O)O)CCCC3)cc2)C(=O)O)c1F,,Cc1ccc(Cl)c(C(=O)NC(CNc2ccc(OC3(C(=O)O)CCCC3)cc2)C(=O)O)c1F,0.30599556825738905,0.9582952,0.8871162,0.06924968,0.12971622,0.2494368,0.43096152620930933,1.0,1.0,0.34306569343065696,0.31976744186046513,0.2185792349726776,124.96000000000002,3.8588200000000015,0.43096152620930933,1.0,1.0
O=C(COc1c(Cl)cc(Cl)c(F)c1F)NCC(NC(=O)c1ccccc1Cl)C(=O)O,,O=C(COc1c(Cl)cc(Cl)c(F)c1F)NCC(NC(=O)c1ccccc1Cl)C(=O)O,0.3193963376282326,0.9990559,0.9303562,0.004469188,0.9971571,0.6466162,0.39637095882624196,1.0,1.0,0.4262295081967213,0.3312883435582822,0.15760869565217392,104.73,3.3032000000000012,0.39637095882624196,1.0,1.0
Cc1ccc(C(=O)NC(CC2CCCCC2)C(O)C(O)C(=O)NCCCC(N)C(=O)NCC(C)(C)NCC(=O)O)c(C)c1,,Cc1ccc(C(=O)NC(CC2CCCCC2)C(O)C(O)C(=O)NCCCC(N)C(=O)NCC(C)(C)NCC(=O)O)c(C)c1,0.004545943571242745,0.002793529,0.00802733,0.33185533,0.0,0.9996723,0.11863529068172156,1.0,1.0,0.14736842105263157,0.17040358744394618,0.25980392156862747,203.10999999999999,0.8867400000000061,0.11863529068172156,1.0,1.0
CCC1(CC)CCc2sc(=NC(=O)Nc3ccc(F)c(Cl)c3)[nH]c2C1,,CCC1(CC)CCc2sc(=NC(=O)Nc3ccc(F)c(Cl)c3)[nH]c2C1,0.03384839116352047,0.07264183,0.042011846,0.010587398,0.9986683,0.0040067434,0.7444710357044938,0.5,1.0,0.2196969696969697,0.20710059171597633,0.17647058823529413,57.25,5.296600000000004,0.7444710357044938,0.5,1.0
COc1ccc(CCn2c(=O)[nH]c3ncccc32)cc1,,COc1ccc(CCn2c(=O)[nH]c3ncccc32)cc1,0.04874004203173975,0.13841423,0.024468765,0.0003248577,0.9995198,0.99079865,0.7874677059053984,0.5,1.0,0.23529411764705882,0.1949685534591195,0.10059171597633136,59.91,1.9759,0.7874677059053984,0.5,1.0
Cc1nccc(N2CCCC2Cn2cc3c(n2)CCCNC3)n1,,Cc1nccc(N2CCCC2Cn2cc3c(n2)CCCNC3)n1,0.016441508746889915,0.0002393815,0.000588863,0.009641931,0.99928445,0.99619716,0.9343873575040732,0.5,1.0,0.09395973154362416,0.11351351351351352,0.1744186046511628,58.870000000000005,1.6863199999999998,0.9343873575040732,0.5,1.0
Cc1cccc(Cn2c(=O)[nH]c3cc(C(=O)NCC(NC(=O)c4c(Cl)cccc4Cl)C(=O)O)ccc32)c1,,Cc1cccc(Cn2c(=O)[nH]c3cc(C(=O)NCC(NC(=O)c4c(Cl)cccc4Cl)C(=O)O)ccc32)c1,0.10183643674131686,0.9735935,0.9988513,0.0016683207,0.0060584545,0.4192627,0.2706532338913007,1.0,1.0,0.35333333333333333,0.42196531791907516,0.13615023474178403,133.29,3.6061200000000024,0.2706532338913007,1.0,1.0
N#CCCN1CC(C(=O)NCC(O)CN2CCN(CCCc3ccccc3)CC2)C(c2ccc(F)cc2)C1,,N#CCCN1CC(C(=O)NCC(O)CN2CCN(CCCc3ccccc3)CC2)C(c2ccc(F)cc2)C1,0.11068496956502089,0.630305,0.04673988,0.009334803,0.99999934,0.9578928,0.44673697409604,0.5,1.0,0.2865853658536585,0.20952380952380953,0.17370892018779344,82.83999999999999,2.482280000000002,0.44673697409604,0.5,1.0
CCN(c1ncnc(C(=O)NCc2c(C)cc(=N)[nH]c2C)c1C)C1CCCCC1,,CCN(c1ncnc(C(=O)NCc2c(C)cc(=N)[nH]c2C)c1C)C1CCCCC1,0.03656895364590627,0.0017552341,0.0021935701,0.08768094,0.99980354,0.6499554,0.6976946224101109,0.5,1.0,0.13725490196078433,0.14210526315789473,0.22413793103448276,97.75999999999999,3.2984300000000015,0.6976946224101109,0.5,1.0
COc1ccc(NC(=O)Nc2ccc(CC(NC(=O)c3c(Cl)cccc3Cl)C(=O)O)cc2)cc1,,COc1ccc(NC(=O)Nc2ccc(CC(NC(=O)c3c(Cl)cccc3Cl)C(=O)O)cc2)cc1,0.12713170061692325,0.9997352,0.9999963,0.0019912887,0.77615446,0.0079603195,0.3432630339625703,1.0,1.0,0.45384615384615384,0.5466666666666666,0.14,116.76,5.0717000000000025,0.3432630339625703,1.0,1.0
O=C(O)C(=O)CC(=O)c1c(Cl)cc(Cl)cc1Cl,,O=C(O)C(=O)CC(=O)c1c(Cl)cc(Cl)cc1Cl,0.19919299667286092,0.8490204,0.061514035,0.002603361,0.9999943,0.8725883,0.5265151788547584,1.0,1.0,0.3125,0.2158273381294964,0.14583333333333334,71.44,2.8733000000000013,0.5265151788547584,1.0,1.0
Cc1nc(C)c(C)c(N2CC=C(c3ccc(Cl)cc3)CC2)n1,,Cc1nc(C)c(C)c(N2CC=C(c3ccc(Cl)cc3)CC2)n1,0.021720297279879994,0.10958614,0.028998476,0.0025584565,0.0145754935,0.06872743,0.8251113649249163,0.5,1.0,0.22950819672131148,0.19875776397515527,0.14545454545454545,29.020000000000003,4.348960000000004,0.8251113649249163,0.5,1.0
CCCN(CC(=O)Nc1ccc(F)cc1C)C(=O)CCC(=O)c1ccc(Cl)s1,,CCCN(CC(=O)Nc1ccc(F)cc1C)C(=O)CCC(=O)c1ccc(Cl)s1,0.05850458500058617,0.06580564,0.07250608,0.03580408,0.9999614,0.02530706,0.5936419823448187,0.5,1.0,0.21739130434782608,0.21965317919075145,0.20348837209302326,66.48,4.689220000000004,0.5936419823448187,0.5,1.0
O=C(CN1CCN(c2ccccn2)CC1)NC(CNC(=O)c1ccc(Cl)c(Cl)c1)C(=O)O,,O=C(CN1CCN(c2ccccn2)CC1)NC(CNC(=O)c1ccc(Cl)c(Cl)c1)C(=O)O,0.4623692630256622,0.8592621,0.8468755,0.02921577,0.8774724,0.9977847,0.5249294531717031,1.0,1.0,0.3142857142857143,0.31213872832369943,0.1989247311827957,114.87000000000002,1.5098000000000007,0.5249294531717031,1.0,1.0
O=CC(NC(=O)c1c(Cl)cccc1Cl)C(=O)NC(Cc1cnc[nH]1)C(=O)c1nccs1,,O=CC(NC(=O)c1c(Cl)cccc1Cl)C(=O)NC(Cc1cnc[nH]1)C(=O)c1nccs1,0.05375411709283732,0.5183633,0.95885813,0.0026962776,0.0047817826,0.9873506,0.24402601588898404,0.5,1.0,0.2765957446808511,0.3433734939759036,0.14659685863874344,133.90999999999997,2.0807,0.24402601588898404,0.5,1.0
O=C(O)CC(NC(=O)CN(CC(=O)Nc1ccc(Cl)cc1)CC(=O)Nc1ccc(F)c(F)c1F)c1ccccc1Cl,,O=C(O)CC(NC(=O)CN(CC(=O)Nc1ccc(Cl)cc1)CC(=O)Nc1ccc(F)c(F)c1F)c1ccccc1Cl,0.07430423159267754,0.5735721,0.7423577,0.0012267401,0.047033906,0.030919015,0.2215598245901651,1.0,1.0,0.281437125748503,0.29797979797979796,0.12946428571428573,127.84,4.622100000000002,0.2215598245901651,1.0,1.0
Cc1ccc(Cl)c(C(=O)NC(CNC(=O)Cn2c(=O)[nH]c3c(C)cccc32)C(=O)O)c1F,,Cc1ccc(Cl)c(C(=O)NC(CNC(=O)Cn2c(=O)[nH]c3c(C)cccc32)C(=O)O)c1F,0.15462092587476722,0.97610074,0.9873948,0.005541912,0.0060584545,0.9955416,0.42417338603644317,1.0,1.0,0.35555555555555557,0.3696969696969697,0.16230366492146597,133.29,1.7383400000000002,0.42417338603644317,1.0,1.0
O=c1[nH]c2ncccc2n1Cc1ccc2c(c1)NCCC2,,O=c1[nH]c2ncccc2n1Cc1ccc2c(c1)NCCC2,0.047089030943053126,0.030653428,0.011103158,0.0027540931,0.99983597,0.98526937,0.755632703873332,0.5,1.0,0.2,0.17751479289940827,0.14705882352941177,62.71,2.1310000000000002,0.755632703873332,0.5,1.0
COc1ccccc1C(=O)NCC(=O)NC(CNCc1ccc(C)cc1C)C(=O)O,,COc1ccccc1C(=O)NCC(=O)NC(CNCc1ccc(C)cc1C)C(=O)O,0.41116242276207554,0.9289672,0.62992233,0.02277189,0.77615446,0.99841255,0.46788157296639404,1.0,1.0,0.3308270676691729,0.28654970760233917,0.19337016574585636,116.76,1.4010399999999998,0.46788157296639404,1.0,1.0
CCCCCC(CNC(=O)Cn1c(=O)[nH]c2ncccc21)c1cc(Cl)c(Cl)n1C,,CCCCCC(CNC(=O)Cn1c(=O)[nH]c2ncccc21)c1cc(Cl)c(Cl)n1C,0.03998835874723209,0.00967632,0.01544864,0.01381551,0.9999987,0.25442427,0.49803090292828717,0.5,1.0,0.174496644295302,0.18478260869565216,0.18232044198895028,84.71000000000001,3.850200000000002,0.49803090292828717,0.5,1.0
COc1ccc(C(=O)NC(CC(=O)O)C(=O)O)c(OC)c1,,COc1ccc(C(=O)NC(CC(=O)O)C(=O)O)c(OC)c1,0.19644546957925005,0.3469002,0.07358753,0.011162367,0.30387092,0.9999346,0.663783483413463,1.0,1.0,0.26126126126126126,0.22,0.17763157894736842,122.16,0.3614999999999996,0.663783483413463,1.0,1.0
O=C(Cn1c(=O)[nH]c2ccc(O)c(Cl)c21)NCC1(c2ccc(F)cc2)CCCC1,,O=C(Cn1c(=O)[nH]c2ccc(O)c(Cl)c21)NCC1(c2ccc(F)cc2)CCCC1,0.11794124653564018,0.50417113,0.19576918,0.0055061113,0.99999666,0.5337964,0.5937899972793015,0.5,1.0,0.2753623188405797,0.24431818181818182,0.16216216216216217,87.12,3.4559000000000015,0.5937899972793015,0.5,1.0
CCC(CO)Nc1c(C#N)c(=O)c(-c2ccc(F)cc2)c2ccccn12,,CCC(CO)Nc1c(C#N)c(=O)c(-c2ccc(F)cc2)c2ccccn12,0.07809666610953964,0.13598496,0.29515237,0.0006609294,0.9999994,0.7395427,0.7401501871911322,0.5,1.0,0.23484848484848486,0.25609756097560976,0.11602209944751381,77.53,3.1600800000000007,0.7401501871911322,0.5,1.0
COc1nc(C)ccc1CC(=O)N=c1[nH]nc(CCCCc2ccc(=NC(=O)Cc3cccc(Cl)c3F)[nH]n2)s1,,COc1nc(C)ccc1CC(=O)N=c1[nH]nc(CCCCc2ccc(=NC(=O)Cc3cccc(Cl)c3F)[nH]n2)s1,0.01987841613592425,0.06378367,0.14149015,0.004336366,0.00087684393,0.42068374,0.273546555604279,0.5,1.0,0.21666666666666667,0.2358490566037736,0.15695067264573992,138.33999999999997,3.6042200000000015,0.273546555604279,0.5,1.0
CCNC(=O)Nc1cnnc(-c2ccc(CC(NC(=O)c3ccccc3Cl)C(=O)O)cc2)c1,,CCNC(=O)Nc1cnnc(-c2ccc(CC(NC(=O)c3ccccc3Cl)C(=O)O)cc2)c1,0.1363423061596903,0.9999455,1.0,0.0044186013,0.0060124397,0.60281986,0.4011294304980946,1.0,1.0,0.4881889763779528,0.8412698412698413,0.15736040609137056,133.30999999999997,3.3641000000000014,0.4011294304980946,1.0,1.0
O=C(Cn1c(=O)[nH]c2ncccc21)NCC(NC(=O)N=c1[nH]c2ccccc2s1)C(=O)O,,O=C(Cn1c(=O)[nH]c2ncccc21)NCC(NC(=O)N=c1[nH]c2ccccc2s1)C(=O)O,0.008532161911746149,0.13023464,0.32834756,0.00326329,0.0,0.99996614,0.27647355884074193,1.0,1.0,0.23376623376623376,0.2594594594594595,0.1507537688442211,174.32999999999998,0.14729999999999993,0.27647355884074193,1.0,1.0
O=C(Cn1c(=O)[nH]c2cc(Cl)c(Cl)cc21)NCC(NC(=O)c1ccc(F)cc1)C(=O)O,,O=C(Cn1c(=O)[nH]c2cc(Cl)c(Cl)cc21)NCC(NC(=O)c1ccc(F)cc1)C(=O)O,0.14338940733962427,0.98536634,0.94640905,0.0036912784,0.0060584545,0.99501467,0.41884933083232223,1.0,1.0,0.366412213740458,0.3373493975903614,0.15343915343915343,133.29,1.7748999999999995,0.41884933083232223,1.0,1.0
CCc1nn(C)c(C(=O)NCc2ccccc2)c1Cl,,CCc1nn(C)c(C(=O)NCc2ccccc2)c1Cl,0.13409348809735774,0.9161497,0.22606026,0.0021765232,0.9343582,0.9462312,0.9336016358976605,0.5,1.0,0.3269230769230769,0.2482758620689655,0.14193548387096774,46.92,2.5659,0.9336016358976605,0.5,1.0
O=C(O)CCC(NC(=O)c1cc(O)cc(NC2=NCC(O)CN2)c1)C(=O)O,,O=C(O)CCC(NC(=O)c1cc(O)cc(NC2=NCC(O)CN2)c1)C(=O)O,0.005892145332650475,0.03981105,0.019260034,0.01718548,0.0,0.99999833,0.3175554042804588,1.0,1.0,0.20588235294117646,0.1896551724137931,0.1871345029239766,180.57999999999998,-0.8279999999999994,0.3175554042804588,1.0,1.0
COc1cc(F)c(C(=O)NC(CNC(=O)Cn2c(=O)[nH]c3cc(F)c(F)cc32)C(=O)O)c(Cl)c1,,COc1cc(F)c(C(=O)NC(CNC(=O)Cn2c(=O)[nH]c3cc(F)c(F)cc32)C(=O)O)c(Cl)c1,0.06887792787057925,0.66259855,0.8963229,0.0027730411,0.00017637014,0.99837685,0.36820509074135443,1.0,1.0,0.2896551724137931,0.3218390804597701,0.14720812182741116,142.51999999999998,1.4082999999999994,0.36820509074135443,1.0,1.0
O=C(O)CC(NC(=O)C(c1ccccc1)c1ccccc1)C(=O)O,,O=C(O)CC(NC(=O)C(c1ccccc1)c1ccccc1)C(=O)O,0.38056510555575807,0.9982527,0.5484412,0.007772317,0.99808353,0.9934843,0.7199874139651404,1.0,1.0,0.41284403669724773,0.2792207792207792,0.1696969696969697,103.7,1.8625999999999998,0.7199874139651404,1.0,1.0
CCOC(=O)C1(Cc2ccc(Cl)cc2)CNCC(C(O)=NO)N(S(=O)(=O)c2ccc(OC)cc2)C1,,CCOC(=O)C1(Cc2ccc(Cl)cc2)CNCC(C(O)=NO)N(S(=O)(=O)c2ccc(OC)cc2)C1,0.03520298534072753,0.3857785,0.11924349,0.016007794,0.001095295,0.9618264,0.15700924037548228,0.5,1.0,0.26490066225165565,0.23157894736842105,0.18556701030927836,137.76,2.449,0.15700924037548228,0.5,1.0
CN(C)c1cc(=O)n2[nH]c(=NC(=O)c3c(F)cccc3Cl)nc2[nH]1,,CN(C)c1cc(=O)n2[nH]c(=NC(=O)c3c(F)cccc3Cl)nc2[nH]1,0.07756555216865865,0.22384533,0.25371727,0.00034178232,0.9997268,0.99960166,0.7185177279183889,0.5,1.0,0.248,0.25157232704402516,0.1016949152542373,98.62,0.9502999999999993,0.7185177279183889,0.5,1.0
O=C(O)CCC(NC(=O)C(CCC(=O)O)NC(=O)c1c(Cl)cccc1Cl)C(=O)O,,O=C(O)CCC(NC(=O)C(CCC(=O)O)NC(=O)c1c(Cl)cccc1Cl)C(=O)O,0.01903745359604953,0.5221259,0.9301227,0.029092811,0.0,0.9984616,0.3374589346604068,1.0,1.0,0.27692307692307694,0.33121019108280253,0.19883040935672514,170.1,1.3908000000000003,0.3374589346604068,1.0,1.0
Cn1cc(C(=O)NCC(NC(=O)c2c(Cl)cccc2Cl)C(=O)O)c2cnccc21,,Cn1cc(C(=O)NCC(NC(=O)c2c(Cl)cccc2Cl)C(=O)O)c2cnccc21,0.34151131497045817,0.96771485,0.99911493,0.003354037,0.92847824,0.95653236,0.5508439387627303,1.0,1.0,0.3488372093023256,0.4276315789473684,0.15135135135135136,113.32000000000001,2.493100000000001,0.5508439387627303,1.0,1.0
CCn1c(=CC(=NNC(C)(C)C)C(=O)Nc2ccccc2)sc(=Cc2ccccn2)c1=O,,CCn1c(=CC(=NNC(C)(C)C)C(=O)Nc2ccccc2)sc(=Cc2ccccn2)c1=O,0.0,0.0,0.0,0.0,0.0,0.0,0.0,0.0,0.0,0.0,0.0,0.0,0.0,0.0,0.0,0.0,0.0
O=C(NC(Cc1ccc2nc(-c3c(Cl)cccc3Cl)ccc2c1)C(=O)O)c1c(Cl)cccc1Cl,,O=C(NC(Cc1ccc2nc(-c3c(Cl)cccc3Cl)ccc2c1)C(=O)O)c1c(Cl)cccc1Cl,0.04632014493025943,0.99919266,0.9996511,0.001360051,0.99999976,2.5868416e-05,0.2810587476329488,1.0,1.0,0.42962962962962964,0.44785276073619634,0.13170731707317074,79.29,6.941100000000004,0.2810587476329488,1.0,1.0
CC(C)CC(NC(=O)c1ccc(Cl)cc1)C(=O)NC(CN(C)C)C(C=Cc1cccc(F)c1)C(=O)O,,CC(C)CC(NC(=O)c1ccc(Cl)cc1)C(=O)NC(CN(C)C)C(C=Cc1cccc(F)c1)C(=O)O,0.3129217834571036,0.97210914,0.85107,0.020209976,0.9997139,0.14263678,0.3937871482320834,1.0,1.0,0.352112676056338,0.3128491620111732,0.19072164948453607,98.74000000000001,4.084200000000004,0.3937871482320834,1.0,1.0
Cc1cc2c([nH]c(=O)n2CC(=O)NC(CCCNC(=N)N)C(=O)O)c(OCC(F)(F)F)n1,,Cc1cc2c([nH]c(=O)n2CC(=O)NC(CCCNC(=N)N)C(=O)O)c(OCC(F)(F)F)n1,0.0036506186981791994,0.0039360556,0.0041992567,0.08984565,0.0,0.9999881,0.15939465726520738,1.0,1.0,0.15483870967741936,0.15625,0.2247191011235955,188.20999999999998,-0.19320999999999838,0.15939465726520738,1.0,1.0
Cc1ccncc1OC(=O)NC(CNC(=O)Cn1c(=O)[nH]c2ncccc21)C(=O)NCC(NC(=O)c1c(Cl)cccc1Cl)C(=O)O,,Cc1ccncc1OC(=O)NC(CNC(=O)Cn1c(=O)[nH]c2ncccc21)C(=O)NCC(NC(=O)c1c(Cl)cccc1Cl)C(=O)O,0.00924816497699749,0.24025302,0.9686753,0.0021498022,0.0,0.99952507,0.1251107146724193,1.0,1.0,0.25,0.34951456310679613,0.14166666666666666,226.49999999999997,1.0076200000000015,0.1251107146724193,1.0,1.0
CCCCCCCCCCCC(C(=O)O)n1nnc(-c2cccnc2)c(Br)c1=O,,CCCCCCCCCCCC(C(=O)O)n1nnc(-c2cccnc2)c(Br)c1=O,0.06226782493613786,0.0031999561,0.014764397,0.30689886,0.9997871,0.009622097,0.4178785719956592,1.0,1.0,0.1503267973856209,0.1837837837837838,0.2573099415204678,97.97,5.009400000000005,0.4178785719956592,1.0,1.0
COc1ccc(C=C2SC(=S)N(CC(=O)NCC(NC(=O)c3ccccc3OC)C(=O)O)C2=O)cc1OC,,COc1ccc(C=C2SC(=S)N(CC(=O)NCC(NC(=O)c3ccccc3OC)C(=O)O)C2=O)cc1OC,0.06449840849731782,0.5,0.27369225,0.01586254,0.00012111664,0.9924022,0.2759290724194037,1.0,1.0,0.275,0.25380710659898476,0.18536585365853658,143.5,1.9129999999999994,0.2759290724194037,1.0,1.0
NC(=O)C(O)C#CC(=O)O,,NC(=O)C(O)C#CC(=O)O,0.02076463141604087,0.0014656478,0.0002948281,0.00050641235,0.9994115,0.99999994,0.36652073974535715,1.0,1.0,0.13333333333333333,0.09848484848484848,0.11023622047244094,100.62000000000002,-2.0794,0.36652073974535715,1.0,1.0
CC(C)(C)CCOc1cc(C(=O)NS(C)(=O)=O)c(F)cc1C1(C)CCOCC1,,CC(C)(C)CCOc1cc(C(=O)NS(C)(=O)=O)c(F)cc1C1(C)CCOCC1,0.07807877670164726,0.01235164,0.0076996973,0.34282482,0.9999996,0.5775045,0.7701093638387155,0.5,1.0,0.17985611510791366,0.1694915254237288,0.2608695652173913,81.7,3.398200000000002,0.7701093638387155,0.5,1.0
Cc1ncsc1C(=O)NC(CNC(=O)c1ccc(F)cc1)C(=O)O,,Cc1ncsc1C(=O)NC(CNC(=O)c1ccc(F)cc1)C(=O)O,0.47079732815388775,0.9952166,0.97161996,0.015733166,0.9885189,0.99913347,0.7247118358750463,1.0,1.0,0.39090909090909093,0.35172413793103446,0.18518518518518517,108.39,1.20362,0.7247118358750463,1.0,1.0
CNC(C)C1CCN(c2nc(=N)c3c(-n4ccnc4)cccc3[nH]2)CC1,,CNC(C)C1CCN(c2nc(=N)c3c(-n4ccnc4)cccc3[nH]2)CC1,0.018091067790481127,0.0011669714,0.0021143043,0.0013701475,0.99999815,0.98839206,0.6714937467372573,0.5,1.0,0.12837837837837837,0.14130434782608695,0.13186813186813187,85.62,2.052369999999999,0.6714937467372573,0.5,1.0
CC(COc1cccc(OC(F)F)c1)ON=C(CF)C(F)(F)F,,CC(COc1cccc(OC(F)F)c1)ON=C(CF)C(F)(F)F,0.010059126044608095,0.0017673527,0.0016640639,0.00056011544,0.50479686,0.19602412,0.40676619276135284,0.5,1.0,0.13740458015267176,0.13609467455621302,0.11242603550295859,40.05,3.9597000000000024,0.40676619276135284,0.5,1.0
Cc1ccc(C(=O)NN(CC2CCCCC2)C(=O)OC(C)(C)C)c(C)c1,,Cc1ccc(C(=O)NN(CC2CCCCC2)C(=O)OC(C)(C)C)c(C)c1,0.0,0.0,0.0,0.0,0.0,0.0,0.0,0.0,0.0,0.0,0.0,0.0,0.0,0.0,0.0,0.0,0.0
CCCCCNC(=O)c1cnc(CCCC)n1-c1ccc(-c2ccc(CC(=O)O)cc2F)cn1,,CCCCCNC(=O)c1cnc(CCCC)n1-c1ccc(-c2ccc(CC(=O)O)cc2F)cn1,0.16892156158225474,0.15826005,0.44576102,0.08087581,0.99984694,0.011075556,0.3677219767827764,1.0,1.0,0.23870967741935484,0.2702702702702703,0.2222222222222222,97.11,4.963100000000003,0.3677219767827764,1.0,1.0
CN(C)CCCNC(=O)c1cc(COc2ccc(F)c(F)c2)on1,,CN(C)CCCNC(=O)c1cc(COc2ccc(F)c(F)c2)on1,0.08545673121638044,0.19415234,0.09325654,0.0018782342,0.99997485,0.98111486,0.747097293160059,0.5,1.0,0.2440944881889764,0.22560975609756098,0.13872832369942195,67.60000000000001,2.2133000000000003,0.747097293160059,0.5,1.0
COc1cc(F)c(C(=O)NC(CNC(=O)c2ccc3ncn(C(CC4CCCCC4)C(=O)O)c3c2)C(=O)O)c(Cl)c1,,COc1cc(F)c(C(=O)NC(CNC(=O)c2ccc3ncn(C(CC4CCCCC4)C(=O)O)c3c2)C(=O)O)c(Cl)c1,0.02644811844378057,0.4008485,0.8413356,0.10365322,2.3841858e-07,0.1573847,0.2609360227119478,1.0,1.0,0.26627218934911245,0.3112244897959184,0.22815533980582525,159.85,4.046500000000003,0.2609360227119478,1.0,1.0
O=C(NCCn1cnnc1)C1CCCC1,,O=C(NCCn1cnnc1)C1CCCC1,0.011405831195333413,0.000102934224,0.00051000074,0.003411916,0.999501,0.9998704,0.787201686368351,0.5,1.0,0.07563025210084033,0.11038961038961038,0.15172413793103448,59.81,0.5844999999999991,0.787201686368351,0.5,1.0
O=C(O)CC(NC(=O)c1ccc(Cl)cc1Cl)C(=O)NC(Cc1c[nH]c2ccccc12)C(=O)O,,O=C(O)CC(NC(=O)c1ccc(Cl)cc1Cl)C(=O)NC(Cc1c[nH]c2ccccc12)C(=O)O,0.05285781924666465,0.99988747,0.98125666,0.004757907,1.7166138e-05,0.8770924,0.3103044866924086,1.0,1.0,0.47244094488188976,0.3609467455621302,0.15897435897435896,148.58999999999997,2.8599000000000006,0.3103044866924086,1.0,1.0
COC(=O)c1ncn(C2OC(CO)C(O)C2O)n1,,COC(=O)c1ncn(C2OC(CO)C(O)C2O)n1,0.0037102782404271574,6.0252365e-05,0.00023080932,0.00035573557,0.06540674,1.0,0.5159908402000187,0.5,1.0,0.064,0.09316770186335403,0.10256410256410256,126.93,-2.323799999999999,0.5159908402000187,0.5,1.0
CCOC(=O)c1nc(-c2ccc(C)cc2)nnc1Cl,,CCOC(=O)c1nc(-c2ccc(C)cc2)nnc1Cl,0.06644899186838613,0.045069687,0.0783595,0.0020873982,0.9999311,0.9259675,0.8071666000376047,0.5,1.0,0.20869565217391303,0.2214765100671141,0.14102564102564102,64.97,2.6771200000000013,0.8071666000376047,0.5,1.0
CCn1cnnc1CNC(=O)NCC(O)c1cccc(F)c1,,CCn1cnnc1CNC(=O)NCC(O)c1cccc(F)c1,0.08319315358753981,0.094025336,0.24025302,0.0012676499,0.9999779,0.999577,0.7412861932994369,0.5,1.0,0.22580645161290322,0.25,0.1301775147928994,92.07000000000001,0.9699000000000002,0.7412861932994369,0.5,1.0
COc1cc(NC(=O)CNC(=O)CNC(=O)CNC(=O)c2ccc(C)c(C)c2)c(C)cc1OCC(NC(=O)c1c(Cl)ccc(C)c1F)C(=O)O,,COc1cc(NC(=O)CNC(=O)CNC(=O)CNC(=O)c2ccc(C)c(C)c2)c(C)cc1OCC(NC(=O)c1c(Cl)ccc(C)c1F)C(=O)O,0.010949207366985826,0.32437772,0.80606765,0.005100999,0.0,0.94328684,0.13695406310156572,1.0,1.0,0.25906735751295334,0.3059360730593607,0.16049382716049382,201.25999999999996,2.5842800000000024,0.13695406310156572,1.0,1.0
COc1cc(Cl)cc(NC(=O)Nc2c(C)cc(C)cc2C)c1C(=O)NCC(=O)NC(CNC(=O)c1c(C)cccc1C)C(=O)O,,COc1cc(Cl)cc(NC(=O)Nc2c(C)cc(C)cc2C)c1C(=O)NCC(=O)NC(CNC(=O)c1c(C)cccc1C)C(=O)O,0.007458665956054691,0.25218844,0.7256077,0.005912358,0.0,0.08744329,0.18199231282627695,1.0,1.0,0.25139664804469275,0.2961165048543689,0.16371681415929204,174.95999999999998,4.263900000000002,0.18199231282627695,1.0,1.0
CC1(c2ccc(F)cc2)CC(=O)NCc2[nH]c3c(Cl)cccc3c21,,CC1(c2ccc(F)cc2)CC(=O)NCc2[nH]c3c(Cl)cccc3c21,0.08022241619323656,0.93621635,0.51990163,0.00072316296,0.86722094,0.082108974,0.6806135415291035,0.5,1.0,0.3333333333333333,0.27672955974842767,0.11797752808988764,44.89,4.286300000000002,0.6806135415291035,0.5,1.0
CCN(CC(=O)O)CC(=O)N1CCn2c(C)nnc2C1c1ccc(Cl)cc1Cl,,CCN(CC(=O)O)CC(=O)N1CCn2c(C)nnc2C1c1ccc(Cl)cc1Cl,0.2694848084538657,0.56075174,0.12406134,0.00737179,0.9999818,0.98005605,0.7620487943943152,1.0,1.0,0.2803030303030303,0.23255813953488372,0.16853932584269662,91.56,2.23142,0.7620487943943152,1.0,1.0
CCc1cc(C(=O)NC(Cc2ccc3nc(C)ccc3c2)C(=O)O)ccc1OC(C(=O)O)C(=O)O,,CCc1cc(C(=O)NC(Cc2ccc3nc(C)ccc3c2)C(=O)O)ccc1OC(C(=O)O)C(=O)O,0.02830898943984106,0.9575372,0.9579097,0.015331955,1.1920929e-07,0.9619479,0.31915898359245914,1.0,1.0,0.34265734265734266,0.34285714285714286,0.18461538461538463,163.12,2.44792,0.31915898359245914,1.0,1.0
C#CCNC(=O)C=C1c2ccccc2CCC1O,,C#CCNC(=O)C=C1c2ccccc2CCC1O,0.061004368959532346,0.07141454,0.009543465,0.008268872,0.97289395,0.99931604,0.6020580837971433,0.5,1.0,0.21929824561403508,0.17419354838709677,0.17105263157894737,49.33,1.1265,0.6020580837971433,0.5,1.0
CCn1nc(Sc2ccc(NC(=O)CCNC(=O)c3c(Cl)cccc3Cl)cc2F)cc1C(=O)NCC(NC(=O)c1c(Cl)ccc(C)c1F)C(=O)O,,CCn1nc(Sc2ccc(NC(=O)CCNC(=O)c3c(Cl)cccc3Cl)cc2F)cc1C(=O)NCC(NC(=O)c1c(Cl)ccc(C)c1F)C(=O)O,0.00280051549243965,0.26211566,0.9852228,0.0035535505,0.0,0.0005046129,0.10417896870924631,1.0,1.0,0.25252525252525254,0.36619718309859156,0.15261044176706828,171.51999999999998,5.9726200000000045,0.10417896870924631,1.0,1.0
O=C(Cn1cc2ccccc2n1)NCC(NC(=O)c1c(Cl)cccc1Cl)C(=O)O,,O=C(Cn1cc2ccccc2n1)NCC(NC(=O)c1c(Cl)cccc1Cl)C(=O)O,0.3394515901908159,0.99475265,0.99972886,0.003231076,0.92847824,0.9721765,0.5274797726577307,1.0,1.0,0.3888888888888889,0.4533333333333333,0.15053763440860216,113.32000000000001,2.3425000000000002,0.5274797726577307,1.0,1.0
CC(=O)N1CCC(NC(=O)c2cc3c(nc2C)N(c2ccccc2NC(N)=O)CC3)C1,,CC(=O)N1CCC(NC(=O)c2cc3c(nc2C)N(c2ccccc2NC(N)=O)CC3)C1,0.09567476341521329,0.051911023,0.1366583,0.022955243,0.43701494,0.99210924,0.695234376541323,0.5,1.0,0.2119205298013245,0.23497267759562843,0.1935483870967742,120.66,1.9254199999999997,0.695234376541323,0.5,1.0
COc1ccc(C(NC(CNC(=O)c2cc(O)cc(NC3=NCC(O)CN3)c2)C(=O)O)C(=O)O)cc1,,COc1ccc(C(NC(CNC(=O)c2cc(O)cc(NC3=NCC(O)CN3)c2)C(=O)O)C(=O)O)cc1,0.0071527079863124635,0.17976414,0.09801278,0.0035697205,0.0,0.9999906,0.21291558525377055,1.0,1.0,0.24203821656050956,0.2268041237113402,0.15270935960591134,201.83999999999997,-0.2686999999999986,0.21291558525377055,1.0,1.0
CC1CNCC(C)N(c2nc3c(c(=O)[nH]c(=O)n3C)n2Cc2ccc(Br)cc2Cl)C1,,CC1CNCC(C)N(c2nc3c(c(=O)[nH]c(=O)n3C)n2Cc2ccc(Br)cc2Cl)C1,0.06217649520568434,0.13401826,0.022955243,0.002119841,0.99999547,0.9738527,0.5822333925766654,0.5,1.0,0.23448275862068965,0.1935483870967742,0.14136125654450263,87.95000000000002,2.3217,0.5822333925766654,0.5,1.0
CC(=O)Nc1cc(C(=O)NC(Cc2ccccc2)C(=O)O)cc(N(C)C(=O)c2ccccc2)c1,,CC(=O)Nc1cc(C(=O)NC(Cc2ccccc2)C(=O)O)cc(N(C)C(=O)c2ccccc2)c1,0.3479459393582528,0.9991524,0.99163646,0.0073140627,0.83312976,0.61510116,0.4778247208161106,1.0,1.0,0.42857142857142855,0.378698224852071,0.1683673469387755,115.81,3.3473000000000015,0.4778247208161106,1.0,1.0
O=C(CN1CCN(CC(=O)Nc2ccccc2Cl)CC1)Nc1ccccc1,,O=C(CN1CCN(CC(=O)Nc2ccccc2Cl)CC1)Nc1ccccc1,0.07716008617943498,0.40521944,0.08307611,0.000527221,0.999923,0.9508871,0.8003532279595748,0.5,1.0,0.26666666666666666,0.22285714285714286,0.1111111111111111,64.68,2.5348000000000006,0.8003532279595748,0.5,1.0
CC12NC(=O)CNC(=O)N1C(C(=O)Nc1ccc(Br)cc1)CS2,,CC12NC(=O)CNC(=O)N1C(C(=O)Nc1ccc(Br)cc1)CS2,0.0623165511262091,0.015331955,0.062107053,0.0056306655,0.9999877,0.998769,0.6999108173648242,0.5,1.0,0.18461538461538463,0.21604938271604937,0.16265060240963855,90.54,1.3181000000000003,0.6999108173648242,0.5,1.0
O=C(CC(NC(=O)c1ccc(Cl)c(Cl)c1)C(=O)O)Nc1cccc(C(=O)O)c1,,O=C(CC(NC(=O)c1ccc(Cl)c(Cl)c1)C(=O)O)Nc1cccc(C(=O)O)c1,0.16387024495071534,0.9953799,0.96362275,0.0059462897,0.0073027015,0.86195576,0.5393742933677718,1.0,1.0,0.39166666666666666,0.34615384615384615,0.1638418079096045,132.79999999999998,2.9034000000000004,0.5393742933677718,1.0,1.0
CC(=O)NC1(c2ccccc2)CCN(C(=O)Cn2ccc3cc(N4CCCCC4)c(Cl)cc32)CC1,,CC(=O)NC1(c2ccccc2)CCN(C(=O)Cn2ccc3cc(N4CCCCC4)c(Cl)cc32)CC1,0.07322547809987093,0.19168232,0.10481871,0.07521383,0.99882644,0.011915863,0.5485539423510805,0.5,1.0,0.24375,0.22842639593908629,0.2205128205128205,57.580000000000005,4.9390000000000045,0.5485539423510805,0.5,1.0
NC(CNC(=O)CNC(=O)c1ccc(CC(NC(=O)c2c(Cl)cccc2Cl)C(=O)O)cc1)C(=O)O,,NC(CNC(=O)CNC(=O)c1ccc(CC(NC(=O)c2c(Cl)cccc2Cl)C(=O)O)cc1)C(=O)O,0.0163040600497582,0.9997352,0.9999429,0.0076084896,0.0,0.99982786,0.24699664653722936,1.0,1.0,0.45384615384615384,0.48717948717948717,0.16923076923076924,187.91999999999996,0.6770000000000013,0.24699664653722936,1.0,1.0
CCCc1c[nH]c(=O)n1-c1ccccc1,,CCCc1c[nH]c(=O)n1-c1ccccc1,0.02835734136144832,0.077293046,0.0029626763,0.0006048061,0.29982767,0.9858332,0.8129377705059361,0.5,1.0,0.22115384615384615,0.14864864864864866,0.11409395973154363,37.79,2.1181,0.8129377705059361,0.5,1.0
O=C(Cn1c(=O)[nH]c2ncncc21)NC(COCCCn1c(=O)[nH]c2ncncc21)C(=O)O,,O=C(Cn1c(=O)[nH]c2ncncc21)NC(COCCCn1c(=O)[nH]c2ncncc21)C(=O)O,0.002467163039650443,0.0027540931,0.0040275725,0.01030597,0.0,0.9999999,0.1972771383937175,1.0,1.0,0.14705882352941177,0.1553398058252427,0.17587939698492464,202.76999999999995,-1.7710999999999961,0.1972771383937175,1.0,1.0
CC(C)c1nc(-c2ccc(CC(NC(=O)c3nc(OCCN4CCOCC4)cc(-c4cccs4)n3)C(=O)O)cc2)no1,,CC(C)c1nc(-c2ccc(CC(NC(=O)c3nc(OCCN4CCOCC4)cc(-c4cccs4)n3)C(=O)O)cc2)no1,0.038053296595719224,0.3327043,0.83585274,0.026030693,3.4570694e-06,0.4883358,0.24845823351651386,1.0,1.0,0.2598870056497175,0.3103448275862069,0.1963470319634703,152.8,3.515200000000002,0.24845823351651386,1.0,1.0
CCCCCCN=c1[nH]cc(-c2ccc(=O)n(C(C)C)c2)c(=N)[nH]1,,CCCCCCN=c1[nH]cc(-c2ccc(=O)n(C(C)C)c2)c(=N)[nH]1,0.018993110874368058,0.00058782473,0.0016847692,0.0049330816,0.99999076,0.91808283,0.6698420940637392,0.5,1.0,0.11347517730496454,0.13636363636363635,0.15976331360946747,89.78999999999999,2.7128699999999997,0.6698420940637392,0.5,1.0
Cc1[nH]c(=O)[nH]c(=O)c1NC(=O)CNC(Cn1c(=O)[nH]c2ncccc21)C(=O)O,,Cc1[nH]c(=O)[nH]c(=O)c1NC(=O)CNC(Cn1c(=O)[nH]c2ncccc21)C(=O)O,0.002585241363162635,0.004986876,0.009026539,0.002524225,0.0,0.99999994,0.2627417978734534,1.0,1.0,0.16,0.17297297297297298,0.14516129032258066,194.82999999999996,-1.9088799999999981,0.2627417978734534,1.0,1.0
Cc1cc(C)cc(C(=O)N(C)CC(C)(C(=O)NCCC(=O)O)n2nc(-c3ccc(F)cc3)ccc2=O)c1,,Cc1cc(C)cc(C(=O)N(C)CC(C)(C(=O)NCCC(=O)O)n2nc(-c3ccc(F)cc3)ccc2=O)c1,0.25296363233592567,0.26784974,0.9498931,0.0070257266,0.3511423,0.9104668,0.45850510433692676,1.0,1.0,0.25316455696202533,0.3388888888888889,0.16748768472906403,121.60000000000002,2.7445400000000006,0.45850510433692676,1.0,1.0
COC(=O)C(CC(C)C)NC(=O)C(CC(=O)O)NC(=O)CNC(=O)C(Cc1ccc(O)cc1)NC(=O)c1c(Cl)ccc(C)c1F,,COC(=O)C(CC(C)C)NC(=O)C(CC(=O)O)NC(=O)CNC(=O)C(Cc1ccc(O)cc1)NC(=O)c1c(Cl)ccc(C)c1F,0.015041239857359001,0.52825296,0.6432931,0.022055905,0.0,0.9969537,0.1549713575753653,1.0,1.0,0.2774566473988439,0.28780487804878047,0.1926605504587156,200.23,1.613820000000003,0.1549713575753653,1.0,1.0
Cc1ccc(Cl)c(C(=O)NCC(NC(=O)NCc2nc(=O)c3ccccc3[nH]2)C(=O)O)c1F,,Cc1ccc(Cl)c(C(=O)NCC(NC(=O)NCc2nc(=O)c3ccccc3[nH]2)C(=O)O)c1F,0.03831678809204202,0.95315605,0.984189,0.0033793475,2.861023e-06,0.9959561,0.3503466185113428,1.0,1.0,0.3404255319148936,0.36470588235294116,0.15151515151515152,153.27999999999997,1.7064199999999994,0.3503466185113428,1.0,1.0
Cc1c(OC(=O)c2ccccc2O)cc(O)c2c(=O)c(NC(=O)C(=O)O)c(O)oc12,,Cc1c(OC(=O)c2ccccc2O)cc(O)c2c(=O)c(NC(=O)C(=O)O)c(O)oc12,0.006616526597516272,0.25569502,0.12605876,0.0010944778,0.0,0.99809515,0.2382904103381965,1.0,1.0,0.2517985611510791,0.23295454545454544,0.12698412698412698,183.59999999999997,1.4605199999999998,0.2382904103381965,1.0,1.0
Cc1[nH]n2c(=NC(CCC(=O)O)C(=O)NC3CC(C(=O)O)N(C(=O)Cc4cccnc4)C3)c(-c3ccccc3)cnc2c1C#N,,Cc1[nH]n2c(=NC(CCC(=O)O)C(=O)NC3CC(C(=O)O)N(C(=O)Cc4cccnc4)C3)c(-c3ccccc3)cnc2c1C#N,0.007272601249064554,0.04653566,0.1651849,0.0094221365,0.0,0.9981465,0.20466291391354843,1.0,1.0,0.2094240837696335,0.2398190045248869,0.17391304347826086,206.13999999999996,1.451600000000004,0.20466291391354843,1.0,1.0
Cc1ccc(Cl)c(C(=O)NCC(=O)NC(Cc2ccc(Oc3ccccc3)cc2)C(=O)O)c1Cl,,Cc1ccc(Cl)c(C(=O)NCC(=O)NC(Cc2ccc(Oc3ccccc3)cc2)C(=O)O)c1Cl,0.19073787534343445,0.9997814,0.9990816,0.0041095046,0.9971571,0.02966392,0.39658303777816084,1.0,1.0,0.4580152671755725,0.4268292682926829,0.15577889447236182,104.73,4.636020000000003,0.39658303777816084,1.0,1.0
CC(C)(C)CC(=O)NC1CCc2[nH]c(=O)c3ccccc3c2C1,,CC(C)(C)CC(=O)NC1CCc2[nH]c(=O)c3ccccc3c2C1,0.053189507798579984,0.021708112,0.0061861826,0.014201196,0.9997813,0.8489024,0.8953719545469231,0.5,1.0,0.19230769230769232,0.16470588235294117,0.18292682926829268,61.96,2.937800000000001,0.8953719545469231,0.5,1.0
O=c1[nH]c2ncccc2n1Cc1cccnc1,,O=c1[nH]c2ncccc2n1Cc1cccnc1,0.015190555138504622,0.0049106553,0.0018471086,0.00012170623,0.9998821,0.9992234,0.7129614188524009,0.5,1.0,0.15966386554621848,0.13836477987421383,0.07926829268292683,63.57,1.1679,0.7129614188524009,0.5,1.0
O=C(Cn1c(=O)[nH]c2ncccc21)NC(Cc1ccc(-c2cccc(NC(=O)NC3CCCCC3)c2)cc1)C(=O)O,,O=C(Cn1c(=O)[nH]c2ncccc21)NC(Cc1ccc(-c2cccc(NC(=O)NC3CCCCC3)c2)cc1)C(=O)O,0.029685939033167984,0.26465082,0.96969205,0.06932517,4.7683716e-07,0.3811261,0.2116743317106377,1.0,1.0,0.25280898876404495,0.350253807106599,0.2186046511627907,158.20999999999998,3.6579000000000015,0.2116743317106377,1.0,1.0
Cc1nc(C2CNC(C(=O)Nc3ccc(C#N)cc3)O2)co1,,Cc1nc(C2CNC(C(=O)Nc3ccc(C#N)cc3)O2)co1,0.07697165154577901,0.04371084,0.038233873,0.008971724,0.9995029,0.99797547,0.8899133152250236,0.5,1.0,0.208,0.20496894409937888,0.1728395061728395,100.18,1.4803999999999997,0.8899133152250236,0.5,1.0
CN1CCN(Cc2ccc3c(n2)NC(=O)CO3)CC1,,CN1CCN(Cc2ccc3c(n2)NC(=O)CO3)CC1,0.015766053696235967,0.00045045366,0.0005776355,0.0045978557,0.99887925,0.9999648,0.8225479639408944,0.5,1.0,0.1076923076923077,0.1130952380952381,0.15822784810126583,57.7,0.1598999999999995,0.8225479639408944,0.5,1.0
O=C(Cn1c(=O)[nH]c2ncccc21)NCC(NC(=O)c1ccc(Cl)cc1Cl)C(=O)O,,O=C(Cn1c(=O)[nH]c2ncccc21)NCC(NC(=O)c1ccc(Cl)cc1Cl)C(=O)O,0.06646142853927921,0.99938333,0.93046635,0.0050855954,4.3272972e-05,0.9994901,0.42135528567128744,1.0,1.0,0.43548387096774194,0.3313253012048193,0.16042780748663102,146.17999999999998,1.0308,0.42135528567128744,1.0,1.0
CCCCCc1nc2cc(Cl)c(Cl)cc2n1CC(=O)O,,CCCCCc1nc2cc(Cl)c(Cl)cc2n1CC(=O)O,0.11611174261881839,0.056035094,0.03248128,0.014252676,0.9969892,0.116345406,0.8143811356851965,1.0,1.0,0.21367521367521367,0.2012987012987013,0.1830065359477124,55.120000000000005,4.160400000000004,0.8143811356851965,1.0,1.0
CC(C)(C)c1ccc(OCC(=O)NNC(=O)Cn2c(=O)[nH]c3ncccc32)cc1,,CC(C)(C)c1ccc(OCC(=O)NNC(=O)Cn2c(=O)[nH]c3ncccc32)cc1,0.0,0.0,0.0,0.0,0.0,0.0,0.0,0.0,0.0,0.0,0.0,0.0,0.0,0.0,0.0,0.0,0.0
COC(=O)CC(C#N)(NC(N)=O)c1cc(=NC(=O)c2cc(C#Cc3ccc(Cl)cn3)ccn2)nc(N2CCC(C(=O)N(C)C)CC2)[nH]1,,COC(=O)CC(C#N)(NC(N)=O)c1cc(=NC(=O)c2cc(C#Cc3ccc(Cl)cn3)ccn2)nc(N2CCC(C(=O)N(C)C)CC2)[nH]1,0.0018732099877191227,0.0035697205,0.014748931,0.021544471,0.0,0.9990044,0.24400637976450612,0.5,1.0,0.15270935960591134,0.18376068376068377,0.19213973799126638,212.65,1.248880000000001,0.24400637976450612,0.5,1.0
O=C(NC(CNC(=O)c1cccc(C2CCNCC2)c1)C(=O)O)OCc1ccccc1,,O=C(NC(CNC(=O)c1cccc(C2CCNCC2)c1)C(=O)O)OCc1ccccc1,0.42507658532152465,0.9534721,0.5674986,0.02785792,0.77615446,0.9780701,0.5155414081718801,1.0,1.0,0.34057971014492755,0.2808988764044944,0.19786096256684493,116.76000000000002,2.262999999999999,0.5155414081718801,1.0,1.0
Cc1ccc(C(=O)NCc2cnccn2)c(OCc2ccncc2)n1,,Cc1ccc(C(=O)NCc2cnccn2)c(OCc2ccncc2)n1,0.0497713638935365,0.051365938,0.032265935,0.00080172025,0.9999904,0.9872226,0.7416587867300093,0.5,1.0,0.2116788321167883,0.20114942528735633,0.12021857923497267,89.89,2.0840199999999998,0.7416587867300093,0.5,1.0
COc1ccc(S(=O)(=O)NC(Cc2c[nH]c3ccc(OC)cc23)C(=O)O)cc1,,COc1ccc(S(=O)(=O)NC(Cc2c[nH]c3ccc(OC)cc23)C(=O)O)cc1,0.305548405600235,0.8896055,0.61148036,0.004067626,0.7057813,0.9839537,0.5295591055920412,1.0,1.0,0.3203125,0.28484848484848485,0.15555555555555556,117.72000000000001,2.1593,0.5295591055920412,1.0,1.0
O=C(O)CCC(NC(=O)c1ccc(-c2ccccc2)cc1F)C(=O)N1CCC(NCCc2ccc(Cl)c(Cl)c2)CC1,,O=C(O)CCC(NC(=O)c1ccc(-c2ccccc2)cc1F)C(=O)N1CCC(NCCc2ccc(Cl)c(Cl)c2)CC1,0.1390132580832288,0.95122904,0.8527094,0.020188125,0.9997139,0.0016517639,0.26688959620713665,1.0,1.0,0.3395061728395062,0.31313131313131315,0.19069767441860466,98.74,5.586000000000005,0.26688959620713665,1.0,1.0
Cc1cc(C)n(CC(=O)NNc2ccc(Cl)c(F)c2Cl)n1,,Cc1cc(C)n(CC(=O)NNc2ccc(Cl)c(F)c2Cl)n1,0.0,0.0,0.0,0.0,0.0,0.0,0.0,0.0,0.0,0.0,0.0,0.0,0.0,0.0,0.0,0.0,0.0
CN(C(=O)CCc1ccc2nc(C(C(=O)NCCS(N)(=O)=O)S(C)(=O)=O)[nH]c2c1)C1CCCCC1,,CN(C(=O)CCc1ccc2nc(C(C(=O)NCCS(N)(=O)=O)S(C)(=O)=O)[nH]c2c1)C1CCCCC1,0.002453733287258569,0.0016640639,0.0034491725,0.59478056,0.0,0.999766,0.4092648779258381,0.5,1.0,0.13609467455621302,0.15196078431372548,0.2833333333333333,172.39,0.7770000000000015,0.4092648779258381,0.5,1.0
O=C(Cn1c(=O)[nH]c2ncccc21)NCC(NC(=O)c1ccc(Cl)cc1Br)C(=O)OCC(=O)NC(CO)c1ccccc1,,O=C(Cn1c(=O)[nH]c2ncccc21)NCC(NC(=O)c1ccc(Cl)cc1Br)C(=O)OCC(=O)NC(CO)c1ccccc1,0.005047618952097259,0.9462424,0.5681035,0.0014091594,0.0,0.99816513,0.13999332587484684,0.5,1.0,0.33727810650887574,0.28095238095238095,0.13247863247863248,184.50999999999996,1.4483,0.13999332587484684,0.5,1.0
Cc1nc(N(C)CCN(C)C)nc2c1ncn2-c1ccc(C(=O)NCC(NC(=O)c2c(F)cccc2Cl)C(=O)O)cc1,,Cc1nc(N(C)CCN(C)C)nc2c1ncn2-c1ccc(C(=O)NCC(NC(=O)c2c(F)cccc2Cl)C(=O)O)cc1,0.0615794642402278,0.7546774,0.99509794,0.005890622,5.4478645e-05,0.9519626,0.23767371383276142,1.0,1.0,0.2994011976047904,0.39037433155080214,0.16363636363636364,145.57999999999998,2.52722,0.23767371383276142,1.0,1.0
COC(=O)C(CC(=O)O)NC(=O)c1ccc(F)c(Br)c1,,COC(=O)C(CC(=O)O)NC(=O)c1ccc(F)c(Br)c1,0.35549229394257736,0.87526554,0.32109526,0.009176202,0.9999718,0.9987063,0.783644331197129,1.0,1.0,0.3173076923076923,0.25874125874125875,0.17333333333333334,92.70000000000002,1.3343000000000003,0.783644331197129,1.0,1.0
CCN(CC)c1ncnc2c1ncn2CCCNCc1ccc(OC)c(OC)c1OC,,CCN(CC)c1ncnc2c1ncn2CCCNCc1ccc(OC)c(OC)c1OC,0.01911474829869035,0.00089866354,0.0016325185,0.005541912,0.9999973,0.87090635,0.4408659899162065,0.5,1.0,0.12269938650306748,0.135678391959799,0.16230366492146597,86.56000000000002,2.8782000000000014,0.4408659899162065,0.5,1.0
Cc1c(C(=O)NC(=O)CNC(=O)NCC(NC(=O)c2ccccc2Cl)C(=O)O)[nH]c2ccc(Cl)cc12,,Cc1c(C(=O)NC(=O)CNC(=O)NCC(NC(=O)c2ccccc2Cl)C(=O)O)[nH]c2ccc(Cl)cc12,0.014137808764867902,0.9936187,0.9817871,0.0032233421,0.0,0.98061824,0.2589700227346154,1.0,1.0,0.38461538461538464,0.3615819209039548,0.15048543689320387,169.48999999999998,2.221920000000001,0.2589700227346154,1.0,1.0
O=C(CN1Cc2ccccc2NC1=O)Nc1cccc(Br)c1,,O=C(CN1Cc2ccccc2NC1=O)Nc1cccc(Br)c1,0.1193120629842462,0.9662279,0.3457037,0.0011419392,0.9997329,0.54949635,0.8810708771638128,0.5,1.0,0.34782608695652173,0.2611464968152866,0.12790697674418605,61.440000000000005,3.4353000000000016,0.8810708771638128,0.5,1.0
Clc1ccc(CN=c2nc[nH][nH]2)cc1Cl,,Clc1ccc(CN=c2nc[nH][nH]2)cc1Cl,0.027161530216345046,0.04673988,0.0042403913,0.00015822577,0.9984357,0.9846091,0.8335869571899571,0.5,1.0,0.20952380952380953,0.1564625850340136,0.08496732026143791,56.83,2.1454999999999993,0.8335869571899571,0.5,1.0
COCC(C)(C#N)NC(=O)C(=O)Nc1ccc(Cl)c(F)c1,,COCC(C)(C#N)NC(=O)C(=O)Nc1ccc(Cl)c(F)c1,0.08112542604868121,0.06069479,0.06914236,0.00529057,0.999984,0.99808365,0.8233111041972011,0.5,1.0,0.21551724137931033,0.2185430463576159,0.16129032258064516,91.22,1.4624799999999998,0.8233111041972011,0.5,1.0
COC(=O)C(C)(COc1[nH]c(=N)nc2[nH]cnc12)CC(=O)O,,COC(=O)C(C)(COc1[nH]c(=N)nc2[nH]cnc12)CC(=O)O,0.004555842366461535,0.0008392239,0.0017272062,0.0053393524,2.1457672e-06,0.9999884,0.5384239623973521,1.0,1.0,0.12121212121212122,0.13690476190476192,0.16149068322981366,154.04,-0.20173000000000024,0.5384239623973521,1.0,1.0
O=C(O)CNC(Cn1c(=O)[nH]c2ncccc21)C(=O)O,,O=C(O)CNC(Cn1c(=O)[nH]c2ncccc21)C(=O)O,0.014828447736014829,0.0038703172,0.0021805097,0.0018471086,0.001301527,0.99999934,0.5239918631259829,1.0,1.0,0.15447154471544716,0.1419753086419753,0.13836477987421383,137.31,-1.1479999999999995,0.5239918631259829,1.0,1.0
COc1cccc(C(=O)Nc2cccnc2N(C)C)c1OC,,COc1cccc(C(=O)Nc2cccnc2N(C)C)c1OC,0.06368195931566638,0.07781239,0.059840977,0.0010339997,0.99988735,0.965264,0.9185728335799102,0.5,1.0,0.22131147540983606,0.21518987341772153,0.12574850299401197,63.69,2.4171000000000005,0.9185728335799102,0.5,1.0
CC(C)OC(=O)NC(CN=c1[nH]c(-c2ccc(Cl)c(F)c2)cc2ncn(C)c12)C(=O)O,,CC(C)OC(=O)NC(CN=c1[nH]c(-c2ccc(Cl)c(F)c2)cc2ncn(C)c12)C(=O)O,0.2536313103752989,0.43705526,0.4265242,0.008651401,0.3511423,0.88052547,0.5338580359583875,1.0,1.0,0.2695035460992908,0.26857142857142857,0.17204301075268819,121.59999999999998,2.8494,0.5338580359583875,1.0,1.0
O=C(Cn1c(=O)[nH]c2ncccc21)NCc1ccc(Cl)cc1,,O=C(Cn1c(=O)[nH]c2ncccc21)NCc1ccc(Cl)cc1,0.09295409374604031,0.7069052,0.11766168,0.0006484205,0.99999976,0.99610204,0.7684835613033643,0.5,1.0,0.29411764705882354,0.23125,0.11560693641618497,79.78,1.6943999999999992,0.7684835613033643,0.5,1.0
Cc1cnc(C(NC(=O)CNC(=O)C(CNC(=O)CN)NC(=O)c2c(Cl)ccc(C)c2F)c2ccccc2)s1,,Cc1cnc(C(NC(=O)CNC(=O)C(CNC(=O)CN)NC(=O)c2c(Cl)ccc(C)c2F)c2ccccc2)s1,0.015565693361938013,0.83446914,0.9001623,0.0039524944,1.3113022e-06,0.99541163,0.23490011077852593,0.5,1.0,0.310126582278481,0.32275132275132273,0.15492957746478872,155.30999999999997,1.7477400000000012,0.23490011077852593,0.5,1.0
COc1cccc(OC)c1-c1ccc(CC(NC(=O)c2ccc(C)c(F)c2)C(=O)O)cc1,,COc1cccc(OC)c1-c1ccc(CC(NC(=O)c2ccc(C)c(F)c2)C(=O)O)cc1,0.23491371867286592,0.99959177,0.99895644,0.0033067004,0.9999986,0.092437804,0.550601385540824,1.0,1.0,0.4444444444444444,0.4240506329113924,0.15104166666666666,84.86,4.244020000000003,0.550601385540824,1.0,1.0
Cc1ccc(Cl)c(C(=O)NC(CNC(=O)Cn2c(=O)n(CC(=O)NCC3CCNCC3)c3cccnc32)C(=O)O)c1F,,Cc1ccc(Cl)c(C(=O)NC(CNC(=O)Cn2c(=O)n(CC(=O)NCC3CCNCC3)c3cccnc32)C(=O)O)c1F,0.015164436977553191,0.29118502,0.7069052,0.028229127,0.0,0.99992317,0.2092973814553616,1.0,1.0,0.2556818181818182,0.29411764705882354,0.19815668202764977,176.44999999999996,0.41412000000000265,0.2092973814553616,1.0,1.0
Cc1csc(NC(CC(C)C)C(=O)NNC(=O)c2ccc3c(c2C)COCO3)c1C(N)=O,,Cc1csc(NC(CC(C)C)C(=O)NNC(=O)c2ccc3c(c2C)COCO3)c1C(N)=O,0.0,0.0,0.0,0.0,0.0,0.0,0.0,0.0,0.0,0.0,0.0,0.0,0.0,0.0,0.0,0.0,0.0
Cc1ccc(Cl)c(C(=O)NC(CNC(=O)c2cnc3ccccc3n2)C(=O)O)c1F,,Cc1ccc(Cl)c(C(=O)NC(CNC(=O)c2cnc3ccccc3n2)C(=O)O)c1F,0.3153077883816337,0.9909306,0.99625164,0.004890575,0.37960672,0.97207505,0.5515721906772878,1.0,1.0,0.3769230769230769,0.39622641509433965,0.1595744680851064,121.28000000000002,2.3437199999999994,0.5515721906772878,1.0,1.0
O=C(CCCCCNC(=O)c1cccnc1)Nc1ccccc1,,O=C(CCCCCNC(=O)c1cccnc1)Nc1ccccc1,0.17494226035174848,0.608241,0.2966149,0.016886637,0.99999344,0.8179948,0.7361883980361,0.5,1.0,0.2845528455284553,0.25625,0.18674698795180722,71.09,3.0105000000000013,0.7361883980361,0.5,1.0
COC(=O)Nc1cnc(-c2ccccc2Cl)n(CC(=O)NCC(N)C(=O)O)c1=O,,COC(=O)Nc1cnc(-c2ccccc2Cl)n(CC(=O)NCC(N)C(=O)O)c1=O,0.011166698927753297,0.16085844,0.4862975,0.005037633,0.0,0.99995065,0.4920375504483551,1.0,1.0,0.2391304347826087,0.27380952380952384,0.16022099447513813,165.64,0.27009999999999984,0.4920375504483551,1.0,1.0
O=C1Nc2ccc(Cl)cc2C2(CCOCC2)N1,,O=C1Nc2ccc(Cl)cc2C2(CCOCC2)N1,0.09726880889301287,0.05754091,0.04660799,0.028833432,0.9815812,0.95807564,0.7453533784518265,0.5,1.0,0.21428571428571427,0.20945945945945946,0.19863013698630136,50.36,2.4808000000000003,0.7453533784518265,0.5,1.0
O=C(NC(Cc1c(Cl)cccc1Cl)C(=O)O)c1c(Cl)cccc1Cl,,O=C(NC(Cc1c(Cl)cccc1Cl)C(=O)O)c1c(Cl)cccc1Cl,0.1839931665473326,0.999992,0.99970967,0.0022706783,0.9999602,0.022672832,0.753868827361629,1.0,1.0,0.53,0.45185185185185184,0.14285714285714285,66.4,4.725900000000002,0.753868827361629,1.0,1.0
CC#CCOc1c(NCC(NC(=O)c2ccccc2)C(=O)O)c(=O)c1=O,,CC#CCOc1c(NCC(NC(=O)c2ccccc2)C(=O)O)c(=O)c1=O,0.3415973320020352,0.9497925,0.31042436,0.035970487,0.33386028,0.99997973,0.4487455046504324,1.0,1.0,0.33884297520661155,0.25766871165644173,0.20359281437125748,121.80000000000001,-0.02019999999999983,0.4487455046504324,1.0,1.0
COCCCNCC(O)C(Cc1ccccc1)NC(O)c1ccc(C#N)c2cc(Cl)ccc12,,COCCCNCC(O)C(Cc1ccccc1)NC(O)c1ccc(C#N)c2cc(Cl)ccc12,0.07511745286666036,0.6515525,0.08702159,0.0018106455,0.99981946,0.46652454,0.24011501485051437,0.5,1.0,0.28859060402684567,0.22395833333333334,0.13793103448275862,97.53999999999999,3.543680000000002,0.24011501485051437,0.5,1.0
COC(=O)CC(NC(=O)Cn1c(=O)[nH]c2cc(C)ccc21)c1ccccc1,,COC(=O)CC(NC(=O)Cn1c(=O)[nH]c2cc(C)ccc21)c1ccccc1,0.11121536384408795,0.66692084,0.12406134,0.0022706783,0.99996597,0.9881698,0.6523575030498269,0.5,1.0,0.2900763358778626,0.23255813953488372,0.14285714285714285,93.19,2.05862,0.6523575030498269,0.5,1.0
O=C(O)CC(NC(=O)Cn1cnc2c(F)cc(=NCCC(NC(=O)c3c(Cl)cccc3Cl)C(=O)O)[nH]c21)c1ccccc1,,O=C(O)CC(NC(=O)Cn1cnc2c(F)cc(=NCCC(NC(=O)c3c(Cl)cccc3Cl)C(=O)O)[nH]c21)c1ccccc1,0.012833175128623744,0.91775525,0.9938484,0.0048276847,0.0,0.637231,0.15919237506036876,1.0,1.0,0.3273809523809524,0.3854166666666667,0.1592920353982301,178.76999999999998,3.3165000000000013,0.15919237506036876,1.0,1.0
CCOC(=O)NC(CN1CC(O)C(n2cc(C(=O)c3cncc(NC(=O)Cc4ccc(Cl)cn4)c3)c3c(=N)nc[nH]c32)CC1=O)C(C)(C)C,,CCOC(=O)NC(CN1CC(O)C(n2cc(C(=O)c3cncc(NC(=O)Cc4ccc(Cl)cn4)c3)c3c(=N)nc[nH]c32)CC1=O)C(C)(C)C,0.0018372190560778554,0.0025685092,0.025437614,0.02951479,0.0,0.8251631,0.1546710581499937,0.5,1.0,0.14553990610328638,0.19583333333333333,0.19915254237288135,208.28,2.994570000000002,0.1546710581499937,0.5,1.0
O=C(COC(=O)c1ccc(F)cc1Cl)NCc1ccco1,,O=C(COC(=O)c1ccc(F)cc1Cl)NCc1ccco1,0.15973534923833765,0.9674064,0.24025302,0.0055919634,0.9999825,0.9493596,0.8616304117057587,0.5,1.0,0.3486238532110092,0.25,0.1625,68.54,2.545300000000001,0.8616304117057587,0.5,1.0
Cc1cc(C#N)cc(C)c1C(=O)NCC(NC(=O)c1c(Cl)cccc1Cl)C(=O)O,,Cc1cc(C#N)cc(C)c1C(=O)NCC(NC(=O)c1c(Cl)cccc1Cl)C(=O)O,0.32564080104161036,0.9909826,0.99903154,0.0042330083,0.5676998,0.7761973,0.6457252404056734,1.0,1.0,0.3770491803278688,0.42567567567567566,0.1564245810055866,119.29,3.094920000000001,0.6457252404056734,1.0,1.0
CCN(CC(=O)Nc1ccc(C)c(C)c1)CC(=O)NC(C)C,,CCN(CC(=O)Nc1ccc(C)c(C)c1)CC(=O)NC(C)C,0.0475108825238212,0.0076517486,0.009900984,0.012146084,0.9997329,0.9870503,0.8106625974117929,0.5,1.0,0.1693548387096774,0.175,0.1794871794871795,61.440000000000005,2.0884399999999994,0.8106625974117929,0.5,1.0
CCCn1ncc(C(=O)NCCc2cccnc2)c1C,,CCCn1ncc(C(=O)NCCc2cccnc2)c1C,0.06231987755323048,0.018300798,0.03850449,0.00614416,0.999501,0.9909892,0.8742660901634093,0.5,1.0,0.1885245901639344,0.20512820512820512,0.16455696202531644,59.81,1.96902,0.8742660901634093,0.5,1.0
O=C(CCCN1CCc2ccccc2C1)NCc1c(Cl)cccc1Cl,,O=C(CCCN1CCc2ccccc2C1)NCc1c(Cl)cccc1Cl,0.0589325027983319,0.96461093,0.7272532,0.0018265715,0.050228752,0.051623523,0.8069282439331017,0.5,1.0,0.3467741935483871,0.2962962962962963,0.13812154696132597,32.34,4.448100000000004,0.8069282439331017,0.5,1.0
Cc1cc2c(cc1O)CCC1C(C)(C(=O)O)CCCC21C,,Cc1cc2c(cc1O)CCC1C(C)(C(=O)O)CCCC21C,0.07758038539246344,0.004986876,0.0026648345,0.06914236,0.99880373,0.2875567,0.8261618427828117,1.0,1.0,0.16,0.14634146341463414,0.2185430463576159,57.53,3.7955200000000024,0.8261618427828117,1.0,1.0
CC(C)S(=O)(=O)c1cc(C(=O)O)ccc1CNC(=O)C(CN)c1ccccc1,,CC(C)S(=O)(=O)c1cc(C(=O)O)ccc1CNC(=O)C(CN)c1ccccc1,0.23714512940131938,0.95524454,0.3400961,0.011983378,0.07464099,0.9921049,0.616957060923479,1.0,1.0,0.34146341463414637,0.2606060606060606,0.1791907514450867,126.55999999999999,1.9255999999999998,0.616957060923479,1.0,1.0
COc1cccc(OC)c1-c1ccc(CC(NC(=O)c2c(F)cccc2Cl)C(=O)O)cc1,,COc1cccc(OC)c1-c1ccc(CC(NC(=O)c2c(F)cccc2Cl)C(=O)O)cc1,0.18810968212683862,0.99995387,0.99999523,0.002514553,0.9999986,0.034113407,0.5165398524166925,1.0,1.0,0.4918032786885246,0.541095890410959,0.14507772020725387,84.86,4.589000000000003,0.5165398524166925,1.0,1.0
O=C(NC(Cc1c[nH]c2ccc(F)cc12)C(=O)O)c1c(Cl)cccc1Cl,,O=C(NC(Cc1c[nH]c2ccc(F)cc12)C(=O)O)c1c(Cl)cccc1Cl,0.23003667837272013,0.99991083,0.999438,0.001516719,0.9999995,0.16025561,0.6100246047519484,1.0,1.0,0.4774774774774775,0.4375,0.1340782122905028,82.19,4.039500000000002,0.6100246047519484,1.0,1.0
CC(CNC(=O)CN1c2ccccc2COc2ccccc21)(NC(=O)c1ccccc1Cl)C(=O)O,,CC(CNC(=O)CN1c2ccccc2COc2ccccc21)(NC(=O)c1ccccc1Cl)C(=O)O,0.2554358010144099,0.93621635,0.8911324,0.002343119,0.99021125,0.31040436,0.46229824663813845,1.0,1.0,0.3333333333333333,0.32065217391304346,0.14354066985645933,107.97000000000001,3.7600000000000016,0.46229824663813845,1.0,1.0
CC(C)N(C(=O)CS(=O)(=O)Cc1cccc(Cl)c1)C(C)C,,CC(C)N(C(=O)CS(=O)(=O)Cc1cccc(Cl)c1)C(C)C,0.09744554996223836,0.17329273,0.03879502,0.011776438,0.9961098,0.8631207,0.8050135178906365,0.5,1.0,0.24107142857142858,0.2052980132450331,0.17880794701986755,54.45,2.9002000000000008,0.8050135178906365,0.5,1.0
CNCCCn1c(=O)n(CC(=O)NCC(NC(=O)c2c(Cl)ccc(OC)c2F)C(=O)O)c2cccnc21,,CNCCCn1c(=O)n(CC(=O)NCC(NC(=O)c2c(Cl)ccc(OC)c2F)C(=O)O)c2cccnc21,0.031886835413725396,0.46725675,0.79785347,0.013781399,8.34465e-07,0.9998607,0.24521618416777685,1.0,1.0,0.2721518987341772,0.3048128342245989,0.18226600985221675,156.57999999999998,0.6080000000000014,0.24521618416777685,1.0,1.0
O=C(CC(NC(=O)c1cc2c(Cl)cccc2[nH]1)C(=O)O)NC1CCOc2ccccc21,,O=C(CC(NC(=O)c1cc2c(Cl)cccc2[nH]1)C(=O)O)NC1CCOc2ccccc21,0.33482780898678155,0.9482022,0.76916885,0.01135662,0.4502759,0.8068148,0.46827925110017443,1.0,1.0,0.3381294964028777,0.30113636363636365,0.17801047120418848,120.52000000000001,3.0344000000000015,0.46827925110017443,1.0,1.0
CC(C)CC(NC(=O)c1c(Cl)cccc1Cl)C(=O)O,,CC(C)CC(NC(=O)c1c(Cl)cccc1Cl)C(=O)O,0.5258611852189372,0.9938484,0.99635327,0.03472135,0.9999602,0.7009773,0.8774249891711028,1.0,1.0,0.3854166666666667,0.3968253968253968,0.20279720279720279,66.4,3.222500000000001,0.8774249891711028,1.0,1.0
O=C(Cc1ccc(OC(=O)N2CCNCC2)cc1)NCC(NC(=O)c1ccccc1)C(=O)O,,O=C(Cc1ccc(OC(=O)N2CCNCC2)cc1)NCC(NC(=O)c1ccccc1)C(=O)O,0.1632509919051244,0.9801819,0.72535896,0.04064108,0.001426816,0.9998498,0.45920593105837954,1.0,1.0,0.3597122302158273,0.29608938547486036,0.20634920634920634,137.07,0.6325000000000016,0.45920593105837954,1.0,1.0
Cc1cc(C)c2c(n1)[nH]c(=O)n2CC(=O)NCC(C)c1ccccc1,,Cc1cc(C)c2c(n1)[nH]c(=O)n2CC(=O)NCC(C)c1ccccc1,0.1095713496543093,0.5067983,0.10107033,0.0029521903,0.99999976,0.97817916,0.7487565719575429,0.5,1.0,0.2755905511811024,0.2275449101796407,0.14857142857142858,79.78,2.2613400000000006,0.7487565719575429,0.5,1.0
O=C(Cn1c(=O)[nH]c2ncccc21)NCC(NC(=O)c1ccc(OC(F)(F)F)cc1)C(=O)O,,O=C(Cn1c(=O)[nH]c2ncccc21)NCC(NC(=O)c1ccc(OC(F)(F)F)cc1)C(=O)O,0.031702405159377306,0.58838606,0.703724,0.0049399817,1.3113022e-06,0.9998543,0.3785505910873342,1.0,1.0,0.2827586206896552,0.2937853107344633,0.15979381443298968,155.41,0.6225999999999994,0.3785505910873342,1.0,1.0
CCN(CC(=O)N1CCCC1Cn1ccnn1)C(=O)c1cccc2ccccc12,,CCN(CC(=O)N1CCCC1Cn1ccnn1)C(=O)c1cccc2ccccc12,0.06276276758348323,0.028891977,0.02785792,0.007957658,0.99999404,0.94323426,0.6475368116899918,0.5,1.0,0.1986754966887417,0.19786096256684493,0.1702127659574468,71.33000000000001,2.5846,0.6475368116899918,0.5,1.0
COc1ccc(CN2CCCn3nc(C(=O)NC(CNC(=O)NC45CC6CC(CC(C6)C4)C5)C(=O)O)cc3C2=O)cc1,,COc1ccc(CN2CCCn3nc(C(=O)NC(CNC(=O)NC45CC6CC(CC(C6)C4)C5)C(=O)O)cc3C2=O)cc1,0.02449715609083416,0.020922065,0.11372672,0.16998373,1.5497208e-06,0.96806234,0.35617473964706914,1.0,1.0,0.19148936170212766,0.2304147465437788,0.24056603773584906,154.89,2.3888000000000007,0.35617473964706914,1.0,1.0
O=C(O)c1ccc2n[nH]c(-c3ccccc3)c2c1,,O=C(O)c1ccc2n[nH]c(-c3ccccc3)c2c1,0.10091659917556484,0.37207726,0.03879502,0.00011904356,0.99995327,0.8526826,0.7209310158323712,1.0,1.0,0.2636363636363636,0.2052980132450331,0.07878787878787878,65.97999999999999,2.9281000000000015,0.7209310158323712,1.0,1.0
COc1cc(-c2noc(CCC(=O)NC(CCSC)C(=O)O)n2)cc(OC)c1OC,,COc1cc(-c2noc(CCC(=O)NC(CCSC)C(=O)O)n2)cc(OC)c1OC,0.07911260036521528,0.013885947,0.02070383,0.2527562,0.006741047,0.9895582,0.505798378514571,1.0,1.0,0.18243243243243243,0.1912568306010929,0.25146198830409355,133.01000000000002,2.0175,0.505798378514571,1.0,1.0
O=C(C=Cc1ccccc1)c1c(Cl)cccc1Cl,,O=C(C=Cc1ccccc1)c1c(Cl)cccc1Cl,0.011817242742683236,0.9995453,0.85692304,0.00016916927,0.00015075359,0.01384455,0.5763216334667347,0.5,1.0,0.4421052631578947,0.31386861313868614,0.08641975308641975,17.07,4.889500000000003,0.5763216334667347,0.5,1.0
Cc1ccc(Cl)c(C(=O)NC(CNC(=O)C(NC(=O)Cc2cc(F)cc(F)c2)C(C)(C)C)C(=O)O)c1F,,Cc1ccc(Cl)c(C(=O)NC(CNC(=O)C(NC(=O)Cc2cc(F)cc(F)c2)C(C)(C)C)C(=O)O)c1F,0.31721565180154526,0.9688645,0.96733016,0.025486683,0.14612597,0.75208896,0.38813249995562016,1.0,1.0,0.34965034965034963,0.3485714285714286,0.1958762886597938,124.60000000000001,3.1385200000000006,0.38813249995562016,1.0,1.0
O=C(O)CN(CCOCCOCCN(CC(=O)O)CC(=O)O)CC(=O)O,,O=C(O)CN(CCOCCOCCN(CC(=O)O)CC(=O)O)CC(=O)O,0.0006301416472949323,9.9210054e-05,0.0002227045,0.001390189,0.0,0.99999994,0.20383143019470937,1.0,1.0,0.07482993197278912,0.09239130434782608,0.13218390804597702,174.14,-2.037999999999993,0.20383143019470937,1.0,1.0
N#Cc1c(O)cnc2ccc(NC(=O)CBr)cc12,,N#Cc1c(O)cnc2ccc(NC(=O)CBr)cc12,0.029180089428681034,0.013997537,0.0055505484,0.00062047463,0.99999785,0.98461,0.8323865096104018,0.5,1.0,0.1826086956521739,0.16233766233766234,0.11464968152866242,86.00999999999999,2.14548,0.8323865096104018,0.5,1.0
Cc1ccc2c(ccn2S(=O)(=O)c2cc(C)c(Cl)c(C)c2)c1,,Cc1ccc2c(ccn2S(=O)(=O)c2cc(C)c(Cl)c(C)c2)c1,0.035674244178514954,0.25835332,0.115382515,0.00030773043,0.41171,0.05030787,0.6943157718331696,0.5,1.0,0.25210084033613445,0.23076923076923078,0.09941520467836257,39.07,4.456960000000003,0.6943157718331696,0.5,1.0
NC(=O)c1ccc(CNC(=O)Cn2c(=O)[nH]c3ncccc32)cc1,,NC(=O)c1ccc(CNC(=O)Cn2c(=O)[nH]c3ncccc32)cc1,0.07179221012451421,0.3536445,0.11986577,0.0013427269,0.24947685,0.9999669,0.6171325195158469,0.5,1.0,0.2619047619047619,0.23170731707317074,0.13142857142857142,122.86999999999999,0.1399000000000002,0.6171325195158469,0.5,1.0
O=C(Nn1c(O)c2c(c1O)C(Cc1ccccc1)(C(=O)O)NC2c1ccccc1)c1ccc(Cl)cc1Cl,,O=C(Nn1c(O)c2c(c1O)C(Cc1ccccc1)(C(=O)O)NC2c1ccccc1)c1ccc(Cl)cc1Cl,0.0822051452476695,0.99929655,0.5879832,0.0006524262,0.18755454,0.017861009,0.2403089485185366,1.0,1.0,0.4326241134751773,0.28272251308900526,0.11574074074074074,123.82000000000001,4.805200000000003,0.2403089485185366,1.0,1.0
Cc1ccc(NC(=O)Nc2ccc(-c3c[nH]c4nc(=NCCCN5CCN(C)CC5)[nH]cc34)cc2)cc1,,Cc1ccc(NC(=O)Nc2ccc(-c3c[nH]c4nc(=NCCCN5CCN(C)CC5)[nH]cc34)cc2)cc1,0.028715372773897706,0.009114034,0.08087581,0.0010801085,0.9974557,0.15652347,0.288667076081819,0.5,1.0,0.17318435754189945,0.2222222222222222,0.12669683257918551,104.44,4.048620000000002,0.288667076081819,0.5,1.0
Cc1ccc(SC(CC(=O)c2ccccc2)(C(=O)O)C(=O)O)cc1,,Cc1ccc(SC(CC(=O)c2ccccc2)(C(=O)O)C(=O)O)cc1,0.2358020701307057,0.9927477,0.24025302,0.002361699,0.99998105,0.67082036,0.4549414385162359,1.0,1.0,0.38181818181818183,0.25,0.1437125748502994,91.67,3.2681200000000006,0.4549414385162359,1.0,1.0
Cc1ccc(OCCNCCOc2ccccc2)cc1,,Cc1ccc(OCCNCCOc2ccccc2)cc1,0.036082594591137156,0.5099236,0.02316441,0.00078499765,0.025342645,0.8029481,0.7485703260299219,0.5,1.0,0.27586206896551724,0.19375,0.11976047904191617,30.49,3.0424200000000017,0.7485703260299219,0.5,1.0
Cc1ccc(Cl)c(C(=O)NC(CNCC(=O)NC2CCCCN(O)C2=O)C(=O)O)c1F,,Cc1ccc(Cl)c(C(=O)NC(CNCC(=O)NC2CCCCN(O)C2=O)C(=O)O)c1F,0.08117622876358374,0.33965513,0.4265242,0.26523,2.0980835e-05,0.9999151,0.3549629492276344,1.0,1.0,0.2605633802816901,0.26857142857142857,0.25287356321839083,148.07,0.4466200000000009,0.3549629492276344,1.0,1.0
COc1ccc(COCCCO)c(C(=O)NC(CNc2ccc(N3CCNC3=O)cc2)C(=O)O)c1,,COc1ccc(COCCCO)c(C(=O)NC(CNc2ccc(N3CCNC3=O)cc2)C(=O)O)c1,0.060337408104260165,0.49435675,0.32631743,0.09140844,1.2278557e-05,0.99832326,0.2669528562152828,1.0,1.0,0.27450980392156865,0.25925925925925924,0.225130890052356,149.45999999999998,1.4188999999999996,0.2669528562152828,1.0,1.0
Cc1cc(O)cc(C)c1CC(N)C(=O)Nc1cc(CC(=O)NCC(NC(=O)OCc2ccccc2)C(=O)O)cc(CC(=O)Nc2cccc3[nH]cnc23)c1,,Cc1cc(O)cc(C)c1CC(N)C(=O)Nc1cc(CC(=O)NCC(NC(=O)OCc2ccccc2)C(=O)O)cc(CC(=O)Nc2cccc3[nH]cnc23)c1,0.004515461688505984,0.045859598,0.11683094,0.004917849,0.0,0.41387564,0.07772849286388711,1.0,1.0,0.20909090909090908,0.23107569721115537,0.1596958174904943,237.85999999999996,3.6133400000000018,0.07772849286388711,1.0,1.0
N=C(N)c1cccc(CC(NS(=O)(=O)c2cccc3cccnc23)C(=O)O)c1,,N=C(N)c1cccc(CC(NS(=O)(=O)c2cccc3cccnc23)C(=O)O)c1,0.06347970191089868,0.99430376,0.9169858,0.0048384555,4.2438507e-05,0.99789536,0.3502482218237201,1.0,1.0,0.3870967741935484,0.3271604938271605,0.15934065934065933,146.23,1.4930700000000003,0.3502482218237201,1.0,1.0
O=C(NCC(NC(=O)c1c(Cl)cccc1Cl)C(=O)O)c1cc2ccc(Cl)cc2[nH]1,,O=C(NCC(NC(=O)c1c(Cl)cccc1Cl)C(=O)O)c1cc2ccc(Cl)cc2[nH]1,0.24234607596327204,0.9924549,0.9986405,0.0014419416,0.9658612,0.32295936,0.45444973169901254,1.0,1.0,0.38095238095238093,0.41830065359477125,0.13297872340425532,111.29000000000002,3.741100000000001,0.45444973169901254,1.0,1.0
O=C(Cn1c(=O)[nH]c2ncccc21)NCC(=O)Nc1ccc(Cl)cc1,,O=C(Cn1c(=O)[nH]c2ncccc21)NCC(=O)Nc1ccc(Cl)cc1,0.07919610657434284,0.1824003,0.21585236,0.00064182,0.98617643,0.99930245,0.63409731347445,0.5,1.0,0.24242424242424243,0.2469879518072289,0.11538461538461539,108.88,1.1328999999999996,0.63409731347445,0.5,1.0
CSc1nc2sc3c(c2c(=O)n1CC(=O)NCC(NC(=O)c1ccccc1Cl)C(=O)O)CCCC3,,CSc1nc2sc3c(c2c(=O)n1CC(=O)NCC(NC(=O)c1ccccc1Cl)C(=O)O)CCCC3,0.24056042779604694,0.95255715,0.84287196,0.048266254,0.018211722,0.91839856,0.29899696153487576,1.0,1.0,0.3401360544217687,0.3114754098360656,0.21025641025641026,130.39,2.711500000000001,0.29899696153487576,1.0,1.0
CC(C)(O)c1ccc2c(c1)CCCC2(C)C,,CC(C)(O)c1ccc2c(c1)CCCC2(C)C,0.007487192890347092,0.0038834622,0.0020791602,0.0075335107,0.0005067337,0.47859907,0.7642550883659343,0.5,1.0,0.15454545454545454,0.14093959731543623,0.16901408450704225,20.23,3.5279000000000025,0.7642550883659343,0.5,1.0
Cc1cc(C)nc(N2C(=O)CSC2c2ccccc2)n1,,Cc1cc(C)nc(N2C(=O)CSC2c2ccccc2)n1,0.07801005274339592,0.34282482,0.027352678,0.0022706783,0.91190535,0.8730177,0.850908797347584,0.5,1.0,0.2608695652173913,0.19745222929936307,0.14285714285714285,46.09,2.872040000000001,0.850908797347584,0.5,1.0
O=C(O)CC(CCc1ccccc1)(Oc1ccc(Cl)cc1)C(=O)O,,O=C(O)CC(CCc1ccccc1)(Oc1ccc(Cl)cc1)C(=O)O,0.28733019440467367,0.9994815,0.6409314,0.0029846416,0.99999905,0.38708174,0.7603383768272349,1.0,1.0,0.4392523364485981,0.2875816993464052,0.1488095238095238,83.83,3.649700000000002,0.7603383768272349,1.0,1.0
CC(C)N(CCNC(=O)C1(C)Cc2cccnc2N(C)C1=O)CC(=O)NCC(NC(=O)c1ccccc1Cl)C(=O)O,,CC(C)N(CCNC(=O)C1(C)Cc2cccnc2N(C)C1=O)CC(=O)NCC(NC(=O)c1ccccc1Cl)C(=O)O,0.03623383024387238,0.86218286,0.7554541,0.10851279,1.1920929e-07,0.9993956,0.26875081410369,1.0,1.0,0.3148148148148148,0.29949238578680204,0.22926829268292684,161.04,1.0862000000000025,0.26875081410369,1.0,1.0
O=C(CCC(=O)N1CCCC(C(=O)NC(Cc2ccccc2)C(=O)O)C1)c1ccccc1,,O=C(CCC(=O)N1CCCC(C(=O)NC(Cc2ccccc2)C(=O)O)C1)c1ccccc1,0.6498375394315598,0.99378294,0.6122209,0.22883517,0.9980239,0.920961,0.5884697798826624,1.0,1.0,0.3851851851851852,0.2849162011173184,0.24861878453038674,103.78000000000002,2.7001999999999997,0.5884697798826624,1.0,1.0
Cc1cccc(C)c1NCCNC(=O)C(Cc1ccccc1)CC(O)C(NC(=O)c1cccc(Cl)c1F)C(C)C,,Cc1cccc(C)c1NCCNC(=O)C(Cc1ccccc1)CC(O)C(NC(=O)c1cccc(Cl)c1F)C(C)C,0.04895055956638408,0.9090909,0.57323307,0.007011025,0.9999881,0.0012062788,0.19978530293608485,0.5,1.0,0.325,0.2814070351758794,0.16744186046511628,90.46000000000001,5.688540000000006,0.19978530293608485,0.5,1.0
O=C(Nc1ccc(N2CCNCC2)cc1)c1cc(-c2ccc(F)cc2)[nH]n1,,O=C(Nc1ccc(N2CCNCC2)cc1)c1cc(-c2ccc(F)cc2)[nH]n1,0.08093067820824079,0.15044941,0.30689886,0.0006725893,0.9999969,0.87107885,0.6647637938609547,0.5,1.0,0.23741007194244604,0.2573099415204678,0.1164021164021164,73.05000000000001,2.877700000000001,0.6647637938609547,0.5,1.0
COC(=O)c1sc(=NC(=O)Cn2c(O)ccc2O)n(C)c1C,,COC(=O)c1sc(=NC(=O)Cn2c(O)ccc2O)n(C)c1C,0.02335221799059116,0.0021562953,0.0036803004,0.0016418579,0.99529076,0.99989307,0.8004208873280404,0.5,1.0,0.14173228346456693,0.15337423312883436,0.13580246913580246,106.05000000000001,0.52182,0.8004208873280404,0.5,1.0
Cc1cccc(C#CCn2c(=O)[nH]c3ncccc32)n1,,Cc1cccc(C#CCn2c(=O)[nH]c3ncccc32)n1,0.018873900788494144,0.0060066646,0.0031092772,0.00022927969,0.9998821,0.9979797,0.6770509132509223,0.5,1.0,0.1640625,0.1497005988023952,0.09302325581395349,63.57,1.47972,0.6770509132509223,0.5,1.0
O=C(NC(Cc1nc2ccccc2[nH]1)C(=O)O)c1c(Cl)cccc1Cl,,O=C(NC(Cc1nc2ccccc2[nH]1)C(=O)O)c1c(Cl)cccc1Cl,0.3290750696631133,0.99990904,0.99907076,0.0030702255,0.9999297,0.65206885,0.6350092112494594,1.0,1.0,0.47706422018348627,0.42657342657342656,0.14942528735632185,95.08,3.2954000000000008,0.6350092112494594,1.0,1.0
O=C(NC(C(=O)O)C(=O)O)c1ccc(Cl)cc1Cl,,O=C(NC(C(=O)O)C(=O)O)c1ccc(Cl)cc1Cl,0.2965207652422792,0.999848,0.28921795,0.0032529954,0.99808353,0.9989667,0.7247199020820415,1.0,1.0,0.4659090909090909,0.25547445255474455,0.1506849315068493,103.7,1.2610000000000008,0.7247199020820415,1.0,1.0
CN(C)CC(CNC(CNC(=O)c1ccoc1)C(=O)O)NC(=O)Cn1ccc2cc(C#N)ncc21,,CN(C)CC(CNC(CNC(=O)c1ccoc1)C(=O)O)NC(=O)Cn1ccc2cc(C#N)ncc21,0.005307388796051088,0.013503891,0.043945927,0.013503891,0.0,0.99997705,0.2789069181687682,1.0,1.0,0.18181818181818182,0.20812182741116753,0.18181818181818182,165.51999999999998,0.02018000000000364,0.2789069181687682,1.0,1.0
CCCCn1c(N)c(N(CC(C)C)C(=O)CCC(=O)NC2CCN(Cc3ccccc3)CC2)c(=O)[nH]c1=O,,CCCCn1c(N)c(N(CC(C)C)C(=O)CCC(=O)NC2CCN(Cc3ccccc3)CC2)c(=O)[nH]c1=O,0.026314437925093324,0.016359368,0.0062971395,0.09993723,0.005528331,0.9595188,0.3890990164226936,0.5,1.0,0.18604651162790697,0.1650943396226415,0.22727272727272727,133.52999999999997,2.4689000000000005,0.3890990164226936,0.5,1.0
CC(=O)NCC(NC(=O)c1nn(Cc2ccc3ccccc3n2)c(=O)n1Cc1ccc(Cl)cc1)C(N)=O,,CC(=O)NCC(NC(=O)c1nn(Cc2ccc3ccccc3n2)c(=O)n1Cc1ccc(Cl)cc1)C(N)=O,0.012205542841904043,0.25338092,0.6289409,0.0020701478,2.1457672e-06,0.99943745,0.2990883835365587,0.5,1.0,0.25153374233128833,0.2864583333333333,0.14084507042253522,154.00000000000003,1.0627999999999997,0.2990883835365587,0.5,1.0
CN=c1[nH]c2ccc(C)cc2c(=NC(=O)c2ccc(Cl)cc2Cl)s1,,CN=c1[nH]c2ccc(C)cc2c(=NC(=O)c2ccc(Cl)cc2Cl)s1,0.06495964096374998,0.9821838,0.2966149,0.00018529994,0.99882644,0.13103187,0.6806343414212414,0.5,1.0,0.3620689655172414,0.25625,0.08839779005524862,57.58,4.116220000000002,0.6806343414212414,0.5,1.0
O=C(NNC(=O)C(NC(=O)c1c(Cl)cccc1Cl)c1ccccc1)c1ccc(Cl)cc1Cl,,O=C(NNC(=O)C(NC(=O)c1c(Cl)cccc1Cl)c1ccccc1)c1ccc(Cl)cc1Cl,0.0,0.0,0.0,0.0,0.0,0.0,0.0,0.0,0.0,0.0,0.0,0.0,0.0,0.0,0.0,0.0,0.0
Cc1ccc(Cl)c(C(=O)NC(CNC(=O)Cn2c(=O)[nH]c3ncncc32)C(=O)O)c1F,,Cc1ccc(Cl)c(C(=O)NC(CNC(=O)Cn2c(=O)[nH]c3ncncc32)C(=O)O)c1F,0.029237489536012292,0.77741826,0.93621635,0.005995309,3.5762787e-07,0.9999577,0.40029968393449444,1.0,1.0,0.302158273381295,0.3333333333333333,0.164021164021164,159.07,0.21992000000000034,0.40029968393449444,1.0,1.0
Cc1cccc(Nc2ccccc2C(=O)Nc2ccc(F)cc2)c1C,,Cc1cccc(Nc2ccccc2C(=O)Nc2ccc(F)cc2)c1C,0.03081613098556058,0.89945364,0.35670662,0.0001626145,0.60674584,0.002595842,0.6669827622637402,0.5,1.0,0.3225806451612903,0.2621951219512195,0.0855614973262032,41.13,5.438440000000003,0.6669827622637402,0.5,1.0
O=C(O)c1cnc2ccc(OCCCCCn3ccnc3)cc2c1,,O=C(O)c1cnc2ccc(OCCCCCn3ccnc3)cc2c1,0.0662503301043132,0.013105659,0.008046041,0.0021083471,0.9999994,0.59196585,0.642464096041567,1.0,1.0,0.18115942028985507,0.17045454545454544,0.14124293785310735,77.24,3.378800000000002,0.642464096041567,1.0,1.0
COc1ccc(C(=O)Nc2cc(NC(=O)Cc3ccc(OC(C)C(=O)O)c(F)c3)ccc2C)cc1,,COc1ccc(C(=O)Nc2cc(NC(=O)Cc3ccc(OC(C)C(=O)O)c(F)c3)ccc2C)cc1,0.16933037549599506,0.63117695,0.79074013,0.0022706783,0.91035163,0.054710567,0.41762689226206556,1.0,1.0,0.2866666666666667,0.30386740331491713,0.14285714285714285,113.96000000000002,4.428120000000003,0.41762689226206556,1.0,1.0
CCNC(=O)NCC(=O)Nc1cc2c(cc1C)[nH]c(=O)n1ccnc21,,CCNC(=O)NCC(=O)Nc1cc2c(cc1C)[nH]c(=O)n1ccnc21,0.0407310389578583,0.0041567925,0.12902251,0.0021083471,0.46265274,0.99978995,0.558731603814814,0.5,1.0,0.15602836879432624,0.23353293413173654,0.14124293785310735,120.39,0.7418199999999994,0.558731603814814,0.5,1.0
Cc1ccc(-c2c(-c3ccc4[nH]nnc4c3)[nH]c(=O)[nH]c2=O)cc1C,,Cc1ccc(-c2c(-c3ccc4[nH]nnc4c3)[nH]c(=O)[nH]c2=O)cc1C,0.025800988911876172,0.011650353,0.033980407,9.4111594e-05,0.9924426,0.97654974,0.522862826644278,0.5,1.0,0.17857142857142858,0.2023121387283237,0.07368421052631578,107.28999999999999,2.2853399999999997,0.522862826644278,0.5,1.0
CN(C)C1(CNC(=O)Cn2c3c(c(=O)[nH]c2=O)CCCN3)CCCCC1,,CN(C)C1(CNC(=O)Cn2c3c(c(=O)[nH]c2=O)CCCN3)CCCCC1,0.030807490083845472,0.00022605083,0.00042410687,0.8183988,0.9996547,0.9999498,0.6976594589924926,0.5,1.0,0.09271523178807947,0.10638297872340426,0.3076923076923077,99.22999999999999,0.2754000000000003,0.6976594589924926,0.5,1.0
CCc1c(C(O)O)[nH]c(SCC(=O)c2ccc(Cl)cc2)nc1=O,,CCc1c(C(O)O)[nH]c(SCC(=O)c2ccc(Cl)cc2)nc1=O,0.07899997530674645,0.33904433,0.07850091,0.0018632635,0.9983684,0.9916524,0.3168736124882636,0.5,1.0,0.2605042016806723,0.22151898734177214,0.13855421686746988,103.28,1.9438999999999997,0.3168736124882636,0.5,1.0
COc1ccccc1CNC(=O)c1c(Cl)ccc(C)c1F,,COc1ccccc1CNC(=O)c1c(Cl)ccc(C)c1F,0.09098665633256357,0.9983016,0.77107257,0.00043920398,0.34504643,0.33309627,0.9344923144689367,0.5,1.0,0.41346153846153844,0.3013698630136986,0.10714285714285714,38.33,3.7261200000000025,0.9344923144689367,0.5,1.0
COCC(NC(=O)C(CCCN(Cc1ccc(-c2ccccc2)cc1)NC(=O)C(NC(=O)OCC(C)C)C(C)(C)C)NC(=O)c1c(Cl)cccc1Cl)C(=O)O,,COCC(NC(=O)C(CCCN(Cc1ccc(-c2ccccc2)cc1)NC(=O)C(NC(=O)OCC(C)C)C(C)(C)C)NC(=O)c1c(Cl)cccc1Cl)C(=O)O,0.0,0.0,0.0,0.0,0.0,0.0,0.0,0.0,0.0,0.0,0.0,0.0,0.0,0.0,0.0,0.0,0.0
CCC(Cc1ccc(O)cc1)NC(=O)Cn1ncc2cc(C(=O)NC(CNc3ccc(N4CCNC4=O)cc3)C(=O)O)ccc21,,CCC(Cc1ccc(O)cc1)NC(=O)Cn1ncc2cc(C(=O)NC(CNc3ccc(N4CCNC4=O)cc3)C(=O)O)ccc21,0.012196302111928433,0.17047594,0.6771058,0.02325065,0.0,0.9200851,0.1332866519652552,1.0,1.0,0.24064171122994651,0.29107981220657275,0.19383259911894274,177.92,2.7041000000000013,0.1332866519652552,1.0,1.0
CC=CCN(c1cccc2cccnc12)S(=O)(=O)c1ccc(OC)cc1,,CC=CCN(c1cccc2cccnc12)S(=O)(=O)c1ccc(OC)cc1,0.0673905204759322,0.15885167,0.2530609,0.0014168302,0.999438,0.17072546,0.61685655144973,0.5,1.0,0.23880597014925373,0.25149700598802394,0.13259668508287292,59.5,4.014800000000003,0.61685655144973,0.5,1.0
COc1cccc(Cc2ncccc2C(=O)NCC(NC(=O)c2c(F)cccc2Cl)C(=O)O)c1,,COc1cccc(Cc2ncccc2C(=O)NCC(NC(=O)c2c(F)cccc2Cl)C(=O)O)c1,0.3108126746933832,0.9868667,0.9997688,0.0038274662,0.71368676,0.7806558,0.4285048518695113,1.0,1.0,0.36879432624113473,0.4567901234567901,0.15422885572139303,117.61999999999999,3.086500000000001,0.4285048518695113,1.0,1.0
CC(=O)N=CCC=NC(C)C(=O)O,,CC(=O)N=CCC=NC(C)C(=O)O,0.026616512738661113,0.0004322493,0.00058782473,0.0021621245,0.99999964,0.99988776,0.6472815875717862,1.0,1.0,0.10679611650485436,0.11347517730496454,0.1417910447761194,79.09,0.5377000000000003,0.6472815875717862,1.0,1.0
CCc1ncnc(-c2ccc(C(=O)N(C)C)c(Cl)c2)c1C#Cc1ccc(=N)[nH]c1,,CCc1ncnc(-c2ccc(C(=O)N(C)C)c(Cl)c2)c1C#Cc1ccc(=N)[nH]c1,0.07613571190207415,0.06845437,0.36694416,0.001129018,0.99999803,0.6705153,0.6555423025165679,0.5,1.0,0.21830985915492956,0.2631578947368421,0.1276595744680851,85.72999999999999,3.2685700000000013,0.6555423025165679,0.5,1.0
O=C(NC(CN1C(=O)NCc2ccccc21)C(=O)O)c1c(Cl)cccc1Cl,,O=C(NC(CN1C(=O)NCc2ccccc21)C(=O)O)c1c(Cl)cccc1Cl,0.4304110765357186,0.9998084,0.9997509,0.010427369,0.9997139,0.8609297,0.708718803409986,1.0,1.0,0.4608695652173913,0.45517241379310347,0.17613636363636365,98.74000000000001,2.9062,0.708718803409986,1.0,1.0
CC(CN1CCOCC1)Oc1ccc2c(c1)NC(=O)CC2,,CC(CN1CCOCC1)Oc1ccc2c(c1)NC(=O)CC2,0.041942283813664535,0.0022706783,0.0037608554,0.04539806,0.98439837,0.9963735,0.9162627519555332,0.5,1.0,0.14285714285714285,0.15384615384615385,0.2088607594936709,50.800000000000004,1.6707999999999992,0.9162627519555332,0.5,1.0
COc1cc2[nH]c(N3CCN(C(=O)c4ccccc4)CC3)nc(=N)c2cc1OC,,COc1cc2[nH]c(N3CCN(C(=O)c4ccccc4)CC3)nc(=N)c2cc1OC,0.06543816934875288,0.115382515,0.02647128,0.0023513532,0.9999429,0.98941547,0.7072619319970949,0.5,1.0,0.23076923076923078,0.19672131147540983,0.14361702127659576,94.54,2.02197,0.7072619319970949,0.5,1.0
Cn1nc(C(=O)NC(Cc2ccc(C(=O)O)c(Br)c2)C(=O)O)nc1-c1ccccc1Cl,,Cn1nc(C(=O)NC(Cc2ccc(C(=O)O)c(Br)c2)C(=O)O)nc1-c1ccccc1Cl,0.13273827024142412,0.99895394,0.9949987,0.0038321158,0.0039501786,0.812726,0.44731100582857486,1.0,1.0,0.424,0.389937106918239,0.15425531914893617,134.41,3.0219000000000005,0.44731100582857486,1.0,1.0
COCC(C)(C)NC(=O)Nc1ccc(C(=O)N(C)C)c(C)c1,,COCC(C)(C)NC(=O)Nc1ccc(C(=O)N(C)C)c(C)c1,0.071839038510438,0.008686282,0.043312572,0.027250186,0.99999225,0.9793293,0.876194381729915,0.5,1.0,0.1721311475409836,0.2077922077922078,0.19736842105263158,70.67,2.2433200000000006,0.876194381729915,0.5,1.0
Cc1ccc(NCC(O)CCl)cc1,,Cc1ccc(NCC(O)CCl)cc1,0.011913986518255607,0.007880679,0.0010832791,0.0006101673,0.04878415,0.9898978,0.7276136331626456,0.5,1.0,0.17,0.1267605633802817,0.11428571428571428,32.26,2.00662,0.7276136331626456,0.5,1.0
CN1CCCc2ccc(NC(=O)C(C)(C)c3cc(C(N)=O)ccn3)cc2C1,,CN1CCCc2ccc(NC(=O)C(C)(C)c3cc(C(N)=O)ccn3)cc2C1,0.08935176607965184,0.042090263,0.06869247,0.013503891,0.99999475,0.9588093,0.870000068250517,0.5,1.0,0.20714285714285716,0.21839080459770116,0.18181818181818182,88.32000000000001,2.4748,0.870000068250517,0.5,1.0
O=c1[nH]c(=O)c2c(ncc(=NCCO)n2Cc2ccc(F)cc2)[nH]1,,O=c1[nH]c(=O)c2c(ncc(=NCCO)n2Cc2ccc(F)cc2)[nH]1,0.04414162517183324,0.12406134,0.02479818,0.00031612752,0.81535196,0.99999547,0.5970467305842232,0.5,1.0,0.23255813953488372,0.1952662721893491,0.1,116.13,-0.5067000000000002,0.5970467305842232,0.5,1.0
CCCCCCC(CCCC)N1OC(CO)C(O)C(O)C1O,,CCCCCCC(CCCC)N1OC(CO)C(O)C(O)C1O,0.007310189453953099,1.6003616e-05,3.1222033e-05,0.043312572,0.9999633,0.9992329,0.4516562771516643,0.5,1.0,0.035211267605633804,0.049723756906077346,0.2077922077922078,93.39000000000001,1.1638999999999997,0.4516562771516643,0.5,1.0
CCCCNC(=O)c1ccc(NC(=O)CSc2nnc(C)n2C)cc1,,CCCCNC(=O)c1ccc(NC(=O)CSc2nnc(C)n2C)cc1,0.09044938410085406,0.025047129,0.16168918,0.016052645,0.99999344,0.96849424,0.5565883351515895,0.5,1.0,0.19548872180451127,0.2392638036809816,0.18562874251497005,88.91,2.384220000000001,0.5565883351515895,0.5,1.0
CCOC(=O)C(=NNC(=O)OC)C(=O)Nc1ccc(Cl)cc1Cl,,CCOC(=O)C(=NNC(=O)OC)C(=O)Nc1ccc(Cl)cc1Cl,0.0,0.0,0.0,0.0,0.0,0.0,0.0,0.0,0.0,0.0,0.0,0.0,0.0,0.0,0.0,0.0,0.0
CC(C)(C)NCC(O)COc1ccccc1C(=O)CCc1ccc(F)cc1,,CC(C)(C)NCC(O)COc1ccccc1C(=O)CCc1ccc(F)cc1,0.12707057549629566,0.94316846,0.24025302,0.0059462897,0.9991941,0.30452102,0.6571715266911469,0.5,1.0,0.336,0.25,0.1638418079096045,58.559999999999995,3.769000000000003,0.6571715266911469,0.5,1.0
CC(=O)NCC(C)N1N=C(c2cc(Cl)ccc2Cl)CCCC1=O,,CC(=O)NCC(C)N1N=C(c2cc(Cl)ccc2Cl)CCCC1=O,0.09143420359514305,0.05754091,0.047468964,0.021942986,0.99976474,0.6931331,0.900400158643404,0.5,1.0,0.21428571428571427,0.20987654320987653,0.19254658385093168,61.77,3.234600000000002,0.900400158643404,0.5,1.0
COc1ccc(C(CC(=O)O)NC(=O)CNC(=O)CNC(=O)NC(C(=O)O)c2ccc3ccccc3c2Cl)c(Cl)c1,,COc1ccc(C(CC(=O)O)NC(=O)CNC(=O)CNC(=O)NC(C(=O)O)c2ccc3ccccc3c2Cl)c(Cl)c1,0.009796064607736377,0.4862975,0.7960327,0.0015484949,0.0,0.8096224,0.1820895207651208,1.0,1.0,0.27380952380952384,0.30456852791878175,0.13452914798206278,183.15999999999997,3.028500000000003,0.1820895207651208,1.0,1.0
CC(=O)N1CC2(ON=C1c1ccco1)C(=O)NC(=O)NC2=O,,CC(=O)N1CC2(ON=C1c1ccco1)C(=O)NC(=O)NC2=O,0.013084264235584652,0.0005693663,0.003240698,0.01460483,0.018768847,0.9999992,0.6349097303569244,0.5,1.0,0.11278195488721804,0.15060240963855423,0.18354430379746836,130.31,-1.0752999999999997,0.6349097303569244,0.5,1.0
O=C(O)CC(NC(=O)C(CNC(=O)CN1CCNC1=O)NC(=O)c1ccccc1Cl)c1ccc2c(c1)OCCO2,,O=C(O)CC(NC(=O)C(CNC(=O)CN1CCNC1=O)NC(=O)c1ccccc1Cl)c1ccc2c(c1)OCCO2,0.01403025171404353,0.6209098,0.36969474,0.012750805,0.0,0.9998245,0.2606513110601645,1.0,1.0,0.2857142857142857,0.2634146341463415,0.18055555555555555,175.39999999999998,0.6832000000000009,0.2606513110601645,1.0,1.0
CC(SCC(C)(C)C(=O)N1CCCC1C(=O)O)C(=O)O,,CC(SCC(C)(C)C(=O)N1CCCC1C(=O)O)C(=O)O,0.03887526814369344,0.00027249914,0.0003968195,0.04163532,0.9999342,0.99885494,0.7676208572448867,1.0,1.0,0.0967741935483871,0.10493827160493827,0.20689655172413793,94.91000000000001,1.2945,0.7676208572448867,1.0,1.0
NC(Cc1c[nH]c2ccccc12)C(=O)O,,NC(Cc1c[nH]c2ccccc12)C(=O)O,0.08273610718487782,0.12633891,0.0042403913,0.0008551865,0.99999964,0.9993248,0.7005840997557369,1.0,1.0,0.23300970873786409,0.1564625850340136,0.12162162162162163,79.11,1.1223000000000003,0.7005840997557369,1.0,1.0
CC(=O)Nc1ccc(NCCN(C)C)c(NC(=O)c2ccc(C)cc2)c1,,CC(=O)Nc1ccc(NCCN(C)C)c(NC(=O)c2ccc(C)cc2)c1,0.10441072838555529,0.29244262,0.13647954,0.003996765,0.9999974,0.7280657,0.7139447237347928,0.5,1.0,0.2558139534883721,0.23493975903614459,0.15517241379310345,73.47,3.1792200000000017,0.7139447237347928,0.5,1.0
CCC(COc1ccc2[nH]ccc(=O)c2c1)Nc1nc(C)cc(C)c1NC(Cc1ccc(OC(=O)N2CCCC2)cc1)C(=O)O,,CCC(COc1ccc2[nH]ccc(=O)c2c1)Nc1nc(C)cc(C)c1NC(Cc1ccc(OC(=O)N2CCCC2)cc1)C(=O)O,0.009538681655160869,0.017724672,0.037195824,0.06975826,4.863739e-05,0.002073288,0.16241740563652196,1.0,1.0,0.18781725888324874,0.20434782608695654,0.21875,145.88,5.511840000000005,0.16241740563652196,1.0,1.0
O=C(O)CCn1c(=O)c2nnc(-c3cccnc3)n2c2ccccc21,,O=C(O)CCn1c(=O)c2nnc(-c3cccnc3)n2c2ccccc21,0.09107710154545094,0.054973044,0.06298424,0.00027249914,0.9988443,0.9972458,0.607307368233295,1.0,1.0,0.21323529411764705,0.21637426900584794,0.0967741935483871,102.38,1.5808999999999995,0.607307368233295,1.0,1.0
O=C(Cn1ccc2ccccc21)Nc1cccc2c1[nH]c1c(C(=O)O)ccnc12,,O=C(Cn1ccc2ccccc21)Nc1cccc2c1[nH]c1c(C(=O)O)ccnc12,0.06814400939562128,0.07358753,0.05948932,0.0003020416,0.99953425,0.17383373,0.43583750467406085,1.0,1.0,0.22,0.21505376344086022,0.09900990099009901,100.01,4.0077000000000025,0.43583750467406085,1.0,1.0
O=C(Cn1c(=O)[nH]c2ncncc21)NCC(NC(=O)c1c(Cl)cccc1Cl)C(=O)O,,O=C(Cn1c(=O)[nH]c2ncncc21)NCC(NC(=O)c1c(Cl)cccc1Cl)C(=O)O,0.02771833434231597,0.8260131,0.9925568,0.0038321158,3.5762787e-07,0.99992037,0.4036689613676384,1.0,1.0,0.3088235294117647,0.38125,0.15425531914893617,159.07,0.4257999999999993,0.4036689613676384,1.0,1.0
CC1CCC2(CC1)NC(=O)N(Cc1ccc(F)cc1F)C2=O,,CC1CCC2(CC1)NC(=O)N(Cc1ccc(F)cc1F)C2=O,0.14892080055948326,0.6074716,0.04284739,0.03850449,0.973692,0.8376676,0.8539987106704805,0.5,1.0,0.28448275862068967,0.20754716981132076,0.20512820512820512,49.410000000000004,2.9655000000000014,0.8539987106704805,0.5,1.0
CC(=O)NNC(N)=NC(=O)CC(C)c1ccccc1,,CC(=O)NNC(N)=NC(=O)CC(C)c1ccccc1,0.0,0.0,0.0,0.0,0.0,0.0,0.0,0.0,0.0,0.0,0.0,0.0,0.0,0.0,0.0,0.0,0.0
Cc1cc(Cl)cnc1C(=O)Nc1cnc2ncnc(N3CCC(O)CC3)c2c1,,Cc1cc(Cl)cnc1C(=O)Nc1cnc2ncnc(N3CCC(O)CC3)c2c1,0.03946938533408113,0.00967632,0.02070383,0.0018414371,0.99774045,0.9414969,0.6982132714118013,0.5,1.0,0.174496644295302,0.1912568306010929,0.13829787234042554,104.13000000000001,2.59502,0.6982132714118013,0.5,1.0
Cc1ccc(Cl)c(C(=O)NC2CCCCNC2=O)c1F,,Cc1ccc(Cl)c(C(=O)NC2CCCCNC2=O)c1F,0.1619748207830392,0.36694416,0.28506202,0.012802863,0.9990747,0.98260576,0.8791063704366402,0.5,1.0,0.2631578947368421,0.2550335570469799,0.18064516129032257,58.2,2.1860199999999996,0.8791063704366402,0.5,1.0
