SMILES,Comment,RDKit_SMILES (REINVENT),Score,sim A1AFA,sim CHEMBL4649232,sim CHEMBL5532604,sim CHEMBL234562,sim CHEMBL5517939,sim PLN-1474,TPSA,SlogP,rotatable bonds,MW,QED,SAScore,carboxylic acid,alerts,sim A1AFA (raw),sim CHEMBL4649232 (raw),sim CHEMBL5532604 (raw),sim CHEMBL234562 (raw),sim CHEMBL5517939 (raw),sim PLN-1474 (raw),TPSA (raw),SlogP (raw),rotatable bonds (raw),MW (raw),QED (raw),SAScore (raw),carboxylic acid (raw),alerts (raw)
O=C(NC(Cc1ccccc1)C(=O)O)c1ccc(Cl)cc1Cl,,O=C(NC(Cc1ccccc1)C(=O)O)c1ccc(Cl)cc1Cl,0.48031667917451454,1.0,0.44696969696969696,0.3120567375886525,0.42962962962962964,0.4098360655737705,0.15432098765432098,0.9998307,0.028548717,0.9217998,0.9607462,0.8778882140919705,0.99593484,1.0,1.0,1.0,0.44696969696969696,0.3120567375886525,0.42962962962962964,0.4098360655737705,0.15432098765432098,66.4,3.419100000000002,5.0,338.19000000000005,0.8778882140919705,2.0886773738816515,1.0,1.0
COCCN(CCCCc1ccc2c(n1)NCCC2)CCC(Nc1ncnc2ccccc12)C(=O)O,,COCCN(CCCCc1ccc2c(n1)NCCC2)CCC(Nc1ncnc2ccccc12)C(=O)O,0.08023572552280663,0.1864406779661017,0.17674418604651163,0.17061611374407584,0.19158878504672897,0.2,0.36065573770491804,0.99988216,0.013960242,4.4107437e-06,0.99187064,0.2905240617309166,0.88129234,1.0,1.0,0.1864406779661017,0.17674418604651163,0.17061611374407584,0.19158878504672897,0.2,0.36065573770491804,112.50000000000001,3.6094000000000017,14.0,492.62400000000025,0.2905240617309166,3.3034869935694733,1.0,1.0
CC(C)(C)c1cc(Br)cc(C(CC(=O)O)NC(=O)CNC(=O)c2cc(O)cc(NC3=NCC(O)CN3)c2)c1,,CC(C)(C)c1cc(Br)cc(C(CC(=O)O)NC(=O)CNC(=O)c2cc(O)cc(NC3=NCC(O)CN3)c2)c1,0.07518455719424888,0.2392638036809816,0.23737373737373738,0.23834196891191708,0.18181818181818182,0.2696629213483146,0.16990291262135923,2.3722649e-05,0.7259147,0.07820028,0.03264147,0.24535590151241898,0.67027,1.0,1.0,0.2392638036809816,0.23737373737373738,0.23834196891191708,0.18181818181818182,0.2696629213483146,0.16990291262135923,172.38,2.2462,8.0,590.4750000000003,0.24535590151241898,3.7535269349602007,1.0,1.0
COc1ccc(S(=O)(=O)NC(CNc2nc(C)nc(N3CCC(c4ccc5c(n4)NCCC5)CC3)c2C)C(=O)O)cc1,,COc1ccc(S(=O)(=O)NC(CNc2nc(C)nc(N3CCC(c4ccc5c(n4)NCCC5)CC3)c2C)C(=O)O)cc1,0.06972890136953397,0.21311475409836064,0.22119815668202766,0.215962441314554,0.18666666666666668,0.25510204081632654,0.3248730964467005,0.0021474361,0.0965336,0.0031523108,0.021276236,0.27286795018036614,0.8184771,1.0,1.0,0.21311475409836064,0.22119815668202766,0.215962441314554,0.18666666666666668,0.25510204081632654,0.3248730964467005,158.67,3.0827400000000003,10.0,595.7260000000005,0.27286795018036614,3.4767398076088245,1.0,1.0
CC1(C(=O)NC(CCCCCCCc2ccc3c(n2)NCCC3)C(=O)O)CCOCC1,,CC1(C(=O)NC(CCCCCCCc2ccc3c(n2)NCCC3)C(=O)O)CCOCC1,0.1426656925945608,0.15432098765432098,0.15577889447236182,0.17277486910994763,0.13170731707317074,0.192090395480226,1.0,0.9999977,0.0095716715,0.00061023235,0.9999506,0.46194640713831103,0.88523585,1.0,1.0,0.15432098765432098,0.15577889447236182,0.17277486910994763,0.13170731707317074,0.192090395480226,1.0,100.55000000000001,3.7089000000000025,11.0,431.5770000000003,0.46194640713831103,3.2901977857577114,1.0,1.0
CCNC(=O)Nc1cnnc(-c2ccc(CC(NC(=O)c3c(Cl)cccc3Cl)C(=O)O)cc2)c1,,CCNC(=O)Nc1cnnc(-c2ccc(CC(NC(=O)c3c(Cl)cccc3Cl)C(=O)O)cc2)c1,0.25725727540823673,0.44696969696969696,1.0,0.3333333333333333,0.44785276073619634,0.4527027027027027,0.15577889447236182,0.9003047,0.002948165,0.07820028,0.9818199,0.36791043130062656,0.9595743,1.0,1.0,0.44696969696969696,1.0,0.3333333333333333,0.44785276073619634,0.4527027027027027,0.15577889447236182,133.30999999999997,4.017500000000003,8.0,502.3580000000002,0.36791043130062656,2.8996634345974357,1.0,1.0
COc1ccc(S(=O)(=O)NC(CNC(=O)C2CCCN(C(=O)CCCc3ccccc3)C2)C(=O)O)cc1,,COc1ccc(S(=O)(=O)NC(CNC(=O)C2CCCN(C(=O)CCCc3ccccc3)C2)C(=O)O)cc1,0.17919789722954807,0.3116883116883117,0.2564102564102564,0.2513089005235602,0.2107843137254902,0.2914285714285714,0.24870466321243523,0.33312935,0.9352005,0.00011789799,0.8231803,0.379124886470047,0.9489337,1.0,1.0,0.3116883116883117,0.2564102564102564,0.2513089005235602,0.2107843137254902,0.2914285714285714,0.24870466321243523,142.10999999999999,1.8044000000000007,12.0,531.6310000000004,0.379124886470047,2.9847188298528398,1.0,1.0
CC(C)CC(NC(=O)C(CCC(=O)O)NC(=O)C(NC(=O)c1cccc(O)c1O)C(=O)O)C(=O)O,,CC(C)CC(NC(=O)C(CCC(=O)O)NC(=O)C(NC(=O)c1cccc(O)c1O)C(=O)O)C(=O)O,0.01788321666350881,0.19480519480519481,0.2074468085106383,0.21428571428571427,0.1507537688442211,0.23809523809523808,0.2185792349726776,0.0,0.99999624,2.2768974e-05,0.9878649,0.12443039925641838,0.81092525,1.0,1.0,0.19480519480519481,0.2074468085106383,0.21428571428571427,0.1507537688442211,0.23809523809523808,0.2185792349726776,239.65999999999994,-0.7540999999999976,13.0,497.45700000000016,0.12443039925641838,3.494122378541089,1.0,1.0
O=C(CN1CCN(c2ccccc2Cl)CC1)NCC(NC(=O)c1ccccc1Cl)C(=O)O,,O=C(CN1CCN(c2ccccc2Cl)CC1)NCC(NC(=O)c1ccccc1Cl)C(=O)O,0.4715174500095776,0.4230769230769231,0.34911242603550297,0.37037037037037035,0.29213483146067415,0.41216216216216217,0.17894736842105263,0.9999963,0.8143096,0.07820028,0.99730694,0.536438890393466,0.98499894,1.0,1.0,0.4230769230769231,0.34911242603550297,0.37037037037037035,0.29213483146067415,0.41216216216216217,0.17894736842105263,101.98,2.1148,8.0,479.36400000000015,0.536438890393466,2.546149428699911,1.0,1.0
CCCC(NC(=O)C(=O)N(C)CCc1c[nH]c2ccccc12)C(=O)CC(NC(=O)c1c(Cl)cccc1Cl)C(=O)O,,CCCC(NC(=O)C(=O)N(C)CCc1c[nH]c2ccccc12)C(=O)CC(NC(=O)c1c(Cl)cccc1Cl)C(=O)O,0.06448474806458376,0.31875,0.3655913978494624,0.30526315789473685,0.32642487046632124,0.39880952380952384,0.21359223300970873,0.054582417,0.014307857,0.00011789799,0.03538835,0.23742942073529674,0.7924232,1.0,1.0,0.31875,0.3655913978494624,0.30526315789473685,0.32642487046632124,0.39880952380952384,0.21359223300970873,148.67,3.602900000000001,12.0,589.4760000000003,0.23742942073529674,3.5345772803781434,1.0,1.0
CNC(C)CN=c1nc(N(CCOC)CCOC)[nH]c2sc(=Nc3ccccc3)[nH]c12,,CNC(C)CN=c1nc(N(CCOC)CCOC)[nH]c2sc(=Nc3ccccc3)[nH]c12,0.09558586126278784,0.17088607594936708,0.15151515151515152,0.15625,0.1330049261083744,0.16759776536312848,0.13705583756345177,0.99999493,0.9378689,0.00061023235,0.9998403,0.4176046765212784,0.40595102,0.5,1.0,0.17088607594936708,0.15151515151515152,0.15625,0.1330049261083744,0.16759776536312848,0.13705583756345177,102.92000000000002,1.7927000000000004,11.0,445.593,0.4176046765212784,4.1322788574949625,0.5,1.0
CCCC(=O)NCCC(=O)NCC(NC(=O)c1c(F)cccc1Cl)C(=O)O,,CCCC(=O)NCCC(=O)NCC(NC(=O)c1c(F)cccc1Cl)C(=O)O,0.3325077268704041,0.29365079365079366,0.37333333333333335,0.3888888888888889,0.2839506172839506,0.4609375,0.21686746987951808,0.99373,0.9956422,0.0031523108,0.9998017,0.46673699557356074,0.9813242,1.0,1.0,0.29365079365079366,0.37333333333333335,0.3888888888888889,0.2839506172839506,0.4609375,0.21686746987951808,124.60000000000001,1.0847000000000004,10.0,401.8220000000001,0.46673699557356074,2.6235731844960526,1.0,1.0
COc1cc(CNc2ccc(NC(=O)CN3CCCC3)cc2)nc(NC(=O)c2cc(C)cc(C)c2)c1,,COc1cc(CNc2ccc(NC(=O)CN3CCCC3)cc2)nc(NC(=O)c2cc(C)cc(C)c2)c1,0.06731261255189261,0.18128654970760233,0.21287128712871287,0.1890547263681592,0.1875,0.24175824175824176,0.15865384615384615,0.9999995,0.0003092289,0.01611495,0.9946455,0.40815653132844526,0.9912483,0.5,1.0,0.18128654970760233,0.21287128712871287,0.1890547263681592,0.1875,0.24175824175824176,0.15865384615384615,95.59,4.6057400000000035,9.0,487.60400000000027,0.40815653132844526,2.356728281980107,0.5,1.0
O=C(O)CCNC(=O)c1ccc(CC(N=c2[nH]c(-c3cc(F)cc(F)c3)cs2)C(=O)O)cc1,,O=C(O)CCNC(=O)c1ccc(CC(N=c2[nH]c(-c3cc(F)cc(F)c3)cs2)C(=O)O)cc1,0.30244402217043026,0.36496350364963503,0.32947976878612717,0.2655367231638418,0.28888888888888886,0.30246913580246915,0.13,0.93588805,0.22484714,0.01611495,0.99805427,0.3779414259060269,0.8691749,1.0,1.0,0.36496350364963503,0.32947976878612717,0.2655367231638418,0.28888888888888886,0.30246913580246915,0.13,131.85,2.8225000000000007,9.0,475.4730000000001,0.3779414259060269,3.342067360464635,1.0,1.0
O=C(O)c1c[nH]c2nc(CCn3cnnc3)nn2c1=O,,O=C(O)c1c[nH]c2nc(CCn3cnnc3)nn2c1=O,0.3508667648432231,0.12403100775193798,0.11904761904761904,0.14465408805031446,0.10465116279069768,0.09740259740259741,0.09523809523809523,0.94982356,0.9999988,0.983885,0.11163294,0.6205638282189769,0.8644921,1.0,1.0,0.12403100775193798,0.11904761904761904,0.14465408805031446,0.10465116279069768,0.09740259740259741,0.09523809523809523,131.06,-1.0500000000000003,4.0,275.22800000000007,0.6205638282189769,3.3561627589541905,1.0,1.0
CCCN(CCC)c1cnc(N)c(C#Cc2cnc(OC)nc2)c1N,,CCCN(CCC)c1cnc(N)c(C#Cc2cnc(OC)nc2)c1N,0.22675360571652764,0.11188811188811189,0.12849162011173185,0.1329479768786127,0.0967741935483871,0.14375,0.1511627906976744,0.9999945,0.83850086,0.69473535,0.96724206,0.7758466884043979,0.9258695,0.5,1.0,0.11188811188811189,0.12849162011173185,0.1329479768786127,0.0967741935483871,0.14375,0.1511627906976744,103.18,2.0707999999999998,6.0,340.43100000000004,0.7758466884043979,3.122757609803017,0.5,1.0
CCCCCCCCCCCCCCCCCCC(=O)Nc1ccc2c(c1)cc1ccccc1[n+]2CC,,CCCCCCCCCCCCCCCCCCC(=O)Nc1ccc2c(c1)cc1ccccc1[n+]2CC,0.0026207048709250883,0.15053763440860216,0.15246636771300448,0.11555555555555555,0.13596491228070176,0.1553398058252427,0.21634615384615385,0.09036684,0.0,0.0,0.979543,0.09849421250863838,0.9836837,0.5,1.0,0.15053763440860216,0.15246636771300448,0.11555555555555555,0.13596491228070176,0.1553398058252427,0.21634615384615385,32.980000000000004,9.890499999999998,19.0,503.79500000000013,0.09849421250863838,2.575812329235081,0.5,1.0
O=C(Cn1c(=O)[nH]c2ncccc21)NCC(NC(=O)c1c(Cl)cccc1Cl)C(=O)O,,O=C(Cn1c(=O)[nH]c2ncccc21)NCC(NC(=O)c1c(Cl)cccc1Cl)C(=O)O,0.4430724493712609,0.3383458646616541,0.40764331210191085,0.6412213740458015,0.3515151515151515,0.45323741007194246,0.15425531914893617,0.115796626,0.9964536,0.3052647,0.9997211,0.42135528567128744,0.95134115,1.0,1.0,0.3383458646616541,0.40764331210191085,0.6412213740458015,0.3515151515151515,0.45323741007194246,0.15425531914893617,146.17999999999998,1.0307999999999995,7.0,452.25400000000025,0.42135528567128744,2.9670605142228865,1.0,1.0
CC(C=NNC(=O)Cn1c(=O)[nH]c2ncccc21)c1ccc2c(c1)OCO2,,CC(C=NNC(=O)Cn1c(=O)[nH]c2ncccc21)c1ccc2c(c1)OCO2,0.0,0.0,0.0,0.0,0.0,0.0,0.0,0.0,0.0,0.0,0.0,0.0,0.0,0.0,0.0,0.0,0.0,0.0,0.0,0.0,0.0,0.0,0.0,0.0,0.0,0.0,0.0,0.0,0.0
C#CCN(C)Cc1c(C)n(CC(=O)c2ccccc2)c2ccc(Br)cc12,,C#CCN(C)Cc1c(C)n(CC(=O)c2ccccc2)c2ccc(Br)cc12,0.06107366380160472,0.30952380952380953,0.23809523809523808,0.22424242424242424,0.23529411764705882,0.24342105263157895,0.11475409836065574,0.0077278595,0.00025099516,0.69473535,0.99989426,0.43719075680810615,0.9859089,0.5,1.0,0.30952380952380953,0.23809523809523808,0.22424242424242424,0.23529411764705882,0.24342105263157895,0.11475409836065574,25.240000000000002,4.6601200000000045,6.0,409.32700000000006,0.43719075680810615,2.5240855484731437,0.5,1.0
O=C(NC(CNC(=O)c1c(Cl)cccc1Cl)C(=O)O)c1ccccc1Cl,,O=C(NC(CNC(=O)c1c(Cl)cccc1Cl)C(=O)O)c1ccccc1Cl,0.48037623720315353,0.5188679245283019,0.44680851063829785,0.4244604316546763,0.4305555555555556,0.5163934426229508,0.14942528735632185,0.9999996,0.051376104,0.69473535,0.9999378,0.6746297855099185,0.98944134,1.0,1.0,0.5188679245283019,0.44680851063829785,0.4244604316546763,0.4305555555555556,0.5163934426229508,0.14942528735632185,95.50000000000001,3.259800000000002,6.0,415.6600000000001,0.6746297855099185,2.4225756806430407,1.0,1.0
COc1cccc(-n2c(C=Cc3ccccn3)nc3ccccc3c2=O)c1,,COc1cccc(-n2c(C=Cc3ccccn3)nc3ccccc3c2=O)c1,0.1344011776884289,0.19047619047619047,0.1783783783783784,0.13978494623655913,0.25,0.14367816091954022,0.08080808080808081,0.9962984,0.0036776066,0.983885,0.9904197,0.5559523392044279,0.99409384,0.5,1.0,0.19047619047619047,0.1783783783783784,0.13978494623655913,0.25,0.14367816091954022,0.08080808080808081,57.01,3.9597000000000024,4.0,355.3970000000001,0.5559523392044279,2.219100840124293,0.5,1.0
CCOc1ccccc1CC(NC(=O)c1c(Cl)cccc1Cl)C(=O)O,,CCOc1ccccc1CC(NC(=O)c1c(Cl)cccc1Cl)C(=O)O,0.3555538084095634,0.5588235294117647,0.4962962962962963,0.3424657534246575,0.45714285714285713,0.5,0.17857142857142858,0.9999919,0.006322801,0.3052647,0.9989793,0.7636153790244635,0.9906059,1.0,1.0,0.5588235294117647,0.4962962962962963,0.3424657534246575,0.45714285714285713,0.5,0.17857142857142858,75.63,3.817800000000002,7.0,382.24300000000005,0.7636153790244635,2.3815636716444963,1.0,1.0
O=C(Cn1c(=O)[nH]c2ccccc21)NCC(NC(=O)c1c(F)cccc1Cl)C(=O)O,,O=C(Cn1c(=O)[nH]c2ccccc21)NCC(NC(=O)c1c(F)cccc1Cl)C(=O)O,0.5616343890389638,0.3798449612403101,0.4166666666666667,0.5357142857142857,0.3765432098765432,0.4744525547445255,0.14814814814814814,0.9008937,0.99498445,0.3052647,0.99993527,0.4419930235185323,0.9705399,1.0,1.0,0.3798449612403101,0.4166666666666667,0.5357142857142857,0.3765432098765432,0.4744525547445255,0.14814814814814814,133.29,1.1214999999999993,7.0,434.81100000000015,0.4419930235185323,2.785775991516676,1.0,1.0
CCN(C(N)=O)c1cc2nc(CC(N)C(=O)O)c(=O)[nH]c2c(=O)[nH]1,,CCN(C(N)=O)c1cc2nc(CC(N)C(=O)O)c(=O)[nH]c2c(=O)[nH]1,0.08244200399057057,0.16153846153846155,0.16167664670658682,0.2129032258064516,0.13953488372093023,0.19047619047619047,0.1875,1.1920929e-07,0.9999998,0.9217998,0.95435244,0.43736873426545875,0.7286495,1.0,1.0,0.16153846153846155,0.16167664670658682,0.2129032258064516,0.13953488372093023,0.19047619047619047,0.1875,188.26,-1.5291999999999986,5.0,336.308,0.43736873426545875,3.6568096729862996,1.0,1.0
COc1ccccc1N1CCN(CCn2c(=O)[nH]c3ccncc32)CC1,,COc1ccccc1N1CCN(CCn2c(=O)[nH]c3ccncc32)CC1,0.2580886112358685,0.16326530612244897,0.16304347826086957,0.21637426900584794,0.14285714285714285,0.16766467065868262,0.1111111111111111,0.9998301,0.97404355,0.9217998,0.98872,0.7539612603606716,0.992828,0.5,1.0,0.16326530612244897,0.16304347826086957,0.21637426900584794,0.14285714285714285,0.16766467065868262,0.1111111111111111,66.39,1.5553999999999994,5.0,353.4260000000001,0.7539612603606716,2.2870128902733757,0.5,1.0
Cc1ccc(CNCC(NC(=O)CNC(=O)c2cnccn2)c2ccccc2)c(C)c1,,Cc1ccc(CNCC(NC(=O)CNC(=O)c2cnccn2)c2ccccc2)c(C)c1,0.16639446373158082,0.27586206896551724,0.26666666666666666,0.23333333333333334,0.21693121693121692,0.26666666666666666,0.14871794871794872,0.99999946,0.5282341,0.01611495,0.9999467,0.4971013593918442,0.97363687,0.5,1.0,0.27586206896551724,0.26666666666666666,0.23333333333333334,0.21693121693121692,0.26666666666666666,0.14871794871794872,96.00999999999999,2.4705400000000006,9.0,417.5130000000001,0.4971013593918442,2.746079721799198,0.5,1.0
O=C(O)C(NS(=O)(=O)c1ccc(Cl)cc1)c1ccc(Cl)cc1,,O=C(O)C(NS(=O)(=O)c1ccc(Cl)cc1)c1ccc(Cl)cc1,0.4952521580913452,0.46464646464646464,0.323943661971831,0.2727272727272727,0.3103448275862069,0.3629032258064516,0.13580246913580246,0.9999994,0.091673195,0.9217998,0.9935812,0.85838156032866,0.9925288,1.0,1.0,0.46464646464646464,0.323943661971831,0.2727272727272727,0.3103448275862069,0.3629032258064516,0.13580246913580246,83.47,3.0976000000000017,5.0,360.2180000000001,0.85838156032866,2.3013187357984215,1.0,1.0
COCCNC(=O)CN(CCCN(CCN(CC(=O)O)CC(=O)NCC(NCC(=O)NCC(=O)NCC(=O)O)C(=O)O)CC(=O)O)C(=O)C(CO)NC(=O)CN,,COCCNC(=O)CN(CCCN(CCN(CC(=O)O)CC(=O)NCC(NCC(=O)NCC(=O)NCC(=O)O)C(=O)O)CC(=O)O)C(=O)C(CO)NC(=O)CN,0.0005597831107345819,0.05327868852459016,0.07913669064748201,0.09293680297397769,0.04498269896193772,0.1062992125984252,0.14285714285714285,0.0,1.0,0.0,0.0,0.02807441700413284,0.3715945,1.0,1.0,0.05327868852459016,0.07913669064748201,0.09293680297397769,0.04498269896193772,0.1062992125984252,0.14285714285714285,388.99999999999994,-8.347300000000024,32.0,808.8000000000001,0.02807441700413284,4.182536520126291,1.0,1.0
CC(C)(C)OC(=O)NC(CNC(=O)CNC(=O)COC(=O)c1cc(Cl)cc2cc[nH]c12)C(=O)O,,CC(C)(C)OC(=O)NC(CNC(=O)CNC(=O)COC(=O)c1cc(Cl)cc2cc[nH]c12)C(=O)O,0.08785608884281317,0.19745222929936307,0.2094240837696335,0.2640449438202247,0.15346534653465346,0.23976608187134502,0.19473684210526315,7.390976e-06,0.9935259,0.01611495,0.9884076,0.3213173175410293,0.9381242,1.0,1.0,0.19745222929936307,0.2094240837696335,0.2640449438202247,0.15346534653465346,0.23976608187134502,0.19473684210526315,175.92,1.1884000000000012,9.0,496.9040000000002,0.3213173175410293,3.055408410834014,1.0,1.0
CC(C)CN(CCN1CCC(O)CC1)C(=O)NC(C(=O)O)c1ccc(-c2cccc(F)c2)cc1,,CC(C)CN(CCN1CCC(O)CC1)C(=O)NC(C(=O)O)c1ccc(-c2cccc(F)c2)cc1,0.2134610344425785,0.2857142857142857,0.2608695652173913,0.20855614973262032,0.21243523316062177,0.2754491017964072,0.20634920634920634,0.9999998,0.00841707,0.01611495,0.9985956,0.5181428625992452,0.95700455,1.0,1.0,0.2857142857142857,0.2608695652173913,0.20855614973262032,0.21243523316062177,0.2754491017964072,0.20634920634920634,93.11,3.742700000000002,9.0,471.57300000000015,0.5181428625992452,2.9220067544354933,1.0,1.0
O=C(Cn1c(=O)c(-c2ccccc2)nc2ccccc21)NCC(NC(=O)c1c(Cl)cccc1Cl)C(=O)O,,O=C(Cn1c(=O)c(-c2ccccc2)nc2ccccc21)NCC(NC(=O)c1c(Cl)cccc1Cl)C(=O)O,0.30233611697117174,0.3333333333333333,0.436046511627907,0.4176470588235294,0.4393063583815029,0.3987730061349693,0.13551401869158877,0.9593447,0.034303665,0.07820028,0.70881486,0.31495123467038844,0.96774614,1.0,1.0,0.3333333333333333,0.436046511627907,0.4176470588235294,0.4393063583815029,0.3987730061349693,0.13551401869158877,130.39,3.369700000000001,8.0,539.3750000000002,0.31495123467038844,2.818256228556807,1.0,1.0
COc1ccc(C(=O)NC(Cc2ccc3nc(-c4c(Cl)cccc4Cl)ccc3c2)C(=O)O)cc1Cl,,COc1ccc(C(=O)NC(Cc2ccc3nc(-c4c(Cl)cccc4Cl)ccc3c2)C(=O)O)cc1Cl,0.10367264089873258,0.41007194244604317,0.39766081871345027,0.2802197802197802,0.7591240875912408,0.31736526946107785,0.1407766990291262,0.9999999,4.7683716e-07,0.3052647,0.84432495,0.2933991833458218,0.974597,1.0,1.0,0.41007194244604317,0.39766081871345027,0.2802197802197802,0.7591240875912408,0.31736526946107785,0.1407766990291262,88.52,6.296300000000004,7.0,529.8070000000001,0.2933991833458218,2.7328479029394543,1.0,1.0
CC(C)C(NC(=O)c1ccccc1Cl)C(=O)OCC(=O)NCc1ccc(Cl)cc1,,CC(C)C(NC(=O)c1ccccc1Cl)C(=O)OCC(=O)NCc1ccc(Cl)cc1,0.14756596885840514,0.4214876033057851,0.3271604938271605,0.2822085889570552,0.27647058823529413,0.3706293706293706,0.15934065934065933,0.9999995,0.014066279,0.07820028,0.99992007,0.6184639163689255,0.9907482,0.5,1.0,0.4214876033057851,0.3271604938271605,0.2822085889570552,0.27647058823529413,0.3706293706293706,0.15934065934065933,84.5,3.607400000000002,8.0,437.3230000000002,0.6184639163689255,2.3762087616713536,0.5,1.0
Cc1ccc(CNC(=O)c2c(F)cccc2Cl)nc1CNC(=O)C(CC(C)C)C(CCC(F)(F)F)C(N)O,,Cc1ccc(CNC(=O)c2c(F)cccc2Cl)nc1CNC(=O)C(CC(C)C)C(CCC(F)(F)F)C(N)O,0.032216350608130495,0.24528301886792453,0.2887700534759358,0.2702702702702703,0.265625,0.3373493975903614,0.20304568527918782,0.9994211,0.00028520823,0.00011789799,0.284406,0.22304719960835187,0.4810878,0.5,1.0,0.24528301886792453,0.2887700534759358,0.2702702702702703,0.265625,0.3373493975903614,0.20304568527918782,117.34,4.626820000000004,12.0,561.0200000000003,0.22304719960835187,4.026295502390699,0.5,1.0
Cc1[nH]c(=O)c(C#N)cc1CCNC(=O)CCCN=c1nc(C(F)(F)F)cc[nH]1,,Cc1[nH]c(=O)c(C#N)cc1CCNC(=O)CCCN=c1nc(C(F)(F)F)cc[nH]1,0.22728811667496,0.16,0.16042780748663102,0.2411764705882353,0.140625,0.1927710843373494,0.17032967032967034,0.9871985,0.9886186,0.3052647,0.99988556,0.597593391970152,0.87082314,0.5,1.0,0.16,0.16042780748663102,0.2411764705882353,0.140625,0.1927710843373494,0.17032967032967034,126.78999999999999,1.3366999999999993,7.0,408.38399999999996,0.597593391970152,3.337003767675072,0.5,1.0
CCCCCNc1[nH]c(=N)cnc1C#N,,CCCCCNc1[nH]c(=N)cnc1C#N,0.08755911213871119,0.06779661016949153,0.09032258064516129,0.10884353741496598,0.062111801242236024,0.1111111111111111,0.1619718309859155,0.9999999,0.9874275,0.9217998,0.00035886813,0.6340160319879138,0.8663956,0.5,1.0,0.06779661016949153,0.09032258064516129,0.10884353741496598,0.062111801242236024,0.1111111111111111,0.1619718309859155,88.35,1.3629499999999999,5.0,205.26500000000001,0.6340160319879138,3.3504836682544656,0.5,1.0
CC(C)CN(C(CO)CCCCNC(=O)C(COCc1ccccc1)NC(=O)OCc1ccccc1)S(=O)(=O)c1ccc(N)cc1,,CC(C)CN(C(CO)CCCCNC(=O)C(COCc1ccccc1)NC(=O)OCc1ccccc1)S(=O)(=O)c1ccc(N)cc1,0.002627893635977096,0.2,0.19913419913419914,0.1630901287553648,0.18220338983050846,0.23444976076555024,0.19213973799126638,0.0012614131,0.0023684502,0.0,0.00015413761,0.11118291951902007,0.81857485,0.5,1.0,0.2,0.19913419913419914,0.1630901287553648,0.18220338983050846,0.23444976076555024,0.19213973799126638,160.29000000000002,4.074700000000002,19.0,654.83,0.11118291951902007,3.476511123704391,0.5,1.0
Cc1cc2c(nc1C)CCCN2C(=O)c1ccc2ccccc2c1,,Cc1cc2c(nc1C)CCCN2C(=O)c1ccc2ccccc2c1,0.09219884133273412,0.23308270676691728,0.21764705882352942,0.1893491124260355,0.22941176470588234,0.22077922077922077,0.14689265536723164,0.09649443,0.0005736351,0.99988216,0.79794705,0.6645420967090369,0.9934952,0.5,1.0,0.23308270676691728,0.21764705882352942,0.1893491124260355,0.22941176470588234,0.22077922077922077,0.14689265536723164,33.2,4.444640000000003,1.0,316.404,0.6645420967090369,2.2528522019833304,0.5,1.0
O=C(NC(Cc1ccccc1)C(=O)NCC(NC(=O)c1ccccc1Cl)C(=O)O)c1ccccc1,,O=C(NC(Cc1ccccc1)C(=O)NCC(NC(=O)c1ccccc1Cl)C(=O)O)c1ccccc1,0.28070797394930563,0.4306569343065693,0.3657142857142857,0.3314285714285714,0.3314917127071823,0.36645962732919257,0.15196078431372548,0.99373,0.333434,0.0031523108,0.990927,0.3454328164210351,0.97506464,1.0,1.0,0.4306569343065693,0.3657142857142857,0.3314285714285714,0.3314917127071823,0.36645962732919257,0.15196078431372548,124.60000000000001,2.6805000000000003,10.0,493.9470000000002,0.3454328164210351,2.7262260098836855,1.0,1.0
O=C(O)C(=O)Nc1ccc([N+](=O)[O-])cc1,,O=C(O)C(=O)Nc1ccc([N+](=O)[O-])cc1,0.2125965711026039,0.2,0.16428571428571428,0.15441176470588236,0.13793103448275862,0.17073170731707318,0.1276595744680851,0.9999555,0.9992708,0.9993898,0.00053989707,0.42198658259280497,0.99845403,1.0,1.0,0.2,0.16428571428571428,0.15441176470588236,0.13793103448275862,0.17073170731707318,0.1276595744680851,109.53999999999999,0.6178999999999997,2.0,210.14499999999998,0.42198658259280497,1.7518977341885318,1.0,1.0
C=CCNC(=O)N(C)CC(CC1(c2ccc(Cl)cc2)CCC1)N1CC(c2ccc(OC)cc2F)CN1,,C=CCNC(=O)N(C)CC(CC1(c2ccc(Cl)cc2)CCC1)N1CC(c2ccc(OC)cc2F)CN1,0.04460127702888392,0.2709677419354839,0.23711340206185566,0.21875,0.1921182266009852,0.29239766081871343,0.21025641025641026,0.99608636,4.6491623e-05,0.0031523108,0.94904196,0.4330883962777175,0.4625687,0.5,1.0,0.2709677419354839,0.23711340206185566,0.21875,0.1921182266009852,0.29239766081871343,0.21025641025641026,56.84,5.099500000000004,10.0,515.0730000000003,0.4330883962777175,4.052117536790298,0.5,1.0
Cc1ccc(Cl)c(C(=O)NC(CNC(=O)Cn2c(=O)n(C3CCN(C(=O)NC(C)C)CC3)c3ncccc32)C(=O)O)c1F,,Cc1ccc(Cl)c(C(=O)NC(CNC(=O)Cn2c(=O)n(C3CCN(C(=O)NC(C)C)CC3)c3ncccc32)C(=O)O)c1F,0.0679945812870557,0.2571428571428571,0.30198019801980197,0.47701149425287354,0.24413145539906103,0.32608695652173914,0.215962441314554,0.00011181831,0.8474296,0.01611495,0.0033375025,0.2849331742260336,0.84771544,1.0,1.0,0.2571428571428571,0.30198019801980197,0.47701149425287354,0.24413145539906103,0.32608695652173914,0.215962441314554,167.66,2.053220000000001,9.0,618.0660000000005,0.2849331742260336,3.4035246228254135,1.0,1.0
CCn1c(C)nc2cc(C(C)=NOCC(=O)NC)ccc21,,CCn1c(C)nc2cc(C(C)=NOCC(=O)NC)ccc21,0.2265815963462976,0.15873015873015872,0.16666666666666666,0.22,0.1437125748502994,0.18055555555555555,0.17834394904458598,0.9999155,0.9234226,0.9217998,0.27381065,0.6741115391188282,0.988466,0.5,1.0,0.15873015873015872,0.16666666666666666,0.22,0.1437125748502994,0.18055555555555555,0.17834394904458598,68.50999999999999,1.8512199999999999,5.0,288.351,0.6741115391188282,2.4536139122093577,0.5,1.0
O=C(CCCCCN1C(=O)c2cccc3cccc(c23)C1=O)NCCCCn1ccnc1,,O=C(CCCCCN1C(=O)c2cccc3cccc(c23)C1=O)NCCCCn1ccnc1,0.06709590129443793,0.19753086419753085,0.20918367346938777,0.2094240837696335,0.17733990147783252,0.23863636363636365,0.2198952879581152,0.9999995,0.0070485473,0.00061023235,0.99994653,0.3690669822554144,0.99056536,0.5,1.0,0.19753086419753085,0.20918367346938777,0.2094240837696335,0.17733990147783252,0.23863636363636365,0.2198952879581152,84.3,3.7893000000000026,11.0,432.5240000000003,0.3690669822554144,2.3830734049269537,0.5,1.0
COc1cc(C(=O)NCC(=O)NNC(=O)c2ccccc2C)cc(OC)c1OC,,COc1cc(C(=O)NCC(=O)NNC(=O)c2ccccc2C)cc(OC)c1OC,0.0,0.0,0.0,0.0,0.0,0.0,0.0,0.0,0.0,0.0,0.0,0.0,0.0,0.0,0.0,0.0,0.0,0.0,0.0,0.0,0.0,0.0,0.0,0.0,0.0,0.0,0.0,0.0,0.0
O=C(O)CN(CC(=O)O)c1ncc(N2CCCNC2=O)cn1,,O=C(O)CN(CC(=O)O)c1ncc(N2CCCNC2=O)cn1,0.46843032514956146,0.13953488372093023,0.1656441717791411,0.20261437908496732,0.11627906976744186,0.2302158273381295,0.17721518987341772,0.7906617,0.99999386,0.69473535,0.6850734,0.6317286566401764,0.9691623,1.0,1.0,0.13953488372093023,0.1656441717791411,0.20261437908496732,0.11627906976744186,0.2302158273381295,0.17721518987341772,135.95999999999998,-0.628099999999999,6.0,309.28200000000004,0.6317286566401764,2.8021485778677153,1.0,1.0
COCCN(CCNC(=O)c1nccc2ccccc12)C1CCN(Cc2ccccc2)CC1,,COCCN(CCNC(=O)c1nccc2ccccc12)C1CCN(Cc2ccccc2)CC1,0.08981159420190016,0.23125,0.21212121212121213,0.17,0.21,0.20765027322404372,0.1625615763546798,0.99704784,0.015743792,0.0031523108,0.9998263,0.5159597872800518,0.9918012,0.5,1.0,0.23125,0.21212121212121213,0.17,0.21,0.20765027322404372,0.1625615763546798,57.7,3.577600000000002,10.0,446.5950000000003,0.5159597872800518,2.3338599193077147,0.5,1.0
O=C(O)c1ccccc1Cn1c(=O)[nH]c2nc(N3CCOCC3)ncc21,,O=C(O)c1ccccc1Cn1c(=O)[nH]c2nc(N3CCOCC3)ncc21,0.5505206544290334,0.20714285714285716,0.18435754189944134,0.26380368098159507,0.16939890710382513,0.18404907975460122,0.14917127071823205,0.9998446,0.9989906,0.983885,0.9903854,0.7081300486727365,0.9845471,1.0,1.0,0.20714285714285716,0.18435754189944134,0.26380368098159507,0.16939890710382513,0.18404907975460122,0.14917127071823205,113.34,0.7026999999999999,4.0,355.3540000000002,0.7081300486727365,2.5566190279251995,1.0,1.0
COc1cc(C(=O)NC(CC(C)C)C(=O)NC(CC(C)C)C(=O)CF)ccc1OCC(C)C,,COc1cc(C(=O)NC(CC(C)C)C(=O)NC(CC(C)C)C(=O)CF)ccc1OCC(C)C,0.033850134024218256,0.14743589743589744,0.15625,0.17391304347826086,0.11442786069651742,0.1871345029239766,0.21787709497206703,0.99999976,0.0039051175,4.4107437e-06,0.9990739,0.43312249552593907,0.92711383,0.5,1.0,0.14743589743589744,0.15625,0.17391304347826086,0.11442786069651742,0.1871345029239766,0.21787709497206703,93.73,3.9440000000000026,14.0,466.5940000000003,0.43312249552593907,3.1164098106742966,0.5,1.0
Cc1cc(C(CNCCc2ccc(CN)cc2)NC(=O)Cc2cc(Br)c(N)c(Br)c2)cc(C)c1N,,Cc1cc(C(CNCCc2ccc(CN)cc2)NC(=O)Cc2cc(Br)c(N)c(Br)c2)cc(C)c1N,0.030672662457071943,0.26143790849673204,0.24210526315789474,0.19791666666666666,0.2268041237113402,0.2543352601156069,0.13170731707317074,0.99893665,0.00022917986,0.0031523108,0.011301577,0.17043005978742914,0.9072842,0.5,1.0,0.26143790849673204,0.24210526315789474,0.19791666666666666,0.2268041237113402,0.2543352601156069,0.13170731707317074,119.19,4.683840000000002,10.0,603.403,0.17043005978742914,3.20752831531059,0.5,1.0
Cc1ccc(Cl)c(C(=O)NC(CNC(=O)Cn2cc(NC(=O)c3ccc4[nH]cnc4c3)cn2)C(=O)O)c1F,,Cc1ccc(Cl)c(C(=O)NC(CNC(=O)Cn2cc(NC(=O)c3ccc4[nH]cnc4c3)cn2)C(=O)O)c1F,0.10634644836650253,0.29012345679012347,0.38461538461538464,0.4909090909090909,0.2828282828282828,0.3546511627906977,0.14814814814814814,3.6120415e-05,0.8159174,0.01611495,0.6628353,0.21578257943674267,0.8977214,1.0,1.0,0.29012345679012347,0.38461538461538464,0.4909090909090909,0.2828282828282828,0.3546511627906977,0.14814814814814814,171.09999999999997,2.1120199999999993,9.0,541.9270000000002,0.21578257943674267,3.2453146546421756,1.0,1.0
O=C(Cn1c(=O)[nH]c2ncccc21)NCC(NC(=O)c1cc(C(F)(F)F)[nH]n1)C(=O)O,,O=C(Cn1c(=O)[nH]c2ncccc21)NCC(NC(=O)c1cc(C(F)(F)F)[nH]n1)C(=O)O,0.13257617563251708,0.20945945945945946,0.23333333333333334,0.5,0.19148936170212766,0.25308641975308643,0.1595744680851064,1.04904175e-05,0.99999124,0.3052647,0.99988824,0.3273005836648144,0.8782412,1.0,1.0,0.20945945945945946,0.23333333333333334,0.5,0.19148936170212766,0.25308641975308643,0.1595744680851064,174.85999999999999,-0.5340999999999998,7.0,441.32600000000014,0.3273005836648144,3.3135092179606698,1.0,1.0
NC1(Cc2cccc(-c3ccccc3)n2)CCN(c2ncnc3[nH]ccc23)CC1,,NC1(Cc2cccc(-c3ccccc3)n2)CCN(c2ncnc3[nH]ccc23)CC1,0.1649935648503015,0.1870967741935484,0.21390374331550802,0.15104166666666666,0.21164021164021163,0.16201117318435754,0.12626262626262627,0.9999994,0.016806245,0.983885,0.999154,0.5620210184917538,0.9767279,0.5,1.0,0.1870967741935484,0.21390374331550802,0.15104166666666666,0.21164021164021163,0.16201117318435754,0.12626262626262627,83.72,3.5603000000000016,4.0,384.48700000000014,0.5620210184917538,2.701649894687593,0.5,1.0
O=C(Cn1c(=O)[nH]c2ncccc21)NCC(NC(=O)c1c(F)cc(-c2ccccc2)cc1Cl)C(=O)O,,O=C(Cn1c(=O)[nH]c2ncccc21)NCC(NC(=O)c1c(F)cc(-c2ccccc2)cc1Cl)C(=O)O,0.3406740464578719,0.3333333333333333,0.38857142857142857,0.5290322580645161,0.35359116022099446,0.3575757575757576,0.1380952380952381,0.115796626,0.77111423,0.07820028,0.96047056,0.2850505676228812,0.9347223,1.0,1.0,0.3333333333333333,0.38857142857142857,0.5290322580645161,0.35359116022099446,0.3575757575757576,0.1380952380952381,146.17999999999998,2.1834999999999996,8.0,511.8970000000003,0.2850505676228812,3.0752656640079463,1.0,1.0
O=C(Cn1c(=O)[nH]c(=O)n(Cc2c(F)cc(F)cc2F)c1=O)NCC(NC(=O)c1c(Cl)cccc1Cl)C(=O)O,,O=C(Cn1c(=O)[nH]c(=O)n(Cc2c(F)cc(F)cc2F)c1=O)NCC(NC(=O)c1c(Cl)cccc1Cl)C(=O)O,0.07802850459817047,0.3181818181818182,0.38202247191011235,0.48148148148148145,0.3551912568306011,0.4012345679012346,0.13615023474178403,2.3841858e-05,0.99958634,0.01611495,0.033112705,0.28058787251159706,0.8916928,1.0,1.0,0.3181818181818182,0.38202247191011235,0.48148148148148145,0.3551912568306011,0.4012345679012346,0.13615023474178403,172.35999999999999,0.47009999999999996,9.0,590.2980000000002,0.28058787251159706,3.2675535502214252,1.0,1.0
O=C(NC(CNS(=O)(=O)c1ccc(-c2ccccc2)cc1)C(=O)O)c1c(Cl)cccc1Cl,,O=C(NC(CNS(=O)(=O)c1ccc(-c2ccccc2)cc1)C(=O)O)c1c(Cl)cccc1Cl,0.2763095351217892,0.421875,0.48026315789473684,0.36024844720496896,0.445859872611465,0.46099290780141844,0.13333333333333333,0.9998794,0.0062247515,0.07820028,0.9913526,0.44183538463167954,0.9845732,1.0,1.0,0.421875,0.48026315789473684,0.36024844720496896,0.445859872611465,0.46099290780141844,0.13333333333333333,112.57000000000001,3.821900000000003,8.0,493.36800000000017,0.44183538463167954,2.5560231538511644,1.0,1.0
CC(C(=O)NCc1c(F)ccc(C#N)c1F)c1cnccn1,,CC(C(=O)NCc1c(F)ccc(C#N)c1F)c1cnccn1,0.27469938328043436,0.2627118644067797,0.23870967741935484,0.273972602739726,0.20496894409937888,0.26277372262773724,0.14634146341463414,0.999997,0.8507926,0.983885,0.5476648,0.9371538736878625,0.91211486,0.5,1.0,0.2627118644067797,0.23870967741935484,0.273972602739726,0.20496894409937888,0.26277372262773724,0.14634146341463414,78.67,2.04638,4.0,302.284,0.9371538736878625,3.1870927584970357,0.5,1.0
Cc1ccc(Cl)c(C(=O)NC(CNC(=O)CN(C)CC(=O)NC2CCCC2)C(=O)O)c1F,,Cc1ccc(Cl)c(C(=O)NC(CNC(=O)CN(C)CC(=O)NC2CCCC2)C(=O)O)c1F,0.3116215711825676,0.2569444444444444,0.28,0.42483660130718953,0.21505376344086022,0.33986928104575165,0.24293785310734464,0.9820124,0.99576336,0.0031523108,0.9986692,0.40489211461751023,0.9543284,1.0,1.0,0.2569444444444444,0.28,0.42483660130718953,0.21505376344086022,0.33986928104575165,0.24293785310734464,127.84000000000002,1.0773200000000005,10.0,470.92900000000037,0.40489211461751023,2.943958712519539,1.0,1.0
CCN(CC)c1ncnc2c1ncn2C,,CCN(CC)c1ncnc2c1ncn2C,0.08824221290760642,0.07692307692307693,0.09032258064516129,0.10884353741496598,0.07547169811320754,0.07913669064748201,0.10738255033557047,0.90464664,0.9929837,0.9968477,0.00035886813,0.7552749169672438,0.9826345,0.5,1.0,0.07692307692307693,0.09032258064516129,0.10884353741496598,0.07547169811320754,0.07913669064748201,0.10738255033557047,46.84,1.2095,3.0,205.26500000000001,0.7552749169672438,2.5978364155072136,0.5,1.0
C#CCN(CCBr)C(=O)CCC(C)=CCCC(C)=CCCC(C)=CCCC(C)=CCCC(C)CCC=C(C)C,,C#CCN(CCBr)C(=O)CCC(C)=CCCC(C)=CCCC(C)=CCCC(C)=CCCC(C)CCC=C(C)C,0.0006211740280447479,0.029850746268656716,0.041666666666666664,0.042735042735042736,0.024390243902439025,0.05,0.1388888888888889,0.0015362963,0.0,0.0,0.014049828,0.07290714083358887,0.47215307,0.5,1.0,0.029850746268656716,0.041666666666666664,0.042735042735042736,0.024390243902439025,0.05,0.1388888888888889,20.310000000000002,10.91179999999999,21.0,600.7700000000002,0.07290714083358887,4.038740383948446,0.5,1.0
Nc1ccc(C(O)CNCCc2ccc(NCC(O)c3coc4cc(Br)ccc34)cc2)cc1Cl,,Nc1ccc(C(O)CNCCc2ccc(NCC(O)c3coc4cc(Br)ccc34)cc2)cc1Cl,0.03275831126612137,0.2389937106918239,0.23076923076923078,0.17587939698492464,0.2670157068062827,0.26285714285714284,0.09767441860465116,0.9999935,1.2516975e-05,0.0031523108,0.60562277,0.13450188738681523,0.84859216,0.5,1.0,0.2389937106918239,0.23076923076923078,0.17587939698492464,0.2670157068062827,0.26285714285714284,0.09767441860465116,103.68,5.4421000000000035,10.0,544.8770000000002,0.13450188738681523,3.4011596100602333,0.5,1.0
O=C(CCCCC(c1ccc(F)cc1)c1ccc(F)cc1)N1CCN(Cc2c[nH]cn2)CC1,,O=C(CCCCC(c1ccc(F)cc1)c1ccc(F)cc1)N1CCN(Cc2c[nH]cn2)CC1,0.06764928496873956,0.2549019607843137,0.23036649214659685,0.20526315789473684,0.22164948453608246,0.2342857142857143,0.17258883248730963,0.98241466,0.00019592047,0.01611495,0.99971414,0.4780118132563064,0.98618066,0.5,1.0,0.2549019607843137,0.23036649214659685,0.20526315789473684,0.22164948453608246,0.2342857142857143,0.17258883248730963,52.230000000000004,4.724600000000003,9.0,452.54900000000026,0.4780118132563064,2.5172251800135044,0.5,1.0
CC(C)CC(NC(=O)C1CCN(S(=O)(=O)c2ccccc2)CC1)C(=O)NCC(=O)NCC(NC(=O)c1ccc2ccccc2c1)C(=O)O,,CC(C)CC(NC(=O)C1CCN(S(=O)(=O)c2ccccc2)CC1)C(=O)NCC(=O)NCC(NC(=O)c1ccc2ccccc2c1)C(=O)O,0.004861145053206542,0.25,0.252212389380531,0.23660714285714285,0.22844827586206898,0.2571428571428571,0.2025862068965517,0.0,0.9131307,4.4107437e-06,1.9073486e-05,0.17063842898163686,0.86784554,1.0,1.0,0.25,0.252212389380531,0.23660714285714285,0.22844827586206898,0.2571428571428571,0.2025862068965517,191.07999999999998,1.8870000000000025,14.0,679.7960000000003,0.17063842898163686,3.346111448445132,1.0,1.0
O=C(CN1Cc2ccccc2NC1=O)NCC(NC(=O)C1CCCCC1)C(=O)O,,O=C(CN1Cc2ccccc2NC1=O)NCC(NC(=O)C1CCCCC1)C(=O)O,0.49450032353763684,0.21232876712328766,0.2222222222222222,0.23699421965317918,0.15625,0.2484472049689441,0.2934131736526946,0.9820124,0.990099,0.3052647,0.99981195,0.546579154538833,0.9658768,1.0,1.0,0.21232876712328766,0.2222222222222222,0.23699421965317918,0.15625,0.2484472049689441,0.2934131736526946,127.83999999999999,1.2999999999999998,7.0,402.4510000000003,0.546579154538833,2.838501951164787,1.0,1.0
CC(=O)NC(CC(=O)NCC(NC(=O)c1ccccc1Cl)C(=O)O)c1ccc(Cl)c(Cl)c1,,CC(=O)NC(CC(=O)NCC(NC(=O)c1ccccc1Cl)C(=O)O)c1ccc(Cl)c(Cl)c1,0.29423873920717003,0.44,0.38509316770186336,0.41830065359477125,0.3235294117647059,0.45714285714285713,0.1774193548387097,0.99373,0.06075895,0.01611495,0.9840526,0.42074373902848067,0.9515207,1.0,1.0,0.44,0.38509316770186336,0.41830065359477125,0.3235294117647059,0.45714285714285713,0.1774193548387097,124.60000000000001,3.2135000000000025,9.0,500.7660000000002,0.42074373902848067,2.9657105354030033,1.0,1.0
CC(C)CCn1c(C(=O)NC(Cc2ccccc2)C(=O)O)cc(C(=O)NC(CC(C)C)C(=O)O)c1N,,CC(C)CCn1c(C(=O)NC(Cc2ccccc2)C(=O)O)cc(C(=O)NC(CC(C)C)C(=O)O)c1N,0.06216771584860002,0.3669064748201439,0.3163841807909605,0.2611111111111111,0.24338624338624337,0.296969696969697,0.24456521739130435,0.00040453672,0.26100183,2.2768974e-05,0.9842744,0.2821305495602085,0.8975814,1.0,1.0,0.3669064748201439,0.3163841807909605,0.2611111111111111,0.24338624338624337,0.296969696969697,0.24456521739130435,163.75,2.7712000000000003,13.0,500.59600000000034,0.2821305495602085,3.2458441124296247,1.0,1.0
COC(=O)NCCc1c(C(=O)NCCC(=O)O)[nH]c2ccc(NC(=O)c3ccc(Br)cc3C(=O)O)cc12,,COC(=O)NCCc1c(C(=O)NCCC(=O)O)[nH]c2ccc(NC(=O)c3ccc(Br)cc3C(=O)O)cc12,0.03119090844206425,0.2641509433962264,0.2774869109947644,0.25263157894736843,0.21182266009852216,0.2711864406779661,0.14285714285714285,2.3841858e-07,0.13504899,0.0031523108,0.10674709,0.21290903936211605,0.98260593,1.0,1.0,0.2641509433962264,0.2774869109947644,0.25263157894736843,0.21182266009852216,0.2711864406779661,0.14285714285714285,186.92,2.983900000000001,10.0,575.3720000000002,0.21290903936211605,2.598417759099334,1.0,1.0
O=C(O)c1cccc(C(=O)NN=Cc2ccc(-c3cccc(C(F)(F)F)c3)o2)c1,,O=C(O)c1cccc(C(=O)NN=Cc2ccc(-c3cccc(C(F)(F)F)c3)o2)c1,0.0,0.0,0.0,0.0,0.0,0.0,0.0,0.0,0.0,0.0,0.0,0.0,0.0,0.0,0.0,0.0,0.0,0.0,0.0,0.0,0.0,0.0,0.0,0.0,0.0,0.0,0.0,0.0,0.0
Cc1ccc(Cl)c(C(=O)NC(CNC(=O)Cn2nc(-c3ccccc3)[nH]c2=O)C(=O)O)c1F,,Cc1ccc(Cl)c(C(=O)NC(CNC(=O)Cn2nc(-c3ccccc3)[nH]c2=O)C(=O)O)c1F,0.3718875083289341,0.3851851851851852,0.41975308641975306,0.5555555555555556,0.32571428571428573,0.4161073825503356,0.15306122448979592,0.115796626,0.98853105,0.07820028,0.99798965,0.38643717258646654,0.9129683,1.0,1.0,0.3851851851851852,0.41975308641975306,0.5555555555555556,0.32571428571428573,0.4161073825503356,0.15306122448979592,146.17999999999998,1.3387199999999992,8.0,475.8640000000002,0.38643717258646654,3.1833774214738613,1.0,1.0
CN=C(N)NN=C1c2ccccc2-c2ccccc21,,CN=C(N)NN=C1c2ccccc2-c2ccccc21,0.0,0.0,0.0,0.0,0.0,0.0,0.0,0.0,0.0,0.0,0.0,0.0,0.0,0.0,0.0,0.0,0.0,0.0,0.0,0.0,0.0,0.0,0.0,0.0,0.0,0.0,0.0,0.0,0.0
COc1ccc(C(NC(=O)CNC(=O)c2ccccc2Cl)C(=O)O)cc1,,COc1ccc(C(NC(=O)CNC(=O)c2ccccc2Cl)C(=O)O)cc1,0.5576035896229572,0.45045045045045046,0.3509933774834437,0.31125827814569534,0.2875,0.4015151515151515,0.14942528735632185,0.9999908,0.8629664,0.3052647,0.99839044,0.6853417072932358,0.99229455,1.0,1.0,0.45045045045045046,0.3509933774834437,0.31125827814569534,0.2875,0.4015151515151515,0.14942528735632185,104.73,2.0204999999999993,7.0,376.79600000000005,0.6853417072932358,2.3121267911522505,1.0,1.0
CN(C)CCNC(=O)c1ccc2c(C3=c4cccnc4=NC3=O)c(O)[nH]c2c1,,CN(C)CCNC(=O)c1ccc2c(C3=c4cccnc4=NC3=O)c(O)[nH]c2c1,0.26724207480039164,0.20689655172413793,0.2111111111111111,0.21839080459770116,0.1891891891891892,0.22085889570552147,0.12631578947368421,0.9999352,0.9999501,0.9217998,0.9984701,0.5759862540461749,0.94644576,0.5,1.0,0.20689655172413793,0.2111111111111111,0.21839080459770116,0.1891891891891892,0.22085889570552147,0.12631578947368421,110.68,-0.08129999999999982,5.0,377.4040000000001,0.5759862540461749,3.0021584696870045,0.5,1.0
CC(C)(C(=O)NCc1cc(Br)cc(Cl)c1F)c1ccc(S(C)(=O)=O)cc1,,CC(C)(C(=O)NCc1cc(Br)cc(Cl)c1F)c1ccc(S(C)(=O)=O)cc1,0.14217016560136517,0.3305084745762712,0.26582278481012656,0.27631578947368424,0.23170731707317074,0.3115942028985507,0.13953488372093023,0.9995216,0.0012616515,0.9217998,0.9993276,0.6761438862106502,0.9890877,0.5,1.0,0.3305084745762712,0.26582278481012656,0.27631578947368424,0.23170731707317074,0.3115942028985507,0.13953488372093023,63.24,4.239100000000003,5.0,462.76800000000014,0.6761438862106502,2.434144539630884,0.5,1.0
Cc1ncc(C)n2nc(SCC(=O)NCc3ccccc3Cl)nc12,,Cc1ncc(C)n2nc(SCC(=O)NCc3ccccc3Cl)nc12,0.24254189516153796,0.25984251968503935,0.23030303030303031,0.2389937106918239,0.20588235294117646,0.2348993288590604,0.13714285714285715,0.9999747,0.23812997,0.9217998,0.9944001,0.7073239122882881,0.98900044,0.5,1.0,0.25984251968503935,0.23030303030303031,0.2389937106918239,0.20588235294117646,0.2348993288590604,0.13714285714285715,72.18,2.803040000000001,5.0,361.85800000000006,0.7073239122882881,2.436942984985494,0.5,1.0
Cc1ccc(Cl)c(C(=O)NC(CNC(=O)c2nn(-c3ccc(F)cc3F)c(=O)c3ccccc23)C(=O)O)c1F,,Cc1ccc(Cl)c(C(=O)NC(CNC(=O)c2nn(-c3ccc(F)cc3F)c(=O)c3ccccc23)C(=O)O)c1F,0.3149638378376258,0.35064935064935066,0.37158469945355194,0.4327485380116959,0.40555555555555556,0.3488372093023256,0.13302752293577982,0.9593447,0.033286273,0.3052647,0.3218676,0.31876727962710566,0.93624234,1.0,1.0,0.35064935064935066,0.37158469945355194,0.4327485380116959,0.40555555555555556,0.3488372093023256,0.13302752293577982,130.39,3.3778200000000016,7.0,558.9000000000003,0.31876727962710566,3.0665152221943126,1.0,1.0
CCCCc1nc2ncc(C(=O)O)cc2n1C(CCCC)C(=O)O,,CCCCc1nc2ncc(C(=O)O)cc2n1C(CCCC)C(=O)O,0.2297378519947801,0.14074074074074075,0.15204678362573099,0.16463414634146342,0.12429378531073447,0.14838709677419354,0.2138364779874214,0.9999889,0.0463506,0.01611495,0.942437,0.7292438996636353,0.9316789,1.0,1.0,0.14074074074074075,0.15204678362573099,0.16463414634146342,0.12429378531073447,0.14838709677419354,0.2138364779874214,105.30999999999999,3.288000000000002,9.0,333.38800000000015,0.7292438996636353,3.092230979804482,1.0,1.0
O=C(NC(CNC(=O)c1c(F)cccc1Cl)C(=O)O)c1ccc(F)cc1,,O=C(NC(CNC(=O)c1c(F)cccc1Cl)C(=O)O)c1ccc(F)cc1,0.6501159911650749,0.48148148148148145,0.460431654676259,0.427536231884058,0.43356643356643354,0.5333333333333333,0.15028901734104047,0.9999996,0.7372179,0.69473535,0.99902165,0.7135911829379599,0.9899848,1.0,1.0,0.48148148148148145,0.460431654676259,0.427536231884058,0.43356643356643354,0.5333333333333333,0.15028901734104047,95.50000000000001,2.2312000000000003,6.0,382.75000000000006,0.7135911829379599,2.4040237846517076,1.0,1.0
O=c1[nH]cc(C(O)Nc2ccccc2)[nH]1,,O=c1[nH]cc(C(O)Nc2ccccc2)[nH]1,0.09603593265545644,0.18867924528301888,0.1118421052631579,0.11643835616438356,0.11764705882352941,0.18110236220472442,0.07142857142857142,0.99999857,0.9985003,0.9968477,0.0003574293,0.5595031466121525,0.92427975,0.5,1.0,0.18867924528301888,0.1118421052631579,0.11643835616438356,0.11764705882352941,0.18110236220472442,0.07142857142857142,80.91,0.8059999999999998,3.0,205.21700000000004,0.5595031466121525,3.130726708506818,0.5,1.0
COc1ccc(Cl)c(C(=O)NC(Cc2ccc(-c3cccc(NC(=O)NC(C)C)c3)cc2)C(=O)O)c1F,,COc1ccc(Cl)c(C(=O)NC(Cc2ccc(-c3cccc(NC(=O)NC(C)C)c3)cc2)C(=O)O)c1F,0.1249893990390837,0.42142857142857143,0.5316455696202531,0.3111111111111111,0.3942857142857143,0.3765432098765432,0.1553398058252427,0.9995216,4.4584274e-05,0.01611495,0.8633909,0.3083746272426248,0.97114605,1.0,1.0,0.42142857142857143,0.5316455696202531,0.3111111111111111,0.3942857142857143,0.3765432098765432,0.1553398058252427,116.76,5.110300000000003,9.0,527.9800000000002,0.3083746272426248,2.7783371196114537,1.0,1.0
CCN(CC)S(=O)(=O)c1cccc(NC(=O)CNC(=O)C(Cc2ccccc2)NC(=O)c2c(Cl)ccc(OC)c2F)c1,,CCN(CC)S(=O)(=O)c1cccc(NC(=O)CNC(=O)C(Cc2ccccc2)NC(=O)c2c(Cl)ccc(OC)c2F)c1,0.027018719579462874,0.3151515151515151,0.3197969543147208,0.2512315270935961,0.2780487804878049,0.30978260869565216,0.15315315315315314,0.88113767,0.013709009,2.2768974e-05,0.0030577779,0.2679805770444091,0.9538157,0.5,1.0,0.3151515151515151,0.3197969543147208,0.2512315270935961,0.2780487804878049,0.30978260869565216,0.15315315315315314,133.91,3.614200000000003,13.0,619.1150000000002,0.2679805770444091,2.9480237108252823,0.5,1.0
CC(C)(C)OCC(NC(=O)OCc1ccccc1)C(=O)NN(CC(=O)O)C(=O)Cn1c(=O)[nH]c2ncccc21,,CC(C)(C)OCC(NC(=O)OCc1ccccc1)C(=O)NN(CC(=O)O)C(=O)Cn1c(=O)[nH]c2ncccc21,0.0,0.0,0.0,0.0,0.0,0.0,0.0,0.0,0.0,0.0,0.0,0.0,0.0,0.0,0.0,0.0,0.0,0.0,0.0,0.0,0.0,0.0,0.0,0.0,0.0,0.0,0.0,0.0,0.0
CN(Cc1ccc(Cl)c(Cl)c1)CC(O)CNC(=O)NCCCc1ccccc1,,CN(Cc1ccc(Cl)c(Cl)c1)CC(O)CNC(=O)NCCCc1ccccc1,0.09189396175809711,0.384,0.2934131736526946,0.22807017543859648,0.23863636363636365,0.31333333333333335,0.13978494623655913,0.9996941,0.009242713,0.0031523108,0.99996996,0.509755156841056,0.98325706,0.5,1.0,0.384,0.2934131736526946,0.22807017543859648,0.23863636363636365,0.31333333333333335,0.13978494623655913,64.6,3.7181000000000024,10.0,424.3720000000002,0.509755156841056,2.5849312582305117,0.5,1.0
O=C(CSc1nc(=O)n(Cc2cccnc2)c2c1CCC2)Nc1c(F)cccc1F,,O=C(CSc1nc(=O)n(Cc2cccnc2)c2c1CCC2)Nc1c(F)cccc1F,0.20169945150547564,0.24489795918367346,0.2840909090909091,0.24293785310734464,0.23243243243243245,0.2621951219512195,0.15625,0.99999464,0.067477584,0.69473535,0.9999619,0.4821014856317587,0.9866756,0.5,1.0,0.24489795918367346,0.2840909090909091,0.24293785310734464,0.23243243243243245,0.2621951219512195,0.15625,76.88,3.1843000000000012,6.0,428.4640000000002,0.4821014856317587,2.504377431664844,0.5,1.0
CCCCCCCc1nc(C)oc1C(=O)NCCCC,,CCCCCCCc1nc(C)oc1C(=O)NCCCC,0.057167072541392555,0.125,0.13333333333333333,0.15286624203821655,0.10526315789473684,0.1506849315068493,0.30714285714285716,0.99315166,0.0028558373,0.0031523108,0.1624499,0.6583602939194128,0.99105775,0.5,1.0,0.125,0.13333333333333333,0.15286624203821655,0.10526315789473684,0.1506849315068493,0.30714285714285716,55.13,4.025820000000003,10.0,280.41200000000003,0.6583602939194128,2.3642792569298994,0.5,1.0
N=c1[nH]c(N)c(C(=O)NCCC(=O)NCCCC(=O)O)nc1Cl,,N=c1[nH]c(N)c(C(=O)NCCC(=O)NCCCC(=O)O)nc1Cl,0.10802557860791924,0.15267175572519084,0.17575757575757575,0.23684210526315788,0.12643678160919541,0.24113475177304963,0.18012422360248448,1.3709068e-05,0.9999965,0.07820028,0.9769707,0.33726299783822905,0.95996636,1.0,1.0,0.15267175572519084,0.17575757575757575,0.23684210526315788,0.12643678160919541,0.24113475177304963,0.18012422360248448,174.04999999999995,-0.7743300000000004,8.0,344.759,0.33726299783822905,2.896135058333636,1.0,1.0
NCC(O)c1ccc(O)c(F)c1,,NCC(O)c1ccc(O)c(F)c1,0.07111839456955305,0.16666666666666666,0.11510791366906475,0.12030075187969924,0.11347517730496454,0.15254237288135594,0.09420289855072464,0.99983513,0.99949247,0.9993898,2.0668098e-05,0.6074455411946933,0.97964305,0.5,1.0,0.16666666666666666,0.11510791366906475,0.12030075187969924,0.11347517730496454,0.15254237288135594,0.09420289855072464,66.48,0.5233999999999999,2.0,171.17099999999996,0.6074455411946933,2.6541157861733513,0.5,1.0
[N-]=[N+]=NCC(=CC=CCNC(=S)NCCCl)CO,,[N-]=[N+]=NCC(=CC=CCNC(=S)NCCCl)CO,0.0,0.0,0.0,0.0,0.0,0.0,0.0,0.0,0.0,0.0,0.0,0.0,0.0,0.0,0.0,0.0,0.0,0.0,0.0,0.0,0.0,0.0,0.0,0.0,0.0,0.0,0.0,0.0,0.0
COC(=O)c1cc(C)ncc1NC(=O)c1cn(CCCOc2ccccc2)c2ncccc12,,COC(=O)c1cc(C)ncc1NC(=O)c1cn(CCCOc2ccccc2)c2ncccc12,0.09118238259580196,0.2111801242236025,0.23316062176165803,0.20207253886010362,0.21212121212121213,0.2032967032967033,0.125,0.9999996,0.0012206435,0.07820028,0.9998544,0.3225047017954643,0.9896432,0.5,1.0,0.2111801242236025,0.23316062176165803,0.20207253886010362,0.21212121212121213,0.2032967032967033,0.125,95.34,4.247720000000003,8.0,444.4910000000002,0.3225047017954643,2.4157963490418446,0.5,1.0
Cc1ccc(Cl)c(C(=O)NC(CNC(=O)Cn2c(=O)[nH]c3cccnc32)C(=O)O)c1F,,Cc1ccc(Cl)c(C(=O)NC(CNC(=O)Cn2c(=O)[nH]c3cccnc32)C(=O)O)c1F,0.4313635555336567,0.33088235294117646,0.3575757575757576,0.6390977443609023,0.2840909090909091,0.3945578231292517,0.164021164021164,0.115796626,0.9983875,0.3052647,0.99977237,0.41984284828726004,0.9362528,1.0,1.0,0.33088235294117646,0.3575757575757576,0.6390977443609023,0.2840909090909091,0.3945578231292517,0.164021164021164,146.18,0.8249199999999994,7.0,449.8260000000002,0.41984284828726004,3.06645473832266,1.0,1.0
Cc1cc2nc(Cn3c(=O)n(-c4ccccn4)c4nc(N5CCCC5)ncc43)n(CC3CCOCC3)c2cc1C,,Cc1cc2nc(Cn3c(=O)n(-c4ccccn4)c4nc(N5CCCC5)ncc43)n(CC3CCOCC3)c2cc1C,0.11237305681324355,0.12690355329949238,0.1572052401746725,0.16143497757847533,0.14102564102564102,0.14418604651162792,0.16517857142857142,0.9999995,0.002933085,0.69473535,0.7210823,0.3222376079875531,0.939438,0.5,1.0,0.12690355329949238,0.1572052401746725,0.16143497757847533,0.14102564102564102,0.14418604651162792,0.16517857142857142,95.89,4.0188400000000035,6.0,538.6560000000005,0.3222376079875531,3.047465731347261,0.5,1.0
O=C(Cn1c(=O)[nH]c2cccnc21)NC(Cc1ccccc1)C(=O)O,,O=C(Cn1c(=O)[nH]c2cccnc21)NC(Cc1ccccc1)C(=O)O,0.5968774116220119,0.4298245614035088,0.31210191082802546,0.30718954248366015,0.27607361963190186,0.2808219178082192,0.18128654970760233,0.9994685,0.99946594,0.69473535,0.9669971,0.6052374059199248,0.98367375,1.0,1.0,0.4298245614035088,0.31210191082802546,0.30718954248366015,0.27607361963190186,0.2808219178082192,0.18128654970760233,117.08,0.5366999999999986,6.0,340.33900000000006,0.6052374059199248,2.5760288466409627,1.0,1.0
Cc1cnc2[nH]c(=O)n(CC(=O)NCC(NC(=O)c3c(Cl)cc(Cl)cc3Cl)C(=O)O)c2c1,,Cc1cnc2[nH]c(=O)n(CC(=O)NCC(NC(=O)c3c(Cl)cc(Cl)cc3Cl)C(=O)O)c2c1,0.4186601299844841,0.3284671532846715,0.3392857142857143,0.6717557251908397,0.29714285714285715,0.37333333333333335,0.15706806282722513,0.115796626,0.87513477,0.3052647,0.984105,0.39014678913653067,0.92114526,1.0,1.0,0.3284671532846715,0.3392857142857143,0.6717557251908397,0.29714285714285715,0.37333333333333335,0.15706806282722513,146.17999999999998,1.9926200000000003,7.0,500.7260000000003,0.39014678913653067,3.1459995613259046,1.0,1.0
O=C1CCc2c(cccc2Nc2cccc(Cl)c2C(=O)O)N1,,O=C1CCc2c(cccc2Nc2cccc(Cl)c2C(=O)O)N1,0.3549045105585905,0.31896551724137934,0.24050632911392406,0.20253164556962025,0.22981366459627328,0.3014705882352941,0.14285714285714285,0.9999968,0.011243999,0.9968477,0.8024979,0.807046332845795,0.9923621,1.0,1.0,0.31896551724137934,0.24050632911392406,0.20253164556962025,0.22981366459627328,0.3014705882352941,0.14285714285714285,78.43,3.666500000000001,3.0,316.744,0.807046332845795,2.309045193415045,1.0,1.0
CCOc1cc(CC(=O)NCC(NC(=O)c2ccccc2Cl)C(=O)O)ccc1C(=O)O,,CCOc1cc(CC(=O)NCC(NC(=O)c2ccccc2Cl)C(=O)O)ccc1C(=O)O,0.2898038103130276,0.43548387096774194,0.37267080745341613,0.36942675159235666,0.28901734104046245,0.4125874125874126,0.1793478260869565,0.33900094,0.8808158,0.0031523108,0.9997901,0.4349411803892404,0.98378813,1.0,1.0,0.43548387096774194,0.37267080745341613,0.36942675159235666,0.28901734104046245,0.4125874125874126,0.1793478260869565,142.03,1.9787999999999994,10.0,448.8590000000002,0.4349411803892404,2.573544693073792,1.0,1.0
CC(C)(C)c1ccc(NCCC(NC(=O)c2c(Cl)cccc2Cl)C(=O)O)c(Cl)c1,,CC(C)(C)c1ccc(NCCC(NC(=O)c2c(Cl)cccc2Cl)C(=O)O)c(Cl)c1,0.15328882017991682,0.4,0.4066666666666667,0.3576158940397351,0.39215686274509803,0.5483870967741935,0.21052631578947367,0.9999968,6.0796738e-06,0.3052647,0.99955684,0.5033265454055766,0.9752078,1.0,1.0,0.4,0.4066666666666667,0.3576158940397351,0.39215686274509803,0.5483870967741935,0.21052631578947367,78.42999999999999,5.629500000000004,7.0,457.7850000000001,0.5033265454055766,2.724174501316323,1.0,1.0
C=C(C)C1CCC2(C(=O)O)CCC3(C)C(CCC4C5(C)CCC(OC(=O)CC(C)C)C(C)(C)C5CCC43C)C12,,C=C(C)C1CCC2(C(=O)O)CCC3(C)C(CCC4C5(C)CCC(OC(=O)CC(C)C)C(C)(C)C5CCC43C)C12,0.03455865600625395,0.057291666666666664,0.06956521739130435,0.07142857142857142,0.046413502109704644,0.08095238095238096,0.1921182266009852,0.99957496,0.0,0.9217998,0.68306494,0.27976413954663654,0.08808595,1.0,1.0,0.057291666666666664,0.06956521739130435,0.07142857142857142,0.046413502109704644,0.08095238095238096,0.1921182266009852,63.6,8.686500000000006,5.0,540.8290000000004,0.27976413954663654,4.812037713696972,1.0,1.0
CN(C)C(CN=c1[nH]c(=NC(Cc2ccc(OC(=O)N3CCCC3)cc2)C(=O)O)[nH]c2c1ncn2CC(=O)O)C(F)(F)F,,CN(C)C(CN=c1[nH]c(=NC(Cc2ccc(OC(=O)N3CCCC3)cc2)C(=O)O)[nH]c2c1ncn2CC(=O)O)C(F)(F)F,0.028010484203143126,0.18478260869565216,0.18099547511312217,0.21428571428571427,0.16371681415929204,0.18627450980392157,0.20093457943925233,1.1920929e-06,0.9874964,0.0031523108,0.0073567033,0.26618724627882756,0.22040874,1.0,1.0,0.18478260869565216,0.18099547511312217,0.21428571428571427,0.16371681415929204,0.18627450980392157,0.20093457943925233,181.50000000000003,1.3615000000000022,10.0,608.5780000000005,0.26618724627882756,4.4389102542491505,1.0,1.0
O=C(O)CNCC(CC(NC(=O)c1c(F)cc(-c2ccccc2)cc1Cl)C(=O)O)C(=O)NCC(F)(F)F,,O=C(O)CNCC(CC(NC(=O)c1c(F)cc(-c2ccccc2)cc1Cl)C(=O)O)C(=O)NCC(F)(F)F,0.14068575010118803,0.33793103448275863,0.35428571428571426,0.32,0.2918918918918919,0.4155844155844156,0.17676767676767677,0.16955495,0.32698333,0.00011789799,0.54407454,0.25690700583173387,0.8244538,1.0,1.0,0.33793103448275863,0.35428571428571426,0.32,0.2918918918918919,0.4155844155844156,0.17676767676767677,144.83,2.6881000000000004,12.0,547.8890000000002,0.25690700583173387,3.462580220385382,1.0,1.0
O=C(NC(CNc1ccccc1-c1ccccc1)C(=O)O)c1ccc(=O)[nH]c1,,O=C(NC(CNc1ccccc1-c1ccccc1)C(=O)O)c1ccc(=O)[nH]c1,0.49911717994751786,0.34108527131782945,0.2934131736526946,0.22807017543859648,0.30538922155688625,0.3586206896551724,0.15217391304347827,0.99992085,0.65147656,0.3052647,0.99846965,0.5050021735529074,0.98295444,1.0,1.0,0.34108527131782945,0.2934131736526946,0.22807017543859648,0.30538922155688625,0.3586206896551724,0.15217391304347827,111.28999999999999,2.3369999999999997,7.0,377.4000000000001,0.5050021735529074,2.591262346351252,1.0,1.0
C=CCc1c(O)c(C(=O)O)cc(CCC)c1OC(C(=O)O)c1ccccc1,,C=CCc1c(O)c(C(=O)O)cc(CCC)c1OC(C(=O)O)c1ccccc1,0.19334167934199697,0.3170731707317073,0.24242424242424243,0.20606060606060606,0.20348837209302326,0.273972602739726,0.17543859649122806,0.99999267,0.0034540296,0.01611495,0.9972536,0.5769773167701672,0.9470263,1.0,1.0,0.3170731707317073,0.24242424242424243,0.20606060606060606,0.20348837209302326,0.273972602739726,0.17543859649122806,104.06000000000002,3.9761000000000024,9.0,370.401,0.5769773167701672,2.9981583466866937,1.0,1.0
COc1ccc(C(=O)NC(CNC(=O)Cn2c(=O)[nH]c3cc(F)c(F)cc32)C(=O)O)c(F)c1,,COc1ccc(C(=O)NC(CNC(=O)Cn2c(=O)[nH]c3cc(F)c(F)cc32)C(=O)O)c(F)c1,0.398408737655485,0.34057971014492755,0.3103448275862069,0.5310344827586206,0.2777777777777778,0.34838709677419355,0.15463917525773196,0.30387092,0.998767,0.07820028,0.99909097,0.386108764201116,0.95312715,1.0,1.0,0.34057971014492755,0.3103448275862069,0.5310344827586206,0.2777777777777778,0.34838709677419355,0.15463917525773196,142.51999999999998,0.7548999999999992,8.0,466.3720000000001,0.386108764201116,2.953416424009786,1.0,1.0
O=C(CCCCCNC(=O)NC12CC3CC(CC(C3)C1)C2)NCC(NC(=O)c1c(Cl)cccc1Cl)C(=O)NCc1ccc2c(c1)OCO2,,O=C(CCCCCNC(=O)NC12CC3CC(CC(C3)C1)C2)NCC(NC(=O)c1c(Cl)cccc1Cl)C(=O)NCc1ccc2c(c1)OCO2,0.0033328064431334637,0.19523809523809524,0.2564102564102564,0.21518987341772153,0.19838056680161945,0.29107981220657275,0.1885245901639344,0.09394407,4.9829483e-05,4.4107437e-06,3.33786e-06,0.17389804546066898,0.20013821,0.5,1.0,0.19523809523809524,0.2564102564102564,0.21518987341772153,0.19838056680161945,0.29107981220657275,0.1885245901639344,146.89,5.081500000000004,14.0,700.6640000000001,0.17389804546066898,4.4813479550385535,0.5,1.0
COCCN1CCCC12CCN(c1ncc(F)cn1)CC2,,COCCN1CCCC12CCN(c1ncc(F)cn1)CC2,0.19422345807595764,0.08759124087591241,0.10344827586206896,0.11377245508982035,0.07777777777777778,0.10897435897435898,0.16049382716049382,0.62013525,0.9561446,0.983885,0.3843636,0.8452063123800918,0.89721435,0.5,1.0,0.08759124087591241,0.10344827586206896,0.11377245508982035,0.07777777777777778,0.10897435897435898,0.16049382716049382,41.49,1.6969,4.0,294.3740000000001,0.8452063123800918,3.247229162978263,0.5,1.0
COCC1CNCC(=O)N1C1CCN(CC(NC(=O)c2cc(Cl)ccc2Cl)C(=O)O)CC1,,COCC1CNCC(=O)N1C1CCN(CC(NC(=O)c2cc(Cl)ccc2Cl)C(=O)O)CC1,0.42405669761676146,0.2689655172413793,0.22702702702702704,0.24157303370786518,0.19270833333333334,0.2839506172839506,0.23204419889502761,0.9999229,0.9955936,0.07820028,0.9947427,0.5035978688056977,0.8307981,1.0,1.0,0.2689655172413793,0.22702702702702704,0.24157303370786518,0.19270833333333334,0.2839506172839506,0.23204419889502761,111.21,1.087600000000001,8.0,487.38400000000024,0.5035978688056977,3.447127732076922,1.0,1.0
N=C(N)c1cc(C(=O)NC(CNC(=O)Cn2c(=O)[nH]c3ncccc32)C(=O)O)ccc1Oc1ccccc1,,N=C(N)c1cc(C(=O)NC(CNC(=O)Cn2c(=O)[nH]c3ncccc32)C(=O)O)ccc1Oc1ccccc1,0.03465928912417392,0.27607361963190186,0.29381443298969073,0.44970414201183434,0.2777777777777778,0.281767955801105,0.14351851851851852,0.0,0.9985323,0.0031523108,0.93825847,0.13070069517537344,0.92368615,1.0,1.0,0.27607361963190186,0.29381443298969073,0.44970414201183434,0.2777777777777778,0.281767955801105,0.14351851851851852,205.27999999999997,0.8003700000000005,10.0,517.5020000000002,0.13070069517537344,3.1336629055272454,1.0,1.0
COc1ccc(Cl)c2[nH]c(C(=O)NC(CNC(=O)CNS(=O)(=O)c3ccc(O)cc3)C(=O)O)cc12,,COc1ccc(Cl)c2[nH]c(C(=O)NC(CNC(=O)CNS(=O)(=O)c3ccc(O)cc3)C(=O)O)cc12,0.051505807910379585,0.28859060402684567,0.2983425414364641,0.3236994219653179,0.234375,0.3333333333333333,0.14925373134328357,2.3841858e-07,0.9984583,0.0031523108,0.8907441,0.2245926509449145,0.94260794,1.0,1.0,0.28859060402684567,0.2983425414364641,0.3236994219653179,0.234375,0.3333333333333333,0.14925373134328357,186.91999999999996,0.8132,10.0,524.9390000000002,0.2245926509449145,3.0276166529394555,1.0,1.0
Cc1ccc(C(=O)NC(Cc2ccc(OC(=O)N3CCCC3)cc2)C(=O)O)cc1,,Cc1ccc(C(=O)NC(Cc2ccc(OC(=O)N3CCCC3)cc2)C(=O)O)cc1,0.49621242398746246,0.4180327868852459,0.3416149068322981,0.26506024096385544,0.2823529411764706,0.3221476510067114,0.2254335260115607,0.99999946,0.12157345,0.69473535,0.999689,0.7825180996999832,0.99086106,1.0,1.0,0.4180327868852459,0.3416149068322981,0.26506024096385544,0.2823529411764706,0.3221476510067114,0.2254335260115607,95.94000000000001,3.015320000000001,6.0,396.4430000000002,0.7825180996999832,2.371906829213568,1.0,1.0
CCNC(=O)Nc1cnnc(-c2ccc(CC(NC(=O)c3c(Cl)cccc3Cl)C(=O)O)cc2)c1,,CCNC(=O)Nc1cnnc(-c2ccc(CC(NC(=O)c3c(Cl)cccc3Cl)C(=O)O)cc2)c1,0.25725727540823673,0.44696969696969696,1.0,0.3333333333333333,0.44785276073619634,0.4527027027027027,0.15577889447236182,0.9003047,0.002948165,0.07820028,0.9818199,0.36791043130062656,0.9595743,1.0,1.0,0.44696969696969696,1.0,0.3333333333333333,0.44785276073619634,0.4527027027027027,0.15577889447236182,133.30999999999997,4.017500000000003,8.0,502.3580000000002,0.36791043130062656,2.8996634345974357,1.0,1.0
Cc1ccc(-c2cc(=O)c3nn(CC(C)(C)C)c(=O)n3[nH]2)cc1,,Cc1ccc(-c2cc(=O)c3nn(CC(C)(C)C)c(=O)n3[nH]2)cc1,0.25166146249509563,0.1889763779527559,0.2125,0.189873417721519,0.14619883040935672,0.18243243243243243,0.11764705882352941,0.9999745,0.7556464,0.9993898,0.73807645,0.7882773077091496,0.96464777,0.5,1.0,0.1889763779527559,0.2125,0.189873417721519,0.14619883040935672,0.18243243243243243,0.11764705882352941,72.16,2.20582,2.0,312.373,0.7882773077091496,2.851238674072736,0.5,1.0
O=C(NCC(NC(=O)c1c(Cl)cccc1Cl)C(=O)O)c1c(Cl)cccc1Cl,,O=C(NCC(NC(=O)c1c(Cl)cccc1Cl)C(=O)O)c1c(Cl)cccc1Cl,0.3562316567137135,0.41739130434782606,0.4305555555555556,0.41843971631205673,0.4647887323943662,0.496,0.14124293785310735,0.9999996,0.004392922,0.69473535,0.999767,0.6223442940278322,0.98318595,1.0,1.0,0.41739130434782606,0.4305555555555556,0.41843971631205673,0.4647887323943662,0.496,0.14124293785310735,95.50000000000001,3.9132000000000025,6.0,450.10500000000013,0.6223442940278322,2.5864294542536914,1.0,1.0
Cc1cc(C)n(C2CCN(c3ncnc4occ(-c5ccc(C(C)(C)C)cc5)c34)C2)n1,,Cc1cc(C)n(C2CCN(c3ncnc4occ(-c5ccc(C(C)(C)C)cc5)c34)C2)n1,0.0714864658787158,0.16560509554140126,0.21505376344086022,0.1702127659574468,0.1875,0.17613636363636365,0.13846153846153847,0.9986033,1.2040138e-05,0.9968477,0.9999372,0.44508763519965394,0.8888261,0.5,1.0,0.16560509554140126,0.21505376344086022,0.1702127659574468,0.1875,0.17613636363636365,0.13846153846153847,59.980000000000004,5.4520400000000055,3.0,415.5410000000002,0.44508763519965394,3.277749082214064,0.5,1.0
Cc1nc(C)c(C(=O)NC2CCN(C(CNS(=O)(=O)C(C)C)c3ccc(F)cc3)CC2)s1,,Cc1nc(C)c(C(=O)NC2CCN(C(CNS(=O)(=O)C(C)C)c3ccc(F)cc3)CC2)s1,0.1631928428186296,0.2517482517482518,0.24719101123595505,0.2558139534883721,0.19148936170212766,0.27672955974842767,0.1978021978021978,0.9999999,0.07297772,0.07820028,0.99645793,0.6031593540489321,0.9486653,0.5,1.0,0.2517482517482518,0.24719101123595505,0.2558139534883721,0.19148936170212766,0.27672955974842767,0.1978021978021978,91.4,3.162340000000002,8.0,482.6470000000002,0.6031593540489321,2.9866384147138962,0.5,1.0
O=C(Cn1cnc2c(ncn2CCC(F)(F)F)c1=O)NCC(NC(=O)c1ccccc1Cl)C(=O)O,,O=C(Cn1cnc2c(ncn2CCC(F)(F)F)c1=O)NCC(NC(=O)c1ccccc1Cl)C(=O)O,0.27315555227624844,0.3219178082191781,0.2896174863387978,0.42857142857142855,0.25925925925925924,0.3395061728395062,0.1717171717171717,0.06293762,0.99327946,0.01611495,0.9499453,0.3883115389657813,0.9270569,1.0,1.0,0.3219178082191781,0.2896174863387978,0.42857142857142855,0.25925925925925924,0.3395061728395062,0.1717171717171717,148.20999999999998,1.1981999999999997,9.0,514.8480000000002,0.3883115389657813,3.1167022298625326,1.0,1.0
CCN(CC)CCNC(=O)CC1C(=O)NCCN1C(=O)c1ccccc1,,CCN(CC)CCNC(=O)CC1C(=O)NCCN1C(=O)c1ccccc1,0.20605700501565088,0.20588235294117646,0.18285714285714286,0.17543859649122806,0.12972972972972974,0.23684210526315788,0.20118343195266272,0.9999989,0.999578,0.07820028,0.993708,0.7063429860074901,0.9781018,0.5,1.0,0.20588235294117646,0.18285714285714286,0.17543859649122806,0.12972972972972974,0.23684210526315788,0.20118343195266272,81.75,0.4753000000000023,8.0,360.4580000000001,0.7063429860074901,2.6800195993714286,0.5,1.0
Cc1nc(C(C#N)NC(=O)COc2c(F)c(F)cc(F)c2F)sc1CCCC(=O)O,,Cc1nc(C(C#N)NC(=O)COc2c(F)c(F)cc(F)c2F)sc1CCCC(=O)O,0.2597180257034573,0.24285714285714285,0.2122905027932961,0.2787878787878788,0.2303370786516854,0.24528301886792453,0.19662921348314608,0.99988925,0.06973332,0.01611495,0.99984294,0.45299304677462254,0.8360976,1.0,1.0,0.24285714285714285,0.2122905027932961,0.2787878787878788,0.2303370786516854,0.24528301886792453,0.19662921348314608,112.31000000000002,3.1751000000000014,9.0,445.3940000000002,0.45299304677462254,3.4338625737430206,1.0,1.0
Cc1ccc(C(=O)c2cccnc2)cc1NC(=O)NC1CCCCN(CC(=O)NC(CC(=O)O)c2cccnc2)C1=O,,Cc1ccc(C(=O)c2cccnc2)cc1NC(=O)NC1CCCCN(CC(=O)NC(CC(=O)O)c2cccnc2)C1=O,0.05816693770331658,0.1989247311827957,0.26666666666666666,0.20930232558139536,0.18061674008810572,0.22885572139303484,0.2018348623853211,4.1246414e-05,0.20647234,0.0031523108,0.13077211,0.2687338755607916,0.83945507,1.0,1.0,0.1989247311827957,0.26666666666666666,0.20930232558139536,0.18061674008810572,0.22885572139303484,0.2018348623853211,170.69,2.8508200000000006,10.0,572.6220000000004,0.2687338755607916,3.425279353114492,1.0,1.0
CCn1cnc(CC(CNC(=O)C(Cc2ccccc2)NC(=O)Cn2c(=O)[nH]c3ncccc32)NC(=O)c2c(C)cc(C#N)cc2C)c1,,CCn1cnc(CC(CNC(=O)C(Cc2ccccc2)NC(=O)Cn2c(=O)[nH]c3ncccc32)NC(=O)c2c(C)cc(C#N)cc2C)c1,0.006319011710260562,0.21393034825870647,0.2317596566523605,0.30697674418604654,0.21940928270042195,0.2072072072072072,0.15040650406504066,2.2649765e-06,0.67080015,2.2768974e-05,0.00027912855,0.15139055679860022,0.55149055,0.5,1.0,0.21393034825870647,0.2317596566523605,0.30697674418604654,0.21940928270042195,0.2072072072072072,0.15040650406504066,179.58999999999997,2.314520000000001,13.0,647.74,0.15139055679860022,3.9281868131375095,0.5,1.0
Cc1cccc(C)c1C(=O)NC(C=CCn1cnc2c(=N)[nH]cnc21)C(=O)O,,Cc1cccc(C)c1C(=O)NC(C=CCn1cnc2c(=N)[nH]cnc21)C(=O)O,0.5088037363782338,0.2740740740740741,0.24277456647398843,0.30625,0.21910112359550563,0.2645161290322581,0.16574585635359115,0.74441767,0.9902813,0.69473535,0.99880993,0.4777671145464134,0.66836786,1.0,1.0,0.2740740740740741,0.24277456647398843,0.30625,0.21910112359550563,0.2645161290322581,0.16574585635359115,136.75,1.2951100000000004,6.0,380.4080000000001,0.4777671145464134,3.7565129824459262,1.0,1.0
Cc1cc(CCCOc2cc3ccn(CC(=O)NCC(NC(=O)c4c(Cl)cccc4Cl)C(=O)O)c3cn2)on1,,Cc1cc(CCCOc2cc3ccn(CC(=O)NCC(NC(=O)c4c(Cl)cccc4Cl)C(=O)O)c3cn2)on1,0.07322945979376046,0.2926829268292683,0.39344262295081966,0.43103448275862066,0.3526315789473684,0.40476190476190477,0.1784037558685446,0.05613029,0.011946738,0.00011789799,0.11458075,0.21732409922079649,0.8652511,1.0,1.0,0.2926829268292683,0.39344262295081966,0.43103448275862066,0.3526315789473684,0.40476190476190477,0.1784037558685446,148.57999999999998,3.650520000000001,12.0,574.4210000000002,0.21732409922079649,3.3539064972743713,1.0,1.0
Cc1c(C=Cc2ccc(Cl)cc2C(F)(F)F)nc2c(N3CCOCC3)ccnn12,,Cc1c(C=Cc2ccc(Cl)cc2C(F)(F)F)nc2c(N3CCOCC3)ccnn12,0.10052073751853748,0.21232876712328766,0.1956521739130435,0.2159090909090909,0.1746031746031746,0.19642857142857142,0.1368421052631579,0.70578134,0.00020188093,0.9968477,0.9999659,0.6123978804716309,0.9506866,0.5,1.0,0.21232876712328766,0.1956521739130435,0.2159090909090909,0.1746031746031746,0.19642857142857142,0.1368421052631579,42.66,4.7169200000000036,3.0,422.8380000000002,0.6123978804716309,2.97194240744993,0.5,1.0
Nc1ccc(Br)c(Cl)c1,,Nc1ccc(Br)c(Cl)c1,0.05293603725675702,0.18604651162790697,0.12403100775193798,0.13008130081300814,0.12213740458015267,0.17757009345794392,0.06015037593984962,0.009965691,0.32986128,0.99997723,0.00039695078,0.6490916010620661,0.99712497,0.5,1.0,0.18604651162790697,0.12403100775193798,0.13008130081300814,0.12213740458015267,0.17757009345794392,0.06015037593984962,26.02,2.6847000000000003,0.0,206.47000000000003,0.6490916010620661,1.967910699533249,0.5,1.0
CCCCCCCCCc1ccc(OC=Cc2ccc(CCC(=O)CC(N)C(=O)O)cc2)cc1,,CCCCCCCCCc1ccc(OC=Cc2ccc(CCC(=O)CC(N)C(=O)O)cc2)cc1,0.012555272017101906,0.24358974358974358,0.2153846153846154,0.17258883248730963,0.17733990147783252,0.23163841807909605,0.3163841807909605,0.9999999,3.5762787e-07,0.0,0.9991454,0.21031720126371717,0.9509143,1.0,1.0,0.24358974358974358,0.2153846153846154,0.17258883248730963,0.17733990147783252,0.23163841807909605,0.3163841807909605,89.62,6.333100000000006,17.0,465.6340000000003,0.21031720126371717,2.970250856443089,1.0,1.0
CN(C)C(CNC(=O)C(=O)NC(Cc1ccccc1)C(=O)O)c1ccccc1,,CN(C)C(CNC(=O)C(=O)NC(Cc1ccccc1)C(=O)O)c1ccccc1,0.47673742540844466,0.4482758620689655,0.34394904458598724,0.2732919254658385,0.28313253012048195,0.352112676056338,0.1896551724137931,0.99999875,0.99276376,0.07820028,0.9990772,0.5955295276094241,0.9756769,1.0,1.0,0.4482758620689655,0.34394904458598724,0.2732919254658385,0.28313253012048195,0.352112676056338,0.1896551724137931,98.74000000000001,1.2176000000000016,8.0,383.4480000000001,0.5955295276094241,2.7173701103691794,1.0,1.0
O=C(COc1c(Cl)cccc1Cl)NCC(NC(=O)c1c(Cl)cccc1Cl)C(=O)O,,O=C(COc1c(Cl)cccc1Cl)NCC(NC(=O)c1c(Cl)cccc1Cl)C(=O)O,0.30128931749435095,0.3790322580645161,0.40789473684210525,0.43448275862068964,0.4304635761589404,0.48854961832061067,0.15384615384615385,0.9999908,0.010747492,0.07820028,0.99712884,0.535221024384296,0.9783482,1.0,1.0,0.3790322580645161,0.40789473684210525,0.43448275862068964,0.4304635761589404,0.48854961832061067,0.15384615384615385,104.73,3.678400000000001,8.0,480.1310000000002,0.535221024384296,2.676000514349054,1.0,1.0
CC(=O)Nc1ccc(C(=O)NC(Cc2ccc(-c3cccc(NC(C)=O)c3)cc2)C(=O)O)cc1,,CC(=O)Nc1ccc(C(=O)NC(Cc2ccc(-c3cccc(NC(C)=O)c3)cc2)C(=O)O)cc1,0.272192936576039,0.3795620437956204,0.4233128834355828,0.24861878453038674,0.33714285714285713,0.3067484662576687,0.16326530612244897,0.99373,0.010048807,0.07820028,0.9994884,0.40888843810598363,0.9895407,1.0,1.0,0.3795620437956204,0.4233128834355828,0.24861878453038674,0.33714285714285713,0.3067484662576687,0.16326530612244897,124.60000000000001,3.6961000000000013,8.0,459.5020000000001,0.40888843810598363,2.4192558232614036,1.0,1.0
CCc1oc(C(=O)NC(CCC(=O)O)C(=O)O)cc1Cl,,CCc1oc(C(=O)NC(CCC(=O)O)C(=O)O)cc1Cl,0.4769806189020675,0.23636363636363636,0.22602739726027396,0.2446043165467626,0.1830065359477124,0.24031007751937986,0.2152777777777778,0.99950886,0.97520137,0.3052647,0.5767961,0.7031736230196407,0.9520118,1.0,1.0,0.23636363636363636,0.22602739726027396,0.2446043165467626,0.1830065359477124,0.24031007751937986,0.2152777777777778,116.84000000000002,1.5431999999999997,7.0,303.698,0.7031736230196407,2.961993612319505,1.0,1.0
CN1CCN(C(=O)CCn2nc(-c3ccccc3)c3c([nH]c4ccccc43)c2=O)CC1,,CN1CCN(C(=O)CCn2nc(-c3ccccc3)c3c([nH]c4ccccc43)c2=O)CC1,0.22775871572060752,0.189873417721519,0.2222222222222222,0.15979381443298968,0.19487179487179487,0.1712707182320442,0.11274509803921569,0.9999871,0.30966562,0.983885,0.99993694,0.5562279483021657,0.98927534,0.5,1.0,0.189873417721519,0.2222222222222222,0.15979381443298968,0.19487179487179487,0.1712707182320442,0.11274509803921569,74.23,2.7089000000000008,4.0,415.49700000000024,0.5562279483021657,2.428052934371628,0.5,1.0
O=C(O)C1CCC(CNCCO)CC1,,O=C(O)C1CCC(CNCCO)CC1,0.16794665122802954,0.08108108108108109,0.07947019867549669,0.09027777777777778,0.057692307692307696,0.125,0.15217391304347827,0.99994016,0.9996031,0.9217998,0.0002567801,0.5651258909847636,0.9950869,1.0,1.0,0.08108108108108109,0.07947019867549669,0.09027777777777778,0.057692307692307696,0.125,0.15217391304347827,69.56,0.45929999999999993,5.0,201.26599999999996,0.5651258909847636,2.1547953785915475,1.0,1.0
CC(=O)N=c1cc(-c2ccc(CC(NC(=O)c3c(Cl)cccc3Cl)C(=O)O)cc2)cc[nH]1,,CC(=O)N=c1cc(-c2ccc(CC(NC(=O)c3c(Cl)cccc3Cl)C(=O)O)cc2)cc[nH]1,0.3566415519317532,0.47580645161290325,0.5694444444444444,0.3253012048192771,0.47096774193548385,0.44755244755244755,0.15625,0.9999118,0.005353868,0.69473535,0.99850404,0.5059629903250479,0.9220595,1.0,1.0,0.47580645161290325,0.5694444444444444,0.3253012048192771,0.47096774193548385,0.44755244755244755,0.15625,111.62,3.8614000000000015,6.0,472.3280000000001,0.5059629903250479,3.141603447714603,1.0,1.0
COCCOC(=O)NC(CC(C)C)C(=O)NC(C=O)Cc1ccccc1,,COCCOC(=O)NC(CC(C)C)C(=O)NC(C=O)Cc1ccccc1,0.11555611195650708,0.23846153846153847,0.19298245614035087,0.17159763313609466,0.14444444444444443,0.21710526315789475,0.21951219512195122,0.99999976,0.9556267,0.00061023235,0.9954847,0.4603976717134537,0.9545892,0.5,1.0,0.23846153846153847,0.19298245614035087,0.17159763313609466,0.14444444444444443,0.21710526315789475,0.21951219512195122,93.72999999999999,1.7001000000000002,11.0,364.4420000000001,0.4603976717134537,2.9418743036908843,0.5,1.0
O=C(Cn1c(=O)[nH]c2cccnc21)NCC(NC(=O)c1cc(C(F)(F)F)cc(C(F)(F)F)c1)C(=O)O,,O=C(Cn1c(=O)[nH]c2cccnc21)NCC(NC(=O)c1cc(C(F)(F)F)cc(C(F)(F)F)c1)C(=O)O,0.38170164225066916,0.2532467532467532,0.26881720430107525,0.42857142857142855,0.2205128205128205,0.2994011976047904,0.15422885572139303,0.115796626,0.94447076,0.3052647,0.9286191,0.3502162352685921,0.9190577,1.0,1.0,0.2532467532467532,0.26881720430107525,0.42857142857142855,0.2205128205128205,0.2994011976047904,0.15422885572139303,146.17999999999998,1.7615999999999996,7.0,519.3580000000002,0.3502162352685921,3.1558662073453903,1.0,1.0
Cc1[nH][nH]c(=O)c1C(NC(=O)CNC(=O)CNC(=O)c1ccc(Cl)cc1Cl)C(=O)NCc1ccncc1,,Cc1[nH][nH]c(=O)c1C(NC(=O)CNC(=O)CNC(=O)c1ccc(Cl)cc1Cl)C(=O)NCc1ccncc1,0.03192722178313251,0.3051948051948052,0.2708333333333333,0.29347826086956524,0.21182266009852216,0.2857142857142857,0.1320754716981132,3.8146973e-06,0.9988658,0.0031523108,0.5337125,0.21757019473381067,0.9087121,0.5,1.0,0.3051948051948052,0.2708333333333333,0.29347826086956524,0.21182266009852216,0.2857142857142857,0.1320754716981132,177.94,0.7331200000000018,10.0,548.3870000000002,0.21757019473381067,3.2015896346577994,0.5,1.0
O=C(O)C(=Cc1cccc(O)c1)C(=O)O,,O=C(O)C(=Cc1cccc(O)c1)C(=O)O,0.21196176486386525,0.23469387755102042,0.16312056737588654,0.15328467153284672,0.16083916083916083,0.1885245901639344,0.1347517730496454,0.99999964,0.99744797,0.9968477,0.0004576068,0.39013906791936814,0.9935397,1.0,1.0,0.23469387755102042,0.16312056737588654,0.15328467153284672,0.16083916083916083,0.1885245901639344,0.1347517730496454,94.83,0.9448000000000001,3.0,208.16899999999998,0.39013906791936814,2.2504561957269935,1.0,1.0
CCCC(NC(=O)C(C)(C#CC1(OC)CN2CCC1CC2)c1ccccc1)C(=O)NC(CNC(C)C)C(=O)O,,CCCC(NC(=O)C(C)(C#CC1(OC)CN2CCC1CC2)c1ccccc1)C(=O)NC(CNC(C)C)C(=O)O,0.12654102682037208,0.20238095238095238,0.18357487922705315,0.17733990147783252,0.1382488479262673,0.23497267759562843,0.2617801047120419,0.9986124,0.905607,0.00011789799,0.6853076,0.29911451933540806,0.050852656,1.0,1.0,0.20238095238095238,0.18357487922705315,0.17733990147783252,0.1382488479262673,0.23497267759562843,0.2617801047120419,120.00000000000001,1.9108000000000023,12.0,540.7050000000003,0.29911451933540806,5.016816032133743,1.0,1.0
Cc1ccc(F)c(C(=O)NC(CNC(=O)Cn2c(=O)[nH]c3ncccc32)C(=O)O)c1F,,Cc1ccc(F)c(C(=O)NC(CNC(=O)Cn2c(=O)[nH]c3ncccc32)C(=O)O)c1F,0.437041352170619,0.33088235294117646,0.3575757575757576,0.7723577235772358,0.2988505747126437,0.3945578231292517,0.164021164021164,0.115796626,0.99977565,0.3052647,0.9999426,0.4218872958014497,0.92809796,1.0,1.0,0.33088235294117646,0.3575757575757576,0.7723577235772358,0.2988505747126437,0.3945578231292517,0.164021164021164,146.18,0.3106200000000001,7.0,433.37100000000015,0.4218872958014497,3.1113179057434763,1.0,1.0
CC1(C)C2CCC1(C)C(OC(=O)CCCOCCCN1CCN(CCCN=c3cc[nH]c4cc(Cl)ccc34)CC1)C2,,CC1(C)C2CCC1(C)C(OC(=O)CCCOCCCN1CCN(CCCN=c3cc[nH]c4cc(Cl)ccc34)CC1)C2,0.009533428882265172,0.12060301507537688,0.11764705882352941,0.13043478260869565,0.102880658436214,0.13302752293577982,0.2073732718894009,0.9999509,5.1259995e-06,2.2768974e-05,0.04973328,0.24244163456355003,0.10327065,0.5,1.0,0.12060301507537688,0.11764705882352941,0.13043478260869565,0.102880658436214,0.13302752293577982,0.2073732718894009,70.16,5.674600000000006,13.0,585.2330000000001,0.24244163456355003,4.750947612552744,0.5,1.0
COc1ccc(Cl)c(C(=O)NCC(NC(=O)C(C)n2c(C(C)(C)C)nc3cncnc32)C(=O)O)c1,,COc1ccc(Cl)c(C(=O)NCC(NC(=O)C(C)n2c(C(C)(C)C)nc3cncnc32)C(=O)O)c1,0.29304698404780855,0.24836601307189543,0.2648648648648649,0.3179190751445087,0.20408163265306123,0.27976190476190477,0.19170984455958548,0.060649574,0.6434178,0.07820028,0.9808996,0.42473035803955717,0.82857794,1.0,1.0,0.24836601307189543,0.2648648648648649,0.3179190751445087,0.20408163265306123,0.27976190476190477,0.19170984455958548,148.33,2.3461999999999996,8.0,502.9590000000003,0.42473035803955717,3.452586569324245,1.0,1.0
Cc1ccc(C(=O)NCC(=O)NC2CCCc3ccccc32)cc1,,Cc1ccc(C(=O)NCC(=O)NC2CCCc3ccccc32)cc1,0.25012739564931075,0.32786885245901637,0.2654320987654321,0.2360248447204969,0.21764705882352942,0.30985915492957744,0.1686046511627907,0.99749446,0.16707313,0.983885,0.8671774,0.9091268860238761,0.99318105,0.5,1.0,0.32786885245901637,0.2654320987654321,0.2360248447204969,0.21764705882352942,0.30985915492957744,0.1686046511627907,58.2,2.9186200000000015,4.0,322.408,0.9091268860238761,2.2693525973174022,0.5,1.0
COC(=O)NC1NCC(c2ccc(F)c(Br)c2)NC1=O,,COC(=O)NC1NCC(c2ccc(F)c(Br)c2)NC1=O,0.27776926003319447,0.23684210526315788,0.2185430463576159,0.2361111111111111,0.16981132075471697,0.27906976744186046,0.16883116883116883,0.99999774,0.9964536,0.9993898,0.9794606,0.7475166927461128,0.69904727,0.5,1.0,0.23684210526315788,0.2185430463576159,0.2361111111111111,0.16981132075471697,0.27906976744186046,0.16883116883116883,79.46000000000001,1.0307999999999997,2.0,346.156,0.7475166927461128,3.7071933368913905,0.5,1.0
COc1cccc(-c2nnn(CC(=O)N(CCC(C)C)CC(=O)NCC3CCCO3)n2)c1,,COc1cccc(-c2nnn(CC(=O)N(CCC(C)C)CC(=O)NCC3CCCO3)n2)c1,0.10864562735787746,0.11904761904761904,0.16666666666666666,0.15979381443298968,0.10426540284360189,0.16483516483516483,0.21390374331550802,0.999916,0.97738487,0.00061023235,0.99985385,0.55921256672097,0.948579,0.5,1.0,0.11904761904761904,0.16666666666666666,0.15979381443298968,0.10426540284360189,0.16483516483516483,0.21390374331550802,111.47000000000001,1.5186000000000004,11.0,444.5360000000003,0.55921256672097,2.98725348618089,0.5,1.0
O=C(NC(C(=O)O)c1ccccc1)c1cc(C(=O)O)c(-c2ccccc2)c(F)c1F,,O=C(NC(C(=O)O)c1ccccc1)c1cc(C(=O)O)c(-c2ccccc2)c(F)c1F,0.32100138234049175,0.4032258064516129,0.3312883435582822,0.23391812865497075,0.3353658536585366,0.3026315789473684,0.11518324607329843,0.9999935,0.0048795342,0.69473535,0.9999107,0.5710983806003307,0.9780807,1.0,1.0,0.4032258064516129,0.3312883435582822,0.23391812865497075,0.3353658536585366,0.3026315789473684,0.11518324607329843,103.7,3.8857000000000017,6.0,411.36000000000007,0.5710983806003307,2.680361719042166,1.0,1.0
N=C(N)NS(=O)(=O)c1ccc(NC(=O)CNC(O)c2cc3cnccc3s2)cc1,,N=C(N)NS(=O)(=O)c1ccc(NC(=O)CNC(O)c2cc3cnccc3s2)cc1,0.0687277727501808,0.20833333333333334,0.22598870056497175,0.2057142857142857,0.19021739130434784,0.22981366459627328,0.14516129032258066,4.708767e-05,0.9990486,0.3052647,0.9999369,0.18034765981641052,0.86280674,0.5,1.0,0.20833333333333334,0.22598870056497175,0.2057142857142857,0.19021739130434784,0.22981366459627328,0.14516129032258066,170.28999999999996,0.6872700000000003,7.0,434.5030000000001,0.18034765981641052,3.3611355138081054,0.5,1.0
Cc1ccc2ccc(NC(=O)CCc3nc4ccccc4[nH]3)cc2n1,,Cc1ccc2ccc(NC(=O)CCc3nc4ccccc4[nH]3)cc2n1,0.14034160722253372,0.20714285714285716,0.21142857142857144,0.17714285714285713,0.2441860465116279,0.17682926829268292,0.11229946524064172,0.9999584,0.0032649636,0.983885,0.9272132,0.5941701929582813,0.99620324,0.5,1.0,0.20714285714285716,0.21142857142857144,0.17714285714285713,0.2441860465116279,0.17682926829268292,0.11229946524064172,70.67,3.990820000000002,4.0,330.391,0.5941701929582813,2.06485081468033,0.5,1.0
CCc1nn(C)c(C(=O)NCCC(=O)NC(C=CS(=O)(=O)c2ccccc2)C(=O)NC(CC2CCCCC2)C(=O)O)c1Cl,,CCc1nn(C)c(C(=O)NCCC(=O)NC(C=CS(=O)(=O)c2ccccc2)C(=O)NC(CC2CCCCC2)C(=O)O)c1Cl,0.012888187244274747,0.23728813559322035,0.24170616113744076,0.22488038277511962,0.17333333333333334,0.25257731958762886,0.29,5.9604645e-06,0.26337743,4.4107437e-06,0.00073486567,0.24484479698059775,0.61540705,1.0,1.0,0.23728813559322035,0.24170616113744076,0.22488038277511962,0.17333333333333334,0.25257731958762886,0.29,176.55999999999997,2.7680000000000016,14.0,636.171,0.24484479698059775,3.836671210939519,1.0,1.0
Nc1ccccc1NC(=O)C1CCCN1,,Nc1ccccc1NC(=O)C1CCCN1,0.10308242832020403,0.1651376146788991,0.14093959731543623,0.1232876712328767,0.11688311688311688,0.1984126984126984,0.136986301369863,0.9998678,0.9973023,0.9993898,0.00035874828,0.6298709741247862,0.98966336,0.5,1.0,0.1651376146788991,0.14093959731543623,0.1232876712328767,0.11688311688311688,0.1984126984126984,0.136986301369863,67.14999999999999,0.9592999999999996,2.0,205.26099999999997,0.6298709741247862,2.415112397236692,0.5,1.0
N#CCNC(=O)CNC(=O)Nc1ccc(F)c(F)c1,,N#CCNC(=O)CNC(=O)Nc1ccc(F)c(F)c1,0.20948506859998545,0.22123893805309736,0.2746478873239437,0.24113475177304963,0.15822784810126583,0.265625,0.12738853503184713,0.9999997,0.99889594,0.983885,0.06533256,0.7023665489533275,0.9958634,0.5,1.0,0.22123893805309736,0.2746478873239437,0.24113475177304963,0.15822784810126583,0.265625,0.12738853503184713,94.02000000000001,0.7260799999999992,4.0,268.22299999999996,0.7023665489533275,2.0947563399742215,0.5,1.0
NC(=O)c1cc(F)cc(OCC(=O)NC(CNC(=O)Cn2c(=O)[nH]c3ncccc32)C(=O)O)c1,,NC(=O)c1cc(F)cc(OCC(=O)NC(CNC(=O)Cn2c(=O)[nH]c3ncccc32)C(=O)O)c1,0.036770416255369705,0.24675324675324675,0.26344086021505375,0.4774193548387097,0.20918367346938777,0.2857142857142857,0.16666666666666666,0.0,0.99999946,0.0031523108,0.99822044,0.2393645199319849,0.9278862,1.0,1.0,0.24675324675324675,0.26344086021505375,0.4774193548387097,0.20918367346938777,0.2857142857142857,0.16666666666666666,198.49999999999997,-1.2727999999999984,10.0,474.4050000000002,0.2393645199319849,3.1124188605600533,1.0,1.0
O=C(CN1CCc2cccc(Cl)c21)NCC(NC(=O)c1ccc(Cl)c(Cl)c1)C(=O)O,,O=C(CN1CCc2cccc(Cl)c21)NCC(NC(=O)c1ccc(Cl)c(Cl)c1)C(=O)O,0.4503241399172812,0.3798449612403101,0.3558282208588957,0.4144736842105263,0.30409356725146197,0.4225352112676056,0.1793478260869565,0.99999875,0.12431276,0.3052647,0.99869007,0.5777152899569686,0.9681346,1.0,1.0,0.3798449612403101,0.3558282208588957,0.4144736842105263,0.30409356725146197,0.4225352112676056,0.1793478260869565,98.74000000000001,3.0087,7.0,470.74000000000024,0.5777152899569686,2.8139070387826646,1.0,1.0
CN(C)c1ccc2nc(-c3cn[nH]c3)[nH]c2n1,,CN(C)c1ccc2nc(-c3cn[nH]c3)[nH]c2n1,0.11645287894760609,0.11570247933884298,0.1125,0.14666666666666667,0.11801242236024845,0.09655172413793103,0.07407407407407407,0.99998355,0.98474807,0.9993898,0.0024556632,0.6952269321234922,0.94554776,0.5,1.0,0.11570247933884298,0.1125,0.14666666666666667,0.11801242236024845,0.09655172413793103,0.07407407407407407,73.49000000000001,1.4139999999999997,2.0,228.25900000000001,0.6952269321234922,3.0082659538970713,0.5,1.0
Cc1ccc(Cl)c(C(=O)NC(CNC2(CO)CCCC2)C(=O)O)c1F,,Cc1ccc(Cl)c(C(=O)NC(CNC2(CO)CCCC2)C(=O)O)c1F,0.5432863800618444,0.31092436974789917,0.27564102564102566,0.36879432624113473,0.2484472049689441,0.37404580152671757,0.25,0.99999875,0.91953593,0.3052647,0.9977568,0.5853471406054703,0.92818713,1.0,1.0,0.31092436974789917,0.27564102564102566,0.36879432624113473,0.2484472049689441,0.37404580152671757,0.25,98.66000000000001,1.8652199999999997,7.0,372.8240000000002,0.5853471406054703,3.110853402118625,1.0,1.0
COc1cccc2c1CC(N(CC(NC(=O)c1c(Cl)cccc1Cl)C(=O)O)S(=O)(=O)c1ccc(C)cc1)CO2,,COc1cccc2c1CC(N(CC(NC(=O)c1c(Cl)cccc1Cl)C(=O)O)S(=O)(=O)c1ccc(C)cc1)CO2,0.12302694068680631,0.35294117647058826,0.3888888888888889,0.291005291005291,0.3770491803278688,0.4,0.17142857142857143,0.99710536,0.001534462,0.01611495,0.02555561,0.38175001159557587,0.8352676,1.0,1.0,0.35294117647058826,0.3888888888888889,0.291005291005291,0.3770491803278688,0.4,0.17142857142857143,122.24,4.1880200000000025,9.0,593.4850000000001,0.38175001159557587,3.435962692796691,1.0,1.0
O=C(NC(CNc1ccc(N2CCNC2=O)cc1)C(=O)O)c1c(Cl)cccc1Cl,,O=C(NC(CNc1ccc(N2CCNC2=O)cc1)C(=O)O)c1c(Cl)cccc1Cl,0.5146663712042651,0.4098360655737705,0.4527027027027027,0.3841059602649007,0.36477987421383645,1.0,0.192090395480226,0.9999333,0.22780383,0.3052647,0.99992037,0.5326601065664858,0.9680605,1.0,1.0,0.4098360655737705,0.4527027027027027,0.3841059602649007,0.36477987421383645,1.0,0.192090395480226,110.77,2.8181000000000003,7.0,437.28300000000013,0.5326601065664858,2.814740642013234,1.0,1.0
COC(=O)C=C(C)C(C)C#CC(=O)NC(C(=O)O)C(C)C,,COC(=O)C=C(C)C(C)C#CC(=O)NC(C(=O)O)C(C)C,0.4014796267720613,0.12295081967213115,0.1320754716981132,0.152317880794702,0.08982035928143713,0.15827338129496402,0.21379310344827587,0.9999998,0.9971831,0.9217998,0.40357217,0.4477289742591809,0.595091,1.0,1.0,0.12295081967213115,0.1320754716981132,0.152317880794702,0.08982035928143713,0.15827338129496402,0.21379310344827587,92.7,0.9705999999999995,5.0,295.33500000000004,0.4477289742591809,3.8662192038901635,1.0,1.0
COc1cc(C=CC(=O)C(O)OC)ccc1O,,COc1cc(C=CC(=O)C(O)OC)ccc1O,0.13498118367921055,0.1504424778761062,0.13815789473684212,0.14383561643835616,0.10759493670886076,0.15789473684210525,0.1342281879194631,0.9999927,0.9974175,0.9217998,0.0056452965,0.5896432470446533,0.9530916,0.5,1.0,0.1504424778761062,0.13815789473684212,0.14383561643835616,0.10759493670886076,0.15789473684210525,0.1342281879194631,75.99000000000001,0.9479,5.0,238.239,0.5896432470446533,2.9536923952348317,0.5,1.0
O=C(Cn1c(=O)[nH]c2ncccc21)Nc1ccc(Cl)c(Cl)c1,,O=C(Cn1c(=O)[nH]c2ncccc21)Nc1ccc(Cl)c(Cl)c1,0.2527074650950411,0.24390243902439024,0.21739130434782608,0.3475177304964539,0.2073170731707317,0.21232876712328766,0.09090909090909091,0.999998,0.3423627,0.9968477,0.9573818,0.7711075311815909,0.99466056,0.5,1.0,0.24390243902439024,0.21739130434782608,0.3475177304964539,0.2073170731707317,0.21232876712328766,0.09090909090909091,79.78,2.6700999999999997,3.0,337.16600000000005,0.7711075311815909,2.1838558633902316,0.5,1.0
O=C(CSc1ncc2c(n1)-c1ccccc1C2)NCCc1ccc(Cl)cc1,,O=C(CSc1ncc2c(n1)-c1ccccc1C2)NCCc1ccc(Cl)cc1,0.13359937813283546,0.3333333333333333,0.3192771084337349,0.21714285714285714,0.2774566473988439,0.26582278481012656,0.1256544502617801,0.992569,0.0017602444,0.69473535,0.9996749,0.3932956455216578,0.9940318,0.5,1.0,0.3333333333333333,0.3192771084337349,0.21714285714285714,0.2774566473988439,0.26582278481012656,0.1256544502617801,54.88,4.152200000000003,6.0,395.9150000000002,0.3932956455216578,2.2227569258107565,0.5,1.0
O=C(O)C(N=c1ncc(Cc2sc(=O)[nH]c2O)c[nH]1)c1ccccc1,,O=C(O)C(N=c1ncc(Cc2sc(=O)[nH]c2O)c[nH]1)c1ccccc1,0.5211033263232643,0.2926829268292683,0.22424242424242424,0.20987654320987653,0.21428571428571427,0.22,0.11864406779661017,0.94369525,0.9936699,0.9217998,0.9925206,0.5437867349465761,0.6919353,1.0,1.0,0.2926829268292683,0.22424242424242424,0.20987654320987653,0.21428571428571427,0.22,0.11864406779661017,131.43,1.1824999999999994,5.0,358.379,0.5437867349465761,3.7188611326647987,1.0,1.0
O=C(Cn1c(=O)[nH]c2ncccc21)NC(C(=O)O)c1ccccc1Cl,,O=C(Cn1c(=O)[nH]c2ncccc21)NC(C(=O)O)c1ccccc1Cl,0.611536110740301,0.33884297520661155,0.2732919254658385,0.42142857142857143,0.2777777777777778,0.2916666666666667,0.14857142857142858,0.9994685,0.98931354,0.9217998,0.9938626,0.6340178193864623,0.96094173,1.0,1.0,0.33884297520661155,0.2732919254658385,0.42142857142857143,0.2777777777777778,0.2916666666666667,0.14857142857142858,117.08,1.3200999999999994,5.0,360.75700000000006,0.6340178193864623,2.8872127686344626,1.0,1.0
O=C(O)CCCC=CCC(CNC(Cc1c(O)ccc2c1oc(=O)c1ccc(Cl)cc12)c1ccccc1)NC(O)SCC(=O)O,,O=C(O)CCCC=CCC(CNC(Cc1c(O)ccc2c1oc(=O)c1ccc(Cl)cc12)c1ccccc1)NC(O)SCC(=O)O,0.0016800781065122144,0.24468085106382978,0.22026431718061673,0.18859649122807018,0.24553571428571427,0.22274881516587677,0.16666666666666666,6.4611435e-05,1.2993813e-05,0.0,0.00014984608,0.028208094489989014,0.31222814,1.0,1.0,0.24468085106382978,0.22026431718061673,0.18859649122807018,0.24553571428571427,0.22274881516587677,0.16666666666666666,169.32999999999998,5.4317000000000055,17.0,655.1690000000003,0.028208094489989014,4.274377695880821,1.0,1.0
COc1ccc(CCCCC(C(=O)NC(C(=O)O)C(=O)O)n2cccc(NC(=O)c3ccccc3)c2=O)cc1,,COc1ccc(CCCCC(C(=O)NC(C(=O)O)C(=O)O)n2cccc(NC(=O)c3ccccc3)c2=O)cc1,0.055649538508901614,0.2857142857142857,0.28865979381443296,0.22,0.24752475247524752,0.2554347826086957,0.18269230769230768,0.00036895275,0.302817,2.2768974e-05,0.7702378,0.19166300836860192,0.9414921,1.0,1.0,0.2857142857142857,0.28865979381443296,0.22,0.24752475247524752,0.2554347826086957,0.18269230769230768,164.02999999999997,2.717299999999999,13.0,535.5530000000002,0.19166300836860192,3.0347185265295202,1.0,1.0
CCCCCCCCn1c(=O)[nH]c2nc(-c3ccccc3Cl)cc(NC(CCCC(=O)O)CCN3CCN(C)CC3)c21,,CCCCCCCCn1c(=O)[nH]c2nc(-c3ccccc3Cl)cc(NC(CCCC(=O)O)CCN3CCN(C)CC3)c21,0.008275635258759934,0.171875,0.18061674008810572,0.2358490566037736,0.17903930131004367,0.19138755980861244,0.24528301886792453,0.99998367,1.0728836e-06,0.0,0.015965939,0.1617053102353824,0.8378779,1.0,1.0,0.171875,0.18061674008810572,0.2358490566037736,0.17903930131004367,0.19138755980861244,0.24528301886792453,106.49,6.078400000000006,17.0,599.2199999999999,0.1617053102353824,3.4293292678544613,1.0,1.0
O=C(NC(CNC(=O)c1cnc2ccc(Cl)cn2c1=O)C(=O)O)c1ccccc1Cl,,O=C(NC(CNC(=O)c1cnc2ccc(Cl)cn2c1=O)C(=O)O)c1ccccc1Cl,0.6068283965070799,0.424,0.38125,0.3782051282051282,0.3273809523809524,0.3835616438356164,0.14814814814814814,0.96551615,0.96767324,0.69473535,0.9997831,0.5245680948888602,0.9719273,1.0,1.0,0.424,0.38125,0.3782051282051282,0.3273809523809524,0.3835616438356164,0.14814814814814814,129.86999999999998,1.6143,6.0,449.2500000000002,0.5245680948888602,2.7685200137594954,1.0,1.0
CC(C)(CNC(=O)c1cc2nc(N3CCC(N4CCCC4)CC3)nc(-c3cc4ccccc4[nH]3)c2s1)C(=O)O,,CC(C)(CNC(=O)c1cc2nc(N3CCC(N4CCCC4)CC3)nc(-c3cc4ccccc4[nH]3)c2s1)C(=O)O,0.16049644807073474,0.18888888888888888,0.20657276995305165,0.20095693779904306,0.1935483870967742,0.20202020202020202,0.1990521327014218,0.9997762,0.00018137693,0.3052647,0.5687026,0.3066244510377717,0.9370626,1.0,1.0,0.18888888888888888,0.20657276995305165,0.20095693779904306,0.1935483870967742,0.20202020202020202,0.1990521327014218,114.45,4.744800000000003,7.0,546.6970000000003,0.3066244510377717,3.0617120177636057,1.0,1.0
O=C(Cn1c(=O)[nH]c2ncccc21)NCC(NC(O)c1c[nH]c(O)c1)C(O)O,,O=C(Cn1c(=O)[nH]c2ncccc21)NCC(NC(O)c1c[nH]c(O)c1)C(O)O,0.02655245590890634,0.1476510067114094,0.15675675675675677,0.3248407643312102,0.1368421052631579,0.1746987951807229,0.12299465240641712,1.1920929e-07,1.0,0.07820028,0.9995627,0.198807389105815,0.3856442,0.5,1.0,0.1476510067114094,0.15675675675675677,0.3248407643312102,0.1368421052631579,0.1746987951807229,0.12299465240641712,188.51999999999998,-2.165499999999999,8.0,392.37200000000007,0.198807389105815,4.161786678416514,0.5,1.0
Cn1c2c(c(=O)n(C)c1=O)C(c1ccccc1Cl)CC(=O)N2,,Cn1c2c(c(=O)n(C)c1=O)C(c1ccccc1Cl)CC(=O)N2,0.2892269936729074,0.27350427350427353,0.23870967741935484,0.24,0.20496894409937888,0.26277372262773724,0.13253012048192772,0.9999813,0.99293,0.99988216,0.83936435,0.8584299453146669,0.95849466,0.5,1.0,0.27350427350427353,0.23870967741935484,0.24,0.20496894409937888,0.26277372262773724,0.13253012048192772,73.1,1.2114999999999998,1.0,319.7480000000001,0.8584299453146669,2.909211043490732,0.5,1.0
CCCCCCCCCCCCCCN1CCC(CCCCN)NC(CCN)C1=O,,CCCCCCCCCCCCCCN1CCC(CCCCN)NC(CCN)C1=O,0.007762105697885766,0.028089887640449437,0.041474654377880185,0.04265402843601896,0.02242152466367713,0.06153846153846154,0.20652173913043478,0.9999995,0.00019615889,0.0,0.9999708,0.26184025849497944,0.8568787,0.5,1.0,0.028089887640449437,0.041474654377880185,0.04265402843601896,0.02242152466367713,0.06153846153846154,0.20652173913043478,84.38,4.724400000000003,19.0,424.71800000000025,0.26184025849497944,3.37822797040012,0.5,1.0
CCCCCCCCCCC(O)C1(O)CCCNC1C(=O)O,,CCCCCCCCCCC(O)C1(O)CCCNC1C(=O)O,0.1561457084802262,0.06382978723404255,0.07222222222222222,0.07471264367816093,0.04838709677419355,0.10126582278481013,0.2684563758389262,0.9999999,0.5518133,0.00061023235,0.78481835,0.4397600902436669,0.70537645,1.0,1.0,0.06382978723404255,0.07222222222222222,0.07471264367816093,0.04838709677419355,0.10126582278481013,0.2684563758389262,89.79,2.4457999999999993,11.0,315.454,0.4397600902436669,3.69667729221589,1.0,1.0
O=C(O)CC(O)(NC(=O)NCCc1c[nH]c2ccc(Cl)cc12)c1ccccc1,,O=C(O)CC(O)(NC(=O)NCCc1c[nH]c2ccc(Cl)cc12)c1ccccc1,0.40277859500333546,0.384,0.3170731707317073,0.25,0.26744186046511625,0.304635761589404,0.13368983957219252,0.9997762,0.13545299,0.3052647,0.9998022,0.39134509801039136,0.94729626,1.0,1.0,0.384,0.3170731707317073,0.25,0.26744186046511625,0.304635761589404,0.13368983957219252,114.44999999999999,2.9830000000000014,7.0,401.85000000000014,0.39134509801039136,2.9962847149004244,1.0,1.0
CCCCCCCCC(=O)NCc1ccc(O)c(O)c1,,CCCCCCCCC(=O)NCc1ccc(O)c(O)c1,0.08340270964712532,0.14285714285714285,0.13333333333333333,0.14556962025316456,0.10526315789473684,0.16666666666666666,0.2620689655172414,0.99994016,0.024084926,0.01611495,0.15103328,0.47866893033512903,0.9979509,0.5,1.0,0.14285714285714285,0.13333333333333333,0.14556962025316456,0.10526315789473684,0.16666666666666666,0.2620689655172414,69.56,3.4646000000000026,9.0,279.38,0.47866893033512903,1.8499663448419863,0.5,1.0
CC(O)(c1ccc(Cl)cc1)c1nc2ccccc2[nH]1,,CC(O)(c1ccc(Cl)cc1)c1nc2ccccc2[nH]1,0.14138041709330418,0.3055555555555556,0.22666666666666666,0.18666666666666668,0.24,0.2222222222222222,0.08433734939759036,0.94935113,0.023417532,0.9993898,0.09254831,0.7503734443136836,0.9820708,0.5,1.0,0.3055555555555556,0.22666666666666666,0.18666666666666668,0.24,0.2222222222222222,0.08433734939759036,48.910000000000004,3.472100000000002,2.0,272.735,0.7503734443136836,2.609134065725927,0.5,1.0
Cc1ccc(Cl)c(C(=O)NC(Cc2ccc(-c3cncnc3)cc2)C(=O)O)c1F,,Cc1ccc(Cl)c(C(=O)NC(Cc2ccc(-c3cncnc3)cc2)C(=O)O)c1F,0.3927970091815099,0.49137931034482757,0.4896551724137931,0.39072847682119205,0.4155844155844156,0.3586206896551724,0.15217391304347827,0.9999999,0.011086404,0.69473535,0.9999275,0.6428699436249053,0.97365105,1.0,1.0,0.49137931034482757,0.4896551724137931,0.39072847682119205,0.4155844155844156,0.3586206896551724,0.15217391304347827,92.18,3.6702200000000014,6.0,413.8360000000001,0.6428699436249053,2.745887650560242,1.0,1.0
O=C(N=c1cccc[nH]1)NN=Cc1cc(O)cc(O)c1,,O=C(N=c1cccc[nH]1)NN=Cc1cc(O)cc(O)c1,0.0,0.0,0.0,0.0,0.0,0.0,0.0,0.0,0.0,0.0,0.0,0.0,0.0,0.0,0.0,0.0,0.0,0.0,0.0,0.0,0.0,0.0,0.0,0.0,0.0,0.0,0.0,0.0,0.0
Cc1ccc(Cl)c(C(=O)NC(CNC(=O)Cn2c(=O)[nH]c3ncc(Cl)cc32)C(=O)O)c1F,,Cc1ccc(Cl)c(C(=O)NC(CNC(=O)Cn2c(=O)[nH]c3ncc(Cl)cc32)C(=O)O)c1F,0.4316395677750242,0.31654676258992803,0.34523809523809523,0.8333333333333334,0.3028571428571429,0.38,0.16230366492146597,0.115796626,0.98056096,0.3052647,0.9959441,0.3997719913094049,0.91376454,1.0,1.0,0.31654676258992803,0.34523809523809523,0.8333333333333334,0.3028571428571429,0.38,0.16230366492146597,146.18,1.4783200000000003,7.0,484.27100000000024,0.3997719913094049,3.1798812589386376,1.0,1.0
CCCCCC(C)C(C)c1ccc(O)c(C)c1,,CCCCCC(C)C(C)c1ccc(O)c(C)c1,0.021188490084656002,0.13043478260869565,0.12337662337662338,0.1360544217687075,0.09375,0.16666666666666666,0.18181818181818182,0.0014964544,6.2942505e-05,0.69473535,0.0040939776,0.6850843528836639,0.96284324,0.5,1.0,0.13043478260869565,0.12337662337662338,0.1360544217687075,0.09375,0.16666666666666666,0.18181818181818182,20.23,5.020520000000006,6.0,234.38299999999998,0.6850843528836639,2.8691856435594207,0.5,1.0
CCC(C)C(NC(=O)c1cc(-c2ccccc2)ccc1Cl)C(=O)NC(Cc1cccs1)C(=O)O,,CCC(C)C(NC(=O)c1cc(-c2ccccc2)ccc1Cl)C(=O)NC(Cc1cccs1)C(=O)O,0.10708875075076198,0.35714285714285715,0.37058823529411766,0.2824858757062147,0.3128491620111732,0.32919254658385094,0.21164021164021163,0.9999996,6.186962e-05,0.0031523108,0.9861779,0.36525803166215576,0.92358446,1.0,1.0,0.35714285714285715,0.37058823529411766,0.2824858757062147,0.3128491620111732,0.32919254658385094,0.21164021164021163,95.50000000000001,5.025100000000004,10.0,499.03200000000027,0.36525803166215576,3.1341640763669982,1.0,1.0
O=C(O)C(=O)CC(=O)c1ccc2[nH]c(Cl)cc2c1,,O=C(O)C(=O)CC(=O)c1ccc2[nH]c(Cl)cc2c1,0.3836529935975632,0.25,0.19463087248322147,0.2112676056338028,0.19205298013245034,0.23255813953488372,0.14473684210526316,0.99999976,0.85009944,0.983885,0.053354327,0.5030680638905705,0.98396313,1.0,1.0,0.25,0.19463087248322147,0.2112676056338028,0.19205298013245034,0.23255813953488372,0.14473684210526316,87.22999999999999,2.0478,4.0,265.652,0.5030680638905705,2.569712443260361,1.0,1.0
COc1cc2ncnc(N3CCN(C(=O)Nc4ccc(C#N)cc4)CC3)c2cc1OC,,COc1cc2ncnc(N3CCN(C(=O)Nc4ccc(C#N)cc4)CC3)c2cc1OC,0.2267984445797374,0.18064516129032257,0.20212765957446807,0.1891891891891892,0.17525773195876287,0.20348837209302326,0.15625,0.9999937,0.1930058,0.983885,0.99995077,0.6947180886473493,0.9932049,0.5,1.0,0.18064516129032257,0.20212765957446807,0.1891891891891892,0.17525773195876287,0.20348837209302326,0.15625,103.61,2.8727800000000014,4.0,418.4570000000002,0.6947180886473493,2.268126521234203,0.5,1.0
CCCn1c(C)nc2c1N1C(=NC3CCCCC31)N(C)C2=O,,CCCn1c(C)nc2c1N1C(=NC3CCCCC31)N(C)C2=O,0.1906937655191585,0.0625,0.08287292817679558,0.11764705882352941,0.058823529411764705,0.09259259259259259,0.2,0.9891894,0.7772727,0.9993898,0.5291472,0.84102789284811,0.6127851,0.5,1.0,0.0625,0.08287292817679558,0.11764705882352941,0.058823529411764705,0.09259259259259259,0.2,53.730000000000004,2.17432,2.0,301.394,0.84102789284811,3.840515069677009,0.5,1.0
Cc1ccc(Cl)c(C(=O)NC(CNc2ccccc2OC(=O)c2ccccc2)C(=O)O)c1F,,Cc1ccc(Cl)c(C(=O)NC(CNc2ccccc2OC(=O)c2ccccc2)C(=O)O)c1F,0.2145037246579398,0.42105263157894735,0.36470588235294116,0.3614457831325301,0.3684210526315789,0.4689655172413793,0.15151515151515152,0.9999908,0.0009920001,0.07820028,0.9986742,0.3346822603792759,0.9727677,1.0,1.0,0.42105263157894735,0.36470588235294116,0.3614457831325301,0.3684210526315789,0.4689655172413793,0.15151515151515152,104.73,4.301820000000002,8.0,470.88400000000024,0.3346822603792759,2.757660337053265,1.0,1.0
COc1cc(OC)c(C(=O)NNC(=O)c2ccccc2O)c(OC)c1,,COc1cc(OC)c(C(=O)NNC(=O)c2ccccc2O)c(OC)c1,0.0,0.0,0.0,0.0,0.0,0.0,0.0,0.0,0.0,0.0,0.0,0.0,0.0,0.0,0.0,0.0,0.0,0.0,0.0,0.0,0.0,0.0,0.0,0.0,0.0,0.0,0.0,0.0,0.0
CCOc1cc(NC(=O)C(C#N)=Cc2ccc(C(=O)O)cc2)cc(C(F)(F)F)c1F,,CCOc1cc(NC(=O)C(C#N)=Cc2ccc(C(=O)O)cc2)cc(C(F)(F)F)c1F,0.22951330534858821,0.2781954887218045,0.2603550295857988,0.2469879518072289,0.21468926553672316,0.2847682119205298,0.15469613259668508,0.9999984,0.000487566,0.69473535,0.99996436,0.4061086587088351,0.98765534,1.0,1.0,0.2781954887218045,0.2603550295857988,0.2469879518072289,0.21468926553672316,0.2847682119205298,0.15469613259668508,99.42,4.487080000000002,6.0,422.334,0.4061086587088351,2.4774996737638304,1.0,1.0
Cc1ccc(Sc2ccc(NC(=O)C(C)(N)CO)cc2)cc1,,Cc1ccc(Sc2ccc(NC(=O)C(C)(N)CO)cc2)cc1,0.23333885338010557,0.2564102564102564,0.22580645161290322,0.1794871794871795,0.17791411042944785,0.2391304347826087,0.12727272727272726,0.99999106,0.24418348,0.9217998,0.79824394,0.7926833451529516,0.98271203,0.5,1.0,0.2564102564102564,0.22580645161290322,0.1794871794871795,0.17791411042944785,0.2391304347826087,0.12727272727272726,75.35000000000001,2.7944199999999997,5.0,316.426,0.7926833451529516,2.5962546752687885,0.5,1.0
COc1ccc(C(CC(=O)O)NC(=O)CN(CCc2ccccc2F)C(=O)c2ccc(Cl)cc2Cl)cc1,,COc1ccc(C(CC(=O)O)NC(=O)CN(CCc2ccccc2F)C(=O)c2ccc(Cl)cc2Cl)cc1,0.07775458572166787,0.3793103448275862,0.32065217391304346,0.26737967914438504,0.33879781420765026,0.3333333333333333,0.16585365853658537,0.99999946,3.707409e-05,0.00061023235,0.5540045,0.3460521503169581,0.97042733,1.0,1.0,0.3793103448275862,0.32065217391304346,0.26737967914438504,0.33879781420765026,0.3333333333333333,0.16585365853658537,95.94,5.158200000000004,11.0,547.4100000000002,0.3460521503169581,2.787141987159668,1.0,1.0
Cn1c(SCCN2CCc3cc4c(nc3CC2)NCCC4)nnc1-c1cccc2ccccc12,,Cn1c(SCCN2CCc3cc4c(nc3CC2)NCCC4)nnc1-c1cccc2ccccc12,0.10367352932974255,0.16853932584269662,0.19523809523809524,0.13953488372093023,0.1822429906542056,0.1717171717171717,0.2048780487804878,0.99798906,0.00033962727,0.9217998,0.9987003,0.43100348455993587,0.97083575,0.5,1.0,0.16853932584269662,0.19523809523809524,0.13953488372093023,0.1822429906542056,0.1717171717171717,0.2048780487804878,58.870000000000005,4.581300000000003,5.0,470.6460000000002,0.43100348455993587,2.7821643369013103,0.5,1.0
O=C1NC(=O)C(=Cc2ccc(O)c(Br)c2)C(=O)N1,,O=C1NC(=O)C(=Cc2ccc(O)c(Br)c2)C(=O)N1,0.25546232023973087,0.2072072072072072,0.19594594594594594,0.20422535211267606,0.14743589743589744,0.2248062015503876,0.1456953642384106,0.9999996,0.9978162,0.99988216,0.7168021,0.5303601741307724,0.98852634,0.5,1.0,0.2072072072072072,0.19594594594594594,0.20422535211267606,0.14743589743589744,0.2248062015503876,0.1456953642384106,95.5,0.9040999999999997,1.0,311.091,0.5303601741307724,2.4517714699479587,0.5,1.0
Cc1cccc(F)c1-c1c(Cl)[nH]c(=NCC(C)(C)C(=O)O)c(=O)n1CC(=O)NCC(NC(=O)c1c(Cl)cccc1Cl)C(=O)O,,Cc1cccc(F)c1-c1c(Cl)[nH]c(=NCC(C)(C)C(=O)O)c(=O)n1CC(=O)NCC(NC(=O)c1c(Cl)cccc1Cl)C(=O)O,0.011603240055477101,0.28994082840236685,0.39572192513368987,0.4406779661016949,0.38421052631578945,0.39080459770114945,0.16289592760180996,7.1525574e-07,0.05096239,0.00061023235,4.017353e-05,0.20743507898141356,0.58486426,1.0,1.0,0.28994082840236685,0.39572192513368987,0.4406779661016949,0.38421052631578945,0.39080459770114945,0.16289592760180996,182.95,3.2620200000000015,11.0,670.9090000000003,0.20743507898141356,3.880908071862036,1.0,1.0
O=C(NC(Cc1ccc(-c2cc[nH]c(=O)c2)cc1)C(=O)O)c1ccc(F)cc1F,,O=C(NC(Cc1ccc(-c2cc[nH]c(=O)c2)cc1)C(=O)O)c1ccc(F)cc1F,0.550326948331732,0.6476190476190476,0.44966442953020136,0.2962962962962963,0.4064516129032258,0.3401360544217687,0.13978494623655913,0.9999985,0.28023577,0.69473535,0.9997352,0.5945756835064396,0.9797707,1.0,1.0,0.6476190476190476,0.44966442953020136,0.2962962962962963,0.4064516129032258,0.3401360544217687,0.13978494623655913,99.26,2.745800000000001,6.0,398.3650000000001,0.5945756835064396,2.6518842317568225,1.0,1.0
CCc1ccc(OCC(O)CNC(C)C)c(Br)c1,,CCc1ccc(OCC(O)CNC(C)C)c(Br)c1,0.184724943381657,0.17699115044247787,0.15789473684210525,0.14864864864864866,0.12658227848101267,0.18045112781954886,0.15436241610738255,0.62013525,0.27761143,0.3052647,0.7957107,0.8126454603709327,0.9859754,0.5,1.0,0.17699115044247787,0.15789473684210525,0.14864864864864866,0.12658227848101267,0.18045112781954886,0.15436241610738255,41.49,2.749200000000001,7.0,316.239,0.8126454603709327,2.522419909784116,0.5,1.0
O=C(CNC(Cn1c(=O)[nH]c2ncccc21)C(=O)O)NC(=O)c1c(F)cc(-c2ccccc2)cc1Cl,,O=C(CNC(Cn1c(=O)[nH]c2ncccc21)C(=O)O)NC(=O)c1c(F)cc(-c2ccccc2)cc1Cl,0.32375680571009224,0.30718954248366015,0.33516483516483514,0.3620689655172414,0.32432432432432434,0.30994152046783624,0.1380952380952381,0.115796626,0.77111423,0.07820028,0.96047056,0.2833947303391675,0.90390825,1.0,1.0,0.30718954248366015,0.33516483516483514,0.3620689655172414,0.32432432432432434,0.30994152046783624,0.1380952380952381,146.17999999999998,2.1835000000000004,8.0,511.89700000000016,0.2833947303391675,3.221249365455014,1.0,1.0
O=C(CNC(=O)Cn1c(=O)[nH]c2ncncc21)NCC(NC(=O)c1ccc(Cl)cc1Cl)C(=O)O,,O=C(CNC(=O)Cn1c(=O)[nH]c2ncncc21)NCC(NC(=O)c1ccc(Cl)cc1Cl)C(=O)O,0.06099079456216502,0.3617021276595745,0.2983425414364641,0.5369127516778524,0.234375,0.32515337423312884,0.16080402010050251,1.1920929e-07,0.99998826,0.01611495,0.96526307,0.25573414872628286,0.9242237,1.0,1.0,0.3617021276595745,0.2983425414364641,0.5369127516778524,0.234375,0.32515337423312884,0.16080402010050251,188.17,-0.45799999999999824,9.0,510.2940000000003,0.25573414872628286,3.1310051126058784,1.0,1.0
COC(=O)C(Cn1c(=O)[nH]c2ncccc21)NCc1nnc2ccc(NC(=O)CC(C)(C)C)cn12,,COC(=O)C(Cn1c(=O)[nH]c2ncccc21)NCc1nnc2ccc(NC(=O)CC(C)(C)C)cn12,0.12997458512885365,0.13142857142857142,0.18137254901960784,0.25668449197860965,0.125,0.16842105263157894,0.15048543689320387,0.06121421,0.98091763,0.07820028,0.9970318,0.3211978986805296,0.81863487,0.5,1.0,0.13142857142857142,0.18137254901960784,0.25668449197860965,0.125,0.16842105263157894,0.15048543689320387,148.3,1.473399999999999,8.0,480.5290000000003,0.3211978986805296,3.476370822876662,0.5,1.0
O=C(Nn1c(=O)[nH]c2ccccc2c1=O)c1ccc(Cl)c(Cl)c1,,O=C(Nn1c(=O)[nH]c2ccccc2c1=O)c1ccc(Cl)c(Cl)c1,0.27407145746129663,0.3025210084033613,0.24528301886792453,0.23076923076923078,0.2578616352201258,0.2517482517482518,0.0898876404494382,0.9999995,0.6126815,0.9993898,0.985226,0.7443622563240518,0.9952393,0.5,1.0,0.3025210084033613,0.24528301886792453,0.23076923076923078,0.2578616352201258,0.2517482517482518,0.0898876404494382,83.96000000000001,2.3805000000000005,2.0,350.16100000000006,0.7443622563240518,2.143791936435372,0.5,1.0
CCc1ccc(Cl)c(C(=O)NC(CNC(=O)Cn2c(=O)[nH]c3c(C(C)(C)C)cc(C)cc32)C(=O)O)c1,,CCc1ccc(Cl)c(C(=O)NC(CNC(=O)Cn2c(=O)[nH]c3c(C(C)(C)C)cc(C)cc32)C(=O)O)c1,0.3312461253517556,0.3219178082191781,0.3111111111111111,0.4838709677419355,0.25263157894736843,0.3312883435582822,0.1958762886597938,0.9008937,0.076052606,0.07820028,0.9492964,0.3662382906867007,0.9144561,1.0,1.0,0.3219178082191781,0.3111111111111111,0.4838709677419355,0.25263157894736843,0.3312883435582822,0.1958762886597938,133.29,3.1507200000000015,8.0,515.0100000000003,0.3662382906867007,3.1768210051249284,1.0,1.0
O=C(O)CN(CCCc1ccc(F)c(C(=O)O)c1F)CCc1c(C(=O)O)[nH]c2ccc(F)cc12,,O=C(O)CN(CCCc1ccc(F)c(C(=O)O)c1F)CCc1c(C(=O)O)[nH]c2ccc(F)cc12,0.15157761031100253,0.2684563758389262,0.25405405405405407,0.25555555555555554,0.24468085106382978,0.26785714285714285,0.14,0.9518229,0.017905533,0.00061023235,0.9975105,0.33155897242709825,0.97104746,1.0,1.0,0.2684563758389262,0.25405405405405407,0.25555555555555554,0.24468085106382978,0.26785714285714285,0.14,130.93,3.5435000000000016,11.0,478.42300000000023,0.33155897242709825,2.779557271083066,1.0,1.0
O=C(Nc1ccc(CC(NC(=O)c2c(Cl)cccc2Cl)C(=O)O)cc1)c1c(Cl)cccc1Cl,,O=C(Nc1ccc(CC(NC(=O)c2c(Cl)cccc2Cl)C(=O)O)cc1)c1c(Cl)cccc1Cl,0.12520874884375777,0.48,0.52,0.32142857142857145,0.5753424657534246,0.4315068493150685,0.13705583756345177,0.9999996,1.5497208e-06,0.3052647,0.88001066,0.3533516374722459,0.9840493,1.0,1.0,0.48,0.52,0.32142857142857145,0.5753424657534246,0.4315068493150685,0.13705583756345177,95.50000000000001,5.978200000000003,7.0,526.2030000000002,0.3533516374722459,2.5678093741365817,1.0,1.0
NC(CS)CC(=O)N1Cc2c(Cl)sc(Cl)c2CC(NS(=O)(=O)c2ccc3c(c2)OCO3)C1=O,,NC(CS)CC(=O)N1Cc2c(Cl)sc(Cl)c2CC(NS(=O)(=O)c2ccc3c(c2)OCO3)C1=O,0.0,0.0,0.0,0.0,0.0,0.0,0.0,0.0,0.0,0.0,0.0,0.0,0.0,0.0,0.0,0.0,0.0,0.0,0.0,0.0,0.0,0.0,0.0,0.0,0.0,0.0,0.0,0.0,0.0
CC(C)(C)OCC(NC(=O)c1ccccc1Cl)C(=O)NC(CCCc1ccccc1)C(=O)O,,CC(C)(C)OCC(NC(=O)c1ccccc1Cl)C(=O)NC(CCCc1ccccc1)C(=O)O,0.15574850087821077,0.4453125,0.3411764705882353,0.29069767441860467,0.2849162011173184,0.375,0.2655367231638418,0.9999908,0.0056822896,0.00061023235,0.99813205,0.4585613644515121,0.95992124,1.0,1.0,0.4453125,0.3411764705882353,0.29069767441860467,0.2849162011173184,0.375,0.2655367231638418,104.73,3.8458000000000023,11.0,474.98500000000024,0.4585613644515121,2.8965430024824865,1.0,1.0
CC(C)(CCCCNC(=O)C(=O)c1ccc(NC(=O)c2ccco2)cc1)Nc1ccccc1N,,CC(C)(CCCCNC(=O)C(=O)c1ccc(NC(=O)c2ccco2)cc1)Nc1ccccc1N,0.04658313633935604,0.22151898734177214,0.2620320855614973,0.20418848167539266,0.21428571428571427,0.2916666666666667,0.1958762886597938,0.9885002,0.00051259995,0.00061023235,0.99933976,0.1440863631953431,0.98608124,0.5,1.0,0.22151898734177214,0.2620320855614973,0.20418848167539266,0.21428571428571427,0.2916666666666667,0.1958762886597938,126.46000000000001,4.474000000000002,11.0,462.5500000000002,0.1440863631953431,2.519750803961479,0.5,1.0
CC(NC(=O)CNC(=O)c1ccccc1Cl)C(O)(Cn1cncn1)c1ccc(F)cc1F,,CC(NC(=O)CNC(=O)c1ccccc1Cl)C(O)(Cn1cncn1)c1ccc(F)cc1F,0.2221105088858736,0.3939393939393939,0.3431952662721893,0.3076923076923077,0.30113636363636365,0.35064935064935066,0.1319796954314721,0.99996096,0.8575696,0.07820028,0.9992625,0.4733939312223672,0.88188833,0.5,1.0,0.3939393939393939,0.3431952662721893,0.3076923076923077,0.30113636363636365,0.35064935064935066,0.1319796954314721,109.14000000000001,2.032199999999999,8.0,463.8720000000001,0.4733939312223672,3.301503531558339,0.5,1.0
CCN(CC(=O)NC(CNCc1ccccc1OCC(F)(F)F)C(=O)O)CC(=O)NC(NS(=O)(=O)c1ccccc1Cl)C(=O)O,,CCN(CC(=O)NC(CNCc1ccccc1OCC(F)(F)F)C(=O)O)CC(=O)NC(NS(=O)(=O)c1ccccc1Cl)C(=O)O,0.0023199771966256424,0.28160919540229884,0.26666666666666666,0.23809523809523808,0.2237442922374429,0.30687830687830686,0.18552036199095023,0.0,0.99870646,0.0,1.5735626e-05,0.12132561119373347,0.6766144,1.0,1.0,0.28160919540229884,0.26666666666666666,0.23809523809523808,0.2237442922374429,0.30687830687830686,0.18552036199095023,203.47,0.7674000000000041,18.0,682.0740000000002,0.12132561119373347,3.7435036119666387,1.0,1.0
COc1cc(F)c(C(=O)NC(CNC(=O)Cn2c(=O)[nH]c3ncccc32)C(=O)O)c(Cl)c1,,COc1cc(F)c(C(=O)NC(CNC(=O)Cn2c(=O)[nH]c3ncccc32)C(=O)O)c(Cl)c1,0.2597767566686585,0.2978723404255319,0.33727810650887574,0.6058394160583942,0.2808988764044944,0.3708609271523179,0.15625,0.0062496066,0.9994892,0.07820028,0.9991316,0.3777313274228051,0.9284946,1.0,1.0,0.2978723404255319,0.33727810650887574,0.6058394160583942,0.2808988764044944,0.3708609271523179,0.15625,155.41,0.5251000000000008,8.0,465.82500000000016,0.3777313274228051,3.1092476804481635,1.0,1.0
CC(C)(C)C(=O)N1CCn2cc(C(=O)O)nc2C1,,CC(C)(C)C(=O)N1CCn2cc(C(=O)O)nc2C1,0.3148071569089383,0.11864406779661017,0.13636363636363635,0.14965986394557823,0.09937888198757763,0.13043478260869565,0.17123287671232876,0.9999913,0.9971938,0.99988216,0.016645307,0.8065756804942468,0.9785377,1.0,1.0,0.11864406779661017,0.13636363636363635,0.14965986394557823,0.09937888198757763,0.13043478260869565,0.17123287671232876,75.43,0.9696000000000002,1.0,251.28599999999997,0.8065756804942468,2.6728788875303753,1.0,1.0
Cc1cc(Cl)cc2[nH]c(=O)n(CC(=O)NCC(NC(=O)c3ccccc3Cl)C(=O)O)c12,,Cc1cc(Cl)cc2[nH]c(=O)n(CC(=O)NCC(NC(=O)c3ccccc3Cl)C(=O)O)c12,0.5422141867951595,0.42857142857142855,0.3597560975609756,0.5390070921985816,0.3081395348837209,0.4068965517241379,0.15873015873015872,0.9008937,0.8940585,0.3052647,0.9991694,0.42346178347612035,0.95743674,1.0,1.0,0.42857142857142855,0.3597560975609756,0.5390070921985816,0.3081395348837209,0.4068965517241379,0.15873015873015872,133.29,1.9442199999999992,7.0,465.2930000000002,0.42346178347612035,2.9183399871914393,1.0,1.0
CCCN(CCC)c1nc(N2CCC(O)C2)nc2c1c(=O)nc(SC)n2CC(=O)NCC(NC(=O)c1c(Cl)ccc(OC)c1F)C(=O)O,,CCCN(CCC)c1nc(N2CCC(O)C2)nc2c1c(=O)nc(SC)n2CC(=O)NCC(NC(=O)c1c(Cl)ccc(OC)c1F)C(=O)O,0.0028082150046226614,0.211340206185567,0.24663677130044842,0.35323383084577115,0.2017167381974249,0.27586206896551724,0.20704845814977973,0.0,0.90707296,8.34465e-07,1.66893e-06,0.13236199478446484,0.44598216,1.0,1.0,0.211340206185567,0.24663677130044842,0.35323383084577115,0.2017167381974249,0.27586206896551724,0.20704845814977973,192.10999999999996,1.9063,15.0,709.2010000000002,0.13236199478446484,4.07536491885532,1.0,1.0
O=C(NCCN1CCCCC1)c1nc(COc2cc(Cl)ccc2Cl)no1,,O=C(NCCN1CCCCC1)c1nc(COc2cc(Cl)ccc2Cl)no1,0.18323982968187139,0.20567375886524822,0.2033898305084746,0.21764705882352942,0.16847826086956522,0.22012578616352202,0.15469613259668508,0.99999833,0.07073581,0.3052647,0.9997546,0.7705745158177398,0.99185467,0.5,1.0,0.20567375886524822,0.2033898305084746,0.21764705882352942,0.16847826086956522,0.22012578616352202,0.15469613259668508,80.49000000000001,3.171100000000002,7.0,399.2780000000001,0.7705745158177398,2.331567335617507,0.5,1.0
O=C(O)CNC(=O)c1cn(Cc2c(F)cccc2F)c2cc(Cc3ccc(Cl)cc3)nnc2c1=O,,O=C(O)CNC(=O)c1cn(Cc2c(F)cccc2F)c2cc(Cc3ccc(Cl)cc3)nnc2c1=O,0.3866110511536816,0.3424657534246575,0.3657142857142857,0.287292817679558,0.37714285714285717,0.3253012048192771,0.12440191387559808,0.9997952,0.06936085,0.3052647,0.9863582,0.40435545125278605,0.9752526,1.0,1.0,0.3424657534246575,0.3657142857142857,0.287292817679558,0.37714285714285717,0.3253012048192771,0.12440191387559808,114.18,3.1766000000000005,7.0,498.87300000000016,0.40435545125278605,2.7235294474047116,1.0,1.0
CC(CC(NC(=O)c1c(Cl)cccc1Cl)C(=O)O)C(=O)NC(Cc1ccccc1)C(=O)O,,CC(CC(NC(=O)c1c(Cl)cccc1Cl)C(=O)O)C(=O)NC(Cc1ccccc1)C(=O)O,0.27330670212132363,0.5299145299145299,0.5102040816326531,0.3584905660377358,0.4088050314465409,0.5149253731343284,0.1978021978021978,0.91438353,0.12182784,0.0031523108,0.99682605,0.41255595282871843,0.9274421,1.0,1.0,0.5299145299145299,0.5102040816326531,0.3584905660377358,0.4088050314465409,0.5149253731343284,0.1978021978021978,132.79999999999998,3.0147000000000013,10.0,481.3320000000002,0.41255595282871843,3.1147185473646264,1.0,1.0
O=C(NC(Cc1ccccc1)C(=O)O)c1cc2ccccc2s1,,O=C(NC(Cc1ccccc1)C(=O)O)c1cc2ccccc2s1,0.44824022680434783,0.5145631067961165,0.34459459459459457,0.24516129032258063,0.4154929577464789,0.2857142857142857,0.16766467065868262,0.9998307,0.040166378,0.9217998,0.89338857,0.75600453865797,0.9932049,1.0,1.0,0.5145631067961165,0.34459459459459457,0.24516129032258063,0.4154929577464789,0.2857142857142857,0.16766467065868262,66.4,3.3270000000000017,5.0,325.389,0.75600453865797,2.26812466207501,1.0,1.0
COc1cc(C(N)=O)ccc1C(=O)Nc1cnn(CC(=O)O)c1C,,COc1cc(C(N)=O)ccc1C(=O)Nc1cnn(CC(=O)O)c1C,0.5327488644372477,0.23387096774193547,0.2645161290322581,0.25,0.17159763313609466,0.23776223776223776,0.1566265060240964,0.75733745,0.99921864,0.69473535,0.9373698,0.7096224941386664,0.9943772,1.0,1.0,0.23387096774193547,0.2645161290322581,0.25,0.17159763313609466,0.23776223776223776,0.1566265060240964,136.54,0.6359199999999996,6.0,332.31600000000014,0.7096224941386664,2.2019220347592476,1.0,1.0
FCCCCN(c1ccccc1)c1ncnc2cc(Br)c(Cl)cc12,,FCCCCN(c1ccccc1)c1ncnc2cc(Br)c(Cl)cc12,0.0391436980877361,0.2578125,0.20710059171597633,0.1927710843373494,0.23353293413173654,0.20915032679738563,0.09289617486338798,0.026293986,1.9073486e-06,0.69473535,0.99988854,0.47307068336093927,0.98079294,0.5,1.0,0.2578125,0.20710059171597633,0.1927710843373494,0.23353293413173654,0.20915032679738563,0.09289617486338798,29.020000000000003,5.933500000000003,6.0,408.70200000000006,0.47307068336093927,2.633507051481658,0.5,1.0
CC(CC(=O)C(O)NC(Cc1ccccc1)C(=O)O)C(=O)O,,CC(CC(=O)C(O)NC(Cc1ccccc1)C(=O)O)C(=O)O,0.33274654583179203,0.3090909090909091,0.2222222222222222,0.1830065359477124,0.18125,0.2537313432835821,0.19607843137254902,0.99496394,0.9998079,0.01611495,0.685723,0.48258948756311515,0.88538355,1.0,1.0,0.3090909090909091,0.2222222222222222,0.1830065359477124,0.18125,0.2537313432835821,0.19607843137254902,123.93000000000002,0.27019999999999966,9.0,309.31800000000004,0.48258948756311515,3.2896924716460747,1.0,1.0
Nc1cccc2nc(C(=O)O)c3ncccc3c12,,Nc1cccc2nc(C(=O)O)c3ncccc3c12,0.28063499044218465,0.19827586206896552,0.16666666666666666,0.15789473684210525,0.19480519480519481,0.1897810218978102,0.09202453987730061,0.9999999,0.84230965,0.99988216,0.0061327503,0.5008492702712785,0.9905398,1.0,1.0,0.19827586206896552,0.16666666666666666,0.15789473684210525,0.19480519480519481,0.1897810218978102,0.09202453987730061,89.1,2.0633999999999997,1.0,239.234,0.5008492702712785,2.384022665810919,1.0,1.0
CC(C(=O)NC(CNC(O)c1[nH]c(=O)[nH]c(=O)c1F)C(=O)O)c1ccccc1,,CC(C(=O)NC(CNC(O)c1[nH]c(=O)[nH]c(=O)c1F)C(=O)O)c1ccccc1,0.1652323706720953,0.3253968253968254,0.25,0.25925925925925924,0.21142857142857144,0.3356643356643357,0.1907514450867052,0.00032889843,0.9999973,0.07820028,0.9996296,0.3176297098043946,0.665296,1.0,1.0,0.3253968253968254,0.25,0.25925925925925924,0.21142857142857144,0.3356643356643357,0.1907514450867052,164.37999999999997,-0.844099999999999,8.0,394.3590000000001,0.3176297098043946,3.761316722938628,1.0,1.0
Cc1ccc(Cl)c(C(=O)NC(CNC(=O)Cn2nncc2CC(C)C)C(=O)O)c1F,,Cc1ccc(Cl)c(C(=O)NC(CNC(=O)Cn2nncc2CC(C)C)C(=O)O)c1F,0.3969062818522415,0.29850746268656714,0.34782608695652173,0.5179856115107914,0.25142857142857145,0.36551724137931035,0.21022727272727273,0.9893984,0.9718718,0.01611495,0.99990106,0.5441580647448859,0.8994504,1.0,1.0,0.29850746268656714,0.34782608695652173,0.5179856115107914,0.25142857142857145,0.36551724137931035,0.21022727272727273,126.21000000000002,1.576919999999999,9.0,439.8750000000002,0.5441580647448859,3.238722402802848,1.0,1.0
CC(C)N(C(=O)NCC(=O)NC1CCCN(C(=O)NC(C)(C)C)C1)c1ccccc1,,CC(C)N(C(=O)NCC(=O)NC1CCCN(C(=O)NC(C)(C)C)C1)c1ccccc1,0.23792894228753325,0.1917808219178082,0.1793478260869565,0.17222222222222222,0.12307692307692308,0.24528301886792453,0.23837209302325582,0.99999976,0.3172632,0.9217998,0.99994683,0.6875620201149916,0.9530276,0.5,1.0,0.1917808219178082,0.1793478260869565,0.17222222222222222,0.12307692307692308,0.24528301886792453,0.23837209302325582,93.78,2.699700000000001,5.0,417.55400000000014,0.6875620201149916,2.954189674014021,0.5,1.0
CCc1ccc2c(n1)[nH]c(=O)n2CC(NCC(=O)NC(=O)CNC(=O)c1cc[nH]c1)C(=O)O,,CCc1ccc2c(n1)[nH]c(=O)n2CC(NCC(=O)NC(=O)CNC(=O)c1cc[nH]c1)C(=O)O,0.03393534379807199,0.189873417721519,0.21578947368421053,0.3719512195121951,0.1708542713567839,0.23976608187134502,0.20105820105820105,0.0,0.99999946,0.0031523108,0.99956924,0.21699987628226078,0.7791325,1.0,1.0,0.189873417721519,0.21578947368421053,0.3719512195121951,0.1708542713567839,0.23976608187134502,0.20105820105820105,191.06999999999996,-1.2692999999999963,10.0,457.4470000000002,0.21699987628226078,3.5620165243442354,1.0,1.0
CCCCCCCn1ccc(CC(CC(N)C(=O)O)C(=O)O)c1O,,CCCCCCCn1ccc(CC(CC(N)C(=O)O)C(=O)O)c1O,0.1672384877534733,0.13333333333333333,0.13953488372093023,0.14457831325301204,0.10614525139664804,0.14935064935064934,0.2549019607843137,0.9907838,0.7531008,0.00011789799,0.96721286,0.43221074015444866,0.8440484,1.0,1.0,0.13333333333333333,0.13953488372093023,0.14457831325301204,0.10614525139664804,0.14935064935064934,0.2549019607843137,125.78,2.2093999999999996,12.0,340.4200000000001,0.43221074015444866,3.4132982099332203,1.0,1.0
CCN(CC(=O)NCCc1ccccc1)C(=O)CCC(=O)N=c1nc(C)cc[nH]1,,CCN(CC(=O)NCCc1ccccc1)C(=O)CCC(=O)N=c1nc(C)cc[nH]1,0.17991673593606886,0.24822695035460993,0.20994475138121546,0.21714285714285714,0.1693121693121693,0.2345679012345679,0.21468926553672316,0.9999771,0.99475896,0.01611495,0.9997148,0.6612851297944837,0.971581,0.5,1.0,0.24822695035460993,0.20994475138121546,0.21714285714285714,0.1693121693121693,0.2345679012345679,0.21468926553672316,107.52000000000001,1.1330199999999997,9.0,397.47900000000016,0.6612851297944837,2.7729039459114695,0.5,1.0
Cc1c(C(=O)O)cccc1-c1ccccc1,,Cc1c(C(=O)O)cccc1-c1ccccc1,0.1494345473275706,0.3163265306122449,0.2198581560283688,0.16083916083916083,0.20833333333333334,0.21428571428571427,0.09090909090909091,0.29149377,0.035529435,0.9993898,0.0006437816,0.8282812626195442,0.99925333,1.0,1.0,0.3163265306122449,0.2198581560283688,0.16083916083916083,0.20833333333333334,0.21428571428571427,0.09090909090909091,37.3,3.360220000000001,2.0,212.248,0.8282812626195442,1.4987515522714094,1.0,1.0
Cc1ccc(Cl)c(C(=O)NC(CNC(=O)Cn2c(=O)n(C)c(=O)c3nc[nH]c32)C(=O)O)c1Cl,,Cc1ccc(Cl)c(C(=O)NC(CNC(=O)Cn2c(=O)n(C)c(=O)c3nc[nH]c32)C(=O)O)c1Cl,0.18606450925638235,0.2937062937062937,0.3179190751445087,0.6086956521739131,0.26373626373626374,0.3660130718954248,0.16666666666666666,9.429455e-05,0.9999212,0.3052647,0.98802644,0.3573613886994089,0.8697494,1.0,1.0,0.2937062937062937,0.3179190751445087,0.6086956521739131,0.26373626373626374,0.3660130718954248,0.16666666666666666,168.17999999999998,0.037920000000001286,7.0,497.2950000000003,0.3573613886994089,3.3403083341221462,1.0,1.0
Cc1ccc(C(=O)NC(Cc2ccccc2)C(=O)O)cc1C,,Cc1ccc(C(=O)NC(Cc2ccccc2)C(=O)O)cc1C,0.5402397898902627,0.6263736263736264,0.38405797101449274,0.27586206896551724,0.34965034965034963,0.34375,0.16875,0.9998307,0.29331094,0.9217998,0.4448379,0.8914645544419217,0.9966911,1.0,1.0,0.6263736263736264,0.38405797101449274,0.27586206896551724,0.34965034965034963,0.34375,0.16875,66.4,2.72914,5.0,297.35400000000004,0.8914645544419217,2.0168975504264193,1.0,1.0
COc1ccc2nccc(C(O)CNC(Cc3ccccc3)C(=O)O)c2c1,,COc1ccc2nccc(C(O)CNC(Cc3ccccc3)C(=O)O)c2c1,0.39537982806784744,0.328125,0.2603550295857988,0.1896551724137931,0.27976190476190477,0.24358974358974358,0.14207650273224043,0.9999999,0.44051188,0.07820028,0.9961702,0.5675080359713854,0.9680309,1.0,1.0,0.328125,0.2603550295857988,0.1896551724137931,0.27976190476190477,0.24358974358974358,0.14207650273224043,91.68,2.5623000000000005,8.0,366.4170000000001,0.5675080359713854,2.8150728739673436,1.0,1.0
Cc1nn(C)c2nc(SC(C)C)nnc12,,Cc1nn(C)c2nc(SC(C)C)nnc12,0.10258987887034689,0.06837606837606838,0.09803921568627451,0.1095890410958904,0.06918238993710692,0.07194244604316546,0.09333333333333334,0.9956109,0.9728717,0.9993898,0.0016232491,0.7231999477601666,0.9708288,0.5,1.0,0.06837606837606838,0.09803921568627451,0.1095890410958904,0.06918238993710692,0.07194244604316546,0.09333333333333334,56.49,1.5672199999999998,2.0,223.305,0.7231999477601666,2.782249816740128,0.5,1.0
CC(=O)NC(CNCC(NC(=O)CNC(=O)Cn1c(=O)[nH]c2ncccc21)c1ccsc1)C(=O)O,,CC(=O)NC(CNCC(NC(=O)CNC(=O)Cn1c(=O)[nH]c2ncccc21)c1ccsc1)C(=O)O,0.02982358052716989,0.17365269461077845,0.2131979695431472,0.378698224852071,0.15865384615384615,0.24293785310734464,0.19289340101522842,1.1920929e-07,0.99999887,0.00011789799,0.9799649,0.18034430573865304,0.73603535,1.0,1.0,0.17365269461077845,0.2131979695431472,0.378698224852071,0.15865384615384615,0.24293785310734464,0.19289340101522842,187.30999999999997,-1.0612999999999952,12.0,503.54100000000017,0.18034430573865304,3.6437177467182806,1.0,1.0
Cc1cc2c(c(C(=O)NCC(=O)NC(=O)CCC(NC(=O)c3ccccc3Cl)C(=O)O)c1C)OCN2,,Cc1cc2c(c(C(=O)NCC(=O)NC(=O)CCC(NC(=O)c3ccccc3Cl)C(=O)O)c1C)OCN2,0.15417860701820935,0.3288590604026846,0.2887700534759358,0.2983425414364641,0.233502538071066,0.3619631901840491,0.20304568527918782,0.0005297065,0.9458551,0.01611495,0.9409383,0.3363459093320131,0.8737104,1.0,1.0,0.3288590604026846,0.2887700534759358,0.2983425414364641,0.233502538071066,0.3619631901840491,0.20304568527918782,162.92999999999998,1.7546399999999989,9.0,516.9380000000002,0.3363459093320131,3.32800004052252,1.0,1.0
Cc1ccc(Cl)c(C(=O)NC(CNC(=O)Cn2cc(C#N)c(=O)[nH]c2=O)C(=O)O)c1F,,Cc1ccc(Cl)c(C(=O)NC(CNC(=O)Cn2cc(C#N)c(=O)[nH]c2=O)C(=O)O)c1F,0.15493910696250923,0.3037037037037037,0.32727272727272727,0.6136363636363636,0.2556818181818182,0.3793103448275862,0.16847826086956522,1.3232231e-05,0.9999897,0.3052647,0.99973154,0.43880142067706246,0.9198948,1.0,1.0,0.3037037037037037,0.32727272727272727,0.6136363636363636,0.2556818181818182,0.3793103448275862,0.16847826086956522,174.14999999999998,-0.4913999999999992,7.0,451.79800000000023,0.43880142067706246,3.1519380071445546,1.0,1.0
Cc1ccc(Cn2ccnc2C(Nc2ccc3nc4ccccc4nc3c2)C(=O)O)cc1,,Cc1ccc(Cn2ccnc2C(Nc2ccc3nc4ccccc4nc3c2)C(=O)O)cc1,0.2045536300196714,0.22929936305732485,0.21025641025641026,0.16751269035532995,0.26595744680851063,0.2122905027932961,0.10476190476190476,0.9999998,0.00034928322,0.69473535,0.9999677,0.3886487184383289,0.9619479,1.0,1.0,0.22929936305732485,0.21025641025641026,0.16751269035532995,0.26595744680851063,0.2122905027932961,0.10476190476190476,92.93,4.574020000000003,6.0,423.47600000000017,0.3886487184383289,2.877781438625469,1.0,1.0
Cc1nc2ccccc2n1CC(=O)NCc1cnccn1,,Cc1nc2ccccc2n1CC(=O)NCc1cnccn1,0.2182256274014086,0.1875,0.16071428571428573,0.21153846153846154,0.16568047337278108,0.16556291390728478,0.11046511627906977,0.99997866,0.98245394,0.983885,0.17304954,0.7853183486737699,0.9954191,0.5,1.0,0.1875,0.16071428571428573,0.21153846153846154,0.16568047337278108,0.16556291390728478,0.11046511627906977,72.7,1.45112,4.0,281.31899999999996,0.7853183486737699,2.1303568612896733,0.5,1.0
COc1c(-n2ccc(=O)[nH]c2=O)ccc(CNC(=O)Cn2cc(C)c(=O)[nH]c2=O)c1F,,COc1c(-n2ccc(=O)[nH]c2=O)ccc(CNC(=O)Cn2cc(C)c(=O)[nH]c2=O)c1F,0.18415018012211481,0.19205298013245034,0.1989247311827957,0.26900584795321636,0.16580310880829016,0.19298245614035087,0.1116751269035533,0.06611395,0.9999974,0.69473535,0.9999514,0.4630227140864527,0.9675146,0.5,1.0,0.19205298013245034,0.1989247311827957,0.26900584795321636,0.16580310880829016,0.19298245614035087,0.1116751269035533,148.04999999999998,-0.8516799999999987,6.0,431.38000000000017,0.4630227140864527,2.820824789575248,0.5,1.0
Cc1ccc(Cl)c(C(=O)NC(CNc2ccccc2)C(=O)O)c1F,,Cc1ccc(Cl)c(C(=O)NC(CNc2ccccc2)C(=O)O)c1F,0.5159387921395503,0.5048543689320388,0.36551724137931035,0.4117647058823529,0.36054421768707484,0.6126126126126126,0.1686746987951807,0.9999968,0.09657389,0.69473535,0.9859583,0.747771459692881,0.9842825,1.0,1.0,0.5048543689320388,0.36551724137931035,0.4117647058823529,0.36054421768707484,0.6126126126126126,0.1686746987951807,78.43,3.0826200000000004,6.0,350.7770000000001,0.747771459692881,2.5626113993849025,1.0,1.0
CCN(CC(=O)Nc1cccc(Cl)c1)C(=O)CNC(=O)c1cccs1,,CCN(CC(=O)Nc1cccc(Cl)c1)C(=O)CNC(=O)c1cccs1,0.23480046100371418,0.25,0.2608695652173913,0.2389937106918239,0.19186046511627908,0.2777777777777778,0.17751479289940827,0.9999969,0.3882295,0.3052647,0.9987551,0.7757397796892632,0.99606556,0.5,1.0,0.25,0.2608695652173913,0.2389937106918239,0.19186046511627908,0.2777777777777778,0.17751479289940827,78.51,2.618500000000001,7.0,379.869,0.7757397796892632,2.077276071341478,0.5,1.0
COc1cc(C#CCCCCC(=O)O)c(F)c(C)n1,,COc1cc(C#CCCCCC(=O)O)c(F)c(C)n1,0.3463342246348259,0.1694915254237288,0.15286624203821655,0.19863013698630136,0.13664596273291926,0.18248175182481752,0.19594594594594594,0.99832124,0.46721607,0.9217998,0.05181924,0.6562089329941792,0.97785,1.0,1.0,0.1694915254237288,0.15286624203821655,0.19863013698630136,0.13664596273291926,0.18248175182481752,0.19594594594594594,59.42,2.5342200000000004,5.0,265.28399999999993,0.6562089329941792,2.684080600329251,1.0,1.0
CC(C)CNC(=O)C(N)CC(O)C(CC(C)C)NC(=O)C(CC(=O)O)NC(=O)COCc1cc(Cl)ccc1Cl,,CC(C)CNC(=O)C(N)CC(O)C(CC(C)C)NC(=O)C(CC(=O)O)NC(=O)COCc1cc(Cl)ccc1Cl,0.009122816355303385,0.1893491124260355,0.2079207920792079,0.2205128205128205,0.14953271028037382,0.25,0.22448979591836735,1.9073486e-06,0.9235094,0.0,0.029957116,0.15882285702501983,0.6118461,1.0,1.0,0.1893491124260355,0.2079207920792079,0.2205128205128205,0.14953271028037382,0.25,0.22448979591836735,180.07999999999998,1.8509000000000033,17.0,591.5330000000002,0.15882285702501983,3.841889462482456,1.0,1.0
OCCNC(=S)Nc1ccc(Br)cc1,,OCCNC(=S)Nc1ccc(Br)cc1,0.1887621962938669,0.19801980198019803,0.1388888888888889,0.12857142857142856,0.136986301369863,0.16,0.08108108108108109,0.8039482,0.95089424,0.9968477,0.11116045,0.7350537149536855,0.99799436,0.5,1.0,0.19801980198019803,0.1388888888888889,0.12857142857142856,0.136986301369863,0.16,0.08108108108108109,44.29,1.7277999999999998,3.0,275.171,0.7350537149536855,1.8424971537394743,0.5,1.0
O=c1[nH]c2ncccc2n1Cc1ccccc1,,O=c1[nH]c2ncccc2n1Cc1ccccc1,0.13395764535733648,0.26605504587155965,0.1830065359477124,0.24113475177304963,0.18831168831168832,0.18248175182481752,0.07926829268292683,0.9710579,0.9421521,0.9993898,0.0019099613,0.7222622606202604,0.9970339,0.5,1.0,0.26605504587155965,0.1830065359477124,0.24113475177304963,0.18831168831168832,0.18248175182481752,0.07926829268292683,50.68,1.7729,2.0,225.25099999999998,0.7222622606202604,1.9787807356867102,0.5,1.0
O=C(CNC(=O)Cn1c(=O)[nH]c2ncccc21)NCc1ccccc1Cl,,O=C(CNC(=O)Cn1c(=O)[nH]c2ncccc21)NCc1ccccc1Cl,0.28822672913253666,0.2803030303030303,0.2694610778443114,0.4305555555555556,0.23699421965317918,0.2953020134228188,0.13043478260869565,0.9999642,0.9984736,0.69473535,0.99793243,0.5936744529314686,0.9926886,0.5,1.0,0.2803030303030303,0.2694610778443114,0.4305555555555556,0.23699421965317918,0.2953020134228188,0.13043478260869565,108.88000000000001,0.8106000000000009,6.0,373.8000000000002,0.5936744529314686,2.29374944788362,0.5,1.0
CN(C)c1ncc(CNC(=O)Cc2cccc(F)c2)cn1,,CN(C)c1ncc(CNC(=O)Cc2cccc(F)c2)cn1,0.2566340421134062,0.30357142857142855,0.24342105263157895,0.22818791946308725,0.21656050955414013,0.24087591240875914,0.1419753086419753,0.99742776,0.9754415,0.9217998,0.27339423,0.9064623906563228,0.99538565,0.5,1.0,0.30357142857142855,0.24342105263157895,0.22818791946308725,0.21656050955414013,0.24087591240875914,0.1419753086419753,58.120000000000005,1.5405999999999993,5.0,288.32599999999996,0.9064623906563228,2.132894989402182,0.5,1.0
O=C(Cn1c(=O)[nH]c2ncccc21)NCC(NC(=O)c1ccccc1Cl)C(=O)O,,O=C(Cn1c(=O)[nH]c2ncccc21)NCC(NC(=O)c1ccccc1Cl)C(=O)O,0.43396302648573,0.3858267716535433,0.3353658536585366,0.5895522388059702,0.29239766081871343,0.3698630136986301,0.16216216216216217,0.115796626,0.99971014,0.3052647,0.999948,0.43672805315729735,0.96703136,1.0,1.0,0.3858267716535433,0.3353658536585366,0.5895522388059702,0.29239766081871343,0.3698630136986301,0.16216216216216217,146.17999999999998,0.3774000000000002,7.0,417.8090000000002,0.43672805315729735,2.826128676201268,1.0,1.0
O=C(O)CCC(=O)c1ccc(CCCCCCc2ccccn2)cc1,,O=C(O)CCC(=O)c1ccc(CCCCCCc2ccccn2)cc1,0.10992714915179831,0.29365079365079366,0.24848484848484848,0.21212121212121213,0.21637426900584794,0.2635135135135135,0.2948717948717949,0.99987245,0.00051128864,0.00061023235,0.96449417,0.48417825723066754,0.997368,1.0,1.0,0.29365079365079366,0.24848484848484848,0.21212121212121213,0.21637426900584794,0.2635135135135135,0.2948717948717949,67.25999999999999,4.474700000000004,11.0,339.43499999999995,0.48417825723066754,1.9371493130997202,1.0,1.0
O=C(NCc1ccco1)c1cc(S(=O)(=O)N2CCCCCC2)c(Cl)cn1,,O=C(NCc1ccco1)c1cc(S(=O)(=O)N2CCCCCC2)c(Cl)cn1,0.23616514288947557,0.17482517482517482,0.1853932584269663,0.20588235294117646,0.14516129032258066,0.2,0.23952095808383234,0.9999998,0.22471339,0.9217998,0.9997242,0.8368957261307499,0.9911159,0.5,1.0,0.17482517482517482,0.1853932584269663,0.20588235294117646,0.14516129032258066,0.2,0.23952095808383234,92.50999999999999,2.822700000000001,5.0,397.8840000000002,0.8368957261307499,2.361990404224576,0.5,1.0
O=C(NC(C(=O)O)c1c(F)cccc1Cl)c1c(Cl)cccc1Cl,,O=C(NC(C(=O)O)c1c(F)cccc1Cl)c1c(Cl)cccc1Cl,0.30436322432739593,0.41904761904761906,0.3617021276595745,0.30985915492957744,0.45864661654135336,0.4180327868852459,0.11904761904761904,0.9998307,0.0008517504,0.983885,0.99836355,0.8338831685635142,0.9814282,1.0,1.0,0.41904761904761906,0.3617021276595745,0.30985915492957744,0.45864661654135336,0.4180327868852459,0.11904761904761904,66.4,4.3416000000000015,4.0,376.59800000000007,0.8338831685635142,2.6215961937691237,1.0,1.0
COc1ccc(NC(=O)NC(=O)c2c(F)cccc2F)c(OC)n1,,COc1ccc(NC(=O)NC(=O)c2c(F)cccc2F)c(OC)n1,0.3045196118136589,0.3135593220338983,0.375,0.28,0.30718954248366015,0.366412213740458,0.12138728323699421,0.9999999,0.649819,0.983885,0.9577765,0.8937322678865763,0.99327564,0.5,1.0,0.3135593220338983,0.375,0.28,0.30718954248366015,0.366412213740458,0.12138728323699421,89.55000000000001,2.3388999999999998,4.0,337.28200000000004,0.8937322678865763,2.2644642725214865,0.5,1.0
Nc1cc(C(=O)NCC(Cc2ccccc2)NCC(=O)NCC(=O)NCCc2c[nH]cn2)cc(C(=O)NC(Cc2ccccc2)C(=O)O)c1,,Nc1cc(C(=O)NCC(Cc2ccccc2)NCC(=O)NCC(=O)NCCc2c[nH]cn2)cc(C(=O)NC(Cc2ccccc2)C(=O)O)c1,0.0024969338033381124,0.296875,0.28634361233480177,0.22746781115879827,0.2782608695652174,0.25806451612903225,0.17551020408163265,0.0,0.9983969,0.0,4.8041344e-05,0.0702803021659502,0.71693456,1.0,1.0,0.296875,0.28634361233480177,0.22746781115879827,0.2782608695652174,0.25806451612903225,0.17551020408163265,220.42999999999995,0.8234000000000048,18.0,668.7550000000002,0.0702803021659502,3.677125964224765,1.0,1.0
CC(C)(C)OC(=O)NC(Cc1ccc(OC(=O)N2CCCC2)cc1)C(=O)N1CCCCC1,,CC(C)(C)OC(=O)NC(Cc1ccc(OC(=O)N2CCCC2)cc1)C(=O)N1CCCCC1,0.15195615482572886,0.14375,0.14720812182741116,0.13402061855670103,0.10679611650485436,0.1564245810055866,0.29069767441860467,0.9999999,0.0088505745,0.9217998,0.99984074,0.7461333143893023,0.97920305,0.5,1.0,0.14375,0.14720812182741116,0.13402061855670103,0.10679611650485436,0.1564245810055866,0.29069767441860467,88.17999999999999,3.7295000000000034,5.0,445.5600000000004,0.7461333143893023,2.661701736392219,0.5,1.0
CC(NC(=O)c1c(Cl)sc(Cl)c1Cl)c1ccccc1Cl,,CC(NC(=O)c1c(Cl)sc(Cl)c1Cl)c1ccccc1Cl,0.048699785815799715,0.3627450980392157,0.2638888888888889,0.26618705035971224,0.3049645390070922,0.28346456692913385,0.11949685534591195,0.02697619,2.6226044e-06,0.9968477,0.99693847,0.7223705455409338,0.9573832,0.5,1.0,0.3627450980392157,0.2638888888888889,0.26618705035971224,0.3049645390070922,0.28346456692913385,0.11949685534591195,29.1,5.852700000000002,3.0,369.1,0.7223705455409338,2.918795789387719,0.5,1.0
CN1Cc2c(NC(=O)c3ccc4ccccc4c3)cccc2N(C)S1(=O)=O,,CN1Cc2c(NC(=O)c3ccc4ccccc4c3)cccc2N(C)S1(=O)=O,0.21127015631278617,0.2647058823529412,0.27218934911242604,0.1807909604519774,0.2471264367816092,0.2484076433121019,0.12234042553191489,0.99994326,0.05967313,0.9993898,0.99890995,0.7409927521696316,0.9834475,0.5,1.0,0.2647058823529412,0.27218934911242604,0.1807909604519774,0.2471264367816092,0.2484076433121019,0.12234042553191489,69.72,3.2185000000000015,2.0,381.4570000000001,0.7409927521696316,2.5808907391659552,0.5,1.0
O=C(O)CC(NC(=O)Cn1c(=O)[nH]c2ncccc21)C(=O)NCC1CCc2ccccc2N1,,O=C(O)CC(NC(=O)Cn1c(=O)[nH]c2ncccc21)C(=O)NCC1CCc2ccccc2N1,0.21070484899449338,0.23417721518987342,0.23958333333333334,0.38095238095238093,0.2,0.2958579881656805,0.18781725888324874,0.002497375,0.9998371,0.07820028,0.999716,0.3271319074860389,0.83174384,1.0,1.0,0.23417721518987342,0.23958333333333334,0.38095238095238093,0.2,0.2958579881656805,0.18781725888324874,158.21,0.22720000000000123,8.0,452.47100000000023,0.3271319074860389,3.4447850412947396,1.0,1.0
CCOC(=O)c1sc(NC(=O)C(C)(C)C)c(C#N)c1-c1ccc(Cl)cc1,,CCOC(=O)c1sc(NC(=O)C(C)(C)C)c(C#N)c1-c1ccc(Cl)cc1,0.094149328017106,0.2076923076923077,0.2345679012345679,0.22784810126582278,0.1744186046511628,0.23129251700680273,0.18072289156626506,0.9999975,4.6133995e-05,0.983885,0.9995049,0.7361059072307187,0.99056846,0.5,1.0,0.2076923076923077,0.2345679012345679,0.22784810126582278,0.1744186046511628,0.23129251700680273,0.18072289156626506,79.19,5.101480000000004,4.0,390.89200000000005,0.7361059072307187,2.3829587202328923,0.5,1.0
OC1(c2ccc(Cl)cc2)CCN(CCCC(c2ccccc2)c2ccccc2)CC1,,OC1(c2ccc(Cl)cc2)CCN(CCCC(c2ccccc2)c2ccccc2)CC1,0.025916423061240767,0.2727272727272727,0.21621621621621623,0.15263157894736842,0.22702702702702704,0.21893491124260356,0.11055276381909548,0.004331973,5.9604645e-07,0.3052647,0.9999567,0.4898259018103019,0.9946459,0.5,1.0,0.2727272727272727,0.21621621621621623,0.15263157894736842,0.22702702702702704,0.21893491124260356,0.11055276381909548,23.47,6.235700000000007,7.0,419.9960000000001,0.4898259018103019,2.1848166900808472,0.5,1.0
O=C(COC(=O)CCOC(=O)CCCn1c(O)c2c(c1O)C1C=CC2C1)NC1CCCCC1,,O=C(COC(=O)CCOC(=O)CCCn1c(O)c2c(c1O)C1C=CC2C1)NC1CCCCC1,0.08460371610625313,0.0782122905027933,0.09259259259259259,0.12195121951219512,0.06726457399103139,0.11855670103092783,0.2608695652173913,0.9858895,0.28039062,0.0031523108,0.9994426,0.3618546227440385,0.2661801,0.5,1.0,0.0782122905027933,0.09259259259259259,0.12195121951219512,0.06726457399103139,0.11855670103092783,0.2608695652173913,127.09000000000003,2.7456000000000014,10.0,460.52700000000027,0.3618546227440385,4.352331164850932,0.5,1.0
O=C(NC(CC1CCCN1)C(=O)O)c1c(Cl)cccc1Cl,,O=C(NC(CC1CCCN1)C(=O)O)c1c(Cl)cccc1Cl,0.6257906973066133,0.34579439252336447,0.35507246376811596,0.3115942028985507,0.32167832167832167,0.4608695652173913,0.22,0.9999968,0.66741836,0.9217998,0.93164927,0.7737080481612615,0.9395624,1.0,1.0,0.34579439252336447,0.35507246376811596,0.3115942028985507,0.32167832167832167,0.4608695652173913,0.22,78.43,2.3185000000000002,5.0,331.19900000000007,0.7737080481612615,3.046705145534726,1.0,1.0
O=C(NCC(NC(=O)c1c(Cl)cccc1Cl)C(=O)O)Nc1cccc(-c2nc3cccnc3[nH]2)c1,,O=C(NCC(NC(=O)c1c(Cl)cccc1Cl)C(=O)O)Nc1cccc(-c2nc3cccnc3[nH]2)c1,0.19756362259696783,0.32666666666666666,0.49382716049382713,0.36416184971098264,0.40229885057471265,0.38509316770186336,0.12796208530805686,0.04772657,0.004020214,0.3052647,0.95561576,0.2528515998424508,0.9493859,1.0,1.0,0.32666666666666666,0.49382716049382713,0.36416184971098264,0.40229885057471265,0.38509316770186336,0.12796208530805686,149.1,3.936400000000001,7.0,513.3410000000002,0.2528515998424508,2.981463287554842,1.0,1.0
CCCCCCCCCCCCCCCCOC(=O)C[n+]1ccnc(C)c1,,CCCCCCCCCCCCCCCCOC(=O)C[n+]1ccnc(C)c1,0.006001469796156413,0.06097560975609756,0.07960199004975124,0.09326424870466321,0.057971014492753624,0.08196721311475409,0.28313253012048195,0.73299044,4.6491623e-06,0.0,0.99849415,0.19854720420371616,0.9808178,0.5,1.0,0.06097560975609756,0.07960199004975124,0.09326424870466321,0.057971014492753624,0.08196721311475409,0.28313253012048195,43.07,5.702020000000005,17.0,377.593,0.19854720420371616,2.6330478553291456,0.5,1.0
CC1(C(=O)NC(Cc2ccc(NCc3ccc(Cl)c(Cl)c3)cc2)C(=O)O)CCOCC1,,CC1(C(=O)NC(Cc2ccc(NCc3ccc(Cl)c(Cl)c3)cc2)C(=O)O)CCOCC1,0.20420876413644212,0.40625,0.33532934131736525,0.26900584795321636,0.2784090909090909,0.4068965517241379,0.34355828220858897,0.9999999,0.00040704012,0.07820028,0.99916357,0.5332712517248454,0.9641441,1.0,1.0,0.40625,0.33532934131736525,0.26900584795321636,0.2784090909090909,0.4068965517241379,0.34355828220858897,87.66000000000001,4.534100000000003,8.0,465.3770000000003,0.5332712517248454,2.8563346259806437,1.0,1.0
COc1ccc(C(=O)NC(CN2CCOCC2)C(=O)N2CCCC2C(=O)N=C(CC(C)C)C(=O)O)c(Cl)c1,,COc1ccc(C(=O)NC(CN2CCOCC2)C(=O)N2CCCC2C(=O)N=C(CC(C)C)C(=O)O)c(Cl)c1,0.23007265883573053,0.18823529411764706,0.1722488038277512,0.18316831683168316,0.1382488479262673,0.19576719576719576,0.24870466321243523,0.6705146,0.91859967,0.0031523108,0.47824436,0.4210723668109187,0.7306653,1.0,1.0,0.18823529411764706,0.1722488038277512,0.18316831683168316,0.1382488479262673,0.19576719576719576,0.24870466321243523,137.84,1.868500000000001,10.0,551.0400000000003,0.4210723668109187,3.653259022872292,1.0,1.0
Cc1ccc2oc(C(=O)C(CCCCN)NC(=O)Cn3c(C(=O)O)c(SCc4ccccc4)[nH]c3=O)nc2c1,,Cc1ccc2oc(C(=O)C(CCCCN)NC(=O)Cn3c(C(=O)O)c(SCc4ccccc4)[nH]c3=O)nc2c1,0.029948409697986914,0.24705882352941178,0.2318840579710145,0.27040816326530615,0.24154589371980675,0.24210526315789474,0.18396226415094338,1.7404556e-05,0.08680236,2.2768974e-05,0.46603692,0.11056324546263363,0.84699935,1.0,1.0,0.24705882352941178,0.2318840579710145,0.27040816326530615,0.24154589371980675,0.24210526315789474,0.18396226415094338,173.31,3.113220000000001,13.0,551.6250000000001,0.11056324546263363,3.4054481755960513,1.0,1.0
Cc1ccc(CNCC(NC(=O)CNC(=O)Nc2ccc(Cl)c(Cl)c2)C(=O)O)c(C)c1,,Cc1ccc(CNCC(NC(=O)CNC(=O)Nc2ccc(Cl)c(Cl)c2)C(=O)O)c(C)c1,0.2903795907181414,0.32592592592592595,0.37037037037037035,0.3170731707317073,0.23756906077348067,0.3904109589041096,0.18478260869565216,0.9987992,0.09382373,0.01611495,0.9990132,0.3884539373527658,0.9779585,1.0,1.0,0.32592592592592595,0.37037037037037035,0.3170731707317073,0.23756906077348067,0.3904109589041096,0.18478260869565216,119.55999999999999,3.0909400000000016,9.0,467.3530000000002,0.3884539373527658,2.6823363672819376,1.0,1.0
Cc1ccc(Cl)c(C(=O)NC(CNC(=O)OCc2c[nH]cn2)C(=O)O)c1F,,Cc1ccc(Cl)c(C(=O)NC(CNC(=O)OCc2c[nH]cn2)C(=O)O)c1F,0.5463772646595443,0.32,0.3333333333333333,0.518796992481203,0.2727272727272727,0.3695652173913043,0.18604651162790697,0.8973129,0.96697944,0.3052647,0.9997441,0.5597039005583943,0.90889764,1.0,1.0,0.32,0.3333333333333333,0.518796992481203,0.2727272727272727,0.3695652173913043,0.18604651162790697,133.41,1.6200199999999996,7.0,398.7780000000001,0.5597039005583943,3.2008117770401245,1.0,1.0
COc1ccc(C2=NN(c3ccc(Cl)cc3)c3[nH]c(-c4ccc(Cl)c(Cl)c4)nc(=O)c3C2)cc1,,COc1ccc(C2=NN(c3ccc(Cl)cc3)c3[nH]c(-c4ccc(Cl)c(Cl)c4)nc(=O)c3C2)cc1,0.047219180477921494,0.24358974358974358,0.24083769633507854,0.2094240837696335,0.30601092896174864,0.20441988950276244,0.08372093023255814,0.9999572,2.3841858e-07,0.983885,0.96079046,0.33923636582778816,0.9742872,0.5,1.0,0.24358974358974358,0.24083769633507854,0.2094240837696335,0.30601092896174864,0.20441988950276244,0.08372093023255814,70.58,6.504200000000004,4.0,511.7960000000002,0.33923636582778816,2.737169990123256,0.5,1.0
OC1COC(SCC=Cc2ccccc2)C(O)C1O,,OC1COC(SCC=Cc2ccccc2)C(O)C1O,0.20171754097374853,0.2033898305084746,0.1419753086419753,0.12578616352201258,0.11976047904191617,0.16901408450704225,0.13836477987421383,0.99994683,0.9980688,0.983885,0.185893,0.7643577770690801,0.6362138,0.5,1.0,0.2033898305084746,0.1419753086419753,0.12578616352201258,0.11976047904191617,0.16901408450704225,0.13836477987421383,69.92,0.8719999999999997,4.0,282.36100000000005,0.7643577770690801,3.8057945905538766,0.5,1.0
Cc1nc2cccnc2n1-c1nc2ccccc2c(=O)[nH]1,,Cc1nc2cccnc2n1-c1nc2ccccc2c(=O)[nH]1,0.18886432778320558,0.16666666666666666,0.15204678362573099,0.15060240963855423,0.18452380952380953,0.1337579617834395,0.06043956043956044,0.9999938,0.8861018,0.99988216,0.1299084,0.5767734465334777,0.9882608,0.5,1.0,0.16666666666666666,0.15204678362573099,0.15060240963855423,0.18452380952380953,0.1337579617834395,0.06043956043956044,76.46000000000001,1.9654199999999997,1.0,277.287,0.5767734465334777,2.459813607821829,0.5,1.0
O=C(NC(Cc1ccccc1)C(=O)O)c1ccccn1,,O=C(NC(Cc1ccccc1)C(=O)O)c1ccccn1,0.49819309124517064,0.5714285714285714,0.35766423357664234,0.25,0.34285714285714286,0.3046875,0.1895424836601307,0.9999976,0.9783238,0.9217998,0.07671808,0.8627083055651906,0.9958032,1.0,1.0,0.5714285714285714,0.35766423357664234,0.25,0.34285714285714286,0.3046875,0.1895424836601307,79.29,1.5072999999999999,5.0,270.288,0.8627083055651906,2.099799433112416,1.0,1.0
CC1CN(c2ccc(NCc3cccnc3)c(Cl)c2)CC(C)N1,,CC1CN(c2ccc(NCc3cccnc3)c(Cl)c2)CC(C)N1,0.16264098324744714,0.19083969465648856,0.18452380952380953,0.17682926829268292,0.15517241379310345,0.22448979591836735,0.14035087719298245,0.51561946,0.018578947,0.983885,0.92983586,0.8993487434206423,0.9374757,0.5,1.0,0.19083969465648856,0.18452380952380953,0.17682926829268292,0.15517241379310345,0.22448979591836735,0.14035087719298245,40.19,3.5337000000000014,4.0,330.86300000000006,0.8993487434206423,3.0592713004877714,0.5,1.0
O=C(CN1Cc2ccccc2NC1=O)NCC(Cc1ccccc1)NC(=O)c1ccccc1Cl,,O=C(CN1Cc2ccccc2NC1=O)NCC(Cc1ccccc1)NC(=O)c1ccccc1Cl,0.12375402750882637,0.34459459459459457,0.31521739130434784,0.2356020942408377,0.2774869109947644,0.31176470588235294,0.13875598086124402,0.99999994,0.0056997538,0.07820028,0.9977961,0.4610167415661791,0.96999997,0.5,1.0,0.34459459459459457,0.31521739130434784,0.2356020942408377,0.2774869109947644,0.31176470588235294,0.13875598086124402,90.53999999999999,3.8450000000000033,8.0,476.96400000000017,0.4610167415661791,2.792279610752109,0.5,1.0
CCOC(OC)C(=O)NC(Cc1ccc(-c2ccccc2O)cc1)C(=O)O,,CCOC(OC)C(=O)NC(Cc1ccc(-c2ccccc2O)cc1)C(=O)O,0.37995701612489574,0.3898305084745763,0.35294117647058826,0.24074074074074073,0.27439024390243905,0.3055555555555556,0.20833333333333334,0.9999897,0.77340907,0.01611495,0.997863,0.5820709799090096,0.94788784,1.0,1.0,0.3898305084745763,0.35294117647058826,0.24074074074074073,0.27439024390243905,0.3055555555555556,0.20833333333333334,105.09000000000002,2.1801,9.0,373.4050000000001,0.5820709799090096,2.992145545296017,1.0,1.0
Cc1cccc(C)c1NC(=O)CNC(=O)COC(=O)c1ccc(Cl)cc1,,Cc1cccc(C)c1NC(=O)CNC(=O)COC(=O)c1ccc(Cl)cc1,0.24630280083486494,0.3252032520325203,0.2875,0.27388535031847133,0.21637426900584794,0.3357142857142857,0.14772727272727273,0.9999995,0.19555289,0.69473535,0.998102,0.761289098882524,0.99813056,0.5,1.0,0.3252032520325203,0.2875,0.27388535031847133,0.21637426900584794,0.3357142857142857,0.14772727272727273,84.5,2.868540000000001,6.0,374.82400000000007,0.761289098882524,1.8180217971559678,0.5,1.0
CC(C)CC(CC(=O)NC(CCn1c(=O)[nH]c2ccccc21)C(=O)O)C(=O)NC(CO)C(=O)O,,CC(C)CC(CC(=O)NC(CCn1c(=O)[nH]c2ccccc21)C(=O)O)C(=O)NC(CO)C(=O)O,0.01910483360204713,0.17721518987341772,0.19270833333333334,0.25280898876404495,0.155,0.2138728323699422,0.22282608695652173,0.0,0.99995303,2.2768974e-05,0.997494,0.22986809995947177,0.81330556,1.0,1.0,0.17721518987341772,0.19270833333333334,0.25280898876404495,0.155,0.2138728323699422,0.22282608695652173,190.82,-0.09679999999999728,13.0,478.5020000000002,0.22986809995947177,3.4887021172048778,1.0,1.0
O=C(O)CCCC(O)C(C=CCC(=O)S)SCC(NS(=O)(=O)c1ccc(F)cc1)C(=O)O,,O=C(O)CCCC(O)C(C=CCC(=O)S)SCC(NS(=O)(=O)c1ccc(F)cc1)C(=O)O,0.0,0.0,0.0,0.0,0.0,0.0,0.0,0.0,0.0,0.0,0.0,0.0,0.0,0.0,0.0,0.0,0.0,0.0,0.0,0.0,0.0,0.0,0.0,0.0,0.0,0.0,0.0,0.0,0.0
O=C(O)CCCCN(CCc1nc(Br)cs1)C1CCN(C(=O)C(CCC(=O)O)NC(=O)c2c(Cl)cccc2Cl)CC1,,O=C(O)CCCCN(CCc1nc(Br)cs1)C1CCN(C(=O)C(CCC(=O)O)NC(=O)c2c(Cl)cccc2Cl)CC1,0.009640405092541788,0.23837209302325582,0.28,0.26262626262626265,0.25853658536585367,0.30939226519337015,0.2413793103448276,0.48848915,7.760525e-05,8.34465e-07,6.556511e-06,0.2227037702687209,0.84637266,1.0,1.0,0.23837209302325582,0.28,0.26262626262626265,0.25853658536585367,0.30939226519337015,0.2413793103448276,140.14000000000001,4.966200000000004,15.0,692.46,0.2227037702687209,3.4071254118911654,1.0,1.0
CCCCc1nc2cc(C(=O)NCC(NC(=O)c3c(F)cccc3Cl)C(=O)O)ccc2n1Cc1ccc(-c2ccccc2C#N)cc1,,CCCCc1nc2cc(C(=O)NCC(NC(=O)c3c(F)cccc3Cl)C(=O)O)ccc2n1Cc1ccc(-c2ccccc2C#N)cc1,0.014081254369543971,0.30434782608695654,0.3872549019607843,0.3127962085308057,0.37681159420289856,0.35384615384615387,0.1625,0.7212436,3.5762787e-07,0.00011789799,0.00019329786,0.1433575648881128,0.91389114,1.0,1.0,0.30434782608695654,0.3872549019607843,0.3127962085308057,0.37681159420289856,0.35384615384615387,0.1625,137.10999999999999,6.371380000000006,12.0,652.1260000000001,0.1433575648881128,3.17932276237007,1.0,1.0
CC(Cc1cc2c(=N)[nH]ccc2cc1F)NC(=O)C(C(C)C)n1c(=O)[nH]c2ccccc21,,CC(Cc1cc2c(=N)[nH]ccc2cc1F)NC(=O)C(C(C)C)n1c(=O)[nH]c2ccccc21,0.16571613325872023,0.23026315789473684,0.22994652406417113,0.22404371584699453,0.23404255319148937,0.21965317919075145,0.12437810945273632,0.99998343,0.03376496,0.69473535,0.9999314,0.37272503437646537,0.63377595,0.5,1.0,0.23026315789473684,0.22994652406417113,0.22404371584699453,0.23404255319148937,0.21965317919075145,0.12437810945273632,106.53,3.3739700000000017,6.0,435.50300000000016,0.37272503437646537,3.8094489075306814,0.5,1.0
Cc1ccc(Cl)c(C(=O)NC(CNc2ccc(OC3(C(=O)O)CCCC3)cc2)C(=O)O)c1F,,Cc1ccc(Cl)c(C(=O)NC(CNc2ccc(OC3(C(=O)O)CCCC3)cc2)C(=O)O)c1F,0.22123705192318152,0.34306569343065696,0.31976744186046513,0.389937106918239,0.27932960893854747,0.5294117647058824,0.2185792349726776,0.99294734,0.005406916,0.01611495,0.99740845,0.43096152620930933,0.91820925,1.0,1.0,0.34306569343065696,0.31976744186046513,0.389937106918239,0.27932960893854747,0.5294117647058824,0.2185792349726776,124.96000000000002,3.8588200000000015,9.0,478.9040000000004,0.43096152620930933,3.1598100503834115,1.0,1.0
O=C(COc1c(Cl)cc(Cl)c(F)c1F)NCC(NC(=O)c1ccccc1Cl)C(=O)O,,O=C(COc1c(Cl)cc(Cl)c(F)c1F)NCC(NC(=O)c1ccccc1Cl)C(=O)O,0.32870486810960764,0.4262295081967213,0.3312883435582822,0.4066666666666667,0.32727272727272727,0.39436619718309857,0.15760869565217392,0.9999908,0.043839335,0.07820028,0.99673635,0.39637095882624196,0.96775603,1.0,1.0,0.4262295081967213,0.3312883435582822,0.4066666666666667,0.32727272727272727,0.39436619718309857,0.15760869565217392,104.73,3.3032000000000012,8.0,481.66600000000017,0.39637095882624196,2.81814633442678,1.0,1.0
Cc1ccc(C(=O)NC(CC2CCCCC2)C(O)C(O)C(=O)NCCCC(N)C(=O)NCC(C)(C)NCC(=O)O)c(C)c1,,Cc1ccc(C(=O)NC(CC2CCCCC2)C(O)C(O)C(=O)NCCCC(N)C(=O)NCC(C)(C)NCC(=O)O)c(C)c1,0.004027050644627037,0.14736842105263157,0.17040358744394618,0.19158878504672897,0.11440677966101695,0.21,0.25980392156862747,0.0,0.99795663,0.0,0.009283125,0.11863529068172156,0.46246535,1.0,1.0,0.14736842105263157,0.17040358744394618,0.19158878504672897,0.11440677966101695,0.21,0.25980392156862747,203.10999999999999,0.8867400000000061,17.0,605.7770000000003,0.11863529068172156,4.052261876834653,1.0,1.0
CCC1(CC)CCc2sc(=NC(=O)Nc3ccc(F)c(Cl)c3)[nH]c2C1,,CCC1(CC)CCc2sc(=NC(=O)Nc3ccc(F)c(Cl)c3)[nH]c2C1,0.08419161916654426,0.2196969696969697,0.20710059171597633,0.2073170731707317,0.1638418079096045,0.2251655629139073,0.17647058823529413,0.9965784,2.18153e-05,0.9968477,0.99894994,0.7444710357044938,0.8615431,0.5,1.0,0.2196969696969697,0.20710059171597633,0.2073170731707317,0.1638418079096045,0.2251655629139073,0.17647058823529413,57.25,5.296600000000004,3.0,381.90400000000005,0.7444710357044938,3.3648299174953236,0.5,1.0
COc1ccc(CCn2c(=O)[nH]c3ncccc32)cc1,,COc1ccc(CCn2c(=O)[nH]c3ncccc32)cc1,0.20458519166880063,0.23529411764705882,0.1949685534591195,0.2777777777777778,0.19254658385093168,0.1793103448275862,0.10059171597633136,0.9985708,0.8819792,0.983885,0.071081854,0.7874677059053984,0.9962686,0.5,1.0,0.23529411764705882,0.1949685534591195,0.2777777777777778,0.19254658385093168,0.1793103448275862,0.10059171597633136,59.91,1.9759,4.0,269.30400000000003,0.7874677059053984,2.0587966972482015,0.5,1.0
Cc1nccc(N2CCCC2Cn2cc3c(n2)CCCNC3)n1,,Cc1nccc(N2CCCC2Cn2cc3c(n2)CCCNC3)n1,0.22796146465592565,0.09395973154362416,0.11351351351351352,0.12994350282485875,0.08333333333333333,0.11976047904191617,0.1744186046511628,0.99798906,0.9578159,0.9968477,0.73885274,0.9343873575040732,0.83304214,0.5,1.0,0.09395973154362416,0.11351351351351352,0.12994350282485875,0.08333333333333333,0.11976047904191617,0.1744186046511628,58.870000000000005,1.6863199999999998,3.0,312.42100000000005,0.9343873575040732,3.441551893666949,0.5,1.0
Cc1cccc(Cn2c(=O)[nH]c3cc(C(=O)NCC(NC(=O)c4c(Cl)cccc4Cl)C(=O)O)ccc32)c1,,Cc1cccc(Cn2c(=O)[nH]c3cc(C(=O)NCC(NC(=O)c4c(Cl)cccc4Cl)C(=O)O)ccc32)c1,0.2653152052903893,0.35333333333333333,0.42196531791907516,0.40350877192982454,0.4090909090909091,0.41875,0.13615023474178403,0.9008937,0.014134645,0.07820028,0.672791,0.2706532338913007,0.95905924,1.0,1.0,0.35333333333333333,0.42196531791907516,0.40350877192982454,0.4090909090909091,0.41875,0.13615023474178403,133.29,3.6061200000000024,8.0,541.3910000000002,0.2706532338913007,2.9042481858153817,1.0,1.0
N#CCCN1CC(C(=O)NCC(O)CN2CCN(CCCc3ccccc3)CC2)C(c2ccc(F)cc2)C1,,N#CCCN1CC(C(=O)NCC(O)CN2CCN(CCCc3ccccc3)CC2)C(c2ccc(F)cc2)C1,0.08949463624310225,0.2865853658536585,0.20952380952380953,0.17535545023696683,0.19069767441860466,0.25,0.17370892018779344,0.9999993,0.5169942,0.00011789799,0.9146013,0.44673697409604,0.810794,0.5,1.0,0.2865853658536585,0.20952380952380953,0.17535545023696683,0.19069767441860466,0.25,0.17370892018779344,82.83999999999999,2.482280000000002,12.0,521.6810000000003,0.44673697409604,3.494419591243024,0.5,1.0
CCN(c1ncnc(C(=O)NCc2c(C)cc(=N)[nH]c2C)c1C)C1CCCCC1,,CCN(c1ncnc(C(=O)NCc2c(C)cc(=N)[nH]c2C)c1C)C1CCCCC1,0.1740432664351828,0.13725490196078433,0.14210526315789473,0.1853932584269663,0.11734693877551021,0.1511627906976744,0.22413793103448276,0.99999905,0.044613123,0.69473535,0.9996915,0.6976946224101109,0.91525066,0.5,1.0,0.13725490196078433,0.14210526315789473,0.1853932584269663,0.11734693877551021,0.1511627906976744,0.22413793103448276,97.75999999999999,3.2984300000000015,6.0,396.53900000000027,0.6976946224101109,3.1732768873331914,0.5,1.0
COc1ccc(NC(=O)Nc2ccc(CC(NC(=O)c3c(Cl)cccc3Cl)C(=O)O)cc2)cc1,,COc1ccc(NC(=O)Nc2ccc(CC(NC(=O)c3c(Cl)cccc3Cl)C(=O)O)cc2)cc1,0.15832145379772347,0.45384615384615384,0.5466666666666666,0.3063583815028902,0.4716981132075472,0.42953020134228187,0.14,0.9995216,5.173683e-05,0.07820028,0.9818259,0.3432630339625703,0.9875809,1.0,1.0,0.45384615384615384,0.5466666666666666,0.3063583815028902,0.4716981132075472,0.42953020134228187,0.14,116.76,5.0717000000000025,8.0,502.35400000000016,0.3432630339625703,2.4796148516014824,1.0,1.0
O=C(O)C(=O)CC(=O)c1c(Cl)cc(Cl)cc1Cl,,O=C(O)C(=O)CC(=O)c1c(Cl)cc(Cl)cc1Cl,0.42719644413548796,0.3125,0.2158273381294964,0.24427480916030533,0.22142857142857142,0.2605042016806723,0.14583333333333334,0.9999677,0.19269514,0.983885,0.40700328,0.5265151788547584,0.9907604,1.0,1.0,0.3125,0.2158273381294964,0.24427480916030533,0.22142857142857142,0.2605042016806723,0.14583333333333334,71.44,2.8733000000000013,4.0,295.505,0.5265151788547584,2.375747700721675,1.0,1.0
Cc1nc(C)c(C)c(N2CC=C(c3ccc(Cl)cc3)CC2)n1,,Cc1nc(C)c(C)c(N2CC=C(c3ccc(Cl)cc3)CC2)n1,0.08349332316490453,0.22950819672131148,0.19875776397515527,0.2222222222222222,0.16766467065868262,0.22535211267605634,0.14545454545454545,0.026293986,0.0008280277,0.9993898,0.76099795,0.8251113649249163,0.9899957,0.5,1.0,0.22950819672131148,0.19875776397515527,0.2222222222222222,0.16766467065868262,0.22535211267605634,0.14545454545454545,29.020000000000003,4.348960000000004,2.0,313.83200000000005,0.8251113649249163,2.4036412231917197,0.5,1.0
CCCN(CC(=O)Nc1ccc(F)cc1C)C(=O)CCC(=O)c1ccc(Cl)s1,,CCCN(CC(=O)Nc1ccc(F)cc1C)C(=O)CCC(=O)c1ccc(Cl)s1,0.06982922527667493,0.21739130434782608,0.21965317919075145,0.2275449101796407,0.17032967032967034,0.23870967741935484,0.20348837209302326,0.99983513,0.0002245307,0.01611495,0.9999714,0.5936419823448187,0.99262774,0.5,1.0,0.21739130434782608,0.21965317919075145,0.2275449101796407,0.17032967032967034,0.23870967741935484,0.20348837209302326,66.48,4.689220000000004,9.0,424.9250000000002,0.5936419823448187,2.2966524997076174,0.5,1.0
O=C(CN1CCN(c2ccccn2)CC1)NC(CNC(=O)c1ccc(Cl)c(Cl)c1)C(=O)O,,O=C(CN1CCN(c2ccccn2)CC1)NC(CNC(=O)c1ccc(Cl)c(Cl)c1)C(=O)O,0.46079036515113253,0.3142857142857143,0.31213872832369943,0.3313253012048193,0.25136612021857924,0.35064935064935066,0.1989247311827957,0.99974304,0.97811943,0.07820028,0.9970754,0.5249294531717031,0.9802013,1.0,1.0,0.3142857142857143,0.31213872832369943,0.3313253012048193,0.25136612021857924,0.35064935064935066,0.1989247311827957,114.87000000000002,1.5098000000000007,8.0,480.3520000000002,0.5249294531717031,2.6442571210076036,1.0,1.0
O=CC(NC(=O)c1c(Cl)cccc1Cl)C(=O)NC(Cc1cnc[nH]1)C(=O)c1nccs1,,O=CC(NC(=O)c1c(Cl)cccc1Cl)C(=O)NC(Cc1cnc[nH]1)C(=O)c1nccs1,0.1635526571328829,0.2765957446808511,0.3433734939759036,0.3151515151515151,0.2857142857142857,0.36,0.14659685863874344,0.88113767,0.8332897,0.01611495,0.99707997,0.24402601588898404,0.7009841,0.5,1.0,0.2765957446808511,0.3433734939759036,0.3151515151515151,0.2857142857142857,0.36,0.14659685863874344,133.90999999999997,2.0807,9.0,480.33300000000014,0.24402601588898404,3.703988836132009,0.5,1.0
O=C(O)CC(NC(=O)CN(CC(=O)Nc1ccc(Cl)cc1)CC(=O)Nc1ccc(F)c(F)c1F)c1ccccc1Cl,,O=C(O)CC(NC(=O)CN(CC(=O)Nc1ccc(Cl)cc1)CC(=O)Nc1ccc(F)c(F)c1F)c1ccccc1Cl,0.044218664921112,0.281437125748503,0.29797979797979796,0.24875621890547264,0.32142857142857145,0.2864864864864865,0.12946428571428573,0.9820124,0.00029045343,0.00011789799,0.0058155656,0.2215598245901651,0.9458614,1.0,1.0,0.281437125748503,0.29797979797979796,0.24875621890547264,0.32142857142857145,0.2864864864864865,0.12946428571428573,127.84,4.622100000000002,12.0,611.4040000000002,0.2215598245901651,3.006143655594366,1.0,1.0
Cc1ccc(Cl)c(C(=O)NC(CNC(=O)Cn2c(=O)[nH]c3c(C)cccc32)C(=O)O)c1F,,Cc1ccc(Cl)c(C(=O)NC(CNC(=O)Cn2c(=O)[nH]c3c(C)cccc32)C(=O)O)c1F,0.5484025228784654,0.35555555555555557,0.3696969696969697,0.6666666666666666,0.3103448275862069,0.42758620689655175,0.16230366492146597,0.9008937,0.94897074,0.3052647,0.9993221,0.42417338603644317,0.9334989,1.0,1.0,0.35555555555555557,0.3696969696969697,0.6666666666666666,0.3103448275862069,0.42758620689655175,0.16230366492146597,133.29,1.7383400000000002,7.0,462.86500000000024,0.42417338603644317,3.0821719751190093,1.0,1.0
O=c1[nH]c2ncccc2n1Cc1ccc2c(c1)NCCC2,,O=c1[nH]c2ncccc2n1Cc1ccc2c(c1)NCCC2,0.22162462415984763,0.2,0.17751479289940827,0.24516129032258063,0.1686046511627907,0.21621621621621623,0.14705882352941177,0.9994305,0.80472463,0.9993898,0.1615293,0.755632703873332,0.98549074,0.5,1.0,0.2,0.17751479289940827,0.24516129032258063,0.1686046511627907,0.21621621621621623,0.14705882352941177,62.71,2.1310000000000002,2.0,280.331,0.755632703873332,2.5343937445016476,0.5,1.0
COc1ccccc1C(=O)NCC(=O)NC(CNCc1ccc(C)cc1C)C(=O)O,,COc1ccccc1C(=O)NCC(=O)NC(CNCc1ccc(C)cc1C)C(=O)O,0.31442599194307624,0.3308270676691729,0.28654970760233917,0.2891566265060241,0.2265193370165746,0.3673469387755102,0.19337016574585636,0.9995216,0.9854773,0.0031523108,0.99992526,0.46788157296639404,0.98455954,1.0,1.0,0.3308270676691729,0.28654970760233917,0.2891566265060241,0.2265193370165746,0.3673469387755102,0.19337016574585636,116.76,1.4010399999999998,10.0,413.4740000000002,0.46788157296639404,2.556335213018068,1.0,1.0
CCCCCC(CNC(=O)Cn1c(=O)[nH]c2ncccc21)c1cc(Cl)c(Cl)n1C,,CCCCCC(CNC(=O)Cn1c(=O)[nH]c2ncccc21)c1cc(Cl)c(Cl)n1C,0.09492396083131928,0.174496644295302,0.18478260869565216,0.36774193548387096,0.15789473684210525,0.21341463414634146,0.18232044198895028,0.99999964,0.0055876374,0.01611495,0.99991286,0.49803090292828717,0.83708185,0.5,1.0,0.174496644295302,0.18478260869565216,0.36774193548387096,0.15789473684210525,0.21341463414634146,0.18232044198895028,84.71000000000001,3.850200000000002,9.0,438.35900000000015,0.49803090292828717,3.4313611548337466,0.5,1.0
COc1ccc(C(=O)NC(CC(=O)O)C(=O)O)c(OC)c1,,COc1ccc(C(=O)NC(CC(=O)O)C(=O)O)c(OC)c1,0.46141308522664876,0.26126126126126126,0.22,0.23776223776223776,0.1858974358974359,0.25190839694656486,0.17763157894736842,0.9971803,0.9997273,0.3052647,0.44295692,0.663783483413463,0.9936902,1.0,1.0,0.26126126126126126,0.22,0.23776223776223776,0.1858974358974359,0.25190839694656486,0.17763157894736842,122.16,0.3614999999999996,7.0,297.26300000000003,0.663783483413463,2.2422118012416377,1.0,1.0
O=C(Cn1c(=O)[nH]c2ccc(O)c(Cl)c21)NCC1(c2ccc(F)cc2)CCCC1,,O=C(Cn1c(=O)[nH]c2ccc(O)c(Cl)c21)NCC1(c2ccc(F)cc2)CCCC1,0.19397458922285474,0.2753623188405797,0.24431818181818182,0.33125,0.21428571428571427,0.2903225806451613,0.16216216216216217,0.99999976,0.024882317,0.9217998,0.99994826,0.5937899972793015,0.974801,0.5,1.0,0.2753623188405797,0.24431818181818182,0.33125,0.21428571428571427,0.2903225806451613,0.16216216216216217,87.12,3.4559000000000015,5.0,417.8680000000002,0.5937899972793015,2.7299741147670034,0.5,1.0
CCC(CO)Nc1c(C#N)c(=O)c(-c2ccc(F)cc2)c2ccccn12,,CCC(CO)Nc1c(C#N)c(=O)c(-c2ccc(F)cc2)c2ccccn12,0.20758163813386593,0.23484848484848486,0.25609756097560976,0.17647058823529413,0.2235294117647059,0.23841059602649006,0.11602209944751381,0.9999957,0.073566675,0.9217998,0.9866414,0.7401501871911322,0.91336024,0.5,1.0,0.23484848484848486,0.25609756097560976,0.17647058823529413,0.2235294117647059,0.23841059602649006,0.11602209944751381,77.53,3.1600800000000007,5.0,351.38100000000003,0.7401501871911322,3.1816600630173717,0.5,1.0
COc1nc(C)ccc1CC(=O)N=c1[nH]nc(CCCCc2ccc(=NC(=O)Cc3cccc(Cl)c3F)[nH]n2)s1,,COc1nc(C)ccc1CC(=O)N=c1[nH]nc(CCCCc2ccc(=NC(=O)Cc3cccc(Cl)c3F)[nH]n2)s1,0.05524812466729661,0.21666666666666667,0.2358490566037736,0.20187793427230047,0.21100917431192662,0.22110552763819097,0.15695067264573992,0.633217,0.014236569,0.0031523108,0.054511845,0.273546555604279,0.6666981,0.5,1.0,0.21666666666666667,0.2358490566037736,0.20187793427230047,0.21100917431192662,0.22110552763819097,0.15695067264573992,138.33999999999997,3.6042200000000015,10.0,584.0770000000002,0.273546555604279,3.7591269895222847,0.5,1.0
CCNC(=O)Nc1cnnc(-c2ccc(CC(NC(=O)c3ccccc3Cl)C(=O)O)cc2)c1,,CCNC(=O)Nc1cnnc(-c2ccc(CC(NC(=O)c3ccccc3Cl)C(=O)O)cc2)c1,0.33146363002964735,0.4881889763779528,0.8412698412698413,0.2914285714285714,0.3764705882352941,0.35668789808917195,0.15736040609137056,0.9003047,0.035022736,0.07820028,0.99896586,0.4011294304980946,0.97197425,1.0,1.0,0.4881889763779528,0.8412698412698413,0.2914285714285714,0.3764705882352941,0.35668789808917195,0.15736040609137056,133.30999999999997,3.3641000000000014,8.0,467.9130000000001,0.4011294304980946,2.767921783811275,1.0,1.0
O=C(Cn1c(=O)[nH]c2ncccc21)NCC(NC(=O)N=c1[nH]c2ccccc2s1)C(=O)O,,O=C(Cn1c(=O)[nH]c2ncccc21)NCC(NC(=O)N=c1[nH]c2ccccc2s1)C(=O)O,0.14589261306500448,0.23376623376623376,0.2594594594594595,0.4276729559748428,0.23036649214659685,0.26627218934911245,0.1507537688442211,1.2516975e-05,0.99988014,0.69473535,0.99963534,0.27647355884074193,0.80454373,1.0,1.0,0.23376623376623376,0.2594594594594595,0.4276729559748428,0.23036649214659685,0.26627218934911245,0.1507537688442211,174.32999999999998,0.14729999999999993,6.0,455.4560000000002,0.27647355884074193,3.5083998936196057,1.0,1.0
O=C(Cn1c(=O)[nH]c2cc(Cl)c(Cl)cc21)NCC(NC(=O)c1ccc(F)cc1)C(=O)O,,O=C(Cn1c(=O)[nH]c2cc(Cl)c(Cl)cc21)NCC(NC(=O)c1ccc(F)cc1)C(=O)O,0.5353787801838646,0.366412213740458,0.3373493975903614,0.5428571428571428,0.3023255813953488,0.38095238095238093,0.15343915343915343,0.9008937,0.94173235,0.3052647,0.99884295,0.41884933083232223,0.9685212,1.0,1.0,0.366412213740458,0.3373493975903614,0.5428571428571428,0.3023255813953488,0.38095238095238093,0.15343915343915343,133.29,1.7748999999999995,7.0,469.25600000000014,0.41884933083232223,2.809527136512708,1.0,1.0
CCc1nn(C)c(C(=O)NCc2ccccc2)c1Cl,,CCc1nn(C)c(C(=O)NCc2ccccc2)c1Cl,0.2159571515345599,0.3269230769230769,0.2482758620689655,0.20689655172413793,0.20394736842105263,0.2366412213740458,0.14193548387096774,0.90689254,0.4371096,0.983885,0.13440242,0.9336016358976605,0.99655825,0.5,1.0,0.3269230769230769,0.2482758620689655,0.20689655172413793,0.20394736842105263,0.2366412213740458,0.14193548387096774,46.92,2.5659,4.0,277.755,0.9336016358976605,2.030618754845271,0.5,1.0
O=C(O)CCC(NC(=O)c1cc(O)cc(NC2=NCC(O)CN2)c1)C(=O)O,,O=C(O)CCC(NC(=O)c1cc(O)cc(NC2=NCC(O)CN2)c1)C(=O)O,0.09909722595774485,0.20588235294117646,0.1896551724137931,0.21084337349397592,0.15469613259668508,0.22875816993464052,0.1871345029239766,1.5497208e-06,0.99999714,0.3052647,0.9988049,0.3175554042804588,0.8318551,1.0,1.0,0.20588235294117646,0.1896551724137931,0.21084337349397592,0.15469613259668508,0.22875816993464052,0.1871345029239766,180.57999999999998,-0.8279999999999994,7.0,380.35700000000014,0.3175554042804588,3.444508821803293,1.0,1.0
COc1cc(F)c(C(=O)NC(CNC(=O)Cn2c(=O)[nH]c3cc(F)c(F)cc32)C(=O)O)c(Cl)c1,,COc1cc(F)c(C(=O)NC(CNC(=O)Cn2c(=O)[nH]c3cc(F)c(F)cc32)C(=O)O)c(Cl)c1,0.39326537684138513,0.2896551724137931,0.3218390804597701,0.5342465753424658,0.3107344632768362,0.36129032258064514,0.14720812182741116,0.30387092,0.98507315,0.07820028,0.9839854,0.36820509074135443,0.9247139,1.0,1.0,0.2896551724137931,0.3218390804597701,0.5342465753424658,0.3107344632768362,0.36129032258064514,0.14720812182741116,142.51999999999998,1.4082999999999994,8.0,500.8170000000001,0.36820509074135443,3.128565768693546,1.0,1.0
O=C(O)CC(NC(=O)C(c1ccccc1)c1ccccc1)C(=O)O,,O=C(O)CC(NC(=O)C(c1ccccc1)c1ccccc1)C(=O)O,0.5359554363599756,0.41284403669724773,0.2792207792207792,0.24025974025974026,0.267515923566879,0.31851851851851853,0.1696969696969697,0.9999935,0.9202767,0.3052647,0.9079497,0.7199874139651404,0.9928706,1.0,1.0,0.41284403669724773,0.2792207792207792,0.24025974025974026,0.267515923566879,0.31851851851851853,0.1696969696969697,103.7,1.8625999999999998,7.0,327.33600000000007,0.7199874139651404,2.284928067791121,1.0,1.0
CCOC(=O)C1(Cc2ccc(Cl)cc2)CNCC(C(O)=NO)N(S(=O)(=O)c2ccc(OC)cc2)C1,,CCOC(=O)C1(Cc2ccc(Cl)cc2)CNCC(C(O)=NO)N(S(=O)(=O)c2ccc(OC)cc2)C1,0.1578167129165506,0.26490066225165565,0.23157894736842105,0.193717277486911,0.18592964824120603,0.2647058823529412,0.18556701030927836,0.6763021,0.5487744,0.07820028,0.881698,0.15700924037548228,0.7428091,0.5,1.0,0.26490066225165565,0.23157894736842105,0.193717277486911,0.18592964824120603,0.2647058823529412,0.18556701030927836,137.76,2.449,8.0,526.0110000000002,0.15700924037548228,3.6315025724963297,0.5,1.0
CN(C)c1cc(=O)n2[nH]c(=NC(=O)c3c(F)cccc3Cl)nc2[nH]1,,CN(C)c1cc(=O)n2[nH]c(=NC(=O)c3c(F)cccc3Cl)nc2[nH]1,0.27907264703228324,0.248,0.25157232704402516,0.23717948717948717,0.2331288343558282,0.2676056338028169,0.1016949152542373,0.99999875,0.99739367,0.9993898,0.98591644,0.7185177279183889,0.7683441,0.5,1.0,0.248,0.25157232704402516,0.23717948717948717,0.2331288343558282,0.2676056338028169,0.1016949152542373,98.62,0.9502999999999993,2.0,350.741,0.7185177279183889,3.5834300067872213,0.5,1.0
O=C(O)CCC(NC(=O)C(CCC(=O)O)NC(=O)c1c(Cl)cccc1Cl)C(=O)O,,O=C(O)CCC(NC(=O)C(CCC(=O)O)NC(=O)c1c(Cl)cccc1Cl)C(=O)O,0.08511720423107234,0.27692307692307694,0.33121019108280253,0.30128205128205127,0.2634730538922156,0.39705882352941174,0.19883040935672514,5.00679e-05,0.98602915,0.00061023235,0.9997832,0.3374589346604068,0.96234345,1.0,1.0,0.27692307692307694,0.33121019108280253,0.30128205128205127,0.2634730538922156,0.39705882352941174,0.19883040935672514,170.1,1.3908000000000003,11.0,449.24300000000017,0.3374589346604068,2.8740082372469526,1.0,1.0
Cn1cc(C(=O)NCC(NC(=O)c2c(Cl)cccc2Cl)C(=O)O)c2cnccc21,,Cn1cc(C(=O)NCC(NC(=O)c2c(Cl)cccc2Cl)C(=O)O)c2cnccc21,0.5791883349930996,0.3488372093023256,0.4276315789473684,0.4161073825503356,0.36875,0.44525547445255476,0.15135135135135136,0.9998456,0.50661963,0.69473535,0.9999327,0.5508439387627303,0.96345574,1.0,1.0,0.3488372093023256,0.4276315789473684,0.4161073825503356,0.36875,0.44525547445255476,0.15135135135135136,113.32000000000001,2.493100000000001,6.0,435.2670000000001,0.5508439387627303,2.863190107825199,1.0,1.0
CCn1c(=CC(=NNC(C)(C)C)C(=O)Nc2ccccc2)sc(=Cc2ccccn2)c1=O,,CCn1c(=CC(=NNC(C)(C)C)C(=O)Nc2ccccc2)sc(=Cc2ccccn2)c1=O,0.0,0.0,0.0,0.0,0.0,0.0,0.0,0.0,0.0,0.0,0.0,0.0,0.0,0.0,0.0,0.0,0.0,0.0,0.0,0.0,0.0,0.0,0.0,0.0,0.0,0.0,0.0,0.0,0.0
O=C(NC(Cc1ccc2nc(-c3c(Cl)cccc3Cl)ccc2c1)C(=O)O)c1c(Cl)cccc1Cl,,O=C(NC(Cc1ccc2nc(-c3c(Cl)cccc3Cl)ccc2c1)C(=O)O)c1c(Cl)cccc1Cl,0.07539290728519792,0.42962962962962964,0.44785276073619634,0.2994350282485876,1.0,0.36477987421383645,0.13170731707317074,0.9999976,0.0,0.69473535,0.78930837,0.2810587476329488,0.9705678,1.0,1.0,0.42962962962962964,0.44785276073619634,0.2994350282485876,1.0,0.36477987421383645,0.13170731707317074,79.29,6.941100000000004,6.0,534.2260000000002,0.2810587476329488,2.785437037836301,1.0,1.0
CC(C)CC(NC(=O)c1ccc(Cl)cc1)C(=O)NC(CN(C)C)C(C=Cc1cccc(F)c1)C(=O)O,,CC(C)CC(NC(=O)c1ccc(Cl)cc1)C(=O)NC(CN(C)C)C(C=Cc1cccc(F)c1)C(=O)O,0.10658401635694233,0.352112676056338,0.3128491620111732,0.2722222222222222,0.25396825396825395,0.3584905660377358,0.19072164948453607,0.99999875,0.0022838116,0.00011789799,0.9356524,0.3937871482320834,0.78412974,1.0,1.0,0.352112676056338,0.3128491620111732,0.2722222222222222,0.25396825396825395,0.3584905660377358,0.19072164948453607,98.74000000000001,4.084200000000004,12.0,518.0290000000002,0.3937871482320834,3.551843942039852,1.0,1.0
Cc1cc2c([nH]c(=O)n2CC(=O)NC(CCCNC(=N)N)C(=O)O)c(OCC(F)(F)F)n1,,Cc1cc2c([nH]c(=O)n2CC(=O)NC(CCCNC(=N)N)C(=O)O)c(OCC(F)(F)F)n1,0.04096784142444101,0.15483870967741936,0.15625,0.2934131736526946,0.14285714285714285,0.18023255813953487,0.2247191011235955,1.1920929e-07,0.9999675,0.0031523108,0.99940026,0.15939465726520738,0.84736866,1.0,1.0,0.15483870967741936,0.15625,0.2934131736526946,0.14285714285714285,0.18023255813953487,0.2247191011235955,188.20999999999998,-0.19320999999999838,10.0,461.4010000000001,0.15939465726520738,3.404457121007603,1.0,1.0
Cc1ccncc1OC(=O)NC(CNC(=O)Cn1c(=O)[nH]c2ncccc21)C(=O)NCC(NC(=O)c1c(Cl)cccc1Cl)C(=O)O,,Cc1ccncc1OC(=O)NC(CNC(=O)Cn1c(=O)[nH]c2ncccc21)C(=O)NCC(NC(=O)c1c(Cl)cccc1Cl)C(=O)O,0.007498702960646392,0.25,0.34951456310679613,0.4702702702702703,0.3023255813953488,0.3489583333333333,0.14166666666666666,0.0,0.99675447,0.00011789799,3.2424927e-05,0.1251107146724193,0.63456035,1.0,1.0,0.25,0.34951456310679613,0.4702702702702703,0.3023255813953488,0.3489583333333333,0.14166666666666666,226.49999999999997,1.0076200000000015,12.0,673.4700000000003,0.1251107146724193,3.8082742228168165,1.0,1.0
CCCCCCCCCCCC(C(=O)O)n1nnc(-c2cccnc2)c(Br)c1=O,,CCCCCCCCCCCC(C(=O)O)n1nnc(-c2cccnc2)c(Br)c1=O,0.052487095964350965,0.1503267973856209,0.1837837837837838,0.17032967032967034,0.13917525773195877,0.16279069767441862,0.2573099415204678,0.999999,6.568432e-05,2.2768974e-05,0.9991625,0.4178785719956592,0.9243597,1.0,1.0,0.1503267973856209,0.1837837837837838,0.17032967032967034,0.13917525773195877,0.16279069767441862,0.2573099415204678,97.97,5.009400000000005,13.0,465.3920000000001,0.4178785719956592,3.1303299061366436,1.0,1.0
COc1ccc(C=C2SC(=S)N(CC(=O)NCC(NC(=O)c3ccccc3OC)C(=O)O)C2=O)cc1OC,,COc1ccc(C=C2SC(=S)N(CC(=O)NCC(NC(=O)c3ccccc3OC)C(=O)O)C2=O)cc1OC,0.17630588088582658,0.275,0.25380710659898476,0.28191489361702127,0.2028985507246377,0.3103448275862069,0.18536585365853658,0.24025309,0.9048828,0.00061023235,0.30881727,0.2759290724194037,0.9607089,1.0,1.0,0.275,0.25380710659898476,0.28191489361702127,0.2028985507246377,0.3103448275862069,0.18536585365853658,143.5,1.9129999999999994,11.0,559.6220000000003,0.2759290724194037,2.8893616751688196,1.0,1.0
NC(=O)C(O)C#CC(=O)O,,NC(=O)C(O)C#CC(=O)O,0.0936256684765245,0.13333333333333333,0.09848484848484848,0.112,0.08888888888888889,0.125,0.11023622047244094,0.9999976,1.0,0.99988216,1.9700262e-06,0.36652073974535715,0.5704691,1.0,1.0,0.13333333333333333,0.09848484848484848,0.112,0.08888888888888889,0.125,0.11023622047244094,100.62000000000002,-2.0794,1.0,143.09799999999998,0.36652073974535715,3.90140997605641,1.0,1.0
CC(C)(C)CCOc1cc(C(=O)NS(C)(=O)=O)c(F)cc1C1(C)CCOCC1,,CC(C)(C)CCOc1cc(C(=O)NS(C)(=O)=O)c(F)cc1C1(C)CCOCC1,0.17895817668166192,0.17985611510791366,0.1694915254237288,0.18235294117647058,0.12972972972972974,0.19745222929936307,0.2608695652173913,0.9999989,0.030859351,0.69473535,0.99993706,0.7701093638387155,0.9579606,0.5,1.0,0.17985611510791366,0.1694915254237288,0.18235294117647058,0.12972972972972974,0.19745222929936307,0.2608695652173913,81.7,3.398200000000002,6.0,415.52700000000027,0.7701093638387155,2.913846929278048,0.5,1.0
Cc1ncsc1C(=O)NC(CNC(=O)c1ccc(F)cc1)C(=O)O,,Cc1ncsc1C(=O)NC(CNC(=O)c1ccc(F)cc1)C(=O)O,0.6301776247482719,0.39090909090909093,0.35172413793103446,0.38686131386861317,0.27741935483870966,0.3828125,0.18518518518518517,0.9999695,0.99313915,0.69473535,0.9866172,0.7247118358750463,0.9823254,1.0,1.0,0.39090909090909093,0.35172413793103446,0.38686131386861317,0.27741935483870966,0.3828125,0.18518518518518517,108.39,1.20362,6.0,351.35900000000004,0.7247118358750463,2.6040764343499383,1.0,1.0
CNC(C)C1CCN(c2nc(=N)c3c(-n4ccnc4)cccc3[nH]2)CC1,,CNC(C)C1CCN(c2nc(=N)c3c(-n4ccnc4)cccc3[nH]2)CC1,0.23475387835849523,0.12837837837837837,0.14130434782608695,0.15254237288135594,0.11578947368421053,0.15060240963855423,0.13186813186813187,0.99999964,0.84785086,0.983885,0.98672616,0.6714937467372573,0.7951395,0.5,1.0,0.12837837837837837,0.14130434782608695,0.15254237288135594,0.11578947368421053,0.15060240963855423,0.13186813186813187,85.62,2.052369999999999,4.0,351.45800000000014,0.6714937467372573,3.528811944998404,0.5,1.0
CC(COc1cccc(OC(F)F)c1)ON=C(CF)C(F)(F)F,,CC(COc1cccc(OC(F)F)c1)ON=C(CF)C(F)(F)F,0.08398675931310223,0.13740458015267176,0.13609467455621302,0.1411042944785276,0.11494252873563218,0.15333333333333332,0.11242603550295859,0.50411165,0.0036776066,0.07820028,0.9778578,0.40676619276135284,0.8073524,0.5,1.0,0.13740458015267176,0.13609467455621302,0.1411042944785276,0.11494252873563218,0.15333333333333332,0.11242603550295859,40.05,3.9597000000000024,8.0,345.2389999999999,0.40676619276135284,3.5021602136202397,0.5,1.0
Cc1ccc(C(=O)NN(CC2CCCCC2)C(=O)OC(C)(C)C)c(C)c1,,Cc1ccc(C(=O)NN(CC2CCCCC2)C(=O)OC(C)(C)C)c(C)c1,0.0,0.0,0.0,0.0,0.0,0.0,0.0,0.0,0.0,0.0,0.0,0.0,0.0,0.0,0.0,0.0,0.0,0.0,0.0,0.0,0.0,0.0,0.0,0.0,0.0,0.0,0.0,0.0,0.0
CCCCCNC(=O)c1cnc(CCCC)n1-c1ccc(-c2ccc(CC(=O)O)cc2F)cn1,,CCCCCNC(=O)c1cnc(CCCC)n1-c1ccc(-c2ccc(CC(=O)O)cc2F)cn1,0.0708624632102815,0.23870967741935484,0.2702702702702703,0.23118279569892472,0.22164948453608246,0.24855491329479767,0.2222222222222222,0.9999992,7.843971e-05,0.00011789799,0.9990768,0.3677219767827764,0.98137635,1.0,1.0,0.23870967741935484,0.2702702702702703,0.23118279569892472,0.22164948453608246,0.24855491329479767,0.2222222222222222,97.11,4.963100000000003,12.0,466.5570000000002,0.3677219767827764,2.6225830154999397,1.0,1.0
CN(C)CCCNC(=O)c1cc(COc2ccc(F)c(F)c2)on1,,CN(C)CCCNC(=O)c1cc(COc2ccc(F)c(F)c2)on1,0.21012380998292324,0.2440944881889764,0.22560975609756098,0.24203821656050956,0.19411764705882353,0.2638888888888889,0.13872832369942195,0.9998859,0.7503073,0.07820028,0.96422654,0.747097293160059,0.99395716,0.5,1.0,0.2440944881889764,0.22560975609756098,0.24203821656050956,0.19411764705882353,0.2638888888888889,0.13872832369942195,67.60000000000001,2.2133000000000003,8.0,339.34200000000004,0.747097293160059,2.2270984756318093,0.5,1.0
COc1cc(F)c(C(=O)NC(CNC(=O)c2ccc3ncn(C(CC4CCCCC4)C(=O)O)c3c2)C(=O)O)c(Cl)c1,,COc1cc(F)c(C(=O)NC(CNC(=O)c2ccc3ncn(C(CC4CCCCC4)C(=O)O)c3c2)C(=O)O)c(Cl)c1,0.042050993592527085,0.26627218934911245,0.3112244897959184,0.3422459893048128,0.2634146341463415,0.329608938547486,0.22815533980582525,0.001457572,0.0026385188,0.00061023235,0.03671515,0.2609360227119478,0.77146804,1.0,1.0,0.26627218934911245,0.3112244897959184,0.3422459893048128,0.2634146341463415,0.329608938547486,0.22815533980582525,159.85,4.046500000000003,11.0,589.0200000000004,0.2609360227119478,3.577303187587696,1.0,1.0
O=C(NCCn1cnnc1)C1CCCC1,,O=C(NCCn1cnnc1)C1CCCC1,0.09756938112022183,0.07563025210084033,0.11038961038961038,0.13793103448275862,0.06134969325153374,0.1259259259259259,0.15172413793103448,0.99852306,0.9993585,0.983885,0.00046129798,0.787201686368351,0.9905278,0.5,1.0,0.07563025210084033,0.11038961038961038,0.13793103448275862,0.06134969325153374,0.1259259259259259,0.15172413793103448,59.81,0.5844999999999991,4.0,208.265,0.787201686368351,2.3844680838388808,0.5,1.0
O=C(O)CC(NC(=O)c1ccc(Cl)cc1Cl)C(=O)NC(Cc1c[nH]c2ccccc12)C(=O)O,,O=C(O)CC(NC(=O)c1ccc(Cl)cc1Cl)C(=O)NC(Cc1c[nH]c2ccccc12)C(=O)O,0.22818770549766945,0.47244094488188976,0.3609467455621302,0.3176470588235294,0.3181818181818182,0.36129032258064514,0.15897435897435896,0.055956423,0.20082158,0.01611495,0.99207664,0.3103044866924086,0.956336,1.0,1.0,0.47244094488188976,0.3609467455621302,0.3176470588235294,0.3181818181818182,0.36129032258064514,0.15897435897435896,148.58999999999997,2.8599000000000006,9.0,492.3150000000002,0.3103044866924086,2.9276101199803737,1.0,1.0
COC(=O)c1ncn(C2OC(CO)C(O)C2O)n1,,COC(=O)c1ncn(C2OC(CO)C(O)C2O)n1,0.13164162056934575,0.064,0.09316770186335403,0.1038961038961039,0.05952380952380952,0.09027777777777778,0.10256410256410256,0.98660326,1.0,0.9968477,0.03183942,0.5159908402000187,0.6438352,0.5,1.0,0.064,0.09316770186335403,0.1038961038961039,0.05952380952380952,0.09027777777777778,0.10256410256410256,126.93,-2.323799999999999,3.0,259.218,0.5159908402000187,3.794301052089825,0.5,1.0
CCOC(=O)c1nc(-c2ccc(C)cc2)nnc1Cl,,CCOC(=O)c1nc(-c2ccc(C)cc2)nnc1Cl,0.19599614861367876,0.20869565217391303,0.2214765100671141,0.1891891891891892,0.16455696202531644,0.18115942028985507,0.14102564102564102,0.9997291,0.33632314,0.9968477,0.13397436,0.8071666000376047,0.99434876,0.5,1.0,0.20869565217391303,0.2214765100671141,0.1891891891891892,0.16455696202531644,0.18115942028985507,0.14102564102564102,64.97,2.6771200000000013,3.0,277.711,0.8071666000376047,2.203682615512907,0.5,1.0
CCn1cnnc1CNC(=O)NCC(O)c1cccc(F)c1,,CCn1cnnc1CNC(=O)NCC(O)c1cccc(F)c1,0.2567458900432227,0.22580645161290322,0.25,0.21935483870967742,0.16568047337278108,0.2222222222222222,0.1301775147928994,0.9999999,0.9971906,0.69473535,0.64877546,0.7412861932994369,0.96697325,0.5,1.0,0.22580645161290322,0.25,0.21935483870967742,0.16568047337278108,0.2222222222222222,0.1301775147928994,92.07000000000001,0.9699000000000002,6.0,307.329,0.7412861932994369,2.826760919421252,0.5,1.0
COc1cc(NC(=O)CNC(=O)CNC(=O)CNC(=O)c2ccc(C)c(C)c2)c(C)cc1OCC(NC(=O)c1c(Cl)ccc(C)c1F)C(=O)O,,COc1cc(NC(=O)CNC(=O)CNC(=O)CNC(=O)c2ccc(C)c(C)c2)c(C)cc1OCC(NC(=O)c1c(Cl)ccc(C)c1F)C(=O)O,0.0027135285268159986,0.25906735751295334,0.3059360730593607,0.32075471698113206,0.24675324675324675,0.3088235294117647,0.16049382716049382,0.0,0.41983843,8.34465e-07,1.0728836e-06,0.13695406310156572,0.87875503,1.0,1.0,0.25906735751295334,0.3059360730593607,0.32075471698113206,0.24675324675324675,0.3088235294117647,0.16049382716049382,201.25999999999996,2.5842800000000024,15.0,714.1470000000003,0.13695406310156572,3.31183672433057,1.0,1.0
COc1cc(Cl)cc(NC(=O)Nc2c(C)cc(C)cc2C)c1C(=O)NCC(=O)NC(CNC(=O)c1c(C)cccc1C)C(=O)O,,COc1cc(Cl)cc(NC(=O)Nc2c(C)cc(C)cc2C)c1C(=O)NCC(=O)NC(CNC(=O)c1c(C)cccc1C)C(=O)O,0.012926445043456405,0.25139664804469275,0.2961165048543689,0.2548076923076923,0.22272727272727272,0.27835051546391754,0.16371681415929204,1.013279e-05,0.0011472702,0.00061023235,0.00062423944,0.18199231282627695,0.9010962,1.0,1.0,0.25139664804469275,0.2961165048543689,0.2548076923076923,0.22272727272727272,0.27835051546391754,0.16371681415929204,174.95999999999998,4.263900000000002,11.0,638.1210000000003,0.18199231282627695,3.2323531675238435,1.0,1.0
CC1(c2ccc(F)cc2)CC(=O)NCc2[nH]c3c(Cl)cccc3c21,,CC1(c2ccc(F)cc2)CC(=O)NCc2[nH]c3c(Cl)cccc3c21,0.1343740795551016,0.3333333333333333,0.27672955974842767,0.23125,0.2654320987654321,0.3049645390070922,0.11797752808988764,0.8332058,0.0010527968,0.99988216,0.97297883,0.6806135415291035,0.882167,0.5,1.0,0.3333333333333333,0.27672955974842767,0.23125,0.2654320987654321,0.3049645390070922,0.11797752808988764,44.89,4.286300000000002,1.0,342.80100000000004,0.6806135415291035,3.3005732052261187,0.5,1.0
CCN(CC(=O)O)CC(=O)N1CCn2c(C)nnc2C1c1ccc(Cl)cc1Cl,,CCN(CC(=O)O)CC(=O)N1CCn2c(C)nnc2C1c1ccc(Cl)cc1Cl,0.5392553795507619,0.2803030303030303,0.23255813953488372,0.24848484848484848,0.18232044198895028,0.23717948717948717,0.16853932584269662,0.9999999,0.7370542,0.69473535,0.99996823,0.7620487943943152,0.90954906,1.0,1.0,0.2803030303030303,0.23255813953488372,0.24848484848484848,0.18232044198895028,0.23717948717948717,0.16853932584269662,91.56,2.23142,6.0,426.3040000000001,0.7620487943943152,3.1980696565410627,1.0,1.0
CCc1cc(C(=O)NC(Cc2ccc3nc(C)ccc3c2)C(=O)O)ccc1OC(C(=O)O)C(=O)O,,CCc1cc(C(=O)NC(Cc2ccc3nc(C)ccc3c2)C(=O)O)ccc1OC(C(=O)O)C(=O)O,0.12292865764248881,0.34265734265734266,0.34285714285714286,0.26519337016574585,0.37790697674418605,0.2781065088757396,0.18461538461538463,0.0004976988,0.5498004,0.0031523108,0.99704564,0.31915898359245914,0.9498513,1.0,1.0,0.34265734265734266,0.34285714285714286,0.26519337016574585,0.37790697674418605,0.2781065088757396,0.18461538461538463,163.12,2.44792,10.0,480.47300000000024,0.31915898359245914,2.9780834798625335,1.0,1.0
C#CCNC(=O)C=C1c2ccccc2CCC1O,,C#CCNC(=O)C=C1c2ccccc2CCC1O,0.15164159250922576,0.21929824561403508,0.17419354838709677,0.17333333333333334,0.14285714285714285,0.22556390977443608,0.17105263157894737,0.95559645,0.9948878,0.9993898,0.007276443,0.6020580837971433,0.8633137,0.5,1.0,0.21929824561403508,0.17419354838709677,0.17333333333333334,0.14285714285714285,0.22556390977443608,0.17105263157894737,49.33,1.1265,2.0,241.29,0.6020580837971433,3.3596451937438525,0.5,1.0
CCn1nc(Sc2ccc(NC(=O)CCNC(=O)c3c(Cl)cccc3Cl)cc2F)cc1C(=O)NCC(NC(=O)c1c(Cl)ccc(C)c1F)C(=O)O,,CCn1nc(Sc2ccc(NC(=O)CCNC(=O)c3c(Cl)cccc3Cl)cc2F)cc1C(=O)NCC(NC(=O)c1c(Cl)ccc(C)c1F)C(=O)O,0.0011800629194428842,0.25252525252525254,0.36619718309859156,0.3701923076923077,0.35648148148148145,0.3465346534653465,0.15261044176706828,3.1471252e-05,1.66893e-06,4.4107437e-06,0.0,0.10417896870924631,0.72376084,1.0,1.0,0.25252525252525254,0.36619718309859156,0.3701923076923077,0.35648148148148145,0.3465346534653465,0.15261044176706828,171.51999999999998,5.9726200000000045,14.0,782.053,0.10417896870924631,3.6653520769388717,1.0,1.0
O=C(Cn1cc2ccccc2n1)NCC(NC(=O)c1c(Cl)cccc1Cl)C(=O)O,,O=C(Cn1cc2ccccc2n1)NCC(NC(=O)c1c(Cl)cccc1Cl)C(=O)O,0.5528047844582021,0.3888888888888889,0.4533333333333333,0.4421768707482993,0.4012738853503185,0.48507462686567165,0.15053763440860216,0.9998456,0.6466689,0.3052647,0.9999327,0.5274797726577307,0.96897185,1.0,1.0,0.3888888888888889,0.4533333333333333,0.4421768707482993,0.4012738853503185,0.48507462686567165,0.15053763440860216,113.32000000000001,2.3425000000000002,7.0,435.26700000000017,0.5274797726577307,2.8043560266286196,1.0,1.0
CC(=O)N1CCC(NC(=O)c2cc3c(nc2C)N(c2ccccc2NC(N)=O)CC3)C1,,CC(=O)N1CCC(NC(=O)c2cc3c(nc2C)N(c2ccccc2NC(N)=O)CC3)C1,0.2790157752126162,0.2119205298013245,0.23497267759562843,0.2154696132596685,0.17525773195876287,0.22485207100591717,0.1935483870967742,0.9982766,0.9007005,0.983885,0.99996483,0.695234376541323,0.9431205,0.5,1.0,0.2119205298013245,0.23497267759562843,0.2154696132596685,0.17525773195876287,0.22485207100591717,0.1935483870967742,120.66,1.9254199999999997,4.0,422.48900000000026,0.695234376541323,3.024310753301597,0.5,1.0
COc1ccc(C(NC(CNC(=O)c2cc(O)cc(NC3=NCC(O)CN3)c2)C(=O)O)C(=O)O)cc1,,COc1ccc(C(NC(CNC(=O)c2cc(O)cc(NC3=NCC(O)CN3)c2)C(=O)O)C(=O)O)cc1,0.03228563262501759,0.24203821656050956,0.2268041237113402,0.21465968586387435,0.18226600985221675,0.2658959537572254,0.15270935960591134,0.0,0.9999757,0.0031523108,0.9830644,0.21291558525377055,0.618574,1.0,1.0,0.24203821656050956,0.2268041237113402,0.21465968586387435,0.18226600985221675,0.2658959537572254,0.15270935960591134,201.83999999999997,-0.2686999999999986,10.0,501.4960000000002,0.21291558525377055,3.8320147897635586,1.0,1.0
CC1CNCC(C)N(c2nc3c(c(=O)[nH]c(=O)n3C)n2Cc2ccc(Br)cc2Cl)C1,,CC1CNCC(C)N(c2nc3c(c(=O)[nH]c(=O)n3C)n2Cc2ccc(Br)cc2Cl)C1,0.25350053659997707,0.23448275862068965,0.1935483870967742,0.2558139534883721,0.16666666666666666,0.2155688622754491,0.14136125654450263,0.9999999,0.66468686,0.9968477,0.9894124,0.5822333925766654,0.7552047,0.5,1.0,0.23448275862068965,0.1935483870967742,0.2558139534883721,0.16666666666666666,0.2155688622754491,0.14136125654450263,87.95000000000002,2.3217,3.0,495.8090000000002,0.5822333925766654,3.608590765408417,0.5,1.0
CC(=O)Nc1cc(C(=O)NC(Cc2ccccc2)C(=O)O)cc(N(C)C(=O)c2ccccc2)c1,,CC(=O)Nc1cc(C(=O)NC(Cc2ccccc2)C(=O)O)cc(N(C)C(=O)c2ccccc2)c1,0.3216831191811715,0.42857142857142855,0.378698224852071,0.24725274725274726,0.3352272727272727,0.32098765432098764,0.1683673469387755,0.99964994,0.03726828,0.07820028,0.9994884,0.4778247208161106,0.9831978,1.0,1.0,0.42857142857142855,0.378698224852071,0.24725274725274726,0.3352272727272727,0.32098765432098764,0.1683673469387755,115.81,3.3473000000000015,8.0,459.5020000000002,0.4778247208161106,2.5861806815609967,1.0,1.0
O=C(CN1CCN(CC(=O)Nc2ccccc2Cl)CC1)Nc1ccccc1,,O=C(CN1CCN(CC(=O)Nc2ccccc2Cl)CC1)Nc1ccccc1,0.2503263117315656,0.26666666666666666,0.22285714285714286,0.18857142857142858,0.19337016574585636,0.24203821656050956,0.1111111111111111,0.99970204,0.466662,0.69473535,0.99930763,0.8003532279595748,0.9986289,0.5,1.0,0.26666666666666666,0.22285714285714286,0.18857142857142858,0.19337016574585636,0.24203821656050956,0.1111111111111111,64.68,2.5348000000000006,6.0,386.88300000000015,0.8003532279595748,1.7101218198261847,0.5,1.0
CC12NC(=O)CNC(=O)N1C(C(=O)Nc1ccc(Br)cc1)CS2,,CC12NC(=O)CNC(=O)N1C(C(=O)Nc1ccc(Br)cc1)CS2,0.2657687841184473,0.18461538461538463,0.21604938271604937,0.21656050955414013,0.13714285714285715,0.24475524475524477,0.16265060240963855,0.99999994,0.98939437,0.9993898,0.9997545,0.6999108173648242,0.71282804,0.5,1.0,0.18461538461538463,0.21604938271604937,0.21656050955414013,0.13714285714285715,0.24475524475524477,0.16265060240963855,90.54,1.3181000000000003,2.0,399.2700000000001,0.6999108173648242,3.6841259333549043,0.5,1.0
O=C(CC(NC(=O)c1ccc(Cl)c(Cl)c1)C(=O)O)Nc1cccc(C(=O)O)c1,,O=C(CC(NC(=O)c1ccc(Cl)c(Cl)c1)C(=O)O)Nc1cccc(C(=O)O)c1,0.4471787360609614,0.39166666666666666,0.34615384615384615,0.3076923076923077,0.28484848484848485,0.38405797101449274,0.1638418079096045,0.91438353,0.1753602,0.3052647,0.999971,0.5393742933677718,0.9904846,1.0,1.0,0.39166666666666666,0.34615384615384615,0.3076923076923077,0.28484848484848485,0.38405797101449274,0.1638418079096045,132.79999999999998,2.9034000000000004,7.0,425.22400000000016,0.5393742933677718,2.3860642593067176,1.0,1.0
CC(=O)NC1(c2ccccc2)CCN(C(=O)Cn2ccc3cc(N4CCCCC4)c(Cl)cc32)CC1,,CC(=O)NC1(c2ccccc2)CCN(C(=O)Cn2ccc3cc(N4CCCCC4)c(Cl)cc32)CC1,0.09870459527635309,0.24375,0.22842639593908629,0.20408163265306123,0.2019704433497537,0.23204419889502761,0.2205128205128205,0.99692935,8.606911e-05,0.9217998,0.99157727,0.5485539423510805,0.97660416,0.5,1.0,0.24375,0.22842639593908629,0.20408163265306123,0.2019704433497537,0.23204419889502761,0.2205128205128205,57.580000000000005,4.9390000000000045,5.0,493.05100000000033,0.5485539423510805,2.7035361496133934,0.5,1.0
NC(CNC(=O)CNC(=O)c1ccc(CC(NC(=O)c2c(Cl)cccc2Cl)C(=O)O)cc1)C(=O)O,,NC(CNC(=O)CNC(=O)c1ccc(CC(NC(=O)c2c(Cl)cccc2Cl)C(=O)O)cc1)C(=O)O,0.045006723103647304,0.45384615384615384,0.48717948717948717,0.3532934131736527,0.38461538461538464,0.5,0.16923076923076924,1.1920929e-07,0.9990853,0.00061023235,0.88739204,0.24699664653722936,0.9433602,1.0,1.0,0.45384615384615384,0.48717948717948717,0.3532934131736527,0.38461538461538464,0.5,0.16923076923076924,187.91999999999996,0.6770000000000013,11.0,525.3450000000003,0.24699664653722936,3.0227553142635157,1.0,1.0
CCCc1c[nH]c(=O)n1-c1ccccc1,,CCCc1c[nH]c(=O)n1-c1ccccc1,0.09078409921659593,0.22115384615384615,0.14864864864864866,0.15492957746478872,0.14666666666666667,0.15267175572519084,0.11409395973154363,0.32586247,0.81238705,0.9968477,0.00027898955,0.8129377705059361,0.99338007,0.5,1.0,0.22115384615384615,0.14864864864864866,0.15492957746478872,0.14666666666666667,0.15267175572519084,0.11409395973154363,37.79,2.1181,3.0,202.257,0.8129377705059361,2.2589892905391586,0.5,1.0
O=C(Cn1c(=O)[nH]c2ncncc21)NC(COCCCn1c(=O)[nH]c2ncncc21)C(=O)O,,O=C(Cn1c(=O)[nH]c2ncncc21)NC(COCCCn1c(=O)[nH]c2ncncc21)C(=O)O,0.030791732749445088,0.14705882352941177,0.1553398058252427,0.28888888888888886,0.1320754716981132,0.1711229946524064,0.17587939698492464,0.0,0.99999994,0.0031523108,0.99957067,0.1972771383937175,0.781561,1.0,1.0,0.14705882352941177,0.1553398058252427,0.28888888888888886,0.1320754716981132,0.1711229946524064,0.17587939698492464,202.76999999999995,-1.7710999999999961,10.0,457.4070000000002,0.1972771383937175,3.5570938708182966,1.0,1.0
CC(C)c1nc(-c2ccc(CC(NC(=O)c3nc(OCCN4CCOCC4)cc(-c4cccs4)n3)C(=O)O)cc2)no1,,CC(C)c1nc(-c2ccc(CC(NC(=O)c3nc(OCCN4CCOCC4)cc(-c4cccs4)n3)C(=O)O)cc2)no1,0.05186688267180554,0.2598870056497175,0.3103448275862069,0.2037037037037037,0.2523364485981308,0.22277227722772278,0.1963470319634703,0.014622748,0.0199188,0.00011789799,0.027293324,0.24845823351651386,0.866276,1.0,1.0,0.2598870056497175,0.3103448275862069,0.2037037037037037,0.2523364485981308,0.22277227722772278,0.1963470319634703,152.8,3.515200000000002,12.0,592.6780000000003,0.24845823351651386,3.3508424878163154,1.0,1.0
CCCCCCN=c1[nH]cc(-c2ccc(=O)n(C(C)C)c2)c(=N)[nH]1,,CCCCCCN=c1[nH]cc(-c2ccc(=O)n(C(C)C)c2)c(=N)[nH]1,0.18096750434405165,0.11347517730496454,0.13636363636363635,0.14792899408284024,0.09782608695652174,0.13125,0.15976331360946747,0.9999999,0.30641824,0.3052647,0.9217014,0.6698420940637392,0.85168624,0.5,1.0,0.11347517730496454,0.13636363636363635,0.14792899408284024,0.09782608695652174,0.13125,0.15976331360946747,89.78999999999999,2.7128699999999997,7.0,329.44800000000004,0.6698420940637392,3.392721437744324,0.5,1.0
Cc1[nH]c(=O)[nH]c(=O)c1NC(=O)CNC(Cn1c(=O)[nH]c2ncccc21)C(=O)O,,Cc1[nH]c(=O)[nH]c(=O)c1NC(=O)CNC(Cn1c(=O)[nH]c2ncccc21)C(=O)O,0.053902558656865246,0.16,0.17297297297297298,0.294478527607362,0.14659685863874344,0.17857142857142858,0.14516129032258066,0.0,0.99999994,0.3052647,0.99982566,0.2627417978734534,0.86076546,1.0,1.0,0.16,0.17297297297297298,0.294478527607362,0.14659685863874344,0.17857142857142858,0.14516129032258066,194.82999999999996,-1.9088799999999981,7.0,403.3550000000001,0.2627417978734534,3.3670897232098156,1.0,1.0
Cc1cc(C)cc(C(=O)N(C)CC(C)(C(=O)NCCC(=O)O)n2nc(-c3ccc(F)cc3)ccc2=O)c1,,Cc1cc(C)cc(C(=O)N(C)CC(C)(C(=O)NCCC(=O)O)n2nc(-c3ccc(F)cc3)ccc2=O)c1,0.31384317459203454,0.25316455696202533,0.3388888888888889,0.26344086021505375,0.25257731958762886,0.2832369942196532,0.16748768472906403,0.99765354,0.28121215,0.01611495,0.9698403,0.45850510433692676,0.8928772,1.0,1.0,0.25316455696202533,0.3388888888888889,0.26344086021505375,0.25257731958762886,0.2832369942196532,0.16748768472906403,121.60000000000002,2.7445400000000006,9.0,508.5500000000002,0.45850510433692676,3.2632721404438536,1.0,1.0
COC(=O)C(CC(C)C)NC(=O)C(CC(=O)O)NC(=O)CNC(=O)C(Cc1ccc(O)cc1)NC(=O)c1c(Cl)ccc(C)c1F,,COC(=O)C(CC(C)C)NC(=O)C(CC(=O)O)NC(=O)CNC(=O)C(Cc1ccc(O)cc1)NC(=O)c1c(Cl)ccc(C)c1F,0.0053539289144445305,0.2774566473988439,0.28780487804878047,0.3230769230769231,0.22018348623853212,0.3172043010752688,0.1926605504587156,0.0,0.9677308,8.34465e-07,0.00021082163,0.1549713575753653,0.735303,1.0,1.0,0.2774566473988439,0.28780487804878047,0.3230769230769231,0.22018348623853212,0.3172043010752688,0.1926605504587156,200.23,1.613820000000003,15.0,651.0880000000001,0.1549713575753653,3.6450261143199327,1.0,1.0
Cc1ccc(Cl)c(C(=O)NCC(NC(=O)NCc2nc(=O)c3ccccc3[nH]2)C(=O)O)c1F,,Cc1ccc(Cl)c(C(=O)NCC(NC(=O)NCc2nc(=O)c3ccccc3[nH]2)C(=O)O)c1F,0.3221226768183256,0.3404255319148936,0.36470588235294116,0.4394904458598726,0.3146067415730337,0.36538461538461536,0.15151515151515152,0.012513757,0.9545868,0.3052647,0.99798965,0.3503466185113428,0.9500439,1.0,1.0,0.3404255319148936,0.36470588235294116,0.4394904458598726,0.3146067415730337,0.36538461538461536,0.15151515151515152,153.27999999999997,1.7064199999999994,7.0,475.8640000000002,0.3503466185113428,2.9766756463259316,1.0,1.0
Cc1c(OC(=O)c2ccccc2O)cc(O)c2c(=O)c(NC(=O)C(=O)O)c(O)oc12,,Cc1c(OC(=O)c2ccccc2O)cc(O)c2c(=O)c(NC(=O)C(=O)O)c(O)oc12,0.102091093427202,0.2517985611510791,0.23295454545454544,0.21965317919075145,0.2303370786516854,0.2147239263803681,0.12698412698412698,5.9604645e-07,0.9818212,0.9968477,0.99993587,0.2382904103381965,0.9634805,1.0,1.0,0.2517985611510791,0.23295454545454544,0.21965317919075145,0.2303370786516854,0.2147239263803681,0.12698412698412698,183.59999999999997,1.4605199999999998,3.0,415.3100000000002,0.2382904103381965,2.8629458276099857,1.0,1.0
Cc1[nH]n2c(=NC(CCC(=O)O)C(=O)NC3CC(C(=O)O)N(C(=O)Cc4cccnc4)C3)c(-c3ccccc3)cnc2c1C#N,,Cc1[nH]n2c(=NC(CCC(=O)O)C(=O)NC3CC(C(=O)O)N(C(=O)Cc4cccnc4)C3)c(-c3ccccc3)cnc2c1C#N,0.016609213860811285,0.2094240837696335,0.2398190045248869,0.20179372197309417,0.2,0.21428571428571427,0.17391304347826086,0.0,0.9824222,0.0031523108,0.006202042,0.20466291391354843,0.2815491,1.0,1.0,0.2094240837696335,0.2398190045248869,0.20179372197309417,0.2,0.21428571428571427,0.17391304347826086,206.13999999999996,1.451600000000004,10.0,610.6310000000001,0.20466291391354843,4.325474364566464,1.0,1.0
Cc1ccc(Cl)c(C(=O)NCC(=O)NC(Cc2ccc(Oc3ccccc3)cc2)C(=O)O)c1Cl,,Cc1ccc(Cl)c(C(=O)NCC(=O)NC(Cc2ccc(Oc3ccccc3)cc2)C(=O)O)c1Cl,0.16056682713827541,0.4580152671755725,0.4268292682926829,0.38181818181818183,0.38823529411764707,0.3870967741935484,0.15577889447236182,0.9999908,0.00027531385,0.01611495,0.9832447,0.39658303777816084,0.98094964,1.0,1.0,0.4580152671755725,0.4268292682926829,0.38181818181818183,0.38823529411764707,0.3870967741935484,0.15577889447236182,104.73,4.636020000000003,9.0,501.3660000000002,0.39658303777816084,2.630604973058974,1.0,1.0
CC(C)(C)CC(=O)NC1CCc2[nH]c(=O)c3ccccc3c2C1,,CC(C)(C)CC(=O)NC1CCc2[nH]c(=O)c3ccccc3c2C1,0.21751880956825123,0.19230769230769232,0.16470588235294117,0.17791411042944785,0.15606936416184972,0.19333333333333333,0.18292682926829268,0.99927133,0.1570797,0.9993898,0.7387235,0.8953719545469231,0.964514,0.5,1.0,0.19230769230769232,0.16470588235294117,0.17791411042944785,0.15606936416184972,0.19333333333333333,0.18292682926829268,61.96,2.937800000000001,2.0,312.41300000000007,0.8953719545469231,2.8525986131239627,0.5,1.0
O=c1[nH]c2ncccc2n1Cc1cccnc1,,O=c1[nH]c2ncccc2n1Cc1cccnc1,0.12589631313959893,0.15966386554621848,0.13836477987421383,0.2323943661971831,0.14375,0.13286713286713286,0.07926829268292683,0.9995708,0.9940128,0.9993898,0.0020743408,0.7129614188524009,0.99359447,0.5,1.0,0.15966386554621848,0.13836477987421383,0.2323943661971831,0.14375,0.13286713286713286,0.07926829268292683,63.57,1.1679,2.0,226.23899999999998,0.7129614188524009,2.2474764279944015,0.5,1.0
O=C(Cn1c(=O)[nH]c2ncccc21)NC(Cc1ccc(-c2cccc(NC(=O)NC3CCCCC3)c2)cc1)C(=O)O,,O=C(Cn1c(=O)[nH]c2ncccc21)NC(Cc1ccc(-c2cccc(NC(=O)NC3CCCCC3)c2)cc1)C(=O)O,0.09583311040697576,0.25280898876404495,0.350253807106599,0.32653061224489793,0.2641509433962264,0.24120603015075376,0.2186046511627907,0.002497375,0.011616886,0.01611495,0.36481053,0.2116743317106377,0.9410286,1.0,1.0,0.25280898876404495,0.350253807106599,0.32653061224489793,0.2641509433962264,0.24120603015075376,0.2186046511627907,158.20999999999998,3.6579000000000015,9.0,556.6230000000004,0.2116743317106377,3.037631018149315,1.0,1.0
Cc1nc(C2CNC(C(=O)Nc3ccc(C#N)cc3)O2)co1,,Cc1nc(C2CNC(C(=O)Nc3ccc(C#N)cc3)O2)co1,0.2485199178066041,0.208,0.20496894409937888,0.19745222929936307,0.15976331360946747,0.2323943661971831,0.1728395061728395,0.999998,0.98040825,0.9968477,0.46451628,0.8899133152250236,0.6235305,0.5,1.0,0.208,0.20496894409937888,0.19745222929936307,0.15976331360946747,0.2323943661971831,0.1728395061728395,100.18,1.4803999999999997,3.0,298.302,0.8899133152250236,3.824697841743652,0.5,1.0
CN1CCN(Cc2ccc3c(n2)NC(=O)CO3)CC1,,CN1CCN(Cc2ccc3c(n2)NC(=O)CO3)CC1,0.16939682205743198,0.1076923076923077,0.1130952380952381,0.13836477987421383,0.09248554913294797,0.12751677852348994,0.15822784810126583,0.99704784,0.9998742,0.9993898,0.04087325,0.8225479639408944,0.98999107,0.5,1.0,0.1076923076923077,0.1130952380952381,0.13836477987421383,0.09248554913294797,0.12751677852348994,0.15822784810126583,57.7,0.1598999999999995,2.0,262.313,0.8225479639408944,2.4038041882797607,0.5,1.0
O=C(Cn1c(=O)[nH]c2ncccc21)NCC(NC(=O)c1ccc(Cl)cc1Cl)C(=O)O,,O=C(Cn1c(=O)[nH]c2ncccc21)NCC(NC(=O)c1ccc(Cl)cc1Cl)C(=O)O,0.433863814921496,0.43548387096774194,0.3313253012048193,0.6165413533834586,0.28160919540229884,0.36486486486486486,0.16042780748663102,0.115796626,0.9964536,0.3052647,0.9997211,0.42135528567128744,0.9587388,1.0,1.0,0.43548387096774194,0.3313253012048193,0.6165413533834586,0.28160919540229884,0.36486486486486486,0.16042780748663102,146.17999999999998,1.0308,7.0,452.25400000000025,0.42135528567128744,2.907073303842907,1.0,1.0
CCCCCc1nc2cc(Cl)c(Cl)cc2n1CC(=O)O,,CCCCCc1nc2cc(Cl)c(Cl)cc2n1CC(=O)O,0.262610132898159,0.21367521367521367,0.2012987012987013,0.22602739726027396,0.1761006289308176,0.2028985507246377,0.1830065359477124,0.9931292,0.0017058253,0.69473535,0.78120506,0.8143811356851965,0.99499196,1.0,1.0,0.21367521367521367,0.2012987012987013,0.22602739726027396,0.1761006289308176,0.2028985507246377,0.1830065359477124,55.120000000000005,4.160400000000004,6.0,315.2000000000001,0.8143811356851965,2.1614774737131164,1.0,1.0
CC(C)(C)c1ccc(OCC(=O)NNC(=O)Cn2c(=O)[nH]c3ncccc32)cc1,,CC(C)(C)c1ccc(OCC(=O)NNC(=O)Cn2c(=O)[nH]c3ncccc32)cc1,0.0,0.0,0.0,0.0,0.0,0.0,0.0,0.0,0.0,0.0,0.0,0.0,0.0,0.0,0.0,0.0,0.0,0.0,0.0,0.0,0.0,0.0,0.0,0.0,0.0,0.0,0.0,0.0,0.0
COC(=O)CC(C#N)(NC(N)=O)c1cc(=NC(=O)c2cc(C#Cc3ccc(Cl)cn3)ccn2)nc(N2CCC(C(=O)N(C)C)CC2)[nH]1,,COC(=O)CC(C#N)(NC(N)=O)c1cc(=NC(=O)c2cc(C#Cc3ccc(Cl)cn3)ccn2)nc(N2CCC(C(=O)N(C)C)CC2)[nH]1,0.008382068324497723,0.15270935960591134,0.18376068376068377,0.18340611353711792,0.14344262295081966,0.17272727272727273,0.19213973799126638,0.0,0.99184835,0.3052647,0.0001077652,0.24400637976450612,0.26535976,0.5,1.0,0.15270935960591134,0.18376068376068377,0.18340611353711792,0.14344262295081966,0.17272727272727273,0.19213973799126638,212.65,1.248880000000001,7.0,659.1069999999999,0.24400637976450612,4.353791653623452,0.5,1.0
O=C(NC(CNC(=O)c1cccc(C2CCNCC2)c1)C(=O)O)OCc1ccccc1,,O=C(NC(CNC(=O)c1cccc(C2CCNCC2)c1)C(=O)O)OCc1ccccc1,0.43641193633363307,0.34057971014492755,0.2808988764044944,0.26857142857142857,0.22994652406417113,0.35714285714285715,0.19786096256684493,0.9995216,0.7129022,0.07820028,0.9999703,0.5155414081718801,0.97827226,1.0,1.0,0.34057971014492755,0.2808988764044944,0.26857142857142857,0.22994652406417113,0.35714285714285715,0.19786096256684493,116.76000000000002,2.262999999999999,8.0,425.4850000000002,0.5155414081718801,2.677244112464713,1.0,1.0
Cc1ccc(C(=O)NCc2cnccn2)c(OCc2ccncc2)n1,,Cc1ccc(C(=O)NCc2cnccn2)c(OCc2ccncc2)n1,0.25599656087939915,0.2116788321167883,0.20114942528735633,0.20118343195266272,0.1853932584269663,0.1875,0.12021857923497267,0.9999999,0.8315122,0.69473535,0.9507945,0.7416587867300093,0.9919065,0.5,1.0,0.2116788321167883,0.20114942528735633,0.20118343195266272,0.1853932584269663,0.1875,0.12021857923497267,89.89,2.0840199999999998,6.0,335.367,0.7416587867300093,2.329331320475905,0.5,1.0
COc1ccc(S(=O)(=O)NC(Cc2c[nH]c3ccc(OC)cc23)C(=O)O)cc1,,COc1ccc(S(=O)(=O)NC(Cc2c[nH]c3ccc(OC)cc23)C(=O)O)cc1,0.42944599372432796,0.3203125,0.28484848484848485,0.24096385542168675,0.25146198830409355,0.2781456953642384,0.15555555555555556,0.99934405,0.7870919,0.07820028,0.99984074,0.5295591055920412,0.98627496,1.0,1.0,0.3203125,0.28484848484848485,0.24096385542168675,0.25146198830409355,0.2781456953642384,0.15555555555555556,117.72000000000001,2.1593,8.0,404.4440000000002,0.5295591055920412,2.514812982445928,1.0,1.0
O=C(O)CCC(NC(=O)c1ccc(-c2ccccc2)cc1F)C(=O)N1CCC(NCCc2ccc(Cl)c(Cl)c2)CC1,,O=C(O)CCC(NC(=O)c1ccc(-c2ccccc2)cc1F)C(=O)N1CCC(NCCc2ccc(Cl)c(Cl)c2)CC1,0.04129895230102793,0.3395061728395062,0.31313131313131315,0.24509803921568626,0.3165829145728643,0.3027027027027027,0.19069767441860466,0.99999875,7.1525574e-06,0.00061023235,0.014345229,0.26688959620713665,0.95846146,1.0,1.0,0.3395061728395062,0.31313131313131315,0.24509803921568626,0.3165829145728643,0.3027027027027027,0.19069767441860466,98.74,5.586000000000005,11.0,600.5180000000001,0.26688959620713665,2.9095010087081423,1.0,1.0
Cc1cc(C)n(CC(=O)NNc2ccc(Cl)c(F)c2Cl)n1,,Cc1cc(C)n(CC(=O)NNc2ccc(Cl)c(F)c2Cl)n1,0.0,0.0,0.0,0.0,0.0,0.0,0.0,0.0,0.0,0.0,0.0,0.0,0.0,0.0,0.0,0.0,0.0,0.0,0.0,0.0,0.0,0.0,0.0,0.0,0.0,0.0,0.0,0.0,0.0
CN(C(=O)CCc1ccc2nc(C(C(=O)NCCS(N)(=O)=O)S(C)(=O)=O)[nH]c2c1)C1CCCCC1,,CN(C(=O)CCc1ccc2nc(C(C(=O)NCCS(N)(=O)=O)S(C)(=O)=O)[nH]c2c1)C1CCCCC1,0.03931575788677522,0.13609467455621302,0.15196078431372548,0.18652849740932642,0.1339712918660287,0.18681318681318682,0.2833333333333333,2.360344e-05,0.998658,0.0031523108,0.8664331,0.4092648779258381,0.8338576,0.5,1.0,0.13609467455621302,0.15196078431372548,0.18652849740932642,0.1339712918660287,0.18681318681318682,0.2833333333333333,172.39,0.7770000000000015,10.0,527.6690000000002,0.4092648779258381,3.439510883708686,0.5,1.0
O=C(Cn1c(=O)[nH]c2ncccc21)NCC(NC(=O)c1ccc(Cl)cc1Br)C(=O)OCC(=O)NC(CO)c1ccccc1,,O=C(Cn1c(=O)[nH]c2ncccc21)NCC(NC(=O)c1ccc(Cl)cc1Br)C(=O)OCC(=O)NC(CO)c1ccccc1,0.005744501052475729,0.33727810650887574,0.28095238095238095,0.3769633507853403,0.26046511627906976,0.2755102040816326,0.13247863247863248,4.7683716e-07,0.98263955,0.00011789799,3.1232834e-05,0.13999332587484684,0.7835648,0.5,1.0,0.33727810650887574,0.28095238095238095,0.3769633507853403,0.26046511627906976,0.2755102040816326,0.13247863247863248,184.50999999999996,1.4483,12.0,673.9080000000002,0.13999332587484684,3.5530023386353538,0.5,1.0
Cc1nc(N(C)CCN(C)C)nc2c1ncn2-c1ccc(C(=O)NCC(NC(=O)c2c(F)cccc2Cl)C(=O)O)cc1,,Cc1nc(N(C)CCN(C)C)nc2c1ncn2-c1ccc(C(=O)NCC(NC(=O)c2c(F)cccc2Cl)C(=O)O)cc1,0.11873209531508944,0.2994011976047904,0.39037433155080214,0.3582887700534759,0.336734693877551,0.3930635838150289,0.16363636363636364,0.13758552,0.47390854,0.00061023235,0.019084692,0.23767371383276142,0.8627505,1.0,1.0,0.2994011976047904,0.39037433155080214,0.3582887700534759,0.336734693877551,0.3930635838150289,0.16363636363636364,145.57999999999998,2.52722,11.0,597.0510000000003,0.23767371383276142,3.361300368650218,1.0,1.0
COC(=O)C(CC(=O)O)NC(=O)c1ccc(F)c(Br)c1,,COC(=O)C(CC(=O)O)NC(=O)c1ccc(F)c(Br)c1,0.6073959183002678,0.3173076923076923,0.25874125874125875,0.27941176470588236,0.2214765100671141,0.29838709677419356,0.17333333333333334,0.9999998,0.9887218,0.9217998,0.98252654,0.783644331197129,0.9891964,1.0,1.0,0.3173076923076923,0.25874125874125875,0.27941176470588236,0.2214765100671141,0.29838709677419356,0.17333333333333334,92.70000000000002,1.3343000000000003,5.0,348.124,0.783644331197129,2.4306278648594173,1.0,1.0
CCN(CC)c1ncnc2c1ncn2CCCNCc1ccc(OC)c(OC)c1OC,,CCN(CC)c1ncnc2c1ncn2CCCNCc1ccc(OC)c(OC)c1OC,0.07224646607215951,0.12269938650306748,0.135678391959799,0.1702127659574468,0.11219512195121951,0.1564245810055866,0.16230366492146597,0.99999976,0.18978673,0.00011789799,0.99996173,0.4408659899162065,0.97967297,0.5,1.0,0.12269938650306748,0.135678391959799,0.1702127659574468,0.11219512195121951,0.1564245810055866,0.16230366492146597,86.56000000000002,2.8782000000000014,12.0,428.53700000000026,0.4408659899162065,2.653593738567432,0.5,1.0
Cc1c(C(=O)NC(=O)CNC(=O)NCC(NC(=O)c2ccccc2Cl)C(=O)O)[nH]c2ccc(Cl)cc12,,Cc1c(C(=O)NC(=O)CNC(=O)NCC(NC(=O)c2ccccc2Cl)C(=O)O)[nH]c2ccc(Cl)cc12,0.13941358757838979,0.38461538461538464,0.3615819209039548,0.3583815028901734,0.2925531914893617,0.37888198757763975,0.15048543689320387,6.1273575e-05,0.7440586,0.07820028,0.78749245,0.2589700227346154,0.94900894,1.0,1.0,0.38461538461538464,0.3615819209039548,0.3583815028901734,0.2925531914893617,0.37888198757763975,0.15048543689320387,169.48999999999998,2.221920000000001,8.0,534.3560000000001,0.2589700227346154,2.9841790615015427,1.0,1.0
O=C(CN1Cc2ccccc2NC1=O)Nc1cccc(Br)c1,,O=C(CN1Cc2ccccc2NC1=O)Nc1cccc(Br)c1,0.20210989486859934,0.34782608695652173,0.2611464968152866,0.20754716981132076,0.22699386503067484,0.2785714285714286,0.12790697674418605,0.99913555,0.026874185,0.9968477,0.9935774,0.8810708771638128,0.99575627,0.5,1.0,0.34782608695652173,0.2611464968152866,0.20754716981132076,0.22699386503067484,0.2785714285714286,0.12790697674418605,61.440000000000005,3.4353000000000016,3.0,360.211,0.8810708771638128,2.103675005538406,0.5,1.0
Clc1ccc(CN=c2nc[nH][nH]2)cc1Cl,,Clc1ccc(CN=c2nc[nH][nH]2)cc1Cl,0.1491807965941944,0.20952380952380953,0.1564625850340136,0.18840579710144928,0.16216216216216217,0.17054263565891473,0.08496732026143791,0.9960735,0.79583186,0.9993898,0.008454977,0.8335869571899571,0.88082385,0.5,1.0,0.20952380952380953,0.1564625850340136,0.18840579710144928,0.16216216216216217,0.17054263565891473,0.08496732026143791,56.83,2.1454999999999993,2.0,243.09700000000004,0.8335869571899571,3.3050404533298563,0.5,1.0
COCC(C)(C#N)NC(=O)C(=O)Nc1ccc(Cl)c(F)c1,,COCC(C)(C#N)NC(=O)C(=O)Nc1ccc(Cl)c(F)c1,0.2751564343061112,0.21551724137931033,0.2185430463576159,0.22758620689655173,0.15527950310559005,0.24060150375939848,0.16129032258064516,0.9999999,0.9816864,0.983885,0.7592269,0.8233111041972011,0.953985,0.5,1.0,0.21551724137931033,0.2185430463576159,0.22758620689655173,0.15527950310559005,0.24060150375939848,0.16129032258064516,91.22,1.4624799999999998,4.0,313.716,0.8233111041972011,2.946686801241638,0.5,1.0
COC(=O)C(C)(COc1[nH]c(=N)nc2[nH]cnc12)CC(=O)O,,COC(=O)C(C)(COc1[nH]c(=N)nc2[nH]cnc12)CC(=O)O,0.23745928105665767,0.12121212121212122,0.13690476190476192,0.1858974358974359,0.10919540229885058,0.13157894736842105,0.16149068322981366,0.009772897,0.9999686,0.69473535,0.6850734,0.5384239623973521,0.35828096,1.0,1.0,0.12121212121212122,0.13690476190476192,0.1858974358974359,0.10919540229885058,0.13157894736842105,0.16149068322981366,154.04,-0.20173000000000024,6.0,309.28200000000015,0.5384239623973521,4.202497197336885,1.0,1.0
O=C(O)CNC(Cn1c(=O)[nH]c2ncccc21)C(=O)O,,O=C(O)CNC(Cn1c(=O)[nH]c2ncccc21)C(=O)O,0.3779132676067324,0.15447154471544716,0.1419753086419753,0.2695035460992908,0.1402439024390244,0.14482758620689656,0.13836477987421383,0.7078265,0.99999917,0.69473535,0.16049996,0.5239918631259829,0.9328045,1.0,1.0,0.15447154471544716,0.1419753086419753,0.2695035460992908,0.1402439024390244,0.14482758620689656,0.13836477987421383,137.31,-1.1479999999999995,6.0,280.24,0.5239918631259829,3.086039285891216,1.0,1.0
COc1cccc(C(=O)Nc2cccnc2N(C)C)c1OC,,COc1cccc(C(=O)Nc2cccnc2N(C)C)c1OC,0.24586181252872868,0.22131147540983606,0.21518987341772153,0.19230769230769232,0.17575757575757575,0.2097902097902098,0.12574850299401197,0.99958736,0.57887113,0.9217998,0.5281457,0.9185728335799102,0.9967147,0.5,1.0,0.22131147540983606,0.21518987341772153,0.19230769230769232,0.17575757575757575,0.2097902097902098,0.12574850299401197,63.69,2.4171000000000005,5.0,301.34600000000006,0.9185728335799102,2.014400028056869,0.5,1.0
CC(C)OC(=O)NC(CN=c1[nH]c(-c2ccc(Cl)c(F)c2)cc2ncn(C)c12)C(=O)O,,CC(C)OC(=O)NC(CN=c1[nH]c(-c2ccc(Cl)c(F)c2)cc2ncn(C)c12)C(=O)O,0.4566799228093206,0.2695035460992908,0.26857142857142857,0.30120481927710846,0.23076923076923078,0.26875,0.17204301075268819,0.99765354,0.2073667,0.69473535,0.99977154,0.5338580359583875,0.7384443,1.0,1.0,0.2695035460992908,0.26857142857142857,0.30120481927710846,0.23076923076923078,0.26875,0.17204301075268819,121.59999999999998,2.8494,6.0,449.8700000000002,0.5338580359583875,3.6393971817615753,1.0,1.0
O=C(Cn1c(=O)[nH]c2ncccc21)NCc1ccc(Cl)cc1,,O=C(Cn1c(=O)[nH]c2ncccc21)NCc1ccc(Cl)cc1,0.28991705417467917,0.29411764705882354,0.23125,0.37410071942446044,0.22839506172839505,0.24475524475524477,0.11560693641618497,0.999998,0.9565451,0.983885,0.802551,0.7684835613033643,0.99536127,0.5,1.0,0.29411764705882354,0.23125,0.37410071942446044,0.22839506172839505,0.24475524475524477,0.11560693641618497,79.78,1.6943999999999992,4.0,316.74800000000005,0.7684835613033643,2.134736543999944,0.5,1.0
Cc1cnc(C(NC(=O)CNC(=O)C(CNC(=O)CN)NC(=O)c2c(Cl)ccc(C)c2F)c2ccccc2)s1,,Cc1cnc(C(NC(=O)CNC(=O)C(CNC(=O)CN)NC(=O)c2c(Cl)ccc(C)c2F)c2ccccc2)s1,0.05270962753465418,0.310126582278481,0.32275132275132273,0.34806629834254144,0.26,0.3352601156069364,0.15492957746478872,0.0064572096,0.94719523,0.00061023235,0.10921508,0.23490011077852593,0.77420294,0.5,1.0,0.310126582278481,0.32275132275132273,0.34806629834254144,0.26,0.3352601156069364,0.15492957746478872,155.30999999999997,1.7477400000000012,11.0,575.0660000000003,0.23490011077852593,3.571890897924895,0.5,1.0
COc1cccc(OC)c1-c1ccc(CC(NC(=O)c2ccc(C)c(F)c2)C(=O)O)cc1,,COc1cccc(OC)c1-c1ccc(CC(NC(=O)c2ccc(C)c(F)c2)C(=O)O)cc1,0.22717179392827028,0.4444444444444444,0.4240506329113924,0.27325581395348836,0.37575757575757573,0.32051282051282054,0.15104166666666666,0.99999964,0.0012381077,0.07820028,0.9999191,0.550601385540824,0.9876287,1.0,1.0,0.4444444444444444,0.4240506329113924,0.27325581395348836,0.37575757575757573,0.32051282051282054,0.15104166666666666,84.86,4.244020000000003,8.0,437.46700000000016,0.550601385540824,2.47825755315972,1.0,1.0
Cc1ccc(Cl)c(C(=O)NC(CNC(=O)Cn2c(=O)n(CC(=O)NCC3CCNCC3)c3cccnc32)C(=O)O)c1F,,Cc1ccc(Cl)c(C(=O)NC(CNC(=O)Cn2c(=O)n(CC(=O)NCC3CCNCC3)c3cccnc32)C(=O)O)c1F,0.03821992410094414,0.2556818181818182,0.29411764705882354,0.4742857142857143,0.24299065420560748,0.33879781420765026,0.19815668202764977,6.198883e-06,0.9996663,0.00061023235,0.0107216835,0.2092973814553616,0.85019404,1.0,1.0,0.2556818181818182,0.29411764705882354,0.4742857142857143,0.24299065420560748,0.33879781420765026,0.19815668202764977,176.44999999999996,0.41412000000000265,11.0,604.0390000000004,0.2092973814553616,3.396808764895881,1.0,1.0
Cc1csc(NC(CC(C)C)C(=O)NNC(=O)c2ccc3c(c2C)COCO3)c1C(N)=O,,Cc1csc(NC(CC(C)C)C(=O)NNC(=O)c2ccc3c(c2C)COCO3)c1C(N)=O,0.0,0.0,0.0,0.0,0.0,0.0,0.0,0.0,0.0,0.0,0.0,0.0,0.0,0.0,0.0,0.0,0.0,0.0,0.0,0.0,0.0,0.0,0.0,0.0,0.0,0.0,0.0,0.0,0.0
Cc1ccc(Cl)c(C(=O)NC(CNC(=O)c2cnc3ccccc3n2)C(=O)O)c1F,,Cc1ccc(Cl)c(C(=O)NC(CNC(=O)c2cnc3ccccc3n2)C(=O)O)c1F,0.5970455355530508,0.3769230769230769,0.39622641509433965,0.4896551724137931,0.3493975903614458,0.4,0.1595744680851064,0.9978875,0.6455984,0.69473535,0.9999536,0.5515721906772878,0.96695566,1.0,1.0,0.3769230769230769,0.39622641509433965,0.4896551724137931,0.3493975903614458,0.4,0.1595744680851064,121.28000000000002,2.3437199999999994,6.0,430.82300000000015,0.5515721906772878,2.8269524512015707,1.0,1.0
O=C(CCCCCNC(=O)c1cccnc1)Nc1ccccc1,,O=C(CCCCCNC(=O)c1cccnc1)Nc1ccccc1,0.17272875952666128,0.2845528455284553,0.25625,0.22641509433962265,0.20833333333333334,0.2907801418439716,0.18674698795180722,0.99996376,0.12356275,0.07820028,0.72177255,0.7361883980361,0.9986832,0.5,1.0,0.2845528455284553,0.25625,0.22641509433962265,0.20833333333333334,0.2907801418439716,0.18674698795180722,71.09,3.0105000000000013,8.0,311.38500000000005,0.7361883980361,1.696063538760285,0.5,1.0
COC(=O)Nc1cnc(-c2ccccc2Cl)n(CC(=O)NCC(N)C(=O)O)c1=O,,COC(=O)Nc1cnc(-c2ccccc2Cl)n(CC(=O)NCC(N)C(=O)O)c1=O,0.19605363450158708,0.2391304347826087,0.27380952380952384,0.3081761006289308,0.21348314606741572,0.27450980392156865,0.16022099447513813,0.00021725893,0.99980795,0.3052647,0.9999685,0.4920375504483551,0.95292145,1.0,1.0,0.2391304347826087,0.27380952380952384,0.3081761006289308,0.21348314606741572,0.27450980392156865,0.16022099447513813,165.64,0.27009999999999984,7.0,423.8130000000003,0.4920375504483551,2.95501278309297,1.0,1.0
O=C1Nc2ccc(Cl)cc2C2(CCOCC2)N1,,O=C1Nc2ccc(Cl)cc2C2(CCOCC2)N1,0.16393460557154366,0.21428571428571427,0.20945945945945946,0.17687074829931973,0.14556962025316456,0.20300751879699247,0.19863013698630136,0.9679482,0.5184125,0.99997723,0.018699864,0.7453533784518265,0.9170622,0.5,1.0,0.21428571428571427,0.20945945945945946,0.17687074829931973,0.14556962025316456,0.20300751879699247,0.19863013698630136,50.36,2.4808000000000003,0.0,252.70099999999994,0.7453533784518265,3.1650826825872302,0.5,1.0
O=C(NC(Cc1c(Cl)cccc1Cl)C(=O)O)c1c(Cl)cccc1Cl,,O=C(NC(Cc1c(Cl)cccc1Cl)C(=O)O)c1c(Cl)cccc1Cl,0.26916917024731335,0.53,0.45185185185185184,0.3475177304964539,0.5590551181102362,0.4628099173553719,0.14285714285714285,0.9998307,0.0001949668,0.9217998,0.9998723,0.753868827361629,0.9873241,1.0,1.0,0.53,0.45185185185185184,0.3475177304964539,0.5590551181102362,0.4628099173553719,0.14285714285714285,66.4,4.725900000000002,5.0,407.08000000000015,0.753868827361629,2.4868151648502046,1.0,1.0
CC#CCOc1c(NCC(NC(=O)c2ccccc2)C(=O)O)c(=O)c1=O,,CC#CCOc1c(NCC(NC(=O)c2ccccc2)C(=O)O)c(=O)c1=O,0.4415068178059576,0.33884297520661155,0.25766871165644173,0.25157232704402516,0.21764705882352942,0.3880597014925373,0.20359281437125748,0.9974944,0.99993694,0.07820028,0.9911361,0.4487455046504324,0.94546086,1.0,1.0,0.33884297520661155,0.25766871165644173,0.25157232704402516,0.21764705882352942,0.3880597014925373,0.20359281437125748,121.80000000000001,-0.02019999999999983,8.0,356.3340000000002,0.4487455046504324,3.008851791152251,1.0,1.0
COCCCNCC(O)C(Cc1ccccc1)NC(O)c1ccc(C#N)c2cc(Cl)ccc12,,COCCCNCC(O)C(Cc1ccccc1)NC(O)c1ccc(C#N)c2cc(Cl)ccc12,0.057038879395650326,0.28859060402684567,0.22395833333333334,0.15656565656565657,0.22797927461139897,0.22727272727272727,0.13793103448275862,0.99999917,0.017893374,0.00011789799,0.9989586,0.24011501485051437,0.7603587,0.5,1.0,0.28859060402684567,0.22395833333333334,0.15656565656565657,0.22797927461139897,0.22727272727272727,0.13793103448275862,97.53999999999999,3.543680000000002,12.0,467.99700000000024,0.24011501485051437,3.59883442127939,0.5,1.0
COC(=O)CC(NC(=O)Cn1c(=O)[nH]c2cc(C)ccc21)c1ccccc1,,COC(=O)CC(NC(=O)Cn1c(=O)[nH]c2cc(C)ccc21)c1ccccc1,0.27584351772980664,0.2900763358778626,0.23255813953488372,0.3037974683544304,0.20903954802259886,0.26143790849673204,0.14285714285714285,0.9999998,0.8447309,0.69473535,0.99647325,0.6523575030498269,0.9810305,0.5,1.0,0.2900763358778626,0.23255813953488372,0.3037974683544304,0.20903954802259886,0.26143790849673204,0.14285714285714285,93.19,2.05862,6.0,367.4050000000001,0.6523575030498269,2.629098668384911,0.5,1.0
O=C(O)CC(NC(=O)Cn1cnc2c(F)cc(=NCCC(NC(=O)c3c(Cl)cccc3Cl)C(=O)O)[nH]c21)c1ccccc1,,O=C(O)CC(NC(=O)Cn1cnc2c(F)cc(=NCCC(NC(=O)c3c(Cl)cccc3Cl)C(=O)O)[nH]c21)c1ccccc1,0.01529472450666107,0.3273809523809524,0.3854166666666667,0.37566137566137564,0.37435897435897436,0.38764044943820225,0.1592920353982301,2.861023e-06,0.041749,0.00011789799,0.0010908842,0.15919237506036876,0.56578887,1.0,1.0,0.3273809523809524,0.3854166666666667,0.37566137566137564,0.37435897435897436,0.38764044943820225,0.1592920353982301,178.76999999999998,3.3165000000000013,12.0,631.4480000000002,0.15919237506036876,3.9080371288451428,1.0,1.0
CCOC(=O)NC(CN1CC(O)C(n2cc(C(=O)c3cncc(NC(=O)Cc4ccc(Cl)cn4)c3)c3c(=N)nc[nH]c32)CC1=O)C(C)(C)C,,CCOC(=O)NC(CN1CC(O)C(n2cc(C(=O)c3cncc(NC(=O)Cc4ccc(Cl)cn4)c3)c3c(=N)nc[nH]c32)CC1=O)C(C)(C)C,0.002661218696952785,0.14553990610328638,0.19583333333333333,0.19574468085106383,0.15139442231075698,0.16521739130434782,0.19915254237288135,0.0,0.13033694,0.0031523108,6.7949295e-06,0.1546710581499937,0.15057385,0.5,1.0,0.14553990610328638,0.19583333333333333,0.19574468085106383,0.15139442231075698,0.16521739130434782,0.19915254237288135,208.28,2.994570000000002,10.0,692.1769999999999,0.1546710581499937,4.601100982851125,0.5,1.0
O=C(COC(=O)c1ccc(F)cc1Cl)NCc1ccco1,,O=C(COC(=O)c1ccc(F)cc1Cl)NCc1ccco1,0.27043320633872153,0.3486238532110092,0.25,0.2602739726027397,0.2229299363057325,0.27611940298507465,0.1625,0.9999163,0.4566478,0.9217998,0.72697157,0.8616304117057587,0.9973941,0.5,1.0,0.3486238532110092,0.25,0.2602739726027397,0.2229299363057325,0.27611940298507465,0.1625,68.54,2.545300000000001,5.0,311.696,0.8616304117057587,1.9336769972248682,0.5,1.0
Cc1cc(C#N)cc(C)c1C(=O)NCC(NC(=O)c1c(Cl)cccc1Cl)C(=O)O,,Cc1cc(C#N)cc(C)c1C(=O)NCC(NC(=O)c1c(Cl)cccc1Cl)C(=O)O,0.49377519677466924,0.3770491803278688,0.42567567567567566,0.43356643356643354,0.34810126582278483,0.5,0.1564245810055866,0.9989011,0.09253317,0.69473535,0.9999381,0.6457252404056734,0.9668224,1.0,1.0,0.3770491803278688,0.42567567567567566,0.43356643356643354,0.34810126582278483,0.5,0.1564245810055866,119.29,3.094920000000001,6.0,434.2790000000001,0.6457252404056734,2.8283987616713535,1.0,1.0
CCN(CC(=O)Nc1ccc(C)c(C)c1)CC(=O)NC(C)C,,CCN(CC(=O)Nc1ccc(C)c(C)c1)CC(=O)NC(C)C,0.2196885804318479,0.1693548387096774,0.175,0.1895424836601307,0.1242603550295858,0.19014084507042253,0.1794871794871795,0.99913555,0.82912236,0.3052647,0.61158645,0.8106625974117929,0.9973047,0.5,1.0,0.1693548387096774,0.175,0.1895424836601307,0.1242603550295858,0.19014084507042253,0.1794871794871795,61.440000000000005,2.0884399999999994,7.0,305.42199999999997,0.8106625974117929,1.945429484957291,0.5,1.0
CCCn1ncc(C(=O)NCCc2cccnc2)c1C,,CCCn1ncc(C(=O)NCCc2cccnc2)c1C,0.2039609143978644,0.1885245901639344,0.20512820512820512,0.2214765100671141,0.15151515151515152,0.19858156028368795,0.16455696202531644,0.99852306,0.88469994,0.69473535,0.089890055,0.8742660901634093,0.9957438,0.5,1.0,0.1885245901639344,0.20512820512820512,0.2214765100671141,0.15151515151515152,0.19858156028368795,0.16455696202531644,59.81,1.96902,6.0,272.35200000000003,0.8742660901634093,2.1046963621930566,0.5,1.0
O=C(CCCN1CCc2ccccc2C1)NCc1c(Cl)cccc1Cl,,O=C(CCCN1CCc2ccccc2C1)NCc1c(Cl)cccc1Cl,0.09767651956752384,0.3467741935483871,0.2962962962962963,0.2289156626506024,0.2694610778443114,0.3546099290780142,0.13812154696132597,0.07448959,0.0005661845,0.69473535,0.99845874,0.8069282439331017,0.99624264,0.5,1.0,0.3467741935483871,0.2962962962962963,0.2289156626506024,0.2694610778443114,0.3546099290780142,0.13812154696132597,32.34,4.448100000000004,6.0,377.31500000000005,0.8069282439331017,2.0612127746381823,0.5,1.0
Cc1cc2c(cc1O)CCC1C(C)(C(=O)O)CCCC21C,,Cc1cc2c(cc1O)CCC1C(C)(C(=O)O)CCCC21C,0.255833520199863,0.16,0.14634146341463414,0.1518987341772152,0.11764705882352941,0.16551724137931034,0.2185430463576159,0.9968785,0.006883383,0.99988216,0.2744101,0.8261618427828117,0.7758137,1.0,1.0,0.16,0.14634146341463414,0.1518987341772152,0.11764705882352941,0.16551724137931034,0.2185430463576159,57.53,3.7955200000000024,1.0,288.387,0.8261618427828117,3.5686813412182543,1.0,1.0
CC(C)S(=O)(=O)c1cc(C(=O)O)ccc1CNC(=O)C(CN)c1ccccc1,,CC(C)S(=O)(=O)c1cc(C(=O)O)ccc1CNC(=O)C(CN)c1ccccc1,0.444944501238691,0.34146341463414637,0.2606060606060606,0.23170731707317074,0.2138728323699422,0.3404255319148936,0.1791907514450867,0.9881202,0.9006387,0.07820028,0.99984133,0.616957060923479,0.9707715,1.0,1.0,0.34146341463414637,0.2606060606060606,0.23170731707317074,0.2138728323699422,0.3404255319148936,0.1791907514450867,126.55999999999999,1.9255999999999998,8.0,404.48800000000017,0.616957060923479,2.7829515062702814,1.0,1.0
COc1cccc(OC)c1-c1ccc(CC(NC(=O)c2c(F)cccc2Cl)C(=O)O)cc1,,COc1cccc(OC)c1-c1ccc(CC(NC(=O)c2c(F)cccc2Cl)C(=O)O)cc1,0.20574694963069898,0.4918032786885246,0.541095890410959,0.30357142857142855,0.5033112582781457,0.4305555555555556,0.14507772020725387,0.99999964,0.0003297329,0.07820028,0.99955314,0.5165398524166925,0.98474544,1.0,1.0,0.4918032786885246,0.541095890410959,0.30357142857142855,0.5033112582781457,0.4305555555555556,0.14507772020725387,84.86,4.589000000000003,8.0,457.8850000000001,0.5165398524166925,2.5520606646549666,1.0,1.0
O=C(NC(Cc1c[nH]c2ccc(F)cc12)C(=O)O)c1c(Cl)cccc1Cl,,O=C(NC(Cc1c[nH]c2ccc(F)cc12)C(=O)O)c1c(Cl)cccc1Cl,0.3432249545983345,0.4774774774774775,0.4375,0.34,0.48226950354609927,0.42424242424242425,0.1340782122905028,0.99999905,0.002710104,0.9217998,0.99965537,0.6100246047519484,0.983001,1.0,1.0,0.4774774774774775,0.4375,0.34,0.48226950354609927,0.42424242424242425,0.1340782122905028,82.19,4.039500000000002,5.0,395.2170000000001,0.6100246047519484,2.590296021921482,1.0,1.0
CC(CNC(=O)CN1c2ccccc2COc2ccccc21)(NC(=O)c1ccccc1Cl)C(=O)O,,CC(CNC(=O)CN1c2ccccc2COc2ccccc21)(NC(=O)c1ccccc1Cl)C(=O)O,0.3018220552275609,0.3333333333333333,0.32065217391304346,0.26737967914438504,0.2894736842105263,0.3333333333333333,0.14354066985645933,0.9999734,0.007880688,0.3052647,0.990927,0.46229824663813845,0.9480116,1.0,1.0,0.3333333333333333,0.32065217391304346,0.26737967914438504,0.2894736842105263,0.3333333333333333,0.14354066985645933,107.97000000000001,3.7600000000000016,7.0,493.94700000000023,0.46229824663813845,2.991274476366028,1.0,1.0
CC(C)N(C(=O)CS(=O)(=O)Cc1cccc(Cl)c1)C(C)C,,CC(C)N(C(=O)CS(=O)(=O)Cc1cccc(Cl)c1)C(C)C,0.22258616606773599,0.24107142857142858,0.2052980132450331,0.18120805369127516,0.15723270440251572,0.22556390977443608,0.17880794701986755,0.99144965,0.17714322,0.69473535,0.9351158,0.8050135178906365,0.99132645,0.5,1.0,0.24107142857142858,0.2052980132450331,0.18120805369127516,0.15723270440251572,0.22556390977443608,0.17880794701986755,54.45,2.9002000000000008,6.0,331.865,0.8050135178906365,2.3535834805720306,0.5,1.0
CNCCCn1c(=O)n(CC(=O)NCC(NC(=O)c2c(Cl)ccc(OC)c2F)C(=O)O)c2cccnc21,,CNCCCn1c(=O)n(CC(=O)NCC(NC(=O)c2c(Cl)ccc(OC)c2F)C(=O)O)c2cccnc21,0.10855575966067929,0.2721518987341772,0.3048128342245989,0.44242424242424244,0.25510204081632654,0.36363636363636365,0.18226600985221675,0.004261613,0.999298,0.00011789799,0.7489178,0.24521618416777685,0.9114482,1.0,1.0,0.2721518987341772,0.3048128342245989,0.44242424242424244,0.25510204081632654,0.36363636363636365,0.18226600985221675,156.57999999999998,0.6080000000000014,12.0,536.9480000000002,0.24521618416777685,3.189972413729101,1.0,1.0
O=C(CC(NC(=O)c1cc2c(Cl)cccc2[nH]1)C(=O)O)NC1CCOc2ccccc21,,O=C(CC(NC(=O)c1cc2c(Cl)cccc2[nH]1)C(=O)O)NC1CCOc2ccccc21,0.44832279307162937,0.3381294964028777,0.30113636363636365,0.28901734104046245,0.26229508196721313,0.3375796178343949,0.17801047120418848,0.998354,0.113968015,0.69473535,0.99988306,0.46827925110017443,0.9178787,1.0,1.0,0.3381294964028777,0.30113636363636365,0.28901734104046245,0.26229508196721313,0.3375796178343949,0.17801047120418848,120.52000000000001,3.0344000000000015,6.0,441.8710000000002,0.46827925110017443,3.1613364548925595,1.0,1.0
CC(C)CC(NC(=O)c1c(Cl)cccc1Cl)C(=O)O,,CC(C)CC(NC(=O)c1c(Cl)cccc1Cl)C(=O)O,0.4703348989382363,0.3854166666666667,0.3968253968253968,0.328125,0.3484848484848485,0.4672897196261682,0.20279720279720279,0.9998307,0.058817625,0.9217998,0.5864738,0.8774249891711028,0.99182487,1.0,1.0,0.3854166666666667,0.3968253968253968,0.328125,0.3484848484848485,0.4672897196261682,0.20279720279720279,66.4,3.222500000000001,5.0,304.17300000000006,0.8774249891711028,2.332848937520799,1.0,1.0
O=C(Cc1ccc(OC(=O)N2CCNCC2)cc1)NCC(NC(=O)c1ccccc1)C(=O)O,,O=C(Cc1ccc(OC(=O)N2CCNCC2)cc1)NCC(NC(=O)c1ccccc1)C(=O)O,0.4397661183314107,0.3597122302158273,0.29608938547486036,0.3063583815028902,0.24468085106382978,0.35668789808917195,0.20634920634920634,0.72388077,0.9992288,0.07820028,0.9996639,0.45920593105837954,0.9773377,1.0,1.0,0.3597122302158273,0.29608938547486036,0.3063583815028902,0.24468085106382978,0.35668789808917195,0.20634920634920634,137.07,0.6325000000000016,8.0,454.4830000000001,0.45920593105837954,2.6922071277741075,1.0,1.0
Cc1cc(C)c2c(n1)[nH]c(=O)n2CC(=O)NCC(C)c1ccccc1,,Cc1cc(C)c2c(n1)[nH]c(=O)n2CC(=O)NCC(C)c1ccccc1,0.2860309630129573,0.2755905511811024,0.2275449101796407,0.41134751773049644,0.19653179190751446,0.273972602739726,0.14857142857142858,0.999998,0.7142043,0.9217998,0.96143824,0.7487565719575429,0.9637389,0.5,1.0,0.2755905511811024,0.2275449101796407,0.41134751773049644,0.19653179190751446,0.273972602739726,0.14857142857142858,79.78,2.2613400000000006,5.0,338.41100000000006,0.7487565719575429,2.860384856546551,0.5,1.0
O=C(Cn1c(=O)[nH]c2ncccc21)NCC(NC(=O)c1ccc(OC(F)(F)F)cc1)C(=O)O,,O=C(Cn1c(=O)[nH]c2ncccc21)NCC(NC(=O)c1ccc(OC(F)(F)F)cc1)C(=O)O,0.2521826251876083,0.2827586206896552,0.2937853107344633,0.5379310344827586,0.24193548387096775,0.32075471698113206,0.15979381443298968,0.0062496066,0.9992575,0.07820028,0.99901265,0.3785505910873342,0.94885665,1.0,1.0,0.2827586206896552,0.2937853107344633,0.5379310344827586,0.24193548387096775,0.32075471698113206,0.15979381443298968,155.41,0.6225999999999994,8.0,467.3600000000002,0.3785505910873342,2.9852709125981214,1.0,1.0
CCN(CC(=O)N1CCCC1Cn1ccnn1)C(=O)c1cccc2ccccc12,,CCN(CC(=O)N1CCCC1Cn1ccnn1)C(=O)c1cccc2ccccc12,0.2343269300747398,0.1986754966887417,0.19786096256684493,0.1657754010695187,0.16494845360824742,0.19883040935672514,0.1702127659574468,0.9999665,0.4195394,0.69473535,0.9995285,0.6475368116899918,0.9585366,0.5,1.0,0.1986754966887417,0.19786096256684493,0.1657754010695187,0.16494845360824742,0.19883040935672514,0.1702127659574468,71.33000000000001,2.5846,6.0,391.47500000000014,0.6475368116899918,2.9088449155175056,0.5,1.0
COc1ccc(CN2CCCn3nc(C(=O)NC(CNC(=O)NC45CC6CC(CC(C6)C4)C5)C(=O)O)cc3C2=O)cc1,,COc1ccc(CN2CCCn3nc(C(=O)NC(CNC(=O)NC45CC6CC(CC(C6)C4)C5)C(=O)O)cc3C2=O)cc1,0.11734470827786068,0.19148936170212766,0.2304147465437788,0.22535211267605634,0.15450643776824036,0.21568627450980393,0.24056603773584906,0.007406771,0.6050964,0.01611495,0.083130896,0.35617473964706914,0.2209549,1.0,1.0,0.19148936170212766,0.2304147465437788,0.22535211267605634,0.15450643776824036,0.21568627450980393,0.24056603773584906,154.89,2.3888000000000007,9.0,578.6700000000004,0.35617473964706914,4.437806966165871,1.0,1.0
O=C(O)c1ccc2n[nH]c(-c3ccccc3)c2c1,,O=C(O)c1ccc2n[nH]c(-c3ccccc3)c2c1,0.24611058418246845,0.2636363636363636,0.2052980132450331,0.1503267973856209,0.2185430463576159,0.18115942028985507,0.07878787878787878,0.99980575,0.16207159,0.9993898,0.005648592,0.7209310158323712,0.9971016,1.0,1.0,0.2636363636363636,0.2052980132450331,0.1503267973856209,0.2185430463576159,0.18115942028985507,0.07878787878787878,65.97999999999999,2.9281000000000015,2.0,238.246,0.7209310158323712,1.9707328816132161,1.0,1.0
COc1cc(-c2noc(CCC(=O)NC(CCSC)C(=O)O)n2)cc(OC)c1OC,,COc1cc(-c2noc(CCC(=O)NC(CCSC)C(=O)O)n2)cc(OC)c1OC,0.19147234953716383,0.18243243243243243,0.1912568306010929,0.21142857142857144,0.15789473684210525,0.19879518072289157,0.25146198830409355,0.90881884,0.8643222,0.00011789799,0.9999042,0.505798378514571,0.9678213,1.0,1.0,0.18243243243243243,0.1912568306010929,0.21142857142857144,0.15789473684210525,0.19879518072289157,0.25146198830409355,133.01000000000002,2.0175,12.0,439.4900000000002,0.505798378514571,2.817418623583407,1.0,1.0
O=C(C=Cc1ccccc1)c1c(Cl)cccc1Cl,,O=C(C=Cc1ccccc1)c1c(Cl)cccc1Cl,0.0371193449279932,0.4421052631578947,0.31386861313868614,0.21678321678321677,0.30935251798561153,0.35294117647058826,0.08641975308641975,0.00052973116,0.00010406971,0.9968477,0.12861736,0.5763216334667347,0.99808025,0.5,1.0,0.4421052631578947,0.31386861313868614,0.21678321678321677,0.30935251798561153,0.35294117647058826,0.08641975308641975,17.07,4.889500000000003,3.0,277.15,0.5763216334667347,1.8272633897928205,0.5,1.0
Cc1ccc(Cl)c(C(=O)NC(CNC(=O)C(NC(=O)Cc2cc(F)cc(F)c2)C(C)(C)C)C(=O)O)c1F,,Cc1ccc(Cl)c(C(=O)NC(CNC(=O)C(NC(=O)Cc2cc(F)cc(F)c2)C(C)(C)C)C(=O)O)c1F,0.2791093802992774,0.34965034965034963,0.3485714285714286,0.4838709677419355,0.3149171270718232,0.3821656050955414,0.1958762886597938,0.99373,0.07940853,0.01611495,0.66233027,0.38813249995562016,0.8433508,1.0,1.0,0.34965034965034963,0.3485714285714286,0.4838709677419355,0.3149171270718232,0.3821656050955414,0.1958762886597938,124.60000000000001,3.1385200000000006,9.0,541.9540000000004,0.38813249995562016,3.4151359503696845,1.0,1.0
O=C(O)CN(CCOCCOCCN(CC(=O)O)CC(=O)O)CC(=O)O,,O=C(O)CN(CCOCCOCCN(CC(=O)O)CC(=O)O)CC(=O)O,0.013929144587426718,0.07482993197278912,0.09239130434782608,0.1016949152542373,0.057291666666666664,0.10303030303030303,0.13218390804597702,1.3232231e-05,1.0,0.0,0.9988042,0.20383143019470937,0.9892708,1.0,1.0,0.07482993197278912,0.09239130434782608,0.1016949152542373,0.057291666666666664,0.10303030303030303,0.13218390804597702,174.14,-2.037999999999993,17.0,380.35000000000014,0.20383143019470937,2.4282021453012668,1.0,1.0
N#Cc1c(O)cnc2ccc(NC(=O)CBr)cc12,,N#Cc1c(O)cnc2ccc(NC(=O)CBr)cc12,0.2450540311476422,0.1826086956521739,0.16233766233766234,0.16891891891891891,0.17532467532467533,0.15942028985507245,0.11464968152866242,0.99999976,0.7958444,0.9993898,0.6253561,0.8323865096104018,0.9838344,0.5,1.0,0.1826086956521739,0.16233766233766234,0.16891891891891891,0.17532467532467533,0.15942028985507245,0.11464968152866242,86.00999999999999,2.14548,2.0,306.11899999999997,0.8323865096104018,2.57253604137653,0.5,1.0
Cc1ccc2c(ccn2S(=O)(=O)c2cc(C)c(Cl)c(C)c2)c1,,Cc1ccc2c(ccn2S(=O)(=O)c2cc(C)c(Cl)c(C)c2)c1,0.11112428150591765,0.25210084033613445,0.23076923076923078,0.24,0.24358974358974358,0.22695035460992907,0.09941520467836257,0.42411214,0.00054723024,0.9993898,0.9444561,0.6943157718331696,0.99294025,0.5,1.0,0.25210084033613445,0.23076923076923078,0.24,0.24358974358974358,0.22695035460992907,0.09941520467836257,39.07,4.456960000000003,2.0,333.84000000000003,0.6943157718331696,2.281493357186756,0.5,1.0
NC(=O)c1ccc(CNC(=O)Cn2c(=O)[nH]c3ncccc32)cc1,,NC(=O)c1ccc(CNC(=O)Cn2c(=O)[nH]c3ncccc32)cc1,0.2844439506334563,0.2619047619047619,0.23170731707317074,0.38028169014084506,0.20710059171597633,0.24489795918367346,0.13142857142857142,0.9964411,0.9998835,0.9217998,0.89290106,0.6171325195158469,0.99425656,0.5,1.0,0.2619047619047619,0.23170731707317074,0.38028169014084506,0.20710059171597633,0.24489795918367346,0.13142857142857142,122.86999999999999,0.1399000000000002,5.0,325.32800000000003,0.6171325195158469,2.20933868634296,0.5,1.0
O=C(Nn1c(O)c2c(c1O)C(Cc1ccccc1)(C(=O)O)NC2c1ccccc1)c1ccc(Cl)cc1Cl,,O=C(Nn1c(O)c2c(c1O)C(Cc1ccccc1)(C(=O)O)NC2c1ccccc1)c1ccc(Cl)cc1Cl,0.1783783472331614,0.4326241134751773,0.28272251308900526,0.20707070707070707,0.3279569892473118,0.26256983240223464,0.11574074074074074,0.995142,0.00014388561,0.69473535,0.7255894,0.2403089485185366,0.6634798,1.0,1.0,0.4326241134751773,0.28272251308900526,0.20707070707070707,0.3279569892473118,0.26256983240223464,0.11574074074074074,123.82000000000001,4.805200000000003,6.0,538.3870000000002,0.2403089485185366,3.7641467884327193,1.0,1.0
Cc1ccc(NC(=O)Nc2ccc(-c3c[nH]c4nc(=NCCCN5CCN(C)CC5)[nH]cc34)cc2)cc1,,Cc1ccc(NC(=O)Nc2ccc(-c3c[nH]c4nc(=NCCCN5CCN(C)CC5)[nH]cc34)cc2)cc1,0.10925797377515059,0.17318435754189945,0.2222222222222222,0.17061611374407584,0.18604651162790697,0.17587939698492464,0.12669683257918551,0.99999166,0.0026171803,0.3052647,0.98662376,0.288667076081819,0.9568274,0.5,1.0,0.17318435754189945,0.2222222222222222,0.17061611374407584,0.18604651162790697,0.17587939698492464,0.12669683257918551,104.44,4.048620000000002,7.0,498.6350000000004,0.288667076081819,2.923499508722262,0.5,1.0
Cc1ccc(SC(CC(=O)c2ccccc2)(C(=O)O)C(=O)O)cc1,,Cc1ccc(SC(CC(=O)c2ccccc2)(C(=O)O)C(=O)O)cc1,0.35759496777961425,0.38181818181818183,0.25,0.21935483870967742,0.2389937106918239,0.2846715328467153,0.1437125748502994,0.9999999,0.04984206,0.3052647,0.97626126,0.4549414385162359,0.9888809,1.0,1.0,0.38181818181818183,0.25,0.21935483870967742,0.2389937106918239,0.2846715328467153,0.1437125748502994,91.67,3.2681200000000006,7.0,344.3880000000001,0.4549414385162359,2.4407404962977104,1.0,1.0
Cc1ccc(OCCNCCOc2ccccc2)cc1,,Cc1ccc(OCCNCCOc2ccccc2)cc1,0.08705753788983304,0.27586206896551724,0.19375,0.15625,0.18404907975460122,0.22857142857142856,0.11976047904191617,0.041957844,0.110896766,0.07820028,0.08332236,0.7485703260299219,0.9990368,0.5,1.0,0.27586206896551724,0.19375,0.15625,0.18404907975460122,0.22857142857142856,0.11976047904191617,30.49,3.0424200000000017,8.0,271.36,0.7485703260299219,1.5873178814409812,0.5,1.0
Cc1ccc(Cl)c(C(=O)NC(CNCC(=O)NC2CCCCN(O)C2=O)C(=O)O)c1F,,Cc1ccc(Cl)c(C(=O)NC(CNCC(=O)NC2CCCCN(O)C2=O)C(=O)O)c1F,0.31839688907545344,0.2605633802816901,0.26857142857142857,0.3670886075949367,0.21739130434782608,0.3624161073825503,0.25287356321839083,0.065708816,0.999622,0.07820028,0.9995146,0.3549629492276344,0.81570077,1.0,1.0,0.2605633802816901,0.26857142857142857,0.3670886075949367,0.21739130434782608,0.3624161073825503,0.25287356321839083,148.07,0.4466200000000009,8.0,458.8740000000003,0.3549629492276344,3.4831941222252265,1.0,1.0
COc1ccc(COCCCO)c(C(=O)NC(CNc2ccc(N3CCNC3=O)cc2)C(=O)O)c1,,COc1ccc(COCCCO)c(C(=O)NC(CNc2ccc(N3CCNC3=O)cc2)C(=O)O)c1,0.12016205641146842,0.27450980392156865,0.25925925925925924,0.2608695652173913,0.2,0.5755395683453237,0.225130890052356,0.042623878,0.98446304,2.2768974e-05,0.99510574,0.2669528562152828,0.9381638,1.0,1.0,0.27450980392156865,0.25925925925925924,0.2608695652173913,0.2,0.5755395683453237,0.225130890052356,149.45999999999998,1.4188999999999996,13.0,486.5250000000002,0.2669528562152828,3.055170979862533,1.0,1.0
Cc1cc(O)cc(C)c1CC(N)C(=O)Nc1cc(CC(=O)NCC(NC(=O)OCc2ccccc2)C(=O)O)cc(CC(=O)Nc2cccc3[nH]cnc23)c1,,Cc1cc(O)cc(C)c1CC(N)C(=O)Nc1cc(CC(=O)NCC(NC(=O)OCc2ccccc2)C(=O)O)cc(CC(=O)Nc2cccc3[nH]cnc23)c1,0.001213354726460307,0.20909090909090908,0.23107569721115537,0.2217741935483871,0.22440944881889763,0.21338912133891214,0.1596958174904943,0.0,0.013753653,8.34465e-07,1.1920929e-07,0.07772849286388711,0.59213406,1.0,1.0,0.20909090909090908,0.23107569721115537,0.2217741935483871,0.22440944881889763,0.21338912133891214,0.1596958174904943,237.85999999999996,3.6133400000000018,15.0,735.7980000000001,0.07772849286388711,3.8704779680112846,1.0,1.0
N=C(N)c1cccc(CC(NS(=O)(=O)c2cccc3cccnc23)C(=O)O)c1,,N=C(N)c1cccc(CC(NS(=O)(=O)c2cccc3cccnc23)C(=O)O)c1,0.39639553938233496,0.3870967741935484,0.3271604938271605,0.22941176470588234,0.3395061728395062,0.2727272727272727,0.15934065934065933,0.114123166,0.97945213,0.3052647,0.99973685,0.3502482218237201,0.97681904,1.0,1.0,0.3870967741935484,0.3271604938271605,0.22941176470588234,0.3395061728395062,0.2727272727272727,0.15934065934065933,146.23,1.4930700000000003,7.0,398.44400000000013,0.3502482218237201,2.7002538108482934,1.0,1.0
O=C(NCC(NC(=O)c1c(Cl)cccc1Cl)C(=O)O)c1cc2ccc(Cl)cc2[nH]1,,O=C(NCC(NC(=O)c1c(Cl)cccc1Cl)C(=O)O)c1cc2ccc(Cl)cc2[nH]1,0.36077369685705823,0.38095238095238093,0.41830065359477125,0.3973509933774834,0.4129032258064516,0.45588235294117646,0.13297872340425532,0.99992085,0.008468568,0.69473535,0.9996578,0.45444973169901254,0.9731353,1.0,1.0,0.38095238095238093,0.41830065359477125,0.3973509933774834,0.4129032258064516,0.45588235294117646,0.13297872340425532,111.29000000000002,3.741100000000001,6.0,454.6970000000002,0.45444973169901254,2.752806838594431,1.0,1.0
O=C(Cn1c(=O)[nH]c2ncccc21)NCC(=O)Nc1ccc(Cl)cc1,,O=C(Cn1c(=O)[nH]c2ncccc21)NCC(=O)Nc1ccc(Cl)cc1,0.2876224125427081,0.24242424242424243,0.2469879518072289,0.3958333333333333,0.20809248554913296,0.25333333333333335,0.11538461538461539,0.9999642,0.99476135,0.9217998,0.9933391,0.63409731347445,0.9946051,0.5,1.0,0.24242424242424243,0.2469879518072289,0.3958333333333333,0.20809248554913296,0.25333333333333335,0.11538461538461539,108.88,1.1328999999999996,5.0,359.773,0.63409731347445,2.1874661874225794,0.5,1.0
CSc1nc2sc3c(c2c(=O)n1CC(=O)NCC(NC(=O)c1ccccc1Cl)C(=O)O)CCCC3,,CSc1nc2sc3c(c2c(=O)n1CC(=O)NCC(NC(=O)c1ccccc1Cl)C(=O)O)CCCC3,0.37653855073330045,0.3401360544217687,0.3114754098360656,0.41818181818181815,0.2804232804232804,0.3475609756097561,0.21025641025641026,0.9593447,0.30753666,0.07820028,0.7776494,0.29899696153487576,0.9413185,1.0,1.0,0.3401360544217687,0.3114754098360656,0.41818181818181815,0.2804232804232804,0.3475609756097561,0.21025641025641026,130.39,2.711500000000001,8.0,535.0470000000001,0.29899696153487576,3.0358116392031915,1.0,1.0
CC(C)(O)c1ccc2c(c1)CCCC2(C)C,,CC(C)(O)c1ccc2c(c1)CCCC2(C)C,0.03690844191454498,0.15454545454545454,0.14093959731543623,0.1310344827586207,0.10256410256410256,0.16153846153846155,0.16901408450704225,0.0014964544,0.018989265,0.99988216,0.001071716,0.7642550883659343,0.98907316,0.5,1.0,0.15454545454545454,0.14093959731543623,0.1310344827586207,0.10256410256410256,0.16153846153846155,0.16901408450704225,20.23,3.5279000000000025,1.0,218.33999999999995,0.7642550883659343,2.4346121605003894,0.5,1.0
Cc1cc(C)nc(N2C(=O)CSC2c2ccccc2)n1,,Cc1cc(C)nc(N2C(=O)CSC2c2ccccc2)n1,0.1976267798655741,0.2608695652173913,0.19745222929936307,0.19736842105263158,0.1728395061728395,0.2158273381294964,0.14285714285714285,0.8811378,0.19344854,0.9993898,0.22709161,0.850908797347584,0.9717321,0.5,1.0,0.2608695652173913,0.19745222929936307,0.19736842105263158,0.1728395061728395,0.2158273381294964,0.14285714285714285,46.09,2.872040000000001,2.0,285.372,0.850908797347584,2.770997813679216,0.5,1.0
O=C(O)CC(CCc1ccccc1)(Oc1ccc(Cl)cc1)C(=O)O,,O=C(O)CC(CCc1ccccc1)(Oc1ccc(Cl)cc1)C(=O)O,0.28593578069078324,0.4392523364485981,0.2875816993464052,0.21656050955414013,0.27564102564102566,0.3088235294117647,0.1488095238095238,0.9999994,0.011983812,0.07820028,0.9834477,0.7603383768272349,0.9794575,1.0,1.0,0.4392523364485981,0.2875816993464052,0.21656050955414013,0.27564102564102566,0.3088235294117647,0.1488095238095238,83.83,3.649700000000002,8.0,348.7820000000001,0.7603383768272349,2.657333808319251,1.0,1.0
CC(C)N(CCNC(=O)C1(C)Cc2cccnc2N(C)C1=O)CC(=O)NCC(NC(=O)c1ccccc1Cl)C(=O)O,,CC(C)N(CCNC(=O)C1(C)Cc2cccnc2N(C)C1=O)CC(=O)NCC(NC(=O)c1ccccc1Cl)C(=O)O,0.06457528737414409,0.3148148148148148,0.29949238578680204,0.3157894736842105,0.23444976076555024,0.3240223463687151,0.22926829268292684,0.00098598,0.99561715,0.00011789799,0.042923093,0.26875081410369,0.642223,1.0,1.0,0.3148148148148148,0.29949238578680204,0.3157894736842105,0.23444976076555024,0.3240223463687151,0.22926829268292684,161.04,1.0862000000000025,12.0,587.0770000000003,0.26875081410369,3.7967411936605693,1.0,1.0
O=C(CCC(=O)N1CCCC(C(=O)NC(Cc2ccccc2)C(=O)O)C1)c1ccccc1,,O=C(CCC(=O)N1CCCC(C(=O)NC(Cc2ccccc2)C(=O)O)C1)c1ccccc1,0.3406751517708825,0.3851851851851852,0.2849162011173184,0.22404371584699453,0.25405405405405407,0.2865853658536585,0.24861878453038674,0.9999933,0.31684774,0.01611495,0.9999254,0.5884697798826624,0.97516686,1.0,1.0,0.3851851851851852,0.2849162011173184,0.22404371584699453,0.25405405405405407,0.2865853658536585,0.24861878453038674,103.78000000000002,2.7001999999999997,9.0,436.50800000000015,0.5884697798826624,2.7247624315174974,1.0,1.0
Cc1cccc(C)c1NCCNC(=O)C(Cc1ccccc1)CC(O)C(NC(=O)c1cccc(Cl)c1F)C(C)C,,Cc1cccc(C)c1NCCNC(=O)C(Cc1ccccc1)CC(O)C(NC(=O)c1cccc(Cl)c1F)C(C)C,0.01673394406408852,0.325,0.2814070351758794,0.23267326732673269,0.2660098522167488,0.31843575418994413,0.16744186046511628,0.99999994,4.887581e-06,2.2768974e-05,0.17971456,0.19978530293608485,0.75892085,0.5,1.0,0.325,0.2814070351758794,0.23267326732673269,0.2660098522167488,0.31843575418994413,0.16744186046511628,90.46000000000001,5.688540000000006,13.0,568.1330000000002,0.19978530293608485,3.601570673761702,0.5,1.0
O=C(Nc1ccc(N2CCNCC2)cc1)c1cc(-c2ccc(F)cc2)[nH]n1,,O=C(Nc1ccc(N2CCNCC2)cc1)c1cc(-c2ccc(F)cc2)[nH]n1,0.23156473742721015,0.23741007194244604,0.2573099415204678,0.1807909604519774,0.21910112359550563,0.225,0.1164021164021164,0.99998105,0.19008195,0.983885,0.9958354,0.6647637938609547,0.994557,0.5,1.0,0.23741007194244604,0.2573099415204678,0.1807909604519774,0.21910112359550563,0.225,0.1164021164021164,73.05000000000001,2.877700000000001,4.0,365.412,0.6647637938609547,2.190565494457301,0.5,1.0
COC(=O)c1sc(=NC(=O)Cn2c(O)ccc2O)n(C)c1C,,COC(=O)c1sc(=NC(=O)Cn2c(O)ccc2O)n(C)c1C,0.2530921711936229,0.14173228346456693,0.15337423312883436,0.19736842105263158,0.1111111111111111,0.16551724137931034,0.13580246913580246,0.9999859,0.99949557,0.9968477,0.8930451,0.8004208873280404,0.93579215,0.5,1.0,0.14173228346456693,0.15337423312883436,0.19736842105263158,0.1111111111111111,0.16551724137931034,0.13580246913580246,106.05000000000001,0.52182,3.0,325.34600000000006,0.8004208873280404,3.0691270077734583,0.5,1.0
Cc1cccc(C#CCn2c(=O)[nH]c3ncccc32)n1,,Cc1cccc(C#CCn2c(=O)[nH]c3ncccc32)n1,0.18184243279475268,0.1640625,0.1497005988023952,0.2653061224489796,0.14792899408284024,0.1456953642384106,0.09302325581395349,0.9995708,0.9804583,0.99988216,0.047871515,0.6770509132509223,0.96962035,0.5,1.0,0.1640625,0.1497005988023952,0.2653061224489796,0.14792899408284024,0.1456953642384106,0.09302325581395349,63.57,1.47972,1.0,264.288,0.6770509132509223,2.796784760908679,0.5,1.0
O=C(NC(Cc1nc2ccccc2[nH]1)C(=O)O)c1c(Cl)cccc1Cl,,O=C(NC(Cc1nc2ccccc2[nH]1)C(=O)O)c1c(Cl)cccc1Cl,0.47254145928365066,0.47706422018348627,0.42657342657342656,0.33783783783783783,0.46099290780141844,0.43410852713178294,0.14942528735632185,0.99999964,0.04511136,0.9217998,0.99857044,0.6350092112494594,0.98260826,1.0,1.0,0.47706422018348627,0.42657342657342656,0.33783783783783783,0.46099290780141844,0.43410852713178294,0.14942528735632185,95.08,3.2954000000000008,5.0,378.21500000000015,0.6350092112494594,2.5983701312718264,1.0,1.0
O=C(NC(C(=O)O)C(=O)O)c1ccc(Cl)cc1Cl,,O=C(NC(C(=O)O)C(=O)O)c1ccc(Cl)cc1Cl,0.5467180562421751,0.4659090909090909,0.25547445255474455,0.26717557251908397,0.23404255319148937,0.2966101694915254,0.1506849315068493,0.9999935,0.99146354,0.983885,0.33992094,0.7247199020820415,0.9956492,1.0,1.0,0.4659090909090909,0.25547445255474455,0.26717557251908397,0.23404255319148937,0.2966101694915254,0.1506849315068493,103.7,1.2610000000000008,4.0,292.07400000000007,0.7247199020820415,2.1123673081523062,1.0,1.0
CN(C)CC(CNC(CNC(=O)c1ccoc1)C(=O)O)NC(=O)Cn1ccc2cc(C#N)ncc21,,CN(C)CC(CNC(CNC(=O)c1ccoc1)C(=O)O)NC(=O)Cn1ccc2cc(C#N)ncc21,0.06984753284241717,0.18181818181818182,0.20812182741116753,0.27472527472527475,0.17073170731707318,0.23728813559322035,0.18181818181818182,0.00022608042,0.9999264,0.00011789799,0.9967777,0.2789069181687682,0.61027306,1.0,1.0,0.18181818181818182,0.20812182741116753,0.27472527472527475,0.17073170731707318,0.23728813559322035,0.18181818181818182,165.51999999999998,0.02018000000000364,12.0,481.5130000000002,0.2789069181687682,3.8441888613179653,1.0,1.0
CCCCn1c(N)c(N(CC(C)C)C(=O)CCC(=O)NC2CCN(Cc3ccccc3)CC2)c(=O)[nH]c1=O,,CCCCn1c(N)c(N(CC(C)C)C(=O)CCC(=O)NC2CCN(Cc3ccccc3)CC2)c(=O)[nH]c1=O,0.08454899105054428,0.18604651162790697,0.1650943396226415,0.19900497512437812,0.1318181818181818,0.2,0.22727272727272727,0.89361846,0.5298023,0.00011789799,0.8757107,0.3890990164226936,0.9821268,0.5,1.0,0.18604651162790697,0.1650943396226415,0.19900497512437812,0.1318181818181818,0.2,0.22727272727272727,133.52999999999997,2.4689000000000005,12.0,526.6820000000002,0.3890990164226936,2.608028709992775,0.5,1.0
CC(=O)NCC(NC(=O)c1nn(Cc2ccc3ccccc3n2)c(=O)n1Cc1ccc(Cl)cc1)C(N)=O,,CC(=O)NCC(NC(=O)c1nn(Cc2ccc3ccccc3n2)c(=O)n1Cc1ccc(Cl)cc1)C(N)=O,0.10098042463983774,0.25153374233128833,0.2864583333333333,0.2617801047120419,0.27692307692307694,0.2737430167597765,0.14084507042253522,0.009900987,0.99599206,0.01611495,0.9127256,0.2990883835365587,0.907993,0.5,1.0,0.25153374233128833,0.2864583333333333,0.2617801047120419,0.27692307692307694,0.2737430167597765,0.14084507042253522,154.00000000000003,1.0627999999999997,9.0,521.9650000000003,0.2990883835365587,3.2045905480834334,0.5,1.0
CN=c1[nH]c2ccc(C)cc2c(=NC(=O)c2ccc(Cl)cc2Cl)s1,,CN=c1[nH]c2ccc(C)cc2c(=NC(=O)c2ccc(Cl)cc2Cl)s1,0.144986714007599,0.3620689655172414,0.25625,0.22641509433962265,0.25308641975308643,0.2638888888888889,0.08839779005524862,0.99692935,0.0020202994,0.99988216,0.99857867,0.6806343414212414,0.95093936,0.5,1.0,0.3620689655172414,0.25625,0.22641509433962265,0.25308641975308643,0.2638888888888889,0.08839779005524862,57.58,4.116220000000002,1.0,378.284,0.6806343414212414,2.970064491705287,0.5,1.0
O=C(NNC(=O)C(NC(=O)c1c(Cl)cccc1Cl)c1ccccc1)c1ccc(Cl)cc1Cl,,O=C(NNC(=O)C(NC(=O)c1c(Cl)cccc1Cl)c1ccccc1)c1ccc(Cl)cc1Cl,0.0,0.0,0.0,0.0,0.0,0.0,0.0,0.0,0.0,0.0,0.0,0.0,0.0,0.0,0.0,0.0,0.0,0.0,0.0,0.0,0.0,0.0,0.0,0.0,0.0,0.0,0.0,0.0,0.0
Cc1ccc(Cl)c(C(=O)NC(CNC(=O)Cn2c(=O)[nH]c3ncncc32)C(=O)O)c1F,,Cc1ccc(Cl)c(C(=O)NC(CNC(=O)Cn2c(=O)[nH]c3ncncc32)C(=O)O)c1F,0.2677491919348694,0.302158273381295,0.3333333333333333,0.7165354330708661,0.2696629213483146,0.36666666666666664,0.164021164021164,0.0018831491,0.9998416,0.3052647,0.99975276,0.40029968393449444,0.8986932,1.0,1.0,0.302158273381295,0.3333333333333333,0.7165354330708661,0.2696629213483146,0.36666666666666664,0.164021164021164,159.07,0.21992000000000034,7.0,450.8140000000002,0.40029968393449444,3.2416216161507156,1.0,1.0
Cc1cccc(Nc2ccccc2C(=O)Nc2ccc(F)cc2)c1C,,Cc1cccc(Nc2ccccc2C(=O)Nc2ccc(F)cc2)c1C,0.07661293539850346,0.3225806451612903,0.2621951219512195,0.18235294117647058,0.2822085889570552,0.2702702702702703,0.0855614973262032,0.5918705,1.2636185e-05,0.983885,0.9468399,0.6669827622637402,0.99861825,0.5,1.0,0.3225806451612903,0.2621951219512195,0.18235294117647058,0.2822085889570552,0.2702702702702703,0.0855614973262032,41.13,5.438440000000003,4.0,334.39400000000006,0.6669827622637402,1.7128258840639656,0.5,1.0
O=C(O)c1cnc2ccc(OCCCCCn3ccnc3)cc2c1,,O=C(O)c1cnc2ccc(OCCCCCn3ccnc3)cc2c1,0.27001470809096806,0.18115942028985507,0.17045454545454544,0.19047619047619047,0.18181818181818182,0.1761006289308176,0.14124293785310735,0.99999523,0.033165395,0.07820028,0.89322096,0.642464096041567,0.99391687,1.0,1.0,0.18115942028985507,0.17045454545454544,0.19047619047619047,0.18181818181818182,0.1761006289308176,0.14124293785310735,77.24,3.378800000000002,8.0,325.36799999999994,0.642464096041567,2.229422474319689,1.0,1.0
COc1ccc(C(=O)Nc2cc(NC(=O)Cc3ccc(OC(C)C(=O)O)c(F)c3)ccc2C)cc1,,COc1ccc(C(=O)Nc2cc(NC(=O)Cc3ccc(OC(C)C(=O)O)c(F)c3)ccc2C)cc1,0.15721758695732183,0.2866666666666667,0.30386740331491713,0.23655913978494625,0.25925925925925924,0.27647058823529413,0.14285714285714285,0.9998095,0.000611186,0.01611495,0.997041,0.41762689226206556,0.9852489,1.0,1.0,0.2866666666666667,0.30386740331491713,0.23655913978494625,0.25925925925925924,0.27647058823529413,0.14285714285714285,113.96000000000002,4.428120000000003,9.0,480.4920000000002,0.41762689226206556,2.5402222090457194,1.0,1.0
CCNC(=O)NCC(=O)Nc1cc2c(cc1C)[nH]c(=O)n1ccnc21,,CCNC(=O)NCC(=O)Nc1cc2c(cc1C)[nH]c(=O)n1ccnc21,0.2627125757562966,0.15602836879432624,0.23353293413173654,0.2422360248447205,0.1366120218579235,0.1987179487179487,0.14124293785310735,0.9984228,0.9988273,0.983885,0.9719886,0.558731603814814,0.9845607,0.5,1.0,0.15602836879432624,0.23353293413173654,0.2422360248447205,0.1366120218579235,0.1987179487179487,0.14124293785310735,120.39,0.7418199999999994,4.0,342.3590000000001,0.558731603814814,2.556307499912908,0.5,1.0
Cc1ccc(-c2c(-c3ccc4[nH]nnc4c3)[nH]c(=O)[nH]c2=O)cc1C,,Cc1ccc(-c2c(-c3ccc4[nH]nnc4c3)[nH]c(=O)[nH]c2=O)cc1C,0.2364940403769013,0.17857142857142858,0.2023121387283237,0.1744186046511628,0.1797752808988764,0.1524390243902439,0.07368421052631578,0.9999788,0.6950398,0.9993898,0.9422688,0.522862826644278,0.9705998,0.5,1.0,0.17857142857142858,0.2023121387283237,0.1744186046511628,0.1797752808988764,0.1524390243902439,0.07368421052631578,107.28999999999999,2.2853399999999997,2.0,333.3510000000001,0.522862826644278,2.7850486359599564,0.5,1.0
CN(C)C1(CNC(=O)Cn2c3c(c(=O)[nH]c2=O)CCCN3)CCCCC1,,CN(C)C1(CNC(=O)Cn2c3c(c(=O)[nH]c2=O)CCCN3)CCCCC1,0.24400529082771924,0.09271523178807947,0.10638297872340426,0.18823529411764706,0.07692307692307693,0.1524390243902439,0.3076923076923077,0.9999985,0.999804,0.9217998,0.99510044,0.6976594589924926,0.94799286,0.5,1.0,0.09271523178807947,0.10638297872340426,0.18823529411764706,0.07692307692307693,0.1524390243902439,0.3076923076923077,99.22999999999999,0.2754000000000003,5.0,363.4620000000002,0.6976594589924926,2.991406517914662,0.5,1.0
CCc1c(C(O)O)[nH]c(SCC(=O)c2ccc(Cl)cc2)nc1=O,,CCc1c(C(O)O)[nH]c(SCC(=O)c2ccc(Cl)cc2)nc1=O,0.24559918194753463,0.2605042016806723,0.22151898734177214,0.2222222222222222,0.18902439024390244,0.22535211267605634,0.13855421686746988,0.99999434,0.8941748,0.69473535,0.98994595,0.3168736124882636,0.98190415,0.5,1.0,0.2605042016806723,0.22151898734177214,0.2222222222222222,0.18902439024390244,0.22535211267605634,0.13855421686746988,103.28,1.9438999999999997,6.0,354.815,0.3168736124882636,2.612407904841966,0.5,1.0
COc1ccccc1CNC(=O)c1c(Cl)ccc(C)c1F,,COc1ccccc1CNC(=O)c1c(Cl)ccc(C)c1F,0.1633108521085445,0.41346153846153844,0.3013698630136986,0.34306569343065696,0.28859060402684567,0.3464566929133858,0.10714285714285714,0.36601976,0.008965075,0.983885,0.6568029,0.9344923144689367,0.9976737,0.5,1.0,0.41346153846153844,0.3013698630136986,0.34306569343065696,0.28859060402684567,0.3464566929133858,0.10714285714285714,38.33,3.7261200000000025,4.0,307.752,0.9344923144689367,1.8941409679122767,0.5,1.0
COCC(NC(=O)C(CCCN(Cc1ccc(-c2ccccc2)cc1)NC(=O)C(NC(=O)OCC(C)C)C(C)(C)C)NC(=O)c1c(Cl)cccc1Cl)C(=O)O,,COCC(NC(=O)C(CCCN(Cc1ccc(-c2ccccc2)cc1)NC(=O)C(NC(=O)OCC(C)C)C(C)(C)C)NC(=O)c1c(Cl)cccc1Cl)C(=O)O,0.0,0.0,0.0,0.0,0.0,0.0,0.0,0.0,0.0,0.0,0.0,0.0,0.0,0.0,0.0,0.0,0.0,0.0,0.0,0.0,0.0,0.0,0.0,0.0,0.0,0.0,0.0,0.0,0.0
CCC(Cc1ccc(O)cc1)NC(=O)Cn1ncc2cc(C(=O)NC(CNc3ccc(N4CCNC4=O)cc3)C(=O)O)ccc21,,CCC(Cc1ccc(O)cc1)NC(=O)Cn1ncc2cc(C(=O)NC(CNc3ccc(N4CCNC4=O)cc3)C(=O)O)ccc21,0.018581342074943517,0.24064171122994651,0.29107981220657275,0.24537037037037038,0.2648401826484018,0.45454545454545453,0.19383259911894274,3.8146973e-06,0.31361723,2.2768974e-05,0.004813373,0.1332866519652552,0.7544972,1.0,1.0,0.24064171122994651,0.29107981220657275,0.24537037037037038,0.2648401826484018,0.45454545454545453,0.19383259911894274,177.92,2.7041000000000013,13.0,613.6750000000004,0.1332866519652552,3.6099191364779886,1.0,1.0
CC=CCN(c1cccc2cccnc12)S(=O)(=O)c1ccc(OC)cc1,,CC=CCN(c1cccc2cccnc12)S(=O)(=O)c1ccc(OC)cc1,0.1419387850891065,0.23880597014925373,0.25149700598802394,0.19411764705882353,0.23391812865497075,0.25,0.13259668508287292,0.99836475,0.0029787421,0.69473535,0.9967699,0.61685655144973,0.9912183,0.5,1.0,0.23880597014925373,0.25149700598802394,0.19411764705882353,0.23391812865497075,0.25,0.13259668508287292,59.5,4.014800000000003,6.0,368.45800000000014,0.61685655144973,2.3579263709605414,0.5,1.0
COc1cccc(Cc2ncccc2C(=O)NCC(NC(=O)c2c(F)cccc2Cl)C(=O)O)c1,,COc1cccc(Cc2ncccc2C(=O)NCC(NC(=O)c2c(F)cccc2Cl)C(=O)O)c1,0.31006837505686075,0.36879432624113473,0.4567901234567901,0.3772455089820359,0.4,0.44666666666666666,0.15422885572139303,0.99936527,0.095282435,0.01611495,0.99535453,0.4285048518695113,0.9672764,1.0,1.0,0.36879432624113473,0.4567901234567901,0.3772455089820359,0.4,0.44666666666666666,0.15422885572139303,117.61999999999999,3.086500000000001,9.0,485.8990000000001,0.4285048518695113,2.8234483738686915,1.0,1.0
CC(=O)N=CCC=NC(C)C(=O)O,,CC(=O)N=CCC=NC(C)C(=O)O,0.1323013280292437,0.10679611650485436,0.11347517730496454,0.11851851851851852,0.07432432432432433,0.14049586776859505,0.1417910447761194,0.9999974,0.99946386,0.983885,6.150104e-05,0.6472815875717862,0.21754491,1.0,1.0,0.10679611650485436,0.11347517730496454,0.11851851851851852,0.07432432432432433,0.14049586776859505,0.1417910447761194,79.09,0.5377000000000003,4.0,184.195,0.6472815875717862,4.444728341290176,1.0,1.0
CCc1ncnc(-c2ccc(C(=O)N(C)C)c(Cl)c2)c1C#Cc1ccc(=N)[nH]c1,,CCc1ncnc(-c2ccc(C(=O)N(C)C)c(Cl)c2)c1C#Cc1ccc(=N)[nH]c1,0.1984716146441494,0.21830985915492956,0.2631578947368421,0.2138728323699422,0.20441988950276244,0.2085889570552147,0.1276595744680851,0.99999976,0.0497604,0.9968477,0.99985886,0.6555423025165679,0.92012537,0.5,1.0,0.21830985915492956,0.2631578947368421,0.2138728323699422,0.20441988950276244,0.2085889570552147,0.1276595744680851,85.72999999999999,3.2685700000000013,3.0,405.88900000000007,0.6555423025165679,3.1508495369058407,0.5,1.0
O=C(NC(CN1C(=O)NCc2ccccc21)C(=O)O)c1c(Cl)cccc1Cl,,O=C(NC(CN1C(=O)NCc2ccccc21)C(=O)O)c1c(Cl)cccc1Cl,0.5666229470135627,0.4608695652173913,0.45517241379310347,0.36666666666666664,0.38311688311688313,0.5867768595041323,0.17613636363636365,0.99999875,0.1738118,0.9217998,0.9998841,0.708718803409986,0.96088004,1.0,1.0,0.4608695652173913,0.45517241379310347,0.36666666666666664,0.38311688311688313,0.5867768595041323,0.17613636363636365,98.74000000000001,2.9062,5.0,408.2410000000001,0.708718803409986,2.8877834942958422,1.0,1.0
CC(CN1CCOCC1)Oc1ccc2c(c1)NC(=O)CC2,,CC(CN1CCOCC1)Oc1ccc2c(c1)NC(=O)CC2,0.22826787308865285,0.14285714285714285,0.15384615384615385,0.14545454545454545,0.10674157303370786,0.16556291390728478,0.2088607594936709,0.9721468,0.9601579,0.983885,0.30854955,0.9162627519555332,0.9659944,0.5,1.0,0.14285714285714285,0.15384615384615385,0.14545454545454545,0.10674157303370786,0.16556291390728478,0.2088607594936709,50.800000000000004,1.6707999999999992,4.0,290.3630000000001,0.9162627519555332,2.8372604366226497,0.5,1.0
COc1cc2[nH]c(N3CCN(C(=O)c4ccccc4)CC3)nc(=N)c2cc1OC,,COc1cc2[nH]c(N3CCN(C(=O)c4ccccc4)CC3)nc(=N)c2cc1OC,0.27091651813383216,0.23076923076923078,0.19672131147540983,0.18333333333333332,0.18181818181818182,0.21212121212121213,0.14361702127659576,0.9999997,0.86229783,0.983885,0.99960035,0.7072619319970949,0.9883986,0.5,1.0,0.23076923076923078,0.19672131147540983,0.18333333333333332,0.18181818181818182,0.21212121212121213,0.14361702127659576,94.54,2.02197,4.0,393.44700000000023,0.7072619319970949,2.4556615850986123,0.5,1.0
Cn1nc(C(=O)NC(Cc2ccc(C(=O)O)c(Br)c2)C(=O)O)nc1-c1ccccc1Cl,,Cn1nc(C(=O)NC(Cc2ccc(C(=O)O)c(Br)c2)C(=O)O)nc1-c1ccccc1Cl,0.4165850547789249,0.424,0.389937106918239,0.27976190476190477,0.36809815950920244,0.3202614379084967,0.15425531914893617,0.86280406,0.118902445,0.3052647,0.97178966,0.44731100582857486,0.95706856,1.0,1.0,0.424,0.389937106918239,0.27976190476190477,0.36809815950920244,0.3202614379084967,0.15425531914893617,134.41,3.0219000000000005,7.0,507.7280000000002,0.44731100582857486,2.9214659600421164,1.0,1.0
COCC(C)(C)NC(=O)Nc1ccc(C(=O)N(C)C)c(C)c1,,COCC(C)(C)NC(=O)Nc1ccc(C(=O)N(C)C)c(C)c1,0.25242714045764614,0.1721311475409836,0.2077922077922078,0.18421052631578946,0.12574850299401197,0.19285714285714287,0.19736842105263158,0.9999584,0.7281083,0.9217998,0.65001464,0.876194381729915,0.9925368,0.5,1.0,0.1721311475409836,0.2077922077922078,0.18421052631578946,0.12574850299401197,0.19285714285714287,0.19736842105263158,70.67,2.2433200000000006,5.0,307.39400000000006,0.876194381729915,2.3009445773459074,0.5,1.0
Cc1ccc(NCC(O)CCl)cc1,,Cc1ccc(NCC(O)CCl)cc1,0.07268903422110279,0.17,0.1267605633802817,0.12408759124087591,0.1095890410958904,0.24778761061946902,0.11428571428571428,0.07269554,0.8691445,0.983885,0.00022487367,0.7276136331626456,0.9899347,0.5,1.0,0.17,0.1267605633802817,0.12408759124087591,0.1095890410958904,0.24778761061946902,0.11428571428571428,32.26,2.00662,4.0,199.681,0.7276136331626456,2.4057774363127997,0.5,1.0
CN1CCCc2ccc(NC(=O)C(C)(C)c3cc(C(N)=O)ccn3)cc2C1,,CN1CCCc2ccc(NC(=O)C(C)(C)c3cc(C(N)=O)ccn3)cc2C1,0.26671082478971053,0.20714285714285716,0.21839080459770116,0.2046783625730994,0.16939890710382513,0.22151898734177214,0.18181818181818182,0.9999999,0.52415824,0.983885,0.9961856,0.870000068250517,0.98424214,0.5,1.0,0.20714285714285716,0.21839080459770116,0.2046783625730994,0.16939890710382513,0.22151898734177214,0.18181818181818182,88.32000000000001,2.4748,4.0,366.4650000000001,0.870000068250517,2.563516731068791,0.5,1.0
O=c1[nH]c(=O)c2c(ncc(=NCCO)n2Cc2ccc(F)cc2)[nH]1,,O=c1[nH]c(=O)c2c(ncc(=NCCO)n2Cc2ccc(F)cc2)[nH]1,0.2640558318198618,0.23255813953488372,0.1952662721893491,0.23270440251572327,0.1791907514450867,0.19607843137254902,0.1,0.9996111,0.9999902,0.983885,0.9322229,0.5970467305842232,0.958028,0.5,1.0,0.23255813953488372,0.1952662721893491,0.23270440251572327,0.1791907514450867,0.19607843137254902,0.1,116.13,-0.5067000000000002,4.0,331.30699999999996,0.5970467305842232,2.913264930686852,0.5,1.0
CCCCCCC(CCCC)N1OC(CO)C(O)C(O)C1O,,CCCCCCC(CCCC)N1OC(CO)C(O)C(O)C1O,0.080863934085748,0.035211267605633804,0.049723756906077346,0.05142857142857143,0.026737967914438502,0.062111801242236024,0.2077922077922078,0.99999976,0.99410343,0.0031523108,0.8358796,0.4516562771516643,0.36296153,0.5,1.0,0.035211267605633804,0.049723756906077346,0.05142857142857143,0.026737967914438502,0.062111801242236024,0.2077922077922078,93.39000000000001,1.1638999999999997,10.0,319.442,0.4516562771516643,4.195444319256418,0.5,1.0
CCCCNC(=O)c1ccc(NC(=O)CSc2nnc(C)n2C)cc1,,CCCCNC(=O)c1ccc(NC(=O)CSc2nnc(C)n2C)cc1,0.19611933140735813,0.19548872180451127,0.2392638036809816,0.225,0.14606741573033707,0.24489795918367346,0.18562874251497005,0.9999999,0.6092885,0.07820028,0.9942167,0.5565883351515895,0.9970679,0.5,1.0,0.19548872180451127,0.2392638036809816,0.225,0.14606741573033707,0.24489795918367346,0.18562874251497005,88.91,2.384220000000001,8.0,361.47100000000006,0.5565883351515895,1.9747631043085114,0.5,1.0
CCOC(=O)C(=NNC(=O)OC)C(=O)Nc1ccc(Cl)cc1Cl,,CCOC(=O)C(=NNC(=O)OC)C(=O)Nc1ccc(Cl)cc1Cl,0.0,0.0,0.0,0.0,0.0,0.0,0.0,0.0,0.0,0.0,0.0,0.0,0.0,0.0,0.0,0.0,0.0,0.0,0.0,0.0,0.0,0.0,0.0,0.0,0.0,0.0,0.0,0.0,0.0
CC(C)(C)NCC(O)COc1ccccc1C(=O)CCc1ccc(F)cc1,,CC(C)(C)NCC(O)COc1ccccc1C(=O)CCc1ccc(F)cc1,0.10763479024653864,0.336,0.25,0.18604651162790697,0.21839080459770116,0.28187919463087246,0.1638418079096045,0.9977736,0.0076152086,0.01611495,0.99787426,0.6571715266911469,0.98477095,0.5,1.0,0.336,0.25,0.18604651162790697,0.21839080459770116,0.28187919463087246,0.1638418079096045,58.559999999999995,3.769000000000003,9.0,373.46800000000013,0.6571715266911469,2.5514696481419943,0.5,1.0
CC(=O)NCC(C)N1N=C(c2cc(Cl)ccc2Cl)CCCC1=O,,CC(=O)NCC(C)N1N=C(c2cc(Cl)ccc2Cl)CCCC1=O,0.20966089506958432,0.21428571428571427,0.20987654320987653,0.22580645161290322,0.15789473684210525,0.2642857142857143,0.19254658385093168,0.9992243,0.05629903,0.983885,0.99107635,0.900400158643404,0.89833987,0.5,1.0,0.21428571428571427,0.20987654320987653,0.22580645161290322,0.15789473684210525,0.2642857142857143,0.19254658385093168,61.77,3.234600000000002,4.0,356.2530000000002,0.900400158643404,3.2429681186184673,0.5,1.0
COc1ccc(C(CC(=O)O)NC(=O)CNC(=O)CNC(=O)NC(C(=O)O)c2ccc3ccccc3c2Cl)c(Cl)c1,,COc1ccc(C(CC(=O)O)NC(=O)CNC(=O)CNC(=O)NC(C(=O)O)c2ccc3ccccc3c2Cl)c(Cl)c1,0.01806370881608847,0.27380952380952384,0.30456852791878175,0.24875621890547264,0.25120772946859904,0.3005464480874317,0.13452914798206278,7.1525574e-07,0.11627442,0.00011789799,0.009553432,0.1820895207651208,0.8270502,1.0,1.0,0.27380952380952384,0.30456852791878175,0.24875621890547264,0.25120772946859904,0.3005464480874317,0.13452914798206278,183.15999999999997,3.028500000000003,12.0,605.4310000000002,0.1820895207651208,3.4563104499573694,1.0,1.0
CC(=O)N1CC2(ON=C1c1ccco1)C(=O)NC(=O)NC2=O,,CC(=O)N1CC2(ON=C1c1ccco1)C(=O)NC(=O)NC2=O,0.2225661722297168,0.11278195488721804,0.15060240963855423,0.17088607594936708,0.09659090909090909,0.16216216216216217,0.18354430379746836,0.96035874,0.9999989,0.99988216,0.62760967,0.6349097303569244,0.62074965,0.5,1.0,0.11278195488721804,0.15060240963855423,0.17088607594936708,0.09659090909090909,0.16216216216216217,0.18354430379746836,130.31,-1.0752999999999997,1.0,306.23400000000004,0.6349097303569244,3.8288075125953966,0.5,1.0
O=C(O)CC(NC(=O)C(CNC(=O)CN1CCNC1=O)NC(=O)c1ccccc1Cl)c1ccc2c(c1)OCCO2,,O=C(O)CC(NC(=O)C(CNC(=O)CN1CCNC1=O)NC(=O)c1ccccc1Cl)c1ccc2c(c1)OCCO2,0.05028749737712663,0.2857142857142857,0.2634146341463415,0.24630541871921183,0.20833333333333334,0.31868131868131866,0.18055555555555555,8.821487e-06,0.9990633,0.00061023235,0.118293464,0.2606513110601645,0.8319621,1.0,1.0,0.2857142857142857,0.2634146341463415,0.24630541871921183,0.20833333333333334,0.31868131868131866,0.18055555555555555,175.39999999999998,0.6832000000000009,11.0,573.9900000000001,0.2606513110601645,3.444242911914748,1.0,1.0
CC(SCC(C)(C)C(=O)N1CCCC1C(=O)O)C(=O)O,,CC(SCC(C)(C)C(=O)N1CCCC1C(=O)O)C(=O)O,0.41652947623832864,0.0967741935483871,0.10493827160493827,0.11612903225806452,0.07100591715976332,0.1267605633802817,0.20689655172413793,0.99999964,0.9903038,0.69473535,0.5702838,0.7676208572448867,0.8455769,1.0,1.0,0.0967741935483871,0.10493827160493827,0.11612903225806452,0.07100591715976332,0.1267605633802817,0.20689655172413793,94.91000000000001,1.2945,6.0,303.38,0.7676208572448867,3.4092472960091955,1.0,1.0
NC(Cc1c[nH]c2ccccc12)C(=O)O,,NC(Cc1c[nH]c2ccccc12)C(=O)O,0.21693442732458082,0.23300970873786409,0.1564625850340136,0.15492957746478872,0.1780821917808219,0.1796875,0.12162162162162163,0.9999974,0.9949691,0.9968477,0.00032906016,0.7005840997557369,0.9925434,1.0,1.0,0.23300970873786409,0.1564625850340136,0.15492957746478872,0.1780821917808219,0.1796875,0.12162162162162163,79.11,1.1223000000000003,3.0,204.22899999999998,0.7005840997557369,2.300633991921078,1.0,1.0
CC(=O)Nc1ccc(NCCN(C)C)c(NC(=O)c2ccc(C)cc2)c1,,CC(=O)Nc1ccc(NCCN(C)C)c(NC(=O)c2ccc(C)cc2)c1,0.1881628254735354,0.2558139534883721,0.23493975903614459,0.20606060606060606,0.17613636363636365,0.30985915492957744,0.15517241379310345,0.99998343,0.06871474,0.3052647,0.98964065,0.7139447237347928,0.99738127,0.5,1.0,0.2558139534883721,0.23493975903614459,0.20606060606060606,0.17613636363636365,0.30985915492957744,0.15517241379310345,73.47,3.1792200000000017,7.0,354.45400000000006,0.7139447237347928,1.9353852586944296,0.5,1.0
CCC(COc1ccc2[nH]ccc(=O)c2c1)Nc1nc(C)cc(C)c1NC(Cc1ccc(OC(=O)N2CCCC2)cc1)C(=O)O,,CCC(COc1ccc2[nH]ccc(=O)c2c1)Nc1nc(C)cc(C)c1NC(Cc1ccc(OC(=O)N2CCCC2)cc1)C(=O)O,0.020425875341364357,0.18781725888324874,0.20434782608695654,0.18859649122807018,0.2077922077922078,0.2,0.21875,0.12628943,9.536743e-06,0.00011789799,0.0047973394,0.16241740563652196,0.6895988,1.0,1.0,0.18781725888324874,0.20434782608695654,0.18859649122807018,0.2077922077922078,0.2,0.21875,145.88,5.511840000000005,12.0,613.7150000000003,0.16241740563652196,3.7226614441702974,1.0,1.0
O=C(O)CCn1c(=O)c2nnc(-c3cccnc3)n2c2ccccc21,,O=C(O)CCn1c(=O)c2nnc(-c3cccnc3)n2c2ccccc21,0.523464861192472,0.21323529411764705,0.21637426900584794,0.18128654970760233,0.20689655172413793,0.17391304347826086,0.0967741935483871,0.99999577,0.9714512,0.983885,0.9506218,0.607307368233295,0.99099255,1.0,1.0,0.21323529411764705,0.21637426900584794,0.18128654970760233,0.20689655172413793,0.17391304347826086,0.0967741935483871,102.38,1.5808999999999995,4.0,335.3230000000001,0.607307368233295,2.3668262361766423,1.0,1.0
O=C(Cn1ccc2ccccc21)Nc1cccc2c1[nH]c1c(C(=O)O)ccnc12,,O=C(Cn1ccc2ccccc21)Nc1cccc2c1[nH]c1c(C(=O)O)ccnc12,0.27239225139464407,0.22,0.21505376344086022,0.1891891891891892,0.2596685082872928,0.17613636363636365,0.09900990099009901,0.9999981,0.0030608177,0.983885,0.9991474,0.43583750467406085,0.9888061,1.0,1.0,0.22,0.21505376344086022,0.1891891891891892,0.2596685082872928,0.17613636363636365,0.09900990099009901,100.01,4.0077000000000025,4.0,384.3950000000001,0.43583750467406085,2.443096240202543,1.0,1.0
O=C(Cn1c(=O)[nH]c2ncncc21)NCC(NC(=O)c1c(Cl)cccc1Cl)C(=O)O,,O=C(Cn1c(=O)[nH]c2ncncc21)NCC(NC(=O)c1c(Cl)cccc1Cl)C(=O)O,0.27255318800103023,0.3088235294117647,0.38125,0.6044776119402985,0.31952662721893493,0.4225352112676056,0.15425531914893617,0.0018831491,0.99965096,0.3052647,0.999697,0.4036689613676384,0.92961407,1.0,1.0,0.3088235294117647,0.38125,0.6044776119402985,0.31952662721893493,0.4225352112676056,0.15425531914893617,159.07,0.4257999999999993,7.0,453.2420000000002,0.4036689613676384,3.103346705140404,1.0,1.0
CC1CCC2(CC1)NC(=O)N(Cc1ccc(F)cc1F)C2=O,,CC1CCC2(CC1)NC(=O)N(Cc1ccc(F)cc1F)C2=O,0.22608323269660766,0.28448275862068967,0.20754716981132076,0.21568627450980393,0.1686746987951807,0.2446043165467626,0.20512820512820512,0.9566998,0.14351189,0.9993898,0.6675904,0.8539987106704805,0.9728638,0.5,1.0,0.28448275862068967,0.20754716981132076,0.21568627450980393,0.1686746987951807,0.2446043165467626,0.20512820512820512,49.410000000000004,2.9655000000000014,2.0,308.32800000000003,0.8539987106704805,2.7563979287366323,0.5,1.0
CC(=O)NNC(N)=NC(=O)CC(C)c1ccccc1,,CC(=O)NNC(N)=NC(=O)CC(C)c1ccccc1,0.0,0.0,0.0,0.0,0.0,0.0,0.0,0.0,0.0,0.0,0.0,0.0,0.0,0.0,0.0,0.0,0.0,0.0,0.0,0.0,0.0,0.0,0.0,0.0,0.0,0.0,0.0,0.0,0.0
Cc1cc(Cl)cnc1C(=O)Nc1cnc2ncnc(N3CCC(O)CC3)c2c1,,Cc1cc(Cl)cnc1C(=O)Nc1cnc2ncnc(N3CCC(O)CC3)c2c1,0.24107962116013507,0.174496644295302,0.1912568306010929,0.1977401129943503,0.1518324607329843,0.18452380952380953,0.13829787234042554,0.9999925,0.40983367,0.9968477,0.9997458,0.6982132714118013,0.97664773,0.5,1.0,0.174496644295302,0.1912568306010929,0.1977401129943503,0.1518324607329843,0.18452380952380953,0.13829787234042554,104.13000000000001,2.59502,3.0,398.85400000000027,0.6982132714118013,2.702872736970356,0.5,1.0
Cc1ccc(Cl)c(C(=O)NC2CCCCNC2=O)c1F,,Cc1ccc(Cl)c(C(=O)NC2CCCCNC2=O)c1F,0.2805156469591302,0.2631578947368421,0.2550335570469799,0.3712121212121212,0.20382165605095542,0.344,0.18064516129032257,0.99749446,0.769403,0.9993898,0.47375363,0.8791063704366402,0.9704095,0.5,1.0,0.2631578947368421,0.2550335570469799,0.3712121212121212,0.20382165605095542,0.344,0.18064516129032257,58.2,2.1860199999999996,2.0,298.745,0.8791063704366402,2.787357607569538,0.5,1.0
