label,n_poses,n_passing_poses,geometry_pass,best_affinity,best_passing_affinity,affinity_pass,plip_metal_any_passing,plip_hbond_any_passing,min_ca_dist,min_donor_dist
CONTROL_crystal,4,4,True,-6.91,-6.91,False,True,True,2.721,2.897
gen_00001,8,0,False,-7.572,,False,False,False,2.458,inf
gen_00002,3,0,False,-7.526,,False,False,False,2.706,inf
gen_00003,2,0,False,-6.748,,False,False,False,2.57,inf
gen_00004,5,0,False,-7.9,,False,False,False,2.727,inf
gen_00005,6,0,False,-7.167,,False,False,False,2.764,inf
gen_00006,4,0,False,-7.721,,False,False,False,2.641,inf
gen_00007,5,0,False,-7.05,,False,False,False,2.65,inf
gen_00008,2,0,False,-6.754,,False,False,False,2.762,inf
gen_00009,2,0,False,-7.967,,False,False,False,2.747,inf
gen_00010,4,0,False,-6.689,,False,False,False,2.537,inf
gen_00011,1,0,False,-6.701,,False,False,False,4.077,inf
gen_00012,3,0,False,-7.212,,False,False,False,2.711,inf
gen_00013,5,0,False,-7.421,,False,False,False,2.478,inf
gen_00014,6,0,False,-7.601,,False,False,False,2.387,inf
gen_00015,3,3,True,-7.76,-7.76,True,True,True,2.7,3.236
gen_00016,3,1,True,-7.708,-7.508,True,True,True,2.854,2.957
gen_00017,4,0,False,-7.58,,False,False,False,2.738,inf
gen_00018,9,0,False,-7.553,,False,False,False,2.597,7.038
gen_00019,7,0,False,-8.2,,False,False,False,8.279,inf
gen_00020,2,0,False,-7.259,,False,False,False,2.771,inf
gen_00021,1,0,False,-6.908,,False,False,False,2.687,inf
gen_00022,5,0,False,-6.308,,False,False,False,2.697,inf
gen_00023,3,0,False,-6.472,,False,False,False,2.733,inf
gen_00024,6,0,False,-7.713,,False,False,False,2.385,inf
gen_00025,6,0,False,-7.713,,False,False,False,2.703,inf
gen_00026,2,0,False,-7.097,,False,False,False,2.723,inf
gen_00027,4,3,True,-8.464,-8.464,True,True,False,2.65,3.074
gen_00028,3,0,False,-7.001,,False,False,False,2.762,inf
gen_00029,3,0,False,-6.675,,False,False,False,2.758,inf
gen_00030,7,0,False,-8.164,,False,False,False,2.762,inf
gen_00031,2,0,False,-7.184,,False,False,False,2.795,inf
gen_00032,5,0,False,-7.779,,False,False,False,2.452,5.043
gen_00033,5,0,False,-7.21,,False,False,False,2.208,inf
gen_00034,2,0,False,-7.292,,False,False,False,2.857,inf
gen_00035,3,0,False,-8.135,,False,False,False,2.749,3.74
gen_00036,9,0,False,-7.237,,False,False,False,2.381,inf
gen_00037,7,0,False,-7.25,,False,False,False,2.547,inf
gen_00038,2,0,False,-7.74,,False,False,False,2.675,inf
gen_00039,2,0,False,-7.899,,False,False,False,2.796,inf
gen_00040,2,0,False,-7.131,,False,False,False,3.767,6.492
gen_00041,6,0,False,-7.24,,False,False,False,2.717,inf
gen_00042,1,0,False,-7.306,,False,False,False,2.576,7.229
gen_00043,7,0,False,-7.284,,False,False,False,2.689,inf
gen_00044,13,0,False,-6.726,,False,False,False,2.432,inf
gen_00045,5,0,False,-8.036,,False,False,False,2.708,4.325
gen_00046,4,0,False,-7.886,,False,False,False,2.202,inf
gen_00047,1,1,True,-7.598,-7.598,True,True,True,2.777,3.274
gen_00048,1,0,False,-7.208,,False,False,False,2.701,inf
gen_00049,3,0,False,-7.245,,False,False,False,2.589,inf
gen_00050,2,0,False,-7.242,,False,False,False,2.77,inf
gen_00051,5,0,False,-8.438,,False,False,False,2.687,inf
gen_00052,3,0,False,-7.467,,False,False,False,2.692,3.698
gen_00053,13,0,False,-8.599,,False,False,False,2.723,6.402
gen_00054,8,0,False,-7.577,,False,False,False,3.062,inf
gen_00055,5,0,False,-7.717,,False,False,False,2.664,inf
gen_00056,10,0,False,-6.828,,False,False,False,2.632,inf
gen_00057,2,0,False,-7.7,,False,False,False,12.166,3.076
gen_00058,4,0,False,-7.449,,False,False,False,2.358,inf
gen_00059,1,0,False,-7.426,,False,False,False,2.782,inf
gen_00060,4,0,False,-7.583,,False,False,False,2.735,inf
gen_00061,4,0,False,-8.168,,False,False,False,2.236,inf
gen_00062,4,0,False,-6.783,,False,False,False,2.665,inf
gen_00063,1,0,False,-7.559,,False,False,False,2.699,inf
gen_00064,6,0,False,-7.356,,False,False,False,2.201,inf
gen_00065,8,0,False,-7.853,,False,False,False,2.384,inf
gen_00066,1,0,False,-6.802,,False,False,False,2.722,inf
gen_00067,2,0,False,-8.205,,False,False,False,10.44,inf
gen_00068,6,0,False,-8.071,,False,False,False,2.778,inf
gen_00069,4,0,False,-7.227,,False,False,False,2.7,5.025
gen_00070,3,0,False,-6.919,,False,False,False,2.748,inf
gen_00071,3,0,False,-7.242,,False,False,False,2.62,inf
gen_00072,7,0,False,-7.506,,False,False,False,2.611,inf
gen_00073,3,0,False,-6.247,,False,False,False,5.42,inf
gen_00074,2,0,False,-7.796,,False,False,False,14.718,3.092
gen_00075,3,0,False,-7.823,,False,False,False,2.444,inf
gen_00076,2,0,False,-6.593,,False,False,False,2.548,inf
gen_00077,3,0,False,-6.664,,False,False,False,2.584,inf
gen_00078,1,0,False,-7.318,,False,False,False,2.75,4.202
gen_00079,6,0,False,-7.693,,False,False,False,2.458,inf
gen_00080,7,0,False,-6.814,,False,False,False,2.635,inf
gen_00081,6,0,False,-7.085,,False,False,False,2.633,inf
gen_00082,5,0,False,-8.748,,False,False,False,8.28,inf
gen_00083,5,0,False,-7.064,,False,False,False,2.628,inf
gen_00084,7,0,False,-7.241,,False,False,False,2.729,inf
gen_00085,2,0,False,-7.021,,False,False,False,2.693,inf
gen_00086,7,0,False,-7.147,,False,False,False,7.356,inf
gen_00087,9,0,False,-7.46,,False,False,False,11.106,3.211
gen_00088,7,0,False,-8.237,,False,False,False,15.145,inf
gen_00089,2,0,False,-7.484,,False,False,False,2.729,inf
gen_00090,5,0,False,-6.112,,False,False,False,7.593,5.278
gen_00091,2,0,False,-7.657,,False,False,False,3.084,3.716
gen_00092,6,0,False,-7.102,,False,False,False,2.808,inf
gen_00093,3,0,False,-7.525,,False,False,False,3.577,inf
gen_00094,3,0,False,-7.452,,False,False,False,2.377,5.587
gen_00095,3,0,False,-6.867,,False,False,False,2.672,inf
gen_00096,4,0,False,-8.252,,False,False,False,2.225,3.936
gen_00097,3,0,False,-7.411,,False,False,False,2.672,inf
gen_00098,1,0,False,-6.866,,False,False,False,2.745,inf
gen_00099,1,0,False,-7.319,,False,False,False,2.738,inf
gen_00100,2,0,False,-7.259,,False,False,False,2.917,inf
gen_00101,9,1,True,-7.673,-7.5,True,True,False,2.203,2.71
gen_00102,2,0,False,-7.9,,False,False,False,3.534,inf
gen_00103,3,0,False,-7.382,,False,False,False,2.767,inf
gen_00104,3,0,False,-7.392,,False,False,False,2.252,inf
gen_00105,4,0,False,-7.561,,False,False,False,2.512,inf
gen_00106,5,0,False,-8.275,,False,False,False,2.694,inf
gen_00107,2,0,False,-8.339,,False,False,False,2.38,inf
gen_00108,7,0,False,-8.15,,False,False,False,2.485,inf
gen_00109,2,0,False,-7.566,,False,False,False,2.716,inf
gen_00110,8,0,False,-6.949,,False,False,False,2.674,inf
gen_00111,1,0,False,-7.27,,False,False,False,2.659,inf
gen_00112,2,0,False,-7.423,,False,False,False,2.791,inf
gen_00113,3,0,False,-6.984,,False,False,False,2.641,inf
gen_00114,10,0,False,-7.55,,False,False,False,2.74,3.397
gen_00115,2,0,False,-7.492,,False,False,False,2.711,3.604
gen_00116,4,0,False,-8.892,,False,False,False,2.412,inf
gen_00117,3,0,False,-8.301,,False,False,False,2.563,inf
gen_00118,5,0,False,-6.638,,False,False,False,2.621,inf
gen_00119,2,0,False,-6.773,,False,False,False,2.203,5.356
gen_00120,7,0,False,-8.143,,False,False,False,2.679,inf
gen_00121,3,0,False,-8.163,,False,False,False,2.746,inf
gen_00122,1,0,False,-7.429,,False,False,False,2.708,inf
gen_00123,1,0,False,-7.209,,False,False,False,2.81,inf
gen_00124,2,0,False,-8.66,,False,False,False,2.597,inf
gen_00125,4,0,False,-7.445,,False,False,False,2.234,5.314
gen_00126,2,0,False,-7.944,,False,False,False,2.706,inf
gen_00127,10,0,False,-7.564,,False,False,False,12.804,5.299
gen_00128,3,0,False,-7.913,,False,False,False,3.136,inf
gen_00129,4,0,False,-6.67,,False,False,False,2.213,inf
gen_00130,4,4,True,-7.368,-7.368,True,True,True,2.336,2.89
gen_00131,1,0,False,-7.622,,False,False,False,2.742,inf
gen_00132,1,0,False,-7.115,,False,False,False,2.824,inf
gen_00133,2,0,False,-7.014,,False,False,False,2.747,6.331
gen_00134,5,0,False,-7.903,,False,False,False,2.349,5.822
gen_00135,3,0,False,-7.285,,False,False,False,2.42,inf
gen_00136,3,0,False,-6.815,,False,False,False,2.729,inf
gen_00137,6,1,True,-8.061,-7.619,True,True,False,2.776,2.868
gen_00138,5,0,False,-6.993,,False,False,False,2.711,inf
gen_00139,2,0,False,-7.894,,False,False,False,2.632,inf
gen_00140,2,0,False,-182.515,,False,False,False,6.531,inf
gen_00141,3,0,False,-7.746,,False,False,False,2.566,3.753
gen_00142,1,0,False,-8.008,,False,False,False,3.398,inf
gen_00143,2,0,False,-7.366,,False,False,False,2.971,inf
gen_00144,1,0,False,-8.607,,False,False,False,3.393,inf
gen_00145,2,0,False,-7.368,,False,False,False,2.745,inf
gen_00146,2,0,False,-8.412,,False,False,False,2.682,inf
gen_00147,1,0,False,-7.322,,False,False,False,2.743,inf
gen_00148,4,2,True,-7.808,-7.808,True,False,True,3.114,3.313
gen_00149,2,0,False,-8.033,,False,False,False,2.783,inf
gen_00150,6,0,False,-8.274,,False,False,False,2.388,inf
gen_00151,4,0,False,-9.253,,False,False,False,3.218,inf
gen_00152,4,0,False,-6.919,,False,False,False,2.547,inf
gen_00153,7,0,False,-7.663,,False,False,False,6.193,3.137
gen_00154,3,0,False,-7.912,,False,False,False,2.816,inf
gen_00155,2,0,False,-7.519,,False,False,False,3.496,inf
gen_00156,4,0,False,-7.35,,False,False,False,2.793,inf
gen_00157,4,0,False,-8.774,,False,False,False,2.264,inf
gen_00158,5,0,False,-7.629,,False,False,False,2.724,4.678
gen_00159,6,0,False,-8.464,,False,False,False,2.704,inf
gen_00160,2,0,False,-6.866,,False,False,False,4.314,inf
gen_00161,5,0,False,-7.113,,False,False,False,2.732,inf
gen_00162,10,0,False,-6.598,,False,False,False,2.68,inf
gen_00163,1,0,False,-7.07,,False,False,False,3.107,inf
gen_00164,2,0,False,-7.281,,False,False,False,2.484,inf
gen_00165,1,0,False,-6.856,,False,False,False,2.679,inf
gen_00166,3,0,False,-7.55,,False,False,False,2.491,inf
gen_00167,3,0,False,-7.454,,False,False,False,2.777,inf
gen_00168,3,0,False,-7.529,,False,False,False,2.725,inf
gen_00169,1,0,False,-7.4,,False,False,False,2.693,6.666
gen_00170,11,0,False,-7.264,,False,False,False,7.19,3.034
gen_00171,1,0,False,-138.149,,False,False,False,11.108,4.862
gen_00172,4,0,False,-6.95,,False,False,False,2.621,inf
gen_00173,6,0,False,-6.881,,False,False,False,2.726,inf
gen_00174,4,0,False,-6.759,,False,False,False,2.483,4.788
gen_00175,3,0,False,-6.598,,False,False,False,2.653,inf
gen_00176,4,0,False,-7.707,,False,False,False,2.369,7.065
gen_00177,3,0,False,-7.42,,False,False,False,3.567,inf
gen_00178,4,0,False,-7.634,,False,False,False,2.853,inf
gen_00179,3,0,False,-8.034,,False,False,False,2.754,inf
gen_00180,1,0,False,-7.789,,False,False,False,2.644,inf
gen_00181,2,0,False,-8.225,,False,False,False,2.686,6.639
gen_00182,7,0,False,-7.884,,False,False,False,10.7,3.084
gen_00183,14,0,False,-7.337,,False,False,False,3.066,inf
gen_00184,2,0,False,-7.244,,False,False,False,2.55,inf
gen_00185,2,0,False,-7.912,,False,False,False,2.698,inf
gen_00186,4,0,False,-7.416,,False,False,False,3.119,inf
gen_00187,10,0,False,-7.315,,False,False,False,2.852,inf
gen_00188,4,0,False,-6.773,,False,False,False,2.158,inf
gen_00189,1,0,False,-8.07,,False,False,False,2.26,4.769
gen_00190,12,0,False,-6.815,,False,False,False,2.822,inf
gen_00191,3,0,False,-7.166,,False,False,False,2.682,inf
gen_00192,1,1,True,-6.864,-6.864,False,True,False,2.591,2.952
gen_00193,5,0,False,-7.83,,False,False,False,2.411,4.824
gen_00194,7,7,True,-8.102,-8.102,True,True,True,2.663,2.65
gen_00195,5,0,False,-8.162,,False,False,False,2.676,inf
gen_00196,8,0,False,-6.874,,False,False,False,3.769,inf
gen_00197,1,1,True,-6.906,-6.906,False,True,False,2.475,3.058
gen_00198,12,0,False,-7.307,,False,False,False,2.523,inf
gen_00199,3,0,False,-7.864,,False,False,False,2.705,inf
gen_00200,10,0,False,-7.656,,False,False,False,3.024,inf
gen_00201,3,0,False,-7.229,,False,False,False,2.707,inf
gen_00202,5,0,False,-7.244,,False,False,False,2.751,inf
gen_00203,11,0,False,-7.443,,False,False,False,2.609,inf
gen_00204,2,0,False,-7.218,,False,False,False,2.818,5.139
gen_00205,6,0,False,-6.714,,False,False,False,2.603,inf
gen_00206,3,0,False,-7.375,,False,False,False,2.66,inf
gen_00207,6,0,False,-7.789,,False,False,False,2.657,inf
gen_00208,2,2,True,-7.781,-7.781,True,True,True,2.714,3.04
gen_00209,3,0,False,-6.846,,False,False,False,2.582,inf
gen_00210,2,0,False,-7.235,,False,False,False,2.222,inf
gen_00211,2,0,False,-6.488,,False,False,False,2.723,inf
gen_00212,2,0,False,-7.062,,False,False,False,10.988,inf
gen_00213,6,6,True,-6.999,-6.999,False,True,True,2.348,2.944
gen_00214,9,0,False,-7.628,,False,False,False,2.69,inf
gen_00215,2,0,False,-8.996,,False,False,False,2.754,inf
gen_00216,6,0,False,-6.755,,False,False,False,2.607,inf
gen_00217,4,0,False,-7.111,,False,False,False,2.663,inf
gen_00218,2,0,False,-7.446,,False,False,False,3.123,inf
gen_00219,14,0,False,-8.095,,False,False,False,2.478,inf
gen_00220,3,0,False,-8.072,,False,False,False,2.822,inf
gen_00221,9,0,False,-7.266,,False,False,False,2.628,7.685
gen_00222,10,0,False,-7.543,,False,False,False,3.111,inf
gen_00223,2,0,False,-7.027,,False,False,False,2.529,inf
gen_00224,9,0,False,-7.199,,False,False,False,2.735,inf
gen_00225,7,0,False,-7.082,,False,False,False,2.322,3.107
gen_00226,1,0,False,-7.118,,False,False,False,2.671,inf
gen_00227,8,0,False,-7.68,,False,False,False,2.559,inf
gen_00228,3,0,False,-7.473,,False,False,False,2.666,inf
gen_00229,2,0,False,-8.105,,False,False,False,2.948,inf
gen_00230,1,0,False,-6.799,,False,False,False,3.093,inf
gen_00231,11,0,False,-8.227,,False,False,False,2.799,inf
gen_00232,3,0,False,-6.585,,False,False,False,2.767,inf
gen_00233,2,0,False,-7.806,,False,False,False,2.45,inf
gen_00234,1,0,False,-7.781,,False,False,False,2.755,inf
gen_00235,1,0,False,-7.582,,False,False,False,2.821,inf
gen_00236,3,0,False,-6.997,,False,False,False,2.729,inf
gen_00237,3,0,False,-6.909,,False,False,False,2.603,inf
gen_00238,4,2,True,-7.657,-7.657,True,True,True,2.666,2.695
gen_00239,5,0,False,-7.14,,False,False,False,2.665,inf
gen_00240,2,0,False,-75.105,,False,False,False,8.23,inf
gen_00241,11,0,False,-7.104,,False,False,False,2.636,inf
gen_00242,2,0,False,-6.64,,False,False,False,2.607,inf
gen_00243,6,0,False,-8.061,,False,False,False,2.668,inf
gen_00244,8,0,False,-9.236,,False,False,False,2.746,6.784
gen_00245,2,0,False,-7.627,,False,False,False,2.687,inf
gen_00246,2,0,False,-6.956,,False,False,False,2.707,inf
gen_00247,6,2,True,-7.201,-7.017,False,True,True,2.255,2.982
gen_00248,7,0,False,-7.323,,False,False,False,2.687,3.855
gen_00249,4,0,False,-7.726,,False,False,False,2.336,inf
gen_00250,3,0,False,-7.216,,False,False,False,2.758,inf
gen_00251,2,0,False,-6.989,,False,False,False,2.828,inf
gen_00252,4,0,False,-7.162,,False,False,False,2.579,6.681
gen_00253,2,0,False,-7.938,,False,False,False,2.775,inf
gen_00254,2,2,True,-8.173,-8.173,True,True,True,2.699,3.407
gen_00255,3,0,False,-7.637,,False,False,False,2.726,6.689
gen_00256,4,0,False,-7.65,,False,False,False,2.821,inf
gen_00257,4,0,False,-7.906,,False,False,False,2.736,inf
gen_00258,1,0,False,-7.395,,False,False,False,2.981,inf
gen_00259,7,0,False,-6.718,,False,False,False,2.335,inf
gen_00260,2,0,False,-6.968,,False,False,False,2.706,4.989
gen_00261,2,0,False,-6.568,,False,False,False,2.436,inf
gen_00262,1,0,False,-7.574,,False,False,False,2.617,inf
gen_00263,7,0,False,-6.587,,False,False,False,2.608,inf
gen_00264,9,0,False,-6.978,,False,False,False,2.168,inf
gen_00265,6,0,False,-7.315,,False,False,False,2.492,inf
gen_00266,1,0,False,-7.121,,False,False,False,2.695,inf
gen_00267,4,0,False,-7.365,,False,False,False,2.645,inf
gen_00268,8,0,False,-8.217,,False,False,False,3.139,inf
gen_00269,2,0,False,-6.941,,False,False,False,2.692,inf
gen_00270,2,0,False,-7.499,,False,False,False,9.72,5.855
gen_00271,8,0,False,-8.257,,False,False,False,2.84,3.883
gen_00272,5,3,True,-7.785,-7.773,True,True,True,2.785,3.06
gen_00273,2,0,False,-7.047,,False,False,False,2.644,inf
gen_00274,2,0,False,-7.759,,False,False,False,2.702,inf
gen_00275,2,0,False,-77.755,,False,False,False,4.634,inf
gen_00276,3,0,False,-6.915,,False,False,False,2.773,inf
gen_00277,7,0,False,-8.445,,False,False,False,2.215,inf
gen_00278,6,0,False,-7.373,,False,False,False,2.338,inf
gen_00279,9,0,False,-8.194,,False,False,False,3.445,inf
gen_00280,2,0,False,-6.781,,False,False,False,2.649,inf
gen_00281,5,0,False,-8.042,,False,False,False,2.491,4.256
gen_00282,2,0,False,-8.431,,False,False,False,2.594,inf
gen_00283,2,0,False,-6.923,,False,False,False,2.742,inf
gen_00284,8,0,False,-7.771,,False,False,False,2.6,inf
gen_00285,3,0,False,-7.651,,False,False,False,2.745,inf
gen_00286,8,0,False,-6.971,,False,False,False,2.416,inf
gen_00287,5,0,False,-7.543,,False,False,False,2.712,inf
gen_00288,5,0,False,-8.196,,False,False,False,2.221,inf
gen_00289,4,0,False,-7.717,,False,False,False,6.246,inf
gen_00290,3,0,False,-6.697,,False,False,False,2.805,inf
gen_00291,9,0,False,-8.067,,False,False,False,2.71,inf
gen_00292,2,0,False,-7.677,,False,False,False,2.706,7.654
gen_00293,5,0,False,-8.542,,False,False,False,2.453,inf
gen_00294,5,0,False,-7.245,,False,False,False,2.726,inf
gen_00295,1,0,False,-7.142,,False,False,False,2.791,inf
gen_00296,7,0,False,-6.892,,False,False,False,2.689,inf
gen_00297,2,0,False,-7.814,,False,False,False,2.67,inf
gen_00298,3,0,False,-8.143,,False,False,False,2.562,inf
gen_00299,8,0,False,-7.414,,False,False,False,2.578,6.005
gen_00300,9,0,False,-7.323,,False,False,False,2.558,inf
gen_00301,3,0,False,-7.19,,False,False,False,8.286,3.417
gen_00302,4,0,False,-7.282,,False,False,False,2.765,inf
gen_00303,6,0,False,-8.289,,False,False,False,2.635,inf
gen_00304,4,0,False,-7.572,,False,False,False,2.682,3.622
gen_00305,4,0,False,-7.471,,False,False,False,2.699,inf
gen_00306,1,0,False,-115.146,,False,False,False,14.468,inf
gen_00307,1,0,False,-7.395,,False,False,False,2.768,inf
gen_00308,1,0,False,-8.116,,False,False,False,2.696,inf
gen_00309,3,0,False,-7.06,,False,False,False,2.561,inf
gen_00310,2,0,False,-7.734,,False,False,False,2.694,inf
gen_00311,8,0,False,-8.329,,False,False,False,2.459,inf
gen_00312,7,0,False,-7.555,,False,False,False,2.305,inf
gen_00313,2,0,False,-7.956,,False,False,False,2.34,inf
gen_00314,4,0,False,-7.509,,False,False,False,2.691,inf
gen_00315,3,0,False,-8.084,,False,False,False,2.736,inf
gen_00316,1,0,False,-6.981,,False,False,False,2.716,inf
gen_00317,2,0,False,-6.917,,False,False,False,3.889,inf
gen_00318,2,0,False,-7.459,,False,False,False,6.919,inf
gen_00319,1,0,False,-7.361,,False,False,False,2.768,inf
gen_00320,7,0,False,-7.921,,False,False,False,2.414,inf
gen_00321,4,0,False,-7.533,,False,False,False,2.66,inf
gen_00322,1,0,False,-7.772,,False,False,False,9.491,inf
gen_00323,9,0,False,-8.111,,False,False,False,2.209,inf
gen_00324,6,0,False,-6.971,,False,False,False,2.356,inf
gen_00325,3,0,False,-7.074,,False,False,False,3.357,inf
gen_00326,6,0,False,-6.769,,False,False,False,2.639,inf
gen_00327,2,0,False,-7.472,,False,False,False,2.68,inf
gen_00328,2,0,False,-7.634,,False,False,False,2.754,inf
gen_00329,4,0,False,-8.239,,False,False,False,2.386,inf
gen_00330,3,0,False,-8.449,,False,False,False,2.808,inf
gen_00331,2,0,False,-7.579,,False,False,False,2.778,inf
gen_00332,6,6,True,-9.132,-9.132,True,True,True,2.748,2.964
gen_00333,2,0,False,-7.022,,False,False,False,2.352,inf
gen_00334,3,0,False,-7.833,,False,False,False,2.665,inf
gen_00335,1,0,False,-7.356,,False,False,False,2.776,inf
gen_00336,6,0,False,-7.979,,False,False,False,2.739,5.009
gen_00337,4,0,False,-7.259,,False,False,False,2.723,9.082
gen_00338,4,0,False,-7.117,,False,False,False,8.424,inf
gen_00339,6,0,False,-7.924,,False,False,False,2.23,5.781
gen_00340,2,0,False,-7.61,,False,False,False,2.71,3.783
gen_00341,10,0,False,-8.233,,False,False,False,2.525,inf
gen_00342,4,0,False,-7.781,,False,False,False,2.554,inf
gen_00343,5,0,False,-6.893,,False,False,False,2.572,inf
gen_00344,9,0,False,-8.256,,False,False,False,2.787,3.8
gen_00345,2,0,False,-6.92,,False,False,False,2.338,inf
gen_00346,8,0,False,-7.715,,False,False,False,2.504,inf
gen_00347,6,0,False,-7.663,,False,False,False,3.607,inf
gen_00348,2,0,False,-7.06,,False,False,False,2.739,inf
gen_00349,2,0,False,-7.704,,False,False,False,4.865,inf
gen_00350,11,0,False,-7.312,,False,False,False,2.554,inf
gen_00351,6,0,False,-7.752,,False,False,False,2.752,inf
gen_00352,4,1,True,-7.781,-7.315,True,True,False,2.603,2.768
gen_00353,4,0,False,-6.903,,False,False,False,2.721,4.402
gen_00354,2,0,False,-6.812,,False,False,False,2.318,inf
gen_00355,2,0,False,-7.685,,False,False,False,2.678,inf
gen_00356,4,0,False,-8.425,,False,False,False,2.586,inf
gen_00357,7,1,True,-7.212,-6.992,False,True,True,2.327,3.193
gen_00358,4,0,False,-6.238,,False,False,False,2.501,inf
gen_00359,2,0,False,-7.449,,False,False,False,2.73,inf
gen_00360,7,0,False,-7.585,,False,False,False,8.166,inf
gen_00361,2,0,False,-7.409,,False,False,False,2.653,inf
gen_00362,3,0,False,-7.882,,False,False,False,2.624,inf
gen_00363,2,0,False,-7.368,,False,False,False,2.77,inf
gen_00364,1,0,False,-6.823,,False,False,False,2.481,inf
gen_00365,3,1,True,-8.362,-8.362,True,True,False,2.703,3.292
gen_00366,3,0,False,-7.266,,False,False,False,2.725,inf
gen_00367,9,0,False,-6.738,,False,False,False,3.382,inf
gen_00368,2,0,False,-6.653,,False,False,False,2.696,inf
gen_00369,4,0,False,-6.977,,False,False,False,2.829,inf
gen_00370,2,1,True,-7.723,-7.723,True,True,True,2.238,2.824
gen_00371,4,0,False,-7.56,,False,False,False,12.079,7.503
gen_00372,6,0,False,-8.008,,False,False,False,2.399,3.887
gen_00373,2,0,False,-8.343,,False,False,False,2.543,4.373
gen_00374,4,0,False,-7.466,,False,False,False,15.308,inf
gen_00375,3,0,False,-6.458,,False,False,False,2.33,inf
gen_00376,10,0,False,-7.024,,False,False,False,2.202,inf
gen_00377,2,0,False,-8.19,,False,False,False,2.75,inf
gen_00378,1,0,False,-7.953,,False,False,False,2.809,inf
gen_00379,3,0,False,-7.322,,False,False,False,2.481,inf
gen_00380,3,0,False,-8.282,,False,False,False,2.678,inf
gen_00381,2,0,False,-7.199,,False,False,False,3.202,inf
gen_00382,4,0,False,-75.892,,False,False,False,8.734,inf
gen_00383,4,0,False,-7.338,,False,False,False,2.697,inf
gen_00384,7,0,False,-7.688,,False,False,False,2.633,inf
gen_00385,4,0,False,-7.642,,False,False,False,2.711,inf
gen_00386,4,0,False,-7.405,,False,False,False,2.506,inf
gen_00387,2,0,False,-7.38,,False,False,False,2.717,inf
gen_00388,2,0,False,-7.352,,False,False,False,2.651,inf
gen_00389,3,0,False,-7.731,,False,False,False,2.687,inf
gen_00390,1,0,False,-7.192,,False,False,False,3.936,inf
gen_00391,2,0,False,-7.73,,False,False,False,2.452,inf
gen_00392,3,3,True,-7.525,-7.525,True,True,True,2.716,2.91
gen_00393,7,0,False,-7.771,,False,False,False,2.566,3.259
gen_00394,3,0,False,-6.545,,False,False,False,2.35,inf
gen_00395,13,0,False,-7.892,,False,False,False,2.697,5.484
gen_00396,4,0,False,-7.262,,False,False,False,2.397,inf
gen_00397,3,0,False,-7.362,,False,False,False,2.689,inf
gen_00398,6,0,False,-7.022,,False,False,False,2.722,inf
gen_00399,1,0,False,-7.982,,False,False,False,4.447,inf
gen_00400,3,0,False,-7.235,,False,False,False,2.744,inf
gen_00401,2,0,False,-8.898,,False,False,False,2.853,inf
gen_00402,1,0,False,-6.462,,False,False,False,2.867,inf
gen_00403,1,0,False,-8.04,,False,False,False,2.204,inf
gen_00404,8,0,False,-8.579,,False,False,False,2.775,inf
gen_00405,3,0,False,-7.212,,False,False,False,2.249,inf
gen_00406,5,0,False,-7.195,,False,False,False,2.673,inf
gen_00407,2,0,False,-6.994,,False,False,False,2.767,inf
gen_00408,7,0,False,-7.124,,False,False,False,2.666,6.324
gen_00409,2,0,False,-8.16,,False,False,False,3.227,5.597
gen_00410,4,4,True,-7.33,-7.33,True,True,False,2.725,3.007
gen_00411,3,0,False,-6.657,,False,False,False,2.638,inf
gen_00412,2,0,False,-7.124,,False,False,False,2.829,inf
gen_00413,2,0,False,-8.09,,False,False,False,2.819,inf
gen_00414,2,0,False,-7.961,,False,False,False,2.609,inf
gen_00415,9,0,False,-6.775,,False,False,False,2.499,inf
gen_00416,11,0,False,-7.773,,False,False,False,2.21,inf
gen_00417,2,0,False,-7.586,,False,False,False,2.793,inf
gen_00418,6,0,False,-8.971,,False,False,False,2.236,inf
gen_00419,3,0,False,-91.394,,False,False,False,5.018,inf
gen_00420,4,0,False,-6.849,,False,False,False,2.573,inf
gen_00421,4,0,False,-7.996,,False,False,False,2.784,inf
gen_00422,2,0,False,-8.606,,False,False,False,2.756,7.017
gen_00423,3,0,False,-7.289,,False,False,False,2.725,inf
gen_00424,7,0,False,-7.032,,False,False,False,2.306,inf
gen_00425,1,0,False,-6.617,,False,False,False,2.787,inf
gen_00426,2,0,False,-6.942,,False,False,False,2.725,inf
gen_00427,10,0,False,-7.216,,False,False,False,2.416,inf
gen_00428,5,0,False,-7.312,,False,False,False,3.454,inf
gen_00429,4,0,False,-7.801,,False,False,False,2.578,inf
gen_00430,9,0,False,-7.785,,False,False,False,2.711,5.783
gen_00431,2,0,False,-8.141,,False,False,False,2.766,inf
gen_00432,6,0,False,-7.415,,False,False,False,2.311,inf
gen_00433,7,0,False,-7.69,,False,False,False,2.78,inf
gen_00434,1,0,False,-7.485,,False,False,False,5.294,4.311
gen_00435,5,0,False,-7.537,,False,False,False,2.699,inf
gen_00436,7,0,False,-7.868,,False,False,False,2.728,inf
gen_00437,2,0,False,-7.95,,False,False,False,2.77,inf
gen_00438,6,0,False,-7.831,,False,False,False,2.199,inf
gen_00439,4,0,False,-8.22,,False,False,False,2.206,inf
gen_00440,8,0,False,-6.994,,False,False,False,2.206,inf
gen_00441,2,0,False,-6.705,,False,False,False,2.4,inf
gen_00442,2,0,False,-8.047,,False,False,False,2.745,inf
gen_00443,3,0,False,-8.012,,False,False,False,2.505,inf
gen_00444,7,0,False,-8.26,,False,False,False,3.911,inf
gen_00445,8,1,True,-7.68,-7.261,False,True,False,2.275,3.412
gen_00446,3,0,False,-8.113,,False,False,False,2.652,inf
gen_00447,7,0,False,-8.482,,False,False,False,2.187,4.472
gen_00448,4,0,False,-8.006,,False,False,False,2.473,4.685
gen_00449,8,0,False,-7.099,,False,False,False,2.748,inf
gen_00450,2,0,False,-8.66,,False,False,False,3.515,4.066
gen_00451,5,0,False,-6.706,,False,False,False,2.201,inf
gen_00452,8,0,False,-7.672,,False,False,False,3.079,inf
gen_00453,5,0,False,-6.974,,False,False,False,2.723,inf
gen_00454,1,1,True,-7.047,-7.047,False,True,False,2.77,3.091
gen_00455,3,0,False,-7.507,,False,False,False,2.593,inf
gen_00456,8,0,False,-7.467,,False,False,False,2.594,inf
gen_00457,4,0,False,-7.889,,False,False,False,9.999,7.583
gen_00458,8,0,False,-7.956,,False,False,False,2.191,4.362
gen_00459,2,0,False,-7.03,,False,False,False,3.076,inf
gen_00460,6,0,False,-7.36,,False,False,False,2.665,3.649
gen_00461,2,0,False,-7.283,,False,False,False,2.735,inf
gen_00462,2,0,False,-6.688,,False,False,False,10.411,inf
gen_00463,7,0,False,-7.182,,False,False,False,2.496,7.816
gen_00464,9,0,False,-7.098,,False,False,False,2.579,inf
gen_00465,2,0,False,-6.99,,False,False,False,2.711,inf
gen_00466,2,0,False,-8.112,,False,False,False,2.876,inf
gen_00467,2,0,False,-7.309,,False,False,False,2.308,inf
gen_00468,1,0,False,-8.325,,False,False,False,2.772,inf
gen_00469,5,0,False,-8.119,,False,False,False,2.763,inf
gen_00470,6,0,False,-7.379,,False,False,False,2.696,inf
gen_00471,3,0,False,-7.658,,False,False,False,2.755,inf
gen_00472,2,0,False,-8.127,,False,False,False,2.509,inf
gen_00473,4,0,False,-8.211,,False,False,False,2.483,inf
gen_00474,2,0,False,-7.256,,False,False,False,2.731,inf
gen_00475,2,0,False,-8.505,,False,False,False,2.674,inf
gen_00476,4,0,False,-7.383,,False,False,False,2.746,inf
gen_00477,8,0,False,-7.618,,False,False,False,2.758,inf
gen_00478,4,0,False,-7.659,,False,False,False,2.674,inf
gen_00479,4,0,False,-8.025,,False,False,False,2.739,inf
gen_00480,3,0,False,-7.552,,False,False,False,2.846,inf
gen_00481,9,0,False,-8.225,,False,False,False,2.377,inf
gen_00482,7,0,False,-7.415,,False,False,False,2.344,inf
gen_00483,2,0,False,-7.755,,False,False,False,2.676,6.027
gen_00484,4,0,False,-7.659,,False,False,False,2.475,inf
gen_00485,5,0,False,-8.298,,False,False,False,2.398,inf
gen_00486,10,0,False,-7.384,,False,False,False,2.674,inf
gen_00487,6,0,False,-7.722,,False,False,False,3.173,inf
gen_00488,6,0,False,-7.445,,False,False,False,2.736,inf
gen_00489,2,0,False,-7.175,,False,False,False,2.595,inf
gen_00490,6,0,False,-7.318,,False,False,False,2.786,inf
gen_00491,1,0,False,-8.039,,False,False,False,2.77,5.146
gen_00492,8,0,False,-7.574,,False,False,False,2.591,inf
gen_00493,5,0,False,-7.442,,False,False,False,2.721,6.26
gen_00494,7,0,False,-7.197,,False,False,False,3.339,inf
gen_00495,9,0,False,-7.913,,False,False,False,2.72,inf
gen_00496,11,0,False,-7.75,,False,False,False,2.262,inf
gen_00497,2,0,False,-7.101,,False,False,False,4.671,inf
gen_00498,1,0,False,-7.646,,False,False,False,2.825,4.667
gen_00499,3,0,False,-6.804,,False,False,False,2.781,inf
gen_00500,8,0,False,-7.617,,False,False,False,2.672,inf
gen_00501,3,0,False,-8.672,,False,False,False,8.541,inf
gen_00502,3,0,False,-7.637,,False,False,False,2.752,inf
gen_00503,2,0,False,-7.342,,False,False,False,2.799,inf
gen_00504,9,0,False,-7.536,,False,False,False,2.493,inf
gen_00505,2,0,False,-8.744,,False,False,False,2.51,inf
gen_00506,5,0,False,-7.796,,False,False,False,2.799,inf
gen_00507,2,0,False,-7.471,,False,False,False,2.593,inf
gen_00508,2,0,False,-6.331,,False,False,False,2.686,4.451
gen_00509,5,0,False,-7.49,,False,False,False,2.438,inf
gen_00510,1,0,False,-6.688,,False,False,False,2.763,inf
gen_00511,3,0,False,-8.27,,False,False,False,2.434,inf
gen_00512,3,0,False,-7.475,,False,False,False,2.627,inf
gen_00513,2,0,False,-7.26,,False,False,False,2.668,inf
gen_00514,2,0,False,-7.917,,False,False,False,13.086,inf
gen_00515,2,0,False,-7.978,,False,False,False,3.691,inf
gen_00516,9,0,False,-7.615,,False,False,False,5.347,inf
gen_00517,6,0,False,-7.515,,False,False,False,2.445,inf
gen_00518,2,0,False,-7.037,,False,False,False,2.753,inf
gen_00519,8,0,False,-8.261,,False,False,False,2.732,3.819
gen_00520,3,0,False,-7.269,,False,False,False,2.713,inf
gen_00521,2,0,False,-8.433,,False,False,False,2.479,inf
gen_00522,1,0,False,-7.911,,False,False,False,3.021,inf
gen_00523,4,0,False,-7.022,,False,False,False,2.523,inf
gen_00524,2,0,False,-8.383,,False,False,False,10.085,inf
gen_00525,2,0,False,-7.12,,False,False,False,2.767,inf
gen_00526,3,0,False,-7.611,,False,False,False,2.705,inf
gen_00527,6,0,False,-8.686,,False,False,False,2.488,inf
gen_00528,11,0,False,-8.147,,False,False,False,2.244,inf
gen_00529,5,0,False,-8.224,,False,False,False,2.757,inf
gen_00530,6,0,False,-8.723,,False,False,False,2.388,inf
gen_00531,2,0,False,-6.885,,False,False,False,4.167,inf
gen_00532,2,0,False,-7.841,,False,False,False,2.78,5.499
gen_00533,5,0,False,-7.074,,False,False,False,2.714,inf
gen_00534,3,0,False,-8.121,,False,False,False,2.822,inf
gen_00535,10,0,False,-8.5,,False,False,False,2.605,4.281
gen_00536,2,0,False,-7.617,,False,False,False,2.208,inf
gen_00537,7,0,False,-6.966,,False,False,False,2.654,inf
gen_00538,2,0,False,-8.326,,False,False,False,13.797,inf
gen_00539,5,0,False,-6.95,,False,False,False,2.713,2.888
gen_00540,3,0,False,-7.957,,False,False,False,2.59,inf
gen_00541,1,0,False,-6.518,,False,False,False,2.775,inf
gen_00542,4,0,False,-7.759,,False,False,False,2.84,inf
gen_00543,1,0,False,-7.687,,False,False,False,2.848,inf
gen_00544,2,0,False,-8.127,,False,False,False,2.243,inf
gen_00545,5,0,False,-7.433,,False,False,False,3.045,2.671
gen_00546,5,0,False,-8.39,,False,False,False,4.323,inf
gen_00547,3,0,False,-7.799,,False,False,False,4.261,inf
gen_00548,4,0,False,-7.685,,False,False,False,2.659,3.882
gen_00549,2,0,False,-7.337,,False,False,False,3.219,6.344
gen_00550,2,0,False,-7.259,,False,False,False,2.802,inf
gen_00551,2,0,False,-6.468,,False,False,False,3.502,inf
gen_00552,2,0,False,-6.715,,False,False,False,2.788,inf
gen_00553,6,0,False,-6.878,,False,False,False,2.604,inf
gen_00554,2,0,False,-7.575,,False,False,False,2.845,inf
gen_00555,1,0,False,-6.566,,False,False,False,2.714,inf
gen_00556,4,0,False,-6.785,,False,False,False,8.131,inf
gen_00557,2,0,False,-6.32,,False,False,False,2.655,5.215
gen_00558,5,0,False,-7.959,,False,False,False,2.68,inf
gen_00559,3,0,False,-8.675,,False,False,False,2.696,6.452
gen_00560,3,0,False,-7.687,,False,False,False,2.65,9.62
gen_00561,4,0,False,-8.651,,False,False,False,2.332,inf
gen_00562,6,0,False,-7.885,,False,False,False,2.488,inf
gen_00563,3,0,False,-8.739,,False,False,False,2.701,5.993
gen_00564,4,0,False,-7.591,,False,False,False,2.5,inf
gen_00565,2,0,False,-8.267,,False,False,False,2.812,inf
gen_00566,4,0,False,-7.797,,False,False,False,2.597,inf
gen_00567,2,0,False,-7.018,,False,False,False,4.557,inf
gen_00568,5,0,False,-7.018,,False,False,False,5.647,inf
gen_00569,5,0,False,-7.543,,False,False,False,2.538,inf
gen_00570,1,0,False,-8.091,,False,False,False,2.69,inf
gen_00571,4,0,False,-7.297,,False,False,False,4.926,inf
gen_00572,4,0,False,-7.044,,False,False,False,2.753,inf
gen_00573,6,0,False,-7.096,,False,False,False,2.657,inf
gen_00574,4,0,False,-7.056,,False,False,False,3.618,inf
gen_00575,5,0,False,-7.248,,False,False,False,2.459,inf
gen_00576,4,0,False,-6.454,,False,False,False,2.588,5.695
gen_00577,1,0,False,-8.781,,False,False,False,2.633,inf
gen_00578,4,0,False,-8.857,,False,False,False,2.711,inf
gen_00579,3,0,False,-7.748,,False,False,False,2.361,inf
gen_00580,11,0,False,-7.25,,False,False,False,2.683,inf
gen_00581,4,0,False,-6.839,,False,False,False,2.69,inf
gen_00582,2,2,True,-8.483,-8.483,True,True,True,2.689,2.953
gen_00583,3,0,False,-7.474,,False,False,False,2.407,inf
gen_00584,7,0,False,-6.95,,False,False,False,2.423,inf
gen_00585,2,0,False,-8.962,,False,False,False,9.676,3.261
gen_00586,2,0,False,-7.284,,False,False,False,2.392,inf
gen_00587,5,0,False,-6.836,,False,False,False,2.411,inf
gen_00588,4,0,False,-8.16,,False,False,False,13.177,inf
gen_00589,14,0,False,-6.72,,False,False,False,2.319,inf
gen_00590,1,0,False,-6.939,,False,False,False,2.475,inf
gen_00591,5,0,False,-7.915,,False,False,False,2.456,inf
gen_00592,1,0,False,-7.247,,False,False,False,10.149,inf
gen_00593,4,0,False,-7.684,,False,False,False,2.331,inf
gen_00594,1,0,False,-6.017,,False,False,False,4.117,inf
gen_00595,9,0,False,-7.494,,False,False,False,2.225,inf
gen_00596,2,0,False,-7.447,,False,False,False,2.76,inf
gen_00597,2,0,False,-7.371,,False,False,False,2.751,inf
gen_00598,8,0,False,-8.152,,False,False,False,2.752,inf
gen_00599,3,0,False,-8.78,,False,False,False,2.74,inf
gen_00600,6,0,False,-7.522,,False,False,False,2.774,inf
gen_00601,4,0,False,-6.601,,False,False,False,2.777,inf
gen_00602,3,0,False,-7.532,,False,False,False,2.699,inf
gen_00603,2,0,False,-8.14,,False,False,False,2.772,3.57
gen_00604,4,0,False,-8.254,,False,False,False,2.469,inf
gen_00605,2,0,False,-7.151,,False,False,False,2.378,4.199
gen_00606,3,0,False,-7.336,,False,False,False,2.729,inf
gen_00607,2,0,False,-7.059,,False,False,False,2.745,inf
gen_00608,11,0,False,-7.946,,False,False,False,2.396,6.048
gen_00609,2,0,False,-6.769,,False,False,False,2.715,4.429
gen_00610,5,0,False,-7.269,,False,False,False,2.594,inf
gen_00611,2,0,False,-63.451,,False,False,False,7.662,inf
gen_00612,3,0,False,-7.757,,False,False,False,2.682,inf
gen_00613,3,0,False,-8.404,,False,False,False,2.639,inf
gen_00614,2,0,False,-8.306,,False,False,False,2.436,4.934
gen_00615,6,6,True,-7.278,-7.278,False,True,False,2.704,2.892
gen_00616,6,0,False,-7.822,,False,False,False,2.641,inf
gen_00617,2,0,False,-7.906,,False,False,False,2.72,5.142
gen_00618,4,4,True,-7.538,-7.538,True,True,True,2.796,2.817
gen_00619,2,0,False,-7.163,,False,False,False,2.654,9.487
gen_00620,4,0,False,-7.615,,False,False,False,2.473,inf
gen_00621,5,0,False,-6.698,,False,False,False,2.655,inf
gen_00622,8,0,False,-7.848,,False,False,False,2.615,3.688
gen_00623,1,0,False,-6.817,,False,False,False,2.7,inf
gen_00624,3,0,False,-6.736,,False,False,False,2.671,inf
gen_00625,4,0,False,-7.967,,False,False,False,2.662,inf
gen_00626,1,0,False,-6.249,,False,False,False,2.318,inf
gen_00627,2,0,False,-6.898,,False,False,False,2.849,inf
gen_00628,3,0,False,-7.45,,False,False,False,2.76,inf
gen_00629,1,0,False,-7.881,,False,False,False,2.557,inf
gen_00630,8,0,False,-7.648,,False,False,False,2.624,inf
gen_00631,1,0,False,-8.115,,False,False,False,2.733,3.821
gen_00632,9,0,False,-8.04,,False,False,False,2.471,inf
gen_00633,1,0,False,-6.711,,False,False,False,2.798,inf
gen_00634,3,0,False,-7.073,,False,False,False,2.203,inf
gen_00635,5,0,False,-7.611,,False,False,False,3.185,inf
gen_00636,4,0,False,-125.9,,False,False,False,7.82,inf
gen_00637,2,0,False,-7.189,,False,False,False,3.93,inf
gen_00638,4,0,False,-7.498,,False,False,False,2.586,inf
gen_00639,1,0,False,-7.715,,False,False,False,4.116,6.609
gen_00640,2,0,False,-84.319,,False,False,False,9.396,inf
gen_00641,1,0,False,-7.359,,False,False,False,2.768,inf
gen_00642,4,4,True,-8.669,-8.669,True,True,True,2.694,3.187
gen_00643,2,0,False,-7.163,,False,False,False,2.713,inf
gen_00644,2,0,False,-7.571,,False,False,False,3.087,11.773
gen_00645,2,0,False,-7.419,,False,False,False,2.793,inf
gen_00646,1,0,False,-7.043,,False,False,False,15.1,inf
gen_00647,1,0,False,-7.497,,False,False,False,13.801,inf
gen_00648,3,0,False,-7.816,,False,False,False,2.484,5.445
gen_00649,5,0,False,-7.975,,False,False,False,2.749,inf
gen_00650,3,0,False,-7.462,,False,False,False,2.711,inf
gen_00651,6,0,False,-8.03,,False,False,False,2.468,inf
gen_00652,13,0,False,-8.752,,False,False,False,2.731,inf
gen_00653,2,0,False,-6.855,,False,False,False,2.723,inf
gen_00654,7,0,False,-7.085,,False,False,False,2.735,inf
gen_00655,6,0,False,-7.278,,False,False,False,2.65,inf
gen_00656,14,0,False,-7.551,,False,False,False,2.428,inf
gen_00657,2,0,False,-8.466,,False,False,False,2.615,inf
gen_00658,2,0,False,-7.448,,False,False,False,2.412,inf
gen_00659,4,0,False,-7.32,,False,False,False,2.784,inf
gen_00660,7,0,False,-7.52,,False,False,False,2.459,inf
gen_00661,2,0,False,-7.745,,False,False,False,2.626,inf
gen_00662,2,0,False,-7.208,,False,False,False,9.196,4.743
gen_00663,6,0,False,-7.314,,False,False,False,2.747,inf
gen_00664,1,0,False,-6.96,,False,False,False,2.761,inf
gen_00665,6,0,False,-7.976,,False,False,False,3.357,inf
gen_00666,2,0,False,-8.633,,False,False,False,2.672,7.507
gen_00667,4,0,False,-8.001,,False,False,False,7.964,inf
gen_00668,9,0,False,-7.164,,False,False,False,2.497,inf
gen_00669,5,0,False,-8.35,,False,False,False,2.701,5.144
gen_00670,3,0,False,-7.326,,False,False,False,2.642,inf
gen_00671,8,0,False,-7.413,,False,False,False,2.623,inf
gen_00672,2,0,False,-7.616,,False,False,False,2.762,inf
gen_00673,3,0,False,-7.522,,False,False,False,5.555,inf
gen_00674,12,0,False,-7.505,,False,False,False,4.951,inf
gen_00675,4,0,False,-6.683,,False,False,False,2.699,inf
gen_00676,4,0,False,-8.149,,False,False,False,2.38,inf
gen_00677,3,3,True,-8.425,-8.425,True,True,False,2.647,2.837
gen_00678,1,0,False,-7.001,,False,False,False,2.396,inf
gen_00679,1,0,False,-7.609,,False,False,False,2.695,inf
gen_00680,4,0,False,-8.757,,False,False,False,2.768,4.145
gen_00681,5,0,False,-7.209,,False,False,False,2.66,inf
gen_00682,4,0,False,-7.288,,False,False,False,2.563,inf
gen_00683,2,0,False,-7.394,,False,False,False,14.609,inf
gen_00684,3,0,False,-7.266,,False,False,False,2.753,inf
gen_00685,10,0,False,-8.515,,False,False,False,2.623,inf
gen_00686,7,0,False,-6.458,,False,False,False,2.472,inf
gen_00687,3,0,False,-7.896,,False,False,False,2.554,4.881
gen_00688,4,0,False,-7.481,,False,False,False,2.695,inf
gen_00689,2,0,False,-8.136,,False,False,False,2.694,inf
gen_00690,2,0,False,-7.031,,False,False,False,4.582,inf
gen_00691,1,0,False,-7.013,,False,False,False,11.259,inf
gen_00692,2,0,False,-8.911,,False,False,False,2.733,inf
gen_00693,6,0,False,-8.47,,False,False,False,2.239,inf
gen_00694,2,0,False,-7.803,,False,False,False,2.814,inf
gen_00695,1,0,False,-7.333,,False,False,False,2.833,inf
gen_00696,4,0,False,-7.226,,False,False,False,2.7,inf
gen_00697,1,0,False,-7.499,,False,False,False,2.798,inf
gen_00698,9,0,False,-7.649,,False,False,False,2.699,inf
gen_00699,6,0,False,-8.033,,False,False,False,2.78,inf
gen_00700,2,0,False,-7.604,,False,False,False,2.65,inf
gen_00701,1,0,False,-8.166,,False,False,False,2.687,inf
gen_00702,5,0,False,-7.363,,False,False,False,2.723,inf
gen_00703,2,0,False,-8.22,,False,False,False,2.836,inf
gen_00704,2,0,False,-7.495,,False,False,False,2.709,inf
gen_00705,2,0,False,-7.13,,False,False,False,2.635,inf
gen_00706,4,0,False,-7.644,,False,False,False,2.68,inf
gen_00707,2,0,False,-7.242,,False,False,False,2.793,inf
gen_00708,3,0,False,-7.611,,False,False,False,2.732,inf
gen_00709,6,0,False,-7.795,,False,False,False,2.777,inf
gen_00710,3,0,False,-9.085,,False,False,False,2.399,inf
gen_00711,2,0,False,-7.395,,False,False,False,2.245,inf
gen_00712,6,0,False,-7.292,,False,False,False,2.674,inf
gen_00713,2,0,False,-7.552,,False,False,False,2.768,inf
gen_00714,10,0,False,-7.213,,False,False,False,2.587,inf
gen_00715,9,0,False,-6.971,,False,False,False,2.439,inf
gen_00716,2,0,False,-7.242,,False,False,False,2.38,inf
gen_00717,2,0,False,-7.311,,False,False,False,2.793,inf
gen_00718,1,0,False,-6.742,,False,False,False,2.465,inf
gen_00719,2,0,False,-7.185,,False,False,False,2.692,inf
gen_00720,5,0,False,-7.73,,False,False,False,2.675,4.244
gen_00721,2,0,False,-7.146,,False,False,False,2.221,inf
gen_00722,7,0,False,-7.689,,False,False,False,2.693,inf
gen_00723,6,0,False,-7.914,,False,False,False,16.034,9.203
gen_00724,1,0,False,-7.872,,False,False,False,2.683,inf
gen_00725,9,3,True,-8.514,-8.514,True,False,True,3.116,2.68
gen_00726,5,0,False,-7.385,,False,False,False,3.298,2.91
gen_00727,2,0,False,-7.575,,False,False,False,2.71,4.495
gen_00728,3,0,False,-7.488,,False,False,False,2.865,inf
gen_00729,2,0,False,-7.233,,False,False,False,2.708,inf
gen_00730,1,0,False,-7.005,,False,False,False,2.662,inf
gen_00731,4,3,True,-7.537,-7.537,True,True,False,2.586,3.356
gen_00732,3,0,False,-7.622,,False,False,False,2.247,inf
gen_00733,1,0,False,-7.612,,False,False,False,2.759,inf
gen_00734,2,0,False,-7.582,,False,False,False,2.575,6.006
gen_00735,2,0,False,-7.462,,False,False,False,2.867,inf
gen_00736,6,0,False,-7.443,,False,False,False,2.723,inf
gen_00737,7,0,False,-7.993,,False,False,False,2.557,inf
gen_00738,3,0,False,-6.003,,False,False,False,6.786,inf
gen_00739,2,0,False,-7.003,,False,False,False,3.931,inf
gen_00740,6,0,False,-8.431,,False,False,False,2.825,inf
gen_00741,2,0,False,-7.195,,False,False,False,2.542,inf
gen_00742,4,0,False,-6.69,,False,False,False,2.479,inf
gen_00743,7,0,False,-7.397,,False,False,False,2.651,inf
gen_00744,4,0,False,-7.122,,False,False,False,2.747,inf
gen_00745,7,0,False,-7.447,,False,False,False,2.226,10.143
gen_00746,9,0,False,-7.703,,False,False,False,2.515,inf
gen_00747,1,0,False,-7.975,,False,False,False,2.823,inf
gen_00748,11,0,False,-7.647,,False,False,False,2.407,inf
gen_00749,2,0,False,-8.043,,False,False,False,2.75,inf
gen_00750,1,0,False,-7.256,,False,False,False,2.747,inf
gen_00751,2,0,False,-8.38,,False,False,False,2.824,inf
gen_00752,5,0,False,-7.339,,False,False,False,2.204,5.501
gen_00753,12,0,False,-8.138,,False,False,False,2.295,inf
gen_00754,3,0,False,-7.777,,False,False,False,2.811,inf
gen_00755,10,0,False,-7.748,,False,False,False,2.7,inf
gen_00756,2,0,False,-6.405,,False,False,False,2.351,inf
gen_00757,5,0,False,-7.912,,False,False,False,2.763,5.491
gen_00758,3,0,False,-7.647,,False,False,False,2.77,inf
gen_00759,2,0,False,-7.213,,False,False,False,2.761,inf
gen_00760,7,0,False,-7.343,,False,False,False,2.792,inf
gen_00761,1,0,False,-8.043,,False,False,False,2.789,5.729
gen_00762,5,0,False,-7.647,,False,False,False,2.65,inf
gen_00763,9,0,False,-7.866,,False,False,False,2.703,inf
gen_00764,8,0,False,-7.94,,False,False,False,4.664,inf
gen_00765,9,0,False,-6.817,,False,False,False,2.202,inf
gen_00766,1,0,False,-7.831,,False,False,False,2.799,inf
gen_00767,4,0,False,-7.639,,False,False,False,2.687,5.068
gen_00768,9,0,False,-7.438,,False,False,False,2.313,8.053
gen_00769,2,0,False,-7.77,,False,False,False,2.715,inf
gen_00770,2,0,False,-8.365,,False,False,False,5.33,inf
gen_00771,6,0,False,-7.106,,False,False,False,2.195,inf
gen_00772,3,0,False,-8.2,,False,False,False,2.799,inf
gen_00773,9,0,False,-7.721,,False,False,False,2.718,inf
gen_00774,2,0,False,-7.289,,False,False,False,2.735,inf
gen_00775,2,0,False,-8.152,,False,False,False,2.62,inf
gen_00776,4,0,False,-7.554,,False,False,False,2.435,inf
gen_00777,2,0,False,-7.608,,False,False,False,2.768,5.245
gen_00778,2,0,False,-7.785,,False,False,False,14.979,inf
gen_00779,2,0,False,-8.424,,False,False,False,3.5,2.908
gen_00780,6,0,False,-7.299,,False,False,False,2.669,inf
gen_00781,2,0,False,-6.963,,False,False,False,2.732,inf
gen_00782,4,0,False,-7.497,,False,False,False,2.726,inf
gen_00783,7,0,False,-7.277,,False,False,False,2.282,inf
gen_00784,2,0,False,-8.304,,False,False,False,2.686,5.585
gen_00785,8,0,False,-7.344,,False,False,False,2.196,inf
gen_00786,5,0,False,-8.315,,False,False,False,2.529,inf
gen_00787,8,0,False,-8.224,,False,False,False,2.602,4.033
gen_00788,3,0,False,-7.816,,False,False,False,2.655,inf
gen_00789,3,0,False,-6.937,,False,False,False,2.714,inf
gen_00790,7,0,False,-8.272,,False,False,False,2.675,inf
gen_00791,3,1,True,-8.207,-7.993,True,True,False,2.577,3.416
gen_00792,5,0,False,-7.051,,False,False,False,2.709,inf
gen_00793,3,0,False,-7.209,,False,False,False,2.667,inf
gen_00794,1,0,False,-7.508,,False,False,False,2.806,inf
gen_00795,3,0,False,-7.644,,False,False,False,2.585,inf
gen_00796,7,2,True,-7.254,-7.074,False,True,True,2.662,3.177
gen_00797,5,0,False,-7.549,,False,False,False,4.656,inf
gen_00798,2,0,False,-6.881,,False,False,False,2.234,inf
gen_00799,5,1,True,-6.969,-6.807,False,True,False,2.784,3.137
gen_00800,3,0,False,-7.381,,False,False,False,2.346,inf
gen_00801,8,0,False,-7.918,,False,False,False,2.811,inf
gen_00802,9,0,False,-7.68,,False,False,False,2.652,inf
gen_00803,2,0,False,-7.634,,False,False,False,2.708,inf
gen_00804,5,5,True,-8.673,-8.673,True,True,True,2.763,3.077
gen_00805,1,0,False,-7.864,,False,False,False,2.705,inf
gen_00806,4,0,False,-6.83,,False,False,False,2.601,inf
gen_00807,2,0,False,-8.742,,False,False,False,2.664,inf
gen_00808,6,0,False,-7.691,,False,False,False,2.745,inf
gen_00809,10,0,False,-7.332,,False,False,False,2.484,inf
gen_00810,4,0,False,-7.771,,False,False,False,2.25,inf
gen_00811,2,0,False,-7.587,,False,False,False,2.702,inf
gen_00812,2,0,False,-7.336,,False,False,False,3.544,inf
gen_00813,8,0,False,-8.219,,False,False,False,2.262,inf
gen_00814,3,0,False,-6.79,,False,False,False,2.507,inf
gen_00815,2,0,False,-7.068,,False,False,False,2.207,inf
gen_00816,11,0,False,-7.589,,False,False,False,2.692,inf
gen_00817,5,0,False,-7.898,,False,False,False,2.668,6.267
gen_00818,4,0,False,-7.787,,False,False,False,6.755,4.348
gen_00819,4,0,False,-7.955,,False,False,False,2.691,inf
gen_00820,7,0,False,-7.842,,False,False,False,2.423,3.944
gen_00821,2,0,False,-6.873,,False,False,False,2.655,inf
gen_00822,4,0,False,-7.111,,False,False,False,2.753,4.926
gen_00823,3,0,False,-7.752,,False,False,False,2.342,inf
gen_00824,6,0,False,-7.287,,False,False,False,2.597,inf
gen_00825,4,0,False,-8.106,,False,False,False,2.665,inf
gen_00826,2,0,False,-7.526,,False,False,False,2.568,8.502
gen_00827,1,0,False,-8.617,,False,False,False,2.351,inf
gen_00828,1,0,False,-7.072,,False,False,False,2.712,7.782
gen_00829,4,0,False,-7.346,,False,False,False,2.706,7.847
gen_00830,2,2,True,-8.362,-8.362,True,True,True,2.882,3.122
gen_00831,2,0,False,-8.273,,False,False,False,2.517,5.422
gen_00832,4,0,False,-7.908,,False,False,False,2.717,inf
gen_00833,3,0,False,-7.34,,False,False,False,2.727,inf
gen_00834,1,0,False,-7.282,,False,False,False,2.711,inf
gen_00835,10,0,False,-7.034,,False,False,False,15.444,inf
gen_00836,1,0,False,-7.013,,False,False,False,2.534,inf
gen_00837,3,0,False,-8.285,,False,False,False,2.755,inf
gen_00838,2,0,False,-6.344,,False,False,False,3.036,inf
gen_00839,1,0,False,-7.905,,False,False,False,2.827,inf
gen_00840,2,0,False,-8.278,,False,False,False,2.732,inf
gen_00841,4,0,False,-7.325,,False,False,False,2.999,10.181
gen_00842,9,0,False,-7.753,,False,False,False,3.061,inf
gen_00843,1,0,False,-7.68,,False,False,False,2.447,inf
gen_00844,10,0,False,-7.879,,False,False,False,2.749,inf
gen_00845,2,0,False,-8.323,,False,False,False,2.665,inf
gen_00846,1,0,False,-7.323,,False,False,False,2.771,inf
gen_00847,2,0,False,-7.028,,False,False,False,2.206,inf
gen_00848,5,0,False,-7.781,,False,False,False,2.203,inf
gen_00849,4,0,False,-7.01,,False,False,False,2.801,inf
gen_00850,7,0,False,-7.228,,False,False,False,2.712,inf
gen_00851,4,2,True,-7.677,-7.5,True,True,False,2.678,3.007
gen_00852,5,5,True,-8.658,-8.658,True,True,False,2.68,2.941
gen_00853,3,0,False,-7.648,,False,False,False,14.24,4.279
gen_00854,1,0,False,-6.764,,False,False,False,3.352,4.907
gen_00855,4,0,False,-6.919,,False,False,False,2.558,inf
gen_00856,3,0,False,-7.862,,False,False,False,2.509,inf
gen_00857,6,0,False,-8.441,,False,False,False,2.971,3.626
gen_00858,4,0,False,-7.931,,False,False,False,2.557,inf
gen_00859,3,0,False,-7.466,,False,False,False,2.499,inf
gen_00860,4,0,False,-7.668,,False,False,False,2.766,inf
gen_00861,4,0,False,-7.071,,False,False,False,3.506,inf
gen_00862,7,5,True,-7.884,-7.884,True,True,False,2.633,3.088
gen_00863,7,0,False,-7.029,,False,False,False,2.204,5.169
gen_00864,4,0,False,-8.085,,False,False,False,2.549,inf
gen_00865,4,0,False,-7.611,,False,False,False,7.933,inf
gen_00866,6,0,False,-8.681,,False,False,False,2.541,3.774
gen_00867,4,0,False,-7.733,,False,False,False,2.484,inf
gen_00868,1,0,False,-7.038,,False,False,False,8.26,inf
gen_00869,2,0,False,-7.381,,False,False,False,2.262,3.801
gen_00870,8,0,False,-7.729,,False,False,False,2.566,5.622
gen_00871,2,0,False,-7.569,,False,False,False,4.335,inf
gen_00872,4,0,False,-7.025,,False,False,False,2.816,inf
gen_00873,1,0,False,-7.298,,False,False,False,2.436,inf
gen_00874,2,0,False,-7.598,,False,False,False,2.681,inf
gen_00875,7,0,False,-7.042,,False,False,False,2.39,5.89
gen_00876,6,0,False,-7.553,,False,False,False,2.721,inf
gen_00877,1,0,False,-6.855,,False,False,False,4.035,6.438
gen_00878,2,0,False,-7.827,,False,False,False,11.068,4.39
gen_00879,1,0,False,-7.193,,False,False,False,2.344,5.355
gen_00880,3,0,False,-7.345,,False,False,False,3.141,inf
gen_00881,5,0,False,-7.478,,False,False,False,2.703,inf
gen_00882,8,0,False,-7.207,,False,False,False,2.727,inf
gen_00883,3,0,False,-7.594,,False,False,False,3.999,7.986
gen_00884,2,0,False,-7.289,,False,False,False,2.811,inf
gen_00885,3,0,False,-8.348,,False,False,False,2.847,inf
gen_00886,4,0,False,-6.943,,False,False,False,2.722,5.526
gen_00887,4,0,False,-7.793,,False,False,False,2.7,inf
gen_00888,2,0,False,-8.146,,False,False,False,2.454,inf
gen_00889,6,0,False,-7.806,,False,False,False,2.649,inf
gen_00890,7,0,False,-7.623,,False,False,False,2.582,inf
gen_00891,8,0,False,-6.893,,False,False,False,2.493,inf
gen_00892,3,0,False,-8.199,,False,False,False,2.718,inf
gen_00893,8,0,False,-8.306,,False,False,False,2.606,inf
gen_00894,2,0,False,-7.397,,False,False,False,2.264,6.145
gen_00895,2,0,False,-7.949,,False,False,False,9.533,inf
gen_00896,5,0,False,-8.261,,False,False,False,3.779,inf
gen_00897,5,0,False,-7.828,,False,False,False,2.54,inf
gen_00898,5,0,False,-8.437,,False,False,False,2.721,inf
gen_00899,5,0,False,-8.07,,False,False,False,2.807,inf
gen_00900,2,0,False,-7.981,,False,False,False,2.732,inf
gen_00901,1,0,False,-7.407,,False,False,False,8.667,inf
gen_00902,5,0,False,-7.947,,False,False,False,3.139,inf
gen_00903,3,0,False,-78.968,,False,False,False,3.956,inf
gen_00904,3,0,False,-7.924,,False,False,False,2.741,inf
gen_00905,5,0,False,-7.791,,False,False,False,2.706,inf
gen_00906,1,0,False,-6.232,,False,False,False,3.191,inf
gen_00907,11,0,False,-7.723,,False,False,False,2.159,inf
gen_00908,4,0,False,-7.901,,False,False,False,2.684,4.307
gen_00909,2,0,False,-7.14,,False,False,False,2.737,inf
gen_00910,4,0,False,-7.819,,False,False,False,2.639,5.859
gen_00911,3,0,False,-7.702,,False,False,False,2.514,inf
gen_00912,2,0,False,-7.227,,False,False,False,6.915,inf
gen_00913,5,0,False,-6.82,,False,False,False,2.586,inf
gen_00914,4,0,False,-7.349,,False,False,False,2.424,inf
gen_00915,4,0,False,-7.165,,False,False,False,2.443,inf
gen_00916,10,0,False,-8.525,,False,False,False,2.363,3.967
gen_00917,8,0,False,-7.278,,False,False,False,2.686,inf
gen_00918,4,1,True,-6.948,-6.763,False,False,True,2.806,2.891
gen_00919,8,0,False,-7.481,,False,False,False,2.648,inf
gen_00920,5,0,False,-7.045,,False,False,False,2.212,inf
gen_00921,2,0,False,-7.587,,False,False,False,14.994,2.701
gen_00922,5,0,False,-7.791,,False,False,False,2.616,inf
gen_00923,7,0,False,-8.061,,False,False,False,2.466,inf
gen_00924,2,0,False,-7.372,,False,False,False,2.519,5.838
gen_00925,2,0,False,-6.406,,False,False,False,2.695,4.214
gen_00926,2,0,False,-7.01,,False,False,False,2.723,inf
gen_00927,3,0,False,-6.875,,False,False,False,2.206,inf
gen_00928,11,0,False,-7.917,,False,False,False,2.208,4.315
gen_00929,3,0,False,-7.828,,False,False,False,3.22,inf
gen_00930,2,0,False,-7.834,,False,False,False,3.406,inf
gen_00931,2,0,False,-7.771,,False,False,False,2.634,inf
gen_00932,2,0,False,-7.528,,False,False,False,3.036,inf
gen_00933,6,0,False,-7.714,,False,False,False,2.428,inf
gen_00934,5,0,False,-7.123,,False,False,False,2.625,inf
gen_00935,2,0,False,-7.887,,False,False,False,4.33,inf
gen_00936,12,0,False,-8.976,,False,False,False,2.7,inf
gen_00937,2,0,False,-8.2,,False,False,False,2.77,inf
gen_00938,2,0,False,-7.495,,False,False,False,4.047,inf
gen_00939,10,0,False,-8.512,,False,False,False,2.742,inf
gen_00940,5,0,False,-7.558,,False,False,False,2.683,inf
gen_00941,3,0,False,-8.303,,False,False,False,2.811,inf
gen_00942,4,0,False,-8.116,,False,False,False,2.709,inf
gen_00943,5,0,False,-7.62,,False,False,False,2.553,inf
gen_00944,1,0,False,-6.719,,False,False,False,2.284,inf
gen_00945,3,0,False,-7.48,,False,False,False,2.736,inf
gen_00946,4,0,False,-7.61,,False,False,False,2.583,inf
gen_00947,4,0,False,-7.406,,False,False,False,2.64,inf
gen_00948,2,0,False,-7.382,,False,False,False,2.77,inf
gen_00949,4,0,False,-7.206,,False,False,False,2.467,inf
gen_00950,1,0,False,-87.321,,False,False,False,8.834,inf
gen_00951,3,0,False,-7.439,,False,False,False,2.734,inf
gen_00952,3,0,False,-7.421,,False,False,False,2.765,inf
gen_00953,3,0,False,-7.897,,False,False,False,2.753,inf
gen_00954,6,0,False,-7.802,,False,False,False,2.267,inf
gen_00955,14,0,False,-8.068,,False,False,False,2.355,inf
gen_00956,5,0,False,-7.151,,False,False,False,2.691,inf
gen_00957,5,0,False,-7.347,,False,False,False,3.11,inf
gen_00958,8,0,False,-8.464,,False,False,False,2.35,inf
gen_00959,4,0,False,-8.013,,False,False,False,2.386,inf
gen_00960,4,0,False,-7.832,,False,False,False,15.134,inf
gen_00961,1,0,False,-6.881,,False,False,False,2.687,4.102
gen_00962,1,0,False,-7.573,,False,False,False,2.657,inf
gen_00963,5,0,False,-6.831,,False,False,False,2.211,4.375
gen_00964,2,0,False,-7.391,,False,False,False,2.642,inf
gen_00965,4,0,False,-8.423,,False,False,False,2.686,inf
gen_00966,3,0,False,-7.501,,False,False,False,3.732,inf
gen_00967,12,0,False,-7.787,,False,False,False,2.404,4.316
gen_00968,6,6,True,-7.271,-7.271,False,True,True,2.701,2.895
gen_00969,7,0,False,-7.933,,False,False,False,2.779,inf
gen_00970,1,0,False,-7.832,,False,False,False,2.757,inf
gen_00971,1,0,False,-8.099,,False,False,False,2.713,4.419
gen_00972,4,0,False,-7.552,,False,False,False,2.39,4.061
gen_00973,2,0,False,-7.967,,False,False,False,2.695,4.207
gen_00974,7,0,False,-7.12,,False,False,False,2.834,inf
gen_00975,10,1,True,-8.005,-7.86,True,True,False,2.581,3.416
gen_00976,2,0,False,-7.577,,False,False,False,3.197,inf
gen_00977,14,0,False,-7.936,,False,False,False,2.632,inf
gen_00978,6,0,False,-7.443,,False,False,False,2.751,inf
gen_00979,3,2,True,-8.42,-8.42,True,True,True,2.535,2.596
gen_00980,12,0,False,-6.614,,False,False,False,2.683,inf
gen_00981,1,0,False,-110.66,,False,False,False,11.004,inf
gen_00982,2,0,False,-6.972,,False,False,False,2.587,inf
gen_00983,4,0,False,-7.904,,False,False,False,3.878,inf
gen_00984,1,0,False,-7.744,,False,False,False,3.161,inf
gen_00985,5,0,False,-8.043,,False,False,False,2.729,inf
gen_00986,1,0,False,-7.107,,False,False,False,2.977,inf
gen_00987,2,0,False,-7.534,,False,False,False,2.773,5.257
gen_00988,3,0,False,-7.922,,False,False,False,2.339,inf
gen_00989,5,0,False,-7.858,,False,False,False,2.609,inf
gen_00990,2,0,False,-7.726,,False,False,False,2.848,inf
gen_00991,3,3,True,-7.786,-7.786,True,True,False,2.603,2.822
gen_00992,1,0,False,-8.733,,False,False,False,2.796,5.185
gen_00993,3,0,False,-7.939,,False,False,False,2.491,inf
gen_00994,2,0,False,-8.047,,False,False,False,2.58,inf
gen_00995,2,0,False,-7.788,,False,False,False,2.672,inf
gen_00996,2,0,False,-8.093,,False,False,False,2.812,inf
gen_00997,3,0,False,-7.216,,False,False,False,2.704,inf
gen_00998,5,0,False,-7.498,,False,False,False,2.753,inf
gen_00999,1,0,False,-7.987,,False,False,False,2.757,inf
gen_01000,4,0,False,-6.65,,False,False,False,3.704,inf
gen_01001,4,0,False,-8.375,,False,False,False,3.11,inf
gen_01002,11,1,True,-8.855,-8.301,True,True,False,2.732,3.4
gen_01003,1,0,False,-7.373,,False,False,False,2.788,inf
gen_01004,10,0,False,-7.682,,False,False,False,2.49,inf
gen_01005,1,0,False,-7.193,,False,False,False,2.843,inf
gen_01006,12,0,False,-7.76,,False,False,False,2.625,3.566
gen_01007,4,0,False,-7.504,,False,False,False,14.141,4.792
gen_01008,1,0,False,-7.937,,False,False,False,2.581,inf
gen_01009,9,0,False,-7.034,,False,False,False,2.739,inf
gen_01010,3,0,False,-7.306,,False,False,False,2.663,inf
gen_01011,3,0,False,-7.25,,False,False,False,2.79,inf
gen_01012,2,0,False,-7.777,,False,False,False,2.788,4.112
gen_01013,2,0,False,-7.471,,False,False,False,2.705,inf
gen_01014,5,0,False,-8.469,,False,False,False,2.716,inf
gen_01015,9,0,False,-8.201,,False,False,False,13.801,inf
gen_01016,3,0,False,-6.711,,False,False,False,2.66,4.702
gen_01017,1,0,False,-8.44,,False,False,False,2.842,5.037
gen_01018,1,0,False,-104.772,,False,False,False,10.272,inf
gen_01019,1,0,False,-61.797,,False,False,False,11.748,inf
gen_01020,3,0,False,-8.179,,False,False,False,3.723,inf
gen_01021,2,0,False,-7.516,,False,False,False,2.496,inf
gen_01022,2,0,False,-8.282,,False,False,False,2.799,inf
gen_01023,6,0,False,-7.068,,False,False,False,2.457,inf
gen_01024,6,0,False,-7.189,,False,False,False,2.443,inf
gen_01025,4,0,False,-7.623,,False,False,False,3.609,4.193
gen_01026,3,0,False,-9.32,,False,False,False,2.675,inf
gen_01027,3,0,False,-7.793,,False,False,False,2.518,inf
gen_01028,2,0,False,-6.952,,False,False,False,2.725,inf
gen_01029,5,3,True,-8.17,-8.17,True,True,True,2.763,2.764
gen_01030,6,0,False,-7.771,,False,False,False,2.692,inf
gen_01031,9,0,False,-7.862,,False,False,False,2.374,inf
gen_01032,9,0,False,-8.182,,False,False,False,2.689,3.584
gen_01033,5,0,False,-7.666,,False,False,False,2.266,inf
gen_01034,3,0,False,-8.619,,False,False,False,2.767,inf
gen_01035,4,0,False,-8.996,,False,False,False,2.262,inf
gen_01036,1,0,False,-7.661,,False,False,False,3.147,inf
gen_01037,2,0,False,-7.278,,False,False,False,2.72,4.599
gen_01038,2,0,False,-6.818,,False,False,False,2.675,inf
gen_01039,3,0,False,-8.501,,False,False,False,2.654,8.178
gen_01040,3,0,False,-7.282,,False,False,False,2.781,inf
gen_01041,3,0,False,-7.295,,False,False,False,2.756,inf
gen_01042,12,0,False,-7.199,,False,False,False,2.204,inf
gen_01043,5,0,False,-8.125,,False,False,False,3.262,inf
gen_01044,2,2,True,-7.355,-7.355,True,True,True,2.73,2.849
gen_01045,7,0,False,-7.83,,False,False,False,3.594,4.933
gen_01046,1,0,False,-8.204,,False,False,False,3.867,9.058
gen_01047,2,0,False,-106.74,,False,False,False,4.994,inf
gen_01048,2,0,False,-7.9,,False,False,False,2.513,inf
gen_01049,2,0,False,-7.81,,False,False,False,2.615,inf
gen_01050,6,0,False,-7.248,,False,False,False,2.423,inf
gen_01051,6,0,False,-7.368,,False,False,False,2.597,inf
gen_01052,4,1,True,-8.204,-8.194,True,True,False,2.218,3.242
gen_01053,7,0,False,-7.868,,False,False,False,2.448,inf
gen_01054,2,0,False,-8.071,,False,False,False,2.634,inf
gen_01055,5,0,False,-7.025,,False,False,False,2.288,inf
gen_01056,3,0,False,-7.376,,False,False,False,2.647,inf
gen_01057,2,0,False,-7.736,,False,False,False,2.586,inf
gen_01058,8,0,False,-8.088,,False,False,False,2.539,inf
gen_01059,2,0,False,-8.24,,False,False,False,2.78,inf
gen_01060,6,0,False,-6.84,,False,False,False,2.67,inf
gen_01061,2,0,False,-8.215,,False,False,False,2.791,inf
gen_01062,9,0,False,-7.744,,False,False,False,2.717,inf
gen_01063,6,0,False,-6.842,,False,False,False,2.653,inf
gen_01064,2,0,False,-7.971,,False,False,False,2.853,inf
gen_01065,1,0,False,-6.337,,False,False,False,2.715,inf
gen_01066,10,0,False,-8.477,,False,False,False,2.208,inf
gen_01067,9,0,False,-7.447,,False,False,False,2.809,inf
gen_01068,2,0,False,-7.149,,False,False,False,10.037,6.888
gen_01069,2,0,False,-7.809,,False,False,False,3.742,7.727
gen_01070,3,0,False,-7.246,,False,False,False,12.406,inf
gen_01071,9,0,False,-7.465,,False,False,False,2.713,inf
gen_01072,2,0,False,-8.245,,False,False,False,2.373,inf
gen_01073,2,0,False,-7.813,,False,False,False,2.762,5.515
gen_01074,2,0,False,-7.461,,False,False,False,2.747,inf
gen_01075,1,0,False,-7.296,,False,False,False,3.263,inf
gen_01076,3,0,False,-6.713,,False,False,False,2.464,inf
gen_01077,1,0,False,-7.168,,False,False,False,2.602,inf
gen_01078,6,0,False,-7.857,,False,False,False,2.656,inf
gen_01079,6,0,False,-7.965,,False,False,False,2.713,inf
gen_01080,11,0,False,-6.934,,False,False,False,2.678,inf
gen_01081,1,1,True,-7.222,-7.222,False,True,False,2.584,3.305
gen_01082,5,0,False,-7.281,,False,False,False,2.54,inf
gen_01083,7,0,False,-7.454,,False,False,False,2.597,inf
gen_01084,13,0,False,-8.407,,False,False,False,3.54,inf
gen_01085,4,0,False,-7.952,,False,False,False,2.54,inf
gen_01086,3,0,False,-7.855,,False,False,False,2.64,inf
gen_01087,1,0,False,-6.709,,False,False,False,2.714,inf
gen_01088,5,0,False,-7.916,,False,False,False,3.107,inf
gen_01089,6,0,False,-6.81,,False,False,False,2.57,inf
gen_01090,1,0,False,-7.639,,False,False,False,3.39,inf
gen_01091,1,0,False,-7.637,,False,False,False,2.737,inf
gen_01092,1,0,False,-7.982,,False,False,False,2.801,inf
gen_01093,1,0,False,-7.473,,False,False,False,3.217,inf
gen_01094,1,0,False,-8.019,,False,False,False,2.788,inf
gen_01095,13,0,False,-6.953,,False,False,False,2.723,inf
gen_01096,5,0,False,-7.909,,False,False,False,2.219,inf
gen_01097,2,0,False,-8.28,,False,False,False,3.091,inf
gen_01098,4,0,False,-7.92,,False,False,False,2.595,inf
gen_01099,3,0,False,-8.626,,False,False,False,2.761,inf
gen_01100,1,0,False,-7.09,,False,False,False,2.305,inf
gen_01101,3,0,False,-81.451,,False,False,False,1.585,inf
gen_01102,4,0,False,-7.423,,False,False,False,2.621,inf
gen_01103,2,0,False,-6.907,,False,False,False,2.619,inf
gen_01104,3,0,False,-6.808,,False,False,False,2.684,inf
gen_01105,1,0,False,-7.118,,False,False,False,12.112,inf
gen_01106,4,0,False,-7.71,,False,False,False,2.725,inf
gen_01107,11,0,False,-6.865,,False,False,False,2.488,inf
gen_01108,1,0,False,-7.413,,False,False,False,2.582,inf
gen_01109,2,0,False,-7.72,,False,False,False,2.753,inf
gen_01110,3,0,False,-164.606,,False,False,False,6.43,7.252
gen_01111,2,0,False,-7.72,,False,False,False,2.74,inf
gen_01112,2,0,False,-7.948,,False,False,False,2.779,inf
gen_01113,4,0,False,-7.178,,False,False,False,2.479,inf
gen_01114,3,0,False,-7.552,,False,False,False,2.596,inf
gen_01115,4,0,False,-7.101,,False,False,False,2.72,inf
gen_01116,2,0,False,-8.009,,False,False,False,4.481,inf
gen_01117,2,0,False,-7.156,,False,False,False,2.862,inf
gen_01118,6,0,False,-7.398,,False,False,False,2.67,inf
gen_01119,8,0,False,-7.132,,False,False,False,2.466,5.108
gen_01120,2,0,False,-7.306,,False,False,False,2.591,inf
gen_01121,4,0,False,-7.765,,False,False,False,2.716,inf
gen_01122,1,0,False,-7.119,,False,False,False,2.338,inf
gen_01123,2,0,False,-102.448,,False,False,False,5.29,inf
gen_01124,8,0,False,-7.068,,False,False,False,2.234,inf
gen_01125,1,0,False,-7.68,,False,False,False,2.771,5.167
gen_01126,3,0,False,-6.837,,False,False,False,2.729,inf
gen_01127,2,0,False,-7.79,,False,False,False,2.712,inf
gen_01128,2,0,False,-6.908,,False,False,False,2.762,inf
gen_01129,1,0,False,-7.026,,False,False,False,13.079,inf
gen_01130,2,0,False,-6.53,,False,False,False,2.378,5.541
gen_01131,2,0,False,-7.732,,False,False,False,2.61,6.117
gen_01132,7,0,False,-7.376,,False,False,False,2.696,inf
gen_01133,1,0,False,-8.889,,False,False,False,2.643,inf
gen_01134,11,0,False,-7.719,,False,False,False,2.848,inf
gen_01135,4,4,True,-7.047,-7.047,False,True,True,2.654,2.979
gen_01136,3,0,False,-87.523,,False,False,False,3.969,inf
gen_01137,3,0,False,-8.915,,False,False,False,2.498,6.185
gen_01138,4,0,False,-6.789,,False,False,False,2.327,5.456
gen_01139,8,0,False,-7.255,,False,False,False,2.669,inf
gen_01140,2,0,False,-7.38,,False,False,False,2.771,inf
gen_01141,9,0,False,-7.143,,False,False,False,2.591,inf
gen_01142,6,2,True,-7.267,-7.267,False,False,True,2.821,3.417
gen_01143,2,0,False,-8.18,,False,False,False,2.64,inf
gen_01144,7,0,False,-7.42,,False,False,False,3.529,inf
gen_01145,2,0,False,-7.657,,False,False,False,2.223,inf
gen_01146,12,0,False,-7.935,,False,False,False,2.675,inf
gen_01147,10,0,False,-7.674,,False,False,False,2.569,inf
gen_01148,8,0,False,-7.026,,False,False,False,2.698,inf
gen_01149,3,0,False,-7.19,,False,False,False,2.416,inf
gen_01150,10,0,False,-7.131,,False,False,False,2.7,inf
gen_01151,1,0,False,-7.152,,False,False,False,2.638,inf
gen_01152,3,0,False,-8.151,,False,False,False,2.701,inf
gen_01153,6,2,True,-7.311,-7.311,True,True,False,2.543,3.039
gen_01154,2,0,False,-8.393,,False,False,False,2.754,inf
gen_01155,7,0,False,-7.557,,False,False,False,2.354,inf
gen_01156,11,0,False,-8.2,,False,False,False,2.63,inf
gen_01157,4,0,False,-7.654,,False,False,False,3.151,inf
gen_01158,8,0,False,-8.053,,False,False,False,2.392,5.584
gen_01159,3,1,True,-8.296,-7.549,True,True,False,2.505,2.956
gen_01160,4,0,False,-7.713,,False,False,False,2.432,inf
gen_01161,3,0,False,-8.021,,False,False,False,8.786,5.504
gen_01162,2,0,False,-6.883,,False,False,False,8.344,4.156
gen_01163,4,0,False,-7.648,,False,False,False,2.628,4.604
gen_01164,3,0,False,-7.675,,False,False,False,2.805,inf
gen_01165,4,0,False,-7.156,,False,False,False,2.744,4.329
gen_01166,3,0,False,-7.814,,False,False,False,2.741,inf
gen_01167,7,0,False,-8.358,,False,False,False,2.691,inf
gen_01168,3,0,False,-8.123,,False,False,False,3.864,4.526
gen_01169,10,2,True,-8.257,-8.204,True,True,False,2.638,3.443
gen_01170,2,0,False,-8.139,,False,False,False,2.684,inf
gen_01171,1,1,True,-8.075,-8.075,True,True,False,2.169,3.07
gen_01172,5,0,False,-7.423,,False,False,False,2.806,inf
gen_01173,5,0,False,-7.814,,False,False,False,2.366,4.746
gen_01174,2,0,False,-8.023,,False,False,False,2.575,inf
gen_01175,4,0,False,-6.666,,False,False,False,2.676,inf
gen_01176,4,0,False,-7.189,,False,False,False,2.463,inf
gen_01177,2,0,False,-6.452,,False,False,False,2.678,inf
gen_01178,2,0,False,-8.243,,False,False,False,2.709,inf
gen_01179,2,0,False,-8.32,,False,False,False,2.756,4.379
gen_01180,11,0,False,-8.044,,False,False,False,2.684,inf
gen_01181,1,0,False,-7.327,,False,False,False,3.134,inf
gen_01182,2,2,True,-7.09,-7.09,False,True,False,2.219,3.188
gen_01183,1,0,False,-7.542,,False,False,False,2.859,inf
gen_01184,3,0,False,-8.304,,False,False,False,2.266,6.674
gen_01185,4,0,False,-6.894,,False,False,False,2.68,inf
gen_01186,7,0,False,-7.601,,False,False,False,2.501,inf
gen_01187,3,0,False,-7.563,,False,False,False,2.719,5.494
gen_01188,2,0,False,-6.6,,False,False,False,2.426,inf
gen_01189,2,0,False,-7.87,,False,False,False,10.336,inf
gen_01190,1,0,False,-7.42,,False,False,False,2.706,inf
gen_01191,9,0,False,-6.949,,False,False,False,2.47,inf
gen_01192,3,0,False,-6.75,,False,False,False,2.403,inf
gen_01193,2,0,False,-7.838,,False,False,False,2.725,inf
gen_01194,4,0,False,-7.113,,False,False,False,2.2,inf
gen_01195,2,0,False,-7.519,,False,False,False,2.407,inf
gen_01196,5,0,False,-6.955,,False,False,False,2.547,inf
gen_01197,1,0,False,-7.583,,False,False,False,2.732,inf
gen_01198,4,0,False,-6.968,,False,False,False,2.862,inf
gen_01199,2,0,False,-7.084,,False,False,False,2.845,inf
gen_01200,11,0,False,-7.721,,False,False,False,2.366,6.275
gen_01201,9,0,False,-7.289,,False,False,False,2.633,inf
gen_01202,5,0,False,-8.493,,False,False,False,2.61,4.604
gen_01203,1,0,False,-7.582,,False,False,False,9.767,5.614
gen_01204,5,0,False,-7.863,,False,False,False,15.825,inf
gen_01205,1,1,True,-7.35,-7.35,True,True,False,2.8,3.186
gen_01206,3,0,False,-7.87,,False,False,False,2.83,inf
gen_01207,3,0,False,-7.247,,False,False,False,2.199,inf
gen_01208,5,0,False,-7.483,,False,False,False,2.691,inf
gen_01209,5,0,False,-7.846,,False,False,False,2.744,inf
gen_01210,7,0,False,-7.094,,False,False,False,2.651,inf
gen_01211,5,0,False,-7.648,,False,False,False,2.229,inf
gen_01212,1,1,True,-7.772,-7.772,True,True,True,2.797,2.934
gen_01213,2,0,False,-6.788,,False,False,False,2.728,inf
gen_01214,1,0,False,-7.983,,False,False,False,2.741,inf
gen_01215,9,0,False,-7.521,,False,False,False,2.298,inf
gen_01216,3,0,False,-7.617,,False,False,False,2.847,5.832
gen_01217,2,0,False,-7.56,,False,False,False,2.457,inf
gen_01218,2,0,False,-8.389,,False,False,False,2.763,inf
gen_01219,3,0,False,-6.633,,False,False,False,2.773,inf
gen_01220,11,0,False,-7.442,,False,False,False,2.641,3.736
gen_01221,3,0,False,-7.034,,False,False,False,2.65,inf
gen_01222,2,0,False,-7.39,,False,False,False,3.317,inf
gen_01223,5,2,True,-8.067,-8.025,True,True,False,2.339,3.047
gen_01224,1,0,False,-7.95,,False,False,False,2.781,6.37
gen_01225,7,0,False,-7.271,,False,False,False,2.763,inf
gen_01226,1,0,False,-7.299,,False,False,False,2.747,inf
gen_01227,3,0,False,-6.71,,False,False,False,2.342,inf
gen_01228,5,0,False,-7.086,,False,False,False,2.472,inf
gen_01229,1,0,False,-7.296,,False,False,False,2.682,6.027
gen_01230,4,0,False,-8.551,,False,False,False,2.785,inf
gen_01231,2,0,False,-6.874,,False,False,False,2.734,inf
gen_01232,3,0,False,-7.582,,False,False,False,2.688,inf
gen_01233,10,0,False,-7.698,,False,False,False,2.424,inf
gen_01234,4,0,False,-7.347,,False,False,False,13.192,6.604
gen_01235,3,0,False,-7.463,,False,False,False,3.122,inf
gen_01236,2,0,False,-7.4,,False,False,False,2.815,inf
gen_01237,2,2,True,-7.612,-7.612,True,True,True,2.83,3.262
gen_01238,10,0,False,-7.054,,False,False,False,4.128,inf
gen_01239,3,0,False,-7.597,,False,False,False,2.748,inf
gen_01240,5,0,False,-7.339,,False,False,False,2.615,inf
gen_01241,4,0,False,-6.889,,False,False,False,2.733,inf
gen_01242,3,0,False,-6.979,,False,False,False,2.79,inf
gen_01243,4,0,False,-7.994,,False,False,False,3.527,inf
gen_01244,1,0,False,-85.195,,False,False,False,9.657,inf
gen_01245,4,0,False,-7.612,,False,False,False,2.205,inf
gen_01246,6,0,False,-8.103,,False,False,False,2.364,4.168
gen_01247,6,0,False,-8.207,,False,False,False,2.678,inf
gen_01248,1,0,False,-7.9,,False,False,False,3.061,3.906
gen_01249,4,0,False,-6.795,,False,False,False,14.965,inf
gen_01250,2,0,False,-6.732,,False,False,False,5.047,inf
gen_01251,7,0,False,-7.868,,False,False,False,2.27,inf
gen_01252,1,0,False,-6.546,,False,False,False,2.694,5.402
gen_01253,6,0,False,-7.505,,False,False,False,3.456,inf
gen_01254,1,0,False,-7.682,,False,False,False,2.771,9.474
gen_01255,4,0,False,-8.629,,False,False,False,2.209,inf
gen_01256,9,0,False,-7.148,,False,False,False,6.242,9.256
gen_01257,3,0,False,-8.529,,False,False,False,2.698,5.056
gen_01258,4,2,True,-7.219,-7.209,False,True,False,2.703,3.225
gen_01259,1,0,False,-72.565,,False,False,False,8.33,inf
gen_01260,2,0,False,-6.678,,False,False,False,2.725,inf
gen_01261,7,1,True,-6.745,-6.433,False,True,True,2.689,3.267
gen_01262,2,0,False,-8.829,,False,False,False,2.596,inf
gen_01263,5,0,False,-7.698,,False,False,False,2.218,inf
gen_01264,8,0,False,-7.727,,False,False,False,2.853,inf
gen_01265,1,0,False,-7.234,,False,False,False,2.68,5.906
gen_01266,8,0,False,-7.83,,False,False,False,2.373,6.616
gen_01267,6,0,False,-7.677,,False,False,False,2.736,inf
gen_01268,4,0,False,-7.221,,False,False,False,2.667,inf
gen_01269,4,0,False,-7.179,,False,False,False,2.581,inf
gen_01270,4,0,False,-7.907,,False,False,False,2.623,inf
gen_01271,7,0,False,-8.111,,False,False,False,3.842,5.787
gen_01272,2,0,False,-6.639,,False,False,False,2.755,inf
gen_01273,1,0,False,-7.447,,False,False,False,3.281,inf
gen_01274,1,0,False,-7.137,,False,False,False,2.772,inf
gen_01275,12,0,False,-7.403,,False,False,False,2.636,inf
gen_01276,2,0,False,-8.053,,False,False,False,2.846,3.656
gen_01277,2,0,False,-7.756,,False,False,False,2.761,inf
gen_01278,2,0,False,-7.004,,False,False,False,2.775,inf
gen_01279,5,0,False,-7.661,,False,False,False,3.611,4.124
gen_01280,1,0,False,-6.776,,False,False,False,2.729,inf
gen_01281,1,0,False,-8.785,,False,False,False,2.749,inf
gen_01282,9,0,False,-8.002,,False,False,False,3.397,inf
gen_01283,1,0,False,-7.688,,False,False,False,14.834,7.111
gen_01284,8,0,False,-6.513,,False,False,False,2.739,inf
gen_01285,1,0,False,-8.046,,False,False,False,3.213,3.412
gen_01286,3,0,False,-7.701,,False,False,False,2.856,7.692
gen_01287,4,0,False,-7.158,,False,False,False,2.27,inf
gen_01288,3,0,False,-7.987,,False,False,False,2.705,6.842
gen_01289,5,0,False,-7.796,,False,False,False,2.527,inf
gen_01290,5,0,False,-7.148,,False,False,False,2.436,5.557
gen_01291,3,0,False,-6.973,,False,False,False,2.81,inf
gen_01292,1,0,False,-7.074,,False,False,False,2.278,inf
gen_01293,4,0,False,-7.6,,False,False,False,2.648,inf
gen_01294,11,0,False,-6.848,,False,False,False,2.552,inf
gen_01295,3,0,False,-8.882,,False,False,False,2.701,inf
gen_01296,2,0,False,-7.184,,False,False,False,3.223,4.625
gen_01297,7,0,False,-7.351,,False,False,False,2.757,inf
gen_01298,4,0,False,-7.019,,False,False,False,2.767,inf
gen_01299,1,0,False,-6.899,,False,False,False,3.339,inf
gen_01300,2,0,False,-7.24,,False,False,False,2.742,inf
gen_01301,1,0,False,-7.672,,False,False,False,3.225,2.675
gen_01302,2,2,True,-8.878,-8.878,True,True,True,2.77,3.336
gen_01303,1,0,False,-7.136,,False,False,False,2.84,inf
gen_01304,9,0,False,-7.048,,False,False,False,2.395,inf
gen_01305,2,0,False,-7.105,,False,False,False,3.478,inf
gen_01306,8,0,False,-7.07,,False,False,False,2.435,5.017
gen_01307,3,0,False,-8.619,,False,False,False,2.699,7.591
gen_01308,8,0,False,-7.271,,False,False,False,2.185,inf
gen_01309,15,0,False,-8.562,,False,False,False,2.198,inf
gen_01310,1,0,False,-7.112,,False,False,False,2.831,7.67
gen_01311,4,0,False,-6.774,,False,False,False,2.614,4.367
gen_01312,2,0,False,-111.877,,False,False,False,12.177,inf
gen_01313,7,6,True,-6.655,-6.655,False,True,True,2.659,2.886
gen_01314,6,0,False,-7.133,,False,False,False,2.683,inf
gen_01315,1,0,False,-7.719,,False,False,False,2.745,inf
gen_01316,1,0,False,-7.129,,False,False,False,2.827,inf
gen_01317,8,0,False,-7.949,,False,False,False,2.207,inf
gen_01318,1,0,False,-48.396,,False,False,False,3.367,2.985
gen_01319,4,0,False,-7.241,,False,False,False,2.615,inf
gen_01320,4,0,False,-8.292,,False,False,False,2.875,inf
gen_01321,7,0,False,-8.378,,False,False,False,2.34,inf
gen_01322,5,0,False,-7.898,,False,False,False,2.711,inf
gen_01323,5,0,False,-6.849,,False,False,False,3.856,inf
gen_01324,2,0,False,-7.556,,False,False,False,2.727,5.34
gen_01325,7,0,False,-7.676,,False,False,False,2.997,4.505
gen_01326,6,0,False,-7.848,,False,False,False,2.753,inf
gen_01327,4,0,False,-8.591,,False,False,False,2.326,inf
gen_01328,9,0,False,-7.639,,False,False,False,2.48,inf
gen_01329,3,0,False,-6.989,,False,False,False,2.684,inf
gen_01330,5,0,False,-7.061,,False,False,False,2.654,inf
gen_01331,3,0,False,-6.755,,False,False,False,2.271,inf
gen_01332,9,0,False,-7.389,,False,False,False,2.419,inf
gen_01333,1,0,False,-8.049,,False,False,False,2.656,inf
gen_01334,2,0,False,-6.943,,False,False,False,2.458,inf
gen_01335,6,0,False,-7.829,,False,False,False,2.696,5.545
gen_01336,4,0,False,-6.677,,False,False,False,2.542,inf
gen_01337,9,0,False,-7.839,,False,False,False,2.249,inf
gen_01338,5,0,False,-7.449,,False,False,False,3.559,inf
gen_01339,2,0,False,-7.224,,False,False,False,5.946,5.531
gen_01340,9,0,False,-7.103,,False,False,False,2.272,4.706
gen_01341,2,0,False,-7.716,,False,False,False,2.782,6.484
gen_01342,2,2,True,-6.733,-6.733,False,True,True,2.686,3.11
gen_01343,4,0,False,-7.575,,False,False,False,2.761,inf
gen_01344,9,0,False,-7.415,,False,False,False,2.52,inf
gen_01345,3,0,False,-8.212,,False,False,False,2.777,inf
gen_01346,1,0,False,-7.498,,False,False,False,2.681,inf
gen_01347,6,0,False,-7.744,,False,False,False,2.709,5.026
gen_01348,2,0,False,-7.117,,False,False,False,2.75,inf
gen_01349,2,0,False,-34.269,,False,False,False,5.185,inf
gen_01350,8,0,False,-7.556,,False,False,False,2.629,5.36
gen_01351,2,0,False,-7.198,,False,False,False,2.766,inf
gen_01352,10,0,False,-7.321,,False,False,False,2.672,inf
gen_01353,2,2,True,-8.208,-8.208,True,True,False,2.45,2.965
gen_01354,9,0,False,-7.596,,False,False,False,3.438,inf
gen_01355,5,0,False,-7.688,,False,False,False,5.724,inf
gen_01356,6,0,False,-7.923,,False,False,False,2.809,inf
gen_01357,2,0,False,-7.806,,False,False,False,2.748,inf
gen_01358,2,0,False,-5.989,,False,False,False,2.707,inf
gen_01359,2,0,False,-7.326,,False,False,False,2.553,inf
gen_01360,7,0,False,-6.885,,False,False,False,2.736,inf
gen_01361,6,0,False,-8.191,,False,False,False,2.762,inf
gen_01362,6,0,False,-7.784,,False,False,False,2.733,inf
gen_01363,1,0,False,-6.49,,False,False,False,2.785,inf
gen_01364,5,0,False,-7.505,,False,False,False,9.245,inf
gen_01365,2,0,False,-7.048,,False,False,False,3.24,inf
gen_01366,7,0,False,-7.462,,False,False,False,2.272,inf
gen_01367,1,1,True,-7.992,-7.992,True,True,False,2.761,3.325
gen_01368,3,0,False,-7.44,,False,False,False,2.724,inf
gen_01369,2,0,False,-7.635,,False,False,False,8.55,inf
gen_01370,5,0,False,-7.025,,False,False,False,2.23,inf
gen_01371,1,0,False,-6.811,,False,False,False,9.832,inf
gen_01372,7,0,False,-8.167,,False,False,False,2.655,inf
gen_01373,12,0,False,-7.463,,False,False,False,2.804,inf
gen_01374,6,0,False,-8.267,,False,False,False,2.848,inf
gen_01375,1,0,False,-6.972,,False,False,False,2.752,inf
gen_01376,2,0,False,-6.94,,False,False,False,2.761,inf
gen_01377,4,2,True,-8.066,-8.059,True,True,True,2.731,3.386
gen_01378,7,0,False,-8.299,,False,False,False,2.348,inf
gen_01379,5,0,False,-6.919,,False,False,False,2.736,inf
gen_01380,5,0,False,-8.125,,False,False,False,16.192,inf
gen_01381,3,0,False,-7.773,,False,False,False,14.756,inf
gen_01382,2,0,False,-7.238,,False,False,False,2.393,5.132
gen_01383,4,0,False,-7.383,,False,False,False,2.758,inf
gen_01384,2,0,False,-8.084,,False,False,False,15.129,inf
gen_01385,10,0,False,-7.796,,False,False,False,2.726,6.258
gen_01386,5,0,False,-7.08,,False,False,False,2.718,inf
gen_01387,4,0,False,-7.51,,False,False,False,2.676,inf
gen_01388,2,0,False,-7.259,,False,False,False,2.29,inf
gen_01389,1,0,False,-7.799,,False,False,False,2.844,inf
gen_01390,1,0,False,-8.367,,False,False,False,2.472,5.852
gen_01391,6,0,False,-7.08,,False,False,False,2.697,4.081
gen_01392,7,0,False,-7.163,,False,False,False,2.785,inf
gen_01393,7,0,False,-7.839,,False,False,False,2.748,inf
gen_01394,5,0,False,-7.638,,False,False,False,2.497,inf
gen_01395,2,0,False,-7.665,,False,False,False,3.389,inf
gen_01396,3,0,False,-7.48,,False,False,False,2.588,inf
gen_01397,1,0,False,-7.185,,False,False,False,3.008,inf
gen_01398,3,0,False,-7.21,,False,False,False,7.373,inf
gen_01399,2,0,False,-7.476,,False,False,False,2.731,inf
gen_01400,4,1,True,-7.116,-7.073,False,True,False,2.725,3.495
gen_01401,8,0,False,-7.948,,False,False,False,2.666,inf
gen_01402,5,0,False,-7.576,,False,False,False,2.747,7.663
gen_01403,5,0,False,-7.183,,False,False,False,2.331,inf
gen_01404,4,0,False,-8.025,,False,False,False,2.754,inf
gen_01405,2,0,False,-7.911,,False,False,False,3.118,inf
gen_01406,3,0,False,-7.683,,False,False,False,11.857,inf
gen_01407,8,0,False,-8.324,,False,False,False,2.66,inf
gen_01408,2,0,False,-7.858,,False,False,False,2.762,inf
gen_01409,2,0,False,-7.216,,False,False,False,6.115,inf
gen_01410,2,0,False,-7.081,,False,False,False,2.703,4.334
gen_01411,6,0,False,-7.185,,False,False,False,2.739,4.238
gen_01412,2,0,False,-7.139,,False,False,False,2.513,inf
gen_01413,3,0,False,-6.64,,False,False,False,2.619,inf
gen_01414,2,0,False,-7.507,,False,False,False,2.676,inf
gen_01415,9,0,False,-7.677,,False,False,False,2.688,inf
gen_01416,6,0,False,-7.403,,False,False,False,2.592,4.966
gen_01417,4,0,False,-7.476,,False,False,False,14.468,3.017
gen_01418,4,0,False,-7.993,,False,False,False,2.414,inf
gen_01419,6,0,False,-7.727,,False,False,False,2.349,inf
gen_01420,7,0,False,-6.952,,False,False,False,2.424,inf
gen_01421,7,0,False,-8.144,,False,False,False,2.656,5.344
gen_01422,4,0,False,-7.634,,False,False,False,4.546,inf
gen_01423,3,0,False,-7.232,,False,False,False,3.223,inf
gen_01424,4,0,False,-6.981,,False,False,False,2.724,inf
gen_01425,1,0,False,-6.838,,False,False,False,3.215,6.794
gen_01426,4,0,False,-7.713,,False,False,False,2.325,inf
gen_01427,2,0,False,-7.055,,False,False,False,2.744,inf
gen_01428,8,0,False,-7.519,,False,False,False,2.83,inf
gen_01429,11,0,False,-7.015,,False,False,False,2.676,inf
gen_01430,2,0,False,-6.549,,False,False,False,3.993,inf
gen_01431,2,0,False,-7.97,,False,False,False,2.663,inf
gen_01432,8,0,False,-7.71,,False,False,False,2.616,inf
gen_01433,2,0,False,-7.29,,False,False,False,2.827,inf
gen_01434,4,0,False,-7.661,,False,False,False,3.174,5.562
gen_01435,3,0,False,-9.194,,False,False,False,2.714,inf
gen_01436,1,0,False,-6.652,,False,False,False,3.614,inf
gen_01437,2,0,False,-7.56,,False,False,False,2.717,5.646
gen_01438,7,0,False,-7.817,,False,False,False,2.76,inf
gen_01439,10,0,False,-8.274,,False,False,False,3.312,3.224
gen_01440,7,0,False,-7.722,,False,False,False,2.805,inf
gen_01441,1,1,True,-7.073,-7.073,False,True,False,2.822,3.114
gen_01442,3,0,False,-6.268,,False,False,False,2.812,inf
gen_01443,2,0,False,-7.183,,False,False,False,2.395,inf
gen_01444,2,0,False,-6.959,,False,False,False,2.399,inf
gen_01445,8,0,False,-7.836,,False,False,False,2.67,inf
gen_01446,2,0,False,-7.008,,False,False,False,2.201,inf
gen_01447,2,0,False,-8.574,,False,False,False,2.788,inf
gen_01448,5,0,False,-7.339,,False,False,False,2.522,inf
gen_01449,4,0,False,-8.665,,False,False,False,2.472,inf
gen_01450,3,0,False,-8.132,,False,False,False,2.59,inf
gen_01451,5,0,False,-7.69,,False,False,False,2.792,inf
gen_01452,1,0,False,-7.645,,False,False,False,2.747,inf
gen_01453,10,0,False,-6.885,,False,False,False,2.702,inf
gen_01454,1,0,False,-7.194,,False,False,False,2.691,inf
gen_01455,2,0,False,-7.606,,False,False,False,2.648,inf
gen_01456,4,0,False,-7.936,,False,False,False,2.247,inf
gen_01457,5,0,False,-6.993,,False,False,False,2.273,inf
gen_01458,9,0,False,-7.6,,False,False,False,2.679,inf
gen_01459,1,0,False,-7.888,,False,False,False,2.744,inf
gen_01460,4,0,False,-7.472,,False,False,False,2.727,inf
gen_01461,1,0,False,-7.915,,False,False,False,2.674,inf
gen_01462,2,0,False,-82.571,,False,False,False,8.743,3.515
gen_01463,4,0,False,-7.881,,False,False,False,2.455,inf
gen_01464,4,0,False,-8.187,,False,False,False,4.307,inf
gen_01465,2,0,False,-8.208,,False,False,False,2.422,8.4
gen_01466,7,0,False,-7.896,,False,False,False,2.171,inf
gen_01467,5,0,False,-7.137,,False,False,False,2.315,inf
gen_01468,3,0,False,-7.874,,False,False,False,2.443,7.214
gen_01469,6,0,False,-8.169,,False,False,False,2.26,inf
gen_01470,7,0,False,-7.317,,False,False,False,2.584,inf
gen_01471,11,0,False,-8.622,,False,False,False,3.085,3.663
gen_01472,10,0,False,-7.379,,False,False,False,2.728,inf
gen_01473,1,0,False,-7.781,,False,False,False,2.763,inf
gen_01474,8,0,False,-8.262,,False,False,False,2.717,inf
gen_01475,7,0,False,-7.779,,False,False,False,2.743,inf
gen_01476,3,0,False,-7.682,,False,False,False,2.733,2.965
gen_01477,2,2,True,-6.755,-6.755,False,True,True,2.792,2.865
gen_01478,11,0,False,-8.063,,False,False,False,2.456,inf
gen_01479,2,0,False,-7.155,,False,False,False,2.658,inf
gen_01480,3,0,False,-8.502,,False,False,False,2.781,inf
gen_01481,3,0,False,-6.969,,False,False,False,2.774,inf
gen_01482,2,0,False,-7.573,,False,False,False,2.204,inf
gen_01483,3,0,False,-82.954,,False,False,False,5.192,inf
gen_01484,1,0,False,-8.73,,False,False,False,2.781,inf
gen_01485,1,1,True,-7.875,-7.875,True,True,False,2.761,3.052
gen_01486,4,0,False,-7.981,,False,False,False,2.736,inf
gen_01487,6,0,False,-6.766,,False,False,False,2.23,inf
gen_01488,7,0,False,-7.317,,False,False,False,2.683,inf
gen_01489,5,0,False,-7.123,,False,False,False,2.594,inf
gen_01490,1,0,False,-7.644,,False,False,False,2.504,inf
gen_01491,1,0,False,-8.293,,False,False,False,2.699,inf
gen_01492,3,0,False,-7.281,,False,False,False,14.829,inf
gen_01493,2,0,False,-7.403,,False,False,False,2.793,inf
gen_01494,2,0,False,-7.662,,False,False,False,2.738,inf
gen_01495,5,0,False,-7.233,,False,False,False,2.141,inf
gen_01496,2,0,False,-7.75,,False,False,False,2.777,inf
gen_01497,2,0,False,-7.14,,False,False,False,2.292,inf
gen_01498,3,0,False,-7.41,,False,False,False,6.735,inf
gen_01499,2,0,False,-7.698,,False,False,False,2.82,inf
gen_01500,2,0,False,-8.138,,False,False,False,2.471,4.973
gen_01501,3,0,False,-6.648,,False,False,False,3.863,inf
gen_01502,8,0,False,-7.404,,False,False,False,2.534,inf
gen_01503,12,7,True,-8.582,-8.582,True,True,False,2.17,2.843
gen_01504,1,0,False,-6.781,,False,False,False,2.761,inf
gen_01505,4,0,False,-7.512,,False,False,False,2.769,inf
gen_01506,4,0,False,-8.665,,False,False,False,2.486,inf
gen_01507,2,0,False,-7.62,,False,False,False,2.672,inf
gen_01508,2,0,False,-7.65,,False,False,False,4.01,inf
gen_01509,2,0,False,-7.065,,False,False,False,2.666,5.637
gen_01510,15,0,False,-7.794,,False,False,False,3.337,inf
gen_01511,4,0,False,-8.077,,False,False,False,2.262,4.263
gen_01512,1,0,False,-6.845,,False,False,False,2.707,inf
gen_01513,2,0,False,-8.223,,False,False,False,4.39,inf
gen_01514,9,0,False,-8.302,,False,False,False,2.199,inf
gen_01515,2,0,False,-7.388,,False,False,False,2.777,inf
gen_01516,8,0,False,-8.259,,False,False,False,2.737,inf
gen_01517,2,0,False,-7.412,,False,False,False,3.217,inf
gen_01518,4,0,False,-81.776,,False,False,False,4.801,inf
gen_01519,1,0,False,-7.59,,False,False,False,3.817,inf
gen_01520,7,0,False,-7.554,,False,False,False,2.712,inf
gen_01521,3,0,False,-6.52,,False,False,False,2.236,inf
gen_01522,3,0,False,-7.809,,False,False,False,2.817,inf
gen_01523,7,0,False,-7.684,,False,False,False,2.625,inf
gen_01524,4,0,False,-7.592,,False,False,False,2.202,5.767
gen_01525,2,0,False,-5.91,,False,False,False,2.678,inf
gen_01526,2,2,True,-7.261,-7.261,False,True,True,2.779,2.921
gen_01527,3,0,False,-7.122,,False,False,False,2.348,inf
gen_01528,4,0,False,-7.813,,False,False,False,2.596,inf
gen_01529,2,0,False,-8.068,,False,False,False,2.801,4.863
gen_01530,5,0,False,-7.508,,False,False,False,2.703,inf
gen_01531,10,0,False,-7.233,,False,False,False,2.617,4.648
gen_01532,9,0,False,-8.799,,False,False,False,2.779,inf
gen_01533,5,0,False,-8.27,,False,False,False,2.65,inf
gen_01534,6,0,False,-7.489,,False,False,False,3.093,inf
gen_01535,4,0,False,-6.665,,False,False,False,2.358,inf
gen_01536,3,0,False,-7.072,,False,False,False,2.625,inf
gen_01537,2,0,False,-7.946,,False,False,False,2.784,inf
gen_01538,1,0,False,-7.95,,False,False,False,2.668,inf
gen_01539,4,0,False,-8.651,,False,False,False,2.719,inf
gen_01540,2,0,False,-8.277,,False,False,False,2.362,inf
gen_01541,6,0,False,-8.307,,False,False,False,2.708,4.469
gen_01542,6,0,False,-7.685,,False,False,False,2.861,inf
gen_01543,3,0,False,-7.968,,False,False,False,2.618,inf
gen_01544,4,0,False,-8.058,,False,False,False,2.557,inf
gen_01545,4,0,False,-7.735,,False,False,False,2.42,inf
gen_01546,9,0,False,-8.475,,False,False,False,2.779,3.894
gen_01547,5,0,False,-8.021,,False,False,False,3.492,3.078
gen_01548,1,0,False,-8.123,,False,False,False,2.796,inf
gen_01549,2,0,False,-7.023,,False,False,False,2.365,4.554
gen_01550,2,0,False,-7.393,,False,False,False,8.362,5.6
gen_01551,4,0,False,-9.209,,False,False,False,2.461,inf
gen_01552,8,0,False,-7.858,,False,False,False,2.538,inf
gen_01553,7,0,False,-7.683,,False,False,False,2.701,inf
gen_01554,3,0,False,-6.612,,False,False,False,2.296,inf
gen_01555,4,0,False,-7.558,,False,False,False,2.757,inf
gen_01556,8,0,False,-7.929,,False,False,False,2.687,4.37
gen_01557,2,1,True,-7.533,-7.533,True,True,True,2.51,2.818
gen_01558,3,2,True,-6.444,-6.415,False,True,False,2.261,3.278
gen_01559,4,0,False,-9.188,,False,False,False,2.209,inf
gen_01560,11,0,False,-7.626,,False,False,False,2.407,3.593
gen_01561,6,0,False,-7.305,,False,False,False,2.805,inf
gen_01562,1,0,False,-6.792,,False,False,False,2.519,inf
gen_01563,1,0,False,-6.75,,False,False,False,2.381,inf
gen_01564,2,0,False,-7.663,,False,False,False,2.705,inf
gen_01565,4,0,False,-7.705,,False,False,False,2.623,5.055
gen_01566,4,0,False,-7.673,,False,False,False,2.205,inf
gen_01567,1,0,False,-7.342,,False,False,False,2.787,inf
gen_01568,2,0,False,-7.116,,False,False,False,2.754,inf
gen_01569,4,0,False,-7.448,,False,False,False,2.711,4.898
gen_01570,1,0,False,-6.269,,False,False,False,2.669,inf
gen_01571,5,0,False,-8.171,,False,False,False,2.798,inf
gen_01572,6,0,False,-7.496,,False,False,False,2.582,inf
gen_01573,9,0,False,-6.856,,False,False,False,2.249,inf
gen_01574,8,0,False,-6.907,,False,False,False,2.846,inf
gen_01575,2,0,False,-7.77,,False,False,False,2.231,inf
gen_01576,2,0,False,-7.843,,False,False,False,2.724,inf
gen_01577,7,0,False,-6.722,,False,False,False,2.205,inf
gen_01578,4,0,False,-7.51,,False,False,False,9.299,5.1
gen_01579,5,0,False,-7.629,,False,False,False,2.7,inf
gen_01580,3,0,False,-6.612,,False,False,False,14.67,inf
gen_01581,4,0,False,-7.222,,False,False,False,2.753,inf
gen_01582,4,0,False,-6.851,,False,False,False,2.164,inf
gen_01583,2,0,False,-8.379,,False,False,False,3.168,6.801
gen_01584,2,0,False,-7.496,,False,False,False,11.35,inf
gen_01585,4,0,False,-8.29,,False,False,False,2.792,inf
gen_01586,2,0,False,-8.273,,False,False,False,2.439,inf
gen_01587,9,0,False,-8.029,,False,False,False,2.711,inf
gen_01588,6,0,False,-7.297,,False,False,False,2.752,inf
gen_01589,7,0,False,-8.692,,False,False,False,2.745,inf
gen_01590,7,0,False,-8.305,,False,False,False,2.722,4.875
gen_01591,8,0,False,-7.968,,False,False,False,2.688,inf
gen_01592,2,0,False,-7.089,,False,False,False,2.616,inf
gen_01593,3,0,False,-7.534,,False,False,False,2.694,6.783
gen_01594,3,0,False,-8.334,,False,False,False,2.678,inf
gen_01595,3,0,False,-8.316,,False,False,False,2.69,inf
gen_01596,2,2,True,-7.274,-7.274,False,True,True,2.755,3.049
gen_01597,4,0,False,-7.313,,False,False,False,2.631,inf
gen_01598,4,0,False,-7.351,,False,False,False,3.628,2.957
gen_01599,1,0,False,-8.1,,False,False,False,2.745,inf
gen_01600,2,0,False,-6.576,,False,False,False,7.53,inf
gen_01601,9,0,False,-8.13,,False,False,False,2.202,inf
gen_01602,2,0,False,-7.255,,False,False,False,2.594,inf
gen_01603,1,0,False,-8.188,,False,False,False,2.6,inf
gen_01604,2,0,False,-7.126,,False,False,False,2.735,inf
gen_01605,1,0,False,-7.773,,False,False,False,2.743,inf
gen_01606,1,0,False,-7.443,,False,False,False,2.748,inf
gen_01607,6,0,False,-6.814,,False,False,False,2.66,inf
gen_01608,5,0,False,-6.968,,False,False,False,2.696,4.067
gen_01609,13,0,False,-7.641,,False,False,False,2.431,6.505
gen_01610,7,0,False,-6.934,,False,False,False,3.276,inf
gen_01611,1,0,False,-6.542,,False,False,False,2.827,inf
gen_01612,2,0,False,-8.176,,False,False,False,2.631,inf
gen_01613,7,0,False,-8.326,,False,False,False,2.258,inf
gen_01614,5,0,False,-7.927,,False,False,False,2.511,inf
gen_01615,3,0,False,-7.365,,False,False,False,2.73,inf
gen_01616,11,0,False,-7.01,,False,False,False,2.434,inf
gen_01617,3,0,False,-6.8,,False,False,False,2.664,inf
gen_01618,7,0,False,-7.206,,False,False,False,8.183,inf
gen_01619,9,0,False,-8.354,,False,False,False,2.647,inf
gen_01620,2,0,False,-6.314,,False,False,False,7.487,inf
gen_01621,4,0,False,-7.783,,False,False,False,2.644,7.602
gen_01622,2,0,False,-67.94,,False,False,False,6.68,5.86
gen_01623,9,0,False,-7.968,,False,False,False,2.528,inf
gen_01624,4,0,False,-7.203,,False,False,False,2.604,inf
gen_01625,1,0,False,-7.889,,False,False,False,2.726,inf
gen_01626,2,0,False,-7.046,,False,False,False,3.357,inf
gen_01627,2,0,False,-7.418,,False,False,False,2.48,inf
gen_01628,3,0,False,-7.208,,False,False,False,2.521,6.232
gen_01629,4,0,False,-7.794,,False,False,False,3.837,8.222
gen_01630,3,0,False,-7.379,,False,False,False,2.823,inf
gen_01631,2,0,False,-7.177,,False,False,False,2.722,inf
gen_01632,11,0,False,-6.283,,False,False,False,2.689,inf
gen_01633,5,0,False,-7.106,,False,False,False,2.733,4.676
gen_01634,5,0,False,-7.193,,False,False,False,2.702,inf
gen_01635,3,0,False,-7.685,,False,False,False,2.206,inf
gen_01636,7,1,True,-7.397,-7.235,False,True,True,2.689,3.209
gen_01637,8,0,False,-8.124,,False,False,False,2.698,inf
gen_01638,3,0,False,-7.166,,False,False,False,2.548,inf
gen_01639,4,0,False,-6.902,,False,False,False,2.329,inf
gen_01640,9,0,False,-8.036,,False,False,False,2.774,inf
gen_01641,3,0,False,-8.104,,False,False,False,2.553,inf
gen_01642,2,0,False,-8.974,,False,False,False,2.77,6.094
gen_01643,5,0,False,-8.095,,False,False,False,2.634,inf
gen_01644,3,0,False,-7.682,,False,False,False,2.295,inf
gen_01645,5,0,False,-7.338,,False,False,False,2.617,inf
gen_01646,3,0,False,-7.382,,False,False,False,2.662,inf
gen_01647,3,0,False,-7.637,,False,False,False,2.642,inf
gen_01648,1,0,False,-7.347,,False,False,False,2.729,inf
gen_01649,3,0,False,-7.442,,False,False,False,2.674,inf
gen_01650,8,0,False,-7.113,,False,False,False,2.598,inf
gen_01651,6,0,False,-7.738,,False,False,False,2.791,6.039
gen_01652,2,0,False,-7.583,,False,False,False,2.291,inf
gen_01653,9,0,False,-7.782,,False,False,False,2.416,2.702
gen_01654,7,0,False,-7.609,,False,False,False,2.694,inf
gen_01655,4,0,False,-7.883,,False,False,False,7.913,inf
gen_01656,12,0,False,-7.009,,False,False,False,2.284,inf
gen_01657,4,0,False,-7.777,,False,False,False,2.763,inf
gen_01658,2,0,False,-7.222,,False,False,False,2.683,inf
gen_01659,7,0,False,-7.445,,False,False,False,2.709,inf
gen_01660,5,0,False,-7.982,,False,False,False,2.827,4.833
gen_01661,3,0,False,-7.528,,False,False,False,3.04,inf
gen_01662,6,0,False,-7.959,,False,False,False,2.757,inf
gen_01663,5,0,False,-7.528,,False,False,False,2.331,5.75
gen_01664,5,0,False,-7.852,,False,False,False,2.278,inf
gen_01665,3,0,False,-8.532,,False,False,False,2.728,inf
gen_01666,2,0,False,-7.118,,False,False,False,2.199,inf
gen_01667,1,0,False,-8.549,,False,False,False,2.748,6.094
gen_01668,2,0,False,-7.098,,False,False,False,2.61,inf
gen_01669,4,0,False,-7.6,,False,False,False,2.714,3.508
gen_01670,4,0,False,-7.13,,False,False,False,3.701,inf
gen_01671,12,0,False,-8.489,,False,False,False,2.585,inf
gen_01672,4,0,False,-7.497,,False,False,False,2.511,inf
gen_01673,2,0,False,-7.029,,False,False,False,2.456,inf
gen_01674,4,0,False,-8.031,,False,False,False,2.414,inf
gen_01675,5,0,False,-7.574,,False,False,False,2.705,inf
gen_01676,2,0,False,-8.363,,False,False,False,2.664,inf
gen_01677,4,0,False,-8.664,,False,False,False,2.747,inf
gen_01678,2,0,False,-7.997,,False,False,False,3.133,inf
gen_01679,1,0,False,-7.86,,False,False,False,2.701,inf
gen_01680,9,0,False,-7.64,,False,False,False,2.526,inf
gen_01681,8,0,False,-7.689,,False,False,False,9.586,inf
gen_01682,7,0,False,-8.275,,False,False,False,2.745,inf
gen_01683,3,0,False,-6.765,,False,False,False,11.949,2.958
gen_01684,1,0,False,-7.687,,False,False,False,2.403,inf
gen_01685,5,0,False,-7.317,,False,False,False,2.614,7.736
gen_01686,2,0,False,-8.391,,False,False,False,2.751,inf
gen_01687,2,0,False,-7.627,,False,False,False,2.675,inf
gen_01688,3,0,False,-7.799,,False,False,False,6.904,inf
gen_01689,5,0,False,-7.735,,False,False,False,2.532,inf
gen_01690,3,0,False,-6.936,,False,False,False,2.744,inf
gen_01691,4,0,False,-8.182,,False,False,False,2.557,inf
gen_01692,1,0,False,-6.751,,False,False,False,2.751,5.146
gen_01693,2,0,False,-6.596,,False,False,False,2.468,inf
gen_01694,3,0,False,-8.493,,False,False,False,2.45,inf
gen_01695,2,0,False,-7.351,,False,False,False,2.805,inf
gen_01696,6,0,False,-6.379,,False,False,False,2.301,inf
gen_01697,5,0,False,-7.124,,False,False,False,2.726,inf
gen_01698,2,0,False,-7.194,,False,False,False,2.652,inf
gen_01699,2,0,False,-7.517,,False,False,False,2.697,5.083
gen_01700,5,0,False,-7.164,,False,False,False,2.444,inf
gen_01701,4,0,False,-7.746,,False,False,False,2.635,inf
gen_01702,2,0,False,-7.888,,False,False,False,2.738,inf
gen_01703,1,0,False,-8.104,,False,False,False,2.881,inf
gen_01704,1,0,False,-7.779,,False,False,False,15.512,inf
gen_01705,7,0,False,-7.84,,False,False,False,2.651,3.97
gen_01706,2,0,False,-7.638,,False,False,False,2.709,inf
gen_01707,1,0,False,-7.945,,False,False,False,2.683,6.388
gen_01708,10,0,False,-7.946,,False,False,False,2.697,inf
gen_01709,6,0,False,-7.535,,False,False,False,2.693,inf
gen_01710,3,0,False,-6.95,,False,False,False,2.503,inf
gen_01711,1,0,False,-7.276,,False,False,False,4.717,inf
gen_01712,6,0,False,-7.608,,False,False,False,2.438,inf
gen_01713,2,1,True,-6.88,-6.849,False,True,True,2.465,2.93
gen_01714,3,3,True,-7.887,-7.887,True,True,True,2.74,2.804
gen_01715,8,0,False,-6.932,,False,False,False,2.608,inf
gen_01716,2,0,False,-7.254,,False,False,False,2.515,inf
gen_01717,2,0,False,-7.782,,False,False,False,2.485,inf
gen_01718,4,0,False,-7.516,,False,False,False,3.544,inf
gen_01719,2,0,False,-7.345,,False,False,False,2.824,inf
gen_01720,4,0,False,-7.325,,False,False,False,3.01,inf
gen_01721,1,0,False,-7.707,,False,False,False,3.94,3.828
gen_01722,7,0,False,-6.893,,False,False,False,2.569,6.504
gen_01723,1,0,False,-7.509,,False,False,False,2.816,inf
gen_01724,6,0,False,-7.738,,False,False,False,2.424,inf
gen_01725,2,0,False,-7.869,,False,False,False,2.339,inf
gen_01726,6,0,False,-7.758,,False,False,False,2.607,6.396
gen_01727,3,0,False,-77.894,,False,False,False,2.888,inf
gen_01728,3,0,False,-7.159,,False,False,False,2.722,inf
gen_01729,2,0,False,-8.373,,False,False,False,2.684,inf
gen_01730,2,0,False,-8.973,,False,False,False,2.652,7.868
gen_01731,1,0,False,-7.383,,False,False,False,2.647,inf
gen_01732,11,4,True,-7.649,-7.649,True,True,True,2.727,2.886
gen_01733,2,0,False,-7.963,,False,False,False,2.614,inf
gen_01734,2,0,False,-7.013,,False,False,False,2.703,inf
gen_01735,3,0,False,-6.403,,False,False,False,2.374,inf
gen_01736,4,0,False,-7.908,,False,False,False,4.549,inf
gen_01737,2,0,False,-6.371,,False,False,False,2.604,inf
gen_01738,3,0,False,-7.583,,False,False,False,2.763,inf
gen_01739,2,0,False,-8.373,,False,False,False,2.499,inf
gen_01740,4,0,False,-7.048,,False,False,False,2.768,inf
gen_01741,6,0,False,-7.11,,False,False,False,2.577,inf
gen_01742,1,0,False,-6.46,,False,False,False,2.818,8.532
gen_01743,3,0,False,-7.171,,False,False,False,2.598,inf
gen_01744,3,0,False,-8.471,,False,False,False,2.78,inf
gen_01745,8,1,True,-7.546,-7.16,False,True,True,2.585,2.698
gen_01746,2,1,True,-7.066,-7.066,False,True,False,2.412,3.026
gen_01747,2,0,False,-7.598,,False,False,False,12.799,inf
gen_01748,1,0,False,-40.929,,False,False,False,9.606,12.529
gen_01749,3,0,False,-7.295,,False,False,False,3.09,inf
gen_01750,11,0,False,-8.367,,False,False,False,2.677,5.715
gen_01751,1,0,False,-6.703,,False,False,False,2.821,inf
gen_01752,3,0,False,-7.447,,False,False,False,2.306,inf
gen_01753,5,0,False,-7.315,,False,False,False,2.33,inf
gen_01754,7,0,False,-8.152,,False,False,False,2.692,4.136
gen_01755,3,0,False,-7.513,,False,False,False,2.409,inf
gen_01756,3,0,False,-7.959,,False,False,False,3.041,inf
gen_01757,4,0,False,-8.005,,False,False,False,2.588,inf
gen_01758,4,0,False,-8.363,,False,False,False,2.766,4.587
gen_01759,10,0,False,-7.281,,False,False,False,2.639,inf
gen_01760,3,0,False,-7.544,,False,False,False,2.525,inf
gen_01761,4,0,False,-8.587,,False,False,False,2.665,inf
gen_01762,8,0,False,-7.531,,False,False,False,2.245,5.467
gen_01763,3,0,False,-8.203,,False,False,False,2.289,inf
gen_01764,1,0,False,-7.085,,False,False,False,2.728,inf
gen_01765,2,0,False,-8.93,,False,False,False,2.736,inf
gen_01766,6,0,False,-8.289,,False,False,False,2.686,inf
gen_01767,4,0,False,-8.076,,False,False,False,2.739,inf
gen_01768,7,0,False,-7.285,,False,False,False,2.356,inf
gen_01769,4,0,False,-6.525,,False,False,False,2.3,inf
gen_01770,2,0,False,-8.096,,False,False,False,2.645,inf
gen_01771,1,0,False,-7.264,,False,False,False,2.594,inf
gen_01772,8,0,False,-7.626,,False,False,False,2.638,inf
gen_01773,3,0,False,-7.889,,False,False,False,2.643,inf
gen_01774,8,0,False,-7.315,,False,False,False,2.297,inf
gen_01775,5,0,False,-8.089,,False,False,False,3.122,inf
gen_01776,3,0,False,-6.896,,False,False,False,12.439,inf
gen_01777,4,0,False,-8.022,,False,False,False,2.688,inf
gen_01778,2,0,False,-7.185,,False,False,False,2.629,inf
gen_01779,3,0,False,-9.174,,False,False,False,2.623,inf
gen_01780,1,0,False,-6.75,,False,False,False,2.683,inf
gen_01781,4,0,False,-7.369,,False,False,False,2.218,inf
gen_01782,2,0,False,-7.629,,False,False,False,2.646,inf
gen_01783,1,0,False,-7.449,,False,False,False,2.782,6.895
gen_01784,3,0,False,-7.922,,False,False,False,2.64,inf
gen_01785,2,0,False,-6.72,,False,False,False,3.074,inf
gen_01786,3,0,False,-7.28,,False,False,False,2.718,4.666
gen_01787,1,0,False,-7.091,,False,False,False,6.729,5.901
gen_01788,4,0,False,-6.878,,False,False,False,2.339,inf
gen_01789,4,0,False,-8.383,,False,False,False,2.584,inf
gen_01790,8,0,False,-7.282,,False,False,False,2.49,inf
gen_01791,4,0,False,-7.106,,False,False,False,2.676,inf
gen_01792,13,0,False,-7.089,,False,False,False,2.598,inf
gen_01793,4,0,False,-7.666,,False,False,False,4.271,inf
gen_01794,2,0,False,-8.441,,False,False,False,3.16,5.804
gen_01795,2,0,False,-7.91,,False,False,False,11.348,inf
gen_01796,1,0,False,-6.972,,False,False,False,2.587,inf
gen_01797,4,0,False,-6.956,,False,False,False,2.58,2.888
gen_01798,2,0,False,-7.425,,False,False,False,2.782,inf
gen_01799,5,0,False,-7.999,,False,False,False,2.671,inf
gen_01800,4,0,False,-7.611,,False,False,False,2.656,inf
gen_01801,8,0,False,-8.013,,False,False,False,2.657,inf
gen_01802,4,0,False,-7.837,,False,False,False,10.819,5.171
gen_01803,3,0,False,-7.787,,False,False,False,3.506,inf
gen_01804,2,0,False,-7.333,,False,False,False,2.684,inf
gen_01805,7,0,False,-6.842,,False,False,False,2.798,inf
gen_01806,12,0,False,-7.113,,False,False,False,2.231,inf
gen_01807,2,0,False,-7.787,,False,False,False,2.364,inf
gen_01808,8,0,False,-7.799,,False,False,False,2.45,inf
gen_01809,6,0,False,-7.875,,False,False,False,2.381,inf
gen_01810,2,0,False,-7.626,,False,False,False,2.725,inf
gen_01811,4,0,False,-7.77,,False,False,False,2.266,inf
gen_01812,4,0,False,-7.84,,False,False,False,2.526,inf
gen_01813,1,0,False,-7.761,,False,False,False,2.698,inf
gen_01814,1,0,False,-6.992,,False,False,False,2.764,inf
gen_01815,11,0,False,-7.844,,False,False,False,2.479,inf
gen_01816,2,0,False,-7.3,,False,False,False,2.744,inf
gen_01817,9,0,False,-7.358,,False,False,False,2.708,inf
gen_01818,1,0,False,-6.632,,False,False,False,3.199,inf
gen_01819,4,0,False,-7.064,,False,False,False,2.348,inf
gen_01820,6,0,False,-7.901,,False,False,False,2.677,inf
gen_01821,3,0,False,-7.275,,False,False,False,13.372,inf
gen_01822,2,0,False,-7.282,,False,False,False,8.416,inf
gen_01823,9,0,False,-7.874,,False,False,False,8.201,inf
gen_01824,5,0,False,-7.78,,False,False,False,2.441,8.098
gen_01825,1,0,False,-7.561,,False,False,False,2.204,inf
gen_01826,1,1,True,-7.99,-7.99,True,True,True,2.786,2.75
gen_01827,5,0,False,-7.077,,False,False,False,15.344,inf
gen_01828,9,0,False,-7.326,,False,False,False,2.332,inf
gen_01829,1,0,False,-6.609,,False,False,False,2.737,inf
gen_01830,5,0,False,-6.871,,False,False,False,2.404,inf
gen_01831,8,0,False,-7.471,,False,False,False,2.573,inf
gen_01832,1,0,False,-7.147,,False,False,False,2.841,9.573
gen_01833,8,0,False,-7.632,,False,False,False,2.749,inf
gen_01834,3,0,False,-7.456,,False,False,False,2.7,4.828
gen_01835,9,0,False,-6.347,,False,False,False,2.82,inf
gen_01836,4,0,False,-8.542,,False,False,False,2.715,inf
gen_01837,3,0,False,-7.676,,False,False,False,12.401,inf
gen_01838,2,0,False,-8.252,,False,False,False,2.74,inf
gen_01839,5,0,False,-8.176,,False,False,False,2.746,inf
gen_01840,2,0,False,-8.25,,False,False,False,2.707,inf
gen_01841,5,0,False,-7.03,,False,False,False,2.685,inf
gen_01842,4,0,False,-8.319,,False,False,False,2.393,inf
gen_01843,7,0,False,-8.46,,False,False,False,3.384,3.704
gen_01844,4,0,False,-7.602,,False,False,False,2.297,inf
gen_01845,7,0,False,-7.727,,False,False,False,2.64,inf
gen_01846,4,0,False,-7.107,,False,False,False,2.42,inf
gen_01847,4,0,False,-7.715,,False,False,False,2.713,4.804
gen_01848,3,3,True,-7.619,-7.619,True,True,True,2.693,3.039
gen_01849,3,0,False,-7.389,,False,False,False,2.687,inf
gen_01850,4,0,False,-8.643,,False,False,False,2.721,6.487
gen_01851,1,0,False,-7.65,,False,False,False,2.419,inf
gen_01852,2,0,False,-7.215,,False,False,False,2.79,inf
gen_01853,2,0,False,-7.486,,False,False,False,2.877,inf
gen_01854,6,0,False,-7.644,,False,False,False,2.651,inf
gen_01855,4,0,False,-6.828,,False,False,False,2.717,inf
gen_01856,6,0,False,-7.282,,False,False,False,2.668,6.885
gen_01857,2,1,True,-7.168,-7.167,False,True,False,2.794,3.49
gen_01858,2,0,False,-7.756,,False,False,False,2.573,inf
gen_01859,2,0,False,-6.623,,False,False,False,2.7,inf
gen_01860,1,0,False,-8.051,,False,False,False,2.745,inf
gen_01861,13,0,False,-7.161,,False,False,False,2.72,inf
gen_01862,3,0,False,-34.811,,False,False,False,4.578,inf
gen_01863,4,0,False,-8.674,,False,False,False,2.599,inf
gen_01864,7,0,False,-8.315,,False,False,False,2.328,inf
gen_01865,2,0,False,-8.39,,False,False,False,2.778,inf
gen_01866,3,0,False,-7.29,,False,False,False,2.651,inf
gen_01867,2,0,False,-7.375,,False,False,False,4.322,inf
gen_01868,1,0,False,-7.894,,False,False,False,2.839,inf
gen_01869,7,0,False,-7.993,,False,False,False,3.827,4.519
gen_01870,2,0,False,-8.257,,False,False,False,2.561,inf
gen_01871,5,0,False,-7.567,,False,False,False,2.337,inf
gen_01872,3,0,False,-7.759,,False,False,False,2.519,inf
gen_01873,5,0,False,-7.856,,False,False,False,2.314,inf
gen_01874,2,0,False,-7.923,,False,False,False,2.701,inf
gen_01875,5,0,False,-7.595,,False,False,False,2.194,inf
gen_01876,3,0,False,-8.644,,False,False,False,14.219,5.187
gen_01877,3,0,False,-7.827,,False,False,False,2.197,inf
gen_01878,1,0,False,-7.815,,False,False,False,2.724,inf
gen_01879,3,0,False,-6.928,,False,False,False,2.638,inf
gen_01880,3,0,False,-6.685,,False,False,False,2.703,inf
gen_01881,1,0,False,-6.34,,False,False,False,2.733,inf
gen_01882,2,0,False,-7.481,,False,False,False,2.806,inf
gen_01883,1,0,False,-7.482,,False,False,False,2.775,inf
gen_01884,8,0,False,-7.603,,False,False,False,2.202,inf
gen_01885,10,0,False,-7.192,,False,False,False,2.683,inf
gen_01886,7,0,False,-7.128,,False,False,False,2.376,inf
gen_01887,6,0,False,-7.03,,False,False,False,2.712,inf
gen_01888,1,0,False,-7.629,,False,False,False,2.833,inf
gen_01889,1,0,False,-6.254,,False,False,False,2.803,6.351
gen_01890,8,0,False,-7.18,,False,False,False,2.729,inf
gen_01891,4,0,False,-7.996,,False,False,False,2.748,inf
gen_01892,2,0,False,-7.685,,False,False,False,3.875,4.139
gen_01893,4,0,False,-8.25,,False,False,False,3.854,inf
gen_01894,4,0,False,-7.192,,False,False,False,5.217,inf
gen_01895,8,0,False,-7.03,,False,False,False,8.334,3.97
gen_01896,3,1,True,-7.07,-6.713,False,True,True,2.199,3.369
gen_01897,7,0,False,-7.264,,False,False,False,2.214,inf
gen_01898,3,0,False,-8.053,,False,False,False,2.28,inf
gen_01899,1,0,False,-6.837,,False,False,False,3.296,7.442
gen_01900,2,0,False,-7.198,,False,False,False,2.17,5.783
gen_01901,8,0,False,-8.0,,False,False,False,2.72,inf
gen_01902,5,0,False,-6.914,,False,False,False,2.351,inf
gen_01903,2,0,False,-6.785,,False,False,False,14.682,inf
gen_01904,8,0,False,-7.988,,False,False,False,2.746,inf
gen_01905,2,0,False,-7.721,,False,False,False,2.769,inf
gen_01906,3,0,False,-8.352,,False,False,False,2.536,inf
gen_01907,3,0,False,-7.351,,False,False,False,2.738,3.919
gen_01908,12,0,False,-7.911,,False,False,False,8.581,4.078
gen_01909,4,0,False,-6.917,,False,False,False,12.747,inf
gen_01910,2,0,False,-6.117,,False,False,False,2.673,inf
gen_01911,6,0,False,-7.804,,False,False,False,2.764,inf
gen_01912,1,0,False,-7.162,,False,False,False,2.842,inf
gen_01913,2,0,False,-6.219,,False,False,False,2.763,inf
gen_01914,10,0,False,-7.903,,False,False,False,2.639,inf
gen_01915,5,0,False,-7.702,,False,False,False,2.824,inf
gen_01916,2,0,False,-7.438,,False,False,False,2.734,inf
gen_01917,6,0,False,-7.851,,False,False,False,14.996,3.144
gen_01918,1,0,False,-6.962,,False,False,False,3.292,inf
gen_01919,1,0,False,-7.33,,False,False,False,3.839,inf
gen_01920,1,0,False,-49.159,,False,False,False,3.409,inf
gen_01921,3,0,False,-7.438,,False,False,False,2.757,inf
gen_01922,2,0,False,-7.52,,False,False,False,2.699,inf
gen_01923,1,0,False,-7.698,,False,False,False,2.743,inf
gen_01924,3,0,False,-7.969,,False,False,False,2.401,inf
gen_01925,2,0,False,-7.28,,False,False,False,2.485,inf
gen_01926,5,0,False,-6.963,,False,False,False,2.643,inf
gen_01927,1,0,False,-7.131,,False,False,False,2.664,inf
gen_01928,2,0,False,-7.215,,False,False,False,3.197,inf
gen_01929,3,0,False,-6.334,,False,False,False,2.706,inf
gen_01930,4,0,False,-8.28,,False,False,False,2.369,inf
gen_01931,6,0,False,-7.222,,False,False,False,2.75,inf
gen_01932,5,0,False,-7.152,,False,False,False,2.789,inf
gen_01933,4,0,False,-6.714,,False,False,False,3.242,inf
gen_01934,2,0,False,-7.073,,False,False,False,3.897,inf
gen_01935,9,0,False,-7.047,,False,False,False,2.605,inf
gen_01936,2,0,False,-7.608,,False,False,False,2.657,inf
gen_01937,2,0,False,-6.515,,False,False,False,2.851,inf
gen_01938,4,0,False,-8.296,,False,False,False,2.753,3.795
gen_01939,2,0,False,-7.056,,False,False,False,2.663,inf
gen_01940,4,0,False,-8.124,,False,False,False,2.774,inf
gen_01941,1,0,False,-7.414,,False,False,False,2.805,inf
gen_01942,1,0,False,-7.839,,False,False,False,2.724,inf
gen_01943,9,0,False,-7.641,,False,False,False,2.308,inf
gen_01944,2,0,False,-7.359,,False,False,False,2.244,inf
gen_01945,2,0,False,-7.293,,False,False,False,2.601,inf
gen_01946,5,0,False,-7.552,,False,False,False,2.247,inf
gen_01947,1,1,True,-7.563,-7.563,True,True,False,2.761,3.092
gen_01948,4,0,False,-7.929,,False,False,False,2.497,inf
gen_01949,4,0,False,-6.981,,False,False,False,2.611,inf
gen_01950,3,0,False,-7.435,,False,False,False,2.542,inf
gen_01951,4,0,False,-7.819,,False,False,False,9.777,inf
gen_01952,2,0,False,-7.556,,False,False,False,2.782,inf
gen_01953,2,0,False,-7.461,,False,False,False,2.748,inf
gen_01954,8,0,False,-7.652,,False,False,False,2.644,inf
gen_01955,2,0,False,-8.249,,False,False,False,2.667,inf
gen_01956,8,0,False,-8.175,,False,False,False,2.825,inf
gen_01957,4,0,False,-7.587,,False,False,False,2.698,inf
gen_01958,5,0,False,-7.508,,False,False,False,2.668,inf
gen_01959,7,0,False,-7.522,,False,False,False,2.235,inf
gen_01960,4,0,False,-7.979,,False,False,False,2.218,inf
gen_01961,3,0,False,-7.798,,False,False,False,2.705,inf
gen_01962,2,0,False,-7.632,,False,False,False,10.432,inf
gen_01963,1,0,False,-6.269,,False,False,False,2.66,inf
gen_01964,4,0,False,-7.672,,False,False,False,2.358,inf
gen_01965,3,0,False,-7.964,,False,False,False,2.736,5.452
gen_01966,6,0,False,-6.531,,False,False,False,2.338,inf
gen_01967,5,0,False,-7.198,,False,False,False,2.313,inf
gen_01968,9,0,False,-7.621,,False,False,False,2.822,3.647
gen_01969,2,0,False,-7.665,,False,False,False,2.795,inf
gen_01970,2,0,False,-7.874,,False,False,False,2.753,4.601
gen_01971,10,0,False,-7.309,,False,False,False,2.828,5.401
gen_01972,1,0,False,-7.534,,False,False,False,2.686,inf
gen_01973,1,1,True,-7.498,-7.498,True,True,False,2.686,2.884
gen_01974,3,0,False,-6.91,,False,False,False,2.314,inf
gen_01975,3,0,False,-6.49,,False,False,False,9.826,inf
gen_01976,2,0,False,-6.914,,False,False,False,2.792,inf
gen_01977,1,0,False,-7.725,,False,False,False,2.861,inf
gen_01978,2,0,False,-6.979,,False,False,False,2.782,inf
gen_01979,5,0,False,-7.593,,False,False,False,2.428,inf
gen_01980,3,0,False,-6.903,,False,False,False,2.673,inf
gen_01981,1,0,False,-7.22,,False,False,False,2.697,inf
gen_01982,4,0,False,-8.64,,False,False,False,2.243,inf
gen_01983,5,0,False,-7.845,,False,False,False,15.189,inf
gen_01984,4,0,False,-7.158,,False,False,False,2.828,inf
gen_01985,5,0,False,-7.674,,False,False,False,2.442,inf
gen_01986,7,0,False,-7.134,,False,False,False,2.57,inf
gen_01987,5,0,False,-7.747,,False,False,False,2.647,4.638
gen_01988,2,0,False,-7.039,,False,False,False,2.266,inf
gen_01989,1,0,False,-6.868,,False,False,False,2.734,inf
gen_01990,3,0,False,-7.722,,False,False,False,2.601,3.024
gen_01991,2,0,False,-7.673,,False,False,False,2.501,inf
gen_01992,3,0,False,-7.578,,False,False,False,2.759,inf
gen_01993,12,0,False,-6.931,,False,False,False,2.628,inf
gen_01994,4,4,True,-7.504,-7.504,True,True,True,2.772,3.072
gen_01995,4,0,False,-7.454,,False,False,False,2.691,inf
gen_01996,3,0,False,-7.914,,False,False,False,3.046,inf
gen_01997,1,0,False,-6.593,,False,False,False,12.335,inf
gen_01998,1,0,False,-6.625,,False,False,False,3.751,7.287
gen_01999,3,0,False,-6.758,,False,False,False,4.663,inf
gen_02000,9,0,False,-6.782,,False,False,False,2.783,inf
gen_02001,2,0,False,-8.181,,False,False,False,2.713,inf
gen_02002,2,0,False,-7.289,,False,False,False,2.791,inf
gen_02003,5,0,False,-7.035,,False,False,False,2.257,inf
gen_02004,6,0,False,-8.468,,False,False,False,2.739,inf
gen_02005,5,0,False,-8.018,,False,False,False,8.403,2.963
gen_02006,3,0,False,-7.518,,False,False,False,2.691,inf
gen_02007,1,0,False,-6.8,,False,False,False,2.544,5.974
gen_02008,3,0,False,-7.965,,False,False,False,8.427,inf
gen_02009,2,0,False,-8.014,,False,False,False,2.722,inf
gen_02010,4,2,True,-8.383,-8.383,True,True,True,2.751,3.241
gen_02011,5,0,False,-8.111,,False,False,False,2.687,4.768
gen_02012,3,0,False,-7.897,,False,False,False,2.797,5.43
gen_02013,2,0,False,-8.885,,False,False,False,2.734,inf
gen_02014,7,0,False,-7.707,,False,False,False,2.439,inf
gen_02015,2,0,False,-7.281,,False,False,False,2.751,inf
gen_02016,1,0,False,-6.671,,False,False,False,2.77,inf
gen_02017,1,0,False,-6.033,,False,False,False,2.756,inf
gen_02018,1,0,False,-6.89,,False,False,False,2.883,6.048
gen_02019,3,0,False,-6.268,,False,False,False,2.58,inf
gen_02020,1,0,False,-7.093,,False,False,False,2.728,inf
gen_02021,2,0,False,-7.422,,False,False,False,2.707,inf
gen_02022,3,0,False,-7.239,,False,False,False,2.688,inf
gen_02023,6,0,False,-8.025,,False,False,False,2.749,inf
gen_02024,2,0,False,-8.231,,False,False,False,2.609,inf
gen_02025,4,0,False,-7.964,,False,False,False,2.865,inf
gen_02026,2,0,False,-7.947,,False,False,False,2.671,inf
gen_02027,2,0,False,-6.901,,False,False,False,13.817,7.131
gen_02028,4,0,False,-78.417,,False,False,False,5.914,5.704
gen_02029,1,0,False,-7.886,,False,False,False,2.757,inf
gen_02030,6,0,False,-7.216,,False,False,False,3.052,inf
gen_02031,2,0,False,-6.735,,False,False,False,2.656,7.031
gen_02032,2,0,False,-7.628,,False,False,False,2.849,inf
gen_02033,3,0,False,-7.174,,False,False,False,3.236,4.266
gen_02034,3,0,False,-78.644,,False,False,False,1.231,inf
gen_02035,5,0,False,-7.075,,False,False,False,12.749,5.823
gen_02036,3,0,False,-7.456,,False,False,False,2.807,inf
gen_02037,11,0,False,-6.997,,False,False,False,2.208,inf
gen_02038,1,0,False,-6.873,,False,False,False,2.849,inf
gen_02039,1,0,False,-7.076,,False,False,False,2.721,inf
gen_02040,4,0,False,-7.753,,False,False,False,2.579,inf
gen_02041,2,0,False,-7.573,,False,False,False,3.564,7.043
gen_02042,3,0,False,-7.752,,False,False,False,2.863,inf
gen_02043,9,0,False,-7.809,,False,False,False,2.415,inf
gen_02044,2,0,False,-7.287,,False,False,False,2.78,inf
gen_02045,9,0,False,-8.618,,False,False,False,2.452,inf
gen_02046,2,0,False,-7.085,,False,False,False,13.104,inf
gen_02047,2,0,False,-7.07,,False,False,False,3.924,inf
gen_02048,3,0,False,-7.496,,False,False,False,2.673,inf
gen_02049,2,0,False,-7.798,,False,False,False,2.431,inf
gen_02050,4,0,False,-7.758,,False,False,False,2.682,5.532
gen_02051,4,0,False,-8.126,,False,False,False,2.802,inf
gen_02052,3,0,False,-7.493,,False,False,False,2.693,inf
gen_02053,5,0,False,-7.77,,False,False,False,2.628,5.61
gen_02054,2,0,False,-7.153,,False,False,False,2.751,inf
gen_02055,5,0,False,-8.349,,False,False,False,2.206,8.473
gen_02056,5,0,False,-7.184,,False,False,False,2.772,inf
gen_02057,2,0,False,-7.568,,False,False,False,2.626,inf
gen_02058,3,0,False,-7.169,,False,False,False,3.816,inf
gen_02059,6,0,False,-7.009,,False,False,False,2.491,inf
gen_02060,2,0,False,-8.381,,False,False,False,2.762,inf
gen_02061,11,0,False,-7.605,,False,False,False,2.615,inf
gen_02062,11,0,False,-7.954,,False,False,False,3.29,inf
gen_02063,1,0,False,-7.418,,False,False,False,2.197,inf
gen_02064,4,0,False,-9.072,,False,False,False,2.801,inf
gen_02065,2,0,False,-7.417,,False,False,False,2.562,inf
gen_02066,4,0,False,-7.951,,False,False,False,2.751,4.884
gen_02067,1,0,False,-8.002,,False,False,False,7.752,inf
gen_02068,7,0,False,-7.85,,False,False,False,2.722,inf
gen_02069,4,0,False,-7.097,,False,False,False,2.722,inf
gen_02070,9,0,False,-8.235,,False,False,False,2.647,inf
gen_02071,9,0,False,-7.894,,False,False,False,2.647,inf
gen_02072,2,0,False,-7.035,,False,False,False,3.839,inf
gen_02073,1,0,False,-7.426,,False,False,False,2.75,inf
gen_02074,5,0,False,-7.422,,False,False,False,2.273,inf
gen_02075,2,0,False,-7.267,,False,False,False,2.712,inf
gen_02076,5,0,False,-8.598,,False,False,False,2.654,7.858
gen_02077,4,0,False,-8.393,,False,False,False,2.588,inf
gen_02078,1,0,False,-6.061,,False,False,False,2.686,inf
gen_02079,9,0,False,-7.23,,False,False,False,2.733,4.192
gen_02080,3,0,False,-6.82,,False,False,False,2.753,inf
gen_02081,6,0,False,-7.488,,False,False,False,2.53,3.872
gen_02082,3,0,False,-6.594,,False,False,False,2.736,inf
gen_02083,1,0,False,-64.713,,False,False,False,12.207,7.499
gen_02084,5,0,False,-7.025,,False,False,False,2.827,inf
gen_02085,2,0,False,-7.419,,False,False,False,3.114,inf
gen_02086,7,0,False,-7.591,,False,False,False,3.575,inf
gen_02087,11,9,True,-7.551,-7.551,True,True,True,2.444,2.812
gen_02088,3,0,False,-7.121,,False,False,False,3.493,4.96
gen_02089,1,0,False,-8.377,,False,False,False,3.084,inf
gen_02090,6,0,False,-8.155,,False,False,False,2.421,4.743
gen_02091,2,0,False,-7.205,,False,False,False,2.603,inf
gen_02092,2,0,False,-7.164,,False,False,False,3.433,inf
gen_02093,2,0,False,-6.317,,False,False,False,2.749,inf
gen_02094,1,0,False,-7.356,,False,False,False,4.16,5.183
gen_02095,7,0,False,-6.37,,False,False,False,2.452,inf
gen_02096,9,0,False,-7.492,,False,False,False,14.351,inf
gen_02097,10,4,True,-7.356,-7.31,True,True,True,2.666,3.198
gen_02098,2,0,False,-7.111,,False,False,False,6.752,4.709
gen_02099,10,0,False,-7.712,,False,False,False,2.273,inf
gen_02100,5,0,False,-7.272,,False,False,False,2.724,inf
gen_02101,2,0,False,-8.383,,False,False,False,2.2,inf
gen_02102,4,0,False,-8.197,,False,False,False,2.725,inf
gen_02103,3,0,False,-6.809,,False,False,False,2.458,inf
gen_02104,6,0,False,-7.093,,False,False,False,2.505,inf
gen_02105,3,0,False,-6.386,,False,False,False,3.13,6.246
gen_02106,2,0,False,-7.25,,False,False,False,2.797,4.676
gen_02107,15,0,False,-7.958,,False,False,False,2.431,3.744
gen_02108,4,0,False,-6.631,,False,False,False,4.132,inf
gen_02109,5,0,False,-6.507,,False,False,False,2.728,inf
gen_02110,3,0,False,-8.232,,False,False,False,2.788,inf
gen_02111,4,0,False,-6.973,,False,False,False,2.389,inf
gen_02112,4,0,False,-7.408,,False,False,False,2.789,inf
gen_02113,2,0,False,-7.318,,False,False,False,2.759,inf
gen_02114,1,0,False,-8.037,,False,False,False,2.813,inf
gen_02115,10,0,False,-7.008,,False,False,False,2.436,inf
gen_02116,4,0,False,-8.145,,False,False,False,3.386,inf
gen_02117,4,0,False,-7.228,,False,False,False,13.603,3.301
gen_02118,8,0,False,-6.937,,False,False,False,2.627,inf
gen_02119,2,0,False,-7.641,,False,False,False,2.725,inf
gen_02120,4,0,False,-7.59,,False,False,False,3.766,inf
gen_02121,2,0,False,-7.114,,False,False,False,2.731,inf
gen_02122,4,0,False,-8.36,,False,False,False,2.57,5.773
gen_02123,3,0,False,-8.265,,False,False,False,2.799,inf
gen_02124,2,0,False,-97.545,,False,False,False,7.19,inf
gen_02125,12,0,False,-7.274,,False,False,False,2.318,inf
gen_02126,7,0,False,-7.885,,False,False,False,2.524,inf
gen_02127,12,0,False,-7.668,,False,False,False,2.549,inf
gen_02128,5,0,False,-7.097,,False,False,False,2.571,inf
gen_02129,4,0,False,-7.368,,False,False,False,3.881,7.077
gen_02130,4,0,False,-8.045,,False,False,False,2.572,3.896
gen_02131,7,0,False,-7.537,,False,False,False,2.664,inf
gen_02132,4,0,False,-6.718,,False,False,False,2.451,inf
gen_02133,4,0,False,-7.68,,False,False,False,2.325,inf
gen_02134,11,0,False,-7.736,,False,False,False,6.971,inf
gen_02135,2,0,False,-7.265,,False,False,False,2.805,inf
gen_02136,7,0,False,-7.175,,False,False,False,2.478,inf
gen_02137,6,6,True,-8.221,-8.221,True,True,True,2.698,2.9
gen_02138,1,0,False,-7.239,,False,False,False,2.75,inf
gen_02139,7,0,False,-7.41,,False,False,False,13.858,4.029
gen_02140,2,0,False,-6.322,,False,False,False,3.847,inf
gen_02141,1,0,False,-7.131,,False,False,False,2.719,inf
gen_02142,1,1,True,-7.586,-7.586,True,True,True,2.687,2.983
gen_02143,2,0,False,-7.122,,False,False,False,8.673,inf
gen_02144,7,0,False,-7.601,,False,False,False,2.617,inf
gen_02145,2,0,False,-7.077,,False,False,False,2.355,inf
gen_02146,10,0,False,-7.739,,False,False,False,2.749,inf
gen_02147,10,0,False,-7.351,,False,False,False,2.394,inf
gen_02148,8,0,False,-7.337,,False,False,False,2.423,inf
gen_02149,2,0,False,-7.076,,False,False,False,2.732,inf
gen_02150,11,0,False,-7.347,,False,False,False,2.206,inf
gen_02151,2,0,False,-7.695,,False,False,False,3.611,6.141
gen_02152,2,0,False,-6.94,,False,False,False,2.765,inf
gen_02153,3,0,False,-7.65,,False,False,False,2.727,inf
gen_02154,5,0,False,-7.419,,False,False,False,8.394,inf
gen_02155,10,0,False,-7.23,,False,False,False,2.798,inf
gen_02156,1,0,False,-7.114,,False,False,False,2.701,inf
gen_02157,3,0,False,-7.437,,False,False,False,6.631,4.123
gen_02158,1,0,False,-8.133,,False,False,False,2.723,inf
gen_02159,3,0,False,-6.975,,False,False,False,2.777,inf
gen_02160,2,0,False,-7.296,,False,False,False,4.739,inf
gen_02161,2,0,False,-7.68,,False,False,False,2.683,inf
gen_02162,1,0,False,-6.911,,False,False,False,3.102,inf
gen_02163,5,0,False,-8.628,,False,False,False,2.343,5.349
gen_02164,6,5,True,-7.429,-7.429,True,True,True,2.581,2.927
gen_02165,9,0,False,-7.224,,False,False,False,2.472,inf
gen_02166,7,0,False,-7.025,,False,False,False,2.702,inf
gen_02167,1,1,True,-7.081,-7.081,False,True,False,2.461,3.213
gen_02168,6,0,False,-7.707,,False,False,False,2.274,inf
gen_02169,3,0,False,-8.666,,False,False,False,2.736,inf
gen_02170,8,0,False,-8.405,,False,False,False,2.693,inf
gen_02171,2,0,False,-7.177,,False,False,False,3.178,inf
gen_02172,4,0,False,-7.667,,False,False,False,2.341,inf
gen_02173,2,0,False,-7.312,,False,False,False,2.723,inf
gen_02174,4,0,False,-7.558,,False,False,False,3.138,inf
gen_02175,1,0,False,-7.216,,False,False,False,6.397,inf
gen_02176,4,0,False,-7.417,,False,False,False,2.688,4.087
gen_02177,3,0,False,-7.242,,False,False,False,2.355,inf
gen_02178,3,0,False,-8.061,,False,False,False,2.529,inf
gen_02179,3,0,False,-8.953,,False,False,False,2.53,inf
gen_02180,2,0,False,-7.443,,False,False,False,2.572,inf
gen_02181,5,0,False,-7.304,,False,False,False,2.803,inf
gen_02182,4,0,False,-7.601,,False,False,False,2.661,11.342
gen_02183,2,0,False,-7.768,,False,False,False,2.23,inf
gen_02184,3,0,False,-7.188,,False,False,False,3.991,inf
gen_02185,5,0,False,-6.716,,False,False,False,2.219,inf
gen_02186,10,0,False,-7.871,,False,False,False,3.042,inf
gen_02187,6,0,False,-8.256,,False,False,False,2.66,inf
gen_02188,8,0,False,-7.661,,False,False,False,2.627,inf
gen_02189,3,3,True,-7.366,-7.366,True,True,False,2.706,3.201
gen_02190,5,0,False,-6.979,,False,False,False,3.201,inf
gen_02191,1,0,False,-7.873,,False,False,False,2.87,inf
gen_02192,9,0,False,-8.069,,False,False,False,2.734,inf
gen_02193,3,0,False,-8.384,,False,False,False,2.766,inf
gen_02194,2,0,False,-7.199,,False,False,False,2.327,inf
gen_02195,1,0,False,-7.891,,False,False,False,2.75,inf
gen_02196,2,2,True,-8.233,-8.233,True,True,False,2.688,3.246
gen_02197,8,0,False,-8.141,,False,False,False,2.25,inf
gen_02198,8,0,False,-6.779,,False,False,False,2.547,inf
gen_02199,2,0,False,-6.907,,False,False,False,2.819,inf
gen_02200,2,0,False,-7.223,,False,False,False,2.637,inf
gen_02201,6,0,False,-8.526,,False,False,False,14.489,inf
gen_02202,1,1,True,-7.426,-7.426,True,True,False,2.681,3.071
gen_02203,3,0,False,-7.374,,False,False,False,2.739,inf
gen_02204,2,0,False,-6.92,,False,False,False,3.199,inf
gen_02205,10,0,False,-7.844,,False,False,False,2.771,inf
gen_02206,2,0,False,-6.932,,False,False,False,2.736,inf
gen_02207,3,0,False,-7.67,,False,False,False,2.769,inf
gen_02208,2,0,False,-8.089,,False,False,False,2.31,inf
gen_02209,4,0,False,-8.216,,False,False,False,2.358,inf
gen_02210,9,3,True,-7.502,-7.313,True,True,True,2.594,3.007
gen_02211,1,0,False,-7.649,,False,False,False,2.771,inf
gen_02212,2,0,False,-8.033,,False,False,False,2.771,inf
gen_02213,2,0,False,-6.7,,False,False,False,2.476,inf
gen_02214,3,0,False,-6.95,,False,False,False,2.758,inf
gen_02215,2,0,False,-8.42,,False,False,False,5.688,inf
gen_02216,1,0,False,-7.984,,False,False,False,2.799,inf
gen_02217,1,0,False,-6.845,,False,False,False,2.772,inf
gen_02218,4,0,False,-8.148,,False,False,False,2.592,inf
gen_02219,4,0,False,-7.112,,False,False,False,14.601,3.041
gen_02220,2,0,False,-8.367,,False,False,False,2.573,inf
gen_02221,1,0,False,-6.568,,False,False,False,2.714,inf
gen_02222,4,0,False,-8.381,,False,False,False,13.84,inf
gen_02223,1,0,False,-7.137,,False,False,False,2.702,inf
gen_02224,5,0,False,-8.096,,False,False,False,2.499,inf
gen_02225,2,0,False,-7.466,,False,False,False,2.536,inf
gen_02226,7,0,False,-6.581,,False,False,False,2.696,inf
gen_02227,5,0,False,-7.479,,False,False,False,2.713,inf
gen_02228,5,0,False,-8.051,,False,False,False,2.7,3.99
gen_02229,2,0,False,-7.784,,False,False,False,2.838,inf
gen_02230,4,0,False,-7.236,,False,False,False,10.161,inf
gen_02231,1,0,False,-7.569,,False,False,False,2.753,inf
gen_02232,4,0,False,-8.52,,False,False,False,2.708,5.358
gen_02233,1,0,False,-7.706,,False,False,False,2.935,inf
gen_02234,2,0,False,-7.523,,False,False,False,2.651,inf
gen_02235,2,0,False,-7.774,,False,False,False,2.742,inf
gen_02236,4,0,False,-7.69,,False,False,False,2.685,5.825
gen_02237,5,0,False,-6.519,,False,False,False,2.711,inf
gen_02238,2,0,False,-7.65,,False,False,False,5.566,inf
gen_02239,6,0,False,-7.87,,False,False,False,2.614,inf
gen_02240,5,0,False,-6.843,,False,False,False,3.115,3.927
gen_02241,6,6,True,-7.722,-7.722,True,True,True,2.562,2.945
gen_02242,3,0,False,-7.663,,False,False,False,2.473,4.755
gen_02243,2,0,False,-8.664,,False,False,False,9.626,inf
gen_02244,1,0,False,-7.281,,False,False,False,2.637,6.719
gen_02245,2,0,False,-8.362,,False,False,False,2.344,inf
gen_02246,6,0,False,-7.764,,False,False,False,2.584,inf
gen_02247,8,0,False,-7.485,,False,False,False,2.751,6.582
gen_02248,6,0,False,-7.561,,False,False,False,2.688,inf
gen_02249,5,0,False,-8.31,,False,False,False,2.807,3.815
gen_02250,3,0,False,-9.342,,False,False,False,2.675,inf
gen_02251,9,0,False,-6.857,,False,False,False,2.264,inf
gen_02252,11,0,False,-7.394,,False,False,False,2.664,inf
gen_02253,1,0,False,-8.157,,False,False,False,2.793,inf
gen_02254,6,0,False,-7.046,,False,False,False,2.651,inf
gen_02255,3,0,False,-7.619,,False,False,False,2.718,inf
gen_02256,6,0,False,-8.654,,False,False,False,2.738,inf
gen_02257,3,0,False,-7.368,,False,False,False,2.771,inf
gen_02258,2,0,False,-7.146,,False,False,False,2.778,inf
gen_02259,4,0,False,-7.131,,False,False,False,2.662,inf
gen_02260,3,0,False,-7.46,,False,False,False,2.728,inf
gen_02261,8,0,False,-8.117,,False,False,False,2.745,inf
gen_02262,3,0,False,-7.757,,False,False,False,2.551,inf
gen_02263,4,0,False,-7.475,,False,False,False,2.728,inf
gen_02264,2,0,False,-7.866,,False,False,False,2.55,5.734
gen_02265,2,0,False,-7.089,,False,False,False,2.352,inf
gen_02266,3,0,False,-7.042,,False,False,False,4.0,3.11
gen_02267,5,0,False,-7.649,,False,False,False,2.969,inf
gen_02268,3,0,False,-7.17,,False,False,False,3.063,inf
gen_02269,1,0,False,-7.17,,False,False,False,2.754,inf
gen_02270,2,0,False,-7.47,,False,False,False,2.758,inf
gen_02271,3,0,False,-6.484,,False,False,False,2.582,inf
gen_02272,2,0,False,-9.359,,False,False,False,3.149,inf
gen_02273,2,0,False,-8.263,,False,False,False,2.739,inf
gen_02274,11,0,False,-8.452,,False,False,False,2.701,2.898
gen_02275,2,0,False,-7.788,,False,False,False,2.732,inf
gen_02276,4,0,False,-7.332,,False,False,False,2.717,inf
gen_02277,6,0,False,-6.592,,False,False,False,2.65,inf
gen_02278,6,0,False,-8.261,,False,False,False,2.447,inf
gen_02279,1,0,False,-48.59,,False,False,False,2.91,inf
gen_02280,2,0,False,-7.614,,False,False,False,2.826,inf
gen_02281,3,0,False,-7.562,,False,False,False,2.779,inf
gen_02282,4,0,False,-7.159,,False,False,False,2.725,inf
gen_02283,2,0,False,-7.12,,False,False,False,2.696,inf
gen_02284,5,0,False,-7.781,,False,False,False,2.771,inf
gen_02285,2,0,False,-7.298,,False,False,False,4.355,3.82
gen_02286,6,0,False,-7.131,,False,False,False,2.186,inf
gen_02287,2,0,False,-7.846,,False,False,False,2.658,6.098
gen_02288,1,0,False,-6.43,,False,False,False,2.793,inf
gen_02289,13,0,False,-7.204,,False,False,False,2.614,4.139
gen_02290,2,0,False,-7.951,,False,False,False,3.192,inf
gen_02291,12,0,False,-7.981,,False,False,False,2.661,inf
gen_02292,1,0,False,-6.831,,False,False,False,13.391,inf
gen_02293,3,0,False,-7.311,,False,False,False,2.775,inf
gen_02294,4,0,False,-7.888,,False,False,False,2.646,inf
gen_02295,6,0,False,-7.731,,False,False,False,2.613,inf
gen_02296,2,0,False,-7.994,,False,False,False,2.714,inf
gen_02297,1,0,False,-7.755,,False,False,False,2.725,inf
gen_02298,2,0,False,-7.215,,False,False,False,13.821,inf
gen_02299,12,0,False,-5.803,,False,False,False,2.535,4.267
gen_02300,7,0,False,-7.267,,False,False,False,2.741,inf
gen_02301,3,0,False,-8.041,,False,False,False,2.681,inf
gen_02302,2,0,False,-6.974,,False,False,False,3.714,inf
gen_02303,8,1,True,-8.534,-8.364,True,True,False,2.65,3.338
gen_02304,3,1,True,-8.065,-7.921,True,True,True,2.66,3.43
gen_02305,5,0,False,-8.423,,False,False,False,2.591,inf
gen_02306,5,0,False,-7.498,,False,False,False,2.655,inf
gen_02307,4,0,False,-8.545,,False,False,False,2.682,inf
gen_02308,1,0,False,-7.143,,False,False,False,2.801,inf
gen_02309,6,0,False,-8.244,,False,False,False,6.401,inf
gen_02310,8,0,False,-8.114,,False,False,False,2.557,inf
gen_02311,7,0,False,-8.297,,False,False,False,2.466,inf
gen_02312,12,2,True,-7.047,-6.805,False,True,True,2.721,2.921
gen_02313,2,0,False,-6.541,,False,False,False,2.636,inf
gen_02314,1,0,False,-7.612,,False,False,False,2.545,inf
gen_02315,10,0,False,-6.83,,False,False,False,2.332,inf
gen_02316,5,0,False,-6.596,,False,False,False,2.267,inf
gen_02317,3,0,False,-7.501,,False,False,False,2.626,inf
gen_02318,3,2,True,-8.098,-8.074,True,False,True,3.054,3.31
gen_02319,1,1,True,-7.537,-7.537,True,True,False,2.752,2.778
gen_02320,1,0,False,-7.013,,False,False,False,3.676,5.38
gen_02321,3,0,False,-7.492,,False,False,False,2.445,inf
gen_02322,4,0,False,-7.131,,False,False,False,2.681,inf
gen_02323,3,0,False,-7.87,,False,False,False,2.704,inf
gen_02324,2,0,False,-7.107,,False,False,False,2.794,inf
gen_02325,1,0,False,-8.07,,False,False,False,2.782,inf
gen_02326,1,0,False,-7.228,,False,False,False,2.794,inf
gen_02327,5,0,False,-7.042,,False,False,False,2.743,inf
gen_02328,6,0,False,-7.095,,False,False,False,2.79,inf
gen_02329,3,0,False,-7.401,,False,False,False,2.423,4.219
gen_02330,5,0,False,-8.169,,False,False,False,2.779,inf
gen_02331,4,0,False,-7.891,,False,False,False,2.188,inf
gen_02332,2,0,False,-7.774,,False,False,False,3.554,inf
gen_02333,7,0,False,-8.054,,False,False,False,2.753,inf
gen_02334,6,0,False,-8.292,,False,False,False,2.721,4.646
gen_02335,4,2,True,-7.999,-7.999,True,True,True,2.638,3.023
gen_02336,2,0,False,-8.017,,False,False,False,2.862,5.262
gen_02337,6,0,False,-7.448,,False,False,False,5.328,3.036
gen_02338,3,1,True,-8.094,-7.981,True,True,True,2.736,3.344
gen_02339,6,0,False,-7.189,,False,False,False,2.204,inf
gen_02340,2,0,False,-7.358,,False,False,False,3.172,inf
gen_02341,4,0,False,-8.117,,False,False,False,2.719,inf
gen_02342,6,0,False,-7.736,,False,False,False,2.554,inf
gen_02343,3,0,False,-7.139,,False,False,False,2.615,inf
gen_02344,3,0,False,-6.887,,False,False,False,2.575,inf
gen_02345,12,0,False,-6.757,,False,False,False,2.674,inf
gen_02346,3,0,False,-7.478,,False,False,False,9.604,inf
gen_02347,8,0,False,-7.547,,False,False,False,2.332,inf
gen_02348,11,0,False,-8.266,,False,False,False,2.754,9.51
gen_02349,1,0,False,-8.231,,False,False,False,3.086,9.322
gen_02350,2,0,False,-6.917,,False,False,False,2.733,inf
gen_02351,2,0,False,-7.389,,False,False,False,2.685,inf
gen_02352,9,1,True,-7.824,-7.55,True,True,True,2.703,3.26
gen_02353,7,0,False,-7.401,,False,False,False,2.445,inf
gen_02354,6,0,False,-6.716,,False,False,False,2.502,4.513
gen_02355,3,0,False,-7.864,,False,False,False,2.258,inf
gen_02356,5,0,False,-7.76,,False,False,False,2.504,inf
gen_02357,3,0,False,-6.674,,False,False,False,2.725,inf
gen_02358,3,0,False,-7.083,,False,False,False,2.356,7.963
gen_02359,2,0,False,-7.754,,False,False,False,2.707,inf
gen_02360,11,0,False,-8.416,,False,False,False,2.573,5.127
gen_02361,2,0,False,-7.992,,False,False,False,2.775,inf
gen_02362,3,0,False,-8.37,,False,False,False,2.652,2.74
gen_02363,2,0,False,-8.605,,False,False,False,2.792,5.348
gen_02364,2,0,False,-7.092,,False,False,False,2.679,11.41
gen_02365,2,0,False,-7.425,,False,False,False,2.724,inf
gen_02366,4,0,False,-6.86,,False,False,False,2.624,8.012
gen_02367,2,0,False,-8.322,,False,False,False,2.774,7.381
gen_02368,3,0,False,-8.118,,False,False,False,2.656,4.578
gen_02369,2,0,False,-8.013,,False,False,False,2.756,inf
gen_02370,2,0,False,-8.361,,False,False,False,2.657,inf
gen_02371,10,0,False,-8.478,,False,False,False,2.276,inf
gen_02372,1,0,False,-7.145,,False,False,False,2.687,inf
gen_02373,2,0,False,-6.716,,False,False,False,2.617,inf
gen_02374,4,0,False,-7.528,,False,False,False,8.579,8.395
gen_02375,5,0,False,-8.559,,False,False,False,2.728,inf
gen_02376,2,0,False,-7.399,,False,False,False,2.782,inf
gen_02377,4,0,False,-7.028,,False,False,False,2.686,inf
gen_02378,7,0,False,-7.896,,False,False,False,2.319,inf
gen_02379,4,0,False,-6.985,,False,False,False,4.824,inf
gen_02380,3,0,False,-7.692,,False,False,False,2.761,10.789
gen_02381,5,0,False,-8.101,,False,False,False,2.555,inf
gen_02382,2,0,False,-8.123,,False,False,False,2.692,inf
gen_02383,11,0,False,-7.156,,False,False,False,2.741,inf
gen_02384,5,0,False,-7.062,,False,False,False,2.296,inf
gen_02385,4,0,False,-6.991,,False,False,False,2.686,4.536
gen_02386,3,0,False,-7.479,,False,False,False,2.7,inf
gen_02387,6,0,False,-7.299,,False,False,False,2.675,inf
gen_02388,5,0,False,-7.616,,False,False,False,2.553,inf
gen_02389,3,0,False,-7.742,,False,False,False,2.768,inf
gen_02390,1,0,False,-7.156,,False,False,False,13.002,inf
gen_02391,4,0,False,-7.83,,False,False,False,2.717,inf
gen_02392,2,0,False,-7.271,,False,False,False,2.377,inf
gen_02393,5,0,False,-7.014,,False,False,False,2.694,inf
gen_02394,2,0,False,-7.579,,False,False,False,2.84,inf
gen_02395,6,0,False,-7.251,,False,False,False,3.429,inf
gen_02396,8,0,False,-8.548,,False,False,False,3.165,inf
gen_02397,2,0,False,-8.462,,False,False,False,2.475,inf
gen_02398,7,0,False,-8.168,,False,False,False,5.108,inf
gen_02399,1,0,False,-7.095,,False,False,False,2.835,inf
gen_02400,4,0,False,-7.456,,False,False,False,2.622,inf
gen_02401,8,0,False,-7.691,,False,False,False,2.634,inf
gen_02402,1,0,False,-7.081,,False,False,False,2.795,inf
gen_02403,1,0,False,-7.566,,False,False,False,2.719,inf
gen_02404,4,0,False,-7.604,,False,False,False,2.702,inf
gen_02405,3,0,False,-6.719,,False,False,False,2.281,inf
gen_02406,12,0,False,-8.356,,False,False,False,2.619,inf
gen_02407,5,0,False,-7.221,,False,False,False,6.231,inf
gen_02408,10,0,False,-7.874,,False,False,False,2.677,inf
gen_02409,6,0,False,-7.374,,False,False,False,2.407,inf
gen_02410,5,0,False,-7.107,,False,False,False,2.656,inf
gen_02411,2,0,False,-7.395,,False,False,False,3.667,inf
gen_02412,5,0,False,-7.603,,False,False,False,3.256,inf
gen_02413,5,0,False,-7.471,,False,False,False,2.721,inf
gen_02414,8,0,False,-7.988,,False,False,False,11.307,3.999
gen_02415,4,0,False,-6.985,,False,False,False,2.699,inf
gen_02416,2,0,False,-7.898,,False,False,False,2.665,inf
gen_02417,3,0,False,-7.144,,False,False,False,2.661,inf
gen_02418,4,0,False,-7.057,,False,False,False,2.542,inf
gen_02419,2,0,False,-7.745,,False,False,False,2.691,inf
gen_02420,4,0,False,-7.219,,False,False,False,2.47,inf
gen_02421,7,0,False,-7.235,,False,False,False,2.245,inf
gen_02422,2,0,False,-7.661,,False,False,False,2.769,inf
gen_02423,4,0,False,-7.352,,False,False,False,2.742,inf
gen_02424,2,0,False,-6.987,,False,False,False,2.761,inf
gen_02425,1,0,False,-127.535,,False,False,False,12.874,inf
gen_02426,2,0,False,-8.357,,False,False,False,2.796,inf
gen_02427,4,0,False,-8.026,,False,False,False,2.747,inf
gen_02428,1,0,False,-8.963,,False,False,False,2.718,inf
gen_02429,4,0,False,-7.533,,False,False,False,2.193,inf
gen_02430,3,0,False,-6.845,,False,False,False,2.247,3.841
gen_02431,8,0,False,-8.224,,False,False,False,2.615,inf
gen_02432,2,0,False,-7.818,,False,False,False,2.709,inf
gen_02433,4,0,False,-7.084,,False,False,False,4.982,inf
gen_02434,7,0,False,-6.19,,False,False,False,2.302,inf
gen_02435,5,0,False,-7.53,,False,False,False,13.897,5.258
gen_02436,6,0,False,-7.746,,False,False,False,2.679,inf
gen_02437,6,0,False,-7.929,,False,False,False,2.641,inf
gen_02438,8,0,False,-7.218,,False,False,False,2.348,inf
gen_02439,5,0,False,-7.281,,False,False,False,2.689,inf
gen_02440,6,0,False,-6.91,,False,False,False,2.682,inf
gen_02441,2,0,False,-6.798,,False,False,False,2.523,inf
gen_02442,4,0,False,-7.823,,False,False,False,6.113,inf
gen_02443,5,0,False,-6.788,,False,False,False,2.5,inf
gen_02444,2,0,False,-7.621,,False,False,False,3.243,inf
gen_02445,11,0,False,-7.751,,False,False,False,3.036,inf
gen_02446,5,0,False,-7.753,,False,False,False,2.549,inf
gen_02447,4,0,False,-7.029,,False,False,False,3.063,4.542
gen_02448,6,0,False,-7.662,,False,False,False,2.673,inf
gen_02449,1,0,False,-7.21,,False,False,False,2.704,inf
gen_02450,5,0,False,-6.985,,False,False,False,2.255,inf
gen_02451,4,0,False,-8.182,,False,False,False,2.702,inf
gen_02452,8,0,False,-7.039,,False,False,False,2.683,inf
gen_02453,5,0,False,-7.214,,False,False,False,2.632,inf
gen_02454,6,0,False,-7.744,,False,False,False,2.666,inf
gen_02455,4,0,False,-7.119,,False,False,False,2.734,inf
gen_02456,4,0,False,-6.965,,False,False,False,3.243,inf
gen_02457,1,0,False,-7.394,,False,False,False,2.75,inf
gen_02458,2,0,False,-7.386,,False,False,False,2.771,inf
gen_02459,2,0,False,-7.235,,False,False,False,6.648,2.808
gen_02460,3,0,False,-6.904,,False,False,False,9.582,inf
gen_02461,8,0,False,-7.204,,False,False,False,2.693,inf
gen_02462,5,0,False,-7.047,,False,False,False,2.397,inf
gen_02463,7,0,False,-7.979,,False,False,False,2.75,inf
gen_02464,6,0,False,-7.051,,False,False,False,2.475,inf
gen_02465,4,4,True,-8.103,-8.103,True,True,False,2.742,3.431
gen_02466,4,0,False,-7.488,,False,False,False,2.391,inf
gen_02467,10,0,False,-7.197,,False,False,False,2.796,inf
gen_02468,8,0,False,-8.872,,False,False,False,2.552,inf
gen_02469,6,0,False,-7.658,,False,False,False,2.36,inf
gen_02470,4,0,False,-7.801,,False,False,False,10.864,4.59
gen_02471,4,0,False,-7.86,,False,False,False,2.402,inf
gen_02472,6,0,False,-8.064,,False,False,False,2.672,inf
gen_02473,1,0,False,-7.342,,False,False,False,2.669,7.122
gen_02474,7,0,False,-7.147,,False,False,False,2.69,inf
gen_02475,3,1,True,-7.448,-7.137,False,True,False,2.442,3.135
gen_02476,3,0,False,-7.36,,False,False,False,12.943,inf
gen_02477,2,0,False,-6.539,,False,False,False,2.795,inf
gen_02478,5,0,False,-7.986,,False,False,False,9.932,4.625
gen_02479,3,0,False,-7.171,,False,False,False,2.666,inf
gen_02480,3,0,False,-7.942,,False,False,False,2.594,inf
gen_02481,9,0,False,-8.522,,False,False,False,2.547,inf
gen_02482,12,0,False,-7.795,,False,False,False,2.64,inf
gen_02483,2,0,False,-7.179,,False,False,False,2.541,inf
gen_02484,3,0,False,-6.929,,False,False,False,2.246,inf
gen_02485,6,0,False,-6.81,,False,False,False,2.721,inf
gen_02486,4,0,False,-7.761,,False,False,False,2.473,inf
gen_02487,1,0,False,-7.03,,False,False,False,2.746,inf
gen_02488,3,0,False,-7.42,,False,False,False,2.55,inf
gen_02489,1,0,False,-6.863,,False,False,False,2.211,inf
gen_02490,4,0,False,-7.644,,False,False,False,4.756,inf
gen_02491,4,0,False,-7.36,,False,False,False,2.671,inf
gen_02492,6,0,False,-7.218,,False,False,False,2.639,inf
gen_02493,4,0,False,-8.8,,False,False,False,2.678,inf
gen_02494,3,0,False,-7.429,,False,False,False,2.698,inf
gen_02495,5,0,False,-7.962,,False,False,False,2.668,inf
gen_02496,2,1,True,-7.166,-7.134,False,True,True,2.691,3.127
gen_02497,3,0,False,-8.098,,False,False,False,2.759,inf
gen_02498,2,0,False,-7.821,,False,False,False,8.555,inf
gen_02499,4,0,False,-6.647,,False,False,False,2.515,inf
gen_02500,1,0,False,-6.819,,False,False,False,2.834,3.508
gen_02501,4,0,False,-7.402,,False,False,False,2.525,inf
gen_02502,3,0,False,-7.75,,False,False,False,13.537,4.162
gen_02503,11,0,False,-7.497,,False,False,False,7.096,5.564
gen_02504,5,0,False,-7.091,,False,False,False,2.664,inf
gen_02505,3,0,False,-7.39,,False,False,False,2.697,inf
gen_02506,9,0,False,-7.801,,False,False,False,3.762,3.164
gen_02507,8,0,False,-6.843,,False,False,False,2.535,inf
gen_02508,6,0,False,-7.654,,False,False,False,2.762,inf
gen_02509,2,0,False,-8.212,,False,False,False,2.607,inf
gen_02510,6,2,True,-7.274,-7.07,False,True,False,2.552,2.794
gen_02511,5,0,False,-8.189,,False,False,False,2.582,inf
gen_02512,4,0,False,-7.548,,False,False,False,2.743,inf
gen_02513,5,0,False,-7.358,,False,False,False,2.645,6.422
gen_02514,2,0,False,-7.464,,False,False,False,3.937,inf
gen_02515,3,0,False,-7.798,,False,False,False,2.685,inf
gen_02516,1,0,False,-6.455,,False,False,False,2.751,inf
gen_02517,4,0,False,-7.696,,False,False,False,2.798,inf
gen_02518,6,0,False,-7.809,,False,False,False,2.221,inf
gen_02519,3,0,False,-7.273,,False,False,False,2.772,inf
gen_02520,2,0,False,-7.653,,False,False,False,2.397,inf
gen_02521,9,0,False,-8.298,,False,False,False,12.305,inf
gen_02522,6,0,False,-7.056,,False,False,False,2.476,inf
gen_02523,1,0,False,-8.045,,False,False,False,2.829,inf
gen_02524,2,0,False,-8.014,,False,False,False,2.772,inf
gen_02525,2,0,False,-7.567,,False,False,False,2.672,inf
gen_02526,2,0,False,-7.295,,False,False,False,11.732,5.786
gen_02527,2,0,False,-7.774,,False,False,False,2.549,5.64
gen_02528,4,0,False,-7.972,,False,False,False,2.723,inf
gen_02529,6,0,False,-7.762,,False,False,False,2.684,inf
gen_02530,5,0,False,-7.664,,False,False,False,2.294,inf
gen_02531,4,0,False,-6.651,,False,False,False,4.511,5.602
gen_02532,3,0,False,-8.112,,False,False,False,2.823,6.506
gen_02533,5,0,False,-7.868,,False,False,False,2.662,inf
gen_02534,1,0,False,-7.151,,False,False,False,3.922,inf
gen_02535,4,0,False,-7.71,,False,False,False,2.698,5.524
gen_02536,6,0,False,-7.345,,False,False,False,2.74,inf
gen_02537,3,0,False,-8.074,,False,False,False,2.428,inf
gen_02538,1,0,False,-7.297,,False,False,False,2.301,4.491
gen_02539,2,0,False,-7.736,,False,False,False,3.192,inf
gen_02540,8,0,False,-7.378,,False,False,False,3.64,5.164
gen_02541,15,0,False,-8.012,,False,False,False,2.63,inf
gen_02542,2,0,False,-6.392,,False,False,False,2.728,6.069
gen_02543,2,0,False,-6.697,,False,False,False,2.413,inf
gen_02544,2,0,False,-7.603,,False,False,False,2.738,inf
gen_02545,2,0,False,-7.432,,False,False,False,2.702,inf
gen_02546,6,0,False,-7.24,,False,False,False,2.694,inf
gen_02547,2,0,False,-7.414,,False,False,False,9.585,inf
gen_02548,2,0,False,-6.871,,False,False,False,2.676,inf
gen_02549,1,0,False,-7.063,,False,False,False,2.657,inf
gen_02550,5,3,True,-7.318,-7.318,True,True,True,2.289,3.165
gen_02551,3,0,False,-7.663,,False,False,False,2.741,inf
gen_02552,4,0,False,-6.974,,False,False,False,2.496,inf
gen_02553,3,0,False,-7.153,,False,False,False,2.763,inf
gen_02554,7,0,False,-7.299,,False,False,False,2.387,inf
gen_02555,6,0,False,-7.642,,False,False,False,2.371,inf
gen_02556,6,0,False,-6.926,,False,False,False,2.46,inf
gen_02557,2,0,False,-6.707,,False,False,False,2.246,inf
gen_02558,4,0,False,-7.01,,False,False,False,2.597,inf
gen_02559,4,0,False,-7.785,,False,False,False,2.526,4.113
gen_02560,5,0,False,-7.506,,False,False,False,2.398,inf
gen_02561,4,0,False,-6.868,,False,False,False,2.736,inf
gen_02562,6,0,False,-7.924,,False,False,False,2.776,inf
gen_02563,10,0,False,-7.974,,False,False,False,2.552,inf
gen_02564,3,0,False,-7.013,,False,False,False,3.629,inf
gen_02565,1,0,False,-8.351,,False,False,False,2.552,inf
gen_02566,3,0,False,-7.692,,False,False,False,2.666,inf
gen_02567,2,0,False,-7.913,,False,False,False,2.769,inf
gen_02568,6,0,False,-7.532,,False,False,False,2.201,3.926
gen_02569,5,0,False,-6.835,,False,False,False,4.017,inf
gen_02570,2,0,False,-7.479,,False,False,False,2.307,inf
gen_02571,11,0,False,-7.566,,False,False,False,2.423,6.082
gen_02572,5,0,False,-7.412,,False,False,False,2.751,inf
gen_02573,5,0,False,-6.561,,False,False,False,2.705,inf
gen_02574,1,0,False,-6.996,,False,False,False,2.724,inf
gen_02575,6,0,False,-6.747,,False,False,False,2.27,inf
gen_02576,9,0,False,-7.46,,False,False,False,2.668,4.246
gen_02577,5,0,False,-7.131,,False,False,False,2.382,inf
gen_02578,1,0,False,-8.403,,False,False,False,2.846,inf
gen_02579,1,0,False,-7.472,,False,False,False,3.222,inf
gen_02580,5,0,False,-7.191,,False,False,False,3.956,inf
gen_02581,2,0,False,-7.517,,False,False,False,2.715,inf
gen_02582,2,0,False,-6.68,,False,False,False,2.725,inf
gen_02583,6,0,False,-7.601,,False,False,False,2.754,inf
gen_02584,4,0,False,-7.756,,False,False,False,2.687,inf
gen_02585,2,0,False,-6.704,,False,False,False,2.762,2.994
gen_02586,3,1,True,-8.621,-8.621,True,True,False,2.099,2.747
gen_02587,6,0,False,-7.505,,False,False,False,3.615,inf
gen_02588,4,0,False,-6.492,,False,False,False,2.416,inf
gen_02589,1,0,False,-7.721,,False,False,False,13.019,inf
gen_02590,9,0,False,-7.795,,False,False,False,2.611,inf
gen_02591,3,0,False,-7.694,,False,False,False,2.713,inf
gen_02592,5,0,False,-6.433,,False,False,False,2.27,inf
gen_02593,3,0,False,-6.813,,False,False,False,2.433,inf
gen_02594,3,0,False,-6.819,,False,False,False,2.307,inf
gen_02595,3,0,False,-8.341,,False,False,False,12.667,4.289
gen_02596,3,1,True,-6.857,-6.621,False,True,False,2.6,3.329
gen_02597,1,0,False,-6.766,,False,False,False,2.743,inf
gen_02598,2,0,False,-7.869,,False,False,False,2.83,inf
gen_02599,4,0,False,-6.834,,False,False,False,2.704,inf
gen_02600,9,0,False,-7.14,,False,False,False,2.153,4.662
gen_02601,1,0,False,-7.465,,False,False,False,2.677,inf
gen_02602,3,2,True,-6.752,-6.752,False,True,True,2.707,2.847
gen_02603,9,0,False,-7.508,,False,False,False,2.351,3.965
gen_02604,14,0,False,-7.483,,False,False,False,2.2,inf
gen_02605,3,0,False,-8.0,,False,False,False,2.758,inf
gen_02606,2,0,False,-6.55,,False,False,False,2.248,inf
gen_02607,7,0,False,-7.563,,False,False,False,2.728,inf
gen_02608,2,0,False,-8.105,,False,False,False,2.195,5.417
gen_02609,7,0,False,-7.765,,False,False,False,2.758,inf
gen_02610,5,0,False,-7.33,,False,False,False,3.878,inf
gen_02611,7,0,False,-8.172,,False,False,False,2.599,6.082
gen_02612,2,0,False,-7.433,,False,False,False,2.701,inf
gen_02613,4,0,False,-7.185,,False,False,False,2.265,inf
gen_02614,5,0,False,-8.274,,False,False,False,2.211,inf
gen_02615,4,0,False,-7.205,,False,False,False,2.85,inf
gen_02616,2,0,False,-8.093,,False,False,False,2.781,5.179
gen_02617,4,0,False,-7.74,,False,False,False,2.753,inf
gen_02618,4,0,False,-8.296,,False,False,False,2.726,inf
gen_02619,3,0,False,-7.354,,False,False,False,2.451,inf
gen_02620,10,0,False,-7.592,,False,False,False,2.684,inf
gen_02621,9,0,False,-7.438,,False,False,False,2.668,inf
gen_02622,6,0,False,-7.866,,False,False,False,2.667,inf
gen_02623,1,0,False,-7.24,,False,False,False,2.83,inf
gen_02624,5,0,False,-8.444,,False,False,False,2.751,inf
gen_02625,4,3,True,-7.576,-7.576,True,True,True,2.694,2.949
gen_02626,1,0,False,-7.163,,False,False,False,2.825,inf
gen_02627,2,0,False,-7.205,,False,False,False,2.244,inf
gen_02628,6,0,False,-7.358,,False,False,False,2.641,inf
gen_02629,4,0,False,-7.276,,False,False,False,2.553,inf
gen_02630,4,0,False,-8.199,,False,False,False,2.986,inf
gen_02631,1,0,False,-7.074,,False,False,False,3.236,inf
gen_02632,7,0,False,-8.693,,False,False,False,2.654,inf
gen_02633,2,0,False,-6.011,,False,False,False,2.552,inf
gen_02634,2,0,False,-7.814,,False,False,False,3.382,inf
gen_02635,6,0,False,-8.792,,False,False,False,2.729,inf
gen_02636,11,0,False,-8.199,,False,False,False,2.748,inf
gen_02637,1,0,False,-216.663,,False,False,False,8.053,inf
gen_02638,3,0,False,-7.241,,False,False,False,2.409,inf
gen_02639,4,0,False,-7.416,,False,False,False,2.536,inf
gen_02640,4,0,False,-7.405,,False,False,False,2.75,inf
gen_02641,4,0,False,-14.56,,False,False,False,6.98,inf
gen_02642,2,0,False,-7.552,,False,False,False,2.799,inf
gen_02643,6,0,False,-7.531,,False,False,False,2.659,inf
gen_02644,1,0,False,-8.315,,False,False,False,3.153,inf
gen_02645,10,1,True,-8.209,-7.998,True,True,False,2.211,3.2
gen_02646,3,0,False,-7.932,,False,False,False,2.759,inf
gen_02647,13,0,False,-8.044,,False,False,False,2.678,4.392
gen_02648,1,0,False,-7.758,,False,False,False,4.153,inf
gen_02649,2,0,False,-6.728,,False,False,False,2.272,inf
gen_02650,9,0,False,-7.919,,False,False,False,2.607,inf
gen_02651,3,0,False,-8.358,,False,False,False,2.415,inf
gen_02652,2,0,False,-7.554,,False,False,False,2.314,inf
gen_02653,5,0,False,-8.086,,False,False,False,2.547,inf
gen_02654,3,0,False,-8.455,,False,False,False,2.662,inf
gen_02655,1,0,False,-8.576,,False,False,False,2.763,inf
gen_02656,10,0,False,-8.142,,False,False,False,2.319,inf
gen_02657,3,3,True,-8.033,-8.033,True,True,True,2.785,3.381
gen_02658,6,0,False,-7.291,,False,False,False,2.394,inf
gen_02659,5,0,False,-7.565,,False,False,False,2.419,inf
gen_02660,2,0,False,-7.157,,False,False,False,2.774,inf
gen_02661,8,0,False,-7.953,,False,False,False,2.575,inf
gen_02662,8,0,False,-8.459,,False,False,False,2.473,inf
gen_02663,4,0,False,-7.88,,False,False,False,13.059,inf
gen_02664,11,0,False,-7.345,,False,False,False,2.537,inf
gen_02665,2,0,False,-8.877,,False,False,False,2.488,inf
gen_02666,7,0,False,-7.44,,False,False,False,2.565,inf
gen_02667,2,0,False,-7.861,,False,False,False,2.813,inf
gen_02668,2,0,False,-7.809,,False,False,False,2.546,5.248
gen_02669,4,0,False,-7.874,,False,False,False,2.802,inf
gen_02670,5,0,False,-7.246,,False,False,False,3.171,inf
gen_02671,3,0,False,-8.389,,False,False,False,2.454,inf
gen_02672,12,0,False,-7.918,,False,False,False,2.731,inf
gen_02673,3,0,False,-7.345,,False,False,False,2.818,inf
gen_02674,4,0,False,-8.082,,False,False,False,2.732,inf
gen_02675,2,0,False,-7.592,,False,False,False,2.398,inf
gen_02676,4,0,False,-6.927,,False,False,False,2.652,inf
gen_02677,1,1,True,-8.263,-8.263,True,True,False,2.721,2.823
gen_02678,5,0,False,-6.964,,False,False,False,2.243,inf
gen_02679,2,0,False,-6.588,,False,False,False,2.817,inf
gen_02680,3,0,False,-7.337,,False,False,False,10.707,inf
gen_02681,6,0,False,-8.02,,False,False,False,2.657,inf
gen_02682,2,0,False,-7.151,,False,False,False,9.778,inf
gen_02683,2,0,False,-6.55,,False,False,False,2.619,inf
gen_02684,7,0,False,-6.431,,False,False,False,2.651,inf
gen_02685,5,0,False,-7.301,,False,False,False,2.59,inf
gen_02686,3,0,False,-6.966,,False,False,False,2.694,inf
gen_02687,5,0,False,-7.547,,False,False,False,2.878,inf
gen_02688,10,0,False,-7.975,,False,False,False,2.207,inf
gen_02689,7,0,False,-8.157,,False,False,False,2.687,inf
gen_02690,2,0,False,-7.715,,False,False,False,2.731,inf
gen_02691,4,0,False,-7.401,,False,False,False,2.708,inf
gen_02692,2,0,False,-7.513,,False,False,False,2.761,inf
gen_02693,3,1,True,-8.186,-8.053,True,True,True,2.602,2.96
gen_02694,1,0,False,-6.886,,False,False,False,2.721,4.738
gen_02695,5,0,False,-8.357,,False,False,False,2.702,6.528
gen_02696,2,0,False,-7.981,,False,False,False,2.741,inf
gen_02697,6,0,False,-7.668,,False,False,False,2.673,inf
gen_02698,6,0,False,-7.75,,False,False,False,2.411,inf
gen_02699,4,0,False,-7.451,,False,False,False,2.454,inf
gen_02700,4,0,False,-7.193,,False,False,False,10.017,3.797
gen_02701,6,0,False,-7.527,,False,False,False,2.67,inf
gen_02702,7,0,False,-7.363,,False,False,False,2.384,4.602
gen_02703,3,0,False,-8.102,,False,False,False,3.267,inf
gen_02704,2,0,False,-6.993,,False,False,False,2.571,inf
gen_02705,1,0,False,-8.194,,False,False,False,2.829,inf
gen_02706,1,0,False,-6.848,,False,False,False,2.825,8.627
gen_02707,2,0,False,-7.411,,False,False,False,2.79,inf
gen_02708,1,0,False,-7.808,,False,False,False,2.82,inf
gen_02709,3,0,False,-8.623,,False,False,False,2.33,inf
gen_02710,3,0,False,-7.494,,False,False,False,2.718,inf
gen_02711,2,0,False,-7.544,,False,False,False,2.69,inf
gen_02712,6,0,False,-8.152,,False,False,False,2.343,inf
gen_02713,4,0,False,-7.153,,False,False,False,2.954,inf
gen_02714,7,0,False,-7.99,,False,False,False,3.225,inf
gen_02715,1,1,True,-7.515,-7.515,True,True,False,2.864,2.735
gen_02716,3,0,False,-7.808,,False,False,False,2.71,inf
gen_02717,11,0,False,-7.941,,False,False,False,2.674,inf
gen_02718,5,0,False,-7.839,,False,False,False,2.783,5.446
gen_02719,2,0,False,-7.257,,False,False,False,2.236,inf
gen_02720,5,0,False,-7.033,,False,False,False,2.674,inf
gen_02721,4,0,False,-7.739,,False,False,False,2.849,inf
gen_02722,1,0,False,-7.771,,False,False,False,2.731,4.633
gen_02723,5,0,False,-7.154,,False,False,False,3.665,inf
gen_02724,1,0,False,-6.452,,False,False,False,2.205,4.609
gen_02725,1,0,False,-6.98,,False,False,False,2.446,8.167
gen_02726,2,0,False,-7.564,,False,False,False,2.478,inf
gen_02727,4,0,False,-8.055,,False,False,False,2.783,6.793
gen_02728,11,0,False,-7.345,,False,False,False,2.267,inf
gen_02729,6,0,False,-6.089,,False,False,False,2.616,inf
gen_02730,4,0,False,-7.059,,False,False,False,2.506,inf
gen_02731,2,0,False,-8.263,,False,False,False,2.627,7.015
gen_02732,6,0,False,-8.173,,False,False,False,2.676,inf
gen_02733,1,0,False,-7.969,,False,False,False,3.159,inf
gen_02734,4,0,False,-7.232,,False,False,False,2.287,inf
gen_02735,2,0,False,-8.142,,False,False,False,2.755,6.963
gen_02736,3,0,False,-6.824,,False,False,False,2.247,inf
gen_02737,7,0,False,-7.589,,False,False,False,2.834,4.725
gen_02738,3,0,False,-7.905,,False,False,False,3.72,inf
gen_02739,2,0,False,-7.548,,False,False,False,15.525,3.137
gen_02740,5,0,False,-8.749,,False,False,False,2.674,inf
gen_02741,2,0,False,-7.377,,False,False,False,2.817,inf
gen_02742,4,0,False,-7.867,,False,False,False,2.761,inf
gen_02743,3,0,False,-7.407,,False,False,False,2.699,inf
gen_02744,8,0,False,-7.247,,False,False,False,2.709,inf
gen_02745,4,0,False,-7.298,,False,False,False,2.764,inf
gen_02746,3,0,False,-7.084,,False,False,False,15.033,inf
gen_02747,5,0,False,-7.12,,False,False,False,2.817,inf
gen_02748,3,3,True,-7.713,-7.713,True,True,True,2.238,2.955
gen_02749,5,0,False,-7.46,,False,False,False,2.288,inf
gen_02750,2,0,False,-7.832,,False,False,False,14.447,inf
gen_02751,14,0,False,-6.567,,False,False,False,2.449,inf
gen_02752,2,0,False,-7.412,,False,False,False,2.643,inf
gen_02753,6,0,False,-7.131,,False,False,False,2.771,inf
gen_02754,1,0,False,-7.771,,False,False,False,2.816,inf
gen_02755,2,0,False,-9.032,,False,False,False,2.755,inf
gen_02756,4,0,False,-7.463,,False,False,False,2.746,inf
gen_02757,1,0,False,-6.872,,False,False,False,2.751,inf
gen_02758,1,0,False,-7.803,,False,False,False,12.624,inf
gen_02759,2,0,False,-8.031,,False,False,False,2.666,inf
gen_02760,6,0,False,-7.863,,False,False,False,2.63,inf
gen_02761,3,0,False,-6.61,,False,False,False,2.668,inf
gen_02762,2,0,False,-8.778,,False,False,False,2.631,inf
gen_02763,3,0,False,-6.666,,False,False,False,2.398,inf
gen_02764,3,0,False,-8.432,,False,False,False,2.548,inf
gen_02765,7,0,False,-8.826,,False,False,False,2.741,inf
gen_02766,7,0,False,-8.195,,False,False,False,12.928,inf
gen_02767,5,0,False,-7.842,,False,False,False,2.373,inf
gen_02768,9,0,False,-7.507,,False,False,False,2.619,5.538
gen_02769,3,0,False,-7.114,,False,False,False,2.686,inf
gen_02770,1,0,False,-7.701,,False,False,False,2.811,inf
gen_02771,5,0,False,-7.329,,False,False,False,2.694,inf
gen_02772,6,0,False,-8.496,,False,False,False,3.323,inf
gen_02773,10,0,False,-7.087,,False,False,False,2.411,inf
gen_02774,7,0,False,-8.03,,False,False,False,2.481,inf
gen_02775,4,0,False,-7.992,,False,False,False,3.043,inf
gen_02776,5,0,False,-7.33,,False,False,False,2.651,inf
gen_02777,1,0,False,-7.911,,False,False,False,2.587,inf
gen_02778,4,0,False,-8.644,,False,False,False,2.597,inf
gen_02779,1,0,False,-7.172,,False,False,False,3.717,4.426
gen_02780,1,0,False,-7.718,,False,False,False,3.817,inf
gen_02781,1,0,False,-7.755,,False,False,False,2.8,inf
gen_02782,6,0,False,-6.751,,False,False,False,2.453,inf
gen_02783,1,0,False,-7.65,,False,False,False,2.503,inf
gen_02784,2,0,False,-7.234,,False,False,False,2.739,inf
gen_02785,2,0,False,-7.411,,False,False,False,2.565,inf
gen_02786,2,0,False,-7.935,,False,False,False,2.737,inf
gen_02787,7,0,False,-6.983,,False,False,False,2.701,inf
gen_02788,2,0,False,-7.348,,False,False,False,2.335,5.907
gen_02789,5,1,True,-7.239,-7.207,False,True,False,2.325,2.72
gen_02790,3,0,False,-8.091,,False,False,False,2.8,inf
gen_02791,4,0,False,-7.953,,False,False,False,2.746,inf
gen_02792,2,0,False,-7.452,,False,False,False,2.296,inf
gen_02793,2,0,False,-7.743,,False,False,False,2.728,inf
gen_02794,3,0,False,-7.09,,False,False,False,2.456,5.515
gen_02795,2,0,False,-6.405,,False,False,False,3.877,inf
gen_02796,1,0,False,-6.752,,False,False,False,9.688,3.834
gen_02797,4,2,True,-7.217,-7.217,False,True,False,2.497,3.139
gen_02798,10,0,False,-7.82,,False,False,False,2.696,inf
gen_02799,2,0,False,-7.267,,False,False,False,2.794,inf
gen_02800,3,0,False,-7.133,,False,False,False,2.775,inf
gen_02801,2,0,False,-6.952,,False,False,False,3.262,inf
gen_02802,1,0,False,-7.564,,False,False,False,2.761,inf
gen_02803,2,0,False,-6.817,,False,False,False,2.782,inf
gen_02804,1,0,False,-7.756,,False,False,False,4.035,inf
gen_02805,2,0,False,-6.994,,False,False,False,2.696,inf
gen_02806,2,0,False,-7.701,,False,False,False,2.643,inf
gen_02807,8,0,False,-7.73,,False,False,False,2.479,inf
gen_02808,10,0,False,-8.128,,False,False,False,2.705,inf
gen_02809,6,0,False,-7.163,,False,False,False,2.731,inf
gen_02810,6,0,False,-7.557,,False,False,False,2.536,6.613
gen_02811,2,0,False,-7.949,,False,False,False,2.55,inf
gen_02812,2,0,False,-7.824,,False,False,False,2.328,inf
gen_02813,3,0,False,-7.409,,False,False,False,2.198,5.806
gen_02814,8,0,False,-7.639,,False,False,False,3.675,inf
gen_02815,6,0,False,-7.672,,False,False,False,2.241,inf
gen_02816,1,0,False,-6.837,,False,False,False,4.204,inf
gen_02817,1,0,False,-8.458,,False,False,False,3.094,6.583
gen_02818,2,0,False,-8.747,,False,False,False,2.735,5.259
gen_02819,8,6,True,-6.621,-6.621,False,True,True,2.589,3.076
gen_02820,3,0,False,-7.947,,False,False,False,2.65,inf
gen_02821,8,0,False,-7.579,,False,False,False,2.663,inf
gen_02822,1,0,False,-6.828,,False,False,False,2.737,inf
gen_02823,5,0,False,-7.616,,False,False,False,2.736,inf
gen_02824,1,0,False,-7.332,,False,False,False,2.755,4.061
gen_02825,2,0,False,-6.507,,False,False,False,2.651,inf
gen_02826,5,0,False,-6.893,,False,False,False,2.698,inf
gen_02827,1,0,False,-8.167,,False,False,False,2.74,inf
gen_02828,2,0,False,-9.044,,False,False,False,2.719,inf
gen_02829,4,2,True,-7.311,-7.311,True,True,False,2.5,2.833
gen_02830,3,0,False,-6.965,,False,False,False,2.637,inf
gen_02831,2,0,False,-6.695,,False,False,False,11.729,inf
gen_02832,7,0,False,-7.887,,False,False,False,2.759,inf
gen_02833,3,0,False,-7.202,,False,False,False,2.673,inf
gen_02834,2,0,False,-7.975,,False,False,False,2.734,inf
gen_02835,2,0,False,-6.625,,False,False,False,2.423,inf
gen_02836,2,0,False,-7.942,,False,False,False,3.618,inf
gen_02837,7,6,True,-6.664,-6.664,False,True,True,2.403,3.215
gen_02838,1,0,False,-6.448,,False,False,False,2.806,inf
gen_02839,6,0,False,-7.561,,False,False,False,2.606,inf
gen_02840,6,0,False,-6.975,,False,False,False,2.682,inf
gen_02841,11,0,False,-7.15,,False,False,False,2.66,inf
gen_02842,3,0,False,-8.242,,False,False,False,2.745,inf
gen_02843,1,0,False,-8.24,,False,False,False,2.692,inf
gen_02844,7,0,False,-7.815,,False,False,False,2.651,inf
gen_02845,5,0,False,-8.023,,False,False,False,3.539,inf
gen_02846,4,0,False,-8.38,,False,False,False,13.986,inf
gen_02847,2,0,False,-7.609,,False,False,False,2.321,inf
gen_02848,5,0,False,-6.694,,False,False,False,2.691,inf
gen_02849,2,0,False,-7.144,,False,False,False,2.751,inf
gen_02850,5,0,False,-7.855,,False,False,False,2.88,inf
gen_02851,5,0,False,-7.342,,False,False,False,2.601,inf
gen_02852,2,0,False,-7.33,,False,False,False,2.859,inf
gen_02853,9,0,False,-7.327,,False,False,False,2.646,inf
gen_02854,11,0,False,-7.989,,False,False,False,2.54,inf
gen_02855,2,0,False,-7.377,,False,False,False,3.09,inf
gen_02856,4,0,False,-7.095,,False,False,False,2.554,inf
gen_02857,6,0,False,-7.228,,False,False,False,2.206,inf
gen_02858,2,0,False,-8.222,,False,False,False,10.275,inf
gen_02859,10,0,False,-7.877,,False,False,False,2.622,inf
gen_02860,2,0,False,-7.089,,False,False,False,2.811,inf
gen_02861,8,0,False,-6.845,,False,False,False,2.334,inf
gen_02862,3,0,False,-7.743,,False,False,False,2.611,inf
gen_02863,1,0,False,-8.241,,False,False,False,2.693,inf
gen_02864,10,0,False,-7.809,,False,False,False,2.689,inf
gen_02865,2,0,False,-6.588,,False,False,False,2.328,inf
gen_02866,1,0,False,-6.794,,False,False,False,2.419,inf
gen_02867,2,0,False,-6.895,,False,False,False,2.6,inf
gen_02868,1,0,False,-7.405,,False,False,False,2.875,inf
gen_02869,4,0,False,-7.817,,False,False,False,2.706,inf
gen_02870,10,0,False,-7.825,,False,False,False,2.517,inf
gen_02871,2,0,False,-8.109,,False,False,False,2.821,inf
gen_02872,10,2,True,-8.308,-8.114,True,True,False,2.495,2.744
gen_02873,2,0,False,-6.862,,False,False,False,3.082,7.334
gen_02874,3,0,False,-8.392,,False,False,False,3.057,inf
gen_02875,8,0,False,-7.527,,False,False,False,2.373,inf
gen_02876,2,0,False,-7.897,,False,False,False,2.678,inf
gen_02877,1,0,False,-7.521,,False,False,False,2.45,inf
gen_02878,2,0,False,-7.389,,False,False,False,3.314,5.301
gen_02879,1,0,False,-7.408,,False,False,False,3.266,2.937
gen_02880,3,0,False,-7.903,,False,False,False,2.77,inf
gen_02881,13,4,True,-8.077,-8.049,True,True,False,2.535,3.205
gen_02882,4,0,False,-7.959,,False,False,False,2.751,inf
gen_02883,1,0,False,-6.387,,False,False,False,2.303,4.147
gen_02884,2,0,False,-8.147,,False,False,False,2.664,inf
gen_02885,4,0,False,-7.053,,False,False,False,2.741,inf
gen_02886,4,0,False,-7.432,,False,False,False,2.739,inf
gen_02887,8,0,False,-7.548,,False,False,False,2.732,inf
gen_02888,6,0,False,-8.019,,False,False,False,2.753,inf
gen_02889,5,0,False,-7.595,,False,False,False,2.405,inf
gen_02890,10,0,False,-6.317,,False,False,False,2.632,inf
gen_02891,1,0,False,-7.524,,False,False,False,2.337,inf
gen_02892,7,0,False,-7.782,,False,False,False,2.656,inf
gen_02893,1,0,False,-6.64,,False,False,False,2.873,inf
gen_02894,4,0,False,-7.876,,False,False,False,2.689,5.022
gen_02895,2,0,False,-7.736,,False,False,False,2.719,inf
gen_02896,4,0,False,-7.767,,False,False,False,2.716,inf
gen_02897,4,0,False,-7.635,,False,False,False,2.704,inf
gen_02898,4,0,False,-8.143,,False,False,False,2.706,inf
gen_02899,1,0,False,-7.545,,False,False,False,2.778,inf
gen_02900,2,0,False,-8.266,,False,False,False,2.81,inf
gen_02901,2,0,False,-7.923,,False,False,False,2.465,4.699
gen_02902,2,0,False,-7.222,,False,False,False,3.783,inf
gen_02903,1,1,True,-7.357,-7.357,True,True,False,2.736,3.076
gen_02904,5,0,False,-7.954,,False,False,False,2.487,inf
gen_02905,1,0,False,-6.553,,False,False,False,2.777,inf
gen_02906,4,0,False,-7.133,,False,False,False,2.237,inf
gen_02907,2,0,False,-7.148,,False,False,False,2.429,inf
gen_02908,7,0,False,-6.993,,False,False,False,2.699,inf
gen_02909,5,0,False,-7.302,,False,False,False,2.836,inf
gen_02910,5,0,False,-8.694,,False,False,False,2.603,inf
gen_02911,4,0,False,-6.541,,False,False,False,2.582,4.052
gen_02912,6,0,False,-7.944,,False,False,False,2.728,inf
gen_02913,6,0,False,-7.598,,False,False,False,2.643,inf
gen_02914,2,0,False,-7.214,,False,False,False,2.686,inf
gen_02915,2,0,False,-7.931,,False,False,False,2.615,inf
gen_02916,2,0,False,-8.301,,False,False,False,2.779,inf
gen_02917,5,4,True,-7.72,-7.72,True,True,False,2.828,3.238
gen_02918,14,0,False,-7.176,,False,False,False,2.751,inf
gen_02919,10,0,False,-7.418,,False,False,False,2.702,inf
gen_02920,5,0,False,-8.198,,False,False,False,2.736,inf
gen_02921,6,0,False,-9.4,,False,False,False,3.03,6.325
gen_02922,6,0,False,-7.111,,False,False,False,2.507,inf
gen_02923,2,0,False,-8.184,,False,False,False,2.527,4.464
gen_02924,4,0,False,-8.212,,False,False,False,2.712,inf
gen_02925,10,0,False,-7.224,,False,False,False,2.728,inf
gen_02926,6,0,False,-7.79,,False,False,False,3.322,inf
gen_02927,2,0,False,-8.045,,False,False,False,3.18,inf
gen_02928,2,0,False,-8.599,,False,False,False,2.764,inf
gen_02929,1,0,False,-7.268,,False,False,False,2.846,inf
gen_02930,1,0,False,-7.609,,False,False,False,2.732,inf
gen_02931,4,0,False,-7.105,,False,False,False,2.411,inf
gen_02932,3,0,False,-8.716,,False,False,False,2.711,inf
gen_02933,2,0,False,-7.363,,False,False,False,2.719,6.303
gen_02934,3,0,False,-8.337,,False,False,False,2.258,inf
gen_02935,2,0,False,-7.26,,False,False,False,2.697,inf
gen_02936,2,0,False,-7.477,,False,False,False,2.497,inf
gen_02937,3,0,False,-6.889,,False,False,False,2.367,inf
gen_02938,8,0,False,-8.292,,False,False,False,3.122,inf
gen_02939,4,0,False,-7.596,,False,False,False,2.49,inf
gen_02940,7,0,False,-8.649,,False,False,False,2.689,inf
gen_02941,2,0,False,-7.296,,False,False,False,14.791,inf
gen_02942,8,0,False,-6.057,,False,False,False,2.68,inf
gen_02943,11,0,False,-7.732,,False,False,False,2.714,inf
gen_02944,2,0,False,-8.357,,False,False,False,2.466,inf
gen_02945,3,0,False,-7.892,,False,False,False,2.714,6.502
gen_02946,8,0,False,-7.236,,False,False,False,2.686,inf
gen_02947,6,0,False,-6.529,,False,False,False,2.682,inf
gen_02948,14,0,False,-7.774,,False,False,False,2.599,inf
gen_02949,2,0,False,-6.421,,False,False,False,2.614,inf
gen_02950,15,0,False,-6.727,,False,False,False,2.416,inf
gen_02951,6,0,False,-8.203,,False,False,False,2.786,4.872
gen_02952,3,0,False,-7.165,,False,False,False,2.753,inf
gen_02953,2,0,False,-7.987,,False,False,False,2.587,inf
gen_02954,1,0,False,-6.512,,False,False,False,2.344,5.729
gen_02955,3,0,False,-7.018,,False,False,False,2.795,inf
gen_02956,6,0,False,-7.714,,False,False,False,2.693,inf
gen_02957,2,0,False,-6.991,,False,False,False,3.76,inf
gen_02958,6,0,False,-7.946,,False,False,False,2.703,inf
gen_02959,4,0,False,-8.611,,False,False,False,2.511,inf
gen_02960,3,0,False,-7.998,,False,False,False,2.575,inf
gen_02961,8,0,False,-6.93,,False,False,False,2.522,inf
gen_02962,1,0,False,-7.323,,False,False,False,2.714,inf
gen_02963,2,0,False,-7.148,,False,False,False,2.443,inf
gen_02964,2,0,False,-7.162,,False,False,False,2.736,inf
gen_02965,7,0,False,-7.302,,False,False,False,3.29,inf
gen_02966,1,0,False,-6.887,,False,False,False,3.794,inf
gen_02967,1,0,False,-8.302,,False,False,False,2.779,inf
gen_02968,1,0,False,-7.577,,False,False,False,2.753,inf
gen_02969,4,0,False,-7.664,,False,False,False,2.813,inf
gen_02970,1,0,False,-8.7,,False,False,False,2.646,inf
gen_02971,3,0,False,-7.801,,False,False,False,2.668,inf
gen_02972,6,0,False,-7.337,,False,False,False,2.743,inf
gen_02973,1,0,False,-144.863,,False,False,False,13.237,8.567
gen_02974,1,0,False,-6.881,,False,False,False,3.068,inf
gen_02975,1,0,False,-7.513,,False,False,False,7.521,inf
gen_02976,4,0,False,-7.81,,False,False,False,2.62,inf
gen_02977,3,0,False,-8.194,,False,False,False,2.633,inf
gen_02978,9,0,False,-6.802,,False,False,False,2.462,inf
gen_02979,4,0,False,-7.465,,False,False,False,13.811,inf
gen_02980,2,0,False,-6.503,,False,False,False,2.61,inf
gen_02981,5,0,False,-8.679,,False,False,False,2.569,inf
gen_02982,1,0,False,-8.606,,False,False,False,14.9,inf
gen_02983,2,0,False,-6.783,,False,False,False,2.804,inf
gen_02984,4,0,False,-7.8,,False,False,False,2.872,inf
gen_02985,7,0,False,-7.839,,False,False,False,14.22,inf
gen_02986,4,0,False,-7.396,,False,False,False,8.537,inf
gen_02987,1,0,False,-7.343,,False,False,False,2.763,inf
gen_02988,13,0,False,-8.764,,False,False,False,2.681,inf
gen_02989,4,0,False,-8.645,,False,False,False,14.35,inf
gen_02990,2,0,False,-7.378,,False,False,False,2.781,inf
gen_02991,5,3,True,-7.292,-7.292,True,True,False,2.679,3.355
gen_02992,4,0,False,-7.594,,False,False,False,2.755,inf
gen_02993,4,0,False,-8.398,,False,False,False,5.222,4.089
gen_02994,3,0,False,-7.485,,False,False,False,2.51,inf
gen_02995,4,0,False,-6.624,,False,False,False,2.44,inf
gen_02996,4,0,False,-6.608,,False,False,False,3.576,inf
gen_02997,1,0,False,-6.964,,False,False,False,6.881,2.915
gen_02998,3,0,False,-7.558,,False,False,False,2.763,inf
gen_02999,2,0,False,-6.682,,False,False,False,2.821,inf
gen_03000,4,0,False,-6.899,,False,False,False,2.729,inf
gen_03001,8,0,False,-8.335,,False,False,False,2.583,inf
gen_03002,2,0,False,-7.941,,False,False,False,2.735,5.846
gen_03003,5,0,False,-7.715,,False,False,False,14.847,inf
gen_03004,6,0,False,-8.455,,False,False,False,2.981,inf
gen_03005,5,0,False,-8.333,,False,False,False,2.634,inf
gen_03006,8,0,False,-6.95,,False,False,False,2.528,inf
gen_03007,5,0,False,-7.237,,False,False,False,2.435,inf
gen_03008,9,0,False,-7.584,,False,False,False,2.284,8.079
gen_03009,2,0,False,-7.342,,False,False,False,2.714,5.412
gen_03010,7,0,False,-8.155,,False,False,False,2.721,inf
gen_03011,2,0,False,-7.103,,False,False,False,2.706,3.897
gen_03012,7,0,False,-7.121,,False,False,False,2.199,inf
gen_03013,5,0,False,-6.414,,False,False,False,2.681,inf
gen_03014,2,0,False,-8.214,,False,False,False,3.877,3.192
gen_03015,3,0,False,-7.191,,False,False,False,2.666,inf
gen_03016,2,0,False,-6.59,,False,False,False,2.769,inf
gen_03017,8,0,False,-8.308,,False,False,False,2.375,inf
gen_03018,5,0,False,-8.568,,False,False,False,4.351,inf
gen_03019,2,0,False,-7.976,,False,False,False,9.926,inf
gen_03020,4,0,False,-7.474,,False,False,False,2.606,inf
gen_03021,11,0,False,-7.315,,False,False,False,3.717,3.12
gen_03022,2,0,False,-7.857,,False,False,False,2.515,inf
gen_03023,2,0,False,-7.365,,False,False,False,2.271,10.921
gen_03024,4,0,False,-7.565,,False,False,False,2.578,inf
gen_03025,6,0,False,-6.689,,False,False,False,2.373,inf
gen_03026,4,0,False,-7.859,,False,False,False,2.756,inf
gen_03027,8,0,False,-7.8,,False,False,False,2.669,inf
gen_03028,1,0,False,-7.76,,False,False,False,3.157,5.599
gen_03029,3,0,False,-7.56,,False,False,False,2.42,inf
gen_03030,3,0,False,-7.809,,False,False,False,2.77,inf
gen_03031,4,3,True,-6.913,-6.913,False,True,True,2.248,3.062
gen_03032,1,0,False,-7.504,,False,False,False,4.677,inf
gen_03033,1,0,False,-6.656,,False,False,False,2.716,inf
gen_03034,3,0,False,-6.896,,False,False,False,2.738,inf
gen_03035,9,0,False,-7.567,,False,False,False,2.607,inf
gen_03036,2,0,False,-7.324,,False,False,False,2.708,inf
gen_03037,4,0,False,-8.064,,False,False,False,2.266,inf
gen_03038,5,0,False,-7.501,,False,False,False,2.691,inf
gen_03039,3,0,False,-6.932,,False,False,False,2.678,inf
gen_03040,1,0,False,-7.38,,False,False,False,3.71,inf
gen_03041,2,0,False,-8.021,,False,False,False,2.387,inf
gen_03042,1,0,False,-7.368,,False,False,False,2.826,inf
gen_03043,1,0,False,-6.939,,False,False,False,3.158,6.785
gen_03044,3,0,False,-7.994,,False,False,False,2.601,inf
gen_03045,2,0,False,-8.154,,False,False,False,7.467,2.899
gen_03046,3,0,False,-7.473,,False,False,False,3.065,inf
gen_03047,3,0,False,-7.681,,False,False,False,3.941,inf
gen_03048,8,0,False,-9.243,,False,False,False,2.974,inf
gen_03049,3,0,False,-7.984,,False,False,False,2.676,inf
gen_03050,4,0,False,-176.174,,False,False,False,5.89,inf
gen_03051,12,0,False,-7.492,,False,False,False,2.347,3.925
gen_03052,9,0,False,-7.546,,False,False,False,2.634,inf
gen_03053,6,0,False,-6.628,,False,False,False,2.686,6.585
gen_03054,7,0,False,-6.939,,False,False,False,2.411,inf
gen_03055,3,0,False,-7.534,,False,False,False,2.465,inf
gen_03056,6,0,False,-7.789,,False,False,False,2.716,inf
gen_03057,4,0,False,-7.512,,False,False,False,2.613,inf
gen_03058,4,0,False,-7.814,,False,False,False,2.492,inf
gen_03059,2,2,True,-7.173,-7.173,False,True,True,2.195,2.797
gen_03060,1,0,False,-7.377,,False,False,False,2.701,inf
gen_03061,1,1,True,-7.16,-7.16,False,True,True,2.617,3.27
gen_03062,2,0,False,-6.828,,False,False,False,2.592,inf
gen_03063,1,0,False,-7.383,,False,False,False,3.265,6.887
gen_03064,2,0,False,-7.347,,False,False,False,12.853,inf
gen_03065,4,0,False,-7.658,,False,False,False,2.679,inf
gen_03066,2,0,False,-8.326,,False,False,False,2.777,inf
gen_03067,4,0,False,-7.859,,False,False,False,2.458,inf
gen_03068,2,0,False,-6.766,,False,False,False,2.76,inf
gen_03069,8,0,False,-7.651,,False,False,False,2.704,inf
gen_03070,6,0,False,-7.079,,False,False,False,2.685,inf
gen_03071,1,0,False,-7.775,,False,False,False,2.714,inf
gen_03072,5,5,True,-8.022,-8.022,True,True,False,2.689,2.956
gen_03073,3,0,False,-7.389,,False,False,False,2.362,inf
gen_03074,2,0,False,-7.13,,False,False,False,2.617,inf
gen_03075,1,0,False,-7.11,,False,False,False,2.753,inf
gen_03076,4,0,False,-7.18,,False,False,False,2.515,4.077
gen_03077,4,0,False,-6.679,,False,False,False,2.721,4.001
gen_03078,6,0,False,-7.982,,False,False,False,2.218,inf
gen_03079,1,0,False,-8.632,,False,False,False,2.556,5.524
gen_03080,6,0,False,-6.533,,False,False,False,2.69,inf
gen_03081,8,0,False,-6.789,,False,False,False,2.589,inf
gen_03082,7,0,False,-7.436,,False,False,False,2.623,inf
gen_03083,3,0,False,-8.09,,False,False,False,2.679,3.789
gen_03084,7,0,False,-7.003,,False,False,False,2.661,4.198
gen_03085,3,0,False,-7.128,,False,False,False,5.135,inf
gen_03086,2,0,False,-7.162,,False,False,False,2.71,inf
gen_03087,7,0,False,-7.448,,False,False,False,2.28,inf
gen_03088,2,0,False,-7.566,,False,False,False,2.633,4.601
gen_03089,3,0,False,-7.141,,False,False,False,2.609,inf
gen_03090,2,0,False,-7.624,,False,False,False,4.072,inf
gen_03091,6,0,False,-9.189,,False,False,False,2.641,inf
gen_03092,13,0,False,-6.706,,False,False,False,2.439,inf
gen_03093,2,0,False,-7.586,,False,False,False,2.743,11.267
gen_03094,5,0,False,-7.326,,False,False,False,3.286,inf
gen_03095,4,0,False,-7.075,,False,False,False,2.606,5.933
gen_03096,5,0,False,-7.389,,False,False,False,2.743,4.22
gen_03097,5,1,True,-7.251,-7.243,False,True,True,2.241,3.199
gen_03098,5,0,False,-6.208,,False,False,False,8.487,inf
gen_03099,1,0,False,-7.099,,False,False,False,2.815,inf
gen_03100,7,0,False,-7.552,,False,False,False,3.43,inf
gen_03101,4,0,False,-7.272,,False,False,False,2.694,4.045
gen_03102,6,0,False,-8.101,,False,False,False,2.774,4.716
gen_03103,6,0,False,-8.511,,False,False,False,2.561,4.194
gen_03104,1,0,False,-7.59,,False,False,False,2.798,inf
gen_03105,2,0,False,-8.385,,False,False,False,2.761,6.862
gen_03106,2,0,False,-7.615,,False,False,False,2.466,5.962
gen_03107,2,0,False,-7.072,,False,False,False,2.705,inf
gen_03108,8,0,False,-7.593,,False,False,False,2.601,inf
gen_03109,2,0,False,-7.672,,False,False,False,10.609,6.899
gen_03110,3,0,False,-7.206,,False,False,False,2.786,inf
gen_03111,8,0,False,-77.676,,False,False,False,4.787,inf
gen_03112,2,0,False,-7.056,,False,False,False,2.614,inf
gen_03113,6,0,False,-6.86,,False,False,False,2.468,inf
gen_03114,1,0,False,-7.643,,False,False,False,2.768,3.68
gen_03115,8,0,False,-7.812,,False,False,False,2.655,inf
gen_03116,5,0,False,-6.926,,False,False,False,2.847,inf
gen_03117,13,0,False,-8.479,,False,False,False,2.339,inf
gen_03118,2,0,False,-6.149,,False,False,False,2.643,inf
gen_03119,2,0,False,-7.795,,False,False,False,2.693,inf
gen_03120,3,0,False,-7.633,,False,False,False,2.79,inf
gen_03121,7,0,False,-7.264,,False,False,False,2.795,inf
gen_03122,7,0,False,-7.247,,False,False,False,2.299,inf
gen_03123,2,0,False,-7.906,,False,False,False,3.941,inf
gen_03124,4,0,False,-7.427,,False,False,False,2.856,inf
gen_03125,1,0,False,-8.094,,False,False,False,2.811,inf
gen_03126,5,0,False,-7.843,,False,False,False,2.809,8.077
gen_03127,6,0,False,-8.307,,False,False,False,3.121,inf
gen_03128,8,0,False,-7.813,,False,False,False,2.763,inf
gen_03129,5,0,False,-7.392,,False,False,False,2.478,inf
gen_03130,3,0,False,-7.78,,False,False,False,2.577,inf
gen_03131,2,0,False,-123.334,,False,False,False,4.678,inf
gen_03132,1,0,False,-7.78,,False,False,False,2.497,inf
gen_03133,6,0,False,-7.279,,False,False,False,2.416,inf
gen_03134,3,0,False,-8.368,,False,False,False,2.75,inf
gen_03135,6,0,False,-9.003,,False,False,False,2.85,inf
gen_03136,10,0,False,-7.319,,False,False,False,2.577,inf
gen_03137,1,0,False,-7.29,,False,False,False,2.611,inf
gen_03138,7,0,False,-7.835,,False,False,False,2.414,inf
gen_03139,8,0,False,-6.946,,False,False,False,2.652,inf
gen_03140,8,0,False,-8.389,,False,False,False,2.467,4.042
gen_03141,6,0,False,-7.851,,False,False,False,2.804,3.923
gen_03142,11,0,False,-7.091,,False,False,False,2.579,inf
gen_03143,2,0,False,-8.509,,False,False,False,2.665,inf
gen_03144,11,0,False,-7.629,,False,False,False,2.631,inf
gen_03145,2,0,False,-7.053,,False,False,False,2.779,inf
gen_03146,6,0,False,-6.735,,False,False,False,2.507,inf
gen_03147,4,0,False,-7.118,,False,False,False,2.652,inf
gen_03148,4,1,True,-9.063,-8.573,True,True,True,2.536,2.853
gen_03149,3,0,False,-8.426,,False,False,False,2.806,inf
gen_03150,3,0,False,-6.769,,False,False,False,2.325,inf
gen_03151,2,0,False,-7.12,,False,False,False,2.423,inf
gen_03152,3,0,False,-6.806,,False,False,False,2.302,3.685
gen_03153,1,0,False,-7.11,,False,False,False,2.777,inf
gen_03154,4,0,False,-7.803,,False,False,False,2.557,inf
gen_03155,5,5,True,-7.541,-7.541,True,True,True,2.774,3.037
gen_03156,5,0,False,-7.712,,False,False,False,2.733,inf
gen_03157,6,0,False,-6.567,,False,False,False,2.69,inf
gen_03158,4,0,False,-7.378,,False,False,False,2.403,inf
gen_03159,2,0,False,-7.373,,False,False,False,2.484,inf
gen_03160,6,0,False,-7.111,,False,False,False,2.567,inf
gen_03161,2,0,False,-8.016,,False,False,False,13.635,5.665
gen_03162,4,0,False,-7.12,,False,False,False,2.279,inf
gen_03163,5,0,False,-8.062,,False,False,False,2.771,inf
gen_03164,1,0,False,-7.519,,False,False,False,2.762,inf
gen_03165,3,0,False,-8.026,,False,False,False,2.207,inf
gen_03166,1,0,False,-7.187,,False,False,False,8.539,inf
gen_03167,3,0,False,-7.784,,False,False,False,2.584,inf
gen_03168,5,0,False,-7.537,,False,False,False,2.442,inf
gen_03169,1,0,False,-8.078,,False,False,False,2.957,inf
gen_03170,3,2,True,-7.419,-7.419,True,True,False,2.283,3.066
gen_03171,2,0,False,-7.642,,False,False,False,2.614,inf
gen_03172,8,0,False,-7.489,,False,False,False,2.68,inf
gen_03173,2,0,False,-8.216,,False,False,False,14.813,inf
gen_03174,3,0,False,-7.677,,False,False,False,2.59,inf
gen_03175,3,0,False,-7.607,,False,False,False,2.689,inf
gen_03176,8,2,True,-7.529,-7.529,True,True,True,2.675,2.9
gen_03177,3,0,False,-8.189,,False,False,False,2.565,inf
gen_03178,3,0,False,-6.881,,False,False,False,2.721,inf
gen_03179,2,0,False,-7.36,,False,False,False,3.952,inf
gen_03180,2,0,False,-7.303,,False,False,False,2.668,inf
gen_03181,1,1,True,-7.782,-7.782,True,True,False,2.203,3.064
gen_03182,5,0,False,-7.143,,False,False,False,2.738,inf
gen_03183,2,0,False,-7.445,,False,False,False,2.477,inf
gen_03184,5,0,False,-6.788,,False,False,False,2.695,inf
gen_03185,7,0,False,-8.73,,False,False,False,2.661,3.659
gen_03186,5,0,False,-8.024,,False,False,False,2.695,2.873
gen_03187,1,0,False,-7.753,,False,False,False,5.704,inf
gen_03188,6,0,False,-8.086,,False,False,False,2.767,inf
gen_03189,2,0,False,-8.863,,False,False,False,2.678,5.761
gen_03190,3,0,False,-8.045,,False,False,False,2.327,inf
gen_03191,4,0,False,-6.753,,False,False,False,2.665,inf
gen_03192,1,0,False,-7.639,,False,False,False,2.661,inf
gen_03193,8,0,False,-7.433,,False,False,False,2.682,inf
gen_03194,3,0,False,-7.504,,False,False,False,2.888,inf
gen_03195,2,0,False,-7.039,,False,False,False,2.204,inf
gen_03196,6,0,False,-7.685,,False,False,False,4.779,inf
gen_03197,1,0,False,-6.642,,False,False,False,2.356,3.9
gen_03198,6,0,False,-7.737,,False,False,False,2.731,inf
gen_03199,7,0,False,-7.514,,False,False,False,2.691,4.228
gen_03200,4,0,False,-7.477,,False,False,False,2.624,inf
gen_03201,2,0,False,-7.86,,False,False,False,2.296,inf
gen_03202,1,0,False,-6.79,,False,False,False,2.715,inf
gen_03203,2,0,False,-7.751,,False,False,False,11.471,inf
gen_03204,1,0,False,-8.311,,False,False,False,2.851,inf
gen_03205,1,0,False,-6.735,,False,False,False,2.772,inf
gen_03206,4,0,False,-6.846,,False,False,False,2.729,inf
gen_03207,5,0,False,-5.9,,False,False,False,3.728,inf
gen_03208,2,0,False,-7.353,,False,False,False,2.731,7.846
gen_03209,5,0,False,-7.045,,False,False,False,2.305,inf
gen_03210,2,0,False,-7.89,,False,False,False,2.803,inf
gen_03211,4,0,False,-7.845,,False,False,False,2.588,6.843
gen_03212,3,0,False,-7.523,,False,False,False,2.242,inf
gen_03213,3,0,False,-7.226,,False,False,False,2.702,inf
gen_03214,7,0,False,-7.633,,False,False,False,2.619,inf
gen_03215,7,0,False,-8.101,,False,False,False,8.08,inf
gen_03216,2,0,False,-7.242,,False,False,False,2.506,inf
gen_03217,4,0,False,-7.63,,False,False,False,2.481,inf
gen_03218,1,0,False,-8.187,,False,False,False,2.776,inf
gen_03219,6,0,False,-7.015,,False,False,False,2.792,inf
gen_03220,1,0,False,-6.995,,False,False,False,2.977,inf
gen_03221,5,0,False,-6.961,,False,False,False,2.528,inf
gen_03222,2,0,False,-7.899,,False,False,False,2.444,inf
gen_03223,2,0,False,-7.006,,False,False,False,2.806,inf
gen_03224,4,0,False,-7.649,,False,False,False,2.806,inf
gen_03225,2,2,True,-7.538,-7.538,True,True,True,2.577,2.742
gen_03226,4,0,False,-8.048,,False,False,False,2.459,inf
gen_03227,7,0,False,-7.358,,False,False,False,2.587,inf
gen_03228,2,0,False,-8.373,,False,False,False,2.586,inf
gen_03229,5,0,False,-7.194,,False,False,False,2.534,inf
gen_03230,4,0,False,-7.819,,False,False,False,2.425,inf
gen_03231,1,0,False,-7.118,,False,False,False,2.769,inf
gen_03232,1,0,False,-7.556,,False,False,False,2.766,inf
gen_03233,1,0,False,-7.252,,False,False,False,2.669,inf
gen_03234,8,0,False,-7.45,,False,False,False,2.592,inf
gen_03235,7,0,False,-7.404,,False,False,False,2.689,inf
gen_03236,1,0,False,-3.745,,False,False,False,14.081,inf
gen_03237,4,0,False,-7.397,,False,False,False,3.596,inf
gen_03238,3,0,False,-6.63,,False,False,False,2.723,inf
gen_03239,4,0,False,-7.859,,False,False,False,2.837,inf
gen_03240,1,1,True,-7.729,-7.729,True,True,False,2.774,3.427
gen_03241,2,0,False,-7.95,,False,False,False,2.738,3.794
gen_03242,2,0,False,-6.58,,False,False,False,2.732,inf
gen_03243,3,0,False,-7.464,,False,False,False,2.757,inf
gen_03244,4,0,False,-7.496,,False,False,False,2.562,inf
gen_03245,2,2,True,-8.221,-8.221,True,True,False,2.77,3.025
gen_03246,6,0,False,-8.121,,False,False,False,8.54,inf
gen_03247,2,0,False,-7.376,,False,False,False,2.258,6.127
gen_03248,10,0,False,-6.48,,False,False,False,2.764,inf
gen_03249,1,0,False,-8.116,,False,False,False,2.531,inf
gen_03250,3,0,False,-8.241,,False,False,False,2.777,inf
gen_03251,7,0,False,-7.048,,False,False,False,2.347,inf
gen_03252,1,1,True,-9.305,-9.305,True,True,False,2.723,2.832
gen_03253,2,0,False,-7.952,,False,False,False,15.138,4.244
gen_03254,2,1,True,-7.095,-7.095,False,True,False,2.483,3.027
gen_03255,4,0,False,-7.373,,False,False,False,2.69,inf
gen_03256,9,0,False,-8.054,,False,False,False,5.311,2.91
gen_03257,5,0,False,-7.474,,False,False,False,2.667,inf
gen_03258,1,0,False,-7.362,,False,False,False,10.011,inf
gen_03259,7,0,False,-7.537,,False,False,False,2.627,6.261
gen_03260,3,0,False,-6.236,,False,False,False,2.791,inf
gen_03261,2,0,False,-8.463,,False,False,False,2.793,inf
gen_03262,6,0,False,-7.501,,False,False,False,2.735,inf
gen_03263,1,0,False,-6.649,,False,False,False,9.982,5.048
gen_03264,7,0,False,-8.321,,False,False,False,2.326,6.112
gen_03265,1,0,False,-7.708,,False,False,False,2.434,inf
gen_03266,2,0,False,-8.61,,False,False,False,2.738,5.086
gen_03267,6,0,False,-8.112,,False,False,False,2.83,inf
gen_03268,3,0,False,-7.46,,False,False,False,2.805,inf
gen_03269,2,2,True,-6.884,-6.884,False,True,True,2.642,2.746
gen_03270,3,0,False,-7.647,,False,False,False,2.22,inf
gen_03271,4,0,False,-7.298,,False,False,False,2.689,inf
gen_03272,8,0,False,-8.06,,False,False,False,2.81,inf
gen_03273,3,0,False,-7.342,,False,False,False,2.561,inf
gen_03274,1,0,False,-7.219,,False,False,False,2.8,inf
gen_03275,12,0,False,-8.855,,False,False,False,2.729,inf
gen_03276,4,0,False,-8.069,,False,False,False,2.55,inf
gen_03277,1,0,False,-7.127,,False,False,False,2.212,inf
gen_03278,2,0,False,-6.948,,False,False,False,3.007,inf
gen_03279,4,0,False,-6.646,,False,False,False,2.204,inf
gen_03280,6,0,False,-6.55,,False,False,False,2.43,inf
gen_03281,1,0,False,-6.889,,False,False,False,2.669,inf
gen_03282,2,0,False,-79.243,,False,False,False,7.407,9.49
gen_03283,2,0,False,-7.081,,False,False,False,2.671,inf
gen_03284,3,0,False,-7.843,,False,False,False,2.73,inf
gen_03285,2,0,False,-7.292,,False,False,False,2.816,inf
gen_03286,3,3,True,-8.184,-8.184,True,True,False,2.708,3.059
gen_03287,2,0,False,-7.204,,False,False,False,2.675,inf
gen_03288,4,0,False,-8.028,,False,False,False,2.783,inf
gen_03289,3,0,False,-7.718,,False,False,False,2.673,inf
gen_03290,7,0,False,-7.368,,False,False,False,2.633,inf
gen_03291,1,0,False,-7.079,,False,False,False,2.775,4.331
gen_03292,1,0,False,-8.133,,False,False,False,2.75,inf
gen_03293,10,0,False,-7.596,,False,False,False,2.72,inf
gen_03294,5,0,False,-6.797,,False,False,False,2.718,3.583
gen_03295,4,0,False,-7.25,,False,False,False,2.75,inf
gen_03296,5,0,False,-8.008,,False,False,False,2.665,3.001
gen_03297,1,0,False,-7.887,,False,False,False,16.93,2.76
gen_03298,8,0,False,-7.228,,False,False,False,2.31,inf
gen_03299,3,0,False,-6.692,,False,False,False,2.549,inf
gen_03300,4,2,True,-8.166,-8.166,True,True,True,2.665,3.01
gen_03301,3,0,False,-7.949,,False,False,False,2.737,inf
gen_03302,11,0,False,-7.646,,False,False,False,2.54,inf
gen_03303,6,0,False,-7.635,,False,False,False,2.643,inf
gen_03304,4,0,False,-7.411,,False,False,False,2.472,4.508
gen_03305,1,0,False,-7.127,,False,False,False,2.745,6.033
gen_03306,3,0,False,-8.301,,False,False,False,2.758,inf
gen_03307,4,0,False,-7.504,,False,False,False,2.725,inf
gen_03308,1,0,False,-8.524,,False,False,False,2.861,5.754
gen_03309,1,0,False,-7.054,,False,False,False,2.237,inf
gen_03310,5,0,False,-6.92,,False,False,False,2.258,4.219
gen_03311,6,3,True,-7.682,-7.682,True,True,True,2.601,3.345
gen_03312,3,0,False,-7.099,,False,False,False,2.724,inf
gen_03313,3,0,False,-7.386,,False,False,False,2.562,inf
gen_03314,5,0,False,-7.511,,False,False,False,2.728,5.225
gen_03315,5,2,True,-6.786,-6.645,False,True,True,2.388,2.729
gen_03316,11,0,False,-6.911,,False,False,False,2.648,3.139
gen_03317,4,0,False,-7.504,,False,False,False,3.821,inf
gen_03318,6,0,False,-7.565,,False,False,False,2.7,inf
gen_03319,8,5,True,-7.751,-7.743,True,True,False,2.285,3.052
gen_03320,4,0,False,-8.212,,False,False,False,2.678,inf
gen_03321,3,0,False,-52.956,,False,False,False,11.813,inf
gen_03322,2,0,False,-7.387,,False,False,False,2.655,inf
gen_03323,6,0,False,-7.314,,False,False,False,2.679,4.613
gen_03324,2,0,False,-8.602,,False,False,False,2.654,inf
gen_03325,1,0,False,-6.736,,False,False,False,2.457,4.53
gen_03326,5,0,False,-7.665,,False,False,False,2.364,inf
gen_03327,2,0,False,-7.49,,False,False,False,2.329,inf
gen_03328,1,0,False,-6.501,,False,False,False,2.607,inf
gen_03329,5,0,False,-7.853,,False,False,False,2.77,inf
gen_03330,8,0,False,-7.941,,False,False,False,2.37,4.365
gen_03331,2,0,False,-7.036,,False,False,False,2.71,5.983
gen_03332,3,0,False,-8.191,,False,False,False,2.484,3.727
gen_03333,4,0,False,-8.627,,False,False,False,2.752,inf
gen_03334,4,1,True,-7.258,-7.152,False,True,False,2.367,2.936
gen_03335,11,0,False,-8.139,,False,False,False,2.599,6.935
gen_03336,2,0,False,-8.29,,False,False,False,2.713,inf
gen_03337,5,0,False,-8.014,,False,False,False,2.711,inf
gen_03338,1,0,False,-8.522,,False,False,False,2.427,inf
gen_03339,4,0,False,-7.305,,False,False,False,2.724,inf
gen_03340,3,0,False,-8.172,,False,False,False,2.325,inf
gen_03341,2,0,False,-6.67,,False,False,False,3.342,inf
gen_03342,2,0,False,-7.035,,False,False,False,9.792,inf
gen_03343,1,0,False,-7.19,,False,False,False,2.284,inf
gen_03344,4,0,False,-8.056,,False,False,False,2.75,inf
gen_03345,5,0,False,-8.427,,False,False,False,2.737,inf
gen_03346,6,0,False,-7.163,,False,False,False,2.424,inf
gen_03347,2,0,False,-7.434,,False,False,False,2.768,inf
gen_03348,3,0,False,-6.684,,False,False,False,2.701,inf
gen_03349,11,0,False,-7.061,,False,False,False,2.719,inf
gen_03350,2,0,False,-7.291,,False,False,False,3.943,inf
gen_03351,2,0,False,-7.069,,False,False,False,2.697,inf
gen_03352,1,0,False,-6.798,,False,False,False,2.619,inf
gen_03353,10,0,False,-8.025,,False,False,False,2.344,inf
gen_03354,2,0,False,-7.181,,False,False,False,3.808,inf
gen_03355,6,0,False,-6.33,,False,False,False,2.743,inf
gen_03356,4,0,False,-7.565,,False,False,False,2.703,inf
gen_03357,2,0,False,-7.226,,False,False,False,3.062,inf
gen_03358,4,0,False,-6.851,,False,False,False,2.746,inf
gen_03359,4,0,False,-7.509,,False,False,False,2.685,7.177
gen_03360,5,0,False,-7.664,,False,False,False,2.852,inf
gen_03361,2,0,False,-8.612,,False,False,False,2.714,inf
gen_03362,7,0,False,-7.026,,False,False,False,12.47,inf
gen_03363,2,0,False,-7.357,,False,False,False,2.653,inf
gen_03364,5,0,False,-7.299,,False,False,False,2.416,3.827
gen_03365,4,0,False,-7.54,,False,False,False,2.669,inf
gen_03366,1,0,False,-8.297,,False,False,False,2.598,inf
gen_03367,5,0,False,-7.936,,False,False,False,2.679,10.827
gen_03368,5,0,False,-7.676,,False,False,False,2.24,inf
gen_03369,1,0,False,-6.799,,False,False,False,2.958,3.656
gen_03370,2,0,False,-8.418,,False,False,False,2.696,inf
gen_03371,2,2,True,-8.289,-8.289,True,True,True,2.979,3.402
gen_03372,1,0,False,-6.802,,False,False,False,2.814,inf
gen_03373,2,0,False,-7.261,,False,False,False,10.898,inf
gen_03374,10,0,False,-7.325,,False,False,False,2.614,inf
gen_03375,8,0,False,-6.961,,False,False,False,2.529,inf
gen_03376,2,0,False,-7.348,,False,False,False,3.018,inf
gen_03377,4,0,False,-6.84,,False,False,False,2.66,inf
gen_03378,1,0,False,-8.446,,False,False,False,2.971,inf
gen_03379,2,0,False,-7.067,,False,False,False,2.344,inf
gen_03380,3,0,False,-7.166,,False,False,False,2.271,inf
gen_03381,4,0,False,-8.111,,False,False,False,2.747,4.004
gen_03382,1,0,False,-7.208,,False,False,False,2.751,inf
gen_03383,5,5,True,-8.342,-8.342,True,True,True,2.41,3.025
gen_03384,4,0,False,-7.175,,False,False,False,2.88,inf
gen_03385,8,0,False,-7.296,,False,False,False,2.698,inf
gen_03386,1,0,False,-7.968,,False,False,False,2.582,inf
gen_03387,2,0,False,-7.732,,False,False,False,2.588,inf
gen_03388,7,0,False,-7.713,,False,False,False,2.639,inf
gen_03389,7,0,False,-7.745,,False,False,False,2.765,inf
gen_03390,2,0,False,-7.156,,False,False,False,2.78,inf
gen_03391,5,0,False,-7.964,,False,False,False,2.66,inf
gen_03392,3,0,False,-7.467,,False,False,False,3.065,inf
gen_03393,4,0,False,-8.255,,False,False,False,2.784,3.689
gen_03394,2,0,False,-8.003,,False,False,False,2.677,inf
gen_03395,4,0,False,-8.384,,False,False,False,2.477,inf
gen_03396,4,0,False,-8.607,,False,False,False,2.692,6.713
gen_03397,2,0,False,-7.848,,False,False,False,2.622,inf
gen_03398,7,0,False,-7.689,,False,False,False,2.623,inf
gen_03399,6,0,False,-6.782,,False,False,False,2.573,inf
gen_03400,2,0,False,-7.801,,False,False,False,2.543,inf
gen_03401,2,0,False,-7.451,,False,False,False,15.083,inf
gen_03402,2,0,False,-6.525,,False,False,False,2.573,inf
gen_03403,1,0,False,-7.973,,False,False,False,2.417,inf
gen_03404,2,0,False,-7.49,,False,False,False,2.704,inf
gen_03405,8,0,False,-7.523,,False,False,False,2.721,3.636
gen_03406,1,0,False,-8.112,,False,False,False,2.635,inf
gen_03407,2,0,False,-6.973,,False,False,False,2.726,inf
gen_03408,1,1,True,-7.477,-7.477,True,True,False,2.791,2.747
gen_03409,4,0,False,-8.4,,False,False,False,2.708,inf
gen_03410,2,0,False,-7.558,,False,False,False,3.392,inf
gen_03411,7,0,False,-7.078,,False,False,False,2.577,inf
gen_03412,9,0,False,-7.481,,False,False,False,2.659,inf
gen_03413,2,0,False,-7.955,,False,False,False,2.807,inf
gen_03414,5,0,False,-7.669,,False,False,False,2.712,inf
gen_03415,5,0,False,-7.391,,False,False,False,4.001,4.369
gen_03416,5,0,False,-7.657,,False,False,False,2.704,inf
gen_03417,2,0,False,-7.488,,False,False,False,3.523,inf
gen_03418,4,0,False,-7.542,,False,False,False,2.648,inf
gen_03419,2,0,False,-7.543,,False,False,False,2.665,inf
gen_03420,7,0,False,-7.904,,False,False,False,2.47,inf
gen_03421,2,0,False,-7.492,,False,False,False,3.822,inf
gen_03422,2,0,False,-6.458,,False,False,False,2.749,inf
gen_03423,2,0,False,-7.049,,False,False,False,2.507,inf
gen_03424,2,0,False,-8.711,,False,False,False,3.663,3.199
gen_03425,4,0,False,-6.603,,False,False,False,2.287,inf
gen_03426,2,2,True,-6.927,-6.927,False,True,False,2.836,3.219
gen_03427,1,0,False,-6.894,,False,False,False,2.795,inf
gen_03428,9,0,False,-7.27,,False,False,False,2.235,inf
gen_03429,4,0,False,-77.134,,False,False,False,7.943,6.092
gen_03430,6,0,False,-8.021,,False,False,False,2.842,inf
gen_03431,1,0,False,-7.833,,False,False,False,7.882,inf
gen_03432,1,0,False,-8.03,,False,False,False,2.67,inf
gen_03433,2,0,False,-7.015,,False,False,False,2.708,inf
gen_03434,3,0,False,-59.802,,False,False,False,8.798,inf
gen_03435,3,0,False,-6.84,,False,False,False,2.354,inf
gen_03436,9,0,False,-8.26,,False,False,False,2.795,inf
gen_03437,3,0,False,-7.111,,False,False,False,2.863,inf
gen_03438,3,0,False,-6.974,,False,False,False,2.546,inf
gen_03439,5,0,False,-8.519,,False,False,False,2.65,2.956
gen_03440,7,0,False,-7.814,,False,False,False,2.345,inf
gen_03441,1,0,False,-6.759,,False,False,False,2.732,inf
gen_03442,7,0,False,-7.235,,False,False,False,2.696,inf
gen_03443,2,0,False,-7.477,,False,False,False,2.72,inf
gen_03444,12,0,False,-7.372,,False,False,False,2.423,inf
gen_03445,1,0,False,-6.489,,False,False,False,2.626,4.463
gen_03446,1,0,False,-6.774,,False,False,False,2.324,inf
gen_03447,1,0,False,-7.682,,False,False,False,2.728,inf
gen_03448,1,0,False,-6.971,,False,False,False,2.483,inf
gen_03449,2,0,False,-7.078,,False,False,False,2.82,inf
gen_03450,3,0,False,-7.162,,False,False,False,2.651,9.295
gen_03451,1,0,False,-7.453,,False,False,False,2.874,inf
gen_03452,2,0,False,-8.125,,False,False,False,2.373,inf
gen_03453,1,1,True,-6.558,-6.558,False,True,True,2.815,3.2
gen_03454,8,0,False,-7.733,,False,False,False,2.313,inf
gen_03455,2,0,False,-7.247,,False,False,False,2.614,inf
gen_03456,9,6,True,-6.57,-6.57,False,True,True,2.264,2.899
gen_03457,2,0,False,-6.557,,False,False,False,2.796,inf
gen_03458,3,0,False,-6.793,,False,False,False,2.195,inf
gen_03459,8,0,False,-6.788,,False,False,False,2.492,inf
gen_03460,3,3,True,-7.718,-7.718,True,True,True,2.441,3.067
gen_03461,2,0,False,-7.481,,False,False,False,3.087,inf
gen_03462,5,0,False,-8.123,,False,False,False,4.038,inf
gen_03463,2,0,False,-7.016,,False,False,False,2.645,inf
gen_03464,7,0,False,-7.84,,False,False,False,2.624,inf
gen_03465,2,0,False,-7.203,,False,False,False,4.759,inf
gen_03466,4,0,False,-155.06,,False,False,False,4.989,inf
gen_03467,9,0,False,-6.673,,False,False,False,2.693,inf
gen_03468,6,0,False,-7.285,,False,False,False,2.571,4.043
gen_03469,3,0,False,-8.306,,False,False,False,2.703,inf
gen_03470,1,0,False,-7.839,,False,False,False,3.125,inf
gen_03471,7,0,False,-8.561,,False,False,False,16.424,4.822
gen_03472,1,0,False,-6.921,,False,False,False,2.36,5.835
gen_03473,2,0,False,-7.439,,False,False,False,2.638,inf
gen_03474,3,0,False,-8.452,,False,False,False,2.513,inf
gen_03475,1,0,False,-7.04,,False,False,False,2.855,inf
gen_03476,3,0,False,-7.343,,False,False,False,2.327,inf
gen_03477,6,0,False,-7.817,,False,False,False,2.776,4.858
gen_03478,6,0,False,-7.533,,False,False,False,2.673,inf
gen_03479,2,0,False,-7.688,,False,False,False,2.656,inf
gen_03480,9,0,False,-7.832,,False,False,False,2.677,inf
gen_03481,4,0,False,-7.717,,False,False,False,3.153,inf
gen_03482,3,0,False,-7.325,,False,False,False,2.746,inf
gen_03483,2,0,False,-6.544,,False,False,False,2.747,inf
gen_03484,2,0,False,-7.17,,False,False,False,4.381,inf
gen_03485,3,0,False,-6.583,,False,False,False,2.521,inf
gen_03486,2,0,False,-8.214,,False,False,False,2.787,4.499
gen_03487,1,0,False,-114.818,,False,False,False,9.149,11.31
gen_03488,7,0,False,-7.455,,False,False,False,2.444,7.738
gen_03489,5,0,False,-7.503,,False,False,False,3.877,inf
gen_03490,4,0,False,-6.683,,False,False,False,2.677,inf
gen_03491,9,1,True,-7.184,-7.112,False,True,True,2.726,3.483
gen_03492,2,0,False,-7.994,,False,False,False,2.797,inf
gen_03493,2,0,False,-6.574,,False,False,False,2.692,inf
gen_03494,8,0,False,-7.683,,False,False,False,2.743,inf
gen_03495,9,0,False,-6.826,,False,False,False,2.376,inf
gen_03496,4,0,False,-8.091,,False,False,False,7.999,3.111
gen_03497,2,0,False,-7.075,,False,False,False,2.491,inf
gen_03498,5,0,False,-6.766,,False,False,False,2.513,inf
gen_03499,10,0,False,-7.496,,False,False,False,2.456,inf
gen_03500,3,0,False,-7.434,,False,False,False,3.866,inf
gen_03501,4,0,False,-7.82,,False,False,False,2.719,inf
gen_03502,6,0,False,-7.053,,False,False,False,2.645,inf
gen_03503,8,8,True,-8.957,-8.957,True,True,True,2.621,2.839
gen_03504,9,0,False,-7.531,,False,False,False,2.623,inf
gen_03505,9,0,False,-7.819,,False,False,False,2.405,inf
gen_03506,8,0,False,-7.659,,False,False,False,2.753,inf
gen_03507,5,0,False,-7.148,,False,False,False,3.628,inf
gen_03508,1,0,False,-7.317,,False,False,False,2.578,5.567
gen_03509,2,0,False,-7.392,,False,False,False,2.464,inf
gen_03510,2,0,False,-7.137,,False,False,False,2.761,inf
gen_03511,2,0,False,-8.244,,False,False,False,2.843,inf
gen_03512,10,0,False,-7.591,,False,False,False,2.439,inf
gen_03513,8,0,False,-7.724,,False,False,False,3.278,2.961
gen_03514,4,0,False,-7.519,,False,False,False,2.557,inf
gen_03515,4,0,False,-7.222,,False,False,False,3.742,inf
gen_03516,5,0,False,-7.163,,False,False,False,2.196,3.533
gen_03517,5,5,True,-7.423,-7.423,True,True,True,2.815,3.254
gen_03518,9,0,False,-7.464,,False,False,False,2.73,inf
gen_03519,7,0,False,-6.839,,False,False,False,2.837,inf
gen_03520,5,0,False,-8.149,,False,False,False,2.694,inf
gen_03521,14,0,False,-8.492,,False,False,False,2.405,inf
gen_03522,4,0,False,-7.092,,False,False,False,2.718,inf
gen_03523,5,0,False,-7.278,,False,False,False,2.331,inf
gen_03524,2,0,False,-7.358,,False,False,False,2.706,inf
gen_03525,3,0,False,-7.8,,False,False,False,3.504,inf
gen_03526,4,0,False,-7.875,,False,False,False,2.741,inf
gen_03527,1,0,False,-7.487,,False,False,False,3.072,inf
gen_03528,3,0,False,-7.58,,False,False,False,2.685,inf
gen_03529,1,0,False,-7.77,,False,False,False,2.711,6.104
gen_03530,1,0,False,-8.201,,False,False,False,2.665,inf
gen_03531,1,0,False,-6.21,,False,False,False,2.776,inf
gen_03532,1,0,False,-8.223,,False,False,False,2.741,inf
gen_03533,6,0,False,-7.203,,False,False,False,2.621,inf
gen_03534,4,0,False,-8.149,,False,False,False,2.672,inf
gen_03535,3,0,False,-7.164,,False,False,False,2.793,inf
gen_03536,3,0,False,-8.334,,False,False,False,3.528,6.028
gen_03537,1,0,False,-7.612,,False,False,False,2.781,inf
gen_03538,4,0,False,-6.889,,False,False,False,2.718,inf
gen_03539,4,0,False,-7.955,,False,False,False,12.612,inf
gen_03540,3,0,False,-6.39,,False,False,False,2.554,inf
gen_03541,8,0,False,-8.079,,False,False,False,2.445,inf
gen_03542,7,0,False,-7.807,,False,False,False,2.761,inf
gen_03543,6,0,False,-7.898,,False,False,False,2.673,4.198
gen_03544,2,0,False,-7.342,,False,False,False,2.776,inf
gen_03545,1,0,False,-7.829,,False,False,False,2.621,inf
gen_03546,1,1,True,-7.505,-7.505,True,True,False,2.592,3.115
gen_03547,1,0,False,-6.649,,False,False,False,2.729,inf
gen_03548,7,0,False,-7.973,,False,False,False,2.493,inf
gen_03549,2,0,False,-8.073,,False,False,False,2.675,inf
gen_03550,2,0,False,-8.036,,False,False,False,2.426,inf
gen_03551,7,0,False,-7.745,,False,False,False,3.316,inf
gen_03552,1,0,False,-6.781,,False,False,False,2.843,6.981
gen_03553,8,0,False,-8.258,,False,False,False,2.76,inf
gen_03554,5,0,False,-7.751,,False,False,False,2.684,inf
gen_03555,3,0,False,-8.21,,False,False,False,2.765,inf
gen_03556,11,0,False,-8.337,,False,False,False,2.632,inf
gen_03557,2,0,False,-7.027,,False,False,False,3.038,inf
gen_03558,2,0,False,-7.824,,False,False,False,2.606,inf
gen_03559,5,0,False,-7.763,,False,False,False,2.375,inf
gen_03560,2,0,False,-7.212,,False,False,False,2.714,inf
gen_03561,1,0,False,-7.769,,False,False,False,2.839,inf
gen_03562,8,0,False,-7.24,,False,False,False,2.673,inf
gen_03563,9,0,False,-7.463,,False,False,False,2.672,inf
gen_03564,10,0,False,-7.996,,False,False,False,2.597,inf
gen_03565,9,0,False,-7.465,,False,False,False,2.808,inf
gen_03566,4,0,False,-7.077,,False,False,False,6.73,inf
gen_03567,1,0,False,-7.291,,False,False,False,2.199,inf
gen_03568,2,0,False,-8.07,,False,False,False,2.809,inf
gen_03569,4,0,False,-7.157,,False,False,False,2.763,inf
gen_03570,1,0,False,-7.288,,False,False,False,2.621,inf
gen_03571,6,0,False,-8.145,,False,False,False,2.837,inf
gen_03572,3,0,False,-6.808,,False,False,False,2.689,5.744
gen_03573,3,0,False,-8.264,,False,False,False,2.487,inf
gen_03574,2,0,False,-8.04,,False,False,False,2.833,3.64
gen_03575,7,0,False,-7.004,,False,False,False,2.529,inf
gen_03576,2,0,False,-8.482,,False,False,False,14.589,5.173
gen_03577,2,0,False,-7.685,,False,False,False,2.783,inf
gen_03578,6,0,False,-6.873,,False,False,False,8.552,inf
gen_03579,2,0,False,-7.512,,False,False,False,3.801,8.251
gen_03580,1,0,False,-8.211,,False,False,False,15.101,inf
gen_03581,4,0,False,-7.298,,False,False,False,2.78,inf
gen_03582,9,0,False,-7.018,,False,False,False,5.178,5.049
gen_03583,1,0,False,-6.979,,False,False,False,2.743,inf
gen_03584,2,0,False,-7.509,,False,False,False,2.865,inf
gen_03585,3,0,False,-6.991,,False,False,False,2.698,inf
gen_03586,9,0,False,-7.509,,False,False,False,3.101,inf
gen_03587,1,0,False,-8.088,,False,False,False,2.506,6.61
gen_03588,2,0,False,-8.048,,False,False,False,2.661,inf
gen_03589,2,0,False,-7.087,,False,False,False,2.664,inf
gen_03590,6,0,False,-7.438,,False,False,False,2.283,inf
gen_03591,2,0,False,-7.726,,False,False,False,3.105,inf
gen_03592,5,0,False,-8.855,,False,False,False,2.353,inf
gen_03593,3,2,True,-7.695,-7.695,True,True,False,2.468,2.9
gen_03594,5,0,False,-7.788,,False,False,False,2.634,inf
gen_03595,4,0,False,-7.679,,False,False,False,2.228,inf
gen_03596,3,0,False,-7.776,,False,False,False,5.794,inf
gen_03597,2,0,False,-7.185,,False,False,False,15.213,inf
gen_03598,11,10,True,-8.243,-8.243,True,True,True,2.73,2.793
gen_03599,7,0,False,-8.091,,False,False,False,2.708,inf
gen_03600,2,0,False,-7.736,,False,False,False,3.091,inf
gen_03601,6,0,False,-7.428,,False,False,False,2.665,inf
gen_03602,1,0,False,-7.318,,False,False,False,2.767,inf
gen_03603,9,0,False,-6.691,,False,False,False,2.573,4.938
gen_03604,6,0,False,-7.987,,False,False,False,2.788,inf
gen_03605,2,0,False,-8.059,,False,False,False,2.75,inf
gen_03606,5,0,False,-5.827,,False,False,False,5.485,4.775
gen_03607,3,0,False,-7.231,,False,False,False,5.666,inf
gen_03608,4,0,False,-7.19,,False,False,False,2.193,inf
gen_03609,4,0,False,-8.054,,False,False,False,2.706,inf
gen_03610,5,0,False,-7.129,,False,False,False,2.723,inf
gen_03611,4,0,False,-8.02,,False,False,False,2.723,inf
gen_03612,3,0,False,-128.137,,False,False,False,6.922,inf
gen_03613,9,0,False,-8.757,,False,False,False,2.541,5.512
gen_03614,1,0,False,-6.501,,False,False,False,2.769,inf
gen_03615,2,0,False,-8.573,,False,False,False,2.486,inf
gen_03616,4,0,False,-7.454,,False,False,False,2.814,inf
gen_03617,6,0,False,-8.611,,False,False,False,2.574,inf
gen_03618,4,0,False,-6.961,,False,False,False,2.274,inf
gen_03619,5,0,False,-7.01,,False,False,False,2.502,inf
gen_03620,6,0,False,-8.468,,False,False,False,2.573,inf
gen_03621,8,0,False,-7.177,,False,False,False,2.74,inf
gen_03622,1,0,False,-6.878,,False,False,False,2.699,inf
gen_03623,6,0,False,-7.494,,False,False,False,2.664,inf
gen_03624,3,0,False,-7.149,,False,False,False,6.768,inf
gen_03625,1,0,False,-7.81,,False,False,False,2.758,inf
gen_03626,4,2,True,-6.951,-6.951,False,True,True,2.694,2.889
gen_03627,3,0,False,-7.143,,False,False,False,3.76,inf
gen_03628,10,3,True,-7.646,-7.564,True,True,False,2.556,3.413
gen_03629,2,0,False,-8.087,,False,False,False,2.424,inf
gen_03630,2,0,False,-7.772,,False,False,False,3.882,4.368
gen_03631,8,0,False,-7.841,,False,False,False,2.581,inf
gen_03632,5,0,False,-7.198,,False,False,False,2.333,inf
gen_03633,1,1,True,-7.513,-7.513,True,True,True,2.571,2.83
gen_03634,7,0,False,-7.686,,False,False,False,2.194,inf
gen_03635,4,0,False,-8.0,,False,False,False,4.336,inf
gen_03636,4,0,False,-7.069,,False,False,False,2.703,inf
gen_03637,5,0,False,-7.541,,False,False,False,2.476,inf
gen_03638,4,0,False,-7.564,,False,False,False,3.603,inf
gen_03639,2,0,False,-7.152,,False,False,False,2.759,inf
gen_03640,7,0,False,-7.24,,False,False,False,2.493,inf
gen_03641,6,0,False,-7.268,,False,False,False,2.67,inf
gen_03642,2,0,False,-7.631,,False,False,False,2.76,inf
gen_03643,7,0,False,-7.566,,False,False,False,2.71,inf
gen_03644,1,1,True,-9.497,-9.497,True,True,False,2.797,3.381
gen_03645,2,0,False,-7.814,,False,False,False,14.772,inf
gen_03646,4,0,False,-8.098,,False,False,False,12.168,4.95
gen_03647,6,0,False,-8.76,,False,False,False,2.254,inf
gen_03648,3,0,False,-6.563,,False,False,False,2.644,inf
gen_03649,4,0,False,-7.209,,False,False,False,2.668,inf
gen_03650,2,0,False,-8.138,,False,False,False,2.543,inf
gen_03651,3,0,False,-7.056,,False,False,False,14.668,inf
gen_03652,3,0,False,-7.815,,False,False,False,3.222,inf
gen_03653,4,0,False,-7.356,,False,False,False,2.732,inf
gen_03654,2,0,False,-6.448,,False,False,False,6.352,inf
gen_03655,10,3,True,-7.378,-6.932,False,True,True,2.663,2.814
gen_03656,3,0,False,-6.61,,False,False,False,2.714,inf
gen_03657,5,0,False,-6.566,,False,False,False,10.689,4.823
gen_03658,4,2,True,-7.423,-7.341,True,True,True,2.601,3.069
gen_03659,1,0,False,-8.333,,False,False,False,2.729,inf
gen_03660,6,6,True,-7.584,-7.584,True,True,True,2.741,2.862
gen_03661,2,0,False,-6.524,,False,False,False,2.354,inf
gen_03662,3,0,False,-7.646,,False,False,False,2.768,inf
gen_03663,5,0,False,-6.547,,False,False,False,2.641,4.165
gen_03664,4,0,False,-7.198,,False,False,False,2.713,inf
gen_03665,2,0,False,-6.974,,False,False,False,2.71,inf
gen_03666,4,0,False,-6.937,,False,False,False,2.487,inf
gen_03667,3,0,False,-8.4,,False,False,False,2.513,inf
gen_03668,7,0,False,-7.282,,False,False,False,2.459,inf
gen_03669,1,1,True,-7.255,-7.255,False,True,False,2.711,3.141
gen_03670,12,0,False,-7.185,,False,False,False,2.544,3.767
gen_03671,4,0,False,-8.159,,False,False,False,2.519,inf
gen_03672,2,0,False,-7.221,,False,False,False,2.34,inf
gen_03673,1,0,False,-7.432,,False,False,False,2.822,inf
gen_03674,3,0,False,-7.343,,False,False,False,2.746,inf
gen_03675,9,0,False,-8.372,,False,False,False,2.664,7.504
gen_03676,3,0,False,-8.115,,False,False,False,2.205,4.894
gen_03677,9,0,False,-7.841,,False,False,False,2.727,5.01
gen_03678,3,0,False,-8.318,,False,False,False,2.216,inf
gen_03679,2,0,False,-8.028,,False,False,False,2.736,inf
gen_03680,2,0,False,-7.763,,False,False,False,2.958,inf
gen_03681,4,0,False,-7.015,,False,False,False,2.707,inf
gen_03682,1,0,False,-7.21,,False,False,False,2.594,inf
gen_03683,2,0,False,-6.434,,False,False,False,2.667,inf
gen_03684,2,0,False,-8.195,,False,False,False,2.322,inf
gen_03685,2,0,False,-7.459,,False,False,False,2.706,inf
gen_03686,2,0,False,-77.698,,False,False,False,6.552,inf
gen_03687,1,0,False,-7.921,,False,False,False,2.449,5.839
gen_03688,3,0,False,-6.657,,False,False,False,2.672,inf
gen_03689,9,0,False,-7.272,,False,False,False,3.527,inf
gen_03690,1,0,False,-122.571,,False,False,False,3.835,inf
gen_03691,2,0,False,-6.919,,False,False,False,2.636,inf
gen_03692,1,0,False,-7.053,,False,False,False,2.737,inf
gen_03693,5,0,False,-7.428,,False,False,False,2.294,inf
gen_03694,5,0,False,-7.653,,False,False,False,3.695,7.92
gen_03695,1,0,False,-7.854,,False,False,False,2.672,3.855
gen_03696,6,0,False,-7.789,,False,False,False,2.745,inf
gen_03697,3,0,False,-7.777,,False,False,False,2.368,inf
gen_03698,8,0,False,-7.753,,False,False,False,2.683,inf
gen_03699,11,0,False,-7.94,,False,False,False,2.499,inf
gen_03700,5,4,True,-7.33,-7.33,True,True,True,2.633,2.796
gen_03701,4,0,False,-7.249,,False,False,False,2.807,inf
gen_03702,2,0,False,-7.196,,False,False,False,6.411,inf
gen_03703,3,0,False,-7.289,,False,False,False,2.462,inf
gen_03704,7,0,False,-6.965,,False,False,False,2.652,5.594
gen_03705,2,0,False,-8.526,,False,False,False,2.767,inf
gen_03706,2,0,False,-7.403,,False,False,False,2.375,inf
gen_03707,7,0,False,-7.47,,False,False,False,4.298,inf
gen_03708,2,0,False,-7.106,,False,False,False,10.155,inf
gen_03709,2,0,False,-7.418,,False,False,False,2.786,inf
gen_03710,3,0,False,-7.406,,False,False,False,2.619,inf
gen_03711,3,0,False,-8.284,,False,False,False,2.799,inf
gen_03712,2,0,False,-7.563,,False,False,False,2.514,inf
gen_03713,1,0,False,-7.18,,False,False,False,2.777,inf
gen_03714,3,0,False,-7.511,,False,False,False,2.767,inf
gen_03715,4,0,False,-7.75,,False,False,False,2.722,inf
gen_03716,4,0,False,-7.481,,False,False,False,2.479,inf
gen_03717,3,0,False,-8.083,,False,False,False,2.499,inf
gen_03718,5,0,False,-6.762,,False,False,False,2.327,inf
gen_03719,1,1,True,-7.209,-7.209,False,True,True,2.772,3.209
gen_03720,8,0,False,-7.334,,False,False,False,2.33,inf
gen_03721,5,0,False,-7.065,,False,False,False,2.747,inf
gen_03722,6,0,False,-7.083,,False,False,False,2.424,5.836
gen_03723,2,0,False,-7.039,,False,False,False,3.105,inf
gen_03724,7,0,False,-7.237,,False,False,False,2.778,inf
gen_03725,2,0,False,-6.899,,False,False,False,2.728,3.712
gen_03726,3,0,False,-7.84,,False,False,False,2.475,inf
gen_03727,3,0,False,-8.596,,False,False,False,2.788,inf
gen_03728,4,0,False,-7.424,,False,False,False,3.343,inf
gen_03729,5,0,False,-8.129,,False,False,False,2.694,inf
gen_03730,8,0,False,-7.106,,False,False,False,2.545,3.083
gen_03731,2,0,False,-6.934,,False,False,False,2.705,inf
gen_03732,1,0,False,-7.321,,False,False,False,15.969,inf
gen_03733,1,0,False,-6.444,,False,False,False,2.853,inf
gen_03734,4,0,False,-7.745,,False,False,False,2.351,4.054
gen_03735,14,0,False,-7.717,,False,False,False,2.601,5.04
gen_03736,5,0,False,-7.373,,False,False,False,2.837,inf
gen_03737,4,0,False,-7.399,,False,False,False,2.5,inf
gen_03738,2,0,False,-6.681,,False,False,False,2.602,6.121
gen_03739,4,0,False,-7.969,,False,False,False,5.431,inf
gen_03740,1,0,False,-7.475,,False,False,False,3.208,inf
gen_03741,3,0,False,-6.572,,False,False,False,6.914,inf
gen_03742,6,0,False,-6.978,,False,False,False,2.715,inf
gen_03743,5,0,False,-8.104,,False,False,False,2.503,3.799
gen_03744,2,0,False,-7.669,,False,False,False,2.725,inf
gen_03745,8,0,False,-7.729,,False,False,False,2.651,inf
gen_03746,2,0,False,-7.974,,False,False,False,11.927,5.311
gen_03747,5,0,False,-7.715,,False,False,False,2.435,inf
gen_03748,3,0,False,-8.625,,False,False,False,2.486,inf
gen_03749,6,0,False,-7.593,,False,False,False,2.43,inf
gen_03750,1,0,False,-7.25,,False,False,False,2.195,inf
gen_03751,7,0,False,-6.6,,False,False,False,3.918,inf
gen_03752,2,0,False,-7.639,,False,False,False,2.691,inf
gen_03753,2,0,False,-7.349,,False,False,False,12.237,5.703
gen_03754,5,0,False,-7.357,,False,False,False,2.768,4.837
gen_03755,5,0,False,-6.456,,False,False,False,2.714,inf
gen_03756,6,0,False,-6.476,,False,False,False,2.66,inf
gen_03757,3,0,False,-7.035,,False,False,False,2.775,3.034
gen_03758,2,0,False,-8.113,,False,False,False,2.533,4.426
gen_03759,2,0,False,-7.705,,False,False,False,2.326,3.905
gen_03760,3,0,False,-7.513,,False,False,False,2.469,inf
gen_03761,4,0,False,-7.192,,False,False,False,3.083,inf
gen_03762,4,0,False,-7.389,,False,False,False,2.726,inf
gen_03763,2,0,False,-8.336,,False,False,False,3.828,2.99
gen_03764,9,0,False,-8.468,,False,False,False,2.339,inf
gen_03765,4,0,False,-7.972,,False,False,False,14.928,inf
gen_03766,9,0,False,-8.003,,False,False,False,2.864,3.211
gen_03767,2,0,False,-6.428,,False,False,False,2.649,inf
gen_03768,10,0,False,-7.215,,False,False,False,2.275,inf
gen_03769,6,0,False,-8.223,,False,False,False,2.597,6.572
gen_03770,4,0,False,-8.147,,False,False,False,2.697,6.257
gen_03771,5,0,False,-7.913,,False,False,False,2.201,inf
gen_03772,1,0,False,-6.752,,False,False,False,2.306,inf
gen_03773,3,0,False,-7.719,,False,False,False,2.805,inf
gen_03774,3,0,False,-6.673,,False,False,False,2.539,inf
gen_03775,4,0,False,-8.554,,False,False,False,2.549,6.149
gen_03776,6,0,False,-6.309,,False,False,False,2.395,inf
gen_03777,7,0,False,-8.518,,False,False,False,2.68,inf
gen_03778,8,0,False,-7.037,,False,False,False,12.55,inf
gen_03779,1,0,False,-7.774,,False,False,False,2.824,inf
gen_03780,3,0,False,-7.068,,False,False,False,13.559,inf
gen_03781,5,0,False,-7.456,,False,False,False,2.643,inf
gen_03782,5,0,False,-8.05,,False,False,False,2.773,inf
gen_03783,3,0,False,-7.431,,False,False,False,2.718,inf
gen_03784,1,0,False,-8.371,,False,False,False,3.55,inf
gen_03785,2,0,False,-8.919,,False,False,False,14.179,6.724
gen_03786,2,0,False,-8.664,,False,False,False,2.467,4.52
gen_03787,1,0,False,-8.22,,False,False,False,2.726,inf
gen_03788,10,0,False,-8.178,,False,False,False,2.681,inf
gen_03789,1,0,False,-7.719,,False,False,False,2.731,inf
gen_03790,2,0,False,-86.68,,False,False,False,5.594,inf
gen_03791,2,0,False,-6.959,,False,False,False,2.748,inf
gen_03792,3,0,False,-7.84,,False,False,False,2.629,inf
gen_03793,2,0,False,-7.144,,False,False,False,2.689,inf
gen_03794,5,0,False,-8.402,,False,False,False,3.011,inf
gen_03795,4,0,False,-7.063,,False,False,False,2.676,4.382
gen_03796,2,0,False,-7.538,,False,False,False,11.833,inf
gen_03797,4,0,False,-8.248,,False,False,False,2.632,inf
gen_03798,1,0,False,-7.844,,False,False,False,2.262,inf
gen_03799,4,0,False,-8.379,,False,False,False,2.71,inf
gen_03800,2,0,False,-6.884,,False,False,False,2.204,inf
gen_03801,3,0,False,-7.087,,False,False,False,3.508,inf
gen_03802,3,0,False,-7.554,,False,False,False,7.803,inf
gen_03803,1,0,False,-7.414,,False,False,False,3.108,inf
gen_03804,1,0,False,-7.507,,False,False,False,2.506,7.631
gen_03805,2,0,False,-7.736,,False,False,False,2.825,6.014
gen_03806,7,0,False,-7.714,,False,False,False,2.445,inf
gen_03807,3,0,False,-8.039,,False,False,False,2.92,inf
gen_03808,4,0,False,-7.506,,False,False,False,2.441,inf
gen_03809,1,0,False,-7.959,,False,False,False,8.567,inf
gen_03810,3,0,False,-8.312,,False,False,False,2.695,inf
gen_03811,12,0,False,-7.635,,False,False,False,2.535,inf
gen_03812,5,0,False,-7.287,,False,False,False,2.486,inf
gen_03813,2,0,False,-8.721,,False,False,False,2.716,inf
gen_03814,3,0,False,-8.276,,False,False,False,8.425,inf
gen_03815,2,0,False,-7.39,,False,False,False,4.388,8.879
gen_03816,2,0,False,-7.639,,False,False,False,2.873,inf
gen_03817,1,0,False,-7.515,,False,False,False,2.679,inf
gen_03818,4,0,False,-7.278,,False,False,False,2.729,inf
gen_03819,2,0,False,-6.789,,False,False,False,2.778,inf
gen_03820,3,0,False,-7.652,,False,False,False,2.763,inf
gen_03821,7,0,False,-7.425,,False,False,False,2.763,inf
gen_03822,5,0,False,-8.042,,False,False,False,2.72,inf
gen_03823,3,0,False,-7.226,,False,False,False,2.397,inf
gen_03824,6,0,False,-7.215,,False,False,False,2.746,inf
gen_03825,11,0,False,-7.937,,False,False,False,2.503,4.264
gen_03826,6,0,False,-7.837,,False,False,False,10.154,5.228
gen_03827,3,0,False,-7.892,,False,False,False,2.719,inf
gen_03828,8,0,False,-7.547,,False,False,False,2.246,inf
gen_03829,4,0,False,-7.286,,False,False,False,2.687,inf
gen_03830,10,0,False,-8.152,,False,False,False,2.741,inf
gen_03831,4,0,False,-8.042,,False,False,False,2.766,4.026
gen_03832,2,0,False,-6.723,,False,False,False,2.785,inf
gen_03833,6,0,False,-7.33,,False,False,False,2.691,inf
gen_03834,7,3,True,-7.388,-7.388,True,True,True,2.723,2.967
gen_03835,2,0,False,-8.053,,False,False,False,2.785,inf
gen_03836,8,0,False,-8.352,,False,False,False,2.752,inf
gen_03837,9,0,False,-7.538,,False,False,False,2.734,inf
gen_03838,3,0,False,-7.008,,False,False,False,7.974,3.803
gen_03839,2,0,False,-119.83,,False,False,False,8.501,inf
gen_03840,1,0,False,-7.555,,False,False,False,2.785,inf
gen_03841,4,0,False,-6.778,,False,False,False,8.21,inf
gen_03842,6,0,False,-7.434,,False,False,False,2.525,inf
gen_03843,5,0,False,-7.616,,False,False,False,2.851,inf
gen_03844,5,0,False,-7.91,,False,False,False,2.665,inf
gen_03845,3,0,False,-7.443,,False,False,False,12.385,inf
gen_03846,4,0,False,-7.209,,False,False,False,2.179,inf
gen_03847,1,0,False,-7.053,,False,False,False,3.809,inf
gen_03848,10,0,False,-7.944,,False,False,False,2.259,inf
gen_03849,3,0,False,-6.916,,False,False,False,2.641,inf
gen_03850,7,0,False,-8.191,,False,False,False,2.578,inf
gen_03851,5,0,False,-7.985,,False,False,False,2.378,inf
gen_03852,2,0,False,-7.459,,False,False,False,2.709,inf
gen_03853,4,0,False,-6.957,,False,False,False,2.799,inf
gen_03854,9,0,False,-6.925,,False,False,False,2.728,inf
gen_03855,4,0,False,-7.396,,False,False,False,2.738,inf
gen_03856,10,0,False,-7.329,,False,False,False,2.647,inf
gen_03857,2,0,False,-6.187,,False,False,False,2.732,inf
gen_03858,6,0,False,-6.902,,False,False,False,2.739,inf
gen_03859,8,0,False,-7.425,,False,False,False,6.92,inf
gen_03860,4,0,False,-7.328,,False,False,False,2.108,inf
gen_03861,2,0,False,-6.763,,False,False,False,2.847,inf
gen_03862,2,0,False,-7.498,,False,False,False,2.721,inf
gen_03863,11,0,False,-6.804,,False,False,False,3.572,inf
gen_03864,5,0,False,-7.633,,False,False,False,2.701,3.944
gen_03865,2,0,False,-8.439,,False,False,False,2.781,4.158
gen_03866,8,0,False,-7.361,,False,False,False,2.623,inf
gen_03867,3,0,False,-6.834,,False,False,False,2.825,inf
gen_03868,2,0,False,-7.331,,False,False,False,14.448,5.72
gen_03869,2,0,False,-8.216,,False,False,False,2.711,inf
gen_03870,3,2,True,-8.039,-8.039,True,True,True,2.185,3.04
gen_03871,7,0,False,-8.742,,False,False,False,2.726,inf
gen_03872,3,0,False,-7.439,,False,False,False,2.691,inf
gen_03873,6,0,False,-7.609,,False,False,False,2.745,4.097
gen_03874,3,0,False,-7.377,,False,False,False,2.651,inf
gen_03875,9,4,True,-8.015,-8.015,True,False,True,2.797,2.888
gen_03876,9,0,False,-7.306,,False,False,False,2.476,5.173
gen_03877,2,1,True,-6.439,-6.439,False,True,True,2.582,2.74
gen_03878,3,0,False,-8.479,,False,False,False,2.17,inf
gen_03879,1,0,False,-9.048,,False,False,False,2.727,inf
gen_03880,4,4,True,-7.138,-7.138,False,True,True,2.212,3.324
gen_03881,2,0,False,-8.354,,False,False,False,2.722,inf
gen_03882,2,0,False,-7.142,,False,False,False,2.699,inf
gen_03883,1,0,False,-6.971,,False,False,False,2.75,inf
gen_03884,2,0,False,-7.438,,False,False,False,3.715,inf
gen_03885,5,0,False,-6.503,,False,False,False,2.719,inf
gen_03886,3,0,False,-6.51,,False,False,False,4.285,2.696
gen_03887,3,0,False,-7.548,,False,False,False,2.498,inf
gen_03888,7,0,False,-7.629,,False,False,False,2.432,inf
gen_03889,12,0,False,-7.547,,False,False,False,2.622,inf
gen_03890,1,1,True,-9.06,-9.06,True,True,True,2.808,2.929
gen_03891,4,0,False,-7.631,,False,False,False,2.753,inf
gen_03892,4,0,False,-8.197,,False,False,False,11.244,inf
gen_03893,3,0,False,-6.746,,False,False,False,2.697,inf
gen_03894,3,0,False,-7.462,,False,False,False,2.698,inf
gen_03895,10,0,False,-8.21,,False,False,False,2.623,inf
gen_03896,3,0,False,-7.48,,False,False,False,2.662,inf
gen_03897,3,0,False,-7.137,,False,False,False,3.23,inf
gen_03898,4,0,False,-7.856,,False,False,False,2.783,inf
gen_03899,1,0,False,-6.653,,False,False,False,2.722,inf
gen_03900,2,0,False,-7.618,,False,False,False,2.59,inf
gen_03901,7,0,False,-7.713,,False,False,False,2.605,inf
gen_03902,2,0,False,-8.388,,False,False,False,2.8,inf
gen_03903,1,0,False,-8.02,,False,False,False,2.85,inf
gen_03904,2,0,False,-7.586,,False,False,False,2.754,inf
gen_03905,3,0,False,-8.765,,False,False,False,10.335,5.566
gen_03906,5,0,False,-7.638,,False,False,False,2.729,inf
gen_03907,2,0,False,-6.224,,False,False,False,2.407,inf
gen_03908,2,0,False,-8.536,,False,False,False,3.07,inf
gen_03909,2,0,False,-7.756,,False,False,False,2.374,inf
gen_03910,7,0,False,-7.639,,False,False,False,2.756,inf
gen_03911,3,0,False,-7.949,,False,False,False,2.702,inf
gen_03912,7,0,False,-7.074,,False,False,False,3.049,inf
gen_03913,3,0,False,-7.685,,False,False,False,2.664,inf
gen_03914,2,0,False,-8.243,,False,False,False,14.126,4.415
gen_03915,4,0,False,-7.479,,False,False,False,2.607,4.358
gen_03916,8,0,False,-8.304,,False,False,False,2.496,inf
gen_03917,14,0,False,-7.659,,False,False,False,2.644,inf
gen_03918,4,0,False,-7.674,,False,False,False,2.74,inf
gen_03919,1,0,False,-7.753,,False,False,False,2.207,7.288
gen_03920,12,0,False,-7.157,,False,False,False,2.369,inf
gen_03921,15,0,False,-7.339,,False,False,False,2.604,inf
gen_03922,4,0,False,-7.314,,False,False,False,2.619,4.466
gen_03923,1,0,False,-7.324,,False,False,False,2.38,6.386
gen_03924,3,0,False,-7.603,,False,False,False,2.7,inf
gen_03925,1,0,False,-7.67,,False,False,False,3.834,inf
gen_03926,13,0,False,-8.174,,False,False,False,2.788,inf
gen_03927,7,0,False,-7.798,,False,False,False,2.661,inf
gen_03928,2,0,False,-6.95,,False,False,False,2.251,5.701
gen_03929,4,0,False,-6.379,,False,False,False,2.643,inf
gen_03930,9,3,True,-7.189,-7.189,False,True,True,2.385,2.925
gen_03931,3,0,False,-7.187,,False,False,False,2.569,inf
gen_03932,1,0,False,-7.402,,False,False,False,2.411,4.759
gen_03933,9,0,False,-7.859,,False,False,False,2.34,inf
gen_03934,10,0,False,-7.871,,False,False,False,2.666,inf
gen_03935,6,0,False,-6.791,,False,False,False,2.243,inf
gen_03936,7,0,False,-8.371,,False,False,False,2.665,inf
gen_03937,2,0,False,-8.046,,False,False,False,2.785,inf
gen_03938,9,8,True,-8.638,-8.638,True,True,True,2.729,2.962
gen_03939,3,0,False,-7.601,,False,False,False,2.6,inf
gen_03940,2,0,False,-8.414,,False,False,False,16.16,inf
gen_03941,2,0,False,-8.26,,False,False,False,3.729,inf
gen_03942,12,0,False,-7.302,,False,False,False,2.631,3.884
gen_03943,2,0,False,-7.154,,False,False,False,2.532,inf
gen_03944,8,0,False,-7.667,,False,False,False,8.883,inf
gen_03945,4,0,False,-7.168,,False,False,False,2.745,inf
gen_03946,6,0,False,-7.982,,False,False,False,3.379,3.021
gen_03947,2,0,False,-8.139,,False,False,False,10.085,inf
gen_03948,5,0,False,-7.611,,False,False,False,2.689,inf
gen_03949,11,0,False,-7.002,,False,False,False,2.652,3.073
gen_03950,4,0,False,-7.832,,False,False,False,2.47,inf
gen_03951,5,0,False,-7.736,,False,False,False,3.656,inf
gen_03952,5,0,False,-7.645,,False,False,False,2.234,inf
gen_03953,1,0,False,-7.066,,False,False,False,2.82,inf
gen_03954,2,0,False,-7.093,,False,False,False,2.2,inf
gen_03955,9,0,False,-7.581,,False,False,False,2.732,inf
gen_03956,2,0,False,-8.295,,False,False,False,2.841,inf
gen_03957,5,0,False,-7.175,,False,False,False,2.331,3.139
gen_03958,8,0,False,-7.52,,False,False,False,2.591,5.467
gen_03959,2,0,False,-6.314,,False,False,False,2.754,inf
gen_03960,3,0,False,-7.927,,False,False,False,9.868,4.428
gen_03961,5,0,False,-6.834,,False,False,False,2.521,inf
gen_03962,5,0,False,-7.631,,False,False,False,2.61,inf
gen_03963,2,0,False,-7.076,,False,False,False,3.702,inf
gen_03964,3,0,False,-7.014,,False,False,False,3.972,inf
gen_03965,9,0,False,-7.294,,False,False,False,2.652,inf
gen_03966,4,0,False,-8.133,,False,False,False,2.836,inf
gen_03967,4,0,False,-7.88,,False,False,False,3.41,inf
gen_03968,4,0,False,-7.401,,False,False,False,2.603,inf
gen_03969,2,0,False,-7.832,,False,False,False,2.789,inf
gen_03970,1,0,False,-7.378,,False,False,False,2.755,inf
gen_03971,9,0,False,-7.776,,False,False,False,2.713,inf
gen_03972,2,0,False,-6.992,,False,False,False,2.76,inf
gen_03973,4,4,True,-7.927,-7.927,True,True,True,2.69,2.88
gen_03974,5,0,False,-6.866,,False,False,False,2.595,inf
gen_03975,5,0,False,-7.293,,False,False,False,2.523,inf
gen_03976,2,0,False,-6.839,,False,False,False,2.325,inf
gen_03977,4,0,False,-7.48,,False,False,False,2.383,inf
gen_03978,3,0,False,-8.361,,False,False,False,2.814,inf
gen_03979,2,2,True,-7.553,-7.553,True,True,True,2.744,3.027
gen_03980,2,0,False,-8.043,,False,False,False,2.59,inf
gen_03981,4,0,False,-7.286,,False,False,False,2.65,inf
gen_03982,1,0,False,-7.421,,False,False,False,3.211,inf
gen_03983,1,0,False,-92.756,,False,False,False,12.267,11.96
gen_03984,8,0,False,-7.607,,False,False,False,2.687,inf
gen_03985,2,0,False,-7.408,,False,False,False,3.039,inf
gen_03986,3,0,False,-7.075,,False,False,False,2.219,inf
gen_03987,4,0,False,-7.972,,False,False,False,3.692,inf
gen_03988,12,0,False,-7.16,,False,False,False,2.709,inf
gen_03989,1,0,False,-7.811,,False,False,False,2.787,6.481
gen_03990,4,0,False,-6.897,,False,False,False,2.851,3.648
gen_03991,6,0,False,-8.247,,False,False,False,2.582,inf
gen_03992,6,0,False,-6.533,,False,False,False,2.673,inf
gen_03993,2,0,False,-8.571,,False,False,False,2.762,inf
gen_03994,5,0,False,-7.698,,False,False,False,2.684,inf
gen_03995,4,0,False,-7.735,,False,False,False,2.997,inf
gen_03996,2,0,False,-8.985,,False,False,False,2.722,inf
gen_03997,3,0,False,-6.76,,False,False,False,2.591,inf
gen_03998,2,2,True,-7.915,-7.915,True,True,True,2.211,2.899
gen_03999,5,0,False,-6.965,,False,False,False,2.234,inf
gen_04000,6,0,False,-8.007,,False,False,False,2.488,inf
gen_04001,7,0,False,-8.543,,False,False,False,2.563,inf
gen_04002,1,0,False,-6.999,,False,False,False,2.726,6.612
gen_04003,9,0,False,-7.246,,False,False,False,2.625,inf
gen_04004,1,0,False,-8.025,,False,False,False,3.354,inf
gen_04005,4,0,False,-8.033,,False,False,False,2.639,inf
gen_04006,1,0,False,-7.62,,False,False,False,7.201,9.184
gen_04007,2,0,False,-7.433,,False,False,False,2.693,inf
gen_04008,1,0,False,-8.032,,False,False,False,2.784,inf
gen_04009,1,0,False,-90.276,,False,False,False,14.318,inf
gen_04010,4,4,True,-8.142,-8.142,True,True,True,2.451,3.029
gen_04011,8,0,False,-7.543,,False,False,False,2.741,inf
gen_04012,2,0,False,-8.111,,False,False,False,2.661,inf
gen_04013,2,0,False,-7.207,,False,False,False,2.395,inf
gen_04014,4,0,False,-8.556,,False,False,False,2.737,inf
gen_04015,1,1,True,-7.293,-7.293,True,True,False,2.924,3.074
gen_04016,2,0,False,-7.7,,False,False,False,2.319,6.61
gen_04017,1,0,False,-8.12,,False,False,False,2.644,inf
gen_04018,1,0,False,-7.764,,False,False,False,2.756,inf
gen_04019,1,1,True,-6.885,-6.885,False,True,True,2.363,3.082
gen_04020,4,0,False,-8.824,,False,False,False,3.163,inf
gen_04021,1,0,False,-6.521,,False,False,False,2.866,inf
gen_04022,6,0,False,-7.244,,False,False,False,2.631,inf
gen_04023,3,0,False,-6.641,,False,False,False,3.174,inf
gen_04024,3,0,False,-8.033,,False,False,False,2.651,7.314
gen_04025,3,0,False,-8.208,,False,False,False,9.446,inf
gen_04026,5,0,False,-7.823,,False,False,False,2.712,7.351
gen_04027,4,0,False,-8.052,,False,False,False,2.408,inf
gen_04028,2,0,False,-8.2,,False,False,False,2.702,inf
gen_04029,9,0,False,-7.93,,False,False,False,2.418,inf
gen_04030,9,0,False,-8.469,,False,False,False,2.397,inf
gen_04031,2,0,False,-6.427,,False,False,False,2.708,inf
gen_04032,4,0,False,-6.641,,False,False,False,2.201,inf
gen_04033,4,0,False,-6.86,,False,False,False,2.569,inf
gen_04034,2,0,False,-7.655,,False,False,False,2.431,5.655
gen_04035,2,0,False,-7.494,,False,False,False,2.631,4.403
gen_04036,7,0,False,-7.174,,False,False,False,2.428,inf
gen_04037,4,0,False,-7.062,,False,False,False,2.757,inf
gen_04038,2,0,False,-7.053,,False,False,False,6.538,inf
gen_04039,3,0,False,-7.455,,False,False,False,2.715,inf
gen_04040,3,0,False,-7.626,,False,False,False,2.688,inf
gen_04041,1,0,False,-8.005,,False,False,False,2.77,6.7
gen_04042,4,0,False,-8.291,,False,False,False,2.603,inf
gen_04043,2,0,False,-8.091,,False,False,False,2.749,inf
gen_04044,3,0,False,-7.601,,False,False,False,2.334,5.173
gen_04045,1,0,False,-7.384,,False,False,False,8.649,inf
gen_04046,7,0,False,-7.326,,False,False,False,3.807,inf
gen_04047,2,0,False,-7.709,,False,False,False,6.979,inf
gen_04048,5,0,False,-7.696,,False,False,False,2.701,4.769
gen_04049,3,0,False,-7.568,,False,False,False,2.563,6.448
gen_04050,10,0,False,-7.811,,False,False,False,2.38,inf
gen_04051,8,0,False,-7.142,,False,False,False,2.583,inf
gen_04052,1,0,False,-7.266,,False,False,False,2.709,inf
gen_04053,8,0,False,-6.74,,False,False,False,2.426,inf
gen_04054,2,0,False,-7.934,,False,False,False,2.7,inf
gen_04055,1,0,False,-6.746,,False,False,False,2.695,inf
gen_04056,6,0,False,-7.071,,False,False,False,2.72,6.467
gen_04057,6,0,False,-7.392,,False,False,False,2.633,inf
gen_04058,1,0,False,-7.807,,False,False,False,3.178,inf
gen_04059,8,0,False,-7.33,,False,False,False,2.295,inf
gen_04060,3,0,False,-7.087,,False,False,False,2.688,inf
gen_04061,3,0,False,-7.675,,False,False,False,2.254,inf
gen_04062,3,0,False,-7.48,,False,False,False,2.27,inf
gen_04063,4,0,False,-7.822,,False,False,False,2.73,inf
gen_04064,5,0,False,-7.65,,False,False,False,2.234,inf
gen_04065,4,0,False,-7.96,,False,False,False,2.262,inf
gen_04066,4,0,False,-7.64,,False,False,False,2.288,9.675
gen_04067,7,0,False,-7.237,,False,False,False,2.429,inf
gen_04068,5,0,False,-7.545,,False,False,False,3.285,inf
gen_04069,4,0,False,-7.726,,False,False,False,2.632,inf
gen_04070,1,0,False,-7.665,,False,False,False,3.137,inf
gen_04071,1,0,False,-7.85,,False,False,False,2.935,inf
gen_04072,2,0,False,-7.54,,False,False,False,14.772,inf
gen_04073,12,0,False,-6.92,,False,False,False,2.206,inf
gen_04074,4,0,False,-6.611,,False,False,False,4.115,inf
gen_04075,2,2,True,-7.488,-7.488,True,True,False,2.689,2.64
gen_04076,3,0,False,-8.145,,False,False,False,2.339,inf
gen_04077,6,0,False,-7.951,,False,False,False,12.193,inf
gen_04078,3,0,False,-7.473,,False,False,False,2.167,7.871
gen_04079,3,0,False,-7.78,,False,False,False,2.609,inf
gen_04080,3,0,False,-7.493,,False,False,False,2.711,inf
gen_04081,2,0,False,-8.305,,False,False,False,2.616,inf
gen_04082,1,0,False,-7.462,,False,False,False,2.341,5.704
gen_04083,4,0,False,-159.544,,False,False,False,6.956,inf
gen_04084,2,0,False,-7.537,,False,False,False,2.83,inf
gen_04085,3,0,False,-7.913,,False,False,False,2.672,inf
gen_04086,3,0,False,-7.753,,False,False,False,2.53,inf
gen_04087,2,0,False,-8.715,,False,False,False,2.613,inf
gen_04088,7,0,False,-7.016,,False,False,False,2.721,inf
gen_04089,11,0,False,-7.078,,False,False,False,2.2,inf
gen_04090,7,0,False,-7.136,,False,False,False,7.163,2.724
gen_04091,6,0,False,-8.668,,False,False,False,2.582,inf
gen_04092,2,0,False,-8.754,,False,False,False,3.064,10.316
gen_04093,3,0,False,-7.108,,False,False,False,2.302,inf
gen_04094,2,0,False,-6.99,,False,False,False,2.706,inf
gen_04095,1,0,False,-7.356,,False,False,False,3.71,4.703
gen_04096,1,0,False,-8.041,,False,False,False,3.495,2.693
gen_04097,6,0,False,-7.271,,False,False,False,2.665,inf
gen_04098,10,0,False,-7.025,,False,False,False,2.72,inf
gen_04099,2,0,False,-7.188,,False,False,False,2.46,inf
gen_04100,2,0,False,-7.874,,False,False,False,2.641,inf
gen_04101,6,0,False,-6.697,,False,False,False,11.988,inf
gen_04102,6,0,False,-7.189,,False,False,False,4.023,inf
gen_04103,4,0,False,-7.359,,False,False,False,2.689,inf
gen_04104,3,0,False,-7.688,,False,False,False,2.594,inf
gen_04105,8,0,False,-8.127,,False,False,False,2.685,inf
gen_04106,5,0,False,-7.754,,False,False,False,2.545,inf
gen_04107,1,0,False,-8.008,,False,False,False,2.753,inf
gen_04108,11,0,False,-8.272,,False,False,False,2.557,inf
gen_04109,5,0,False,-7.547,,False,False,False,2.753,inf
gen_04110,7,0,False,-8.16,,False,False,False,2.76,5.58
gen_04111,1,0,False,-7.266,,False,False,False,15.593,inf
gen_04112,3,0,False,-7.046,,False,False,False,2.695,inf
gen_04113,3,0,False,-8.509,,False,False,False,2.575,inf
gen_04114,2,0,False,-7.298,,False,False,False,2.705,inf
gen_04115,4,0,False,-7.983,,False,False,False,2.733,inf
gen_04116,6,0,False,-7.809,,False,False,False,12.565,3.011
gen_04117,4,0,False,-8.227,,False,False,False,2.585,3.875
gen_04118,1,0,False,-6.764,,False,False,False,2.675,inf
gen_04119,3,0,False,-7.506,,False,False,False,2.728,inf
gen_04120,2,0,False,-7.627,,False,False,False,2.689,inf
gen_04121,3,0,False,-8.284,,False,False,False,2.821,inf
gen_04122,4,0,False,-6.895,,False,False,False,9.519,4.101
gen_04123,2,0,False,-6.518,,False,False,False,2.738,inf
gen_04124,2,0,False,-7.915,,False,False,False,2.813,inf
gen_04125,2,0,False,-7.085,,False,False,False,2.795,inf
gen_04126,6,0,False,-8.023,,False,False,False,2.834,inf
gen_04127,13,0,False,-7.94,,False,False,False,5.415,inf
gen_04128,3,0,False,-8.142,,False,False,False,2.543,inf
gen_04129,2,0,False,-7.461,,False,False,False,2.373,3.942
gen_04130,2,0,False,-7.002,,False,False,False,2.451,inf
gen_04131,5,0,False,-7.347,,False,False,False,2.827,inf
gen_04132,4,0,False,-7.38,,False,False,False,2.525,inf
gen_04133,3,0,False,-7.941,,False,False,False,2.769,inf
gen_04134,4,0,False,-7.551,,False,False,False,2.798,inf
gen_04135,8,0,False,-7.814,,False,False,False,2.466,inf
gen_04136,6,0,False,-6.926,,False,False,False,2.525,inf
gen_04137,2,0,False,-8.059,,False,False,False,2.391,inf
gen_04138,7,0,False,-8.134,,False,False,False,2.526,inf
gen_04139,2,0,False,-8.036,,False,False,False,2.645,inf
gen_04140,2,0,False,-6.75,,False,False,False,2.701,inf
gen_04141,2,0,False,-7.071,,False,False,False,2.58,3.559
gen_04142,4,0,False,-8.283,,False,False,False,2.516,inf
gen_04143,5,0,False,-6.932,,False,False,False,3.074,inf
gen_04144,4,0,False,-7.326,,False,False,False,6.791,6.221
gen_04145,3,0,False,-7.03,,False,False,False,8.459,inf
gen_04146,8,0,False,-8.083,,False,False,False,2.643,inf
gen_04147,2,0,False,-7.071,,False,False,False,2.744,inf
gen_04148,6,0,False,-7.789,,False,False,False,2.252,5.64
gen_04149,3,0,False,-7.808,,False,False,False,2.474,5.612
gen_04150,3,0,False,-7.283,,False,False,False,3.839,inf
gen_04151,3,0,False,-8.183,,False,False,False,3.208,inf
gen_04152,4,0,False,-9.235,,False,False,False,2.763,inf
gen_04153,2,0,False,-7.592,,False,False,False,2.752,inf
gen_04154,6,0,False,-7.361,,False,False,False,2.627,inf
gen_04155,7,0,False,-8.103,,False,False,False,3.169,7.255
gen_04156,2,0,False,-8.065,,False,False,False,2.196,inf
gen_04157,4,1,True,-7.806,-7.806,True,True,False,2.745,3.338
gen_04158,1,0,False,-7.221,,False,False,False,2.816,inf
gen_04159,8,0,False,-7.219,,False,False,False,2.589,inf
gen_04160,8,0,False,-7.735,,False,False,False,2.561,inf
gen_04161,1,0,False,-8.459,,False,False,False,2.777,inf
gen_04162,7,0,False,-8.045,,False,False,False,2.74,inf
gen_04163,1,0,False,-8.17,,False,False,False,2.875,6.083
gen_04164,2,0,False,-7.637,,False,False,False,2.714,4.626
gen_04165,3,0,False,-7.522,,False,False,False,3.152,inf
gen_04166,6,0,False,-8.086,,False,False,False,2.754,5.999
gen_04167,8,0,False,-8.275,,False,False,False,2.651,inf
gen_04168,8,1,True,-8.074,-7.893,True,False,False,3.188,3.021
gen_04169,1,0,False,-7.305,,False,False,False,2.714,inf
gen_04170,10,0,False,-8.709,,False,False,False,2.298,inf
gen_04171,5,0,False,-7.29,,False,False,False,2.667,inf
gen_04172,2,0,False,-78.773,,False,False,False,9.124,inf
gen_04173,3,0,False,-7.216,,False,False,False,2.555,inf
gen_04174,4,0,False,-8.0,,False,False,False,2.58,inf
gen_04175,8,6,True,-7.644,-7.644,True,True,True,2.352,3.202
gen_04176,1,0,False,-6.423,,False,False,False,5.862,inf
gen_04177,1,0,False,-6.374,,False,False,False,2.775,inf
gen_04178,8,0,False,-8.732,,False,False,False,2.556,inf
gen_04179,4,0,False,-7.289,,False,False,False,2.701,inf
gen_04180,3,0,False,-7.752,,False,False,False,2.751,inf
gen_04181,4,0,False,-7.507,,False,False,False,3.793,3.679
gen_04182,4,0,False,-7.217,,False,False,False,2.689,inf
gen_04183,9,0,False,-7.945,,False,False,False,2.705,3.348
gen_04184,8,0,False,-7.428,,False,False,False,2.702,inf
gen_04185,11,0,False,-8.136,,False,False,False,2.699,inf
gen_04186,6,0,False,-6.74,,False,False,False,2.534,inf
gen_04187,4,0,False,-7.906,,False,False,False,2.737,inf
gen_04188,2,0,False,-6.601,,False,False,False,2.762,5.429
gen_04189,4,0,False,-6.79,,False,False,False,2.391,inf
gen_04190,7,0,False,-6.991,,False,False,False,2.614,inf
gen_04191,6,0,False,-7.485,,False,False,False,2.826,inf
gen_04192,3,0,False,-6.936,,False,False,False,2.701,inf
gen_04193,2,0,False,-6.638,,False,False,False,2.658,inf
gen_04194,3,0,False,-6.966,,False,False,False,2.462,inf
gen_04195,1,0,False,-8.434,,False,False,False,2.452,inf
gen_04196,4,0,False,-8.173,,False,False,False,2.521,inf
gen_04197,7,0,False,-7.374,,False,False,False,2.727,inf
gen_04198,3,0,False,-7.753,,False,False,False,2.667,inf
gen_04199,5,0,False,-7.216,,False,False,False,2.384,inf
gen_04200,7,0,False,-7.566,,False,False,False,2.318,inf
gen_04201,13,0,False,-8.327,,False,False,False,2.622,inf
gen_04202,2,0,False,-7.686,,False,False,False,2.532,inf
gen_04203,4,0,False,-7.879,,False,False,False,2.689,inf
gen_04204,4,0,False,-8.298,,False,False,False,2.803,inf
gen_04205,3,0,False,-6.852,,False,False,False,3.836,inf
gen_04206,4,0,False,-7.238,,False,False,False,2.735,inf
gen_04207,1,0,False,-7.609,,False,False,False,2.737,inf
gen_04208,3,0,False,-7.314,,False,False,False,2.181,inf
gen_04209,8,0,False,-6.822,,False,False,False,2.507,inf
gen_04210,7,0,False,-7.761,,False,False,False,2.521,inf
gen_04211,5,0,False,-7.658,,False,False,False,2.505,inf
gen_04212,8,8,True,-7.223,-7.223,False,True,False,2.77,2.758
gen_04213,4,0,False,-7.978,,False,False,False,2.64,inf
gen_04214,2,0,False,-7.245,,False,False,False,2.725,inf
gen_04215,4,0,False,-7.485,,False,False,False,2.579,inf
gen_04216,3,0,False,-7.092,,False,False,False,2.489,inf
gen_04217,2,0,False,-7.526,,False,False,False,3.016,inf
gen_04218,6,0,False,-9.408,,False,False,False,2.744,7.049
gen_04219,6,0,False,-8.025,,False,False,False,2.774,inf
gen_04220,9,0,False,-7.357,,False,False,False,3.408,inf
gen_04221,1,0,False,-7.549,,False,False,False,3.021,inf
gen_04222,6,0,False,-7.499,,False,False,False,2.781,inf
gen_04223,7,0,False,-7.843,,False,False,False,2.24,inf
gen_04224,2,0,False,-7.986,,False,False,False,2.653,inf
gen_04225,6,0,False,-7.306,,False,False,False,5.781,inf
gen_04226,2,0,False,-8.201,,False,False,False,2.61,inf
gen_04227,7,0,False,-7.065,,False,False,False,2.711,inf
gen_04228,5,0,False,-7.401,,False,False,False,2.667,inf
gen_04229,2,0,False,-7.755,,False,False,False,2.47,9.865
gen_04230,3,0,False,-7.699,,False,False,False,2.418,inf
gen_04231,5,0,False,-6.728,,False,False,False,2.339,inf
gen_04232,4,0,False,-7.892,,False,False,False,2.51,inf
gen_04233,3,0,False,-7.171,,False,False,False,3.19,inf
gen_04234,6,0,False,-8.272,,False,False,False,2.536,inf
gen_04235,8,0,False,-7.871,,False,False,False,2.512,inf
gen_04236,3,0,False,-7.187,,False,False,False,5.383,5.402
gen_04237,2,0,False,-7.423,,False,False,False,13.414,inf
gen_04238,3,0,False,-7.018,,False,False,False,3.927,inf
gen_04239,4,0,False,-7.486,,False,False,False,2.781,inf
gen_04240,6,0,False,-7.397,,False,False,False,2.202,inf
gen_04241,2,0,False,-7.45,,False,False,False,2.691,inf
gen_04242,3,0,False,-7.565,,False,False,False,2.797,11.289
gen_04243,1,0,False,-7.037,,False,False,False,2.779,inf
gen_04244,2,0,False,-7.194,,False,False,False,2.355,inf
gen_04245,2,0,False,-6.754,,False,False,False,2.659,inf
gen_04246,1,0,False,-7.015,,False,False,False,2.735,inf
gen_04247,2,0,False,-6.976,,False,False,False,2.708,inf
gen_04248,2,0,False,-8.467,,False,False,False,2.613,inf
gen_04249,1,0,False,-6.966,,False,False,False,2.712,inf
gen_04250,3,0,False,-7.395,,False,False,False,2.691,4.088
gen_04251,3,0,False,-6.718,,False,False,False,2.578,inf
gen_04252,1,0,False,-8.14,,False,False,False,2.786,inf
gen_04253,3,0,False,-7.214,,False,False,False,13.504,inf
gen_04254,2,0,False,-7.411,,False,False,False,2.704,inf
gen_04255,2,0,False,-70.606,,False,False,False,6.739,inf
gen_04256,1,0,False,-7.339,,False,False,False,2.621,inf
gen_04257,2,0,False,-7.148,,False,False,False,10.918,5.55
gen_04258,6,0,False,-7.312,,False,False,False,2.693,inf
gen_04259,3,1,True,-7.399,-7.399,True,True,False,2.728,3.313
gen_04260,7,0,False,-9.259,,False,False,False,2.688,inf
gen_04261,1,0,False,-7.811,,False,False,False,2.79,inf
gen_04262,2,1,True,-6.883,-6.883,False,True,False,2.729,3.347
gen_04263,8,0,False,-7.246,,False,False,False,2.403,inf
gen_04264,2,0,False,-7.874,,False,False,False,3.149,inf
gen_04265,3,1,True,-7.136,-6.966,False,True,False,2.391,3.309
gen_04266,12,0,False,-8.366,,False,False,False,2.499,inf
gen_04267,3,0,False,-47.997,,False,False,False,5.615,inf
gen_04268,9,0,False,-6.459,,False,False,False,2.592,5.823
gen_04269,3,0,False,-7.042,,False,False,False,2.824,inf
gen_04270,3,0,False,-7.944,,False,False,False,2.708,inf
gen_04271,5,0,False,-7.202,,False,False,False,2.656,inf
gen_04272,5,0,False,-7.609,,False,False,False,2.805,inf
gen_04273,1,0,False,-7.468,,False,False,False,2.708,inf
gen_04274,4,0,False,-7.107,,False,False,False,2.731,inf
gen_04275,6,0,False,-7.596,,False,False,False,3.074,inf
gen_04276,1,0,False,-7.774,,False,False,False,2.826,inf
gen_04277,3,0,False,-7.042,,False,False,False,2.731,inf
gen_04278,1,1,True,-6.976,-6.976,False,True,True,2.766,3.24
gen_04279,4,0,False,-7.437,,False,False,False,2.731,inf
gen_04280,4,0,False,-6.678,,False,False,False,2.377,5.435
gen_04281,4,0,False,-7.677,,False,False,False,2.825,inf
gen_04282,3,0,False,-7.768,,False,False,False,2.861,4.556
gen_04283,1,0,False,-7.167,,False,False,False,2.738,inf
gen_04284,1,0,False,-7.607,,False,False,False,4.547,inf
gen_04285,4,0,False,-7.287,,False,False,False,2.766,inf
gen_04286,2,0,False,-7.522,,False,False,False,2.538,inf
gen_04287,3,0,False,-5.972,,False,False,False,2.294,inf
gen_04288,4,0,False,-7.55,,False,False,False,15.581,inf
gen_04289,2,2,True,-7.791,-7.791,True,True,True,2.662,2.986
gen_04290,6,0,False,-8.061,,False,False,False,2.621,inf
gen_04291,13,0,False,-7.539,,False,False,False,2.217,inf
gen_04292,2,0,False,-7.629,,False,False,False,2.702,inf
gen_04293,6,0,False,-7.642,,False,False,False,2.69,inf
gen_04294,4,0,False,-6.858,,False,False,False,2.291,inf
gen_04295,4,0,False,-6.461,,False,False,False,2.668,inf
gen_04296,4,0,False,-7.956,,False,False,False,2.611,inf
gen_04297,4,0,False,-6.883,,False,False,False,2.706,inf
gen_04298,2,0,False,-7.528,,False,False,False,13.807,inf
gen_04299,1,0,False,-6.737,,False,False,False,2.713,inf
gen_04300,11,0,False,-8.31,,False,False,False,2.201,inf
gen_04301,4,0,False,-7.522,,False,False,False,2.208,inf
gen_04302,2,0,False,-8.026,,False,False,False,2.725,inf
gen_04303,6,1,True,-6.851,-6.744,False,True,True,2.753,3.059
gen_04304,3,0,False,-7.008,,False,False,False,2.676,inf
gen_04305,3,0,False,-7.509,,False,False,False,2.787,inf
gen_04306,4,0,False,-7.829,,False,False,False,2.651,5.551
gen_04307,7,0,False,-7.068,,False,False,False,2.667,inf
gen_04308,2,0,False,-7.511,,False,False,False,3.07,inf
gen_04309,11,0,False,-6.728,,False,False,False,2.357,inf
gen_04310,11,0,False,-7.834,,False,False,False,2.72,inf
gen_04311,4,0,False,-7.615,,False,False,False,2.77,inf
gen_04312,3,0,False,-7.776,,False,False,False,2.754,inf
gen_04313,1,0,False,-7.461,,False,False,False,3.38,inf
gen_04314,4,0,False,-7.69,,False,False,False,12.778,inf
gen_04315,3,0,False,-7.523,,False,False,False,6.44,inf
gen_04316,2,0,False,-7.917,,False,False,False,2.785,inf
gen_04317,3,0,False,-7.571,,False,False,False,8.452,inf
gen_04318,2,0,False,-7.063,,False,False,False,2.35,inf
gen_04319,1,0,False,-8.184,,False,False,False,2.818,inf
gen_04320,2,0,False,-7.335,,False,False,False,3.284,inf
gen_04321,4,0,False,-7.36,,False,False,False,2.415,inf
gen_04322,2,0,False,-7.192,,False,False,False,2.388,inf
gen_04323,6,0,False,-7.283,,False,False,False,2.408,inf
gen_04324,9,0,False,-7.899,,False,False,False,2.714,inf
gen_04325,4,0,False,-8.375,,False,False,False,2.637,inf
gen_04326,2,0,False,-7.96,,False,False,False,3.139,inf
gen_04327,1,0,False,-6.499,,False,False,False,2.688,inf
gen_04328,4,0,False,-7.945,,False,False,False,3.595,inf
gen_04329,3,0,False,-6.52,,False,False,False,2.705,4.18
gen_04330,1,0,False,-8.279,,False,False,False,2.663,inf
gen_04331,4,0,False,-7.625,,False,False,False,2.43,inf
gen_04332,8,0,False,-8.169,,False,False,False,2.644,inf
gen_04333,4,0,False,-7.058,,False,False,False,2.701,inf
gen_04334,2,0,False,-88.665,,False,False,False,8.445,9.609
gen_04335,9,7,True,-8.114,-8.114,True,True,False,2.23,2.998
gen_04336,2,0,False,-7.751,,False,False,False,2.478,inf
gen_04337,1,0,False,-7.546,,False,False,False,2.505,inf
gen_04338,6,0,False,-7.39,,False,False,False,2.653,inf
gen_04339,6,0,False,-7.411,,False,False,False,2.21,inf
gen_04340,4,0,False,-8.055,,False,False,False,2.287,inf
gen_04341,8,0,False,-7.539,,False,False,False,2.294,inf
gen_04342,6,0,False,-8.09,,False,False,False,2.76,inf
gen_04343,5,0,False,-7.761,,False,False,False,2.676,7.091
gen_04344,4,0,False,-7.611,,False,False,False,2.694,7.417
gen_04345,3,0,False,-7.499,,False,False,False,2.79,inf
gen_04346,4,0,False,-7.59,,False,False,False,2.632,inf
gen_04347,7,0,False,-7.873,,False,False,False,2.684,inf
gen_04348,11,0,False,-6.572,,False,False,False,2.668,inf
gen_04349,5,0,False,-7.051,,False,False,False,2.493,inf
gen_04350,6,0,False,-8.906,,False,False,False,14.27,inf
gen_04351,1,0,False,-8.075,,False,False,False,2.741,inf
gen_04352,5,0,False,-7.575,,False,False,False,2.68,inf
gen_04353,4,0,False,-7.083,,False,False,False,2.203,inf
gen_04354,3,0,False,-7.615,,False,False,False,2.691,inf
gen_04355,2,0,False,-7.472,,False,False,False,2.672,5.588
gen_04356,2,0,False,-7.919,,False,False,False,14.5,inf
gen_04357,4,4,True,-7.105,-7.105,False,True,True,2.687,3.003
gen_04358,11,0,False,-7.238,,False,False,False,2.223,inf
gen_04359,2,0,False,-8.103,,False,False,False,2.762,inf
gen_04360,4,0,False,-8.729,,False,False,False,2.713,inf
gen_04361,3,0,False,-6.925,,False,False,False,2.648,inf
gen_04362,3,0,False,-7.848,,False,False,False,9.623,inf
gen_04363,11,0,False,-8.027,,False,False,False,2.612,inf
gen_04364,2,0,False,-6.977,,False,False,False,2.671,inf
gen_04365,6,0,False,-6.751,,False,False,False,2.342,inf
gen_04366,5,0,False,-8.204,,False,False,False,2.698,inf
gen_04367,3,0,False,-6.508,,False,False,False,2.208,inf
gen_04368,10,0,False,-6.522,,False,False,False,2.47,inf
gen_04369,1,0,False,-7.492,,False,False,False,2.637,inf
gen_04370,10,0,False,-8.094,,False,False,False,2.656,4.387
gen_04371,5,0,False,-7.367,,False,False,False,2.256,inf
gen_04372,8,1,True,-8.514,-8.226,True,True,False,2.543,3.355
gen_04373,1,0,False,-7.041,,False,False,False,2.745,inf
gen_04374,6,0,False,-8.335,,False,False,False,2.792,inf
gen_04375,6,0,False,-6.44,,False,False,False,2.619,inf
gen_04376,3,0,False,-6.871,,False,False,False,3.941,inf
gen_04377,1,0,False,-7.216,,False,False,False,2.7,inf
gen_04378,9,7,True,-8.002,-8.002,True,True,True,2.974,2.88
gen_04379,2,0,False,-7.113,,False,False,False,2.735,inf
gen_04380,4,0,False,-6.999,,False,False,False,2.796,inf
gen_04381,1,0,False,-7.807,,False,False,False,2.603,inf
gen_04382,2,0,False,-7.588,,False,False,False,3.349,inf
gen_04383,2,0,False,-7.691,,False,False,False,2.7,inf
gen_04384,9,0,False,-7.187,,False,False,False,2.74,inf
gen_04385,1,0,False,-86.392,,False,False,False,10.349,inf
gen_04386,7,0,False,-7.664,,False,False,False,3.173,inf
gen_04387,2,0,False,-8.047,,False,False,False,2.776,inf
gen_04388,11,0,False,-7.105,,False,False,False,2.605,inf
gen_04389,2,0,False,-8.16,,False,False,False,10.655,inf
gen_04390,7,0,False,-7.368,,False,False,False,2.498,inf
gen_04391,6,0,False,-7.615,,False,False,False,2.453,inf
gen_04392,2,0,False,-7.639,,False,False,False,3.225,inf
gen_04393,6,0,False,-7.269,,False,False,False,2.325,inf
gen_04394,7,0,False,-7.203,,False,False,False,2.685,inf
gen_04395,4,3,True,-7.305,-7.305,True,True,True,2.638,3.207
gen_04396,2,0,False,-6.376,,False,False,False,2.674,inf
gen_04397,2,0,False,-7.867,,False,False,False,2.698,5.162
gen_04398,2,0,False,-7.422,,False,False,False,2.756,4.184
gen_04399,2,0,False,-7.918,,False,False,False,2.59,inf
gen_04400,1,0,False,-7.367,,False,False,False,2.788,4.938
gen_04401,3,0,False,-6.796,,False,False,False,2.68,inf
gen_04402,6,0,False,-6.62,,False,False,False,2.481,inf
gen_04403,5,0,False,-6.796,,False,False,False,2.397,inf
gen_04404,1,0,False,-7.825,,False,False,False,2.386,inf
gen_04405,3,0,False,-87.202,,False,False,False,4.519,4.836
gen_04406,2,0,False,-7.363,,False,False,False,2.583,inf
gen_04407,2,2,True,-7.656,-7.656,True,True,False,2.58,3.052
gen_04408,1,1,True,-7.926,-7.926,True,True,False,2.816,2.838
gen_04409,1,0,False,-7.172,,False,False,False,2.226,inf
gen_04410,2,0,False,-7.734,,False,False,False,3.206,2.675
gen_04411,2,0,False,-7.886,,False,False,False,2.739,5.899
gen_04412,1,0,False,-7.679,,False,False,False,2.612,inf
gen_04413,1,0,False,-7.112,,False,False,False,3.035,inf
gen_04414,2,0,False,-8.309,,False,False,False,2.731,5.417
gen_04415,6,0,False,-7.657,,False,False,False,2.699,inf
gen_04416,4,0,False,-7.822,,False,False,False,2.409,4.022
gen_04417,5,0,False,-7.723,,False,False,False,2.603,inf
gen_04418,6,0,False,-7.179,,False,False,False,2.508,inf
gen_04419,2,0,False,-6.997,,False,False,False,2.639,inf
gen_04420,7,0,False,-6.22,,False,False,False,2.65,inf
gen_04421,4,0,False,-7.236,,False,False,False,3.312,5.401
gen_04422,3,0,False,-7.854,,False,False,False,2.18,inf
gen_04423,8,3,True,-7.995,-7.995,True,True,False,2.638,2.944
gen_04424,2,0,False,-7.95,,False,False,False,2.679,inf
gen_04425,2,0,False,-7.208,,False,False,False,2.796,inf
gen_04426,8,0,False,-8.119,,False,False,False,2.687,inf
gen_04427,4,0,False,-7.333,,False,False,False,2.788,inf
gen_04428,7,2,True,-7.252,-7.181,False,True,True,2.565,2.806
gen_04429,8,0,False,-7.121,,False,False,False,2.672,inf
gen_04430,2,2,True,-8.591,-8.591,True,True,False,2.714,3.267
gen_04431,3,0,False,-7.277,,False,False,False,2.731,inf
gen_04432,3,0,False,-7.526,,False,False,False,2.706,inf
gen_04433,2,0,False,-7.544,,False,False,False,2.526,inf
gen_04434,2,0,False,-114.114,,False,False,False,8.747,inf
gen_04435,4,0,False,-8.156,,False,False,False,2.478,inf
gen_04436,6,0,False,-7.821,,False,False,False,2.699,inf
gen_04437,4,0,False,-8.53,,False,False,False,2.267,inf
gen_04438,4,0,False,-6.877,,False,False,False,2.818,inf
gen_04439,7,0,False,-8.666,,False,False,False,2.546,inf
gen_04440,9,0,False,-6.897,,False,False,False,2.717,inf
gen_04441,1,0,False,-6.455,,False,False,False,2.463,6.444
gen_04442,1,0,False,-6.878,,False,False,False,2.837,inf
gen_04443,2,0,False,-7.419,,False,False,False,2.693,inf
gen_04444,4,0,False,-6.508,,False,False,False,2.557,inf
gen_04445,1,0,False,-6.212,,False,False,False,2.203,3.831
gen_04446,4,0,False,-8.612,,False,False,False,14.346,inf
gen_04447,4,0,False,-6.675,,False,False,False,2.501,inf
gen_04448,1,0,False,-6.64,,False,False,False,2.753,inf
gen_04449,7,0,False,-7.848,,False,False,False,2.225,inf
gen_04450,3,0,False,-7.821,,False,False,False,3.417,inf
gen_04451,5,0,False,-6.979,,False,False,False,2.704,inf
gen_04452,7,0,False,-6.4,,False,False,False,2.707,inf
gen_04453,5,0,False,-7.112,,False,False,False,12.125,inf
gen_04454,9,0,False,-7.57,,False,False,False,2.397,inf
gen_04455,3,0,False,-7.774,,False,False,False,10.312,inf
gen_04456,4,0,False,-7.775,,False,False,False,2.723,inf
gen_04457,1,0,False,-7.469,,False,False,False,2.724,5.614
gen_04458,2,0,False,-7.968,,False,False,False,2.791,inf
gen_04459,4,0,False,-7.084,,False,False,False,2.224,inf
gen_04460,2,0,False,-8.111,,False,False,False,2.667,inf
gen_04461,2,2,True,-7.823,-7.823,True,True,False,2.859,3.368
gen_04462,2,0,False,-7.211,,False,False,False,2.692,inf
gen_04463,4,0,False,-7.545,,False,False,False,4.924,inf
gen_04464,7,0,False,-7.478,,False,False,False,3.865,7.653
gen_04465,4,0,False,-7.023,,False,False,False,10.366,inf
gen_04466,1,0,False,-7.617,,False,False,False,2.826,5.488
gen_04467,2,0,False,-6.781,,False,False,False,2.814,inf
gen_04468,8,0,False,-7.875,,False,False,False,2.697,4.408
gen_04469,13,0,False,-7.83,,False,False,False,2.747,inf
gen_04470,5,1,True,-7.89,-7.82,True,True,False,2.708,3.174
gen_04471,2,0,False,-7.914,,False,False,False,2.795,inf
gen_04472,4,0,False,-6.841,,False,False,False,2.753,inf
gen_04473,2,2,True,-8.105,-8.105,True,True,False,2.466,2.967
gen_04474,3,0,False,-8.674,,False,False,False,2.698,inf
gen_04475,1,0,False,-8.046,,False,False,False,2.923,inf
gen_04476,7,0,False,-7.18,,False,False,False,2.669,inf
gen_04477,2,0,False,-6.853,,False,False,False,2.444,inf
gen_04478,4,0,False,-7.959,,False,False,False,2.667,inf
gen_04479,6,0,False,-7.632,,False,False,False,6.867,inf
gen_04480,3,0,False,-8.71,,False,False,False,2.566,inf
gen_04481,3,0,False,-6.879,,False,False,False,10.391,4.995
gen_04482,2,0,False,-6.67,,False,False,False,2.761,inf
gen_04483,1,0,False,-7.941,,False,False,False,2.787,inf
gen_04484,4,0,False,-7.293,,False,False,False,8.752,5.152
gen_04485,3,0,False,-6.841,,False,False,False,2.396,inf
gen_04486,2,0,False,-6.434,,False,False,False,2.682,inf
gen_04487,2,0,False,-8.546,,False,False,False,2.621,inf
gen_04488,3,0,False,-7.304,,False,False,False,3.649,inf
gen_04489,5,0,False,-7.013,,False,False,False,2.227,inf
gen_04490,5,0,False,-7.651,,False,False,False,3.747,inf
gen_04491,2,0,False,-7.524,,False,False,False,2.742,inf
gen_04492,3,0,False,-6.703,,False,False,False,2.611,inf
gen_04493,3,0,False,-7.578,,False,False,False,3.638,3.068
gen_04494,2,0,False,-7.623,,False,False,False,9.0,inf
gen_04495,2,0,False,-7.267,,False,False,False,2.719,inf
gen_04496,4,4,True,-8.079,-8.079,True,True,True,2.663,3.315
gen_04497,1,0,False,-56.813,,False,False,False,13.07,inf
gen_04498,5,0,False,-7.411,,False,False,False,2.992,inf
gen_04499,6,0,False,-7.735,,False,False,False,2.477,inf
gen_04500,4,0,False,-7.934,,False,False,False,2.71,3.985
gen_04501,4,0,False,-7.927,,False,False,False,2.744,inf
gen_04502,1,0,False,-7.51,,False,False,False,3.346,3.799
gen_04503,2,0,False,-7.88,,False,False,False,2.744,inf
gen_04504,10,0,False,-6.95,,False,False,False,2.507,inf
gen_04505,2,0,False,-96.078,,False,False,False,10.28,4.442
gen_04506,5,0,False,-7.266,,False,False,False,2.745,inf
gen_04507,4,0,False,-8.735,,False,False,False,2.783,inf
gen_04508,3,0,False,-7.729,,False,False,False,2.549,inf
gen_04509,8,0,False,-8.49,,False,False,False,4.627,inf
gen_04510,4,0,False,-7.095,,False,False,False,2.345,inf
gen_04511,4,0,False,-7.794,,False,False,False,2.541,3.674
gen_04512,10,0,False,-7.722,,False,False,False,2.668,inf
gen_04513,1,0,False,-7.691,,False,False,False,2.705,inf
