label,pose,affinity,ca_dist,ca_dist_far,donor_dist,n_carboxylate_o,n_donors,passes
CONTROL_crystal,1,-6.913,2.729,4.444,2.905,2,1,1
CONTROL_crystal,2,-6.911,2.725,4.439,2.889,2,1,1
CONTROL_crystal,3,-6.910,2.724,4.426,2.894,2,1,1
CONTROL_crystal,4,-6.905,2.726,4.433,2.875,2,1,1
gen_00001,1,-7.572,2.754,4.308,inf,4,0,0
gen_00001,2,-7.568,2.744,4.291,inf,4,0,0
gen_00001,3,-7.556,2.801,4.276,inf,4,0,0
gen_00001,4,-7.523,2.885,4.444,inf,4,0,0
gen_00001,5,-7.515,2.458,2.800,inf,4,0,0
gen_00001,6,-7.510,2.682,4.285,inf,4,0,0
gen_00001,7,-7.508,2.938,4.478,inf,4,0,0
gen_00001,8,-7.508,2.501,2.774,inf,4,0,0
gen_00002,1,-7.543,2.785,4.350,inf,2,0,0
gen_00002,2,-7.520,2.671,3.953,inf,2,0,0
gen_00002,3,-7.466,2.755,4.331,inf,2,0,0
gen_00003,1,-6.770,2.563,2.823,inf,2,0,0
gen_00003,2,-6.696,2.743,4.344,inf,2,0,0
gen_00004,1,-7.903,2.768,4.514,inf,2,0,0
gen_00004,2,-7.899,2.796,4.533,inf,2,0,0
gen_00004,3,-7.896,2.780,4.567,inf,2,0,0
gen_00004,4,-7.715,2.718,2.760,inf,2,0,0
gen_00004,5,-7.647,2.769,2.846,inf,2,0,0
gen_00004,6,-7.640,2.702,2.971,inf,2,0,0
gen_00005,1,-7.182,2.787,4.458,inf,2,0,0
gen_00005,2,-7.146,2.803,4.456,inf,2,0,0
gen_00005,3,-7.136,2.776,4.546,inf,2,0,0
gen_00005,4,-7.132,2.837,4.495,inf,2,0,0
gen_00005,5,-7.131,2.787,4.467,inf,2,0,0
gen_00005,6,-7.070,2.807,4.433,inf,2,0,0
gen_00006,1,-7.759,2.662,4.361,inf,2,0,0
gen_00006,2,-7.741,2.627,4.350,inf,2,0,0
gen_00006,3,-7.650,2.695,4.409,inf,2,0,0
gen_00006,4,-7.645,2.658,4.352,inf,2,0,0
gen_00007,1,-7.059,2.735,4.458,inf,2,0,0
gen_00007,2,-6.968,2.804,4.388,inf,2,0,0
gen_00007,3,-6.915,2.753,4.493,inf,2,0,0
gen_00008,1,-7.365,2.727,4.458,inf,2,0,0
gen_00008,2,-7.347,2.821,4.509,inf,2,0,0
gen_00009,1,-7.986,2.746,4.227,inf,2,0,0
gen_00009,2,-7.928,2.749,4.231,inf,2,0,0
gen_00010,1,-6.684,2.543,4.288,inf,2,0,0
gen_00010,2,-6.683,2.609,4.266,inf,2,0,0
gen_00010,3,-6.662,2.540,4.257,inf,2,0,0
gen_00010,4,-6.569,2.502,4.254,inf,2,0,0
gen_00011,1,-6.687,4.095,4.794,inf,2,0,0
gen_00012,1,-7.180,2.712,4.373,inf,4,0,0
gen_00012,2,-7.178,2.708,4.347,inf,4,0,0
gen_00012,3,-7.160,2.789,3.832,inf,4,0,0
gen_00013,1,-7.300,2.686,2.760,inf,2,0,0
gen_00013,2,-7.286,2.553,2.892,inf,2,0,0
gen_00013,3,-7.276,2.769,4.515,inf,2,0,0
gen_00013,4,-7.256,2.711,4.462,inf,2,0,0
gen_00013,5,-7.110,3.224,3.690,inf,2,0,0
gen_00014,1,-7.675,2.405,4.196,inf,4,0,0
gen_00014,2,-7.668,2.527,3.663,inf,4,0,0
gen_00014,3,-7.668,2.502,3.688,inf,4,0,0
gen_00014,4,-7.647,2.505,3.685,inf,4,0,0
gen_00014,5,-7.634,2.567,3.640,inf,4,0,0
gen_00014,6,-7.621,2.452,4.207,inf,4,0,0
gen_00015,1,-7.763,2.743,4.430,3.247,2,1,1
gen_00015,2,-7.756,2.759,4.447,3.264,2,1,1
gen_00015,3,-7.711,2.696,4.433,3.273,2,1,1
gen_00016,1,-7.690,3.153,4.453,3.061,2,1,1
gen_00016,2,-7.528,3.146,4.577,3.043,2,1,1
gen_00016,3,-7.446,3.438,4.405,3.042,2,1,0
gen_00017,1,-7.827,3.263,4.605,inf,4,0,0
gen_00017,2,-7.774,2.810,4.283,inf,4,0,0
gen_00017,3,-7.769,2.757,4.299,inf,4,0,0
gen_00017,4,-7.763,2.799,4.381,inf,4,0,0
gen_00017,5,-7.762,2.807,4.323,inf,4,0,0
gen_00018,1,-7.551,2.650,4.357,7.089,2,1,0
gen_00018,2,-7.524,2.623,4.362,7.058,2,1,0
gen_00018,3,-7.519,2.627,4.274,7.631,2,1,0
gen_00018,4,-7.502,2.513,4.290,7.556,2,1,0
gen_00018,5,-7.499,2.516,4.284,7.566,2,1,0
gen_00018,6,-7.491,2.598,4.328,7.080,2,1,0
gen_00018,7,-7.479,2.615,4.305,6.985,2,1,0
gen_00018,8,-7.465,2.599,4.261,7.620,2,1,0
gen_00018,9,-7.451,2.570,4.248,7.641,2,1,0
gen_00018,10,-7.375,2.471,4.346,7.579,2,1,0
gen_00019,1,-8.205,8.247,8.680,inf,2,0,0
gen_00019,2,-8.198,8.280,8.652,inf,2,0,0
gen_00019,3,-8.184,8.326,8.722,inf,2,0,0
gen_00019,4,-8.149,12.635,14.563,inf,2,0,0
gen_00019,5,-8.125,8.109,8.667,inf,2,0,0
gen_00019,6,-8.079,12.623,14.576,inf,2,0,0
gen_00020,1,-7.276,2.760,4.305,inf,2,0,0
gen_00021,1,-6.902,2.653,4.115,inf,2,0,0
gen_00022,1,-6.492,2.759,4.440,inf,2,0,0
gen_00022,2,-6.483,2.798,4.425,inf,2,0,0
gen_00022,3,-6.480,2.806,4.445,inf,2,0,0
gen_00023,1,-6.499,2.740,4.470,inf,2,0,0
gen_00023,2,-6.490,2.731,4.499,inf,2,0,0
gen_00023,3,-6.448,2.745,4.463,inf,2,0,0
gen_00024,1,-7.715,2.368,2.660,inf,2,0,0
gen_00024,2,-7.684,2.421,2.654,inf,2,0,0
gen_00024,3,-7.664,2.449,2.713,inf,2,0,0
gen_00024,4,-7.649,2.429,2.646,inf,2,0,0
gen_00024,5,-7.567,2.706,2.823,inf,2,0,0
gen_00024,6,-7.554,2.708,2.780,inf,2,0,0
gen_00024,7,-7.495,2.628,2.739,inf,2,0,0
gen_00025,1,-7.707,2.769,4.439,inf,2,0,0
gen_00025,2,-7.706,2.749,4.447,inf,2,0,0
gen_00025,3,-7.702,2.756,4.431,inf,2,0,0
gen_00025,4,-7.680,2.736,4.402,inf,2,0,0
gen_00025,5,-7.679,2.743,4.426,inf,2,0,0
gen_00025,6,-7.675,2.723,4.388,inf,2,0,0
gen_00026,1,-7.132,2.787,4.229,inf,2,0,0
gen_00026,2,-7.118,2.850,4.256,inf,2,0,0
gen_00027,1,-8.469,2.647,4.694,3.116,2,1,1
gen_00027,2,-8.432,2.658,4.647,3.119,2,1,1
gen_00028,1,-7.011,2.760,4.470,inf,2,0,0
gen_00028,2,-6.987,2.777,4.447,inf,2,0,0
gen_00028,3,-6.958,2.772,4.503,inf,2,0,0
gen_00029,1,-6.712,2.753,4.528,inf,2,0,0
gen_00029,2,-6.662,2.786,4.462,inf,2,0,0
gen_00029,3,-6.648,2.771,4.514,inf,2,0,0
gen_00029,4,-6.619,2.841,4.527,inf,2,0,0
gen_00030,1,-8.181,2.805,4.583,inf,2,0,0
gen_00030,2,-8.115,2.854,4.453,inf,2,0,0
gen_00030,3,-8.080,2.683,4.333,inf,2,0,0
gen_00030,4,-8.065,2.776,4.512,inf,2,0,0
gen_00030,5,-8.061,3.126,4.588,inf,2,0,0
gen_00030,6,-8.050,2.848,4.586,inf,2,0,0
gen_00030,7,-7.896,2.810,4.528,inf,2,0,0
gen_00031,1,-7.183,2.800,3.851,inf,2,0,0
gen_00031,2,-7.153,2.792,3.815,inf,2,0,0
gen_00032,1,-7.763,2.741,4.333,5.694,2,1,0
gen_00032,2,-7.757,2.748,4.529,5.749,2,1,0
gen_00032,3,-7.626,2.702,3.769,5.049,2,1,0
gen_00032,4,-7.321,13.491,15.517,2.892,2,1,0
gen_00033,1,-7.214,2.691,2.694,inf,2,0,0
gen_00033,2,-7.178,3.741,4.360,inf,2,0,0
gen_00033,3,-7.118,2.377,4.397,inf,2,0,0
gen_00033,4,-7.117,2.675,2.684,inf,2,0,0
gen_00033,5,-7.036,2.319,4.421,inf,2,0,0
gen_00033,6,-6.955,2.302,4.439,inf,2,0,0
gen_00034,1,-7.329,3.029,4.439,inf,2,0,0
gen_00035,1,-8.149,2.743,4.282,6.847,2,1,0
gen_00035,2,-8.129,2.791,4.303,3.733,2,1,0
gen_00035,3,-8.094,2.727,4.190,6.835,2,1,0
gen_00036,1,-7.490,2.665,4.067,inf,2,0,0
gen_00036,2,-7.317,2.666,2.766,inf,2,0,0
gen_00036,3,-7.284,2.739,3.940,inf,2,0,0
gen_00036,4,-7.276,3.579,4.488,inf,2,0,0
gen_00036,5,-7.274,2.631,3.138,inf,2,0,0
gen_00036,6,-7.267,4.583,6.311,inf,2,0,0
gen_00036,7,-7.231,2.480,2.843,inf,2,0,0
gen_00036,8,-7.190,2.704,2.805,inf,2,0,0
gen_00036,9,-7.070,2.595,2.811,inf,2,0,0
gen_00036,10,-7.037,5.832,7.296,inf,2,0,0
gen_00037,1,-7.271,2.507,3.216,inf,4,0,0
gen_00037,2,-7.164,2.819,2.834,inf,4,0,0
gen_00037,3,-7.147,2.555,3.427,inf,4,0,0
gen_00037,4,-7.124,2.622,3.070,inf,4,0,0
gen_00037,5,-7.118,2.617,3.338,inf,4,0,0
gen_00037,6,-7.113,2.693,3.087,inf,4,0,0
gen_00038,1,-7.727,2.772,4.459,inf,2,0,0
gen_00038,2,-7.724,2.725,4.465,inf,2,0,0
gen_00039,1,-8.147,2.857,4.330,3.023,4,1,1
gen_00040,1,-7.104,3.832,4.605,6.498,2,1,0
gen_00040,2,-7.089,3.854,4.637,6.491,2,1,0
gen_00041,1,-7.239,2.723,3.872,inf,2,0,0
gen_00041,2,-7.232,2.729,3.896,inf,2,0,0
gen_00041,3,-7.228,2.732,3.959,inf,2,0,0
gen_00041,4,-7.223,2.729,3.909,inf,2,0,0
gen_00042,1,-7.283,2.567,4.248,7.216,2,1,0
gen_00043,1,-7.233,2.710,4.455,inf,2,0,0
gen_00043,2,-7.208,2.795,4.600,inf,2,0,0
gen_00043,3,-7.204,2.684,4.455,inf,2,0,0
gen_00043,4,-7.193,2.730,4.464,inf,2,0,0
gen_00044,1,-6.939,2.843,4.578,inf,2,0,0
gen_00044,2,-6.937,2.811,4.481,inf,2,0,0
gen_00044,3,-6.919,2.935,4.571,inf,2,0,0
gen_00044,4,-6.912,2.776,4.503,inf,2,0,0
gen_00044,5,-6.894,2.802,4.539,inf,2,0,0
gen_00044,6,-6.842,2.806,4.471,inf,2,0,0
gen_00044,7,-6.835,2.952,4.700,inf,2,0,0
gen_00044,8,-6.790,2.819,4.438,inf,2,0,0
gen_00044,9,-6.778,2.772,4.550,inf,2,0,0
gen_00044,10,-6.749,2.672,4.667,inf,2,0,0
gen_00044,11,-6.714,2.760,4.481,inf,2,0,0
gen_00044,12,-6.598,2.367,3.378,inf,2,0,0
gen_00045,1,-8.087,2.714,4.426,5.019,2,3,0
gen_00045,2,-8.063,2.721,4.461,5.018,2,3,0
gen_00045,3,-8.032,2.687,4.452,5.034,2,3,0
gen_00045,4,-7.997,13.852,14.857,4.378,2,3,0
gen_00045,5,-7.892,13.927,14.901,4.421,2,3,0
gen_00046,1,-7.891,2.221,4.380,inf,2,0,0
gen_00046,2,-7.877,2.204,4.396,inf,2,0,0
gen_00046,3,-7.856,2.203,4.400,inf,2,0,0
gen_00046,4,-7.843,2.211,4.406,inf,2,0,0
gen_00047,1,-7.623,2.766,4.228,3.259,2,2,1
gen_00048,1,-7.143,2.733,4.230,inf,2,0,0
gen_00049,1,-7.260,2.565,4.444,inf,2,0,0
gen_00049,2,-7.127,4.148,5.326,inf,2,0,0
gen_00049,3,-7.109,2.565,4.421,inf,2,0,0
gen_00049,4,-7.107,4.645,5.472,inf,2,0,0
gen_00049,5,-7.062,4.862,5.441,inf,2,0,0
gen_00050,1,-7.289,2.789,4.468,inf,2,0,0
gen_00050,2,-7.199,2.810,4.329,inf,2,0,0
gen_00051,1,-8.414,2.712,4.169,inf,2,0,0
gen_00051,2,-8.407,2.756,4.243,inf,2,0,0
gen_00051,3,-8.398,2.763,4.224,inf,2,0,0
gen_00051,4,-8.395,2.711,4.222,inf,2,0,0
gen_00052,1,-7.483,2.837,4.502,3.578,4,1,0
gen_00052,2,-7.407,2.719,4.403,5.890,4,1,0
gen_00052,3,-7.405,2.703,4.385,5.884,4,1,0
gen_00052,4,-7.358,2.804,4.279,3.711,4,1,0
gen_00052,5,-0.948,2.767,4.340,3.765,4,1,0
gen_00053,1,-8.592,2.833,4.511,6.386,2,1,0
gen_00053,2,-8.570,2.774,4.516,6.510,2,1,0
gen_00053,3,-8.561,2.769,4.478,6.418,2,1,0
gen_00053,4,-8.541,2.748,4.467,6.447,2,1,0
gen_00053,5,-8.536,2.781,4.501,6.469,2,1,0
gen_00053,6,-8.521,2.786,4.469,6.502,2,1,0
gen_00053,7,-8.521,2.772,4.454,6.532,2,1,0
gen_00053,8,-8.512,2.746,4.470,6.480,2,1,0
gen_00053,9,-8.500,2.707,4.480,6.481,2,1,0
gen_00053,10,-8.499,2.766,4.451,6.463,2,1,0
gen_00053,11,-8.485,2.781,4.473,6.560,2,1,0
gen_00053,12,-8.462,2.734,4.463,6.468,2,1,0
gen_00054,1,-7.537,3.315,4.455,inf,2,0,0
gen_00054,2,-7.525,3.263,4.493,inf,2,0,0
gen_00054,3,-7.518,3.403,4.521,inf,2,0,0
gen_00054,4,-7.513,3.302,4.566,inf,2,0,0
gen_00054,5,-7.507,3.279,4.558,inf,2,0,0
gen_00054,6,-7.475,3.244,4.572,inf,2,0,0
gen_00054,7,-7.439,2.985,4.531,inf,2,0,0
gen_00055,1,-7.742,3.228,3.475,inf,4,0,0
gen_00055,2,-7.702,2.669,3.887,inf,4,0,0
gen_00055,3,-7.688,3.218,3.488,inf,4,0,0
gen_00055,4,-7.683,2.680,3.880,inf,4,0,0
gen_00055,5,-7.672,2.680,3.925,inf,4,0,0
gen_00055,6,-7.651,2.733,3.991,inf,4,0,0
gen_00055,7,-7.642,2.639,3.819,inf,4,0,0
gen_00055,8,-7.553,2.717,3.902,inf,4,0,0
gen_00056,1,-6.856,2.796,4.624,inf,4,0,0
gen_00056,2,-6.768,2.739,4.559,inf,4,0,0
gen_00056,3,-6.697,2.703,4.480,inf,4,0,0
gen_00056,4,-6.684,2.674,4.513,inf,4,0,0
gen_00056,5,-6.673,2.738,4.508,inf,4,0,0
gen_00056,6,-6.661,2.751,4.555,inf,4,0,0
gen_00056,7,-6.659,2.761,4.555,inf,4,0,0
gen_00056,8,-6.649,2.745,4.515,inf,4,0,0
gen_00056,9,-6.630,2.711,4.491,inf,4,0,0
gen_00056,10,-6.629,2.760,4.518,inf,4,0,0
gen_00056,11,-6.602,2.698,3.918,inf,4,0,0
gen_00057,1,-7.688,12.159,12.350,3.118,2,1,0
gen_00057,2,-7.525,2.293,4.475,4.967,2,1,0
gen_00057,3,-7.458,2.655,2.739,5.326,2,1,0
gen_00058,1,-7.479,2.434,3.561,inf,4,0,0
gen_00058,2,-7.405,2.416,3.617,inf,4,0,0
gen_00058,3,-7.338,2.411,3.529,inf,4,0,0
gen_00058,4,-7.322,2.378,3.573,inf,4,0,0
gen_00059,1,-7.412,2.777,4.356,inf,2,0,0
gen_00060,1,-7.574,2.746,4.328,inf,2,0,0
gen_00060,2,-7.559,2.730,4.354,inf,2,0,0
gen_00060,3,-7.558,2.738,4.357,inf,2,0,0
gen_00060,4,-7.536,2.740,4.362,inf,2,0,0
gen_00061,1,-8.180,2.498,2.675,inf,4,0,0
gen_00061,2,-8.160,2.470,2.661,inf,4,0,0
gen_00061,3,-8.097,2.367,2.586,inf,4,0,0
gen_00061,4,-7.886,2.344,4.376,inf,4,0,0
gen_00061,5,-7.885,2.308,4.371,inf,4,0,0
gen_00061,6,-7.807,2.213,4.438,inf,4,0,0
gen_00062,1,-6.795,2.686,4.447,inf,2,0,0
gen_00062,2,-6.690,2.673,4.441,inf,2,0,0
gen_00063,1,-7.497,2.972,4.663,inf,2,0,0
gen_00063,2,-7.484,2.579,4.582,inf,2,0,0
gen_00064,1,-7.320,3.181,4.247,inf,2,0,0
gen_00064,2,-7.269,3.264,4.291,inf,2,0,0
gen_00064,3,-7.228,2.201,4.394,inf,2,0,0
gen_00064,4,-7.225,3.222,4.216,inf,2,0,0
gen_00064,5,-7.217,3.386,4.405,inf,2,0,0
gen_00064,6,-7.108,2.804,3.337,inf,2,0,0
gen_00065,1,-7.795,2.813,2.824,inf,2,0,0
gen_00065,2,-7.785,2.367,4.091,inf,2,0,0
gen_00065,3,-7.710,2.674,3.099,inf,2,0,0
gen_00065,4,-7.691,2.866,2.964,inf,2,0,0
gen_00065,5,-7.686,2.844,2.928,inf,2,0,0
gen_00065,6,-7.407,2.738,4.347,inf,2,0,0
gen_00065,7,-7.170,15.908,17.746,inf,2,0,0
gen_00066,1,-6.874,2.771,4.381,inf,2,0,0
gen_00067,1,-8.232,10.462,10.612,inf,2,0,0
gen_00068,1,-8.077,2.797,4.482,inf,2,0,0
gen_00068,2,-8.074,2.784,4.479,inf,2,0,0
gen_00068,3,-8.060,2.795,4.477,inf,2,0,0
gen_00068,4,-8.056,2.764,4.481,inf,2,0,0
gen_00068,5,-8.031,2.777,4.449,inf,2,0,0
gen_00069,1,-7.167,3.827,4.710,5.568,2,1,0
gen_00069,2,-7.114,3.537,5.190,5.564,2,1,0
gen_00069,3,-7.029,2.773,4.484,5.094,2,1,0
gen_00069,4,-7.016,2.796,4.516,5.080,2,1,0
gen_00070,1,-6.898,2.814,4.499,inf,2,0,0
gen_00070,2,-6.885,2.727,4.445,inf,2,0,0
gen_00071,1,-7.244,2.650,4.286,inf,2,0,0
gen_00071,2,-7.220,2.666,4.272,inf,2,0,0
gen_00071,3,-7.160,2.632,4.314,inf,2,0,0
gen_00072,1,-7.553,2.641,4.467,inf,2,0,0
gen_00072,2,-7.495,2.617,4.373,inf,2,0,0
gen_00072,3,-7.494,2.778,4.491,inf,2,0,0
gen_00072,4,-7.465,2.781,4.499,inf,2,0,0
gen_00072,5,-7.438,2.736,4.548,inf,2,0,0
gen_00072,6,-7.403,2.772,4.562,inf,2,0,0
gen_00072,7,-7.306,2.587,4.215,inf,2,0,0
gen_00073,1,-6.257,5.426,7.107,inf,2,0,0
gen_00073,2,-6.241,6.835,7.757,inf,2,0,0
gen_00073,3,-6.095,8.497,8.573,inf,2,0,0
gen_00074,1,-7.839,14.683,15.010,3.136,2,1,0
gen_00074,2,-7.791,14.810,15.058,3.136,2,1,0
gen_00074,3,-7.717,3.740,4.299,6.475,2,1,0
gen_00075,1,-7.803,2.701,3.708,inf,2,0,0
gen_00075,2,-7.743,2.676,3.584,inf,2,0,0
gen_00076,1,-6.593,2.605,4.341,inf,4,0,0
gen_00076,2,-6.509,3.350,4.495,inf,4,0,0
gen_00076,3,-6.508,3.301,4.421,inf,4,0,0
gen_00077,1,-6.728,2.534,2.648,inf,2,0,0
gen_00077,2,-6.655,2.658,2.696,inf,2,0,0
gen_00077,3,-6.594,2.561,2.699,inf,2,0,0
gen_00078,1,-7.325,2.765,4.331,4.204,2,1,0
gen_00079,1,-7.669,2.563,2.861,inf,2,0,0
gen_00079,2,-7.657,2.589,2.679,inf,2,0,0
gen_00079,3,-7.634,2.532,2.688,inf,2,0,0
gen_00079,4,-7.630,2.547,2.709,inf,2,0,0
gen_00079,5,-7.582,2.483,2.736,inf,2,0,0
gen_00079,6,-7.561,2.447,2.738,inf,2,0,0
gen_00079,7,-7.154,10.499,10.535,inf,2,0,0
gen_00080,1,-6.757,2.672,4.440,inf,4,0,0
gen_00080,2,-6.745,2.737,4.435,inf,4,0,0
gen_00080,3,-6.703,2.671,4.265,inf,4,0,0
gen_00080,4,-6.685,2.653,4.387,inf,4,0,0
gen_00080,5,-6.679,2.739,4.400,inf,4,0,0
gen_00080,6,-6.651,2.742,4.442,inf,4,0,0
gen_00080,7,-6.640,2.776,4.284,inf,4,0,0
gen_00080,8,-6.605,2.778,4.205,inf,4,0,0
gen_00080,9,-6.604,2.722,4.484,inf,4,0,0
gen_00081,1,-7.101,2.691,4.254,inf,2,0,0
gen_00081,2,-7.020,2.684,4.450,inf,2,0,0
gen_00081,3,-6.981,2.693,4.383,inf,2,0,0
gen_00082,1,-8.763,8.283,10.371,inf,2,0,0
gen_00082,2,-8.762,8.303,10.458,inf,2,0,0
gen_00082,3,-8.757,8.340,10.494,inf,2,0,0
gen_00083,1,-7.016,2.782,4.493,inf,2,0,0
gen_00083,2,-6.993,2.692,4.436,inf,2,0,0
gen_00083,3,-6.927,2.739,4.303,inf,2,0,0
gen_00083,4,-6.922,2.689,4.399,inf,2,0,0
gen_00083,5,-6.915,2.783,4.408,inf,2,0,0
gen_00084,1,-7.201,2.788,4.530,inf,2,0,0
gen_00084,2,-7.200,2.786,4.514,inf,2,0,0
gen_00084,3,-7.182,2.728,4.469,inf,2,0,0
gen_00084,4,-7.181,2.766,4.467,inf,2,0,0
gen_00084,5,-7.169,2.771,4.506,inf,2,0,0
gen_00084,6,-7.158,2.768,4.472,inf,2,0,0
gen_00084,7,-7.152,2.774,4.478,inf,2,0,0
gen_00085,1,-7.036,2.742,4.472,inf,2,0,0
gen_00085,2,-7.035,8.786,9.264,inf,2,0,0
gen_00085,3,-7.011,2.717,4.448,inf,2,0,0
gen_00086,1,-7.094,7.401,9.311,inf,2,0,0
gen_00086,2,-7.093,8.366,8.946,inf,2,0,0
gen_00086,3,-7.077,8.277,8.856,inf,2,0,0
gen_00086,4,-6.993,7.811,9.406,inf,2,0,0
gen_00086,5,-6.968,8.172,9.912,inf,2,0,0
gen_00087,1,-7.676,16.264,16.883,4.139,2,1,0
gen_00087,2,-7.641,17.358,17.590,3.250,2,1,0
gen_00087,3,-7.582,17.640,17.654,3.264,2,1,0
gen_00087,4,-7.558,17.179,17.257,4.051,2,1,0
gen_00087,5,-7.554,16.839,17.264,4.086,2,1,0
gen_00087,6,-7.522,16.918,17.272,3.952,2,1,0
gen_00087,7,-7.521,16.817,17.272,3.835,2,1,0
gen_00088,1,-8.217,15.534,16.326,inf,2,0,0
gen_00088,2,-8.189,15.584,16.269,inf,2,0,0
gen_00088,3,-8.092,15.573,16.323,inf,2,0,0
gen_00088,4,-8.057,15.592,16.301,inf,2,0,0
gen_00088,5,-8.042,15.214,16.696,inf,2,0,0
gen_00088,6,-8.006,15.404,16.253,inf,2,0,0
gen_00088,7,-7.983,15.104,16.294,inf,2,0,0
gen_00088,8,-7.505,7.030,8.036,inf,2,0,0
gen_00089,1,-7.494,2.776,4.474,inf,2,0,0
gen_00089,2,-7.486,2.721,4.399,inf,2,0,0
gen_00090,1,-171.762,13.721,14.417,12.580,2,1,0
gen_00090,2,-162.217,8.589,9.874,10.277,2,1,0
gen_00091,1,-7.716,3.090,4.588,3.785,2,2,0
gen_00091,2,-7.694,3.072,4.743,3.736,2,2,0
gen_00092,1,-7.058,2.995,4.312,inf,4,0,0
gen_00092,2,-7.018,2.821,4.251,inf,4,0,0
gen_00092,3,-7.010,2.849,4.338,inf,4,0,0
gen_00092,4,-7.004,2.969,4.346,inf,4,0,0
gen_00092,5,-6.920,3.047,4.306,inf,4,0,0
gen_00093,1,-7.521,13.370,14.900,inf,2,0,0
gen_00093,2,-7.109,3.720,3.879,inf,2,0,0
gen_00094,1,-7.479,2.533,2.812,5.989,2,1,0
gen_00094,2,-7.431,2.360,2.812,5.593,2,1,0
gen_00094,3,-7.430,2.294,2.792,6.115,2,1,0
gen_00094,4,-7.319,14.741,14.887,5.283,2,1,0
gen_00095,1,-6.874,2.730,4.504,inf,4,0,0
gen_00095,2,-6.867,2.744,3.444,inf,4,0,0
gen_00096,1,-8.285,2.196,4.383,10.652,2,1,0
gen_00096,2,-8.231,2.206,4.364,10.747,2,1,0
gen_00096,3,-8.104,9.194,11.008,3.853,2,1,0
gen_00096,4,-8.085,8.854,10.988,4.015,2,1,0
gen_00097,1,-7.346,2.677,4.426,inf,2,0,0
gen_00097,2,-7.312,2.813,4.338,inf,2,0,0
gen_00097,3,-7.311,2.803,4.320,inf,2,0,0
gen_00097,4,-7.221,2.470,4.251,inf,2,0,0
gen_00098,1,-6.851,2.716,4.320,inf,4,0,0
gen_00099,1,-7.250,2.784,3.841,inf,2,0,0
gen_00100,1,-7.263,2.960,4.451,inf,2,0,0
gen_00100,2,-7.262,2.866,4.406,inf,2,0,0
gen_00100,3,-7.214,2.769,4.547,inf,2,0,0
gen_00101,1,-7.733,3.458,4.771,5.234,2,1,0
gen_00101,2,-7.647,3.365,4.887,5.223,2,1,0
gen_00101,3,-7.503,2.196,3.084,2.730,2,1,1
gen_00101,4,-7.420,2.690,4.492,7.107,2,1,0
gen_00101,5,-7.420,2.455,4.179,3.036,2,1,1
gen_00101,6,-7.410,2.711,4.431,6.677,2,1,0
gen_00101,7,-7.236,6.939,8.177,6.061,2,1,0
gen_00101,8,-7.212,7.331,8.242,6.073,2,1,0
gen_00102,1,-7.871,3.549,5.178,inf,2,0,0
gen_00103,1,-7.376,2.776,4.384,inf,4,0,0
gen_00103,2,-7.321,2.822,4.385,inf,4,0,0
gen_00103,3,-7.190,2.712,4.405,inf,4,0,0
gen_00104,1,-7.388,2.302,4.329,inf,4,0,0
gen_00104,2,-7.376,2.278,4.345,inf,4,0,0
gen_00104,3,-7.373,2.278,4.355,inf,4,0,0
gen_00105,1,-7.571,2.547,4.644,inf,2,0,0
gen_00105,2,-7.557,2.710,4.634,inf,2,0,0
gen_00105,3,-7.161,2.750,4.173,inf,2,0,0
gen_00106,1,-8.269,2.777,4.482,inf,4,0,0
gen_00106,2,-8.224,2.654,4.465,inf,4,0,0
gen_00106,3,-8.149,2.770,4.451,inf,4,0,0
gen_00106,4,-8.100,2.686,4.464,inf,4,0,0
gen_00107,1,-8.360,2.390,2.840,inf,2,0,0
gen_00107,2,-8.338,2.360,2.798,inf,2,0,0
gen_00107,3,-8.320,2.362,2.775,inf,2,0,0
gen_00108,1,-8.145,2.658,4.477,inf,2,0,0
gen_00108,2,-8.134,2.665,4.391,inf,2,0,0
gen_00108,3,-8.000,2.649,3.125,inf,2,0,0
gen_00108,4,-7.963,2.635,2.770,inf,2,0,0
gen_00108,5,-7.867,2.637,2.682,inf,2,0,0
gen_00108,6,-7.830,2.666,2.715,inf,2,0,0
gen_00108,7,-7.706,2.758,4.296,inf,2,0,0
gen_00109,1,-7.544,2.750,4.518,inf,2,0,0
gen_00109,2,-7.222,2.729,3.846,inf,2,0,0
gen_00110,1,-6.981,2.742,4.507,inf,2,0,0
gen_00110,2,-6.974,2.797,4.559,inf,2,0,0
gen_00110,3,-6.960,2.731,4.533,inf,2,0,0
gen_00110,4,-6.953,3.211,4.670,inf,2,0,0
gen_00110,5,-6.925,2.799,4.543,inf,2,0,0
gen_00110,6,-6.923,3.059,3.399,inf,2,0,0
gen_00110,7,-6.843,2.820,4.539,inf,2,0,0
gen_00111,1,-7.313,2.645,3.511,inf,2,0,0
gen_00111,2,-6.713,3.050,4.079,inf,2,0,0
gen_00112,1,-7.411,2.802,4.354,inf,2,0,0
gen_00112,2,-7.385,2.878,4.370,inf,2,0,0
gen_00113,1,-6.903,4.257,4.916,inf,2,0,0
gen_00113,2,-6.884,4.281,4.892,inf,2,0,0
gen_00114,1,-7.513,9.599,11.627,5.369,2,1,0
gen_00114,2,-7.502,9.823,11.963,5.366,2,1,0
gen_00114,3,-7.487,9.649,11.739,5.350,2,1,0
gen_00114,4,-7.486,9.614,11.618,5.357,2,1,0
gen_00114,5,-7.470,2.831,3.652,5.830,2,1,0
gen_00114,6,-7.448,3.618,4.396,3.450,2,1,0
gen_00114,7,-7.430,2.804,3.825,5.779,2,1,0
gen_00114,8,-7.410,2.775,3.866,5.750,2,1,0
gen_00114,9,-7.409,3.191,3.690,5.623,2,1,0
gen_00115,1,-7.498,2.723,4.343,3.743,4,1,0
gen_00115,2,-7.449,2.695,4.333,3.761,4,1,0
gen_00116,1,-8.848,2.570,4.510,inf,2,0,0
gen_00116,2,-8.839,2.465,4.355,inf,2,0,0
gen_00116,3,-8.733,2.461,4.420,inf,2,0,0
gen_00116,4,-8.717,2.453,4.425,inf,2,0,0
gen_00117,1,-8.378,2.518,3.851,inf,2,0,0
gen_00117,2,-8.329,2.565,3.955,inf,2,0,0
gen_00117,3,-8.295,3.274,4.578,inf,2,0,0
gen_00117,4,-8.265,3.271,4.544,inf,2,0,0
gen_00117,5,-8.097,3.115,4.499,inf,2,0,0
gen_00118,1,-6.620,2.721,4.309,inf,2,0,0
gen_00118,2,-6.614,2.711,4.283,inf,2,0,0
gen_00118,3,-6.612,2.746,4.468,inf,2,0,0
gen_00118,4,-6.578,2.719,4.239,inf,2,0,0
gen_00118,5,-6.558,2.699,4.238,inf,2,0,0
gen_00118,6,-6.556,2.742,4.378,inf,2,0,0
gen_00119,1,-6.775,2.201,3.183,5.366,4,1,0
gen_00119,2,-6.745,2.204,3.149,5.429,4,1,0
gen_00120,1,-8.159,2.818,4.427,inf,2,0,0
gen_00120,2,-8.138,2.764,4.467,inf,2,0,0
gen_00120,3,-8.066,2.682,3.537,inf,2,0,0
gen_00120,4,-8.062,2.757,3.530,inf,2,0,0
gen_00120,5,-8.043,2.754,3.763,inf,2,0,0
gen_00120,6,-7.875,2.939,3.646,inf,2,0,0
gen_00121,1,-8.178,2.751,4.308,inf,2,0,0
gen_00121,2,-8.172,2.746,4.308,inf,2,0,0
gen_00122,1,-7.409,2.716,4.498,inf,2,0,0
gen_00122,2,-7.305,2.671,4.493,inf,2,0,0
gen_00123,1,-7.220,2.807,4.226,inf,2,0,0
gen_00123,2,-7.129,2.754,4.384,inf,2,0,0
gen_00123,3,-7.105,2.736,4.337,inf,2,0,0
gen_00124,1,-8.662,2.615,4.358,inf,2,0,0
gen_00124,2,-8.654,2.648,4.366,inf,2,0,0
gen_00125,1,-7.439,2.476,2.753,5.454,4,1,0
gen_00125,2,-7.412,2.207,2.776,5.458,4,1,0
gen_00125,3,-7.410,2.420,2.753,5.321,4,1,0
gen_00125,4,-7.375,2.200,2.751,5.307,4,1,0
gen_00126,1,-7.930,2.724,4.370,inf,2,0,0
gen_00126,2,-7.906,2.760,4.380,inf,2,0,0
gen_00127,1,-7.544,14.763,14.946,6.308,2,1,0
gen_00127,2,-7.540,14.499,15.104,6.276,2,1,0
gen_00127,3,-7.536,14.520,15.142,6.297,2,1,0
gen_00127,4,-7.533,14.508,15.149,6.303,2,1,0
gen_00127,5,-7.528,14.821,14.841,6.262,2,1,0
gen_00127,6,-7.524,14.531,15.155,6.316,2,1,0
gen_00127,7,-7.515,14.509,15.159,6.307,2,1,0
gen_00127,8,-7.509,14.784,14.919,6.332,2,1,0
gen_00127,9,-7.498,12.887,13.715,5.299,2,1,0
gen_00127,10,-7.494,12.857,13.778,5.353,2,1,0
gen_00127,11,-7.493,12.829,13.718,5.305,2,1,0
gen_00127,12,-7.487,12.771,13.812,5.335,2,1,0
gen_00127,13,-7.480,12.848,13.735,5.313,2,1,0
gen_00127,14,-7.473,12.811,13.752,5.306,2,1,0
gen_00128,1,-6.986,3.373,4.396,inf,2,0,0
gen_00128,2,-6.978,3.387,4.431,inf,2,0,0
gen_00128,3,-6.969,3.317,4.419,inf,2,0,0
gen_00129,1,-6.703,2.282,4.401,inf,4,0,0
gen_00129,2,-6.635,2.312,4.444,inf,4,0,0
gen_00129,3,-6.623,2.731,4.463,inf,4,0,0
gen_00129,4,-6.592,2.201,4.377,inf,4,0,0
gen_00129,5,-6.591,2.214,4.380,inf,4,0,0
gen_00130,1,-7.285,3.813,5.200,7.664,2,1,0
gen_00130,2,-7.277,3.851,5.215,7.665,2,1,0
gen_00130,3,-7.272,2.409,4.557,2.846,2,1,1
gen_00130,4,-7.255,2.321,4.489,2.949,2,1,1
gen_00130,5,-7.247,2.341,4.491,2.899,2,1,1
gen_00131,1,-7.558,2.801,4.397,inf,2,0,0
gen_00132,1,-7.122,2.828,4.312,inf,2,0,0
gen_00133,1,-6.972,2.807,4.362,6.338,2,1,0
gen_00133,2,-6.966,2.797,4.348,6.571,2,1,0
gen_00134,1,-7.923,2.429,2.764,5.846,2,1,0
gen_00134,2,-7.903,2.433,2.761,5.835,2,1,0
gen_00134,3,-7.893,2.431,2.762,5.871,2,1,0
gen_00134,4,-7.869,2.388,2.771,5.893,2,1,0
gen_00134,5,-7.855,2.386,2.731,6.106,2,1,0
gen_00135,1,-7.214,11.949,12.867,inf,2,0,0
gen_00135,2,-7.065,2.615,2.716,inf,2,0,0
gen_00136,1,-7.062,2.781,4.457,inf,2,0,0
gen_00136,2,-7.061,2.756,4.481,inf,2,0,0
gen_00136,3,-7.052,2.757,4.486,inf,2,0,0
gen_00136,4,-7.045,2.776,4.440,inf,2,0,0
gen_00137,1,-8.079,2.781,4.553,11.385,4,1,0
gen_00137,2,-8.065,2.821,4.582,11.414,4,1,0
gen_00137,3,-8.005,2.808,4.560,11.481,4,1,0
gen_00137,4,-7.994,3.130,4.678,8.111,4,1,0
gen_00137,5,-7.978,2.792,4.487,11.515,4,1,0
gen_00137,6,-7.975,2.723,4.412,11.424,4,1,0
gen_00137,7,-7.754,3.160,4.633,11.458,4,1,0
gen_00138,1,-7.123,2.808,4.125,inf,2,0,0
gen_00138,2,-7.035,2.747,4.030,inf,2,0,0
gen_00138,3,-6.872,2.807,3.865,inf,2,0,0
gen_00138,4,-6.815,2.760,3.861,inf,2,0,0
gen_00138,5,-6.805,3.548,3.742,inf,2,0,0
gen_00138,6,-6.706,3.489,3.746,inf,2,0,0
gen_00139,1,-7.887,2.619,4.468,inf,2,0,0
gen_00139,2,-7.867,2.651,4.428,inf,2,0,0
gen_00140,1,-97.586,10.217,11.385,inf,2,0,0
gen_00140,2,-89.495,9.646,10.544,inf,2,0,0
gen_00140,3,-88.932,7.657,9.248,inf,2,0,0
gen_00141,1,-7.763,2.614,4.432,3.781,2,1,0
gen_00141,2,-7.699,2.598,4.465,3.929,2,1,0
gen_00141,3,-7.628,2.524,4.434,3.779,2,1,0
gen_00142,1,-8.021,3.441,4.403,inf,2,0,0
gen_00143,1,-7.385,3.036,4.394,inf,2,0,0
gen_00143,2,-7.385,3.086,4.333,inf,2,0,0
gen_00143,3,-7.246,2.530,2.801,inf,2,0,0
gen_00144,1,-8.609,3.415,4.503,inf,2,0,0
gen_00145,1,-7.342,2.751,4.540,inf,2,0,0
gen_00145,2,-7.340,2.753,4.430,inf,2,0,0
gen_00146,1,-8.418,2.735,4.393,inf,2,0,0
gen_00146,2,-8.374,2.732,4.371,inf,2,0,0
gen_00147,1,-7.319,2.750,4.455,inf,4,0,0
gen_00148,1,-7.797,3.152,4.940,3.262,2,1,1
gen_00148,2,-7.787,5.211,6.387,3.885,2,1,0
gen_00148,3,-7.768,5.196,6.311,3.842,2,1,0
gen_00148,4,-7.766,3.161,4.915,3.224,2,1,1
gen_00149,1,-8.001,2.807,4.436,inf,2,0,0
gen_00149,2,-7.923,2.715,4.007,inf,2,0,0
gen_00149,3,-7.922,2.823,4.498,inf,2,0,0
gen_00150,1,-8.296,2.379,2.615,inf,2,0,0
gen_00150,2,-8.261,2.445,2.499,inf,2,0,0
gen_00150,3,-8.261,2.723,4.300,inf,2,0,0
gen_00150,4,-8.143,2.396,2.736,inf,2,0,0
gen_00150,5,-8.137,14.057,14.598,inf,2,0,0
gen_00150,6,-8.082,14.050,14.452,inf,2,0,0
gen_00150,7,-8.079,2.729,4.273,inf,2,0,0
gen_00151,1,-9.250,3.266,4.655,inf,2,0,0
gen_00151,2,-9.250,3.246,4.611,inf,2,0,0
gen_00151,3,-9.236,3.249,4.651,inf,2,0,0
gen_00151,4,-9.227,3.290,4.615,inf,2,0,0
gen_00151,5,-9.176,3.294,4.641,inf,2,0,0
gen_00152,1,-6.940,2.783,3.867,inf,2,0,0
gen_00152,2,-6.883,2.547,3.859,inf,2,0,0
gen_00152,3,-6.872,2.681,3.810,inf,2,0,0
gen_00152,4,-6.870,13.116,14.535,inf,2,0,0
gen_00152,5,-6.868,2.651,4.071,inf,2,0,0
gen_00152,6,-6.857,13.331,14.538,inf,2,0,0
gen_00152,7,-6.672,2.386,3.829,inf,2,0,0
gen_00153,1,-7.647,6.717,8.819,3.203,2,2,0
gen_00153,2,-7.642,6.746,8.875,3.198,2,2,0
gen_00153,3,-7.626,6.735,8.854,3.223,2,2,0
gen_00153,4,-7.552,8.121,9.724,3.165,2,2,0
gen_00153,5,-7.514,8.177,9.822,3.142,2,2,0
gen_00153,6,-7.490,6.351,7.240,5.391,2,2,0
gen_00153,7,-7.437,6.392,7.318,5.280,2,2,0
gen_00153,8,-7.437,6.201,7.016,5.336,2,2,0
gen_00153,9,-7.435,6.208,7.041,5.284,2,2,0
gen_00154,1,-7.921,2.831,4.500,inf,2,0,0
gen_00154,2,-7.898,2.796,4.471,inf,2,0,0
gen_00154,3,-7.854,3.247,4.456,inf,2,0,0
gen_00154,4,-7.799,2.756,4.530,inf,2,0,0
gen_00155,1,-7.493,3.495,4.378,inf,2,0,0
gen_00155,2,-7.448,3.651,4.481,inf,2,0,0
gen_00156,1,-7.375,2.777,4.302,inf,2,0,0
gen_00156,2,-7.368,2.764,4.286,inf,2,0,0
gen_00156,3,-7.270,3.734,4.153,inf,2,0,0
gen_00157,1,-8.761,2.292,2.665,inf,4,0,0
gen_00157,2,-8.756,2.320,2.737,inf,4,0,0
gen_00157,3,-8.690,2.291,2.802,inf,4,0,0
gen_00157,4,-8.637,2.384,2.802,inf,4,0,0
gen_00158,1,-7.628,8.248,8.797,4.683,2,1,0
gen_00158,2,-7.514,8.189,8.916,4.728,2,1,0
gen_00158,3,-7.447,2.727,4.220,5.473,2,1,0
gen_00158,4,-7.405,2.728,4.268,5.447,2,1,0
gen_00159,1,-8.475,2.701,4.428,inf,2,0,0
gen_00159,2,-8.104,15.144,16.429,inf,2,0,0
gen_00160,1,-6.856,4.454,4.918,inf,2,0,0
gen_00161,1,-7.138,9.720,10.734,11.726,2,1,0
gen_00161,2,-7.026,2.343,4.500,4.882,2,1,0
gen_00161,3,-7.006,2.378,4.555,4.888,2,1,0
gen_00161,4,-6.936,2.727,4.495,6.489,2,1,0
gen_00161,5,-6.854,2.978,4.729,7.272,2,1,0
gen_00161,6,-6.817,2.997,4.709,6.774,2,1,0
gen_00161,7,-6.812,2.619,4.383,6.496,2,1,0
gen_00161,8,-6.596,15.035,15.597,8.541,2,1,0
gen_00162,1,-6.591,2.693,4.500,inf,2,0,0
gen_00162,2,-6.570,2.729,4.518,inf,2,0,0
gen_00162,3,-6.566,2.709,4.497,inf,2,0,0
gen_00162,4,-6.537,2.719,4.563,inf,2,0,0
gen_00162,5,-6.530,2.822,4.529,inf,2,0,0
gen_00162,6,-6.445,4.309,4.434,inf,2,0,0
gen_00163,1,-7.068,3.094,4.647,inf,2,0,0
gen_00163,2,-7.051,3.104,4.638,inf,2,0,0
gen_00164,1,-7.266,2.487,2.718,inf,2,0,0
gen_00164,2,-7.261,2.451,2.740,inf,2,0,0
gen_00165,1,-6.901,2.702,4.372,inf,2,0,0
gen_00166,1,-7.544,2.544,3.090,inf,2,0,0
gen_00166,2,-7.483,2.718,2.930,inf,2,0,0
gen_00166,3,-7.444,2.639,3.189,inf,2,0,0
gen_00167,1,-7.460,2.776,4.520,inf,4,0,0
gen_00167,2,-7.439,2.743,4.498,inf,4,0,0
gen_00167,3,-7.332,2.778,4.510,inf,4,0,0
gen_00168,1,-7.512,8.460,8.695,inf,2,0,0
gen_00168,2,-7.511,8.185,8.983,inf,2,0,0
gen_00168,3,-7.490,2.718,3.916,inf,2,0,0
gen_00169,1,-7.360,2.708,3.887,6.686,2,1,0
gen_00169,2,-7.172,2.759,3.609,6.618,2,1,0
gen_00170,1,-7.374,8.609,8.854,3.242,2,2,0
gen_00170,2,-7.374,8.575,8.823,3.260,2,2,0
gen_00170,3,-7.311,8.643,8.894,3.212,2,2,0
gen_00170,4,-7.308,8.654,8.894,3.210,2,2,0
gen_00170,5,-7.300,7.324,8.613,5.002,2,2,0
gen_00170,6,-7.298,8.581,8.636,3.326,2,2,0
gen_00170,7,-7.297,8.730,9.464,3.114,2,2,0
gen_00170,8,-7.266,7.345,8.643,5.053,2,2,0
gen_00171,1,-41.770,8.994,9.054,10.479,2,1,0
gen_00171,2,-33.971,10.469,12.081,11.790,2,1,0
gen_00171,3,-33.612,14.296,16.492,11.121,2,1,0
gen_00172,1,-6.988,3.313,4.613,inf,2,0,0
gen_00172,2,-6.854,3.166,4.708,inf,2,0,0
gen_00173,1,-6.892,2.708,4.319,inf,2,0,0
gen_00173,2,-6.826,2.754,4.373,inf,2,0,0
gen_00173,3,-6.800,2.708,4.368,inf,2,0,0
gen_00173,4,-6.783,2.799,4.304,inf,2,0,0
gen_00173,5,-6.712,2.837,4.255,inf,2,0,0
gen_00173,6,-6.622,3.126,4.429,inf,2,0,0
gen_00174,1,-6.736,2.368,2.402,5.518,2,1,0
gen_00174,2,-6.721,12.900,13.326,4.831,2,1,0
gen_00174,3,-6.707,12.936,12.974,4.337,2,1,0
gen_00174,4,-6.625,2.369,4.408,5.673,2,1,0
gen_00175,1,-6.459,2.650,2.654,inf,2,0,0
gen_00175,2,-6.441,2.657,2.706,inf,2,0,0
gen_00176,1,-7.708,2.324,4.137,8.490,2,1,0
gen_00176,2,-7.700,2.392,3.921,8.444,2,1,0
gen_00176,3,-7.555,14.081,15.080,7.004,2,1,0
gen_00176,4,-7.535,14.192,15.036,7.017,2,1,0
gen_00176,5,-7.532,14.129,15.034,7.031,2,1,0
gen_00177,1,-7.429,3.532,4.344,inf,2,0,0
gen_00177,2,-7.352,3.654,4.333,inf,2,0,0
gen_00177,3,-7.260,3.589,4.410,inf,2,0,0
gen_00177,4,-7.090,2.785,4.183,inf,2,0,0
gen_00178,1,-7.642,2.839,4.449,inf,2,0,0
gen_00178,2,-7.569,2.867,4.513,inf,2,0,0
gen_00178,3,-7.382,2.828,4.418,inf,2,0,0
gen_00179,1,-8.025,2.822,4.520,inf,2,0,0
gen_00179,2,-8.023,2.844,4.353,inf,2,0,0
gen_00179,3,-7.978,2.774,4.442,inf,2,0,0
gen_00180,1,-7.818,2.734,4.403,inf,2,0,0
gen_00181,1,-8.222,2.693,4.184,6.697,2,1,0
gen_00181,2,-8.220,2.710,4.162,6.771,2,1,0
gen_00182,1,-7.872,10.876,11.734,3.114,2,1,0
gen_00182,2,-7.868,10.958,11.732,3.117,2,1,0
gen_00182,3,-7.862,10.959,11.832,3.179,2,1,0
gen_00182,4,-7.855,10.938,11.591,3.082,2,1,0
gen_00182,5,-7.791,11.105,11.588,3.212,2,1,0
gen_00182,6,-7.761,11.012,11.505,3.187,2,1,0
gen_00183,1,-7.276,3.530,4.793,inf,2,0,0
gen_00183,2,-7.274,3.414,4.667,inf,2,0,0
gen_00183,3,-7.264,3.554,4.737,inf,2,0,0
gen_00183,4,-7.181,13.060,15.097,inf,2,0,0
gen_00183,5,-7.171,3.666,4.658,inf,2,0,0
gen_00183,6,-7.170,4.300,4.443,inf,2,0,0
gen_00183,7,-7.167,12.973,14.963,inf,2,0,0
gen_00183,8,-7.151,12.930,14.959,inf,2,0,0
gen_00183,9,-7.123,3.350,4.642,inf,2,0,0
gen_00183,10,-7.033,14.417,14.804,inf,2,0,0
gen_00183,11,-7.015,14.446,14.884,inf,2,0,0
gen_00183,12,-7.012,12.794,14.848,inf,2,0,0
gen_00183,13,-6.810,2.829,4.486,inf,2,0,0
gen_00183,14,-6.766,14.093,14.335,inf,2,0,0
gen_00183,15,-6.757,14.094,14.286,inf,2,0,0
gen_00183,16,-6.699,9.349,9.715,inf,2,0,0
gen_00184,1,-7.374,2.519,2.659,inf,2,0,0
gen_00184,2,-7.248,4.695,5.120,inf,2,0,0
gen_00185,1,-7.592,2.718,4.441,inf,2,0,0
gen_00186,1,-7.415,3.307,3.651,inf,4,0,0
gen_00186,2,-7.398,3.298,3.739,inf,4,0,0
gen_00186,3,-7.343,3.148,3.775,inf,4,0,0
gen_00186,4,-7.337,3.134,3.682,inf,4,0,0
gen_00187,1,-7.397,3.109,4.540,inf,4,0,0
gen_00187,2,-7.372,3.153,4.591,inf,4,0,0
gen_00187,3,-7.346,3.126,4.492,inf,4,0,0
gen_00187,4,-7.344,3.121,4.532,inf,4,0,0
gen_00187,5,-7.340,3.108,4.467,inf,4,0,0
gen_00187,6,-7.291,3.014,4.414,inf,4,0,0
gen_00187,7,-7.242,3.051,4.462,inf,4,0,0
gen_00187,8,-7.198,2.850,4.426,inf,4,0,0
gen_00188,1,-6.777,2.276,4.173,inf,2,0,0
gen_00188,2,-6.774,2.194,4.354,inf,2,0,0
gen_00188,3,-6.761,2.284,4.115,inf,2,0,0
gen_00188,4,-6.738,2.200,4.390,inf,2,0,0
gen_00189,1,-8.081,2.260,2.736,4.759,2,1,0
gen_00190,1,-6.805,3.032,4.327,inf,2,0,0
gen_00190,2,-6.700,10.239,10.356,inf,2,0,0
gen_00190,3,-6.677,10.123,10.290,inf,2,0,0
gen_00190,4,-6.664,10.174,10.298,inf,2,0,0
gen_00190,5,-6.649,10.251,10.285,inf,2,0,0
gen_00190,6,-6.644,10.184,10.272,inf,2,0,0
gen_00190,7,-6.641,10.241,10.346,inf,2,0,0
gen_00190,8,-6.635,10.304,10.332,inf,2,0,0
gen_00190,9,-6.634,10.184,10.314,inf,2,0,0
gen_00190,10,-6.633,10.179,10.306,inf,2,0,0
gen_00190,11,-6.632,10.301,10.365,inf,2,0,0
gen_00190,12,-6.629,10.155,10.292,inf,2,0,0
gen_00190,13,-6.610,10.243,10.307,inf,2,0,0
gen_00190,14,-6.586,10.217,10.273,inf,2,0,0
gen_00191,1,-7.161,3.218,4.407,inf,2,0,0
gen_00191,2,-7.103,2.880,4.437,inf,2,0,0
gen_00191,3,-7.034,2.702,4.366,inf,2,0,0
gen_00192,1,-6.835,2.573,2.758,2.944,2,1,1
gen_00193,1,-7.850,2.714,4.414,9.814,2,1,0
gen_00193,2,-7.777,2.648,2.824,4.840,2,1,0
gen_00193,3,-7.771,2.405,2.778,4.952,2,1,0
gen_00193,4,-7.760,2.649,2.834,4.811,2,1,0
gen_00194,1,-8.013,2.824,4.296,2.699,2,1,1
gen_00194,2,-7.972,2.872,4.372,2.773,2,1,1
gen_00194,3,-7.873,2.739,4.301,2.698,2,1,1
gen_00194,4,-7.792,2.809,4.313,2.754,2,1,1
gen_00194,5,-7.769,2.809,4.338,3.091,2,1,1
gen_00195,1,-8.146,2.687,4.504,inf,2,0,0
gen_00195,2,-8.140,2.691,4.509,inf,2,0,0
gen_00195,3,-8.121,2.707,4.549,inf,2,0,0
gen_00195,4,-8.108,2.676,4.526,inf,2,0,0
gen_00196,1,-6.882,3.784,5.604,inf,4,0,0
gen_00196,2,-6.878,3.966,5.594,inf,4,0,0
gen_00196,3,-6.876,3.966,5.500,inf,4,0,0
gen_00196,4,-6.869,3.751,5.590,inf,4,0,0
gen_00196,5,-6.853,3.962,5.562,inf,4,0,0
gen_00196,6,-6.835,3.923,5.620,inf,4,0,0
gen_00196,7,-6.834,3.758,5.592,inf,4,0,0
gen_00196,8,-6.832,3.941,5.625,inf,4,0,0
gen_00196,9,-6.812,3.819,5.550,inf,4,0,0
gen_00197,1,-6.886,2.416,2.834,3.165,2,1,1
gen_00198,1,-7.189,2.570,4.507,inf,2,0,0
gen_00198,2,-7.136,2.586,4.482,inf,2,0,0
gen_00198,3,-7.088,2.694,4.098,inf,2,0,0
gen_00198,4,-7.083,2.623,3.994,inf,2,0,0
gen_00198,5,-7.026,2.644,4.569,inf,2,0,0
gen_00198,6,-6.952,3.187,4.806,inf,2,0,0
gen_00198,7,-6.898,4.080,4.480,inf,2,0,0
gen_00198,8,-6.884,4.125,4.497,inf,2,0,0
gen_00198,9,-6.869,4.134,4.469,inf,2,0,0
gen_00198,10,-6.813,4.256,4.568,inf,2,0,0
gen_00198,11,-6.631,11.245,11.311,inf,2,0,0
gen_00199,1,-7.910,2.756,4.268,inf,2,0,0
gen_00199,2,-7.862,3.186,4.320,inf,2,0,0
gen_00199,3,-7.847,3.087,4.413,inf,2,0,0
gen_00199,4,-7.709,2.858,4.510,inf,2,0,0
gen_00199,5,-7.639,2.743,4.233,inf,2,0,0
gen_00200,1,-7.647,3.081,4.614,inf,2,0,0
gen_00200,2,-7.621,3.113,4.647,inf,2,0,0
gen_00200,3,-7.612,3.028,4.402,inf,2,0,0
gen_00200,4,-7.596,3.374,4.855,inf,2,0,0
gen_00200,5,-7.592,3.401,4.876,inf,2,0,0
gen_00200,6,-6.823,14.778,15.461,inf,2,0,0
gen_00200,7,-6.771,14.673,15.488,inf,2,0,0
gen_00201,1,-7.232,2.674,3.633,inf,2,0,0
gen_00201,2,-7.224,2.702,3.684,inf,2,0,0
gen_00201,3,-7.224,2.697,3.681,inf,2,0,0
gen_00202,1,-7.414,2.740,4.404,inf,2,0,0
gen_00202,2,-7.353,2.760,4.440,inf,2,0,0
gen_00202,3,-7.310,6.945,8.905,inf,2,0,0
gen_00202,4,-7.306,2.799,4.345,inf,2,0,0
gen_00203,1,-7.378,2.749,3.600,inf,2,0,0
gen_00203,2,-7.368,2.649,2.781,inf,2,0,0
gen_00203,3,-7.323,2.700,4.350,inf,2,0,0
gen_00203,4,-7.303,2.745,4.306,inf,2,0,0
gen_00203,5,-7.278,2.814,4.295,inf,2,0,0
gen_00203,6,-7.269,2.703,3.956,inf,2,0,0
gen_00204,1,-7.308,2.857,4.394,5.281,2,1,0
gen_00204,2,-7.170,2.716,4.400,5.373,2,1,0
gen_00205,1,-6.745,2.688,4.535,inf,4,0,0
gen_00205,2,-6.731,2.692,4.384,inf,4,0,0
gen_00205,3,-6.706,2.589,4.383,inf,4,0,0
gen_00205,4,-6.700,2.422,3.971,inf,4,0,0
gen_00205,5,-6.683,2.697,4.425,inf,4,0,0
gen_00205,6,-6.673,2.443,3.980,inf,4,0,0
gen_00205,7,-6.662,2.673,4.371,inf,4,0,0
gen_00205,8,-6.575,2.660,4.411,inf,4,0,0
gen_00206,1,-7.385,2.688,4.278,inf,2,0,0
gen_00207,1,-7.823,2.793,4.463,inf,2,0,0
gen_00207,2,-7.819,2.757,4.438,inf,2,0,0
gen_00207,3,-7.729,2.699,3.745,inf,2,0,0
gen_00207,4,-7.677,2.816,4.446,inf,2,0,0
gen_00207,5,-7.673,2.808,4.410,inf,2,0,0
gen_00207,6,-7.631,2.432,2.817,inf,2,0,0
gen_00207,7,-7.630,2.813,4.517,inf,2,0,0
gen_00208,1,-7.781,2.786,4.425,3.072,2,1,1
gen_00208,2,-7.710,2.784,4.470,3.042,2,1,1
gen_00209,1,-6.829,2.639,4.331,inf,2,0,0
gen_00209,2,-6.818,2.627,4.337,inf,2,0,0
gen_00210,1,-7.202,2.211,2.668,inf,2,0,0
gen_00210,2,-7.111,2.311,2.573,inf,2,0,0
gen_00211,1,-6.433,2.736,3.978,inf,2,0,0
gen_00211,2,-6.408,2.764,3.900,inf,2,0,0
gen_00212,1,-6.975,10.972,11.159,inf,2,0,0
gen_00213,1,-6.692,2.399,2.543,3.028,2,1,1
gen_00213,2,-6.686,2.706,4.422,3.130,2,1,1
gen_00213,3,-6.679,2.389,2.506,3.027,2,1,1
gen_00213,4,-6.660,2.718,4.489,3.193,2,1,1
gen_00214,1,-7.661,2.675,3.935,inf,4,0,0
gen_00214,2,-7.621,2.684,3.879,inf,4,0,0
gen_00214,3,-7.613,2.672,3.838,inf,4,0,0
gen_00214,4,-7.565,2.747,3.951,inf,4,0,0
gen_00214,5,-7.564,2.717,3.914,inf,4,0,0
gen_00214,6,-7.561,2.675,4.208,inf,4,0,0
gen_00214,7,-7.474,2.461,4.154,inf,4,0,0
gen_00215,1,-8.988,2.776,4.400,inf,2,0,0
gen_00215,2,-8.752,2.760,4.218,inf,2,0,0
gen_00215,3,-8.392,2.858,4.489,inf,2,0,0
gen_00216,1,-6.731,2.692,4.435,inf,2,0,0
gen_00216,2,-6.723,2.658,4.395,inf,2,0,0
gen_00216,3,-6.704,2.694,4.418,inf,2,0,0
gen_00216,4,-6.703,2.286,4.438,inf,2,0,0
gen_00216,5,-6.614,2.746,4.368,inf,2,0,0
gen_00217,1,-7.119,2.789,4.486,inf,2,0,0
gen_00217,2,-7.119,2.766,4.524,inf,2,0,0
gen_00217,3,-6.980,2.682,4.486,inf,2,0,0
gen_00217,4,-6.951,2.711,4.454,inf,2,0,0
gen_00217,5,-6.929,2.717,4.441,inf,2,0,0
gen_00217,6,-6.900,2.754,4.445,inf,2,0,0
gen_00218,1,-7.431,2.811,3.969,inf,2,0,0
gen_00218,2,-7.409,3.205,4.096,inf,2,0,0
gen_00219,1,-8.162,2.656,3.999,inf,4,0,0
gen_00219,2,-8.138,2.718,3.793,inf,4,0,0
gen_00219,3,-8.134,2.693,4.047,inf,4,0,0
gen_00219,4,-8.130,2.614,4.043,inf,4,0,0
gen_00219,5,-8.115,2.791,3.932,inf,4,0,0
gen_00219,6,-8.064,2.577,4.261,inf,4,0,0
gen_00219,7,-8.030,2.852,4.373,inf,4,0,0
gen_00219,8,-8.014,2.468,4.330,inf,4,0,0
gen_00219,9,-7.997,2.608,4.285,inf,4,0,0
gen_00219,10,-7.925,2.742,3.839,inf,4,0,0
gen_00219,11,-7.917,2.857,4.343,inf,4,0,0
gen_00219,12,-7.899,2.859,4.370,inf,4,0,0
gen_00220,1,-8.073,3.021,4.586,inf,2,0,0
gen_00220,2,-8.050,3.007,4.586,inf,2,0,0
gen_00220,3,-8.028,2.892,4.548,inf,2,0,0
gen_00220,4,-7.986,2.858,4.525,inf,2,0,0
gen_00221,1,-7.261,2.701,4.448,7.812,2,1,0
gen_00221,2,-7.238,2.675,4.423,8.055,2,1,0
gen_00221,3,-7.224,2.704,4.466,8.052,2,1,0
gen_00221,4,-7.215,2.658,4.368,8.205,2,1,0
gen_00221,5,-7.177,2.673,4.405,7.777,2,1,0
gen_00221,6,-7.150,2.754,4.401,8.255,2,1,0
gen_00221,7,-7.052,2.640,4.336,7.950,2,1,0
gen_00221,8,-7.020,2.737,4.461,7.982,2,1,0
gen_00222,1,-8.321,3.216,4.566,inf,2,0,0
gen_00222,2,-8.285,3.275,4.546,inf,2,0,0
gen_00222,3,-8.275,3.268,4.522,inf,2,0,0
gen_00222,4,-8.269,3.277,4.559,inf,2,0,0
gen_00222,5,-8.255,3.357,4.622,inf,2,0,0
gen_00222,6,-8.243,3.280,4.547,inf,2,0,0
gen_00222,7,-8.171,6.925,8.587,inf,2,0,0
gen_00222,8,-8.170,6.418,8.294,inf,2,0,0
gen_00222,9,-8.168,6.315,8.271,inf,2,0,0
gen_00222,10,-8.147,6.260,8.153,inf,2,0,0
gen_00222,11,-8.144,3.291,4.778,inf,2,0,0
gen_00222,12,-8.080,3.254,4.723,inf,2,0,0
gen_00223,1,-6.987,2.459,4.197,inf,2,0,0
gen_00223,2,-6.985,2.452,4.198,inf,2,0,0
gen_00224,1,-7.212,2.821,3.479,inf,2,0,0
gen_00224,2,-7.110,3.002,3.596,inf,2,0,0
gen_00224,3,-7.058,2.776,3.549,inf,2,0,0
gen_00224,4,-7.047,2.743,3.483,inf,2,0,0
gen_00224,5,-6.991,2.864,3.345,inf,2,0,0
gen_00224,6,-6.871,2.772,3.474,inf,2,0,0
gen_00224,7,-6.713,2.718,3.090,inf,2,0,0
gen_00224,8,-6.689,2.703,2.713,inf,2,0,0
gen_00224,9,-6.688,2.604,2.772,inf,2,0,0
gen_00224,10,-6.679,2.717,3.963,inf,2,0,0
gen_00224,11,-6.656,2.743,3.984,inf,2,0,0
gen_00224,12,-6.651,2.758,3.880,inf,2,0,0
gen_00225,1,-7.169,4.154,4.533,8.540,2,1,0
gen_00225,2,-7.143,4.002,4.469,8.514,2,1,0
gen_00225,3,-7.128,4.071,4.528,8.608,2,1,0
gen_00225,4,-7.124,4.035,4.542,8.540,2,1,0
gen_00225,5,-7.032,2.587,2.851,6.658,2,1,0
gen_00225,6,-7.006,2.327,2.878,6.507,2,1,0
gen_00226,1,-7.107,2.711,3.636,inf,2,0,0
gen_00227,1,-7.679,2.562,4.257,inf,2,0,0
gen_00227,2,-7.648,2.703,3.952,inf,2,0,0
gen_00227,3,-7.642,2.542,4.324,inf,2,0,0
gen_00227,4,-7.591,2.705,4.071,inf,2,0,0
gen_00227,5,-7.587,2.750,3.884,inf,2,0,0
gen_00227,6,-7.496,2.554,4.169,inf,2,0,0
gen_00228,1,-7.491,2.701,4.355,inf,2,0,0
gen_00228,2,-7.428,2.703,4.349,inf,2,0,0
gen_00228,3,-7.375,2.706,4.330,inf,2,0,0
gen_00229,1,-8.123,2.929,4.573,inf,2,0,0
gen_00229,2,-8.120,2.931,4.594,inf,2,0,0
gen_00230,1,-6.803,3.033,3.961,inf,2,0,0
gen_00231,1,-7.970,3.247,4.394,inf,2,0,0
gen_00231,2,-7.968,3.267,4.385,inf,2,0,0
gen_00231,3,-7.959,3.253,4.352,inf,2,0,0
gen_00231,4,-7.953,3.246,4.371,inf,2,0,0
gen_00231,5,-7.924,3.262,4.384,inf,2,0,0
gen_00231,6,-7.917,3.247,4.397,inf,2,0,0
gen_00231,7,-7.516,2.770,3.566,inf,2,0,0
gen_00232,1,-6.580,2.768,4.407,inf,2,0,0
gen_00232,2,-6.573,2.777,4.473,inf,2,0,0
gen_00232,3,-6.546,2.777,4.470,inf,2,0,0
gen_00233,1,-7.813,2.512,2.785,inf,2,0,0
gen_00233,2,-7.744,2.456,3.193,inf,2,0,0
gen_00234,1,-7.718,2.761,4.459,inf,2,0,0
gen_00235,1,-7.584,2.840,4.448,inf,2,0,0
gen_00236,1,-7.004,2.687,3.286,inf,4,0,0
gen_00236,2,-6.970,2.723,3.132,inf,4,0,0
gen_00236,3,-6.848,2.843,3.309,inf,4,0,0
gen_00236,4,-6.842,2.771,4.540,inf,4,0,0
gen_00237,1,-6.956,2.581,4.440,inf,2,0,0
gen_00237,2,-6.933,2.743,4.470,inf,2,0,0
gen_00237,3,-6.855,2.536,4.357,inf,2,0,0
gen_00237,4,-6.849,2.700,4.420,inf,2,0,0
gen_00238,1,-7.645,2.633,4.555,2.690,2,1,1
gen_00238,2,-7.641,4.012,4.370,2.705,2,1,0
gen_00238,3,-7.627,3.993,4.374,2.712,2,1,0
gen_00238,4,-7.608,2.483,4.459,2.710,2,1,1
gen_00238,5,-7.331,15.472,16.009,6.378,2,1,0
gen_00238,6,-7.320,15.560,15.981,6.335,2,1,0
gen_00239,1,-7.002,3.334,4.428,inf,2,0,0
gen_00239,2,-7.001,2.741,3.806,inf,2,0,0
gen_00239,3,-6.980,2.749,3.804,inf,2,0,0
gen_00240,1,-10.340,7.272,7.642,inf,2,0,0
gen_00240,2,-0.559,8.928,9.673,inf,2,0,0
gen_00241,1,-6.995,9.291,9.588,inf,2,0,0
gen_00241,2,-6.981,8.596,10.093,inf,2,0,0
gen_00241,3,-6.975,9.123,9.253,inf,2,0,0
gen_00241,4,-6.964,3.229,3.393,inf,2,0,0
gen_00241,5,-6.960,8.511,10.081,inf,2,0,0
gen_00241,6,-6.934,6.677,8.776,inf,2,0,0
gen_00241,7,-6.813,3.226,3.273,inf,2,0,0
gen_00242,1,-6.652,2.543,4.073,inf,2,0,0
gen_00242,2,-6.589,2.617,4.526,inf,2,0,0
gen_00243,1,-8.075,2.706,4.307,inf,2,0,0
gen_00243,2,-8.070,2.713,4.311,inf,2,0,0
gen_00243,3,-8.048,2.686,4.340,inf,2,0,0
gen_00243,4,-8.035,2.698,4.328,inf,2,0,0
gen_00243,5,-8.004,2.716,4.271,inf,2,0,0
gen_00243,6,-7.993,2.750,4.284,inf,2,0,0
gen_00244,1,-9.218,2.799,4.347,10.121,2,1,0
gen_00244,2,-9.199,2.788,4.334,10.146,2,1,0
gen_00244,3,-9.176,2.843,4.378,10.146,2,1,0
gen_00244,4,-8.663,2.778,4.402,6.831,2,1,0
gen_00244,5,-8.628,2.781,4.359,6.784,2,1,0
gen_00244,6,-8.613,2.780,4.243,6.850,2,1,0
gen_00245,1,-7.670,2.680,3.758,inf,2,0,0
gen_00245,2,-7.563,2.662,3.758,inf,2,0,0
gen_00246,1,-7.222,6.322,8.526,inf,2,0,0
gen_00246,2,-7.163,2.672,3.855,inf,2,0,0
gen_00247,1,-7.281,2.976,4.457,5.894,2,1,0
gen_00247,2,-7.271,2.755,4.356,5.765,2,1,0
gen_00247,3,-7.260,2.838,4.370,5.512,2,1,0
gen_00247,4,-7.127,2.220,3.306,2.906,2,1,1
gen_00247,5,-7.094,2.790,4.412,5.543,2,1,0
gen_00247,6,-6.958,2.232,3.262,3.000,2,1,1
gen_00248,1,-7.308,3.441,4.681,4.004,2,1,0
gen_00248,2,-7.271,3.528,4.614,4.018,2,1,0
gen_00248,3,-7.233,3.168,4.818,3.855,2,1,0
gen_00248,4,-7.134,2.803,4.527,5.501,2,1,0
gen_00248,5,-7.111,2.739,4.454,5.720,2,1,0
gen_00248,6,-7.070,2.729,4.494,5.650,2,1,0
gen_00248,7,-6.940,2.747,4.493,6.323,2,1,0
gen_00249,1,-7.745,2.544,2.743,inf,2,0,0
gen_00249,2,-7.726,2.362,2.734,inf,2,0,0
gen_00249,3,-7.726,2.458,2.741,inf,2,0,0
gen_00249,4,-7.615,2.421,2.731,inf,2,0,0
gen_00250,1,-7.181,2.769,4.400,inf,2,0,0
gen_00250,2,-7.179,2.773,4.439,inf,2,0,0
gen_00250,3,-7.154,2.779,4.409,inf,2,0,0
gen_00250,4,-7.113,2.483,2.807,inf,2,0,0
gen_00251,1,-6.985,2.822,4.459,inf,2,0,0
gen_00251,2,-6.981,2.846,4.484,inf,2,0,0
gen_00252,1,-7.190,2.464,4.397,6.650,2,1,0
gen_00252,2,-7.125,2.716,4.597,6.808,2,1,0
gen_00252,3,-7.121,2.699,4.534,6.675,2,1,0
gen_00252,4,-7.028,2.951,4.691,6.860,2,1,0
gen_00253,1,-7.990,2.707,3.774,inf,4,0,0
gen_00253,2,-7.980,2.738,3.827,inf,4,0,0
gen_00253,3,-7.960,2.724,3.723,inf,4,0,0
gen_00253,4,-7.947,2.763,3.630,inf,4,0,0
gen_00254,1,-8.135,2.695,4.424,3.527,2,1,0
gen_00254,2,-8.111,2.706,4.477,3.528,2,1,0
gen_00255,1,-7.686,2.832,4.291,6.659,2,1,0
gen_00255,2,-7.633,3.083,4.396,6.711,2,1,0
gen_00255,3,-7.520,2.753,3.860,6.860,2,1,0
gen_00256,1,-7.637,2.837,4.501,inf,2,0,0
gen_00256,2,-7.605,2.700,4.509,inf,2,0,0
gen_00256,3,-7.602,2.805,4.499,inf,2,0,0
gen_00256,4,-7.564,2.734,4.506,inf,2,0,0
gen_00257,1,-7.925,2.758,4.388,inf,4,0,0
gen_00257,2,-7.919,2.742,4.388,inf,4,0,0
gen_00257,3,-7.909,2.743,4.308,inf,4,0,0
gen_00257,4,-7.889,2.733,4.356,inf,4,0,0
gen_00258,1,-7.402,2.983,4.359,inf,2,0,0
gen_00259,1,-7.026,2.459,2.777,inf,2,0,0
gen_00259,2,-6.990,2.284,2.791,inf,2,0,0
gen_00259,3,-6.975,2.427,2.773,inf,2,0,0
gen_00259,4,-6.952,2.355,2.810,inf,2,0,0
gen_00259,5,-6.916,2.760,4.410,inf,2,0,0
gen_00260,1,-6.973,2.757,4.419,5.071,4,1,0
gen_00260,2,-6.970,2.724,4.305,4.953,4,1,0
gen_00261,1,-6.568,2.462,4.223,inf,2,0,0
gen_00261,2,-6.565,2.467,4.238,inf,2,0,0
gen_00262,1,-7.600,2.616,4.462,inf,2,0,0
gen_00263,1,-6.595,2.796,4.437,inf,2,0,0
gen_00263,2,-6.560,2.717,4.540,inf,2,0,0
gen_00263,3,-6.559,2.810,4.486,inf,2,0,0
gen_00263,4,-6.517,2.615,4.475,inf,2,0,0
gen_00263,5,-6.502,2.618,4.494,inf,2,0,0
gen_00264,1,-6.979,2.212,4.440,inf,2,0,0
gen_00264,2,-6.972,2.256,4.490,inf,2,0,0
gen_00264,3,-6.960,2.279,4.513,inf,2,0,0
gen_00264,4,-6.939,2.243,4.464,inf,2,0,0
gen_00264,5,-6.937,2.229,4.431,inf,2,0,0
gen_00264,6,-6.905,2.200,4.410,inf,2,0,0
gen_00264,7,-6.891,2.240,4.448,inf,2,0,0
gen_00264,8,-6.825,2.292,4.524,inf,2,0,0
gen_00264,9,-6.694,2.252,4.444,inf,2,0,0
gen_00264,10,-6.644,2.230,4.378,inf,2,0,0
gen_00264,11,-6.475,9.459,10.900,inf,2,0,0
gen_00265,1,-7.324,2.496,4.448,inf,2,0,0
gen_00265,2,-7.266,2.786,4.533,inf,2,0,0
gen_00265,3,-7.217,2.759,4.425,inf,2,0,0
gen_00265,4,-7.198,2.748,4.475,inf,2,0,0
gen_00266,1,-7.103,2.693,3.622,inf,2,0,0
gen_00266,2,-7.098,2.686,3.589,inf,2,0,0
gen_00267,1,-7.362,2.737,4.508,inf,4,0,0
gen_00267,2,-7.343,2.708,4.485,inf,4,0,0
gen_00267,3,-7.338,2.811,4.543,inf,4,0,0
gen_00267,4,-7.318,3.274,4.970,inf,4,0,0
gen_00268,1,-8.451,3.140,4.547,inf,2,0,0
gen_00268,2,-8.442,3.225,4.583,inf,2,0,0
gen_00268,3,-8.432,3.220,4.565,inf,2,0,0
gen_00268,4,-8.428,3.256,4.581,inf,2,0,0
gen_00268,5,-8.427,3.228,4.567,inf,2,0,0
gen_00268,6,-8.414,3.301,4.617,inf,2,0,0
gen_00268,7,-8.410,3.220,4.634,inf,2,0,0
gen_00268,8,-8.409,3.221,4.623,inf,2,0,0
gen_00268,9,-8.373,3.282,4.493,inf,2,0,0
gen_00269,1,-6.911,2.663,4.488,inf,2,0,0
gen_00269,2,-6.858,2.833,4.430,inf,2,0,0
gen_00269,3,-6.843,2.794,4.384,inf,2,0,0
gen_00270,1,-7.487,9.728,10.508,5.876,2,1,0
gen_00270,2,-7.418,9.711,10.496,5.869,2,1,0
gen_00271,1,-8.262,3.535,4.686,4.756,2,1,0
gen_00271,2,-8.239,3.878,4.447,4.062,2,1,0
gen_00271,3,-8.165,3.957,4.547,4.172,2,1,0
gen_00271,4,-8.142,3.949,4.546,4.125,2,1,0
gen_00271,5,-8.108,3.917,4.489,4.198,2,1,0
gen_00271,6,-8.092,3.691,4.616,4.507,2,1,0
gen_00271,7,-7.832,2.819,4.469,3.975,2,1,0
gen_00271,8,-7.764,3.316,4.925,3.295,2,1,0
gen_00272,1,-7.895,2.970,3.785,3.112,2,1,1
gen_00272,2,-7.894,3.139,3.872,3.088,2,1,1
gen_00272,3,-7.789,3.345,4.251,3.409,2,1,0
gen_00272,4,-7.751,3.241,4.328,3.388,2,1,0
gen_00272,5,-7.702,3.140,3.615,3.328,2,1,1
gen_00272,6,-7.675,3.132,3.958,3.053,2,1,1
gen_00273,1,-7.082,2.662,4.505,inf,2,0,0
gen_00273,2,-6.976,2.705,4.425,inf,2,0,0
gen_00274,1,-7.751,2.703,4.237,inf,2,0,0
gen_00274,2,-7.746,2.697,4.275,inf,2,0,0
gen_00275,1,-83.680,9.826,10.371,inf,4,0,0
gen_00276,1,-6.923,2.808,4.522,9.415,2,1,0
gen_00276,2,-6.910,2.638,2.754,3.279,2,1,1
gen_00276,3,-6.868,2.808,4.503,9.553,2,1,0
gen_00276,4,-6.852,4.910,5.062,3.174,2,1,0
gen_00276,5,-6.833,2.313,3.950,3.742,2,1,0
gen_00276,6,-6.788,2.414,3.810,3.710,2,1,0
gen_00276,7,-6.774,2.641,2.679,3.715,2,1,0
gen_00277,1,-8.440,2.668,4.378,inf,4,0,0
gen_00277,2,-8.431,2.729,4.308,inf,4,0,0
gen_00277,3,-8.332,2.753,4.408,inf,4,0,0
gen_00277,4,-8.321,2.741,4.334,inf,4,0,0
gen_00277,5,-8.297,2.614,2.953,inf,4,0,0
gen_00277,6,-8.229,2.520,3.087,inf,4,0,0
gen_00277,7,-8.158,2.317,2.785,inf,4,0,0
gen_00277,8,-8.004,2.253,4.037,inf,4,0,0
gen_00277,9,-7.948,2.225,3.935,inf,4,0,0
gen_00278,1,-7.413,2.789,4.397,inf,2,0,0
gen_00278,2,-7.334,2.977,4.323,inf,2,0,0
gen_00278,3,-7.284,9.193,11.005,inf,2,0,0
gen_00278,4,-7.267,2.718,3.915,inf,2,0,0
gen_00278,5,-7.258,2.323,3.805,inf,2,0,0
gen_00278,6,-7.231,2.378,3.838,inf,2,0,0
gen_00278,7,-7.207,2.678,3.951,inf,2,0,0
gen_00278,8,-7.194,9.100,10.830,inf,2,0,0
gen_00278,9,-7.085,3.178,3.357,inf,2,0,0
gen_00279,1,-8.208,3.455,4.867,inf,2,0,0
gen_00279,2,-8.202,3.703,5.012,inf,2,0,0
gen_00279,3,-8.189,3.692,5.000,inf,2,0,0
gen_00279,4,-8.184,3.382,4.819,inf,2,0,0
gen_00279,5,-8.171,3.486,4.901,inf,2,0,0
gen_00279,6,-8.168,3.514,4.944,inf,2,0,0
gen_00279,7,-8.164,3.733,4.922,inf,2,0,0
gen_00279,8,-8.150,3.702,4.891,inf,2,0,0
gen_00280,1,-6.797,2.654,3.818,inf,2,0,0
gen_00280,2,-6.730,2.743,3.677,inf,2,0,0
gen_00281,1,-8.046,2.499,3.111,4.314,2,1,0
gen_00281,2,-8.043,2.515,3.108,4.312,2,1,0
gen_00281,3,-7.922,2.568,3.108,4.277,2,1,0
gen_00281,4,-7.887,2.559,2.848,4.280,2,1,0
gen_00282,1,-8.426,2.618,4.437,inf,2,0,0
gen_00282,2,-8.414,2.566,4.437,inf,2,0,0
gen_00283,1,-6.930,2.722,3.964,inf,2,0,0
gen_00283,2,-6.913,2.766,3.969,inf,2,0,0
gen_00284,1,-7.776,2.661,4.383,inf,2,0,0
gen_00284,2,-7.767,2.699,4.364,inf,2,0,0
gen_00284,3,-7.732,2.662,4.342,inf,2,0,0
gen_00284,4,-7.725,2.665,4.308,inf,2,0,0
gen_00284,5,-7.721,2.691,4.363,inf,2,0,0
gen_00284,6,-7.711,2.734,4.336,inf,2,0,0
gen_00285,1,-7.568,2.661,4.372,inf,2,0,0
gen_00285,2,-7.556,2.760,4.437,inf,2,0,0
gen_00286,1,-6.966,13.883,14.116,inf,2,0,0
gen_00286,2,-6.964,2.415,4.208,inf,2,0,0
gen_00286,3,-6.959,13.855,14.223,inf,2,0,0
gen_00286,4,-6.958,2.399,4.222,inf,2,0,0
gen_00286,5,-6.948,14.069,14.080,inf,2,0,0
gen_00286,6,-6.922,2.488,3.960,inf,2,0,0
gen_00286,7,-6.915,2.348,4.247,inf,2,0,0
gen_00286,8,-6.898,2.539,4.025,inf,2,0,0
gen_00287,1,-7.552,12.882,14.251,inf,2,0,0
gen_00287,2,-7.549,12.892,14.109,inf,2,0,0
gen_00287,3,-7.479,12.851,14.202,inf,2,0,0
gen_00287,4,-7.378,2.667,4.344,inf,2,0,0
gen_00287,5,-7.354,2.700,4.313,inf,2,0,0
gen_00287,6,-7.340,2.693,4.327,inf,2,0,0
gen_00288,1,-8.220,2.203,4.388,inf,4,0,0
gen_00288,2,-8.211,2.261,4.455,inf,4,0,0
gen_00288,3,-8.192,2.329,4.352,inf,4,0,0
gen_00288,4,-8.152,2.267,4.413,inf,4,0,0
gen_00288,5,-8.146,2.270,4.423,inf,4,0,0
gen_00289,1,-7.726,6.228,6.385,inf,2,0,0
gen_00289,2,-7.714,6.265,6.370,inf,2,0,0
gen_00289,3,-7.708,6.233,6.268,inf,2,0,0
gen_00289,4,-7.705,6.268,6.395,inf,2,0,0
gen_00290,1,-6.683,7.044,7.066,inf,2,0,0
gen_00290,2,-6.606,6.976,7.172,inf,2,0,0
gen_00290,3,-6.572,2.796,4.452,inf,2,0,0
gen_00290,4,-6.542,6.432,7.127,inf,2,0,0
gen_00291,1,-8.059,2.728,3.722,inf,2,0,0
gen_00291,2,-8.046,2.730,3.598,inf,2,0,0
gen_00291,3,-8.004,2.711,3.495,inf,2,0,0
gen_00291,4,-7.998,3.036,4.284,inf,2,0,0
gen_00291,5,-7.998,3.118,4.320,inf,2,0,0
gen_00291,6,-7.924,2.963,4.293,inf,2,0,0
gen_00291,7,-7.867,2.845,4.408,inf,2,0,0
gen_00291,8,-7.852,2.828,4.426,inf,2,0,0
gen_00292,1,-7.670,2.712,4.435,7.665,2,1,0
gen_00292,2,-7.636,2.726,4.425,8.136,2,1,0
gen_00293,1,-8.439,2.465,3.021,inf,4,0,0
gen_00293,2,-8.417,2.492,3.086,inf,4,0,0
gen_00293,3,-8.412,2.512,2.940,inf,4,0,0
gen_00294,1,-7.070,3.396,4.446,inf,2,0,0
gen_00294,2,-7.068,2.832,4.506,inf,2,0,0
gen_00294,3,-6.975,3.393,4.470,inf,2,0,0
gen_00294,4,-6.929,2.760,4.545,inf,2,0,0
gen_00294,5,-6.904,2.776,4.490,inf,2,0,0
gen_00295,1,-7.270,2.858,4.407,inf,2,0,0
gen_00296,1,-6.881,2.693,3.748,inf,2,0,0
gen_00296,2,-6.793,2.714,3.957,inf,2,0,0
gen_00296,3,-6.590,14.619,15.583,inf,2,0,0
gen_00296,4,-6.545,14.678,15.454,inf,2,0,0
gen_00296,5,-6.537,14.704,15.613,inf,2,0,0
gen_00296,6,-6.413,14.646,15.010,inf,2,0,0
gen_00296,7,-6.361,14.822,15.232,inf,2,0,0
gen_00297,1,-7.781,2.742,4.430,inf,2,0,0
gen_00297,2,-7.745,2.739,4.467,inf,2,0,0
gen_00298,1,-8.099,2.556,3.737,inf,2,0,0
gen_00298,2,-8.069,3.232,4.026,inf,2,0,0
gen_00298,3,-8.056,3.357,3.910,inf,2,0,0
gen_00298,4,-7.989,3.293,4.091,inf,2,0,0
gen_00299,1,-7.309,2.640,4.333,6.038,2,1,0
gen_00299,2,-7.205,2.733,4.400,6.058,2,1,0
gen_00299,3,-7.182,2.633,4.243,6.195,2,1,0
gen_00299,4,-7.090,2.655,4.287,6.285,2,1,0
gen_00299,5,-7.062,14.717,15.275,8.213,2,1,0
gen_00299,6,-7.041,14.672,15.160,8.181,2,1,0
gen_00299,7,-7.037,14.818,15.184,8.240,2,1,0
gen_00300,1,-7.313,2.590,4.336,inf,2,0,0
gen_00300,2,-7.312,2.550,4.346,inf,2,0,0
gen_00300,3,-7.283,2.703,4.337,inf,2,0,0
gen_00300,4,-7.274,2.552,4.359,inf,2,0,0
gen_00300,5,-7.266,2.717,4.363,inf,2,0,0
gen_00300,6,-7.261,2.715,4.357,inf,2,0,0
gen_00300,7,-7.256,2.762,4.369,inf,2,0,0
gen_00300,8,-7.247,2.707,4.344,inf,2,0,0
gen_00300,9,-7.221,2.751,4.360,inf,2,0,0
gen_00301,1,-7.135,8.432,8.741,3.445,2,1,0
gen_00301,2,-7.132,8.450,8.890,3.425,2,1,0
gen_00301,3,-7.078,8.319,8.641,3.489,2,1,0
gen_00302,1,-7.273,2.818,4.533,inf,4,0,0
gen_00302,2,-7.244,2.811,4.488,inf,4,0,0
gen_00302,3,-7.214,2.830,4.516,inf,4,0,0
gen_00302,4,-7.207,2.770,4.475,inf,4,0,0
gen_00302,5,-7.195,2.815,4.527,inf,4,0,0
gen_00303,1,-8.248,2.711,2.764,inf,4,0,0
gen_00303,2,-8.243,2.702,2.757,inf,4,0,0
gen_00303,3,-8.238,2.731,2.761,inf,4,0,0
gen_00303,4,-8.187,2.573,3.079,inf,4,0,0
gen_00303,5,-8.186,2.640,3.128,inf,4,0,0
gen_00303,6,-8.174,2.596,3.078,inf,4,0,0
gen_00303,7,-8.140,2.639,3.078,inf,4,0,0
gen_00303,8,-8.117,2.697,2.922,inf,4,0,0
gen_00304,1,-7.577,2.810,4.373,6.618,2,1,0
gen_00304,2,-7.566,2.745,4.265,6.657,2,1,0
gen_00304,3,-7.431,2.986,4.639,3.685,2,1,0
gen_00304,4,-7.410,2.650,3.789,7.294,2,1,0
gen_00305,1,-7.482,2.780,4.471,inf,2,0,0
gen_00305,2,-7.481,2.753,4.473,inf,2,0,0
gen_00305,3,-7.476,2.771,4.493,inf,2,0,0
gen_00305,4,-7.459,2.754,4.410,inf,2,0,0
gen_00306,1,-48.432,13.495,14.606,inf,2,0,0
gen_00307,1,-7.374,2.754,3.915,inf,2,0,0
gen_00308,1,-8.065,2.767,4.431,inf,2,0,0
gen_00309,1,-7.069,2.570,2.688,inf,2,0,0
gen_00309,2,-7.046,2.586,2.736,inf,2,0,0
gen_00309,3,-6.931,2.601,2.631,inf,2,0,0
gen_00309,4,-6.875,2.792,4.550,inf,2,0,0
gen_00309,5,-6.843,2.731,4.457,inf,2,0,0
gen_00310,1,-7.733,2.712,4.402,inf,2,0,0
gen_00310,2,-7.716,2.727,4.414,inf,2,0,0
gen_00311,1,-8.335,2.629,4.468,inf,4,0,0
gen_00311,2,-8.289,2.665,4.473,inf,4,0,0
gen_00311,3,-8.260,2.559,4.433,inf,4,0,0
gen_00311,4,-8.259,2.831,4.540,inf,4,0,0
gen_00311,5,-8.227,2.679,4.427,inf,4,0,0
gen_00312,1,-7.546,14.810,14.843,inf,2,0,0
gen_00312,2,-7.479,2.433,2.727,inf,2,0,0
gen_00312,3,-7.476,2.376,2.664,inf,2,0,0
gen_00312,4,-7.451,2.374,2.765,inf,2,0,0
gen_00312,5,-7.430,2.405,2.764,inf,2,0,0
gen_00312,6,-7.398,2.411,2.788,inf,2,0,0
gen_00313,1,-7.949,2.316,2.690,inf,2,0,0
gen_00313,2,-7.940,2.317,2.761,inf,2,0,0
gen_00314,1,-7.513,2.654,4.449,inf,2,0,0
gen_00314,2,-7.504,2.680,4.470,inf,2,0,0
gen_00314,3,-7.494,2.727,4.462,inf,2,0,0
gen_00314,4,-7.492,2.695,4.460,inf,2,0,0
gen_00315,1,-8.054,2.846,4.534,inf,2,0,0
gen_00315,2,-8.036,2.852,4.551,inf,2,0,0
gen_00315,3,-7.958,2.819,4.481,inf,2,0,0
gen_00315,4,-7.672,13.067,15.130,inf,2,0,0
gen_00316,1,-6.950,2.722,4.348,inf,2,0,0
gen_00317,1,-6.911,3.882,4.492,inf,4,0,0
gen_00317,2,-6.874,3.885,4.378,inf,4,0,0
gen_00318,1,-7.450,6.983,9.207,inf,2,0,0
gen_00318,2,-7.443,6.729,8.724,inf,2,0,0
gen_00319,1,-7.376,2.945,4.286,inf,2,0,0
gen_00319,2,-7.152,4.078,4.484,inf,2,0,0
gen_00319,3,-7.101,8.698,9.143,inf,2,0,0
gen_00320,1,-7.936,3.006,4.564,inf,2,0,0
gen_00320,2,-7.847,2.666,4.380,inf,2,0,0
gen_00320,3,-7.757,3.017,4.522,inf,2,0,0
gen_00320,4,-7.647,2.647,3.843,inf,2,0,0
gen_00320,5,-7.645,2.545,4.001,inf,2,0,0
gen_00320,6,-7.587,3.002,4.654,inf,2,0,0
gen_00320,7,-7.547,2.421,4.234,inf,2,0,0
gen_00321,1,-7.525,2.752,4.266,inf,2,0,0
gen_00321,2,-7.492,2.702,4.298,inf,2,0,0
gen_00321,3,-7.477,2.608,4.455,inf,2,0,0
gen_00321,4,-7.460,2.816,4.414,inf,2,0,0
gen_00322,1,-7.743,9.466,9.863,inf,2,0,0
gen_00323,1,-8.106,2.794,3.910,inf,2,0,0
gen_00323,2,-8.080,2.797,3.792,inf,2,0,0
gen_00323,3,-8.071,2.823,3.854,inf,2,0,0
gen_00323,4,-8.048,2.777,3.973,inf,2,0,0
gen_00323,5,-8.036,2.797,3.787,inf,2,0,0
gen_00323,6,-7.618,2.663,2.776,inf,2,0,0
gen_00323,7,-7.305,2.759,4.308,inf,2,0,0
gen_00324,1,-6.985,2.441,2.497,inf,4,0,0
gen_00324,2,-6.982,2.460,2.475,inf,4,0,0
gen_00324,3,-6.963,2.346,2.491,inf,4,0,0
gen_00324,4,-6.951,2.342,2.536,inf,4,0,0
gen_00324,5,-6.905,2.305,2.550,inf,4,0,0
gen_00324,6,-6.896,2.316,2.512,inf,4,0,0
gen_00325,1,-7.065,3.568,4.093,inf,4,0,0
gen_00325,2,-7.057,3.607,4.097,inf,4,0,0
gen_00326,1,-6.568,2.767,3.961,inf,2,0,0
gen_00326,2,-6.517,2.817,4.532,inf,2,0,0
gen_00326,3,-6.499,2.732,3.953,inf,2,0,0
gen_00326,4,-6.486,2.719,3.898,inf,2,0,0
gen_00326,5,-6.470,2.408,3.394,inf,2,0,0
gen_00326,6,-6.421,2.664,3.955,inf,2,0,0
gen_00327,1,-7.468,2.727,4.492,inf,2,0,0
gen_00327,2,-7.465,2.707,4.507,inf,2,0,0
gen_00328,1,-7.667,2.717,4.451,inf,2,0,0
gen_00329,1,-8.243,2.420,4.448,inf,2,0,0
gen_00329,2,-8.025,2.200,4.359,inf,2,0,0
gen_00329,3,-8.005,2.499,4.499,inf,2,0,0
gen_00329,4,-7.460,2.731,4.381,inf,2,0,0
gen_00330,1,-8.471,2.824,4.324,inf,2,0,0
gen_00330,2,-8.462,2.816,4.310,inf,2,0,0
gen_00330,3,-8.369,2.819,4.281,inf,2,0,0
gen_00331,1,-7.565,2.812,4.393,inf,2,0,0
gen_00331,2,-7.542,2.837,4.363,inf,2,0,0
gen_00332,1,-9.111,2.804,4.479,3.030,2,1,1
gen_00332,2,-9.046,2.819,4.499,3.020,2,1,1
gen_00332,3,-9.027,2.793,4.365,2.980,2,1,1
gen_00332,4,-8.980,2.828,4.519,3.015,2,1,1
gen_00332,5,-8.967,2.764,4.340,3.155,2,1,1
gen_00332,6,-8.966,2.973,4.234,3.022,2,1,1
gen_00332,7,-8.941,2.801,4.364,3.274,2,1,1
gen_00332,8,-8.909,2.954,4.306,2.988,2,1,1
gen_00332,9,-8.757,2.611,2.851,4.384,2,1,0
gen_00333,1,-7.015,2.349,2.594,inf,2,0,0
gen_00333,2,-7.012,2.404,2.568,inf,2,0,0
gen_00334,1,-7.984,2.699,4.317,inf,2,0,0
gen_00334,2,-7.978,2.639,4.176,inf,2,0,0
gen_00334,3,-7.965,2.664,4.275,inf,2,0,0
gen_00335,1,-7.366,2.827,4.394,inf,2,0,0
gen_00336,1,-8.488,2.742,4.358,8.778,2,1,0
gen_00336,2,-8.461,13.013,13.035,5.007,2,1,0
gen_00336,3,-8.454,2.742,4.369,8.806,2,1,0
gen_00336,4,-8.434,2.753,4.347,8.767,2,1,0
gen_00336,5,-8.413,13.177,13.207,4.990,2,1,0
gen_00337,1,-7.212,2.773,4.419,9.109,2,1,0
gen_00337,2,-7.212,2.828,4.465,9.095,2,1,0
gen_00337,3,-7.070,2.723,4.269,10.476,2,1,0
gen_00337,4,-7.068,2.751,4.256,10.471,2,1,0
gen_00338,1,-7.123,9.678,11.511,inf,2,0,0
gen_00338,2,-7.113,9.867,11.678,inf,2,0,0
gen_00338,3,-7.062,9.690,11.098,inf,2,0,0
gen_00338,4,-6.725,9.004,10.170,inf,2,0,0
gen_00339,1,-7.887,2.208,2.787,5.840,2,1,0
gen_00339,2,-7.793,2.280,2.793,5.871,2,1,0
gen_00339,3,-7.786,2.214,2.820,5.837,2,1,0
gen_00339,4,-7.760,2.303,2.756,5.986,2,1,0
gen_00339,5,-7.744,2.536,2.750,5.881,2,1,0
gen_00339,6,-7.710,2.306,2.766,5.927,2,1,0
gen_00339,7,-7.680,2.730,2.887,5.895,2,1,0
gen_00340,1,-7.604,2.725,4.369,3.796,2,1,0
gen_00340,2,-7.575,2.730,4.374,3.784,2,1,0
gen_00340,3,-7.485,2.770,4.447,4.015,2,1,0
gen_00341,1,-8.338,3.009,4.715,inf,2,0,0
gen_00341,2,-8.309,3.166,4.701,inf,2,0,0
gen_00341,3,-8.298,2.557,4.656,inf,2,0,0
gen_00341,4,-8.287,2.982,4.782,inf,2,0,0
gen_00341,5,-8.271,3.169,4.650,inf,2,0,0
gen_00341,6,-8.269,3.043,4.794,inf,2,0,0
gen_00341,7,-8.256,9.571,10.640,inf,2,0,0
gen_00341,8,-8.252,3.188,4.908,inf,2,0,0
gen_00341,9,-8.246,3.617,4.568,inf,2,0,0
gen_00341,10,-8.237,3.210,4.728,inf,2,0,0
gen_00341,11,-8.233,2.587,4.671,inf,2,0,0
gen_00341,12,-8.222,9.319,10.644,inf,2,0,0
gen_00342,1,-7.726,2.803,4.462,inf,4,0,0
gen_00342,2,-7.722,2.759,4.476,inf,4,0,0
gen_00342,3,-7.641,2.790,4.326,inf,4,0,0
gen_00342,4,-7.627,2.803,4.329,inf,4,0,0
gen_00342,5,-7.626,2.643,4.348,inf,4,0,0
gen_00343,1,-6.891,2.732,4.461,inf,2,0,0
gen_00343,2,-6.884,2.739,4.433,inf,2,0,0
gen_00343,3,-6.778,2.609,2.911,inf,2,0,0
gen_00344,1,-8.260,3.175,4.695,3.897,2,1,0
gen_00344,2,-8.226,3.322,4.859,3.958,2,1,0
gen_00344,3,-8.216,3.320,4.809,3.901,2,1,0
gen_00344,4,-8.178,2.864,4.566,4.181,2,1,0
gen_00344,5,-8.176,2.893,4.612,4.168,2,1,0
gen_00344,6,-8.136,2.824,4.561,3.805,2,1,0
gen_00344,7,-8.112,2.927,4.613,3.798,2,1,0
gen_00344,8,-8.102,2.859,4.598,3.779,2,1,0
gen_00344,9,-8.087,14.861,15.809,6.851,2,1,0
gen_00344,10,-8.078,14.857,15.925,6.890,2,1,0
gen_00345,1,-6.932,2.380,2.861,inf,2,0,0
gen_00346,1,-7.734,2.536,2.706,inf,2,0,0
gen_00346,2,-7.726,2.514,2.730,inf,2,0,0
gen_00346,3,-7.698,2.538,2.759,inf,2,0,0
gen_00346,4,-7.676,2.538,2.717,inf,2,0,0
gen_00346,5,-7.638,2.686,2.705,inf,2,0,0
gen_00346,6,-7.620,2.525,2.715,inf,2,0,0
gen_00346,7,-7.608,2.655,2.765,inf,2,0,0
gen_00346,8,-7.593,2.534,2.740,inf,2,0,0
gen_00347,1,-7.697,3.873,4.317,inf,2,0,0
gen_00347,2,-7.671,3.891,4.401,inf,2,0,0
gen_00347,3,-7.669,3.614,4.250,inf,2,0,0
gen_00347,4,-7.657,3.941,4.376,inf,2,0,0
gen_00347,5,-7.648,3.591,4.257,inf,2,0,0
gen_00347,6,-7.647,3.942,4.385,inf,2,0,0
gen_00348,1,-7.040,2.730,3.789,inf,2,0,0
gen_00348,2,-7.037,2.722,3.824,inf,2,0,0
gen_00348,3,-7.000,2.475,2.666,inf,2,0,0
gen_00349,1,-7.671,4.780,4.930,inf,2,0,0
gen_00349,2,-7.658,4.809,4.966,inf,2,0,0
gen_00349,3,-7.524,4.545,5.005,inf,2,0,0
gen_00350,1,-7.354,2.729,4.457,inf,2,0,0
gen_00350,2,-7.215,2.697,4.464,inf,2,0,0
gen_00350,3,-7.184,2.733,4.477,inf,2,0,0
gen_00350,4,-7.153,2.591,2.789,inf,2,0,0
gen_00350,5,-7.138,2.702,4.412,inf,2,0,0
gen_00350,6,-7.107,2.721,4.457,inf,2,0,0
gen_00350,7,-7.104,2.690,4.287,inf,2,0,0
gen_00350,8,-7.104,2.697,4.450,inf,2,0,0
gen_00350,9,-7.081,2.594,2.694,inf,2,0,0
gen_00350,10,-7.058,2.696,3.902,inf,2,0,0
gen_00350,11,-7.043,2.756,4.121,inf,2,0,0
gen_00351,1,-7.745,2.735,4.444,inf,2,0,0
gen_00351,2,-7.740,2.771,4.451,inf,2,0,0
gen_00351,3,-7.712,2.727,4.550,inf,2,0,0
gen_00351,4,-7.684,2.756,4.474,inf,2,0,0
gen_00351,5,-7.676,2.738,4.422,inf,2,0,0
gen_00351,6,-7.671,2.775,4.408,inf,2,0,0
gen_00351,7,-7.669,2.757,4.429,inf,2,0,0
gen_00351,8,-7.564,2.712,4.429,inf,2,0,0
gen_00352,1,-7.773,8.307,10.411,8.148,2,2,0
gen_00352,2,-7.300,2.606,2.798,2.742,2,2,1
gen_00352,3,-7.283,8.408,10.546,6.499,2,2,0
gen_00352,4,-7.088,2.707,2.745,2.747,2,2,1
gen_00353,1,-7.143,2.802,4.391,4.508,2,1,0
gen_00353,2,-7.142,2.755,4.310,4.697,2,1,0
gen_00353,3,-7.138,2.791,4.330,4.539,2,1,0
gen_00353,4,-7.130,2.768,4.373,4.590,2,1,0
gen_00353,5,-7.116,2.766,4.289,4.672,2,1,0
gen_00353,6,-7.082,2.818,4.368,4.441,2,1,0
gen_00353,7,-7.063,3.103,4.401,4.261,2,1,0
gen_00354,1,-6.834,2.354,4.434,inf,2,0,0
gen_00354,2,-6.828,2.308,4.405,inf,2,0,0
gen_00355,1,-7.709,2.709,4.412,inf,2,0,0
gen_00355,2,-7.582,2.802,4.316,inf,2,0,0
gen_00356,1,-8.433,2.597,4.432,inf,2,0,0
gen_00356,2,-8.430,2.587,4.388,inf,2,0,0
gen_00356,3,-8.400,2.594,4.416,inf,2,0,0
gen_00357,1,-7.207,2.448,2.568,8.340,2,1,0
gen_00357,2,-7.189,2.375,3.748,8.442,2,1,0
gen_00357,3,-7.179,2.425,2.544,8.279,2,1,0
gen_00357,4,-7.139,2.373,3.485,8.385,2,1,0
gen_00357,5,-7.028,2.598,2.690,3.159,2,1,1
gen_00358,1,-6.226,9.771,9.972,inf,2,0,0
gen_00358,2,-6.219,9.783,10.007,inf,2,0,0
gen_00358,3,-6.209,2.605,2.683,inf,2,0,0
gen_00358,4,-6.134,9.783,10.059,inf,2,0,0
gen_00358,5,-6.120,2.844,4.288,inf,2,0,0
gen_00359,1,-7.515,2.751,4.342,inf,4,0,0
gen_00359,2,-7.418,2.712,4.398,inf,4,0,0
gen_00359,3,-7.418,2.736,4.371,inf,4,0,0
gen_00360,1,-7.585,8.745,9.079,inf,2,0,0
gen_00360,2,-7.503,8.444,9.421,inf,2,0,0
gen_00360,3,-7.383,8.172,9.029,inf,2,0,0
gen_00360,4,-7.375,8.319,8.992,inf,2,0,0
gen_00360,5,-7.228,8.345,9.338,inf,2,0,0
gen_00361,1,-7.478,2.695,4.392,inf,2,0,0
gen_00361,2,-7.444,2.721,4.402,inf,2,0,0
gen_00362,1,-7.883,2.629,2.700,inf,2,0,0
gen_00362,2,-7.859,2.628,2.682,inf,2,0,0
gen_00362,3,-7.717,3.076,3.735,inf,2,0,0
gen_00362,4,-7.675,3.146,3.782,inf,2,0,0
gen_00363,1,-7.366,2.812,4.351,inf,2,0,0
gen_00363,2,-7.333,2.799,4.325,inf,2,0,0
gen_00364,1,-6.836,2.541,4.721,inf,2,0,0
gen_00365,1,-8.229,2.716,4.411,3.553,2,1,0
gen_00365,2,-8.216,2.705,4.425,3.537,2,1,0
gen_00365,3,-8.185,2.711,4.442,3.317,2,1,1
gen_00366,1,-7.232,2.764,4.410,inf,2,0,0
gen_00366,2,-7.177,2.746,4.384,inf,2,0,0
gen_00366,3,-7.117,2.772,4.518,inf,2,0,0
gen_00367,1,-6.735,10.300,10.556,inf,2,0,0
gen_00367,2,-6.676,10.327,10.364,inf,2,0,0
gen_00367,3,-6.672,10.242,10.352,inf,2,0,0
gen_00367,4,-6.667,3.445,4.519,inf,2,0,0
gen_00367,5,-6.662,3.408,4.571,inf,2,0,0
gen_00367,6,-6.653,10.257,10.538,inf,2,0,0
gen_00367,7,-6.617,9.988,10.645,inf,2,0,0
gen_00367,8,-6.605,10.120,10.299,inf,2,0,0
gen_00367,9,-6.451,13.470,14.363,inf,2,0,0
gen_00368,1,-6.649,2.701,4.453,inf,2,0,0
gen_00368,2,-6.605,2.727,4.399,inf,2,0,0
gen_00369,1,-7.006,3.149,4.628,inf,4,0,0
gen_00369,2,-7.001,3.078,4.602,inf,4,0,0
gen_00369,3,-6.947,2.802,4.482,inf,4,0,0
gen_00369,4,-6.901,3.130,4.631,inf,4,0,0
gen_00370,1,-7.777,2.307,4.431,2.851,2,2,1
gen_00370,2,-7.761,2.230,4.406,3.515,2,2,0
gen_00371,1,-7.633,12.094,12.574,4.697,2,2,0
gen_00371,2,-7.603,12.093,12.665,4.699,2,2,0
gen_00371,3,-7.593,12.154,12.493,4.641,2,2,0
gen_00371,4,-7.579,12.165,12.510,4.712,2,2,0
gen_00372,1,-8.104,2.402,2.706,3.938,2,1,0
gen_00372,2,-8.079,2.482,4.577,5.711,2,1,0
gen_00372,3,-8.072,2.489,4.567,5.871,2,1,0
gen_00372,4,-8.069,2.405,2.699,3.863,2,1,0
gen_00372,5,-8.051,2.537,4.634,5.849,2,1,0
gen_00373,1,-8.300,2.597,2.703,4.363,2,1,0
gen_00374,1,-7.512,15.553,15.555,inf,2,0,0
gen_00374,2,-7.511,15.394,15.672,inf,2,0,0
gen_00374,3,-7.502,15.339,15.693,inf,2,0,0
gen_00374,4,-7.502,15.368,15.700,inf,2,0,0
gen_00375,1,-6.455,2.353,2.767,inf,2,0,0
gen_00375,2,-6.434,2.362,2.750,inf,2,0,0
gen_00375,3,-6.373,2.818,4.333,inf,2,0,0
gen_00375,4,-6.317,2.832,4.330,inf,2,0,0
gen_00376,1,-6.897,2.701,4.504,inf,2,0,0
gen_00376,2,-6.892,2.689,4.094,inf,2,0,0
gen_00376,3,-6.846,2.729,4.099,inf,2,0,0
gen_00376,4,-6.716,2.772,4.061,inf,2,0,0
gen_00376,5,-6.709,2.322,4.325,inf,2,0,0
gen_00376,6,-6.704,2.700,4.424,inf,2,0,0
gen_00376,7,-6.686,2.283,4.323,inf,2,0,0
gen_00376,8,-6.638,2.216,4.206,inf,2,0,0
gen_00376,9,-6.533,13.266,13.317,inf,2,0,0
gen_00376,10,-6.526,4.860,5.114,inf,2,0,0
gen_00376,11,-6.521,2.284,4.324,inf,2,0,0
gen_00376,12,-6.486,4.245,5.712,inf,2,0,0
gen_00377,1,-8.150,2.809,4.472,inf,2,0,0
gen_00377,2,-8.119,2.702,4.364,inf,2,0,0
gen_00378,1,-6.749,2.872,4.379,3.035,2,1,1
gen_00378,2,-6.688,2.862,4.350,3.019,2,1,1
gen_00379,1,-7.278,2.640,4.327,inf,2,0,0
gen_00379,2,-7.233,2.624,4.279,inf,2,0,0
gen_00380,1,-8.332,2.651,4.387,inf,2,0,0
gen_00380,2,-8.207,2.804,4.257,inf,2,0,0
gen_00380,3,-8.170,2.806,4.258,inf,2,0,0
gen_00381,1,-7.200,3.213,4.659,inf,2,0,0
gen_00381,2,-7.160,3.246,4.623,inf,2,0,0
gen_00382,1,-107.010,6.689,7.655,inf,2,0,0
gen_00382,2,-104.966,16.998,17.807,inf,2,0,0
gen_00383,1,-7.320,2.777,4.410,inf,2,0,0
gen_00383,2,-7.305,2.766,4.367,inf,2,0,0
gen_00383,3,-7.213,2.697,4.388,inf,2,0,0
gen_00383,4,-7.202,2.732,4.365,inf,2,0,0
gen_00384,1,-7.653,2.527,4.373,inf,2,0,0
gen_00384,2,-7.606,2.744,4.534,inf,2,0,0
gen_00384,3,-7.557,2.770,4.266,inf,2,0,0
gen_00384,4,-7.549,2.747,4.562,inf,2,0,0
gen_00384,5,-7.474,2.723,4.384,inf,2,0,0
gen_00385,1,-7.622,2.696,4.379,inf,2,0,0
gen_00385,2,-7.615,2.712,4.290,inf,2,0,0
gen_00385,3,-7.545,2.827,4.279,inf,2,0,0
gen_00386,1,-7.428,2.473,2.952,8.033,2,1,0
gen_00386,2,-7.385,2.635,2.840,8.051,2,1,0
gen_00386,3,-7.351,2.646,2.778,8.053,2,1,0
gen_00387,1,-7.433,2.652,4.496,inf,4,0,0
gen_00387,2,-7.361,2.686,4.573,inf,4,0,0
gen_00388,1,-7.348,2.635,4.022,inf,2,0,0
gen_00388,2,-7.307,2.707,3.793,inf,2,0,0
gen_00389,1,-7.725,2.719,3.641,inf,2,0,0
gen_00389,2,-7.722,2.719,3.737,inf,2,0,0
gen_00390,1,-7.245,3.940,4.412,inf,4,0,0
gen_00390,2,-7.157,3.988,4.362,inf,4,0,0
gen_00391,1,-7.729,2.451,3.107,inf,2,0,0
gen_00391,2,-7.715,2.587,2.862,inf,2,0,0
gen_00392,1,-7.445,8.621,8.924,4.998,2,1,0
gen_00392,2,-7.435,8.572,8.847,5.014,2,1,0
gen_00392,3,-7.403,2.700,4.428,2.896,2,1,1
gen_00392,4,-7.392,2.712,4.303,2.950,2,1,1
gen_00392,5,-7.392,2.750,4.444,2.921,2,1,1
gen_00393,1,-7.965,9.192,9.845,4.018,2,1,0
gen_00393,2,-7.960,2.584,3.854,3.926,2,1,0
gen_00393,3,-7.888,2.439,4.259,4.013,2,1,0
gen_00393,4,-7.876,9.396,9.748,4.163,2,1,0
gen_00393,5,-7.770,8.680,8.967,3.290,2,1,0
gen_00393,6,-7.769,10.207,10.402,3.201,2,1,0
gen_00394,1,-6.585,3.757,5.286,inf,2,0,0
gen_00394,2,-6.526,3.829,5.283,inf,2,0,0
gen_00394,3,-6.505,2.352,2.825,inf,2,0,0
gen_00394,4,-6.465,2.382,2.796,inf,2,0,0
gen_00395,1,-7.904,13.712,13.756,5.485,2,1,0
gen_00395,2,-7.891,10.146,11.178,5.469,2,1,0
gen_00395,3,-7.879,2.783,3.000,6.257,2,1,0
gen_00395,4,-7.866,13.507,13.894,5.435,2,1,0
gen_00395,5,-7.823,2.810,3.937,5.909,2,1,0
gen_00395,6,-7.814,2.783,3.792,6.473,2,1,0
gen_00395,7,-7.773,2.805,3.708,6.609,2,1,0
gen_00395,8,-7.769,2.694,3.149,6.396,2,1,0
gen_00395,9,-7.724,2.756,3.145,6.299,2,1,0
gen_00396,1,-7.267,2.419,4.268,inf,2,0,0
gen_00396,2,-7.255,2.778,4.359,inf,2,0,0
gen_00396,3,-7.225,2.802,4.350,inf,2,0,0
gen_00397,1,-7.429,2.733,4.289,inf,2,0,0
gen_00397,2,-7.419,2.684,4.432,inf,2,0,0
gen_00397,3,-7.340,2.713,4.272,inf,2,0,0
gen_00398,1,-6.924,2.663,4.420,inf,2,0,0
gen_00398,2,-6.879,2.776,4.397,inf,2,0,0
gen_00398,3,-6.808,2.784,4.349,inf,2,0,0
gen_00398,4,-6.732,2.743,4.498,inf,2,0,0
gen_00398,5,-6.692,2.739,4.379,inf,2,0,0
gen_00398,6,-6.684,2.698,4.402,inf,2,0,0
gen_00399,1,-7.959,4.496,5.493,inf,2,0,0
gen_00400,1,-7.222,2.736,4.458,inf,2,0,0
gen_00400,2,-7.212,2.743,4.406,inf,2,0,0
gen_00400,3,-7.138,2.757,4.406,inf,2,0,0
gen_00400,4,-7.116,2.783,4.433,inf,2,0,0
gen_00400,5,-7.079,2.557,4.396,inf,2,0,0
gen_00401,1,-8.920,2.799,4.392,inf,2,0,0
gen_00401,2,-8.813,2.944,4.352,inf,2,0,0
gen_00402,1,-6.436,2.819,4.250,inf,2,0,0
gen_00403,1,-8.030,2.233,4.330,inf,2,0,0
gen_00404,1,-8.529,3.591,4.285,inf,2,0,0
gen_00404,2,-8.526,3.547,4.256,inf,2,0,0
gen_00404,3,-8.523,3.573,4.294,inf,2,0,0
gen_00404,4,-8.515,3.592,4.319,inf,2,0,0
gen_00404,5,-8.479,9.031,10.786,inf,2,0,0
gen_00405,1,-7.176,2.261,2.787,inf,2,0,0
gen_00405,2,-7.147,2.305,2.767,inf,2,0,0
gen_00405,3,-7.121,2.387,2.567,inf,2,0,0
gen_00406,1,-7.200,2.723,4.459,inf,4,0,0
gen_00406,2,-7.187,2.765,4.543,inf,4,0,0
gen_00406,3,-7.136,2.705,4.352,inf,4,0,0
gen_00406,4,-7.106,2.744,4.438,inf,4,0,0
gen_00407,1,-6.988,2.754,4.457,inf,2,0,0
gen_00407,2,-6.944,2.787,4.483,inf,2,0,0
gen_00408,1,-7.119,2.646,4.436,6.306,4,1,0
gen_00408,2,-7.103,2.716,4.518,6.361,4,1,0
gen_00408,3,-7.102,2.715,4.519,6.362,4,1,0
gen_00408,4,-7.079,2.805,3.734,6.787,4,1,0
gen_00408,5,-7.069,3.097,4.087,6.744,4,1,0
gen_00408,6,-7.064,3.212,4.014,6.760,4,1,0
gen_00408,7,-7.052,2.817,3.770,6.822,4,1,0
gen_00408,8,-6.992,3.282,4.104,6.774,4,1,0
gen_00409,1,-8.180,3.205,4.364,5.589,2,1,0
gen_00409,2,-8.173,3.227,4.344,5.611,2,1,0
gen_00410,1,-7.488,2.778,4.245,3.079,4,1,1
gen_00410,2,-7.488,2.833,4.297,3.095,4,1,1
gen_00410,3,-7.481,2.817,4.288,3.104,4,1,1
gen_00411,1,-6.656,2.624,4.255,inf,2,0,0
gen_00411,2,-6.527,2.728,4.354,inf,2,0,0
gen_00411,3,-6.525,2.728,4.344,inf,2,0,0
gen_00412,1,-7.115,2.821,4.478,inf,2,0,0
gen_00412,2,-7.064,2.728,4.368,inf,2,0,0
gen_00413,1,-8.089,2.834,4.385,inf,4,0,0
gen_00413,2,-8.082,2.824,4.398,inf,4,0,0
gen_00414,1,-7.931,2.649,4.223,inf,2,0,0
gen_00414,2,-7.891,2.779,4.342,inf,2,0,0
gen_00415,1,-6.762,2.700,3.832,inf,2,0,0
gen_00415,2,-6.753,2.478,4.142,inf,2,0,0
gen_00415,3,-6.750,2.607,4.106,inf,2,0,0
gen_00415,4,-6.744,2.517,4.171,inf,2,0,0
gen_00415,5,-6.741,2.614,4.181,inf,2,0,0
gen_00415,6,-6.710,2.730,3.898,inf,2,0,0
gen_00415,7,-6.700,2.205,3.608,inf,2,0,0
gen_00415,8,-6.673,2.752,3.864,inf,2,0,0
gen_00415,9,-6.668,2.298,3.212,inf,2,0,0
gen_00415,10,-6.631,2.262,3.465,inf,2,0,0
gen_00415,11,-6.620,2.734,3.859,inf,2,0,0
gen_00416,1,-7.760,3.077,4.331,inf,4,0,0
gen_00416,2,-7.755,3.104,4.371,inf,4,0,0
gen_00416,3,-7.745,2.868,4.432,inf,4,0,0
gen_00416,4,-7.721,3.079,4.339,inf,4,0,0
gen_00416,5,-7.696,3.091,4.457,inf,4,0,0
gen_00416,6,-7.646,3.009,4.515,inf,4,0,0
gen_00416,7,-7.641,3.435,4.283,inf,4,0,0
gen_00416,8,-7.603,2.841,4.447,inf,4,0,0
gen_00416,9,-7.558,3.002,4.391,inf,4,0,0
gen_00416,10,-7.518,2.829,4.402,inf,4,0,0
gen_00416,11,-7.515,3.167,4.430,inf,4,0,0
gen_00416,12,-7.447,2.938,4.351,inf,4,0,0
gen_00416,13,-7.404,2.672,2.721,inf,4,0,0
gen_00417,1,-7.647,2.811,4.331,inf,2,0,0
gen_00417,2,-7.607,2.808,4.400,inf,2,0,0
gen_00418,1,-8.971,2.586,2.637,inf,2,0,0
gen_00418,2,-8.823,2.552,2.636,inf,2,0,0
gen_00418,3,-8.522,2.276,4.457,inf,2,0,0
gen_00418,4,-8.506,2.273,4.453,inf,2,0,0
gen_00419,1,-55.729,12.328,14.228,inf,2,0,0
gen_00420,1,-6.898,2.587,4.438,inf,2,0,0
gen_00420,2,-6.892,2.586,4.503,inf,2,0,0
gen_00420,3,-6.832,2.559,4.486,inf,2,0,0
gen_00421,1,-8.003,2.777,4.433,inf,4,0,0
gen_00421,2,-7.993,2.792,4.447,inf,4,0,0
gen_00421,3,-7.889,2.793,4.446,inf,4,0,0
gen_00422,1,-8.619,2.723,4.454,7.041,2,1,0
gen_00422,2,-8.614,2.767,4.478,7.037,2,1,0
gen_00423,1,-7.289,2.761,4.476,inf,4,0,0
gen_00423,2,-7.273,2.783,4.482,inf,4,0,0
gen_00423,3,-7.263,2.776,4.483,inf,4,0,0
gen_00424,1,-7.384,2.341,2.831,inf,2,0,0
gen_00424,2,-7.346,2.657,4.402,inf,2,0,0
gen_00424,3,-7.342,2.595,4.353,inf,2,0,0
gen_00424,4,-7.334,2.729,4.419,inf,2,0,0
gen_00424,5,-7.330,2.698,4.474,inf,2,0,0
gen_00424,6,-7.319,2.649,4.411,inf,2,0,0
gen_00424,7,-7.302,2.689,4.339,inf,2,0,0
gen_00424,8,-7.242,2.746,4.381,inf,2,0,0
gen_00424,9,-7.217,10.505,10.571,inf,2,0,0
gen_00425,1,-6.606,2.795,4.267,inf,2,0,0
gen_00426,1,-6.913,2.774,4.243,inf,2,0,0
gen_00426,2,-6.907,2.765,4.233,inf,2,0,0
gen_00427,1,-7.417,12.550,13.921,inf,2,0,0
gen_00427,2,-7.394,2.578,3.717,inf,2,0,0
gen_00427,3,-7.383,12.615,13.849,inf,2,0,0
gen_00427,4,-7.358,2.581,3.705,inf,2,0,0
gen_00427,5,-7.351,2.630,3.414,inf,2,0,0
gen_00427,6,-7.346,2.599,4.348,inf,2,0,0
gen_00427,7,-7.339,12.549,13.849,inf,2,0,0
gen_00427,8,-7.323,2.530,4.268,inf,2,0,0
gen_00427,9,-7.319,2.631,4.405,inf,2,0,0
gen_00427,10,-7.310,2.582,3.507,inf,2,0,0
gen_00428,1,-7.321,3.619,5.059,inf,2,0,0
gen_00428,2,-7.278,3.603,5.016,inf,2,0,0
gen_00428,3,-7.217,3.611,5.099,inf,2,0,0
gen_00428,4,-7.173,3.526,4.915,inf,2,0,0
gen_00428,5,-7.167,3.539,5.150,inf,2,0,0
gen_00428,6,-7.143,8.753,9.888,inf,2,0,0
gen_00429,1,-7.794,2.559,4.404,inf,2,0,0
gen_00429,2,-7.787,2.587,4.327,inf,2,0,0
gen_00429,3,-7.720,2.706,4.465,inf,2,0,0
gen_00430,1,-7.788,2.671,4.375,6.355,2,1,0
gen_00430,2,-7.769,2.701,4.426,6.362,2,1,0
gen_00430,3,-7.736,2.759,4.412,6.248,2,1,0
gen_00430,4,-7.710,2.772,4.482,5.800,2,1,0
gen_00430,5,-7.696,2.784,4.465,6.492,2,1,0
gen_00430,6,-7.695,2.731,4.436,6.501,2,1,0
gen_00430,7,-7.694,2.777,4.467,6.503,2,1,0
gen_00430,8,-7.672,2.713,4.370,5.842,2,1,0
gen_00430,9,-7.652,2.720,4.351,5.645,2,1,0
gen_00430,10,-7.649,2.760,4.443,6.464,2,1,0
gen_00430,11,-7.642,2.730,4.455,5.975,2,1,0
gen_00430,12,-7.639,2.741,4.326,5.741,2,1,0
gen_00430,13,-7.578,2.710,4.355,6.306,2,1,0
gen_00431,1,-8.131,2.790,4.456,inf,2,0,0
gen_00431,2,-8.051,2.766,4.451,inf,2,0,0
gen_00432,1,-7.396,2.340,3.553,inf,2,0,0
gen_00432,2,-7.376,2.308,3.569,inf,2,0,0
gen_00432,3,-7.346,2.718,4.420,inf,2,0,0
gen_00432,4,-7.328,2.749,4.443,inf,2,0,0
gen_00432,5,-7.328,2.698,4.449,inf,2,0,0
gen_00433,1,-7.638,2.794,4.437,inf,2,0,0
gen_00433,2,-7.626,2.788,4.450,inf,2,0,0
gen_00433,3,-7.619,2.855,4.429,inf,2,0,0
gen_00433,4,-7.579,2.840,4.329,inf,2,0,0
gen_00433,5,-7.565,2.829,4.355,inf,2,0,0
gen_00433,6,-7.549,2.813,4.278,inf,2,0,0
gen_00433,7,-7.545,2.966,4.392,inf,2,0,0
gen_00433,8,-7.532,2.848,4.307,inf,2,0,0
gen_00434,1,-7.489,5.277,7.118,4.295,2,1,0
gen_00435,1,-7.552,2.717,3.895,inf,2,0,0
gen_00435,2,-7.539,2.690,4.007,inf,2,0,0
gen_00435,3,-7.521,2.775,4.298,inf,2,0,0
gen_00435,4,-7.505,2.778,4.296,inf,2,0,0
gen_00436,1,-7.850,2.786,4.527,inf,2,0,0
gen_00436,2,-7.846,2.833,4.543,inf,2,0,0
gen_00436,3,-7.829,2.731,4.356,inf,2,0,0
gen_00436,4,-7.821,2.746,4.345,inf,2,0,0
gen_00436,5,-7.763,2.758,4.416,inf,2,0,0
gen_00436,6,-7.760,2.731,4.369,inf,2,0,0
gen_00436,7,-7.760,2.754,4.352,inf,2,0,0
gen_00436,8,-7.715,2.760,4.238,inf,2,0,0
gen_00437,1,-7.932,2.715,4.432,inf,2,0,0
gen_00437,2,-7.867,2.783,4.498,inf,2,0,0
gen_00438,1,-7.851,2.221,4.322,inf,2,0,0
gen_00438,2,-7.836,2.197,4.263,inf,2,0,0
gen_00438,3,-7.829,2.297,4.331,inf,2,0,0
gen_00438,4,-7.821,2.244,4.287,inf,2,0,0
gen_00438,5,-7.809,2.204,4.242,inf,2,0,0
gen_00438,6,-7.806,2.344,4.368,inf,2,0,0
gen_00439,1,-8.198,2.243,4.310,inf,2,0,0
gen_00439,2,-8.195,2.242,4.302,inf,2,0,0
gen_00439,3,-8.156,2.254,4.280,inf,2,0,0
gen_00439,4,-8.113,2.209,4.351,inf,2,0,0
gen_00440,1,-6.960,2.749,4.344,inf,2,0,0
gen_00440,2,-6.913,2.751,4.278,inf,2,0,0
gen_00440,3,-6.831,2.619,4.055,inf,2,0,0
gen_00440,4,-6.830,2.307,4.323,inf,2,0,0
gen_00440,5,-6.804,4.365,4.723,inf,2,0,0
gen_00440,6,-6.790,2.241,4.328,inf,2,0,0
gen_00440,7,-6.734,2.761,3.974,inf,2,0,0
gen_00441,1,-6.691,2.381,4.207,inf,2,0,0
gen_00441,2,-6.599,3.342,4.530,inf,2,0,0
gen_00442,1,-8.026,2.780,4.021,inf,2,0,0
gen_00442,2,-8.018,2.746,4.071,inf,2,0,0
gen_00443,1,-7.979,2.460,4.558,inf,2,0,0
gen_00443,2,-7.974,2.384,4.510,inf,2,0,0
gen_00443,3,-7.188,16.331,16.980,inf,2,0,0
gen_00444,1,-8.300,4.018,4.400,inf,2,0,0
gen_00444,2,-8.285,4.014,4.351,inf,2,0,0
gen_00444,3,-8.284,3.992,4.428,inf,2,0,0
gen_00444,4,-8.205,3.978,4.306,inf,2,0,0
gen_00444,5,-8.198,3.969,4.364,inf,2,0,0
gen_00444,6,-8.129,4.417,4.486,inf,2,0,0
gen_00445,1,-7.656,3.306,4.531,6.145,2,1,0
gen_00445,2,-7.560,3.509,4.559,5.758,2,1,0
gen_00445,3,-7.481,3.161,4.455,6.326,2,1,0
gen_00445,4,-7.333,3.144,4.083,4.725,2,1,0
gen_00445,5,-7.331,4.560,4.979,5.814,2,1,0
gen_00445,6,-7.327,2.724,4.191,5.787,2,1,0
gen_00445,7,-7.277,2.543,4.419,3.421,2,1,1
gen_00445,8,-7.208,3.986,4.833,5.625,2,1,0
gen_00445,9,-7.155,2.777,4.473,5.330,2,1,0
gen_00446,1,-8.078,2.763,4.420,inf,2,0,0
gen_00446,2,-8.054,2.760,4.421,inf,2,0,0
gen_00446,3,-8.014,2.760,4.389,inf,2,0,0
gen_00446,4,-7.944,2.739,4.394,inf,2,0,0
gen_00447,1,-8.439,2.252,2.983,5.948,2,1,0
gen_00447,2,-8.247,2.178,3.235,5.995,2,1,0
gen_00447,3,-7.945,16.307,17.226,4.523,2,1,0
gen_00447,4,-7.939,16.354,17.246,4.494,2,1,0
gen_00447,5,-7.934,16.321,17.231,4.455,2,1,0
gen_00447,6,-7.927,16.319,17.235,4.495,2,1,0
gen_00448,1,-7.945,2.607,2.712,4.821,2,1,0
gen_00448,2,-7.843,2.595,3.418,4.646,2,1,0
gen_00448,3,-7.779,2.477,3.105,4.808,2,1,0
gen_00449,1,-7.124,2.800,4.342,inf,2,0,0
gen_00449,2,-7.060,2.796,4.273,inf,2,0,0
gen_00449,3,-6.789,8.056,8.795,inf,2,0,0
gen_00449,4,-6.785,2.733,4.452,inf,2,0,0
gen_00449,5,-6.777,8.099,8.817,inf,2,0,0
gen_00449,6,-6.727,8.214,8.748,inf,2,0,0
gen_00449,7,-6.723,2.717,4.478,inf,2,0,0
gen_00449,8,-6.685,2.795,4.471,inf,2,0,0
gen_00450,1,-8.655,3.512,4.884,4.071,2,1,0
gen_00450,2,-8.624,3.331,4.879,4.030,2,1,0
gen_00450,3,-8.550,3.737,4.929,4.220,2,1,0
gen_00451,1,-6.870,9.154,10.443,inf,2,0,0
gen_00451,2,-6.792,2.783,4.490,inf,2,0,0
gen_00451,3,-6.744,2.721,4.487,inf,2,0,0
gen_00451,4,-6.684,3.259,4.598,inf,2,0,0
gen_00451,5,-6.605,2.294,4.384,inf,2,0,0
gen_00452,1,-7.679,4.005,4.547,inf,2,0,0
gen_00452,2,-7.662,3.940,4.591,inf,2,0,0
gen_00452,3,-7.659,3.934,4.588,inf,2,0,0
gen_00452,4,-7.648,3.981,4.495,inf,2,0,0
gen_00452,5,-7.515,3.046,4.507,inf,2,0,0
gen_00453,1,-6.972,2.786,4.544,inf,2,0,0
gen_00453,2,-6.955,2.753,4.517,inf,2,0,0
gen_00453,3,-6.936,2.714,4.498,inf,2,0,0
gen_00453,4,-6.920,2.728,4.504,inf,2,0,0
gen_00453,5,-6.916,2.806,4.508,inf,2,0,0
gen_00454,1,-7.037,2.754,4.485,3.074,2,3,1
gen_00455,1,-7.517,2.543,4.319,inf,2,0,0
gen_00455,2,-7.506,2.601,4.273,inf,2,0,0
gen_00455,3,-7.281,2.722,4.454,inf,2,0,0
gen_00456,1,-7.502,2.718,4.411,inf,2,0,0
gen_00456,2,-7.443,2.752,4.471,inf,2,0,0
gen_00456,3,-7.426,2.614,4.473,inf,2,0,0
gen_00456,4,-7.419,2.606,4.403,inf,2,0,0
gen_00456,5,-7.364,2.687,4.552,inf,2,0,0
gen_00456,6,-7.360,2.691,4.572,inf,2,0,0
gen_00456,7,-7.354,2.693,4.377,inf,2,0,0
gen_00456,8,-7.291,2.518,2.803,inf,2,0,0
gen_00456,9,-7.253,2.830,4.450,inf,2,0,0
gen_00456,10,-7.226,2.515,3.075,inf,2,0,0
gen_00457,1,-7.905,10.141,10.247,7.638,2,1,0
gen_00457,2,-7.892,10.118,10.267,7.619,2,1,0
gen_00457,3,-7.842,10.035,10.312,7.742,2,1,0
gen_00457,4,-7.817,10.000,10.289,7.561,2,1,0
gen_00458,1,-7.928,2.268,4.406,6.717,4,1,0
gen_00458,2,-7.917,2.298,4.407,6.707,4,1,0
gen_00458,3,-7.910,2.208,4.319,6.666,4,1,0
gen_00458,4,-7.884,2.267,4.378,6.639,4,1,0
gen_00458,5,-7.867,2.252,4.387,6.859,4,1,0
gen_00458,6,-7.831,2.303,4.444,6.862,4,1,0
gen_00458,7,-7.594,2.741,3.845,4.595,4,1,0
gen_00459,1,-7.040,3.139,4.436,inf,2,0,0
gen_00459,2,-7.024,3.230,4.339,inf,2,0,0
gen_00460,1,-7.384,2.659,4.321,3.653,2,1,0
gen_00460,2,-7.341,2.652,4.320,3.679,2,1,0
gen_00460,3,-7.293,2.716,4.430,3.912,2,1,0
gen_00460,4,-7.286,2.704,4.389,3.745,2,1,0
gen_00460,5,-7.284,2.663,4.335,3.670,2,1,0
gen_00460,6,-7.251,2.821,4.468,3.323,2,1,1
gen_00460,7,-7.251,2.776,4.457,3.802,2,1,0
gen_00460,8,-7.190,2.694,4.334,3.716,2,1,0
gen_00461,1,-7.285,3.970,4.657,inf,2,0,0
gen_00461,2,-7.077,2.681,3.860,inf,2,0,0
gen_00462,1,-6.679,10.398,10.498,inf,2,0,0
gen_00462,2,-6.662,10.467,10.544,inf,2,0,0
gen_00463,1,-6.875,2.546,2.767,7.828,2,1,0
gen_00463,2,-6.847,12.317,12.526,8.322,2,1,0
gen_00463,3,-6.814,2.597,2.732,7.892,2,1,0
gen_00463,4,-6.753,2.494,2.676,8.288,2,1,0
gen_00463,5,-6.723,2.687,2.714,7.943,2,1,0
gen_00463,6,-6.719,2.577,2.778,6.496,2,1,0
gen_00464,1,-7.012,2.727,4.497,inf,2,0,0
gen_00464,2,-7.010,2.759,4.495,inf,2,0,0
gen_00464,3,-7.009,2.761,4.519,inf,2,0,0
gen_00464,4,-7.001,2.769,4.477,inf,2,0,0
gen_00464,5,-6.999,2.685,4.466,inf,2,0,0
gen_00464,6,-6.992,2.652,4.488,inf,2,0,0
gen_00464,7,-6.859,2.661,4.168,inf,2,0,0
gen_00465,1,-6.980,2.745,4.508,inf,2,0,0
gen_00465,2,-6.921,2.746,4.490,inf,2,0,0
gen_00465,3,-6.855,2.744,4.466,inf,2,0,0
gen_00466,1,-8.127,2.982,4.527,inf,2,0,0
gen_00466,2,-8.081,2.888,4.391,inf,2,0,0
gen_00466,3,-8.006,2.861,4.581,inf,2,0,0
gen_00466,4,-7.965,2.986,4.684,inf,2,0,0
gen_00467,1,-7.358,2.392,2.618,inf,2,0,0
gen_00467,2,-7.352,2.400,2.687,inf,2,0,0
gen_00468,1,-8.314,2.747,4.143,inf,2,0,0
gen_00469,1,-8.115,2.847,4.654,inf,2,0,0
gen_00469,2,-8.082,2.857,4.568,inf,2,0,0
gen_00469,3,-8.070,2.968,4.522,inf,2,0,0
gen_00469,4,-8.025,2.868,4.541,inf,2,0,0
gen_00469,5,-7.678,2.610,4.442,inf,2,0,0
gen_00469,6,-7.621,2.742,4.581,inf,2,0,0
gen_00470,1,-7.357,2.724,4.286,inf,2,0,0
gen_00470,2,-7.347,2.720,4.236,inf,2,0,0
gen_00470,3,-7.308,2.717,3.970,inf,2,0,0
gen_00470,4,-7.291,2.767,3.986,inf,2,0,0
gen_00470,5,-7.285,2.749,3.940,inf,2,0,0
gen_00470,6,-7.277,2.618,3.948,inf,2,0,0
gen_00471,1,-7.640,2.735,4.320,inf,2,0,0
gen_00471,2,-7.616,2.754,4.343,inf,2,0,0
gen_00472,1,-8.170,2.528,4.276,inf,2,0,0
gen_00472,2,-8.083,2.564,4.235,inf,2,0,0
gen_00472,3,-8.076,2.457,4.249,inf,2,0,0
gen_00472,4,-8.030,2.621,4.240,inf,2,0,0
gen_00473,1,-8.211,2.677,3.023,inf,2,0,0
gen_00473,2,-8.202,2.480,3.140,inf,2,0,0
gen_00473,3,-8.181,2.616,2.999,inf,2,0,0
gen_00473,4,-8.172,2.530,3.162,inf,2,0,0
gen_00474,1,-7.240,2.775,4.288,inf,2,0,0
gen_00474,2,-7.231,2.734,4.237,inf,2,0,0
gen_00475,1,-8.514,2.681,2.733,inf,2,0,0
gen_00475,2,-8.480,2.668,2.735,inf,2,0,0
gen_00476,1,-7.403,2.808,4.494,inf,2,0,0
gen_00476,2,-7.345,2.692,4.481,inf,2,0,0
gen_00476,3,-7.328,2.718,4.468,inf,2,0,0
gen_00476,4,-7.318,2.695,4.464,inf,2,0,0
gen_00476,5,-7.297,2.786,4.491,inf,2,0,0
gen_00477,1,-7.314,8.518,9.725,inf,2,0,0
gen_00477,2,-7.311,3.099,4.495,inf,2,0,0
gen_00477,3,-7.297,2.772,4.321,inf,2,0,0
gen_00477,4,-7.289,2.841,4.366,inf,2,0,0
gen_00477,5,-7.274,9.068,10.540,inf,2,0,0
gen_00477,6,-7.271,8.693,9.615,inf,2,0,0
gen_00477,7,-7.270,2.753,4.319,inf,2,0,0
gen_00477,8,-7.267,8.860,9.991,inf,2,0,0
gen_00478,1,-7.550,2.774,4.282,inf,2,0,0
gen_00478,2,-7.540,2.662,4.337,inf,2,0,0
gen_00478,3,-7.521,2.743,4.342,inf,2,0,0
gen_00478,4,-7.510,2.769,4.327,inf,2,0,0
gen_00478,5,-7.430,2.838,4.336,inf,2,0,0
gen_00479,1,-8.032,2.810,4.479,inf,2,0,0
gen_00479,2,-7.972,2.654,4.382,inf,2,0,0
gen_00479,3,-7.904,2.861,4.367,inf,2,0,0
gen_00479,4,-7.884,2.716,4.380,inf,2,0,0
gen_00480,1,-7.534,2.876,4.676,inf,2,0,0
gen_00480,2,-7.534,2.850,4.639,inf,2,0,0
gen_00480,3,-7.517,2.645,4.388,inf,2,0,0
gen_00481,1,-8.180,2.665,4.308,inf,4,0,0
gen_00481,2,-8.156,2.642,4.379,inf,4,0,0
gen_00481,3,-8.120,2.723,4.365,inf,4,0,0
gen_00481,4,-8.071,2.422,2.784,inf,4,0,0
gen_00481,5,-8.038,2.433,2.789,inf,4,0,0
gen_00481,6,-8.018,2.470,2.833,inf,4,0,0
gen_00481,7,-7.836,2.453,2.936,inf,4,0,0
gen_00482,1,-7.385,2.773,4.495,inf,2,0,0
gen_00482,2,-7.356,2.751,4.422,inf,2,0,0
gen_00482,3,-7.233,2.804,4.379,inf,2,0,0
gen_00482,4,-7.169,2.615,3.828,inf,2,0,0
gen_00482,5,-7.157,2.786,4.446,inf,2,0,0
gen_00482,6,-7.079,2.756,4.408,inf,2,0,0
gen_00482,7,-7.032,2.730,4.406,inf,2,0,0
gen_00483,1,-7.816,2.716,4.247,6.051,2,1,0
gen_00483,2,-7.791,2.694,4.270,6.019,2,1,0
gen_00484,1,-7.657,2.707,2.723,inf,2,0,0
gen_00484,2,-7.531,2.682,3.529,inf,2,0,0
gen_00484,3,-7.519,2.513,2.734,inf,2,0,0
gen_00484,4,-7.470,2.536,2.727,inf,2,0,0
gen_00485,1,-8.281,2.639,2.844,inf,4,0,0
gen_00485,2,-8.257,2.404,2.780,inf,4,0,0
gen_00485,3,-8.159,2.403,2.787,inf,4,0,0
gen_00485,4,-7.740,2.694,4.244,inf,4,0,0
gen_00486,1,-7.360,2.759,4.553,inf,2,0,0
gen_00486,2,-7.352,2.875,4.527,inf,2,0,0
gen_00486,3,-7.338,2.824,4.493,inf,2,0,0
gen_00486,4,-7.338,2.854,4.535,inf,2,0,0
gen_00486,5,-7.303,2.886,4.577,inf,2,0,0
gen_00486,6,-7.285,2.729,4.685,inf,2,0,0
gen_00486,7,-7.266,2.734,4.679,inf,2,0,0
gen_00486,8,-7.264,2.696,4.714,inf,2,0,0
gen_00486,9,-7.209,2.769,4.719,inf,2,0,0
gen_00487,1,-7.665,3.222,4.433,inf,2,0,0
gen_00487,2,-7.638,3.202,4.565,inf,2,0,0
gen_00487,3,-7.635,3.382,4.380,inf,2,0,0
gen_00487,4,-7.605,3.181,4.417,inf,2,0,0
gen_00487,5,-7.598,3.425,4.409,inf,2,0,0
gen_00487,6,-7.579,3.395,4.376,inf,2,0,0
gen_00487,7,-7.566,3.257,4.662,inf,2,0,0
gen_00488,1,-7.587,2.751,2.779,inf,4,0,0
gen_00488,2,-7.582,2.756,2.966,inf,4,0,0
gen_00488,3,-7.571,2.741,2.821,inf,4,0,0
gen_00488,4,-7.554,2.806,2.828,inf,4,0,0
gen_00488,5,-7.433,2.826,3.132,inf,4,0,0
gen_00488,6,-7.429,2.824,4.694,inf,4,0,0
gen_00488,7,-7.322,2.771,4.670,inf,4,0,0
gen_00488,8,-7.173,2.763,4.259,inf,4,0,0
gen_00489,1,-7.180,2.595,2.717,inf,4,0,0
gen_00489,2,-7.172,2.591,2.745,inf,4,0,0
gen_00489,3,-7.137,2.526,2.817,inf,4,0,0
gen_00489,4,-6.665,7.900,9.168,inf,4,0,0
gen_00490,1,-7.401,3.161,4.591,inf,2,0,0
gen_00490,2,-7.320,2.877,4.443,inf,2,0,0
gen_00490,3,-7.247,3.111,4.446,inf,2,0,0
gen_00490,4,-7.235,2.816,4.512,inf,2,0,0
gen_00490,5,-7.234,2.830,4.509,inf,2,0,0
gen_00491,1,-8.076,2.746,4.382,5.110,2,1,0
gen_00492,1,-7.568,2.620,3.054,inf,2,0,0
gen_00492,2,-7.511,2.588,3.069,inf,2,0,0
gen_00492,3,-7.456,2.779,4.458,inf,2,0,0
gen_00492,4,-7.435,2.805,3.184,inf,2,0,0
gen_00492,5,-7.412,2.722,4.608,inf,2,0,0
gen_00492,6,-7.406,2.746,4.564,inf,2,0,0
gen_00492,7,-7.391,2.799,4.483,inf,2,0,0
gen_00492,8,-7.368,2.758,4.560,inf,2,0,0
gen_00492,9,-7.344,2.814,4.601,inf,2,0,0
gen_00493,1,-7.494,2.751,4.499,6.233,2,1,0
gen_00493,2,-7.449,2.743,4.474,6.268,2,1,0
gen_00493,3,-7.421,2.691,4.454,6.274,2,1,0
gen_00493,4,-7.229,2.756,4.564,6.465,2,1,0
gen_00494,1,-7.108,3.584,4.584,inf,2,0,0
gen_00494,2,-7.092,3.605,4.453,inf,2,0,0
gen_00494,3,-7.089,3.638,4.325,inf,2,0,0
gen_00494,4,-7.075,3.611,4.299,inf,2,0,0
gen_00494,5,-7.074,3.652,4.311,inf,2,0,0
gen_00494,6,-7.071,3.500,4.687,inf,2,0,0
gen_00495,1,-7.594,13.140,14.107,inf,2,0,0
gen_00495,2,-7.499,2.716,3.843,inf,2,0,0
gen_00495,3,-7.491,2.753,4.274,inf,2,0,0
gen_00495,4,-7.477,2.785,4.437,inf,2,0,0
gen_00495,5,-7.473,2.722,3.862,inf,2,0,0
gen_00495,6,-7.444,2.735,3.910,inf,2,0,0
gen_00495,7,-7.418,2.687,4.478,inf,2,0,0
gen_00495,8,-7.365,2.749,3.689,inf,2,0,0
gen_00496,1,-7.707,3.585,4.534,inf,2,0,0
gen_00496,2,-7.697,3.671,4.552,inf,2,0,0
gen_00496,3,-7.692,2.775,4.581,inf,2,0,0
gen_00496,4,-7.683,3.336,4.572,inf,2,0,0
gen_00496,5,-7.676,3.354,4.733,inf,2,0,0
gen_00496,6,-7.661,3.100,4.741,inf,2,0,0
gen_00496,7,-7.613,3.564,4.633,inf,2,0,0
gen_00496,8,-7.587,2.784,4.523,inf,2,0,0
gen_00496,9,-7.523,2.790,4.256,inf,2,0,0
gen_00497,1,-7.059,4.616,5.166,inf,2,0,0
gen_00497,2,-7.041,4.677,5.046,inf,2,0,0
gen_00498,1,-7.678,2.793,4.488,4.615,2,1,0
gen_00499,1,-6.783,8.727,10.237,inf,2,0,0
gen_00499,2,-6.765,8.838,10.194,inf,2,0,0
gen_00500,1,-7.637,2.693,4.299,inf,2,0,0
gen_00500,2,-7.626,2.725,4.435,inf,2,0,0
gen_00500,3,-7.589,2.763,4.422,inf,2,0,0
gen_00500,4,-7.588,2.632,4.352,inf,2,0,0
gen_00500,5,-7.560,2.673,4.268,inf,2,0,0
gen_00500,6,-7.541,2.822,4.291,inf,2,0,0
gen_00501,1,-8.662,8.548,8.871,inf,2,0,0
gen_00501,2,-8.658,8.662,8.868,inf,2,0,0
gen_00501,3,-8.644,8.555,8.888,inf,2,0,0
gen_00502,1,-7.621,2.810,4.564,inf,4,0,0
gen_00502,2,-7.620,2.802,4.550,inf,4,0,0
gen_00502,3,-7.611,2.758,4.526,inf,4,0,0
gen_00503,1,-7.321,3.104,4.574,inf,2,0,0
gen_00503,2,-7.273,2.803,4.439,inf,2,0,0
gen_00504,1,-7.536,3.137,3.842,inf,2,0,0
gen_00504,2,-7.500,3.163,3.885,inf,2,0,0
gen_00504,3,-7.490,3.182,3.912,inf,2,0,0
gen_00504,4,-7.475,3.363,3.865,inf,2,0,0
gen_00504,5,-7.462,2.493,4.553,inf,2,0,0
gen_00504,6,-7.455,3.684,3.815,inf,2,0,0
gen_00504,7,-7.428,3.683,3.937,inf,2,0,0
gen_00504,8,-7.407,2.791,3.808,inf,2,0,0
gen_00504,9,-7.376,2.838,3.841,inf,2,0,0
gen_00505,1,-8.727,2.618,4.502,inf,2,0,0
gen_00506,1,-8.084,3.494,4.432,inf,2,0,0
gen_00506,2,-8.057,2.979,4.345,inf,2,0,0
gen_00506,3,-8.051,3.315,4.295,inf,2,0,0
gen_00506,4,-8.050,2.988,4.372,inf,2,0,0
gen_00506,5,-8.048,3.563,4.343,inf,2,0,0
gen_00507,1,-7.507,2.622,4.235,inf,2,0,0
gen_00507,2,-7.388,2.620,4.276,inf,2,0,0
gen_00508,1,-6.335,2.684,4.346,4.436,2,1,0
gen_00508,2,-6.312,2.688,4.367,4.774,2,1,0
gen_00509,1,-7.479,2.553,2.557,inf,2,0,0
gen_00509,2,-7.478,2.488,4.251,inf,2,0,0
gen_00509,3,-7.314,2.471,3.920,inf,2,0,0
gen_00509,4,-7.313,2.508,4.190,inf,2,0,0
gen_00509,5,-7.234,2.532,4.236,inf,2,0,0
gen_00509,6,-7.185,2.461,3.951,inf,2,0,0
gen_00509,7,-7.032,2.679,4.208,inf,2,0,0
gen_00510,1,-6.701,2.728,4.443,inf,2,0,0
gen_00511,1,-8.284,2.564,2.782,inf,2,0,0
gen_00511,2,-8.185,2.509,2.836,inf,2,0,0
gen_00511,3,-7.880,14.489,15.667,inf,2,0,0
gen_00512,1,-7.453,2.669,4.392,inf,2,0,0
gen_00512,2,-7.390,2.660,4.394,inf,2,0,0
gen_00512,3,-7.388,2.721,4.478,inf,2,0,0
gen_00513,1,-7.310,2.796,3.918,inf,2,0,0
gen_00513,2,-7.256,2.687,4.035,inf,2,0,0
gen_00514,1,-7.957,13.218,13.430,inf,2,0,0
gen_00514,2,-7.867,13.075,13.651,inf,2,0,0
gen_00515,1,-7.969,3.596,5.322,inf,2,0,0
gen_00515,2,-7.944,4.173,5.084,inf,2,0,0
gen_00516,1,-7.610,5.617,6.750,inf,2,0,0
gen_00516,2,-7.607,5.603,6.718,inf,2,0,0
gen_00516,3,-7.602,5.613,6.722,inf,2,0,0
gen_00516,4,-7.589,5.607,6.800,inf,2,0,0
gen_00516,5,-7.561,5.304,6.293,inf,2,0,0
gen_00516,6,-7.520,5.353,6.303,inf,2,0,0
gen_00516,7,-7.303,13.893,14.864,inf,2,0,0
gen_00516,8,-7.285,14.081,14.640,inf,2,0,0
gen_00516,9,-7.069,16.363,16.921,inf,2,0,0
gen_00517,1,-7.513,2.469,2.731,inf,2,0,0
gen_00517,2,-7.511,2.475,2.760,inf,2,0,0
gen_00517,3,-7.490,2.500,2.816,inf,2,0,0
gen_00517,4,-7.476,2.560,2.754,inf,2,0,0
gen_00517,5,-7.475,2.771,4.473,inf,2,0,0
gen_00517,6,-7.469,2.772,4.473,inf,2,0,0
gen_00517,7,-7.372,2.611,2.781,inf,2,0,0
gen_00518,1,-7.049,2.791,4.327,inf,2,0,0
gen_00518,2,-7.003,2.757,4.321,inf,2,0,0
gen_00519,1,-8.285,2.781,4.598,3.803,2,1,0
gen_00519,2,-8.236,2.819,4.584,3.796,2,1,0
gen_00519,3,-8.213,2.699,4.430,3.787,2,1,0
gen_00519,4,-8.151,2.732,4.479,3.876,2,1,0
gen_00519,5,-8.066,3.679,4.821,4.774,2,1,0
gen_00519,6,-8.029,3.348,4.807,4.930,2,1,0
gen_00519,7,-8.021,14.654,15.571,5.794,2,1,0
gen_00519,8,-8.011,2.903,4.670,3.954,2,1,0
gen_00519,9,-7.963,3.681,4.926,4.763,2,1,0
gen_00519,10,-7.890,3.612,4.834,4.962,2,1,0
gen_00520,1,-7.271,2.715,4.418,inf,2,0,0
gen_00520,2,-7.260,2.718,4.411,inf,2,0,0
gen_00520,3,-7.256,2.714,4.439,inf,2,0,0
gen_00521,1,-8.390,2.553,3.617,inf,2,0,0
gen_00521,2,-8.302,2.428,3.983,inf,2,0,0
gen_00522,1,-7.908,2.984,4.131,inf,2,0,0
gen_00522,2,-7.776,2.757,3.988,inf,2,0,0
gen_00523,1,-7.013,2.551,2.692,inf,2,0,0
gen_00523,2,-7.000,2.572,2.724,inf,2,0,0
gen_00523,3,-6.994,2.584,2.711,inf,2,0,0
gen_00523,4,-6.985,2.510,2.703,inf,2,0,0
gen_00524,1,-8.402,10.139,10.349,inf,2,0,0
gen_00524,2,-8.375,10.117,10.315,inf,2,0,0
gen_00524,3,-8.361,10.079,10.299,inf,2,0,0
gen_00524,4,-8.353,10.129,10.591,inf,2,0,0
gen_00525,1,-7.137,2.774,4.387,inf,4,0,0
gen_00525,2,-7.119,2.731,4.409,inf,4,0,0
gen_00526,1,-7.664,2.578,4.516,inf,2,0,0
gen_00526,2,-7.615,2.705,4.573,inf,2,0,0
gen_00526,3,-7.608,2.729,4.590,inf,2,0,0
gen_00526,4,-7.604,2.696,4.563,inf,2,0,0
gen_00527,1,-8.693,2.532,4.343,inf,2,0,0
gen_00527,2,-8.679,2.696,4.378,inf,2,0,0
gen_00527,3,-8.674,2.543,4.368,inf,2,0,0
gen_00527,4,-8.647,2.634,4.319,inf,2,0,0
gen_00527,5,-8.594,2.588,4.444,inf,2,0,0
gen_00527,6,-8.578,2.596,4.336,inf,2,0,0
gen_00527,7,-8.553,2.584,4.336,inf,2,0,0
gen_00527,8,-7.681,15.032,15.784,inf,2,0,0
gen_00528,1,-8.133,2.393,2.589,inf,2,0,0
gen_00528,2,-8.121,2.465,2.530,inf,2,0,0
gen_00528,3,-7.516,2.468,3.690,inf,2,0,0
gen_00528,4,-7.481,2.240,3.693,inf,2,0,0
gen_00528,5,-7.473,2.215,3.798,inf,2,0,0
gen_00528,6,-7.383,2.757,4.459,inf,2,0,0
gen_00528,7,-7.358,2.782,4.301,inf,2,0,0
gen_00528,8,-7.293,2.569,4.304,inf,2,0,0
gen_00529,1,-8.228,2.772,4.534,inf,2,0,0
gen_00529,2,-8.196,11.563,11.677,inf,2,0,0
gen_00529,3,-8.194,2.829,4.329,inf,2,0,0
gen_00529,4,-8.187,2.795,4.333,inf,2,0,0
gen_00529,5,-8.167,2.803,4.433,inf,2,0,0
gen_00529,6,-8.160,11.456,11.711,inf,2,0,0
gen_00530,1,-8.697,2.456,3.130,inf,2,0,0
gen_00530,2,-8.398,2.444,3.548,inf,2,0,0
gen_00530,3,-8.268,11.027,11.176,inf,2,0,0
gen_00530,4,-8.170,2.268,4.462,inf,2,0,0
gen_00530,5,-7.928,2.505,4.642,inf,2,0,0
gen_00530,6,-7.787,2.696,4.333,inf,2,0,0
gen_00530,7,-7.726,14.691,15.197,inf,2,0,0
gen_00531,1,-6.909,4.164,5.397,inf,2,0,0
gen_00532,1,-7.774,2.782,4.305,5.508,2,1,0
gen_00533,1,-7.087,2.807,4.579,inf,4,0,0
gen_00533,2,-7.070,2.736,4.597,inf,4,0,0
gen_00533,3,-7.061,2.794,4.620,inf,4,0,0
gen_00533,4,-7.050,2.808,4.618,inf,4,0,0
gen_00534,1,-8.289,3.064,4.536,inf,2,0,0
gen_00534,2,-8.244,2.832,4.344,inf,2,0,0
gen_00534,3,-8.125,3.000,4.676,inf,2,0,0
gen_00535,1,-8.188,2.747,4.363,7.470,2,1,0
gen_00535,2,-8.154,2.767,4.463,4.301,2,1,0
gen_00535,3,-8.036,2.729,4.106,7.520,2,1,0
gen_00535,4,-7.995,2.764,4.569,6.183,2,1,0
gen_00535,5,-7.776,2.790,4.535,8.856,2,1,0
gen_00535,6,-7.662,2.852,4.484,8.194,2,1,0
gen_00535,7,-7.628,2.584,4.348,12.056,2,1,0
gen_00536,1,-7.551,2.204,3.136,inf,4,0,0
gen_00536,2,-7.541,2.211,3.138,inf,4,0,0
gen_00537,1,-6.939,2.662,4.334,inf,4,0,0
gen_00537,2,-6.933,2.668,4.151,inf,4,0,0
gen_00537,3,-6.912,2.682,2.719,inf,4,0,0
gen_00537,4,-6.832,2.669,2.975,inf,4,0,0
gen_00537,5,-6.830,2.703,2.815,inf,4,0,0
gen_00537,6,-6.824,2.765,3.597,inf,4,0,0
gen_00538,1,-8.332,14.140,15.785,inf,2,0,0
gen_00538,2,-8.265,13.797,15.620,inf,2,0,0
gen_00539,1,-7.164,7.756,9.647,2.930,2,3,0
gen_00539,2,-7.063,2.791,4.483,5.510,2,3,0
gen_00539,3,-7.009,17.383,17.672,3.051,2,3,0
gen_00539,4,-6.995,17.510,17.766,3.040,2,3,0
gen_00539,5,-6.984,17.428,17.597,3.028,2,3,0
gen_00539,6,-6.968,17.473,17.678,3.153,2,3,0
gen_00539,7,-6.924,13.707,14.634,5.407,2,3,0
gen_00540,1,-7.980,2.588,4.381,inf,2,0,0
gen_00540,2,-7.921,2.559,4.369,inf,2,0,0
gen_00541,1,-6.523,2.766,3.705,inf,2,0,0
gen_00542,1,-7.433,2.818,4.383,inf,2,0,0
gen_00542,2,-7.414,2.851,4.461,inf,2,0,0
gen_00542,3,-7.384,2.985,4.385,inf,2,0,0
gen_00543,1,-7.698,2.841,4.391,inf,2,0,0
gen_00544,1,-8.151,2.308,2.544,inf,2,0,0
gen_00545,1,-7.470,3.037,4.426,5.652,2,1,0
gen_00545,2,-7.407,2.963,4.416,5.791,2,1,0
gen_00545,3,-7.287,12.240,12.975,2.723,2,1,0
gen_00545,4,-7.286,12.224,12.969,2.764,2,1,0
gen_00545,5,-7.159,12.523,12.989,2.651,2,1,0
gen_00546,1,-8.372,14.425,14.994,inf,2,0,0
gen_00546,2,-8.351,14.402,14.995,inf,2,0,0
gen_00546,3,-8.322,14.536,15.420,inf,2,0,0
gen_00546,4,-8.319,14.631,15.482,inf,2,0,0
gen_00546,5,-7.880,11.427,12.365,inf,2,0,0
gen_00546,6,-7.671,4.572,6.178,inf,2,0,0
gen_00547,1,-7.847,4.256,4.860,inf,2,0,0
gen_00547,2,-7.837,4.379,4.633,inf,2,0,0
gen_00547,3,-7.832,4.303,4.824,inf,2,0,0
gen_00547,4,-7.823,4.323,4.810,inf,2,0,0
gen_00548,1,-7.653,12.901,13.820,3.887,2,2,0
gen_00548,2,-7.653,5.298,6.221,5.949,2,2,0
gen_00548,3,-7.623,12.640,13.838,3.915,2,2,0
gen_00549,1,-7.341,3.211,4.646,6.482,2,1,0
gen_00550,1,-7.298,2.822,4.491,inf,2,0,0
gen_00550,2,-7.263,2.813,4.506,inf,2,0,0
gen_00551,1,-6.505,3.520,4.383,inf,2,0,0
gen_00551,2,-6.477,3.504,4.434,inf,2,0,0
gen_00552,1,-6.717,2.789,4.378,inf,2,0,0
gen_00552,2,-6.672,2.784,4.368,inf,2,0,0
gen_00553,1,-6.885,2.697,4.409,inf,2,0,0
gen_00553,2,-6.790,2.725,4.417,inf,2,0,0
gen_00553,3,-6.771,2.709,4.442,inf,2,0,0
gen_00553,4,-6.680,2.783,4.407,inf,2,0,0
gen_00553,5,-6.553,2.600,3.754,inf,2,0,0
gen_00554,1,-7.526,2.871,4.382,inf,2,0,0
gen_00555,1,-6.537,2.687,4.346,inf,2,0,0
gen_00556,1,-6.778,8.155,9.045,inf,2,0,0
gen_00556,2,-6.775,8.152,9.072,inf,2,0,0
gen_00556,3,-6.748,8.869,9.466,inf,2,0,0
gen_00556,4,-6.736,8.560,9.538,inf,2,0,0
gen_00556,5,-6.733,8.793,9.416,inf,2,0,0
gen_00556,6,-6.718,8.576,9.509,inf,2,0,0
gen_00557,1,-6.306,2.679,4.478,5.152,2,1,0
gen_00557,2,-6.301,2.654,4.447,5.222,2,1,0
gen_00558,1,-7.910,2.792,4.520,inf,4,0,0
gen_00558,2,-7.883,2.720,4.416,inf,4,0,0
gen_00558,3,-7.862,2.804,4.505,inf,4,0,0
gen_00558,4,-7.791,2.764,4.468,inf,4,0,0
gen_00558,5,-7.761,2.675,4.092,inf,4,0,0
gen_00558,6,-7.735,2.745,4.478,inf,4,0,0
gen_00558,7,-7.729,2.760,4.475,inf,4,0,0
gen_00559,1,-8.667,2.708,4.148,6.559,2,1,0
gen_00559,2,-8.666,2.648,4.142,6.491,2,1,0
gen_00559,3,-8.608,2.706,4.158,6.476,2,1,0
gen_00560,1,-7.674,2.663,4.511,9.629,2,1,0
gen_00560,2,-7.662,2.652,4.489,9.632,2,1,0
gen_00560,3,-7.661,2.678,4.482,9.652,2,1,0
gen_00561,1,-8.669,2.376,3.264,inf,4,0,0
gen_00561,2,-8.603,2.564,3.020,inf,4,0,0
gen_00561,3,-8.476,2.629,3.400,inf,4,0,0
gen_00561,4,-8.114,2.708,2.818,inf,4,0,0
gen_00562,1,-7.864,2.766,4.358,inf,2,0,0
gen_00562,2,-7.839,2.783,4.435,inf,2,0,0
gen_00562,3,-7.832,2.816,4.394,inf,2,0,0
gen_00562,4,-7.809,2.811,4.366,inf,2,0,0
gen_00562,5,-7.720,2.490,2.799,inf,2,0,0
gen_00563,1,-8.769,2.822,4.551,7.116,2,1,0
gen_00563,2,-8.711,2.797,4.553,7.054,2,1,0
gen_00564,1,-7.630,2.492,2.772,inf,2,0,0
gen_00564,2,-7.559,2.645,2.758,inf,2,0,0
gen_00564,3,-7.538,2.798,4.496,inf,2,0,0
gen_00564,4,-7.444,2.760,4.538,inf,2,0,0
gen_00565,1,-8.235,2.795,4.493,inf,2,0,0
gen_00566,1,-7.679,2.644,3.755,inf,2,0,0
gen_00566,2,-7.625,2.746,4.131,inf,2,0,0
gen_00566,3,-7.620,2.861,4.469,inf,2,0,0
gen_00566,4,-7.616,2.743,4.572,inf,2,0,0
gen_00567,1,-7.021,12.710,13.098,inf,2,0,0
gen_00567,2,-6.996,4.643,6.319,inf,2,0,0
gen_00567,3,-6.953,12.817,12.999,inf,2,0,0
gen_00568,1,-6.924,6.390,6.790,inf,2,0,0
gen_00568,2,-6.877,6.515,6.873,inf,2,0,0
gen_00568,3,-6.877,6.251,6.948,inf,2,0,0
gen_00568,4,-6.770,6.488,6.841,inf,2,0,0
gen_00569,1,-7.554,2.564,4.448,inf,2,0,0
gen_00569,2,-7.492,2.494,4.442,inf,2,0,0
gen_00569,3,-7.452,2.486,4.383,inf,2,0,0
gen_00569,4,-7.401,2.539,4.404,inf,2,0,0
gen_00570,1,-8.089,2.704,4.545,inf,2,0,0
gen_00571,1,-7.341,5.196,5.541,inf,2,0,0
gen_00571,2,-7.234,5.534,5.584,inf,2,0,0
gen_00571,3,-7.176,5.193,5.486,inf,2,0,0
gen_00571,4,-7.142,5.206,5.349,inf,2,0,0
gen_00571,5,-6.840,10.016,10.787,inf,2,0,0
gen_00571,6,-6.827,10.194,10.551,inf,2,0,0
gen_00572,1,-7.051,2.822,4.250,inf,2,0,0
gen_00572,2,-7.037,2.770,4.291,inf,2,0,0
gen_00572,3,-6.999,2.778,4.312,inf,2,0,0
gen_00573,1,-7.126,2.695,4.355,inf,4,0,0
gen_00573,2,-7.126,2.692,4.409,inf,4,0,0
gen_00573,3,-7.125,2.708,4.402,inf,4,0,0
gen_00573,4,-7.114,2.742,4.445,inf,4,0,0
gen_00573,5,-7.101,2.733,4.439,inf,4,0,0
gen_00573,6,-7.076,2.689,4.402,inf,4,0,0
gen_00574,1,-7.023,3.643,4.340,inf,2,0,0
gen_00574,2,-7.003,3.610,4.380,inf,2,0,0
gen_00574,3,-6.980,3.653,4.353,inf,2,0,0
gen_00574,4,-6.955,3.655,4.374,inf,2,0,0
gen_00575,1,-7.256,2.799,4.553,inf,2,0,0
gen_00575,2,-7.242,2.799,4.508,inf,2,0,0
gen_00575,3,-7.219,2.447,2.762,inf,2,0,0
gen_00575,4,-7.142,14.242,14.337,inf,2,0,0
gen_00575,5,-7.112,14.184,14.330,inf,2,0,0
gen_00576,1,-6.449,2.583,3.797,5.498,2,1,0
gen_00576,2,-6.353,2.601,3.860,5.690,2,1,0
gen_00576,3,-6.350,2.674,4.029,5.797,2,1,0
gen_00576,4,-6.309,2.683,4.278,5.905,2,1,0
gen_00576,5,-6.144,2.783,4.441,7.861,2,1,0
gen_00576,6,-6.088,2.793,4.426,7.856,2,1,0
gen_00576,7,-6.026,8.547,9.400,3.908,2,1,0
gen_00577,1,-8.775,2.648,4.357,inf,2,0,0
gen_00578,1,-8.819,3.105,4.413,inf,2,0,0
gen_00578,2,-8.818,3.055,4.400,inf,2,0,0
gen_00578,3,-7.869,13.418,14.639,inf,2,0,0
gen_00579,1,-7.727,2.372,2.809,inf,2,0,0
gen_00579,2,-7.717,2.380,2.828,inf,2,0,0
gen_00580,1,-7.078,2.783,4.466,inf,2,0,0
gen_00580,2,-7.057,2.769,4.545,inf,2,0,0
gen_00580,3,-7.046,2.679,4.429,inf,2,0,0
gen_00580,4,-7.044,2.800,4.466,inf,2,0,0
gen_00580,5,-7.029,2.739,4.411,inf,2,0,0
gen_00580,6,-7.006,2.724,4.360,inf,2,0,0
gen_00580,7,-7.005,2.683,4.368,inf,2,0,0
gen_00580,8,-6.989,2.722,4.384,inf,2,0,0
gen_00580,9,-6.978,2.749,4.456,inf,2,0,0
gen_00580,10,-6.931,2.743,4.555,inf,2,0,0
gen_00580,11,-6.907,2.761,4.436,inf,2,0,0
gen_00580,12,-6.879,2.748,4.374,inf,2,0,0
gen_00581,1,-6.866,2.722,4.324,inf,4,0,0
gen_00581,2,-6.862,2.681,4.295,inf,4,0,0
gen_00581,3,-6.829,2.762,4.345,inf,4,0,0
gen_00581,4,-6.484,2.733,4.339,inf,4,0,0
gen_00582,1,-8.475,2.709,4.350,2.968,2,1,1
gen_00582,2,-8.459,2.685,4.398,2.954,2,1,1
gen_00583,1,-7.480,2.400,2.741,inf,2,0,0
gen_00583,2,-7.230,2.421,2.731,inf,2,0,0
gen_00584,1,-6.774,2.741,4.458,inf,2,0,0
gen_00584,2,-6.722,2.768,4.461,inf,2,0,0
gen_00584,3,-6.617,2.326,3.159,inf,2,0,0
gen_00584,4,-6.532,2.414,2.823,inf,2,0,0
gen_00584,5,-6.514,12.719,12.836,inf,2,0,0
gen_00584,6,-6.512,2.512,3.214,inf,2,0,0
gen_00585,1,-108.193,7.868,8.580,13.137,2,1,0
gen_00585,2,-106.463,9.531,11.598,15.053,2,1,0
gen_00586,1,-7.288,2.385,4.340,inf,2,0,0
gen_00586,2,-7.247,2.434,4.413,inf,2,0,0
gen_00587,1,-6.847,2.547,2.756,inf,2,0,0
gen_00587,2,-6.795,2.758,2.831,inf,2,0,0
gen_00587,3,-6.776,2.618,2.736,inf,2,0,0
gen_00587,4,-6.766,2.452,2.868,inf,2,0,0
gen_00588,1,-8.156,13.587,15.404,inf,2,0,0
gen_00588,2,-8.112,13.185,15.144,inf,2,0,0
gen_00588,3,-7.759,13.278,14.948,inf,2,0,0
gen_00589,1,-6.734,2.679,4.354,inf,2,0,0
gen_00589,2,-6.721,2.767,4.471,inf,2,0,0
gen_00589,3,-6.681,2.543,4.463,inf,2,0,0
gen_00589,4,-6.611,2.817,4.483,inf,2,0,0
gen_00589,5,-6.593,10.703,12.750,inf,2,0,0
gen_00589,6,-6.558,8.309,9.442,inf,2,0,0
gen_00589,7,-6.522,8.246,9.443,inf,2,0,0
gen_00589,8,-6.501,3.281,4.621,inf,2,0,0
gen_00589,9,-6.471,10.987,12.570,inf,2,0,0
gen_00589,10,-6.431,13.339,14.452,inf,2,0,0
gen_00590,1,-6.938,2.474,2.705,inf,2,0,0
gen_00591,1,-7.881,3.584,4.503,inf,2,0,0
gen_00591,2,-7.725,3.578,4.404,inf,2,0,0
gen_00591,3,-7.715,2.492,3.110,inf,2,0,0
gen_00591,4,-7.673,2.863,4.275,inf,2,0,0
gen_00591,5,-7.633,3.800,5.200,inf,2,0,0
gen_00591,6,-7.520,7.719,8.970,inf,2,0,0
gen_00592,1,-7.218,10.129,10.709,inf,2,0,0
gen_00593,1,-7.668,2.476,2.746,inf,2,0,0
gen_00593,2,-7.644,2.489,2.718,inf,2,0,0
gen_00593,3,-7.621,2.476,2.707,inf,2,0,0
gen_00593,4,-7.617,2.420,2.748,inf,2,0,0
gen_00593,5,-7.603,2.465,2.728,inf,2,0,0
gen_00593,6,-7.593,2.507,2.709,inf,2,0,0
gen_00594,1,-6.041,4.150,4.790,inf,2,0,0
gen_00595,1,-7.454,2.418,4.385,inf,4,0,0
gen_00595,2,-7.427,2.294,4.401,inf,4,0,0
gen_00595,3,-7.401,2.260,4.379,inf,4,0,0
gen_00595,4,-7.384,4.706,5.000,inf,4,0,0
gen_00595,5,-7.188,7.627,8.069,inf,4,0,0
gen_00595,6,-7.052,2.784,4.505,inf,4,0,0
gen_00595,7,-7.048,7.919,8.265,inf,4,0,0
gen_00596,1,-7.419,8.514,8.713,inf,2,0,0
gen_00596,2,-7.365,8.608,8.721,inf,2,0,0
gen_00596,3,-7.277,2.797,4.363,inf,2,0,0
gen_00596,4,-7.260,2.977,4.339,inf,2,0,0
gen_00597,1,-7.397,2.716,4.490,inf,2,0,0
gen_00597,2,-7.279,2.754,4.574,inf,2,0,0
gen_00598,1,-8.059,2.850,4.312,inf,2,0,0
gen_00598,2,-8.052,2.845,4.510,inf,2,0,0
gen_00598,3,-8.048,2.821,4.365,inf,2,0,0
gen_00598,4,-8.044,2.809,4.407,inf,2,0,0
gen_00598,5,-8.026,2.859,4.438,inf,2,0,0
gen_00598,6,-8.014,2.730,4.028,inf,2,0,0
gen_00598,7,-8.008,2.826,4.373,inf,2,0,0
gen_00598,8,-8.007,2.742,4.056,inf,2,0,0
gen_00598,9,-7.987,2.860,4.360,inf,2,0,0
gen_00598,10,-7.974,2.797,4.343,inf,2,0,0
gen_00598,11,-7.926,2.844,4.379,inf,2,0,0
gen_00599,1,-8.753,2.949,4.519,inf,2,0,0
gen_00599,2,-8.706,2.752,4.447,inf,2,0,0
gen_00599,3,-8.333,2.746,4.312,inf,2,0,0
gen_00600,1,-7.534,2.747,4.508,inf,2,0,0
gen_00600,2,-7.533,2.795,4.499,inf,2,0,0
gen_00600,3,-7.528,2.765,4.555,inf,2,0,0
gen_00600,4,-7.440,2.805,4.448,inf,2,0,0
gen_00600,5,-7.400,2.776,4.397,inf,2,0,0
gen_00601,1,-6.660,5.781,6.358,inf,2,0,0
gen_00601,2,-6.642,2.817,4.042,inf,2,0,0
gen_00601,3,-6.555,2.667,4.093,inf,2,0,0
gen_00602,1,-7.555,2.716,4.345,inf,2,0,0
gen_00603,1,-8.150,2.764,4.458,5.788,2,1,0
gen_00604,1,-8.234,2.485,4.235,inf,4,0,0
gen_00604,2,-8.210,2.459,4.221,inf,4,0,0
gen_00604,3,-8.185,2.681,3.754,inf,4,0,0
gen_00604,4,-8.174,2.654,3.796,inf,4,0,0
gen_00605,1,-7.194,2.361,4.455,4.174,2,1,0
gen_00605,2,-7.191,2.382,4.457,4.262,2,1,0
gen_00606,1,-7.364,2.735,4.318,inf,2,0,0
gen_00606,2,-7.338,2.751,4.388,inf,2,0,0
gen_00606,3,-7.285,2.632,4.297,inf,2,0,0
gen_00607,1,-7.087,2.778,4.775,inf,2,0,0
gen_00607,2,-7.072,2.782,4.786,inf,2,0,0
gen_00608,1,-7.683,2.781,4.216,9.757,2,1,0
gen_00608,2,-7.606,2.725,3.963,9.983,2,1,0
gen_00608,3,-7.555,2.751,4.150,10.255,2,1,0
gen_00608,4,-7.531,2.761,4.237,11.094,2,1,0
gen_00608,5,-7.500,2.468,2.765,6.073,2,1,0
gen_00608,6,-7.491,2.632,2.783,6.076,2,1,0
gen_00608,7,-7.490,2.468,2.812,6.071,2,1,0
gen_00608,8,-7.474,2.644,2.798,6.165,2,1,0
gen_00608,9,-7.457,2.633,2.707,6.025,2,1,0
gen_00608,10,-7.442,2.439,2.780,6.179,2,1,0
gen_00608,11,-7.441,2.446,2.808,6.171,2,1,0
gen_00608,12,-4.581,2.714,3.968,11.310,2,1,0
gen_00609,1,-6.557,2.763,4.375,4.392,2,1,0
gen_00609,2,-6.461,2.859,4.317,4.412,2,1,0
gen_00610,1,-7.576,3.455,4.311,inf,2,0,0
gen_00610,2,-7.314,2.623,3.840,inf,2,0,0
gen_00610,3,-7.301,2.638,3.788,inf,2,0,0
gen_00610,4,-7.258,2.632,3.965,inf,2,0,0
gen_00610,5,-7.240,2.677,3.980,inf,2,0,0
gen_00611,1,-93.527,15.060,15.242,inf,2,0,0
gen_00611,2,-91.864,15.219,15.819,inf,2,0,0
gen_00612,1,-7.772,2.670,4.432,inf,4,0,0
gen_00612,2,-7.605,2.795,4.442,inf,4,0,0
gen_00613,1,-8.385,2.685,4.401,inf,2,0,0
gen_00613,2,-8.361,2.682,4.397,inf,2,0,0
gen_00613,3,-8.328,2.673,4.365,inf,2,0,0
gen_00613,4,-8.323,2.711,4.376,inf,2,0,0
gen_00614,1,-8.321,2.440,4.236,4.954,2,1,0
gen_00614,2,-8.217,2.663,3.698,4.984,2,1,0
gen_00615,1,-7.305,2.830,4.387,3.270,2,1,1
gen_00615,2,-7.286,2.817,4.414,3.222,2,1,1
gen_00615,3,-7.279,2.785,4.479,3.195,2,1,1
gen_00615,4,-7.269,2.845,4.560,3.247,2,1,1
gen_00615,5,-7.267,2.729,4.409,2.884,2,1,1
gen_00615,6,-7.243,2.680,4.388,2.905,2,1,1
gen_00615,7,-7.176,2.792,4.491,3.298,2,1,1
gen_00616,1,-8.087,2.643,4.714,inf,2,0,0
gen_00616,2,-8.066,3.059,4.955,inf,2,0,0
gen_00616,3,-8.061,2.731,4.799,inf,2,0,0
gen_00616,4,-8.029,2.714,4.430,inf,2,0,0
gen_00616,5,-8.019,2.707,4.427,inf,2,0,0
gen_00616,6,-7.992,2.678,4.406,inf,2,0,0
gen_00616,7,-7.946,3.218,4.894,inf,2,0,0
gen_00616,8,-7.938,2.679,4.455,inf,2,0,0
gen_00617,1,-7.871,2.727,4.266,5.243,2,1,0
gen_00617,2,-7.809,2.817,4.433,5.044,2,1,0
gen_00617,3,-7.765,2.716,4.229,5.694,2,1,0
gen_00618,1,-7.525,2.818,3.338,2.918,2,1,1
gen_00618,2,-7.480,2.794,3.423,2.887,2,1,1
gen_00618,3,-7.409,2.749,2.786,2.873,2,1,1
gen_00619,1,-7.142,2.644,4.603,9.491,2,1,0
gen_00619,2,-7.136,2.702,4.606,9.487,2,1,0
gen_00620,1,-7.638,2.532,4.227,inf,2,0,0
gen_00620,2,-7.623,2.473,4.151,inf,2,0,0
gen_00620,3,-7.566,2.787,4.026,inf,2,0,0
gen_00620,4,-7.553,2.666,4.282,inf,2,0,0
gen_00621,1,-6.709,2.668,4.413,inf,4,0,0
gen_00621,2,-6.701,2.731,4.507,inf,4,0,0
gen_00621,3,-6.689,2.712,4.497,inf,4,0,0
gen_00621,4,-6.648,2.730,4.551,inf,4,0,0
gen_00622,1,-7.919,3.014,4.340,3.905,4,1,0
gen_00622,2,-7.877,2.864,4.286,3.944,4,1,0
gen_00622,3,-7.875,2.716,4.393,3.866,4,1,0
gen_00622,4,-7.865,2.750,4.412,3.811,4,1,0
gen_00622,5,-7.832,3.038,4.360,3.899,4,1,0
gen_00622,6,-7.827,2.830,4.260,3.957,4,1,0
gen_00622,7,-7.802,3.428,4.492,4.510,4,1,0
gen_00622,8,-7.773,2.725,4.397,3.826,4,1,0
gen_00622,9,-7.685,2.653,2.675,4.975,4,1,0
gen_00622,10,-7.646,2.637,2.661,5.074,4,1,0
gen_00623,1,-6.827,2.733,4.396,inf,2,0,0
gen_00624,1,-6.776,2.650,4.428,inf,2,0,0
gen_00624,2,-6.759,2.683,4.467,inf,2,0,0
gen_00625,1,-7.972,2.634,3.834,inf,4,0,0
gen_00625,2,-7.971,2.711,3.838,inf,4,0,0
gen_00625,3,-7.930,2.643,3.781,inf,4,0,0
gen_00626,1,-6.244,2.325,2.513,inf,2,0,0
gen_00627,1,-6.908,2.854,4.569,inf,2,0,0
gen_00627,2,-6.902,2.862,4.582,inf,2,0,0
gen_00628,1,-7.004,2.727,3.902,inf,2,0,0
gen_00628,2,-6.999,2.700,3.877,inf,2,0,0
gen_00628,3,-6.940,2.727,4.199,inf,2,0,0
gen_00628,4,-6.911,2.631,4.455,inf,2,0,0
gen_00629,1,-7.811,2.492,4.314,inf,2,0,0
gen_00630,1,-7.596,2.664,4.463,inf,2,0,0
gen_00630,2,-7.527,2.738,4.411,inf,2,0,0
gen_00630,3,-7.519,2.788,4.369,inf,2,0,0
gen_00630,4,-7.500,2.770,4.469,inf,2,0,0
gen_00630,5,-7.464,2.695,4.389,inf,2,0,0
gen_00630,6,-7.430,2.808,4.472,inf,2,0,0
gen_00630,7,-7.331,2.657,4.360,inf,2,0,0
gen_00630,8,-7.277,2.629,4.379,inf,2,0,0
gen_00630,9,-7.259,2.738,4.442,inf,2,0,0
gen_00630,10,-7.202,2.727,4.489,inf,2,0,0
gen_00631,1,-8.077,2.720,4.463,3.812,2,1,0
gen_00632,1,-7.945,2.515,2.798,inf,4,0,0
gen_00632,2,-7.931,2.543,2.702,inf,4,0,0
gen_00632,3,-7.905,2.482,2.751,inf,4,0,0
gen_00632,4,-7.897,2.653,2.690,inf,4,0,0
gen_00632,5,-7.880,2.525,2.785,inf,4,0,0
gen_00632,6,-7.704,5.560,7.781,inf,4,0,0
gen_00632,7,-7.623,2.660,2.775,inf,4,0,0
gen_00632,8,-7.615,2.485,2.759,inf,4,0,0
gen_00633,1,-6.721,2.828,4.334,inf,2,0,0
gen_00634,1,-7.031,2.204,4.428,inf,2,0,0
gen_00634,2,-7.004,2.298,4.460,inf,2,0,0
gen_00634,3,-6.987,2.325,4.510,inf,2,0,0
gen_00634,4,-6.938,2.233,4.395,inf,2,0,0
gen_00635,1,-7.568,3.240,3.274,inf,2,0,0
gen_00635,2,-7.560,3.203,3.484,inf,2,0,0
gen_00635,3,-7.556,3.189,3.241,inf,2,0,0
gen_00635,4,-7.554,3.145,3.473,inf,2,0,0
gen_00635,5,-7.536,3.232,3.252,inf,2,0,0
gen_00636,1,-100.343,13.616,14.064,inf,2,0,0
gen_00636,2,-96.233,8.355,8.982,inf,2,0,0
gen_00636,3,-94.518,14.906,15.202,inf,2,0,0
gen_00637,1,-7.153,3.941,4.563,inf,2,0,0
gen_00637,2,-7.036,3.979,4.491,inf,2,0,0
gen_00638,1,-7.485,2.599,4.218,inf,2,0,0
gen_00638,2,-7.460,2.573,4.231,inf,2,0,0
gen_00638,3,-7.440,2.574,4.191,inf,2,0,0
gen_00638,4,-7.280,2.382,2.530,inf,2,0,0
gen_00639,1,-7.726,4.089,4.526,6.603,4,1,0
gen_00640,1,-44.788,7.087,8.098,inf,2,0,0
gen_00640,2,-38.358,15.189,15.967,inf,2,0,0
gen_00640,3,-38.114,12.823,13.074,inf,2,0,0
gen_00641,1,-7.356,2.757,4.440,inf,2,0,0
gen_00642,1,-8.680,2.770,4.361,3.210,2,1,1
gen_00642,2,-8.637,2.754,4.228,3.257,2,1,1
gen_00642,3,-8.576,2.735,4.336,3.297,2,1,1
gen_00643,1,-7.145,2.717,4.365,inf,2,0,0
gen_00643,2,-7.074,2.712,4.323,inf,2,0,0
gen_00644,1,-7.557,3.190,4.605,11.777,2,1,0
gen_00645,1,-7.443,2.822,4.503,inf,2,0,0
gen_00645,2,-7.329,2.777,4.501,inf,2,0,0
gen_00646,1,-7.046,15.095,15.669,inf,2,0,0
gen_00647,1,-7.533,13.706,14.453,inf,2,0,0
gen_00648,1,-7.661,2.488,4.371,8.602,2,1,0
gen_00648,2,-7.623,2.607,4.323,8.703,2,1,0
gen_00648,3,-7.497,5.478,6.234,5.532,2,1,0
gen_00648,4,-7.424,5.725,6.180,5.509,2,1,0
gen_00649,1,-7.973,2.727,4.275,inf,2,0,0
gen_00649,2,-7.961,2.843,4.376,inf,2,0,0
gen_00649,3,-7.958,2.763,4.297,inf,2,0,0
gen_00649,4,-7.887,2.763,4.361,inf,2,0,0
gen_00649,5,-7.824,2.778,4.403,inf,2,0,0
gen_00650,1,-7.460,2.728,4.670,inf,2,0,0
gen_00650,2,-7.380,2.768,3.994,inf,2,0,0
gen_00650,3,-7.362,2.723,3.967,inf,2,0,0
gen_00651,1,-8.084,2.518,2.748,inf,4,0,0
gen_00651,2,-8.082,2.556,2.745,inf,4,0,0
gen_00651,3,-8.068,2.463,2.818,inf,4,0,0
gen_00651,4,-8.039,2.422,2.788,inf,4,0,0
gen_00651,5,-7.934,2.463,2.746,inf,4,0,0
gen_00651,6,-7.852,2.596,4.213,inf,4,0,0
gen_00652,1,-8.170,3.150,4.549,inf,2,0,0
gen_00652,2,-8.124,3.182,4.517,inf,2,0,0
gen_00652,3,-8.061,3.154,4.561,inf,2,0,0
gen_00652,4,-8.029,2.822,4.307,inf,2,0,0
gen_00652,5,-8.027,3.154,4.576,inf,2,0,0
gen_00652,6,-8.014,3.190,4.594,inf,2,0,0
gen_00652,7,-7.990,3.285,4.575,inf,2,0,0
gen_00652,8,-7.977,2.716,3.862,inf,2,0,0
gen_00652,9,-7.934,3.302,4.569,inf,2,0,0
gen_00652,10,-7.840,3.309,4.481,inf,2,0,0
gen_00652,11,-7.834,16.712,17.420,inf,2,0,0
gen_00652,12,-7.786,2.850,4.373,inf,2,0,0
gen_00653,1,-6.851,2.754,4.262,inf,2,0,0
gen_00653,2,-6.831,2.763,4.268,inf,2,0,0
gen_00654,1,-7.108,13.556,15.599,inf,2,0,0
gen_00654,2,-7.073,13.531,15.588,inf,2,0,0
gen_00654,3,-7.024,2.757,4.395,inf,2,0,0
gen_00654,4,-7.008,2.799,4.467,inf,2,0,0
gen_00654,5,-7.005,2.806,4.447,inf,2,0,0
gen_00654,6,-7.002,14.952,15.586,inf,2,0,0
gen_00654,7,-6.999,2.765,4.440,inf,2,0,0
gen_00654,8,-6.866,2.735,4.074,inf,2,0,0
gen_00655,1,-7.362,2.711,4.505,inf,2,0,0
gen_00655,2,-7.238,2.715,4.561,inf,2,0,0
gen_00655,3,-7.189,2.774,4.435,inf,2,0,0
gen_00655,4,-7.010,2.755,4.329,inf,2,0,0
gen_00655,5,-6.998,9.778,9.792,inf,2,0,0
gen_00656,1,-7.472,2.404,4.402,inf,4,0,0
gen_00656,2,-7.406,2.796,4.524,inf,4,0,0
gen_00656,3,-7.395,2.461,4.539,inf,4,0,0
gen_00656,4,-7.369,2.843,4.622,inf,4,0,0
gen_00656,5,-7.290,2.598,3.332,inf,4,0,0
gen_00656,6,-7.281,2.468,3.115,inf,4,0,0
gen_00656,7,-7.267,2.801,4.446,inf,4,0,0
gen_00656,8,-7.241,2.799,4.483,inf,4,0,0
gen_00656,9,-7.200,2.558,2.655,inf,4,0,0
gen_00656,10,-7.195,4.012,4.585,inf,4,0,0
gen_00656,11,-7.187,2.577,2.619,inf,4,0,0
gen_00657,1,-8.488,2.665,4.495,inf,2,0,0
gen_00657,2,-8.419,2.742,4.489,inf,2,0,0
gen_00657,3,-8.408,2.579,4.489,inf,2,0,0
gen_00658,1,-7.430,2.636,3.638,inf,2,0,0
gen_00659,1,-7.376,2.744,3.689,inf,2,0,0
gen_00659,2,-7.351,2.776,3.757,inf,2,0,0
gen_00659,3,-7.311,4.730,4.814,inf,2,0,0
gen_00659,4,-7.305,4.756,4.873,inf,2,0,0
gen_00659,5,-7.289,4.631,4.848,inf,2,0,0
gen_00660,1,-7.504,2.475,3.913,inf,2,0,0
gen_00660,2,-7.503,2.460,4.341,inf,2,0,0
gen_00660,3,-7.460,2.694,4.401,inf,2,0,0
gen_00660,4,-7.447,2.672,4.389,inf,2,0,0
gen_00660,5,-7.443,2.559,3.845,inf,2,0,0
gen_00660,6,-7.417,2.570,3.654,inf,2,0,0
gen_00660,7,-7.215,2.547,4.382,inf,2,0,0
gen_00660,8,-7.173,2.684,4.365,inf,2,0,0
gen_00661,1,-7.767,2.704,4.454,inf,2,0,0
gen_00661,2,-7.730,2.643,4.417,inf,2,0,0
gen_00662,1,-7.216,9.196,9.263,4.846,2,1,0
gen_00662,2,-7.165,9.281,9.365,4.816,2,1,0
gen_00663,1,-7.338,2.755,4.436,inf,2,0,0
gen_00663,2,-7.334,2.752,4.416,inf,2,0,0
gen_00663,3,-7.327,2.759,4.443,inf,2,0,0
gen_00663,4,-7.293,2.739,4.471,inf,2,0,0
gen_00664,1,-6.961,2.765,4.318,inf,2,0,0
gen_00665,1,-8.002,3.198,5.130,inf,2,0,0
gen_00665,2,-7.978,3.337,5.006,inf,2,0,0
gen_00665,3,-7.951,3.363,5.080,inf,2,0,0
gen_00665,4,-7.909,8.579,9.599,inf,2,0,0
gen_00665,5,-7.899,8.568,9.607,inf,2,0,0
gen_00665,6,-7.894,8.542,9.595,inf,2,0,0
gen_00665,7,-7.885,8.525,9.576,inf,2,0,0
gen_00666,1,-8.430,2.772,4.508,7.244,2,1,0
gen_00666,2,-8.415,2.762,4.379,7.498,2,1,0
gen_00666,3,-8.412,2.743,4.361,7.513,2,1,0
gen_00666,4,-8.400,2.797,4.309,7.621,2,1,0
gen_00666,5,-8.372,2.730,4.263,7.550,2,1,0
gen_00667,1,-7.938,8.087,8.706,inf,2,0,0
gen_00667,2,-7.912,7.901,8.506,inf,2,0,0
gen_00667,3,-7.902,8.143,8.615,inf,2,0,0
gen_00667,4,-7.834,8.140,8.643,inf,2,0,0
gen_00668,1,-7.120,2.415,4.410,inf,2,0,0
gen_00668,2,-7.107,2.525,4.478,inf,2,0,0
gen_00668,3,-7.086,2.596,4.534,inf,2,0,0
gen_00668,4,-7.069,2.608,4.565,inf,2,0,0
gen_00668,5,-7.064,2.451,4.441,inf,2,0,0
gen_00668,6,-7.063,2.624,4.577,inf,2,0,0
gen_00668,7,-6.850,3.754,4.807,inf,2,0,0
gen_00668,8,-6.820,15.315,15.991,inf,2,0,0
gen_00668,9,-6.747,15.432,15.681,inf,2,0,0
gen_00669,1,-8.380,2.692,4.451,6.338,2,1,0
gen_00669,2,-8.299,2.765,4.344,6.483,2,1,0
gen_00669,3,-8.148,2.678,4.509,6.093,2,1,0
gen_00670,1,-7.350,2.682,4.394,inf,2,0,0
gen_00670,2,-7.315,2.645,4.360,inf,2,0,0
gen_00670,3,-7.274,2.712,3.723,inf,2,0,0
gen_00671,1,-7.297,2.655,4.476,inf,2,0,0
gen_00671,2,-7.280,2.655,4.443,inf,2,0,0
gen_00671,3,-7.272,2.715,4.429,inf,2,0,0
gen_00671,4,-7.263,2.653,4.432,inf,2,0,0
gen_00671,5,-7.237,2.749,4.436,inf,2,0,0
gen_00671,6,-7.229,2.666,4.450,inf,2,0,0
gen_00671,7,-7.117,2.760,4.464,inf,2,0,0
gen_00672,1,-7.636,2.779,4.445,inf,2,0,0
gen_00672,2,-7.567,2.776,4.435,inf,2,0,0
gen_00673,1,-7.554,5.545,5.660,inf,2,0,0
gen_00673,2,-7.486,5.755,5.985,inf,2,0,0
gen_00674,1,-7.552,19.656,19.915,inf,2,0,0
gen_00674,2,-7.456,19.738,19.766,inf,2,0,0
gen_00674,3,-7.431,18.651,20.049,inf,2,0,0
gen_00674,4,-7.400,18.682,20.087,inf,2,0,0
gen_00674,5,-7.393,17.795,18.964,inf,2,0,0
gen_00674,6,-7.391,19.526,19.814,inf,2,0,0
gen_00674,7,-7.383,17.811,19.074,inf,2,0,0
gen_00674,8,-7.367,18.518,20.061,inf,2,0,0
gen_00674,9,-7.346,4.892,5.315,inf,2,0,0
gen_00674,10,-7.341,18.455,19.519,inf,2,0,0
gen_00674,11,-7.328,4.960,5.325,inf,2,0,0
gen_00675,1,-6.687,2.734,4.466,inf,2,0,0
gen_00675,2,-6.626,2.721,4.443,inf,2,0,0
gen_00675,3,-6.618,2.753,4.449,inf,2,0,0
gen_00675,4,-6.596,2.667,4.393,inf,2,0,0
gen_00675,5,-6.427,2.784,4.467,inf,2,0,0
gen_00676,1,-8.115,2.495,2.745,inf,2,0,0
gen_00676,2,-8.080,2.637,2.677,inf,2,0,0
gen_00676,3,-8.045,2.654,2.736,inf,2,0,0
gen_00677,1,-8.432,2.627,3.435,2.851,2,1,1
gen_00677,2,-8.421,2.635,3.448,2.862,2,1,1
gen_00677,3,-8.308,2.749,3.604,2.935,2,1,1
gen_00678,1,-7.019,2.386,2.771,inf,2,0,0
gen_00679,1,-7.590,2.792,4.308,inf,2,0,0
gen_00680,1,-8.684,2.770,4.289,5.415,2,1,0
gen_00680,2,-8.660,2.768,4.322,5.377,2,1,0
gen_00680,3,-8.615,3.590,4.841,4.157,2,1,0
gen_00680,4,-8.609,3.484,4.857,4.112,2,1,0
gen_00681,1,-7.199,2.646,4.253,inf,2,0,0
gen_00681,2,-7.181,2.645,4.214,inf,2,0,0
gen_00681,3,-7.157,2.713,4.478,inf,2,0,0
gen_00681,4,-7.082,2.756,4.419,inf,2,0,0
gen_00682,1,-7.268,2.593,4.448,inf,2,0,0
gen_00682,2,-7.219,2.835,4.480,inf,2,0,0
gen_00682,3,-7.151,2.788,4.402,inf,2,0,0
gen_00683,1,-7.372,14.670,15.709,inf,2,0,0
gen_00683,2,-7.367,14.657,15.681,inf,2,0,0
gen_00684,1,-7.221,2.777,4.348,inf,2,0,0
gen_00684,2,-7.198,2.781,4.383,inf,2,0,0
gen_00684,3,-7.043,2.800,4.491,inf,2,0,0
gen_00685,1,-8.519,3.239,4.676,inf,4,0,0
gen_00685,2,-8.484,3.362,4.717,inf,4,0,0
gen_00685,3,-8.475,3.402,4.703,inf,4,0,0
gen_00685,4,-8.442,3.386,4.700,inf,4,0,0
gen_00685,5,-8.417,3.308,4.690,inf,4,0,0
gen_00685,6,-8.402,3.325,4.719,inf,4,0,0
gen_00685,7,-8.190,2.732,3.876,inf,4,0,0
gen_00685,8,-8.176,3.241,4.663,inf,4,0,0
gen_00685,9,-8.164,2.767,3.826,inf,4,0,0
gen_00685,10,-8.084,2.786,4.454,inf,4,0,0
gen_00685,11,-8.069,2.729,3.813,inf,4,0,0
gen_00685,12,-8.030,2.957,4.029,inf,4,0,0
gen_00685,13,-7.909,2.685,4.425,inf,4,0,0
gen_00685,14,-7.805,2.777,4.417,inf,4,0,0
gen_00686,1,-6.442,2.472,2.819,inf,2,0,0
gen_00686,2,-6.410,2.472,2.789,inf,2,0,0
gen_00686,3,-6.408,2.779,4.426,inf,2,0,0
gen_00686,4,-6.386,2.736,4.460,inf,2,0,0
gen_00686,5,-6.285,2.783,4.333,inf,2,0,0
gen_00687,1,-7.896,2.552,4.554,5.087,2,1,0
gen_00688,1,-7.514,2.725,4.397,inf,2,0,0
gen_00688,2,-7.436,2.717,4.382,inf,2,0,0
gen_00688,3,-7.418,2.748,4.430,inf,2,0,0
gen_00688,4,-7.347,2.764,4.445,inf,2,0,0
gen_00689,1,-8.113,2.675,4.351,inf,2,0,0
gen_00689,2,-8.040,2.752,4.374,inf,2,0,0
gen_00690,1,-7.198,2.719,4.403,inf,2,0,0
gen_00690,2,-7.160,4.666,5.965,inf,2,0,0
gen_00691,1,-7.051,10.376,11.929,inf,2,0,0
gen_00691,2,-7.007,11.208,12.218,inf,2,0,0
gen_00692,1,-8.938,2.744,4.561,inf,2,0,0
gen_00692,2,-8.864,2.793,4.636,inf,2,0,0
gen_00692,3,-8.191,5.181,6.376,inf,2,0,0
gen_00693,1,-8.487,2.415,2.732,inf,2,0,0
gen_00693,2,-8.435,2.344,2.807,inf,2,0,0
gen_00693,3,-8.393,2.348,4.490,inf,2,0,0
gen_00693,4,-8.359,2.315,4.467,inf,2,0,0
gen_00693,5,-8.288,2.291,4.419,inf,2,0,0
gen_00693,6,-8.248,2.321,4.426,inf,2,0,0
gen_00694,1,-7.783,3.105,4.520,inf,2,0,0
gen_00694,2,-7.672,2.822,4.447,inf,2,0,0
gen_00695,1,-7.550,2.760,4.264,inf,4,0,0
gen_00695,2,-7.442,2.796,4.237,inf,4,0,0
gen_00696,1,-7.251,2.733,4.310,inf,2,0,0
gen_00696,2,-7.224,2.730,4.236,inf,2,0,0
gen_00696,3,-7.184,2.683,4.377,inf,2,0,0
gen_00696,4,-7.151,2.705,4.369,inf,2,0,0
gen_00697,1,-7.536,2.728,4.397,inf,2,0,0
gen_00697,2,-7.504,2.763,4.429,inf,2,0,0
gen_00698,1,-7.688,9.772,10.668,inf,2,0,0
gen_00698,2,-7.674,9.849,10.831,inf,2,0,0
gen_00698,3,-7.590,10.085,10.708,inf,2,0,0
gen_00698,4,-7.586,10.109,10.720,inf,2,0,0
gen_00698,5,-7.529,9.845,10.489,inf,2,0,0
gen_00698,6,-7.484,10.023,10.534,inf,2,0,0
gen_00698,7,-7.479,9.996,10.525,inf,2,0,0
gen_00698,8,-7.438,2.699,4.396,inf,2,0,0
gen_00698,9,-7.434,2.681,4.384,inf,2,0,0
gen_00698,10,-7.431,2.686,4.353,inf,2,0,0
gen_00698,11,-7.425,2.648,4.380,inf,2,0,0
gen_00698,12,-7.421,2.747,4.413,inf,2,0,0
gen_00698,13,-7.421,2.705,4.382,inf,2,0,0
gen_00698,14,-7.394,2.764,4.514,inf,2,0,0
gen_00699,1,-8.008,9.902,10.640,inf,2,0,0
gen_00699,2,-7.972,9.520,10.749,inf,2,0,0
gen_00699,3,-7.950,9.726,10.624,inf,2,0,0
gen_00699,4,-7.821,2.811,4.428,inf,2,0,0
gen_00699,5,-7.821,2.844,4.519,inf,2,0,0
gen_00700,1,-7.638,2.625,4.369,inf,2,0,0
gen_00700,2,-7.613,2.624,4.339,inf,2,0,0
gen_00701,1,-8.177,2.678,3.684,inf,2,0,0
gen_00701,2,-8.154,2.691,3.679,inf,2,0,0
gen_00702,1,-7.400,2.719,4.295,inf,2,0,0
gen_00702,2,-7.388,2.702,4.263,inf,2,0,0
gen_00702,3,-7.310,2.939,4.513,inf,2,0,0
gen_00703,1,-8.190,2.838,4.580,inf,2,0,0
gen_00703,2,-8.187,2.835,4.564,inf,2,0,0
gen_00704,1,-7.407,2.732,4.333,inf,2,0,0
gen_00704,2,-7.398,2.745,4.327,inf,2,0,0
gen_00705,1,-7.122,2.616,3.760,inf,2,0,0
gen_00705,2,-7.082,3.335,3.865,inf,2,0,0
gen_00706,1,-7.637,2.749,4.464,inf,2,0,0
gen_00706,2,-7.618,2.752,4.377,inf,2,0,0
gen_00706,3,-7.585,2.703,4.151,inf,2,0,0
gen_00706,4,-7.578,2.729,4.396,inf,2,0,0
gen_00707,1,-7.251,2.780,4.473,inf,2,0,0
gen_00707,2,-7.222,2.829,4.488,inf,2,0,0
gen_00707,3,-7.205,2.765,3.890,inf,2,0,0
gen_00708,1,-7.594,2.665,4.465,inf,2,0,0
gen_00708,2,-7.575,2.750,4.488,inf,2,0,0
gen_00708,3,-7.500,2.785,4.568,inf,2,0,0
gen_00709,1,-7.775,2.839,4.599,inf,4,0,0
gen_00709,2,-7.766,2.852,4.590,inf,4,0,0
gen_00709,3,-7.715,2.795,4.555,inf,4,0,0
gen_00709,4,-7.687,2.801,4.532,inf,4,0,0
gen_00709,5,-7.683,2.851,4.590,inf,4,0,0
gen_00710,1,-9.100,2.331,3.156,inf,2,0,0
gen_00710,2,-9.099,2.392,3.167,inf,2,0,0
gen_00710,3,-9.093,2.410,3.169,inf,2,0,0
gen_00711,1,-7.381,2.515,4.318,inf,2,0,0
gen_00711,2,-7.338,2.211,4.264,inf,2,0,0
gen_00712,1,-7.325,2.816,4.520,inf,2,0,0
gen_00712,2,-7.199,2.752,4.453,inf,2,0,0
gen_00712,3,-7.196,2.793,4.480,inf,2,0,0
gen_00712,4,-7.061,2.701,4.352,inf,2,0,0
gen_00712,5,-7.027,2.764,4.446,inf,2,0,0
gen_00713,1,-7.525,2.808,4.609,inf,2,0,0
gen_00713,2,-7.494,2.800,4.648,inf,2,0,0
gen_00713,3,-7.142,2.700,4.120,inf,2,0,0
gen_00714,1,-7.202,3.776,4.504,inf,2,0,0
gen_00714,2,-7.191,3.576,4.466,inf,2,0,0
gen_00714,3,-7.186,3.577,4.511,inf,2,0,0
gen_00714,4,-7.156,3.633,4.596,inf,2,0,0
gen_00714,5,-7.150,3.583,4.488,inf,2,0,0
gen_00714,6,-7.136,2.721,3.911,inf,2,0,0
gen_00714,7,-7.135,3.776,4.493,inf,2,0,0
gen_00714,8,-7.122,3.437,4.498,inf,2,0,0
gen_00714,9,-7.107,3.800,4.430,inf,2,0,0
gen_00714,10,-7.078,3.614,4.572,inf,2,0,0
gen_00714,11,-7.006,3.570,4.462,inf,2,0,0
gen_00714,12,-6.990,3.588,4.396,inf,2,0,0
gen_00715,1,-6.972,2.814,4.512,inf,2,0,0
gen_00715,2,-6.968,2.831,4.514,inf,2,0,0
gen_00715,3,-6.965,2.453,2.742,inf,2,0,0
gen_00715,4,-6.958,2.491,2.753,inf,2,0,0
gen_00715,5,-6.894,2.484,2.747,inf,2,0,0
gen_00715,6,-6.866,2.677,4.404,inf,2,0,0
gen_00716,1,-7.231,2.471,4.421,inf,2,0,0
gen_00716,2,-7.133,2.360,4.425,inf,2,0,0
gen_00717,1,-7.404,2.826,4.348,inf,2,0,0
gen_00717,2,-7.388,2.808,4.247,inf,2,0,0
gen_00718,1,-6.732,2.471,2.739,inf,2,0,0
gen_00718,2,-6.710,2.363,2.850,inf,2,0,0
gen_00719,1,-7.183,2.703,4.454,inf,2,0,0
gen_00719,2,-7.168,2.737,4.488,inf,2,0,0
gen_00720,1,-7.716,3.171,4.616,4.733,2,1,0
gen_00720,2,-7.713,3.190,4.661,4.743,2,1,0
gen_00720,3,-7.709,3.179,4.654,4.754,2,1,0
gen_00720,4,-7.704,3.280,4.686,4.698,2,1,0
gen_00721,1,-7.165,2.245,2.687,inf,2,0,0
gen_00721,2,-7.125,2.232,2.723,inf,2,0,0
gen_00722,1,-7.674,2.764,4.286,inf,2,0,0
gen_00722,2,-7.669,2.809,4.324,inf,2,0,0
gen_00722,3,-7.653,2.789,4.276,inf,2,0,0
gen_00722,4,-7.644,2.755,4.336,inf,2,0,0
gen_00722,5,-7.609,2.798,4.307,inf,2,0,0
gen_00722,6,-7.608,2.755,4.281,inf,2,0,0
gen_00723,1,-7.895,16.213,16.745,9.723,2,1,0
gen_00723,2,-7.888,16.256,16.804,9.659,2,1,0
gen_00723,3,-7.855,16.171,16.811,9.633,2,1,0
gen_00723,4,-7.836,16.189,16.843,9.619,2,1,0
gen_00723,5,-7.821,16.075,16.920,9.595,2,1,0
gen_00723,6,-7.812,16.037,16.893,9.644,2,1,0
gen_00724,1,-7.896,2.685,4.522,inf,2,0,0
gen_00725,1,-8.528,3.097,4.698,2.718,2,1,1
gen_00725,2,-8.517,3.181,4.775,2.702,2,1,1
gen_00725,3,-8.501,3.234,4.848,2.682,2,1,0
gen_00725,4,-8.484,3.260,4.902,2.699,2,1,0
gen_00725,5,-8.353,3.202,4.707,2.718,2,1,0
gen_00725,6,-8.330,3.166,4.675,2.762,2,1,1
gen_00725,7,-8.288,3.180,4.711,2.721,2,1,1
gen_00725,8,-8.189,3.119,4.635,2.847,2,1,1
gen_00725,9,-8.115,10.316,11.094,7.429,2,1,0
gen_00725,10,-8.065,10.370,11.128,7.392,2,1,0
gen_00725,11,-8.001,2.476,2.958,8.713,2,1,0
gen_00725,12,-7.996,2.456,3.126,8.793,2,1,0
gen_00725,13,-7.970,3.103,5.176,6.756,2,1,0
gen_00726,1,-7.392,3.699,4.548,2.915,2,1,0
gen_00726,2,-7.390,3.591,4.512,2.932,2,1,0
gen_00726,3,-7.365,3.586,4.397,3.002,2,1,0
gen_00726,4,-7.329,3.649,4.440,2.981,2,1,0
gen_00726,5,-7.287,3.248,4.601,3.236,2,1,0
gen_00727,1,-7.559,2.719,4.369,4.503,2,1,0
gen_00727,2,-7.556,2.730,4.379,4.548,2,1,0
gen_00728,1,-7.507,2.864,4.425,inf,4,0,0
gen_00728,2,-7.497,2.913,4.449,inf,4,0,0
gen_00729,1,-7.229,2.717,4.391,inf,2,0,0
gen_00729,2,-7.218,2.707,4.356,inf,2,0,0
gen_00730,1,-7.054,2.636,4.392,inf,2,0,0
gen_00731,1,-7.526,2.816,4.502,3.428,2,2,1
gen_00731,2,-7.483,2.810,4.454,3.512,2,2,0
gen_00731,3,-7.149,2.705,4.414,7.713,2,2,0
gen_00732,1,-7.614,2.650,2.655,inf,2,0,0
gen_00732,2,-7.429,2.260,4.469,inf,2,0,0
gen_00732,3,-7.357,2.263,4.474,inf,2,0,0
gen_00733,1,-7.619,2.739,4.442,inf,2,0,0
gen_00734,1,-7.580,2.600,2.848,6.013,2,1,0
gen_00734,2,-7.570,2.641,2.818,5.998,2,1,0
gen_00735,1,-7.470,3.072,4.573,inf,2,0,0
gen_00735,2,-7.460,2.874,4.481,inf,2,0,0
gen_00736,1,-7.432,2.806,2.844,inf,2,0,0
gen_00736,2,-7.428,2.775,2.846,inf,2,0,0
gen_00736,3,-7.417,2.724,2.794,inf,2,0,0
gen_00736,4,-7.406,2.764,2.771,inf,2,0,0
gen_00736,5,-7.402,2.766,2.812,inf,2,0,0
gen_00736,6,-7.382,2.741,2.787,inf,2,0,0
gen_00737,1,-7.970,2.879,4.394,inf,4,0,0
gen_00737,2,-7.933,3.073,4.506,inf,4,0,0
gen_00737,3,-7.897,2.549,4.503,inf,4,0,0
gen_00737,4,-7.888,2.536,4.431,inf,4,0,0
gen_00737,5,-7.794,2.854,4.418,inf,4,0,0
gen_00738,1,-6.034,7.105,7.405,inf,2,0,0
gen_00738,2,-5.933,7.029,7.580,inf,2,0,0
gen_00738,3,-5.894,6.726,7.322,inf,2,0,0
gen_00739,1,-6.996,3.956,4.573,inf,2,0,0
gen_00739,2,-6.935,3.934,4.563,inf,2,0,0
gen_00739,3,-6.897,2.489,2.834,inf,2,0,0
gen_00740,1,-8.409,2.838,4.513,inf,4,0,0
gen_00740,2,-8.388,2.854,4.477,inf,4,0,0
gen_00740,3,-8.339,2.821,4.498,inf,4,0,0
gen_00740,4,-8.330,2.815,4.508,inf,4,0,0
gen_00740,5,-8.322,2.851,4.548,inf,4,0,0
gen_00741,1,-7.189,2.646,2.693,inf,2,0,0
gen_00741,2,-7.138,2.693,2.705,inf,2,0,0
gen_00741,3,-7.103,2.555,2.728,inf,2,0,0
gen_00742,1,-6.792,2.486,2.764,inf,2,0,0
gen_00742,2,-6.785,2.779,4.461,inf,2,0,0
gen_00742,3,-6.784,2.779,4.493,inf,2,0,0
gen_00742,4,-6.762,2.725,4.393,inf,2,0,0
gen_00742,5,-6.742,3.102,4.445,inf,2,0,0
gen_00742,6,-6.657,2.765,4.403,inf,2,0,0
gen_00742,7,-6.644,2.827,4.262,inf,2,0,0
gen_00743,1,-7.409,7.918,8.575,inf,2,0,0
gen_00743,2,-7.402,7.847,8.680,inf,2,0,0
gen_00743,3,-7.259,7.893,8.644,inf,2,0,0
gen_00743,4,-7.226,2.684,2.709,inf,2,0,0
gen_00743,5,-7.187,2.723,3.169,inf,2,0,0
gen_00744,1,-7.087,2.790,4.479,inf,2,0,0
gen_00744,2,-7.073,2.760,4.470,inf,2,0,0
gen_00744,3,-7.040,2.768,4.418,inf,2,0,0
gen_00745,1,-7.424,2.245,4.246,10.474,2,1,0
gen_00745,2,-7.397,2.240,4.236,10.486,2,1,0
gen_00745,3,-7.395,2.447,3.267,10.527,2,1,0
gen_00745,4,-7.349,2.515,3.257,10.544,2,1,0
gen_00745,5,-6.886,15.558,16.095,10.148,2,1,0
gen_00745,6,-6.857,15.329,16.271,10.187,2,1,0
gen_00745,7,-6.838,15.234,16.305,10.221,2,1,0
gen_00746,1,-7.709,2.712,2.782,inf,4,0,0
gen_00746,2,-7.698,2.677,2.735,inf,4,0,0
gen_00746,3,-7.686,2.578,2.753,inf,4,0,0
gen_00746,4,-7.683,2.806,3.134,inf,4,0,0
gen_00746,5,-7.665,2.809,3.391,inf,4,0,0
gen_00746,6,-7.655,2.784,3.380,inf,4,0,0
gen_00747,1,-7.956,2.839,4.351,inf,2,0,0
gen_00748,1,-7.718,2.519,4.126,inf,4,0,0
gen_00748,2,-7.689,2.489,4.046,inf,4,0,0
gen_00748,3,-7.683,2.519,4.128,inf,4,0,0
gen_00748,4,-7.543,2.431,4.081,inf,4,0,0
gen_00748,5,-7.519,2.601,4.052,inf,4,0,0
gen_00748,6,-7.312,2.734,4.172,inf,4,0,0
gen_00748,7,-7.300,2.681,4.193,inf,4,0,0
gen_00748,8,-7.250,2.772,3.967,inf,4,0,0
gen_00748,9,-7.245,2.689,3.927,inf,4,0,0
gen_00748,10,-7.242,2.702,3.979,inf,4,0,0
gen_00748,11,-7.212,3.181,4.362,inf,4,0,0
gen_00748,12,-7.184,2.753,3.970,inf,4,0,0
gen_00748,13,-7.068,2.713,3.991,inf,4,0,0
gen_00749,1,-8.031,2.749,4.379,inf,2,0,0
gen_00749,2,-8.027,2.767,4.403,inf,2,0,0
gen_00750,1,-7.277,2.752,4.421,inf,2,0,0
gen_00751,1,-8.393,2.936,4.356,inf,2,0,0
gen_00751,2,-8.357,2.863,4.313,inf,2,0,0
gen_00752,1,-7.345,2.212,4.398,5.548,2,1,0
gen_00752,2,-7.330,2.207,4.385,5.550,2,1,0
gen_00752,3,-7.323,2.244,4.418,5.513,2,1,0
gen_00752,4,-7.319,2.241,4.439,5.523,2,1,0
gen_00752,5,-7.278,2.231,4.370,5.532,2,1,0
gen_00753,1,-8.134,2.392,2.789,inf,2,0,0
gen_00753,2,-8.011,2.405,2.793,inf,2,0,0
gen_00753,3,-7.959,2.456,2.770,inf,2,0,0
gen_00753,4,-7.957,2.374,2.804,inf,2,0,0
gen_00753,5,-7.925,2.559,2.765,inf,2,0,0
gen_00753,6,-7.904,2.411,2.783,inf,2,0,0
gen_00753,7,-7.865,2.291,2.570,inf,2,0,0
gen_00753,8,-7.810,2.489,4.458,inf,2,0,0
gen_00753,9,-7.787,2.341,4.414,inf,2,0,0
gen_00753,10,-7.775,2.392,4.402,inf,2,0,0
gen_00753,11,-7.710,12.805,14.731,inf,2,0,0
gen_00753,12,-7.705,14.056,16.143,inf,2,0,0
gen_00754,1,-7.784,2.825,4.440,inf,2,0,0
gen_00754,2,-7.748,2.728,3.026,inf,2,0,0
gen_00754,3,-7.707,2.753,3.539,inf,2,0,0
gen_00754,4,-7.693,2.719,2.721,inf,2,0,0
gen_00754,5,-7.645,2.785,4.372,inf,2,0,0
gen_00755,1,-7.760,2.791,3.942,inf,2,0,0
gen_00755,2,-7.737,2.704,3.946,inf,2,0,0
gen_00755,3,-7.729,2.711,4.249,inf,2,0,0
gen_00755,4,-7.706,2.751,3.842,inf,2,0,0
gen_00755,5,-7.702,2.773,3.809,inf,2,0,0
gen_00755,6,-7.683,2.733,3.958,inf,2,0,0
gen_00755,7,-7.668,2.707,3.958,inf,2,0,0
gen_00755,8,-7.663,2.729,4.420,inf,2,0,0
gen_00755,9,-7.641,2.729,4.363,inf,2,0,0
gen_00755,10,-7.638,2.735,3.965,inf,2,0,0
gen_00755,11,-7.602,2.722,4.303,inf,2,0,0
gen_00756,1,-6.400,2.399,4.215,inf,4,0,0
gen_00756,2,-6.339,2.453,4.521,inf,4,0,0
gen_00757,1,-7.958,3.521,5.719,9.636,2,1,0
gen_00757,2,-7.889,3.340,5.325,9.624,2,1,0
gen_00757,3,-7.876,3.446,5.497,9.711,2,1,0
gen_00757,4,-7.875,3.434,5.586,9.597,2,1,0
gen_00757,5,-7.812,2.794,4.505,5.472,2,1,0
gen_00758,1,-7.658,2.789,4.472,inf,2,0,0
gen_00758,2,-7.646,2.804,4.481,inf,2,0,0
gen_00758,3,-7.641,2.801,4.488,inf,2,0,0
gen_00759,1,-7.180,2.725,4.070,inf,2,0,0
gen_00759,2,-7.159,2.749,4.128,inf,2,0,0
gen_00760,1,-7.357,9.541,9.668,inf,2,0,0
gen_00760,2,-7.331,9.941,10.101,inf,2,0,0
gen_00760,3,-7.319,9.614,9.628,inf,2,0,0
gen_00760,4,-7.317,9.717,10.243,inf,2,0,0
gen_00760,5,-7.264,11.170,12.648,inf,2,0,0
gen_00760,6,-7.260,9.583,9.719,inf,2,0,0
gen_00760,7,-7.221,5.602,6.780,inf,2,0,0
gen_00760,8,-7.198,9.386,9.629,inf,2,0,0
gen_00760,9,-7.198,9.760,10.000,inf,2,0,0
gen_00760,10,-7.180,5.076,6.565,inf,2,0,0
gen_00760,11,-7.175,5.253,6.395,inf,2,0,0
gen_00761,1,-8.024,2.766,4.483,5.814,2,1,0
gen_00761,2,-8.001,2.787,4.471,5.654,2,1,0
gen_00761,3,-7.355,14.393,15.054,4.203,2,1,0
gen_00762,1,-7.610,2.791,4.402,inf,2,0,0
gen_00762,2,-7.545,2.812,4.494,inf,2,0,0
gen_00762,3,-7.544,2.647,3.883,inf,2,0,0
gen_00763,1,-7.765,2.773,4.332,inf,2,0,0
gen_00763,2,-7.748,2.769,4.376,inf,2,0,0
gen_00763,3,-7.745,2.773,4.238,inf,2,0,0
gen_00763,4,-7.742,2.717,4.231,inf,2,0,0
gen_00763,5,-7.734,2.784,4.326,inf,2,0,0
gen_00763,6,-7.729,2.790,4.418,inf,2,0,0
gen_00763,7,-7.719,2.921,4.426,inf,2,0,0
gen_00763,8,-7.703,2.746,4.254,inf,2,0,0
gen_00764,1,-7.928,5.172,5.485,inf,2,0,0
gen_00764,2,-7.925,4.362,5.198,inf,2,0,0
gen_00764,3,-7.908,5.239,5.372,inf,2,0,0
gen_00764,4,-7.886,5.193,5.316,inf,2,0,0
gen_00764,5,-7.740,15.549,16.529,inf,2,0,0
gen_00764,6,-7.736,15.747,16.562,inf,2,0,0
gen_00764,7,-7.719,16.782,17.049,inf,2,0,0
gen_00764,8,-7.701,16.797,17.065,inf,2,0,0
gen_00764,9,-7.619,15.124,16.453,inf,2,0,0
gen_00765,1,-6.758,2.710,4.378,inf,2,0,0
gen_00765,2,-6.743,2.695,4.399,inf,2,0,0
gen_00765,3,-6.624,2.804,4.460,inf,2,0,0
gen_00765,4,-6.618,3.289,4.571,inf,2,0,0
gen_00765,5,-6.579,2.679,4.414,inf,2,0,0
gen_00765,6,-6.557,2.495,2.599,inf,2,0,0
gen_00765,7,-6.516,2.740,4.451,inf,2,0,0
gen_00765,8,-6.510,2.715,4.492,inf,2,0,0
gen_00765,9,-6.479,2.405,2.506,inf,2,0,0
gen_00765,10,-6.439,2.514,2.612,inf,2,0,0
gen_00766,1,-7.835,2.741,4.437,inf,2,0,0
gen_00767,1,-7.662,2.741,4.595,5.035,4,1,0
gen_00767,2,-7.634,2.723,4.541,5.129,4,1,0
gen_00767,3,-7.623,2.676,4.551,5.047,4,1,0
gen_00767,4,-7.587,2.699,4.485,5.100,4,1,0
gen_00767,5,-7.582,2.747,4.567,5.037,4,1,0
gen_00767,6,-7.536,2.751,4.490,5.079,4,1,0
gen_00767,7,-7.520,2.745,4.544,5.302,4,1,0
gen_00767,8,-7.485,2.750,4.380,5.400,4,1,0
gen_00768,1,-7.528,2.583,2.704,10.443,2,1,0
gen_00768,2,-7.484,2.605,2.696,10.460,2,1,0
gen_00768,3,-7.409,2.634,2.671,10.470,2,1,0
gen_00768,4,-7.382,2.640,2.651,10.475,2,1,0
gen_00768,5,-7.364,2.604,2.750,10.481,2,1,0
gen_00768,6,-7.221,2.328,4.438,8.078,2,1,0
gen_00768,7,-7.170,2.319,4.486,8.128,2,1,0
gen_00769,1,-7.792,2.756,3.977,inf,2,0,0
gen_00769,2,-7.784,2.745,3.994,inf,2,0,0
gen_00770,1,-8.345,5.451,5.807,inf,2,0,0
gen_00770,2,-8.250,5.343,5.932,inf,2,0,0
gen_00771,1,-7.144,2.350,2.523,inf,2,0,0
gen_00771,2,-7.121,2.299,2.534,inf,2,0,0
gen_00771,3,-7.054,2.360,2.510,inf,2,0,0
gen_00771,4,-7.054,2.199,2.567,inf,2,0,0
gen_00771,5,-7.023,2.364,2.525,inf,2,0,0
gen_00771,6,-7.001,2.215,2.508,inf,2,0,0
gen_00771,7,-6.949,2.355,3.905,inf,2,0,0
gen_00771,8,-6.850,2.204,4.369,inf,2,0,0
gen_00772,1,-8.249,2.860,4.591,inf,2,0,0
gen_00772,2,-8.169,3.190,4.524,inf,2,0,0
gen_00772,3,-7.955,2.777,3.988,inf,2,0,0
gen_00773,1,-7.787,2.748,3.824,inf,2,0,0
gen_00773,2,-7.684,2.738,3.837,inf,2,0,0
gen_00773,3,-7.634,2.736,4.488,inf,2,0,0
gen_00773,4,-7.597,13.599,14.149,inf,2,0,0
gen_00773,5,-7.570,2.719,4.421,inf,2,0,0
gen_00773,6,-7.536,2.707,4.455,inf,2,0,0
gen_00773,7,-7.524,13.507,14.146,inf,2,0,0
gen_00774,1,-7.289,2.737,3.854,inf,2,0,0
gen_00774,2,-7.272,2.739,3.848,inf,2,0,0
gen_00775,1,-8.149,2.629,4.282,inf,2,0,0
gen_00775,2,-8.123,2.749,4.394,inf,2,0,0
gen_00775,3,-8.074,2.632,4.302,inf,2,0,0
gen_00776,1,-7.537,2.446,2.808,inf,2,0,0
gen_00776,2,-7.532,2.437,2.823,inf,2,0,0
gen_00776,3,-7.507,2.783,4.330,inf,2,0,0
gen_00776,4,-7.311,2.758,4.374,inf,2,0,0
gen_00777,1,-7.576,2.767,4.402,5.292,2,1,0
gen_00777,2,-7.551,2.790,4.319,5.245,2,1,0
gen_00778,1,-7.778,15.049,15.247,inf,2,0,0
gen_00778,2,-7.718,15.034,15.226,inf,2,0,0
gen_00778,3,-7.586,15.179,15.678,inf,2,0,0
gen_00779,1,-8.412,3.535,4.388,2.899,2,1,0
gen_00779,2,-8.401,3.515,4.404,2.913,2,1,0
gen_00779,3,-8.306,3.250,4.457,3.001,2,1,0
gen_00780,1,-7.386,5.319,5.418,inf,2,0,0
gen_00780,2,-7.366,5.289,5.351,inf,2,0,0
gen_00780,3,-7.359,2.697,4.485,inf,2,0,0
gen_00780,4,-7.337,4.644,5.641,inf,2,0,0
gen_00781,1,-6.900,2.759,4.335,inf,2,0,0
gen_00781,2,-6.852,2.704,4.175,inf,2,0,0
gen_00781,3,-6.773,2.745,3.931,inf,2,0,0
gen_00781,4,-6.752,2.777,4.445,inf,2,0,0
gen_00782,1,-7.466,3.175,4.310,inf,4,0,0
gen_00782,2,-7.352,2.768,3.608,inf,4,0,0
gen_00782,3,-7.316,2.789,3.601,inf,4,0,0
gen_00783,1,-7.343,2.649,2.766,inf,2,0,0
gen_00783,2,-7.340,2.708,2.723,inf,2,0,0
gen_00783,3,-7.313,2.339,4.338,inf,2,0,0
gen_00783,4,-7.311,2.332,4.312,inf,2,0,0
gen_00783,5,-7.264,2.531,4.408,inf,2,0,0
gen_00783,6,-7.254,2.252,4.351,inf,2,0,0
gen_00783,7,-7.159,2.472,4.154,inf,2,0,0
gen_00784,1,-8.298,2.774,4.464,5.531,2,1,0
gen_00784,2,-8.281,2.743,4.440,5.530,2,1,0
gen_00785,1,-7.360,2.212,4.107,inf,2,0,0
gen_00785,2,-7.354,2.199,4.077,inf,2,0,0
gen_00785,3,-7.343,2.211,4.084,inf,2,0,0
gen_00785,4,-7.327,2.200,4.076,inf,2,0,0
gen_00785,5,-7.127,16.100,16.666,inf,2,0,0
gen_00785,6,-7.092,16.323,16.902,inf,2,0,0
gen_00785,7,-7.057,16.300,16.907,inf,2,0,0
gen_00785,8,-7.053,16.331,16.892,inf,2,0,0
gen_00785,9,-7.029,16.138,16.969,inf,2,0,0
gen_00786,1,-8.314,2.779,4.346,inf,2,0,0
gen_00786,2,-8.290,3.185,4.534,inf,2,0,0
gen_00786,3,-8.275,2.573,3.189,inf,2,0,0
gen_00786,4,-8.262,3.069,4.535,inf,2,0,0
gen_00787,1,-8.234,2.564,2.792,4.117,2,1,0
gen_00787,2,-8.229,2.536,2.732,3.990,2,1,0
gen_00787,3,-8.190,2.584,2.729,4.049,2,1,0
gen_00787,4,-8.076,2.786,2.943,4.152,2,1,0
gen_00788,1,-7.769,2.824,4.498,inf,2,0,0
gen_00788,2,-7.768,2.657,4.238,inf,2,0,0
gen_00788,3,-7.757,2.835,4.500,inf,2,0,0
gen_00789,1,-6.929,2.699,4.407,11.808,2,1,0
gen_00789,2,-6.927,2.719,4.348,11.403,2,1,0
gen_00789,3,-6.875,2.697,4.421,11.957,2,1,0
gen_00790,1,-8.270,2.796,3.577,inf,2,0,0
gen_00790,2,-8.241,3.224,3.793,inf,2,0,0
gen_00790,3,-8.163,2.679,3.353,inf,2,0,0
gen_00790,4,-8.071,2.767,3.254,inf,2,0,0
gen_00791,1,-8.161,2.562,4.408,4.390,2,1,0
gen_00791,2,-8.149,2.539,4.408,4.377,2,1,0
gen_00792,1,-7.016,2.734,4.460,inf,2,0,0
gen_00792,2,-6.968,2.695,4.428,inf,2,0,0
gen_00792,3,-6.873,13.843,14.764,inf,2,0,0
gen_00792,4,-6.830,2.780,4.483,inf,2,0,0
gen_00793,1,-7.240,2.662,4.382,inf,4,0,0
gen_00793,2,-7.232,2.689,4.417,inf,4,0,0
gen_00793,3,-7.099,2.757,4.347,inf,4,0,0
gen_00793,4,-7.064,2.783,4.356,inf,4,0,0
gen_00793,5,-7.001,2.778,4.446,inf,4,0,0
gen_00794,1,-7.513,2.826,4.528,inf,2,0,0
gen_00795,1,-7.624,2.676,4.363,inf,2,0,0
gen_00795,2,-7.583,2.678,4.377,inf,2,0,0
gen_00796,1,-7.251,5.865,6.207,3.369,2,1,0
gen_00796,2,-7.245,6.090,6.111,3.319,2,1,0
gen_00796,3,-7.094,2.702,3.954,3.647,2,1,0
gen_00796,4,-7.092,2.707,4.432,3.224,2,1,1
gen_00796,5,-7.072,2.683,4.376,3.215,2,1,1
gen_00796,6,-7.040,2.696,4.459,3.177,2,1,1
gen_00797,1,-7.532,4.705,5.106,inf,2,0,0
gen_00797,2,-7.525,4.670,5.087,inf,2,0,0
gen_00797,3,-7.522,4.710,5.118,inf,2,0,0
gen_00797,4,-7.480,4.954,5.005,inf,2,0,0
gen_00798,1,-6.852,2.235,2.705,inf,2,0,0
gen_00798,2,-6.850,2.263,2.656,inf,2,0,0
gen_00799,1,-7.023,3.443,4.525,4.864,2,1,0
gen_00799,2,-6.991,3.476,4.416,4.750,2,1,0
gen_00799,3,-6.975,3.565,4.402,4.624,2,1,0
gen_00799,4,-6.933,3.732,4.441,4.787,2,1,0
gen_00799,5,-6.920,3.210,4.589,3.083,2,1,0
gen_00799,6,-6.918,3.208,4.580,3.183,2,1,0
gen_00799,7,-6.873,2.789,4.443,3.112,2,1,1
gen_00800,1,-7.385,2.360,4.470,inf,2,0,0
gen_00800,2,-7.379,2.316,4.428,inf,2,0,0
gen_00800,3,-7.348,2.282,4.412,inf,2,0,0
gen_00801,1,-7.914,8.506,8.873,inf,2,0,0
gen_00801,2,-7.905,8.545,8.810,inf,2,0,0
gen_00801,3,-7.900,8.580,8.972,inf,2,0,0
gen_00801,4,-7.880,8.523,8.952,inf,2,0,0
gen_00801,5,-7.854,2.803,4.476,inf,2,0,0
gen_00801,6,-7.853,8.467,8.946,inf,2,0,0
gen_00801,7,-7.846,8.458,9.046,inf,2,0,0
gen_00801,8,-7.831,8.504,9.060,inf,2,0,0
gen_00801,9,-7.782,2.784,4.446,inf,2,0,0
gen_00802,1,-7.541,2.683,4.333,inf,4,0,0
gen_00802,2,-7.503,2.698,4.389,inf,4,0,0
gen_00802,3,-7.468,2.699,4.387,inf,4,0,0
gen_00802,4,-7.429,2.719,4.366,inf,4,0,0
gen_00802,5,-7.362,2.693,4.376,inf,4,0,0
gen_00802,6,-7.328,6.367,6.616,inf,4,0,0
gen_00802,7,-7.327,6.318,6.753,inf,4,0,0
gen_00803,1,-7.599,2.779,3.887,inf,4,0,0
gen_00804,1,-8.735,2.783,4.435,3.092,4,1,1
gen_00804,2,-8.728,2.786,4.410,3.113,4,1,1
gen_00804,3,-8.695,2.823,4.425,3.107,4,1,1
gen_00805,1,-7.875,2.697,4.358,inf,2,0,0
gen_00806,1,-6.862,2.650,4.320,inf,2,0,0
gen_00806,2,-6.812,2.643,4.302,inf,2,0,0
gen_00806,3,-6.805,2.705,4.412,inf,2,0,0
gen_00806,4,-6.749,2.714,4.316,inf,2,0,0
gen_00807,1,-8.756,2.669,4.413,4.617,4,1,0
gen_00807,2,-8.712,2.716,4.442,4.622,4,1,0
gen_00808,1,-7.657,2.805,4.532,inf,2,0,0
gen_00808,2,-7.653,2.642,4.405,inf,2,0,0
gen_00808,3,-7.611,2.760,4.529,inf,2,0,0
gen_00808,4,-7.569,2.750,4.458,inf,2,0,0
gen_00809,1,-7.337,13.618,15.227,4.158,2,1,0
gen_00809,2,-7.290,14.917,15.624,3.941,2,1,0
gen_00809,3,-7.261,13.237,15.084,4.213,2,1,0
gen_00809,4,-7.100,2.315,2.499,10.774,2,1,0
gen_00809,5,-7.028,4.529,5.853,10.253,2,1,0
gen_00809,6,-7.022,14.100,15.406,4.591,2,1,0
gen_00809,7,-6.793,13.969,15.028,4.889,2,1,0
gen_00810,1,-7.798,2.291,4.463,inf,2,0,0
gen_00810,2,-7.791,2.280,4.458,inf,2,0,0
gen_00810,3,-7.760,2.212,4.383,inf,2,0,0
gen_00811,1,-7.600,2.715,4.390,inf,2,0,0
gen_00812,1,-7.355,3.524,4.592,inf,2,0,0
gen_00812,2,-7.335,3.602,4.453,inf,2,0,0
gen_00812,3,-7.334,3.597,4.460,inf,2,0,0
gen_00813,1,-8.208,2.755,4.471,inf,4,0,0
gen_00813,2,-8.145,2.718,4.313,inf,4,0,0
gen_00813,3,-8.105,2.733,4.219,inf,4,0,0
gen_00813,4,-8.076,2.705,4.451,inf,4,0,0
gen_00813,5,-7.839,2.362,2.686,inf,4,0,0
gen_00813,6,-7.820,2.241,2.861,inf,4,0,0
gen_00813,7,-7.796,2.365,2.691,inf,4,0,0
gen_00814,1,-6.774,2.833,4.191,inf,2,0,0
gen_00814,2,-6.770,2.529,4.514,inf,2,0,0
gen_00814,3,-6.748,2.494,4.481,inf,2,0,0
gen_00815,1,-7.072,2.230,2.761,inf,4,0,0
gen_00815,2,-6.977,2.330,2.771,inf,4,0,0
gen_00816,1,-7.438,2.743,4.219,inf,4,0,0
gen_00816,2,-7.436,2.737,4.399,inf,4,0,0
gen_00816,3,-7.426,2.805,4.354,inf,4,0,0
gen_00816,4,-7.371,2.800,4.291,inf,4,0,0
gen_00816,5,-7.355,2.789,4.397,inf,4,0,0
gen_00816,6,-7.351,2.786,4.323,inf,4,0,0
gen_00816,7,-7.336,2.783,4.306,inf,4,0,0
gen_00816,8,-7.332,2.734,4.392,inf,4,0,0
gen_00817,1,-7.884,2.688,4.427,6.234,4,1,0
gen_00817,2,-7.843,2.673,4.417,6.310,4,1,0
gen_00817,3,-7.842,2.710,4.413,6.267,4,1,0
gen_00817,4,-7.835,2.724,4.388,6.346,4,1,0
gen_00817,5,-7.828,2.734,4.405,6.344,4,1,0
gen_00817,6,-7.824,2.641,4.396,6.258,4,1,0
gen_00818,1,-7.731,6.772,7.942,4.339,2,1,0
gen_00818,2,-7.731,6.787,7.931,4.333,2,1,0
gen_00818,3,-7.704,6.953,7.998,4.345,2,1,0
gen_00818,4,-7.694,6.962,8.018,4.352,2,1,0
gen_00819,1,-7.966,2.773,3.732,inf,2,0,0
gen_00819,2,-7.949,2.716,3.841,inf,2,0,0
gen_00819,3,-7.947,2.717,3.837,inf,2,0,0
gen_00819,4,-7.895,2.757,3.875,inf,2,0,0
gen_00819,5,-7.697,14.510,15.607,inf,2,0,0
gen_00820,1,-7.813,2.408,3.805,5.195,2,1,0
gen_00820,2,-7.805,2.403,3.793,5.227,2,1,0
gen_00820,3,-7.658,2.817,4.538,3.948,2,1,0
gen_00820,4,-7.509,3.981,5.256,6.094,2,1,0
gen_00821,1,-6.861,2.663,4.291,inf,2,0,0
gen_00821,2,-6.846,2.690,4.333,inf,2,0,0
gen_00822,1,-7.116,2.697,3.852,4.924,2,1,0
gen_00822,2,-7.010,2.752,3.775,4.924,2,1,0
gen_00822,3,-6.845,3.333,4.480,6.117,2,1,0
gen_00822,4,-6.688,3.693,4.420,6.010,2,1,0
gen_00823,1,-7.794,2.335,3.476,inf,4,0,0
gen_00823,2,-7.762,2.428,3.482,inf,4,0,0
gen_00823,3,-7.744,2.356,3.431,inf,4,0,0
gen_00824,1,-7.379,2.781,4.438,inf,4,0,0
gen_00824,2,-7.273,2.624,2.864,inf,4,0,0
gen_00824,3,-7.265,2.576,2.849,inf,4,0,0
gen_00824,4,-7.261,2.733,4.614,inf,4,0,0
gen_00824,5,-7.239,2.796,4.479,inf,4,0,0
gen_00824,6,-7.235,2.817,4.480,inf,4,0,0
gen_00824,7,-7.226,2.747,4.490,inf,4,0,0
gen_00824,8,-7.188,2.826,4.531,inf,4,0,0
gen_00824,9,-7.187,2.775,4.439,inf,4,0,0
gen_00824,10,-7.161,2.818,4.407,inf,4,0,0
gen_00824,11,-7.153,2.703,3.191,inf,4,0,0
gen_00825,1,-8.086,10.639,11.008,inf,2,0,0
gen_00825,2,-8.035,10.625,11.074,inf,2,0,0
gen_00825,3,-7.895,10.648,11.022,inf,2,0,0
gen_00825,4,-7.842,2.687,4.484,inf,2,0,0
gen_00825,5,-7.722,2.629,4.460,inf,2,0,0
gen_00825,6,-7.556,2.371,4.399,inf,2,0,0
gen_00826,1,-7.491,2.443,4.214,8.583,2,1,0
gen_00826,2,-7.459,2.566,4.210,8.530,2,1,0
gen_00827,1,-8.705,2.384,3.226,inf,4,0,0
gen_00827,2,-8.696,2.345,3.120,inf,4,0,0
gen_00828,1,-7.048,2.729,4.187,7.797,2,1,0
gen_00829,1,-7.332,2.716,3.832,7.853,2,1,0
gen_00829,2,-7.306,2.706,3.820,7.888,2,1,0
gen_00829,3,-7.305,2.726,4.205,8.243,2,1,0
gen_00829,4,-7.297,2.710,3.837,7.883,2,1,0
gen_00829,5,-7.248,2.711,3.834,7.847,2,1,0
gen_00830,1,-8.304,3.115,4.415,3.096,2,2,1
gen_00830,2,-8.292,2.892,4.312,3.117,2,2,1
gen_00831,1,-8.280,2.486,2.741,5.367,2,1,0
gen_00831,2,-8.247,2.512,2.720,5.409,2,1,0
gen_00831,3,-8.222,2.390,2.783,5.374,2,1,0
gen_00832,1,-7.976,2.833,4.532,inf,2,0,0
gen_00832,2,-7.889,2.714,4.459,inf,2,0,0
gen_00832,3,-7.850,2.688,4.459,inf,2,0,0
gen_00832,4,-7.656,2.699,4.305,inf,2,0,0
gen_00833,1,-7.344,2.744,4.453,inf,2,0,0
gen_00833,2,-7.321,2.755,4.504,inf,2,0,0
gen_00833,3,-7.306,2.666,4.378,inf,2,0,0
gen_00834,1,-7.335,2.691,2.967,inf,2,0,0
gen_00835,1,-7.025,18.239,18.340,inf,2,0,0
gen_00835,2,-7.001,18.363,18.524,inf,2,0,0
gen_00835,3,-6.982,18.463,18.810,inf,2,0,0
gen_00835,4,-6.980,18.326,18.461,inf,2,0,0
gen_00835,5,-6.955,18.119,18.346,inf,2,0,0
gen_00835,6,-6.943,18.313,18.471,inf,2,0,0
gen_00835,7,-6.908,18.330,18.368,inf,2,0,0
gen_00835,8,-6.879,18.598,18.607,inf,2,0,0
gen_00835,9,-6.843,18.462,18.486,inf,2,0,0
gen_00835,10,-6.711,15.518,15.617,inf,2,0,0
gen_00835,11,-6.697,15.365,15.596,inf,2,0,0
gen_00835,12,-6.680,16.101,16.103,inf,2,0,0
gen_00836,1,-7.051,2.580,2.708,inf,2,0,0
gen_00837,1,-8.259,2.983,4.369,inf,2,0,0
gen_00837,2,-8.234,2.853,4.345,inf,2,0,0
gen_00837,3,-8.190,2.804,4.018,inf,2,0,0
gen_00837,4,-8.141,2.839,4.049,inf,2,0,0
gen_00838,1,-6.373,2.787,3.977,inf,2,0,0
gen_00839,1,-7.830,3.010,4.317,inf,2,0,0
gen_00840,1,-8.258,2.786,4.492,inf,2,0,0
gen_00840,2,-8.223,2.734,4.464,inf,2,0,0
gen_00841,1,-7.362,3.088,4.617,10.286,2,1,0
gen_00841,2,-7.332,3.028,4.603,10.203,2,1,0
gen_00841,3,-7.286,3.182,4.667,10.323,2,1,0
gen_00842,1,-7.882,3.760,4.421,inf,4,0,0
gen_00842,2,-7.840,3.724,3.767,inf,4,0,0
gen_00842,3,-7.749,3.722,3.752,inf,4,0,0
gen_00842,4,-7.609,3.657,3.662,inf,4,0,0
gen_00842,5,-7.571,3.044,4.531,inf,4,0,0
gen_00842,6,-7.570,3.050,4.529,inf,4,0,0
gen_00842,7,-7.561,3.202,3.264,inf,4,0,0
gen_00842,8,-7.543,2.500,2.791,inf,4,0,0
gen_00842,9,-7.540,2.455,2.784,inf,4,0,0
gen_00842,10,-7.522,3.368,3.385,inf,4,0,0
gen_00843,1,-7.721,2.428,2.725,inf,2,0,0
gen_00844,1,-7.895,2.753,4.303,inf,4,0,0
gen_00844,2,-7.881,2.790,4.320,inf,4,0,0
gen_00844,3,-7.857,2.778,4.268,inf,4,0,0
gen_00844,4,-7.854,2.808,4.275,inf,4,0,0
gen_00844,5,-7.848,2.840,4.384,inf,4,0,0
gen_00844,6,-7.840,2.843,4.266,inf,4,0,0
gen_00844,7,-7.839,2.800,4.337,inf,4,0,0
gen_00844,8,-7.835,2.798,4.292,inf,4,0,0
gen_00844,9,-7.833,2.807,4.352,inf,4,0,0
gen_00844,10,-7.756,3.236,4.283,inf,4,0,0
gen_00845,1,-8.271,2.708,4.146,inf,2,0,0
gen_00845,2,-8.271,2.695,4.144,inf,2,0,0
gen_00846,1,-7.343,2.762,4.533,inf,2,0,0
gen_00847,1,-7.012,2.200,4.387,inf,2,0,0
gen_00847,2,-6.984,2.245,4.433,inf,2,0,0
gen_00848,1,-7.804,2.824,4.462,inf,4,0,0
gen_00848,2,-7.770,2.803,4.510,inf,4,0,0
gen_00848,3,-7.758,2.225,3.545,inf,4,0,0
gen_00848,4,-7.740,2.832,4.401,inf,4,0,0
gen_00848,5,-7.735,2.815,4.545,inf,4,0,0
gen_00848,6,-7.733,2.815,4.456,inf,4,0,0
gen_00848,7,-7.709,2.514,3.734,inf,4,0,0
gen_00848,8,-7.646,2.231,3.561,inf,4,0,0
gen_00849,1,-6.994,10.480,11.691,inf,2,0,0
gen_00849,2,-6.941,10.846,11.638,inf,2,0,0
gen_00849,3,-6.927,10.868,11.459,inf,2,0,0
gen_00849,4,-6.829,3.146,4.443,inf,2,0,0
gen_00850,1,-7.238,2.723,4.497,inf,2,0,0
gen_00850,2,-7.173,2.819,4.397,inf,2,0,0
gen_00850,3,-7.160,2.760,4.466,inf,2,0,0
gen_00850,4,-7.094,2.691,4.479,inf,2,0,0
gen_00850,5,-6.972,2.807,4.300,inf,2,0,0
gen_00851,1,-7.666,2.788,4.484,7.249,2,1,0
gen_00851,2,-7.616,2.828,4.523,7.333,2,1,0
gen_00852,1,-8.728,2.665,4.389,2.965,2,1,1
gen_00852,2,-8.701,2.697,4.376,2.954,2,1,1
gen_00852,3,-8.668,2.664,4.417,2.959,2,1,1
gen_00852,4,-8.611,2.709,4.417,2.982,2,1,1
gen_00853,1,-7.729,14.288,14.847,4.471,2,1,0
gen_00853,2,-7.725,14.679,14.754,4.286,2,1,0
gen_00853,3,-7.714,14.304,14.896,4.386,2,1,0
gen_00854,1,-6.771,3.346,4.735,4.813,2,1,0
gen_00855,1,-6.926,2.611,3.915,inf,2,0,0
gen_00855,2,-6.917,2.618,3.898,inf,2,0,0
gen_00855,3,-6.903,2.596,3.999,inf,2,0,0
gen_00855,4,-6.881,2.579,3.988,inf,2,0,0
gen_00856,1,-7.706,2.416,4.139,inf,2,0,0
gen_00856,2,-7.703,2.684,3.557,inf,2,0,0
gen_00856,3,-7.522,2.793,4.474,inf,2,0,0
gen_00857,1,-8.430,3.493,4.326,3.846,2,2,0
gen_00857,2,-8.426,3.526,4.335,3.875,2,2,0
gen_00857,3,-8.413,3.540,4.307,3.862,2,2,0
gen_00857,4,-8.352,3.508,4.328,3.867,2,2,0
gen_00857,5,-8.207,3.462,4.334,3.979,2,2,0
gen_00857,6,-8.149,3.056,4.760,3.588,2,2,0
gen_00857,7,-8.130,3.099,4.825,3.588,2,2,0
gen_00857,8,-8.127,2.824,4.551,3.557,2,2,0
gen_00858,1,-8.014,2.483,3.841,inf,2,0,0
gen_00858,2,-7.984,2.618,3.542,inf,2,0,0
gen_00858,3,-7.964,2.600,3.529,inf,2,0,0
gen_00858,4,-7.931,2.597,3.597,inf,2,0,0
gen_00859,1,-7.414,2.517,2.717,inf,2,0,0
gen_00859,2,-7.405,2.531,2.728,inf,2,0,0
gen_00860,1,-7.655,2.797,4.551,inf,2,0,0
gen_00860,2,-7.635,2.787,4.590,inf,2,0,0
gen_00860,3,-7.554,4.496,4.772,inf,2,0,0
gen_00860,4,-7.470,4.505,4.776,inf,2,0,0
gen_00860,5,-7.442,4.544,4.774,inf,2,0,0
gen_00860,6,-7.439,4.523,4.800,inf,2,0,0
gen_00861,1,-6.964,3.479,4.097,inf,2,0,0
gen_00861,2,-6.927,4.842,4.907,inf,2,0,0
gen_00861,3,-6.919,4.841,4.927,inf,2,0,0
gen_00861,4,-6.853,4.697,4.819,inf,2,0,0
gen_00862,1,-7.919,2.666,4.299,3.173,2,1,1
gen_00862,2,-7.786,2.686,4.335,3.206,2,1,1
gen_00862,3,-7.500,2.835,4.467,6.251,2,1,0
gen_00862,4,-7.476,2.799,4.477,6.594,2,1,0
gen_00862,5,-7.403,2.604,4.085,3.239,2,1,1
gen_00862,6,-7.331,2.714,4.398,3.062,2,1,1
gen_00862,7,-7.257,2.747,4.143,6.743,2,1,0
gen_00862,8,-1.869,2.674,4.132,3.241,2,1,1
gen_00863,1,-7.088,2.270,4.498,5.216,4,1,0
gen_00863,2,-7.079,2.253,4.447,5.333,4,1,0
gen_00863,3,-6.977,2.234,2.714,5.279,4,1,0
gen_00863,4,-6.974,2.201,2.630,5.736,4,1,0
gen_00863,5,-6.943,2.311,4.516,5.516,4,1,0
gen_00863,6,-6.925,2.211,2.725,5.625,4,1,0
gen_00863,7,-6.919,2.329,2.708,5.386,4,1,0
gen_00864,1,-8.067,2.460,4.190,inf,2,0,0
gen_00864,2,-8.067,2.673,3.779,inf,2,0,0
gen_00864,3,-7.988,2.581,4.221,inf,2,0,0
gen_00864,4,-7.892,2.779,4.238,inf,2,0,0
gen_00865,1,-7.627,8.027,8.965,inf,2,0,0
gen_00865,2,-7.618,7.999,8.956,inf,2,0,0
gen_00865,3,-7.616,7.895,8.842,inf,2,0,0
gen_00865,4,-7.483,14.917,15.613,inf,2,0,0
gen_00866,1,-8.678,3.184,4.477,4.596,2,1,0
gen_00866,2,-8.663,3.157,4.377,4.632,2,1,0
gen_00866,3,-8.610,3.443,4.176,3.847,2,1,0
gen_00866,4,-8.522,3.208,4.301,4.207,2,1,0
gen_00866,5,-8.466,2.861,4.367,4.852,2,1,0
gen_00866,6,-8.462,3.151,4.342,4.220,2,1,0
gen_00866,7,-8.455,2.771,4.341,4.846,2,1,0
gen_00866,8,-8.439,2.576,4.225,3.769,2,1,0
gen_00866,9,-8.436,2.565,4.245,3.748,2,1,0
gen_00867,1,-7.779,15.328,15.908,inf,2,0,0
gen_00867,2,-7.703,15.170,16.156,inf,2,0,0
gen_00867,3,-7.618,2.483,4.606,inf,2,0,0
gen_00868,1,-6.654,2.661,4.386,inf,2,0,0
gen_00868,2,-6.649,8.245,8.617,inf,2,0,0
gen_00868,3,-6.572,8.179,8.644,inf,2,0,0
gen_00869,1,-7.397,2.265,3.355,3.796,2,1,0
gen_00869,2,-7.364,2.320,3.250,3.840,2,1,0
gen_00870,1,-7.731,2.600,4.434,7.502,2,1,0
gen_00870,2,-7.678,2.589,4.529,7.463,2,1,0
gen_00870,3,-7.649,2.660,4.344,7.496,2,1,0
gen_00870,4,-7.579,2.612,4.403,7.253,2,1,0
gen_00870,5,-7.537,2.621,4.487,8.740,2,1,0
gen_00870,6,-7.528,2.567,4.451,8.587,2,1,0
gen_00870,7,-7.499,2.609,4.465,7.922,2,1,0
gen_00870,8,-7.469,2.490,4.340,7.682,2,1,0
gen_00871,1,-7.565,4.376,4.447,inf,2,0,0
gen_00872,1,-6.934,2.786,4.358,inf,2,0,0
gen_00872,2,-6.926,2.888,4.374,inf,2,0,0
gen_00872,3,-6.706,8.656,9.318,inf,2,0,0
gen_00872,4,-6.705,8.573,9.542,inf,2,0,0
gen_00872,5,-6.662,2.741,4.380,inf,2,0,0
gen_00872,6,-6.612,2.771,4.342,inf,2,0,0
gen_00873,1,-7.325,2.327,4.348,inf,2,0,0
gen_00874,1,-7.629,2.721,4.383,inf,2,0,0
gen_00875,1,-7.028,14.653,15.803,6.604,2,1,0
gen_00875,2,-6.887,2.608,3.663,10.141,2,1,0
gen_00875,3,-6.844,14.628,15.792,5.827,2,1,0
gen_00875,4,-6.698,15.002,15.772,6.237,2,1,0
gen_00876,1,-7.325,2.795,4.591,inf,2,0,0
gen_00876,2,-7.322,2.824,4.483,inf,2,0,0
gen_00876,3,-7.304,2.968,4.624,inf,2,0,0
gen_00876,4,-7.278,2.768,4.574,inf,2,0,0
gen_00876,5,-7.267,2.803,4.643,inf,2,0,0
gen_00876,6,-7.255,2.790,4.445,inf,2,0,0
gen_00877,1,-6.860,4.035,4.708,6.435,2,1,0
gen_00878,1,-7.858,11.079,13.236,4.392,2,1,0
gen_00878,2,-7.840,11.127,13.281,4.395,2,1,0
gen_00879,1,-7.192,2.246,4.472,5.282,2,1,0
gen_00880,1,-7.346,3.149,3.914,inf,2,0,0
gen_00880,2,-7.317,3.138,3.988,inf,2,0,0
gen_00880,3,-7.304,3.155,3.885,inf,2,0,0
gen_00880,4,-7.245,3.121,3.937,inf,2,0,0
gen_00881,1,-7.426,2.746,4.347,inf,4,0,0
gen_00881,2,-7.398,2.716,4.475,inf,4,0,0
gen_00881,3,-7.380,2.751,4.375,inf,4,0,0
gen_00881,4,-7.368,2.717,4.352,inf,4,0,0
gen_00881,5,-7.362,2.722,4.409,inf,4,0,0
gen_00881,6,-7.320,2.686,4.344,inf,4,0,0
gen_00882,1,-7.199,7.012,9.154,inf,2,0,0
gen_00882,2,-7.186,6.978,9.034,inf,2,0,0
gen_00882,3,-7.088,3.302,4.802,inf,2,0,0
gen_00882,4,-6.935,8.859,9.233,inf,2,0,0
gen_00882,5,-6.875,14.463,14.789,inf,2,0,0
gen_00882,6,-6.795,14.353,15.160,inf,2,0,0
gen_00883,1,-7.569,4.054,4.472,7.993,2,1,0
gen_00883,2,-7.520,4.020,4.502,8.022,2,1,0
gen_00883,3,-7.436,3.960,4.491,8.046,2,1,0
gen_00884,1,-7.256,2.839,4.540,inf,2,0,0
gen_00884,2,-7.248,2.810,4.510,inf,2,0,0
gen_00885,1,-8.371,2.874,4.409,inf,2,0,0
gen_00885,2,-8.359,2.856,4.392,inf,2,0,0
gen_00885,3,-8.354,2.894,4.413,inf,2,0,0
gen_00885,4,-8.337,2.855,4.376,inf,2,0,0
gen_00886,1,-6.917,2.759,4.326,5.682,2,1,0
gen_00886,2,-6.913,2.764,4.424,5.519,2,1,0
gen_00886,3,-6.904,2.770,4.432,5.508,2,1,0
gen_00886,4,-6.843,2.785,4.402,5.692,2,1,0
gen_00887,1,-7.793,2.722,4.277,inf,2,0,0
gen_00887,2,-7.784,2.699,4.251,inf,2,0,0
gen_00887,3,-7.752,2.740,4.248,inf,2,0,0
gen_00888,1,-8.171,2.548,4.334,inf,2,0,0
gen_00888,2,-8.073,2.691,3.713,inf,2,0,0
gen_00889,1,-7.820,2.757,4.492,inf,2,0,0
gen_00889,2,-7.725,2.823,4.360,inf,2,0,0
gen_00889,3,-7.715,2.730,4.293,inf,2,0,0
gen_00889,4,-7.692,2.573,4.452,inf,2,0,0
gen_00889,5,-7.684,2.533,4.443,inf,2,0,0
gen_00889,6,-7.638,2.811,4.384,inf,2,0,0
gen_00889,7,-7.626,2.753,4.319,inf,2,0,0
gen_00889,8,-7.540,2.764,4.304,inf,2,0,0
gen_00890,1,-7.642,2.637,4.441,inf,2,0,0
gen_00890,2,-7.631,2.636,4.438,inf,2,0,0
gen_00890,3,-7.630,2.564,4.398,inf,2,0,0
gen_00890,4,-7.613,2.682,4.415,inf,2,0,0
gen_00890,5,-7.604,2.708,4.442,inf,2,0,0
gen_00890,6,-7.590,2.633,4.457,inf,2,0,0
gen_00890,7,-7.589,2.606,4.433,inf,2,0,0
gen_00890,8,-7.583,2.640,4.408,inf,2,0,0
gen_00890,9,-7.565,2.734,4.478,inf,2,0,0
gen_00891,1,-6.869,2.627,4.469,inf,2,0,0
gen_00891,2,-6.836,2.686,4.433,inf,2,0,0
gen_00891,3,-6.774,2.580,4.437,inf,2,0,0
gen_00891,4,-6.771,2.594,4.446,inf,2,0,0
gen_00891,5,-6.764,2.632,4.445,inf,2,0,0
gen_00892,1,-8.272,2.741,4.329,inf,4,0,0
gen_00892,2,-8.261,2.742,4.376,inf,4,0,0
gen_00892,3,-8.250,2.739,4.347,inf,4,0,0
gen_00893,1,-8.230,2.608,3.755,inf,2,0,0
gen_00893,2,-8.213,2.691,4.331,inf,2,0,0
gen_00893,3,-8.210,2.592,3.752,inf,2,0,0
gen_00893,4,-8.209,2.604,3.808,inf,2,0,0
gen_00893,5,-8.206,2.645,4.183,inf,2,0,0
gen_00893,6,-8.180,2.598,3.768,inf,2,0,0
gen_00893,7,-8.167,2.664,4.231,inf,2,0,0
gen_00893,8,-8.127,2.788,3.562,inf,2,0,0
gen_00893,9,-8.105,2.671,4.251,inf,2,0,0
gen_00893,10,-8.100,2.773,3.647,inf,2,0,0
gen_00893,11,-8.083,2.685,3.716,inf,2,0,0
gen_00894,1,-7.404,2.279,2.590,6.141,2,1,0
gen_00894,2,-7.399,2.255,2.532,6.049,2,1,0
gen_00894,3,-7.310,2.655,4.093,7.824,2,1,0
gen_00894,4,-7.259,2.511,3.887,7.839,2,1,0
gen_00895,1,-7.935,9.566,11.162,inf,2,0,0
gen_00895,2,-7.915,9.551,11.125,inf,2,0,0
gen_00896,1,-8.246,3.913,5.275,inf,2,0,0
gen_00896,2,-8.216,3.879,5.300,inf,2,0,0
gen_00896,3,-7.397,13.137,14.223,inf,2,0,0
gen_00896,4,-7.387,4.237,5.863,inf,2,0,0
gen_00896,5,-7.377,13.443,14.017,inf,2,0,0
gen_00896,6,-7.257,13.114,14.147,inf,2,0,0
gen_00897,1,-7.756,2.690,3.954,inf,2,0,0
gen_00897,2,-7.751,2.549,4.217,inf,2,0,0
gen_00897,3,-7.462,2.413,4.139,inf,2,0,0
gen_00897,4,-7.454,2.634,4.274,inf,2,0,0
gen_00897,5,-7.266,2.589,2.735,inf,2,0,0
gen_00897,6,-7.140,2.662,2.853,inf,2,0,0
gen_00897,7,-6.873,2.330,4.483,inf,2,0,0
gen_00898,1,-8.433,13.824,14.718,inf,2,0,0
gen_00898,2,-8.382,2.780,4.401,inf,2,0,0
gen_00898,3,-8.288,13.779,14.764,inf,2,0,0
gen_00898,4,-8.134,17.440,19.436,inf,2,0,0
gen_00898,5,-8.116,13.494,14.609,inf,2,0,0
gen_00899,1,-8.044,9.372,10.640,inf,2,0,0
gen_00899,2,-8.019,9.384,10.522,inf,2,0,0
gen_00899,3,-8.010,9.324,10.625,inf,2,0,0
gen_00899,4,-7.953,9.214,10.560,inf,2,0,0
gen_00900,1,-7.953,2.804,3.973,inf,2,0,0
gen_00900,2,-7.939,2.816,4.004,inf,2,0,0
gen_00901,1,-7.420,8.659,9.372,inf,2,0,0
gen_00902,1,-7.940,3.080,4.449,inf,4,0,0
gen_00902,2,-7.893,2.856,4.407,inf,4,0,0
gen_00902,3,-7.837,2.960,4.514,inf,4,0,0
gen_00902,4,-7.824,2.833,4.516,inf,4,0,0
gen_00902,5,-7.814,2.803,3.966,inf,4,0,0
gen_00903,1,-25.959,1.635,3.843,inf,2,0,0
gen_00903,2,-21.913,6.369,8.013,inf,2,0,0
gen_00904,1,-7.932,2.752,3.504,inf,4,0,0
gen_00904,2,-7.920,2.872,3.689,inf,4,0,0
gen_00904,3,-7.905,2.860,3.730,inf,4,0,0
gen_00905,1,-7.782,2.775,4.494,inf,4,0,0
gen_00905,2,-7.772,2.677,4.399,inf,4,0,0
gen_00905,3,-7.770,2.714,4.406,inf,4,0,0
gen_00905,4,-7.767,2.680,4.398,inf,4,0,0
gen_00905,5,-7.611,2.678,4.086,inf,4,0,0
gen_00906,1,-6.271,3.188,3.785,inf,2,0,0
gen_00907,1,-6.696,2.207,3.865,inf,2,0,0
gen_00907,2,-6.673,2.674,3.595,inf,2,0,0
gen_00907,3,-6.670,2.201,3.852,inf,2,0,0
gen_00907,4,-6.653,2.775,4.420,inf,2,0,0
gen_00907,5,-6.652,2.753,4.364,inf,2,0,0
gen_00907,6,-6.616,2.436,3.644,inf,2,0,0
gen_00907,7,-6.546,8.016,8.402,inf,2,0,0
gen_00907,8,-6.506,2.795,4.455,inf,2,0,0
gen_00907,9,-6.468,2.201,3.840,inf,2,0,0
gen_00908,1,-7.870,2.714,4.373,4.332,2,1,0
gen_00908,2,-7.731,2.767,4.355,4.210,2,1,0
gen_00908,3,-7.681,2.645,4.382,3.861,2,1,0
gen_00909,1,-7.146,3.353,4.428,inf,2,0,0
gen_00909,2,-7.094,2.741,3.722,inf,2,0,0
gen_00909,3,-7.078,2.708,3.874,inf,2,0,0
gen_00910,1,-7.814,2.634,4.547,5.885,2,1,0
gen_00910,2,-7.805,2.667,4.582,5.868,2,1,0
gen_00910,3,-7.800,2.677,4.558,5.903,2,1,0
gen_00910,4,-7.794,2.639,4.541,5.904,2,1,0
gen_00911,1,-7.707,2.577,4.384,inf,2,0,0
gen_00911,2,-7.702,2.661,4.396,inf,2,0,0
gen_00912,1,-7.216,6.929,7.272,inf,2,0,0
gen_00912,2,-7.209,6.841,7.253,inf,2,0,0
gen_00913,1,-6.879,2.578,4.433,inf,2,0,0
gen_00913,2,-6.826,2.545,4.444,inf,2,0,0
gen_00913,3,-6.819,2.612,4.481,inf,2,0,0
gen_00913,4,-6.798,2.583,4.497,inf,2,0,0
gen_00913,5,-6.742,2.748,4.522,inf,2,0,0
gen_00913,6,-6.703,2.685,4.420,inf,2,0,0
gen_00914,1,-7.349,2.428,4.188,inf,2,0,0
gen_00914,2,-7.328,2.400,4.150,inf,2,0,0
gen_00914,3,-7.319,2.446,4.228,inf,2,0,0
gen_00915,1,-7.164,2.628,2.683,inf,4,0,0
gen_00915,2,-7.163,2.614,2.701,inf,4,0,0
gen_00915,3,-7.093,2.444,2.748,inf,4,0,0
gen_00915,4,-7.041,2.426,2.717,inf,4,0,0
gen_00916,1,-8.149,3.130,4.464,9.874,2,2,0
gen_00916,2,-8.041,3.027,4.434,9.970,2,2,0
gen_00916,3,-8.035,2.812,4.223,10.682,2,2,0
gen_00916,4,-8.015,3.238,4.514,11.215,2,2,0
gen_00916,5,-7.990,2.547,3.729,4.530,2,2,0
gen_00916,6,-7.986,2.803,4.494,10.450,2,2,0
gen_00916,7,-7.948,6.041,6.988,5.179,2,2,0
gen_00916,8,-7.944,2.364,4.518,3.864,2,2,0
gen_00916,9,-7.898,2.876,4.332,11.349,2,2,0
gen_00916,10,-7.868,3.148,4.439,10.249,2,2,0
gen_00917,1,-7.304,2.675,4.409,inf,2,0,0
gen_00917,2,-7.295,2.730,4.458,inf,2,0,0
gen_00917,3,-7.282,2.668,4.400,inf,2,0,0
gen_00917,4,-7.207,2.755,4.450,inf,2,0,0
gen_00917,5,-7.202,2.758,4.513,inf,2,0,0
gen_00917,6,-7.195,2.765,4.479,inf,2,0,0
gen_00917,7,-7.020,2.858,4.454,inf,2,0,0
gen_00917,8,-7.009,2.829,4.366,inf,2,0,0
gen_00917,9,-7.008,2.837,4.411,inf,2,0,0
gen_00917,10,-7.006,2.792,4.336,inf,2,0,0
gen_00918,1,-6.939,3.332,4.575,3.246,2,1,0
gen_00918,2,-6.780,3.270,4.566,2.973,2,1,0
gen_00918,3,-6.706,3.184,4.442,3.370,2,1,1
gen_00918,4,-6.686,3.445,4.535,3.261,2,1,0
gen_00918,5,-6.646,3.194,4.609,3.450,2,1,1
gen_00919,1,-7.621,2.652,4.399,inf,4,0,0
gen_00919,2,-7.605,2.726,4.342,inf,4,0,0
gen_00919,3,-7.574,2.689,4.270,inf,4,0,0
gen_00919,4,-7.532,2.678,4.335,inf,4,0,0
gen_00919,5,-7.521,2.805,4.380,inf,4,0,0
gen_00919,6,-7.516,2.637,4.331,inf,4,0,0
gen_00919,7,-7.495,2.672,4.272,inf,4,0,0
gen_00919,8,-7.457,2.740,4.252,inf,4,0,0
gen_00920,1,-7.095,2.643,4.381,4.464,2,1,0
gen_00920,2,-7.093,2.645,4.382,4.470,2,1,0
gen_00920,3,-7.076,2.612,4.364,4.465,2,1,0
gen_00920,4,-7.051,3.200,4.764,4.486,2,1,0
gen_00920,5,-6.975,2.989,4.620,4.454,2,1,0
gen_00920,6,-6.849,2.499,3.090,4.155,2,1,0
gen_00920,7,-6.782,2.612,4.415,4.579,2,1,0
gen_00921,1,-7.615,14.979,15.376,2.698,2,2,0
gen_00921,2,-7.595,14.944,15.353,2.703,2,2,0
gen_00921,3,-7.586,15.232,15.250,2.700,2,2,0
gen_00921,4,-7.579,15.221,15.238,2.711,2,2,0
gen_00922,1,-7.535,2.814,4.361,inf,2,0,0
gen_00922,2,-7.519,2.802,4.367,inf,2,0,0
gen_00922,3,-7.519,2.830,4.368,inf,2,0,0
gen_00922,4,-7.032,2.718,3.476,inf,2,0,0
gen_00923,1,-8.033,2.606,4.218,inf,2,0,0
gen_00923,2,-7.950,2.561,4.357,inf,2,0,0
gen_00923,3,-7.947,2.518,4.382,inf,2,0,0
gen_00923,4,-7.736,2.773,4.418,inf,2,0,0
gen_00923,5,-7.675,2.771,4.388,inf,2,0,0
gen_00924,1,-7.304,2.539,4.417,5.810,2,1,0
gen_00925,1,-6.422,2.703,4.511,4.171,2,1,0
gen_00925,2,-6.412,2.711,4.497,4.181,2,1,0
gen_00925,3,-6.172,2.754,4.519,4.280,2,1,0
gen_00926,1,-7.004,2.727,4.410,inf,2,0,0
gen_00926,2,-6.951,2.693,4.386,inf,2,0,0
gen_00927,1,-6.877,2.700,4.266,inf,2,0,0
gen_00927,2,-6.781,2.221,4.394,inf,2,0,0
gen_00928,1,-7.901,3.156,5.204,4.482,2,1,0
gen_00928,2,-7.870,3.108,5.180,4.508,2,1,0
gen_00928,3,-7.852,3.264,5.360,4.541,2,1,0
gen_00928,4,-7.838,2.371,3.069,4.688,2,1,0
gen_00928,5,-7.801,2.216,3.165,4.586,2,1,0
gen_00928,6,-7.762,4.022,5.637,4.358,2,1,0
gen_00928,7,-7.596,2.643,4.402,6.964,2,1,0
gen_00928,8,-7.579,4.413,6.097,4.386,2,1,0
gen_00928,9,-7.564,2.554,4.308,7.533,2,1,0
gen_00928,10,-7.548,2.635,4.083,7.399,2,1,0
gen_00929,1,-7.828,3.268,4.015,inf,2,0,0
gen_00929,2,-7.827,3.220,4.060,inf,2,0,0
gen_00929,3,-7.821,3.293,4.019,inf,2,0,0
gen_00930,1,-7.882,3.292,4.355,inf,2,0,0
gen_00930,2,-7.841,3.458,4.400,inf,2,0,0
gen_00931,1,-7.780,2.652,2.695,inf,2,0,0
gen_00931,2,-7.567,14.661,14.797,inf,2,0,0
gen_00932,1,-7.487,3.126,3.681,inf,2,0,0
gen_00933,1,-7.661,3.303,4.366,inf,2,0,0
gen_00933,2,-7.622,3.518,4.418,inf,2,0,0
gen_00933,3,-7.567,2.619,2.994,inf,2,0,0
gen_00933,4,-7.547,2.678,2.741,inf,2,0,0
gen_00933,5,-7.534,2.654,2.709,inf,2,0,0
gen_00933,6,-7.506,2.814,4.436,inf,2,0,0
gen_00934,1,-7.048,8.410,10.630,inf,2,0,0
gen_00934,2,-7.047,2.639,4.328,inf,2,0,0
gen_00934,3,-7.041,2.620,4.463,inf,2,0,0
gen_00935,1,-7.894,4.285,5.524,inf,2,0,0
gen_00935,2,-7.863,4.471,5.258,inf,2,0,0
gen_00936,1,-8.897,2.776,4.478,inf,2,0,0
gen_00936,2,-8.858,2.735,4.385,inf,2,0,0
gen_00936,3,-8.823,2.734,4.432,inf,2,0,0
gen_00936,4,-8.814,2.781,4.486,inf,2,0,0
gen_00936,5,-8.759,2.757,4.424,inf,2,0,0
gen_00936,6,-8.744,2.767,4.336,inf,2,0,0
gen_00936,7,-8.708,2.813,4.444,inf,2,0,0
gen_00936,8,-8.704,2.795,4.409,inf,2,0,0
gen_00936,9,-8.699,2.692,4.486,inf,2,0,0
gen_00936,10,-8.689,2.831,4.332,inf,2,0,0
gen_00936,11,-8.686,2.772,4.464,inf,2,0,0
gen_00936,12,-8.685,2.805,4.454,inf,2,0,0
gen_00936,13,-8.624,2.766,4.374,inf,2,0,0
gen_00936,14,-8.543,2.879,4.409,inf,2,0,0
gen_00937,1,-8.213,2.763,4.454,inf,2,0,0
gen_00937,2,-8.187,2.743,4.401,inf,2,0,0
gen_00938,1,-7.401,4.140,5.079,inf,2,0,0
gen_00939,1,-8.398,3.177,3.512,inf,2,0,0
gen_00939,2,-8.396,3.199,3.520,inf,2,0,0
gen_00939,3,-8.390,3.163,3.635,inf,2,0,0
gen_00939,4,-8.383,3.150,3.605,inf,2,0,0
gen_00939,5,-8.382,3.871,4.187,inf,2,0,0
gen_00939,6,-8.375,3.097,3.594,inf,2,0,0
gen_00939,7,-8.363,3.929,4.086,inf,2,0,0
gen_00939,8,-8.361,3.913,4.413,inf,2,0,0
gen_00939,9,-8.351,3.102,3.663,inf,2,0,0
gen_00939,10,-8.346,2.696,3.449,inf,2,0,0
gen_00940,1,-7.522,2.737,3.466,inf,2,0,0
gen_00940,2,-7.438,2.779,3.505,inf,2,0,0
gen_00940,3,-7.381,2.698,3.798,inf,2,0,0
gen_00940,4,-7.369,2.715,3.688,inf,2,0,0
gen_00941,1,-8.278,3.136,4.651,inf,4,0,0
gen_00941,2,-8.263,3.860,4.547,inf,4,0,0
gen_00941,3,-8.254,3.862,4.600,inf,4,0,0
gen_00941,4,-8.045,2.801,4.497,inf,4,0,0
gen_00941,5,-8.044,2.779,4.476,inf,4,0,0
gen_00942,1,-8.107,2.807,4.240,inf,2,0,0
gen_00942,2,-8.090,2.742,4.184,inf,2,0,0
gen_00942,3,-8.085,2.738,4.192,inf,2,0,0
gen_00942,4,-8.051,2.725,4.288,inf,2,0,0
gen_00942,5,-8.049,2.695,4.288,inf,2,0,0
gen_00943,1,-7.567,2.569,4.251,inf,2,0,0
gen_00943,2,-7.566,2.463,4.360,inf,2,0,0
gen_00943,3,-7.482,2.540,4.329,inf,2,0,0
gen_00943,4,-7.253,2.741,4.464,inf,2,0,0
gen_00943,5,-7.191,2.768,4.481,inf,2,0,0
gen_00943,6,-7.184,2.789,4.514,inf,2,0,0
gen_00944,1,-6.714,2.302,2.857,4.076,4,1,0
gen_00944,2,-6.680,2.265,2.816,4.150,4,1,0
gen_00944,3,-6.624,2.296,2.800,4.151,4,1,0
gen_00945,1,-7.482,2.680,4.416,inf,4,0,0
gen_00946,1,-7.627,2.665,4.155,inf,2,0,0
gen_00946,2,-7.593,2.623,4.153,inf,2,0,0
gen_00946,3,-7.552,2.626,4.157,inf,2,0,0
gen_00946,4,-7.230,11.262,13.280,inf,2,0,0
gen_00947,1,-7.408,3.067,4.374,inf,2,0,0
gen_00947,2,-7.350,2.697,3.995,inf,2,0,0
gen_00947,3,-7.281,2.714,4.038,inf,2,0,0
gen_00948,1,-7.424,2.816,4.509,inf,4,0,0
gen_00948,2,-7.418,2.775,4.496,inf,4,0,0
gen_00949,1,-7.190,2.466,3.125,inf,4,0,0
gen_00949,2,-7.186,2.475,3.170,inf,4,0,0
gen_00949,3,-7.179,2.448,3.167,inf,4,0,0
gen_00949,4,-7.168,2.471,3.123,inf,4,0,0
gen_00950,1,-54.444,5.947,6.025,inf,2,0,0
gen_00950,2,-50.181,6.751,8.052,inf,2,0,0
gen_00950,3,-50.096,4.062,5.905,inf,2,0,0
gen_00950,4,-44.804,9.918,10.470,inf,2,0,0
gen_00951,1,-7.462,2.743,4.513,inf,2,0,0
gen_00951,2,-7.425,2.804,4.510,inf,2,0,0
gen_00952,1,-7.409,2.799,4.472,inf,2,0,0
gen_00952,2,-7.408,2.759,4.444,inf,2,0,0
gen_00952,3,-7.404,2.806,4.479,inf,2,0,0
gen_00953,1,-7.912,2.792,4.452,inf,4,0,0
gen_00953,2,-7.911,2.825,4.431,inf,4,0,0
gen_00953,3,-7.882,2.823,4.415,inf,4,0,0
gen_00953,4,-7.875,2.787,4.407,inf,4,0,0
gen_00954,1,-7.770,2.286,4.139,inf,2,0,0
gen_00954,2,-7.745,2.307,4.211,inf,2,0,0
gen_00954,3,-7.720,2.519,3.058,inf,2,0,0
gen_00954,4,-7.688,2.336,4.348,inf,2,0,0
gen_00954,5,-7.687,2.365,3.370,inf,2,0,0
gen_00954,6,-7.670,2.618,4.272,inf,2,0,0
gen_00955,1,-8.023,2.698,4.359,inf,2,0,0
gen_00955,2,-8.022,2.735,4.461,inf,2,0,0
gen_00955,3,-8.012,2.757,4.488,inf,2,0,0
gen_00955,4,-7.980,2.637,4.376,inf,2,0,0
gen_00955,5,-7.952,2.729,4.465,inf,2,0,0
gen_00955,6,-7.918,2.837,4.555,inf,2,0,0
gen_00955,7,-7.913,2.835,4.499,inf,2,0,0
gen_00955,8,-7.904,2.672,4.402,inf,2,0,0
gen_00955,9,-7.896,2.717,4.439,inf,2,0,0
gen_00955,10,-7.891,2.810,4.322,inf,2,0,0
gen_00955,11,-7.879,2.860,4.703,inf,2,0,0
gen_00955,12,-7.837,2.550,2.709,inf,2,0,0
gen_00955,13,-7.822,2.594,2.695,inf,2,0,0
gen_00955,14,-7.783,2.635,2.679,inf,2,0,0
gen_00956,1,-7.090,2.728,4.423,inf,2,0,0
gen_00956,2,-7.043,2.728,4.509,inf,2,0,0
gen_00956,3,-7.001,2.709,4.492,inf,2,0,0
gen_00956,4,-6.980,2.711,4.497,inf,2,0,0
gen_00956,5,-6.921,2.703,4.176,inf,2,0,0
gen_00956,6,-6.910,2.702,4.099,inf,2,0,0
gen_00956,7,-6.809,2.720,4.058,inf,2,0,0
gen_00957,1,-7.388,3.124,4.266,inf,2,0,0
gen_00957,2,-7.378,3.156,4.316,inf,2,0,0
gen_00957,3,-7.369,3.167,4.318,inf,2,0,0
gen_00957,4,-7.301,3.172,4.510,inf,2,0,0
gen_00958,1,-8.545,2.601,4.471,inf,2,0,0
gen_00958,2,-8.542,2.541,4.397,inf,2,0,0
gen_00958,3,-8.517,2.583,4.483,inf,2,0,0
gen_00958,4,-8.512,2.828,4.515,inf,2,0,0
gen_00958,5,-8.506,2.825,4.503,inf,2,0,0
gen_00958,6,-8.481,2.806,4.486,inf,2,0,0
gen_00958,7,-8.388,2.711,3.670,inf,2,0,0
gen_00958,8,-8.343,2.770,3.515,inf,2,0,0
gen_00958,9,-8.320,2.747,3.636,inf,2,0,0
gen_00958,10,-8.309,2.746,3.692,inf,2,0,0
gen_00958,11,-8.298,2.769,3.641,inf,2,0,0
gen_00959,1,-8.087,2.492,3.919,inf,2,0,0
gen_00959,2,-8.011,2.505,3.864,inf,2,0,0
gen_00959,3,-7.943,2.446,3.968,inf,2,0,0
gen_00959,4,-7.928,2.446,3.906,inf,2,0,0
gen_00959,5,-7.885,2.472,3.896,inf,2,0,0
gen_00960,1,-7.830,15.320,15.532,inf,2,0,0
gen_00960,2,-7.827,15.306,15.671,inf,2,0,0
gen_00960,3,-7.825,15.108,15.696,inf,2,0,0
gen_00960,4,-7.825,15.089,15.755,inf,2,0,0
gen_00961,1,-6.880,2.693,3.933,4.124,2,1,0
gen_00962,1,-7.551,2.700,4.049,inf,2,0,0
gen_00963,1,-6.819,2.260,4.473,4.508,2,1,0
gen_00963,2,-6.818,2.283,4.503,4.466,2,1,0
gen_00963,3,-6.818,2.202,4.393,4.339,2,1,0
gen_00963,4,-6.807,2.237,4.453,4.468,2,1,0
gen_00963,5,-6.806,2.202,4.402,4.375,2,1,0
gen_00963,6,-6.800,2.280,4.509,4.440,2,1,0
gen_00964,1,-7.400,2.643,4.349,inf,2,0,0
gen_00964,2,-7.374,2.625,4.353,inf,2,0,0
gen_00965,1,-8.332,2.725,3.349,inf,2,0,0
gen_00965,2,-8.301,2.677,3.304,inf,2,0,0
gen_00965,3,-8.252,2.710,2.964,inf,2,0,0
gen_00965,4,-8.223,2.693,3.019,inf,2,0,0
gen_00966,1,-7.777,3.762,4.573,inf,4,0,0
gen_00966,2,-7.755,4.232,4.675,inf,4,0,0
gen_00967,1,-8.036,3.672,4.359,4.492,2,1,0
gen_00967,2,-7.874,2.373,3.709,5.203,2,1,0
gen_00967,3,-7.860,3.631,3.769,4.796,2,1,0
gen_00967,4,-7.818,3.860,3.957,4.677,2,1,0
gen_00967,5,-7.791,3.602,3.857,4.566,2,1,0
gen_00967,6,-7.765,3.935,4.059,4.522,2,1,0
gen_00967,7,-7.610,10.688,11.707,7.477,2,1,0
gen_00967,8,-7.599,10.591,11.795,7.739,2,1,0
gen_00968,1,-7.307,2.774,4.605,2.914,4,1,1
gen_00968,2,-7.289,2.770,4.597,2.930,4,1,1
gen_00968,3,-7.232,2.790,4.537,2.887,4,1,1
gen_00968,4,-7.212,2.812,4.549,2.923,4,1,1
gen_00968,5,-7.197,2.800,4.517,2.916,4,1,1
gen_00969,1,-7.955,2.825,4.538,inf,4,0,0
gen_00969,2,-7.862,2.819,4.518,inf,4,0,0
gen_00969,3,-7.837,2.800,4.458,inf,4,0,0
gen_00969,4,-7.795,2.771,4.511,inf,4,0,0
gen_00969,5,-7.772,2.644,4.190,inf,4,0,0
gen_00969,6,-7.731,2.824,4.567,inf,4,0,0
gen_00969,7,-7.723,2.758,4.499,inf,4,0,0
gen_00969,8,-7.706,2.842,4.541,inf,4,0,0
gen_00969,9,-7.679,2.785,4.530,inf,4,0,0
gen_00970,1,-7.835,2.765,4.269,inf,2,0,0
gen_00971,1,-8.114,2.681,4.398,4.396,2,1,0
gen_00972,1,-7.476,17.214,17.934,5.271,2,1,0
gen_00972,2,-7.466,17.204,17.927,5.276,2,1,0
gen_00972,3,-7.212,2.405,4.479,4.103,2,1,0
gen_00972,4,-7.196,2.379,4.464,4.035,2,1,0
gen_00973,1,-7.956,2.663,4.398,4.223,4,1,0
gen_00973,2,-7.930,2.722,4.444,4.195,4,1,0
gen_00974,1,-7.040,2.966,4.705,inf,4,0,0
gen_00974,2,-7.016,2.865,4.596,inf,4,0,0
gen_00974,3,-6.980,3.033,4.723,inf,4,0,0
gen_00974,4,-6.922,7.800,10.024,inf,4,0,0
gen_00974,5,-6.908,7.744,9.948,inf,4,0,0
gen_00974,6,-6.897,2.976,4.752,inf,4,0,0
gen_00974,7,-6.892,7.608,9.842,inf,4,0,0
gen_00975,1,-8.096,2.798,4.844,3.683,2,2,0
gen_00975,2,-8.036,2.632,4.764,3.582,2,2,0
gen_00975,3,-8.027,2.635,4.745,3.476,2,2,1
gen_00975,4,-8.014,3.031,5.120,3.595,2,2,0
gen_00975,5,-7.950,2.769,4.947,3.659,2,2,0
gen_00975,6,-7.950,2.659,4.498,3.422,2,2,1
gen_00976,1,-7.604,3.172,4.304,inf,2,0,0
gen_00976,2,-7.603,3.158,4.295,inf,2,0,0
gen_00976,3,-7.560,3.221,4.364,inf,2,0,0
gen_00977,1,-7.906,2.748,4.404,inf,4,0,0
gen_00977,2,-7.883,2.701,4.410,inf,4,0,0
gen_00977,3,-7.781,2.731,4.492,inf,4,0,0
gen_00977,4,-7.754,2.774,4.490,inf,4,0,0
gen_00977,5,-7.506,2.703,4.288,inf,4,0,0
gen_00977,6,-7.476,2.716,3.730,inf,4,0,0
gen_00977,7,-7.373,4.809,5.623,inf,4,0,0
gen_00977,8,-7.372,4.884,5.256,inf,4,0,0
gen_00977,9,-7.302,4.879,5.044,inf,4,0,0
gen_00977,10,-7.275,5.039,5.884,inf,4,0,0
gen_00978,1,-7.486,14.369,15.716,inf,2,0,0
gen_00978,2,-7.402,14.373,14.882,inf,2,0,0
gen_00978,3,-7.261,2.799,4.497,inf,2,0,0
gen_00978,4,-7.249,2.809,4.524,inf,2,0,0
gen_00978,5,-7.167,2.805,4.467,inf,2,0,0
gen_00979,1,-8.377,2.551,2.600,2.678,2,1,1
gen_00979,2,-8.256,2.716,4.363,2.850,2,1,1
gen_00979,3,-8.037,2.742,4.413,5.597,2,1,0
gen_00980,1,-6.669,2.777,4.534,inf,2,0,0
gen_00980,2,-6.559,2.760,4.531,inf,2,0,0
gen_00980,3,-6.489,2.384,2.708,inf,2,0,0
gen_00980,4,-6.464,2.626,2.760,inf,2,0,0
gen_00980,5,-6.425,2.686,4.535,inf,2,0,0
gen_00980,6,-6.351,8.458,9.871,inf,2,0,0
gen_00980,7,-6.350,8.628,9.854,inf,2,0,0
gen_00980,8,-6.346,8.557,9.841,inf,2,0,0
gen_00980,9,-6.314,8.510,9.946,inf,2,0,0
gen_00980,10,-6.291,11.150,12.517,inf,2,0,0
gen_00980,11,-6.142,2.431,3.990,inf,2,0,0
gen_00980,12,-6.082,2.814,4.544,inf,2,0,0
gen_00980,13,-6.055,2.693,4.282,inf,2,0,0
gen_00980,14,-5.962,10.666,12.370,inf,2,0,0
gen_00981,1,8.354,14.952,15.234,inf,2,0,0
gen_00982,1,-7.012,2.616,2.680,inf,2,0,0
gen_00982,2,-7.004,2.570,2.699,inf,2,0,0
gen_00983,1,-7.890,3.869,5.265,inf,2,0,0
gen_00983,2,-7.876,3.868,5.273,inf,2,0,0
gen_00983,3,-7.872,3.886,5.275,inf,2,0,0
gen_00984,1,-7.755,3.172,4.437,inf,2,0,0
gen_00985,1,-7.999,2.767,4.198,inf,2,0,0
gen_00985,2,-7.894,2.727,4.210,inf,2,0,0
gen_00985,3,-7.863,2.765,4.458,inf,2,0,0
gen_00985,4,-7.858,2.836,4.386,inf,2,0,0
gen_00985,5,-7.843,2.713,3.791,inf,2,0,0
gen_00986,1,-7.103,2.969,4.410,inf,2,0,0
gen_00987,1,-7.555,2.826,4.457,5.281,2,1,0
gen_00987,2,-7.525,2.834,4.433,5.297,2,1,0
gen_00988,1,-7.885,9.615,11.352,inf,2,0,0
gen_00988,2,-7.878,9.624,11.388,inf,2,0,0
gen_00988,3,-7.874,9.648,11.396,inf,2,0,0
gen_00988,4,-7.802,9.618,11.396,inf,2,0,0
gen_00988,5,-7.611,2.310,4.511,inf,2,0,0
gen_00989,1,-7.881,6.076,6.258,inf,2,0,0
gen_00989,2,-7.801,6.288,6.376,inf,2,0,0
gen_00989,3,-7.738,2.778,4.491,inf,2,0,0
gen_00989,4,-7.710,2.767,4.474,inf,2,0,0
gen_00990,1,-7.754,2.829,4.438,inf,4,0,0
gen_00990,2,-7.739,2.894,4.403,inf,4,0,0
gen_00991,1,-7.783,2.653,2.836,2.851,2,1,1
gen_00992,1,-8.723,2.778,4.342,5.180,2,1,0
gen_00993,1,-7.933,2.555,4.104,inf,2,0,0
gen_00993,2,-7.913,2.586,4.265,inf,2,0,0
gen_00993,3,-7.866,2.667,4.424,inf,2,0,0
gen_00994,1,-8.053,2.602,4.574,inf,2,0,0
gen_00994,2,-8.026,2.603,4.563,inf,2,0,0
gen_00995,1,-7.778,2.679,4.107,inf,2,0,0
gen_00995,2,-7.776,2.662,4.073,inf,2,0,0
gen_00996,1,-8.111,2.804,3.523,inf,2,0,0
gen_00996,2,-8.016,2.876,4.399,inf,2,0,0
gen_00996,3,-7.943,2.804,3.453,inf,2,0,0
gen_00997,1,-7.192,2.713,4.366,inf,4,0,0
gen_00997,2,-7.156,2.751,4.335,inf,4,0,0
gen_00997,3,-7.152,2.770,4.336,inf,4,0,0
gen_00998,1,-7.469,2.815,4.532,inf,4,0,0
gen_00998,2,-7.458,2.799,4.569,inf,4,0,0
gen_00998,3,-7.450,2.799,4.529,inf,4,0,0
gen_00998,4,-7.439,2.811,4.588,inf,4,0,0
gen_00998,5,-7.408,2.788,4.508,inf,4,0,0
gen_00999,1,-7.986,2.720,4.390,inf,2,0,0
gen_01000,1,-6.618,3.753,5.351,inf,2,0,0
gen_01000,2,-6.612,3.702,5.407,inf,2,0,0
gen_01000,3,-6.604,3.706,5.304,inf,2,0,0
gen_01000,4,-6.603,3.820,5.349,inf,2,0,0
gen_01001,1,-8.325,3.166,4.515,inf,2,0,0
gen_01001,2,-8.297,3.119,4.398,inf,2,0,0
gen_01001,3,-8.140,3.044,4.369,inf,2,0,0
gen_01002,1,-8.744,2.761,3.768,4.813,2,1,0
gen_01002,2,-8.687,2.726,3.778,4.795,2,1,0
gen_01002,3,-8.579,3.038,4.389,4.487,2,1,0
gen_01002,4,-8.463,2.955,3.956,4.909,2,1,0
gen_01002,5,-8.456,2.719,4.411,3.747,2,1,0
gen_01002,6,-8.403,2.717,4.454,3.783,2,1,0
gen_01002,7,-8.313,2.732,4.482,3.552,2,1,0
gen_01002,8,-8.296,2.754,4.528,3.792,2,1,0
gen_01002,9,-8.278,2.820,4.574,3.466,2,1,1
gen_01002,10,-8.206,2.774,4.442,3.791,2,1,0
gen_01002,11,-8.094,2.809,4.603,3.372,2,1,1
gen_01002,12,-7.994,15.001,15.083,6.469,2,1,0
gen_01003,1,-7.374,2.801,4.293,inf,2,0,0
gen_01004,1,-7.650,2.660,3.027,inf,4,0,0
gen_01004,2,-7.649,2.605,2.701,inf,4,0,0
gen_01004,3,-7.620,2.603,2.962,inf,4,0,0
gen_01004,4,-7.607,2.541,2.646,inf,4,0,0
gen_01004,5,-7.593,2.573,2.988,inf,4,0,0
gen_01004,6,-7.563,2.695,2.774,inf,4,0,0
gen_01004,7,-7.523,2.535,2.676,inf,4,0,0
gen_01005,1,-7.257,2.741,4.267,inf,2,0,0
gen_01005,2,-7.245,2.717,4.279,inf,2,0,0
gen_01006,1,-7.733,2.723,4.546,4.355,2,1,0
gen_01006,2,-7.727,2.727,4.585,4.460,2,1,0
gen_01006,3,-7.680,2.679,4.506,4.269,2,1,0
gen_01006,4,-7.670,2.710,4.464,4.404,2,1,0
gen_01006,5,-7.658,2.791,4.663,4.546,2,1,0
gen_01006,6,-7.636,2.702,4.432,4.328,2,1,0
gen_01006,7,-7.617,3.004,4.664,4.585,2,1,0
gen_01006,8,-7.607,2.721,3.680,3.563,2,1,0
gen_01006,9,-7.594,2.837,4.600,5.910,2,1,0
gen_01006,10,-7.587,2.722,3.664,3.666,2,1,0
gen_01006,11,-7.581,2.767,3.490,3.626,2,1,0
gen_01006,12,-7.547,2.731,3.507,3.605,2,1,0
gen_01006,13,-7.527,2.730,3.513,3.529,2,1,0
gen_01007,1,-7.486,14.154,14.654,4.804,2,1,0
gen_01007,2,-7.448,14.120,14.650,4.741,2,1,0
gen_01007,3,-7.423,14.492,14.538,4.793,2,1,0
gen_01007,4,-7.420,14.209,14.625,4.893,2,1,0
gen_01008,1,-7.933,2.587,3.125,inf,2,0,0
gen_01009,1,-6.968,10.273,10.546,inf,2,0,0
gen_01009,2,-6.955,6.133,6.191,inf,2,0,0
gen_01009,3,-6.947,6.160,6.199,inf,2,0,0
gen_01009,4,-6.881,6.117,6.181,inf,2,0,0
gen_01009,5,-6.859,2.777,4.479,inf,2,0,0
gen_01009,6,-6.855,2.753,4.482,inf,2,0,0
gen_01009,7,-6.843,10.177,10.457,inf,2,0,0
gen_01009,8,-6.797,6.013,6.357,inf,2,0,0
gen_01009,9,-6.786,6.121,6.125,inf,2,0,0
gen_01010,1,-7.290,2.675,4.331,inf,2,0,0
gen_01010,2,-7.277,2.709,4.457,inf,2,0,0
gen_01010,3,-7.264,2.701,4.443,inf,2,0,0
gen_01011,1,-7.234,2.822,4.540,inf,2,0,0
gen_01011,2,-7.207,2.775,4.426,inf,2,0,0
gen_01012,1,-7.742,2.813,4.360,4.125,2,1,0
gen_01012,2,-7.722,2.789,4.227,4.356,2,1,0
gen_01013,1,-7.473,2.773,4.461,inf,2,0,0
gen_01013,2,-7.467,2.758,4.451,inf,2,0,0
gen_01014,1,-8.467,2.724,3.794,inf,2,0,0
gen_01014,2,-8.458,2.756,3.779,inf,2,0,0
gen_01014,3,-8.451,2.774,3.772,inf,2,0,0
gen_01014,4,-8.448,2.804,3.779,inf,2,0,0
gen_01014,5,-8.422,2.737,3.759,inf,2,0,0
gen_01014,6,-8.418,2.713,3.734,inf,2,0,0
gen_01015,1,-8.152,15.182,15.551,inf,2,0,0
gen_01015,2,-8.035,13.892,14.702,inf,2,0,0
gen_01015,3,-8.007,14.836,16.345,inf,2,0,0
gen_01015,4,-7.990,14.750,16.106,inf,2,0,0
gen_01015,5,-7.965,15.669,15.787,inf,2,0,0
gen_01015,6,-7.964,14.799,15.178,inf,2,0,0
gen_01015,7,-7.962,14.651,14.711,inf,2,0,0
gen_01015,8,-7.953,14.053,14.591,inf,2,0,0
gen_01015,9,-7.939,14.827,16.029,inf,2,0,0
gen_01015,10,-7.915,14.538,15.706,inf,2,0,0
gen_01015,11,-7.858,15.011,15.048,inf,2,0,0
gen_01015,12,-7.746,14.179,15.572,inf,2,0,0
gen_01016,1,-6.724,2.770,4.420,4.694,2,2,0
gen_01016,2,-6.662,2.713,4.464,4.699,2,2,0
gen_01016,3,-6.567,2.708,4.306,6.737,2,2,0
gen_01017,1,-8.446,2.824,4.371,4.998,2,1,0
gen_01018,1,-100.582,6.829,8.202,inf,2,0,0
gen_01019,1,-81.483,4.938,5.530,inf,2,0,0
gen_01020,1,-8.122,3.754,4.722,inf,2,0,0
gen_01020,2,-8.117,3.701,4.632,inf,2,0,0
gen_01020,3,-8.110,3.783,4.685,inf,2,0,0
gen_01021,1,-7.506,2.546,3.057,inf,2,0,0
gen_01021,2,-7.453,2.531,2.842,inf,2,0,0
gen_01021,3,-7.431,2.696,2.726,inf,2,0,0
gen_01022,1,-8.282,2.819,4.540,inf,2,0,0
gen_01022,2,-8.277,2.795,4.549,inf,2,0,0
gen_01023,1,-7.012,2.607,2.708,inf,2,0,0
gen_01023,2,-6.948,15.556,15.927,inf,2,0,0
gen_01023,3,-6.922,15.566,15.594,inf,2,0,0
gen_01023,4,-6.912,2.667,2.684,inf,2,0,0
gen_01023,5,-6.908,15.317,15.666,inf,2,0,0
gen_01023,6,-6.872,15.563,15.622,inf,2,0,0
gen_01023,7,-6.845,15.375,15.614,inf,2,0,0
gen_01024,1,-7.162,2.466,2.597,inf,2,0,0
gen_01024,2,-7.143,2.460,2.559,inf,2,0,0
gen_01024,3,-7.093,2.403,3.744,inf,2,0,0
gen_01024,4,-7.078,2.366,2.775,inf,2,0,0
gen_01024,5,-7.056,2.449,3.583,inf,2,0,0
gen_01024,6,-6.972,2.741,4.275,inf,2,0,0
gen_01024,7,-6.967,2.384,3.223,inf,2,0,0
gen_01025,1,-7.692,7.602,9.120,4.187,2,1,0
gen_01025,2,-7.666,3.634,4.577,4.463,2,1,0
gen_01025,3,-7.579,3.524,4.626,4.564,2,1,0
gen_01025,4,-7.578,7.437,8.915,4.272,2,1,0
gen_01026,1,-9.359,2.737,4.250,inf,2,0,0
gen_01026,2,-9.354,2.689,4.213,inf,2,0,0
gen_01026,3,-9.298,2.694,3.850,inf,2,0,0
gen_01027,1,-7.738,2.501,4.500,inf,2,0,0
gen_01027,2,-7.732,2.583,4.629,inf,2,0,0
gen_01028,1,-7.013,2.733,4.257,inf,2,0,0
gen_01028,2,-6.788,2.829,4.469,inf,2,0,0
gen_01029,1,-8.139,2.769,4.183,2.799,2,1,1
gen_01029,2,-8.135,2.815,4.387,5.924,2,1,0
gen_01029,3,-8.117,2.816,4.053,2.846,2,1,1
gen_01029,4,-8.044,2.702,4.099,2.880,2,1,1
gen_01029,5,-8.036,2.924,4.441,5.816,2,1,0
gen_01030,1,-7.760,5.104,5.358,inf,2,0,0
gen_01030,2,-7.759,5.236,5.239,inf,2,0,0
gen_01030,3,-7.743,5.259,5.322,inf,2,0,0
gen_01030,4,-7.741,5.008,5.325,inf,2,0,0
gen_01030,5,-7.653,5.093,5.103,inf,2,0,0
gen_01030,6,-7.495,2.840,4.530,inf,2,0,0
gen_01031,1,-7.901,2.388,2.782,inf,2,0,0
gen_01031,2,-7.866,2.510,2.693,inf,2,0,0
gen_01031,3,-7.746,2.787,4.528,inf,2,0,0
gen_01031,4,-7.733,2.787,4.486,inf,2,0,0
gen_01031,5,-7.722,2.718,4.481,inf,2,0,0
gen_01031,6,-7.721,2.688,4.488,inf,2,0,0
gen_01031,7,-7.658,2.789,4.380,inf,2,0,0
gen_01031,8,-7.648,2.410,2.751,inf,2,0,0
gen_01031,9,-7.640,2.767,4.466,inf,2,0,0
gen_01031,10,-7.630,2.744,4.489,inf,2,0,0
gen_01031,11,-7.578,2.750,4.502,inf,2,0,0
gen_01032,1,-8.225,2.727,4.370,3.769,2,1,0
gen_01032,2,-7.987,2.783,4.465,3.960,2,1,0
gen_01032,3,-7.972,2.739,4.431,3.576,2,1,0
gen_01032,4,-7.867,2.783,4.467,3.933,2,1,0
gen_01032,5,-7.855,2.712,4.572,5.283,2,1,0
gen_01032,6,-7.776,14.040,15.105,6.325,2,1,0
gen_01032,7,-7.701,13.952,14.993,6.431,2,1,0
gen_01032,8,-7.698,14.208,15.048,6.428,2,1,0
gen_01032,9,-7.678,13.902,15.013,6.385,2,1,0
gen_01033,1,-7.674,2.333,2.775,inf,2,0,0
gen_01033,2,-7.641,2.352,2.773,inf,2,0,0
gen_01033,3,-7.586,2.303,2.754,inf,2,0,0
gen_01033,4,-7.559,2.781,4.465,inf,2,0,0
gen_01033,5,-7.551,2.822,4.418,inf,2,0,0
gen_01033,6,-7.517,2.800,4.382,inf,2,0,0
gen_01034,1,-8.631,2.815,4.517,inf,2,0,0
gen_01034,2,-8.622,2.772,4.498,inf,2,0,0
gen_01034,3,-8.614,2.776,4.464,inf,2,0,0
gen_01035,1,-8.998,2.305,3.398,inf,2,0,0
gen_01035,2,-8.950,2.276,3.446,inf,2,0,0
gen_01035,3,-8.949,2.339,3.402,inf,2,0,0
gen_01035,4,-8.948,2.304,3.443,inf,2,0,0
gen_01036,1,-7.694,3.207,4.453,inf,2,0,0
gen_01037,1,-7.260,2.687,3.313,4.618,4,2,0
gen_01037,2,-7.252,2.711,3.268,4.626,4,2,0
gen_01038,1,-6.853,2.704,4.383,inf,2,0,0
gen_01038,2,-6.805,2.783,4.324,inf,2,0,0
gen_01039,1,-8.488,2.715,2.774,8.250,2,1,0
gen_01039,2,-8.479,2.622,2.817,8.165,2,1,0
gen_01039,3,-8.451,2.847,2.847,8.234,2,1,0
gen_01040,1,-7.298,2.786,4.512,inf,2,0,0
gen_01040,2,-7.267,2.782,4.499,inf,2,0,0
gen_01041,1,-7.287,2.762,4.390,inf,4,0,0
gen_01041,2,-7.272,2.772,4.398,inf,4,0,0
gen_01041,3,-7.200,2.772,4.407,inf,4,0,0
gen_01042,1,-7.170,2.401,4.549,inf,2,0,0
gen_01042,2,-7.169,2.271,4.494,inf,2,0,0
gen_01042,3,-7.152,13.842,14.202,inf,2,0,0
gen_01042,4,-7.145,13.885,14.235,inf,2,0,0
gen_01042,5,-7.141,2.315,4.538,inf,2,0,0
gen_01042,6,-7.109,13.791,13.932,inf,2,0,0
gen_01042,7,-7.077,13.883,13.965,inf,2,0,0
gen_01042,8,-7.076,13.842,14.299,inf,2,0,0
gen_01042,9,-7.072,13.866,14.201,inf,2,0,0
gen_01043,1,-8.081,3.251,5.095,inf,2,0,0
gen_01043,2,-8.054,3.125,5.035,inf,2,0,0
gen_01043,3,-7.852,3.846,4.683,inf,2,0,0
gen_01043,4,-7.802,3.615,4.365,inf,2,0,0
gen_01044,1,-7.262,3.369,4.536,3.841,2,1,0
gen_01044,2,-7.191,2.783,4.363,2.882,2,1,1
gen_01044,3,-7.176,2.770,4.438,2.889,2,1,1
gen_01045,1,-7.763,3.664,5.179,4.926,2,1,0
gen_01045,2,-7.734,3.773,5.107,4.937,2,1,0
gen_01045,3,-7.580,3.421,3.690,5.878,2,1,0
gen_01045,4,-7.542,3.652,3.653,5.651,2,1,0
gen_01045,5,-7.338,8.947,9.781,5.753,2,1,0
gen_01045,6,-7.331,8.796,9.399,5.628,2,1,0
gen_01045,7,-7.303,8.920,9.422,5.844,2,1,0
gen_01045,8,-7.244,8.520,9.137,6.128,2,1,0
gen_01046,1,-8.366,3.606,4.364,9.143,2,1,0
gen_01046,2,-8.365,3.853,4.377,9.078,2,1,0
gen_01047,1,-81.500,12.279,12.335,inf,4,0,0
gen_01047,2,-80.701,5.539,7.281,inf,4,0,0
gen_01048,1,-7.898,2.626,4.363,inf,2,0,0
gen_01048,2,-7.872,2.684,4.018,inf,2,0,0
gen_01049,1,-7.810,2.596,2.710,inf,2,0,0
gen_01049,2,-7.800,2.616,2.647,inf,2,0,0
gen_01050,1,-7.231,2.452,4.430,inf,2,0,0
gen_01050,2,-7.226,2.462,4.432,inf,2,0,0
gen_01050,3,-7.225,2.447,4.358,inf,2,0,0
gen_01050,4,-7.224,2.497,4.447,inf,2,0,0
gen_01050,5,-7.223,2.474,4.437,inf,2,0,0
gen_01050,6,-7.200,2.457,4.432,inf,2,0,0
gen_01050,7,-7.188,2.454,4.434,inf,2,0,0
gen_01051,1,-7.381,2.611,4.458,inf,2,0,0
gen_01051,2,-7.368,2.636,4.497,inf,2,0,0
gen_01051,3,-7.358,2.619,4.464,inf,2,0,0
gen_01051,4,-7.340,2.628,4.537,inf,2,0,0
gen_01051,5,-7.339,2.587,4.525,inf,2,0,0
gen_01051,6,-7.302,2.511,4.419,inf,2,0,0
gen_01052,1,-8.104,2.617,4.756,3.446,2,1,1
gen_01052,2,-8.060,2.442,4.312,3.305,2,1,1
gen_01052,3,-8.046,3.353,5.176,3.406,2,1,0
gen_01052,4,-7.967,2.431,4.272,3.597,2,1,0
gen_01052,5,-7.916,3.014,3.633,3.429,2,1,1
gen_01052,6,-7.872,2.238,4.386,3.792,2,1,0
gen_01053,1,-7.884,2.511,4.151,inf,2,0,0
gen_01053,2,-7.874,2.539,4.182,inf,2,0,0
gen_01053,3,-7.840,2.546,4.150,inf,2,0,0
gen_01053,4,-7.794,2.486,4.130,inf,2,0,0
gen_01053,5,-7.731,2.478,3.945,inf,2,0,0
gen_01053,6,-7.686,2.679,4.229,inf,2,0,0
gen_01053,7,-7.537,14.889,15.217,inf,2,0,0
gen_01053,8,-7.464,14.948,15.131,inf,2,0,0
gen_01054,1,-8.052,2.825,4.322,inf,2,0,0
gen_01054,2,-8.019,2.661,4.460,inf,2,0,0
gen_01055,1,-6.996,2.479,4.257,inf,2,0,0
gen_01055,2,-6.993,2.481,4.258,inf,2,0,0
gen_01055,3,-6.976,2.601,4.217,inf,2,0,0
gen_01055,4,-6.973,2.319,2.718,inf,2,0,0
gen_01055,5,-6.972,2.314,2.721,inf,2,0,0
gen_01055,6,-6.966,2.603,4.227,inf,2,0,0
gen_01056,1,-7.417,2.748,4.508,inf,4,0,0
gen_01056,2,-7.366,2.760,3.626,inf,4,0,0
gen_01056,3,-7.337,2.620,4.431,inf,4,0,0
gen_01057,1,-7.718,2.615,4.320,inf,4,0,0
gen_01057,2,-7.680,2.582,4.300,inf,4,0,0
gen_01057,3,-7.678,2.562,4.280,inf,4,0,0
gen_01058,1,-8.170,2.734,4.228,inf,2,0,0
gen_01058,2,-8.149,2.766,4.263,inf,2,0,0
gen_01058,3,-8.135,2.778,4.296,inf,2,0,0
gen_01058,4,-8.117,2.816,4.343,inf,2,0,0
gen_01058,5,-8.091,2.752,4.253,inf,2,0,0
gen_01058,6,-8.025,2.629,3.799,inf,2,0,0
gen_01058,7,-7.879,2.420,3.827,inf,2,0,0
gen_01058,8,-7.778,2.575,4.001,inf,2,0,0
gen_01059,1,-8.244,2.793,4.517,inf,2,0,0
gen_01059,2,-8.190,2.838,4.537,inf,2,0,0
gen_01060,1,-6.608,2.691,4.433,inf,2,0,0
gen_01060,2,-6.592,2.716,4.451,inf,2,0,0
gen_01060,3,-6.552,2.767,4.469,inf,2,0,0
gen_01060,4,-6.551,2.744,4.419,inf,2,0,0
gen_01061,1,-8.232,2.803,4.537,inf,2,0,0
gen_01061,2,-8.228,2.788,4.617,inf,2,0,0
gen_01062,1,-7.736,2.802,4.494,inf,2,0,0
gen_01062,2,-7.723,2.788,4.518,inf,2,0,0
gen_01062,3,-7.675,2.805,4.560,inf,2,0,0
gen_01062,4,-7.661,2.850,4.548,inf,2,0,0
gen_01062,5,-7.638,2.775,4.556,inf,2,0,0
gen_01062,6,-7.584,2.797,4.491,inf,2,0,0
gen_01062,7,-7.582,2.803,4.585,inf,2,0,0
gen_01062,8,-7.573,2.797,4.518,inf,2,0,0
gen_01063,1,-6.889,2.748,4.370,inf,2,0,0
gen_01063,2,-6.877,2.755,4.302,inf,2,0,0
gen_01063,3,-6.872,2.749,4.339,inf,2,0,0
gen_01063,4,-6.845,2.651,4.272,inf,2,0,0
gen_01063,5,-6.840,2.744,4.359,inf,2,0,0
gen_01063,6,-6.753,2.720,4.201,inf,2,0,0
gen_01064,1,-7.975,2.821,4.406,inf,2,0,0
gen_01065,1,-6.324,2.762,4.323,inf,2,0,0
gen_01066,1,-8.411,2.422,2.628,inf,2,0,0
gen_01066,2,-8.375,2.477,2.673,inf,2,0,0
gen_01066,3,-8.366,2.485,2.664,inf,2,0,0
gen_01066,4,-8.289,2.637,2.647,inf,2,0,0
gen_01066,5,-8.033,2.232,4.357,inf,2,0,0
gen_01066,6,-8.025,2.288,4.198,inf,2,0,0
gen_01066,7,-8.011,15.521,16.500,inf,2,0,0
gen_01066,8,-8.002,2.319,4.279,inf,2,0,0
gen_01066,9,-7.999,2.208,4.195,inf,2,0,0
gen_01066,10,-7.993,2.257,4.357,inf,2,0,0
gen_01066,11,-7.990,15.276,16.509,inf,2,0,0
gen_01067,1,-7.477,8.877,9.364,inf,2,0,0
gen_01067,2,-7.460,8.823,9.107,inf,2,0,0
gen_01067,3,-7.449,11.458,12.306,inf,2,0,0
gen_01067,4,-7.433,10.330,10.556,inf,2,0,0
gen_01067,5,-7.427,11.291,12.439,inf,2,0,0
gen_01067,6,-7.401,11.505,12.403,inf,2,0,0
gen_01067,7,-7.350,2.830,4.525,inf,2,0,0
gen_01067,8,-7.335,2.813,4.509,inf,2,0,0
gen_01067,9,-7.283,11.463,11.557,inf,2,0,0
gen_01068,1,-7.044,10.257,10.502,7.074,2,1,0
gen_01068,2,-7.027,10.075,10.665,6.926,2,1,0
gen_01069,1,-7.784,3.703,4.647,7.696,2,2,0
gen_01069,2,-7.699,3.788,4.730,7.724,2,2,0
gen_01070,1,-7.222,12.422,13.507,4.412,4,1,0
gen_01070,2,-7.192,12.460,13.522,4.444,4,1,0
gen_01070,3,-7.179,12.398,13.514,4.365,4,1,0
gen_01071,1,-7.503,10.311,10.792,inf,2,0,0
gen_01071,2,-7.493,10.058,10.613,inf,2,0,0
gen_01071,3,-7.491,2.727,4.484,inf,2,0,0
gen_01071,4,-7.484,2.734,4.474,inf,2,0,0
gen_01071,5,-7.474,9.874,10.889,inf,2,0,0
gen_01071,6,-7.474,2.757,4.491,inf,2,0,0
gen_01071,7,-7.422,2.752,4.486,inf,2,0,0
gen_01071,8,-7.393,9.938,10.617,inf,2,0,0
gen_01072,1,-8.243,2.349,2.783,inf,2,0,0
gen_01072,2,-8.193,2.338,2.820,inf,2,0,0
gen_01073,1,-7.856,2.778,4.298,5.493,2,1,0
gen_01073,2,-7.734,2.758,4.301,6.565,2,1,0
gen_01073,3,-7.715,2.716,4.114,5.530,2,1,0
gen_01074,1,-7.477,2.776,4.456,inf,2,0,0
gen_01074,2,-7.472,2.763,4.446,inf,2,0,0
gen_01074,3,-7.469,2.781,4.453,inf,2,0,0
gen_01075,1,-7.304,3.261,4.067,inf,2,0,0
gen_01076,1,-6.653,3.198,3.844,inf,2,0,0
gen_01076,2,-6.627,3.194,3.827,inf,2,0,0
gen_01076,3,-6.600,3.104,3.835,inf,2,0,0
gen_01076,4,-6.549,3.103,3.805,inf,2,0,0
gen_01077,1,-7.170,2.608,4.450,inf,2,0,0
gen_01077,2,-7.133,2.560,4.453,inf,2,0,0
gen_01078,1,-7.848,2.635,4.256,inf,2,0,0
gen_01078,2,-7.841,2.690,4.341,inf,2,0,0
gen_01078,3,-7.764,2.695,4.410,inf,2,0,0
gen_01079,1,-7.939,2.767,4.517,inf,2,0,0
gen_01079,2,-7.918,2.704,4.450,inf,2,0,0
gen_01079,3,-7.918,2.784,4.483,inf,2,0,0
gen_01079,4,-7.915,2.761,4.440,inf,2,0,0
gen_01079,5,-7.861,2.806,4.505,inf,2,0,0
gen_01079,6,-7.789,2.744,4.449,inf,2,0,0
gen_01079,7,-7.772,2.751,4.421,inf,2,0,0
gen_01079,8,-7.719,2.703,4.446,inf,2,0,0
gen_01079,9,-7.690,2.775,4.429,inf,2,0,0
gen_01080,1,-7.430,2.679,4.201,inf,2,0,0
gen_01080,2,-7.405,2.751,4.493,inf,2,0,0
gen_01080,3,-7.366,2.744,4.200,inf,2,0,0
gen_01080,4,-7.333,2.837,4.495,inf,2,0,0
gen_01080,5,-7.301,2.760,4.446,inf,2,0,0
gen_01080,6,-7.284,2.806,4.455,inf,2,0,0
gen_01080,7,-7.282,2.630,4.132,inf,2,0,0
gen_01080,8,-7.270,2.804,4.529,inf,2,0,0
gen_01080,9,-7.227,2.784,4.550,inf,2,0,0
gen_01080,10,-7.196,2.793,4.498,inf,2,0,0
gen_01080,11,-7.160,2.693,4.330,inf,2,0,0
gen_01080,12,-7.067,14.449,15.245,inf,2,0,0
gen_01081,1,-7.198,2.566,3.331,3.251,2,1,1
gen_01082,1,-7.288,2.592,4.338,inf,4,0,0
gen_01082,2,-7.267,2.619,4.344,inf,4,0,0
gen_01082,3,-7.213,2.601,4.372,inf,4,0,0
gen_01082,4,-7.208,2.625,4.347,inf,4,0,0
gen_01082,5,-7.152,2.614,4.487,inf,4,0,0
gen_01082,6,-7.145,2.631,4.337,inf,4,0,0
gen_01083,1,-7.489,2.624,4.458,inf,2,0,0
gen_01083,2,-7.487,2.646,4.422,inf,2,0,0
gen_01083,3,-7.477,2.660,4.448,inf,2,0,0
gen_01083,4,-7.439,13.812,14.131,inf,2,0,0
gen_01083,5,-7.400,2.755,4.389,inf,2,0,0
gen_01084,1,-8.594,3.734,4.588,inf,2,0,0
gen_01084,2,-8.541,3.669,4.512,inf,2,0,0
gen_01084,3,-8.539,3.886,4.487,inf,2,0,0
gen_01084,4,-8.516,4.005,4.531,inf,2,0,0
gen_01084,5,-8.477,3.909,4.469,inf,2,0,0
gen_01084,6,-8.466,3.548,4.389,inf,2,0,0
gen_01084,7,-8.454,3.770,4.594,inf,2,0,0
gen_01084,8,-8.421,4.039,4.601,inf,2,0,0
gen_01084,9,-8.410,3.957,4.419,inf,2,0,0
gen_01084,10,-8.385,4.014,4.386,inf,2,0,0
gen_01084,11,-7.761,7.724,7.940,inf,2,0,0
gen_01084,12,-7.714,7.808,7.996,inf,2,0,0
gen_01084,13,-7.565,7.892,8.043,inf,2,0,0
gen_01084,14,-7.550,2.805,4.414,inf,2,0,0
gen_01085,1,-7.993,2.505,2.716,inf,2,0,0
gen_01085,2,-7.985,2.552,2.672,inf,2,0,0
gen_01085,3,-7.974,2.506,2.666,inf,2,0,0
gen_01085,4,-7.946,2.517,2.705,inf,2,0,0
gen_01085,5,-7.937,2.599,2.718,inf,2,0,0
gen_01085,6,-7.924,2.597,2.642,inf,2,0,0
gen_01085,7,-7.876,2.579,2.691,inf,2,0,0
gen_01085,8,-7.875,2.626,2.733,inf,2,0,0
gen_01086,1,-7.976,2.733,4.237,inf,2,0,0
gen_01086,2,-7.970,2.732,4.435,inf,2,0,0
gen_01087,1,-6.711,2.761,4.414,inf,2,0,0
gen_01088,1,-7.939,3.182,4.408,inf,2,0,0
gen_01088,2,-7.937,3.052,4.426,inf,2,0,0
gen_01088,3,-7.903,8.579,9.186,inf,2,0,0
gen_01088,4,-7.881,3.487,4.370,inf,2,0,0
gen_01088,5,-7.875,8.612,9.151,inf,2,0,0
gen_01088,6,-7.866,8.579,9.137,inf,2,0,0
gen_01089,1,-6.783,15.751,16.294,inf,2,0,0
gen_01089,2,-6.776,2.574,2.784,inf,2,0,0
gen_01089,3,-6.761,15.589,16.303,inf,2,0,0
gen_01089,4,-6.758,15.810,16.310,inf,2,0,0
gen_01089,5,-6.655,15.066,15.831,inf,2,0,0
gen_01090,1,-7.637,3.390,5.364,5.701,2,1,0
gen_01091,1,-7.656,2.677,4.213,inf,2,0,0
gen_01091,2,-7.587,2.654,4.100,inf,2,0,0
gen_01092,1,-8.010,2.757,4.262,inf,2,0,0
gen_01093,1,-7.495,2.950,4.403,inf,2,0,0
gen_01094,1,-8.029,2.813,4.372,inf,2,0,0
gen_01095,1,-6.957,2.730,4.391,inf,2,0,0
gen_01095,2,-6.957,2.789,4.346,inf,2,0,0
gen_01095,3,-6.953,2.779,4.380,inf,2,0,0
gen_01095,4,-6.939,2.789,4.416,inf,2,0,0
gen_01095,5,-6.930,2.762,4.402,inf,2,0,0
gen_01095,6,-6.928,2.744,4.312,inf,2,0,0
gen_01095,7,-6.925,2.785,4.375,inf,2,0,0
gen_01095,8,-6.923,2.745,4.421,inf,2,0,0
gen_01095,9,-6.922,2.793,4.357,inf,2,0,0
gen_01095,10,-6.916,2.787,4.396,inf,2,0,0
gen_01095,11,-6.905,2.774,4.458,inf,2,0,0
gen_01095,12,-6.887,2.804,4.419,inf,2,0,0
gen_01095,13,-6.879,2.793,4.425,inf,2,0,0
gen_01095,14,-6.782,2.718,4.194,inf,2,0,0
gen_01096,1,-7.889,2.207,4.360,inf,2,0,0
gen_01096,2,-7.840,16.260,17.309,inf,2,0,0
gen_01096,3,-7.643,16.958,17.335,inf,2,0,0
gen_01097,1,-8.224,3.112,4.717,inf,2,0,0
gen_01097,2,-8.173,3.180,4.822,inf,2,0,0
gen_01098,1,-8.069,2.633,2.724,inf,2,0,0
gen_01098,2,-8.050,2.657,3.695,inf,2,0,0
gen_01098,3,-7.967,2.608,3.942,inf,2,0,0
gen_01098,4,-7.860,5.957,6.385,inf,2,0,0
gen_01098,5,-7.830,5.824,6.358,inf,2,0,0
gen_01099,1,-8.715,2.766,4.436,inf,4,0,0
gen_01099,2,-8.667,2.741,4.395,inf,4,0,0
gen_01099,3,-8.610,2.787,4.430,inf,4,0,0
gen_01099,4,-8.591,2.743,4.421,inf,4,0,0
gen_01099,5,-8.576,2.749,4.379,inf,4,0,0
gen_01100,1,-7.088,2.367,4.340,inf,2,0,0
gen_01101,1,-57.533,9.197,9.814,inf,4,0,0
gen_01101,2,-56.307,3.418,5.042,inf,4,0,0
gen_01101,3,-55.032,10.531,10.900,inf,4,0,0
gen_01101,4,-51.507,11.072,11.259,inf,4,0,0
gen_01102,1,-7.398,2.605,2.850,inf,2,0,0
gen_01102,2,-7.394,2.614,2.764,inf,2,0,0
gen_01102,3,-7.379,2.831,4.519,inf,2,0,0
gen_01102,4,-7.347,2.845,4.509,inf,2,0,0
gen_01103,1,-6.880,2.610,2.643,inf,2,0,0
gen_01103,2,-6.877,2.586,2.671,inf,2,0,0
gen_01104,1,-6.820,2.718,4.389,inf,2,0,0
gen_01104,2,-6.816,2.753,4.445,inf,2,0,0
gen_01104,3,-6.782,2.725,4.427,inf,2,0,0
gen_01105,1,-7.099,12.029,12.181,inf,2,0,0
gen_01106,1,-7.719,2.719,4.539,inf,2,0,0
gen_01106,2,-7.703,2.668,4.467,inf,2,0,0
gen_01106,3,-7.667,2.824,4.572,inf,2,0,0
gen_01106,4,-7.667,2.761,4.517,inf,2,0,0
gen_01107,1,-6.841,8.201,10.261,inf,2,0,0
gen_01107,2,-6.826,6.472,8.604,inf,2,0,0
gen_01107,3,-6.818,6.464,8.597,inf,2,0,0
gen_01107,4,-6.812,6.476,8.608,inf,2,0,0
gen_01107,5,-6.792,6.464,8.593,inf,2,0,0
gen_01107,6,-6.783,6.509,8.642,inf,2,0,0
gen_01107,7,-6.767,8.626,10.755,inf,2,0,0
gen_01107,8,-6.752,6.429,8.597,inf,2,0,0
gen_01107,9,-6.733,6.438,8.608,inf,2,0,0
gen_01108,1,-7.401,2.585,4.481,inf,2,0,0
gen_01109,1,-7.678,2.741,3.964,inf,2,0,0
gen_01109,2,-7.466,3.091,3.789,inf,2,0,0
gen_01110,1,-142.097,9.972,11.128,9.698,2,3,0
gen_01111,1,-7.751,2.718,4.442,inf,2,0,0
gen_01111,2,-7.728,2.698,4.420,inf,2,0,0
gen_01111,3,-7.605,2.775,4.432,inf,2,0,0
gen_01112,1,-7.953,2.771,4.191,inf,2,0,0
gen_01112,2,-7.922,2.792,4.249,inf,2,0,0
gen_01113,1,-7.202,2.430,2.742,inf,2,0,0
gen_01113,2,-7.167,2.766,4.207,inf,2,0,0
gen_01113,3,-7.156,2.547,2.685,inf,2,0,0
gen_01113,4,-7.106,2.805,4.212,inf,2,0,0
gen_01113,5,-7.100,2.663,2.725,inf,2,0,0
gen_01113,6,-7.024,14.758,15.269,inf,2,0,0
gen_01114,1,-7.560,2.589,4.422,inf,2,0,0
gen_01114,2,-7.556,2.611,4.457,inf,2,0,0
gen_01115,1,-7.132,2.725,4.468,inf,2,0,0
gen_01115,2,-6.989,2.756,4.476,inf,2,0,0
gen_01116,1,-8.026,4.550,4.634,inf,2,0,0
gen_01116,2,-7.985,4.502,4.536,inf,2,0,0
gen_01117,1,-7.072,3.046,4.569,inf,2,0,0
gen_01117,2,-6.950,3.157,4.911,inf,2,0,0
gen_01118,1,-7.324,2.762,2.769,inf,2,0,0
gen_01118,2,-7.314,2.710,2.712,inf,2,0,0
gen_01118,3,-7.221,2.724,4.154,inf,2,0,0
gen_01118,4,-7.212,2.752,3.175,inf,2,0,0
gen_01118,5,-7.200,2.668,3.976,inf,2,0,0
gen_01118,6,-7.192,2.740,3.304,inf,2,0,0
gen_01118,7,-7.190,3.669,4.441,inf,2,0,0
gen_01119,1,-7.135,7.221,8.842,9.384,2,1,0
gen_01119,2,-7.134,7.193,8.850,9.382,2,1,0
gen_01119,3,-7.130,7.227,8.813,9.383,2,1,0
gen_01119,4,-7.083,7.332,8.763,9.399,2,1,0
gen_01119,5,-7.077,7.322,8.721,9.376,2,1,0
gen_01119,6,-6.963,2.499,2.658,5.119,2,1,0
gen_01120,1,-7.331,2.573,2.623,inf,4,0,0
gen_01120,2,-7.303,2.591,2.600,inf,4,0,0
gen_01120,3,-7.033,2.621,4.306,inf,4,0,0
gen_01121,1,-7.755,2.774,4.450,inf,4,0,0
gen_01121,2,-7.737,2.766,4.440,inf,4,0,0
gen_01121,3,-7.718,2.758,4.465,inf,4,0,0
gen_01121,4,-7.697,2.745,4.427,inf,4,0,0
gen_01121,5,-7.693,2.764,4.450,inf,4,0,0
gen_01121,6,-7.660,2.736,4.417,inf,4,0,0
gen_01122,1,-7.123,2.300,2.733,5.687,4,1,0
gen_01123,1,-139.105,13.463,13.654,inf,2,0,0
gen_01124,1,-7.017,2.426,2.679,inf,2,0,0
gen_01124,2,-7.001,2.367,2.689,inf,2,0,0
gen_01124,3,-6.996,2.423,2.713,inf,2,0,0
gen_01124,4,-6.932,2.218,2.774,inf,2,0,0
gen_01124,5,-6.893,2.259,2.785,inf,2,0,0
gen_01124,6,-6.832,2.262,4.495,inf,2,0,0
gen_01124,7,-6.799,2.579,4.559,inf,2,0,0
gen_01124,8,-6.783,2.593,4.576,inf,2,0,0
gen_01124,9,-6.741,2.395,4.457,inf,2,0,0
gen_01124,10,-6.702,2.440,4.551,inf,2,0,0
gen_01125,1,-7.692,2.769,4.338,5.166,2,1,0
gen_01126,1,-6.810,2.779,2.821,inf,2,0,0
gen_01126,2,-6.797,2.974,3.421,inf,2,0,0
gen_01126,3,-6.796,2.755,2.937,inf,2,0,0
gen_01126,4,-6.762,2.833,3.197,inf,2,0,0
gen_01127,1,-7.783,2.683,3.878,inf,2,0,0
gen_01128,1,-6.920,2.827,4.388,inf,2,0,0
gen_01128,2,-6.897,2.764,4.390,inf,2,0,0
gen_01128,3,-6.888,2.846,4.413,inf,2,0,0
gen_01129,1,-7.028,13.059,13.384,inf,2,0,0
gen_01130,1,-6.484,2.699,4.537,5.525,2,1,0
gen_01131,1,-7.757,2.623,4.349,6.107,2,1,0
gen_01131,2,-7.638,2.735,4.343,6.321,2,1,0
gen_01131,3,-7.568,2.762,4.292,6.379,2,1,0
gen_01132,1,-7.377,2.693,4.368,inf,2,0,0
gen_01132,2,-7.372,2.702,4.421,inf,2,0,0
gen_01132,3,-7.353,2.777,4.350,inf,2,0,0
gen_01132,4,-7.351,2.700,4.409,inf,2,0,0
gen_01132,5,-7.348,2.730,4.333,inf,2,0,0
gen_01132,6,-7.279,2.824,4.346,inf,2,0,0
gen_01133,1,-8.875,2.629,4.433,inf,2,0,0
gen_01133,2,-8.704,2.649,4.236,inf,2,0,0
gen_01134,1,-7.821,3.158,4.520,inf,4,0,0
gen_01134,2,-7.759,3.319,4.431,inf,4,0,0
gen_01134,3,-7.757,3.090,4.494,inf,4,0,0
gen_01134,4,-7.667,2.807,4.477,inf,4,0,0
gen_01134,5,-7.629,3.060,4.059,inf,4,0,0
gen_01134,6,-7.516,3.082,4.153,inf,4,0,0
gen_01134,7,-7.513,4.971,5.574,inf,4,0,0
gen_01134,8,-7.510,3.415,4.237,inf,4,0,0
gen_01134,9,-7.491,4.565,5.056,inf,4,0,0
gen_01134,10,-7.482,3.448,4.392,inf,4,0,0
gen_01134,11,-7.426,4.519,5.025,inf,4,0,0
gen_01135,1,-7.060,2.679,4.500,3.009,2,1,1
gen_01135,2,-7.059,2.662,4.456,3.009,2,1,1
gen_01135,3,-7.051,2.507,4.364,2.997,2,1,1
gen_01135,4,-7.009,2.700,4.418,3.024,2,1,1
gen_01135,5,-6.949,2.707,4.385,3.016,2,1,1
gen_01136,1,-82.557,8.368,9.870,inf,2,0,0
gen_01136,2,-76.382,9.768,10.544,inf,2,0,0
gen_01137,1,-8.926,2.510,2.722,6.189,2,1,0
gen_01137,2,-8.915,2.522,2.730,6.209,2,1,0
gen_01137,3,-8.905,2.516,2.715,6.187,2,1,0
gen_01138,1,-6.757,2.350,2.852,5.549,2,1,0
gen_01138,2,-6.757,2.798,4.560,7.421,2,1,0
gen_01138,3,-6.756,2.368,2.755,5.495,2,1,0
gen_01138,4,-6.739,2.816,3.476,5.447,2,1,0
gen_01138,5,-6.720,2.749,3.418,5.385,2,1,0
gen_01138,6,-6.679,2.764,3.587,5.536,2,1,0
gen_01139,1,-7.245,2.700,2.819,inf,2,0,0
gen_01139,2,-7.210,2.720,3.125,inf,2,0,0
gen_01139,3,-7.202,2.678,3.154,inf,2,0,0
gen_01139,4,-7.181,2.745,2.838,inf,2,0,0
gen_01139,5,-7.069,2.788,4.415,inf,2,0,0
gen_01139,6,-7.053,2.747,4.361,inf,2,0,0
gen_01140,1,-7.376,2.777,4.505,inf,2,0,0
gen_01140,2,-7.360,2.789,4.207,inf,2,0,0
gen_01140,3,-7.327,2.789,4.552,inf,2,0,0
gen_01141,1,-7.105,2.654,4.472,inf,2,0,0
gen_01141,2,-7.098,2.655,4.463,inf,2,0,0
gen_01141,3,-7.096,2.651,4.463,inf,2,0,0
gen_01141,4,-7.092,2.622,4.444,inf,2,0,0
gen_01141,5,-7.019,2.633,4.362,inf,2,0,0
gen_01141,6,-7.002,2.649,4.395,inf,2,0,0
gen_01141,7,-6.995,2.622,4.380,inf,2,0,0
gen_01141,8,-6.984,2.641,4.367,inf,2,0,0
gen_01141,9,-6.983,2.686,4.391,inf,2,0,0
gen_01142,1,-7.505,2.382,2.620,6.967,4,1,0
gen_01142,2,-7.366,3.091,4.568,3.434,4,1,1
gen_01142,3,-7.344,3.057,4.777,3.421,4,1,1
gen_01142,4,-7.299,2.844,4.528,3.565,4,1,0
gen_01142,5,-7.286,2.753,4.410,3.622,4,1,0
gen_01143,1,-8.175,2.697,4.448,inf,2,0,0
gen_01143,2,-8.068,2.660,4.453,inf,2,0,0
gen_01144,1,-7.469,3.376,3.620,inf,4,0,0
gen_01144,2,-7.450,3.962,4.319,inf,4,0,0
gen_01144,3,-7.418,3.415,3.695,inf,4,0,0
gen_01144,4,-7.410,4.431,4.547,inf,4,0,0
gen_01144,5,-7.402,4.101,4.316,inf,4,0,0
gen_01144,6,-7.321,3.858,4.415,inf,4,0,0
gen_01145,1,-7.640,2.368,4.449,inf,2,0,0
gen_01146,1,-7.899,2.725,4.087,inf,2,0,0
gen_01146,2,-7.898,2.658,4.035,inf,2,0,0
gen_01146,3,-7.857,2.747,3.955,inf,2,0,0
gen_01146,4,-7.784,2.788,4.045,inf,2,0,0
gen_01146,5,-7.782,2.754,3.980,inf,2,0,0
gen_01146,6,-7.768,2.790,3.899,inf,2,0,0
gen_01146,7,-7.764,2.817,4.108,inf,2,0,0
gen_01146,8,-7.653,2.690,4.377,inf,2,0,0
gen_01146,9,-7.605,2.796,4.530,inf,2,0,0
gen_01146,10,-7.578,2.806,4.520,inf,2,0,0
gen_01147,1,-7.538,2.241,4.369,inf,2,0,0
gen_01147,2,-7.475,2.724,4.450,inf,2,0,0
gen_01147,3,-7.471,2.807,4.564,inf,2,0,0
gen_01147,4,-7.412,2.760,4.442,inf,2,0,0
gen_01147,5,-7.403,2.767,4.489,inf,2,0,0
gen_01147,6,-7.399,2.842,4.533,inf,2,0,0
gen_01147,7,-7.390,2.717,4.424,inf,2,0,0
gen_01147,8,-7.389,2.776,4.507,inf,2,0,0
gen_01147,9,-7.384,2.474,4.397,inf,2,0,0
gen_01147,10,-7.373,2.802,4.459,inf,2,0,0
gen_01147,11,-7.206,2.558,4.499,inf,2,0,0
gen_01148,1,-7.048,2.676,4.483,inf,2,0,0
gen_01148,2,-7.044,2.736,4.431,inf,2,0,0
gen_01148,3,-7.043,2.749,4.447,inf,2,0,0
gen_01148,4,-7.009,2.747,4.402,inf,2,0,0
gen_01148,5,-7.001,2.743,4.390,inf,2,0,0
gen_01148,6,-6.981,2.727,4.447,inf,2,0,0
gen_01148,7,-6.942,2.748,4.427,inf,2,0,0
gen_01148,8,-6.903,2.770,4.309,inf,2,0,0
gen_01149,1,-7.189,2.659,4.445,inf,2,0,0
gen_01149,2,-7.173,2.673,4.403,inf,2,0,0
gen_01150,1,-7.095,2.707,4.639,inf,2,0,0
gen_01150,2,-7.079,2.822,4.492,inf,2,0,0
gen_01150,3,-7.077,2.715,4.560,inf,2,0,0
gen_01150,4,-7.025,2.796,4.290,inf,2,0,0
gen_01150,5,-7.020,2.936,4.453,inf,2,0,0
gen_01150,6,-6.987,2.691,4.439,inf,2,0,0
gen_01150,7,-6.986,2.695,4.291,inf,2,0,0
gen_01150,8,-6.942,2.736,4.350,inf,2,0,0
gen_01150,9,-6.932,2.714,4.233,inf,2,0,0
gen_01150,10,-6.881,2.788,4.557,inf,2,0,0
gen_01150,11,-6.864,2.763,4.483,inf,2,0,0
gen_01150,12,-6.857,2.796,4.226,inf,2,0,0
gen_01150,13,-6.829,2.776,4.513,inf,2,0,0
gen_01150,14,-6.817,2.833,4.434,inf,2,0,0
gen_01151,1,-7.156,2.696,4.539,inf,2,0,0
gen_01152,1,-8.119,2.723,4.422,inf,2,0,0
gen_01152,2,-7.947,2.722,4.443,inf,2,0,0
gen_01152,3,-7.811,2.993,4.464,inf,2,0,0
gen_01153,1,-7.370,2.772,4.359,3.030,2,2,1
gen_01153,2,-7.249,2.818,4.585,5.412,2,2,0
gen_01153,3,-7.202,2.764,4.455,5.375,2,2,0
gen_01153,4,-7.142,2.727,4.205,3.671,2,2,0
gen_01153,5,-6.992,2.740,4.441,3.525,2,2,0
gen_01154,1,-8.428,13.063,14.840,inf,2,0,0
gen_01154,2,-8.316,2.696,4.123,inf,2,0,0
gen_01155,1,-7.509,2.516,4.342,inf,4,0,0
gen_01155,2,-7.420,2.512,4.401,inf,4,0,0
gen_01155,3,-7.263,2.522,4.153,inf,4,0,0
gen_01155,4,-7.237,2.565,3.901,inf,4,0,0
gen_01155,5,-7.213,2.693,3.181,inf,4,0,0
gen_01155,6,-7.179,2.733,3.155,inf,4,0,0
gen_01155,7,-7.085,2.411,3.757,inf,4,0,0
gen_01155,8,-7.049,2.686,3.224,inf,4,0,0
gen_01155,9,-7.000,2.733,3.237,inf,4,0,0
gen_01155,10,-6.937,2.766,4.521,inf,4,0,0
gen_01156,1,-8.154,2.701,4.210,4.682,4,1,0
gen_01156,2,-8.145,2.854,4.333,4.503,4,1,0
gen_01156,3,-8.116,2.846,4.293,4.552,4,1,0
gen_01156,4,-8.065,2.722,4.184,4.692,4,1,0
gen_01156,5,-8.052,2.667,4.132,4.718,4,1,0
gen_01156,6,-7.760,2.686,4.218,4.758,4,1,0
gen_01156,7,-7.688,2.668,4.321,5.786,4,1,0
gen_01156,8,-7.655,2.757,4.285,4.674,4,1,0
gen_01156,9,-7.648,2.611,4.239,5.679,4,1,0
gen_01156,10,-7.636,2.791,4.371,5.726,4,1,0
gen_01156,11,-7.517,2.999,4.440,5.766,4,1,0
gen_01157,1,-7.623,3.178,4.712,inf,2,0,0
gen_01157,2,-7.608,3.368,4.832,inf,2,0,0
gen_01157,3,-7.439,3.294,4.917,inf,2,0,0
gen_01158,1,-8.093,2.474,4.318,7.732,2,1,0
gen_01158,2,-8.061,2.482,4.266,7.713,2,1,0
gen_01158,3,-7.976,2.636,4.450,7.757,2,1,0
gen_01158,4,-7.834,3.461,4.889,5.987,2,1,0
gen_01158,5,-7.709,2.212,4.080,6.018,2,1,0
gen_01158,6,-7.646,2.477,3.524,5.965,2,1,0
gen_01158,7,-7.504,5.861,6.033,6.062,2,1,0
gen_01159,1,-8.305,2.761,4.530,3.875,2,1,0
gen_01159,2,-7.487,2.573,2.744,3.022,2,1,1
gen_01160,1,-7.711,2.604,2.833,inf,2,0,0
gen_01160,2,-7.710,2.568,2.861,inf,2,0,0
gen_01161,1,-8.004,8.864,10.933,5.557,2,1,0
gen_01161,2,-7.998,9.231,11.015,5.589,2,1,0
gen_01161,3,-7.886,8.688,10.832,5.599,2,1,0
gen_01162,1,-6.886,8.638,9.202,4.197,2,1,0
gen_01162,2,-6.851,8.380,9.130,4.196,2,1,0
gen_01162,3,-6.825,7.997,8.905,3.999,2,1,0
gen_01163,1,-7.722,2.692,4.493,4.644,2,1,0
gen_01163,2,-7.664,2.733,4.292,4.690,2,1,0
gen_01163,3,-7.653,2.678,4.410,4.773,2,1,0
gen_01163,4,-7.625,2.748,4.255,4.706,2,1,0
gen_01164,1,-7.730,2.793,4.460,inf,2,0,0
gen_01164,2,-7.626,2.800,4.474,inf,2,0,0
gen_01164,3,-7.564,2.804,4.484,inf,2,0,0
gen_01165,1,-7.142,2.786,4.785,4.755,2,1,0
gen_01166,1,-7.776,2.713,4.409,inf,2,0,0
gen_01166,2,-7.553,2.817,4.297,inf,2,0,0
gen_01166,3,-7.526,2.764,4.332,inf,2,0,0
gen_01166,4,-7.503,2.799,4.288,inf,2,0,0
gen_01166,5,-7.377,2.858,4.387,inf,2,0,0
gen_01167,1,-8.356,14.845,15.553,inf,2,0,0
gen_01167,2,-8.298,2.706,4.284,inf,2,0,0
gen_01167,3,-8.290,2.692,4.235,inf,2,0,0
gen_01167,4,-8.281,2.711,4.263,inf,2,0,0
gen_01167,5,-8.272,2.706,4.229,inf,2,0,0
gen_01167,6,-8.253,2.711,4.259,inf,2,0,0
gen_01168,1,-8.130,3.866,4.892,4.515,2,1,0
gen_01168,2,-8.103,4.100,4.914,4.646,2,1,0
gen_01168,3,-8.095,3.905,4.941,4.560,2,1,0
gen_01168,4,-8.092,3.911,4.741,4.539,2,1,0
gen_01168,5,-8.065,4.056,4.885,4.672,2,1,0
gen_01169,1,-8.306,2.740,4.446,3.776,2,1,0
gen_01169,2,-8.204,2.694,4.483,3.721,2,1,0
gen_01169,3,-8.189,2.771,4.484,3.663,2,1,0
gen_01169,4,-8.177,2.857,4.676,3.435,2,1,1
gen_01169,5,-7.999,2.709,4.388,3.826,2,1,0
gen_01169,6,-7.945,2.774,4.286,4.066,2,1,0
gen_01169,7,-7.936,2.743,4.323,3.899,2,1,0
gen_01169,8,-7.912,2.706,4.361,3.696,2,1,0
gen_01170,1,-8.108,2.819,4.329,inf,2,0,0
gen_01171,1,-8.076,2.192,4.295,3.073,2,2,1
gen_01172,1,-7.376,2.830,4.431,inf,2,0,0
gen_01172,2,-7.336,2.796,4.374,inf,2,0,0
gen_01172,3,-7.336,13.160,15.024,inf,2,0,0
gen_01172,4,-7.291,2.534,4.375,inf,2,0,0
gen_01172,5,-7.223,2.880,4.401,inf,2,0,0
gen_01173,1,-7.821,2.545,4.448,4.721,2,1,0
gen_01173,2,-7.804,2.396,4.419,4.752,2,1,0
gen_01173,3,-7.712,2.464,4.535,4.880,2,1,0
gen_01173,4,-7.119,16.384,17.016,5.262,2,1,0
gen_01173,5,-7.097,16.445,17.017,5.271,2,1,0
gen_01174,1,-7.961,2.553,2.781,inf,2,0,0
gen_01174,2,-7.921,2.548,2.744,inf,2,0,0
gen_01174,3,-7.867,2.744,2.829,inf,2,0,0
gen_01175,1,-6.697,2.835,4.401,inf,2,0,0
gen_01175,2,-6.696,2.795,4.451,inf,2,0,0
gen_01175,3,-6.563,2.715,4.182,inf,2,0,0
gen_01175,4,-6.543,2.671,4.137,inf,2,0,0
gen_01176,1,-7.156,2.465,4.183,inf,2,0,0
gen_01176,2,-7.150,2.481,4.191,inf,2,0,0
gen_01176,3,-7.145,2.474,4.185,inf,2,0,0
gen_01176,4,-7.136,2.464,4.184,inf,2,0,0
gen_01177,1,-6.453,2.692,4.311,inf,2,0,0
gen_01177,2,-6.441,2.678,4.318,inf,2,0,0
gen_01178,1,-8.218,2.685,4.345,inf,2,0,0
gen_01179,1,-8.322,2.745,4.037,4.405,2,1,0
gen_01179,2,-8.298,2.779,4.081,4.343,2,1,0
gen_01180,1,-8.000,2.807,4.598,inf,2,0,0
gen_01180,2,-7.961,2.741,4.566,inf,2,0,0
gen_01180,3,-7.950,2.767,4.539,inf,2,0,0
gen_01180,4,-7.934,2.709,4.509,inf,2,0,0
gen_01180,5,-7.925,2.824,4.589,inf,2,0,0
gen_01180,6,-7.908,2.713,4.546,inf,2,0,0
gen_01180,7,-7.887,2.747,4.490,inf,2,0,0
gen_01180,8,-7.868,2.755,4.555,inf,2,0,0
gen_01180,9,-7.830,2.735,4.499,inf,2,0,0
gen_01181,1,-7.342,3.126,4.353,inf,2,0,0
gen_01182,1,-7.077,2.284,4.435,3.175,2,1,1
gen_01182,2,-7.015,2.274,4.432,3.289,2,1,1
gen_01183,1,-7.540,2.854,4.453,inf,2,0,0
gen_01183,2,-7.462,2.859,4.429,inf,2,0,0
gen_01184,1,-8.308,2.278,2.693,6.760,2,1,0
gen_01184,2,-8.304,2.280,2.680,6.753,2,1,0
gen_01184,3,-7.998,2.483,2.714,6.533,2,1,0
gen_01185,1,-6.842,2.794,4.474,inf,4,0,0
gen_01185,2,-6.838,2.717,4.286,inf,4,0,0
gen_01185,3,-6.819,2.757,4.434,inf,4,0,0
gen_01185,4,-6.792,2.802,4.284,inf,4,0,0
gen_01185,5,-6.710,2.704,4.200,inf,4,0,0
gen_01186,1,-7.641,2.645,2.687,inf,2,0,0
gen_01186,2,-7.614,2.640,2.660,inf,2,0,0
gen_01186,3,-7.603,2.498,2.683,inf,2,0,0
gen_01186,4,-7.594,2.631,2.724,inf,2,0,0
gen_01186,5,-7.581,2.600,2.716,inf,2,0,0
gen_01186,6,-7.580,2.545,2.708,inf,2,0,0
gen_01186,7,-7.557,2.506,2.614,inf,2,0,0
gen_01186,8,-7.524,2.500,2.697,inf,2,0,0
gen_01187,1,-7.555,2.785,4.222,5.681,2,1,0
gen_01187,2,-7.548,2.694,4.127,5.511,2,1,0
gen_01187,3,-7.543,2.786,4.241,5.710,2,1,0
gen_01188,1,-6.597,2.450,2.720,inf,2,0,0
gen_01188,2,-6.585,2.537,4.601,inf,2,0,0
gen_01189,1,-7.876,10.343,10.447,inf,2,0,0
gen_01189,2,-7.848,10.358,10.447,inf,2,0,0
gen_01190,1,-7.413,2.680,4.425,inf,2,0,0
gen_01191,1,-6.967,3.745,4.528,inf,2,0,0
gen_01191,2,-6.900,3.442,4.806,inf,2,0,0
gen_01191,3,-6.813,2.500,2.854,inf,2,0,0
gen_01191,4,-6.810,2.835,4.425,inf,2,0,0
gen_01191,5,-6.803,2.786,4.512,inf,2,0,0
gen_01191,6,-6.732,2.802,4.520,inf,2,0,0
gen_01191,7,-6.726,2.782,4.473,inf,2,0,0
gen_01191,8,-6.648,2.523,2.791,inf,2,0,0
gen_01191,9,-6.598,2.774,4.394,inf,2,0,0
gen_01192,1,-6.749,2.555,4.543,inf,2,0,0
gen_01192,2,-6.741,2.551,4.531,inf,2,0,0
gen_01193,1,-7.871,2.714,4.379,inf,2,0,0
gen_01193,2,-7.733,2.816,4.365,inf,2,0,0
gen_01194,1,-7.102,2.227,4.449,inf,2,0,0
gen_01194,2,-7.084,2.204,4.410,inf,2,0,0
gen_01194,3,-7.037,2.288,4.518,inf,2,0,0
gen_01194,4,-7.034,2.334,4.460,inf,2,0,0
gen_01194,5,-7.014,2.203,4.410,inf,2,0,0
gen_01194,6,-7.004,2.200,4.402,inf,2,0,0
gen_01195,1,-7.454,2.394,2.893,inf,4,0,0
gen_01196,1,-6.991,2.795,4.415,inf,2,0,0
gen_01196,2,-6.908,2.729,3.875,inf,2,0,0
gen_01196,3,-6.896,2.792,4.358,inf,2,0,0
gen_01196,4,-6.865,2.733,3.866,inf,2,0,0
gen_01196,5,-6.807,2.572,3.562,inf,2,0,0
gen_01197,1,-7.569,2.767,4.198,inf,2,0,0
gen_01197,2,-7.519,2.753,4.194,inf,2,0,0
gen_01197,3,-7.487,2.712,4.144,inf,2,0,0
gen_01198,1,-7.001,3.719,4.896,inf,4,0,0
gen_01198,2,-6.969,3.745,4.899,inf,4,0,0
gen_01198,3,-6.947,3.755,4.922,inf,4,0,0
gen_01198,4,-6.834,2.845,4.356,inf,4,0,0
gen_01198,5,-6.815,2.837,4.327,inf,4,0,0
gen_01199,1,-6.993,2.738,4.210,inf,2,0,0
gen_01199,2,-6.965,2.831,4.306,inf,2,0,0
gen_01200,1,-7.718,2.553,4.391,7.503,2,1,0
gen_01200,2,-7.696,2.781,4.343,8.123,2,1,0
gen_01200,3,-7.690,2.650,4.493,7.568,2,1,0
gen_01200,4,-7.688,2.788,4.346,8.142,2,1,0
gen_01200,5,-7.666,2.745,4.343,8.283,2,1,0
gen_01200,6,-7.655,2.589,4.373,7.434,2,1,0
gen_01200,7,-7.640,2.580,4.506,7.491,2,1,0
gen_01200,8,-7.624,2.761,4.299,8.155,2,1,0
gen_01200,9,-7.481,2.379,4.391,6.087,2,1,0
gen_01200,10,-7.477,2.502,4.465,5.937,2,1,0
gen_01200,11,-7.457,2.467,4.419,6.088,2,1,0
gen_01201,1,-7.270,2.642,4.099,inf,4,0,0
gen_01201,2,-7.266,2.726,4.065,inf,4,0,0
gen_01201,3,-7.261,2.684,4.200,inf,4,0,0
gen_01201,4,-7.253,2.676,4.077,inf,4,0,0
gen_01201,5,-7.253,2.710,4.243,inf,4,0,0
gen_01201,6,-7.249,2.621,4.230,inf,4,0,0
gen_01201,7,-7.242,2.673,4.071,inf,4,0,0
gen_01201,8,-7.242,2.679,4.186,inf,4,0,0
gen_01201,9,-7.168,2.715,4.306,inf,4,0,0
gen_01201,10,-7.158,2.708,4.215,inf,4,0,0
gen_01201,11,-7.133,2.772,4.432,inf,4,0,0
gen_01202,1,-8.431,2.805,4.491,4.687,2,1,0
gen_01202,2,-8.410,2.800,4.520,4.677,2,1,0
gen_01202,3,-8.380,2.844,4.521,4.687,2,1,0
gen_01202,4,-8.367,2.771,4.477,4.654,2,1,0
gen_01202,5,-8.188,2.543,3.959,4.589,2,1,0
gen_01203,1,-7.634,9.797,10.505,5.625,2,2,0
gen_01204,1,-7.849,15.805,16.413,inf,2,0,0
gen_01204,2,-7.843,15.765,16.381,inf,2,0,0
gen_01204,3,-7.794,16.065,16.694,inf,2,0,0
gen_01204,4,-7.778,16.157,16.666,inf,2,0,0
gen_01204,5,-7.771,16.192,16.708,inf,2,0,0
gen_01205,1,-7.322,2.786,4.493,3.232,2,1,1
gen_01206,1,-7.856,3.115,4.602,inf,2,0,0
gen_01206,2,-7.854,2.854,4.419,inf,2,0,0
gen_01206,3,-7.851,2.824,4.389,inf,2,0,0
gen_01207,1,-7.338,2.651,4.242,inf,2,0,0
gen_01207,2,-7.333,2.220,4.380,inf,2,0,0
gen_01207,3,-7.322,2.682,4.236,inf,2,0,0
gen_01208,1,-7.483,2.704,3.916,inf,2,0,0
gen_01208,2,-7.449,2.756,3.855,inf,2,0,0
gen_01208,3,-7.432,8.197,8.718,inf,2,0,0
gen_01208,4,-7.419,8.307,8.668,inf,2,0,0
gen_01208,5,-7.391,2.613,4.287,inf,2,0,0
gen_01208,6,-7.364,2.663,4.243,inf,2,0,0
gen_01208,7,-7.340,2.774,4.235,inf,2,0,0
gen_01209,1,-7.933,2.791,4.508,inf,4,0,0
gen_01209,2,-7.887,2.734,4.452,inf,4,0,0
gen_01209,3,-7.872,2.736,4.348,inf,4,0,0
gen_01209,4,-7.870,2.760,4.472,inf,4,0,0
gen_01209,5,-7.817,2.835,4.460,inf,4,0,0
gen_01209,6,-7.739,2.784,4.529,inf,4,0,0
gen_01210,1,-7.131,3.119,4.539,inf,2,0,0
gen_01210,2,-7.103,3.116,4.536,inf,2,0,0
gen_01211,1,-7.656,3.855,4.279,inf,2,0,0
gen_01211,2,-7.622,3.764,4.078,inf,2,0,0
gen_01211,3,-7.598,3.834,4.307,inf,2,0,0
gen_01211,4,-7.586,2.372,4.359,inf,2,0,0
gen_01211,5,-7.586,3.876,4.302,inf,2,0,0
gen_01212,1,-7.789,2.796,4.222,2.929,2,1,1
gen_01213,1,-6.760,2.711,4.209,inf,2,0,0
gen_01213,2,-6.758,2.727,4.271,inf,2,0,0
gen_01213,3,-6.712,2.735,4.242,inf,2,0,0
gen_01214,1,-8.000,2.740,4.472,inf,2,0,0
gen_01214,2,-7.932,2.760,4.513,inf,2,0,0
gen_01215,1,-7.551,2.668,4.449,inf,4,0,0
gen_01215,2,-7.529,2.682,4.449,inf,4,0,0
gen_01215,3,-7.417,2.738,4.413,inf,4,0,0
gen_01215,4,-7.400,2.663,4.316,inf,4,0,0
gen_01215,5,-7.396,2.740,4.320,inf,4,0,0
gen_01215,6,-7.290,2.280,4.435,inf,4,0,0
gen_01215,7,-7.287,2.281,4.419,inf,4,0,0
gen_01215,8,-7.281,2.317,4.449,inf,4,0,0
gen_01216,1,-7.657,2.839,3.922,6.348,2,1,0
gen_01216,2,-7.633,2.869,3.879,6.325,2,1,0
gen_01216,3,-7.562,2.745,3.531,6.296,2,1,0
gen_01217,1,-7.568,2.549,2.737,inf,2,0,0
gen_01217,2,-7.530,2.481,2.735,inf,2,0,0
gen_01218,1,-8.374,2.756,4.444,inf,4,0,0
gen_01218,2,-8.346,2.754,4.445,inf,4,0,0
gen_01218,3,-8.263,2.791,4.418,inf,4,0,0
gen_01219,1,-6.601,3.312,4.481,inf,2,0,0
gen_01219,2,-6.570,2.816,4.370,inf,2,0,0
gen_01220,1,-7.441,2.705,4.282,3.902,2,1,0
gen_01220,2,-7.432,2.713,4.374,3.971,2,1,0
gen_01220,3,-7.428,2.700,4.259,3.816,2,1,0
gen_01220,4,-7.423,2.697,4.238,3.928,2,1,0
gen_01220,5,-7.370,2.654,4.364,4.024,2,1,0
gen_01220,6,-7.344,2.721,4.341,3.896,2,1,0
gen_01220,7,-6.645,14.720,15.129,5.847,2,1,0
gen_01220,8,-6.640,14.631,15.075,5.701,2,1,0
gen_01220,9,-6.639,14.809,15.174,5.883,2,1,0
gen_01220,10,-6.629,14.180,14.682,5.624,2,1,0
gen_01220,11,-6.613,13.612,14.824,5.820,2,1,0
gen_01220,12,-6.600,14.389,14.912,5.794,2,1,0
gen_01221,1,-7.007,2.770,4.455,inf,2,0,0
gen_01221,2,-6.981,2.664,2.690,inf,2,0,0
gen_01221,3,-6.965,2.666,2.703,inf,2,0,0
gen_01222,1,-7.388,3.350,4.843,inf,2,0,0
gen_01222,2,-7.385,3.315,4.819,inf,2,0,0
gen_01223,1,-8.032,2.776,3.739,5.576,2,1,0
gen_01223,2,-7.996,2.701,3.582,5.572,2,1,0
gen_01223,3,-7.948,2.284,4.431,3.058,2,1,1
gen_01224,1,-7.950,2.769,4.405,6.330,2,1,0
gen_01225,1,-7.235,12.519,13.967,inf,2,0,0
gen_01225,2,-7.230,12.612,13.762,inf,2,0,0
gen_01225,3,-7.217,12.594,13.753,inf,2,0,0
gen_01225,4,-7.203,12.580,13.797,inf,2,0,0
gen_01225,5,-7.156,2.709,4.371,inf,2,0,0
gen_01225,6,-7.105,2.781,4.434,inf,2,0,0
gen_01226,1,-7.322,2.748,4.298,inf,2,0,0
gen_01227,1,-6.762,2.780,4.476,inf,4,0,0
gen_01227,2,-6.731,2.367,4.063,inf,4,0,0
gen_01227,3,-6.695,2.237,4.230,inf,4,0,0
gen_01228,1,-7.139,2.469,4.305,inf,2,0,0
gen_01228,2,-7.060,2.750,4.500,inf,2,0,0
gen_01228,3,-7.013,2.739,4.503,inf,2,0,0
gen_01228,4,-6.956,2.736,4.420,inf,2,0,0
gen_01229,1,-7.303,2.684,4.071,6.056,2,1,0
gen_01230,1,-8.580,2.866,4.457,inf,2,0,0
gen_01230,2,-8.490,2.867,4.471,inf,2,0,0
gen_01231,1,-6.884,2.723,4.494,inf,2,0,0
gen_01232,1,-7.634,2.707,4.226,inf,2,0,0
gen_01232,2,-7.598,2.738,4.251,inf,2,0,0
gen_01232,3,-7.585,2.699,3.918,inf,2,0,0
gen_01232,4,-7.584,2.702,4.168,inf,2,0,0
gen_01232,5,-7.574,2.676,3.905,inf,2,0,0
gen_01232,6,-7.547,2.662,4.191,inf,2,0,0
gen_01232,7,-7.475,2.702,4.220,inf,2,0,0
gen_01233,1,-7.688,2.436,4.240,inf,2,0,0
gen_01233,2,-7.680,2.458,4.243,inf,2,0,0
gen_01233,3,-7.677,2.455,4.251,inf,2,0,0
gen_01233,4,-7.674,2.443,4.241,inf,2,0,0
gen_01233,5,-7.670,2.456,4.249,inf,2,0,0
gen_01233,6,-7.664,2.462,4.239,inf,2,0,0
gen_01233,7,-7.662,2.471,4.261,inf,2,0,0
gen_01233,8,-7.662,2.467,4.282,inf,2,0,0
gen_01233,9,-7.659,2.432,4.227,inf,2,0,0
gen_01233,10,-7.642,2.466,4.282,inf,2,0,0
gen_01233,11,-7.638,2.475,4.285,inf,2,0,0
gen_01234,1,-7.349,13.214,15.058,6.654,2,1,0
gen_01234,2,-7.344,13.238,15.059,6.651,2,1,0
gen_01234,3,-7.326,13.283,15.086,6.665,2,1,0
gen_01235,1,-7.467,3.162,4.286,inf,2,0,0
gen_01235,2,-7.413,3.195,4.327,inf,2,0,0
gen_01235,3,-7.394,3.196,4.349,inf,2,0,0
gen_01236,1,-7.491,2.941,3.946,inf,4,0,0
gen_01236,2,-7.486,2.840,3.949,inf,4,0,0
gen_01236,3,-7.472,2.812,3.946,inf,4,0,0
gen_01237,1,-7.617,2.837,4.357,3.249,2,1,1
gen_01237,2,-7.596,2.811,4.365,3.264,2,1,1
gen_01238,1,-7.226,14.487,15.612,inf,2,0,0
gen_01238,2,-7.109,14.912,15.596,inf,2,0,0
gen_01238,3,-7.099,8.496,10.711,inf,2,0,0
gen_01238,4,-7.034,14.584,15.637,inf,2,0,0
gen_01238,5,-7.029,8.423,9.494,inf,2,0,0
gen_01238,6,-6.997,14.816,16.281,inf,2,0,0
gen_01238,7,-6.980,14.652,15.730,inf,2,0,0
gen_01238,8,-6.914,4.260,5.065,inf,2,0,0
gen_01238,9,-6.880,3.746,5.070,inf,2,0,0
gen_01238,10,-6.868,4.227,5.177,inf,2,0,0
gen_01238,11,-6.829,9.527,9.560,inf,2,0,0
gen_01238,12,-6.771,14.133,14.265,inf,2,0,0
gen_01239,1,-7.600,2.754,4.539,inf,2,0,0
gen_01239,2,-7.499,2.732,4.471,inf,2,0,0
gen_01239,3,-7.409,2.908,4.472,inf,2,0,0
gen_01240,1,-7.295,2.802,4.454,inf,2,0,0
gen_01240,2,-7.263,3.037,4.527,inf,2,0,0
gen_01240,3,-7.239,2.566,4.474,inf,2,0,0
gen_01240,4,-7.214,2.973,4.606,inf,2,0,0
gen_01240,5,-7.140,2.730,4.384,inf,2,0,0
gen_01240,6,-7.107,2.793,4.391,inf,2,0,0
gen_01240,7,-7.102,2.800,4.535,inf,2,0,0
gen_01241,1,-6.852,2.753,3.877,inf,2,0,0
gen_01241,2,-6.843,2.751,3.915,inf,2,0,0
gen_01241,3,-6.836,2.782,3.943,inf,2,0,0
gen_01241,4,-6.820,2.792,3.936,inf,2,0,0
gen_01241,5,-6.790,2.770,3.908,inf,2,0,0
gen_01241,6,-6.774,2.982,3.916,inf,2,0,0
gen_01241,7,-6.528,2.762,3.897,inf,2,0,0
gen_01242,1,-6.964,2.812,4.301,inf,2,0,0
gen_01242,2,-6.948,2.800,4.298,inf,2,0,0
gen_01242,3,-6.918,2.826,4.312,inf,2,0,0
gen_01243,1,-7.958,3.563,4.429,inf,4,0,0
gen_01243,2,-7.921,3.492,4.390,inf,4,0,0
gen_01243,3,-7.895,3.549,4.380,inf,4,0,0
gen_01243,4,-7.858,3.899,4.754,inf,4,0,0
gen_01244,1,-118.906,13.983,14.500,inf,2,0,0
gen_01244,2,-109.380,15.196,15.735,inf,2,0,0
gen_01245,1,-7.877,2.641,4.414,inf,2,0,0
gen_01245,2,-7.603,2.297,4.328,inf,2,0,0
gen_01245,3,-7.596,2.207,4.311,inf,2,0,0
gen_01245,4,-7.579,2.237,4.297,inf,2,0,0
gen_01245,5,-7.495,2.925,4.628,inf,2,0,0
gen_01245,6,-7.321,15.144,16.249,inf,2,0,0
gen_01246,1,-8.111,2.724,4.213,4.124,2,2,0
gen_01246,2,-8.111,2.710,4.270,4.300,2,2,0
gen_01246,3,-8.071,2.758,4.228,4.316,2,2,0
gen_01246,4,-8.043,2.732,4.222,4.166,2,2,0
gen_01246,5,-8.012,7.690,8.298,5.066,2,2,0
gen_01247,1,-8.193,2.691,2.871,inf,2,0,0
gen_01247,2,-8.156,2.733,3.007,inf,2,0,0
gen_01247,3,-8.124,2.721,2.979,inf,2,0,0
gen_01247,4,-8.124,2.775,3.068,inf,2,0,0
gen_01247,5,-8.104,2.795,2.844,inf,2,0,0
gen_01247,6,-8.076,2.809,2.899,inf,2,0,0
gen_01247,7,-8.058,2.647,3.032,inf,2,0,0
gen_01247,8,-8.040,2.843,2.853,inf,2,0,0
gen_01248,1,-7.766,3.202,4.834,3.897,2,1,0
gen_01249,1,-6.790,15.055,16.322,inf,2,0,0
gen_01249,2,-6.726,15.078,16.354,inf,2,0,0
gen_01249,3,-6.726,15.055,16.323,inf,2,0,0
gen_01249,4,-6.661,15.205,16.411,inf,2,0,0
gen_01250,1,-6.727,5.076,5.280,inf,2,0,0
gen_01250,2,-6.700,5.079,5.110,inf,2,0,0
gen_01251,1,-7.807,2.517,2.594,inf,4,0,0
gen_01251,2,-7.802,2.516,2.586,inf,4,0,0
gen_01251,3,-7.779,2.547,2.551,inf,4,0,0
gen_01251,4,-7.766,2.542,2.622,inf,4,0,0
gen_01251,5,-7.750,2.524,2.652,inf,4,0,0
gen_01251,6,-7.737,2.446,2.565,inf,4,0,0
gen_01251,7,-7.722,2.493,2.608,inf,4,0,0
gen_01251,8,-7.722,2.486,2.641,inf,4,0,0
gen_01251,9,-7.600,2.296,3.816,inf,4,0,0
gen_01251,10,-7.583,2.264,3.738,inf,4,0,0
gen_01251,11,-7.538,2.754,4.286,inf,4,0,0
gen_01252,1,-6.555,2.691,4.470,5.420,2,2,0
gen_01253,1,-7.670,3.477,4.587,inf,4,0,0
gen_01253,2,-7.655,3.479,4.579,inf,4,0,0
gen_01253,3,-7.653,3.414,4.540,inf,4,0,0
gen_01253,4,-7.653,3.620,4.626,inf,4,0,0
gen_01253,5,-7.639,3.581,4.590,inf,4,0,0
gen_01253,6,-7.625,3.667,4.638,inf,4,0,0
gen_01254,1,-7.713,2.797,4.520,9.467,2,1,0
gen_01254,2,-7.710,2.797,4.555,9.460,2,1,0
gen_01255,1,-8.630,2.211,4.407,inf,2,0,0
gen_01255,2,-8.630,2.206,4.393,inf,2,0,0
gen_01255,3,-8.531,2.702,3.611,inf,2,0,0
gen_01255,4,-8.528,2.687,3.667,inf,2,0,0
gen_01256,1,-7.158,6.375,7.099,9.453,2,1,0
gen_01256,2,-7.149,6.451,7.138,9.487,2,1,0
gen_01256,3,-7.148,6.216,6.959,9.238,2,1,0
gen_01256,4,-7.139,6.434,7.123,9.455,2,1,0
gen_01256,5,-7.131,6.455,7.035,9.447,2,1,0
gen_01256,6,-7.128,6.354,6.759,9.256,2,1,0
gen_01256,7,-7.090,6.472,6.645,9.313,2,1,0
gen_01256,8,-7.077,6.208,6.983,9.411,2,1,0
gen_01256,9,-7.060,9.323,10.618,4.904,2,1,0
gen_01257,1,-8.533,2.758,4.482,5.047,2,1,0
gen_01257,2,-8.521,2.740,4.483,5.044,2,1,0
gen_01258,1,-7.219,2.743,4.458,5.387,2,1,0
gen_01258,2,-7.205,2.716,4.434,5.455,2,1,0
gen_01258,3,-7.190,2.759,4.401,3.325,2,1,1
gen_01259,1,-22.143,14.425,14.561,5.856,2,1,0
gen_01259,2,-21.892,7.271,9.269,8.530,2,1,0
gen_01259,3,-19.620,13.082,13.844,7.118,2,1,0
gen_01260,1,-6.684,2.727,3.204,inf,4,0,0
gen_01260,2,-6.674,2.684,3.175,inf,4,0,0
gen_01261,1,-6.682,9.112,9.696,4.660,2,1,0
gen_01261,2,-6.666,9.112,9.655,4.650,2,1,0
gen_01261,3,-6.572,9.321,9.691,4.712,2,1,0
gen_01261,4,-6.435,8.118,8.996,4.523,2,1,0
gen_01261,5,-6.391,3.665,4.963,8.765,2,1,0
gen_01261,6,-6.376,3.681,4.912,8.756,2,1,0
gen_01261,7,-6.330,3.672,4.818,8.564,2,1,0
gen_01261,8,-6.247,2.768,4.512,3.250,2,1,1
gen_01262,1,-8.785,2.611,4.403,inf,4,0,0
gen_01262,2,-8.734,2.659,4.373,inf,4,0,0
gen_01262,3,-8.672,2.609,4.391,inf,4,0,0
gen_01263,1,-7.752,2.632,2.689,inf,2,0,0
gen_01263,2,-7.672,14.260,14.891,inf,2,0,0
gen_01263,3,-7.641,14.587,14.742,inf,2,0,0
gen_01263,4,-7.637,14.384,14.657,inf,2,0,0
gen_01263,5,-7.603,14.140,14.798,inf,2,0,0
gen_01263,6,-7.573,2.263,4.398,inf,2,0,0
gen_01264,1,-7.783,3.064,4.405,inf,2,0,0
gen_01264,2,-7.768,3.080,4.339,inf,2,0,0
gen_01264,3,-7.694,2.924,4.318,inf,2,0,0
gen_01264,4,-7.635,2.947,4.327,inf,2,0,0
gen_01265,1,-7.228,2.691,4.368,5.919,2,1,0
gen_01266,1,-7.838,2.580,2.676,6.609,2,1,0
gen_01266,2,-7.577,2.735,4.397,7.717,2,1,0
gen_01266,3,-7.442,2.808,4.365,7.897,2,1,0
gen_01266,4,-7.367,2.470,3.570,7.336,2,1,0
gen_01267,1,-7.680,2.740,4.624,inf,2,0,0
gen_01267,2,-7.675,2.935,4.752,inf,2,0,0
gen_01267,3,-7.662,2.743,4.559,inf,2,0,0
gen_01267,4,-7.653,2.809,4.691,inf,2,0,0
gen_01267,5,-7.653,2.714,4.586,inf,2,0,0
gen_01267,6,-7.628,2.787,4.527,inf,2,0,0
gen_01268,1,-7.209,2.693,4.230,inf,2,0,0
gen_01268,2,-7.162,2.763,4.478,inf,2,0,0
gen_01268,3,-7.143,2.785,4.500,inf,2,0,0
gen_01268,4,-7.057,2.822,4.473,inf,2,0,0
gen_01269,1,-7.156,2.577,3.925,5.170,4,1,0
gen_01269,2,-7.145,2.707,4.305,4.977,4,1,0
gen_01269,3,-7.128,2.659,3.752,5.364,4,1,0
gen_01269,4,-7.113,2.661,3.826,5.207,4,1,0
gen_01270,1,-7.908,2.778,4.441,inf,4,0,0
gen_01270,2,-7.889,2.649,2.756,inf,4,0,0
gen_01270,3,-7.868,2.768,3.885,inf,4,0,0
gen_01270,4,-7.861,2.805,3.975,inf,4,0,0
gen_01271,1,-8.106,4.417,6.390,6.915,2,1,0
gen_01271,2,-8.038,4.369,6.332,6.875,2,1,0
gen_01271,3,-7.853,14.769,15.140,5.793,2,1,0
gen_01271,4,-7.826,14.879,15.151,5.814,2,1,0
gen_01271,5,-7.720,15.009,15.016,5.854,2,1,0
gen_01271,6,-7.687,14.927,15.067,5.893,2,1,0
gen_01272,1,-6.674,2.752,4.444,inf,2,0,0
gen_01272,2,-6.561,2.756,4.409,inf,2,0,0
gen_01273,1,-7.462,3.282,4.425,inf,4,0,0
gen_01274,1,-7.109,2.794,4.445,inf,4,0,0
gen_01275,1,-7.318,3.350,4.570,inf,2,0,0
gen_01275,2,-7.280,3.321,4.610,inf,2,0,0
gen_01275,3,-7.191,3.831,4.213,inf,2,0,0
gen_01275,4,-7.186,3.386,4.453,inf,2,0,0
gen_01275,5,-7.181,3.765,4.137,inf,2,0,0
gen_01275,6,-7.137,3.777,4.098,inf,2,0,0
gen_01275,7,-7.136,2.658,3.376,inf,2,0,0
gen_01275,8,-7.121,3.246,4.662,inf,2,0,0
gen_01275,9,-7.102,2.705,3.268,inf,2,0,0
gen_01275,10,-7.066,4.069,4.429,inf,2,0,0
gen_01276,1,-8.047,2.880,4.498,3.696,2,2,0
gen_01276,2,-7.947,5.129,6.297,4.087,2,2,0
gen_01276,3,-7.924,2.843,4.533,3.894,2,2,0
gen_01277,1,-7.754,2.784,4.502,inf,2,0,0
gen_01277,2,-7.738,2.763,4.464,inf,2,0,0
gen_01278,1,-7.003,2.771,4.315,inf,2,0,0
gen_01278,2,-6.997,2.775,4.288,inf,2,0,0
gen_01279,1,-7.675,3.588,4.408,4.173,2,1,0
gen_01279,2,-7.667,3.625,4.439,4.135,2,1,0
gen_01279,3,-7.657,3.635,4.430,4.139,2,1,0
gen_01279,4,-7.643,3.710,4.721,4.289,2,1,0
gen_01279,5,-7.529,3.854,4.224,4.164,2,1,0
gen_01279,6,-7.398,3.889,4.375,4.058,2,1,0
gen_01279,7,-7.375,3.589,4.394,4.004,2,1,0
gen_01280,1,-6.772,2.731,4.464,inf,2,0,0
gen_01280,2,-6.717,2.771,4.454,inf,2,0,0
gen_01281,1,-8.775,2.752,4.434,inf,2,0,0
gen_01282,1,-7.987,3.787,4.464,inf,2,0,0
gen_01282,2,-7.968,3.676,4.483,inf,2,0,0
gen_01282,3,-7.963,3.723,4.508,inf,2,0,0
gen_01282,4,-7.952,3.791,4.499,inf,2,0,0
gen_01282,5,-7.950,3.637,4.545,inf,2,0,0
gen_01282,6,-7.939,3.700,4.513,inf,2,0,0
gen_01282,7,-7.922,3.576,4.489,inf,2,0,0
gen_01282,8,-7.883,3.606,4.502,inf,2,0,0
gen_01282,9,-7.883,3.481,4.402,inf,2,0,0
gen_01282,10,-7.832,3.507,4.411,inf,2,0,0
gen_01282,11,-7.823,2.772,3.791,inf,2,0,0
gen_01283,1,-7.694,14.825,15.018,7.120,2,1,0
gen_01284,1,-6.433,2.728,4.474,inf,4,0,0
gen_01284,2,-6.423,2.733,4.512,inf,4,0,0
gen_01284,3,-6.383,2.735,4.476,inf,4,0,0
gen_01284,4,-6.378,2.762,4.528,inf,4,0,0
gen_01284,5,-6.321,2.748,4.483,inf,4,0,0
gen_01284,6,-6.294,2.767,4.479,inf,4,0,0
gen_01284,7,-6.288,2.799,4.533,inf,4,0,0
gen_01285,1,-8.034,3.231,4.633,3.436,2,1,0
gen_01286,1,-7.685,2.879,4.604,7.684,4,1,0
gen_01286,2,-7.683,2.841,4.490,7.698,4,1,0
gen_01286,3,-7.664,2.841,4.539,7.744,4,1,0
gen_01287,1,-7.155,2.474,2.771,inf,4,0,0
gen_01287,2,-7.094,2.420,2.757,inf,4,0,0
gen_01287,3,-7.043,2.458,2.763,inf,4,0,0
gen_01287,4,-6.893,2.501,2.767,inf,4,0,0
gen_01288,1,-8.004,2.749,3.884,6.954,2,1,0
gen_01288,2,-7.991,2.692,3.866,6.950,2,1,0
gen_01288,3,-7.979,2.707,3.848,6.896,2,1,0
gen_01289,1,-7.705,2.580,2.747,inf,4,0,0
gen_01289,2,-7.698,2.597,2.722,inf,4,0,0
gen_01289,3,-7.597,2.655,3.757,inf,4,0,0
gen_01289,4,-7.594,2.685,3.820,inf,4,0,0
gen_01289,5,-7.579,2.660,2.702,inf,4,0,0
gen_01289,6,-7.475,2.775,4.461,inf,4,0,0
gen_01290,1,-7.179,2.767,4.396,6.826,2,2,0
gen_01290,2,-7.171,2.733,4.429,6.866,2,2,0
gen_01290,3,-7.111,2.741,4.422,6.835,2,2,0
gen_01290,4,-6.916,2.377,2.805,3.785,2,2,0
gen_01290,5,-6.907,2.369,2.747,3.785,2,2,0
gen_01291,1,-6.992,2.822,3.582,inf,4,0,0
gen_01291,2,-6.810,2.831,3.682,inf,4,0,0
gen_01292,1,-7.060,2.375,4.402,inf,2,0,0
gen_01293,1,-7.554,2.642,4.379,inf,2,0,0
gen_01293,2,-7.551,2.664,4.382,inf,2,0,0
gen_01293,3,-7.514,2.664,4.311,inf,2,0,0
gen_01294,1,-6.864,2.725,4.299,inf,2,0,0
gen_01294,2,-6.800,2.695,4.267,inf,2,0,0
gen_01294,3,-6.724,2.494,2.834,inf,2,0,0
gen_01294,4,-6.708,2.796,4.326,inf,2,0,0
gen_01294,5,-6.675,2.800,4.237,inf,2,0,0
gen_01294,6,-6.642,2.735,4.421,inf,2,0,0
gen_01294,7,-6.625,2.733,4.421,inf,2,0,0
gen_01294,8,-6.605,2.756,4.438,inf,2,0,0
gen_01295,1,-8.914,2.683,3.030,inf,2,0,0
gen_01295,2,-8.896,2.701,3.158,inf,2,0,0
gen_01295,3,-8.128,14.760,16.178,inf,2,0,0
gen_01296,1,-7.155,3.322,4.628,4.658,2,1,0
gen_01296,2,-7.131,3.219,4.654,4.617,2,1,0
gen_01296,3,-7.065,3.529,4.397,2.951,2,1,0
gen_01297,1,-7.345,2.788,4.413,inf,2,0,0
gen_01297,2,-7.315,2.754,4.333,inf,2,0,0
gen_01297,3,-7.311,2.801,4.502,inf,2,0,0
gen_01297,4,-7.310,2.792,4.393,inf,2,0,0
gen_01297,5,-7.263,2.778,4.321,inf,2,0,0
gen_01298,1,-7.036,2.739,4.481,inf,2,0,0
gen_01298,2,-7.009,2.745,4.444,inf,2,0,0
gen_01298,3,-7.003,2.804,4.516,inf,2,0,0
gen_01299,1,-6.918,3.355,4.283,inf,2,0,0
gen_01299,2,-6.824,3.338,4.240,inf,2,0,0
gen_01300,1,-7.230,2.795,4.285,inf,2,0,0
gen_01300,2,-7.211,2.789,4.239,inf,2,0,0
gen_01301,1,-7.681,3.211,4.509,2.695,2,1,0
gen_01302,1,-8.745,2.696,4.456,3.437,2,1,1
gen_01302,2,-8.698,2.797,4.609,3.331,2,1,1
gen_01302,3,-8.625,2.849,4.589,3.429,2,1,1
gen_01303,1,-7.139,2.844,4.283,inf,2,0,0
gen_01304,1,-6.895,2.653,4.501,inf,2,0,0
gen_01304,2,-6.889,2.643,4.471,inf,2,0,0
gen_01304,3,-6.826,14.289,14.812,inf,2,0,0
gen_01304,4,-6.821,14.283,14.708,inf,2,0,0
gen_01304,5,-6.781,2.672,4.606,inf,2,0,0
gen_01304,6,-6.746,2.749,4.663,inf,2,0,0
gen_01304,7,-6.712,2.388,4.431,inf,2,0,0
gen_01304,8,-6.706,2.703,4.586,inf,2,0,0
gen_01305,1,-7.118,3.488,4.601,inf,2,0,0
gen_01305,2,-7.111,3.533,4.573,inf,2,0,0
gen_01306,1,-7.078,11.713,12.514,11.594,2,1,0
gen_01306,2,-7.062,11.790,12.479,11.612,2,1,0
gen_01306,3,-7.018,11.265,12.716,11.656,2,1,0
gen_01306,4,-6.842,14.314,14.814,5.495,2,1,0
gen_01306,5,-6.839,14.301,14.789,5.408,2,1,0
gen_01306,6,-6.838,14.324,14.772,5.496,2,1,0
gen_01306,7,-6.809,2.566,4.682,5.011,2,1,0
gen_01306,8,-6.799,13.321,14.333,5.528,2,1,0
gen_01306,9,-6.764,2.379,4.497,5.113,2,1,0
gen_01307,1,-8.596,2.739,4.470,7.606,2,1,0
gen_01307,2,-8.587,2.727,4.439,7.600,2,1,0
gen_01307,3,-8.532,2.708,4.447,7.647,2,1,0
gen_01308,1,-7.198,2.247,4.457,inf,2,0,0
gen_01308,2,-7.182,2.245,4.452,inf,2,0,0
gen_01308,3,-7.165,2.269,4.467,inf,2,0,0
gen_01308,4,-7.145,2.226,4.457,inf,2,0,0
gen_01308,5,-7.123,2.228,4.443,inf,2,0,0
gen_01308,6,-7.123,2.277,4.444,inf,2,0,0
gen_01308,7,-7.041,2.736,4.310,inf,2,0,0
gen_01309,1,-8.510,2.441,2.663,inf,2,0,0
gen_01309,2,-8.487,2.471,2.676,inf,2,0,0
gen_01309,3,-8.400,2.463,2.673,inf,2,0,0
gen_01309,4,-8.394,2.466,2.716,inf,2,0,0
gen_01309,5,-8.382,2.489,2.719,inf,2,0,0
gen_01309,6,-8.378,2.578,2.625,inf,2,0,0
gen_01309,7,-8.270,2.570,2.647,inf,2,0,0
gen_01309,8,-8.211,2.473,2.482,inf,2,0,0
gen_01309,9,-8.129,2.495,2.693,inf,2,0,0
gen_01309,10,-7.808,2.206,4.361,inf,2,0,0
gen_01309,11,-7.788,2.198,4.336,inf,2,0,0
gen_01309,12,-7.785,2.204,4.373,inf,2,0,0
gen_01309,13,-7.776,2.202,4.354,inf,2,0,0
gen_01309,14,-7.763,2.218,4.437,inf,2,0,0
gen_01310,1,-7.096,2.819,4.427,7.698,2,1,0
gen_01311,1,-6.831,2.745,4.424,4.511,2,1,0
gen_01311,2,-6.781,2.725,4.331,4.388,2,1,0
gen_01311,3,-6.761,2.475,2.789,4.795,2,1,0
gen_01311,4,-6.673,2.660,2.693,4.780,2,1,0
gen_01311,5,-6.609,2.596,3.809,4.945,2,1,0
gen_01311,6,-6.600,2.560,4.453,5.884,2,1,0
gen_01312,1,-72.705,14.877,15.512,inf,2,0,0
gen_01312,2,-72.289,10.939,11.584,inf,2,0,0
gen_01312,3,-72.232,13.637,14.197,inf,2,0,0
gen_01312,4,-71.920,12.523,13.244,inf,2,0,0
gen_01312,5,-69.063,8.390,9.898,inf,2,0,0
gen_01312,6,-63.626,5.609,6.162,inf,2,0,0
gen_01313,1,-6.642,2.698,4.454,2.876,2,1,1
gen_01313,2,-6.574,2.612,4.427,2.967,2,1,1
gen_01313,3,-6.553,2.731,4.408,2.928,2,1,1
gen_01313,4,-6.531,2.749,4.453,2.891,2,1,1
gen_01313,5,-6.469,2.694,4.411,2.891,2,1,1
gen_01314,1,-7.126,15.006,15.858,inf,2,0,0
gen_01314,2,-7.108,14.973,15.848,inf,2,0,0
gen_01314,3,-7.102,2.693,4.387,inf,2,0,0
gen_01314,4,-7.080,14.979,15.876,inf,2,0,0
gen_01314,5,-7.079,14.866,15.980,inf,2,0,0
gen_01314,6,-7.062,2.661,4.393,inf,2,0,0
gen_01314,7,-7.042,2.620,4.380,inf,2,0,0
gen_01314,8,-7.021,2.717,4.378,inf,2,0,0
gen_01315,1,-7.744,2.740,4.526,inf,4,0,0
gen_01316,1,-7.118,2.832,4.386,inf,2,0,0
gen_01317,1,-7.927,2.441,2.516,inf,2,0,0
gen_01317,2,-7.913,2.535,2.557,inf,2,0,0
gen_01317,3,-7.907,10.318,10.799,inf,2,0,0
gen_01317,4,-7.892,10.529,10.674,inf,2,0,0
gen_01317,5,-7.886,10.541,10.626,inf,2,0,0
gen_01317,6,-7.732,2.251,4.414,inf,2,0,0
gen_01317,7,-7.716,2.201,4.361,inf,2,0,0
gen_01318,1,-73.943,9.033,10.103,3.870,2,1,0
gen_01318,2,-72.119,8.042,9.752,13.960,2,1,0
gen_01318,3,-71.973,13.248,14.194,4.702,2,1,0
gen_01318,4,-71.136,8.215,10.385,13.415,2,1,0
gen_01318,5,-69.436,8.915,9.271,13.017,2,1,0
gen_01319,1,-7.261,2.624,4.449,inf,2,0,0
gen_01319,2,-7.008,2.786,4.391,inf,2,0,0
gen_01319,3,-6.987,2.763,4.472,inf,2,0,0
gen_01319,4,-6.983,2.788,4.404,inf,2,0,0
gen_01320,1,-8.277,2.884,4.374,inf,2,0,0
gen_01320,2,-8.272,3.581,4.777,inf,2,0,0
gen_01320,3,-8.248,2.820,4.331,inf,2,0,0
gen_01320,4,-8.204,3.383,4.661,inf,2,0,0
gen_01321,1,-8.260,2.716,2.762,inf,2,0,0
gen_01321,2,-8.253,2.703,3.105,inf,2,0,0
gen_01321,3,-8.225,2.699,2.777,inf,2,0,0
gen_01321,4,-8.020,2.683,2.777,inf,2,0,0
gen_01322,1,-7.919,2.733,4.389,inf,2,0,0
gen_01322,2,-7.880,2.758,4.404,inf,2,0,0
gen_01322,3,-7.860,2.755,4.385,inf,2,0,0
gen_01322,4,-7.856,2.811,4.479,inf,2,0,0
gen_01322,5,-7.784,2.755,4.376,inf,2,0,0
gen_01323,1,-6.814,9.474,10.192,inf,2,0,0
gen_01323,2,-6.811,9.502,10.276,inf,2,0,0
gen_01323,3,-6.796,3.860,5.459,inf,2,0,0
gen_01323,4,-6.724,9.255,10.330,inf,2,0,0
gen_01324,1,-7.715,2.748,3.922,4.280,2,2,0
gen_01324,2,-7.645,2.731,3.876,4.327,2,2,0
gen_01324,3,-7.626,2.670,4.131,4.865,2,2,0
gen_01325,1,-7.715,3.098,4.756,4.635,4,1,0
gen_01325,2,-7.692,3.119,4.772,4.598,4,1,0
gen_01325,3,-7.651,2.878,4.795,4.712,4,1,0
gen_01325,4,-7.644,3.256,4.788,4.523,4,1,0
gen_01325,5,-7.642,3.103,4.806,4.651,4,1,0
gen_01325,6,-7.641,3.217,4.743,4.513,4,1,0
gen_01325,7,-7.632,3.121,4.804,4.554,4,1,0
gen_01325,8,-7.600,3.235,4.802,4.481,4,1,0
gen_01326,1,-7.834,2.758,4.271,inf,4,0,0
gen_01326,2,-7.813,3.163,4.806,inf,4,0,0
gen_01326,3,-7.786,2.778,4.486,inf,4,0,0
gen_01326,4,-7.734,2.815,4.311,inf,4,0,0
gen_01326,5,-7.683,2.786,4.447,inf,4,0,0
gen_01327,1,-8.602,2.425,4.519,inf,2,0,0
gen_01327,2,-8.584,2.503,4.557,inf,2,0,0
gen_01327,3,-8.513,2.524,4.566,inf,2,0,0
gen_01328,1,-7.648,2.446,2.702,inf,2,0,0
gen_01328,2,-7.610,2.678,3.863,inf,2,0,0
gen_01328,3,-7.608,2.707,4.273,inf,2,0,0
gen_01328,4,-7.587,2.663,3.825,inf,2,0,0
gen_01328,5,-7.578,2.651,3.746,inf,2,0,0
gen_01328,6,-7.576,2.689,4.132,inf,2,0,0
gen_01328,7,-7.570,2.390,2.703,inf,2,0,0
gen_01328,8,-7.512,2.664,3.858,inf,2,0,0
gen_01328,9,-7.456,2.766,4.215,inf,2,0,0
gen_01328,10,-7.385,2.647,3.730,inf,2,0,0
gen_01329,1,-6.981,12.554,12.616,inf,2,0,0
gen_01329,2,-6.936,12.628,12.659,inf,2,0,0
gen_01329,3,-6.776,2.679,2.748,inf,2,0,0
gen_01329,4,-6.701,2.512,2.730,inf,2,0,0
gen_01330,1,-7.126,2.777,4.501,inf,4,0,0
gen_01330,2,-7.098,2.704,4.443,inf,4,0,0
gen_01330,3,-7.022,2.698,4.457,inf,4,0,0
gen_01330,4,-7.021,2.671,4.391,inf,4,0,0
gen_01330,5,-6.997,2.686,4.405,inf,4,0,0
gen_01331,1,-6.754,2.678,4.272,inf,2,0,0
gen_01331,2,-6.683,2.270,3.082,inf,2,0,0
gen_01331,3,-6.600,2.212,2.970,inf,2,0,0
gen_01332,1,-7.262,2.453,2.680,inf,2,0,0
gen_01332,2,-7.251,2.642,2.674,inf,2,0,0
gen_01332,3,-7.249,2.649,2.710,inf,2,0,0
gen_01332,4,-7.189,2.425,2.773,inf,2,0,0
gen_01332,5,-7.173,2.660,2.692,inf,2,0,0
gen_01332,6,-7.168,2.581,2.728,inf,2,0,0
gen_01332,7,-7.145,2.568,2.638,inf,2,0,0
gen_01332,8,-7.139,2.592,2.647,inf,2,0,0
gen_01332,9,-7.099,2.645,2.675,inf,2,0,0
gen_01333,1,-8.052,2.639,4.284,inf,2,0,0
gen_01334,1,-6.946,2.510,2.768,inf,2,0,0
gen_01334,2,-6.856,2.450,2.727,inf,2,0,0
gen_01335,1,-7.816,2.735,4.466,6.646,2,1,0
gen_01335,2,-7.798,2.693,4.474,6.624,2,1,0
gen_01335,3,-7.786,2.775,4.373,6.740,2,1,0
gen_01335,4,-7.774,6.594,7.899,5.576,2,1,0
gen_01335,5,-7.763,6.626,7.947,5.558,2,1,0
gen_01336,1,-6.658,2.443,4.468,inf,2,0,0
gen_01336,2,-6.657,2.748,4.471,inf,2,0,0
gen_01336,3,-6.642,2.440,4.467,inf,2,0,0
gen_01336,4,-6.597,2.731,4.425,inf,2,0,0
gen_01337,1,-7.881,8.986,9.136,inf,4,0,0
gen_01337,2,-7.878,2.339,4.366,inf,4,0,0
gen_01337,3,-7.845,2.300,4.302,inf,4,0,0
gen_01337,4,-7.845,2.558,4.381,inf,4,0,0
gen_01337,5,-7.844,2.306,4.278,inf,4,0,0
gen_01337,6,-7.817,2.584,4.428,inf,4,0,0
gen_01337,7,-7.791,2.538,4.387,inf,4,0,0
gen_01338,1,-7.453,3.566,4.311,inf,4,0,0
gen_01338,2,-7.389,3.613,4.326,inf,4,0,0
gen_01338,3,-7.366,3.527,4.315,inf,4,0,0
gen_01338,4,-7.328,3.813,4.406,inf,4,0,0
gen_01339,1,-7.253,5.877,7.677,5.524,2,1,0
gen_01339,2,-7.252,14.394,14.516,9.811,2,1,0
gen_01340,1,-7.140,2.243,2.624,4.946,2,1,0
gen_01340,2,-7.136,2.220,2.559,4.891,2,1,0
gen_01340,3,-7.128,2.270,2.559,5.001,2,1,0
gen_01340,4,-7.050,2.207,2.657,5.143,2,1,0
gen_01340,5,-7.045,2.216,2.510,4.688,2,1,0
gen_01340,6,-6.994,2.282,2.640,4.928,2,1,0
gen_01340,7,-6.992,2.331,2.615,4.830,2,1,0
gen_01340,8,-6.976,2.317,2.648,4.803,2,1,0
gen_01340,9,-6.943,2.379,2.658,5.095,2,1,0
gen_01340,10,-6.918,2.384,2.687,4.623,2,1,0
gen_01340,11,-6.896,2.354,2.659,5.035,2,1,0
gen_01340,12,-6.883,2.329,2.583,5.034,2,1,0
gen_01341,1,-7.723,2.774,4.419,6.522,2,1,0
gen_01341,2,-7.718,2.778,4.410,6.483,2,1,0
gen_01342,1,-6.699,2.671,4.395,3.184,2,2,1
gen_01343,1,-7.545,2.794,4.540,7.137,2,1,0
gen_01343,2,-7.543,2.783,4.528,7.180,2,1,0
gen_01343,3,-7.522,2.814,4.596,7.282,2,1,0
gen_01343,4,-7.508,2.780,4.509,7.280,2,1,0
gen_01344,1,-7.402,2.772,4.257,inf,2,0,0
gen_01344,2,-7.333,2.712,4.100,inf,2,0,0
gen_01344,3,-7.332,2.747,4.552,inf,2,0,0
gen_01344,4,-7.282,2.705,4.522,inf,2,0,0
gen_01344,5,-7.084,2.737,4.098,inf,2,0,0
gen_01344,6,-6.969,2.756,4.133,inf,2,0,0
gen_01345,1,-8.191,2.775,4.537,inf,2,0,0
gen_01345,2,-8.179,2.762,4.532,inf,2,0,0
gen_01345,3,-8.154,2.798,4.548,inf,2,0,0
gen_01346,1,-7.461,2.701,4.453,inf,2,0,0
gen_01346,2,-7.384,2.768,4.381,inf,2,0,0
gen_01347,1,-7.746,2.684,4.475,5.029,2,1,0
gen_01347,2,-7.725,2.708,4.441,5.056,2,1,0
gen_01347,3,-7.559,2.705,4.472,5.228,2,1,0
gen_01347,4,-7.529,2.704,4.426,5.233,2,1,0
gen_01347,5,-7.358,2.779,4.447,5.773,2,1,0
gen_01347,6,-7.316,2.794,4.408,5.784,2,1,0
gen_01348,1,-7.104,2.754,4.620,inf,2,0,0
gen_01348,2,-7.070,2.765,4.604,inf,2,0,0
gen_01349,1,-78.643,8.680,9.471,inf,2,0,0
gen_01350,1,-7.655,2.635,2.689,5.390,2,1,0
gen_01350,2,-7.638,3.831,4.478,6.849,2,1,0
gen_01350,3,-7.633,3.856,4.554,6.921,2,1,0
gen_01350,4,-7.625,2.641,2.707,5.405,2,1,0
gen_01350,5,-7.623,3.691,4.460,6.787,2,1,0
gen_01350,6,-7.608,3.772,4.437,6.810,2,1,0
gen_01350,7,-7.496,3.841,4.598,6.950,2,1,0
gen_01350,8,-7.435,3.813,4.700,6.916,2,1,0
gen_01350,9,-7.369,3.389,4.424,6.843,2,1,0
gen_01351,1,-7.191,2.754,4.346,inf,2,0,0
gen_01352,1,-7.363,2.745,4.534,inf,2,0,0
gen_01352,2,-7.354,2.690,4.520,inf,2,0,0
gen_01352,3,-7.326,2.730,4.455,inf,2,0,0
gen_01352,4,-7.320,2.762,4.466,inf,2,0,0
gen_01352,5,-7.311,2.662,4.510,inf,2,0,0
gen_01352,6,-7.310,2.601,4.449,inf,2,0,0
gen_01352,7,-7.309,2.743,4.524,inf,2,0,0
gen_01352,8,-7.252,2.722,4.492,inf,2,0,0
gen_01353,1,-8.192,2.461,2.760,2.972,2,1,1
gen_01353,2,-8.190,2.454,2.770,3.052,2,1,1
gen_01354,1,-7.615,3.465,4.280,inf,2,0,0
gen_01354,2,-7.530,3.357,4.374,inf,2,0,0
gen_01354,3,-7.523,3.505,4.246,inf,2,0,0
gen_01354,4,-7.515,3.448,4.259,inf,2,0,0
gen_01354,5,-7.504,3.702,3.995,inf,2,0,0
gen_01354,6,-7.499,3.533,4.286,inf,2,0,0
gen_01354,7,-7.351,16.083,16.978,inf,2,0,0
gen_01354,8,-7.347,16.120,16.998,inf,2,0,0
gen_01355,1,-7.652,5.773,6.203,inf,2,0,0
gen_01355,2,-7.650,5.947,6.030,inf,2,0,0
gen_01355,3,-7.640,5.814,5.930,inf,2,0,0
gen_01355,4,-7.624,5.864,6.051,inf,2,0,0
gen_01355,5,-7.614,5.904,5.925,inf,2,0,0
gen_01355,6,-7.258,15.348,16.465,inf,2,0,0
gen_01355,7,-7.256,15.338,16.459,inf,2,0,0
gen_01356,1,-7.948,3.200,4.442,inf,2,0,0
gen_01356,2,-7.937,3.206,4.404,inf,2,0,0
gen_01356,3,-7.933,3.212,4.483,inf,2,0,0
gen_01356,4,-7.901,2.842,4.401,inf,2,0,0
gen_01356,5,-7.869,2.811,4.381,inf,2,0,0
gen_01357,1,-7.776,2.771,4.487,inf,2,0,0
gen_01357,2,-7.726,2.740,4.499,inf,2,0,0
gen_01358,1,-6.009,2.701,4.451,inf,2,0,0
gen_01358,2,-5.970,2.741,4.427,inf,2,0,0
gen_01359,1,-7.320,2.614,4.469,inf,2,0,0
gen_01359,2,-7.282,2.567,4.373,inf,2,0,0
gen_01360,1,-6.844,3.159,5.021,inf,2,0,0
gen_01360,2,-6.834,2.728,4.768,inf,2,0,0
gen_01360,3,-6.816,3.330,5.051,inf,2,0,0
gen_01360,4,-6.815,2.781,4.769,inf,2,0,0
gen_01360,5,-6.784,2.976,4.943,inf,2,0,0
gen_01360,6,-6.704,2.794,4.807,inf,2,0,0
gen_01361,1,-8.248,9.777,10.244,inf,2,0,0
gen_01361,2,-8.245,9.797,10.162,inf,2,0,0
gen_01361,3,-8.217,10.019,10.123,inf,2,0,0
gen_01361,4,-8.201,10.000,10.166,inf,2,0,0
gen_01361,5,-8.179,9.900,10.199,inf,2,0,0
gen_01361,6,-8.050,2.740,4.469,inf,2,0,0
gen_01362,1,-7.787,2.781,4.509,inf,2,0,0
gen_01362,2,-7.782,2.763,4.519,inf,2,0,0
gen_01362,3,-7.758,2.767,4.520,inf,2,0,0
gen_01362,4,-7.742,2.785,4.475,inf,2,0,0
gen_01362,5,-7.740,2.711,4.411,inf,2,0,0
gen_01362,6,-7.714,2.774,4.488,inf,2,0,0
gen_01362,7,-7.712,2.748,4.535,inf,2,0,0
gen_01362,8,-7.697,2.764,4.539,inf,2,0,0
gen_01362,9,-7.683,2.769,4.484,inf,2,0,0
gen_01362,10,-7.657,2.785,4.508,inf,2,0,0
gen_01363,1,-6.446,2.777,4.506,inf,2,0,0
gen_01364,1,-7.440,14.419,14.824,inf,2,0,0
gen_01364,2,-7.410,14.734,14.760,inf,2,0,0
gen_01364,3,-7.382,14.561,14.827,inf,2,0,0
gen_01365,1,-7.079,3.934,4.608,inf,2,0,0
gen_01365,2,-6.989,3.242,4.311,inf,2,0,0
gen_01366,1,-7.294,2.796,4.354,inf,2,0,0
gen_01366,2,-7.290,2.485,4.153,inf,2,0,0
gen_01366,3,-7.171,2.816,4.270,inf,2,0,0
gen_01366,4,-7.142,2.780,4.338,inf,2,0,0
gen_01366,5,-7.091,2.301,4.454,inf,2,0,0
gen_01367,1,-8.011,2.759,4.491,3.316,2,1,1
gen_01368,1,-7.325,2.716,4.401,inf,2,0,0
gen_01368,2,-7.277,2.753,4.465,inf,2,0,0
gen_01368,3,-7.187,2.762,4.319,inf,2,0,0
gen_01369,1,-8.010,2.804,3.764,inf,2,0,0
gen_01369,2,-7.969,8.561,9.821,inf,2,0,0
gen_01369,3,-7.943,8.573,9.556,inf,2,0,0
gen_01369,4,-7.941,8.613,9.767,inf,2,0,0
gen_01370,1,-7.037,2.548,2.552,inf,2,0,0
gen_01370,2,-7.029,2.514,2.568,inf,2,0,0
gen_01370,3,-6.976,2.368,2.573,inf,2,0,0
gen_01370,4,-6.966,2.322,2.564,inf,2,0,0
gen_01371,1,-6.805,9.851,10.854,inf,2,0,0
gen_01372,1,-8.131,2.769,3.113,inf,2,0,0
gen_01372,2,-8.120,2.648,3.309,inf,2,0,0
gen_01372,3,-8.114,2.681,3.008,inf,2,0,0
gen_01372,4,-8.035,2.702,3.257,inf,2,0,0
gen_01373,1,-7.411,3.019,4.336,inf,4,0,0
gen_01373,2,-7.409,2.839,4.251,inf,4,0,0
gen_01373,3,-7.344,2.783,4.258,inf,4,0,0
gen_01373,4,-7.319,2.999,4.287,inf,4,0,0
gen_01373,5,-7.295,2.729,4.326,inf,4,0,0
gen_01373,6,-7.273,2.966,4.216,inf,4,0,0
gen_01373,7,-7.154,6.274,6.926,inf,4,0,0
gen_01373,8,-7.152,6.127,7.048,inf,4,0,0
gen_01373,9,-7.126,6.006,7.540,inf,4,0,0
gen_01373,10,-7.105,2.849,4.310,inf,4,0,0
gen_01373,11,-7.089,2.788,4.297,inf,4,0,0
gen_01373,12,-7.081,3.051,4.285,inf,4,0,0
gen_01374,1,-8.271,3.181,4.448,inf,2,0,0
gen_01374,2,-8.262,3.217,4.552,inf,2,0,0
gen_01374,3,-8.197,3.255,4.618,inf,2,0,0
gen_01374,4,-8.127,3.430,4.411,inf,2,0,0
gen_01374,5,-8.062,3.088,4.394,inf,2,0,0
gen_01375,1,-6.965,2.766,3.657,inf,2,0,0
gen_01376,1,-6.932,2.772,3.975,inf,2,0,0
gen_01376,2,-6.864,2.760,4.479,inf,2,0,0
gen_01377,1,-8.282,10.427,10.441,5.697,2,1,0
gen_01377,2,-8.249,10.219,10.244,5.568,2,1,0
gen_01377,3,-8.026,2.823,4.483,3.838,2,1,0
gen_01377,4,-7.999,2.750,4.410,3.443,2,1,1
gen_01377,5,-7.995,2.816,4.499,4.035,2,1,0
gen_01378,1,-8.283,2.343,2.617,inf,2,0,0
gen_01378,2,-8.281,2.411,2.690,inf,2,0,0
gen_01378,3,-8.235,2.372,2.684,inf,2,0,0
gen_01378,4,-8.197,2.566,2.598,inf,2,0,0
gen_01378,5,-8.179,2.571,2.571,inf,2,0,0
gen_01378,6,-8.140,2.533,2.611,inf,2,0,0
gen_01378,7,-8.034,2.499,2.671,inf,2,0,0
gen_01379,1,-6.855,2.803,4.558,inf,4,0,0
gen_01379,2,-6.823,2.856,4.553,inf,4,0,0
gen_01379,3,-6.659,2.788,4.514,inf,4,0,0
gen_01379,4,-6.625,2.708,4.410,inf,4,0,0
gen_01380,1,-8.153,9.034,10.004,inf,2,0,0
gen_01380,2,-8.153,16.460,17.213,inf,2,0,0
gen_01380,3,-8.135,16.475,17.237,inf,2,0,0
gen_01380,4,-8.052,16.243,17.220,inf,2,0,0
gen_01381,1,-7.745,15.127,16.297,inf,2,0,0
gen_01381,2,-7.714,15.128,16.259,inf,2,0,0
gen_01382,1,-7.226,2.465,3.949,5.184,2,1,0
gen_01382,2,-7.137,2.380,3.997,5.154,2,1,0
gen_01383,1,-7.370,2.758,4.578,inf,2,0,0
gen_01383,2,-7.336,2.775,4.611,inf,2,0,0
gen_01383,3,-7.325,2.583,4.636,inf,2,0,0
gen_01383,4,-7.303,2.751,4.410,inf,2,0,0
gen_01383,5,-7.300,2.743,4.393,inf,2,0,0
gen_01384,1,-8.119,15.144,16.384,inf,2,0,0
gen_01385,1,-7.760,12.828,13.072,6.285,2,1,0
gen_01385,2,-7.664,12.836,13.058,6.220,2,1,0
gen_01385,3,-7.632,12.943,12.951,6.250,2,1,0
gen_01385,4,-7.559,12.883,13.069,6.303,2,1,0
gen_01385,5,-7.490,12.876,13.076,6.301,2,1,0
gen_01385,6,-7.370,15.862,16.349,7.772,2,1,0
gen_01385,7,-7.360,15.884,16.331,7.723,2,1,0
gen_01385,8,-7.355,15.872,16.280,7.680,2,1,0
gen_01385,9,-7.320,15.787,16.242,6.800,2,1,0
gen_01385,10,-7.287,15.945,16.031,6.901,2,1,0
gen_01386,1,-7.047,2.788,3.073,inf,4,0,0
gen_01386,2,-7.028,3.014,3.043,inf,4,0,0
gen_01386,3,-6.985,2.780,3.060,inf,4,0,0
gen_01387,1,-7.529,2.641,3.865,inf,2,0,0
gen_01387,2,-7.481,2.728,3.874,inf,2,0,0
gen_01387,3,-7.352,2.814,3.746,inf,2,0,0
gen_01387,4,-7.312,2.725,3.980,inf,2,0,0
gen_01388,1,-7.263,2.305,4.395,inf,2,0,0
gen_01388,2,-7.225,2.448,4.510,inf,2,0,0
gen_01389,1,-7.835,2.792,4.575,inf,2,0,0
gen_01389,2,-7.594,2.440,3.473,inf,2,0,0
gen_01390,1,-8.360,2.472,4.487,5.848,2,1,0
gen_01391,1,-7.071,2.645,4.413,4.190,2,1,0
gen_01391,2,-7.034,2.721,4.448,4.216,2,1,0
gen_01391,3,-7.031,2.732,4.477,4.119,2,1,0
gen_01391,4,-7.029,2.643,4.444,4.185,2,1,0
gen_01391,5,-6.985,2.708,4.529,3.997,2,1,0
gen_01391,6,-6.969,2.735,4.447,4.032,2,1,0
gen_01392,1,-7.312,3.169,4.478,inf,2,0,0
gen_01392,2,-7.277,4.435,4.841,inf,2,0,0
gen_01392,3,-7.265,2.977,4.338,inf,2,0,0
gen_01392,4,-7.246,3.785,4.429,inf,2,0,0
gen_01392,5,-7.213,2.855,4.360,inf,2,0,0
gen_01392,6,-7.205,2.854,4.340,inf,2,0,0
gen_01392,7,-7.190,2.858,4.356,inf,2,0,0
gen_01393,1,-7.686,2.787,4.572,inf,4,0,0
gen_01393,2,-7.651,3.583,5.671,inf,4,0,0
gen_01393,3,-7.647,3.621,5.669,inf,4,0,0
gen_01393,4,-7.647,3.605,5.666,inf,4,0,0
gen_01393,5,-7.643,3.590,5.632,inf,4,0,0
gen_01393,6,-7.639,3.591,5.643,inf,4,0,0
gen_01393,7,-7.583,3.684,5.779,inf,4,0,0
gen_01393,8,-7.573,3.734,5.847,inf,4,0,0
gen_01393,9,-7.546,2.718,4.523,inf,4,0,0
gen_01394,1,-7.662,2.668,2.779,inf,2,0,0
gen_01394,2,-7.642,2.705,2.789,inf,2,0,0
gen_01394,3,-7.597,2.602,2.788,inf,2,0,0
gen_01394,4,-7.560,2.637,2.740,inf,2,0,0
gen_01394,5,-7.558,2.649,2.694,inf,2,0,0
gen_01395,1,-7.669,3.325,5.232,inf,2,0,0
gen_01395,2,-7.587,3.454,5.290,inf,2,0,0
gen_01395,3,-7.522,3.488,5.270,inf,2,0,0
gen_01396,1,-7.540,2.612,3.157,inf,4,0,0
gen_01396,2,-7.513,2.606,3.164,inf,4,0,0
gen_01396,3,-7.503,2.605,3.170,inf,4,0,0
gen_01396,4,-7.464,2.626,3.184,inf,4,0,0
gen_01397,1,-7.205,3.001,4.507,inf,2,0,0
gen_01398,1,-7.216,7.387,7.575,inf,2,0,0
gen_01398,2,-7.180,7.379,7.635,inf,2,0,0
gen_01398,3,-7.160,7.420,7.634,inf,2,0,0
gen_01399,1,-7.461,2.756,3.851,inf,2,0,0
gen_01399,2,-7.417,2.770,3.860,inf,2,0,0
gen_01399,3,-7.398,8.983,9.773,inf,2,0,0
gen_01400,1,-7.078,2.756,4.334,3.633,2,1,0
gen_01400,2,-7.065,2.718,4.401,3.526,2,1,0
gen_01400,3,-7.049,2.741,4.363,3.570,2,1,0
gen_01400,4,-7.048,2.768,4.348,3.636,2,1,0
gen_01400,5,-6.677,2.379,4.369,6.490,2,1,0
gen_01401,1,-8.156,2.665,4.425,inf,2,0,0
gen_01401,2,-8.132,2.745,4.399,inf,2,0,0
gen_01401,3,-8.037,2.741,4.494,inf,2,0,0
gen_01401,4,-8.011,2.659,4.383,inf,2,0,0
gen_01401,5,-7.952,2.661,4.392,inf,2,0,0
gen_01401,6,-7.899,2.761,4.478,inf,2,0,0
gen_01401,7,-7.850,2.832,4.543,inf,2,0,0
gen_01401,8,-7.839,2.757,3.928,inf,2,0,0
gen_01402,1,-7.579,3.103,4.597,7.677,2,2,0
gen_01402,2,-7.560,3.065,4.513,7.909,2,2,0
gen_01402,3,-7.511,3.121,4.595,7.712,2,2,0
gen_01402,4,-7.426,2.865,4.507,7.765,2,2,0
gen_01403,1,-7.206,3.126,3.963,inf,2,0,0
gen_01403,2,-7.205,3.093,3.753,inf,2,0,0
gen_01403,3,-7.066,3.101,3.939,inf,2,0,0
gen_01403,4,-7.047,3.586,4.052,inf,2,0,0
gen_01403,5,-6.982,2.589,2.680,inf,2,0,0
gen_01403,6,-6.977,2.568,3.263,inf,2,0,0
gen_01403,7,-6.954,2.698,3.246,inf,2,0,0
gen_01404,1,-7.988,2.710,4.465,inf,4,0,0
gen_01404,2,-7.982,2.784,4.484,inf,4,0,0
gen_01404,3,-7.953,2.682,4.372,inf,4,0,0
gen_01404,4,-7.826,2.786,4.472,inf,4,0,0
gen_01405,1,-7.830,3.023,4.524,inf,2,0,0
gen_01405,2,-7.810,3.382,4.691,inf,2,0,0
gen_01405,3,-7.447,3.656,4.425,inf,2,0,0
gen_01406,1,-7.658,12.110,12.928,inf,2,0,0
gen_01406,2,-7.640,11.784,12.873,inf,2,0,0
gen_01406,3,-7.637,11.796,12.861,inf,2,0,0
gen_01406,4,-7.622,12.095,12.923,inf,2,0,0
gen_01407,1,-8.321,2.745,4.510,inf,2,0,0
gen_01407,2,-8.279,2.740,4.483,inf,2,0,0
gen_01407,3,-8.247,2.685,4.466,inf,2,0,0
gen_01407,4,-8.118,3.000,4.608,inf,2,0,0
gen_01407,5,-8.044,2.703,4.432,inf,2,0,0
gen_01407,6,-8.037,2.685,4.466,inf,2,0,0
gen_01407,7,-8.014,2.699,4.426,inf,2,0,0
gen_01407,8,-7.440,3.882,4.459,inf,2,0,0
gen_01408,1,-7.915,2.770,4.447,inf,2,0,0
gen_01408,2,-7.899,2.718,4.353,inf,2,0,0
gen_01408,3,-7.854,2.799,4.380,inf,2,0,0
gen_01409,1,-7.196,6.081,6.689,inf,2,0,0
gen_01409,2,-7.192,6.122,6.707,inf,2,0,0
gen_01410,1,-7.106,2.727,4.483,4.350,2,1,0
gen_01410,2,-6.970,2.811,4.334,4.299,2,1,0
gen_01411,1,-7.288,2.733,4.424,11.030,2,1,0
gen_01411,2,-7.236,2.696,4.434,11.034,2,1,0
gen_01411,3,-7.103,14.688,14.895,4.454,2,1,0
gen_01411,4,-7.090,14.677,15.574,4.266,2,1,0
gen_01412,1,-7.100,2.709,4.270,inf,2,0,0
gen_01412,2,-7.086,2.476,4.256,inf,2,0,0
gen_01413,1,-6.587,2.640,4.318,inf,2,0,0
gen_01413,2,-6.566,2.742,4.319,inf,2,0,0
gen_01414,1,-7.469,3.018,4.511,inf,2,0,0
gen_01414,2,-7.440,2.539,4.269,inf,2,0,0
gen_01414,3,-7.431,2.753,4.414,inf,2,0,0
gen_01414,4,-7.369,3.078,4.598,inf,2,0,0
gen_01414,5,-5.974,2.506,4.368,inf,2,0,0
gen_01415,1,-7.504,2.745,4.471,inf,4,0,0
gen_01415,2,-7.445,2.741,4.496,inf,4,0,0
gen_01415,3,-7.344,2.777,4.472,inf,4,0,0
gen_01415,4,-7.325,2.824,4.507,inf,4,0,0
gen_01415,5,-7.325,2.767,4.465,inf,4,0,0
gen_01415,6,-7.320,2.799,4.520,inf,4,0,0
gen_01415,7,-7.270,2.759,4.538,inf,4,0,0
gen_01415,8,-7.187,4.682,4.741,inf,4,0,0
gen_01415,9,-7.142,8.892,9.909,inf,4,0,0
gen_01416,1,-7.410,2.679,4.367,4.964,2,1,0
gen_01416,2,-7.369,2.659,4.415,5.046,2,1,0
gen_01416,3,-7.355,2.759,4.325,4.949,2,1,0
gen_01416,4,-7.345,2.575,4.389,5.019,2,1,0
gen_01416,5,-7.292,2.646,4.389,5.196,2,1,0
gen_01416,6,-6.990,3.855,4.859,5.161,2,1,0
gen_01416,7,-6.941,3.161,4.743,5.370,2,1,0
gen_01417,1,-7.478,14.510,14.672,3.025,2,1,0
gen_01417,2,-7.462,14.471,14.742,3.027,2,1,0
gen_01417,3,-7.461,14.471,14.739,3.016,2,1,0
gen_01417,4,-6.637,13.855,14.228,2.810,2,1,0
gen_01418,1,-7.878,2.481,4.254,inf,2,0,0
gen_01418,2,-7.751,2.401,2.828,inf,2,0,0
gen_01418,3,-7.664,2.469,2.823,inf,2,0,0
gen_01419,1,-7.754,2.372,2.743,inf,2,0,0
gen_01419,2,-7.679,2.326,2.708,inf,2,0,0
gen_01419,3,-7.537,13.367,15.225,inf,2,0,0
gen_01419,4,-7.441,13.896,14.464,inf,2,0,0
gen_01419,5,-7.377,2.576,3.679,inf,2,0,0
gen_01419,6,-7.362,2.478,3.811,inf,2,0,0
gen_01420,1,-6.875,2.403,2.759,inf,4,0,0
gen_01420,2,-6.869,2.467,2.648,inf,4,0,0
gen_01420,3,-6.867,2.516,2.700,inf,4,0,0
gen_01420,4,-6.859,2.494,2.692,inf,4,0,0
gen_01420,5,-6.837,2.533,2.647,inf,4,0,0
gen_01420,6,-6.815,4.974,4.995,inf,4,0,0
gen_01421,1,-8.167,2.715,4.440,5.367,2,1,0
gen_01421,2,-8.158,2.774,4.486,5.521,2,1,0
gen_01421,3,-8.151,2.689,4.419,5.429,2,1,0
gen_01421,4,-8.119,2.735,4.452,5.478,2,1,0
gen_01421,5,-7.738,2.721,4.424,5.891,2,1,0
gen_01422,1,-7.582,4.676,4.982,inf,2,0,0
gen_01422,2,-7.359,18.648,19.132,inf,2,0,0
gen_01422,3,-7.350,18.467,18.938,inf,2,0,0
gen_01423,1,-7.254,10.277,10.501,inf,2,0,0
gen_01423,2,-7.173,3.111,4.473,inf,2,0,0
gen_01423,3,-7.099,3.323,4.416,inf,2,0,0
gen_01423,4,-6.963,10.388,11.178,inf,2,0,0
gen_01424,1,-6.990,2.800,4.513,inf,4,0,0
gen_01424,2,-6.959,2.788,4.516,inf,4,0,0
gen_01424,3,-6.925,2.738,4.476,inf,4,0,0
gen_01425,1,-6.888,3.233,4.357,6.683,2,1,0
gen_01425,2,-6.873,3.186,4.350,6.738,2,1,0
gen_01426,1,-7.731,2.340,4.407,inf,2,0,0
gen_01426,2,-7.686,2.327,4.391,inf,2,0,0
gen_01426,3,-7.667,2.559,4.480,inf,2,0,0
gen_01426,4,-7.665,2.499,4.479,inf,2,0,0
gen_01426,5,-7.654,2.522,4.456,inf,2,0,0
gen_01427,1,-7.059,2.758,4.505,inf,2,0,0
gen_01427,2,-7.056,2.768,4.519,inf,2,0,0
gen_01428,1,-7.463,3.083,4.411,inf,4,0,0
gen_01428,2,-7.430,2.916,4.328,inf,4,0,0
gen_01428,3,-7.397,3.001,4.429,inf,4,0,0
gen_01428,4,-7.382,2.886,4.376,inf,4,0,0
gen_01428,5,-7.363,2.836,4.366,inf,4,0,0
gen_01428,6,-7.325,3.483,4.405,inf,4,0,0
gen_01428,7,-7.318,3.466,4.418,inf,4,0,0
gen_01428,8,-7.268,2.792,3.737,inf,4,0,0
gen_01429,1,-7.028,2.685,4.437,inf,2,0,0
gen_01429,2,-7.006,2.744,4.423,inf,2,0,0
gen_01429,3,-7.003,2.745,4.431,inf,2,0,0
gen_01429,4,-6.998,2.753,4.468,inf,2,0,0
gen_01429,5,-6.987,2.691,4.440,inf,2,0,0
gen_01429,6,-6.985,2.733,4.472,inf,2,0,0
gen_01429,7,-6.941,2.800,4.424,inf,2,0,0
gen_01429,8,-6.935,2.774,4.565,inf,2,0,0
gen_01429,9,-6.912,2.805,4.450,inf,2,0,0
gen_01430,1,-6.546,4.006,5.548,inf,2,0,0
gen_01430,2,-6.527,4.003,5.525,inf,2,0,0
gen_01430,3,-6.483,3.831,5.526,inf,2,0,0
gen_01431,1,-7.956,2.678,2.748,inf,2,0,0
gen_01431,2,-7.652,14.933,15.756,inf,2,0,0
gen_01432,1,-7.702,2.723,4.441,inf,2,0,0
gen_01432,2,-7.689,2.728,4.491,inf,2,0,0
gen_01432,3,-7.356,3.087,4.569,inf,2,0,0
gen_01432,4,-7.323,14.196,15.638,inf,2,0,0
gen_01432,5,-7.309,2.887,4.485,inf,2,0,0
gen_01432,6,-7.253,3.119,4.542,inf,2,0,0
gen_01433,1,-7.300,2.787,4.341,5.999,2,1,0
gen_01433,2,-7.292,2.796,4.352,6.006,2,1,0
gen_01434,1,-7.642,3.196,3.282,5.592,4,1,0
gen_01434,2,-7.639,3.202,3.252,5.594,4,1,0
gen_01434,3,-7.627,3.175,3.469,5.581,4,1,0
gen_01434,4,-7.624,3.257,3.464,5.563,4,1,0
gen_01434,5,-7.615,3.321,3.501,5.559,4,1,0
gen_01434,6,-7.610,3.248,3.305,5.570,4,1,0
gen_01435,1,-9.196,2.731,4.007,inf,2,0,0
gen_01435,2,-9.171,2.769,3.775,inf,2,0,0
gen_01435,3,-9.164,2.707,3.992,inf,2,0,0
gen_01436,1,-6.661,3.570,5.260,inf,4,0,0
gen_01437,1,-7.555,2.730,4.377,5.637,2,1,0
gen_01437,2,-7.521,2.719,4.379,5.672,2,1,0
gen_01438,1,-7.905,2.707,4.388,inf,4,0,0
gen_01438,2,-7.892,2.829,4.373,inf,4,0,0
gen_01438,3,-7.847,2.849,4.403,inf,4,0,0
gen_01438,4,-7.736,2.858,4.356,inf,4,0,0
gen_01438,5,-7.651,3.039,4.421,inf,4,0,0
gen_01438,6,-7.614,2.830,4.339,inf,4,0,0
gen_01438,7,-7.604,2.862,4.440,inf,4,0,0
gen_01439,1,-8.247,9.782,11.216,5.011,2,1,0
gen_01439,2,-8.235,9.778,11.220,5.060,2,1,0
gen_01439,3,-8.154,6.493,7.499,4.310,2,1,0
gen_01439,4,-8.133,6.529,7.603,4.332,2,1,0
gen_01439,5,-8.006,6.416,7.422,4.363,2,1,0
gen_01439,6,-7.902,6.257,8.093,4.472,2,1,0
gen_01439,7,-7.873,3.104,4.475,8.285,2,1,0
gen_01439,8,-7.862,7.459,9.238,3.620,2,1,0
gen_01439,9,-7.651,4.490,6.029,3.092,2,1,0
gen_01440,1,-7.761,11.750,12.134,inf,2,0,0
gen_01440,2,-7.757,11.714,12.104,inf,2,0,0
gen_01440,3,-7.724,11.754,12.137,inf,2,0,0
gen_01440,4,-7.708,11.984,12.036,inf,2,0,0
gen_01440,5,-7.700,11.974,12.016,inf,2,0,0
gen_01440,6,-7.675,11.983,12.031,inf,2,0,0
gen_01441,1,-7.045,2.963,4.421,3.093,2,1,1
gen_01442,1,-6.258,2.821,4.336,inf,2,0,0
gen_01442,2,-6.233,2.846,4.486,inf,2,0,0
gen_01442,3,-6.210,7.594,8.895,inf,2,0,0
gen_01443,1,-7.127,2.424,4.358,inf,2,0,0
gen_01443,2,-7.117,2.496,4.356,inf,2,0,0
gen_01444,1,-6.992,2.454,2.643,inf,2,0,0
gen_01444,2,-6.893,2.387,4.436,inf,2,0,0
gen_01445,1,-7.770,2.736,4.508,inf,4,0,0
gen_01445,2,-7.732,2.707,4.402,inf,4,0,0
gen_01445,3,-7.724,2.674,4.507,inf,4,0,0
gen_01445,4,-7.669,2.798,4.380,inf,4,0,0
gen_01445,5,-7.613,2.730,4.512,inf,4,0,0
gen_01445,6,-7.595,2.714,4.337,inf,4,0,0
gen_01445,7,-7.580,2.810,4.480,inf,4,0,0
gen_01445,8,-7.570,2.785,4.502,inf,4,0,0
gen_01445,9,-7.523,2.776,4.513,inf,4,0,0
gen_01446,1,-6.999,2.217,4.283,inf,2,0,0
gen_01446,2,-6.994,2.200,4.265,inf,2,0,0
gen_01447,1,-8.556,2.802,4.401,inf,2,0,0
gen_01447,2,-8.539,2.855,4.386,inf,2,0,0
gen_01447,3,-8.409,2.722,4.379,inf,2,0,0
gen_01448,1,-7.345,2.537,3.975,inf,2,0,0
gen_01448,2,-7.282,2.696,3.786,inf,2,0,0
gen_01448,3,-7.278,2.748,3.787,inf,2,0,0
gen_01448,4,-7.202,2.912,4.419,inf,2,0,0
gen_01449,1,-8.684,3.888,4.424,inf,4,0,0
gen_01449,2,-8.626,3.718,4.567,inf,4,0,0
gen_01449,3,-8.475,3.951,4.411,inf,4,0,0
gen_01449,4,-8.419,2.476,2.784,inf,4,0,0
gen_01450,1,-8.088,2.685,4.417,inf,2,0,0
gen_01450,2,-8.046,2.677,4.534,inf,2,0,0
gen_01451,1,-7.708,3.042,4.558,inf,2,0,0
gen_01451,2,-7.690,2.877,4.433,inf,2,0,0
gen_01451,3,-7.579,2.860,4.470,inf,2,0,0
gen_01451,4,-7.572,3.002,4.507,inf,2,0,0
gen_01451,5,-7.487,2.609,2.671,inf,2,0,0
gen_01452,1,-7.610,2.780,4.448,inf,4,0,0
gen_01452,2,-7.594,2.766,4.478,inf,4,0,0
gen_01453,1,-7.166,2.758,4.072,inf,2,0,0
gen_01453,2,-6.996,2.784,4.002,inf,2,0,0
gen_01453,3,-6.974,2.749,4.045,inf,2,0,0
gen_01453,4,-6.956,4.141,4.552,inf,2,0,0
gen_01453,5,-6.938,4.206,4.452,inf,2,0,0
gen_01453,6,-6.927,2.757,4.455,inf,2,0,0
gen_01453,7,-6.918,4.238,4.532,inf,2,0,0
gen_01453,8,-6.915,4.242,4.528,inf,2,0,0
gen_01453,9,-6.805,2.795,4.431,inf,2,0,0
gen_01453,10,-6.796,2.770,4.459,inf,2,0,0
gen_01453,11,-6.769,2.802,4.347,inf,2,0,0
gen_01453,12,-6.746,2.800,4.299,inf,2,0,0
gen_01454,1,-7.260,2.754,4.191,inf,2,0,0
gen_01455,1,-7.600,2.760,4.503,inf,4,0,0
gen_01455,2,-7.508,2.565,2.759,inf,4,0,0
gen_01455,3,-7.504,2.588,2.745,inf,4,0,0
gen_01456,1,-7.885,2.273,2.813,inf,4,0,0
gen_01456,2,-7.849,2.501,2.830,inf,4,0,0
gen_01456,3,-7.848,2.469,2.738,inf,4,0,0
gen_01456,4,-7.770,2.329,2.867,inf,4,0,0
gen_01457,1,-6.972,3.056,3.915,inf,2,0,0
gen_01457,2,-6.893,3.034,4.072,inf,2,0,0
gen_01457,3,-6.771,2.216,4.258,inf,2,0,0
gen_01458,1,-7.579,2.763,4.436,inf,2,0,0
gen_01458,2,-7.560,2.703,4.385,inf,2,0,0
gen_01458,3,-7.555,2.745,4.411,inf,2,0,0
gen_01458,4,-7.533,2.788,4.463,inf,2,0,0
gen_01458,5,-7.518,2.801,4.497,inf,2,0,0
gen_01458,6,-7.501,2.785,4.458,inf,2,0,0
gen_01458,7,-7.350,2.722,4.510,inf,2,0,0
gen_01458,8,-7.299,2.741,4.519,inf,2,0,0
gen_01458,9,-7.282,2.739,4.483,inf,2,0,0
gen_01458,10,-7.279,2.690,4.476,inf,2,0,0
gen_01459,1,-7.889,2.773,3.910,inf,2,0,0
gen_01460,1,-7.467,2.813,4.507,inf,2,0,0
gen_01460,2,-7.449,2.825,4.544,inf,2,0,0
gen_01460,3,-7.446,2.826,4.529,inf,2,0,0
gen_01460,4,-7.419,2.824,4.543,inf,2,0,0
gen_01460,5,-7.374,2.750,4.474,inf,2,0,0
gen_01461,1,-7.901,2.668,4.457,inf,2,0,0
gen_01462,1,-130.422,11.331,12.984,11.545,2,1,0
gen_01462,2,-129.502,6.899,8.497,9.927,2,1,0
gen_01463,1,-7.877,7.172,8.768,inf,4,0,0
gen_01463,2,-7.786,2.377,2.692,inf,4,0,0
gen_01463,3,-7.786,2.439,2.669,inf,4,0,0
gen_01463,4,-7.774,2.401,2.685,inf,4,0,0
gen_01463,5,-7.759,2.445,2.661,inf,4,0,0
gen_01464,1,-8.173,4.464,4.957,inf,2,0,0
gen_01464,2,-8.163,4.550,4.986,inf,2,0,0
gen_01464,3,-8.155,4.435,5.095,inf,2,0,0
gen_01464,4,-8.138,4.347,5.043,inf,2,0,0
gen_01465,1,-8.222,15.041,15.130,10.607,2,1,0
gen_01466,1,-7.847,2.214,4.426,inf,2,0,0
gen_01466,2,-7.829,2.230,4.438,inf,2,0,0
gen_01466,3,-7.804,2.227,4.427,inf,2,0,0
gen_01466,4,-7.791,2.319,4.450,inf,2,0,0
gen_01466,5,-7.787,2.299,4.487,inf,2,0,0
gen_01466,6,-7.610,2.215,4.428,inf,2,0,0
gen_01467,1,-7.114,2.542,2.657,inf,2,0,0
gen_01467,2,-7.114,2.464,2.705,inf,2,0,0
gen_01467,3,-7.045,2.380,4.478,inf,2,0,0
gen_01467,4,-6.977,2.252,4.477,inf,2,0,0
gen_01468,1,-7.933,2.566,4.345,7.252,2,1,0
gen_01468,2,-7.929,2.599,4.387,7.224,2,1,0
gen_01468,3,-7.792,2.477,4.411,7.275,2,1,0
gen_01468,4,-7.788,2.683,4.487,6.442,2,1,0
gen_01469,1,-8.195,2.368,2.844,inf,2,0,0
gen_01469,2,-8.184,2.356,2.847,inf,2,0,0
gen_01469,3,-8.164,2.368,3.046,inf,2,0,0
gen_01469,4,-8.153,2.384,2.870,inf,2,0,0
gen_01469,5,-8.151,2.274,3.052,inf,2,0,0
gen_01469,6,-7.935,2.591,4.154,inf,2,0,0
gen_01469,7,-7.818,2.471,4.454,inf,2,0,0
gen_01470,1,-7.386,2.783,4.526,inf,4,0,0
gen_01470,2,-7.333,2.796,4.530,inf,4,0,0
gen_01470,3,-7.332,2.769,4.514,inf,4,0,0
gen_01470,4,-7.310,3.218,4.513,inf,4,0,0
gen_01470,5,-7.268,2.753,4.589,inf,4,0,0
gen_01470,6,-7.257,2.758,4.523,inf,4,0,0
gen_01470,7,-7.254,2.799,4.468,inf,4,0,0
gen_01470,8,-7.249,2.583,4.530,inf,4,0,0
gen_01470,9,-7.220,2.786,4.577,inf,4,0,0
gen_01470,10,-7.201,2.755,4.394,inf,4,0,0
gen_01471,1,-8.657,3.156,4.522,4.679,2,1,0
gen_01471,2,-8.618,3.231,4.489,4.687,2,1,0
gen_01471,3,-8.608,3.180,4.526,4.704,2,1,0
gen_01471,4,-8.414,3.144,4.364,4.738,2,1,0
gen_01471,5,-8.056,3.617,4.347,3.978,2,1,0
gen_01471,6,-8.044,3.089,4.580,4.002,2,1,0
gen_01471,7,-7.990,12.523,14.706,6.448,2,1,0
gen_01471,8,-7.970,12.458,14.647,6.279,2,1,0
gen_01471,9,-7.948,12.553,14.696,6.381,2,1,0
gen_01471,10,-7.837,4.386,4.535,3.656,2,1,0
gen_01471,11,-7.827,4.266,4.488,3.638,2,1,0
gen_01471,12,-7.799,12.352,14.423,6.345,2,1,0
gen_01472,1,-7.361,3.052,3.927,inf,2,0,0
gen_01472,2,-7.348,4.217,4.923,inf,2,0,0
gen_01472,3,-7.324,2.821,3.864,inf,2,0,0
gen_01472,4,-7.320,3.027,3.925,inf,2,0,0
gen_01472,5,-7.304,2.947,3.974,inf,2,0,0
gen_01472,6,-7.294,4.221,4.985,inf,2,0,0
gen_01472,7,-7.268,4.319,4.945,inf,2,0,0
gen_01472,8,-7.249,2.710,3.794,inf,2,0,0
gen_01472,9,-7.193,2.750,3.884,inf,2,0,0
gen_01472,10,-7.084,15.312,16.530,inf,2,0,0
gen_01472,11,-7.050,15.355,16.551,inf,2,0,0
gen_01472,12,-7.005,15.382,16.546,inf,2,0,0
gen_01472,13,-7.001,15.387,16.515,inf,2,0,0
gen_01472,14,-6.990,15.412,16.564,inf,2,0,0
gen_01473,1,-7.818,2.726,4.280,inf,2,0,0
gen_01474,1,-8.292,2.710,4.426,inf,4,0,0
gen_01474,2,-8.277,2.774,4.474,inf,4,0,0
gen_01474,3,-8.276,2.731,4.428,inf,4,0,0
gen_01474,4,-8.246,2.745,4.481,inf,4,0,0
gen_01474,5,-8.241,2.819,4.558,inf,4,0,0
gen_01474,6,-8.222,2.786,4.499,inf,4,0,0
gen_01474,7,-8.207,2.767,4.469,inf,4,0,0
gen_01474,8,-8.205,2.774,4.462,inf,4,0,0
gen_01474,9,-8.178,2.760,4.457,inf,4,0,0
gen_01474,10,-8.121,2.803,4.501,inf,4,0,0
gen_01475,1,-7.929,2.788,4.407,inf,2,0,0
gen_01475,2,-7.911,2.796,4.506,inf,2,0,0
gen_01475,3,-7.886,2.795,4.472,inf,2,0,0
gen_01475,4,-7.885,2.797,4.468,inf,2,0,0
gen_01475,5,-7.884,2.783,4.488,inf,2,0,0
gen_01475,6,-7.873,2.718,4.411,inf,2,0,0
gen_01475,7,-7.862,2.818,4.473,inf,2,0,0
gen_01475,8,-7.847,2.763,4.459,inf,2,0,0
gen_01475,9,-7.845,2.770,4.449,inf,2,0,0
gen_01476,1,-7.728,2.727,3.981,4.268,2,1,0
gen_01476,2,-7.685,2.748,3.753,4.386,2,1,0
gen_01476,3,-7.574,3.448,4.556,4.096,2,1,0
gen_01477,1,-6.862,2.801,4.399,2.923,2,1,1
gen_01477,2,-6.844,2.780,4.398,2.866,2,1,1
gen_01477,3,-6.708,2.860,4.576,3.039,2,1,1
gen_01478,1,-8.071,2.579,4.476,inf,4,0,0
gen_01478,2,-8.025,2.544,4.458,inf,4,0,0
gen_01478,3,-8.017,2.503,4.445,inf,4,0,0
gen_01478,4,-8.007,2.627,4.552,inf,4,0,0
gen_01478,5,-8.006,2.720,4.237,inf,4,0,0
gen_01478,6,-8.000,2.552,4.443,inf,4,0,0
gen_01478,7,-7.996,2.584,4.447,inf,4,0,0
gen_01478,8,-7.986,2.724,4.238,inf,4,0,0
gen_01478,9,-7.978,2.453,4.396,inf,4,0,0
gen_01478,10,-7.951,2.626,4.565,inf,4,0,0
gen_01478,11,-7.949,2.473,4.399,inf,4,0,0
gen_01479,1,-7.153,2.689,4.408,inf,4,0,0
gen_01479,2,-7.151,2.683,4.440,inf,4,0,0
gen_01479,3,-7.079,2.635,3.856,inf,4,0,0
gen_01480,1,-8.489,2.821,4.411,inf,2,0,0
gen_01480,2,-8.465,2.747,4.331,inf,2,0,0
gen_01480,3,-8.439,2.775,4.412,inf,2,0,0
gen_01480,4,-8.358,2.782,4.403,inf,2,0,0
gen_01481,1,-6.940,3.547,4.552,inf,2,0,0
gen_01481,2,-6.937,3.534,4.553,inf,2,0,0
gen_01481,3,-6.656,3.450,4.602,inf,2,0,0
gen_01481,4,-6.570,2.734,3.906,inf,2,0,0
gen_01481,5,-6.549,2.741,3.748,inf,2,0,0
gen_01482,1,-7.569,2.207,4.417,inf,2,0,0
gen_01482,2,-7.546,2.240,4.454,inf,2,0,0
gen_01482,3,-7.497,2.206,4.419,inf,2,0,0
gen_01483,1,-48.833,9.298,9.480,inf,2,0,0
gen_01483,2,-47.158,16.313,17.548,inf,2,0,0
gen_01483,3,-45.912,11.092,11.811,inf,2,0,0
gen_01483,4,-44.227,9.873,11.071,inf,2,0,0
gen_01483,5,-43.427,7.171,7.631,inf,2,0,0
gen_01484,1,-8.681,2.737,4.365,inf,2,0,0
gen_01484,2,-8.077,11.922,12.983,inf,2,0,0
gen_01485,1,-7.875,2.755,4.255,3.004,2,1,1
gen_01486,1,-7.963,2.809,4.523,inf,2,0,0
gen_01486,2,-7.960,2.832,4.577,inf,2,0,0
gen_01486,3,-7.744,2.712,4.504,inf,2,0,0
gen_01486,4,-7.568,2.740,4.534,inf,2,0,0
gen_01486,5,-7.514,2.726,4.469,inf,2,0,0
gen_01487,1,-6.761,2.788,4.377,inf,2,0,0
gen_01487,2,-6.748,2.864,4.350,inf,2,0,0
gen_01487,3,-6.700,2.465,4.573,inf,2,0,0
gen_01487,4,-6.694,2.566,4.627,inf,2,0,0
gen_01487,5,-6.677,3.111,4.392,inf,2,0,0
gen_01487,6,-6.661,2.824,4.320,inf,2,0,0
gen_01487,7,-6.647,2.349,4.507,inf,2,0,0
gen_01488,1,-7.330,2.639,4.451,inf,4,0,0
gen_01488,2,-7.325,2.663,4.452,inf,4,0,0
gen_01488,3,-7.309,2.451,4.463,inf,4,0,0
gen_01488,4,-7.277,2.798,4.597,inf,4,0,0
gen_01488,5,-7.275,2.713,4.481,inf,4,0,0
gen_01488,6,-7.267,2.734,4.441,inf,4,0,0
gen_01488,7,-7.263,2.688,4.521,inf,4,0,0
gen_01488,8,-7.238,2.823,4.640,inf,4,0,0
gen_01489,1,-7.093,2.828,4.501,inf,2,0,0
gen_01489,2,-6.964,2.548,4.277,inf,2,0,0
gen_01489,3,-6.933,2.586,4.348,inf,2,0,0
gen_01490,1,-7.727,2.595,4.468,inf,2,0,0
gen_01491,1,-8.447,2.660,4.470,inf,2,0,0
gen_01492,1,-7.284,14.811,14.941,inf,2,0,0
gen_01492,2,-7.271,14.821,14.953,inf,2,0,0
gen_01492,3,-7.125,2.810,4.261,inf,2,0,0
gen_01493,1,-7.427,2.817,4.319,inf,2,0,0
gen_01493,2,-7.396,2.780,4.304,inf,2,0,0
gen_01493,3,-7.328,2.786,4.379,inf,2,0,0
gen_01494,1,-7.705,2.741,4.508,inf,4,0,0
gen_01494,2,-7.702,2.762,4.475,inf,4,0,0
gen_01495,1,-7.223,2.644,4.286,inf,2,0,0
gen_01495,2,-7.205,2.344,4.515,inf,2,0,0
gen_01495,3,-7.143,2.161,3.456,inf,2,0,0
gen_01495,4,-7.121,2.125,3.518,inf,2,0,0
gen_01495,5,-7.098,2.200,4.207,inf,2,0,0
gen_01496,1,-7.757,2.756,4.474,inf,4,0,0
gen_01496,2,-7.706,2.831,4.572,inf,4,0,0
gen_01497,1,-7.135,2.356,3.817,inf,2,0,0
gen_01497,2,-7.048,2.264,4.190,inf,2,0,0
gen_01498,1,-7.422,6.787,7.871,inf,2,0,0
gen_01498,2,-7.415,6.760,7.885,inf,2,0,0
gen_01498,3,-7.413,6.761,7.883,inf,2,0,0
gen_01498,4,-7.406,6.783,7.903,inf,2,0,0
gen_01499,1,-7.633,2.783,4.229,inf,2,0,0
gen_01500,1,-8.180,2.419,4.124,4.996,2,1,0
gen_01500,2,-8.105,2.634,3.670,5.012,2,1,0
gen_01501,1,-6.738,3.490,5.176,inf,2,0,0
gen_01501,2,-6.609,3.675,5.328,inf,2,0,0
gen_01501,3,-6.522,5.131,6.184,inf,2,0,0
gen_01501,4,-6.473,3.973,5.575,inf,2,0,0
gen_01502,1,-7.410,2.676,3.757,inf,4,0,0
gen_01502,2,-7.385,2.700,3.748,inf,4,0,0
gen_01502,3,-7.357,2.573,3.728,inf,4,0,0
gen_01502,4,-7.342,2.697,3.629,inf,4,0,0
gen_01502,5,-7.330,2.706,3.753,inf,4,0,0
gen_01502,6,-7.291,2.731,3.564,inf,4,0,0
gen_01502,7,-7.117,2.640,2.736,inf,4,0,0
gen_01503,1,-8.570,2.652,4.431,3.033,2,1,1
gen_01503,2,-8.545,2.729,4.432,3.114,2,1,1
gen_01503,3,-8.517,2.816,4.479,3.012,2,1,1
gen_01503,4,-8.482,2.857,4.712,4.025,2,1,0
gen_01503,5,-8.004,2.439,2.831,2.805,2,1,1
gen_01503,6,-7.999,2.703,4.449,6.085,2,1,0
gen_01503,7,-7.994,2.430,2.785,2.861,2,1,1
gen_01503,8,-7.988,5.416,6.729,8.605,2,1,0
gen_01503,9,-7.937,2.446,2.739,2.807,2,1,1
gen_01503,10,-7.840,2.727,4.386,5.901,2,1,0
gen_01504,1,-6.780,2.746,4.376,inf,2,0,0
gen_01505,1,-7.547,2.771,4.321,inf,2,0,0
gen_01505,2,-7.526,2.780,4.355,inf,2,0,0
gen_01505,3,-7.409,2.757,4.402,inf,2,0,0
gen_01505,4,-7.370,3.202,4.438,inf,2,0,0
gen_01506,1,-8.665,2.573,4.401,5.975,4,1,0
gen_01506,2,-8.653,2.563,4.284,5.929,4,1,0
gen_01506,3,-8.616,2.616,4.437,6.064,4,1,0
gen_01506,4,-8.610,2.590,4.410,6.036,4,1,0
gen_01507,1,-7.634,2.716,4.467,inf,2,0,0
gen_01507,2,-7.614,2.690,4.452,inf,2,0,0
gen_01508,1,-7.668,3.959,5.270,inf,2,0,0
gen_01508,2,-7.647,4.003,5.294,inf,2,0,0
gen_01509,1,-7.049,2.687,4.367,5.679,2,1,0
gen_01509,2,-7.007,2.691,4.371,5.676,2,1,0
gen_01510,1,-7.737,6.210,6.226,inf,2,0,0
gen_01510,2,-7.729,5.523,6.290,inf,2,0,0
gen_01510,3,-7.705,5.430,6.324,inf,2,0,0
gen_01510,4,-7.704,5.497,6.277,inf,2,0,0
gen_01510,5,-7.695,5.552,6.304,inf,2,0,0
gen_01510,6,-7.679,5.497,6.322,inf,2,0,0
gen_01510,7,-7.632,5.819,6.316,inf,2,0,0
gen_01510,8,-7.469,3.477,4.850,inf,2,0,0
gen_01510,9,-7.466,3.502,4.900,inf,2,0,0
gen_01510,10,-7.454,3.441,4.851,inf,2,0,0
gen_01510,11,-7.411,3.387,4.900,inf,2,0,0
gen_01510,12,-7.372,3.356,4.854,inf,2,0,0
gen_01511,1,-8.063,2.590,4.607,4.102,2,1,0
gen_01511,2,-8.051,2.533,4.451,4.365,2,1,0
gen_01511,3,-8.043,2.512,4.467,4.314,2,1,0
gen_01511,4,-7.963,2.553,4.621,4.094,2,1,0
gen_01512,1,-6.829,2.685,3.671,inf,2,0,0
gen_01513,1,-8.145,4.449,4.770,inf,2,0,0
gen_01513,2,-8.126,4.399,4.698,inf,2,0,0
gen_01514,1,-8.339,2.280,2.736,inf,4,0,0
gen_01514,2,-8.311,2.198,2.669,inf,4,0,0
gen_01514,3,-8.306,2.241,2.700,inf,4,0,0
gen_01514,4,-8.305,2.211,2.768,inf,4,0,0
gen_01514,5,-8.301,2.203,2.798,inf,4,0,0
gen_01514,6,-8.285,2.194,2.765,inf,4,0,0
gen_01514,7,-8.279,2.207,2.735,inf,4,0,0
gen_01514,8,-8.262,2.363,2.657,inf,4,0,0
gen_01514,9,-8.237,2.203,2.743,inf,4,0,0
gen_01514,10,-8.172,2.209,2.684,inf,4,0,0
gen_01514,11,-8.153,2.267,2.767,inf,4,0,0
gen_01514,12,-8.142,2.265,2.680,inf,4,0,0
gen_01514,13,-8.130,2.262,2.700,inf,4,0,0
gen_01515,1,-7.383,2.824,4.510,inf,2,0,0
gen_01515,2,-7.361,2.792,4.413,inf,2,0,0
gen_01515,3,-7.237,2.793,4.385,inf,2,0,0
gen_01516,1,-8.278,2.753,4.414,inf,2,0,0
gen_01516,2,-8.271,2.756,4.425,inf,2,0,0
gen_01516,3,-8.219,3.109,4.286,inf,2,0,0
gen_01516,4,-8.201,2.976,4.308,inf,2,0,0
gen_01517,1,-7.363,3.228,3.994,inf,2,0,0
gen_01517,2,-7.323,3.211,3.985,inf,2,0,0
gen_01518,1,-130.704,8.912,10.562,inf,2,0,0
gen_01519,1,-7.555,3.840,5.278,inf,2,0,0
gen_01520,1,-7.492,2.791,4.339,inf,2,0,0
gen_01520,2,-7.477,2.983,4.432,inf,2,0,0
gen_01520,3,-7.395,2.704,4.432,inf,2,0,0
gen_01520,4,-7.387,2.699,4.441,inf,2,0,0
gen_01520,5,-7.331,2.666,4.439,inf,2,0,0
gen_01520,6,-7.310,2.697,4.401,inf,2,0,0
gen_01520,7,-7.277,2.725,4.432,inf,2,0,0
gen_01520,8,-7.230,2.607,4.394,inf,2,0,0
gen_01520,9,-7.219,2.534,4.404,inf,2,0,0
gen_01520,10,-7.124,2.665,4.363,inf,2,0,0
gen_01520,11,-7.050,2.725,4.374,inf,2,0,0
gen_01521,1,-6.761,2.551,2.618,inf,2,0,0
gen_01521,2,-6.621,2.278,4.425,inf,2,0,0
gen_01521,3,-6.617,2.312,4.473,inf,2,0,0
gen_01521,4,-6.582,2.236,4.410,inf,2,0,0
gen_01522,1,-7.796,2.831,4.512,inf,4,0,0
gen_01522,2,-7.774,2.847,4.503,inf,4,0,0
gen_01522,3,-7.764,2.852,4.503,inf,4,0,0
gen_01523,1,-7.658,2.670,4.359,inf,2,0,0
gen_01523,2,-7.642,2.714,4.372,inf,2,0,0
gen_01523,3,-7.536,2.806,4.411,inf,2,0,0
gen_01523,4,-7.398,8.743,8.969,inf,2,0,0
gen_01523,5,-7.340,8.686,8.984,inf,2,0,0
gen_01524,1,-7.637,2.204,4.401,6.788,2,1,0
gen_01524,2,-7.610,2.185,4.353,6.849,2,1,0
gen_01524,3,-7.595,16.306,16.937,5.775,2,1,0
gen_01524,4,-7.581,16.332,16.923,5.774,2,1,0
gen_01524,5,-7.426,16.491,16.909,6.305,2,1,0
gen_01525,1,-5.932,3.180,4.416,inf,2,0,0
gen_01526,1,-7.270,2.763,4.475,2.919,2,1,1
gen_01526,2,-7.264,2.772,4.492,2.951,2,1,1
gen_01527,1,-7.120,2.688,2.688,inf,2,0,0
gen_01527,2,-7.024,2.435,2.758,inf,2,0,0
gen_01528,1,-7.749,2.635,4.678,inf,2,0,0
gen_01528,2,-7.745,2.628,4.692,inf,2,0,0
gen_01529,1,-8.054,2.799,4.279,4.935,2,1,0
gen_01529,2,-8.001,2.808,4.264,4.891,2,1,0
gen_01530,1,-7.488,2.730,4.423,inf,2,0,0
gen_01530,2,-7.484,2.746,4.428,inf,2,0,0
gen_01530,3,-7.455,2.774,4.503,inf,2,0,0
gen_01530,4,-7.454,2.802,4.524,inf,2,0,0
gen_01530,5,-7.453,2.818,4.514,inf,2,0,0
gen_01530,6,-7.431,2.774,4.494,inf,2,0,0
gen_01530,7,-7.424,2.777,4.469,inf,2,0,0
gen_01531,1,-7.170,2.623,4.400,6.725,2,1,0
gen_01531,2,-7.162,2.725,4.384,6.677,2,1,0
gen_01531,3,-7.115,2.802,4.378,6.452,2,1,0
gen_01531,4,-7.106,2.822,4.426,6.691,2,1,0
gen_01531,5,-7.068,2.826,4.425,6.471,2,1,0
gen_01531,6,-7.022,2.947,4.529,6.651,2,1,0
gen_01531,7,-6.608,3.021,4.504,5.391,2,1,0
gen_01531,8,-6.599,3.069,4.517,5.298,2,1,0
gen_01532,1,-9.224,2.986,4.381,inf,2,0,0
gen_01532,2,-9.184,3.778,5.207,inf,2,0,0
gen_01532,3,-9.107,2.833,3.525,inf,2,0,0
gen_01532,4,-9.058,4.002,5.412,inf,2,0,0
gen_01532,5,-8.985,3.695,5.314,inf,2,0,0
gen_01532,6,-8.900,3.343,4.265,inf,2,0,0
gen_01532,7,-8.678,2.786,3.908,inf,2,0,0
gen_01532,8,-8.621,3.687,3.924,inf,2,0,0
gen_01532,9,-8.548,6.773,7.175,inf,2,0,0
gen_01533,1,-8.240,2.688,3.804,inf,2,0,0
gen_01533,2,-8.236,2.691,3.834,inf,2,0,0
gen_01533,3,-8.165,2.706,3.861,inf,2,0,0
gen_01533,4,-8.150,2.680,3.791,inf,2,0,0
gen_01533,5,-8.008,2.689,4.104,inf,2,0,0
gen_01533,6,-7.990,2.803,4.282,inf,2,0,0
gen_01534,1,-7.535,3.481,4.579,inf,2,0,0
gen_01534,2,-7.493,3.931,4.877,inf,2,0,0
gen_01534,3,-7.474,3.972,4.909,inf,2,0,0
gen_01534,4,-7.417,4.015,5.103,inf,2,0,0
gen_01534,5,-7.416,3.969,4.762,inf,2,0,0
gen_01535,1,-6.644,2.386,2.488,inf,2,0,0
gen_01535,2,-6.644,2.394,2.495,inf,2,0,0
gen_01535,3,-6.630,2.401,2.498,inf,2,0,0
gen_01535,4,-6.605,2.383,2.474,inf,2,0,0
gen_01536,1,-7.062,2.709,4.415,inf,2,0,0
gen_01536,2,-7.050,2.692,4.353,inf,2,0,0
gen_01536,3,-6.884,2.781,4.639,inf,2,0,0
gen_01537,1,-7.951,2.790,4.533,inf,2,0,0
gen_01537,2,-7.928,2.765,4.543,inf,2,0,0
gen_01538,1,-7.984,2.619,4.316,inf,2,0,0
gen_01539,1,-8.658,2.826,4.530,inf,2,0,0
gen_01539,2,-8.651,2.735,4.379,inf,2,0,0
gen_01539,3,-8.577,2.729,4.411,inf,2,0,0
gen_01539,4,-8.510,2.734,4.409,inf,2,0,0
gen_01539,5,-8.179,3.127,4.622,inf,2,0,0
gen_01539,6,-8.177,2.670,4.271,inf,2,0,0
gen_01539,7,-8.161,2.872,4.554,inf,2,0,0
gen_01540,1,-8.283,2.386,2.783,inf,2,0,0
gen_01540,2,-8.275,2.362,2.809,inf,2,0,0
gen_01541,1,-8.301,4.148,4.813,5.427,2,2,0
gen_01541,2,-8.294,3.960,4.755,5.449,2,2,0
gen_01541,3,-8.255,13.546,15.645,4.578,2,2,0
gen_01541,4,-8.204,4.132,4.969,4.798,2,2,0
gen_01541,5,-8.145,4.030,4.991,5.319,2,2,0
gen_01541,6,-8.123,4.109,5.032,5.051,2,2,0
gen_01541,7,-7.930,3.967,4.967,4.927,2,2,0
gen_01542,1,-7.679,3.098,3.106,inf,4,0,0
gen_01542,2,-7.678,3.077,3.115,inf,4,0,0
gen_01542,3,-7.662,3.219,3.269,inf,4,0,0
gen_01542,4,-7.644,3.177,3.229,inf,4,0,0
gen_01542,5,-7.569,2.809,3.187,inf,4,0,0
gen_01543,1,-7.995,2.512,3.649,inf,2,0,0
gen_01543,2,-7.887,2.675,3.449,inf,2,0,0
gen_01543,3,-7.816,2.635,2.641,inf,2,0,0
gen_01544,1,-8.060,2.565,4.298,inf,2,0,0
gen_01544,2,-8.030,2.491,4.234,inf,2,0,0
gen_01544,3,-7.815,2.515,4.301,inf,2,0,0
gen_01544,4,-7.526,2.732,4.458,inf,2,0,0
gen_01545,1,-7.762,2.445,2.757,inf,2,0,0
gen_01545,2,-7.691,2.525,2.698,inf,2,0,0
gen_01545,3,-7.661,2.515,2.755,inf,2,0,0
gen_01546,1,-8.491,3.104,4.032,5.031,2,1,0
gen_01546,2,-8.432,3.096,4.191,4.849,2,1,0
gen_01546,3,-8.421,3.128,4.194,4.939,2,1,0
gen_01546,4,-8.210,3.290,4.209,5.155,2,1,0
gen_01546,5,-8.140,2.782,4.517,3.919,2,1,0
gen_01546,6,-8.139,2.820,4.512,3.918,2,1,0
gen_01546,7,-8.023,2.739,4.458,3.824,2,1,0
gen_01546,8,-7.998,15.192,15.818,6.988,2,1,0
gen_01547,1,-8.021,3.787,4.802,3.067,2,1,0
gen_01547,2,-8.017,3.797,4.793,3.089,2,1,0
gen_01547,3,-8.000,3.762,4.792,3.109,2,1,0
gen_01547,4,-7.953,3.802,4.861,3.066,2,1,0
gen_01547,5,-7.924,3.441,4.449,3.320,2,1,0
gen_01548,1,-8.183,2.765,3.721,inf,2,0,0
gen_01549,1,-7.031,2.372,4.354,4.570,2,1,0
gen_01549,2,-6.980,2.356,4.331,4.476,2,1,0
gen_01550,1,-7.373,8.363,8.824,5.657,2,1,0
gen_01551,1,-9.218,2.555,3.447,inf,2,0,0
gen_01551,2,-9.189,2.436,3.407,inf,2,0,0
gen_01551,3,-9.174,2.313,3.434,inf,2,0,0
gen_01551,4,-9.161,2.563,3.454,inf,2,0,0
gen_01552,1,-7.621,2.763,4.507,inf,2,0,0
gen_01552,2,-7.303,2.808,4.601,inf,2,0,0
gen_01552,3,-7.294,14.504,15.319,inf,2,0,0
gen_01552,4,-7.281,14.380,15.254,inf,2,0,0
gen_01552,5,-7.264,2.529,2.833,inf,2,0,0
gen_01553,1,-7.670,2.664,4.435,inf,2,0,0
gen_01553,2,-7.637,2.696,4.390,inf,2,0,0
gen_01553,3,-7.538,2.579,4.588,inf,2,0,0
gen_01553,4,-7.375,2.729,4.170,inf,2,0,0
gen_01553,5,-7.346,2.709,4.203,inf,2,0,0
gen_01554,1,-6.635,2.779,4.380,inf,2,0,0
gen_01554,2,-6.536,2.841,4.408,inf,2,0,0
gen_01554,3,-6.463,2.853,4.443,inf,2,0,0
gen_01554,4,-6.337,2.867,4.420,inf,2,0,0
gen_01555,1,-7.546,2.746,4.479,inf,2,0,0
gen_01555,2,-7.545,2.782,4.525,inf,2,0,0
gen_01555,3,-7.538,2.774,4.498,inf,2,0,0
gen_01555,4,-7.532,2.794,4.479,inf,2,0,0
gen_01556,1,-7.852,3.149,4.423,4.797,2,1,0
gen_01556,2,-7.836,2.751,4.262,4.798,2,1,0
gen_01556,3,-7.813,2.708,4.186,4.674,2,1,0
gen_01556,4,-7.812,2.810,4.431,4.750,2,1,0
gen_01556,5,-7.785,2.740,4.372,4.492,2,1,0
gen_01556,6,-7.751,2.688,4.281,4.740,2,1,0
gen_01556,7,-7.717,2.674,4.435,4.711,2,1,0
gen_01556,8,-7.685,2.756,4.387,4.440,2,1,0
gen_01556,9,-7.680,2.791,4.252,4.603,2,1,0
gen_01557,1,-7.535,2.565,4.473,2.901,2,1,1
gen_01557,2,-7.509,2.503,4.442,5.901,2,1,0
gen_01558,1,-6.453,2.357,2.644,3.541,2,2,0
gen_01558,2,-6.422,2.248,2.816,3.576,2,2,0
gen_01558,3,-6.254,2.253,4.407,3.263,2,2,1
gen_01559,1,-9.161,2.688,4.466,inf,2,0,0
gen_01559,2,-9.159,2.603,4.484,inf,2,0,0
gen_01559,3,-8.427,2.670,4.468,inf,2,0,0
gen_01560,1,-8.341,2.606,4.383,6.051,2,1,0
gen_01560,2,-8.101,3.002,4.764,4.960,2,1,0
gen_01560,3,-8.053,2.974,4.780,4.979,2,1,0
gen_01560,4,-8.001,3.011,4.702,4.895,2,1,0
gen_01560,5,-7.870,2.477,2.795,5.040,2,1,0
gen_01560,6,-7.861,2.757,4.423,5.683,2,1,0
gen_01560,7,-7.859,2.496,2.832,5.061,2,1,0
gen_01560,8,-7.826,2.735,4.436,5.645,2,1,0
gen_01560,9,-7.792,3.818,4.635,4.957,2,1,0
gen_01560,10,-7.768,2.628,2.735,5.085,2,1,0
gen_01560,11,-7.740,2.841,4.425,5.924,2,1,0
gen_01561,1,-7.276,3.758,5.391,inf,4,0,0
gen_01561,2,-7.275,3.821,5.365,inf,4,0,0
gen_01561,3,-7.268,3.788,5.377,inf,4,0,0
gen_01561,4,-7.246,3.784,5.366,inf,4,0,0
gen_01561,5,-7.241,3.806,5.344,inf,4,0,0
gen_01561,6,-7.241,3.727,5.342,inf,4,0,0
gen_01561,7,-7.229,3.881,5.434,inf,4,0,0
gen_01561,8,-7.104,2.804,3.737,inf,4,0,0
gen_01562,1,-6.816,2.457,2.688,inf,4,0,0
gen_01563,1,-6.741,2.263,4.389,inf,2,0,0
gen_01564,1,-7.662,2.711,4.509,inf,2,0,0
gen_01564,2,-7.646,2.785,4.327,inf,2,0,0
gen_01565,1,-7.711,2.668,3.196,6.932,2,1,0
gen_01565,2,-7.675,2.590,3.113,6.807,2,1,0
gen_01565,3,-7.591,2.714,4.519,4.988,2,1,0
gen_01565,4,-7.552,2.574,4.459,4.950,2,1,0
gen_01566,1,-7.650,2.244,4.456,inf,4,0,0
gen_01566,2,-7.649,2.251,4.432,inf,4,0,0
gen_01566,3,-7.648,2.356,4.478,inf,4,0,0
gen_01566,4,-7.633,2.292,4.412,inf,4,0,0
gen_01566,5,-7.618,2.284,4.482,inf,4,0,0
gen_01566,6,-7.613,2.257,4.409,inf,4,0,0
gen_01567,1,-7.356,2.776,4.454,inf,2,0,0
gen_01568,1,-7.128,2.759,4.362,inf,2,0,0
gen_01568,2,-7.079,2.746,4.378,inf,2,0,0
gen_01568,3,-7.067,2.773,4.397,inf,2,0,0
gen_01569,1,-7.415,2.772,4.588,4.851,2,2,0
gen_01569,2,-7.410,2.745,4.511,4.972,2,2,0
gen_01569,3,-7.394,2.791,4.633,5.014,2,2,0
gen_01569,4,-7.374,2.720,4.493,5.255,2,2,0
gen_01569,5,-7.369,2.735,4.522,4.829,2,2,0
gen_01570,1,-6.289,2.675,4.404,inf,2,0,0
gen_01571,1,-8.138,2.792,4.470,inf,4,0,0
gen_01571,2,-8.100,2.826,4.497,inf,4,0,0
gen_01571,3,-8.079,2.810,4.516,inf,4,0,0
gen_01571,4,-8.078,2.809,4.487,inf,4,0,0
gen_01571,5,-8.069,2.808,4.492,inf,4,0,0
gen_01571,6,-8.047,2.834,4.438,inf,4,0,0
gen_01571,7,-7.975,2.808,4.500,inf,4,0,0
gen_01572,1,-7.495,2.631,2.730,inf,2,0,0
gen_01572,2,-7.487,2.628,2.695,inf,2,0,0
gen_01572,3,-7.435,2.773,4.376,inf,2,0,0
gen_01572,4,-7.399,2.675,4.351,inf,2,0,0
gen_01573,1,-6.885,2.736,4.439,inf,2,0,0
gen_01573,2,-6.819,2.658,4.472,inf,2,0,0
gen_01573,3,-6.799,2.762,4.444,inf,2,0,0
gen_01573,4,-6.761,2.687,4.421,inf,2,0,0
gen_01573,5,-6.760,2.674,4.430,inf,2,0,0
gen_01573,6,-6.759,2.751,4.412,inf,2,0,0
gen_01573,7,-6.705,2.763,4.437,inf,2,0,0
gen_01574,1,-6.907,9.949,11.264,inf,2,0,0
gen_01574,2,-6.883,9.997,11.332,inf,2,0,0
gen_01574,3,-6.872,10.064,11.333,inf,2,0,0
gen_01574,4,-6.839,10.194,11.431,inf,2,0,0
gen_01574,5,-6.808,3.063,4.573,inf,2,0,0
gen_01574,6,-6.744,2.853,4.512,inf,2,0,0
gen_01575,1,-7.777,2.209,4.380,inf,2,0,0
gen_01575,2,-7.756,2.226,4.398,inf,2,0,0
gen_01576,1,-7.833,2.754,3.639,inf,4,0,0
gen_01576,2,-7.821,2.745,3.677,inf,4,0,0
gen_01577,1,-6.673,2.315,4.474,inf,2,0,0
gen_01577,2,-6.618,2.392,2.723,inf,2,0,0
gen_01577,3,-6.616,2.411,2.708,inf,2,0,0
gen_01577,4,-6.614,2.322,2.786,inf,2,0,0
gen_01577,5,-6.601,2.364,2.758,inf,2,0,0
gen_01577,6,-6.550,2.222,4.327,inf,2,0,0
gen_01577,7,-6.496,2.726,4.456,inf,2,0,0
gen_01577,8,-6.488,2.206,4.276,inf,2,0,0
gen_01577,9,-6.465,2.200,4.362,inf,2,0,0
gen_01577,10,-6.455,2.731,4.445,inf,2,0,0
gen_01578,1,-7.513,9.657,9.837,5.118,2,1,0
gen_01578,2,-7.490,9.694,9.840,5.170,2,1,0
gen_01578,3,-7.416,9.646,9.792,5.104,2,1,0
gen_01578,4,-7.409,9.333,10.088,5.160,2,1,0
gen_01579,1,-7.629,2.747,3.998,inf,2,0,0
gen_01579,2,-7.592,2.717,4.017,inf,2,0,0
gen_01579,3,-7.556,2.799,4.117,inf,2,0,0
gen_01579,4,-7.429,14.923,15.041,inf,2,0,0
gen_01579,5,-7.374,12.572,12.579,inf,2,0,0
gen_01579,6,-7.321,12.617,12.647,inf,2,0,0
gen_01579,7,-7.230,12.538,12.849,inf,2,0,0
gen_01580,1,-6.605,14.652,16.007,inf,2,0,0
gen_01580,2,-6.578,14.941,15.946,inf,2,0,0
gen_01580,3,-6.570,14.863,15.905,inf,2,0,0
gen_01581,1,-7.186,2.658,4.343,inf,2,0,0
gen_01581,2,-6.963,2.746,4.163,inf,2,0,0
gen_01581,3,-6.873,2.723,4.259,inf,2,0,0
gen_01581,4,-6.854,2.725,4.347,inf,2,0,0
gen_01581,5,-6.778,2.661,4.312,inf,2,0,0
gen_01582,1,-6.855,2.372,2.773,inf,2,0,0
gen_01582,2,-6.813,2.447,2.735,inf,2,0,0
gen_01582,3,-6.764,2.445,2.747,inf,2,0,0
gen_01582,4,-6.753,2.217,4.415,inf,2,0,0
gen_01583,1,-8.317,3.146,3.969,6.763,2,1,0
gen_01583,2,-8.310,2.787,4.335,13.167,2,1,0
gen_01584,1,-7.484,11.346,13.256,inf,2,0,0
gen_01584,2,-7.480,11.375,13.265,inf,2,0,0
gen_01585,1,-8.309,2.829,4.505,inf,4,0,0
gen_01585,2,-8.297,2.761,4.421,inf,4,0,0
gen_01585,3,-8.278,2.809,4.470,inf,4,0,0
gen_01585,4,-8.261,2.744,4.430,inf,4,0,0
gen_01586,1,-8.282,2.428,2.725,inf,2,0,0
gen_01586,2,-8.276,2.487,2.635,inf,2,0,0
gen_01587,1,-8.032,2.637,4.385,inf,2,0,0
gen_01587,2,-8.004,2.746,4.428,inf,2,0,0
gen_01587,3,-7.931,2.785,4.340,inf,2,0,0
gen_01587,4,-7.900,2.674,4.387,inf,2,0,0
gen_01587,5,-7.900,2.722,4.377,inf,2,0,0
gen_01587,6,-7.827,2.769,3.905,inf,2,0,0
gen_01587,7,-7.792,2.801,4.286,inf,2,0,0
gen_01587,8,-7.674,2.712,3.821,inf,2,0,0
gen_01588,1,-7.276,2.831,4.589,inf,2,0,0
gen_01588,2,-7.205,2.775,4.731,inf,2,0,0
gen_01588,3,-7.104,2.548,2.752,inf,2,0,0
gen_01588,4,-7.083,3.152,4.807,inf,2,0,0
gen_01588,5,-7.080,4.360,4.642,inf,2,0,0
gen_01589,1,-8.677,3.212,4.551,inf,2,0,0
gen_01589,2,-8.674,3.201,4.554,inf,2,0,0
gen_01589,3,-8.665,3.216,4.570,inf,2,0,0
gen_01589,4,-8.653,3.306,4.631,inf,2,0,0
gen_01589,5,-8.648,3.234,4.628,inf,2,0,0
gen_01589,6,-8.640,3.293,4.563,inf,2,0,0
gen_01589,7,-8.618,3.287,4.654,inf,2,0,0
gen_01589,8,-8.103,13.671,15.629,inf,2,0,0
gen_01590,1,-8.309,2.782,3.713,5.506,2,1,0
gen_01590,2,-8.305,2.793,3.721,5.534,2,1,0
gen_01590,3,-8.111,2.861,3.405,5.585,2,1,0
gen_01590,4,-8.105,2.842,3.309,5.564,2,1,0
gen_01590,5,-8.032,2.961,3.699,5.612,2,1,0
gen_01591,1,-7.934,12.843,14.451,inf,2,0,0
gen_01591,2,-7.924,13.045,14.540,inf,2,0,0
gen_01591,3,-7.919,13.024,14.417,inf,2,0,0
gen_01591,4,-7.918,2.687,4.413,inf,2,0,0
gen_01591,5,-7.891,12.788,14.394,inf,2,0,0
gen_01591,6,-7.883,12.651,14.166,inf,2,0,0
gen_01591,7,-7.855,2.765,4.333,inf,2,0,0
gen_01592,1,-7.107,2.673,4.339,inf,2,0,0
gen_01592,2,-7.075,2.640,4.184,inf,2,0,0
gen_01593,1,-7.536,2.809,4.165,6.921,2,1,0
gen_01593,2,-7.531,2.721,3.842,7.377,2,1,0
gen_01593,3,-7.523,2.714,3.824,7.340,2,1,0
gen_01594,1,-8.340,2.669,4.367,inf,2,0,0
gen_01594,2,-8.317,2.697,4.398,inf,2,0,0
gen_01594,3,-8.310,2.750,4.502,inf,2,0,0
gen_01595,1,-8.335,2.763,4.388,inf,4,0,0
gen_01595,2,-8.307,2.678,4.246,inf,4,0,0
gen_01595,3,-8.305,2.782,4.331,inf,4,0,0
gen_01595,4,-8.290,2.662,4.273,inf,4,0,0
gen_01596,1,-7.278,2.728,4.336,3.051,2,1,1
gen_01596,2,-7.229,2.770,4.282,3.068,2,1,1
gen_01597,1,-7.255,2.671,4.314,inf,4,0,0
gen_01597,2,-7.238,2.740,4.225,inf,4,0,0
gen_01597,3,-7.232,2.611,4.240,inf,4,0,0
gen_01597,4,-7.197,2.687,4.272,inf,4,0,0
gen_01597,5,-7.152,2.712,4.337,inf,4,0,0
gen_01598,1,-7.359,3.699,4.459,2.948,2,1,0
gen_01598,2,-7.346,3.679,4.494,2.971,2,1,0
gen_01598,3,-7.343,3.682,4.510,2.985,2,1,0
gen_01599,1,-8.138,2.742,4.413,inf,2,0,0
gen_01600,1,-6.563,7.541,7.781,inf,2,0,0
gen_01600,2,-6.549,7.554,7.783,inf,2,0,0
gen_01601,1,-8.166,2.223,4.317,inf,4,0,0
gen_01601,2,-8.151,2.250,4.383,inf,4,0,0
gen_01601,3,-8.064,2.211,4.422,inf,4,0,0
gen_01601,4,-8.063,2.739,4.324,inf,4,0,0
gen_01601,5,-8.039,2.727,4.349,inf,4,0,0
gen_01601,6,-8.022,2.738,4.305,inf,4,0,0
gen_01601,7,-8.015,2.213,4.177,inf,4,0,0
gen_01601,8,-7.996,2.209,4.283,inf,4,0,0
gen_01601,9,-7.977,2.748,4.299,inf,4,0,0
gen_01601,10,-7.943,2.774,4.204,inf,4,0,0
gen_01601,11,-7.913,2.814,4.242,inf,4,0,0
gen_01601,12,-7.901,2.246,4.375,inf,4,0,0
gen_01601,13,-7.900,2.820,4.262,inf,4,0,0
gen_01602,1,-7.239,2.572,4.209,inf,2,0,0
gen_01602,2,-7.236,2.600,4.254,inf,2,0,0
gen_01603,1,-8.143,2.648,3.794,4.947,4,1,0
gen_01603,2,-8.094,2.614,3.776,4.967,4,1,0
gen_01604,1,-7.130,2.725,4.362,inf,2,0,0
gen_01605,1,-7.755,2.715,3.965,inf,2,0,0
gen_01605,2,-7.643,2.797,3.879,inf,2,0,0
gen_01606,1,-7.427,2.755,2.888,inf,2,0,0
gen_01607,1,-6.843,2.704,3.958,inf,2,0,0
gen_01607,2,-6.814,2.701,3.933,inf,2,0,0
gen_01607,3,-6.806,2.669,4.033,inf,2,0,0
gen_01607,4,-6.801,2.696,4.064,inf,2,0,0
gen_01607,5,-6.787,2.674,4.050,inf,2,0,0
gen_01607,6,-6.759,2.651,4.376,inf,2,0,0
gen_01608,1,-7.189,2.735,4.530,4.165,2,1,0
gen_01608,2,-7.164,2.623,4.270,4.842,2,1,0
gen_01608,3,-7.147,2.754,4.547,4.283,2,1,0
gen_01608,4,-7.138,2.712,4.022,4.974,2,1,0
gen_01608,5,-7.129,2.730,3.996,4.906,2,1,0
gen_01608,6,-7.055,2.785,4.483,4.140,2,1,0
gen_01609,1,-7.686,2.968,4.533,11.621,2,1,0
gen_01609,2,-7.634,3.036,4.662,11.583,2,1,0
gen_01609,3,-7.621,2.801,4.411,11.603,2,1,0
gen_01609,4,-7.573,3.061,4.707,11.590,2,1,0
gen_01609,5,-7.569,2.401,2.788,8.293,2,1,0
gen_01609,6,-7.545,2.384,2.812,8.235,2,1,0
gen_01609,7,-7.500,2.425,2.796,8.369,2,1,0
gen_01609,8,-7.485,2.430,2.749,8.391,2,1,0
gen_01609,9,-7.474,2.544,2.667,8.345,2,1,0
gen_01609,10,-7.347,2.449,2.741,8.376,2,1,0
gen_01609,11,-7.282,2.332,4.474,6.521,2,1,0
gen_01610,1,-6.938,16.317,17.114,inf,2,0,0
gen_01610,2,-6.881,16.386,17.168,inf,2,0,0
gen_01610,3,-6.868,16.363,17.144,inf,2,0,0
gen_01610,4,-6.759,3.377,4.338,inf,2,0,0
gen_01610,5,-6.707,3.278,4.303,inf,2,0,0
gen_01610,6,-6.703,3.270,4.317,inf,2,0,0
gen_01611,1,-6.581,2.791,4.480,inf,2,0,0
gen_01612,1,-8.220,2.661,4.493,inf,2,0,0
gen_01612,2,-8.187,2.604,4.446,inf,2,0,0
gen_01612,3,-6.719,15.920,17.805,inf,2,0,0
gen_01613,1,-8.324,2.807,4.481,4.261,4,1,0
gen_01613,2,-8.288,2.713,4.377,4.336,4,1,0
gen_01613,3,-8.233,2.783,4.463,6.493,4,1,0
gen_01613,4,-8.176,2.672,4.438,6.449,4,1,0
gen_01613,5,-8.155,3.249,4.567,2.850,4,1,0
gen_01613,6,-8.155,2.718,4.429,4.318,4,1,0
gen_01614,1,-7.908,2.682,4.592,inf,2,0,0
gen_01614,2,-7.843,2.581,4.650,inf,2,0,0
gen_01614,3,-7.835,2.600,4.527,inf,2,0,0
gen_01614,4,-7.318,2.530,2.785,inf,2,0,0
gen_01615,1,-7.354,2.763,4.216,inf,2,0,0
gen_01615,2,-7.333,2.698,4.361,inf,2,0,0
gen_01615,3,-7.308,2.797,4.496,inf,2,0,0
gen_01616,1,-6.994,2.710,4.496,inf,2,0,0
gen_01616,2,-6.993,2.552,4.481,inf,2,0,0
gen_01616,3,-6.951,2.401,4.442,inf,2,0,0
gen_01616,4,-6.933,2.609,4.574,inf,2,0,0
gen_01616,5,-6.929,3.651,4.755,inf,2,0,0
gen_01616,6,-6.923,2.476,4.445,inf,2,0,0
gen_01616,7,-6.912,2.706,4.619,inf,2,0,0
gen_01616,8,-6.902,2.671,4.618,inf,2,0,0
gen_01616,9,-6.826,2.366,4.392,inf,2,0,0
gen_01616,10,-6.399,15.361,15.775,inf,2,0,0
gen_01617,1,-6.811,2.703,4.425,inf,2,0,0
gen_01617,2,-6.800,2.697,4.410,inf,2,0,0
gen_01617,3,-6.787,2.691,4.406,inf,2,0,0
gen_01618,1,-7.190,8.522,8.563,inf,2,0,0
gen_01618,2,-7.156,8.410,8.765,inf,2,0,0
gen_01618,3,-7.113,8.488,8.603,inf,2,0,0
gen_01618,4,-7.107,8.323,9.112,inf,2,0,0
gen_01618,5,-7.080,8.176,10.293,inf,2,0,0
gen_01618,6,-7.054,8.212,10.345,inf,2,0,0
gen_01618,7,-6.695,2.342,4.328,inf,2,0,0
gen_01619,1,-8.311,2.615,3.917,inf,2,0,0
gen_01619,2,-8.288,2.627,3.963,inf,2,0,0
gen_01619,3,-8.278,2.672,3.888,inf,2,0,0
gen_01619,4,-8.170,2.684,4.364,inf,2,0,0
gen_01619,5,-8.167,2.710,4.342,inf,2,0,0
gen_01619,6,-8.158,2.680,4.349,inf,2,0,0
gen_01619,7,-8.143,2.498,3.933,inf,2,0,0
gen_01619,8,-7.958,2.684,4.131,inf,2,0,0
gen_01620,1,-6.321,7.491,7.936,inf,2,0,0
gen_01620,2,-6.296,7.483,7.884,inf,2,0,0
gen_01621,1,-7.722,2.688,2.750,7.607,2,1,0
gen_01621,2,-7.716,2.735,2.811,7.772,2,1,0
gen_01621,3,-7.701,2.725,2.783,7.738,2,1,0
gen_01621,4,-7.693,2.755,3.160,7.703,2,1,0
gen_01622,1,-60.122,10.503,10.757,3.695,2,1,0
gen_01622,2,-58.833,10.707,12.456,10.434,2,1,0
gen_01623,1,-7.989,2.622,2.630,inf,2,0,0
gen_01623,2,-7.988,2.584,2.837,inf,2,0,0
gen_01623,3,-7.971,2.567,2.727,inf,2,0,0
gen_01623,4,-7.961,2.635,2.671,inf,2,0,0
gen_01623,5,-7.936,2.593,2.707,inf,2,0,0
gen_01623,6,-7.921,2.588,2.729,inf,2,0,0
gen_01623,7,-7.912,2.557,3.062,inf,2,0,0
gen_01623,8,-7.894,2.579,2.744,inf,2,0,0
gen_01623,9,-7.767,2.425,3.466,inf,2,0,0
gen_01623,10,-7.767,2.423,3.506,inf,2,0,0
gen_01623,11,-7.764,2.386,3.520,inf,2,0,0
gen_01623,12,-7.732,2.414,3.463,inf,2,0,0
gen_01624,1,-7.200,2.603,4.273,inf,2,0,0
gen_01624,2,-7.192,2.617,4.268,inf,2,0,0
gen_01624,3,-7.182,2.597,4.234,inf,2,0,0
gen_01625,1,-8.360,2.264,4.177,inf,2,0,0
gen_01625,2,-8.269,2.757,4.106,inf,2,0,0
gen_01626,1,-7.010,3.355,4.362,inf,2,0,0
gen_01626,2,-7.007,3.398,4.377,inf,2,0,0
gen_01627,1,-7.400,2.479,4.371,inf,2,0,0
gen_01627,2,-7.293,2.629,4.375,inf,2,0,0
gen_01628,1,-7.225,2.532,4.556,6.542,2,1,0
gen_01628,2,-7.167,2.693,4.079,6.270,2,1,0
gen_01628,3,-7.165,2.757,4.235,6.160,2,1,0
gen_01629,1,-7.814,3.963,5.395,8.271,2,1,0
gen_01629,2,-7.808,3.936,5.366,8.272,2,1,0
gen_01629,3,-7.795,4.176,5.302,8.344,2,1,0
gen_01630,1,-7.370,2.820,4.433,inf,2,0,0
gen_01630,2,-7.368,2.823,4.432,inf,2,0,0
gen_01630,3,-7.358,2.823,4.414,inf,2,0,0
gen_01631,1,-7.153,2.810,4.567,inf,2,0,0
gen_01631,2,-7.136,2.808,4.602,inf,2,0,0
gen_01632,1,-6.246,2.692,4.485,inf,2,0,0
gen_01632,2,-6.231,2.756,4.518,inf,2,0,0
gen_01632,3,-6.211,2.687,4.447,inf,2,0,0
gen_01632,4,-6.166,3.063,4.694,inf,2,0,0
gen_01632,5,-6.161,3.018,4.656,inf,2,0,0
gen_01632,6,-6.158,2.761,4.452,inf,2,0,0
gen_01632,7,-6.153,2.599,4.499,inf,2,0,0
gen_01632,8,-6.145,2.678,4.409,inf,2,0,0
gen_01632,9,-6.136,2.785,4.562,inf,2,0,0
gen_01632,10,-6.111,2.711,4.455,inf,2,0,0
gen_01632,11,-6.064,2.729,4.447,inf,2,0,0
gen_01633,1,-7.106,2.759,4.437,7.262,2,1,0
gen_01633,2,-6.962,10.573,10.599,4.684,2,1,0
gen_01633,3,-6.961,10.452,10.793,4.626,2,1,0
gen_01633,4,-6.955,10.553,10.596,4.772,2,1,0
gen_01633,5,-6.954,10.410,10.699,4.751,2,1,0
gen_01634,1,-7.145,3.746,5.113,inf,2,0,0
gen_01634,2,-7.131,2.816,4.367,inf,2,0,0
gen_01634,3,-7.130,2.774,4.390,inf,2,0,0
gen_01634,4,-7.086,2.723,3.840,inf,2,0,0
gen_01634,5,-7.057,2.704,3.831,inf,2,0,0
gen_01635,1,-7.672,2.206,4.429,inf,2,0,0
gen_01635,2,-7.654,2.202,4.425,inf,2,0,0
gen_01635,3,-7.604,2.206,4.397,inf,2,0,0
gen_01635,4,-7.598,2.199,4.369,inf,2,0,0
gen_01636,1,-7.858,2.687,4.339,3.053,2,2,1
gen_01636,2,-7.798,2.657,4.433,3.085,2,2,1
gen_01636,3,-7.797,2.699,4.383,2.911,2,2,1
gen_01637,1,-8.117,2.733,4.450,inf,2,0,0
gen_01637,2,-8.081,2.782,4.469,inf,2,0,0
gen_01637,3,-8.064,2.680,4.411,inf,2,0,0
gen_01637,4,-8.060,2.786,4.478,inf,2,0,0
gen_01637,5,-7.975,2.718,4.342,inf,2,0,0
gen_01637,6,-7.962,2.752,4.443,inf,2,0,0
gen_01637,7,-7.947,2.784,4.501,inf,2,0,0
gen_01637,8,-7.898,2.730,4.391,inf,2,0,0
gen_01638,1,-7.209,2.547,2.683,inf,2,0,0
gen_01638,2,-7.186,2.539,2.694,inf,2,0,0
gen_01638,3,-7.181,2.537,2.712,inf,2,0,0
gen_01639,1,-6.928,2.660,4.150,inf,2,0,0
gen_01639,2,-6.870,2.714,4.156,inf,2,0,0
gen_01640,1,-7.985,2.929,4.378,inf,2,0,0
gen_01640,2,-7.958,2.947,4.372,inf,2,0,0
gen_01640,3,-7.957,2.779,4.296,inf,2,0,0
gen_01640,4,-7.953,2.824,4.308,inf,2,0,0
gen_01640,5,-7.939,2.949,4.337,inf,2,0,0
gen_01640,6,-7.917,2.924,4.379,inf,2,0,0
gen_01640,7,-7.885,3.160,4.055,inf,2,0,0
gen_01640,8,-7.841,3.177,4.138,inf,2,0,0
gen_01641,1,-8.139,2.579,4.403,inf,2,0,0
gen_01641,2,-8.093,2.613,4.306,inf,2,0,0
gen_01641,3,-8.085,2.575,4.321,inf,2,0,0
gen_01642,1,-8.988,2.825,4.477,7.091,2,1,0
gen_01643,1,-8.112,2.668,4.218,inf,2,0,0
gen_01643,2,-8.010,2.689,4.238,inf,2,0,0
gen_01643,3,-7.987,2.713,4.297,inf,2,0,0
gen_01643,4,-7.834,2.806,3.949,inf,2,0,0
gen_01643,5,-7.707,2.731,4.326,inf,2,0,0
gen_01643,6,-7.623,2.790,3.856,inf,2,0,0
gen_01644,1,-7.676,2.514,4.422,inf,2,0,0
gen_01644,2,-7.627,2.574,4.570,inf,2,0,0
gen_01645,1,-7.311,2.689,3.759,inf,2,0,0
gen_01645,2,-7.307,2.688,3.759,inf,2,0,0
gen_01645,3,-7.286,2.698,3.702,inf,2,0,0
gen_01645,4,-7.279,2.630,3.818,inf,2,0,0
gen_01645,5,-7.251,2.736,4.392,inf,2,0,0
gen_01645,6,-7.231,2.637,3.824,inf,2,0,0
gen_01646,1,-7.370,2.662,4.392,inf,2,0,0
gen_01646,2,-7.355,2.660,4.382,inf,2,0,0
gen_01646,3,-7.337,2.651,4.391,inf,2,0,0
gen_01647,1,-7.602,2.693,4.376,inf,2,0,0
gen_01647,2,-7.565,2.733,4.257,inf,2,0,0
gen_01647,3,-7.481,2.766,4.425,inf,2,0,0
gen_01648,1,-7.347,2.700,4.523,inf,2,0,0
gen_01649,1,-7.427,2.701,4.569,inf,2,0,0
gen_01649,2,-7.282,2.782,4.508,inf,2,0,0
gen_01650,1,-7.106,2.608,2.706,inf,4,0,0
gen_01650,2,-7.068,2.629,2.711,inf,4,0,0
gen_01650,3,-7.061,2.636,2.701,inf,4,0,0
gen_01650,4,-7.058,2.600,2.701,inf,4,0,0
gen_01651,1,-7.734,2.799,4.534,6.116,4,1,0
gen_01651,2,-7.723,2.796,4.556,6.083,4,1,0
gen_01651,3,-7.703,2.823,4.542,6.085,4,1,0
gen_01651,4,-7.690,2.790,4.558,6.113,4,1,0
gen_01651,5,-7.669,2.981,4.592,6.086,4,1,0
gen_01652,1,-7.573,2.293,2.721,inf,4,0,0
gen_01652,2,-7.572,2.271,2.727,inf,4,0,0
gen_01653,1,-7.791,2.465,3.984,12.506,2,1,0
gen_01653,2,-7.777,2.438,3.945,12.483,2,1,0
gen_01653,3,-7.755,2.504,3.982,12.544,2,1,0
gen_01653,4,-7.623,2.491,3.699,12.458,2,1,0
gen_01653,5,-7.559,14.576,15.850,2.711,2,1,0
gen_01653,6,-7.554,14.917,16.236,2.908,2,1,0
gen_01653,7,-7.540,15.285,16.392,2.847,2,1,0
gen_01653,8,-7.508,15.058,16.446,2.961,2,1,0
gen_01653,9,-7.483,14.625,16.165,2.893,2,1,0
gen_01653,10,-7.462,15.230,16.285,3.124,2,1,0
gen_01654,1,-7.432,3.541,4.494,inf,4,0,0
gen_01654,2,-7.262,2.815,4.464,inf,4,0,0
gen_01654,3,-7.255,3.040,4.585,inf,4,0,0
gen_01654,4,-7.242,3.081,4.483,inf,4,0,0
gen_01654,5,-7.186,2.633,3.342,inf,4,0,0
gen_01654,6,-7.174,2.703,3.382,inf,4,0,0
gen_01654,7,-7.041,2.706,3.393,inf,4,0,0
gen_01655,1,-7.868,7.992,9.758,inf,2,0,0
gen_01655,2,-7.846,8.160,9.813,inf,2,0,0
gen_01656,1,-7.037,10.606,11.094,inf,2,0,0
gen_01656,2,-6.900,10.557,11.093,inf,2,0,0
gen_01656,3,-6.897,10.692,11.159,inf,2,0,0
gen_01656,4,-6.879,10.131,10.928,inf,2,0,0
gen_01656,5,-6.853,10.639,11.144,inf,2,0,0
gen_01656,6,-6.845,2.561,4.367,inf,2,0,0
gen_01656,7,-6.812,2.649,4.298,inf,2,0,0
gen_01656,8,-6.804,2.285,3.511,inf,2,0,0
gen_01656,9,-6.798,2.700,4.352,inf,2,0,0
gen_01656,10,-6.766,2.257,3.625,inf,2,0,0
gen_01656,11,-6.765,2.643,4.376,inf,2,0,0
gen_01656,12,-6.764,2.258,3.513,inf,2,0,0
gen_01656,13,-6.754,2.712,4.386,inf,2,0,0
gen_01657,1,-7.680,2.825,4.545,inf,2,0,0
gen_01657,2,-7.676,2.807,4.547,inf,2,0,0
gen_01657,3,-7.448,14.749,16.503,inf,2,0,0
gen_01658,1,-7.220,2.651,3.676,inf,2,0,0
gen_01658,2,-7.109,2.709,3.479,inf,2,0,0
gen_01659,1,-7.490,2.785,4.542,inf,4,0,0
gen_01659,2,-7.470,2.735,4.425,inf,4,0,0
gen_01659,3,-7.393,2.760,4.497,inf,4,0,0
gen_01659,4,-7.362,2.730,4.432,inf,4,0,0
gen_01659,5,-7.353,3.019,4.351,inf,4,0,0
gen_01659,6,-7.311,2.967,4.362,inf,4,0,0
gen_01659,7,-7.306,2.965,4.368,inf,4,0,0
gen_01660,1,-7.963,2.853,4.320,5.923,2,2,0
gen_01660,2,-7.956,2.872,4.338,5.933,2,2,0
gen_01660,3,-7.946,2.881,4.387,5.923,2,2,0
gen_01660,4,-7.879,3.254,3.777,4.838,2,2,0
gen_01661,1,-7.533,3.111,4.446,inf,2,0,0
gen_01661,2,-7.526,3.114,4.446,inf,2,0,0
gen_01662,1,-7.947,2.823,4.511,inf,2,0,0
gen_01662,2,-7.946,2.815,4.514,inf,2,0,0
gen_01662,3,-7.930,2.852,4.542,inf,2,0,0
gen_01662,4,-7.930,2.821,4.560,inf,2,0,0
gen_01662,5,-7.928,3.058,4.590,inf,2,0,0
gen_01662,6,-7.928,2.777,4.557,inf,2,0,0
gen_01662,7,-7.912,2.839,4.597,inf,2,0,0
gen_01662,8,-7.864,2.835,4.450,inf,2,0,0
gen_01663,1,-7.440,10.470,12.673,5.774,2,1,0
gen_01663,2,-7.416,10.480,12.668,5.771,2,1,0
gen_01663,3,-7.394,10.612,12.830,5.816,2,1,0
gen_01664,1,-7.792,2.768,4.506,inf,4,0,0
gen_01664,2,-7.785,2.881,4.448,inf,4,0,0
gen_01664,3,-7.781,2.859,4.452,inf,4,0,0
gen_01664,4,-7.262,4.219,4.778,inf,4,0,0
gen_01665,1,-8.535,2.752,4.410,inf,2,0,0
gen_01665,2,-8.524,2.790,4.426,inf,2,0,0
gen_01665,3,-8.512,2.758,4.379,inf,2,0,0
gen_01666,1,-7.142,2.203,4.422,inf,2,0,0
gen_01666,2,-7.110,2.199,4.386,inf,2,0,0
gen_01667,1,-8.496,2.737,4.354,6.021,2,1,0
gen_01668,1,-7.077,2.623,4.497,inf,2,0,0
gen_01668,2,-7.033,2.764,4.362,inf,2,0,0
gen_01668,3,-7.019,2.710,4.362,inf,2,0,0
gen_01669,1,-7.585,3.432,4.369,3.493,2,1,0
gen_01669,2,-7.554,3.252,4.387,3.532,2,1,0
gen_01669,3,-7.475,3.390,4.465,5.499,2,1,0
gen_01669,4,-7.348,3.161,4.429,5.519,2,1,0
gen_01670,1,-7.139,3.760,4.381,inf,2,0,0
gen_01670,2,-7.089,3.784,4.392,inf,2,0,0
gen_01670,3,-6.981,3.972,4.318,inf,2,0,0
gen_01671,1,-8.456,2.605,4.250,inf,4,0,0
gen_01671,2,-8.412,2.735,4.308,inf,4,0,0
gen_01671,3,-8.409,2.711,4.257,inf,4,0,0
gen_01671,4,-8.381,2.539,4.328,inf,4,0,0
gen_01671,5,-8.379,2.708,4.327,inf,4,0,0
gen_01671,6,-8.357,2.785,4.385,inf,4,0,0
gen_01671,7,-8.311,2.593,4.337,inf,4,0,0
gen_01671,8,-8.254,2.559,4.497,inf,4,0,0
gen_01671,9,-8.111,2.853,4.520,inf,4,0,0
gen_01671,10,-8.010,2.614,4.477,inf,4,0,0
gen_01671,11,-8.002,2.840,4.558,inf,4,0,0
gen_01671,12,-7.941,2.854,4.474,inf,4,0,0
gen_01672,1,-7.490,2.530,2.825,inf,4,0,0
gen_01672,2,-7.481,2.518,2.797,inf,4,0,0
gen_01672,3,-7.473,2.505,2.940,inf,4,0,0
gen_01672,4,-7.466,2.497,2.825,inf,4,0,0
gen_01673,1,-7.040,2.485,2.812,inf,2,0,0
gen_01673,2,-7.031,2.435,2.808,inf,2,0,0
gen_01674,1,-8.022,2.507,2.545,inf,4,0,0
gen_01674,2,-8.019,2.415,2.691,inf,4,0,0
gen_01674,3,-7.990,2.462,2.720,inf,4,0,0
gen_01674,4,-7.960,2.461,2.727,inf,4,0,0
gen_01674,5,-7.249,2.853,4.552,inf,4,0,0
gen_01675,1,-7.848,2.885,4.486,inf,2,0,0
gen_01675,2,-7.819,2.782,4.443,inf,2,0,0
gen_01675,3,-7.721,2.814,4.533,inf,2,0,0
gen_01675,4,-7.697,2.724,4.489,inf,2,0,0
gen_01675,5,-7.673,2.765,4.480,inf,2,0,0
gen_01675,6,-7.648,2.756,4.438,inf,2,0,0
gen_01676,1,-8.321,2.608,4.311,inf,2,0,0
gen_01676,2,-8.296,13.993,14.243,inf,2,0,0
gen_01677,1,-8.712,2.777,4.367,inf,2,0,0
gen_01677,2,-8.689,2.708,4.094,inf,2,0,0
gen_01677,3,-8.676,2.802,4.342,inf,2,0,0
gen_01677,4,-8.664,2.762,4.451,inf,2,0,0
gen_01677,5,-8.652,2.713,4.118,inf,2,0,0
gen_01678,1,-8.001,3.119,4.395,inf,2,0,0
gen_01679,1,-7.847,2.668,2.704,inf,2,0,0
gen_01680,1,-7.632,2.798,4.532,inf,2,0,0
gen_01680,2,-7.613,2.821,4.517,inf,2,0,0
gen_01680,3,-7.596,2.734,4.556,inf,2,0,0
gen_01680,4,-7.595,2.707,4.564,inf,2,0,0
gen_01680,5,-7.501,2.736,4.472,inf,2,0,0
gen_01680,6,-7.244,2.497,4.465,inf,2,0,0
gen_01680,7,-7.236,2.435,4.445,inf,2,0,0
gen_01680,8,-7.075,15.813,15.821,inf,2,0,0
gen_01681,1,-7.672,10.001,10.208,inf,2,0,0
gen_01681,2,-7.644,9.914,10.065,inf,2,0,0
gen_01681,3,-7.597,10.020,10.146,inf,2,0,0
gen_01681,4,-7.575,9.584,9.800,inf,2,0,0
gen_01681,5,-7.538,9.597,9.788,inf,2,0,0
gen_01681,6,-7.477,9.561,9.785,inf,2,0,0
gen_01681,7,-7.470,7.751,8.602,inf,2,0,0
gen_01681,8,-7.461,8.350,8.515,inf,2,0,0
gen_01682,1,-7.705,8.152,8.947,inf,2,0,0
gen_01682,2,-7.700,3.627,4.374,inf,2,0,0
gen_01682,3,-7.666,8.287,8.943,inf,2,0,0
gen_01682,4,-7.593,3.689,4.375,inf,2,0,0
gen_01683,1,-6.773,12.132,12.428,3.017,2,1,0
gen_01683,2,-6.773,12.029,12.316,2.967,2,1,0
gen_01683,3,-6.700,11.853,12.470,2.929,2,1,0
gen_01683,4,-6.570,8.148,8.631,4.105,2,1,0
gen_01684,1,-7.732,2.315,2.625,inf,2,0,0
gen_01685,1,-7.316,2.634,3.825,7.769,2,1,0
gen_01685,2,-7.313,2.625,3.759,7.800,2,1,0
gen_01685,3,-7.290,2.679,3.806,7.783,2,1,0
gen_01685,4,-7.283,2.780,3.698,7.812,2,1,0
gen_01685,5,-7.270,2.741,3.702,7.853,2,1,0
gen_01686,1,-8.422,2.733,4.515,inf,2,0,0
gen_01686,2,-8.361,2.760,4.446,inf,2,0,0
gen_01686,3,-8.265,2.824,4.572,inf,2,0,0
gen_01687,1,-7.681,2.843,4.559,inf,2,0,0
gen_01687,2,-7.576,2.771,4.410,inf,2,0,0
gen_01687,3,-7.570,2.718,4.243,inf,2,0,0
gen_01688,1,-8.110,2.271,3.385,inf,2,0,0
gen_01688,2,-8.086,6.891,7.013,inf,2,0,0
gen_01688,3,-8.064,6.927,7.000,inf,2,0,0
gen_01688,4,-8.024,6.905,7.040,inf,2,0,0
gen_01689,1,-7.772,2.720,2.760,inf,2,0,0
gen_01689,2,-7.759,2.524,2.783,inf,2,0,0
gen_01689,3,-7.739,3.573,4.289,inf,2,0,0
gen_01689,4,-7.714,3.629,4.349,inf,2,0,0
gen_01689,5,-7.713,3.608,4.325,inf,2,0,0
gen_01689,6,-7.704,2.571,2.754,inf,2,0,0
gen_01689,7,-7.702,2.696,2.709,inf,2,0,0
gen_01689,8,-7.683,2.589,2.753,inf,2,0,0
gen_01690,1,-6.942,3.319,4.236,inf,4,0,0
gen_01690,2,-6.896,2.784,4.329,inf,4,0,0
gen_01690,3,-6.811,2.673,4.011,inf,4,0,0
gen_01691,1,-8.171,2.590,4.477,inf,2,0,0
gen_01691,2,-8.162,2.578,4.469,inf,2,0,0
gen_01692,1,-6.734,2.741,4.461,5.171,2,1,0
gen_01693,1,-6.584,2.504,3.484,inf,2,0,0
gen_01693,2,-6.554,2.681,2.752,inf,2,0,0
gen_01693,3,-6.489,2.607,4.313,inf,2,0,0
gen_01693,4,-6.447,2.478,4.173,inf,2,0,0
gen_01694,1,-8.653,2.470,3.030,inf,2,0,0
gen_01694,2,-8.585,2.611,2.862,inf,2,0,0
gen_01694,3,-8.262,2.400,4.634,inf,2,0,0
gen_01695,1,-6.918,2.809,4.501,inf,2,0,0
gen_01696,1,-6.371,2.367,4.373,inf,2,0,0
gen_01696,2,-6.343,2.459,4.386,inf,2,0,0
gen_01696,3,-6.334,2.392,4.391,inf,2,0,0
gen_01696,4,-6.333,2.241,4.441,inf,2,0,0
gen_01696,5,-6.324,2.364,4.390,inf,2,0,0
gen_01696,6,-6.305,2.719,3.794,inf,2,0,0
gen_01697,1,-7.107,2.802,4.339,inf,2,0,0
gen_01697,2,-7.103,2.789,4.338,inf,2,0,0
gen_01697,3,-7.031,2.739,4.416,inf,2,0,0
gen_01697,4,-7.015,2.749,4.436,inf,2,0,0
gen_01698,1,-7.177,2.645,3.858,inf,2,0,0
gen_01698,2,-7.169,2.695,3.867,inf,2,0,0
gen_01698,3,-7.162,2.707,4.170,inf,2,0,0
gen_01699,1,-7.506,2.687,4.520,5.084,4,1,0
gen_01699,2,-7.377,2.922,4.607,5.449,4,1,0
gen_01700,1,-7.160,2.425,2.777,inf,2,0,0
gen_01700,2,-7.159,2.442,2.779,inf,2,0,0
gen_01700,3,-7.143,2.437,2.806,inf,2,0,0
gen_01700,4,-7.131,2.443,2.746,inf,2,0,0
gen_01700,5,-7.119,2.502,2.753,inf,2,0,0
gen_01701,1,-7.697,2.720,3.828,inf,2,0,0
gen_01701,2,-7.689,2.678,4.077,inf,2,0,0
gen_01701,3,-7.676,2.660,4.016,inf,2,0,0
gen_01701,4,-7.591,2.703,3.783,inf,2,0,0
gen_01702,1,-7.895,2.786,4.541,inf,2,0,0
gen_01702,2,-7.883,2.781,4.505,inf,2,0,0
gen_01702,3,-7.874,2.817,4.537,inf,2,0,0
gen_01702,4,-7.872,2.815,4.558,inf,2,0,0
gen_01703,1,-8.068,3.334,4.730,5.665,4,1,0
gen_01703,2,-8.053,2.878,4.407,5.402,4,1,0
gen_01703,3,-7.985,2.753,4.522,5.425,4,1,0
gen_01703,4,-7.932,2.849,4.405,5.485,4,1,0
gen_01704,1,-7.770,15.557,15.895,inf,2,0,0
gen_01704,2,-7.674,15.362,16.049,inf,2,0,0
gen_01705,1,-7.728,2.750,4.475,4.208,4,1,0
gen_01705,2,-7.715,3.073,4.656,3.777,4,1,0
gen_01705,3,-7.688,2.753,4.577,6.407,4,1,0
gen_01705,4,-7.556,2.699,4.393,3.587,4,1,0
gen_01705,5,-7.533,2.775,4.439,3.963,4,1,0
gen_01705,6,-7.521,2.756,4.663,6.513,4,1,0
gen_01705,7,-7.480,2.678,4.381,3.827,4,1,0
gen_01705,8,-7.475,2.722,4.395,3.333,4,1,1
gen_01705,9,-7.392,2.789,4.596,5.251,4,1,0
gen_01705,10,-7.353,2.657,4.151,5.801,4,1,0
gen_01705,11,-7.306,2.812,4.618,5.171,4,1,0
gen_01705,12,-7.211,2.800,4.229,5.282,4,1,0
gen_01706,1,-7.620,2.728,4.357,inf,2,0,0
gen_01706,2,-7.615,2.746,4.373,inf,2,0,0
gen_01706,3,-7.568,2.758,4.354,inf,2,0,0
gen_01707,1,-7.987,2.696,4.362,6.376,2,1,0
gen_01708,1,-7.880,3.086,4.532,inf,2,0,0
gen_01708,2,-7.864,2.812,4.292,inf,2,0,0
gen_01708,3,-7.827,2.822,4.299,inf,2,0,0
gen_01708,4,-7.720,14.787,15.175,inf,2,0,0
gen_01708,5,-7.695,2.810,4.413,inf,2,0,0
gen_01708,6,-7.681,2.770,4.389,inf,2,0,0
gen_01708,7,-7.678,2.782,4.371,inf,2,0,0
gen_01708,8,-7.659,2.729,3.002,inf,2,0,0
gen_01708,9,-7.613,14.853,15.025,inf,2,0,0
gen_01708,10,-7.554,2.717,2.982,inf,2,0,0
gen_01709,1,-7.430,2.688,4.077,inf,2,0,0
gen_01709,2,-7.405,2.679,3.984,inf,2,0,0
gen_01709,3,-7.369,2.733,4.228,inf,2,0,0
gen_01709,4,-7.346,2.777,4.457,inf,2,0,0
gen_01709,5,-7.294,2.734,4.253,inf,2,0,0
gen_01709,6,-7.284,2.753,4.437,inf,2,0,0
gen_01709,7,-7.229,3.913,4.528,inf,2,0,0
gen_01710,1,-6.917,2.588,4.489,inf,2,0,0
gen_01710,2,-6.855,2.620,4.510,inf,2,0,0
gen_01710,3,-6.792,2.774,4.712,inf,2,0,0
gen_01711,1,-7.266,4.712,5.668,inf,2,0,0
gen_01712,1,-7.571,2.482,4.422,inf,2,0,0
gen_01712,2,-7.523,2.541,4.470,inf,2,0,0
gen_01712,3,-7.509,2.516,4.437,inf,2,0,0
gen_01712,4,-7.493,2.509,4.355,inf,2,0,0
gen_01712,5,-7.482,2.532,4.452,inf,2,0,0
gen_01712,6,-7.455,2.554,4.479,inf,2,0,0
gen_01712,7,-7.424,2.629,3.057,inf,2,0,0
gen_01712,8,-7.392,2.681,3.946,inf,2,0,0
gen_01712,9,-7.379,2.469,4.438,inf,2,0,0
gen_01713,1,-6.882,2.483,4.262,3.039,2,1,1
gen_01713,2,-6.860,2.516,4.265,3.716,2,1,0
gen_01714,1,-7.913,2.764,4.614,2.796,2,1,1
gen_01714,2,-7.893,2.821,4.674,2.797,2,1,1
gen_01714,3,-7.882,2.730,4.608,2.801,2,1,1
gen_01715,1,-7.174,2.727,3.959,inf,2,0,0
gen_01715,2,-7.093,2.658,4.066,inf,2,0,0
gen_01715,3,-7.029,2.728,4.388,inf,2,0,0
gen_01715,4,-7.016,2.704,3.975,inf,2,0,0
gen_01715,5,-6.990,2.595,4.152,inf,2,0,0
gen_01715,6,-6.466,2.716,4.520,inf,2,0,0
gen_01715,7,-6.243,14.187,14.747,inf,2,0,0
gen_01715,8,-6.141,7.188,7.408,inf,2,0,0
gen_01716,1,-7.240,2.494,2.587,inf,4,0,0
gen_01716,2,-7.212,2.525,2.692,inf,4,0,0
gen_01716,3,-7.151,2.534,2.597,inf,4,0,0
gen_01716,4,-7.140,2.552,2.701,inf,4,0,0
gen_01717,1,-7.756,2.583,4.332,inf,2,0,0
gen_01717,2,-7.675,2.469,4.416,inf,2,0,0
gen_01718,1,-7.527,3.566,4.640,inf,2,0,0
gen_01718,2,-7.509,3.569,4.660,inf,2,0,0
gen_01718,3,-7.506,3.571,4.646,inf,2,0,0
gen_01719,1,-7.335,2.769,4.437,inf,2,0,0
gen_01720,1,-7.315,3.226,4.509,inf,2,0,0
gen_01720,2,-7.302,3.228,4.474,inf,2,0,0
gen_01720,3,-7.272,3.013,4.432,inf,2,0,0
gen_01720,4,-7.271,2.981,4.450,inf,2,0,0
gen_01720,5,-7.232,3.180,4.364,inf,2,0,0
gen_01721,1,-7.702,3.957,4.467,4.070,2,2,0
gen_01722,1,-6.897,2.696,4.436,11.577,2,1,0
gen_01722,2,-6.876,2.657,4.402,11.609,2,1,0
gen_01722,3,-6.861,2.667,4.415,11.611,2,1,0
gen_01722,4,-6.817,2.723,4.453,11.636,2,1,0
gen_01723,1,-7.514,2.792,4.348,inf,2,0,0
gen_01723,2,-7.413,2.786,4.317,inf,2,0,0
gen_01724,1,-7.776,2.656,4.333,inf,2,0,0
gen_01724,2,-7.674,2.753,4.310,inf,2,0,0
gen_01724,3,-7.602,2.790,4.465,inf,2,0,0
gen_01724,4,-7.509,2.766,4.396,inf,2,0,0
gen_01725,1,-7.867,2.347,2.632,inf,2,0,0
gen_01725,2,-7.850,2.343,2.585,inf,2,0,0
gen_01726,1,-7.728,2.594,4.571,6.737,2,1,0
gen_01726,2,-7.706,2.632,4.570,6.840,2,1,0
gen_01726,3,-7.695,2.709,4.466,6.417,2,1,0
gen_01726,4,-7.684,2.708,4.380,6.323,2,1,0
gen_01726,5,-7.628,2.813,4.730,6.642,2,1,0
gen_01726,6,-7.599,2.760,4.540,7.109,2,1,0
gen_01727,1,-74.626,6.067,6.808,8.886,4,1,0
gen_01728,1,-7.193,2.721,4.434,inf,2,0,0
gen_01728,2,-7.151,2.744,4.423,inf,2,0,0
gen_01728,3,-7.142,2.698,4.405,inf,2,0,0
gen_01729,1,-8.415,2.813,4.308,inf,2,0,0
gen_01729,2,-8.343,2.623,4.452,inf,2,0,0
gen_01729,3,-8.011,2.741,4.444,inf,2,0,0
gen_01730,1,-8.985,2.642,4.476,7.859,2,1,0
gen_01730,2,-8.974,2.755,4.317,7.976,2,1,0
gen_01730,3,-8.782,2.687,3.927,7.860,2,1,0
gen_01730,4,-8.061,2.731,4.373,8.486,2,1,0
gen_01731,1,-7.377,2.680,3.669,inf,2,0,0
gen_01732,1,-7.673,2.804,4.507,2.890,2,1,1
gen_01732,2,-7.633,2.741,4.477,6.221,2,1,0
gen_01732,3,-7.583,2.767,4.488,6.265,2,1,0
gen_01732,4,-7.570,2.770,4.493,6.223,2,1,0
gen_01732,5,-7.544,2.803,4.521,2.890,2,1,1
gen_01732,6,-7.540,2.706,4.507,6.324,2,1,0
gen_01732,7,-7.533,2.755,4.512,2.901,2,1,1
gen_01732,8,-7.517,2.761,4.510,6.431,2,1,0
gen_01732,9,-7.515,2.656,4.492,2.887,2,1,1
gen_01732,10,-7.515,2.784,4.511,2.886,2,1,1
gen_01732,11,-7.509,2.702,4.495,6.368,2,1,0
gen_01732,12,-7.509,2.701,4.463,2.863,2,1,1
gen_01732,13,-7.398,2.819,4.507,2.939,2,1,1
gen_01733,1,-7.932,2.672,4.553,inf,2,0,0
gen_01733,2,-7.907,2.656,4.433,inf,2,0,0
gen_01733,3,-7.898,2.554,4.488,inf,2,0,0
gen_01734,1,-6.949,2.677,4.413,inf,2,0,0
gen_01734,2,-6.855,2.632,4.449,inf,2,0,0
gen_01735,1,-6.393,2.364,2.759,inf,2,0,0
gen_01735,2,-6.378,2.757,4.382,inf,2,0,0
gen_01735,3,-6.373,2.860,4.365,inf,2,0,0
gen_01735,4,-6.372,2.833,4.342,inf,2,0,0
gen_01736,1,-7.926,4.542,4.804,inf,2,0,0
gen_01736,2,-7.916,4.588,4.671,inf,2,0,0
gen_01736,3,-7.890,4.594,4.641,inf,2,0,0
gen_01736,4,-7.888,4.535,4.743,inf,2,0,0
gen_01737,1,-6.404,2.580,4.461,inf,2,0,0
gen_01737,2,-6.377,2.642,4.502,inf,2,0,0
gen_01738,1,-7.568,2.793,4.596,inf,2,0,0
gen_01738,2,-7.544,2.789,4.608,inf,2,0,0
gen_01738,3,-7.528,2.780,4.632,inf,2,0,0
gen_01738,4,-7.441,2.785,4.689,inf,2,0,0
gen_01738,5,-7.359,2.794,4.760,inf,2,0,0
gen_01738,6,-7.333,2.678,4.677,inf,2,0,0
gen_01739,1,-8.378,2.622,2.754,inf,2,0,0
gen_01739,2,-8.370,2.491,2.821,inf,2,0,0
gen_01740,1,-7.046,2.772,4.231,inf,4,0,0
gen_01740,2,-7.042,2.759,4.220,inf,4,0,0
gen_01740,3,-7.037,2.774,4.218,inf,4,0,0
gen_01740,4,-7.031,2.769,4.243,inf,4,0,0
gen_01741,1,-7.056,2.657,3.982,inf,2,0,0
gen_01741,2,-7.045,2.610,4.202,inf,2,0,0
gen_01741,3,-7.003,2.685,4.409,inf,2,0,0
gen_01741,4,-6.970,10.488,10.884,inf,2,0,0
gen_01741,5,-6.953,10.540,11.067,inf,2,0,0
gen_01741,6,-6.913,10.365,11.169,inf,2,0,0
gen_01741,7,-6.897,10.514,10.927,inf,2,0,0
gen_01741,8,-6.895,10.600,11.081,inf,2,0,0
gen_01742,1,-6.443,2.813,4.456,8.576,2,1,0
gen_01743,1,-7.131,2.564,3.690,inf,2,0,0
gen_01743,2,-6.989,2.668,3.024,inf,2,0,0
gen_01744,1,-8.484,2.801,4.237,inf,2,0,0
gen_01744,2,-8.464,2.750,4.234,inf,2,0,0
gen_01744,3,-8.460,2.788,4.221,inf,2,0,0
gen_01745,1,-7.523,2.671,4.670,6.101,2,1,0
gen_01745,2,-7.513,2.681,4.684,6.133,2,1,0
gen_01745,3,-7.450,2.487,4.509,6.063,2,1,0
gen_01745,4,-7.444,2.707,4.711,6.008,2,1,0
gen_01745,5,-6.982,11.261,11.921,2.922,2,1,0
gen_01745,6,-6.955,11.217,11.879,2.973,2,1,0
gen_01746,1,-7.071,2.409,3.204,3.016,2,2,1
gen_01747,1,-7.621,12.863,13.586,inf,2,0,0
gen_01747,2,-7.612,12.766,13.556,inf,2,0,0
gen_01748,1,-135.382,16.385,17.548,7.084,2,1,0
gen_01748,2,-132.510,10.958,11.144,8.982,2,1,0
gen_01749,1,-7.317,3.113,4.299,inf,4,0,0
gen_01749,2,-7.291,3.085,4.267,inf,4,0,0
gen_01749,3,-7.244,3.239,4.386,inf,4,0,0
gen_01750,1,-8.353,4.599,4.618,5.753,2,1,0
gen_01750,2,-8.148,4.584,4.649,5.746,2,1,0
gen_01750,3,-8.139,2.771,4.325,6.005,2,1,0
gen_01750,4,-8.118,2.711,3.854,6.424,2,1,0
gen_01750,5,-8.117,4.540,4.757,5.742,2,1,0
gen_01750,6,-8.103,2.704,3.932,6.333,2,1,0
gen_01750,7,-8.032,2.708,3.992,6.365,2,1,0
gen_01750,8,-7.807,15.973,17.028,9.940,2,1,0
gen_01750,9,-7.802,16.074,17.088,9.993,2,1,0
gen_01750,10,-7.769,13.660,13.868,5.768,2,1,0
gen_01750,11,-7.761,15.988,17.056,9.955,2,1,0
gen_01750,12,-7.625,8.543,9.095,12.647,2,1,0
gen_01750,13,-7.346,15.495,16.677,10.266,2,1,0
gen_01751,1,-6.697,2.804,4.278,inf,2,0,0
gen_01752,1,-7.447,2.306,2.943,inf,2,0,0
gen_01752,2,-7.431,2.304,2.825,inf,2,0,0
gen_01752,3,-7.396,2.365,2.810,inf,2,0,0
gen_01753,1,-7.260,10.523,10.601,inf,2,0,0
gen_01753,2,-7.220,10.312,10.634,inf,2,0,0
gen_01753,3,-7.188,2.374,2.640,inf,2,0,0
gen_01753,4,-7.184,2.431,2.663,inf,2,0,0
gen_01753,5,-7.109,2.268,2.617,inf,2,0,0
gen_01753,6,-7.089,2.541,2.725,inf,2,0,0
gen_01754,1,-8.171,2.670,4.350,4.488,2,1,0
gen_01754,2,-8.124,2.751,4.415,4.520,2,1,0
gen_01754,3,-8.108,2.689,4.393,6.014,2,1,0
gen_01754,4,-8.061,2.832,4.352,4.506,2,1,0
gen_01754,5,-7.998,2.752,4.022,4.944,2,1,0
gen_01755,1,-7.408,2.670,4.201,inf,2,0,0
gen_01755,2,-7.395,2.380,3.816,inf,2,0,0
gen_01755,3,-7.358,2.658,4.201,inf,2,0,0
gen_01756,1,-7.896,3.021,4.429,inf,2,0,0
gen_01756,2,-7.883,6.258,8.451,inf,2,0,0
gen_01756,3,-7.868,2.989,4.392,inf,2,0,0
gen_01757,1,-8.002,2.602,4.458,inf,2,0,0
gen_01757,2,-8.000,2.581,4.440,inf,2,0,0
gen_01757,3,-7.993,2.607,4.471,inf,2,0,0
gen_01757,4,-7.985,2.624,4.521,inf,2,0,0
gen_01758,1,-8.278,2.872,4.596,4.825,2,1,0
gen_01758,2,-8.243,2.866,4.524,4.754,2,1,0
gen_01759,1,-7.552,2.669,4.485,inf,4,0,0
gen_01759,2,-7.546,2.695,4.491,inf,4,0,0
gen_01759,3,-7.521,2.320,2.811,inf,4,0,0
gen_01759,4,-7.517,2.635,4.494,inf,4,0,0
gen_01759,5,-7.513,2.687,4.509,inf,4,0,0
gen_01759,6,-7.510,2.686,4.509,inf,4,0,0
gen_01759,7,-7.504,2.650,4.529,inf,4,0,0
gen_01759,8,-7.494,2.345,2.841,inf,4,0,0
gen_01759,9,-7.493,2.811,4.492,inf,4,0,0
gen_01759,10,-7.469,2.481,2.788,inf,4,0,0
gen_01759,11,-7.414,2.737,4.520,inf,4,0,0
gen_01760,1,-7.528,2.627,2.829,inf,2,0,0
gen_01760,2,-7.519,2.478,3.098,inf,2,0,0
gen_01760,3,-7.354,2.629,2.829,inf,2,0,0
gen_01760,4,-7.338,2.514,3.547,inf,2,0,0
gen_01760,5,-7.308,2.538,3.150,inf,2,0,0
gen_01760,6,-7.165,2.379,2.705,inf,2,0,0
gen_01760,7,-7.080,2.343,2.737,inf,2,0,0
gen_01761,1,-8.562,2.735,4.495,inf,4,0,0
gen_01761,2,-8.555,2.688,4.445,inf,4,0,0
gen_01761,3,-8.539,2.720,4.424,inf,4,0,0
gen_01761,4,-8.531,2.712,4.422,inf,4,0,0
gen_01761,5,-8.502,2.802,4.495,inf,4,0,0
gen_01762,1,-7.540,2.468,4.368,5.457,2,1,0
gen_01762,2,-7.521,2.650,3.745,5.709,2,1,0
gen_01762,3,-7.497,2.633,3.763,5.713,2,1,0
gen_01762,4,-7.495,2.709,3.737,5.761,2,1,0
gen_01762,5,-7.471,2.653,3.675,5.749,2,1,0
gen_01762,6,-7.442,2.669,3.756,5.603,2,1,0
gen_01762,7,-7.410,2.233,4.406,5.501,2,1,0
gen_01762,8,-7.329,2.284,4.454,5.516,2,1,0
gen_01763,1,-8.188,2.392,3.103,inf,2,0,0
gen_01763,2,-8.162,2.474,3.068,inf,2,0,0
gen_01763,3,-8.150,2.338,2.938,inf,2,0,0
gen_01764,1,-7.167,2.695,4.338,inf,2,0,0
gen_01764,2,-7.155,2.593,4.297,inf,2,0,0
gen_01765,1,-8.956,2.771,4.498,inf,2,0,0
gen_01765,2,-8.787,2.740,4.429,inf,2,0,0
gen_01766,1,-8.267,2.689,4.440,inf,2,0,0
gen_01766,2,-8.266,2.726,4.449,inf,2,0,0
gen_01766,3,-8.266,2.826,4.542,inf,2,0,0
gen_01766,4,-8.253,2.747,4.474,inf,2,0,0
gen_01766,5,-8.246,2.820,4.550,inf,2,0,0
gen_01766,6,-8.189,2.769,4.476,inf,2,0,0
gen_01766,7,-8.182,2.781,4.523,inf,2,0,0
gen_01766,8,-8.167,2.790,4.467,inf,2,0,0
gen_01767,1,-8.051,7.903,7.999,inf,2,0,0
gen_01767,2,-8.034,7.919,8.071,inf,2,0,0
gen_01767,3,-7.888,8.106,8.182,inf,2,0,0
gen_01767,4,-7.754,2.765,4.474,inf,2,0,0
gen_01767,5,-7.752,2.748,4.470,inf,2,0,0
gen_01768,1,-7.256,2.602,4.493,inf,2,0,0
gen_01768,2,-7.247,2.599,4.500,inf,2,0,0
gen_01768,3,-7.215,2.625,4.429,inf,2,0,0
gen_01768,4,-7.116,2.400,3.425,inf,2,0,0
gen_01768,5,-7.110,2.403,3.464,inf,2,0,0
gen_01768,6,-7.087,2.409,3.451,inf,2,0,0
gen_01769,1,-6.526,2.650,4.465,inf,2,0,0
gen_01769,2,-6.500,2.639,4.430,inf,2,0,0
gen_01769,3,-6.494,2.317,3.208,inf,2,0,0
gen_01769,4,-6.410,2.533,4.415,inf,2,0,0
gen_01770,1,-8.035,2.603,4.429,inf,2,0,0
gen_01770,2,-7.899,2.794,4.376,inf,2,0,0
gen_01771,1,-7.268,2.564,2.681,inf,2,0,0
gen_01771,2,-7.227,2.477,2.711,inf,2,0,0
gen_01771,3,-7.155,2.676,2.739,inf,2,0,0
gen_01772,1,-7.665,2.724,4.574,inf,2,0,0
gen_01772,2,-7.657,2.647,4.522,inf,2,0,0
gen_01772,3,-7.626,15.087,16.423,inf,2,0,0
gen_01772,4,-7.558,15.255,16.281,inf,2,0,0
gen_01772,5,-7.555,2.577,4.494,inf,2,0,0
gen_01772,6,-7.393,14.111,14.226,inf,2,0,0
gen_01772,7,-7.339,14.135,14.219,inf,2,0,0
gen_01773,1,-7.909,10.359,10.921,inf,2,0,0
gen_01773,2,-7.867,10.391,10.922,inf,2,0,0
gen_01773,3,-7.810,2.585,2.805,inf,2,0,0
gen_01774,1,-7.349,2.688,4.385,inf,2,0,0
gen_01774,2,-7.281,2.683,4.342,inf,2,0,0
gen_01774,3,-7.214,2.622,4.402,inf,2,0,0
gen_01774,4,-7.192,2.755,4.534,inf,2,0,0
gen_01774,5,-7.045,2.724,4.265,inf,2,0,0
gen_01774,6,-6.944,2.765,4.164,inf,2,0,0
gen_01774,7,-6.941,2.326,2.806,inf,2,0,0
gen_01774,8,-6.880,2.717,3.893,inf,2,0,0
gen_01774,9,-6.843,2.230,3.298,inf,2,0,0
gen_01775,1,-8.038,3.202,4.336,inf,4,0,0
gen_01775,2,-8.009,3.178,4.316,inf,4,0,0
gen_01775,3,-7.972,3.218,4.353,inf,4,0,0
gen_01775,4,-7.965,3.188,4.356,inf,4,0,0
gen_01775,5,-7.939,3.203,4.357,inf,4,0,0
gen_01775,6,-7.844,3.165,4.268,inf,4,0,0
gen_01776,1,-6.897,12.545,12.784,inf,2,0,0
gen_01776,2,-6.895,12.569,12.799,inf,2,0,0
gen_01776,3,-6.834,12.533,12.724,inf,2,0,0
gen_01776,4,-6.799,12.416,12.657,inf,2,0,0
gen_01777,1,-8.041,2.815,4.579,inf,2,0,0
gen_01777,2,-8.004,2.798,4.567,inf,2,0,0
gen_01778,1,-7.204,2.643,2.677,inf,2,0,0
gen_01778,2,-7.203,2.663,2.667,inf,2,0,0
gen_01779,1,-9.185,2.561,3.918,inf,2,0,0
gen_01779,2,-9.151,2.643,3.850,inf,2,0,0
gen_01780,1,-6.737,2.670,4.422,inf,2,0,0
gen_01781,1,-7.384,2.364,4.469,inf,4,0,0
gen_01781,2,-7.340,2.329,4.437,inf,4,0,0
gen_01781,3,-7.340,2.257,4.437,inf,4,0,0
gen_01782,1,-7.726,2.758,4.458,inf,2,0,0
gen_01782,2,-7.683,2.692,4.471,inf,2,0,0
gen_01783,1,-7.445,2.763,3.824,6.924,2,1,0
gen_01784,1,-7.903,2.645,2.686,inf,2,0,0
gen_01784,2,-7.900,2.658,2.665,inf,2,0,0
gen_01784,3,-7.774,2.707,2.813,inf,2,0,0
gen_01784,4,-7.675,2.667,2.930,inf,2,0,0
gen_01784,5,-7.666,2.337,3.969,inf,2,0,0
gen_01785,1,-6.724,3.080,4.599,inf,2,0,0
gen_01786,1,-7.296,2.741,4.491,4.743,2,1,0
gen_01786,2,-7.253,2.801,4.513,4.675,2,1,0
gen_01786,3,-7.248,2.735,4.443,4.593,2,1,0
gen_01786,4,-7.230,2.789,4.503,4.607,2,1,0
gen_01787,1,-7.066,6.756,7.469,5.908,2,2,0
gen_01788,1,-6.888,2.375,4.564,inf,2,0,0
gen_01788,2,-6.874,2.362,4.553,inf,2,0,0
gen_01788,3,-6.839,2.288,4.471,inf,2,0,0
gen_01788,4,-6.651,8.403,9.868,inf,2,0,0
gen_01789,1,-8.290,2.597,4.372,inf,4,0,0
gen_01789,2,-8.254,2.673,4.283,inf,4,0,0
gen_01789,3,-8.252,2.742,4.341,inf,4,0,0
gen_01789,4,-8.209,2.545,4.352,inf,4,0,0
gen_01790,1,-7.060,14.655,14.685,inf,2,0,0
gen_01790,2,-7.056,2.353,3.965,inf,2,0,0
gen_01790,3,-7.032,14.689,14.704,inf,2,0,0
gen_01790,4,-7.030,14.648,14.657,inf,2,0,0
gen_01790,5,-7.003,14.695,14.701,inf,2,0,0
gen_01790,6,-6.987,14.560,14.653,inf,2,0,0
gen_01791,1,-7.104,2.701,4.347,inf,2,0,0
gen_01791,2,-7.097,2.669,4.329,inf,2,0,0
gen_01791,3,-7.079,2.703,4.337,inf,2,0,0
gen_01791,4,-7.078,2.701,4.342,inf,2,0,0
gen_01792,1,-7.327,2.638,3.790,inf,2,0,0
gen_01792,2,-7.304,2.605,3.781,inf,2,0,0
gen_01792,3,-7.231,2.606,3.810,inf,2,0,0
gen_01792,4,-7.148,2.644,3.829,inf,2,0,0
gen_01792,5,-7.123,2.650,3.847,inf,2,0,0
gen_01792,6,-6.935,9.991,10.242,inf,2,0,0
gen_01792,7,-6.902,9.917,10.211,inf,2,0,0
gen_01792,8,-6.870,10.037,10.252,inf,2,0,0
gen_01792,9,-6.869,16.350,16.828,inf,2,0,0
gen_01792,10,-6.858,16.380,16.867,inf,2,0,0
gen_01792,11,-6.787,16.586,16.727,inf,2,0,0
gen_01792,12,-6.740,16.490,16.662,inf,2,0,0
gen_01793,1,-7.681,4.269,4.688,inf,2,0,0
gen_01793,2,-7.678,4.322,4.665,inf,2,0,0
gen_01793,3,-7.668,4.260,4.640,inf,2,0,0
gen_01794,1,-8.441,3.183,4.314,5.882,2,1,0
gen_01794,2,-8.435,3.422,4.172,5.854,2,1,0
gen_01795,1,-7.854,11.430,12.759,inf,2,0,0
gen_01795,2,-7.848,11.451,12.835,inf,2,0,0
gen_01796,1,-6.969,2.568,3.691,inf,2,0,0
gen_01796,2,-6.868,2.677,3.830,inf,2,0,0
gen_01797,1,-6.996,2.552,2.749,7.221,2,1,0
gen_01797,2,-6.967,2.634,3.246,7.369,2,1,0
gen_01797,3,-6.937,10.449,11.678,2.919,2,1,0
gen_01797,4,-6.876,2.528,2.834,6.193,2,1,0
gen_01797,5,-6.853,14.523,14.998,5.012,2,1,0
gen_01797,6,-6.852,10.543,11.626,2.962,2,1,0
gen_01798,1,-7.439,2.817,4.290,inf,2,0,0
gen_01798,2,-7.424,2.805,4.292,inf,2,0,0
gen_01799,1,-7.998,2.706,3.343,inf,2,0,0
gen_01799,2,-7.978,2.650,3.291,inf,2,0,0
gen_01799,3,-7.975,2.726,3.331,inf,2,0,0
gen_01799,4,-7.971,2.657,3.377,inf,2,0,0
gen_01799,5,-7.953,2.623,3.300,inf,2,0,0
gen_01800,1,-7.652,2.759,3.792,inf,2,0,0
gen_01800,2,-7.637,2.685,3.835,inf,2,0,0
gen_01800,3,-7.631,2.557,4.331,inf,2,0,0
gen_01800,4,-7.562,2.763,4.398,inf,2,0,0
gen_01800,5,-7.510,3.182,4.602,inf,2,0,0
gen_01800,6,-7.478,2.199,4.348,inf,2,0,0
gen_01801,1,-8.029,2.677,4.354,inf,2,0,0
gen_01801,2,-8.004,2.689,4.383,inf,2,0,0
gen_01801,3,-7.941,2.726,4.119,inf,2,0,0
gen_01801,4,-7.938,2.833,4.305,inf,2,0,0
gen_01801,5,-7.921,2.724,4.398,inf,2,0,0
gen_01801,6,-7.891,2.752,4.314,inf,2,0,0
gen_01801,7,-7.786,2.733,4.385,inf,2,0,0
gen_01802,1,-7.897,2.771,4.552,9.785,2,1,0
gen_01802,2,-7.860,10.777,11.325,5.337,2,1,0
gen_01802,3,-7.850,10.801,11.367,5.270,2,1,0
gen_01802,4,-7.831,11.023,11.219,5.231,2,1,0
gen_01802,5,-7.827,11.013,11.251,5.243,2,1,0
gen_01803,1,-7.777,3.487,4.610,inf,2,0,0
gen_01803,2,-7.741,3.594,4.666,inf,2,0,0
gen_01804,1,-7.323,2.723,4.028,inf,2,0,0
gen_01804,2,-7.310,2.694,4.088,inf,2,0,0
gen_01805,1,-6.824,12.584,13.735,inf,2,0,0
gen_01805,2,-6.777,2.850,4.539,inf,2,0,0
gen_01805,3,-6.761,12.737,13.556,inf,2,0,0
gen_01805,4,-6.757,2.822,4.539,inf,2,0,0
gen_01805,5,-6.654,12.592,13.713,inf,2,0,0
gen_01806,1,-7.075,2.279,4.326,inf,4,0,0
gen_01806,2,-7.069,2.266,4.317,inf,4,0,0
gen_01806,3,-7.058,2.327,4.380,inf,4,0,0
gen_01806,4,-7.058,2.253,4.307,inf,4,0,0
gen_01806,5,-7.057,2.236,4.191,inf,4,0,0
gen_01806,6,-6.931,2.226,4.282,inf,4,0,0
gen_01806,7,-6.930,2.339,4.510,inf,4,0,0
gen_01806,8,-6.917,2.320,4.448,inf,4,0,0
gen_01806,9,-6.912,2.370,4.030,inf,4,0,0
gen_01806,10,-6.906,2.729,4.381,inf,4,0,0
gen_01806,11,-6.893,2.333,4.032,inf,4,0,0
gen_01806,12,-6.842,2.211,2.670,inf,4,0,0
gen_01807,1,-7.803,2.357,2.674,inf,2,0,0
gen_01807,2,-7.680,2.365,2.798,inf,2,0,0
gen_01808,1,-7.755,2.545,3.189,inf,4,0,0
gen_01808,2,-7.677,2.523,3.308,inf,4,0,0
gen_01808,3,-7.672,2.777,3.769,inf,4,0,0
gen_01808,4,-7.641,2.788,3.716,inf,4,0,0
gen_01808,5,-7.563,2.736,3.817,inf,4,0,0
gen_01808,6,-7.560,2.764,3.689,inf,4,0,0
gen_01809,1,-7.956,2.561,3.988,inf,2,0,0
gen_01809,2,-7.954,2.476,4.033,inf,2,0,0
gen_01809,3,-7.949,2.526,3.977,inf,2,0,0
gen_01809,4,-7.947,2.505,4.058,inf,2,0,0
gen_01809,5,-7.925,2.452,4.034,inf,2,0,0
gen_01809,6,-7.919,2.577,3.962,inf,2,0,0
gen_01809,7,-7.908,2.528,3.834,inf,2,0,0
gen_01809,8,-7.886,2.439,3.832,inf,2,0,0
gen_01810,1,-7.646,2.765,4.079,inf,4,0,0
gen_01810,2,-7.634,2.728,4.067,inf,4,0,0
gen_01811,1,-7.882,2.456,3.404,inf,2,0,0
gen_01811,2,-7.827,2.521,3.676,inf,2,0,0
gen_01811,3,-7.825,2.276,4.049,inf,2,0,0
gen_01811,4,-7.820,2.281,4.080,inf,2,0,0
gen_01812,1,-7.819,3.499,4.407,inf,2,0,0
gen_01812,2,-7.803,2.524,2.964,inf,2,0,0
gen_01812,3,-7.783,2.608,2.792,inf,2,0,0
gen_01812,4,-7.730,2.762,2.770,inf,2,0,0
gen_01812,5,-7.702,2.769,2.921,inf,2,0,0
gen_01813,1,-7.795,2.751,4.581,inf,4,0,0
gen_01814,1,-6.990,2.801,4.546,inf,2,0,0
gen_01815,1,-7.511,2.696,4.436,inf,2,0,0
gen_01815,2,-7.493,14.903,16.264,inf,2,0,0
gen_01815,3,-7.369,4.058,5.551,inf,2,0,0
gen_01815,4,-7.311,15.813,16.337,inf,2,0,0
gen_01815,5,-7.275,13.541,13.543,inf,2,0,0
gen_01815,6,-7.270,11.365,12.080,inf,2,0,0
gen_01815,7,-7.262,13.474,13.608,inf,2,0,0
gen_01815,8,-7.258,13.551,13.553,inf,2,0,0
gen_01815,9,-7.238,11.594,11.981,inf,2,0,0
gen_01815,10,-7.235,11.327,12.055,inf,2,0,0
gen_01816,1,-7.320,2.703,4.361,inf,2,0,0
gen_01816,2,-7.252,2.709,4.338,inf,2,0,0
gen_01816,3,-7.202,2.778,4.302,inf,2,0,0
gen_01817,1,-7.379,2.727,4.480,inf,2,0,0
gen_01817,2,-7.336,2.701,4.460,inf,2,0,0
gen_01817,3,-7.304,2.745,4.464,inf,2,0,0
gen_01817,4,-7.300,6.805,8.789,inf,2,0,0
gen_01817,5,-7.297,2.720,4.444,inf,2,0,0
gen_01817,6,-7.284,2.799,4.511,inf,2,0,0
gen_01817,7,-7.281,2.852,4.453,inf,2,0,0
gen_01817,8,-7.264,8.549,9.809,inf,2,0,0
gen_01818,1,-6.637,3.195,3.992,inf,2,0,0
gen_01819,1,-7.076,2.336,2.856,inf,2,0,0
gen_01819,2,-6.981,2.478,2.782,inf,2,0,0
gen_01820,1,-7.902,2.719,4.167,inf,2,0,0
gen_01820,2,-7.892,2.718,4.144,inf,2,0,0
gen_01820,3,-7.887,2.704,4.139,inf,2,0,0
gen_01820,4,-7.886,2.706,4.163,inf,2,0,0
gen_01820,5,-7.881,2.719,4.163,inf,2,0,0
gen_01820,6,-7.867,2.688,4.108,inf,2,0,0
gen_01820,7,-7.865,2.731,4.071,inf,2,0,0
gen_01821,1,-7.299,13.397,14.960,inf,2,0,0
gen_01821,2,-7.203,13.495,14.905,inf,2,0,0
gen_01822,1,-7.466,8.601,9.105,inf,2,0,0
gen_01823,1,-7.426,9.028,10.028,inf,2,0,0
gen_01823,2,-7.425,8.212,8.882,inf,2,0,0
gen_01823,3,-7.421,8.976,10.039,inf,2,0,0
gen_01823,4,-7.416,8.289,8.927,inf,2,0,0
gen_01823,5,-7.403,8.256,8.886,inf,2,0,0
gen_01823,6,-7.401,8.990,10.052,inf,2,0,0
gen_01823,7,-7.396,9.026,10.135,inf,2,0,0
gen_01823,8,-7.396,8.224,8.884,inf,2,0,0
gen_01823,9,-7.386,8.815,9.139,inf,2,0,0
gen_01823,10,-7.359,8.158,8.879,inf,2,0,0
gen_01824,1,-7.743,2.413,2.773,10.530,2,1,0
gen_01824,2,-7.712,2.471,2.697,10.481,2,1,0
gen_01824,3,-7.700,2.477,2.764,8.128,2,1,0
gen_01824,4,-7.687,2.494,2.712,8.126,2,1,0
gen_01824,5,-7.399,2.304,4.418,8.371,2,1,0
gen_01825,1,-7.554,2.200,4.259,inf,2,0,0
gen_01825,2,-7.465,2.219,4.272,inf,2,0,0
gen_01826,1,-7.988,2.778,3.227,2.784,2,2,1
gen_01827,1,-7.180,2.658,3.850,inf,4,0,0
gen_01827,2,-7.126,15.370,16.026,inf,4,0,0
gen_01827,3,-7.106,15.339,15.979,inf,4,0,0
gen_01827,4,-7.102,15.339,16.003,inf,4,0,0
gen_01827,5,-7.102,15.381,15.985,inf,4,0,0
gen_01827,6,-7.098,15.390,15.949,inf,4,0,0
gen_01827,7,-7.091,15.401,15.982,inf,4,0,0
gen_01827,8,-7.089,15.366,15.952,inf,4,0,0
gen_01827,9,-7.089,15.342,15.976,inf,4,0,0
gen_01827,10,-7.077,15.362,15.970,inf,4,0,0
gen_01828,1,-7.415,2.592,4.407,inf,2,0,0
gen_01828,2,-7.317,2.641,4.336,inf,2,0,0
gen_01828,3,-7.256,2.664,4.355,inf,2,0,0
gen_01828,4,-7.099,2.730,4.412,inf,2,0,0
gen_01828,5,-7.046,2.740,4.419,inf,2,0,0
gen_01828,6,-7.028,2.432,4.436,inf,2,0,0
gen_01829,1,-6.589,2.737,4.440,inf,2,0,0
gen_01829,2,-6.582,2.739,4.384,inf,2,0,0
gen_01830,1,-6.763,2.450,2.452,inf,2,0,0
gen_01830,2,-6.715,2.562,2.684,inf,2,0,0
gen_01830,3,-6.629,2.516,2.678,inf,2,0,0
gen_01830,4,-6.512,2.484,4.556,inf,2,0,0
gen_01830,5,-6.500,3.045,4.779,inf,2,0,0
gen_01830,6,-6.464,3.191,4.882,inf,2,0,0
gen_01830,7,-6.330,2.223,4.035,inf,2,0,0
gen_01831,1,-7.455,2.674,4.039,inf,2,0,0
gen_01831,2,-7.446,2.668,4.122,inf,2,0,0
gen_01831,3,-7.396,2.771,4.179,inf,2,0,0
gen_01831,4,-7.370,2.719,4.167,inf,2,0,0
gen_01831,5,-7.346,2.655,4.320,inf,2,0,0
gen_01831,6,-7.322,2.666,3.927,inf,2,0,0
gen_01831,7,-7.190,2.733,3.833,inf,2,0,0
gen_01832,1,-7.145,2.824,4.397,9.566,2,1,0
gen_01833,1,-7.627,2.828,4.581,inf,2,0,0
gen_01833,2,-7.565,3.120,4.686,inf,2,0,0
gen_01833,3,-7.470,2.783,4.649,inf,2,0,0
gen_01833,4,-7.449,2.737,4.478,inf,2,0,0
gen_01833,5,-7.449,2.814,4.542,inf,2,0,0
gen_01833,6,-7.363,2.827,4.488,inf,2,0,0
gen_01833,7,-7.295,2.758,4.552,inf,2,0,0
gen_01833,8,-7.271,2.731,4.481,inf,2,0,0
gen_01834,1,-7.465,2.723,4.335,4.891,2,1,0
gen_01834,2,-7.464,2.734,4.354,4.921,2,1,0
gen_01834,3,-7.343,2.762,4.232,4.945,2,1,0
gen_01835,1,-6.416,3.167,4.332,inf,2,0,0
gen_01835,2,-6.348,2.830,4.349,inf,2,0,0
gen_01835,3,-6.283,2.850,4.339,inf,2,0,0
gen_01835,4,-6.265,3.147,4.335,inf,2,0,0
gen_01835,5,-6.174,3.890,4.450,inf,2,0,0
gen_01835,6,-6.088,3.769,5.295,inf,2,0,0
gen_01835,7,-6.084,8.384,9.738,inf,2,0,0
gen_01835,8,-6.078,3.764,5.269,inf,2,0,0
gen_01835,9,-6.033,8.211,9.629,inf,2,0,0
gen_01835,10,-5.899,3.917,5.376,inf,2,0,0
gen_01836,1,-8.531,2.773,4.520,inf,2,0,0
gen_01836,2,-8.478,2.774,4.486,inf,2,0,0
gen_01836,3,-8.475,2.748,4.471,inf,2,0,0
gen_01836,4,-7.047,3.683,4.542,inf,2,0,0
gen_01837,1,-7.677,12.443,12.984,inf,2,0,0
gen_01837,2,-7.637,12.692,12.829,inf,2,0,0
gen_01837,3,-7.603,12.427,12.968,inf,2,0,0
gen_01838,1,-8.276,2.770,4.131,inf,2,0,0
gen_01838,2,-8.263,2.729,4.113,inf,2,0,0
gen_01839,1,-8.183,2.734,4.487,inf,2,0,0
gen_01839,2,-8.164,2.795,4.535,inf,2,0,0
gen_01839,3,-8.019,2.795,4.480,inf,2,0,0
gen_01840,1,-8.243,2.707,4.390,inf,2,0,0
gen_01840,2,-8.238,2.710,4.398,inf,2,0,0
gen_01841,1,-7.032,2.719,3.935,inf,2,0,0
gen_01841,2,-7.006,2.730,4.408,inf,2,0,0
gen_01841,3,-6.981,2.696,4.181,inf,2,0,0
gen_01841,4,-6.941,2.702,4.064,inf,2,0,0
gen_01842,1,-8.116,2.802,4.466,inf,2,0,0
gen_01842,2,-8.111,2.805,4.478,inf,2,0,0
gen_01842,3,-8.091,2.799,4.464,inf,2,0,0
gen_01842,4,-8.090,2.284,2.661,inf,2,0,0
gen_01843,1,-8.430,3.455,4.402,4.191,2,1,0
gen_01843,2,-8.423,3.493,4.372,4.153,2,1,0
gen_01843,3,-8.376,3.796,4.420,3.746,2,1,0
gen_01843,4,-8.249,3.374,4.353,4.307,2,1,0
gen_01843,5,-8.202,3.303,4.383,4.343,2,1,0
gen_01843,6,-8.179,3.656,4.264,4.044,2,1,0
gen_01843,7,-8.114,3.553,4.262,4.149,2,1,0
gen_01843,8,-7.811,3.779,4.389,4.148,2,1,0
gen_01843,9,-7.690,4.518,4.634,3.358,2,1,0
gen_01843,10,-7.648,4.633,5.506,3.793,2,1,0
gen_01844,1,-7.592,8.352,8.603,inf,2,0,0
gen_01844,2,-7.580,2.308,2.674,inf,2,0,0
gen_01844,3,-7.536,8.398,8.707,inf,2,0,0
gen_01845,1,-7.664,2.664,4.470,inf,4,0,0
gen_01845,2,-7.652,2.659,4.469,inf,4,0,0
gen_01845,3,-7.638,2.651,4.445,inf,4,0,0
gen_01845,4,-7.631,2.664,4.460,inf,4,0,0
gen_01845,5,-7.627,2.684,4.432,inf,4,0,0
gen_01845,6,-7.592,2.616,4.463,inf,4,0,0
gen_01845,7,-7.549,2.679,4.489,inf,4,0,0
gen_01845,8,-7.536,2.657,4.318,inf,4,0,0
gen_01846,1,-7.111,2.432,2.746,inf,2,0,0
gen_01846,2,-7.107,2.447,2.737,inf,2,0,0
gen_01846,3,-7.085,2.473,2.699,inf,2,0,0
gen_01846,4,-7.063,2.464,2.622,inf,2,0,0
gen_01847,1,-7.722,2.768,4.226,4.822,2,1,0
gen_01847,2,-7.720,2.789,4.286,4.815,2,1,0
gen_01847,3,-7.691,2.723,4.243,4.775,2,1,0
gen_01847,4,-7.678,2.726,4.170,4.823,2,1,0
gen_01847,5,-7.671,2.761,4.186,4.873,2,1,0
gen_01848,1,-7.633,2.740,4.433,3.045,2,1,1
gen_01848,2,-7.617,2.728,4.410,3.065,2,1,1
gen_01849,1,-7.358,2.716,3.772,inf,2,0,0
gen_01849,2,-7.306,2.760,3.798,inf,2,0,0
gen_01849,3,-7.258,2.762,3.766,inf,2,0,0
gen_01850,1,-8.409,2.800,4.505,6.425,2,2,0
gen_01850,2,-8.385,2.836,4.482,6.533,2,2,0
gen_01850,3,-8.358,2.829,4.480,6.529,2,2,0
gen_01850,4,-8.323,2.736,4.682,6.447,2,2,0
gen_01851,1,-7.629,2.418,2.716,inf,4,0,0
gen_01852,1,-7.120,2.788,4.554,inf,2,0,0
gen_01852,2,-7.026,2.792,4.431,inf,2,0,0
gen_01853,1,-7.536,2.826,4.353,inf,2,0,0
gen_01853,2,-7.533,2.770,4.288,inf,2,0,0
gen_01854,1,-7.640,2.718,4.329,inf,2,0,0
gen_01854,2,-7.612,2.700,4.355,inf,2,0,0
gen_01854,3,-7.602,2.720,4.325,inf,2,0,0
gen_01854,4,-7.588,2.748,4.365,inf,2,0,0
gen_01854,5,-7.448,2.692,4.324,inf,2,0,0
gen_01854,6,-7.440,2.716,4.316,inf,2,0,0
gen_01854,7,-7.420,2.620,4.302,inf,2,0,0
gen_01855,1,-6.821,2.736,4.458,inf,2,0,0
gen_01855,2,-6.805,2.821,4.494,inf,2,0,0
gen_01855,3,-6.790,2.843,4.510,inf,2,0,0
gen_01855,4,-6.781,2.735,4.436,inf,2,0,0
gen_01855,5,-6.744,2.779,4.441,inf,2,0,0
gen_01856,1,-7.216,2.762,3.337,7.297,2,1,0
gen_01856,2,-7.197,2.721,2.988,7.188,2,1,0
gen_01856,3,-7.152,3.990,4.421,8.032,2,1,0
gen_01856,4,-7.135,2.760,3.398,7.406,2,1,0
gen_01856,5,-7.095,3.936,4.378,8.076,2,1,0
gen_01857,1,-7.162,2.850,4.606,3.526,4,1,0
gen_01858,1,-7.780,2.651,4.473,inf,2,0,0
gen_01858,2,-7.729,2.592,4.521,inf,2,0,0
gen_01859,1,-6.620,2.707,4.462,inf,2,0,0
gen_01859,2,-6.601,2.761,4.498,inf,2,0,0
gen_01860,1,-8.080,2.660,4.495,inf,2,0,0
gen_01861,1,-7.093,8.860,9.707,inf,2,0,0
gen_01861,2,-7.092,8.977,9.616,inf,2,0,0
gen_01861,3,-7.086,8.674,9.858,inf,2,0,0
gen_01861,4,-7.077,8.891,9.562,inf,2,0,0
gen_01861,5,-7.037,15.139,16.364,inf,2,0,0
gen_01861,6,-7.020,9.207,9.455,inf,2,0,0
gen_01861,7,-7.007,14.949,15.655,inf,2,0,0
gen_01861,8,-7.003,15.033,15.600,inf,2,0,0
gen_01861,9,-6.998,13.752,14.236,inf,2,0,0
gen_01861,10,-6.969,14.952,16.318,inf,2,0,0
gen_01861,11,-6.926,8.151,9.915,inf,2,0,0
gen_01861,12,-6.918,15.487,15.817,inf,2,0,0
gen_01861,13,-6.855,12.435,12.832,inf,2,0,0
gen_01862,1,-149.348,6.919,8.983,inf,2,0,0
gen_01862,2,-146.450,12.331,13.348,inf,2,0,0
gen_01862,3,-145.533,15.157,15.532,inf,2,0,0
gen_01863,1,-8.676,2.654,4.451,inf,2,0,0
gen_01863,2,-8.671,2.649,4.452,inf,2,0,0
gen_01863,3,-8.645,2.735,4.242,inf,2,0,0
gen_01863,4,-8.610,2.731,4.249,inf,2,0,0
gen_01864,1,-8.345,2.664,4.411,inf,2,0,0
gen_01864,2,-8.140,2.664,4.509,inf,2,0,0
gen_01864,3,-7.921,2.549,4.216,inf,2,0,0
gen_01864,4,-7.911,2.763,4.397,inf,2,0,0
gen_01864,5,-7.892,2.286,2.785,inf,2,0,0
gen_01864,6,-7.888,2.730,4.427,inf,2,0,0
gen_01864,7,-7.860,2.735,4.409,inf,2,0,0
gen_01865,1,-8.430,2.767,4.481,inf,4,0,0
gen_01865,2,-8.412,2.782,4.538,inf,4,0,0
gen_01866,1,-7.233,4.054,5.055,inf,2,0,0
gen_01866,2,-7.215,4.133,5.007,inf,2,0,0
gen_01866,3,-7.181,4.250,5.104,inf,2,0,0
gen_01867,1,-7.386,4.371,4.373,inf,2,0,0
gen_01867,2,-7.369,4.270,4.403,inf,2,0,0
gen_01868,1,-7.998,2.817,4.665,inf,2,0,0
gen_01868,2,-7.950,3.075,4.573,inf,2,0,0
gen_01869,1,-7.989,3.969,5.300,5.307,2,1,0
gen_01869,2,-7.949,3.924,5.314,5.154,2,1,0
gen_01869,3,-7.948,8.922,9.553,4.543,2,1,0
gen_01869,4,-7.931,9.112,9.369,4.537,2,1,0
gen_01869,5,-7.927,3.954,5.278,5.117,2,1,0
gen_01869,6,-7.913,8.893,9.640,4.606,2,1,0
gen_01870,1,-8.254,2.558,4.447,inf,2,0,0
gen_01870,2,-8.205,2.697,3.608,inf,2,0,0
gen_01870,3,-8.102,2.551,4.463,inf,2,0,0
gen_01870,4,-8.053,2.705,3.735,inf,2,0,0
gen_01871,1,-7.540,2.399,4.244,inf,2,0,0
gen_01871,2,-7.532,2.429,4.307,inf,2,0,0
gen_01871,3,-7.511,2.269,4.175,inf,2,0,0
gen_01871,4,-7.509,2.422,4.438,inf,2,0,0
gen_01871,5,-7.504,2.413,4.298,inf,2,0,0
gen_01871,6,-7.479,2.434,4.439,inf,2,0,0
gen_01871,7,-7.474,2.495,4.372,inf,2,0,0
gen_01872,1,-7.746,2.659,2.733,inf,2,0,0
gen_01872,2,-7.739,2.536,2.775,inf,2,0,0
gen_01872,3,-7.737,2.626,2.738,inf,2,0,0
gen_01873,1,-7.885,2.284,4.505,inf,2,0,0
gen_01873,2,-7.861,2.310,4.524,inf,2,0,0
gen_01873,3,-7.830,2.557,2.684,inf,2,0,0
gen_01873,4,-7.827,2.573,2.659,inf,2,0,0
gen_01873,5,-7.806,2.285,4.510,inf,2,0,0
gen_01874,1,-7.897,2.702,4.265,inf,2,0,0
gen_01874,2,-7.878,2.812,4.395,inf,2,0,0
gen_01875,1,-7.665,2.372,4.519,inf,2,0,0
gen_01875,2,-7.654,2.288,4.449,inf,2,0,0
gen_01875,3,-7.636,2.238,4.423,inf,2,0,0
gen_01875,4,-7.622,2.215,4.356,inf,2,0,0
gen_01875,5,-7.578,2.209,4.402,inf,2,0,0
gen_01876,1,-8.644,14.434,14.516,5.193,2,1,0
gen_01876,2,-8.580,14.259,14.669,5.185,2,1,0
gen_01877,1,-7.778,2.172,4.395,inf,2,0,0
gen_01877,2,-7.775,2.242,4.448,inf,2,0,0
gen_01877,3,-7.646,2.249,4.402,inf,2,0,0
gen_01877,4,-7.641,2.205,4.424,inf,2,0,0
gen_01877,5,-7.640,2.217,4.374,inf,2,0,0
gen_01878,1,-7.829,2.713,4.392,inf,2,0,0
gen_01879,1,-6.918,2.640,4.367,inf,2,0,0
gen_01879,2,-6.901,2.672,4.356,inf,2,0,0
gen_01879,3,-6.868,2.617,4.294,inf,2,0,0
gen_01880,1,-6.687,2.713,4.416,inf,2,0,0
gen_01880,2,-6.672,2.738,4.449,inf,2,0,0
gen_01880,3,-6.671,2.716,4.462,inf,2,0,0
gen_01880,4,-6.665,2.734,4.436,inf,2,0,0
gen_01881,1,-6.375,2.415,2.475,inf,2,0,0
gen_01881,2,-6.319,2.773,4.293,inf,2,0,0
gen_01882,1,-7.463,2.830,4.326,inf,2,0,0
gen_01882,2,-7.365,2.805,4.267,inf,2,0,0
gen_01883,1,-7.468,2.771,4.307,inf,2,0,0
gen_01883,2,-7.157,2.795,4.368,inf,2,0,0
gen_01884,1,-7.587,2.209,4.408,inf,2,0,0
gen_01884,2,-7.579,2.266,4.406,inf,2,0,0
gen_01884,3,-7.570,2.266,4.401,inf,2,0,0
gen_01884,4,-7.557,2.312,4.468,inf,2,0,0
gen_01884,5,-7.544,4.524,4.864,inf,2,0,0
gen_01884,6,-7.535,4.584,4.919,inf,2,0,0
gen_01884,7,-7.519,2.338,4.472,inf,2,0,0
gen_01884,8,-7.499,4.539,4.974,inf,2,0,0
gen_01884,9,-7.300,16.477,16.809,inf,2,0,0
gen_01884,10,-7.298,2.877,4.621,inf,2,0,0
gen_01885,1,-7.067,2.787,4.428,inf,2,0,0
gen_01885,2,-7.022,2.699,4.268,inf,2,0,0
gen_01885,3,-6.982,2.757,4.418,inf,2,0,0
gen_01885,4,-6.888,2.799,4.564,inf,2,0,0
gen_01885,5,-6.876,2.830,4.509,inf,2,0,0
gen_01885,6,-6.830,2.806,4.667,inf,2,0,0
gen_01886,1,-7.101,2.668,2.713,inf,4,0,0
gen_01886,2,-7.086,2.622,4.260,inf,4,0,0
gen_01886,3,-7.079,2.664,4.242,inf,4,0,0
gen_01886,4,-7.060,2.602,4.371,inf,4,0,0
gen_01886,5,-7.038,2.640,2.748,inf,4,0,0
gen_01886,6,-6.929,2.880,4.540,inf,4,0,0
gen_01886,7,-6.924,2.768,4.571,inf,4,0,0
gen_01886,8,-6.890,2.327,3.628,inf,4,0,0
gen_01887,1,-7.032,2.644,4.436,inf,2,0,0
gen_01887,2,-7.004,2.661,4.497,inf,2,0,0
gen_01887,3,-6.998,2.699,4.429,inf,2,0,0
gen_01887,4,-6.980,2.764,4.563,inf,2,0,0
gen_01887,5,-6.969,2.835,4.590,inf,2,0,0
gen_01887,6,-6.921,2.734,4.406,inf,2,0,0
gen_01888,1,-7.652,2.815,4.439,inf,2,0,0
gen_01888,2,-7.644,2.843,4.346,inf,2,0,0
gen_01889,1,-6.260,2.794,4.281,6.348,2,1,0
gen_01890,1,-7.264,2.740,4.433,inf,2,0,0
gen_01890,2,-7.231,2.743,4.424,inf,2,0,0
gen_01890,3,-7.225,2.751,4.489,inf,2,0,0
gen_01890,4,-7.198,2.778,4.475,inf,2,0,0
gen_01890,5,-7.176,2.731,4.522,inf,2,0,0
gen_01890,6,-7.003,2.741,4.472,inf,2,0,0
gen_01890,7,-6.972,2.772,4.463,inf,2,0,0
gen_01891,1,-8.011,3.862,4.770,inf,2,0,0
gen_01891,2,-7.992,3.844,4.798,inf,2,0,0
gen_01891,3,-7.872,2.829,4.591,inf,2,0,0
gen_01892,1,-7.707,3.880,5.319,4.130,2,1,0
gen_01892,2,-7.679,3.914,5.285,4.200,2,1,0
gen_01893,1,-8.239,4.348,4.883,inf,2,0,0
gen_01893,2,-8.234,3.908,5.112,inf,2,0,0
gen_01893,3,-8.223,3.926,5.040,inf,2,0,0
gen_01893,4,-8.192,3.731,5.047,inf,2,0,0
gen_01894,1,-7.210,5.302,5.345,inf,4,0,0
gen_01894,2,-7.196,5.220,5.327,inf,4,0,0
gen_01894,3,-7.196,5.284,5.365,inf,4,0,0
gen_01894,4,-7.191,5.268,5.278,inf,4,0,0
gen_01894,5,-7.091,5.173,5.195,inf,4,0,0
gen_01895,1,-7.112,8.609,9.280,3.980,2,1,0
gen_01895,2,-7.045,8.631,9.876,4.193,2,1,0
gen_01895,3,-7.040,8.401,9.759,4.071,2,1,0
gen_01895,4,-7.039,8.669,9.918,4.221,2,1,0
gen_01895,5,-7.027,8.487,9.749,4.060,2,1,0
gen_01895,6,-7.020,8.683,10.080,4.182,2,1,0
gen_01895,7,-7.007,8.627,10.112,4.128,2,1,0
gen_01895,8,-6.991,8.702,9.911,4.158,2,1,0
gen_01895,9,-6.989,8.654,9.940,4.120,2,1,0
gen_01896,1,-7.065,2.207,3.374,7.052,2,1,0
gen_01896,2,-6.697,2.405,4.433,3.447,2,1,1
gen_01897,1,-7.242,2.447,4.547,inf,2,0,0
gen_01897,2,-7.228,2.248,4.406,inf,2,0,0
gen_01897,3,-7.220,2.299,4.480,inf,2,0,0
gen_01897,4,-7.194,2.355,4.516,inf,2,0,0
gen_01897,5,-7.180,2.220,4.386,inf,2,0,0
gen_01897,6,-7.171,2.322,4.509,inf,2,0,0
gen_01897,7,-7.147,2.316,4.459,inf,2,0,0
gen_01897,8,-6.830,2.749,4.279,inf,2,0,0
gen_01898,1,-8.060,2.275,2.950,inf,2,0,0
gen_01898,2,-8.056,2.321,3.003,inf,2,0,0
gen_01898,3,-8.056,2.316,2.997,inf,2,0,0
gen_01899,1,-6.831,3.294,4.493,7.452,2,3,0
gen_01900,1,-7.179,2.186,4.374,5.799,2,1,0
gen_01900,2,-7.075,5.993,6.168,8.431,2,1,0
gen_01901,1,-8.017,4.071,4.625,inf,2,0,0
gen_01901,2,-7.974,4.213,4.510,inf,2,0,0
gen_01901,3,-7.956,2.682,3.791,inf,2,0,0
gen_01901,4,-7.942,4.150,4.646,inf,2,0,0
gen_01901,5,-7.918,4.246,4.625,inf,2,0,0
gen_01901,6,-7.789,2.705,3.831,inf,2,0,0
gen_01901,7,-7.750,2.474,3.639,inf,2,0,0
gen_01901,8,-7.532,14.549,14.994,inf,2,0,0
gen_01902,1,-6.983,2.331,4.416,inf,2,0,0
gen_01902,2,-6.943,2.306,4.333,inf,2,0,0
gen_01902,3,-6.932,2.327,4.375,inf,2,0,0
gen_01902,4,-6.703,2.233,4.382,inf,2,0,0
gen_01902,5,-6.677,2.399,4.498,inf,2,0,0
gen_01903,1,-6.824,14.878,16.368,inf,2,0,0
gen_01903,2,-6.808,14.663,16.321,inf,2,0,0
gen_01904,1,-8.019,3.012,4.592,inf,2,0,0
gen_01904,2,-7.992,2.878,4.509,inf,2,0,0
gen_01904,3,-7.977,2.952,4.539,inf,2,0,0
gen_01904,4,-7.947,2.827,4.510,inf,2,0,0
gen_01904,5,-7.940,2.785,4.455,inf,2,0,0
gen_01904,6,-7.832,2.783,4.427,inf,2,0,0
gen_01904,7,-7.829,2.855,4.339,inf,2,0,0
gen_01905,1,-7.731,2.755,4.433,inf,2,0,0
gen_01905,2,-7.696,2.751,4.294,inf,2,0,0
gen_01906,1,-8.305,2.465,4.269,inf,2,0,0
gen_01906,2,-8.276,2.636,3.810,inf,2,0,0
gen_01907,1,-7.333,2.806,3.742,4.759,2,1,0
gen_01907,2,-7.320,2.759,3.684,4.810,2,1,0
gen_01907,3,-7.114,7.245,8.002,3.924,2,1,0
gen_01908,1,-7.890,8.674,9.178,4.153,2,1,0
gen_01908,2,-7.855,8.631,9.177,4.127,2,1,0
gen_01908,3,-7.854,8.666,9.175,4.122,2,1,0
gen_01908,4,-7.847,8.640,9.174,4.112,2,1,0
gen_01908,5,-7.844,8.624,9.181,4.115,2,1,0
gen_01908,6,-7.839,8.664,9.164,4.120,2,1,0
gen_01908,7,-7.831,8.634,9.140,4.154,2,1,0
gen_01908,8,-7.828,8.677,9.205,4.137,2,1,0
gen_01908,9,-7.809,8.642,9.137,4.077,2,1,0
gen_01908,10,-7.808,8.691,9.130,4.108,2,1,0
gen_01908,11,-7.794,8.586,9.196,4.085,2,1,0
gen_01908,12,-7.662,8.529,9.234,4.088,2,1,0
gen_01908,13,-7.659,10.907,12.490,5.311,2,1,0
gen_01909,1,-6.924,13.113,14.062,inf,2,0,0
gen_01909,2,-6.906,12.812,13.692,inf,2,0,0
gen_01909,3,-6.895,12.785,13.659,inf,2,0,0
gen_01909,4,-6.894,12.622,13.691,inf,2,0,0
gen_01909,5,-6.892,12.767,13.804,inf,2,0,0
gen_01909,6,-6.877,12.809,13.727,inf,2,0,0
gen_01909,7,-6.876,12.709,13.756,inf,2,0,0
gen_01910,1,-6.106,2.681,3.267,inf,2,0,0
gen_01910,2,-6.049,2.454,2.801,inf,2,0,0
gen_01910,3,-6.048,2.709,3.006,inf,2,0,0
gen_01911,1,-7.864,2.790,4.444,inf,2,0,0
gen_01911,2,-7.767,4.161,4.790,inf,2,0,0
gen_01911,3,-7.692,3.423,4.314,inf,2,0,0
gen_01911,4,-7.682,3.894,4.611,inf,2,0,0
gen_01911,5,-7.650,3.094,3.778,inf,2,0,0
gen_01912,1,-7.212,2.805,4.303,inf,2,0,0
gen_01913,1,-6.253,2.772,4.437,inf,2,0,0
gen_01913,2,-6.234,2.817,4.517,inf,2,0,0
gen_01914,1,-7.725,2.661,4.267,inf,2,0,0
gen_01914,2,-7.707,2.703,4.363,inf,2,0,0
gen_01914,3,-7.665,2.742,4.385,inf,2,0,0
gen_01914,4,-7.568,2.684,4.349,inf,2,0,0
gen_01914,5,-7.549,2.875,4.505,inf,2,0,0
gen_01914,6,-7.547,2.637,4.353,inf,2,0,0
gen_01914,7,-7.536,2.787,4.491,inf,2,0,0
gen_01914,8,-7.509,2.948,4.382,inf,2,0,0
gen_01914,9,-7.484,2.707,3.874,inf,2,0,0
gen_01914,10,-7.418,2.804,4.629,inf,2,0,0
gen_01914,11,-7.344,2.780,4.382,inf,2,0,0
gen_01915,1,-7.704,3.232,3.745,inf,2,0,0
gen_01915,2,-7.675,3.220,3.777,inf,2,0,0
gen_01915,3,-7.519,2.820,3.748,inf,2,0,0
gen_01916,1,-7.439,2.731,4.379,inf,4,0,0
gen_01916,2,-7.394,2.734,4.336,inf,4,0,0
gen_01917,1,-8.020,16.362,16.965,3.437,2,2,0
gen_01917,2,-8.002,15.357,15.978,4.358,2,2,0
gen_01917,3,-7.994,17.013,17.077,3.132,2,2,0
gen_01917,4,-7.926,14.695,15.401,4.747,2,2,0
gen_01917,5,-7.903,17.031,17.054,3.106,2,2,0
gen_01918,1,-6.986,3.371,4.304,inf,2,0,0
gen_01919,1,-7.478,3.834,5.195,inf,2,0,0
gen_01919,2,-7.439,3.854,5.293,inf,2,0,0
gen_01920,1,-112.938,11.298,12.249,inf,2,0,0
gen_01921,1,-7.361,2.725,4.533,inf,2,0,0
gen_01921,2,-7.349,2.764,4.595,inf,2,0,0
gen_01921,3,-7.333,2.771,4.525,inf,2,0,0
gen_01921,4,-7.332,2.792,4.482,inf,2,0,0
gen_01922,1,-7.515,2.713,4.366,inf,2,0,0
gen_01922,2,-7.474,2.735,4.394,inf,2,0,0
gen_01923,1,-7.722,2.773,4.517,inf,2,0,0
gen_01924,1,-7.967,2.420,2.661,inf,2,0,0
gen_01924,2,-7.895,2.387,2.622,inf,2,0,0
gen_01924,3,-7.825,2.575,2.603,inf,2,0,0
gen_01924,4,-7.719,2.531,2.633,inf,2,0,0
gen_01925,1,-7.278,2.497,2.756,inf,2,0,0
gen_01925,2,-7.266,2.561,2.721,inf,2,0,0
gen_01926,1,-6.957,2.742,4.389,inf,2,0,0
gen_01926,2,-6.904,2.643,4.432,inf,2,0,0
gen_01926,3,-6.874,9.307,10.431,inf,2,0,0
gen_01926,4,-6.846,9.159,10.416,inf,2,0,0
gen_01926,5,-6.827,8.991,10.487,inf,2,0,0
gen_01926,6,-6.822,8.915,10.462,inf,2,0,0
gen_01927,1,-7.136,2.669,4.411,inf,2,0,0
gen_01928,1,-7.206,3.183,4.384,inf,4,0,0
gen_01928,2,-7.187,3.207,4.416,inf,4,0,0
gen_01929,1,-6.350,2.751,4.495,inf,2,0,0
gen_01929,2,-6.303,2.714,4.467,inf,2,0,0
gen_01930,1,-8.250,2.407,2.536,inf,2,0,0
gen_01930,2,-8.240,2.441,2.554,inf,2,0,0
gen_01930,3,-8.232,2.426,2.560,inf,2,0,0
gen_01930,4,-8.183,2.429,2.590,inf,2,0,0
gen_01931,1,-7.187,2.784,4.593,inf,2,0,0
gen_01931,2,-7.107,2.759,4.495,inf,2,0,0
gen_01931,3,-7.080,2.782,4.489,inf,2,0,0
gen_01931,4,-7.039,2.790,4.401,inf,2,0,0
gen_01931,5,-7.008,2.941,4.607,inf,2,0,0
gen_01931,6,-6.983,2.753,4.459,inf,2,0,0
gen_01932,1,-7.144,2.846,4.447,inf,2,0,0
gen_01932,2,-7.124,2.861,4.434,inf,2,0,0
gen_01932,3,-6.984,3.273,4.437,inf,2,0,0
gen_01932,4,-6.934,3.531,4.421,inf,2,0,0
gen_01932,5,-6.885,3.318,4.440,inf,2,0,0
gen_01932,6,-6.770,2.843,4.454,inf,2,0,0
gen_01933,1,-6.715,3.331,3.574,inf,2,0,0
gen_01933,2,-6.711,3.332,3.592,inf,2,0,0
gen_01933,3,-6.657,3.296,3.644,inf,2,0,0
gen_01934,1,-7.102,3.763,4.534,inf,2,0,0
gen_01934,2,-6.999,3.946,4.477,inf,2,0,0
gen_01935,1,-7.200,3.130,4.578,inf,2,0,0
gen_01935,2,-7.068,2.575,4.421,inf,2,0,0
gen_01935,3,-7.057,2.740,4.407,inf,2,0,0
gen_01935,4,-7.051,2.736,4.395,inf,2,0,0
gen_01935,5,-7.036,10.444,10.894,inf,2,0,0
gen_01935,6,-7.025,2.803,4.478,inf,2,0,0
gen_01935,7,-7.005,2.763,4.471,inf,2,0,0
gen_01935,8,-6.994,2.766,4.449,inf,2,0,0
gen_01935,9,-6.936,2.946,4.428,inf,2,0,0
gen_01935,10,-6.918,2.841,4.402,inf,2,0,0
gen_01936,1,-7.613,2.663,4.393,inf,2,0,0
gen_01936,2,-7.594,2.678,4.380,inf,2,0,0
gen_01937,1,-6.494,2.816,4.519,5.377,2,1,0
gen_01938,1,-8.337,2.806,4.531,3.713,2,1,0
gen_01938,2,-8.325,2.784,4.509,3.781,2,1,0
gen_01939,1,-7.035,2.687,4.344,inf,2,0,0
gen_01939,2,-6.973,2.694,4.392,inf,2,0,0
gen_01940,1,-8.129,2.781,4.501,inf,2,0,0
gen_01940,2,-8.126,2.755,4.485,inf,2,0,0
gen_01940,3,-8.120,2.819,4.498,inf,2,0,0
gen_01940,4,-8.083,2.812,4.499,inf,2,0,0
gen_01941,1,-7.395,2.815,4.311,inf,2,0,0
gen_01942,1,-7.841,2.723,4.577,inf,4,0,0
gen_01943,1,-7.651,2.466,4.373,inf,2,0,0
gen_01943,2,-7.639,2.384,4.333,inf,2,0,0
gen_01943,3,-7.606,2.343,4.315,inf,2,0,0
gen_01943,4,-7.475,2.498,4.323,inf,2,0,0
gen_01943,5,-7.431,2.475,4.389,inf,2,0,0
gen_01943,6,-7.304,15.023,15.633,inf,2,0,0
gen_01943,7,-7.298,15.065,15.627,inf,2,0,0
gen_01944,1,-7.339,2.309,4.529,inf,4,0,0
gen_01944,2,-7.265,2.210,4.439,inf,4,0,0
gen_01945,1,-7.289,7.819,7.979,inf,2,0,0
gen_01945,2,-7.129,2.612,2.685,inf,2,0,0
gen_01946,1,-7.870,2.659,4.435,inf,2,0,0
gen_01946,2,-7.833,2.284,4.451,inf,2,0,0
gen_01946,3,-7.823,2.240,4.419,inf,2,0,0
gen_01946,4,-7.778,2.668,4.504,inf,2,0,0
gen_01946,5,-7.721,2.726,4.654,inf,2,0,0
gen_01946,6,-7.713,2.760,4.581,inf,2,0,0
gen_01946,7,-7.684,2.662,4.602,inf,2,0,0
gen_01947,1,-7.506,2.720,4.431,3.142,2,1,1
gen_01948,1,-7.955,2.470,3.651,inf,2,0,0
gen_01948,2,-7.916,2.481,3.560,inf,2,0,0
gen_01948,3,-7.735,2.605,3.854,inf,2,0,0
gen_01948,4,-7.596,2.749,2.777,inf,2,0,0
gen_01949,1,-6.930,2.749,4.432,inf,2,0,0
gen_01949,2,-6.841,2.846,4.485,inf,2,0,0
gen_01949,3,-6.789,2.627,2.794,inf,2,0,0
gen_01950,1,-7.412,2.532,3.970,inf,2,0,0
gen_01950,2,-7.397,2.576,4.042,inf,2,0,0
gen_01951,1,-7.795,9.936,10.209,inf,2,0,0
gen_01951,2,-7.793,10.055,10.239,inf,2,0,0
gen_01951,3,-7.687,9.803,10.219,inf,2,0,0
gen_01952,1,-7.611,2.975,4.715,inf,2,0,0
gen_01952,2,-7.609,2.767,4.594,inf,2,0,0
gen_01953,1,-7.461,2.809,4.487,inf,2,0,0
gen_01953,2,-7.426,2.803,4.513,inf,2,0,0
gen_01954,1,-7.708,3.283,4.482,inf,2,0,0
gen_01954,2,-7.690,3.031,4.596,inf,2,0,0
gen_01954,3,-7.645,3.353,4.499,inf,2,0,0
gen_01954,4,-7.636,3.072,4.621,inf,2,0,0
gen_01954,5,-7.616,3.019,4.606,inf,2,0,0
gen_01954,6,-7.613,3.337,4.499,inf,2,0,0
gen_01955,1,-8.240,2.735,4.370,inf,4,0,0
gen_01955,2,-8.224,2.682,4.211,inf,4,0,0
gen_01956,1,-8.041,3.401,4.372,inf,2,0,0
gen_01956,2,-8.018,3.332,4.490,inf,2,0,0
gen_01956,3,-8.018,3.338,4.388,inf,2,0,0
gen_01956,4,-8.001,3.424,4.351,inf,2,0,0
gen_01956,5,-7.999,3.461,4.351,inf,2,0,0
gen_01956,6,-7.984,3.465,4.373,inf,2,0,0
gen_01956,7,-7.965,3.315,4.525,inf,2,0,0
gen_01956,8,-7.947,3.263,4.296,inf,2,0,0
gen_01956,9,-7.946,3.326,4.359,inf,2,0,0
gen_01956,10,-7.870,2.771,4.386,inf,2,0,0
gen_01956,11,-7.833,3.028,4.529,inf,2,0,0
gen_01957,1,-7.587,2.742,4.213,inf,2,0,0
gen_01957,2,-7.563,2.727,3.942,inf,2,0,0
gen_01957,3,-7.542,2.761,3.961,inf,2,0,0
gen_01957,4,-7.516,2.682,4.125,inf,2,0,0
gen_01958,1,-7.511,2.711,4.565,inf,2,0,0
gen_01958,2,-7.501,2.754,4.534,inf,2,0,0
gen_01958,3,-7.498,2.749,4.529,inf,2,0,0
gen_01958,4,-7.489,2.709,4.546,inf,2,0,0
gen_01958,5,-7.482,2.733,4.418,inf,2,0,0
gen_01958,6,-7.468,2.732,4.469,inf,2,0,0
gen_01958,7,-7.466,2.722,4.492,inf,2,0,0
gen_01958,8,-7.462,2.753,4.560,inf,2,0,0
gen_01958,9,-7.439,2.761,4.569,inf,2,0,0
gen_01958,10,-7.387,2.731,4.478,inf,2,0,0
gen_01958,11,-7.290,2.817,4.507,inf,2,0,0
gen_01959,1,-7.486,2.341,3.237,inf,2,0,0
gen_01959,2,-7.457,2.426,3.176,inf,2,0,0
gen_01959,3,-7.431,2.377,3.337,inf,2,0,0
gen_01959,4,-7.406,2.384,3.329,inf,2,0,0
gen_01959,5,-7.394,2.420,3.219,inf,2,0,0
gen_01959,6,-7.374,2.658,3.095,inf,2,0,0
gen_01960,1,-7.948,2.707,4.165,inf,4,0,0
gen_01960,2,-7.862,2.726,4.195,inf,4,0,0
gen_01960,3,-7.817,2.687,4.158,inf,4,0,0
gen_01960,4,-7.729,2.318,4.384,inf,4,0,0
gen_01960,5,-7.675,2.444,4.486,inf,4,0,0
gen_01961,1,-7.751,2.816,4.387,inf,2,0,0
gen_01961,2,-7.734,2.785,4.436,inf,2,0,0
gen_01962,1,-7.685,10.504,12.044,inf,2,0,0
gen_01962,2,-7.651,10.635,12.086,inf,2,0,0
gen_01963,1,-6.269,2.705,3.358,inf,2,0,0
gen_01964,1,-7.617,2.412,2.728,inf,4,0,0
gen_01964,2,-7.566,2.370,2.749,inf,4,0,0
gen_01964,3,-7.521,2.233,2.839,inf,4,0,0
gen_01964,4,-7.513,2.431,2.782,inf,4,0,0
gen_01964,5,-7.441,2.415,2.821,inf,4,0,0
gen_01964,6,-7.420,2.471,2.749,inf,4,0,0
gen_01965,1,-7.947,2.734,4.461,6.042,2,1,0
gen_01965,2,-7.910,2.736,4.427,6.022,2,1,0
gen_01965,3,-7.831,2.727,4.467,5.227,2,1,0
gen_01966,1,-6.530,2.383,2.801,inf,2,0,0
gen_01966,2,-6.525,2.389,2.821,inf,2,0,0
gen_01966,3,-6.520,2.341,2.839,inf,2,0,0
gen_01966,4,-6.516,2.375,2.838,inf,2,0,0
gen_01966,5,-6.510,2.352,2.811,inf,2,0,0
gen_01966,6,-6.500,2.301,2.819,inf,2,0,0
gen_01966,7,-6.484,2.334,2.829,inf,2,0,0
gen_01966,8,-6.479,2.313,2.970,inf,2,0,0
gen_01967,1,-7.180,2.336,3.136,inf,2,0,0
gen_01967,2,-7.164,2.362,3.108,inf,2,0,0
gen_01967,3,-7.164,2.338,3.389,inf,2,0,0
gen_01967,4,-7.146,2.352,3.470,inf,2,0,0
gen_01968,1,-7.670,14.372,15.052,4.238,2,2,0
gen_01968,2,-7.639,14.409,15.010,4.353,2,2,0
gen_01968,3,-7.617,14.529,15.083,4.127,2,2,0
gen_01968,4,-7.545,14.438,15.555,4.148,2,2,0
gen_01968,5,-7.514,14.074,15.843,4.099,2,2,0
gen_01968,6,-7.503,14.237,15.839,4.039,2,2,0
gen_01968,7,-7.490,14.511,15.609,4.300,2,2,0
gen_01968,8,-7.420,2.792,4.516,3.647,2,2,0
gen_01969,1,-7.668,2.855,4.450,inf,2,0,0
gen_01969,2,-7.663,2.761,4.433,inf,2,0,0
gen_01970,1,-7.892,2.830,4.483,4.589,2,1,0
gen_01970,2,-7.866,2.746,4.413,4.604,2,1,0
gen_01971,1,-7.400,4.406,5.176,10.134,2,1,0
gen_01971,2,-7.395,2.828,4.358,10.477,2,1,0
gen_01971,3,-7.387,2.764,4.290,10.475,2,1,0
gen_01971,4,-7.381,4.532,5.107,10.185,2,1,0
gen_01971,5,-7.334,4.584,5.301,10.172,2,1,0
gen_01971,6,-7.334,2.686,4.445,10.717,2,1,0
gen_01971,7,-7.295,4.227,4.650,10.513,2,1,0
gen_01972,1,-7.515,2.684,4.396,inf,2,0,0
gen_01973,1,-7.518,2.706,4.347,2.856,2,2,1
gen_01973,2,-7.496,2.689,4.282,2.958,2,2,1
gen_01974,1,-7.044,2.592,2.742,inf,2,0,0
gen_01974,2,-6.973,2.290,4.409,inf,2,0,0
gen_01974,3,-6.911,2.614,4.675,inf,2,0,0
gen_01974,4,-6.899,2.322,4.505,inf,2,0,0
gen_01975,1,-6.484,10.033,10.708,inf,2,0,0
gen_01975,2,-6.466,10.072,10.748,inf,2,0,0
gen_01975,3,-6.408,9.985,10.482,inf,2,0,0
gen_01976,1,-6.905,3.004,4.643,inf,2,0,0
gen_01976,2,-6.876,2.805,4.628,inf,2,0,0
gen_01976,3,-6.679,2.866,4.549,inf,2,0,0
gen_01976,4,-6.563,2.626,4.415,inf,2,0,0
gen_01977,1,-7.717,2.867,4.387,inf,2,0,0
gen_01978,1,-6.996,2.775,4.314,inf,2,0,0
gen_01979,1,-7.614,2.507,2.775,inf,2,0,0
gen_01979,2,-7.586,2.544,2.778,inf,2,0,0
gen_01979,3,-7.576,2.541,2.731,inf,2,0,0
gen_01979,4,-7.536,2.538,2.857,inf,2,0,0
gen_01979,5,-7.523,2.501,2.831,inf,2,0,0
gen_01979,6,-7.501,2.450,2.862,inf,2,0,0
gen_01980,1,-6.896,2.688,4.393,inf,2,0,0
gen_01980,2,-6.883,2.674,4.375,inf,2,0,0
gen_01981,1,-7.228,2.658,4.428,inf,2,0,0
gen_01982,1,-8.615,2.329,4.389,inf,2,0,0
gen_01982,2,-8.588,2.414,4.394,inf,2,0,0
gen_01982,3,-8.550,2.185,4.357,inf,2,0,0
gen_01982,4,-8.519,2.289,4.389,inf,2,0,0
gen_01983,1,-7.865,15.297,15.609,inf,2,0,0
gen_01983,2,-7.850,15.299,15.608,inf,2,0,0
gen_01983,3,-7.850,15.454,15.455,inf,2,0,0
gen_01983,4,-7.764,15.260,15.614,inf,2,0,0
gen_01983,5,-7.689,15.061,15.738,inf,2,0,0
gen_01984,1,-7.153,9.739,10.558,inf,2,0,0
gen_01984,2,-7.139,9.693,10.598,inf,2,0,0
gen_01985,1,-7.638,2.558,4.369,inf,2,0,0
gen_01985,2,-7.638,2.496,4.313,inf,2,0,0
gen_01985,3,-7.570,2.476,4.282,inf,2,0,0
gen_01985,4,-7.532,2.471,4.382,inf,2,0,0
gen_01986,1,-7.135,2.596,4.348,inf,2,0,0
gen_01986,2,-7.126,2.658,4.382,inf,2,0,0
gen_01986,3,-7.085,2.677,4.434,inf,2,0,0
gen_01986,4,-7.075,2.677,4.361,inf,2,0,0
gen_01986,5,-7.070,2.675,4.314,inf,2,0,0
gen_01987,1,-7.742,2.734,4.307,5.171,2,1,0
gen_01987,2,-7.692,2.713,4.308,5.148,2,1,0
gen_01987,3,-7.300,2.777,4.486,4.865,2,1,0
gen_01987,4,-7.297,2.642,4.354,5.044,2,1,0
gen_01988,1,-7.022,2.277,2.610,inf,2,0,0
gen_01988,2,-7.004,2.300,2.600,inf,2,0,0
gen_01988,3,-6.975,2.313,2.570,inf,2,0,0
gen_01989,1,-6.843,2.742,4.384,inf,2,0,0
gen_01990,1,-7.742,2.616,2.699,3.657,2,1,0
gen_01990,2,-7.722,2.396,2.736,3.737,2,1,0
gen_01990,3,-7.511,14.957,15.859,3.016,2,1,0
gen_01991,1,-7.654,2.528,2.835,inf,4,0,0
gen_01991,2,-7.478,2.834,4.518,inf,4,0,0
gen_01992,1,-7.580,3.101,4.317,inf,2,0,0
gen_01992,2,-7.569,2.765,4.398,inf,2,0,0
gen_01992,3,-7.546,3.171,4.281,inf,2,0,0
gen_01993,1,-6.905,3.558,4.814,inf,4,0,0
gen_01993,2,-6.903,2.616,3.825,inf,4,0,0
gen_01993,3,-6.887,3.446,4.829,inf,4,0,0
gen_01993,4,-6.879,2.605,3.778,inf,4,0,0
gen_01993,5,-6.868,2.547,3.893,inf,4,0,0
gen_01993,6,-6.865,3.439,4.888,inf,4,0,0
gen_01993,7,-6.852,3.491,4.853,inf,4,0,0
gen_01993,8,-6.825,3.475,4.746,inf,4,0,0
gen_01993,9,-6.824,2.606,3.897,inf,4,0,0
gen_01993,10,-6.813,3.413,4.815,inf,4,0,0
gen_01993,11,-6.799,2.703,3.755,inf,4,0,0
gen_01993,12,-6.610,2.293,3.224,inf,4,0,0
gen_01994,1,-7.498,3.362,4.500,2.930,2,1,0
gen_01994,2,-7.494,2.794,4.395,3.156,2,1,1
gen_01994,3,-7.435,2.829,4.318,3.062,2,1,1
gen_01994,4,-7.411,2.771,4.288,3.094,2,1,1
gen_01995,1,-7.734,2.755,3.918,inf,2,0,0
gen_01995,2,-7.711,3.099,4.426,inf,2,0,0
gen_01995,3,-7.706,2.846,4.479,inf,2,0,0
gen_01995,4,-7.679,2.710,3.941,inf,2,0,0
gen_01995,5,-7.641,2.672,3.689,inf,2,0,0
gen_01995,6,-7.605,2.836,4.416,inf,2,0,0
gen_01996,1,-7.943,3.096,4.709,inf,2,0,0
gen_01996,2,-7.843,3.183,4.728,inf,2,0,0
gen_01996,3,-7.726,3.963,4.630,inf,2,0,0
gen_01996,4,-7.445,2.744,4.485,inf,2,0,0
gen_01997,1,-6.524,12.345,12.848,inf,2,0,0
gen_01998,1,-6.624,3.739,4.943,7.287,2,1,0
gen_01999,1,-6.787,4.506,4.760,inf,2,0,0
gen_01999,2,-6.776,4.578,4.790,inf,2,0,0
gen_01999,3,-6.746,4.640,4.836,inf,2,0,0
gen_02000,1,-6.783,2.784,4.416,inf,2,0,0
gen_02000,2,-6.781,2.795,4.451,inf,2,0,0
gen_02000,3,-6.771,2.837,4.470,inf,2,0,0
gen_02000,4,-6.764,2.822,4.455,inf,2,0,0
gen_02000,5,-6.755,2.773,4.421,inf,2,0,0
gen_02000,6,-6.728,2.866,4.401,inf,2,0,0
gen_02000,7,-6.710,2.767,4.368,inf,2,0,0
gen_02001,1,-8.182,2.535,4.238,inf,2,0,0
gen_02001,2,-8.177,2.726,4.098,inf,2,0,0
gen_02001,3,-8.151,3.062,4.181,inf,2,0,0
gen_02001,4,-8.115,2.868,4.197,inf,2,0,0
gen_02002,1,-7.283,3.193,4.562,inf,2,0,0
gen_02002,2,-7.210,3.216,4.591,inf,2,0,0
gen_02002,3,-7.041,2.811,4.404,inf,2,0,0
gen_02003,1,-7.081,2.272,4.373,inf,2,0,0
gen_02003,2,-7.012,2.266,4.337,inf,2,0,0
gen_02003,3,-6.923,2.363,4.520,inf,2,0,0
gen_02004,1,-8.458,2.714,4.473,inf,2,0,0
gen_02004,2,-8.373,2.765,4.520,inf,2,0,0
gen_02004,3,-8.344,2.731,4.469,inf,2,0,0
gen_02004,4,-8.342,2.717,4.412,inf,2,0,0
gen_02005,1,-8.048,15.467,16.268,2.954,2,1,0
gen_02005,2,-8.003,15.534,15.980,2.989,2,1,0
gen_02005,3,-7.648,8.364,9.166,4.661,2,1,0
gen_02005,4,-7.616,8.446,9.367,4.628,2,1,0
gen_02006,1,-7.496,2.717,4.425,inf,2,0,0
gen_02006,2,-7.494,2.720,4.440,inf,2,0,0
gen_02006,3,-7.446,2.767,4.506,inf,2,0,0
gen_02006,4,-7.422,2.785,4.520,inf,2,0,0
gen_02006,5,-7.319,2.742,4.483,inf,2,0,0
gen_02007,1,-6.810,2.536,4.663,5.957,2,1,0
gen_02008,1,-8.051,8.528,8.614,inf,4,0,0
gen_02008,2,-8.007,8.542,8.669,inf,4,0,0
gen_02008,3,-7.989,8.512,9.010,inf,4,0,0
gen_02008,4,-7.951,8.570,9.077,inf,4,0,0
gen_02009,1,-7.978,2.785,4.346,inf,2,0,0
gen_02009,2,-7.948,2.818,4.326,inf,2,0,0
gen_02010,1,-8.448,2.779,4.554,3.235,2,1,1
gen_02010,2,-8.403,2.846,4.609,3.163,2,1,1
gen_02010,3,-8.298,2.781,4.440,3.550,2,1,0
gen_02010,4,-8.275,2.832,4.471,3.534,2,1,0
gen_02011,1,-8.126,2.689,4.412,9.788,2,1,0
gen_02011,2,-8.114,2.759,4.433,9.754,2,1,0
gen_02011,3,-8.056,2.794,4.469,9.803,2,1,0
gen_02012,1,-7.881,4.233,4.736,6.074,2,1,0
gen_02012,2,-7.741,2.853,4.467,5.443,2,1,0
gen_02012,3,-7.736,2.799,4.384,5.376,2,1,0
gen_02013,1,-8.899,2.717,4.471,inf,2,0,0
gen_02013,2,-8.891,2.740,4.572,inf,2,0,0
gen_02014,1,-7.691,2.461,2.721,inf,2,0,0
gen_02014,2,-7.682,2.466,2.719,inf,2,0,0
gen_02014,3,-7.655,2.601,2.731,inf,2,0,0
gen_02014,4,-7.623,2.762,4.514,inf,2,0,0
gen_02014,5,-7.616,2.761,4.516,inf,2,0,0
gen_02014,6,-7.615,2.800,4.511,inf,2,0,0
gen_02014,7,-7.591,2.810,4.536,inf,2,0,0
gen_02014,8,-7.560,2.764,4.539,inf,2,0,0
gen_02015,1,-7.284,3.024,4.590,inf,2,0,0
gen_02015,2,-7.277,3.032,4.587,inf,2,0,0
gen_02015,3,-7.262,2.747,4.465,inf,2,0,0
gen_02016,1,-6.639,2.777,4.484,inf,2,0,0
gen_02017,1,-6.052,2.698,4.436,inf,2,0,0
gen_02018,1,-6.864,2.927,4.421,6.058,2,1,0
gen_02019,1,-6.323,2.536,2.678,inf,2,0,0
gen_02019,2,-6.259,2.639,2.730,inf,2,0,0
gen_02020,1,-7.109,2.728,2.734,inf,2,0,0
gen_02021,1,-7.419,2.706,4.515,inf,2,0,0
gen_02021,2,-7.379,2.749,4.512,inf,2,0,0
gen_02022,1,-7.229,2.690,4.391,inf,2,0,0
gen_02022,2,-7.217,2.733,4.390,inf,2,0,0
gen_02023,1,-8.065,2.711,4.460,inf,2,0,0
gen_02023,2,-7.985,2.785,4.439,inf,2,0,0
gen_02023,3,-7.980,2.802,4.498,inf,2,0,0
gen_02023,4,-7.924,2.788,4.462,inf,2,0,0
gen_02023,5,-7.924,2.727,4.333,inf,2,0,0
gen_02023,6,-7.883,2.710,4.498,inf,2,0,0
gen_02023,7,-7.865,2.838,4.542,inf,2,0,0
gen_02023,8,-7.752,2.731,4.438,inf,2,0,0
gen_02023,9,-7.547,2.727,3.928,inf,2,0,0
gen_02024,1,-8.256,2.684,4.402,inf,4,0,0
gen_02024,2,-8.155,2.627,4.391,inf,4,0,0
gen_02025,1,-7.902,3.312,4.622,inf,4,0,0
gen_02025,2,-7.779,2.947,4.542,inf,4,0,0
gen_02025,3,-7.716,2.859,4.485,inf,4,0,0
gen_02025,4,-7.633,2.865,4.511,inf,4,0,0
gen_02026,1,-7.930,2.682,3.789,inf,2,0,0
gen_02026,2,-7.901,2.704,4.180,inf,2,0,0
gen_02027,1,-6.905,13.804,15.136,7.176,2,1,0
gen_02027,2,-6.902,13.820,15.134,7.163,2,1,0
gen_02028,1,-71.927,12.755,13.676,6.621,2,1,0
gen_02028,2,-64.631,6.426,8.243,6.257,2,1,0
gen_02029,1,-7.871,2.783,3.623,inf,2,0,0
gen_02030,1,-7.194,3.102,4.483,inf,4,0,0
gen_02030,2,-7.186,3.123,4.498,inf,4,0,0
gen_02030,3,-7.161,3.043,4.458,inf,4,0,0
gen_02030,4,-7.146,3.009,4.495,inf,4,0,0
gen_02030,5,-7.146,3.016,4.116,inf,4,0,0
gen_02030,6,-7.140,3.047,4.437,inf,4,0,0
gen_02030,7,-7.117,3.224,4.022,inf,4,0,0
gen_02031,1,-6.730,2.655,3.347,7.040,2,1,0
gen_02031,2,-6.697,2.648,3.271,7.007,2,1,0
gen_02032,1,-7.612,2.821,4.355,inf,2,0,0
gen_02032,2,-7.258,2.754,4.216,inf,2,0,0
gen_02033,1,-7.176,3.363,4.278,4.292,2,1,0
gen_02033,2,-7.100,3.266,4.258,4.383,2,1,0
gen_02033,3,-7.073,3.484,4.345,4.402,2,1,0
gen_02034,1,-219.017,9.827,9.927,inf,2,0,0
gen_02035,1,-7.059,12.949,12.961,5.852,2,1,0
gen_02035,2,-7.035,12.878,13.029,5.935,2,1,0
gen_02035,3,-7.029,12.972,12.996,5.803,2,1,0
gen_02035,4,-7.025,12.770,13.135,5.878,2,1,0
gen_02035,5,-7.012,12.756,13.108,5.878,2,1,0
gen_02036,1,-7.569,2.743,4.410,inf,2,0,0
gen_02036,2,-7.481,2.809,4.466,inf,2,0,0
gen_02036,3,-7.458,2.825,4.441,inf,2,0,0
gen_02036,4,-7.437,2.838,4.372,inf,2,0,0
gen_02037,1,-7.007,2.838,4.353,inf,2,0,0
gen_02037,2,-6.950,2.785,4.315,inf,2,0,0
gen_02037,3,-6.589,2.638,4.615,inf,2,0,0
gen_02037,4,-6.570,2.743,4.401,inf,2,0,0
gen_02037,5,-6.569,2.425,2.833,inf,2,0,0
gen_02037,6,-6.507,2.678,4.398,inf,2,0,0
gen_02037,7,-6.495,2.335,2.966,inf,2,0,0
gen_02037,8,-6.452,2.334,2.972,inf,2,0,0
gen_02037,9,-6.436,11.562,12.226,inf,2,0,0
gen_02037,10,-6.423,10.045,11.515,inf,2,0,0
gen_02037,11,-6.421,10.468,11.603,inf,2,0,0
gen_02037,12,-6.414,11.475,12.129,inf,2,0,0
gen_02037,13,-6.400,2.282,3.151,inf,2,0,0
gen_02038,1,-6.852,2.843,4.489,inf,2,0,0
gen_02039,1,-7.068,2.712,3.641,inf,2,0,0
gen_02040,1,-7.801,2.608,2.761,inf,4,0,0
gen_02040,2,-7.759,2.639,2.742,inf,4,0,0
gen_02040,3,-7.751,2.627,2.775,inf,4,0,0
gen_02041,1,-7.548,3.680,4.322,7.135,2,1,0
gen_02041,2,-7.538,3.602,4.359,7.050,2,1,0
gen_02042,1,-7.754,3.196,4.473,inf,2,0,0
gen_02042,2,-7.539,2.864,4.571,inf,2,0,0
gen_02043,1,-7.831,2.397,4.073,inf,2,0,0
gen_02043,2,-7.825,2.419,4.026,inf,2,0,0
gen_02043,3,-7.815,2.411,4.014,inf,2,0,0
gen_02043,4,-7.812,9.862,10.448,inf,2,0,0
gen_02043,5,-7.810,9.877,10.430,inf,2,0,0
gen_02043,6,-7.802,9.917,10.421,inf,2,0,0
gen_02043,7,-7.790,2.416,3.990,inf,2,0,0
gen_02043,8,-7.777,2.436,4.051,inf,2,0,0
gen_02044,1,-7.287,2.795,4.457,inf,2,0,0
gen_02044,2,-7.243,2.784,4.460,inf,2,0,0
gen_02044,3,-7.231,2.829,4.508,inf,2,0,0
gen_02045,1,-8.721,2.668,3.629,inf,4,0,0
gen_02045,2,-8.655,2.662,3.856,inf,4,0,0
gen_02045,3,-8.469,2.702,3.653,inf,4,0,0
gen_02045,4,-8.347,2.734,3.708,inf,4,0,0
gen_02045,5,-7.963,3.078,4.707,inf,4,0,0
gen_02045,6,-7.904,3.042,4.780,inf,4,0,0
gen_02045,7,-7.859,3.025,4.818,inf,4,0,0
gen_02045,8,-7.824,2.802,4.571,inf,4,0,0
gen_02045,9,-7.734,3.011,4.936,inf,4,0,0
gen_02046,1,-7.085,13.076,13.164,inf,2,0,0
gen_02046,2,-7.073,13.138,13.206,inf,2,0,0
gen_02047,1,-7.126,3.903,5.304,inf,2,0,0
gen_02047,2,-7.038,4.018,5.280,inf,2,0,0
gen_02048,1,-7.528,2.649,3.867,inf,2,0,0
gen_02048,2,-7.431,2.901,3.835,inf,2,0,0
gen_02048,3,-7.398,2.722,4.027,inf,2,0,0
gen_02049,1,-7.767,2.536,4.437,inf,2,0,0
gen_02049,2,-7.670,2.502,4.464,inf,2,0,0
gen_02050,1,-7.744,2.712,4.410,5.724,2,1,0
gen_02050,2,-7.719,2.704,4.407,5.741,2,1,0
gen_02050,3,-7.642,2.666,4.374,5.584,2,1,0
gen_02050,4,-7.629,2.697,4.367,5.592,2,1,0
gen_02050,5,-7.595,2.781,4.448,5.873,2,1,0
gen_02050,6,-7.578,2.781,4.410,5.869,2,1,0
gen_02051,1,-8.123,2.813,4.460,inf,4,0,0
gen_02051,2,-8.123,2.810,4.454,inf,4,0,0
gen_02052,1,-7.534,2.812,4.446,inf,2,0,0
gen_02052,2,-7.527,2.788,4.452,inf,2,0,0
gen_02052,3,-7.430,2.627,4.022,inf,2,0,0
gen_02052,4,-7.355,2.770,4.261,inf,2,0,0
gen_02053,1,-7.797,2.628,3.020,10.678,2,1,0
gen_02053,2,-7.761,2.637,2.853,10.613,2,1,0
gen_02053,3,-7.750,2.601,3.100,10.662,2,1,0
gen_02053,4,-7.668,2.790,4.511,9.896,2,1,0
gen_02053,5,-7.615,2.876,4.541,9.916,2,1,0
gen_02053,6,-7.588,2.774,4.447,9.904,2,1,0
gen_02053,7,-7.564,2.786,4.462,9.962,2,1,0
gen_02053,8,-7.554,2.829,4.486,9.918,2,1,0
gen_02053,9,-7.546,2.788,4.294,10.083,2,1,0
gen_02053,10,-7.543,2.817,4.456,9.844,2,1,0
gen_02054,1,-7.162,2.762,4.531,inf,2,0,0
gen_02054,2,-7.125,2.794,4.480,inf,2,0,0
gen_02055,1,-8.299,2.262,4.469,8.706,2,1,0
gen_02055,2,-8.297,2.286,4.450,8.350,2,1,0
gen_02055,3,-8.289,2.257,4.445,8.761,2,1,0
gen_02056,1,-7.169,4.175,5.558,inf,4,0,0
gen_02056,2,-7.137,4.133,5.569,inf,4,0,0
gen_02056,3,-7.098,2.800,3.673,inf,4,0,0
gen_02056,4,-7.030,2.823,3.635,inf,4,0,0
gen_02056,5,-7.003,2.781,3.854,inf,4,0,0
gen_02057,1,-7.573,2.758,4.362,inf,2,0,0
gen_02057,2,-7.530,2.659,4.342,inf,2,0,0
gen_02058,1,-7.195,3.844,5.246,inf,2,0,0
gen_02058,2,-7.169,3.835,5.263,inf,2,0,0
gen_02058,3,-7.167,3.835,5.230,inf,2,0,0
gen_02059,1,-7.019,17.018,17.918,inf,2,0,0
gen_02059,2,-6.982,2.573,4.526,inf,2,0,0
gen_02059,3,-6.968,2.547,4.506,inf,2,0,0
gen_02059,4,-6.923,17.173,17.777,inf,2,0,0
gen_02059,5,-6.908,17.124,17.771,inf,2,0,0
gen_02060,1,-8.358,2.797,4.337,inf,2,0,0
gen_02060,2,-8.351,2.787,4.481,inf,2,0,0
gen_02061,1,-7.590,2.699,3.581,inf,4,0,0
gen_02061,2,-7.590,2.636,3.683,inf,4,0,0
gen_02061,3,-7.568,2.699,3.771,inf,4,0,0
gen_02061,4,-7.557,2.668,3.718,inf,4,0,0
gen_02061,5,-7.532,2.729,3.718,inf,4,0,0
gen_02061,6,-7.457,2.691,3.876,inf,4,0,0
gen_02061,7,-7.445,2.717,3.857,inf,4,0,0
gen_02061,8,-7.402,2.709,4.072,inf,4,0,0
gen_02061,9,-7.387,2.677,3.740,inf,4,0,0
gen_02061,10,-7.320,2.706,3.920,inf,4,0,0
gen_02061,11,-7.294,2.723,3.822,inf,4,0,0
gen_02061,12,-7.292,9.005,9.013,inf,4,0,0
gen_02061,13,-7.153,6.566,7.384,inf,4,0,0
gen_02061,14,-7.152,2.695,3.822,inf,4,0,0
gen_02062,1,-7.980,3.274,4.602,inf,4,0,0
gen_02062,2,-7.971,3.507,4.679,inf,4,0,0
gen_02062,3,-7.920,3.365,4.697,inf,4,0,0
gen_02062,4,-7.918,3.580,4.496,inf,4,0,0
gen_02062,5,-7.884,3.563,4.510,inf,4,0,0
gen_02062,6,-7.881,3.319,4.610,inf,4,0,0
gen_02062,7,-7.875,3.749,4.592,inf,4,0,0
gen_02062,8,-7.861,3.610,4.487,inf,4,0,0
gen_02062,9,-7.788,3.946,4.391,inf,4,0,0
gen_02062,10,-7.215,2.792,4.417,inf,4,0,0
gen_02063,1,-7.419,2.177,4.393,inf,2,0,0
gen_02064,1,-9.038,2.871,4.399,inf,4,0,0
gen_02064,2,-9.009,2.848,4.410,inf,4,0,0
gen_02064,3,-8.991,2.833,4.490,inf,4,0,0
gen_02064,4,-8.881,2.790,4.540,inf,4,0,0
gen_02065,1,-7.412,2.570,3.998,inf,2,0,0
gen_02065,2,-7.407,2.551,3.877,inf,2,0,0
gen_02066,1,-7.879,2.751,4.442,5.221,2,1,0
gen_02066,2,-7.854,2.749,4.505,5.212,2,1,0
gen_02067,1,-8.038,7.707,8.577,inf,2,0,0
gen_02068,1,-7.847,2.694,4.415,inf,2,0,0
gen_02068,2,-7.845,2.732,4.412,inf,2,0,0
gen_02068,3,-7.822,2.722,4.439,inf,2,0,0
gen_02068,4,-7.821,2.723,4.450,inf,2,0,0
gen_02069,1,-7.094,2.757,4.453,inf,2,0,0
gen_02069,2,-7.093,2.750,4.473,inf,2,0,0
gen_02069,3,-7.028,2.694,4.449,inf,2,0,0
gen_02069,4,-7.016,2.766,4.461,inf,2,0,0
gen_02070,1,-8.250,2.682,3.867,inf,4,0,0
gen_02070,2,-8.247,2.682,3.899,inf,4,0,0
gen_02070,3,-8.238,2.674,3.850,inf,4,0,0
gen_02070,4,-8.235,2.699,3.875,inf,4,0,0
gen_02070,5,-8.211,2.684,3.867,inf,4,0,0
gen_02070,6,-8.208,2.696,3.854,inf,4,0,0
gen_02071,1,-7.876,2.720,4.485,inf,2,0,0
gen_02071,2,-7.876,2.793,4.540,inf,2,0,0
gen_02071,3,-7.860,2.757,4.464,inf,2,0,0
gen_02071,4,-7.859,2.801,4.495,inf,2,0,0
gen_02071,5,-7.811,2.762,4.495,inf,2,0,0
gen_02071,6,-7.786,2.652,4.460,inf,2,0,0
gen_02071,7,-7.781,2.657,4.471,inf,2,0,0
gen_02071,8,-7.778,2.677,4.412,inf,2,0,0
gen_02071,9,-7.774,2.616,4.443,inf,2,0,0
gen_02072,1,-7.054,3.818,4.480,inf,2,0,0
gen_02072,2,-7.000,3.972,4.478,inf,2,0,0
gen_02073,1,-7.412,2.763,4.520,inf,2,0,0
gen_02074,1,-7.409,2.307,2.630,inf,2,0,0
gen_02074,2,-7.396,2.330,2.581,inf,2,0,0
gen_02074,3,-7.372,2.305,2.603,inf,2,0,0
gen_02074,4,-7.313,2.347,2.637,inf,2,0,0
gen_02074,5,-7.299,2.336,2.635,inf,2,0,0
gen_02074,6,-7.297,2.291,2.635,inf,2,0,0
gen_02074,7,-7.130,2.390,2.564,inf,2,0,0
gen_02074,8,-6.946,2.512,2.533,inf,2,0,0
gen_02075,1,-7.298,2.666,3.817,inf,4,0,0
gen_02075,2,-7.143,2.728,3.786,inf,4,0,0
gen_02075,3,-6.934,2.788,3.879,inf,4,0,0
gen_02076,1,-8.611,2.710,4.358,8.023,2,1,0
gen_02076,2,-8.561,2.695,4.456,7.858,2,1,0
gen_02076,3,-8.507,2.817,4.262,7.941,2,1,0
gen_02076,4,-8.503,2.821,4.361,8.419,2,1,0
gen_02076,5,-8.495,2.824,4.357,7.922,2,1,0
gen_02077,1,-8.379,2.601,4.484,inf,2,0,0
gen_02077,2,-8.350,2.598,4.510,inf,2,0,0
gen_02077,3,-8.289,2.798,4.480,inf,2,0,0
gen_02077,4,-8.272,2.793,4.489,inf,2,0,0
gen_02078,1,-6.102,2.702,4.416,inf,2,0,0
gen_02079,1,-7.169,3.695,4.493,4.596,2,1,0
gen_02079,2,-7.153,3.597,4.464,4.755,2,1,0
gen_02079,3,-7.128,3.658,4.509,4.586,2,1,0
gen_02079,4,-7.058,2.745,4.506,4.189,2,1,0
gen_02079,5,-7.039,2.771,4.507,4.263,2,1,0
gen_02079,6,-7.035,2.746,4.507,4.234,2,1,0
gen_02079,7,-7.017,2.804,4.543,4.334,2,1,0
gen_02079,8,-7.008,2.751,4.491,4.291,2,1,0
gen_02079,9,-7.004,2.781,4.558,4.271,2,1,0
gen_02080,1,-6.770,2.779,4.426,inf,2,0,0
gen_02080,2,-6.750,2.777,4.448,inf,2,0,0
gen_02081,1,-7.475,2.537,3.648,4.791,2,1,0
gen_02081,2,-7.327,2.721,3.640,4.146,2,1,0
gen_02081,3,-7.260,2.692,3.874,3.209,2,1,1
gen_02081,4,-7.138,13.794,15.005,4.035,2,1,0
gen_02082,1,-6.622,2.771,4.536,inf,2,0,0
gen_02082,2,-6.597,2.749,4.487,inf,2,0,0
gen_02082,3,-6.579,2.756,4.493,inf,2,0,0
gen_02082,4,-6.530,2.778,4.520,inf,2,0,0
gen_02083,1,-5.687,8.901,9.975,7.469,2,1,0
gen_02084,1,-7.008,3.656,4.740,inf,2,0,0
gen_02084,2,-6.997,3.701,4.851,inf,2,0,0
gen_02084,3,-6.996,3.692,4.739,inf,2,0,0
gen_02084,4,-6.993,3.681,4.728,inf,2,0,0
gen_02084,5,-6.981,2.849,4.569,inf,2,0,0
gen_02084,6,-6.972,2.835,4.552,inf,2,0,0
gen_02084,7,-6.971,2.848,4.595,inf,2,0,0
gen_02085,1,-7.365,3.106,4.443,inf,2,0,0
gen_02085,2,-7.353,3.169,4.431,inf,2,0,0
gen_02086,1,-7.606,3.716,4.831,inf,2,0,0
gen_02086,2,-7.597,3.739,4.851,inf,2,0,0
gen_02086,3,-7.575,3.677,4.834,inf,2,0,0
gen_02086,4,-7.574,3.751,4.865,inf,2,0,0
gen_02086,5,-7.548,3.590,4.917,inf,2,0,0
gen_02086,6,-7.535,3.565,4.888,inf,2,0,0
gen_02087,1,-7.448,2.678,4.297,3.151,4,1,1
gen_02087,2,-7.384,2.668,4.273,3.204,4,1,1
gen_02087,3,-7.323,2.773,4.459,3.058,4,1,1
gen_02087,4,-7.240,2.667,4.379,3.538,4,1,0
gen_02087,5,-7.237,2.716,4.411,3.515,4,1,0
gen_02087,6,-7.168,2.764,4.435,2.947,4,1,1
gen_02087,7,-7.151,2.693,4.292,2.830,4,1,1
gen_02087,8,-7.147,2.711,4.404,2.929,4,1,1
gen_02087,9,-7.123,3.056,4.589,5.768,4,1,0
gen_02087,10,-7.096,2.816,4.381,2.954,4,1,1
gen_02087,11,-7.035,2.764,4.427,5.719,4,1,0
gen_02087,12,-7.032,2.216,2.756,5.294,4,1,0
gen_02087,13,-7.003,2.749,4.431,5.708,4,1,0
gen_02088,1,-7.122,10.435,10.500,4.885,2,1,0
gen_02088,2,-7.079,10.330,10.632,4.983,2,1,0
gen_02088,3,-7.066,3.446,4.409,6.029,2,1,0
gen_02089,1,-8.388,3.038,4.546,inf,2,0,0
gen_02090,1,-8.205,2.569,4.434,5.034,2,1,0
gen_02090,2,-8.172,2.571,4.438,4.946,2,1,0
gen_02090,3,-7.834,2.491,4.422,4.901,2,1,0
gen_02091,1,-7.028,2.606,4.413,inf,2,0,0
gen_02091,2,-6.961,2.782,4.453,inf,2,0,0
gen_02092,1,-7.171,3.661,5.236,inf,2,0,0
gen_02092,2,-7.114,3.268,5.153,inf,2,0,0
gen_02092,3,-7.109,3.418,5.300,inf,2,0,0
gen_02093,1,-6.342,2.645,4.327,inf,2,0,0
gen_02093,2,-6.211,2.757,4.242,inf,2,0,0
gen_02094,1,-7.332,4.173,4.492,5.202,2,1,0
gen_02094,2,-7.192,4.139,4.746,6.688,2,1,0
gen_02095,1,-6.370,2.593,4.497,inf,2,0,0
gen_02095,2,-6.367,2.570,4.482,inf,2,0,0
gen_02095,3,-6.354,2.548,4.496,inf,2,0,0
gen_02095,4,-6.345,2.563,4.499,inf,2,0,0
gen_02095,5,-6.344,2.532,4.480,inf,2,0,0
gen_02095,6,-6.260,2.528,4.500,inf,2,0,0
gen_02095,7,-6.241,2.536,4.528,inf,2,0,0
gen_02096,1,-7.492,15.691,16.224,inf,2,0,0
gen_02096,2,-7.485,15.504,16.369,inf,2,0,0
gen_02096,3,-7.483,15.750,16.132,inf,2,0,0
gen_02096,4,-7.431,15.918,15.963,inf,2,0,0
gen_02096,5,-7.340,15.361,16.410,inf,2,0,0
gen_02096,6,-7.306,14.364,15.109,inf,2,0,0
gen_02096,7,-7.245,15.601,16.328,inf,2,0,0
gen_02097,1,-7.349,10.249,10.268,4.794,2,1,0
gen_02097,2,-7.316,2.674,4.533,3.166,2,1,1
gen_02097,3,-7.315,10.217,10.256,4.892,2,1,0
gen_02097,4,-7.171,9.781,9.936,6.261,2,1,0
gen_02097,5,-7.126,9.609,10.020,6.284,2,1,0
gen_02097,6,-7.058,10.270,10.328,4.914,2,1,0
gen_02097,7,-7.020,2.747,4.353,3.830,2,1,0
gen_02097,8,-6.957,2.752,4.552,3.218,2,1,1
gen_02097,9,-6.874,2.649,3.483,5.237,2,1,0
gen_02098,1,-7.115,6.749,7.870,4.710,2,1,0
gen_02098,2,-7.108,6.745,7.860,4.708,2,1,0
gen_02098,3,-7.066,7.024,7.884,4.659,2,1,0
gen_02099,1,-7.705,2.642,4.548,inf,2,0,0
gen_02099,2,-7.642,2.690,4.350,inf,2,0,0
gen_02099,3,-7.641,2.635,4.444,inf,2,0,0
gen_02099,4,-7.628,2.796,4.293,inf,2,0,0
gen_02099,5,-7.627,2.744,4.338,inf,2,0,0
gen_02099,6,-7.563,2.752,4.322,inf,2,0,0
gen_02099,7,-7.403,2.720,4.338,inf,2,0,0
gen_02099,8,-7.361,2.260,2.697,inf,2,0,0
gen_02099,9,-7.314,2.691,4.482,inf,2,0,0
gen_02099,10,-7.310,2.343,2.723,inf,2,0,0
gen_02099,11,-7.286,2.673,4.254,inf,2,0,0
gen_02099,12,-7.107,2.793,4.395,inf,2,0,0
gen_02100,1,-7.244,2.758,4.400,inf,2,0,0
gen_02100,2,-7.145,2.763,4.413,inf,2,0,0
gen_02100,3,-6.984,2.787,4.345,inf,2,0,0
gen_02100,4,-6.978,2.730,4.419,inf,2,0,0
gen_02101,1,-8.408,2.231,2.663,inf,4,0,0
gen_02101,2,-8.161,2.257,2.622,inf,4,0,0
gen_02102,1,-8.179,2.738,4.409,inf,2,0,0
gen_02102,2,-8.175,2.748,4.405,inf,2,0,0
gen_02102,3,-8.153,2.738,4.393,inf,2,0,0
gen_02102,4,-8.141,2.742,4.401,inf,2,0,0
gen_02103,1,-6.840,2.478,2.744,inf,4,0,0
gen_02103,2,-6.797,2.479,2.719,inf,4,0,0
gen_02103,3,-6.789,2.442,2.759,inf,4,0,0
gen_02104,1,-7.075,2.684,4.433,inf,2,0,0
gen_02104,2,-7.072,2.729,4.521,inf,2,0,0
gen_02104,3,-7.056,2.683,4.428,inf,2,0,0
gen_02104,4,-7.053,2.801,4.474,inf,2,0,0
gen_02104,5,-6.871,2.209,3.686,inf,2,0,0
gen_02105,1,-6.286,3.107,3.270,6.572,2,1,0
gen_02105,2,-6.282,3.264,3.352,6.460,2,1,0
gen_02106,1,-7.582,2.844,4.466,4.630,2,1,0
gen_02106,2,-7.496,2.937,4.357,4.772,2,1,0
gen_02107,1,-8.185,2.821,4.568,4.312,2,1,0
gen_02107,2,-8.159,3.093,4.619,4.371,2,1,0
gen_02107,3,-8.151,3.205,4.598,4.181,2,1,0
gen_02107,4,-8.130,3.081,4.676,4.191,2,1,0
gen_02107,5,-8.129,2.796,4.511,4.260,2,1,0
gen_02107,6,-8.113,3.344,4.727,4.221,2,1,0
gen_02107,7,-8.108,2.789,4.499,4.391,2,1,0
gen_02107,8,-8.010,12.410,13.832,4.391,2,1,0
gen_02107,9,-7.973,12.552,14.055,4.439,2,1,0
gen_02107,10,-7.866,2.820,4.584,3.606,2,1,0
gen_02107,11,-7.860,2.785,4.475,4.180,2,1,0
gen_02107,12,-7.729,2.856,4.369,4.337,2,1,0
gen_02108,1,-6.589,5.053,5.836,inf,2,0,0
gen_02108,2,-6.572,5.070,6.948,inf,2,0,0
gen_02108,3,-6.503,4.141,5.425,inf,2,0,0
gen_02108,4,-6.474,4.149,5.382,inf,2,0,0
gen_02109,1,-6.524,2.708,4.456,inf,2,0,0
gen_02109,2,-6.451,2.713,4.445,inf,2,0,0
gen_02109,3,-6.448,2.789,4.471,inf,2,0,0
gen_02109,4,-6.447,2.740,4.400,inf,2,0,0
gen_02109,5,-6.444,2.806,4.400,inf,2,0,0
gen_02109,6,-6.434,2.729,4.358,inf,2,0,0
gen_02110,1,-8.228,2.787,4.448,inf,2,0,0
gen_02110,2,-8.183,2.840,4.341,inf,2,0,0
gen_02111,1,-7.018,2.695,3.999,inf,2,0,0
gen_02111,2,-6.762,2.404,2.806,inf,2,0,0
gen_02111,3,-6.760,2.686,4.174,inf,2,0,0
gen_02111,4,-6.720,2.528,2.736,inf,2,0,0
gen_02111,5,-6.508,2.205,3.565,inf,2,0,0
gen_02112,1,-7.370,2.784,4.452,inf,2,0,0
gen_02112,2,-7.364,2.797,4.473,inf,2,0,0
gen_02112,3,-7.330,2.802,4.522,inf,2,0,0
gen_02113,1,-7.257,2.840,4.525,inf,2,0,0
gen_02113,2,-7.246,2.793,4.494,inf,2,0,0
gen_02113,3,-7.224,2.794,4.503,inf,2,0,0
gen_02113,4,-7.183,2.823,4.541,inf,2,0,0
gen_02114,1,-8.086,2.833,4.260,inf,2,0,0
gen_02115,1,-6.973,3.142,4.551,inf,2,0,0
gen_02115,2,-6.918,3.129,4.532,inf,2,0,0
gen_02115,3,-6.904,3.171,4.579,inf,2,0,0
gen_02115,4,-6.890,2.803,4.647,inf,2,0,0
gen_02115,5,-6.868,3.095,4.467,inf,2,0,0
gen_02115,6,-6.777,2.774,4.508,inf,2,0,0
gen_02115,7,-6.634,2.795,4.455,inf,2,0,0
gen_02115,8,-6.466,2.816,4.437,inf,2,0,0
gen_02115,9,-6.463,2.551,4.009,inf,2,0,0
gen_02115,10,-6.348,2.732,3.869,inf,2,0,0
gen_02115,11,-6.277,2.379,4.442,inf,2,0,0
gen_02116,1,-8.178,3.431,4.610,inf,2,0,0
gen_02116,2,-8.155,3.447,4.598,inf,2,0,0
gen_02116,3,-8.076,3.603,4.500,inf,2,0,0
gen_02116,4,-8.063,3.571,4.484,inf,2,0,0
gen_02117,1,-7.202,13.604,14.594,3.331,2,1,0
gen_02117,2,-7.197,13.995,14.434,3.297,2,1,0
gen_02117,3,-7.184,14.003,14.453,3.291,2,1,0
gen_02117,4,-7.174,13.690,14.624,3.368,2,1,0
gen_02118,1,-7.322,2.630,4.422,inf,2,0,0
gen_02118,2,-7.294,2.797,4.574,inf,2,0,0
gen_02118,3,-7.272,2.843,4.617,inf,2,0,0
gen_02118,4,-7.265,2.653,4.284,inf,2,0,0
gen_02118,5,-7.213,2.627,4.350,inf,2,0,0
gen_02118,6,-7.208,2.820,4.586,inf,2,0,0
gen_02118,7,-7.207,2.824,4.635,inf,2,0,0
gen_02118,8,-7.188,2.826,4.669,inf,2,0,0
gen_02118,9,-7.169,2.749,3.903,inf,2,0,0
gen_02118,10,-7.095,2.792,3.824,inf,2,0,0
gen_02119,1,-7.663,2.777,4.490,inf,2,0,0
gen_02119,2,-7.656,2.771,4.475,inf,2,0,0
gen_02120,1,-7.558,3.894,5.159,inf,2,0,0
gen_02120,2,-7.515,3.884,5.345,inf,2,0,0
gen_02120,3,-7.356,3.866,5.306,inf,2,0,0
gen_02120,4,-7.354,3.865,5.456,inf,2,0,0
gen_02120,5,-7.174,9.408,10.968,inf,2,0,0
gen_02121,1,-7.110,2.750,4.466,inf,4,0,0
gen_02121,2,-7.107,2.773,4.475,inf,4,0,0
gen_02121,3,-7.085,2.773,4.472,inf,4,0,0
gen_02122,1,-8.376,2.620,4.689,5.777,2,1,0
gen_02122,2,-8.359,2.620,4.642,5.796,2,1,0
gen_02122,3,-8.312,3.110,4.889,5.761,2,1,0
gen_02122,4,-8.290,3.291,4.857,5.696,2,1,0
gen_02123,1,-8.231,3.040,4.441,inf,4,0,0
gen_02124,1,-152.862,13.832,14.762,inf,2,0,0
gen_02125,1,-7.299,2.488,2.696,inf,2,0,0
gen_02125,2,-7.296,2.368,2.680,inf,2,0,0
gen_02125,3,-7.228,2.350,2.819,inf,2,0,0
gen_02125,4,-7.227,2.356,3.144,inf,2,0,0
gen_02125,5,-7.227,2.349,2.828,inf,2,0,0
gen_02125,6,-7.138,2.440,2.751,inf,2,0,0
gen_02125,7,-7.130,2.412,3.058,inf,2,0,0
gen_02125,8,-7.120,2.553,2.657,inf,2,0,0
gen_02125,9,-7.118,2.419,2.757,inf,2,0,0
gen_02125,10,-7.114,2.392,2.978,inf,2,0,0
gen_02125,11,-7.017,2.360,2.991,inf,2,0,0
gen_02125,12,-6.676,15.713,16.262,inf,2,0,0
gen_02125,13,-6.637,15.711,16.554,inf,2,0,0
gen_02126,1,-7.894,2.654,4.271,inf,2,0,0
gen_02126,2,-7.831,2.573,4.236,inf,2,0,0
gen_02126,3,-7.737,2.581,4.233,inf,2,0,0
gen_02126,4,-7.730,2.638,4.292,inf,2,0,0
gen_02126,5,-7.684,2.640,4.251,inf,2,0,0
gen_02126,6,-7.576,2.554,4.256,inf,2,0,0
gen_02126,7,-7.443,2.520,4.197,inf,2,0,0
gen_02126,8,-7.406,2.614,4.035,inf,2,0,0
gen_02126,9,-7.356,2.633,4.180,inf,2,0,0
gen_02127,1,-7.629,2.561,2.599,inf,2,0,0
gen_02127,2,-7.627,2.775,4.538,inf,2,0,0
gen_02127,3,-7.522,2.663,4.452,inf,2,0,0
gen_02127,4,-7.497,2.821,4.451,inf,2,0,0
gen_02127,5,-7.496,2.752,4.510,inf,2,0,0
gen_02127,6,-7.491,2.772,4.488,inf,2,0,0
gen_02127,7,-7.483,2.606,2.650,inf,2,0,0
gen_02127,8,-7.476,2.688,4.370,inf,2,0,0
gen_02127,9,-7.472,2.842,4.460,inf,2,0,0
gen_02127,10,-7.440,2.812,4.469,inf,2,0,0
gen_02127,11,-7.224,2.931,4.487,inf,2,0,0
gen_02127,12,-7.177,2.782,4.494,inf,2,0,0
gen_02128,1,-7.045,2.680,3.588,inf,2,0,0
gen_02128,2,-7.014,2.662,3.578,inf,2,0,0
gen_02128,3,-7.004,2.619,3.511,inf,2,0,0
gen_02128,4,-6.976,2.239,4.383,inf,2,0,0
gen_02128,5,-6.973,2.732,4.436,inf,2,0,0
gen_02129,1,-7.342,3.749,5.391,7.154,2,1,0
gen_02129,2,-7.328,3.767,5.421,7.612,2,1,0
gen_02129,3,-7.195,3.926,5.506,7.093,2,1,0
gen_02129,4,-7.028,4.155,5.425,7.002,2,1,0
gen_02129,5,-6.786,4.148,5.247,7.723,2,1,0
gen_02130,1,-8.015,2.734,4.393,5.411,2,2,0
gen_02130,2,-7.997,2.775,4.342,5.404,2,2,0
gen_02130,3,-7.923,2.565,3.911,3.873,2,2,0
gen_02130,4,-7.854,2.529,3.785,4.086,2,2,0
gen_02131,1,-7.669,2.731,4.395,inf,2,0,0
gen_02131,2,-7.620,2.776,4.526,inf,2,0,0
gen_02131,3,-7.614,2.702,4.337,inf,2,0,0
gen_02131,4,-7.455,2.748,3.893,inf,2,0,0
gen_02131,5,-7.444,2.753,3.908,inf,2,0,0
gen_02131,6,-7.423,2.759,3.973,inf,2,0,0
gen_02131,7,-7.402,2.679,3.904,inf,2,0,0
gen_02131,8,-7.393,2.721,3.934,inf,2,0,0
gen_02131,9,-7.364,2.747,3.925,inf,2,0,0
gen_02131,10,-7.345,2.681,4.239,inf,2,0,0
gen_02132,1,-6.843,2.474,2.746,inf,2,0,0
gen_02132,2,-6.804,2.762,4.462,inf,2,0,0
gen_02132,3,-6.804,2.775,4.494,inf,2,0,0
gen_02132,4,-6.800,2.581,2.762,inf,2,0,0
gen_02132,5,-6.772,2.454,2.755,inf,2,0,0
gen_02133,1,-7.516,2.344,3.103,inf,2,0,0
gen_02133,2,-7.511,2.660,4.454,inf,2,0,0
gen_02133,3,-7.484,2.366,3.427,inf,2,0,0
gen_02133,4,-7.481,2.313,3.264,inf,2,0,0
gen_02133,5,-7.366,2.684,4.397,inf,2,0,0
gen_02133,6,-7.346,2.684,4.455,inf,2,0,0
gen_02134,1,-7.704,15.067,15.985,inf,2,0,0
gen_02134,2,-7.682,14.988,16.053,inf,2,0,0
gen_02134,3,-7.667,15.152,15.970,inf,2,0,0
gen_02134,4,-7.660,15.182,15.996,inf,2,0,0
gen_02134,5,-7.655,15.393,16.222,inf,2,0,0
gen_02134,6,-7.655,15.377,16.195,inf,2,0,0
gen_02134,7,-7.652,15.132,16.026,inf,2,0,0
gen_02134,8,-7.639,15.141,15.968,inf,2,0,0
gen_02134,9,-7.621,15.121,16.032,inf,2,0,0
gen_02134,10,-7.343,6.948,7.951,inf,2,0,0
gen_02134,11,-7.329,6.925,7.936,inf,2,0,0
gen_02134,12,-7.298,6.969,7.943,inf,2,0,0
gen_02135,1,-7.252,2.839,4.096,inf,2,0,0
gen_02135,2,-7.245,2.798,4.116,inf,2,0,0
gen_02136,1,-7.166,2.567,4.264,inf,2,0,0
gen_02136,2,-7.106,2.488,3.959,inf,2,0,0
gen_02136,3,-7.095,2.462,3.996,inf,2,0,0
gen_02136,4,-7.092,10.562,10.983,inf,2,0,0
gen_02136,5,-7.072,2.566,4.313,inf,2,0,0
gen_02136,6,-7.046,10.817,10.895,inf,2,0,0
gen_02137,1,-8.120,2.736,4.246,3.010,2,1,1
gen_02137,2,-8.101,2.804,4.329,3.017,2,1,1
gen_02137,3,-8.084,2.753,4.250,3.143,2,1,1
gen_02137,4,-8.077,2.810,4.245,3.170,2,1,1
gen_02137,5,-8.061,2.704,4.203,3.178,2,1,1
gen_02137,6,-8.049,2.747,4.221,3.130,2,1,1
gen_02138,1,-7.251,2.746,4.033,inf,2,0,0
gen_02139,1,-7.352,16.042,16.392,4.245,2,1,0
gen_02139,2,-7.273,13.836,14.481,4.035,2,1,0
gen_02139,3,-7.248,13.841,14.497,4.081,2,1,0
gen_02139,4,-7.248,13.822,14.805,4.087,2,1,0
gen_02139,5,-7.241,13.856,14.492,4.083,2,1,0
gen_02139,6,-7.220,13.867,14.521,4.106,2,1,0
gen_02139,7,-7.210,13.891,14.527,4.081,2,1,0
gen_02140,1,-6.343,3.812,4.565,inf,2,0,0
gen_02140,2,-6.330,3.944,4.596,inf,2,0,0
gen_02141,1,-7.104,2.704,4.509,inf,2,0,0
gen_02142,1,-7.581,2.706,4.374,2.981,2,1,1
gen_02143,1,-7.092,8.680,10.133,inf,2,0,0
gen_02143,2,-7.045,8.785,10.145,inf,2,0,0
gen_02143,3,-6.992,8.710,10.143,inf,2,0,0
gen_02144,1,-7.561,2.551,4.394,inf,2,0,0
gen_02144,2,-7.548,2.738,4.411,inf,2,0,0
gen_02144,3,-7.537,3.678,5.426,inf,2,0,0
gen_02144,4,-7.473,2.692,4.465,inf,2,0,0
gen_02144,5,-7.427,12.478,12.754,inf,2,0,0
gen_02144,6,-7.360,2.712,4.462,inf,2,0,0
gen_02144,7,-7.318,2.727,4.397,inf,2,0,0
gen_02145,1,-7.091,2.376,4.520,inf,2,0,0
gen_02145,2,-6.934,2.231,4.386,inf,2,0,0
gen_02145,3,-6.717,6.499,7.658,inf,2,0,0
gen_02146,1,-7.758,2.810,3.982,inf,2,0,0
gen_02146,2,-7.684,2.971,4.052,inf,2,0,0
gen_02146,3,-7.614,2.778,4.466,inf,2,0,0
gen_02146,4,-7.588,3.137,4.269,inf,2,0,0
gen_02146,5,-7.566,3.162,4.244,inf,2,0,0
gen_02146,6,-7.449,3.031,3.982,inf,2,0,0
gen_02146,7,-7.445,2.767,4.442,inf,2,0,0
gen_02147,1,-7.328,2.776,4.447,inf,2,0,0
gen_02147,2,-7.327,2.811,4.489,inf,2,0,0
gen_02147,3,-7.314,2.811,4.466,inf,2,0,0
gen_02147,4,-7.313,2.446,3.167,inf,2,0,0
gen_02147,5,-7.278,2.402,3.160,inf,2,0,0
gen_02147,6,-7.265,2.629,2.795,inf,2,0,0
gen_02147,7,-7.221,2.531,2.830,inf,2,0,0
gen_02147,8,-7.087,3.305,4.646,inf,2,0,0
gen_02147,9,-7.084,3.088,4.684,inf,2,0,0
gen_02147,10,-7.011,3.032,4.633,inf,2,0,0
gen_02148,1,-7.334,2.509,4.077,inf,2,0,0
gen_02148,2,-7.334,2.677,3.739,inf,2,0,0
gen_02148,3,-7.286,2.805,4.492,inf,2,0,0
gen_02148,4,-7.209,2.648,4.504,inf,2,0,0
gen_02148,5,-7.197,2.724,4.418,inf,2,0,0
gen_02148,6,-7.173,2.704,4.404,inf,2,0,0
gen_02148,7,-6.761,14.338,14.984,inf,2,0,0
gen_02149,1,-7.091,2.768,4.529,inf,2,0,0
gen_02149,2,-7.069,2.751,4.507,inf,2,0,0
gen_02149,3,-7.066,2.716,4.472,inf,2,0,0
gen_02150,1,-7.211,2.796,4.372,inf,2,0,0
gen_02150,2,-7.209,2.670,4.505,inf,2,0,0
gen_02150,3,-7.189,2.741,4.367,inf,2,0,0
gen_02150,4,-7.178,2.207,2.790,inf,2,0,0
gen_02150,5,-7.143,2.730,4.266,inf,2,0,0
gen_02150,6,-7.138,2.206,2.803,inf,2,0,0
gen_02150,7,-7.137,2.711,4.376,inf,2,0,0
gen_02150,8,-7.116,2.582,4.322,inf,2,0,0
gen_02150,9,-7.071,2.726,4.487,inf,2,0,0
gen_02150,10,-7.042,2.204,2.785,inf,2,0,0
gen_02150,11,-6.972,2.208,2.792,inf,2,0,0
gen_02151,1,-7.687,3.577,3.892,6.149,2,1,0
gen_02151,2,-7.611,3.734,3.998,6.135,2,1,0
gen_02152,1,-6.953,2.766,3.968,inf,4,0,0
gen_02152,2,-6.935,2.776,3.953,inf,4,0,0
gen_02153,1,-7.624,2.727,4.403,inf,2,0,0
gen_02153,2,-7.586,2.698,4.426,inf,2,0,0
gen_02153,3,-7.572,2.760,4.368,inf,2,0,0
gen_02154,1,-7.413,8.393,8.800,inf,2,0,0
gen_02154,2,-7.397,8.406,8.828,inf,2,0,0
gen_02154,3,-7.390,8.643,8.704,inf,2,0,0
gen_02154,4,-7.385,8.649,8.683,inf,2,0,0
gen_02154,5,-7.274,8.656,8.756,inf,2,0,0
gen_02155,1,-7.250,3.029,3.787,inf,4,0,0
gen_02155,2,-7.195,2.776,3.845,inf,4,0,0
gen_02155,3,-7.166,3.066,3.773,inf,4,0,0
gen_02155,4,-7.153,3.188,3.775,inf,4,0,0
gen_02155,5,-7.137,3.412,4.005,inf,4,0,0
gen_02155,6,-7.136,3.009,3.805,inf,4,0,0
gen_02155,7,-7.062,3.056,3.738,inf,4,0,0
gen_02156,1,-7.106,2.717,4.359,inf,4,0,0
gen_02157,1,-7.449,6.616,7.997,4.122,2,1,0
gen_02157,2,-7.431,6.576,8.481,4.106,2,1,0
gen_02157,3,-7.416,8.434,8.982,4.289,2,1,0
gen_02158,1,-8.120,2.778,4.495,inf,4,0,0
gen_02159,1,-6.998,2.853,4.409,inf,2,0,0
gen_02159,2,-6.943,2.829,4.357,inf,2,0,0
gen_02159,3,-6.921,2.775,4.304,inf,2,0,0
gen_02160,1,-7.310,4.726,6.338,inf,2,0,0
gen_02161,1,-7.640,2.701,3.620,inf,4,0,0
gen_02161,2,-7.614,2.698,3.595,inf,4,0,0
gen_02162,1,-6.909,2.874,4.455,inf,2,0,0
gen_02163,1,-8.772,2.755,4.036,4.825,2,1,0
gen_02163,2,-8.504,2.471,4.401,5.931,2,1,0
gen_02163,3,-8.470,2.490,4.390,5.504,2,1,0
gen_02163,4,-8.451,2.241,4.286,5.174,2,1,0
gen_02163,5,-8.443,2.413,4.348,5.360,2,1,0
gen_02163,6,-8.425,2.432,4.343,5.351,2,1,0
gen_02163,7,-8.404,2.470,4.367,5.427,2,1,0
gen_02164,1,-7.443,2.701,4.500,2.991,2,1,1
gen_02164,2,-7.436,2.649,4.447,2.987,2,1,1
gen_02164,3,-7.430,2.687,4.509,2.978,2,1,1
gen_02164,4,-7.341,2.742,4.414,3.298,2,1,1
gen_02164,5,-7.327,2.623,4.110,3.586,2,1,0
gen_02164,6,-7.318,2.777,4.461,3.250,2,1,1
gen_02164,7,-7.315,2.662,4.171,3.603,2,1,0
gen_02164,8,-7.313,2.622,4.112,3.626,2,1,0
gen_02164,9,-7.312,2.617,4.114,3.603,2,1,0
gen_02165,1,-7.289,2.493,2.825,inf,2,0,0
gen_02165,2,-7.203,2.674,3.102,inf,2,0,0
gen_02165,3,-7.167,2.761,2.770,inf,2,0,0
gen_02165,4,-7.054,2.723,2.729,inf,2,0,0
gen_02166,1,-7.086,2.853,4.451,inf,2,0,0
gen_02166,2,-7.036,2.849,4.541,inf,2,0,0
gen_02166,3,-7.027,2.355,2.716,inf,2,0,0
gen_02166,4,-7.012,2.495,2.593,inf,2,0,0
gen_02166,5,-6.995,2.787,4.383,inf,2,0,0
gen_02166,6,-6.993,2.814,4.457,inf,2,0,0
gen_02166,7,-6.985,2.826,4.452,inf,2,0,0
gen_02166,8,-6.960,2.760,4.459,inf,2,0,0
gen_02167,1,-7.079,2.455,2.546,3.208,2,1,1
gen_02168,1,-7.705,2.386,4.287,inf,2,0,0
gen_02168,2,-7.599,2.598,4.210,inf,2,0,0
gen_02168,3,-7.579,2.208,4.214,inf,2,0,0
gen_02168,4,-7.484,2.249,4.185,inf,2,0,0
gen_02168,5,-7.407,2.515,4.705,inf,2,0,0
gen_02168,6,-7.324,2.310,4.276,inf,2,0,0
gen_02168,7,-6.946,2.842,4.587,inf,2,0,0
gen_02169,1,-8.685,2.751,4.449,inf,4,0,0
gen_02169,2,-8.650,2.755,4.444,inf,4,0,0
gen_02169,3,-8.632,2.780,4.469,inf,4,0,0
gen_02170,1,-8.403,2.797,4.294,inf,2,0,0
gen_02170,2,-8.390,2.857,4.356,inf,2,0,0
gen_02170,3,-8.324,2.838,4.344,inf,2,0,0
gen_02170,4,-8.308,2.946,4.379,inf,2,0,0
gen_02170,5,-8.276,2.943,4.386,inf,2,0,0
gen_02170,6,-8.068,2.910,4.360,inf,2,0,0
gen_02171,1,-7.105,3.305,4.396,inf,2,0,0
gen_02172,1,-7.629,5.625,5.674,inf,2,0,0
gen_02172,2,-7.623,5.693,5.790,inf,2,0,0
gen_02172,3,-7.606,2.371,2.760,inf,2,0,0
gen_02172,4,-7.529,2.369,2.751,inf,2,0,0
gen_02173,1,-7.254,2.819,4.545,inf,2,0,0
gen_02173,2,-7.089,2.834,4.562,inf,2,0,0
gen_02174,1,-7.537,3.187,5.067,inf,2,0,0
gen_02174,2,-7.529,3.133,5.029,inf,2,0,0
gen_02174,3,-7.478,4.486,5.671,inf,2,0,0
gen_02174,4,-7.444,4.469,5.585,inf,2,0,0
gen_02175,1,-7.212,6.391,7.513,inf,2,0,0
gen_02176,1,-7.125,2.814,4.536,4.162,4,1,0
gen_02176,2,-7.098,2.773,4.523,4.105,4,1,0
gen_02176,3,-7.056,3.274,4.392,9.778,4,1,0
gen_02176,4,-6.958,3.369,4.362,9.822,4,1,0
gen_02177,1,-7.239,2.764,4.321,inf,2,0,0
gen_02177,2,-7.117,2.813,4.389,inf,2,0,0
gen_02178,1,-8.055,2.565,4.481,inf,2,0,0
gen_02178,2,-8.049,2.526,4.433,inf,2,0,0
gen_02179,1,-8.991,2.595,4.421,inf,4,0,0
gen_02179,2,-8.977,2.573,4.297,inf,4,0,0
gen_02179,3,-8.945,2.598,4.272,inf,4,0,0
gen_02180,1,-7.474,2.577,3.910,inf,2,0,0
gen_02180,2,-7.456,2.564,3.674,inf,2,0,0
gen_02180,3,-6.590,2.861,4.367,inf,2,0,0
gen_02181,1,-7.291,2.956,4.593,inf,4,0,0
gen_02181,2,-7.266,2.871,4.423,inf,4,0,0
gen_02181,3,-7.240,2.819,4.554,inf,4,0,0
gen_02181,4,-7.196,2.799,4.451,inf,4,0,0
gen_02182,1,-7.603,2.633,3.857,11.336,2,1,0
gen_02182,2,-7.583,2.671,3.862,11.355,2,1,0
gen_02182,3,-7.557,2.674,3.845,11.354,2,1,0
gen_02183,1,-7.751,2.511,2.691,inf,2,0,0
gen_02183,2,-7.658,2.204,4.369,inf,2,0,0
gen_02184,1,-7.191,4.258,4.392,inf,4,0,0
gen_02184,2,-7.166,4.225,4.501,inf,4,0,0
gen_02184,3,-7.132,3.975,4.694,inf,4,0,0
gen_02185,1,-6.732,2.600,2.671,inf,2,0,0
gen_02185,2,-6.723,3.366,4.334,inf,2,0,0
gen_02185,3,-6.673,2.252,4.358,inf,2,0,0
gen_02185,4,-6.647,2.316,4.290,inf,2,0,0
gen_02185,5,-6.587,16.333,17.092,inf,2,0,0
gen_02185,6,-6.549,16.406,17.131,inf,2,0,0
gen_02186,1,-7.730,3.370,4.426,inf,2,0,0
gen_02186,2,-7.715,3.035,4.569,inf,2,0,0
gen_02186,3,-7.701,3.093,4.618,inf,2,0,0
gen_02186,4,-7.697,2.791,4.498,inf,2,0,0
gen_02186,5,-7.662,3.133,4.812,inf,2,0,0
gen_02186,6,-7.657,3.522,4.414,inf,2,0,0
gen_02186,7,-7.644,3.547,4.419,inf,2,0,0
gen_02186,8,-7.640,3.069,4.590,inf,2,0,0
gen_02186,9,-7.602,4.087,4.766,inf,2,0,0
gen_02186,10,-7.601,4.055,4.751,inf,2,0,0
gen_02186,11,-7.563,3.980,4.676,inf,2,0,0
gen_02186,12,-7.497,2.768,4.522,inf,2,0,0
gen_02187,1,-8.308,2.603,4.440,inf,2,0,0
gen_02187,2,-8.292,2.571,4.429,inf,2,0,0
gen_02187,3,-8.269,2.633,4.384,inf,2,0,0
gen_02187,4,-8.246,2.728,4.435,inf,2,0,0
gen_02187,5,-8.246,2.730,4.518,inf,2,0,0
gen_02187,6,-8.238,2.607,4.450,inf,2,0,0
gen_02188,1,-7.612,2.661,4.430,inf,2,0,0
gen_02188,2,-7.479,2.624,4.401,inf,2,0,0
gen_02188,3,-7.463,2.785,4.384,inf,2,0,0
gen_02188,4,-7.458,2.776,4.380,inf,2,0,0
gen_02188,5,-7.447,2.769,4.318,inf,2,0,0
gen_02188,6,-7.390,2.741,4.505,inf,2,0,0
gen_02188,7,-7.381,2.570,4.324,inf,2,0,0
gen_02188,8,-7.374,2.730,4.188,inf,2,0,0
gen_02189,1,-7.360,2.658,4.376,3.259,2,2,1
gen_02190,1,-6.982,3.398,4.354,inf,2,0,0
gen_02190,2,-6.977,3.373,4.332,inf,2,0,0
gen_02190,3,-6.948,3.270,4.332,inf,2,0,0
gen_02191,1,-7.848,2.846,4.462,inf,2,0,0
gen_02191,2,-7.787,2.856,4.557,inf,2,0,0
gen_02192,1,-7.963,3.615,4.496,inf,2,0,0
gen_02192,2,-7.901,3.590,4.499,inf,2,0,0
gen_02192,3,-7.823,2.701,4.175,inf,2,0,0
gen_02192,4,-7.805,2.797,4.543,inf,2,0,0
gen_02192,5,-7.792,2.807,4.535,inf,2,0,0
gen_02193,1,-8.482,2.775,4.417,inf,2,0,0
gen_02193,2,-8.387,2.818,4.375,inf,2,0,0
gen_02194,1,-7.195,2.334,2.724,inf,4,0,0
gen_02194,2,-7.154,2.342,2.695,inf,4,0,0
gen_02194,3,-7.026,2.332,2.704,inf,4,0,0
gen_02195,1,-7.892,2.717,4.358,inf,2,0,0
gen_02196,1,-8.289,2.717,4.276,3.270,2,1,1
gen_02196,2,-8.234,2.762,4.268,3.248,2,1,1
gen_02197,1,-8.110,2.471,2.581,inf,2,0,0
gen_02197,2,-8.074,2.408,2.630,inf,2,0,0
gen_02197,3,-8.067,2.485,2.537,inf,2,0,0
gen_02197,4,-8.060,2.412,2.577,inf,2,0,0
gen_02197,5,-8.044,2.241,2.980,inf,2,0,0
gen_02197,6,-8.001,2.444,2.545,inf,2,0,0
gen_02197,7,-7.989,2.401,2.591,inf,2,0,0
gen_02197,8,-7.941,2.291,2.482,inf,2,0,0
gen_02197,9,-7.938,2.327,2.579,inf,2,0,0
gen_02197,10,-7.928,2.311,2.495,inf,2,0,0
gen_02198,1,-6.803,2.603,4.309,inf,2,0,0
gen_02198,2,-6.796,2.611,4.083,inf,2,0,0
gen_02198,3,-6.788,2.662,4.056,inf,2,0,0
gen_02198,4,-6.688,2.606,4.125,inf,2,0,0
gen_02198,5,-6.638,2.450,4.538,inf,2,0,0
gen_02198,6,-6.444,2.507,4.673,inf,2,0,0
gen_02198,7,-6.412,2.779,4.532,inf,2,0,0
gen_02198,8,-6.270,2.781,4.360,inf,2,0,0
gen_02198,9,-6.174,11.995,12.570,inf,2,0,0
gen_02199,1,-6.791,2.790,4.472,inf,2,0,0
gen_02199,2,-6.681,2.783,4.445,inf,2,0,0
gen_02200,1,-7.206,2.649,4.470,inf,2,0,0
gen_02200,2,-7.142,2.774,4.470,inf,2,0,0
gen_02201,1,-8.519,14.504,15.129,inf,2,0,0
gen_02201,2,-8.474,14.540,15.157,inf,2,0,0
gen_02201,3,-8.460,14.522,15.089,inf,2,0,0
gen_02201,4,-8.402,14.543,15.031,inf,2,0,0
gen_02201,5,-8.369,14.485,15.039,inf,2,0,0
gen_02201,6,-8.361,14.378,15.178,inf,2,0,0
gen_02201,7,-8.287,14.534,15.151,inf,2,0,0
gen_02202,1,-7.417,2.706,3.821,2.950,2,2,1
gen_02203,1,-7.384,2.761,4.558,inf,4,0,0
gen_02203,2,-7.371,2.759,4.567,inf,4,0,0
gen_02203,3,-7.362,2.782,4.575,inf,4,0,0
gen_02203,4,-7.339,2.778,4.555,inf,4,0,0
gen_02204,1,-6.970,3.086,4.639,inf,2,0,0
gen_02204,2,-6.950,2.859,4.440,inf,2,0,0
gen_02204,3,-6.934,3.192,4.734,inf,2,0,0
gen_02205,1,-7.820,2.835,4.532,inf,2,0,0
gen_02205,2,-7.809,2.920,4.527,inf,2,0,0
gen_02205,3,-7.791,2.764,4.430,inf,2,0,0
gen_02205,4,-7.775,2.778,4.466,inf,2,0,0
gen_02205,5,-7.754,2.768,4.466,inf,2,0,0
gen_02205,6,-7.735,2.867,4.481,inf,2,0,0
gen_02205,7,-7.726,2.795,4.528,inf,2,0,0
gen_02205,8,-7.723,2.829,4.493,inf,2,0,0
gen_02205,9,-7.607,2.858,4.485,inf,2,0,0
gen_02206,1,-6.922,2.750,4.466,inf,2,0,0
gen_02206,2,-6.861,2.740,4.407,inf,2,0,0
gen_02207,1,-7.659,2.792,4.490,inf,2,0,0
gen_02207,2,-7.605,2.788,4.491,inf,2,0,0
gen_02207,3,-7.563,2.798,4.486,inf,2,0,0
gen_02207,4,-7.503,2.763,4.381,inf,2,0,0
gen_02208,1,-8.091,2.244,4.122,inf,4,0,0
gen_02208,2,-8.057,2.328,4.061,inf,4,0,0
gen_02208,3,-8.007,3.044,4.226,inf,4,0,0
gen_02209,1,-8.231,2.451,4.593,inf,2,0,0
gen_02209,2,-8.216,2.425,4.543,inf,2,0,0
gen_02209,3,-8.175,2.422,4.565,inf,2,0,0
gen_02209,4,-7.385,2.812,4.253,inf,2,0,0
gen_02210,1,-7.471,2.788,4.600,7.654,2,1,0
gen_02210,2,-7.421,2.806,4.593,7.592,2,1,0
gen_02210,3,-7.381,4.389,4.705,7.523,2,1,0
gen_02210,4,-7.326,2.655,4.663,7.731,2,1,0
gen_02210,5,-7.310,2.751,4.464,3.102,2,1,1
gen_02210,6,-7.307,2.694,4.692,7.776,2,1,0
gen_02210,7,-7.273,2.660,4.545,7.787,2,1,0
gen_02210,8,-7.238,2.772,4.494,3.129,2,1,1
gen_02210,9,-6.837,2.763,3.243,2.863,2,1,1
gen_02211,1,-7.621,2.768,4.394,inf,2,0,0
gen_02212,1,-7.996,3.263,4.601,inf,2,0,0
gen_02212,2,-7.979,2.764,4.496,inf,2,0,0
gen_02212,3,-7.929,2.805,4.407,inf,2,0,0
gen_02213,1,-6.696,2.669,4.472,inf,2,0,0
gen_02213,2,-6.583,2.547,4.470,inf,2,0,0
gen_02214,1,-7.247,2.483,2.755,inf,2,0,0
gen_02214,2,-7.215,2.512,2.742,inf,2,0,0
gen_02214,3,-7.179,2.402,2.779,inf,2,0,0
gen_02214,4,-7.160,2.690,4.280,inf,2,0,0
gen_02214,5,-7.038,2.725,4.421,inf,2,0,0
gen_02214,6,-7.028,2.711,4.405,inf,2,0,0
gen_02214,7,-6.996,2.802,4.492,inf,2,0,0
gen_02215,1,-8.398,6.043,6.925,inf,2,0,0
gen_02215,2,-8.361,6.072,6.879,inf,2,0,0
gen_02216,1,-8.003,2.796,4.267,inf,2,0,0
gen_02217,1,-6.837,2.800,4.547,inf,2,0,0
gen_02218,1,-8.179,2.615,4.371,inf,2,0,0
gen_02218,2,-8.125,2.656,4.357,inf,2,0,0
gen_02218,3,-8.046,2.700,4.393,inf,2,0,0
gen_02218,4,-7.682,2.287,4.129,inf,2,0,0
gen_02219,1,-7.221,14.682,14.980,5.704,2,1,0
gen_02219,2,-7.198,14.820,14.886,5.760,2,1,0
gen_02219,3,-7.165,14.794,14.981,5.723,2,1,0
gen_02219,4,-7.080,14.731,14.795,3.886,2,1,0
gen_02220,1,-8.369,2.581,4.570,inf,2,0,0
gen_02220,2,-8.332,2.602,4.587,inf,2,0,0
gen_02221,1,-6.560,2.733,4.422,inf,2,0,0
gen_02222,1,-8.371,13.931,14.376,6.209,2,1,0
gen_02222,2,-8.318,14.079,14.370,6.244,2,1,0
gen_02222,3,-8.155,14.622,14.835,6.284,2,1,0
gen_02222,4,-8.096,14.639,14.767,6.313,2,1,0
gen_02223,1,-7.137,2.693,4.426,inf,2,0,0
gen_02224,1,-8.016,2.454,4.300,inf,4,0,0
gen_02224,2,-7.998,2.466,4.285,inf,4,0,0
gen_02224,3,-7.932,2.557,4.211,inf,4,0,0
gen_02225,1,-7.480,2.511,4.450,inf,2,0,0
gen_02225,2,-7.267,3.038,4.462,inf,2,0,0
gen_02226,1,-6.564,2.765,4.385,inf,4,0,0
gen_02226,2,-6.561,2.748,4.359,inf,4,0,0
gen_02226,3,-6.552,2.758,4.371,inf,4,0,0
gen_02226,4,-6.531,2.743,4.432,inf,4,0,0
gen_02226,5,-6.526,2.743,4.479,inf,4,0,0
gen_02226,6,-6.397,3.536,4.393,inf,4,0,0
gen_02227,1,-7.497,2.696,4.322,inf,2,0,0
gen_02227,2,-7.489,2.769,4.363,inf,2,0,0
gen_02227,3,-7.453,2.784,4.386,inf,2,0,0
gen_02227,4,-7.436,2.714,4.335,inf,2,0,0
gen_02227,5,-7.275,2.733,4.273,inf,2,0,0
gen_02228,1,-7.992,2.709,4.417,6.637,2,1,0
gen_02228,2,-7.971,2.767,4.408,6.756,2,1,0
gen_02228,3,-7.930,2.784,4.476,6.668,2,1,0
gen_02229,1,-7.743,2.844,4.203,inf,2,0,0
gen_02229,2,-7.712,2.812,4.196,inf,2,0,0
gen_02230,1,-7.743,2.878,4.658,inf,2,0,0
gen_02230,2,-7.512,10.326,11.118,inf,2,0,0
gen_02230,3,-7.499,10.090,11.115,inf,2,0,0
gen_02230,4,-7.497,10.209,11.041,inf,2,0,0
gen_02230,5,-7.444,10.359,11.069,inf,2,0,0
gen_02231,1,-7.524,2.699,4.382,inf,2,0,0
gen_02232,1,-8.567,2.790,2.995,7.482,2,1,0
gen_02232,2,-8.382,14.547,15.015,5.418,2,1,0
gen_02232,3,-8.331,14.772,14.904,5.379,2,1,0
gen_02232,4,-8.265,12.352,13.977,5.704,2,1,0
gen_02232,5,-8.254,14.553,14.921,5.924,2,1,0
gen_02232,6,-8.249,12.774,13.980,5.706,2,1,0
gen_02233,1,-7.685,2.916,4.498,inf,2,0,0
gen_02234,1,-7.511,2.688,4.319,inf,2,0,0
gen_02234,2,-7.483,2.729,4.293,inf,2,0,0
gen_02235,1,-7.799,2.739,4.467,inf,2,0,0
gen_02235,2,-7.795,2.793,4.507,inf,2,0,0
gen_02235,3,-7.698,2.714,4.398,inf,2,0,0
gen_02235,4,-7.517,2.764,4.499,inf,2,0,0
gen_02236,1,-7.603,2.804,4.567,6.819,2,1,0
gen_02236,2,-7.544,3.095,4.678,6.785,2,1,0
gen_02236,3,-7.425,2.706,4.421,5.774,2,1,0
gen_02236,4,-7.424,2.691,4.380,5.760,2,1,0
gen_02237,1,-6.546,2.776,4.547,inf,4,0,0
gen_02237,2,-6.510,2.751,4.546,inf,4,0,0
gen_02237,3,-6.488,2.735,4.469,inf,4,0,0
gen_02237,4,-6.481,2.751,4.489,inf,4,0,0
gen_02237,5,-6.450,2.731,4.277,inf,4,0,0
gen_02238,1,-7.660,5.592,6.909,inf,2,0,0
gen_02238,2,-7.652,5.598,6.930,inf,2,0,0
gen_02238,3,-7.620,5.556,6.879,inf,2,0,0
gen_02239,1,-7.860,2.606,3.874,inf,2,0,0
gen_02239,2,-7.784,2.668,3.814,inf,2,0,0
gen_02239,3,-7.766,2.688,3.799,inf,2,0,0
gen_02239,4,-7.627,2.918,4.570,inf,2,0,0
gen_02239,5,-7.484,2.979,4.521,inf,2,0,0
gen_02239,6,-7.466,15.533,15.749,inf,2,0,0
gen_02239,7,-7.403,2.827,4.598,inf,2,0,0
gen_02240,1,-6.819,3.299,4.412,3.930,2,1,0
gen_02240,2,-6.763,4.239,4.358,5.332,2,1,0
gen_02240,3,-6.742,3.139,4.563,4.127,2,1,0
gen_02240,4,-6.689,4.427,4.435,5.350,2,1,0
gen_02241,1,-7.650,2.561,4.243,3.428,2,1,1
gen_02241,2,-7.648,2.563,4.214,3.377,2,1,1
gen_02241,3,-7.633,2.527,4.223,3.373,2,1,1
gen_02241,4,-7.622,2.561,4.284,3.016,2,1,1
gen_02242,1,-7.607,2.509,3.928,4.738,2,1,0
gen_02242,2,-7.559,10.142,11.177,5.079,2,1,0
gen_02242,3,-7.516,10.210,11.135,5.147,2,1,0
gen_02243,1,-8.646,9.699,10.505,inf,2,0,0
gen_02243,2,-8.421,9.840,10.432,inf,2,0,0
gen_02243,3,-8.387,9.564,10.484,inf,2,0,0
gen_02244,1,-7.262,2.597,4.360,6.729,4,1,0
gen_02245,1,-8.398,2.381,4.565,inf,2,0,0
gen_02245,2,-8.384,2.338,4.508,inf,2,0,0
gen_02246,1,-7.428,2.686,3.080,inf,2,0,0
gen_02246,2,-7.407,2.700,2.785,inf,2,0,0
gen_02246,3,-7.381,2.709,2.839,inf,2,0,0
gen_02246,4,-7.355,2.673,2.938,inf,2,0,0
gen_02247,1,-7.495,3.059,4.537,6.818,2,1,0
gen_02247,2,-7.491,2.996,4.568,6.740,2,1,0
gen_02247,3,-7.440,3.017,4.606,6.690,2,1,0
gen_02247,4,-7.395,2.998,4.628,6.699,2,1,0
gen_02247,5,-7.390,2.824,4.637,6.652,2,1,0
gen_02247,6,-7.345,2.776,4.622,6.652,2,1,0
gen_02247,7,-7.342,2.758,4.539,6.691,2,1,0
gen_02247,8,-7.325,2.799,4.685,6.651,2,1,0
gen_02247,9,-7.321,2.801,4.584,6.782,2,1,0
gen_02248,1,-7.544,2.763,4.426,inf,2,0,0
gen_02248,2,-7.543,2.751,4.413,inf,2,0,0
gen_02248,3,-7.539,2.834,4.465,inf,2,0,0
gen_02248,4,-7.391,2.739,4.419,inf,2,0,0
gen_02248,5,-7.379,2.778,4.394,inf,2,0,0
gen_02248,6,-7.364,2.773,4.484,inf,2,0,0
gen_02249,1,-8.331,2.881,4.490,3.861,2,1,0
gen_02249,2,-8.298,2.854,4.412,3.856,2,1,0
gen_02249,3,-8.298,2.829,4.542,3.887,2,1,0
gen_02249,4,-8.239,2.852,4.460,3.871,2,1,0
gen_02250,1,-9.321,2.745,4.276,inf,2,0,0
gen_02250,2,-9.321,2.798,4.312,inf,2,0,0
gen_02250,3,-9.304,2.776,4.325,inf,2,0,0
gen_02251,1,-6.911,2.523,4.422,inf,2,0,0
gen_02251,2,-6.904,2.503,4.460,inf,2,0,0
gen_02251,3,-6.895,2.517,4.439,inf,2,0,0
gen_02251,4,-6.853,2.682,4.518,inf,2,0,0
gen_02251,5,-6.806,2.482,2.547,inf,2,0,0
gen_02251,6,-6.775,2.274,3.478,inf,2,0,0
gen_02251,7,-6.748,2.283,3.545,inf,2,0,0
gen_02251,8,-6.630,3.145,4.479,inf,2,0,0
gen_02251,9,-6.605,3.250,4.529,inf,2,0,0
gen_02251,10,-6.550,2.787,4.487,inf,2,0,0
gen_02252,1,-7.355,2.614,4.494,inf,4,0,0
gen_02252,2,-7.296,3.150,4.243,inf,4,0,0
gen_02252,3,-7.283,2.687,4.216,inf,4,0,0
gen_02252,4,-7.244,2.701,4.269,inf,4,0,0
gen_02252,5,-7.208,14.744,14.797,inf,4,0,0
gen_02252,6,-7.174,14.802,15.065,inf,4,0,0
gen_02252,7,-7.037,14.841,14.897,inf,4,0,0
gen_02252,8,-7.020,15.050,15.064,inf,4,0,0
gen_02252,9,-6.975,2.718,3.922,inf,4,0,0
gen_02252,10,-6.959,2.853,3.915,inf,4,0,0
gen_02252,11,-6.948,2.588,4.135,inf,4,0,0
gen_02252,12,-6.755,2.795,4.301,inf,4,0,0
gen_02252,13,-6.666,2.735,3.743,inf,4,0,0
gen_02253,1,-8.175,2.751,4.384,inf,2,0,0
gen_02254,1,-7.055,2.746,4.427,inf,2,0,0
gen_02254,2,-6.807,2.710,4.409,inf,2,0,0
gen_02254,3,-6.767,2.700,4.256,inf,2,0,0
gen_02254,4,-6.741,2.711,4.432,inf,2,0,0
gen_02254,5,-6.685,2.797,4.370,inf,2,0,0
gen_02254,6,-6.674,2.639,3.862,inf,2,0,0
gen_02254,7,-6.663,2.643,4.161,inf,2,0,0
gen_02255,1,-7.617,2.729,4.404,inf,2,0,0
gen_02255,2,-7.562,2.740,4.397,inf,2,0,0
gen_02255,3,-7.561,2.737,4.390,inf,2,0,0
gen_02256,1,-8.636,2.795,3.949,inf,2,0,0
gen_02256,2,-8.541,2.741,4.435,inf,2,0,0
gen_02256,3,-8.533,2.784,4.471,inf,2,0,0
gen_02256,4,-8.514,2.763,4.539,inf,2,0,0
gen_02256,5,-8.464,2.745,4.460,inf,2,0,0
gen_02256,6,-8.444,2.683,3.390,inf,2,0,0
gen_02256,7,-8.422,2.992,3.161,inf,2,0,0
gen_02256,8,-8.317,2.851,4.590,inf,2,0,0
gen_02256,9,-8.297,2.722,2.878,inf,2,0,0
gen_02257,1,-7.362,2.745,4.419,inf,2,0,0
gen_02257,2,-7.323,2.805,4.437,inf,2,0,0
gen_02257,3,-7.323,2.735,4.438,inf,2,0,0
gen_02258,1,-7.199,2.807,4.309,inf,2,0,0
gen_02258,2,-7.141,2.801,4.391,inf,2,0,0
gen_02259,1,-7.143,2.758,4.423,inf,2,0,0
gen_02259,2,-7.049,2.746,4.476,inf,2,0,0
gen_02259,3,-7.036,12.471,13.040,inf,2,0,0
gen_02259,4,-6.959,12.493,13.086,inf,2,0,0
gen_02260,1,-7.452,2.753,4.473,inf,2,0,0
gen_02260,2,-7.439,2.718,4.452,inf,2,0,0
gen_02261,1,-8.000,3.135,4.398,inf,2,0,0
gen_02261,2,-7.995,2.807,4.310,inf,2,0,0
gen_02261,3,-7.966,2.841,4.350,inf,2,0,0
gen_02261,4,-7.956,3.013,4.316,inf,2,0,0
gen_02261,5,-7.935,2.793,4.315,inf,2,0,0
gen_02261,6,-7.928,2.944,4.447,inf,2,0,0
gen_02261,7,-7.921,2.807,4.376,inf,2,0,0
gen_02262,1,-7.794,2.776,3.403,inf,2,0,0
gen_02262,2,-7.698,2.701,2.723,inf,2,0,0
gen_02262,3,-7.670,2.620,2.715,inf,2,0,0
gen_02263,1,-7.504,2.680,4.476,inf,2,0,0
gen_02263,2,-7.444,2.778,4.474,inf,2,0,0
gen_02263,3,-7.437,2.740,4.509,inf,2,0,0
gen_02263,4,-7.424,2.775,4.443,inf,2,0,0
gen_02264,1,-7.870,2.535,2.688,5.747,2,1,0
gen_02264,2,-7.862,2.604,2.679,5.765,2,1,0
gen_02265,1,-7.090,2.446,2.736,inf,2,0,0
gen_02265,2,-6.890,2.302,4.514,inf,2,0,0
gen_02266,1,-7.259,3.127,4.834,2.985,2,2,1
gen_02266,2,-7.232,7.783,8.308,2.948,2,2,0
gen_02266,3,-7.199,8.446,8.621,5.938,2,2,0
gen_02266,4,-7.146,7.954,7.962,2.958,2,2,0
gen_02266,5,-7.060,3.294,4.614,7.003,2,2,0
gen_02267,1,-7.651,3.462,4.285,inf,4,0,0
gen_02267,2,-7.648,3.508,4.283,inf,4,0,0
gen_02267,3,-7.633,3.446,4.280,inf,4,0,0
gen_02267,4,-7.604,3.452,4.264,inf,4,0,0
gen_02268,1,-7.249,3.130,4.762,inf,4,0,0
gen_02269,1,-7.172,2.723,4.368,inf,2,0,0
gen_02269,2,-7.162,2.763,4.352,inf,2,0,0
gen_02270,1,-7.504,2.755,4.493,inf,2,0,0
gen_02271,1,-6.164,2.618,3.832,4.320,2,1,0
gen_02271,2,-6.157,2.780,4.317,5.248,2,1,0
gen_02271,3,-6.133,2.691,3.835,4.274,2,1,0
gen_02271,4,-6.078,2.668,3.825,4.412,2,1,0
gen_02272,1,-9.460,2.866,4.485,inf,2,0,0
gen_02272,2,-9.407,3.215,4.430,inf,2,0,0
gen_02273,1,-8.272,2.754,4.257,inf,2,0,0
gen_02274,1,-8.454,3.071,4.435,3.890,2,1,0
gen_02274,2,-8.410,3.109,4.457,3.876,2,1,0
gen_02274,3,-8.376,3.162,4.404,3.836,2,1,0
gen_02274,4,-8.344,2.702,4.420,4.599,2,1,0
gen_02274,5,-8.344,13.491,15.557,3.939,2,1,0
gen_02274,6,-8.258,14.708,15.770,3.194,2,1,0
gen_02274,7,-8.238,14.589,15.370,2.900,2,1,0
gen_02274,8,-8.125,2.637,3.894,5.176,2,1,0
gen_02274,9,-8.006,13.023,14.981,4.922,2,1,0
gen_02275,1,-7.782,2.710,3.804,inf,2,0,0
gen_02275,2,-7.755,2.747,3.820,inf,2,0,0
gen_02276,1,-7.361,2.721,4.225,inf,2,0,0
gen_02276,2,-7.347,2.723,4.231,inf,2,0,0
gen_02276,3,-7.224,2.725,4.471,inf,2,0,0
gen_02276,4,-7.222,2.724,4.435,inf,2,0,0
gen_02277,1,-6.599,2.656,3.814,inf,2,0,0
gen_02277,2,-6.552,2.691,3.845,inf,2,0,0
gen_02277,3,-6.497,2.723,3.587,inf,2,0,0
gen_02277,4,-6.349,3.108,4.361,inf,2,0,0
gen_02277,5,-6.314,2.872,4.323,inf,2,0,0
gen_02277,6,-6.292,2.779,4.420,inf,2,0,0
gen_02278,1,-8.338,2.457,4.390,inf,2,0,0
gen_02278,2,-8.293,2.441,4.426,inf,2,0,0
gen_02278,3,-8.093,2.544,4.512,inf,2,0,0
gen_02278,4,-8.075,5.385,6.259,inf,2,0,0
gen_02278,5,-7.887,5.074,6.613,inf,2,0,0
gen_02279,1,-145.607,14.000,15.242,inf,2,0,0
gen_02279,2,-142.063,6.758,6.866,inf,2,0,0
gen_02280,1,-7.619,2.803,3.876,inf,4,0,0
gen_02280,2,-7.594,2.984,3.757,inf,4,0,0
gen_02281,1,-7.617,2.754,4.117,inf,2,0,0
gen_02281,2,-7.584,2.727,3.849,inf,2,0,0
gen_02282,1,-7.154,2.704,4.367,inf,2,0,0
gen_02282,2,-7.147,2.747,4.401,inf,2,0,0
gen_02282,3,-7.131,2.744,4.406,inf,2,0,0
gen_02282,4,-7.121,2.744,4.399,inf,2,0,0
gen_02283,1,-7.149,2.673,4.316,inf,2,0,0
gen_02283,2,-7.131,2.658,4.330,inf,2,0,0
gen_02284,1,-7.745,3.826,4.384,inf,2,0,0
gen_02284,2,-7.729,3.619,4.236,inf,2,0,0
gen_02284,3,-7.652,3.991,4.410,inf,2,0,0
gen_02285,1,-7.298,4.394,4.705,3.891,2,2,0
gen_02285,2,-7.262,4.472,4.683,3.963,2,2,0
gen_02286,1,-7.174,2.194,4.321,inf,2,0,0
gen_02286,2,-7.134,2.199,4.317,inf,2,0,0
gen_02286,3,-7.107,2.243,4.425,inf,2,0,0
gen_02286,4,-7.024,2.258,4.388,inf,2,0,0
gen_02286,5,-6.829,2.460,4.529,inf,2,0,0
gen_02286,6,-6.738,2.577,4.463,inf,2,0,0
gen_02287,1,-7.840,2.663,4.404,6.111,2,1,0
gen_02287,2,-7.823,2.668,4.404,6.100,2,1,0
gen_02288,1,-6.435,2.774,4.241,inf,2,0,0
gen_02289,1,-7.243,2.753,4.537,4.517,2,1,0
gen_02289,2,-7.197,3.085,4.665,4.505,2,1,0
gen_02289,3,-7.174,2.815,4.516,4.622,2,1,0
gen_02289,4,-7.164,2.799,4.593,4.294,2,1,0
gen_02289,5,-7.147,3.011,4.719,5.212,2,1,0
gen_02289,6,-7.133,2.766,4.510,4.398,2,1,0
gen_02289,7,-7.029,2.210,4.371,3.395,2,1,1
gen_02289,8,-7.020,2.490,4.313,4.171,2,1,0
gen_02289,9,-6.961,10.816,11.797,4.662,2,1,0
gen_02289,10,-6.931,11.008,11.561,4.749,2,1,0
gen_02289,11,-6.807,3.365,4.419,4.960,2,1,0
gen_02290,1,-7.917,3.247,4.682,inf,2,0,0
gen_02290,2,-7.837,3.446,4.898,inf,2,0,0
gen_02291,1,-8.035,2.765,4.473,inf,2,0,0
gen_02291,2,-7.972,2.801,4.115,inf,2,0,0
gen_02291,3,-7.911,2.771,4.453,inf,2,0,0
gen_02291,4,-7.886,2.725,4.403,inf,2,0,0
gen_02291,5,-7.872,2.774,4.489,inf,2,0,0
gen_02291,6,-7.867,2.756,4.433,inf,2,0,0
gen_02291,7,-7.848,2.724,3.912,inf,2,0,0
gen_02291,8,-7.830,2.771,4.463,inf,2,0,0
gen_02291,9,-7.828,2.767,4.455,inf,2,0,0
gen_02292,1,-6.831,13.402,14.265,inf,2,0,0
gen_02292,2,-6.802,13.285,14.170,inf,2,0,0
gen_02293,1,-7.357,3.138,4.490,inf,2,0,0
gen_02293,2,-7.337,3.176,4.577,inf,2,0,0
gen_02293,3,-7.316,2.794,4.466,inf,2,0,0
gen_02293,4,-7.295,2.816,4.451,inf,2,0,0
gen_02293,5,-7.277,3.241,4.477,inf,2,0,0
gen_02293,6,-7.270,2.737,4.436,inf,2,0,0
gen_02294,1,-7.899,2.733,4.007,inf,2,0,0
gen_02294,2,-7.830,2.717,4.344,inf,2,0,0
gen_02294,3,-7.804,2.705,4.211,inf,2,0,0
gen_02294,4,-7.612,2.738,2.759,inf,2,0,0
gen_02295,1,-7.722,2.697,4.466,inf,4,0,0
gen_02295,2,-7.591,2.731,4.496,inf,4,0,0
gen_02295,3,-7.584,2.733,4.470,inf,4,0,0
gen_02295,4,-7.482,2.692,4.433,inf,4,0,0
gen_02295,5,-7.476,2.728,4.440,inf,4,0,0
gen_02295,6,-7.277,2.624,4.391,inf,4,0,0
gen_02296,1,-7.999,2.755,4.197,inf,2,0,0
gen_02296,2,-7.990,2.757,4.186,inf,2,0,0
gen_02297,1,-7.783,2.754,2.996,inf,4,0,0
gen_02297,2,-7.591,2.575,3.421,inf,4,0,0
gen_02298,1,-7.210,13.969,14.297,inf,2,0,0
gen_02298,2,-7.193,14.053,14.383,inf,2,0,0
gen_02299,1,-5.882,3.032,4.435,4.333,2,1,0
gen_02299,2,-5.861,2.682,3.887,7.857,2,1,0
gen_02299,3,-5.844,3.091,4.335,4.269,2,1,0
gen_02299,4,-5.793,2.621,3.595,7.660,2,1,0
gen_02299,5,-5.749,3.533,4.400,4.155,2,1,0
gen_02299,6,-5.723,2.804,4.435,5.431,2,1,0
gen_02299,7,-5.721,2.925,4.346,4.253,2,1,0
gen_02299,8,-5.654,2.699,3.569,7.314,2,1,0
gen_02299,9,-5.647,3.066,4.522,5.576,2,1,0
gen_02299,10,-5.625,3.144,4.289,4.333,2,1,0
gen_02299,11,-5.591,2.879,3.787,8.095,2,1,0
gen_02299,12,-5.576,2.782,4.275,4.892,2,1,0
gen_02300,1,-7.262,2.763,4.477,inf,4,0,0
gen_02300,2,-7.236,2.778,4.398,inf,4,0,0
gen_02300,3,-7.235,2.757,4.373,inf,4,0,0
gen_02300,4,-7.230,2.788,4.406,inf,4,0,0
gen_02300,5,-7.218,2.858,4.548,inf,4,0,0
gen_02300,6,-7.208,2.762,4.330,inf,4,0,0
gen_02300,7,-7.202,2.740,4.413,inf,4,0,0
gen_02300,8,-7.103,2.783,4.410,inf,4,0,0
gen_02301,1,-8.038,2.680,4.299,inf,2,0,0
gen_02301,2,-8.004,2.697,4.290,inf,2,0,0
gen_02301,3,-7.968,2.674,4.314,inf,2,0,0
gen_02301,4,-7.967,2.643,4.294,inf,2,0,0
gen_02301,5,-7.962,2.645,4.293,inf,2,0,0
gen_02302,1,-6.992,4.163,4.894,inf,2,0,0
gen_02302,2,-6.924,3.762,4.667,inf,2,0,0
gen_02303,1,-8.282,2.739,4.483,5.142,2,1,0
gen_02303,2,-8.241,2.710,4.401,3.726,2,1,0
gen_02303,3,-8.239,2.657,4.415,3.817,2,1,0
gen_02303,4,-8.226,2.760,4.475,5.178,2,1,0
gen_02303,5,-8.187,2.737,4.421,3.330,2,1,1
gen_02303,6,-8.167,2.723,4.439,3.334,2,1,1
gen_02303,7,-8.145,2.710,4.400,3.330,2,1,1
gen_02303,8,-8.098,2.752,4.472,3.672,2,1,0
gen_02304,1,-8.054,2.756,4.227,3.804,2,1,0
gen_02304,2,-8.037,2.696,3.864,3.670,2,1,0
gen_02304,3,-8.020,2.795,4.290,3.943,2,1,0
gen_02304,4,-7.875,2.714,3.848,3.620,2,1,0
gen_02305,1,-8.419,2.682,4.403,inf,4,0,0
gen_02305,2,-8.347,2.714,4.460,inf,4,0,0
gen_02305,3,-8.105,2.624,4.281,inf,4,0,0
gen_02305,4,-8.096,2.631,4.257,inf,4,0,0
gen_02306,1,-7.521,2.711,4.440,inf,2,0,0
gen_02306,2,-7.500,2.654,4.427,inf,2,0,0
gen_02306,3,-7.474,2.682,4.404,inf,2,0,0
gen_02306,4,-7.451,2.716,4.378,inf,2,0,0
gen_02306,5,-6.893,13.369,14.454,inf,2,0,0
gen_02307,1,-8.518,2.767,3.929,inf,2,0,0
gen_02307,2,-8.468,2.709,3.787,inf,2,0,0
gen_02307,3,-8.445,2.784,3.714,inf,2,0,0
gen_02307,4,-8.418,2.737,3.683,inf,2,0,0
gen_02308,1,-7.144,2.816,4.377,inf,2,0,0
gen_02309,1,-8.232,6.274,6.591,inf,2,0,0
gen_02309,2,-8.226,6.432,6.497,inf,2,0,0
gen_02309,3,-8.219,6.461,6.475,inf,2,0,0
gen_02309,4,-8.213,6.429,6.447,inf,2,0,0
gen_02309,5,-8.162,15.028,16.559,inf,2,0,0
gen_02310,1,-8.089,2.513,2.677,inf,4,0,0
gen_02310,2,-8.067,2.603,2.616,inf,4,0,0
gen_02310,3,-7.962,2.652,2.720,inf,4,0,0
gen_02310,4,-7.952,2.628,2.661,inf,4,0,0
gen_02310,5,-7.926,2.577,3.067,inf,4,0,0
gen_02310,6,-7.760,3.959,4.279,inf,4,0,0
gen_02310,7,-7.503,10.519,10.842,inf,4,0,0
gen_02311,1,-8.295,10.555,10.940,inf,2,0,0
gen_02311,2,-8.265,10.478,10.890,inf,2,0,0
gen_02311,3,-7.973,2.523,4.031,inf,2,0,0
gen_02311,4,-7.924,2.594,4.328,inf,2,0,0
gen_02311,5,-7.916,2.809,4.369,inf,2,0,0
gen_02311,6,-7.879,2.796,4.274,inf,2,0,0
gen_02311,7,-7.817,2.794,4.271,inf,2,0,0
gen_02312,1,-7.137,2.779,4.267,4.278,2,1,0
gen_02312,2,-7.099,2.774,4.216,4.059,2,1,0
gen_02312,3,-7.091,2.750,4.026,3.923,2,1,0
gen_02312,4,-7.051,3.167,4.384,4.277,2,1,0
gen_02312,5,-7.028,2.741,3.971,3.858,2,1,0
gen_02312,6,-7.016,12.864,13.014,2.925,2,1,0
gen_02312,7,-6.994,2.812,3.988,4.217,2,1,0
gen_02312,8,-6.956,2.771,3.975,3.874,2,1,0
gen_02312,9,-6.942,2.763,3.971,4.237,2,1,0
gen_02312,10,-6.927,2.679,3.865,3.641,2,1,0
gen_02312,11,-6.922,2.772,3.963,3.961,2,1,0
gen_02313,1,-6.463,2.631,4.255,inf,2,0,0
gen_02314,1,-7.477,2.539,3.915,inf,2,0,0
gen_02314,2,-7.453,2.588,3.883,inf,2,0,0
gen_02315,1,-6.875,2.615,2.707,inf,4,0,0
gen_02315,2,-6.861,3.066,4.405,inf,4,0,0
gen_02315,3,-6.858,2.481,3.524,inf,4,0,0
gen_02315,4,-6.856,2.613,2.710,inf,4,0,0
gen_02315,5,-6.816,2.828,4.347,inf,4,0,0
gen_02315,6,-6.800,2.464,3.562,inf,4,0,0
gen_02315,7,-6.777,2.640,4.276,inf,4,0,0
gen_02315,8,-6.737,3.116,4.391,inf,4,0,0
gen_02315,9,-6.660,2.292,3.670,inf,4,0,0
gen_02316,1,-6.650,2.386,2.443,inf,2,0,0
gen_02316,2,-6.583,2.384,2.636,inf,2,0,0
gen_02316,3,-6.490,2.319,2.437,inf,2,0,0
gen_02316,4,-6.406,2.315,4.459,inf,2,0,0
gen_02316,5,-6.399,2.256,4.418,inf,2,0,0
gen_02316,6,-6.278,15.230,15.449,inf,2,0,0
gen_02317,1,-7.516,2.780,4.488,inf,2,0,0
gen_02317,2,-7.512,2.775,4.497,inf,2,0,0
gen_02317,3,-7.474,2.654,4.141,inf,2,0,0
gen_02317,4,-7.448,2.652,4.191,inf,2,0,0
gen_02318,1,-8.016,3.082,4.795,3.296,2,1,1
gen_02318,2,-8.002,3.016,4.722,3.332,2,1,1
gen_02319,1,-7.547,2.765,4.309,2.783,2,2,1
gen_02320,1,-7.003,3.684,5.280,5.378,4,1,0
gen_02321,1,-7.474,2.476,2.757,inf,2,0,0
gen_02321,2,-7.041,2.757,4.521,inf,2,0,0
gen_02322,1,-7.110,2.723,2.815,inf,4,0,0
gen_02322,2,-7.094,2.728,3.246,inf,4,0,0
gen_02322,3,-7.093,2.675,2.771,inf,4,0,0
gen_02322,4,-7.008,2.763,3.236,inf,4,0,0
gen_02322,5,-6.949,2.715,3.267,inf,4,0,0
gen_02323,1,-7.870,2.713,4.261,inf,2,0,0
gen_02323,2,-7.870,2.685,4.268,inf,2,0,0
gen_02323,3,-7.850,2.679,4.260,inf,2,0,0
gen_02323,4,-7.821,2.682,4.197,inf,2,0,0
gen_02323,5,-7.789,2.745,4.221,inf,2,0,0
gen_02324,1,-7.105,2.792,4.329,inf,2,0,0
gen_02324,2,-7.104,2.710,4.283,inf,2,0,0
gen_02324,3,-7.017,2.824,4.380,inf,2,0,0
gen_02325,1,-8.055,2.713,4.487,inf,2,0,0
gen_02326,1,-7.219,2.816,4.364,inf,2,0,0
gen_02327,1,-7.074,2.785,4.461,inf,2,0,0
gen_02327,2,-6.993,2.788,4.399,inf,2,0,0
gen_02328,1,-7.118,3.083,4.410,inf,4,0,0
gen_02328,2,-7.064,3.014,4.406,inf,4,0,0
gen_02328,3,-7.059,2.937,4.416,inf,4,0,0
gen_02328,4,-7.044,2.786,3.902,inf,4,0,0
gen_02328,5,-7.028,2.809,3.931,inf,4,0,0
gen_02329,1,-7.446,2.424,2.739,4.608,2,1,0
gen_02329,2,-7.407,2.445,2.669,4.421,2,1,0
gen_02329,3,-7.383,2.365,2.706,4.209,2,1,0
gen_02329,4,-7.346,2.445,2.718,4.188,2,1,0
gen_02330,1,-8.198,2.778,4.535,inf,4,0,0
gen_02330,2,-8.170,2.820,4.523,inf,4,0,0
gen_02330,3,-8.147,2.785,4.537,inf,4,0,0
gen_02330,4,-8.133,2.838,4.539,inf,4,0,0
gen_02330,5,-8.117,2.815,4.428,inf,4,0,0
gen_02330,6,-8.082,2.818,4.411,inf,4,0,0
gen_02330,7,-8.046,2.792,4.397,inf,4,0,0
gen_02330,8,-7.951,2.784,4.434,inf,4,0,0
gen_02331,1,-7.929,2.205,4.125,inf,2,0,0
gen_02331,2,-7.857,2.196,4.239,inf,2,0,0
gen_02331,3,-7.841,2.202,4.156,inf,2,0,0
gen_02331,4,-7.825,2.203,4.166,inf,2,0,0
gen_02331,5,-7.820,2.320,4.253,inf,2,0,0
gen_02331,6,-7.804,2.394,4.141,inf,2,0,0
gen_02332,1,-7.711,3.566,4.270,inf,2,0,0
gen_02332,2,-7.683,3.556,4.274,inf,2,0,0
gen_02332,3,-7.668,3.441,4.402,inf,2,0,0
gen_02333,1,-8.058,2.767,4.494,inf,2,0,0
gen_02333,2,-8.052,2.822,4.517,inf,2,0,0
gen_02333,3,-8.047,2.796,4.484,inf,2,0,0
gen_02333,4,-8.033,2.754,4.351,inf,2,0,0
gen_02333,5,-8.015,2.772,4.349,inf,2,0,0
gen_02333,6,-7.982,2.763,4.460,inf,2,0,0
gen_02333,7,-7.979,2.807,4.318,inf,2,0,0
gen_02333,8,-7.970,2.748,4.442,inf,2,0,0
gen_02333,9,-7.923,2.820,4.274,inf,2,0,0
gen_02334,1,-8.322,2.756,3.943,4.802,2,1,0
gen_02334,2,-8.319,2.777,3.899,4.741,2,1,0
gen_02334,3,-8.308,2.774,3.720,4.791,2,1,0
gen_02334,4,-8.266,2.770,3.668,4.688,2,1,0
gen_02334,5,-8.219,2.821,4.022,6.175,2,1,0
gen_02334,6,-8.204,3.121,4.102,3.905,2,1,0
gen_02334,7,-8.203,2.983,3.715,4.762,2,1,0
gen_02334,8,-8.124,2.749,3.816,4.771,2,1,0
gen_02335,1,-7.965,2.704,4.339,3.025,2,1,1
gen_02335,2,-7.836,2.774,4.376,4.968,2,1,0
gen_02335,3,-7.799,2.685,4.388,4.836,2,1,0
gen_02335,4,-7.790,2.696,4.335,4.808,2,1,0
gen_02336,1,-8.018,2.852,4.316,5.279,2,1,0
gen_02336,2,-7.996,2.792,4.272,5.276,2,1,0
gen_02337,1,-7.456,5.383,5.745,3.084,2,1,0
gen_02337,2,-7.448,5.371,5.972,3.029,2,1,0
gen_02337,3,-7.371,5.588,5.700,4.573,2,1,0
gen_02337,4,-7.370,5.586,5.721,4.538,2,1,0
gen_02337,5,-7.343,5.491,5.812,4.640,2,1,0
gen_02337,6,-7.055,15.235,16.060,5.481,2,1,0
gen_02337,7,-6.985,15.169,16.023,5.445,2,1,0
gen_02338,1,-8.096,2.730,4.583,5.639,2,1,0
gen_02338,2,-8.066,2.715,4.559,5.722,2,1,0
gen_02338,3,-7.993,2.960,4.435,3.371,2,1,1
gen_02338,4,-7.988,2.861,4.379,3.374,2,1,1
gen_02339,1,-7.253,2.786,4.536,inf,2,0,0
gen_02339,2,-7.248,2.750,4.514,inf,2,0,0
gen_02339,3,-7.189,2.793,4.421,inf,2,0,0
gen_02339,4,-7.109,2.636,4.288,inf,2,0,0
gen_02339,5,-6.899,2.210,4.388,inf,2,0,0
gen_02339,6,-6.877,2.200,4.421,inf,2,0,0
gen_02340,1,-7.387,3.165,4.462,inf,2,0,0
gen_02341,1,-8.086,2.715,4.217,inf,2,0,0
gen_02341,2,-8.081,2.822,4.366,inf,2,0,0
gen_02341,3,-8.080,2.699,4.247,inf,2,0,0
gen_02341,4,-8.065,2.878,4.339,inf,2,0,0
gen_02341,5,-7.991,2.719,3.726,inf,2,0,0
gen_02341,6,-7.973,2.774,4.384,inf,2,0,0
gen_02342,1,-7.662,2.776,4.527,inf,4,0,0
gen_02342,2,-7.642,2.795,4.482,inf,4,0,0
gen_02342,3,-7.635,2.754,4.486,inf,4,0,0
gen_02342,4,-7.629,2.791,4.476,inf,4,0,0
gen_02342,5,-7.616,2.795,4.501,inf,4,0,0
gen_02342,6,-7.613,2.708,4.479,inf,4,0,0
gen_02342,7,-7.595,2.744,4.492,inf,4,0,0
gen_02342,8,-7.588,2.783,4.367,inf,4,0,0
gen_02342,9,-7.556,2.825,4.498,inf,4,0,0
gen_02343,1,-7.173,2.632,2.715,inf,2,0,0
gen_02343,2,-7.137,2.606,2.698,inf,2,0,0
gen_02343,3,-7.025,2.699,2.751,inf,2,0,0
gen_02344,1,-6.829,2.735,4.401,inf,2,0,0
gen_02344,2,-6.757,2.533,2.728,inf,2,0,0
gen_02344,3,-6.669,2.647,2.661,inf,2,0,0
gen_02344,4,-6.647,2.754,4.414,inf,2,0,0
gen_02345,1,-6.579,2.797,4.436,inf,2,0,0
gen_02345,2,-6.573,2.714,4.443,inf,2,0,0
gen_02345,3,-6.552,2.778,4.484,inf,2,0,0
gen_02345,4,-6.548,2.724,4.421,inf,2,0,0
gen_02345,5,-6.498,2.837,4.516,inf,2,0,0
gen_02345,6,-6.486,2.800,4.510,inf,2,0,0
gen_02345,7,-6.439,3.082,4.519,inf,2,0,0
gen_02345,8,-6.425,2.819,4.602,inf,2,0,0
gen_02345,9,-6.415,3.966,4.537,inf,2,0,0
gen_02345,10,-6.408,3.985,4.496,inf,2,0,0
gen_02345,11,-6.406,2.770,4.495,inf,2,0,0
gen_02345,12,-6.382,2.810,4.530,inf,2,0,0
gen_02346,1,-7.691,9.568,10.451,inf,2,0,0
gen_02346,2,-7.596,9.623,10.318,inf,2,0,0
gen_02346,3,-7.561,9.638,10.541,inf,2,0,0
gen_02346,4,-7.489,9.648,10.344,inf,2,0,0
gen_02347,1,-7.558,2.780,4.484,inf,2,0,0
gen_02347,2,-7.539,2.739,4.470,inf,2,0,0
gen_02347,3,-7.490,2.763,4.428,inf,2,0,0
gen_02347,4,-7.464,2.800,4.447,inf,2,0,0
gen_02347,5,-7.451,2.776,4.439,inf,2,0,0
gen_02347,6,-7.448,2.814,4.502,inf,2,0,0
gen_02347,7,-7.404,2.320,4.286,inf,2,0,0
gen_02347,8,-7.403,2.383,4.399,inf,2,0,0
gen_02347,9,-7.396,2.355,4.379,inf,2,0,0
gen_02348,1,-8.297,2.804,4.619,9.636,2,1,0
gen_02348,2,-8.261,2.846,4.550,9.653,2,1,0
gen_02348,3,-8.260,2.813,4.563,9.651,2,1,0
gen_02348,4,-8.220,2.805,4.496,9.738,2,1,0
gen_02348,5,-8.197,2.796,4.338,9.644,2,1,0
gen_02348,6,-8.191,2.810,4.499,9.638,2,1,0
gen_02348,7,-8.118,2.798,4.505,9.882,2,1,0
gen_02348,8,-8.070,2.761,4.398,9.825,2,1,0
gen_02348,9,-7.868,2.785,4.480,12.978,2,1,0
gen_02348,10,-7.704,2.835,4.579,10.300,2,1,0
gen_02349,1,-8.206,3.109,4.327,9.328,2,1,0
gen_02349,2,-8.118,2.772,4.323,10.055,2,1,0
gen_02350,1,-6.923,2.719,4.332,inf,2,0,0
gen_02350,2,-6.914,2.724,4.303,inf,2,0,0
gen_02351,1,-7.359,2.704,4.109,inf,4,0,0
gen_02351,2,-7.359,2.704,4.126,inf,4,0,0
gen_02351,3,-7.331,2.699,4.100,inf,4,0,0
gen_02352,1,-7.928,2.663,4.578,5.412,2,1,0
gen_02352,2,-7.905,2.691,4.700,3.841,2,1,0
gen_02352,3,-7.899,2.667,4.510,5.360,2,1,0
gen_02352,4,-7.849,2.777,4.466,5.267,2,1,0
gen_02352,5,-7.844,2.763,4.471,5.298,2,1,0
gen_02352,6,-7.843,2.741,4.610,5.541,2,1,0
gen_02352,7,-7.795,2.801,4.556,5.236,2,1,0
gen_02352,8,-7.741,2.796,4.781,4.032,2,1,0
gen_02353,1,-7.392,3.216,4.456,inf,4,0,0
gen_02353,2,-7.389,2.703,4.429,inf,4,0,0
gen_02353,3,-7.382,3.335,4.428,inf,4,0,0
gen_02353,4,-7.347,2.952,4.702,inf,4,0,0
gen_02353,5,-7.312,3.371,4.312,inf,4,0,0
gen_02353,6,-7.239,2.438,4.225,inf,4,0,0
gen_02353,7,-7.236,2.498,4.215,inf,4,0,0
gen_02354,1,-6.698,2.734,3.744,5.950,2,1,0
gen_02354,2,-6.637,2.786,3.810,6.105,2,1,0
gen_02354,3,-6.593,2.656,2.698,4.531,2,1,0
gen_02354,4,-6.543,2.536,2.727,4.676,2,1,0
gen_02354,5,-6.542,3.005,4.345,5.399,2,1,0
gen_02354,6,-6.506,2.718,3.371,4.949,2,1,0
gen_02354,7,-6.409,2.762,3.876,9.642,2,1,0
gen_02355,1,-7.872,2.355,4.400,inf,2,0,0
gen_02355,2,-7.864,2.370,4.406,inf,2,0,0
gen_02355,3,-7.800,2.223,4.383,inf,2,0,0
gen_02356,1,-7.787,2.691,3.950,inf,2,0,0
gen_02356,2,-7.759,2.769,3.978,inf,2,0,0
gen_02356,3,-7.723,2.627,3.972,inf,2,0,0
gen_02356,4,-7.690,2.701,3.933,inf,2,0,0
gen_02357,1,-6.679,2.673,4.481,inf,2,0,0
gen_02357,2,-6.675,2.783,4.503,inf,2,0,0
gen_02357,3,-6.584,2.780,4.337,inf,2,0,0
gen_02357,4,-6.571,2.741,4.433,inf,2,0,0
gen_02358,1,-7.078,2.368,4.369,7.975,2,1,0
gen_02358,2,-7.061,2.674,4.461,13.145,2,1,0
gen_02358,3,-7.047,2.598,4.380,8.015,2,1,0
gen_02358,4,-7.008,2.521,2.756,7.127,2,1,0
gen_02359,1,-7.791,2.747,4.262,inf,2,0,0
gen_02359,2,-7.785,2.752,4.284,inf,2,0,0
gen_02359,3,-7.684,2.802,3.986,inf,2,0,0
gen_02360,1,-8.468,2.632,4.531,6.825,4,1,0
gen_02360,2,-8.445,2.620,4.536,6.838,4,1,0
gen_02360,3,-8.439,2.637,4.558,6.818,4,1,0
gen_02360,4,-8.434,2.579,4.477,6.837,4,1,0
gen_02360,5,-8.422,2.672,4.570,6.799,4,1,0
gen_02360,6,-8.415,2.777,4.510,6.870,4,1,0
gen_02360,7,-8.405,2.781,4.492,6.884,4,1,0
gen_02360,8,-8.389,2.591,4.481,6.808,4,1,0
gen_02360,9,-8.330,2.789,4.478,6.939,4,1,0
gen_02360,10,-8.312,2.793,4.490,6.965,4,1,0
gen_02361,1,-7.994,2.807,4.509,inf,4,0,0
gen_02361,2,-7.953,2.798,4.516,inf,4,0,0
gen_02361,3,-7.873,2.493,2.778,inf,4,0,0
gen_02361,4,-7.862,2.844,4.522,inf,4,0,0
gen_02362,1,-8.429,3.479,4.499,2.798,2,1,0
gen_02362,2,-8.406,3.494,4.493,2.756,2,1,0
gen_02363,1,-8.633,2.768,4.400,5.380,2,1,0
gen_02363,2,-8.633,2.730,4.374,5.378,2,1,0
gen_02364,1,-7.122,2.736,4.454,11.500,2,1,0
gen_02364,2,-7.068,2.698,4.421,11.476,2,1,0
gen_02364,3,-7.019,2.720,4.387,11.436,2,1,0
gen_02365,1,-7.374,2.741,4.429,inf,2,0,0
gen_02365,2,-7.254,2.793,4.457,inf,2,0,0
gen_02366,1,-6.873,2.584,4.396,8.007,2,1,0
gen_02366,2,-6.854,2.622,4.391,8.062,2,1,0
gen_02366,3,-6.848,2.671,4.424,8.086,2,1,0
gen_02366,4,-6.770,2.686,4.047,8.022,2,1,0
gen_02366,5,-6.769,2.675,3.994,8.031,2,1,0
gen_02367,1,-8.339,2.774,4.376,7.384,2,1,0
gen_02367,2,-8.321,2.840,4.446,7.385,2,1,0
gen_02368,1,-8.087,2.673,4.643,4.573,4,1,0
gen_02368,2,-8.055,2.621,4.645,4.633,4,1,0
gen_02369,1,-8.070,2.759,3.799,inf,2,0,0
gen_02369,2,-8.058,2.751,3.803,inf,2,0,0
gen_02370,1,-8.345,2.678,4.487,inf,2,0,0
gen_02370,2,-8.341,2.773,4.367,inf,2,0,0
gen_02371,1,-8.442,2.561,4.065,inf,4,0,0
gen_02371,2,-8.369,2.552,4.132,inf,4,0,0
gen_02371,3,-8.102,2.321,3.881,inf,4,0,0
gen_02371,4,-8.048,6.027,6.292,inf,4,0,0
gen_02371,5,-8.022,5.928,6.182,inf,4,0,0
gen_02371,6,-8.006,2.793,4.255,inf,4,0,0
gen_02371,7,-8.002,2.711,4.200,inf,4,0,0
gen_02371,8,-7.993,2.745,4.250,inf,4,0,0
gen_02371,9,-7.956,2.762,4.261,inf,4,0,0
gen_02371,10,-7.950,2.764,4.286,inf,4,0,0
gen_02372,1,-7.121,2.680,4.251,inf,2,0,0
gen_02373,1,-6.718,2.595,2.782,inf,4,0,0
gen_02374,1,-7.522,8.670,9.417,10.920,2,1,0
gen_02374,2,-7.356,8.693,9.496,8.441,2,1,0
gen_02374,3,-7.340,8.637,9.535,8.394,2,1,0
gen_02375,1,-8.512,2.792,4.585,inf,2,0,0
gen_02375,2,-8.492,2.729,4.511,inf,2,0,0
gen_02375,3,-8.490,2.745,4.510,inf,2,0,0
gen_02375,4,-8.444,2.747,4.527,inf,2,0,0
gen_02375,5,-8.423,2.778,4.497,inf,2,0,0
gen_02375,6,-8.405,2.772,4.453,inf,2,0,0
gen_02376,1,-7.394,2.780,4.302,inf,2,0,0
gen_02376,2,-7.387,2.776,4.304,inf,2,0,0
gen_02377,1,-7.037,2.663,4.324,inf,2,0,0
gen_02377,2,-7.019,2.765,4.338,inf,2,0,0
gen_02377,3,-7.008,2.692,4.319,inf,2,0,0
gen_02378,1,-7.946,4.175,4.778,inf,2,0,0
gen_02378,2,-7.926,4.077,4.895,inf,2,0,0
gen_02378,3,-7.767,2.461,3.720,inf,2,0,0
gen_02378,4,-7.678,4.185,4.742,inf,2,0,0
gen_02378,5,-7.675,4.179,4.727,inf,2,0,0
gen_02378,6,-7.577,2.458,3.860,inf,2,0,0
gen_02378,7,-7.212,4.275,5.952,inf,2,0,0
gen_02378,8,-7.081,2.656,3.869,inf,2,0,0
gen_02378,9,-6.997,2.843,4.201,inf,2,0,0
gen_02379,1,-7.009,4.893,6.278,inf,2,0,0
gen_02379,2,-6.981,4.915,6.685,inf,2,0,0
gen_02379,3,-6.974,4.807,6.161,inf,2,0,0
gen_02380,1,-7.693,2.773,3.604,10.968,2,1,0
gen_02380,2,-7.691,2.785,3.593,10.976,2,1,0
gen_02381,1,-8.100,2.685,3.225,inf,4,0,0
gen_02381,2,-8.086,2.723,3.294,inf,4,0,0
gen_02381,3,-8.076,2.731,3.224,inf,4,0,0
gen_02381,4,-8.071,2.718,3.230,inf,4,0,0
gen_02381,5,-7.800,2.471,4.454,inf,4,0,0
gen_02381,6,-7.783,2.509,4.456,inf,4,0,0
gen_02382,1,-8.138,2.731,2.796,inf,2,0,0
gen_02382,2,-8.117,2.720,2.834,inf,2,0,0
gen_02383,1,-7.241,2.755,3.791,inf,4,0,0
gen_02383,2,-7.208,2.772,3.859,inf,4,0,0
gen_02383,3,-7.207,2.766,3.750,inf,4,0,0
gen_02383,4,-7.200,2.738,3.782,inf,4,0,0
gen_02383,5,-7.190,2.729,3.964,inf,4,0,0
gen_02383,6,-7.185,2.704,3.921,inf,4,0,0
gen_02383,7,-7.171,2.720,3.921,inf,4,0,0
gen_02383,8,-7.131,2.741,3.928,inf,4,0,0
gen_02383,9,-7.120,2.654,3.839,inf,4,0,0
gen_02383,10,-7.111,9.790,9.825,inf,4,0,0
gen_02383,11,-7.108,2.754,3.948,inf,4,0,0
gen_02384,1,-7.217,2.805,4.423,inf,2,0,0
gen_02384,2,-7.168,2.716,3.178,inf,2,0,0
gen_02384,3,-7.146,2.524,3.042,inf,2,0,0
gen_02384,4,-7.137,2.480,2.819,inf,2,0,0
gen_02384,5,-7.121,2.445,2.797,inf,2,0,0
gen_02384,6,-7.053,2.301,3.311,inf,2,0,0
gen_02384,7,-7.052,2.714,3.079,inf,2,0,0
gen_02385,1,-6.964,2.770,4.112,9.266,2,1,0
gen_02385,2,-6.915,3.052,4.485,9.036,2,1,0
gen_02385,3,-6.788,2.762,2.823,4.577,2,1,0
gen_02385,4,-6.774,2.710,2.754,4.582,2,1,0
gen_02386,1,-7.494,2.711,3.870,inf,4,0,0
gen_02386,2,-7.490,2.737,3.900,inf,4,0,0
gen_02386,3,-7.458,2.706,3.889,inf,4,0,0
gen_02387,1,-7.310,2.716,4.420,inf,2,0,0
gen_02387,2,-7.304,2.736,4.448,inf,2,0,0
gen_02387,3,-7.304,2.753,4.475,inf,2,0,0
gen_02387,4,-7.302,2.742,4.433,inf,2,0,0
gen_02388,1,-7.640,2.720,3.016,inf,2,0,0
gen_02388,2,-7.565,2.601,2.988,inf,2,0,0
gen_02388,3,-7.513,2.531,2.756,inf,2,0,0
gen_02388,4,-7.455,2.762,3.031,inf,2,0,0
gen_02389,1,-7.698,2.815,4.459,inf,2,0,0
gen_02389,2,-7.691,2.795,4.426,inf,2,0,0
gen_02389,3,-7.689,2.833,4.419,inf,2,0,0
gen_02390,1,-7.171,13.053,13.058,inf,2,0,0
gen_02391,1,-7.821,2.690,4.515,inf,2,0,0
gen_02391,2,-7.798,2.745,4.467,inf,2,0,0
gen_02391,3,-7.781,2.737,4.491,inf,2,0,0
gen_02391,4,-7.643,2.790,4.476,inf,2,0,0
gen_02391,5,-7.531,2.784,4.459,inf,2,0,0
gen_02392,1,-7.263,2.471,4.382,inf,2,0,0
gen_02393,1,-7.008,2.731,3.907,inf,2,0,0
gen_02393,2,-6.978,2.727,3.893,inf,2,0,0
gen_02393,3,-6.963,2.724,3.911,inf,2,0,0
gen_02394,1,-7.565,3.132,4.472,inf,2,0,0
gen_02394,2,-7.430,2.993,4.652,inf,2,0,0
gen_02395,1,-7.274,3.466,4.378,inf,2,0,0
gen_02395,2,-7.246,3.514,4.393,inf,2,0,0
gen_02395,3,-7.230,3.467,4.386,inf,2,0,0
gen_02395,4,-7.211,3.538,4.395,inf,2,0,0
gen_02395,5,-7.197,3.796,4.323,inf,2,0,0
gen_02395,6,-7.184,3.507,4.384,inf,2,0,0
gen_02395,7,-7.162,3.482,4.405,inf,2,0,0
gen_02395,8,-7.158,3.510,4.411,inf,2,0,0
gen_02395,9,-7.139,3.466,4.381,inf,2,0,0
gen_02396,1,-8.605,3.397,4.573,inf,2,0,0
gen_02396,2,-8.598,3.469,4.584,inf,2,0,0
gen_02396,3,-8.587,3.378,4.453,inf,2,0,0
gen_02396,4,-8.580,3.444,4.431,inf,2,0,0
gen_02396,5,-8.576,3.414,4.580,inf,2,0,0
gen_02396,6,-8.428,3.199,4.374,inf,2,0,0
gen_02396,7,-8.420,3.753,4.551,inf,2,0,0
gen_02396,8,-8.377,2.872,4.307,inf,2,0,0
gen_02396,9,-8.276,2.772,4.386,inf,2,0,0
gen_02397,1,-8.471,2.578,4.226,inf,2,0,0
gen_02397,2,-8.445,2.465,4.118,inf,2,0,0
gen_02397,3,-8.376,2.569,3.901,inf,2,0,0
gen_02398,1,-8.198,5.178,6.469,inf,2,0,0
gen_02398,2,-8.168,4.979,6.459,inf,2,0,0
gen_02398,3,-8.145,5.151,6.463,inf,2,0,0
gen_02398,4,-8.132,5.543,6.395,inf,2,0,0
gen_02398,5,-8.124,5.489,6.357,inf,2,0,0
gen_02398,6,-8.093,6.062,6.454,inf,2,0,0
gen_02398,7,-8.060,5.779,6.318,inf,2,0,0
gen_02399,1,-7.110,2.825,4.253,inf,2,0,0
gen_02399,2,-7.079,2.856,4.303,inf,2,0,0
gen_02399,3,-7.076,3.016,4.330,inf,2,0,0
gen_02399,4,-6.980,2.821,4.247,inf,2,0,0
gen_02400,1,-7.428,2.646,2.820,inf,2,0,0
gen_02400,2,-7.428,2.635,2.796,inf,2,0,0
gen_02400,3,-7.413,2.681,2.728,inf,2,0,0
gen_02401,1,-7.697,2.787,4.540,inf,4,0,0
gen_02401,2,-7.692,2.758,4.520,inf,4,0,0
gen_02401,3,-7.687,2.760,4.552,inf,4,0,0
gen_02401,4,-7.675,3.024,4.450,inf,4,0,0
gen_02401,5,-7.669,2.656,2.796,inf,4,0,0
gen_02401,6,-7.668,2.655,2.807,inf,4,0,0
gen_02401,7,-7.665,2.876,4.423,inf,4,0,0
gen_02401,8,-7.660,2.747,4.486,inf,4,0,0
gen_02401,9,-7.635,2.819,4.477,inf,4,0,0
gen_02401,10,-7.631,2.859,4.508,inf,4,0,0
gen_02402,1,-7.091,2.815,4.379,inf,2,0,0
gen_02403,1,-7.531,2.634,3.974,inf,4,0,0
gen_02404,1,-7.600,2.697,4.403,inf,2,0,0
gen_02404,2,-7.598,2.739,4.423,inf,2,0,0
gen_02404,3,-7.531,2.668,4.048,inf,2,0,0
gen_02404,4,-7.523,2.670,4.044,inf,2,0,0
gen_02405,1,-6.732,2.413,3.913,inf,2,0,0
gen_02405,2,-6.676,2.297,4.369,inf,2,0,0
gen_02406,1,-8.342,2.667,4.420,inf,2,0,0
gen_02406,2,-8.337,2.799,4.620,inf,2,0,0
gen_02406,3,-8.322,2.766,4.567,inf,2,0,0
gen_02406,4,-8.297,2.770,4.462,inf,2,0,0
gen_02406,5,-8.255,2.763,4.460,inf,2,0,0
gen_02406,6,-8.243,2.727,4.451,inf,2,0,0
gen_02406,7,-8.098,2.696,4.550,inf,2,0,0
gen_02406,8,-8.071,2.635,2.759,inf,2,0,0
gen_02406,9,-8.071,2.623,2.737,inf,2,0,0
gen_02406,10,-8.040,2.786,4.695,inf,2,0,0
gen_02406,11,-7.948,2.536,2.723,inf,2,0,0
gen_02407,1,-7.199,10.565,10.951,inf,2,0,0
gen_02407,2,-7.190,6.486,7.379,inf,2,0,0
gen_02407,3,-7.169,10.555,10.887,inf,2,0,0
gen_02407,4,-7.168,6.505,7.361,inf,2,0,0
gen_02407,5,-7.103,6.265,7.484,inf,2,0,0
gen_02408,1,-7.884,2.712,3.714,inf,2,0,0
gen_02408,2,-7.833,2.699,3.673,inf,2,0,0
gen_02408,3,-7.777,2.780,4.574,inf,2,0,0
gen_02408,4,-7.761,2.785,3.761,inf,2,0,0
gen_02408,5,-7.747,10.450,12.449,inf,2,0,0
gen_02408,6,-7.672,4.148,4.364,inf,2,0,0
gen_02408,7,-7.667,2.733,3.737,inf,2,0,0
gen_02408,8,-7.666,10.664,12.545,inf,2,0,0
gen_02408,9,-7.650,2.701,3.740,inf,2,0,0
gen_02408,10,-7.576,2.678,3.971,inf,2,0,0
gen_02409,1,-7.379,2.393,3.572,inf,4,0,0
gen_02409,2,-7.358,2.646,3.052,inf,4,0,0
gen_02409,3,-7.333,2.666,3.730,inf,4,0,0
gen_02409,4,-7.330,2.637,3.732,inf,4,0,0
gen_02409,5,-7.285,2.663,3.721,inf,4,0,0
gen_02409,6,-7.277,2.464,2.792,inf,4,0,0
gen_02410,1,-7.066,2.761,4.463,inf,2,0,0
gen_02410,2,-7.033,3.258,4.846,inf,2,0,0
gen_02410,3,-7.026,3.547,4.929,inf,2,0,0
gen_02410,4,-7.013,3.491,4.892,inf,2,0,0
gen_02410,5,-7.008,3.507,4.885,inf,2,0,0
gen_02410,6,-6.998,3.209,4.792,inf,2,0,0
gen_02411,1,-7.122,3.888,4.684,inf,2,0,0
gen_02411,2,-7.086,3.765,4.668,inf,2,0,0
gen_02412,1,-7.599,3.844,4.421,inf,2,0,0
gen_02412,2,-7.525,3.917,4.375,inf,2,0,0
gen_02412,3,-7.522,3.848,4.347,inf,2,0,0
gen_02412,4,-7.450,3.290,4.642,inf,2,0,0
gen_02412,5,-7.372,3.859,4.910,inf,2,0,0
gen_02413,1,-7.451,2.763,4.481,inf,2,0,0
gen_02413,2,-7.367,2.764,4.480,inf,2,0,0
gen_02413,3,-7.301,2.812,4.584,inf,2,0,0
gen_02413,4,-7.266,2.810,4.549,inf,2,0,0
gen_02414,1,-8.022,11.295,12.602,10.723,2,1,0
gen_02414,2,-7.986,11.084,12.492,10.950,2,1,0
gen_02414,3,-7.924,11.389,12.696,10.612,2,1,0
gen_02414,4,-7.848,2.874,4.442,7.059,2,1,0
gen_02414,5,-7.840,14.246,14.879,4.994,2,1,0
gen_02414,6,-7.835,14.372,14.855,4.982,2,1,0
gen_02414,7,-7.834,11.928,12.623,4.882,2,1,0
gen_02414,8,-7.823,14.212,14.832,4.980,2,1,0
gen_02414,9,-7.744,14.799,15.883,4.297,2,1,0
gen_02415,1,-6.980,2.766,4.444,inf,2,0,0
gen_02415,2,-6.937,2.783,4.518,inf,2,0,0
gen_02415,3,-6.919,2.724,4.432,inf,2,0,0
gen_02416,1,-7.881,2.649,4.524,inf,2,0,0
gen_02416,2,-7.782,2.537,4.511,inf,2,0,0
gen_02417,1,-7.154,2.688,4.451,inf,4,0,0
gen_02417,2,-7.114,2.655,4.427,inf,4,0,0
gen_02417,3,-7.006,2.582,4.375,inf,4,0,0
gen_02418,1,-7.066,2.548,2.835,inf,2,0,0
gen_02418,2,-7.059,2.494,2.823,inf,2,0,0
gen_02418,3,-7.037,2.665,2.786,inf,2,0,0
gen_02419,1,-7.749,2.652,3.919,inf,2,0,0
gen_02419,2,-7.590,2.667,4.196,inf,2,0,0
gen_02420,1,-7.235,2.556,4.314,inf,2,0,0
gen_02420,2,-7.232,2.497,4.259,inf,2,0,0
gen_02420,3,-7.223,2.494,4.254,inf,2,0,0
gen_02420,4,-7.216,2.493,4.241,inf,2,0,0
gen_02421,1,-7.240,12.927,13.967,inf,2,0,0
gen_02421,2,-7.224,2.445,4.443,inf,2,0,0
gen_02421,3,-7.221,12.684,13.981,inf,2,0,0
gen_02421,4,-7.206,2.474,4.489,inf,2,0,0
gen_02421,5,-7.186,2.250,4.326,inf,2,0,0
gen_02421,6,-7.060,13.112,14.318,inf,2,0,0
gen_02421,7,-7.042,13.072,14.336,inf,2,0,0
gen_02421,8,-7.034,2.221,4.364,inf,2,0,0
gen_02422,1,-7.639,2.784,4.501,inf,2,0,0
gen_02422,2,-7.594,2.783,4.470,inf,2,0,0
gen_02423,1,-7.357,2.746,4.492,inf,2,0,0
gen_02423,2,-7.351,2.758,4.490,inf,2,0,0
gen_02424,1,-6.991,2.780,4.345,inf,2,0,0
gen_02424,2,-6.882,2.786,4.362,inf,2,0,0
gen_02425,1,-118.540,6.724,6.753,8.334,2,1,0
gen_02426,1,-8.382,2.805,4.482,inf,2,0,0
gen_02426,2,-8.368,2.794,4.465,inf,2,0,0
gen_02427,1,-8.033,2.775,4.401,inf,2,0,0
gen_02427,2,-8.013,2.794,4.415,inf,2,0,0
gen_02427,3,-7.996,2.853,4.371,inf,2,0,0
gen_02427,4,-7.989,2.839,4.446,inf,2,0,0
gen_02428,1,-8.931,2.729,4.408,inf,2,0,0
gen_02429,1,-7.526,2.705,2.949,inf,2,0,0
gen_02429,2,-7.364,3.654,4.957,inf,2,0,0
gen_02429,3,-7.332,2.215,4.427,inf,2,0,0
gen_02429,4,-7.236,2.801,4.339,inf,2,0,0
gen_02430,1,-6.831,2.263,4.354,3.836,2,1,0
gen_02430,2,-6.716,4.665,6.174,5.467,2,1,0
gen_02431,1,-8.232,2.638,4.478,inf,2,0,0
gen_02431,2,-8.222,2.656,4.551,inf,2,0,0
gen_02431,3,-8.175,2.719,4.502,inf,2,0,0
gen_02431,4,-8.155,2.666,4.556,inf,2,0,0
gen_02431,5,-8.155,2.653,4.522,inf,2,0,0
gen_02432,1,-7.823,2.730,4.099,inf,2,0,0
gen_02432,2,-7.801,2.731,4.151,inf,2,0,0
gen_02433,1,-7.092,4.964,5.966,inf,2,0,0
gen_02433,2,-7.081,5.071,6.037,inf,2,0,0
gen_02433,3,-7.032,4.892,5.923,inf,2,0,0
gen_02433,4,-7.030,4.976,6.041,inf,2,0,0
gen_02433,5,-7.017,4.958,5.962,inf,2,0,0
gen_02434,1,-6.199,2.780,4.390,inf,2,0,0
gen_02434,2,-6.181,2.439,3.095,inf,2,0,0
gen_02434,3,-6.178,2.390,2.840,inf,2,0,0
gen_02434,4,-6.148,2.785,4.377,inf,2,0,0
gen_02434,5,-6.142,2.375,2.824,inf,2,0,0
gen_02434,6,-5.973,2.736,4.485,inf,2,0,0
gen_02434,7,-5.949,2.621,4.377,inf,2,0,0
gen_02435,1,-7.545,13.962,15.126,5.357,2,1,0
gen_02435,2,-7.517,13.975,15.142,5.368,2,1,0
gen_02435,3,-7.513,13.701,14.898,5.298,2,1,0
gen_02435,4,-7.472,13.666,14.993,5.328,2,1,0
gen_02436,1,-7.793,2.649,4.272,inf,4,0,0
gen_02436,2,-7.789,2.697,4.333,inf,4,0,0
gen_02436,3,-7.746,2.619,4.281,inf,4,0,0
gen_02436,4,-7.739,2.700,4.342,inf,4,0,0
gen_02437,1,-7.959,2.692,4.276,inf,4,0,0
gen_02437,2,-7.928,2.613,4.223,inf,4,0,0
gen_02437,3,-7.892,2.675,4.206,inf,4,0,0
gen_02437,4,-7.890,2.615,4.258,inf,4,0,0
gen_02437,5,-7.858,2.692,4.242,inf,4,0,0
gen_02437,6,-7.729,2.639,4.254,inf,4,0,0
gen_02437,7,-7.708,2.644,4.220,inf,4,0,0
gen_02438,1,-7.210,2.802,4.551,inf,2,0,0
gen_02438,2,-7.155,2.780,4.512,inf,2,0,0
gen_02438,3,-7.138,2.776,4.482,inf,2,0,0
gen_02438,4,-7.102,2.391,2.438,inf,2,0,0
gen_02438,5,-6.965,2.324,2.519,inf,2,0,0
gen_02438,6,-6.940,2.719,4.388,inf,2,0,0
gen_02438,7,-6.892,2.522,2.659,inf,2,0,0
gen_02439,1,-7.269,2.714,2.717,inf,2,0,0
gen_02439,2,-7.186,10.217,10.367,inf,2,0,0
gen_02439,3,-7.173,10.219,10.420,inf,2,0,0
gen_02439,4,-7.164,10.226,10.410,inf,2,0,0
gen_02439,5,-7.152,10.249,10.367,inf,2,0,0
gen_02440,1,-6.924,2.685,4.388,inf,2,0,0
gen_02440,2,-6.878,2.775,4.424,inf,2,0,0
gen_02440,3,-6.754,2.757,4.382,inf,2,0,0
gen_02441,1,-6.798,2.532,3.064,inf,2,0,0
gen_02441,2,-6.792,2.427,3.157,inf,2,0,0
gen_02442,1,-7.829,6.105,8.305,inf,4,0,0
gen_02442,2,-7.769,6.131,8.333,inf,4,0,0
gen_02442,3,-7.687,8.266,8.790,inf,4,0,0
gen_02443,1,-6.786,2.470,2.800,inf,2,0,0
gen_02443,2,-6.712,2.605,2.701,inf,2,0,0
gen_02443,3,-6.665,2.408,2.750,inf,2,0,0
gen_02443,4,-6.628,2.902,3.008,inf,2,0,0
gen_02444,1,-7.613,3.207,4.431,inf,2,0,0
gen_02444,2,-7.610,3.282,4.471,inf,2,0,0
gen_02444,3,-7.590,3.578,4.843,inf,2,0,0
gen_02445,1,-7.832,3.301,4.779,inf,2,0,0
gen_02445,2,-7.768,3.026,4.820,inf,2,0,0
gen_02445,3,-7.634,3.474,4.386,inf,2,0,0
gen_02445,4,-7.626,3.382,4.920,inf,2,0,0
gen_02445,5,-7.419,3.200,4.801,inf,2,0,0
gen_02445,6,-6.968,5.366,7.337,inf,2,0,0
gen_02445,7,-6.967,5.488,7.419,inf,2,0,0
gen_02445,8,-6.939,4.732,5.010,inf,2,0,0
gen_02445,9,-6.884,4.994,5.003,inf,2,0,0
gen_02446,1,-7.760,2.643,4.366,inf,2,0,0
gen_02446,2,-7.708,2.582,4.410,inf,2,0,0
gen_02446,3,-7.706,2.606,4.382,inf,2,0,0
gen_02446,4,-7.570,2.736,4.455,inf,2,0,0
gen_02447,1,-6.992,3.072,4.656,4.581,2,1,0
gen_02447,2,-6.970,3.064,4.728,4.616,2,1,0
gen_02447,3,-6.950,3.164,4.649,4.608,2,1,0
gen_02447,4,-6.936,3.213,4.668,4.588,2,1,0
gen_02448,1,-7.769,14.027,15.070,inf,2,0,0
gen_02448,2,-7.738,14.105,15.021,inf,2,0,0
gen_02448,3,-7.600,14.219,15.072,inf,2,0,0
gen_02448,4,-7.586,2.764,4.311,inf,2,0,0
gen_02448,5,-7.543,2.764,4.296,inf,2,0,0
gen_02448,6,-7.510,14.528,15.067,inf,2,0,0
gen_02448,7,-7.400,2.758,3.967,inf,2,0,0
gen_02449,1,-7.241,2.725,3.847,inf,2,0,0
gen_02450,1,-6.976,16.538,17.272,inf,2,0,0
gen_02450,2,-6.932,2.204,4.328,inf,2,0,0
gen_02450,3,-6.915,3.661,4.243,inf,2,0,0
gen_02450,4,-6.885,16.396,17.123,inf,2,0,0
gen_02450,5,-6.873,3.719,4.044,inf,2,0,0
gen_02451,1,-7.597,14.858,14.908,inf,2,0,0
gen_02451,2,-7.587,2.699,3.924,inf,2,0,0
gen_02451,3,-7.506,2.662,3.959,inf,2,0,0
gen_02452,1,-7.071,2.683,4.476,inf,4,0,0
gen_02452,2,-7.059,2.633,4.348,inf,4,0,0
gen_02452,3,-6.989,2.774,4.333,inf,4,0,0
gen_02452,4,-6.957,2.820,4.578,inf,4,0,0
gen_02452,5,-6.932,2.733,4.449,inf,4,0,0
gen_02452,6,-6.912,2.682,4.441,inf,4,0,0
gen_02452,7,-6.767,2.760,4.415,inf,4,0,0
gen_02452,8,-6.749,2.752,4.296,inf,4,0,0
gen_02453,1,-7.236,2.559,4.269,inf,2,0,0
gen_02453,2,-7.194,2.657,4.292,inf,2,0,0
gen_02453,3,-7.048,2.213,3.338,inf,2,0,0
gen_02453,4,-7.005,2.772,4.402,inf,2,0,0
gen_02453,5,-6.993,2.210,3.316,inf,2,0,0
gen_02453,6,-6.967,2.694,4.387,inf,2,0,0
gen_02453,7,-6.934,2.718,4.381,inf,2,0,0
gen_02453,8,-6.918,2.752,4.429,inf,2,0,0
gen_02454,1,-7.706,2.791,4.247,inf,2,0,0
gen_02454,2,-7.689,2.766,4.236,inf,2,0,0
gen_02454,3,-7.659,2.720,4.089,inf,2,0,0
gen_02454,4,-7.649,2.861,4.359,inf,2,0,0
gen_02454,5,-7.378,2.783,4.300,inf,2,0,0
gen_02455,1,-7.109,2.789,4.208,inf,2,0,0
gen_02455,2,-7.086,2.768,4.195,inf,2,0,0
gen_02455,3,-7.081,2.761,4.206,inf,2,0,0
gen_02456,1,-6.933,3.313,4.007,inf,2,0,0
gen_02456,2,-6.828,3.836,4.258,inf,2,0,0
gen_02456,3,-6.809,3.926,4.321,inf,2,0,0
gen_02456,4,-6.786,4.014,4.331,inf,2,0,0
gen_02456,5,-6.764,3.890,4.279,inf,2,0,0
gen_02456,6,-6.734,3.925,4.237,inf,2,0,0
gen_02457,1,-7.395,2.746,3.847,inf,2,0,0
gen_02458,1,-7.479,2.875,4.273,inf,2,0,0
gen_02458,2,-7.465,2.776,4.424,inf,2,0,0
gen_02459,1,-7.218,6.703,7.485,2.828,2,1,0
gen_02459,2,-7.218,6.690,7.485,2.842,2,1,0
gen_02460,1,-6.930,9.637,9.836,inf,2,0,0
gen_02460,2,-6.876,9.649,9.874,inf,2,0,0
gen_02460,3,-6.865,9.674,9.749,inf,2,0,0
gen_02460,4,-6.825,9.579,9.887,inf,2,0,0
gen_02461,1,-7.202,2.685,4.451,inf,2,0,0
gen_02461,2,-7.183,2.745,4.493,inf,2,0,0
gen_02461,3,-7.150,2.713,4.549,inf,2,0,0
gen_02461,4,-7.122,2.751,4.463,inf,2,0,0
gen_02461,5,-7.099,2.795,4.462,inf,2,0,0
gen_02461,6,-7.087,2.797,4.445,inf,2,0,0
gen_02461,7,-6.937,2.795,4.503,inf,2,0,0
gen_02461,8,-6.888,2.755,4.467,inf,2,0,0
gen_02462,1,-7.090,2.423,4.131,inf,2,0,0
gen_02462,2,-7.046,2.786,4.469,inf,2,0,0
gen_02462,3,-7.037,2.399,4.124,inf,2,0,0
gen_02462,4,-7.033,2.738,4.448,inf,2,0,0
gen_02462,5,-7.027,2.788,4.429,inf,2,0,0
gen_02462,6,-7.023,2.722,4.415,inf,2,0,0
gen_02463,1,-7.487,2.738,4.443,inf,4,0,0
gen_02463,2,-7.478,2.776,4.435,inf,4,0,0
gen_02463,3,-7.446,2.796,4.470,inf,4,0,0
gen_02463,4,-7.431,2.794,4.478,inf,4,0,0
gen_02463,5,-7.427,2.786,4.484,inf,4,0,0
gen_02463,6,-7.403,2.757,4.447,inf,4,0,0
gen_02463,7,-7.402,2.807,4.270,inf,4,0,0
gen_02463,8,-7.392,2.788,4.342,inf,4,0,0
gen_02464,1,-7.087,2.450,4.126,inf,2,0,0
gen_02464,2,-7.065,2.489,4.024,inf,2,0,0
gen_02464,3,-7.046,2.553,4.054,inf,2,0,0
gen_02464,4,-7.034,2.602,4.256,inf,2,0,0
gen_02464,5,-7.004,2.576,4.189,inf,2,0,0
gen_02464,6,-6.988,2.620,4.240,inf,2,0,0
gen_02464,7,-6.984,2.765,4.288,inf,2,0,0
gen_02464,8,-6.981,2.717,4.258,inf,2,0,0
gen_02465,1,-8.134,2.748,4.587,3.419,2,1,1
gen_02465,2,-8.118,2.761,4.654,3.463,2,1,1
gen_02465,3,-8.094,2.766,4.629,3.461,2,1,1
gen_02465,4,-8.075,2.751,4.613,3.480,2,1,1
gen_02466,1,-7.575,2.522,4.414,inf,2,0,0
gen_02466,2,-7.561,2.780,4.500,inf,2,0,0
gen_02466,3,-7.560,2.794,4.513,inf,2,0,0
gen_02466,4,-7.462,2.441,4.332,inf,2,0,0
gen_02467,1,-7.146,3.414,4.461,inf,2,0,0
gen_02467,2,-7.141,3.361,4.490,inf,2,0,0
gen_02467,3,-7.136,3.487,4.497,inf,2,0,0
gen_02467,4,-7.123,3.339,4.448,inf,2,0,0
gen_02467,5,-7.121,3.546,4.389,inf,2,0,0
gen_02467,6,-7.104,2.789,4.348,inf,2,0,0
gen_02467,7,-7.089,2.957,4.398,inf,2,0,0
gen_02467,8,-6.786,8.792,9.560,inf,2,0,0
gen_02468,1,-8.888,2.758,4.462,inf,2,0,0
gen_02468,2,-8.805,2.639,4.382,inf,2,0,0
gen_02468,3,-8.798,2.736,4.346,inf,2,0,0
gen_02468,4,-8.782,2.635,4.306,inf,2,0,0
gen_02468,5,-8.760,2.747,4.315,inf,2,0,0
gen_02468,6,-8.751,2.670,4.332,inf,2,0,0
gen_02468,7,-8.751,2.749,4.444,inf,2,0,0
gen_02469,1,-7.631,2.485,4.380,inf,2,0,0
gen_02469,2,-7.586,2.457,4.313,inf,2,0,0
gen_02469,3,-7.578,2.394,4.326,inf,2,0,0
gen_02469,4,-7.532,2.430,4.368,inf,2,0,0
gen_02470,1,-7.792,14.925,15.036,11.249,2,1,0
gen_02470,2,-7.771,11.017,11.547,4.603,2,1,0
gen_02470,3,-7.744,11.066,11.508,4.577,2,1,0
gen_02470,4,-7.730,10.856,11.481,4.601,2,1,0
gen_02471,1,-7.847,2.398,3.830,inf,4,0,0
gen_02471,2,-7.840,2.434,3.848,inf,4,0,0
gen_02471,3,-7.838,2.418,3.856,inf,4,0,0
gen_02471,4,-7.825,2.414,3.846,inf,4,0,0
gen_02472,1,-8.037,2.706,3.780,inf,2,0,0
gen_02472,2,-7.953,2.638,3.819,inf,2,0,0
gen_02472,3,-7.920,2.694,3.850,inf,2,0,0
gen_02472,4,-7.910,2.624,3.834,inf,2,0,0
gen_02472,5,-7.871,3.225,4.563,inf,2,0,0
gen_02472,6,-7.782,2.720,3.790,inf,2,0,0
gen_02472,7,-7.773,3.046,4.566,inf,2,0,0
gen_02472,8,-7.710,3.472,4.523,inf,2,0,0
gen_02472,9,-7.513,3.031,4.236,inf,2,0,0
gen_02472,10,-7.454,3.233,3.651,inf,2,0,0
gen_02473,1,-7.330,2.642,3.807,7.169,2,1,0
gen_02474,1,-7.180,2.746,4.418,inf,2,0,0
gen_02474,2,-7.160,2.727,4.387,inf,2,0,0
gen_02474,3,-7.128,2.750,4.399,inf,2,0,0
gen_02474,4,-7.117,2.688,4.335,inf,2,0,0
gen_02474,5,-7.018,2.707,4.374,inf,2,0,0
gen_02474,6,-6.931,2.783,4.238,inf,2,0,0
gen_02475,1,-7.418,2.781,4.562,4.999,2,2,0
gen_02475,2,-7.172,2.302,4.521,3.181,2,2,1
gen_02476,1,-7.361,13.135,13.675,inf,2,0,0
gen_02476,2,-7.360,13.111,13.679,inf,2,0,0
gen_02476,3,-7.247,12.995,13.828,inf,2,0,0
gen_02477,1,-6.428,2.777,4.503,inf,2,0,0
gen_02477,2,-6.408,2.750,4.502,inf,2,0,0
gen_02478,1,-7.997,10.126,11.767,4.633,2,2,0
gen_02478,2,-7.981,9.986,11.881,4.655,2,2,0
gen_02478,3,-7.970,10.269,11.421,4.676,2,2,0
gen_02478,4,-7.890,9.908,10.752,6.189,2,2,0
gen_02478,5,-7.867,9.906,10.784,6.175,2,2,0
gen_02479,1,-7.161,2.643,3.626,inf,2,0,0
gen_02479,2,-7.037,2.758,4.296,inf,2,0,0
gen_02479,3,-7.031,2.697,3.958,inf,2,0,0
gen_02479,4,-6.994,2.795,4.414,inf,2,0,0
gen_02480,1,-7.949,2.617,3.019,inf,2,0,0
gen_02480,2,-7.930,2.530,3.051,inf,2,0,0
gen_02480,3,-7.873,2.644,3.056,inf,2,0,0
gen_02481,1,-8.518,2.771,4.501,inf,4,0,0
gen_02481,2,-8.413,2.690,4.491,inf,4,0,0
gen_02481,3,-8.355,2.730,4.468,inf,4,0,0
gen_02481,4,-8.167,2.629,4.295,inf,4,0,0
gen_02481,5,-8.150,2.660,4.291,inf,4,0,0
gen_02481,6,-8.060,2.746,4.247,inf,4,0,0
gen_02481,7,-7.898,2.616,4.275,inf,4,0,0
gen_02482,1,-7.761,2.738,4.271,inf,2,0,0
gen_02482,2,-7.721,2.700,3.826,inf,2,0,0
gen_02482,3,-7.720,4.140,4.403,inf,2,0,0
gen_02482,4,-7.720,4.235,4.418,inf,2,0,0
gen_02482,5,-7.711,2.705,4.164,inf,2,0,0
gen_02482,6,-7.691,2.690,3.816,inf,2,0,0
gen_02482,7,-7.643,4.131,4.429,inf,2,0,0
gen_02482,8,-7.570,2.789,3.943,inf,2,0,0
gen_02482,9,-7.502,2.728,4.090,inf,2,0,0
gen_02482,10,-7.482,10.474,12.477,inf,2,0,0
gen_02482,11,-7.438,10.629,12.504,inf,2,0,0
gen_02483,1,-7.104,2.529,4.318,inf,2,0,0
gen_02483,2,-7.079,2.589,4.227,inf,2,0,0
gen_02483,3,-6.987,2.276,2.724,inf,2,0,0
gen_02484,1,-6.929,2.363,2.487,inf,2,0,0
gen_02484,2,-6.703,2.281,4.244,inf,2,0,0
gen_02484,3,-6.672,2.422,4.241,inf,2,0,0
gen_02485,1,-6.813,2.683,4.482,inf,2,0,0
gen_02485,2,-6.804,2.704,4.477,inf,2,0,0
gen_02485,3,-6.781,2.766,4.476,inf,2,0,0
gen_02485,4,-6.759,2.803,4.467,inf,2,0,0
gen_02485,5,-6.679,2.716,4.376,inf,2,0,0
gen_02485,6,-6.666,2.382,2.774,inf,2,0,0
gen_02485,7,-6.652,2.450,2.799,inf,2,0,0
gen_02485,8,-6.641,2.757,4.389,inf,2,0,0
gen_02486,1,-7.759,2.776,4.400,inf,2,0,0
gen_02486,2,-7.633,3.635,4.398,inf,2,0,0
gen_02486,3,-7.573,2.494,2.963,inf,2,0,0
gen_02486,4,-7.536,2.706,2.913,inf,2,0,0
gen_02486,5,-7.530,3.538,4.397,inf,2,0,0
gen_02487,1,-7.038,2.717,4.433,inf,2,0,0
gen_02488,1,-7.422,2.543,3.010,inf,2,0,0
gen_02488,2,-7.388,2.623,3.051,inf,2,0,0
gen_02488,3,-7.380,2.635,3.016,inf,2,0,0
gen_02489,1,-6.843,2.218,3.529,inf,4,0,0
gen_02490,1,-7.620,4.767,6.228,inf,2,0,0
gen_02490,2,-7.612,4.808,6.271,inf,2,0,0
gen_02490,3,-7.606,4.803,6.313,inf,2,0,0
gen_02490,4,-7.588,4.810,6.281,inf,2,0,0
gen_02491,1,-7.382,2.748,4.433,inf,2,0,0
gen_02491,2,-7.269,2.658,4.337,inf,2,0,0
gen_02491,3,-7.228,2.854,4.429,inf,2,0,0
gen_02491,4,-7.011,10.225,10.323,inf,2,0,0
gen_02492,1,-7.241,2.689,4.444,inf,4,0,0
gen_02492,2,-7.230,2.602,4.453,inf,4,0,0
gen_02492,3,-7.185,2.643,4.473,inf,4,0,0
gen_02492,4,-7.178,2.716,4.454,inf,4,0,0
gen_02492,5,-7.161,2.613,4.451,inf,4,0,0
gen_02493,1,-8.768,2.655,3.959,inf,2,0,0
gen_02493,2,-8.671,2.788,3.968,inf,2,0,0
gen_02493,3,-8.666,2.742,4.021,inf,2,0,0
gen_02494,1,-7.412,2.743,4.318,inf,2,0,0
gen_02494,2,-7.301,2.778,4.399,inf,2,0,0
gen_02494,3,-7.277,2.746,4.404,inf,2,0,0
gen_02494,4,-7.219,2.794,4.459,inf,2,0,0
gen_02495,1,-7.956,2.697,4.377,inf,2,0,0
gen_02495,2,-7.900,2.785,4.487,inf,2,0,0
gen_02495,3,-7.829,2.681,4.361,inf,2,0,0
gen_02495,4,-7.813,2.742,4.430,inf,2,0,0
gen_02496,1,-6.993,2.815,4.561,3.115,2,1,1
gen_02497,1,-8.105,2.738,3.948,inf,2,0,0
gen_02497,2,-8.037,2.738,4.446,inf,2,0,0
gen_02497,3,-7.962,2.834,4.512,inf,2,0,0
gen_02497,4,-7.959,2.792,4.517,inf,2,0,0
gen_02497,5,-7.813,2.761,4.343,inf,2,0,0
gen_02498,1,-7.815,8.580,9.174,inf,2,0,0
gen_02498,2,-7.806,8.589,9.124,inf,2,0,0
gen_02499,1,-6.770,2.586,4.439,inf,2,0,0
gen_02499,2,-6.732,2.657,4.383,inf,2,0,0
gen_02499,3,-6.718,8.864,9.888,inf,2,0,0
gen_02499,4,-6.650,2.821,4.481,inf,2,0,0
gen_02500,1,-6.894,2.769,4.525,3.180,2,1,1
gen_02501,1,-7.437,2.629,3.039,inf,4,0,0
gen_02501,2,-7.423,2.785,3.000,inf,4,0,0
gen_02501,3,-7.363,2.625,3.034,inf,4,0,0
gen_02501,4,-7.344,2.519,3.018,inf,4,0,0
gen_02501,5,-7.035,2.807,4.598,inf,4,0,0
gen_02502,1,-7.548,13.607,14.096,6.907,2,1,0
gen_02502,2,-7.545,13.422,14.045,7.011,2,1,0
gen_02502,3,-7.510,13.600,13.845,6.984,2,1,0
gen_02503,1,-7.501,7.171,8.027,5.618,2,1,0
gen_02503,2,-7.497,7.134,8.006,5.630,2,1,0
gen_02503,3,-7.487,7.092,8.066,5.618,2,1,0
gen_02503,4,-7.482,7.104,7.996,5.558,2,1,0
gen_02503,5,-7.482,7.167,8.001,5.606,2,1,0
gen_02503,6,-7.469,7.427,7.997,5.597,2,1,0
gen_02503,7,-7.447,7.389,8.109,5.606,2,1,0
gen_02504,1,-7.027,2.693,4.390,inf,2,0,0
gen_02504,2,-7.025,2.682,4.417,inf,2,0,0
gen_02504,3,-6.994,2.756,4.412,inf,2,0,0
gen_02504,4,-6.973,2.730,4.398,inf,2,0,0
gen_02504,5,-6.963,2.711,4.371,inf,2,0,0
gen_02505,1,-7.362,2.679,3.559,inf,2,0,0
gen_02505,2,-7.362,2.706,3.621,inf,2,0,0
gen_02505,3,-7.358,2.686,3.652,inf,2,0,0
gen_02506,1,-7.798,3.933,5.288,4.488,2,2,0
gen_02506,2,-7.760,3.918,5.271,4.490,2,2,0
gen_02506,3,-7.745,3.956,5.352,4.528,2,2,0
gen_02506,4,-7.709,3.912,5.382,4.495,2,2,0
gen_02506,5,-7.677,3.883,5.193,4.419,2,2,0
gen_02506,6,-7.642,3.765,5.228,4.419,2,2,0
gen_02506,7,-7.620,3.868,5.264,4.484,2,2,0
gen_02507,1,-6.882,2.544,2.663,inf,2,0,0
gen_02507,2,-6.801,2.657,2.829,inf,2,0,0
gen_02507,3,-6.799,2.558,2.685,inf,2,0,0
gen_02507,4,-6.778,2.633,2.715,inf,2,0,0
gen_02507,5,-6.667,14.475,14.716,inf,2,0,0
gen_02507,6,-6.632,14.411,14.662,inf,2,0,0
gen_02508,1,-7.770,3.286,4.342,inf,2,0,0
gen_02508,2,-7.745,3.169,4.218,inf,2,0,0
gen_02508,3,-7.647,2.822,4.373,inf,2,0,0
gen_02508,4,-7.643,2.772,4.393,inf,2,0,0
gen_02508,5,-7.617,2.792,4.392,inf,2,0,0
gen_02509,1,-8.202,2.607,4.329,inf,2,0,0
gen_02509,2,-8.177,2.591,4.331,inf,2,0,0
gen_02510,1,-7.265,2.825,3.812,3.733,2,1,0
gen_02510,2,-7.214,3.018,3.836,3.866,2,1,0
gen_02510,3,-7.143,2.575,4.527,6.789,2,1,0
gen_02510,4,-7.104,2.741,3.793,3.335,2,1,1
gen_02510,5,-7.070,2.786,4.486,3.060,2,1,1
gen_02510,6,-7.065,2.700,4.556,3.223,2,1,1
gen_02510,7,-7.027,3.764,4.810,2.805,2,1,0
gen_02511,1,-8.205,9.639,9.956,inf,2,0,0
gen_02511,2,-8.154,9.638,9.898,inf,2,0,0
gen_02511,3,-8.090,2.804,4.601,inf,2,0,0
gen_02511,4,-8.084,2.795,4.575,inf,2,0,0
gen_02512,1,-7.552,2.732,4.489,inf,2,0,0
gen_02512,2,-7.528,2.709,4.470,inf,2,0,0
gen_02512,3,-7.520,2.810,4.502,inf,2,0,0
gen_02512,4,-7.467,2.778,4.476,inf,2,0,0
gen_02513,1,-7.357,3.786,5.011,7.626,2,2,0
gen_02513,2,-7.346,3.788,5.039,7.640,2,2,0
gen_02513,3,-7.267,3.994,4.595,7.681,2,2,0
gen_02513,4,-7.234,3.986,4.624,7.658,2,2,0
gen_02513,5,-7.154,2.581,3.059,6.547,2,2,0
gen_02514,1,-7.444,3.962,4.652,inf,4,0,0
gen_02514,2,-7.421,3.993,4.654,inf,4,0,0
gen_02514,3,-7.344,3.927,4.618,inf,4,0,0
gen_02515,1,-7.807,2.705,4.237,inf,2,0,0
gen_02515,2,-7.800,2.676,4.219,inf,2,0,0
gen_02515,3,-7.751,2.672,4.198,inf,2,0,0
gen_02516,1,-6.434,2.755,4.446,inf,2,0,0
gen_02516,2,-6.414,2.706,4.428,inf,2,0,0
gen_02517,1,-7.720,2.841,4.492,inf,2,0,0
gen_02517,2,-7.656,2.839,4.515,inf,2,0,0
gen_02517,3,-7.642,3.026,4.615,inf,2,0,0
gen_02517,4,-7.497,5.970,6.237,inf,2,0,0
gen_02518,1,-7.785,2.419,2.747,inf,2,0,0
gen_02518,2,-7.724,2.241,3.144,inf,2,0,0
gen_02518,3,-7.642,2.343,2.740,inf,2,0,0
gen_02518,4,-7.575,2.654,4.481,inf,2,0,0
gen_02518,5,-7.532,2.778,4.537,inf,2,0,0
gen_02518,6,-7.525,8.781,9.342,inf,2,0,0
gen_02519,1,-7.275,2.777,4.329,inf,2,0,0
gen_02519,2,-7.172,2.853,4.375,inf,2,0,0
gen_02519,3,-7.156,2.795,4.430,inf,2,0,0
gen_02520,1,-7.618,2.410,2.718,inf,4,0,0
gen_02520,2,-7.610,2.414,2.726,inf,4,0,0
gen_02521,1,-8.281,12.540,14.432,inf,2,0,0
gen_02521,2,-8.272,12.563,14.410,inf,2,0,0
gen_02521,3,-8.183,12.583,14.447,inf,2,0,0
gen_02521,4,-8.111,12.708,14.541,inf,2,0,0
gen_02522,1,-7.061,2.865,4.636,inf,4,0,0
gen_02522,2,-7.041,2.888,4.680,inf,4,0,0
gen_02522,3,-7.019,2.484,2.729,inf,4,0,0
gen_02522,4,-7.019,2.870,4.613,inf,4,0,0
gen_02522,5,-6.996,2.465,2.818,inf,4,0,0
gen_02523,1,-8.092,2.847,4.363,inf,2,0,0
gen_02524,1,-8.012,3.097,4.320,inf,2,0,0
gen_02524,2,-8.004,2.758,4.413,inf,2,0,0
gen_02525,1,-7.570,2.706,4.448,inf,4,0,0
gen_02525,2,-7.569,2.760,4.489,inf,4,0,0
gen_02526,1,-7.303,11.748,13.545,5.797,2,1,0
gen_02526,2,-7.290,11.759,13.548,5.778,2,1,0
gen_02527,1,-7.787,2.595,4.467,5.689,2,1,0
gen_02527,2,-7.621,2.644,4.503,5.473,2,1,0
gen_02528,1,-8.015,2.744,4.348,inf,4,0,0
gen_02528,2,-7.952,2.755,4.360,inf,4,0,0
gen_02528,3,-7.940,2.745,4.375,inf,4,0,0
gen_02528,4,-7.929,2.737,4.381,inf,4,0,0
gen_02529,1,-7.706,2.738,4.497,inf,4,0,0
gen_02529,2,-7.652,2.684,4.386,inf,4,0,0
gen_02529,3,-7.644,2.773,4.560,inf,4,0,0
gen_02529,4,-7.612,2.785,4.483,inf,4,0,0
gen_02529,5,-7.609,2.762,4.488,inf,4,0,0
gen_02529,6,-7.557,2.799,4.433,inf,4,0,0
gen_02530,1,-7.664,2.824,4.427,inf,4,0,0
gen_02530,2,-7.637,2.378,3.100,inf,4,0,0
gen_02530,3,-7.634,2.803,4.412,inf,4,0,0
gen_02531,1,-6.651,4.528,5.621,5.876,2,1,0
gen_02531,2,-6.590,8.803,9.982,5.624,2,1,0
gen_02531,3,-6.449,14.515,14.757,8.982,2,1,0
gen_02532,1,-8.121,2.821,4.136,6.521,2,1,0
gen_02532,2,-8.113,2.839,4.137,6.506,2,1,0
gen_02533,1,-7.823,2.766,4.508,inf,2,0,0
gen_02533,2,-7.782,2.764,4.614,inf,2,0,0
gen_02533,3,-7.711,2.783,4.537,inf,2,0,0
gen_02533,4,-7.708,2.705,4.469,inf,2,0,0
gen_02533,5,-7.609,2.778,4.518,inf,2,0,0
gen_02533,6,-7.545,2.781,4.303,inf,2,0,0
gen_02533,7,-7.501,2.630,4.484,inf,2,0,0
gen_02534,1,-7.164,3.974,4.407,inf,2,0,0
gen_02535,1,-7.654,2.664,4.375,9.303,2,1,0
gen_02535,2,-7.618,2.808,4.399,9.213,2,1,0
gen_02535,3,-7.606,2.882,4.439,5.497,2,1,0
gen_02535,4,-7.470,3.153,4.510,5.849,2,1,0
gen_02535,5,-7.436,2.800,4.435,5.479,2,1,0
gen_02536,1,-7.293,2.846,4.588,inf,2,0,0
gen_02536,2,-7.258,2.769,4.553,inf,2,0,0
gen_02536,3,-7.187,2.800,4.513,inf,2,0,0
gen_02536,4,-7.160,2.761,4.553,inf,2,0,0
gen_02536,5,-7.084,2.793,4.449,inf,2,0,0
gen_02537,1,-8.059,2.412,2.777,inf,4,0,0
gen_02537,2,-7.975,2.508,2.751,inf,4,0,0
gen_02538,1,-7.298,2.253,4.245,4.506,2,2,0
gen_02539,1,-7.774,3.303,4.477,inf,2,0,0
gen_02539,2,-7.752,3.270,4.429,inf,2,0,0
gen_02540,1,-7.071,3.885,5.342,8.391,2,1,0
gen_02540,2,-7.024,3.690,5.188,8.990,2,1,0
gen_02540,3,-7.019,3.891,5.265,8.418,2,1,0
gen_02540,4,-7.018,3.717,5.200,9.273,2,1,0
gen_02540,5,-6.953,3.682,5.218,9.142,2,1,0
gen_02541,1,-8.056,2.730,4.039,inf,2,0,0
gen_02541,2,-7.946,2.856,4.571,inf,2,0,0
gen_02541,3,-7.872,2.785,4.509,inf,2,0,0
gen_02541,4,-7.869,2.734,4.592,inf,2,0,0
gen_02541,5,-7.860,2.774,4.578,inf,2,0,0
gen_02541,6,-7.858,2.742,3.974,inf,2,0,0
gen_02541,7,-7.831,3.245,3.983,inf,2,0,0
gen_02541,8,-7.787,2.798,4.569,inf,2,0,0
gen_02541,9,-7.638,2.771,4.573,inf,2,0,0
gen_02541,10,-7.619,2.760,4.433,inf,2,0,0
gen_02541,11,-7.608,2.746,4.094,inf,2,0,0
gen_02541,12,-7.584,2.722,4.529,inf,2,0,0
gen_02541,13,-7.456,2.564,4.020,inf,2,0,0
gen_02542,1,-6.351,2.795,3.857,6.430,2,1,0
gen_02542,2,-6.345,3.063,4.320,6.022,2,1,0
gen_02543,1,-6.662,2.404,2.542,4.571,2,1,0
gen_02543,2,-6.657,2.436,2.645,4.668,2,1,0
gen_02544,1,-7.605,2.714,4.378,inf,2,0,0
gen_02544,2,-7.600,2.714,4.375,inf,2,0,0
gen_02544,3,-7.461,2.758,4.461,inf,2,0,0
gen_02545,1,-7.442,2.689,4.459,inf,2,0,0
gen_02545,2,-7.403,2.701,4.423,inf,2,0,0
gen_02546,1,-7.218,2.802,4.407,inf,2,0,0
gen_02546,2,-7.144,2.739,4.491,inf,2,0,0
gen_02546,3,-7.083,2.718,4.473,inf,2,0,0
gen_02546,4,-7.051,2.837,4.429,inf,2,0,0
gen_02547,1,-7.391,9.488,10.685,inf,2,0,0
gen_02547,2,-7.391,9.647,10.867,inf,2,0,0
gen_02547,3,-7.379,9.641,10.837,inf,2,0,0
gen_02548,1,-6.835,2.671,4.390,inf,2,0,0
gen_02548,2,-6.830,2.734,4.376,inf,2,0,0
gen_02548,3,-6.804,2.663,4.456,inf,2,0,0
gen_02549,1,-7.051,2.647,4.049,inf,2,0,0
gen_02550,1,-7.306,2.692,2.841,3.375,4,1,1
gen_02550,2,-7.263,2.684,2.826,3.328,4,1,1
gen_02550,3,-7.256,2.842,3.919,3.126,4,1,1
gen_02550,4,-7.216,2.345,2.667,5.801,4,1,0
gen_02550,5,-7.208,2.379,2.671,5.855,4,1,0
gen_02551,1,-7.654,2.720,4.351,inf,2,0,0
gen_02551,2,-7.652,2.719,4.414,inf,2,0,0
gen_02551,3,-7.628,2.766,4.461,inf,2,0,0
gen_02552,1,-6.957,2.469,4.445,inf,2,0,0
gen_02552,2,-6.954,2.542,4.461,inf,2,0,0
gen_02552,3,-6.882,15.370,15.774,inf,2,0,0
gen_02552,4,-6.861,15.436,15.754,inf,2,0,0
gen_02552,5,-6.858,2.542,4.520,inf,2,0,0
gen_02553,1,-7.027,2.776,4.425,inf,4,0,0
gen_02553,2,-7.000,2.797,4.487,inf,4,0,0
gen_02553,3,-6.992,2.798,4.329,inf,4,0,0
gen_02553,4,-6.983,2.805,4.293,inf,4,0,0
gen_02554,1,-7.314,2.328,3.698,inf,2,0,0
gen_02554,2,-7.297,2.387,3.632,inf,2,0,0
gen_02554,3,-7.292,2.801,4.559,inf,2,0,0
gen_02554,4,-7.283,2.364,3.646,inf,2,0,0
gen_02554,5,-7.283,2.748,4.485,inf,2,0,0
gen_02554,6,-7.264,2.783,4.541,inf,2,0,0
gen_02554,7,-7.260,2.812,4.525,inf,2,0,0
gen_02554,8,-7.241,2.796,4.514,inf,2,0,0
gen_02555,1,-7.653,2.421,4.044,inf,2,0,0
gen_02555,2,-7.633,2.419,4.024,inf,2,0,0
gen_02555,3,-7.613,2.378,3.962,inf,2,0,0
gen_02555,4,-7.610,2.450,4.072,inf,2,0,0
gen_02555,5,-7.581,2.429,3.996,inf,2,0,0
gen_02556,1,-6.943,2.476,2.724,inf,2,0,0
gen_02556,2,-6.939,2.481,2.722,inf,2,0,0
gen_02556,3,-6.927,2.466,2.741,inf,2,0,0
gen_02556,4,-6.923,2.504,2.729,inf,2,0,0
gen_02556,5,-6.921,2.498,2.719,inf,2,0,0
gen_02556,6,-6.910,2.513,2.701,inf,2,0,0
gen_02557,1,-6.698,2.326,4.357,inf,2,0,0
gen_02558,1,-7.074,2.588,4.071,inf,2,0,0
gen_02558,2,-6.922,2.585,4.210,inf,2,0,0
gen_02558,3,-6.687,3.958,4.070,inf,2,0,0
gen_02558,4,-6.587,2.804,4.329,inf,2,0,0
gen_02558,5,-6.570,10.562,10.566,inf,2,0,0
gen_02558,6,-6.553,10.996,11.591,inf,2,0,0
gen_02559,1,-7.778,2.643,3.474,4.859,2,1,0
gen_02559,2,-7.644,2.723,3.415,4.792,2,1,0
gen_02559,3,-7.543,3.182,4.683,4.088,2,1,0
gen_02560,1,-7.458,2.414,2.818,inf,2,0,0
gen_02560,2,-7.400,2.601,2.670,inf,2,0,0
gen_02560,3,-7.397,2.425,2.791,inf,2,0,0
gen_02560,4,-7.336,4.060,5.371,inf,2,0,0
gen_02560,5,-7.279,2.422,2.819,inf,2,0,0
gen_02561,1,-6.881,2.736,4.318,inf,2,0,0
gen_02561,2,-6.801,15.708,16.903,inf,2,0,0
gen_02561,3,-6.781,15.994,17.033,inf,2,0,0
gen_02561,4,-6.776,2.737,4.301,inf,2,0,0
gen_02561,5,-6.740,16.428,16.764,inf,2,0,0
gen_02562,1,-7.420,14.525,15.980,inf,2,0,0
gen_02562,2,-7.416,14.514,16.001,inf,2,0,0
gen_02562,3,-7.391,14.163,15.869,inf,2,0,0
gen_02562,4,-7.312,2.838,4.487,inf,2,0,0
gen_02563,1,-7.995,2.656,4.333,inf,2,0,0
gen_02563,2,-7.901,2.587,4.497,inf,2,0,0
gen_02563,3,-7.861,2.748,4.476,inf,2,0,0
gen_02563,4,-7.785,2.635,4.385,inf,2,0,0
gen_02563,5,-7.729,2.763,4.422,inf,2,0,0
gen_02563,6,-7.671,2.599,4.005,inf,2,0,0
gen_02563,7,-7.646,2.573,4.537,inf,2,0,0
gen_02563,8,-7.644,2.724,4.341,inf,2,0,0
gen_02563,9,-7.588,2.788,4.482,inf,2,0,0
gen_02563,10,-7.516,6.259,6.529,inf,2,0,0
gen_02563,11,-7.479,6.282,6.511,inf,2,0,0
gen_02563,12,-7.453,4.805,6.411,inf,2,0,0
gen_02563,13,-7.430,4.699,6.439,inf,2,0,0
gen_02564,1,-6.995,3.645,4.398,inf,2,0,0
gen_02564,2,-6.989,3.621,4.376,inf,2,0,0
gen_02564,3,-6.970,3.644,4.421,inf,2,0,0
gen_02565,1,-8.385,2.579,2.680,inf,2,0,0
gen_02566,1,-7.740,2.610,4.470,inf,2,0,0
gen_02566,2,-7.726,2.618,4.507,inf,2,0,0
gen_02566,3,-7.476,2.723,3.952,inf,2,0,0
gen_02567,1,-7.943,2.765,4.435,inf,2,0,0
gen_02568,1,-7.556,2.203,4.397,6.204,2,1,0
gen_02568,2,-7.554,2.214,4.341,6.174,2,1,0
gen_02568,3,-7.494,2.207,4.407,6.056,2,1,0
gen_02568,4,-7.333,2.239,4.418,6.250,2,1,0
gen_02568,5,-6.944,16.282,16.484,4.324,2,1,0
gen_02569,1,-6.783,3.934,4.551,inf,2,0,0
gen_02569,2,-6.757,4.052,4.592,inf,2,0,0
gen_02569,3,-6.753,4.041,4.635,inf,2,0,0
gen_02569,4,-6.686,4.474,4.512,inf,2,0,0
gen_02569,5,-6.682,4.323,4.634,inf,2,0,0
gen_02569,6,-6.667,4.305,4.621,inf,2,0,0
gen_02570,1,-7.486,2.312,4.329,inf,2,0,0
gen_02570,2,-7.476,2.270,4.370,inf,2,0,0
gen_02571,1,-7.447,2.429,3.861,6.203,2,1,0
gen_02571,2,-7.447,17.497,18.802,8.136,2,1,0
gen_02571,3,-7.444,2.414,3.826,6.222,2,1,0
gen_02571,4,-7.427,2.449,3.929,6.218,2,1,0
gen_02571,5,-7.420,2.479,3.920,6.175,2,1,0
gen_02571,6,-7.416,17.891,18.887,8.353,2,1,0
gen_02571,7,-7.412,2.425,3.839,6.209,2,1,0
gen_02571,8,-7.411,17.884,18.987,8.313,2,1,0
gen_02571,9,-7.394,2.444,3.900,6.141,2,1,0
gen_02571,10,-7.394,2.488,3.904,6.173,2,1,0
gen_02571,11,-7.357,3.122,4.070,6.099,2,1,0
gen_02572,1,-7.397,2.788,4.526,inf,2,0,0
gen_02572,2,-7.367,2.822,4.579,inf,2,0,0
gen_02572,3,-7.260,2.785,4.548,inf,2,0,0
gen_02572,4,-7.187,2.730,4.558,inf,2,0,0
gen_02572,5,-7.081,2.758,4.413,inf,2,0,0
gen_02572,6,-7.069,2.722,4.370,inf,2,0,0
gen_02572,7,-6.978,2.842,4.539,inf,2,0,0
gen_02572,8,-6.973,2.833,4.485,inf,2,0,0
gen_02573,1,-6.576,2.706,4.420,inf,2,0,0
gen_02573,2,-6.541,2.766,4.545,inf,2,0,0
gen_02573,3,-6.536,2.687,4.449,inf,2,0,0
gen_02573,4,-6.533,2.793,4.544,inf,2,0,0
gen_02573,5,-6.525,2.773,4.514,inf,2,0,0
gen_02573,6,-6.505,2.796,4.524,inf,2,0,0
gen_02574,1,-7.017,2.717,4.441,inf,2,0,0
gen_02574,2,-7.005,2.800,4.526,inf,2,0,0
gen_02575,1,-6.718,5.514,5.699,inf,2,0,0
gen_02575,2,-6.702,2.321,4.500,inf,2,0,0
gen_02575,3,-6.687,2.340,4.517,inf,2,0,0
gen_02575,4,-6.625,4.011,4.793,inf,2,0,0
gen_02575,5,-6.595,3.976,4.976,inf,2,0,0
gen_02575,6,-6.585,17.818,17.882,inf,2,0,0
gen_02576,1,-7.471,2.731,4.157,4.854,4,1,0
gen_02576,2,-7.407,2.668,4.176,4.746,4,1,0
gen_02576,3,-7.398,2.703,4.294,4.509,4,1,0
gen_02576,4,-7.394,2.670,4.215,4.711,4,1,0
gen_02576,5,-7.341,2.735,4.202,4.625,4,1,0
gen_02576,6,-7.341,2.738,4.190,4.572,4,1,0
gen_02576,7,-7.308,2.687,4.408,4.380,4,1,0
gen_02576,8,-7.298,2.754,3.875,5.068,4,1,0
gen_02576,9,-7.293,2.765,4.383,4.274,4,1,0
gen_02576,10,-7.285,2.711,4.387,4.496,4,1,0
gen_02577,1,-7.164,2.378,4.334,inf,2,0,0
gen_02577,2,-7.119,2.392,4.283,inf,2,0,0
gen_02577,3,-7.058,2.390,4.363,inf,2,0,0
gen_02577,4,-7.010,2.748,4.423,inf,2,0,0
gen_02578,1,-8.432,2.849,4.551,inf,2,0,0
gen_02579,1,-7.470,3.221,3.989,inf,2,0,0
gen_02580,1,-7.162,4.178,4.582,inf,4,0,0
gen_02580,2,-7.119,4.194,4.547,inf,4,0,0
gen_02580,3,-7.079,3.977,4.406,inf,4,0,0
gen_02580,4,-7.077,3.959,4.461,inf,4,0,0
gen_02580,5,-7.070,3.948,4.495,inf,4,0,0
gen_02580,6,-7.067,4.000,4.410,inf,4,0,0
gen_02581,1,-7.467,2.806,4.403,inf,4,0,0
gen_02581,2,-7.436,2.789,4.471,inf,4,0,0
gen_02582,1,-6.697,2.721,3.682,inf,2,0,0
gen_02582,2,-6.663,2.724,3.698,inf,2,0,0
gen_02583,1,-7.608,2.816,4.521,inf,2,0,0
gen_02583,2,-7.458,2.800,4.315,inf,2,0,0
gen_02583,3,-7.410,2.770,4.497,inf,2,0,0
gen_02583,4,-7.394,10.784,12.005,inf,2,0,0
gen_02583,5,-7.297,2.754,4.288,inf,2,0,0
gen_02584,1,-7.814,2.776,4.506,inf,2,0,0
gen_02584,2,-7.728,3.889,4.943,inf,2,0,0
gen_02584,3,-7.713,3.872,4.983,inf,2,0,0
gen_02584,4,-7.693,4.193,4.502,inf,2,0,0
gen_02585,1,-6.710,8.106,8.937,2.986,2,1,0
gen_02585,2,-6.518,2.712,4.383,11.146,2,1,0
gen_02586,1,-8.536,2.632,3.063,2.666,2,1,1
gen_02586,2,-8.431,2.058,4.227,5.742,2,1,0
gen_02587,1,-7.489,4.373,5.082,inf,2,0,0
gen_02587,2,-7.462,4.562,5.047,inf,2,0,0
gen_02587,3,-7.432,4.393,5.121,inf,2,0,0
gen_02587,4,-7.407,4.544,5.128,inf,2,0,0
gen_02587,5,-7.405,4.609,4.961,inf,2,0,0
gen_02587,6,-7.382,4.583,5.052,inf,2,0,0
gen_02587,7,-7.168,4.743,5.092,inf,2,0,0
gen_02588,1,-6.475,2.460,2.790,inf,2,0,0
gen_02588,2,-6.421,2.417,2.760,inf,2,0,0
gen_02588,3,-6.392,2.545,2.695,inf,2,0,0
gen_02588,4,-6.233,2.713,4.275,inf,2,0,0
gen_02589,1,-7.713,13.037,15.142,inf,2,0,0
gen_02589,2,-7.678,13.053,15.108,inf,2,0,0
gen_02590,1,-7.880,2.655,4.489,inf,2,0,0
gen_02590,2,-7.825,2.789,4.498,inf,2,0,0
gen_02590,3,-7.806,2.746,4.476,inf,2,0,0
gen_02590,4,-7.779,2.583,4.504,inf,2,0,0
gen_02590,5,-7.757,2.842,4.559,inf,2,0,0
gen_02590,6,-7.743,2.748,4.518,inf,2,0,0
gen_02590,7,-7.715,2.735,4.425,inf,2,0,0
gen_02590,8,-7.701,2.640,4.413,inf,2,0,0
gen_02590,9,-7.671,2.685,4.454,inf,2,0,0
gen_02590,10,-7.664,2.820,4.543,inf,2,0,0
gen_02591,1,-7.679,2.740,4.100,inf,4,0,0
gen_02591,2,-7.659,2.729,4.084,inf,4,0,0
gen_02591,3,-7.650,2.730,4.045,inf,4,0,0
gen_02592,1,-6.469,2.804,4.588,inf,2,0,0
gen_02592,2,-6.427,2.911,4.604,inf,2,0,0
gen_02592,3,-6.411,2.789,4.538,inf,2,0,0
gen_02592,4,-6.399,2.769,4.616,inf,2,0,0
gen_02592,5,-6.379,2.211,4.262,inf,2,0,0
gen_02592,6,-6.368,2.699,4.402,inf,2,0,0
gen_02592,7,-6.277,2.296,4.305,inf,2,0,0
gen_02592,8,-6.273,2.280,4.282,inf,2,0,0
gen_02593,1,-6.824,2.490,4.354,inf,2,0,0
gen_02593,2,-6.773,2.379,4.344,inf,2,0,0
gen_02594,1,-6.781,2.641,4.224,inf,2,0,0
gen_02594,2,-6.762,2.699,4.249,inf,2,0,0
gen_02595,1,-8.317,12.700,12.703,4.311,2,1,0
gen_02595,2,-8.297,12.706,12.721,4.326,2,1,0
gen_02595,3,-8.090,12.615,12.791,4.383,2,1,0
gen_02596,1,-6.947,2.788,4.591,5.903,2,1,0
gen_02596,2,-6.817,2.702,4.403,3.315,2,1,1
gen_02596,3,-6.737,2.728,4.523,3.340,2,1,1
gen_02596,4,-6.531,2.837,4.444,3.822,2,1,0
gen_02597,1,-6.785,2.772,4.292,inf,2,0,0
gen_02598,1,-7.854,2.820,4.366,inf,2,0,0
gen_02598,2,-7.735,2.832,4.378,inf,2,0,0
gen_02599,1,-6.823,2.775,4.426,inf,2,0,0
gen_02599,2,-6.804,2.753,4.416,inf,2,0,0
gen_02599,3,-6.796,2.820,4.411,inf,2,0,0
gen_02599,4,-6.788,2.751,4.426,inf,2,0,0
gen_02600,1,-7.175,2.322,2.593,6.480,4,1,0
gen_02600,2,-7.161,2.350,2.572,6.556,4,1,0
gen_02600,3,-7.050,2.367,2.603,6.742,4,1,0
gen_02600,4,-7.025,2.569,2.751,6.787,4,1,0
gen_02600,5,-7.015,2.657,2.698,7.016,4,1,0
gen_02600,6,-7.006,2.221,2.707,6.794,4,1,0
gen_02600,7,-6.984,2.323,2.737,6.712,4,1,0
gen_02600,8,-6.962,2.247,2.800,6.981,4,1,0
gen_02600,9,-6.840,2.775,3.408,4.808,4,1,0
gen_02601,1,-7.478,2.681,3.844,inf,2,0,0
gen_02602,1,-6.750,2.728,4.418,2.860,2,1,1
gen_02602,2,-6.708,2.769,4.431,3.000,2,1,1
gen_02602,3,-6.569,2.609,4.356,5.992,2,1,0
gen_02603,1,-7.540,2.386,4.282,4.097,2,1,0
gen_02603,2,-7.441,2.443,4.342,4.093,2,1,0
gen_02603,3,-7.342,2.564,4.359,3.974,2,1,0
gen_02603,4,-7.132,4.250,4.634,4.292,2,1,0
gen_02603,5,-7.123,2.804,4.502,5.559,2,1,0
gen_02603,6,-7.006,2.765,4.447,5.972,2,1,0
gen_02603,7,-6.956,2.784,4.505,5.837,2,1,0
gen_02604,1,-7.497,3.043,3.875,inf,2,0,0
gen_02604,2,-7.482,2.201,4.420,inf,2,0,0
gen_02604,3,-7.474,10.224,10.724,inf,2,0,0
gen_02604,4,-7.429,2.617,4.143,inf,2,0,0
gen_02604,5,-7.405,2.596,4.282,inf,2,0,0
gen_02604,6,-7.366,2.722,4.104,inf,2,0,0
gen_02604,7,-7.363,10.309,10.698,inf,2,0,0
gen_02604,8,-7.328,2.207,4.386,inf,2,0,0
gen_02604,9,-7.239,2.208,4.397,inf,2,0,0
gen_02604,10,-7.044,2.381,4.593,inf,2,0,0
gen_02605,1,-7.982,2.770,4.480,inf,2,0,0
gen_02605,2,-7.968,2.766,4.474,inf,2,0,0
gen_02605,3,-7.965,2.746,4.459,inf,2,0,0
gen_02606,1,-6.725,2.641,2.751,inf,2,0,0
gen_02606,2,-6.715,2.367,2.816,inf,2,0,0
gen_02606,3,-6.629,2.310,4.478,inf,2,0,0
gen_02606,4,-6.610,2.305,4.475,inf,2,0,0
gen_02607,1,-7.622,12.761,13.560,inf,2,0,0
gen_02607,2,-7.527,2.718,4.471,inf,2,0,0
gen_02607,3,-7.510,2.766,4.431,inf,2,0,0
gen_02607,4,-7.506,2.755,4.479,inf,2,0,0
gen_02607,5,-7.454,2.762,4.578,inf,2,0,0
gen_02607,6,-7.415,2.772,4.453,inf,2,0,0
gen_02608,1,-8.105,2.206,4.390,5.455,2,1,0
gen_02608,2,-8.094,2.777,4.367,3.034,2,1,1
gen_02608,3,-8.085,2.209,4.406,5.449,2,1,0
gen_02609,1,-7.759,2.742,4.374,inf,4,0,0
gen_02609,2,-7.752,2.775,4.447,inf,4,0,0
gen_02609,3,-7.736,2.755,4.447,inf,4,0,0
gen_02609,4,-7.736,2.751,4.395,inf,4,0,0
gen_02609,5,-7.724,2.781,4.489,inf,4,0,0
gen_02610,1,-7.355,6.727,8.664,inf,4,0,0
gen_02610,2,-7.354,6.813,8.757,inf,4,0,0
gen_02610,3,-7.344,6.726,8.637,inf,4,0,0
gen_02611,1,-8.096,3.116,4.345,6.643,2,1,0
gen_02611,2,-8.094,2.632,2.969,6.219,2,1,0
gen_02611,3,-8.079,2.601,2.955,6.155,2,1,0
gen_02611,4,-8.044,3.019,4.242,6.679,2,1,0
gen_02611,5,-8.030,2.634,2.714,6.107,2,1,0
gen_02611,6,-8.028,2.612,2.788,6.024,2,1,0
gen_02611,7,-8.013,2.658,2.782,6.149,2,1,0
gen_02611,8,-7.956,2.751,2.758,6.257,2,1,0
gen_02612,1,-7.460,2.707,4.442,inf,2,0,0
gen_02612,2,-7.344,2.745,4.446,inf,2,0,0
gen_02613,1,-7.212,2.467,2.751,inf,2,0,0
gen_02613,2,-7.190,2.335,2.771,inf,2,0,0
gen_02613,3,-7.180,2.321,2.767,inf,2,0,0
gen_02613,4,-7.113,2.345,4.470,inf,2,0,0
gen_02613,5,-7.072,2.281,4.415,inf,2,0,0
gen_02614,1,-8.286,2.547,2.685,inf,2,0,0
gen_02614,2,-8.249,2.583,2.700,inf,2,0,0
gen_02614,3,-8.168,2.611,2.733,inf,2,0,0
gen_02614,4,-8.132,2.200,4.422,inf,2,0,0
gen_02614,5,-8.120,2.209,4.424,inf,2,0,0
gen_02614,6,-8.058,2.269,4.477,inf,2,0,0
gen_02615,1,-6.998,3.706,4.028,4.696,4,1,0
gen_02615,2,-6.997,3.675,4.032,4.689,4,1,0
gen_02615,3,-6.964,3.871,4.030,4.721,4,1,0
gen_02616,1,-8.096,3.119,4.144,5.138,2,2,0
gen_02616,2,-8.072,2.787,3.995,5.202,2,2,0
gen_02617,1,-7.711,2.835,4.309,inf,2,0,0
gen_02617,2,-7.709,2.780,4.464,inf,2,0,0
gen_02617,3,-7.696,2.818,4.512,inf,2,0,0
gen_02617,4,-7.693,2.767,4.435,inf,2,0,0
gen_02618,1,-8.020,2.790,4.475,inf,2,0,0
gen_02618,2,-7.991,2.990,4.442,inf,2,0,0
gen_02618,3,-7.976,2.750,4.407,inf,2,0,0
gen_02619,1,-7.316,2.480,4.309,inf,2,0,0
gen_02619,2,-7.265,2.483,4.280,inf,2,0,0
gen_02619,3,-7.263,2.806,4.603,inf,2,0,0
gen_02620,1,-7.437,3.039,4.209,inf,2,0,0
gen_02620,2,-7.374,2.658,3.754,inf,2,0,0
gen_02620,3,-7.347,2.713,3.826,inf,2,0,0
gen_02620,4,-7.216,9.294,10.226,inf,2,0,0
gen_02620,5,-7.160,5.841,7.685,inf,2,0,0
gen_02620,6,-7.145,5.984,7.808,inf,2,0,0
gen_02620,7,-7.138,10.179,11.071,inf,2,0,0
gen_02620,8,-7.122,9.674,9.846,inf,2,0,0
gen_02620,9,-7.101,9.864,10.200,inf,2,0,0
gen_02620,10,-7.096,7.917,8.190,inf,2,0,0
gen_02620,11,-7.091,9.839,9.950,inf,2,0,0
gen_02621,1,-7.358,3.900,4.549,inf,2,0,0
gen_02621,2,-7.354,2.772,3.826,inf,2,0,0
gen_02621,3,-7.331,2.755,3.827,inf,2,0,0
gen_02621,4,-7.329,3.971,4.484,inf,2,0,0
gen_02621,5,-7.271,3.935,4.609,inf,2,0,0
gen_02621,6,-7.256,3.727,4.539,inf,2,0,0
gen_02621,7,-7.169,2.702,4.408,inf,2,0,0
gen_02622,1,-7.870,2.837,4.577,inf,2,0,0
gen_02622,2,-7.838,2.841,4.558,inf,2,0,0
gen_02622,3,-7.823,2.745,4.459,inf,2,0,0
gen_02622,4,-7.805,2.781,4.539,inf,2,0,0
gen_02622,5,-7.723,2.797,4.565,inf,2,0,0
gen_02622,6,-7.684,2.725,4.490,inf,2,0,0
gen_02622,7,-7.515,2.748,4.434,inf,2,0,0
gen_02623,1,-7.242,2.809,4.250,inf,2,0,0
gen_02624,1,-8.464,2.776,4.425,inf,2,0,0
gen_02624,2,-8.414,2.812,4.460,inf,2,0,0
gen_02624,3,-8.385,2.776,4.383,inf,2,0,0
gen_02624,4,-8.336,2.784,4.319,inf,2,0,0
gen_02624,5,-8.314,2.804,4.321,inf,2,0,0
gen_02624,6,-8.308,2.774,4.310,inf,2,0,0
gen_02625,1,-7.610,2.686,4.381,2.985,2,1,1
gen_02625,2,-7.533,2.771,4.433,2.954,2,1,1
gen_02625,3,-7.500,9.806,10.396,5.531,2,1,0
gen_02625,4,-7.379,9.860,10.439,5.596,2,1,0
gen_02626,1,-7.183,2.755,4.285,inf,2,0,0
gen_02627,1,-7.213,2.234,4.347,inf,2,0,0
gen_02627,2,-7.143,2.326,4.441,inf,2,0,0
gen_02628,1,-7.318,2.659,4.476,inf,2,0,0
gen_02628,2,-7.297,2.625,4.501,inf,2,0,0
gen_02628,3,-7.266,2.671,4.533,inf,2,0,0
gen_02628,4,-7.258,2.657,4.546,inf,2,0,0
gen_02628,5,-7.256,2.670,4.515,inf,2,0,0
gen_02628,6,-7.237,2.808,4.607,inf,2,0,0
gen_02628,7,-7.174,2.706,4.527,inf,2,0,0
gen_02628,8,-7.073,2.847,4.342,inf,2,0,0
gen_02628,9,-6.794,2.825,4.367,inf,2,0,0
gen_02629,1,-7.274,2.594,4.355,inf,2,0,0
gen_02629,2,-7.272,2.609,4.366,inf,2,0,0
gen_02629,3,-7.257,2.558,4.395,inf,2,0,0
gen_02629,4,-7.252,2.576,4.408,inf,2,0,0
gen_02630,1,-8.140,3.176,4.953,inf,4,0,0
gen_02630,2,-7.965,3.082,4.822,inf,4,0,0
gen_02630,3,-7.591,2.536,4.341,inf,4,0,0
gen_02631,1,-7.050,3.238,4.556,inf,2,0,0
gen_02632,1,-8.683,12.999,15.014,inf,2,0,0
gen_02632,2,-8.662,12.995,15.016,inf,2,0,0
gen_02632,3,-8.548,12.999,14.973,inf,2,0,0
gen_02632,4,-8.517,14.572,15.950,inf,2,0,0
gen_02632,5,-8.505,14.704,15.816,inf,2,0,0
gen_02632,6,-8.504,2.700,4.255,inf,2,0,0
gen_02632,7,-8.462,14.667,15.814,inf,2,0,0
gen_02633,1,-6.003,2.611,4.484,inf,2,0,0
gen_02633,2,-5.887,2.540,4.509,inf,2,0,0
gen_02634,1,-7.859,3.272,4.533,inf,4,0,0
gen_02634,2,-7.758,3.424,4.480,inf,4,0,0
gen_02635,1,-8.693,2.775,4.382,inf,2,0,0
gen_02635,2,-8.646,3.438,4.394,inf,2,0,0
gen_02635,3,-8.640,2.775,4.334,inf,2,0,0
gen_02635,4,-8.600,2.749,4.296,inf,2,0,0
gen_02635,5,-8.565,3.186,4.449,inf,2,0,0
gen_02635,6,-8.460,2.757,4.345,inf,2,0,0
gen_02636,1,-8.174,8.726,9.740,inf,2,0,0
gen_02636,2,-8.147,3.660,4.934,inf,2,0,0
gen_02636,3,-8.106,2.792,4.479,inf,2,0,0
gen_02636,4,-8.082,2.837,4.476,inf,2,0,0
gen_02636,5,-8.072,8.939,9.793,inf,2,0,0
gen_02636,6,-8.061,2.822,4.511,inf,2,0,0
gen_02636,7,-8.061,9.171,9.921,inf,2,0,0
gen_02636,8,-8.046,2.816,4.506,inf,2,0,0
gen_02636,9,-8.011,2.773,4.479,inf,2,0,0
gen_02636,10,-8.003,2.811,4.498,inf,2,0,0
gen_02636,11,-8.002,2.820,4.515,inf,2,0,0
gen_02636,12,-7.975,2.823,4.525,inf,2,0,0
gen_02636,13,-7.956,2.850,4.514,inf,2,0,0
gen_02637,1,-92.698,8.247,9.808,inf,2,0,0
gen_02638,1,-7.179,14.833,14.842,inf,2,0,0
gen_02638,2,-7.142,2.597,2.736,inf,2,0,0
gen_02638,3,-7.127,2.613,2.720,inf,2,0,0
gen_02639,1,-7.240,3.261,4.637,inf,2,0,0
gen_02639,2,-7.208,2.992,4.572,inf,2,0,0
gen_02639,3,-7.112,2.859,4.364,inf,2,0,0
gen_02639,4,-7.099,2.826,4.490,inf,2,0,0
gen_02640,1,-7.382,2.749,4.372,inf,2,0,0
gen_02640,2,-7.354,2.769,4.398,inf,2,0,0
gen_02640,3,-7.254,2.792,4.411,inf,2,0,0
gen_02640,4,-7.198,2.767,4.328,inf,2,0,0
gen_02641,1,-17.869,15.948,16.543,inf,2,0,0
gen_02642,1,-7.571,2.798,4.425,inf,2,0,0
gen_02642,2,-7.560,2.815,4.456,inf,2,0,0
gen_02643,1,-7.567,2.634,3.862,inf,2,0,0
gen_02643,2,-7.428,2.726,3.790,inf,2,0,0
gen_02643,3,-7.387,2.708,3.805,inf,2,0,0
gen_02644,1,-8.290,3.184,4.344,inf,2,0,0
gen_02645,1,-8.182,2.679,4.486,5.190,2,1,0
gen_02645,2,-8.159,2.776,4.469,5.160,2,1,0
gen_02645,3,-8.074,2.770,4.493,5.232,2,1,0
gen_02645,4,-8.071,2.503,2.832,3.728,2,1,0
gen_02645,5,-8.062,2.439,2.835,3.678,2,1,0
gen_02645,6,-8.050,2.406,2.794,3.734,2,1,0
gen_02645,7,-8.033,2.656,2.733,3.565,2,1,0
gen_02645,8,-8.023,2.687,2.779,3.868,2,1,0
gen_02645,9,-8.002,2.560,2.685,3.435,2,1,1
gen_02645,10,-7.991,2.212,4.422,3.161,2,1,1
gen_02645,11,-7.987,2.592,2.705,3.403,2,1,1
gen_02645,12,-7.986,2.959,4.483,4.415,2,1,0
gen_02645,13,-7.974,2.206,4.376,3.150,2,1,1
gen_02645,14,-7.895,2.614,2.768,3.767,2,1,0
gen_02645,15,-7.831,2.273,4.417,3.191,2,1,1
gen_02646,1,-7.927,5.838,7.865,inf,2,0,0
gen_02646,2,-7.787,2.835,4.462,inf,2,0,0
gen_02646,3,-7.779,2.775,4.435,inf,2,0,0
gen_02647,1,-8.019,2.845,4.395,10.402,2,1,0
gen_02647,2,-8.001,2.797,4.536,10.343,2,1,0
gen_02647,3,-7.986,2.840,4.395,10.403,2,1,0
gen_02647,4,-7.732,14.895,16.155,6.787,2,1,0
gen_02647,5,-7.689,14.680,16.086,6.858,2,1,0
gen_02647,6,-7.670,14.739,16.126,6.846,2,1,0
gen_02647,7,-7.666,14.694,16.111,6.815,2,1,0
gen_02647,8,-7.644,14.948,16.123,6.873,2,1,0
gen_02647,9,-7.634,15.124,16.304,6.872,2,1,0
gen_02647,10,-7.089,10.572,12.203,4.636,2,1,0
gen_02647,11,-7.078,10.372,12.113,4.662,2,1,0
gen_02648,1,-7.753,4.149,4.516,inf,2,0,0
gen_02649,1,-6.733,2.322,4.357,inf,2,0,0
gen_02650,1,-7.912,3.099,4.752,inf,2,0,0
gen_02650,2,-7.909,3.056,4.663,inf,2,0,0
gen_02650,3,-7.899,3.041,4.714,inf,2,0,0
gen_02650,4,-7.895,2.983,4.603,inf,2,0,0
gen_02650,5,-7.889,2.931,4.597,inf,2,0,0
gen_02650,6,-7.881,3.106,4.731,inf,2,0,0
gen_02650,7,-7.871,2.869,4.520,inf,2,0,0
gen_02650,8,-7.869,2.818,4.576,inf,2,0,0
gen_02650,9,-7.865,2.815,4.594,inf,2,0,0
gen_02650,10,-7.827,2.840,4.487,inf,2,0,0
gen_02650,11,-7.534,2.662,3.772,inf,2,0,0
gen_02650,12,-7.529,2.607,3.786,inf,2,0,0
gen_02651,1,-8.377,2.486,3.791,inf,4,0,0
gen_02651,2,-8.310,2.456,3.789,inf,4,0,0
gen_02652,1,-7.543,2.301,2.719,inf,2,0,0
gen_02652,2,-7.505,2.430,2.682,inf,2,0,0
gen_02653,1,-8.071,2.678,4.476,inf,2,0,0
gen_02653,2,-7.941,2.664,4.531,inf,2,0,0
gen_02653,3,-7.940,2.659,4.483,inf,2,0,0
gen_02654,1,-8.441,2.734,4.429,inf,2,0,0
gen_02654,2,-8.389,2.706,4.419,inf,2,0,0
gen_02654,3,-8.300,2.728,4.311,inf,2,0,0
gen_02655,1,-8.576,2.758,4.573,inf,2,0,0
gen_02656,1,-8.155,3.645,4.735,inf,4,0,0
gen_02656,2,-8.104,2.362,4.505,inf,4,0,0
gen_02656,3,-8.085,3.717,4.764,inf,4,0,0
gen_02656,4,-8.062,2.392,4.539,inf,4,0,0
gen_02656,5,-8.017,2.390,4.520,inf,4,0,0
gen_02656,6,-8.013,2.363,4.514,inf,4,0,0
gen_02656,7,-8.005,3.591,4.764,inf,4,0,0
gen_02657,1,-8.023,2.802,4.507,3.408,2,1,1
gen_02657,2,-8.017,2.812,4.498,3.391,2,1,1
gen_02657,3,-8.002,2.824,4.589,3.479,2,1,1
gen_02658,1,-7.432,3.011,3.073,inf,4,0,0
gen_02658,2,-7.363,3.193,3.731,inf,4,0,0
gen_02658,3,-7.329,2.893,3.319,inf,4,0,0
gen_02658,4,-7.325,2.874,3.507,inf,4,0,0
gen_02659,1,-7.576,2.435,2.827,inf,4,0,0
gen_02659,2,-7.502,2.484,3.787,inf,4,0,0
gen_02659,3,-7.501,2.458,2.849,inf,4,0,0
gen_02659,4,-7.463,2.632,2.665,inf,4,0,0
gen_02659,5,-7.459,2.515,3.787,inf,4,0,0
gen_02659,6,-7.457,2.622,2.718,inf,4,0,0
gen_02659,7,-7.434,2.487,3.929,inf,4,0,0
gen_02660,1,-7.137,3.600,4.253,inf,2,0,0
gen_02660,2,-7.062,2.850,4.400,inf,2,0,0
gen_02660,3,-6.972,3.530,4.416,inf,2,0,0
gen_02661,1,-7.958,2.748,4.506,inf,2,0,0
gen_02661,2,-7.937,2.713,4.551,inf,2,0,0
gen_02661,3,-7.907,2.708,4.552,inf,2,0,0
gen_02661,4,-7.840,2.881,4.299,inf,2,0,0
gen_02661,5,-7.700,2.816,4.558,inf,2,0,0
gen_02662,1,-8.445,2.550,2.595,inf,4,0,0
gen_02662,2,-8.438,2.572,2.632,inf,4,0,0
gen_02662,3,-8.356,2.534,2.609,inf,4,0,0
gen_02662,4,-8.336,2.485,2.774,inf,4,0,0
gen_02662,5,-8.313,2.574,2.677,inf,4,0,0
gen_02662,6,-8.265,2.478,2.995,inf,4,0,0
gen_02662,7,-8.261,2.604,3.774,inf,4,0,0
gen_02662,8,-8.259,2.526,3.861,inf,4,0,0
gen_02662,9,-8.225,2.693,3.812,inf,4,0,0
gen_02662,10,-8.194,2.432,3.040,inf,4,0,0
gen_02662,11,-8.161,2.708,3.786,inf,4,0,0
gen_02663,1,-7.858,13.091,13.956,inf,2,0,0
gen_02663,2,-7.811,13.076,13.944,inf,2,0,0
gen_02663,3,-7.787,13.382,13.828,inf,2,0,0
gen_02663,4,-7.757,13.358,13.805,inf,2,0,0
gen_02664,1,-7.188,2.733,4.479,inf,2,0,0
gen_02664,2,-7.165,2.774,4.354,inf,2,0,0
gen_02664,3,-7.144,2.729,4.392,inf,2,0,0
gen_02664,4,-7.123,2.531,4.415,inf,2,0,0
gen_02664,5,-7.031,2.783,4.373,inf,2,0,0
gen_02664,6,-6.984,2.433,4.573,inf,2,0,0
gen_02664,7,-6.983,15.568,15.812,inf,2,0,0
gen_02664,8,-6.974,2.347,4.303,inf,2,0,0
gen_02664,9,-6.959,15.487,16.270,inf,2,0,0
gen_02664,10,-6.951,2.255,4.452,inf,2,0,0
gen_02664,11,-6.910,14.960,16.385,inf,2,0,0
gen_02664,12,-6.877,14.532,16.183,inf,2,0,0
gen_02665,1,-8.921,2.632,4.413,inf,2,0,0
gen_02665,2,-8.890,2.528,4.309,inf,2,0,0
gen_02666,1,-7.346,2.668,3.749,inf,2,0,0
gen_02666,2,-7.344,2.700,3.749,inf,2,0,0
gen_02666,3,-7.294,2.637,3.722,inf,2,0,0
gen_02666,4,-7.274,2.702,3.699,inf,2,0,0
gen_02667,1,-7.824,2.813,4.327,inf,2,0,0
gen_02667,2,-7.823,2.826,4.380,inf,2,0,0
gen_02668,1,-7.810,2.634,2.761,5.254,2,1,0
gen_02668,2,-7.728,2.553,2.751,5.240,2,1,0
gen_02669,1,-8.050,2.831,4.637,inf,4,0,0
gen_02669,2,-8.047,2.811,4.561,inf,4,0,0
gen_02669,3,-8.020,2.868,4.631,inf,4,0,0
gen_02669,4,-8.013,2.841,4.561,inf,4,0,0
gen_02670,1,-7.225,7.612,8.310,inf,2,0,0
gen_02670,2,-7.211,7.616,8.293,inf,2,0,0
gen_02670,3,-7.180,3.209,4.687,inf,2,0,0
gen_02670,4,-7.176,7.605,8.281,inf,2,0,0
gen_02670,5,-7.062,4.395,4.861,inf,2,0,0
gen_02670,6,-7.029,2.951,4.505,inf,2,0,0
gen_02671,1,-8.384,2.645,3.098,inf,2,0,0
gen_02671,2,-8.344,2.547,3.201,inf,2,0,0
gen_02672,1,-7.880,2.949,4.473,inf,2,0,0
gen_02672,2,-7.859,2.840,4.342,inf,2,0,0
gen_02672,3,-7.844,2.793,4.437,inf,2,0,0
gen_02672,4,-7.796,2.787,4.470,inf,2,0,0
gen_02672,5,-7.726,2.757,3.809,inf,2,0,0
gen_02672,6,-7.699,2.816,4.349,inf,2,0,0
gen_02672,7,-7.698,2.833,4.352,inf,2,0,0
gen_02672,8,-7.673,3.742,4.450,inf,2,0,0
gen_02672,9,-7.637,2.814,4.436,inf,2,0,0
gen_02672,10,-7.619,8.898,9.606,inf,2,0,0
gen_02672,11,-7.616,2.668,3.771,inf,2,0,0
gen_02672,12,-7.596,2.832,4.475,inf,2,0,0
gen_02672,13,-7.589,2.760,4.281,inf,2,0,0
gen_02672,14,-7.427,2.751,4.442,inf,2,0,0
gen_02673,1,-7.349,7.586,8.076,inf,2,0,0
gen_02673,2,-7.299,7.600,8.069,inf,2,0,0
gen_02673,3,-7.272,2.880,4.508,inf,2,0,0
gen_02674,1,-8.091,2.760,3.516,inf,4,0,0
gen_02674,2,-7.983,2.873,3.424,inf,4,0,0
gen_02674,3,-7.981,2.725,4.048,inf,4,0,0
gen_02674,4,-7.773,2.782,3.797,inf,4,0,0
gen_02674,5,-7.764,2.738,4.277,inf,4,0,0
gen_02675,1,-7.593,2.439,4.563,inf,2,0,0
gen_02675,2,-7.552,2.649,4.561,inf,2,0,0
gen_02675,3,-7.538,2.431,4.470,inf,2,0,0
gen_02676,1,-6.963,2.819,4.558,inf,2,0,0
gen_02676,2,-6.834,2.851,4.360,inf,2,0,0
gen_02677,1,-8.116,2.746,4.398,2.926,2,1,1
gen_02678,1,-7.034,2.518,4.589,inf,2,0,0
gen_02678,2,-7.031,2.467,4.523,inf,2,0,0
gen_02678,3,-6.848,2.376,4.537,inf,2,0,0
gen_02678,4,-6.825,2.400,4.538,inf,2,0,0
gen_02678,5,-6.760,10.697,11.502,inf,2,0,0
gen_02678,6,-6.759,10.427,11.518,inf,2,0,0
gen_02679,1,-6.618,2.846,4.404,inf,2,0,0
gen_02679,2,-6.615,2.841,4.393,inf,2,0,0
gen_02680,1,-7.299,10.887,10.905,inf,2,0,0
gen_02680,2,-7.276,10.900,10.973,inf,2,0,0
gen_02680,3,-7.251,10.701,11.053,inf,2,0,0
gen_02681,1,-8.033,2.753,4.479,inf,2,0,0
gen_02681,2,-7.980,2.821,4.435,inf,2,0,0
gen_02681,3,-7.937,2.807,4.483,inf,2,0,0
gen_02681,4,-7.766,2.721,4.392,inf,2,0,0
gen_02682,1,-7.143,9.776,11.808,inf,2,0,0
gen_02682,2,-7.109,9.766,11.765,inf,2,0,0
gen_02683,1,-6.550,2.631,4.110,inf,2,0,0
gen_02683,2,-6.548,2.660,3.840,inf,2,0,0
gen_02684,1,-6.446,2.717,4.441,inf,2,0,0
gen_02684,2,-6.401,2.629,4.408,inf,2,0,0
gen_02684,3,-6.400,2.646,4.485,inf,2,0,0
gen_02684,4,-6.313,2.711,4.118,inf,2,0,0
gen_02684,5,-6.269,5.864,6.032,inf,2,0,0
gen_02684,6,-6.257,5.797,6.070,inf,2,0,0
gen_02685,1,-7.328,3.931,4.403,inf,2,0,0
gen_02685,2,-7.272,3.871,4.364,inf,2,0,0
gen_02685,3,-7.268,2.560,2.814,inf,2,0,0
gen_02685,4,-7.267,3.878,4.381,inf,2,0,0
gen_02685,5,-7.224,2.648,2.781,inf,2,0,0
gen_02686,1,-6.977,2.735,4.425,inf,2,0,0
gen_02686,2,-6.883,2.702,4.381,inf,2,0,0
gen_02686,3,-6.819,2.778,4.296,inf,2,0,0
gen_02686,4,-6.818,2.444,2.825,inf,2,0,0
gen_02687,1,-7.546,3.154,4.468,inf,2,0,0
gen_02687,2,-7.510,2.963,4.306,inf,2,0,0
gen_02687,3,-7.446,2.893,4.308,inf,2,0,0
gen_02687,4,-7.414,2.871,4.274,inf,2,0,0
gen_02687,5,-7.413,2.881,4.222,inf,2,0,0
gen_02687,6,-7.389,2.936,4.703,inf,2,0,0
gen_02688,1,-7.998,14.792,16.098,inf,2,0,0
gen_02688,2,-7.806,2.740,4.450,inf,2,0,0
gen_02688,3,-7.787,14.470,15.187,inf,2,0,0
gen_02688,4,-7.701,2.662,4.438,inf,2,0,0
gen_02688,5,-7.647,2.294,4.271,inf,2,0,0
gen_02688,6,-7.629,2.363,4.296,inf,2,0,0
gen_02688,7,-7.619,2.301,4.294,inf,2,0,0
gen_02688,8,-7.506,2.400,4.310,inf,2,0,0
gen_02688,9,-7.339,2.338,4.268,inf,2,0,0
gen_02689,1,-8.155,2.783,4.595,inf,4,0,0
gen_02689,2,-8.105,2.797,4.611,inf,4,0,0
gen_02689,3,-8.100,2.778,4.497,inf,4,0,0
gen_02689,4,-7.950,2.770,4.760,inf,4,0,0
gen_02689,5,-7.854,2.452,4.436,inf,4,0,0
gen_02690,1,-7.650,3.040,4.560,inf,2,0,0
gen_02690,2,-7.593,2.763,4.453,inf,2,0,0
gen_02690,3,-7.524,2.786,4.517,inf,2,0,0
gen_02691,1,-7.400,2.769,4.580,inf,2,0,0
gen_02691,2,-7.395,2.744,4.507,inf,2,0,0
gen_02691,3,-7.389,2.748,4.512,inf,2,0,0
gen_02692,1,-7.544,2.804,4.235,inf,2,0,0
gen_02692,2,-7.476,2.802,4.290,inf,2,0,0
gen_02693,1,-8.195,2.757,4.176,7.294,2,1,0
gen_02693,2,-8.165,2.718,3.925,7.459,2,1,0
gen_02693,3,-8.041,2.593,4.518,2.945,2,1,1
gen_02694,1,-6.964,2.771,4.401,4.720,2,1,0
gen_02695,1,-8.352,6.947,8.692,11.218,2,1,0
gen_02695,2,-8.325,7.113,8.518,11.285,2,1,0
gen_02695,3,-8.305,7.069,8.359,11.310,2,1,0
gen_02696,1,-7.964,2.718,4.410,inf,2,0,0
gen_02696,2,-7.941,2.741,4.409,inf,2,0,0
gen_02697,1,-7.610,2.718,4.050,inf,2,0,0
gen_02697,2,-7.610,2.661,4.043,inf,2,0,0
gen_02697,3,-7.609,2.748,4.056,inf,2,0,0
gen_02697,4,-7.601,2.788,4.510,inf,2,0,0
gen_02697,5,-7.575,2.731,4.106,inf,2,0,0
gen_02697,6,-7.523,2.685,4.054,inf,2,0,0
gen_02698,1,-7.806,2.448,4.145,inf,4,0,0
gen_02698,2,-7.769,2.438,4.083,inf,4,0,0
gen_02698,3,-7.731,2.463,4.160,inf,4,0,0
gen_02698,4,-7.729,2.441,4.076,inf,4,0,0
gen_02698,5,-7.709,2.543,4.272,inf,4,0,0
gen_02698,6,-7.704,2.328,4.228,inf,4,0,0
gen_02698,7,-7.697,2.409,4.070,inf,4,0,0
gen_02699,1,-7.283,2.483,4.378,inf,2,0,0
gen_02699,2,-7.267,2.481,4.372,inf,2,0,0
gen_02699,3,-7.243,2.790,4.342,inf,2,0,0
gen_02699,4,-7.224,2.821,4.337,inf,2,0,0
gen_02700,1,-7.196,10.001,10.551,3.770,2,1,0
gen_02700,2,-7.147,10.098,10.490,3.793,2,1,0
gen_02700,3,-7.144,10.136,10.576,3.851,2,1,0
gen_02700,4,-7.139,10.319,10.371,3.817,2,1,0
gen_02701,1,-7.530,2.707,4.448,inf,4,0,0
gen_02701,2,-7.517,2.783,4.500,inf,4,0,0
gen_02701,3,-7.413,2.793,4.551,inf,4,0,0
gen_02701,4,-7.314,2.785,4.486,inf,4,0,0
gen_02702,1,-7.426,2.459,2.712,4.651,4,1,0
gen_02702,2,-7.411,2.394,2.696,4.673,4,1,0
gen_02702,3,-7.411,2.415,2.700,4.616,4,1,0
gen_02702,4,-7.401,2.398,2.701,4.662,4,1,0
gen_02702,5,-7.395,2.428,2.716,4.642,4,1,0
gen_02702,6,-7.391,2.365,2.679,4.680,4,1,0
gen_02702,7,-7.382,2.393,2.670,4.645,4,1,0
gen_02703,1,-8.089,4.305,4.520,inf,2,0,0
gen_02703,2,-8.055,4.286,4.550,inf,2,0,0
gen_02704,1,-7.021,2.555,2.789,inf,2,0,0
gen_02704,2,-7.000,2.660,2.825,inf,2,0,0
gen_02705,1,-8.208,2.758,4.507,inf,2,0,0
gen_02706,1,-6.784,2.796,4.485,8.660,4,1,0
gen_02707,1,-7.360,2.800,4.443,inf,2,0,0
gen_02707,2,-7.352,2.814,4.464,inf,2,0,0
gen_02708,1,-7.813,2.813,4.486,inf,2,0,0
gen_02708,2,-7.769,2.839,4.503,inf,2,0,0
gen_02709,1,-8.611,2.340,2.616,inf,2,0,0
gen_02709,2,-8.588,2.229,2.844,inf,2,0,0
gen_02709,3,-8.429,2.322,2.680,inf,2,0,0
gen_02709,4,-8.190,2.216,2.929,inf,2,0,0
gen_02710,1,-7.478,2.734,4.308,inf,2,0,0
gen_02710,2,-7.472,2.774,4.284,inf,2,0,0
gen_02710,3,-7.219,2.684,4.452,inf,2,0,0
gen_02710,4,-7.204,2.720,4.471,inf,2,0,0
gen_02710,5,-7.166,2.853,4.542,inf,2,0,0
gen_02710,6,-6.739,2.816,4.464,inf,2,0,0
gen_02711,1,-7.592,2.654,4.408,inf,2,0,0
gen_02711,2,-7.504,2.705,4.385,inf,2,0,0
gen_02711,3,-7.462,2.657,4.437,inf,2,0,0
gen_02711,4,-7.459,2.685,4.411,inf,2,0,0
gen_02712,1,-8.101,2.589,2.799,inf,4,0,0
gen_02712,2,-8.075,2.618,2.806,inf,4,0,0
gen_02712,3,-8.070,2.584,2.796,inf,4,0,0
gen_02712,4,-8.032,2.389,2.883,inf,4,0,0
gen_02712,5,-8.019,2.340,2.860,inf,4,0,0
gen_02712,6,-7.999,2.369,2.825,inf,4,0,0
gen_02712,7,-7.988,2.408,2.842,inf,4,0,0
gen_02712,8,-7.962,2.665,2.726,inf,4,0,0
gen_02713,1,-7.134,2.997,4.502,inf,2,0,0
gen_02713,2,-7.114,2.944,4.451,inf,2,0,0
gen_02713,3,-6.961,2.957,4.547,inf,2,0,0
gen_02714,1,-7.972,3.305,4.377,inf,2,0,0
gen_02714,2,-7.929,3.265,4.368,inf,2,0,0
gen_02714,3,-7.909,3.392,4.323,inf,2,0,0
gen_02714,4,-7.874,3.316,4.419,inf,2,0,0
gen_02714,5,-7.865,3.139,4.499,inf,2,0,0
gen_02714,6,-7.861,3.356,4.393,inf,2,0,0
gen_02715,1,-7.520,3.009,4.657,2.717,2,1,1
gen_02716,1,-7.809,2.669,3.491,inf,2,0,0
gen_02716,2,-7.743,2.723,3.501,inf,2,0,0
gen_02717,1,-7.931,2.736,4.431,inf,2,0,0
gen_02717,2,-7.821,2.740,4.461,inf,2,0,0
gen_02717,3,-7.643,2.685,3.299,inf,2,0,0
gen_02717,4,-7.625,2.658,3.296,inf,2,0,0
gen_02717,5,-7.616,2.715,3.062,inf,2,0,0
gen_02717,6,-7.598,2.641,3.284,inf,2,0,0
gen_02717,7,-7.596,2.728,3.051,inf,2,0,0
gen_02717,8,-7.595,2.681,3.009,inf,2,0,0
gen_02717,9,-7.573,2.692,2.985,inf,2,0,0
gen_02717,10,-7.564,2.726,3.462,inf,2,0,0
gen_02717,11,-7.550,2.731,3.094,inf,2,0,0
gen_02717,12,-7.546,2.697,2.981,inf,2,0,0
gen_02717,13,-7.544,2.687,3.014,inf,2,0,0
gen_02718,1,-7.845,2.790,4.460,7.268,2,1,0
gen_02718,2,-7.779,2.838,4.352,7.226,2,1,0
gen_02718,3,-7.682,2.735,4.432,9.596,2,1,0
gen_02718,4,-7.620,2.768,4.451,9.582,2,1,0
gen_02718,5,-7.579,13.113,13.916,5.538,2,1,0
gen_02719,1,-7.255,2.254,4.405,inf,2,0,0
gen_02719,2,-7.181,2.332,4.498,inf,2,0,0
gen_02719,3,-7.118,2.399,4.564,inf,2,0,0
gen_02720,1,-7.014,2.691,4.510,inf,2,0,0
gen_02720,2,-6.952,2.715,4.556,inf,2,0,0
gen_02720,3,-6.914,2.601,4.531,inf,2,0,0
gen_02720,4,-6.913,2.668,4.610,inf,2,0,0
gen_02720,5,-6.829,2.809,4.377,inf,2,0,0
gen_02721,1,-7.745,3.074,4.490,inf,2,0,0
gen_02721,2,-7.663,2.795,4.429,inf,2,0,0
gen_02722,1,-7.679,2.722,4.379,4.609,4,1,0
gen_02723,1,-7.148,7.424,9.370,inf,2,0,0
gen_02723,2,-7.087,7.475,9.370,inf,2,0,0
gen_02723,3,-7.005,3.705,4.109,inf,2,0,0
gen_02724,1,-6.448,2.204,4.428,4.576,2,2,0
gen_02725,1,-6.928,2.469,4.026,8.097,2,1,0
gen_02726,1,-7.585,2.577,4.270,inf,2,0,0
gen_02726,2,-7.571,2.560,4.275,inf,2,0,0
gen_02727,1,-8.054,2.771,4.297,6.835,4,1,0
gen_02727,2,-8.053,2.798,4.316,6.829,4,1,0
gen_02727,3,-8.053,2.736,4.267,6.761,4,1,0
gen_02727,4,-8.027,2.736,4.267,6.804,4,1,0
gen_02728,1,-7.398,2.692,4.295,inf,2,0,0
gen_02728,2,-7.363,2.754,4.345,inf,2,0,0
gen_02728,3,-7.324,2.726,4.360,inf,2,0,0
gen_02728,4,-7.319,2.674,4.163,inf,2,0,0
gen_02728,5,-7.149,2.277,3.136,inf,2,0,0
gen_02728,6,-7.137,2.583,4.665,inf,2,0,0
gen_02728,7,-7.101,2.350,3.052,inf,2,0,0
gen_02728,8,-7.098,2.717,4.311,inf,2,0,0
gen_02728,9,-7.087,2.286,3.120,inf,2,0,0
gen_02728,10,-7.086,2.749,4.271,inf,2,0,0
gen_02728,11,-7.061,2.719,4.290,inf,2,0,0
gen_02728,12,-7.059,2.824,4.410,inf,2,0,0
gen_02728,13,-7.038,2.658,4.286,inf,2,0,0
gen_02728,14,-6.962,12.337,12.963,inf,2,0,0
gen_02728,15,-6.955,12.359,12.956,inf,2,0,0
gen_02729,1,-6.102,2.960,4.430,inf,2,0,0
gen_02729,2,-6.048,2.667,4.245,inf,2,0,0
gen_02729,3,-6.013,2.655,4.225,inf,2,0,0
gen_02729,4,-5.994,2.635,3.890,inf,2,0,0
gen_02729,5,-5.988,2.662,4.173,inf,2,0,0
gen_02729,6,-5.974,2.640,4.075,inf,2,0,0
gen_02729,7,-5.903,2.706,4.312,inf,2,0,0
gen_02730,1,-7.125,2.776,4.416,inf,2,0,0
gen_02730,2,-7.015,2.685,4.352,inf,2,0,0
gen_02730,3,-6.915,2.823,4.516,inf,2,0,0
gen_02731,1,-8.252,2.748,4.328,7.286,2,1,0
gen_02731,2,-8.220,2.642,4.504,7.116,2,1,0
gen_02732,1,-8.140,2.840,4.439,inf,2,0,0
gen_02732,2,-8.092,2.811,4.436,inf,2,0,0
gen_02732,3,-8.045,2.777,4.615,inf,2,0,0
gen_02732,4,-8.027,2.726,4.445,inf,2,0,0
gen_02733,1,-8.016,3.178,4.393,inf,2,0,0
gen_02733,2,-7.819,3.105,4.072,inf,2,0,0
gen_02734,1,-7.273,3.384,4.990,inf,4,0,0
gen_02734,2,-7.269,2.568,4.540,inf,4,0,0
gen_02734,3,-7.237,2.322,4.480,inf,4,0,0
gen_02735,1,-8.114,2.766,4.585,6.981,2,1,0
gen_02735,2,-8.032,2.769,4.599,6.941,2,1,0
gen_02736,1,-6.809,2.667,4.371,inf,2,0,0
gen_02736,2,-6.719,2.688,4.369,inf,2,0,0
gen_02737,1,-7.607,3.079,4.447,4.810,2,1,0
gen_02737,2,-7.564,3.106,4.462,4.685,2,1,0
gen_02737,3,-7.560,3.079,4.450,4.730,2,1,0
gen_02737,4,-7.527,3.091,4.451,4.944,2,1,0
gen_02737,5,-7.441,3.180,4.371,5.117,2,1,0
gen_02737,6,-7.369,2.814,4.408,5.000,2,1,0
gen_02738,1,-7.888,3.809,4.185,inf,4,0,0
gen_02738,2,-7.874,3.778,4.290,inf,4,0,0
gen_02738,3,-7.863,3.790,4.202,inf,4,0,0
gen_02739,1,-7.527,15.571,16.602,4.541,2,1,0
gen_02739,2,-7.497,15.732,16.771,3.134,2,1,0
gen_02739,3,-7.492,15.566,16.778,3.130,2,1,0
gen_02740,1,-8.739,2.732,4.450,inf,4,0,0
gen_02740,2,-8.693,2.675,4.451,inf,4,0,0
gen_02740,3,-8.649,2.697,4.401,inf,4,0,0
gen_02740,4,-8.617,2.693,4.351,inf,4,0,0
gen_02741,1,-7.368,2.832,4.494,inf,2,0,0
gen_02741,2,-7.367,3.178,4.397,inf,2,0,0
gen_02742,1,-7.887,2.697,4.508,inf,2,0,0
gen_02742,2,-7.862,2.740,4.489,inf,2,0,0
gen_02742,3,-7.839,2.782,4.501,inf,2,0,0
gen_02743,1,-7.412,2.850,4.372,inf,2,0,0
gen_02744,1,-7.260,2.680,3.825,inf,2,0,0
gen_02744,2,-7.133,2.710,3.991,inf,2,0,0
gen_02744,3,-7.042,14.016,14.490,inf,2,0,0
gen_02744,4,-7.041,13.981,14.330,inf,2,0,0
gen_02744,5,-6.993,13.882,14.738,inf,2,0,0
gen_02745,1,-7.293,2.779,4.190,inf,4,0,0
gen_02745,2,-7.292,2.784,4.215,inf,4,0,0
gen_02745,3,-7.276,2.815,4.289,inf,4,0,0
gen_02745,4,-7.171,2.788,4.259,inf,4,0,0
gen_02746,1,-7.086,15.050,15.358,inf,2,0,0
gen_02746,2,-7.079,15.114,15.801,inf,2,0,0
gen_02747,1,-7.099,3.580,4.771,inf,2,0,0
gen_02747,2,-7.071,3.597,4.672,inf,2,0,0
gen_02747,3,-7.069,3.621,4.635,inf,2,0,0
gen_02747,4,-7.053,2.850,4.286,inf,2,0,0
gen_02747,5,-7.049,2.857,4.292,inf,2,0,0
gen_02748,1,-7.740,2.207,2.582,2.957,2,1,1
gen_02748,2,-7.728,2.232,2.580,2.962,2,1,1
gen_02748,3,-7.711,2.216,2.596,2.986,2,1,1
gen_02748,4,-7.708,2.230,2.578,2.966,2,1,1
gen_02748,5,-7.583,2.229,2.593,3.071,2,1,1
gen_02748,6,-7.581,2.245,2.583,3.094,2,1,1
gen_02749,1,-7.447,2.956,4.483,inf,4,0,0
gen_02749,2,-7.433,2.837,4.372,inf,4,0,0
gen_02749,3,-7.417,2.804,4.471,inf,4,0,0
gen_02750,1,-7.846,14.506,15.035,inf,2,0,0
gen_02750,2,-7.833,14.438,14.986,inf,2,0,0
gen_02751,1,-6.460,2.697,2.847,inf,2,0,0
gen_02751,2,-6.409,2.595,3.022,inf,2,0,0
gen_02751,3,-6.399,2.547,2.801,inf,2,0,0
gen_02751,4,-6.389,2.595,2.813,inf,2,0,0
gen_02751,5,-6.342,2.638,2.748,inf,2,0,0
gen_02751,6,-6.326,2.457,2.767,inf,2,0,0
gen_02751,7,-6.211,2.779,2.873,inf,2,0,0
gen_02751,8,-6.189,2.772,4.412,inf,2,0,0
gen_02751,9,-6.175,2.800,4.464,inf,2,0,0
gen_02751,10,-6.155,2.825,4.495,inf,2,0,0
gen_02751,11,-6.155,2.703,4.409,inf,2,0,0
gen_02751,12,-6.122,2.760,4.577,inf,2,0,0
gen_02751,13,-6.104,2.782,4.390,inf,2,0,0
gen_02751,14,-6.046,3.376,4.590,inf,2,0,0
gen_02751,15,-5.795,2.986,3.084,inf,2,0,0
gen_02752,1,-7.431,2.660,4.457,inf,2,0,0
gen_02752,2,-7.411,2.693,4.450,inf,2,0,0
gen_02753,1,-7.115,4.213,5.138,inf,2,0,0
gen_02753,2,-7.071,2.982,4.406,inf,2,0,0
gen_02753,3,-7.064,3.295,4.879,inf,2,0,0
gen_02753,4,-7.051,2.864,4.452,inf,2,0,0
gen_02753,5,-7.027,2.810,4.504,inf,2,0,0
gen_02753,6,-6.997,4.003,5.217,inf,2,0,0
gen_02754,1,-7.812,2.784,4.482,inf,2,0,0
gen_02755,1,-8.965,2.804,4.480,inf,2,0,0
gen_02755,2,-8.952,2.781,4.483,inf,2,0,0
gen_02756,1,-7.975,3.008,4.507,3.114,4,1,1
gen_02756,2,-7.883,2.719,4.535,4.701,4,1,0
gen_02756,3,-7.865,2.771,4.496,4.801,4,1,0
gen_02756,4,-7.849,2.781,4.531,4.779,4,1,0
gen_02756,5,-7.830,2.745,4.425,4.742,4,1,0
gen_02757,1,-6.847,2.738,4.388,inf,2,0,0
gen_02758,1,-7.830,12.649,12.998,inf,2,0,0
gen_02759,1,-8.062,2.797,4.492,inf,2,0,0
gen_02759,2,-7.990,2.697,4.283,inf,2,0,0
gen_02760,1,-7.852,2.714,3.216,inf,2,0,0
gen_02760,2,-7.641,2.704,3.099,inf,2,0,0
gen_02760,3,-7.596,2.662,2.930,inf,2,0,0
gen_02760,4,-7.555,2.608,2.830,inf,2,0,0
gen_02760,5,-7.550,2.678,3.008,inf,2,0,0
gen_02760,6,-7.537,2.672,3.001,inf,2,0,0
gen_02761,1,-6.592,3.094,3.917,inf,4,0,0
gen_02761,2,-6.583,2.990,3.856,inf,4,0,0
gen_02761,3,-6.462,2.716,4.515,inf,4,0,0
gen_02762,1,-8.715,2.640,4.233,inf,2,0,0
gen_02762,2,-8.707,2.682,4.230,inf,2,0,0
gen_02763,1,-6.571,2.829,4.235,inf,2,0,0
gen_02763,2,-6.519,2.724,3.948,inf,2,0,0
gen_02764,1,-8.360,2.757,3.902,inf,4,0,0
gen_02764,2,-8.301,2.777,4.027,inf,4,0,0
gen_02764,3,-8.229,2.613,3.928,inf,4,0,0
gen_02765,1,-8.537,2.674,3.984,inf,2,0,0
gen_02765,2,-8.468,2.796,4.232,inf,2,0,0
gen_02765,3,-8.283,3.001,3.981,inf,2,0,0
gen_02765,4,-7.823,3.817,5.270,inf,2,0,0
gen_02765,5,-7.696,12.349,12.974,inf,2,0,0
gen_02766,1,-8.194,12.927,13.631,inf,2,0,0
gen_02766,2,-7.955,12.958,13.694,inf,2,0,0
gen_02766,3,-7.931,12.924,13.656,inf,2,0,0
gen_02766,4,-7.886,13.132,13.413,inf,2,0,0
gen_02767,1,-7.860,2.387,4.321,inf,2,0,0
gen_02767,2,-7.825,2.388,4.466,inf,2,0,0
gen_02767,3,-7.817,2.349,4.352,inf,2,0,0
gen_02767,4,-7.786,2.384,4.367,inf,2,0,0
gen_02767,5,-7.777,2.374,4.346,inf,2,0,0
gen_02768,1,-7.497,2.706,3.869,5.483,2,1,0
gen_02768,2,-7.465,2.682,3.838,5.617,2,1,0
gen_02768,3,-7.434,2.726,3.881,5.474,2,1,0
gen_02768,4,-7.433,2.686,3.864,5.657,2,1,0
gen_02768,5,-7.383,2.702,3.769,5.761,2,1,0
gen_02768,6,-7.376,2.672,3.841,5.593,2,1,0
gen_02768,7,-7.371,5.019,6.757,8.036,2,1,0
gen_02768,8,-7.366,2.735,3.868,5.716,2,1,0
gen_02768,9,-7.357,5.292,6.683,8.045,2,1,0
gen_02768,10,-7.350,5.160,6.658,8.012,2,1,0
gen_02768,11,-7.321,2.700,3.718,5.803,2,1,0
gen_02768,12,-7.320,2.614,3.804,5.737,2,1,0
gen_02769,1,-7.108,2.692,4.482,inf,2,0,0
gen_02769,2,-7.092,2.704,4.493,inf,2,0,0
gen_02770,1,-7.712,2.797,3.764,inf,2,0,0
gen_02771,1,-7.422,2.699,2.822,inf,2,0,0
gen_02771,2,-7.393,2.987,4.452,inf,2,0,0
gen_02771,3,-7.350,2.754,2.981,inf,2,0,0
gen_02771,4,-7.260,3.551,4.433,inf,2,0,0
gen_02772,1,-8.489,3.393,4.673,inf,2,0,0
gen_02772,2,-8.472,3.315,4.655,inf,2,0,0
gen_02772,3,-8.451,3.358,4.686,inf,2,0,0
gen_02772,4,-7.595,8.615,9.310,inf,2,0,0
gen_02772,5,-7.527,8.658,9.379,inf,2,0,0
gen_02773,1,-7.141,2.453,3.933,inf,2,0,0
gen_02773,2,-7.127,2.455,4.010,inf,2,0,0
gen_02773,3,-7.060,11.847,12.576,inf,2,0,0
gen_02773,4,-7.047,11.753,12.651,inf,2,0,0
gen_02773,5,-7.045,11.748,12.624,inf,2,0,0
gen_02773,6,-7.037,11.888,12.559,inf,2,0,0
gen_02773,7,-7.032,11.703,12.732,inf,2,0,0
gen_02773,8,-7.002,2.385,4.158,inf,2,0,0
gen_02773,9,-6.971,11.744,12.588,inf,2,0,0
gen_02774,1,-7.991,2.454,2.758,inf,2,0,0
gen_02774,2,-7.970,2.798,4.369,inf,2,0,0
gen_02774,3,-7.964,2.785,4.344,inf,2,0,0
gen_02774,4,-7.907,2.680,2.698,inf,2,0,0
gen_02774,5,-7.781,2.503,2.826,inf,2,0,0
gen_02774,6,-7.734,2.802,4.402,inf,2,0,0
gen_02774,7,-7.716,2.777,4.339,inf,2,0,0
gen_02774,8,-7.611,2.769,4.431,inf,2,0,0
gen_02775,1,-7.960,3.063,4.672,inf,2,0,0
gen_02775,2,-7.935,3.086,4.669,inf,2,0,0
gen_02775,3,-7.879,2.839,4.564,inf,2,0,0
gen_02776,1,-7.386,2.713,4.417,inf,2,0,0
gen_02776,2,-7.308,2.712,4.451,inf,2,0,0
gen_02776,3,-7.206,2.699,4.337,inf,2,0,0
gen_02776,4,-7.054,2.787,4.384,inf,2,0,0
gen_02777,1,-7.917,2.614,4.366,inf,2,0,0
gen_02778,1,-8.676,2.684,4.450,inf,4,0,0
gen_02778,2,-8.674,2.698,4.462,inf,4,0,0
gen_02778,3,-8.535,2.813,4.308,inf,4,0,0
gen_02779,1,-7.168,3.751,5.267,4.406,2,1,0
gen_02780,1,-7.707,3.817,5.228,inf,2,0,0
gen_02781,1,-7.738,2.804,4.320,inf,2,0,0
gen_02782,1,-6.759,2.452,2.512,inf,2,0,0
gen_02782,2,-6.719,2.450,2.571,inf,2,0,0
gen_02782,3,-6.710,2.477,2.548,inf,2,0,0
gen_02782,4,-6.695,2.498,2.535,inf,2,0,0
gen_02782,5,-6.689,2.411,2.560,inf,2,0,0
gen_02783,1,-7.594,2.489,4.432,inf,2,0,0
gen_02784,1,-7.254,2.721,4.435,inf,2,0,0
gen_02784,2,-7.181,2.711,4.433,inf,2,0,0
gen_02785,1,-7.423,2.667,4.420,inf,4,0,0
gen_02785,2,-7.416,2.561,4.473,inf,4,0,0
gen_02786,1,-7.933,2.783,4.155,inf,2,0,0
gen_02787,1,-6.890,2.732,4.302,inf,2,0,0
gen_02787,2,-6.833,2.752,4.334,inf,2,0,0
gen_02787,3,-6.823,2.769,4.378,inf,2,0,0
gen_02787,4,-6.798,2.705,4.327,inf,2,0,0
gen_02787,5,-6.794,2.749,4.324,inf,2,0,0
gen_02787,6,-6.763,2.738,4.307,inf,2,0,0
gen_02788,1,-7.869,10.586,10.896,9.019,2,1,0
gen_02788,2,-7.762,10.623,10.980,8.916,2,1,0
gen_02788,3,-7.669,2.364,4.427,5.871,2,1,0
gen_02789,1,-7.228,10.548,12.193,5.617,2,1,0
gen_02789,2,-7.216,10.550,12.182,5.631,2,1,0
gen_02789,3,-7.213,3.304,4.461,2.763,2,1,0
gen_02789,4,-7.126,2.392,4.578,2.951,2,1,1
gen_02790,1,-8.066,2.784,4.409,inf,2,0,0
gen_02790,2,-8.032,2.787,4.436,inf,2,0,0
gen_02791,1,-8.013,2.830,4.579,inf,2,0,0
gen_02791,2,-7.977,2.778,4.520,inf,2,0,0
gen_02791,3,-7.823,2.774,4.393,inf,2,0,0
gen_02791,4,-7.757,2.730,4.507,inf,2,0,0
gen_02791,5,-7.691,2.682,4.407,inf,2,0,0
gen_02792,1,-7.507,2.305,3.108,inf,2,0,0
gen_02792,2,-7.443,2.293,2.941,inf,2,0,0
gen_02793,1,-7.745,2.713,4.459,inf,2,0,0
gen_02793,2,-7.620,2.823,4.287,inf,2,0,0
gen_02794,1,-7.080,2.458,4.358,5.539,2,1,0
gen_02794,2,-7.030,2.481,4.284,5.607,2,1,0
gen_02794,3,-6.926,2.493,4.326,5.594,2,1,0
gen_02795,1,-6.413,3.855,4.730,inf,2,0,0
gen_02795,2,-6.377,3.871,4.778,inf,2,0,0
gen_02795,3,-6.339,3.880,4.666,inf,2,0,0
gen_02796,1,-6.761,9.724,9.995,3.798,2,2,0
gen_02796,2,-6.716,9.736,9.902,3.808,2,2,0
gen_02797,1,-7.260,2.572,4.479,3.122,2,1,1
gen_02797,2,-7.201,2.613,4.506,3.178,2,1,1
gen_02797,3,-7.170,15.361,15.602,3.939,2,1,0
gen_02797,4,-7.162,15.261,15.584,3.989,2,1,0
gen_02798,1,-7.877,2.832,4.331,inf,2,0,0
gen_02798,2,-7.853,2.731,4.240,inf,2,0,0
gen_02798,3,-7.850,2.809,4.294,inf,2,0,0
gen_02798,4,-7.848,2.741,4.228,inf,2,0,0
gen_02798,5,-7.819,2.718,4.172,inf,2,0,0
gen_02798,6,-7.811,2.740,4.217,inf,2,0,0
gen_02798,7,-7.801,2.717,3.932,inf,2,0,0
gen_02798,8,-7.743,2.730,3.872,inf,2,0,0
gen_02799,1,-7.297,2.780,4.524,inf,2,0,0
gen_02799,2,-7.260,2.769,4.445,inf,2,0,0
gen_02799,3,-7.206,2.763,4.434,inf,2,0,0
gen_02800,1,-7.105,2.824,4.488,inf,2,0,0
gen_02800,2,-7.091,2.821,4.472,inf,2,0,0
gen_02800,3,-7.081,2.751,4.431,inf,2,0,0
gen_02801,1,-6.961,3.350,4.454,inf,2,0,0
gen_02801,2,-6.953,3.324,4.439,inf,2,0,0
gen_02802,1,-7.611,2.755,3.791,inf,2,0,0
gen_02803,1,-6.817,2.800,4.470,inf,2,0,0
gen_02803,2,-6.814,2.799,4.466,inf,2,0,0
gen_02804,1,-7.824,4.073,4.649,inf,2,0,0
gen_02805,1,-7.004,2.693,4.289,inf,2,0,0
gen_02805,2,-6.999,2.681,4.279,inf,2,0,0
gen_02806,1,-7.654,2.695,3.798,inf,2,0,0
gen_02806,2,-7.642,2.707,4.093,inf,2,0,0
gen_02807,1,-7.713,2.742,4.281,inf,2,0,0
gen_02807,2,-7.706,2.790,4.378,inf,2,0,0
gen_02807,3,-7.686,2.783,4.433,inf,2,0,0
gen_02807,4,-7.666,2.482,2.755,inf,2,0,0
gen_02807,5,-7.600,2.470,2.753,inf,2,0,0
gen_02807,6,-7.599,2.784,4.163,inf,2,0,0
gen_02807,7,-7.433,2.703,4.415,inf,2,0,0
gen_02807,8,-7.432,3.037,4.526,inf,2,0,0
gen_02808,1,-7.417,2.645,4.366,inf,2,0,0
gen_02808,2,-7.404,2.677,4.433,inf,2,0,0
gen_02808,3,-7.396,2.772,4.497,inf,2,0,0
gen_02808,4,-7.395,2.774,4.526,inf,2,0,0
gen_02808,5,-7.383,2.689,4.368,inf,2,0,0
gen_02808,6,-7.374,3.141,4.789,inf,2,0,0
gen_02808,7,-7.372,2.742,4.431,inf,2,0,0
gen_02808,8,-7.360,2.703,4.408,inf,2,0,0
gen_02808,9,-7.356,2.740,4.440,inf,2,0,0
gen_02808,10,-7.323,2.737,4.430,inf,2,0,0
gen_02808,11,-7.297,2.740,4.433,inf,2,0,0
gen_02808,12,-7.276,2.654,4.373,inf,2,0,0
gen_02809,1,-7.157,2.730,4.153,inf,2,0,0
gen_02809,2,-7.156,2.740,4.136,inf,2,0,0
gen_02809,3,-7.148,2.722,4.127,inf,2,0,0
gen_02809,4,-7.128,2.745,4.036,inf,2,0,0
gen_02809,5,-7.127,2.785,4.106,inf,2,0,0
gen_02809,6,-7.121,2.738,4.054,inf,2,0,0
gen_02810,1,-7.581,2.607,2.692,7.070,2,1,0
gen_02810,2,-7.507,2.671,2.702,7.106,2,1,0
gen_02810,3,-7.387,2.538,2.701,6.603,2,1,0
gen_02810,4,-7.349,2.555,2.657,6.592,2,1,0
gen_02810,5,-7.341,2.554,2.659,6.569,2,1,0
gen_02811,1,-7.939,2.586,4.034,inf,2,0,0
gen_02811,2,-7.897,2.567,4.025,inf,2,0,0
gen_02812,1,-7.846,2.308,3.685,inf,2,0,0
gen_02812,2,-7.802,2.292,3.619,inf,2,0,0
gen_02813,1,-7.399,2.191,2.703,5.838,4,1,0
gen_02813,2,-7.394,2.206,2.683,5.847,4,1,0
gen_02813,3,-7.372,2.199,2.656,5.776,4,1,0
gen_02813,4,-7.366,2.204,2.684,5.818,4,1,0
gen_02814,1,-7.710,10.884,11.620,inf,2,0,0
gen_02814,2,-7.686,3.583,4.868,inf,2,0,0
gen_02814,3,-7.664,3.693,4.904,inf,2,0,0
gen_02814,4,-7.637,10.803,11.325,inf,2,0,0
gen_02814,5,-7.599,11.209,11.224,inf,2,0,0
gen_02814,6,-7.532,11.208,11.803,inf,2,0,0
gen_02815,1,-7.416,2.286,3.568,inf,2,0,0
gen_02815,2,-7.391,2.258,3.530,inf,2,0,0
gen_02815,3,-7.347,2.199,3.672,inf,2,0,0
gen_02815,4,-7.144,2.706,3.753,inf,2,0,0
gen_02815,5,-7.129,2.684,3.729,inf,2,0,0
gen_02816,1,-6.840,4.222,4.874,inf,2,0,0
gen_02817,1,-8.431,3.107,4.432,6.632,2,1,0
gen_02818,1,-8.752,2.740,4.527,5.239,2,1,0
gen_02818,2,-8.742,2.711,4.475,5.264,2,1,0
gen_02819,1,-6.612,2.630,4.445,3.051,2,1,1
gen_02819,2,-6.599,2.602,4.461,3.109,2,1,1
gen_02819,3,-6.545,2.678,4.477,3.155,2,1,1
gen_02819,4,-6.515,2.664,4.491,3.121,2,1,1
gen_02819,5,-6.465,2.757,4.443,3.100,2,1,1
gen_02819,6,-6.325,2.696,4.369,2.873,2,1,1
gen_02819,7,-6.265,2.697,4.009,2.698,2,1,1
gen_02820,1,-7.925,2.667,4.251,inf,2,0,0
gen_02820,2,-7.893,2.648,4.156,inf,2,0,0
gen_02820,3,-7.846,2.714,4.148,inf,2,0,0
gen_02821,1,-7.558,15.160,15.894,inf,2,0,0
gen_02821,2,-7.526,13.643,14.835,inf,2,0,0
gen_02821,3,-7.512,13.726,14.897,inf,2,0,0
gen_02821,4,-7.505,13.584,14.735,inf,2,0,0
gen_02821,5,-7.410,13.751,14.811,inf,2,0,0
gen_02821,6,-7.410,13.857,14.496,inf,2,0,0
gen_02821,7,-7.361,2.716,4.435,inf,2,0,0
gen_02822,1,-6.811,2.757,4.535,inf,2,0,0
gen_02822,2,-6.765,2.772,4.563,inf,2,0,0
gen_02823,1,-7.594,2.819,4.549,inf,2,0,0
gen_02823,2,-7.546,2.857,4.482,inf,2,0,0
gen_02823,3,-7.545,2.806,4.531,inf,2,0,0
gen_02823,4,-7.525,2.777,4.495,inf,2,0,0
gen_02824,1,-7.330,2.736,4.366,4.044,2,1,0
gen_02824,2,-7.209,2.682,4.400,5.760,2,1,0
gen_02824,3,-7.164,2.708,4.374,4.057,2,1,0
gen_02825,1,-6.515,2.633,4.077,inf,2,0,0
gen_02825,2,-6.500,2.704,3.841,inf,2,0,0
gen_02826,1,-6.867,3.874,5.290,inf,2,0,0
gen_02826,2,-6.825,3.923,5.398,inf,2,0,0
gen_02826,3,-6.759,2.741,4.273,inf,2,0,0
gen_02826,4,-6.757,3.520,4.581,inf,2,0,0
gen_02826,5,-6.750,3.379,4.012,inf,2,0,0
gen_02827,1,-8.214,2.777,4.218,inf,2,0,0
gen_02828,1,-9.036,2.720,3.881,inf,2,0,0
gen_02828,2,-9.020,2.715,3.878,inf,2,0,0
gen_02829,1,-7.265,2.548,4.697,2.839,2,1,1
gen_02829,2,-7.234,7.681,8.837,3.162,2,1,0
gen_02830,1,-6.931,2.628,4.459,inf,2,0,0
gen_02830,2,-6.902,2.725,4.537,inf,2,0,0
gen_02830,3,-6.805,2.663,4.475,inf,2,0,0
gen_02830,4,-6.758,2.728,4.464,inf,2,0,0
gen_02831,1,-6.708,11.811,12.508,inf,2,0,0
gen_02832,1,-7.907,2.781,4.542,inf,2,0,0
gen_02832,2,-7.900,2.795,4.554,inf,2,0,0
gen_02832,3,-7.871,2.744,4.502,inf,2,0,0
gen_02832,4,-7.870,2.730,4.539,inf,2,0,0
gen_02832,5,-7.761,2.839,4.533,inf,2,0,0
gen_02832,6,-7.698,2.768,4.561,inf,2,0,0
gen_02832,7,-7.638,2.769,4.617,inf,2,0,0
gen_02832,8,-7.611,2.727,3.918,inf,2,0,0
gen_02832,9,-7.558,2.779,4.543,inf,2,0,0
gen_02833,1,-7.154,2.743,4.405,inf,2,0,0
gen_02833,2,-7.129,2.720,4.427,inf,2,0,0
gen_02833,3,-7.119,2.698,4.359,inf,2,0,0
gen_02834,1,-7.976,2.732,4.495,inf,2,0,0
gen_02834,2,-7.974,2.740,4.448,inf,2,0,0
gen_02835,1,-6.624,2.420,4.546,inf,2,0,0
gen_02835,2,-6.590,2.459,4.544,inf,2,0,0
gen_02836,1,-7.908,3.719,4.459,inf,2,0,0
gen_02836,2,-7.865,3.594,4.313,inf,2,0,0
gen_02837,1,-6.634,2.570,3.574,3.437,2,1,1
gen_02837,2,-6.632,2.512,2.787,3.677,2,1,0
gen_02837,3,-6.626,2.576,3.585,3.400,2,1,1
gen_02837,4,-6.605,2.562,3.527,3.446,2,1,1
gen_02837,5,-6.590,2.604,3.543,3.461,2,1,1
gen_02837,6,-6.579,2.664,2.781,3.272,2,1,1
gen_02837,7,-6.576,2.603,2.766,3.225,2,1,1
gen_02837,8,-6.540,2.791,4.283,4.189,2,1,0
gen_02838,1,-6.451,2.773,4.267,inf,2,0,0
gen_02839,1,-7.475,2.764,4.499,inf,4,0,0
gen_02839,2,-7.461,2.754,4.534,inf,4,0,0
gen_02839,3,-7.451,2.686,4.509,inf,4,0,0
gen_02839,4,-7.387,2.737,4.510,inf,4,0,0
gen_02839,5,-7.333,2.731,4.436,inf,4,0,0
gen_02839,6,-7.324,2.760,4.519,inf,4,0,0
gen_02840,1,-7.008,2.794,3.976,inf,4,0,0
gen_02840,2,-6.985,2.668,4.408,inf,4,0,0
gen_02840,3,-6.983,2.653,4.388,inf,4,0,0
gen_02840,4,-6.959,2.692,4.361,inf,4,0,0
gen_02840,5,-6.946,2.704,4.349,inf,4,0,0
gen_02840,6,-6.911,2.767,3.682,inf,4,0,0
gen_02840,7,-6.893,3.771,5.360,inf,4,0,0
gen_02840,8,-6.883,3.683,5.291,inf,4,0,0
gen_02841,1,-7.192,3.176,3.249,inf,2,0,0
gen_02841,2,-7.188,3.164,3.351,inf,2,0,0
gen_02841,3,-7.102,2.755,4.417,inf,2,0,0
gen_02841,4,-7.086,2.653,4.410,inf,2,0,0
gen_02841,5,-7.078,3.254,3.309,inf,2,0,0
gen_02841,6,-7.028,2.718,4.469,inf,2,0,0
gen_02841,7,-7.026,9.837,10.839,inf,2,0,0
gen_02841,8,-7.012,9.781,10.860,inf,2,0,0
gen_02841,9,-7.005,9.548,10.741,inf,2,0,0
gen_02841,10,-6.988,9.575,10.787,inf,2,0,0
gen_02841,11,-4.154,2.883,3.686,inf,2,0,0
gen_02842,1,-8.153,2.771,4.496,inf,2,0,0
gen_02842,2,-8.093,2.751,3.734,inf,2,0,0
gen_02842,3,-8.078,2.787,3.735,inf,2,0,0
gen_02842,4,-7.951,2.698,3.236,inf,2,0,0
gen_02842,5,-7.891,2.701,2.976,inf,2,0,0
gen_02843,1,-8.235,2.697,4.432,inf,2,0,0
gen_02844,1,-7.742,2.689,4.377,inf,2,0,0
gen_02844,2,-7.730,2.697,4.403,inf,2,0,0
gen_02844,3,-7.704,2.753,4.300,inf,2,0,0
gen_02844,4,-7.657,2.625,4.357,inf,2,0,0
gen_02844,5,-7.551,2.698,4.375,inf,2,0,0
gen_02845,1,-7.748,3.992,4.660,inf,2,0,0
gen_02845,2,-7.725,3.955,4.875,inf,2,0,0
gen_02845,3,-7.684,3.985,4.769,inf,2,0,0
gen_02845,4,-7.669,3.920,4.654,inf,2,0,0
gen_02846,1,-8.434,14.525,15.170,inf,2,0,0
gen_02846,2,-8.431,14.881,15.004,inf,2,0,0
gen_02846,3,-8.370,14.928,14.980,inf,2,0,0
gen_02846,4,-8.369,14.586,15.343,inf,2,0,0
gen_02847,1,-7.620,2.370,2.461,inf,4,0,0
gen_02847,2,-7.597,2.383,2.439,inf,4,0,0
gen_02848,1,-6.698,2.739,4.461,inf,2,0,0
gen_02848,2,-6.672,2.668,4.415,inf,2,0,0
gen_02848,3,-6.627,2.757,4.494,inf,2,0,0
gen_02848,4,-6.622,2.749,4.490,inf,2,0,0
gen_02848,5,-6.596,4.376,4.808,inf,2,0,0
gen_02849,1,-7.168,2.769,4.428,inf,2,0,0
gen_02849,2,-7.145,2.792,4.459,inf,2,0,0
gen_02850,1,-7.845,3.029,4.902,inf,4,0,0
gen_02850,2,-7.817,3.052,4.903,inf,4,0,0
gen_02850,3,-7.802,2.933,4.802,inf,4,0,0
gen_02850,4,-7.791,2.876,4.786,inf,4,0,0
gen_02851,1,-7.407,14.698,14.898,inf,2,0,0
gen_02851,2,-7.394,14.687,15.174,inf,2,0,0
gen_02851,3,-7.389,14.855,14.872,inf,2,0,0
gen_02851,4,-7.370,14.746,15.156,inf,2,0,0
gen_02852,1,-7.340,2.859,4.541,inf,4,0,0
gen_02852,2,-7.323,2.839,4.532,inf,4,0,0
gen_02853,1,-7.328,2.719,4.371,inf,2,0,0
gen_02853,2,-7.251,2.729,4.251,inf,2,0,0
gen_02853,3,-7.241,2.728,4.382,inf,2,0,0
gen_02853,4,-7.025,2.791,4.323,inf,2,0,0
gen_02853,5,-7.009,14.581,15.044,inf,2,0,0
gen_02853,6,-6.992,14.724,14.924,inf,2,0,0
gen_02853,7,-6.984,14.808,14.990,inf,2,0,0
gen_02853,8,-6.973,14.835,15.015,inf,2,0,0
gen_02853,9,-6.961,14.843,14.990,inf,2,0,0
gen_02853,10,-6.954,2.786,4.322,inf,2,0,0
gen_02853,11,-6.943,14.907,15.119,inf,2,0,0
gen_02853,12,-6.931,14.882,15.137,inf,2,0,0
gen_02854,1,-8.018,2.661,3.069,inf,4,0,0
gen_02854,2,-7.999,2.532,3.215,inf,4,0,0
gen_02854,3,-7.973,3.182,3.436,inf,4,0,0
gen_02854,4,-7.950,2.664,3.025,inf,4,0,0
gen_02854,5,-7.915,2.572,3.195,inf,4,0,0
gen_02854,6,-7.912,2.482,3.068,inf,4,0,0
gen_02854,7,-7.867,2.969,3.045,inf,4,0,0
gen_02854,8,-7.803,3.240,3.335,inf,4,0,0
gen_02854,9,-7.792,2.572,2.972,inf,4,0,0
gen_02854,10,-7.743,2.685,4.390,inf,4,0,0
gen_02854,11,-7.679,2.678,4.359,inf,4,0,0
gen_02854,12,-7.593,2.641,4.360,inf,4,0,0
gen_02855,1,-7.365,3.122,4.418,inf,4,0,0
gen_02855,2,-7.328,3.079,4.383,inf,4,0,0
gen_02856,1,-7.395,3.598,4.482,inf,2,0,0
gen_02856,2,-7.376,2.786,4.280,inf,2,0,0
gen_02856,3,-7.366,2.783,4.279,inf,2,0,0
gen_02856,4,-7.362,2.454,4.239,inf,2,0,0
gen_02856,5,-7.355,3.203,4.401,inf,2,0,0
gen_02856,6,-7.301,2.785,4.419,inf,2,0,0
gen_02857,1,-7.196,2.827,4.234,inf,2,0,0
gen_02857,2,-7.189,3.119,4.384,inf,2,0,0
gen_02857,3,-7.163,3.354,4.361,inf,2,0,0
gen_02857,4,-7.144,2.205,4.359,inf,2,0,0
gen_02857,5,-7.079,3.567,4.315,inf,2,0,0
gen_02858,1,-8.258,10.411,10.543,inf,2,0,0
gen_02858,2,-8.248,10.285,10.667,inf,2,0,0
gen_02859,1,-7.936,2.698,3.260,inf,2,0,0
gen_02859,2,-7.913,2.712,3.219,inf,2,0,0
gen_02859,3,-7.851,2.780,3.255,inf,2,0,0
gen_02859,4,-7.809,2.558,3.396,inf,2,0,0
gen_02859,5,-7.747,2.714,4.392,inf,2,0,0
gen_02859,6,-7.644,2.745,3.529,inf,2,0,0
gen_02859,7,-7.633,2.726,3.538,inf,2,0,0
gen_02859,8,-7.631,2.725,3.443,inf,2,0,0
gen_02859,9,-7.596,2.761,4.196,inf,2,0,0
gen_02860,1,-7.095,2.834,4.556,inf,2,0,0
gen_02860,2,-7.078,2.806,4.555,inf,2,0,0
gen_02861,1,-6.826,2.443,2.684,inf,2,0,0
gen_02861,2,-6.779,2.729,4.501,inf,2,0,0
gen_02861,3,-6.702,11.493,12.665,inf,2,0,0
gen_02861,4,-6.701,12.913,14.287,inf,2,0,0
gen_02861,5,-6.657,12.832,14.365,inf,2,0,0
gen_02861,6,-6.631,11.774,12.625,inf,2,0,0
gen_02861,7,-6.601,13.721,14.725,inf,2,0,0
gen_02862,1,-7.749,2.784,4.353,inf,4,0,0
gen_02862,2,-7.726,2.772,4.359,inf,4,0,0
gen_02863,1,-8.236,2.732,4.363,inf,2,0,0
gen_02864,1,-7.862,2.722,3.893,inf,2,0,0
gen_02864,2,-7.840,2.780,4.427,inf,2,0,0
gen_02864,3,-7.830,2.823,4.432,inf,2,0,0
gen_02864,4,-7.791,2.726,3.732,inf,2,0,0
gen_02864,5,-7.780,2.665,4.454,inf,2,0,0
gen_02864,6,-7.751,2.801,4.399,inf,2,0,0
gen_02864,7,-7.743,2.771,4.210,inf,2,0,0
gen_02864,8,-7.735,2.722,4.576,inf,2,0,0
gen_02865,1,-6.616,2.367,2.568,inf,2,0,0
gen_02865,2,-6.615,2.387,2.576,inf,2,0,0
gen_02866,1,-6.800,2.450,2.788,inf,2,0,0
gen_02867,1,-6.907,2.720,4.333,inf,2,0,0
gen_02868,1,-7.378,2.871,4.397,inf,4,0,0
gen_02869,1,-7.804,2.790,4.570,inf,2,0,0
gen_02869,2,-7.804,2.710,4.516,inf,2,0,0
gen_02869,3,-7.735,2.759,4.510,inf,2,0,0
gen_02869,4,-7.656,2.757,4.425,inf,2,0,0
gen_02869,5,-7.436,2.744,4.459,inf,2,0,0
gen_02870,1,-7.832,2.753,2.971,inf,4,0,0
gen_02870,2,-7.821,2.714,2.964,inf,4,0,0
gen_02870,3,-7.796,2.654,3.073,inf,4,0,0
gen_02870,4,-7.791,2.645,2.971,inf,4,0,0
gen_02870,5,-7.764,2.700,2.944,inf,4,0,0
gen_02870,6,-7.755,2.488,3.206,inf,4,0,0
gen_02870,7,-7.685,2.721,2.884,inf,4,0,0
gen_02870,8,-7.659,2.753,4.452,inf,4,0,0
gen_02870,9,-7.619,2.934,3.136,inf,4,0,0
gen_02871,1,-8.068,2.830,4.403,inf,2,0,0
gen_02871,2,-8.058,2.816,4.563,inf,2,0,0
gen_02872,1,-8.307,3.026,4.659,8.033,4,1,0
gen_02872,2,-8.270,2.813,4.512,7.872,4,1,0
gen_02872,3,-8.255,2.684,4.435,4.993,4,1,0
gen_02872,4,-8.242,2.731,4.401,4.993,4,1,0
gen_02872,5,-8.236,2.962,4.553,7.846,4,1,0
gen_02872,6,-8.192,2.645,4.419,5.051,4,1,0
gen_02872,7,-8.179,2.485,2.765,5.163,4,1,0
gen_02872,8,-8.178,2.825,4.394,4.450,4,1,0
gen_02872,9,-8.160,2.812,4.458,4.316,4,1,0
gen_02872,10,-8.153,2.802,4.506,2.786,4,1,1
gen_02872,11,-8.116,2.698,4.440,5.095,4,1,0
gen_02873,1,-6.966,2.879,4.345,7.785,4,1,0
gen_02874,1,-8.604,3.321,4.888,inf,2,0,0
gen_02874,2,-8.579,2.858,4.542,inf,2,0,0
gen_02874,3,-8.543,2.851,4.559,inf,2,0,0
gen_02875,1,-7.553,2.454,4.527,inf,2,0,0
gen_02875,2,-7.551,2.453,4.533,inf,2,0,0
gen_02875,3,-7.538,2.585,4.659,inf,2,0,0
gen_02875,4,-7.456,2.335,3.623,inf,2,0,0
gen_02875,5,-7.445,2.547,4.653,inf,2,0,0
gen_02875,6,-7.424,3.435,4.894,inf,2,0,0
gen_02875,7,-7.419,2.364,3.651,inf,2,0,0
gen_02875,8,-7.411,2.420,4.490,inf,2,0,0
gen_02876,1,-7.884,2.652,4.313,inf,2,0,0
gen_02876,2,-7.866,2.678,4.428,inf,2,0,0
gen_02877,1,-7.525,2.456,2.581,inf,2,0,0
gen_02878,1,-7.345,3.936,5.366,5.289,2,1,0
gen_02878,2,-7.325,3.341,4.357,11.430,2,1,0
gen_02879,1,-7.402,3.285,4.527,2.931,2,1,0
gen_02879,2,-7.376,3.331,4.496,2.950,2,1,0
gen_02880,1,-7.881,2.723,4.439,inf,2,0,0
gen_02880,2,-7.856,2.811,4.525,inf,2,0,0
gen_02881,1,-8.412,3.114,4.959,3.331,2,1,1
gen_02881,2,-8.406,3.013,4.507,6.358,2,1,0
gen_02881,3,-8.325,2.798,4.639,3.165,2,1,1
gen_02881,4,-8.302,2.670,4.631,3.117,2,1,1
gen_02881,5,-8.270,2.601,4.506,6.332,2,1,0
gen_02881,6,-8.267,3.017,4.548,6.380,2,1,0
gen_02881,7,-8.263,2.677,4.563,3.146,2,1,1
gen_02881,8,-8.252,2.774,4.298,6.917,2,1,0
gen_02881,9,-8.238,3.470,4.454,6.034,2,1,0
gen_02881,10,-8.179,2.747,4.483,3.044,2,1,1
gen_02881,11,-8.070,3.425,4.373,6.290,2,1,0
gen_02881,12,-8.000,2.567,4.362,7.062,2,1,0
gen_02881,13,-7.913,3.163,4.328,6.697,2,1,0
gen_02881,14,-7.689,2.824,4.466,6.673,2,1,0
gen_02882,1,-7.976,2.761,4.487,inf,2,0,0
gen_02882,2,-7.960,2.777,4.470,inf,2,0,0
gen_02882,3,-7.933,2.751,4.454,inf,2,0,0
gen_02883,1,-6.401,2.305,4.407,4.148,2,2,0
gen_02884,1,-8.130,2.707,3.866,inf,2,0,0
gen_02884,2,-7.925,2.706,4.148,inf,2,0,0
gen_02885,1,-7.095,2.837,4.554,inf,2,0,0
gen_02885,2,-7.084,2.808,4.497,inf,2,0,0
gen_02886,1,-7.439,2.646,4.401,inf,2,0,0
gen_02886,2,-7.437,2.719,4.501,inf,2,0,0
gen_02886,3,-7.422,2.691,4.436,inf,2,0,0
gen_02886,4,-7.419,2.753,4.489,inf,2,0,0
gen_02886,5,-7.402,2.716,4.401,inf,2,0,0
gen_02886,6,-7.379,2.718,4.417,inf,2,0,0
gen_02886,7,-7.347,2.739,4.410,inf,2,0,0
gen_02886,8,-7.316,2.744,4.516,inf,2,0,0
gen_02886,9,-7.306,2.743,4.438,inf,2,0,0
gen_02887,1,-7.534,2.742,4.470,inf,4,0,0
gen_02887,2,-7.472,2.779,4.477,inf,4,0,0
gen_02887,3,-7.466,2.788,4.477,inf,4,0,0
gen_02887,4,-7.464,2.790,4.494,inf,4,0,0
gen_02887,5,-7.422,2.798,4.452,inf,4,0,0
gen_02887,6,-7.416,2.810,4.512,inf,4,0,0
gen_02887,7,-7.410,2.755,4.469,inf,4,0,0
gen_02887,8,-7.370,2.785,4.486,inf,4,0,0
gen_02887,9,-7.370,2.763,4.425,inf,4,0,0
gen_02888,1,-8.003,2.838,4.543,inf,2,0,0
gen_02888,2,-7.972,2.790,4.506,inf,2,0,0
gen_02888,3,-7.850,2.816,4.524,inf,2,0,0
gen_02888,4,-7.847,2.809,4.508,inf,2,0,0
gen_02888,5,-7.825,2.767,4.470,inf,2,0,0
gen_02888,6,-7.805,2.775,4.497,inf,2,0,0
gen_02889,1,-7.594,2.433,4.387,inf,2,0,0
gen_02889,2,-7.594,2.442,4.404,inf,2,0,0
gen_02889,3,-7.589,2.538,4.502,inf,2,0,0
gen_02889,4,-7.589,2.424,4.368,inf,2,0,0
gen_02889,5,-7.586,2.530,4.490,inf,2,0,0
gen_02889,6,-7.581,2.561,4.529,inf,2,0,0
gen_02890,1,-6.320,2.820,4.465,inf,2,0,0
gen_02890,2,-6.299,2.831,4.506,inf,2,0,0
gen_02890,3,-6.242,2.609,4.278,inf,2,0,0
gen_02890,4,-6.230,2.625,4.190,inf,2,0,0
gen_02890,5,-6.197,2.597,4.261,inf,2,0,0
gen_02890,6,-6.196,2.601,4.249,inf,2,0,0
gen_02890,7,-6.179,2.815,4.494,inf,2,0,0
gen_02890,8,-6.147,2.742,4.446,inf,2,0,0
gen_02890,9,-6.116,2.700,4.245,inf,2,0,0
gen_02890,10,-6.064,2.840,4.106,inf,2,0,0
gen_02891,1,-7.472,2.397,2.737,inf,2,0,0
gen_02892,1,-7.743,2.740,4.335,inf,2,0,0
gen_02892,2,-7.742,2.662,4.289,inf,2,0,0
gen_02892,3,-7.718,2.719,4.275,inf,2,0,0
gen_02892,4,-7.712,2.718,4.287,inf,2,0,0
gen_02892,5,-7.647,2.741,4.243,inf,2,0,0
gen_02893,1,-6.671,2.762,4.471,inf,2,0,0
gen_02894,1,-7.895,2.866,4.426,5.172,2,1,0
gen_02894,2,-7.741,2.718,4.398,5.246,2,1,0
gen_02895,1,-7.775,2.749,4.438,inf,2,0,0
gen_02896,1,-7.822,2.781,4.530,inf,2,0,0
gen_02896,2,-7.761,2.771,4.452,inf,2,0,0
gen_02896,3,-7.752,2.763,4.438,inf,2,0,0
gen_02896,4,-7.736,2.777,4.492,inf,2,0,0
gen_02896,5,-7.727,2.800,4.486,inf,2,0,0
gen_02896,6,-7.709,2.722,4.506,inf,2,0,0
gen_02897,1,-7.642,2.733,4.314,inf,4,0,0
gen_02897,2,-7.630,2.718,4.327,inf,4,0,0
gen_02897,3,-7.559,2.708,4.346,inf,4,0,0
gen_02898,1,-8.154,2.723,4.039,inf,4,0,0
gen_02898,2,-8.089,2.744,4.072,inf,4,0,0
gen_02898,3,-8.078,2.805,4.112,inf,4,0,0
gen_02898,4,-8.065,2.732,4.078,inf,4,0,0
gen_02899,1,-7.624,2.773,3.639,inf,4,0,0
gen_02900,1,-8.268,2.855,4.347,inf,2,0,0
gen_02900,2,-8.246,2.853,4.316,inf,2,0,0
gen_02901,1,-7.932,2.554,4.280,4.698,2,1,0
gen_02901,2,-7.891,2.663,4.239,4.961,2,1,0
gen_02902,1,-7.195,3.775,5.276,inf,2,0,0
gen_02902,2,-7.183,3.777,5.277,inf,2,0,0
gen_02903,1,-7.380,2.693,4.459,3.048,2,1,1
gen_02903,2,-7.339,2.670,4.447,3.112,2,1,1
gen_02904,1,-7.970,2.596,4.533,inf,2,0,0
gen_02904,2,-7.875,2.468,4.380,inf,2,0,0
gen_02904,3,-7.857,2.653,4.505,inf,2,0,0
gen_02904,4,-7.776,2.622,4.505,inf,2,0,0
gen_02905,1,-6.558,2.739,4.457,inf,2,0,0
gen_02905,2,-6.537,2.751,4.457,inf,2,0,0
gen_02906,1,-7.070,2.236,3.491,inf,4,0,0
gen_02906,2,-7.068,2.235,3.520,inf,4,0,0
gen_02906,3,-7.066,2.238,3.473,inf,4,0,0
gen_02906,4,-7.063,2.280,3.436,inf,4,0,0
gen_02907,1,-7.181,2.458,2.724,inf,2,0,0
gen_02907,2,-7.088,2.463,2.757,inf,2,0,0
gen_02908,1,-6.985,2.706,4.420,inf,2,0,0
gen_02908,2,-6.947,2.778,4.468,inf,2,0,0
gen_02908,3,-6.923,2.867,4.491,inf,2,0,0
gen_02908,4,-6.900,2.734,4.029,inf,2,0,0
gen_02908,5,-6.894,2.688,3.898,inf,2,0,0
gen_02908,6,-6.885,2.668,3.973,inf,2,0,0
gen_02908,7,-6.868,2.847,4.485,inf,2,0,0
gen_02908,8,-6.845,2.805,4.248,inf,2,0,0
gen_02908,9,-6.841,2.698,4.067,inf,2,0,0
gen_02909,1,-7.275,3.219,4.729,inf,2,0,0
gen_02909,2,-7.256,2.962,4.389,inf,2,0,0
gen_02909,3,-7.235,2.969,4.568,inf,2,0,0
gen_02909,4,-7.207,3.319,4.688,inf,2,0,0
gen_02909,5,-7.148,2.947,4.554,inf,2,0,0
gen_02910,1,-8.686,2.551,3.617,inf,2,0,0
gen_02910,2,-8.676,2.517,3.641,inf,2,0,0
gen_02910,3,-8.629,2.644,3.117,inf,2,0,0
gen_02910,4,-8.519,2.613,2.993,inf,2,0,0
gen_02910,5,-8.484,2.585,3.147,inf,2,0,0
gen_02910,6,-8.436,2.798,4.379,inf,2,0,0
gen_02910,7,-8.246,2.812,4.310,inf,2,0,0
gen_02911,1,-6.502,2.697,4.403,4.672,2,1,0
gen_02911,2,-6.413,2.785,4.433,4.443,2,1,0
gen_02911,3,-6.328,2.651,3.579,4.319,2,1,0
gen_02912,1,-7.950,2.825,4.518,inf,2,0,0
gen_02912,2,-7.944,2.838,4.408,inf,2,0,0
gen_02912,3,-7.940,2.839,4.517,inf,2,0,0
gen_02912,4,-7.939,2.777,4.323,inf,2,0,0
gen_02912,5,-7.843,2.775,4.299,inf,2,0,0
gen_02912,6,-7.835,2.733,4.452,inf,2,0,0
gen_02912,7,-7.819,2.725,4.478,inf,2,0,0
gen_02912,8,-7.792,2.768,4.504,inf,2,0,0
gen_02913,1,-7.592,2.665,4.428,inf,2,0,0
gen_02913,2,-7.429,2.710,4.448,inf,2,0,0
gen_02913,3,-7.428,2.751,4.427,inf,2,0,0
gen_02913,4,-7.378,2.647,4.430,inf,2,0,0
gen_02913,5,-7.344,2.629,4.414,inf,2,0,0
gen_02913,6,-7.292,2.685,4.288,inf,2,0,0
gen_02913,7,-7.244,2.739,4.502,inf,2,0,0
gen_02913,8,-7.175,2.774,4.558,inf,2,0,0
gen_02914,1,-7.217,2.741,4.554,inf,2,0,0
gen_02914,2,-6.784,14.794,14.993,inf,2,0,0
gen_02915,1,-7.977,2.693,4.348,inf,4,0,0
gen_02915,2,-7.894,2.743,4.480,inf,4,0,0
gen_02915,3,-7.678,2.805,4.358,inf,4,0,0
gen_02916,1,-8.418,2.774,4.381,inf,2,0,0
gen_02916,2,-8.390,2.751,4.398,inf,2,0,0
gen_02917,1,-7.700,3.042,4.692,3.139,4,1,1
gen_02917,2,-7.639,2.819,4.687,3.237,4,1,1
gen_02917,3,-7.636,2.924,4.715,3.219,4,1,1
gen_02917,4,-7.619,2.844,4.577,3.329,4,1,1
gen_02918,1,-7.134,3.336,4.502,inf,2,0,0
gen_02918,2,-7.132,2.863,4.373,inf,2,0,0
gen_02918,3,-7.123,2.779,3.744,inf,2,0,0
gen_02918,4,-7.069,3.410,4.428,inf,2,0,0
gen_02918,5,-7.060,2.793,3.753,inf,2,0,0
gen_02919,1,-7.365,2.832,4.549,inf,2,0,0
gen_02919,2,-7.351,2.776,4.459,inf,2,0,0
gen_02919,3,-7.349,2.789,4.516,inf,2,0,0
gen_02919,4,-7.342,2.844,4.557,inf,2,0,0
gen_02919,5,-7.325,2.834,4.640,inf,2,0,0
gen_02919,6,-7.302,2.798,4.455,inf,2,0,0
gen_02919,7,-7.297,2.734,4.385,inf,2,0,0
gen_02919,8,-6.951,2.784,4.417,inf,2,0,0
gen_02919,9,-6.948,2.489,2.836,inf,2,0,0
gen_02920,1,-8.208,2.762,4.485,inf,2,0,0
gen_02920,2,-8.189,2.764,4.482,inf,2,0,0
gen_02920,3,-8.171,2.785,4.459,inf,2,0,0
gen_02920,4,-8.167,2.760,4.452,inf,2,0,0
gen_02920,5,-8.131,2.708,4.443,inf,2,0,0
gen_02920,6,-8.110,2.790,4.520,inf,2,0,0
gen_02920,7,-8.102,2.790,4.532,inf,2,0,0
gen_02920,8,-8.075,2.778,4.481,inf,2,0,0
gen_02921,1,-9.422,3.286,4.435,3.804,4,2,0
gen_02921,2,-9.386,3.380,4.682,3.739,4,2,0
gen_02921,3,-9.268,3.347,4.435,3.847,4,2,0
gen_02921,4,-9.140,3.889,4.546,3.667,4,2,0
gen_02922,1,-7.148,14.536,15.027,inf,2,0,0
gen_02922,2,-7.141,14.591,15.003,inf,2,0,0
gen_02922,3,-7.140,14.598,15.063,inf,2,0,0
gen_02922,4,-7.127,2.677,3.079,inf,2,0,0
gen_02922,5,-7.120,14.644,15.024,inf,2,0,0
gen_02922,6,-7.029,14.420,14.978,inf,2,0,0
gen_02923,1,-8.146,2.467,4.200,4.478,2,1,0
gen_02923,2,-8.122,2.588,4.310,4.415,2,1,0
gen_02924,1,-8.201,2.714,4.593,inf,2,0,0
gen_02924,2,-8.200,2.741,4.475,inf,2,0,0
gen_02924,3,-8.183,2.738,4.511,inf,2,0,0
gen_02924,4,-8.162,2.717,4.542,inf,2,0,0
gen_02925,1,-7.225,3.909,5.465,inf,2,0,0
gen_02925,2,-7.190,3.925,5.476,inf,2,0,0
gen_02925,3,-7.183,3.951,5.524,inf,2,0,0
gen_02925,4,-7.181,2.763,3.759,inf,2,0,0
gen_02925,5,-7.178,2.765,3.782,inf,2,0,0
gen_02925,6,-7.161,2.773,3.776,inf,2,0,0
gen_02925,7,-7.154,2.733,3.615,inf,2,0,0
gen_02925,8,-7.140,2.730,3.655,inf,2,0,0
gen_02925,9,-7.133,2.777,3.657,inf,2,0,0
gen_02926,1,-7.771,13.551,14.704,inf,2,0,0
gen_02926,2,-7.759,13.512,14.546,inf,2,0,0
gen_02926,3,-7.677,13.977,14.764,inf,2,0,0
gen_02926,4,-7.647,14.018,14.832,inf,2,0,0
gen_02927,1,-8.088,3.151,4.733,inf,2,0,0
gen_02927,2,-8.023,3.173,4.754,inf,2,0,0
gen_02928,1,-8.566,2.759,2.827,inf,4,0,0
gen_02929,1,-7.254,2.830,4.489,inf,2,0,0
gen_02930,1,-7.622,2.696,4.145,inf,2,0,0
gen_02931,1,-7.095,2.490,4.460,inf,2,0,0
gen_02931,2,-7.082,2.503,4.472,inf,2,0,0
gen_02931,3,-7.075,2.374,4.413,inf,2,0,0
gen_02931,4,-7.066,2.426,4.443,inf,2,0,0
gen_02932,1,-8.690,2.739,3.772,inf,2,0,0
gen_02932,2,-8.681,2.666,3.839,inf,2,0,0
gen_02932,3,-8.657,2.707,3.831,inf,2,0,0
gen_02932,4,-8.642,2.705,3.804,inf,2,0,0
gen_02933,1,-7.397,2.742,4.318,6.329,2,1,0
gen_02933,2,-7.355,2.662,4.325,6.380,2,1,0
gen_02934,1,-8.326,2.355,2.839,inf,2,0,0
gen_02934,2,-8.320,2.322,2.830,inf,2,0,0
gen_02934,3,-8.309,2.329,2.826,inf,2,0,0
gen_02935,1,-7.287,2.653,4.235,inf,2,0,0
gen_02935,2,-7.250,2.767,4.255,inf,2,0,0
gen_02936,1,-7.463,4.068,5.552,inf,2,0,0
gen_02936,2,-7.418,2.361,4.528,inf,2,0,0
gen_02937,1,-6.900,2.408,2.781,inf,2,0,0
gen_02937,2,-6.877,2.381,2.788,inf,2,0,0
gen_02937,3,-6.875,2.397,2.781,inf,2,0,0
gen_02938,1,-8.283,3.128,4.434,inf,2,0,0
gen_02938,2,-8.220,3.370,4.536,inf,2,0,0
gen_02938,3,-8.124,3.406,4.457,inf,2,0,0
gen_02938,4,-7.744,8.747,9.155,inf,2,0,0
gen_02938,5,-7.737,8.759,9.130,inf,2,0,0
gen_02938,6,-7.726,8.774,9.069,inf,2,0,0
gen_02939,1,-7.611,2.585,2.664,inf,2,0,0
gen_02939,2,-7.588,2.507,2.636,inf,2,0,0
gen_02939,3,-7.571,14.949,15.079,inf,2,0,0
gen_02939,4,-7.456,2.223,4.374,inf,2,0,0
gen_02940,1,-8.651,2.681,2.836,inf,2,0,0
gen_02940,2,-8.627,2.729,2.990,inf,2,0,0
gen_02940,3,-8.471,14.468,14.921,inf,2,0,0
gen_02940,4,-8.446,14.695,14.808,inf,2,0,0
gen_02940,5,-8.407,14.654,14.708,inf,2,0,0
gen_02941,1,-7.304,14.784,14.922,inf,2,0,0
gen_02941,2,-7.281,14.811,14.918,inf,2,0,0
gen_02941,3,-7.277,14.771,14.895,inf,2,0,0
gen_02942,1,-6.458,2.715,4.473,inf,2,0,0
gen_02942,2,-6.457,2.711,4.400,inf,2,0,0
gen_02942,3,-6.427,2.750,4.344,inf,2,0,0
gen_02942,4,-6.406,2.776,4.522,inf,2,0,0
gen_02942,5,-6.403,2.710,4.300,inf,2,0,0
gen_02942,6,-6.401,2.732,4.405,inf,2,0,0
gen_02942,7,-6.374,2.708,4.393,inf,2,0,0
gen_02943,1,-7.834,2.787,4.413,inf,4,0,0
gen_02943,2,-7.809,2.767,4.375,inf,4,0,0
gen_02943,3,-7.800,2.801,4.459,inf,4,0,0
gen_02943,4,-7.702,2.935,4.580,inf,4,0,0
gen_02943,5,-7.668,2.805,4.427,inf,4,0,0
gen_02943,6,-7.651,2.851,4.571,inf,4,0,0
gen_02943,7,-7.640,2.822,4.494,inf,4,0,0
gen_02943,8,-7.637,2.841,4.541,inf,4,0,0
gen_02943,9,-7.623,2.814,4.530,inf,4,0,0
gen_02944,1,-8.371,2.574,4.254,inf,2,0,0
gen_02944,2,-8.333,2.469,4.276,inf,2,0,0
gen_02944,3,-8.327,2.481,4.160,inf,2,0,0
gen_02944,4,-8.326,2.479,4.349,inf,2,0,0
gen_02945,1,-7.904,2.735,4.356,6.501,2,1,0
gen_02945,2,-7.896,2.849,4.472,6.466,2,1,0
gen_02945,3,-7.803,2.755,4.469,6.892,2,1,0
gen_02946,1,-7.295,2.798,4.311,inf,2,0,0
gen_02946,2,-7.285,2.774,4.313,inf,2,0,0
gen_02946,3,-7.277,2.808,4.343,inf,2,0,0
gen_02946,4,-7.272,2.797,4.325,inf,2,0,0
gen_02946,5,-7.267,2.797,4.337,inf,2,0,0
gen_02946,6,-7.266,2.804,4.338,inf,2,0,0
gen_02946,7,-7.260,2.834,4.332,inf,2,0,0
gen_02946,8,-7.259,2.814,4.388,inf,2,0,0
gen_02946,9,-7.246,2.850,4.343,inf,2,0,0
gen_02947,1,-6.505,2.796,4.279,inf,2,0,0
gen_02947,2,-6.496,2.774,4.392,inf,2,0,0
gen_02947,3,-6.483,2.699,4.348,inf,2,0,0
gen_02947,4,-6.480,2.772,4.282,inf,2,0,0
gen_02947,5,-6.464,2.790,4.425,inf,2,0,0
gen_02947,6,-6.424,2.746,4.337,inf,2,0,0
gen_02948,1,-7.748,2.627,3.772,inf,2,0,0
gen_02948,2,-7.711,2.614,3.821,inf,2,0,0
gen_02948,3,-7.710,2.596,3.786,inf,2,0,0
gen_02948,4,-7.708,2.641,3.768,inf,2,0,0
gen_02948,5,-7.691,2.608,3.745,inf,2,0,0
gen_02948,6,-7.683,2.667,3.928,inf,2,0,0
gen_02948,7,-7.619,12.647,13.606,inf,2,0,0
gen_02948,8,-7.619,12.575,13.597,inf,2,0,0
gen_02948,9,-7.606,12.421,13.578,inf,2,0,0
gen_02948,10,-7.592,12.559,13.561,inf,2,0,0
gen_02948,11,-7.571,12.631,13.223,inf,2,0,0
gen_02948,12,-7.565,12.829,13.433,inf,2,0,0
gen_02948,13,-7.473,2.637,3.784,inf,2,0,0
gen_02949,1,-6.067,2.631,4.257,inf,2,0,0
gen_02950,1,-6.719,2.974,4.337,inf,2,0,0
gen_02950,2,-6.658,3.026,4.328,inf,2,0,0
gen_02950,3,-6.649,2.847,4.237,inf,2,0,0
gen_02950,4,-6.562,2.455,2.775,inf,2,0,0
gen_02950,5,-6.472,2.531,2.748,inf,2,0,0
gen_02950,6,-6.440,2.844,4.213,inf,2,0,0
gen_02950,7,-6.433,2.842,4.236,inf,2,0,0
gen_02950,8,-6.422,2.821,4.224,inf,2,0,0
gen_02950,9,-6.402,2.850,4.188,inf,2,0,0
gen_02950,10,-6.355,2.734,2.804,inf,2,0,0
gen_02950,11,-6.352,8.831,9.743,inf,2,0,0
gen_02950,12,-6.318,9.588,10.794,inf,2,0,0
gen_02950,13,-6.271,8.588,8.727,inf,2,0,0
gen_02950,14,-6.233,2.759,4.359,inf,2,0,0
gen_02951,1,-8.193,4.293,4.705,5.425,2,1,0
gen_02951,2,-8.177,4.485,4.583,5.432,2,1,0
gen_02951,3,-8.175,4.329,4.531,5.448,2,1,0
gen_02951,4,-8.142,4.281,4.672,5.470,2,1,0
gen_02951,5,-8.058,2.830,4.540,4.947,2,1,0
gen_02952,1,-7.175,2.706,3.943,inf,2,0,0
gen_02952,2,-7.102,2.745,3.805,inf,2,0,0
gen_02952,3,-6.982,2.726,4.114,inf,2,0,0
gen_02952,4,-6.979,2.787,3.939,inf,2,0,0
gen_02952,5,-6.818,2.721,3.817,inf,2,0,0
gen_02953,1,-7.955,2.585,4.496,inf,2,0,0
gen_02954,1,-6.521,2.382,4.486,5.754,2,1,0
gen_02955,1,-7.105,2.787,4.479,inf,2,0,0
gen_02955,2,-7.091,2.828,4.510,inf,2,0,0
gen_02955,3,-6.909,2.795,4.462,inf,2,0,0
gen_02956,1,-7.729,2.779,4.412,inf,2,0,0
gen_02956,2,-7.725,2.777,4.377,inf,2,0,0
gen_02956,3,-7.725,2.802,4.412,inf,2,0,0
gen_02956,4,-7.717,2.773,4.365,inf,2,0,0
gen_02956,5,-7.665,2.619,2.750,inf,2,0,0
gen_02957,1,-6.970,3.839,5.302,inf,4,0,0
gen_02957,2,-6.954,3.811,5.269,inf,4,0,0
gen_02958,1,-8.310,2.760,4.408,inf,2,0,0
gen_02958,2,-8.288,2.818,4.451,inf,2,0,0
gen_02958,3,-8.224,2.708,4.450,inf,2,0,0
gen_02958,4,-8.224,2.800,4.401,inf,2,0,0
gen_02959,1,-8.617,2.561,2.923,inf,2,0,0
gen_02959,2,-8.588,2.592,2.917,inf,2,0,0
gen_02960,1,-8.018,2.567,2.643,inf,2,0,0
gen_02960,2,-7.949,2.584,2.692,inf,2,0,0
gen_02961,1,-6.919,2.585,4.695,inf,2,0,0
gen_02961,2,-6.887,2.675,4.723,inf,2,0,0
gen_02961,3,-6.864,2.582,4.713,inf,2,0,0
gen_02961,4,-6.851,2.520,4.660,inf,2,0,0
gen_02961,5,-6.835,2.281,4.467,inf,2,0,0
gen_02961,6,-6.807,2.742,4.336,inf,2,0,0
gen_02961,7,-6.806,2.697,3.181,inf,2,0,0
gen_02961,8,-6.753,2.813,4.394,inf,2,0,0
gen_02962,1,-7.353,2.734,4.145,inf,2,0,0
gen_02963,1,-7.156,2.557,3.857,inf,2,0,0
gen_02964,1,-7.180,2.709,3.821,inf,2,0,0
gen_02964,2,-7.031,2.807,3.793,inf,2,0,0
gen_02965,1,-7.299,3.515,4.337,inf,4,0,0
gen_02965,2,-7.280,3.595,4.373,inf,4,0,0
gen_02965,3,-7.240,3.498,4.351,inf,4,0,0
gen_02965,4,-7.235,3.666,4.407,inf,4,0,0
gen_02965,5,-7.222,3.597,4.423,inf,4,0,0
gen_02965,6,-7.142,3.306,4.168,inf,4,0,0
gen_02966,1,-6.864,3.785,5.368,inf,2,0,0
gen_02966,2,-6.859,3.863,5.443,inf,2,0,0
gen_02967,1,-8.300,2.772,4.426,inf,2,0,0
gen_02968,1,-7.556,2.772,4.457,inf,2,0,0
gen_02969,1,-7.685,2.819,4.461,inf,2,0,0
gen_02969,2,-7.674,2.780,4.425,inf,2,0,0
gen_02969,3,-7.662,2.855,4.442,inf,2,0,0
gen_02969,4,-7.651,2.801,4.448,inf,2,0,0
gen_02969,5,-7.633,2.834,4.470,inf,2,0,0
gen_02970,1,-8.697,2.645,4.415,inf,2,0,0
gen_02971,1,-7.864,2.756,4.458,inf,2,0,0
gen_02971,2,-7.812,2.778,4.432,inf,2,0,0
gen_02972,1,-7.223,3.062,4.634,inf,2,0,0
gen_02972,2,-7.210,2.783,4.379,inf,2,0,0
gen_02972,3,-7.208,2.823,4.476,inf,2,0,0
gen_02972,4,-7.190,2.829,4.502,inf,2,0,0
gen_02972,5,-7.144,2.797,4.360,inf,2,0,0
gen_02972,6,-7.023,2.771,4.146,inf,2,0,0
gen_02973,1,-26.334,5.318,6.707,12.078,2,1,0
gen_02974,1,-6.887,3.069,4.634,inf,2,0,0
gen_02975,1,-7.526,7.519,7.802,inf,2,0,0
gen_02976,1,-7.800,2.628,4.496,inf,2,0,0
gen_02976,2,-7.763,2.661,4.476,inf,2,0,0
gen_02976,3,-7.634,2.708,4.438,inf,2,0,0
gen_02976,4,-7.626,2.678,4.468,inf,2,0,0
gen_02976,5,-7.623,2.596,4.340,inf,2,0,0
gen_02977,1,-8.186,2.701,4.508,inf,2,0,0
gen_02977,2,-8.103,2.771,4.524,inf,2,0,0
gen_02977,3,-8.074,2.594,4.500,inf,2,0,0
gen_02978,1,-6.849,2.704,4.681,inf,2,0,0
gen_02978,2,-6.824,2.630,2.725,inf,2,0,0
gen_02978,3,-6.766,2.736,4.526,inf,2,0,0
gen_02978,4,-6.752,2.560,2.743,inf,2,0,0
gen_02978,5,-6.751,2.932,3.916,inf,2,0,0
gen_02978,6,-6.744,2.834,4.553,inf,2,0,0
gen_02978,7,-6.734,2.504,2.633,inf,2,0,0
gen_02978,8,-6.699,2.785,4.535,inf,2,0,0
gen_02978,9,-6.663,9.438,9.621,inf,2,0,0
gen_02979,1,-7.479,14.137,14.916,inf,2,0,0
gen_02979,2,-7.450,14.073,14.883,inf,2,0,0
gen_02980,1,-6.490,2.724,3.782,inf,2,0,0
gen_02980,2,-6.481,2.727,3.794,inf,2,0,0
gen_02981,1,-8.664,2.578,3.146,inf,2,0,0
gen_02981,2,-8.663,2.602,3.155,inf,2,0,0
gen_02981,3,-8.657,2.617,3.123,inf,2,0,0
gen_02981,4,-8.655,2.578,3.086,inf,2,0,0
gen_02981,5,-8.641,2.590,3.114,inf,2,0,0
gen_02981,6,-8.633,2.575,3.173,inf,2,0,0
gen_02982,1,-8.605,14.757,16.168,inf,2,0,0
gen_02983,1,-6.775,2.855,4.474,inf,2,0,0
gen_02984,1,-7.796,2.866,4.363,inf,2,0,0
gen_02984,2,-7.786,3.029,4.475,inf,2,0,0
gen_02984,3,-7.783,2.855,4.373,inf,2,0,0
gen_02984,4,-7.773,3.082,4.443,inf,2,0,0
gen_02985,1,-7.867,14.233,14.272,inf,2,0,0
gen_02985,2,-7.850,14.248,14.272,inf,2,0,0
gen_02985,3,-7.814,14.239,14.293,inf,2,0,0
gen_02985,4,-7.760,14.224,14.265,inf,2,0,0
gen_02985,5,-7.712,13.779,14.695,inf,2,0,0
gen_02985,6,-7.673,14.549,16.266,inf,2,0,0
gen_02985,7,-7.660,14.272,14.755,inf,2,0,0
gen_02985,8,-7.647,14.532,16.269,inf,2,0,0
gen_02985,9,-7.594,14.517,16.288,inf,2,0,0
gen_02986,1,-7.382,8.605,9.338,inf,2,0,0
gen_02986,2,-7.349,8.554,9.352,inf,2,0,0
gen_02986,3,-7.283,8.590,9.404,inf,2,0,0
gen_02986,4,-7.190,7.293,7.547,inf,2,0,0
gen_02987,1,-7.337,2.753,4.372,inf,2,0,0
gen_02988,1,-8.800,2.781,4.484,inf,2,0,0
gen_02988,2,-8.790,2.761,4.572,inf,2,0,0
gen_02988,3,-8.786,2.748,4.666,inf,2,0,0
gen_02988,4,-8.546,2.823,4.567,inf,2,0,0
gen_02988,5,-8.534,2.751,4.486,inf,2,0,0
gen_02988,6,-8.522,2.757,4.458,inf,2,0,0
gen_02988,7,-8.520,2.770,4.505,inf,2,0,0
gen_02988,8,-8.436,2.776,4.472,inf,2,0,0
gen_02988,9,-7.978,3.064,4.421,inf,2,0,0
gen_02988,10,-7.852,2.788,3.060,inf,2,0,0
gen_02988,11,-7.845,14.261,14.761,inf,2,0,0
gen_02989,1,-8.624,14.475,14.655,inf,2,0,0
gen_02989,2,-8.622,14.458,14.655,inf,2,0,0
gen_02989,3,-8.420,14.420,14.527,inf,2,0,0
gen_02989,4,-8.155,15.991,16.791,inf,2,0,0
gen_02990,1,-7.388,10.199,10.535,inf,2,0,0
gen_02990,2,-7.325,2.749,4.380,inf,2,0,0
gen_02990,3,-7.240,2.702,4.355,inf,2,0,0
gen_02991,1,-7.276,2.599,4.278,3.316,2,2,1
gen_02991,2,-7.262,2.697,4.389,3.345,2,2,1
gen_02991,3,-7.228,2.671,4.373,3.449,2,2,1
gen_02991,4,-7.173,2.652,4.400,3.439,2,2,1
gen_02991,5,-7.110,2.723,4.447,4.078,2,2,0
gen_02991,6,-7.061,2.768,4.426,7.631,2,2,0
gen_02991,7,-7.049,2.744,4.308,3.568,2,2,0
gen_02992,1,-7.622,2.690,4.328,inf,2,0,0
gen_02992,2,-7.604,2.731,3.430,inf,2,0,0
gen_02992,3,-7.589,2.781,3.771,inf,2,0,0
gen_02992,4,-7.579,2.827,3.776,inf,2,0,0
gen_02992,5,-7.530,2.737,3.774,inf,2,0,0
gen_02992,6,-7.528,2.780,3.734,inf,2,0,0
gen_02993,1,-8.419,5.191,5.295,4.282,2,1,0
gen_02993,2,-8.413,5.299,5.500,4.425,2,1,0
gen_02993,3,-8.366,5.213,5.271,4.323,2,1,0
gen_02993,4,-7.726,15.440,15.769,4.111,2,1,0
gen_02994,1,-7.490,2.504,2.678,inf,2,0,0
gen_02994,2,-7.453,2.565,2.682,inf,2,0,0
gen_02994,3,-7.449,2.565,2.678,inf,2,0,0
gen_02995,1,-6.628,2.554,4.365,inf,2,0,0
gen_02995,2,-6.625,2.375,4.317,inf,2,0,0
gen_02995,3,-6.596,2.602,4.417,inf,2,0,0
gen_02995,4,-6.594,2.489,4.406,inf,2,0,0
gen_02996,1,-6.610,3.575,5.453,inf,2,0,0
gen_02996,2,-6.594,3.603,5.473,inf,2,0,0
gen_02996,3,-6.591,3.577,5.422,inf,2,0,0
gen_02996,4,-6.580,3.582,5.429,inf,2,0,0
gen_02997,1,-6.960,6.988,8.920,2.973,2,1,0
gen_02998,1,-7.546,2.761,4.447,inf,2,0,0
gen_02998,2,-7.491,2.708,4.365,inf,2,0,0
gen_02998,3,-7.472,2.744,4.497,inf,2,0,0
gen_02998,4,-7.323,10.262,12.325,inf,2,0,0
gen_02999,1,-6.671,2.915,4.415,inf,2,0,0
gen_03000,1,-6.917,2.745,4.531,inf,4,0,0
gen_03000,2,-6.899,2.742,4.477,inf,4,0,0
gen_03000,3,-6.826,2.714,4.431,inf,4,0,0
gen_03000,4,-6.818,2.695,4.448,inf,4,0,0
gen_03001,1,-8.281,2.642,2.655,inf,4,0,0
gen_03001,2,-8.233,3.104,4.305,inf,4,0,0
gen_03001,3,-8.186,3.160,4.265,inf,4,0,0
gen_03001,4,-8.184,3.208,4.399,inf,4,0,0
gen_03001,5,-8.168,3.096,4.289,inf,4,0,0
gen_03001,6,-8.113,2.548,2.730,inf,4,0,0
gen_03002,1,-7.971,2.728,4.425,5.773,2,1,0
gen_03002,2,-7.929,2.762,4.435,5.826,2,1,0
gen_03003,1,-7.749,14.955,15.770,inf,2,0,0
gen_03003,2,-7.710,15.022,15.787,inf,2,0,0
gen_03003,3,-7.680,14.882,15.786,inf,2,0,0
gen_03003,4,-7.624,15.057,15.379,inf,2,0,0
gen_03003,5,-7.591,14.942,15.791,inf,2,0,0
gen_03003,6,-7.534,14.777,15.749,inf,2,0,0
gen_03003,7,-7.518,2.665,3.845,inf,2,0,0
gen_03004,1,-8.388,3.130,4.835,inf,2,0,0
gen_03004,2,-8.387,3.115,4.767,inf,2,0,0
gen_03004,3,-8.384,3.102,4.831,inf,2,0,0
gen_03004,4,-8.376,3.136,4.864,inf,2,0,0
gen_03004,5,-8.369,3.101,4.790,inf,2,0,0
gen_03004,6,-8.325,3.138,4.570,inf,2,0,0
gen_03004,7,-8.303,3.098,4.769,inf,2,0,0
gen_03004,8,-8.263,3.297,4.909,inf,2,0,0
gen_03005,1,-8.310,2.693,3.521,inf,2,0,0
gen_03005,2,-8.310,2.683,3.563,inf,2,0,0
gen_03005,3,-8.207,2.650,3.170,inf,2,0,0
gen_03005,4,-8.118,2.755,2.851,inf,2,0,0
gen_03006,1,-6.924,2.650,4.413,inf,2,0,0
gen_03006,2,-6.800,2.729,4.359,inf,2,0,0
gen_03006,3,-6.783,2.655,4.337,inf,2,0,0
gen_03006,4,-6.734,2.689,4.475,inf,2,0,0
gen_03006,5,-6.730,2.652,4.359,inf,2,0,0
gen_03006,6,-6.491,2.770,3.902,inf,2,0,0
gen_03007,1,-7.238,2.594,2.727,inf,2,0,0
gen_03007,2,-7.223,2.543,2.744,inf,2,0,0
gen_03007,3,-7.206,2.539,2.743,inf,2,0,0
gen_03007,4,-7.203,2.614,2.718,inf,2,0,0
gen_03007,5,-7.154,2.500,2.814,inf,2,0,0
gen_03008,1,-7.585,2.748,4.386,9.935,2,1,0
gen_03008,2,-7.553,2.761,4.396,9.897,2,1,0
gen_03008,3,-7.538,2.721,4.428,9.898,2,1,0
gen_03008,4,-7.379,2.736,4.390,9.907,2,1,0
gen_03008,5,-7.330,2.827,3.590,8.694,2,1,0
gen_03008,6,-7.329,2.762,3.804,8.684,2,1,0
gen_03008,7,-7.274,2.705,3.134,8.167,2,1,0
gen_03008,8,-7.195,2.778,3.820,8.519,2,1,0
gen_03009,1,-7.338,2.713,4.368,5.393,2,1,0
gen_03009,2,-7.293,2.753,4.423,5.283,2,1,0
gen_03010,1,-8.158,2.945,3.772,inf,2,0,0
gen_03010,2,-7.986,2.801,4.474,inf,2,0,0
gen_03010,3,-7.980,2.818,4.476,inf,2,0,0
gen_03010,4,-7.953,2.693,4.005,inf,2,0,0
gen_03010,5,-7.883,2.680,3.920,inf,2,0,0
gen_03010,6,-7.875,2.776,4.425,inf,2,0,0
gen_03010,7,-7.863,2.780,4.417,inf,2,0,0
gen_03011,1,-7.118,2.756,4.495,3.913,2,1,0
gen_03011,2,-7.081,2.719,4.458,3.927,2,1,0
gen_03012,1,-7.101,2.788,4.495,inf,2,0,0
gen_03012,2,-6.982,2.804,4.513,inf,2,0,0
gen_03012,3,-6.715,2.441,2.550,inf,2,0,0
gen_03012,4,-6.703,2.359,2.730,inf,2,0,0
gen_03013,1,-6.421,2.769,4.478,inf,2,0,0
gen_03013,2,-6.418,2.777,4.505,inf,2,0,0
gen_03013,3,-6.360,2.752,4.485,inf,2,0,0
gen_03013,4,-6.347,2.713,4.477,inf,2,0,0
gen_03013,5,-6.347,2.704,4.456,inf,2,0,0
gen_03014,1,-8.210,3.937,4.447,3.183,2,2,0
gen_03014,2,-8.203,3.840,4.395,3.182,2,2,0
gen_03015,1,-7.208,2.716,3.725,inf,2,0,0
gen_03015,2,-7.173,2.733,3.759,inf,2,0,0
gen_03015,3,-7.164,2.637,3.762,inf,2,0,0
gen_03015,4,-7.092,2.648,3.815,inf,2,0,0
gen_03016,1,-6.592,2.756,3.874,inf,2,0,0
gen_03017,1,-8.213,2.703,4.476,inf,2,0,0
gen_03017,2,-8.197,2.641,4.024,inf,2,0,0
gen_03017,3,-8.128,2.640,4.334,inf,2,0,0
gen_03017,4,-8.097,2.707,3.704,inf,2,0,0
gen_03017,5,-8.075,2.826,4.554,inf,2,0,0
gen_03017,6,-8.072,2.746,4.463,inf,2,0,0
gen_03017,7,-8.071,2.645,4.434,inf,2,0,0
gen_03017,8,-7.969,2.700,3.516,inf,2,0,0
gen_03018,1,-8.498,5.277,5.410,inf,2,0,0
gen_03018,2,-8.488,5.282,5.453,inf,2,0,0
gen_03018,3,-8.437,4.605,4.947,inf,2,0,0
gen_03019,1,-8.020,9.927,10.097,inf,2,0,0
gen_03019,2,-8.012,9.918,10.087,inf,2,0,0
gen_03020,1,-7.470,2.729,4.326,inf,2,0,0
gen_03020,2,-7.446,2.713,2.748,inf,2,0,0
gen_03020,3,-7.379,2.775,4.312,inf,2,0,0
gen_03021,1,-7.256,3.999,4.596,9.941,2,2,0
gen_03021,2,-7.182,10.866,11.164,3.491,2,2,0
gen_03021,3,-7.166,3.733,4.680,10.039,2,2,0
gen_03021,4,-7.159,8.507,8.976,3.120,2,2,0
gen_03021,5,-7.152,8.692,9.618,3.012,2,2,0
gen_03021,6,-7.147,8.897,8.948,3.135,2,2,0
gen_03021,7,-7.133,3.747,4.721,10.000,2,2,0
gen_03021,8,-7.119,8.595,9.590,9.145,2,2,0
gen_03022,1,-7.882,2.470,4.242,inf,4,0,0
gen_03022,2,-7.840,2.594,4.220,inf,4,0,0
gen_03022,3,-7.835,2.451,4.255,inf,4,0,0
gen_03023,1,-7.358,2.293,4.234,10.931,2,1,0
gen_03023,2,-7.358,2.292,4.233,10.926,2,1,0
gen_03024,1,-7.565,2.599,4.536,inf,2,0,0
gen_03024,2,-7.559,2.622,4.545,inf,2,0,0
gen_03024,3,-7.557,2.517,4.494,inf,2,0,0
gen_03024,4,-7.476,12.847,14.717,inf,2,0,0
gen_03025,1,-6.694,2.428,2.719,inf,2,0,0
gen_03025,2,-6.670,2.459,2.682,inf,2,0,0
gen_03025,3,-6.660,2.424,2.740,inf,2,0,0
gen_03025,4,-6.648,2.362,2.642,inf,2,0,0
gen_03025,5,-6.641,2.268,2.723,inf,2,0,0
gen_03025,6,-6.628,2.565,2.690,inf,2,0,0
gen_03025,7,-6.620,2.575,2.700,inf,2,0,0
gen_03026,1,-7.894,3.122,4.497,inf,2,0,0
gen_03026,2,-7.843,3.136,4.558,inf,2,0,0
gen_03026,3,-7.764,2.765,4.400,inf,2,0,0
gen_03026,4,-7.712,2.784,4.382,inf,2,0,0
gen_03027,1,-7.810,2.666,4.390,inf,4,0,0
gen_03027,2,-7.794,2.637,4.436,inf,4,0,0
gen_03027,3,-7.775,2.670,4.478,inf,4,0,0
gen_03027,4,-7.740,2.643,4.362,inf,4,0,0
gen_03027,5,-7.718,2.653,4.229,inf,4,0,0
gen_03027,6,-7.678,2.800,3.968,inf,4,0,0
gen_03027,7,-7.678,2.566,4.425,inf,4,0,0
gen_03027,8,-7.666,2.785,3.904,inf,4,0,0
gen_03027,9,-7.643,2.824,3.907,inf,4,0,0
gen_03028,1,-7.770,3.184,4.491,5.576,2,1,0
gen_03029,1,-7.577,2.720,4.510,inf,2,0,0
gen_03029,2,-7.537,2.731,4.492,inf,2,0,0
gen_03029,3,-7.352,2.821,4.530,inf,2,0,0
gen_03029,4,-7.301,2.857,4.461,inf,2,0,0
gen_03029,5,-7.151,2.395,4.295,inf,2,0,0
gen_03030,1,-7.789,3.019,4.464,inf,2,0,0
gen_03030,2,-7.764,2.868,4.461,inf,2,0,0
gen_03030,3,-7.591,2.742,4.364,inf,2,0,0
gen_03031,1,-6.922,2.208,4.411,3.040,2,1,1
gen_03031,2,-6.900,2.201,4.431,3.069,2,1,1
gen_03031,3,-6.859,2.223,4.454,3.458,2,1,1
gen_03031,4,-6.852,2.268,4.500,3.446,2,1,1
gen_03032,1,-7.492,4.648,5.261,inf,2,0,0
gen_03032,2,-7.402,5.259,5.411,inf,2,0,0
gen_03033,1,-6.656,2.664,4.383,inf,2,0,0
gen_03034,1,-6.887,2.801,4.500,inf,2,0,0
gen_03034,2,-6.871,2.831,4.479,inf,2,0,0
gen_03034,3,-6.804,2.755,4.392,inf,2,0,0
gen_03034,4,-6.799,2.754,4.483,inf,2,0,0
gen_03035,1,-7.546,3.979,4.427,inf,2,0,0
gen_03035,2,-7.471,2.657,3.101,inf,2,0,0
gen_03035,3,-7.441,2.729,2.854,inf,2,0,0
gen_03035,4,-7.355,2.664,2.716,inf,2,0,0
gen_03035,5,-7.346,3.176,3.185,inf,2,0,0
gen_03035,6,-7.342,2.723,2.942,inf,2,0,0
gen_03035,7,-7.325,2.755,2.804,inf,2,0,0
gen_03035,8,-7.307,2.622,2.723,inf,2,0,0
gen_03036,1,-7.323,2.719,4.555,inf,2,0,0
gen_03036,2,-7.323,2.733,4.541,inf,2,0,0
gen_03036,3,-7.239,2.739,4.469,inf,2,0,0
gen_03036,4,-7.233,2.743,4.448,inf,2,0,0
gen_03037,1,-8.084,2.242,4.445,inf,2,0,0
gen_03037,2,-8.071,3.713,4.839,inf,2,0,0
gen_03037,3,-8.039,2.238,4.440,inf,2,0,0
gen_03037,4,-8.034,2.258,4.436,inf,2,0,0
gen_03038,1,-7.511,2.793,4.299,inf,2,0,0
gen_03038,2,-7.375,2.725,3.944,inf,2,0,0
gen_03038,3,-7.363,3.003,4.338,inf,2,0,0
gen_03039,1,-6.921,2.756,4.517,inf,2,0,0
gen_03039,2,-6.904,2.687,4.562,inf,2,0,0
gen_03039,3,-6.814,2.819,4.551,inf,2,0,0
gen_03039,4,-6.709,2.544,2.787,inf,2,0,0
gen_03040,1,-7.405,3.679,5.312,inf,2,0,0
gen_03041,1,-8.017,2.426,2.662,inf,2,0,0
gen_03041,2,-8.016,2.427,2.674,inf,2,0,0
gen_03042,1,-7.396,2.793,4.351,inf,2,0,0
gen_03043,1,-6.965,3.128,3.985,6.791,2,1,0
gen_03044,1,-8.022,2.617,4.251,inf,2,0,0
gen_03044,2,-7.853,2.741,4.311,inf,2,0,0
gen_03044,3,-7.351,14.190,15.050,inf,2,0,0
gen_03045,1,-8.206,7.565,8.101,2.820,2,1,0
gen_03045,2,-8.167,7.468,8.072,2.891,2,1,0
gen_03046,1,-7.467,3.098,4.522,inf,2,0,0
gen_03046,2,-7.455,3.059,4.478,inf,2,0,0
gen_03046,3,-7.447,3.066,4.489,inf,2,0,0
gen_03046,4,-7.286,2.849,4.425,inf,2,0,0
gen_03047,1,-7.689,3.968,5.324,inf,2,0,0
gen_03047,2,-7.668,3.958,5.304,inf,2,0,0
gen_03047,3,-7.665,3.988,5.290,inf,2,0,0
gen_03048,1,-9.247,3.223,4.578,inf,4,0,0
gen_03048,2,-9.214,2.804,4.506,inf,4,0,0
gen_03048,3,-9.172,3.160,4.620,inf,4,0,0
gen_03048,4,-9.103,3.135,4.623,inf,4,0,0
gen_03048,5,-9.091,3.267,4.543,inf,4,0,0
gen_03048,6,-9.021,3.180,4.701,inf,4,0,0
gen_03049,1,-8.010,2.669,3.367,inf,2,0,0
gen_03049,2,-7.883,2.707,3.760,inf,2,0,0
gen_03049,3,-7.838,2.666,4.061,inf,2,0,0
gen_03050,1,-175.505,20.160,20.313,inf,2,0,0
gen_03051,1,-7.582,2.422,3.958,4.208,2,1,0
gen_03051,2,-7.547,2.703,4.589,4.217,2,1,0
gen_03051,3,-7.532,2.583,4.326,4.254,2,1,0
gen_03051,4,-7.529,2.398,3.881,4.191,2,1,0
gen_03051,5,-7.522,2.403,3.862,4.256,2,1,0
gen_03051,6,-7.461,2.337,3.852,4.202,2,1,0
gen_03051,7,-7.439,2.551,3.986,4.238,2,1,0
gen_03051,8,-7.424,2.419,3.974,4.214,2,1,0
gen_03052,1,-7.547,2.790,4.477,inf,2,0,0
gen_03052,2,-7.514,13.910,14.106,inf,2,0,0
gen_03052,3,-7.483,2.943,4.351,inf,2,0,0
gen_03052,4,-7.256,2.653,4.535,inf,2,0,0
gen_03052,5,-7.209,2.708,4.384,inf,2,0,0
gen_03052,6,-7.160,2.719,4.443,inf,2,0,0
gen_03053,1,-6.729,10.466,10.607,6.664,2,1,0
gen_03053,2,-6.725,10.464,10.602,6.662,2,1,0
gen_03053,3,-6.705,10.438,10.638,6.661,2,1,0
gen_03053,4,-6.644,10.311,10.739,6.638,2,1,0
gen_03053,5,-6.642,2.724,4.422,9.505,2,1,0
gen_03054,1,-7.108,2.496,4.238,inf,4,0,0
gen_03054,2,-7.095,2.488,4.261,inf,4,0,0
gen_03054,3,-7.047,2.479,4.174,inf,4,0,0
gen_03054,4,-6.976,2.572,4.202,inf,4,0,0
gen_03054,5,-6.928,2.610,4.279,inf,4,0,0
gen_03054,6,-6.921,2.485,4.226,inf,4,0,0
gen_03055,1,-7.542,2.443,2.808,inf,2,0,0
gen_03055,2,-7.516,2.491,2.741,inf,2,0,0
gen_03056,1,-7.777,2.805,4.459,inf,2,0,0
gen_03056,2,-7.758,2.760,4.450,inf,2,0,0
gen_03056,3,-7.722,2.789,4.476,inf,2,0,0
gen_03056,4,-7.626,2.547,4.397,inf,2,0,0
gen_03057,1,-7.516,2.719,4.458,inf,2,0,0
gen_03057,2,-7.493,2.695,4.389,inf,2,0,0
gen_03057,3,-7.484,2.699,4.437,inf,2,0,0
gen_03057,4,-7.473,2.738,4.437,inf,2,0,0
gen_03057,5,-7.443,2.603,4.720,inf,2,0,0
gen_03057,6,-7.382,2.745,4.414,inf,2,0,0
gen_03058,1,-7.783,2.557,3.669,inf,2,0,0
gen_03058,2,-7.761,2.593,3.656,inf,2,0,0
gen_03058,3,-7.714,2.497,3.736,inf,2,0,0
gen_03058,4,-7.705,2.478,3.731,inf,2,0,0
gen_03059,1,-7.150,2.265,4.441,2.789,2,1,1
gen_03059,2,-7.138,2.138,4.335,2.813,2,1,1
gen_03060,1,-7.381,2.700,3.551,inf,2,0,0
gen_03060,2,-7.318,2.707,3.576,inf,2,0,0
gen_03061,1,-7.194,2.601,4.302,3.265,2,1,1
gen_03062,1,-6.798,2.667,4.319,inf,2,0,0
gen_03062,2,-6.792,2.617,4.287,inf,2,0,0
gen_03063,1,-7.365,3.309,4.322,6.866,2,1,0
gen_03064,1,-7.370,12.943,14.783,inf,2,0,0
gen_03064,2,-7.345,12.944,14.784,inf,2,0,0
gen_03064,3,-7.255,2.775,4.250,inf,2,0,0
gen_03065,1,-7.661,2.693,4.497,inf,4,0,0
gen_03065,2,-7.654,2.652,4.422,inf,4,0,0
gen_03065,3,-7.651,2.686,4.454,inf,4,0,0
gen_03065,4,-7.605,2.688,4.420,inf,4,0,0
gen_03065,5,-7.560,2.557,4.444,inf,4,0,0
gen_03066,1,-8.302,2.802,4.516,inf,4,0,0
gen_03066,2,-8.282,2.779,4.511,inf,4,0,0
gen_03067,1,-7.894,2.690,4.507,inf,2,0,0
gen_03067,2,-7.842,4.022,4.462,inf,2,0,0
gen_03067,3,-7.831,4.058,4.408,inf,2,0,0
gen_03068,1,-6.699,2.797,4.452,inf,2,0,0
gen_03069,1,-7.500,2.647,3.268,inf,2,0,0
gen_03069,2,-7.461,2.726,2.889,inf,2,0,0
gen_03069,3,-7.454,2.756,2.967,inf,2,0,0
gen_03069,4,-7.426,2.736,2.866,inf,2,0,0
gen_03069,5,-7.394,2.707,3.089,inf,2,0,0
gen_03069,6,-7.353,2.720,2.879,inf,2,0,0
gen_03069,7,-7.329,2.686,3.008,inf,2,0,0
gen_03070,1,-7.759,2.678,4.403,inf,2,0,0
gen_03070,2,-7.719,2.759,4.472,inf,2,0,0
gen_03070,3,-7.703,2.735,4.464,inf,2,0,0
gen_03071,1,-7.780,2.706,4.430,inf,2,0,0
gen_03072,1,-8.067,2.710,4.375,3.030,2,1,1
gen_03072,2,-8.024,2.717,4.382,2.965,2,1,1
gen_03072,3,-7.966,2.734,4.313,2.964,2,1,1
gen_03072,4,-7.920,2.698,4.341,2.954,2,1,1
gen_03073,1,-7.410,2.371,2.768,inf,2,0,0
gen_03073,2,-7.389,2.466,2.684,inf,2,0,0
gen_03073,3,-7.341,2.339,2.755,inf,2,0,0
gen_03074,1,-7.086,2.685,3.542,inf,2,0,0
gen_03074,2,-7.045,2.825,3.164,inf,2,0,0
gen_03074,3,-6.789,2.738,4.231,inf,2,0,0
gen_03075,1,-7.073,2.747,4.383,inf,2,0,0
gen_03076,1,-7.195,2.528,2.916,3.360,2,2,1
gen_03076,2,-7.132,2.671,2.969,3.521,2,2,0
gen_03076,3,-7.124,2.536,3.131,3.606,2,2,0
gen_03076,4,-6.989,2.634,2.812,3.563,2,2,0
gen_03076,5,-6.986,2.626,3.013,3.451,2,2,1
gen_03077,1,-6.669,2.709,4.375,3.988,2,1,0
gen_03077,2,-6.644,2.711,4.400,4.071,2,1,0
gen_03077,3,-6.596,2.772,4.449,4.130,2,1,0
gen_03077,4,-6.588,2.760,4.430,4.170,2,1,0
gen_03078,1,-7.835,2.241,4.328,inf,2,0,0
gen_03078,2,-7.820,2.356,4.353,inf,2,0,0
gen_03078,3,-7.787,2.209,4.286,inf,2,0,0
gen_03078,4,-7.785,2.446,4.545,inf,2,0,0
gen_03078,5,-7.774,2.377,4.404,inf,2,0,0
gen_03078,6,-7.770,2.356,4.437,inf,2,0,0
gen_03079,1,-8.629,2.582,4.311,5.537,2,1,0
gen_03079,2,-8.558,2.699,3.954,5.481,2,1,0
gen_03080,1,-6.546,3.039,4.563,inf,4,0,0
gen_03080,2,-6.538,3.017,4.523,inf,4,0,0
gen_03080,3,-6.499,3.022,4.510,inf,4,0,0
gen_03080,4,-6.378,2.682,4.097,inf,4,0,0
gen_03081,1,-7.309,3.230,4.666,3.201,2,1,0
gen_03081,2,-7.293,3.244,4.701,3.205,2,1,0
gen_03081,3,-7.292,3.238,4.641,3.236,2,1,0
gen_03081,4,-7.278,3.167,4.417,3.041,2,1,1
gen_03081,5,-7.199,2.618,3.894,4.923,2,1,0
gen_03081,6,-7.197,3.104,4.405,3.221,2,1,1
gen_03081,7,-7.133,2.613,3.818,4.987,2,1,0
gen_03082,1,-7.470,2.664,3.580,inf,2,0,0
gen_03082,2,-7.447,2.665,3.530,inf,2,0,0
gen_03082,3,-7.250,2.655,2.834,inf,2,0,0
gen_03082,4,-7.195,2.691,2.823,inf,2,0,0
gen_03083,1,-8.141,2.729,4.473,3.955,2,1,0
gen_03083,2,-8.106,2.686,4.391,3.881,2,1,0
gen_03083,3,-8.036,2.728,4.406,3.870,2,1,0
gen_03083,4,-8.015,2.767,4.182,4.121,2,1,0
gen_03084,1,-6.970,2.670,4.193,9.845,2,1,0
gen_03084,2,-6.960,2.745,4.024,9.926,2,1,0
gen_03084,3,-6.954,2.707,4.011,9.919,2,1,0
gen_03084,4,-6.929,2.699,4.094,9.929,2,1,0
gen_03084,5,-6.927,2.663,4.118,9.915,2,1,0
gen_03084,6,-6.905,2.675,4.042,9.944,2,1,0
gen_03084,7,-6.894,2.748,4.001,9.950,2,1,0
gen_03085,1,-7.133,5.146,5.233,inf,2,0,0
gen_03085,2,-7.127,5.118,5.236,inf,2,0,0
gen_03085,3,-7.100,5.120,5.195,inf,2,0,0
gen_03085,4,-7.028,5.187,5.218,inf,2,0,0
gen_03086,1,-7.177,2.704,4.459,inf,2,0,0
gen_03086,2,-7.025,2.742,4.395,inf,2,0,0
gen_03087,1,-7.429,10.543,10.887,inf,2,0,0
gen_03087,2,-7.400,10.577,10.851,inf,2,0,0
gen_03087,3,-7.363,10.523,10.889,inf,2,0,0
gen_03087,4,-7.331,10.469,10.770,inf,2,0,0
gen_03087,5,-7.257,10.481,10.527,inf,2,0,0
gen_03087,6,-7.017,2.292,4.362,inf,2,0,0
gen_03087,7,-7.016,2.308,4.381,inf,2,0,0
gen_03088,1,-7.633,2.764,4.450,12.032,2,1,0
gen_03088,2,-7.360,2.659,3.777,4.588,2,1,0
gen_03089,1,-7.114,2.620,4.244,inf,2,0,0
gen_03089,2,-7.062,2.700,4.342,inf,2,0,0
gen_03089,3,-7.000,2.849,4.364,inf,2,0,0
gen_03090,1,-7.652,4.116,4.865,inf,2,0,0
gen_03090,2,-7.193,16.487,16.986,inf,2,0,0
gen_03091,1,-9.506,2.673,4.452,4.183,2,1,0
gen_03091,2,-9.487,2.711,4.478,4.243,2,1,0
gen_03091,3,-9.479,2.645,4.397,4.165,2,1,0
gen_03091,4,-9.470,2.675,4.421,4.155,2,1,0
gen_03091,5,-9.442,2.735,4.443,4.153,2,1,0
gen_03092,1,-6.740,2.596,4.360,inf,2,0,0
gen_03092,2,-6.689,2.748,4.317,inf,2,0,0
gen_03092,3,-6.687,2.754,3.959,inf,2,0,0
gen_03092,4,-6.686,2.512,2.556,inf,2,0,0
gen_03092,5,-6.672,2.770,4.297,inf,2,0,0
gen_03092,6,-6.671,2.543,2.543,inf,2,0,0
gen_03092,7,-6.666,2.790,4.319,inf,2,0,0
gen_03092,8,-6.655,2.530,2.555,inf,2,0,0
gen_03092,9,-6.655,2.740,3.851,inf,2,0,0
gen_03092,10,-6.641,2.467,3.740,inf,2,0,0
gen_03092,11,-6.641,2.491,2.565,inf,2,0,0
gen_03092,12,-6.602,2.571,3.723,inf,2,0,0
gen_03092,13,-6.601,2.355,3.718,inf,2,0,0
gen_03092,14,-6.598,2.322,3.800,inf,2,0,0
gen_03093,1,-7.559,2.818,4.492,11.303,2,1,0
gen_03093,2,-7.392,2.786,4.468,11.376,2,1,0
gen_03094,1,-7.351,3.340,4.094,inf,2,0,0
gen_03094,2,-7.286,4.415,5.889,inf,2,0,0
gen_03094,3,-7.209,3.560,4.782,inf,2,0,0
gen_03094,4,-7.127,3.688,5.166,inf,2,0,0
gen_03094,5,-7.102,3.805,5.247,inf,2,0,0
gen_03095,1,-7.091,2.722,4.446,5.982,2,1,0
gen_03095,2,-7.077,2.711,4.436,5.941,2,1,0
gen_03095,3,-7.068,2.723,4.441,5.988,2,1,0
gen_03095,4,-7.061,2.624,4.511,5.906,2,1,0
gen_03095,5,-6.719,8.836,10.921,6.292,2,1,0
gen_03096,1,-7.400,3.121,4.567,4.405,2,1,0
gen_03096,2,-7.375,2.777,4.668,4.983,2,1,0
gen_03096,3,-7.345,3.159,4.608,4.427,2,1,0
gen_03096,4,-7.326,2.710,4.448,4.262,2,1,0
gen_03097,1,-7.311,2.470,4.076,3.272,2,1,1
gen_03097,2,-7.301,2.309,4.247,3.824,2,1,0
gen_03097,3,-7.293,2.340,4.397,3.844,2,1,0
gen_03097,4,-7.293,2.268,4.200,3.787,2,1,0
gen_03098,1,-6.204,8.525,9.155,inf,2,0,0
gen_03098,2,-6.203,8.529,9.088,inf,2,0,0
gen_03098,3,-6.161,10.479,10.586,inf,2,0,0
gen_03098,4,-6.139,10.438,10.574,inf,2,0,0
gen_03099,1,-7.121,2.813,4.459,inf,2,0,0
gen_03100,1,-7.574,8.906,11.030,inf,2,0,0
gen_03100,2,-7.558,8.197,10.407,inf,2,0,0
gen_03100,3,-7.537,8.875,11.025,inf,2,0,0
gen_03100,4,-7.512,8.600,10.830,inf,2,0,0
gen_03100,5,-7.478,3.429,5.256,inf,2,0,0
gen_03100,6,-7.463,3.418,5.295,inf,2,0,0
gen_03100,7,-7.378,12.787,14.633,inf,2,0,0
gen_03101,1,-7.260,2.770,4.528,4.162,2,2,0
gen_03101,2,-7.195,2.721,4.572,4.090,2,2,0
gen_03101,3,-7.159,2.709,4.521,4.081,2,2,0
gen_03102,1,-8.061,2.787,4.431,5.197,2,1,0
gen_03102,2,-8.043,2.835,4.420,4.841,2,1,0
gen_03102,3,-8.024,2.827,4.548,5.241,2,1,0
gen_03102,4,-8.020,2.850,4.418,4.849,2,1,0
gen_03102,5,-7.981,2.831,4.565,5.221,2,1,0
gen_03103,1,-8.469,13.593,13.913,4.211,2,1,0
gen_03103,2,-8.032,2.624,2.936,6.096,2,1,0
gen_03103,3,-8.002,2.721,3.179,6.141,2,1,0
gen_03103,4,-8.001,2.599,2.840,6.067,2,1,0
gen_03103,5,-7.975,2.785,2.940,6.166,2,1,0
gen_03104,1,-7.583,2.818,4.309,inf,4,0,0
gen_03105,1,-8.365,2.788,4.540,6.868,2,1,0
gen_03105,2,-8.363,2.788,4.509,6.884,2,1,0
gen_03105,3,-8.316,2.810,4.494,6.839,2,1,0
gen_03106,1,-7.642,2.428,2.765,6.022,2,1,0
gen_03106,2,-7.612,2.425,2.767,6.048,2,1,0
gen_03106,3,-7.520,2.341,2.869,5.982,2,1,0
gen_03107,1,-7.072,2.702,4.353,inf,2,0,0
gen_03107,2,-7.071,2.679,4.352,inf,2,0,0
gen_03108,1,-7.586,2.733,4.526,inf,2,0,0
gen_03108,2,-7.583,2.663,4.526,inf,2,0,0
gen_03108,3,-7.576,2.753,4.539,inf,2,0,0
gen_03108,4,-7.572,2.764,4.582,inf,2,0,0
gen_03108,5,-7.552,2.691,4.479,inf,2,0,0
gen_03108,6,-7.496,2.628,4.422,inf,2,0,0
gen_03108,7,-7.494,2.678,4.507,inf,2,0,0
gen_03108,8,-7.483,2.622,4.481,inf,2,0,0
gen_03109,1,-7.642,10.600,11.050,6.895,2,1,0
gen_03109,2,-7.625,10.570,11.026,6.895,2,1,0
gen_03109,3,-7.624,10.593,11.046,6.908,2,1,0
gen_03110,1,-7.141,2.828,4.446,inf,2,0,0
gen_03110,2,-7.135,2.785,4.486,inf,2,0,0
gen_03110,3,-7.123,2.712,4.442,inf,2,0,0
gen_03111,1,-60.279,9.266,10.022,inf,2,0,0
gen_03111,2,-54.662,10.498,10.919,inf,2,0,0
gen_03112,1,-7.072,2.611,2.733,inf,2,0,0
gen_03112,2,-7.039,2.625,2.739,inf,2,0,0
gen_03112,3,-6.938,2.666,2.698,inf,2,0,0
gen_03113,1,-6.823,2.520,2.764,inf,2,0,0
gen_03113,2,-6.803,2.465,2.784,inf,2,0,0
gen_03113,3,-6.759,11.367,12.477,inf,2,0,0
gen_03113,4,-6.722,11.348,12.449,inf,2,0,0
gen_03113,5,-6.717,2.666,4.368,inf,2,0,0
gen_03113,6,-6.711,2.703,4.422,inf,2,0,0
gen_03113,7,-6.640,2.579,4.320,inf,2,0,0
gen_03114,1,-7.796,2.754,4.530,3.253,2,2,1
gen_03115,1,-7.806,2.760,4.365,inf,2,0,0
gen_03115,2,-7.793,2.801,4.415,inf,2,0,0
gen_03115,3,-7.769,2.718,4.517,inf,2,0,0
gen_03115,4,-7.739,2.754,4.428,inf,2,0,0
gen_03115,5,-7.733,2.744,4.490,inf,2,0,0
gen_03115,6,-7.733,2.777,4.550,inf,2,0,0
gen_03116,1,-6.923,2.945,4.402,inf,2,0,0
gen_03116,2,-6.909,2.841,4.348,inf,2,0,0
gen_03116,3,-6.786,10.024,10.663,inf,2,0,0
gen_03117,1,-8.475,2.966,4.284,inf,2,0,0
gen_03117,2,-8.433,2.397,2.768,inf,2,0,0
gen_03117,3,-8.348,2.624,2.762,inf,2,0,0
gen_03117,4,-8.289,13.745,14.548,inf,2,0,0
gen_03117,5,-7.946,2.818,4.303,inf,2,0,0
gen_03117,6,-7.808,2.998,4.323,inf,2,0,0
gen_03118,1,-6.179,2.643,4.431,inf,2,0,0
gen_03118,2,-6.138,2.634,4.410,inf,2,0,0
gen_03119,1,-7.797,2.730,4.420,inf,2,0,0
gen_03119,2,-7.793,2.694,4.374,inf,2,0,0
gen_03120,1,-7.655,2.790,4.463,inf,2,0,0
gen_03120,2,-7.545,2.812,4.396,inf,2,0,0
gen_03120,3,-7.538,2.842,4.488,inf,2,0,0
gen_03121,1,-7.238,2.921,4.781,inf,2,0,0
gen_03121,2,-7.226,3.536,4.388,inf,2,0,0
gen_03121,3,-7.220,3.572,4.375,inf,2,0,0
gen_03121,4,-7.215,3.551,4.402,inf,2,0,0
gen_03121,5,-7.188,3.548,4.333,inf,2,0,0
gen_03121,6,-7.183,3.616,4.437,inf,2,0,0
gen_03122,1,-7.176,2.327,2.726,inf,2,0,0
gen_03122,2,-7.152,2.359,2.526,inf,2,0,0
gen_03122,3,-7.110,2.247,2.635,inf,2,0,0
gen_03122,4,-7.090,2.318,2.754,inf,2,0,0
gen_03122,5,-7.047,2.486,3.041,inf,2,0,0
gen_03122,6,-7.041,2.417,2.808,inf,2,0,0
gen_03123,1,-7.937,4.004,4.471,inf,2,0,0
gen_03123,2,-7.926,3.935,4.494,inf,2,0,0
gen_03124,1,-7.455,3.001,4.419,inf,4,0,0
gen_03124,2,-7.447,2.964,4.395,inf,4,0,0
gen_03124,3,-7.397,3.041,4.356,inf,4,0,0
gen_03124,4,-7.319,2.967,4.435,inf,4,0,0
gen_03125,1,-8.129,2.789,4.483,inf,2,0,0
gen_03125,2,-8.106,2.807,4.432,inf,2,0,0
gen_03126,1,-7.907,3.068,4.650,8.081,2,1,0
gen_03126,2,-7.878,2.984,4.636,8.022,2,1,0
gen_03126,3,-7.868,2.849,4.510,8.057,2,1,0
gen_03126,4,-7.579,14.517,15.338,3.116,2,1,0
gen_03127,1,-8.306,15.741,16.198,inf,2,0,0
gen_03127,2,-8.277,15.722,16.161,inf,2,0,0
gen_03127,3,-8.072,15.138,15.551,inf,2,0,0
gen_03128,1,-7.709,2.778,4.513,inf,2,0,0
gen_03128,2,-7.706,2.812,4.508,inf,2,0,0
gen_03128,3,-7.703,2.791,4.495,inf,2,0,0
gen_03128,4,-7.702,2.805,4.496,inf,2,0,0
gen_03128,5,-7.686,2.742,4.439,inf,2,0,0
gen_03128,6,-7.661,2.802,4.428,inf,2,0,0
gen_03128,7,-7.615,2.708,4.381,inf,2,0,0
gen_03128,8,-7.610,2.739,4.377,inf,2,0,0
gen_03129,1,-7.411,2.495,4.714,inf,2,0,0
gen_03129,2,-7.396,2.409,4.625,inf,2,0,0
gen_03129,3,-7.385,2.763,3.923,inf,2,0,0
gen_03129,4,-7.319,2.630,3.949,inf,2,0,0
gen_03129,5,-7.280,2.726,3.914,inf,2,0,0
gen_03129,6,-7.122,4.948,5.157,inf,2,0,0
gen_03130,1,-7.786,2.660,4.260,inf,2,0,0
gen_03130,2,-7.754,2.586,4.259,inf,2,0,0
gen_03131,1,-200.433,4.375,6.210,inf,4,0,0
gen_03132,1,-7.808,2.505,4.432,inf,2,0,0
gen_03133,1,-7.268,2.764,4.403,inf,2,0,0
gen_03133,2,-7.255,2.683,4.362,inf,2,0,0
gen_03133,3,-7.236,2.755,4.477,inf,2,0,0
gen_03133,4,-7.199,2.810,4.510,inf,2,0,0
gen_03133,5,-6.959,2.399,3.937,inf,2,0,0
gen_03134,1,-8.358,2.755,4.402,inf,2,0,0
gen_03134,2,-8.296,2.779,4.411,inf,2,0,0
gen_03134,3,-8.181,2.783,4.461,inf,2,0,0
gen_03135,1,-9.044,2.797,4.442,inf,2,0,0
gen_03135,2,-8.994,3.142,4.416,inf,2,0,0
gen_03135,3,-8.641,3.210,4.410,inf,2,0,0
gen_03135,4,-8.615,3.445,5.061,inf,2,0,0
gen_03135,5,-8.531,3.137,4.556,inf,2,0,0
gen_03136,1,-7.227,2.681,4.124,inf,4,0,0
gen_03136,2,-7.221,2.713,3.918,inf,4,0,0
gen_03136,3,-7.202,2.679,4.059,inf,4,0,0
gen_03136,4,-7.198,2.674,3.913,inf,4,0,0
gen_03136,5,-7.183,2.704,3.970,inf,4,0,0
gen_03136,6,-7.179,2.659,4.031,inf,4,0,0
gen_03136,7,-7.172,2.751,3.999,inf,4,0,0
gen_03136,8,-7.151,2.640,3.864,inf,4,0,0
gen_03136,9,-7.127,2.675,3.933,inf,4,0,0
gen_03136,10,-7.051,2.540,3.872,inf,4,0,0
gen_03136,11,-6.981,2.769,4.370,inf,4,0,0
gen_03137,1,-7.269,2.635,3.788,inf,2,0,0
gen_03138,1,-7.893,2.450,2.828,inf,4,0,0
gen_03138,2,-7.868,2.465,2.758,inf,4,0,0
gen_03138,3,-7.824,2.676,2.713,inf,4,0,0
gen_03138,4,-7.447,2.206,4.427,inf,4,0,0
gen_03138,5,-7.374,3.149,3.187,inf,4,0,0
gen_03139,1,-6.975,2.814,4.550,inf,2,0,0
gen_03139,2,-6.945,2.814,4.612,inf,2,0,0
gen_03139,3,-6.937,2.806,4.501,inf,2,0,0
gen_03139,4,-6.777,2.798,4.770,inf,2,0,0
gen_03139,5,-6.758,2.733,4.542,inf,2,0,0
gen_03139,6,-6.721,2.765,4.582,inf,2,0,0
gen_03139,7,-6.712,2.801,4.586,inf,2,0,0
gen_03139,8,-6.590,2.763,4.588,inf,2,0,0
gen_03139,9,-6.557,2.798,4.485,inf,2,0,0
gen_03140,1,-8.289,3.062,4.659,6.018,2,1,0
gen_03140,2,-7.933,2.674,2.765,4.145,2,1,0
gen_03140,3,-7.932,2.649,2.789,4.186,2,1,0
gen_03140,4,-7.929,2.736,2.769,4.099,2,1,0
gen_03140,5,-7.916,2.710,3.990,5.600,2,1,0
gen_03140,6,-7.894,2.697,2.768,4.173,2,1,0
gen_03141,1,-7.789,13.747,14.818,4.193,2,1,0
gen_03141,2,-7.755,13.781,14.811,4.201,2,1,0
gen_03141,3,-7.748,13.314,14.830,4.258,2,1,0
gen_03141,4,-7.714,13.871,14.905,4.268,2,1,0
gen_03141,5,-7.705,13.433,14.922,4.215,2,1,0
gen_03141,6,-7.281,2.764,3.908,8.293,2,1,0
gen_03142,1,-7.143,3.085,4.550,inf,2,0,0
gen_03142,2,-7.089,2.794,4.415,inf,2,0,0
gen_03142,3,-6.994,3.189,4.348,inf,2,0,0
gen_03142,4,-6.953,2.798,4.333,inf,2,0,0
gen_03142,5,-6.891,2.724,4.476,inf,2,0,0
gen_03142,6,-6.772,3.276,3.745,inf,2,0,0
gen_03142,7,-6.733,10.655,11.143,inf,2,0,0
gen_03142,8,-6.711,10.437,11.593,inf,2,0,0
gen_03142,9,-6.688,10.229,11.547,inf,2,0,0
gen_03142,10,-6.647,2.812,4.303,inf,2,0,0
gen_03142,11,-6.543,2.780,4.289,inf,2,0,0
gen_03142,12,-6.479,10.542,11.539,inf,2,0,0
gen_03143,1,-8.487,2.639,4.389,inf,2,0,0
gen_03143,2,-8.434,2.618,4.337,inf,2,0,0
gen_03143,3,-8.309,2.744,4.383,inf,2,0,0
gen_03143,4,-8.225,2.551,4.208,inf,2,0,0
gen_03144,1,-7.653,2.758,4.304,inf,2,0,0
gen_03144,2,-7.617,2.778,4.264,inf,2,0,0
gen_03144,3,-7.612,2.805,4.366,inf,2,0,0
gen_03144,4,-7.607,2.808,4.347,inf,2,0,0
gen_03144,5,-7.607,2.762,4.236,inf,2,0,0
gen_03144,6,-7.607,2.784,4.337,inf,2,0,0
gen_03144,7,-7.600,2.795,4.311,inf,2,0,0
gen_03144,8,-7.588,2.642,3.834,inf,2,0,0
gen_03144,9,-7.573,2.651,3.862,inf,2,0,0
gen_03144,10,-7.561,2.632,3.840,inf,2,0,0
gen_03144,11,-7.558,3.083,4.955,inf,2,0,0
gen_03144,12,-7.537,2.652,3.851,inf,2,0,0
gen_03145,1,-7.047,2.771,4.265,inf,2,0,0
gen_03145,2,-7.010,2.808,4.304,inf,2,0,0
gen_03146,1,-6.726,2.650,4.344,inf,2,0,0
gen_03146,2,-6.700,2.681,4.367,inf,2,0,0
gen_03146,3,-6.657,2.697,4.475,inf,2,0,0
gen_03146,4,-6.618,2.670,4.387,inf,2,0,0
gen_03146,5,-6.548,2.549,4.343,inf,2,0,0
gen_03146,6,-6.491,2.583,4.287,inf,2,0,0
gen_03147,1,-7.140,14.757,16.382,inf,2,0,0
gen_03147,2,-7.132,2.652,4.459,inf,2,0,0
gen_03147,3,-7.119,14.768,16.335,inf,2,0,0
gen_03147,4,-7.079,2.727,4.487,inf,2,0,0
gen_03148,1,-9.076,2.704,4.402,3.818,2,2,0
gen_03148,2,-9.068,2.538,4.385,3.809,2,2,0
gen_03148,3,-8.540,7.539,9.081,7.546,2,2,0
gen_03149,1,-8.479,2.826,4.444,inf,2,0,0
gen_03149,2,-8.473,2.833,4.455,inf,2,0,0
gen_03150,1,-6.743,2.335,4.519,inf,2,0,0
gen_03150,2,-6.729,2.710,4.493,inf,2,0,0
gen_03150,3,-6.728,2.365,4.550,inf,2,0,0
gen_03150,4,-6.690,2.362,4.556,inf,2,0,0
gen_03151,1,-7.133,2.359,4.444,inf,2,0,0
gen_03151,2,-7.107,2.423,4.444,inf,2,0,0
gen_03152,1,-6.801,2.266,4.487,3.842,2,1,0
gen_03152,2,-6.799,2.337,4.468,3.404,2,1,1
gen_03152,3,-6.776,2.516,4.518,3.922,2,1,0
gen_03152,4,-6.765,2.347,4.508,3.219,2,1,1
gen_03152,5,-6.753,2.472,4.498,4.001,2,1,0
gen_03152,6,-6.743,2.376,4.452,3.586,2,1,0
gen_03153,1,-7.103,2.749,4.347,inf,2,0,0
gen_03154,1,-7.787,2.585,2.696,inf,4,0,0
gen_03154,2,-7.736,2.621,2.689,inf,4,0,0
gen_03154,3,-7.664,2.611,2.713,inf,4,0,0
gen_03154,4,-7.660,2.521,2.722,inf,4,0,0
gen_03155,1,-7.475,2.793,4.487,3.018,2,1,1
gen_03155,2,-7.457,2.817,4.497,3.037,2,1,1
gen_03155,3,-7.436,2.783,4.493,3.042,2,1,1
gen_03155,4,-7.393,2.792,4.482,3.022,2,1,1
gen_03156,1,-7.699,3.530,4.333,inf,2,0,0
gen_03156,2,-7.673,3.320,4.408,inf,2,0,0
gen_03156,3,-7.640,2.712,3.749,inf,2,0,0
gen_03156,4,-7.634,3.508,4.347,inf,2,0,0
gen_03156,5,-7.633,2.712,3.738,inf,2,0,0
gen_03156,6,-7.620,3.292,4.410,inf,2,0,0
gen_03156,7,-7.594,3.200,4.422,inf,2,0,0
gen_03156,8,-7.560,3.640,4.377,inf,2,0,0
gen_03157,1,-6.521,2.700,4.317,inf,4,0,0
gen_03157,2,-6.495,2.768,4.513,inf,4,0,0
gen_03157,3,-6.481,2.759,4.366,inf,4,0,0
gen_03157,4,-6.438,2.768,4.368,inf,4,0,0
gen_03157,5,-6.430,2.664,4.200,inf,4,0,0
gen_03157,6,-6.420,2.771,4.275,inf,4,0,0
gen_03157,7,-6.376,2.769,4.285,inf,4,0,0
gen_03158,1,-7.384,2.397,2.709,inf,4,0,0
gen_03158,2,-7.382,2.401,2.708,inf,4,0,0
gen_03158,3,-7.243,2.541,2.601,inf,4,0,0
gen_03158,4,-7.136,2.422,2.573,inf,4,0,0
gen_03158,5,-7.123,2.420,2.628,inf,4,0,0
gen_03158,6,-6.918,2.455,2.690,inf,4,0,0
gen_03159,1,-7.394,2.466,4.411,inf,2,0,0
gen_03159,2,-7.359,2.502,4.452,inf,2,0,0
gen_03160,1,-7.083,2.572,4.428,inf,2,0,0
gen_03160,2,-7.067,2.638,4.498,inf,2,0,0
gen_03160,3,-7.064,2.645,4.494,inf,2,0,0
gen_03160,4,-7.058,2.588,4.454,inf,2,0,0
gen_03160,5,-7.057,2.679,4.470,inf,2,0,0
gen_03160,6,-7.049,2.730,4.542,inf,2,0,0
gen_03161,1,-8.011,13.605,14.865,5.671,2,1,0
gen_03161,2,-8.000,13.600,14.873,5.676,2,1,0
gen_03162,1,-7.222,3.694,5.154,inf,2,0,0
gen_03162,2,-7.221,3.671,5.238,inf,2,0,0
gen_03162,3,-7.208,3.685,4.616,inf,2,0,0
gen_03162,4,-7.201,3.804,4.489,inf,2,0,0
gen_03163,1,-8.157,2.819,4.340,inf,2,0,0
gen_03163,2,-8.155,2.798,4.326,inf,2,0,0
gen_03163,3,-8.130,2.917,3.958,inf,2,0,0
gen_03163,4,-8.104,2.764,3.933,inf,2,0,0
gen_03164,1,-7.521,2.837,3.826,inf,2,0,0
gen_03164,2,-7.489,2.773,3.736,inf,2,0,0
gen_03165,1,-8.034,2.252,4.290,inf,2,0,0
gen_03165,2,-8.019,2.240,4.302,inf,2,0,0
gen_03165,3,-7.968,2.203,4.320,inf,2,0,0
gen_03165,4,-7.907,2.204,4.312,inf,2,0,0
gen_03166,1,-7.158,8.423,8.899,inf,2,0,0
gen_03166,2,-7.121,8.478,9.310,inf,2,0,0
gen_03167,1,-7.764,2.674,2.778,inf,2,0,0
gen_03167,2,-7.674,2.550,2.623,inf,2,0,0
gen_03167,3,-7.614,2.583,2.703,inf,2,0,0
gen_03168,1,-7.535,2.759,4.452,inf,2,0,0
gen_03168,2,-7.403,2.748,4.578,inf,2,0,0
gen_03168,3,-7.389,2.776,4.542,inf,2,0,0
gen_03168,4,-7.307,2.424,2.718,inf,2,0,0
gen_03169,1,-8.103,3.005,4.455,inf,2,0,0
gen_03170,1,-7.385,2.282,4.295,3.129,2,1,1
gen_03170,2,-7.339,2.355,3.959,10.586,2,1,0
gen_03170,3,-7.331,2.250,4.139,3.150,2,1,1
gen_03170,4,-7.094,4.360,6.257,11.419,2,1,0
gen_03170,5,-6.965,2.248,4.485,6.216,2,1,0
gen_03171,1,-7.667,2.646,4.440,inf,2,0,0
gen_03171,2,-7.643,2.588,4.421,inf,2,0,0
gen_03172,1,-7.397,2.759,4.443,inf,2,0,0
gen_03172,2,-7.388,2.739,4.461,inf,2,0,0
gen_03172,3,-7.323,2.673,4.422,inf,2,0,0
gen_03172,4,-7.322,2.687,4.362,inf,2,0,0
gen_03172,5,-7.317,2.788,4.488,inf,2,0,0
gen_03172,6,-7.309,2.668,4.359,inf,2,0,0
gen_03172,7,-7.302,2.739,4.373,inf,2,0,0
gen_03172,8,-7.255,2.759,4.514,inf,2,0,0
gen_03172,9,-7.213,2.821,4.476,inf,2,0,0
gen_03172,10,-7.200,14.552,15.238,inf,2,0,0
gen_03172,11,-7.171,14.692,15.450,inf,2,0,0
gen_03173,1,-8.232,14.793,16.395,inf,2,0,0
gen_03173,2,-8.212,14.889,16.375,inf,2,0,0
gen_03174,1,-7.628,3.078,4.048,inf,4,0,0
gen_03174,2,-7.595,3.493,3.663,inf,4,0,0
gen_03175,1,-7.597,2.692,4.098,inf,2,0,0
gen_03175,2,-7.587,2.716,4.235,inf,2,0,0
gen_03175,3,-7.565,2.695,4.123,inf,2,0,0
gen_03176,1,-7.542,3.115,4.594,2.920,2,2,1
gen_03176,2,-7.474,3.207,4.628,2.923,2,2,0
gen_03176,3,-7.455,3.186,4.633,2.927,2,2,1
gen_03176,4,-7.416,3.188,4.680,2.969,2,2,1
gen_03176,5,-7.304,2.878,4.514,3.014,2,2,1
gen_03177,1,-8.145,2.588,2.669,inf,2,0,0
gen_03177,2,-8.054,2.614,2.733,inf,2,0,0
gen_03177,3,-7.967,14.345,14.893,inf,2,0,0
gen_03177,4,-7.924,14.588,14.722,inf,2,0,0
gen_03178,1,-6.869,2.736,4.378,inf,2,0,0
gen_03178,2,-6.825,2.735,4.366,inf,2,0,0
gen_03179,1,-7.367,4.050,4.498,inf,4,0,0
gen_03179,2,-7.293,4.001,4.615,inf,4,0,0
gen_03179,3,-7.285,3.852,4.768,inf,4,0,0
gen_03180,1,-7.259,2.788,4.463,inf,2,0,0
gen_03180,2,-7.252,2.718,4.418,inf,2,0,0
gen_03180,3,-7.146,2.686,4.107,inf,2,0,0
gen_03181,1,-7.782,2.202,4.320,3.082,2,2,1
gen_03182,1,-7.114,2.820,4.531,inf,4,0,0
gen_03182,2,-7.072,2.792,4.476,inf,4,0,0
gen_03182,3,-7.057,2.770,4.410,inf,4,0,0
gen_03182,4,-7.043,2.767,4.445,inf,4,0,0
gen_03182,5,-7.041,2.723,4.466,inf,4,0,0
gen_03182,6,-7.029,2.686,4.415,inf,4,0,0
gen_03183,1,-7.430,2.457,2.758,inf,2,0,0
gen_03183,2,-7.425,2.442,2.766,inf,2,0,0
gen_03184,1,-6.785,2.693,4.280,inf,4,0,0
gen_03184,2,-6.768,2.720,4.272,inf,4,0,0
gen_03184,3,-6.762,2.805,4.505,inf,4,0,0
gen_03184,4,-6.748,2.706,4.143,inf,4,0,0
gen_03184,5,-6.707,2.656,4.223,inf,4,0,0
gen_03184,6,-6.574,3.392,3.823,inf,4,0,0
gen_03185,1,-8.755,2.697,4.401,3.671,2,2,0
gen_03185,2,-8.755,2.640,4.457,3.702,2,2,0
gen_03185,3,-8.715,2.698,4.443,3.686,2,2,0
gen_03185,4,-8.688,2.731,4.411,3.727,2,2,0
gen_03185,5,-8.596,4.453,4.755,3.970,2,2,0
gen_03185,6,-8.211,14.505,14.825,6.229,2,2,0
gen_03185,7,-8.159,11.862,12.690,6.213,2,2,0
gen_03186,1,-8.082,3.434,4.642,3.035,2,2,0
gen_03186,2,-8.040,3.323,4.622,3.076,2,2,0
gen_03186,3,-7.914,2.778,4.490,3.541,2,2,0
gen_03186,4,-7.899,2.802,4.488,3.606,2,2,0
gen_03187,1,-7.778,5.726,7.465,inf,2,0,0
gen_03188,1,-8.032,2.767,4.559,inf,4,0,0
gen_03188,2,-8.026,2.769,4.532,inf,4,0,0
gen_03188,3,-8.019,2.797,4.557,inf,4,0,0
gen_03188,4,-8.006,2.735,4.538,inf,4,0,0
gen_03188,5,-7.992,2.742,4.548,inf,4,0,0
gen_03189,1,-8.852,2.691,4.349,5.750,2,1,0
gen_03189,2,-8.663,2.724,4.485,5.855,2,1,0
gen_03190,1,-8.028,2.325,2.692,inf,4,0,0
gen_03190,2,-8.016,2.401,2.723,inf,4,0,0
gen_03191,1,-6.766,10.499,10.883,inf,2,0,0
gen_03191,2,-6.733,10.551,10.885,inf,2,0,0
gen_03191,3,-6.672,10.600,10.681,inf,2,0,0
gen_03191,4,-6.541,2.679,2.761,inf,2,0,0
gen_03192,1,-7.631,2.669,4.444,inf,2,0,0
gen_03193,1,-7.425,4.452,5.283,inf,2,0,0
gen_03193,2,-7.419,4.437,5.313,inf,2,0,0
gen_03193,3,-7.398,4.458,5.286,inf,2,0,0
gen_03193,4,-7.304,4.492,5.250,inf,2,0,0
gen_03193,5,-7.295,4.484,5.157,inf,2,0,0
gen_03193,6,-7.278,4.445,5.290,inf,2,0,0
gen_03193,7,-7.270,4.472,5.376,inf,2,0,0
gen_03193,8,-7.085,2.736,4.533,inf,2,0,0
gen_03193,9,-7.084,2.726,4.552,inf,2,0,0
gen_03193,10,-7.057,2.707,4.469,inf,2,0,0
gen_03194,1,-7.492,3.219,4.444,inf,2,0,0
gen_03194,2,-7.460,3.178,4.400,inf,2,0,0
gen_03194,3,-7.377,2.957,4.407,inf,2,0,0
gen_03195,1,-7.056,2.218,4.468,inf,2,0,0
gen_03195,2,-7.022,2.205,4.458,inf,2,0,0
gen_03195,3,-7.011,2.462,4.325,inf,2,0,0
gen_03195,4,-6.954,5.052,5.444,inf,2,0,0
gen_03195,5,-6.898,5.118,5.522,inf,2,0,0
gen_03195,6,-6.892,2.470,4.537,inf,2,0,0
gen_03196,1,-7.760,8.560,8.871,inf,2,0,0
gen_03196,2,-7.702,8.862,9.032,inf,2,0,0
gen_03196,3,-7.662,8.543,8.918,inf,2,0,0
gen_03196,4,-7.612,8.878,8.990,inf,2,0,0
gen_03196,5,-7.386,4.831,5.822,inf,2,0,0
gen_03197,1,-6.655,2.362,4.378,3.907,2,1,0
gen_03198,1,-7.694,2.794,4.500,inf,2,0,0
gen_03198,2,-7.647,2.750,4.510,inf,2,0,0
gen_03198,3,-7.622,2.790,4.472,inf,2,0,0
gen_03198,4,-7.611,2.783,4.480,inf,2,0,0
gen_03199,1,-7.535,2.728,4.555,4.298,2,1,0
gen_03199,2,-7.497,2.714,4.484,4.313,2,1,0
gen_03199,3,-7.376,2.815,4.399,6.217,2,1,0
gen_03199,4,-7.340,2.790,4.368,6.311,2,1,0
gen_03199,5,-7.288,2.814,4.332,6.347,2,1,0
gen_03200,1,-7.486,2.624,3.890,inf,4,0,0
gen_03200,2,-7.461,2.735,3.846,inf,4,0,0
gen_03200,3,-7.455,2.671,3.864,inf,4,0,0
gen_03200,4,-7.449,2.703,4.219,inf,4,0,0
gen_03200,5,-7.436,2.701,4.169,inf,4,0,0
gen_03200,6,-7.423,2.786,3.865,inf,4,0,0
gen_03200,7,-7.418,2.703,4.183,inf,4,0,0
gen_03200,8,-7.376,2.745,4.204,inf,4,0,0
gen_03200,9,-7.362,2.743,4.194,inf,4,0,0
gen_03201,1,-7.799,2.504,3.664,inf,2,0,0
gen_03201,2,-7.740,2.514,3.658,inf,2,0,0
gen_03201,3,-7.435,12.574,12.876,inf,2,0,0
gen_03202,1,-6.804,2.713,4.500,inf,2,0,0
gen_03203,1,-7.767,11.464,13.395,inf,2,0,0
gen_03203,2,-7.755,11.455,13.387,inf,2,0,0
gen_03204,1,-8.298,2.869,4.389,inf,2,0,0
gen_03205,1,-6.747,2.759,4.482,inf,4,0,0
gen_03206,1,-6.839,2.757,3.692,inf,2,0,0
gen_03206,2,-6.834,2.809,3.707,inf,2,0,0
gen_03206,3,-6.817,2.794,3.708,inf,2,0,0
gen_03206,4,-6.815,2.779,3.659,inf,2,0,0
gen_03207,1,-5.850,3.747,4.593,inf,2,0,0
gen_03207,2,-5.818,3.775,4.510,inf,2,0,0
gen_03207,3,-5.753,3.773,5.300,inf,2,0,0
gen_03207,4,-5.714,3.811,5.225,inf,2,0,0
gen_03207,5,-5.672,4.029,5.601,inf,2,0,0
gen_03207,6,-5.657,4.002,5.634,inf,2,0,0
gen_03208,1,-7.349,2.764,4.454,7.792,2,1,0
gen_03208,2,-7.339,2.789,4.492,7.749,2,1,0
gen_03208,3,-7.103,2.765,4.422,7.126,2,1,0
gen_03209,1,-7.032,2.315,4.370,inf,2,0,0
gen_03209,2,-7.023,2.305,4.239,inf,2,0,0
gen_03209,3,-6.934,2.223,4.189,inf,2,0,0
gen_03209,4,-6.894,2.782,4.465,inf,2,0,0
gen_03209,5,-6.796,2.750,4.359,inf,2,0,0
gen_03210,1,-7.916,2.775,4.483,inf,2,0,0
gen_03210,2,-7.882,2.805,4.529,inf,2,0,0
gen_03211,1,-7.951,3.019,4.679,6.950,2,1,0
gen_03211,2,-7.939,2.596,4.534,6.900,2,1,0
gen_03211,3,-7.851,2.572,4.467,6.865,2,1,0
gen_03212,1,-7.508,2.630,2.654,inf,2,0,0
gen_03212,2,-7.279,2.224,4.450,inf,2,0,0
gen_03212,3,-7.276,2.811,4.214,inf,2,0,0
gen_03213,1,-7.136,2.673,3.663,inf,2,0,0
gen_03213,2,-7.134,2.701,3.654,inf,2,0,0
gen_03213,3,-7.085,2.742,3.682,inf,2,0,0
gen_03214,1,-7.613,2.844,4.476,inf,4,0,0
gen_03214,2,-7.584,2.878,4.472,inf,4,0,0
gen_03214,3,-7.525,3.104,4.542,inf,4,0,0
gen_03214,4,-7.466,2.665,4.007,inf,4,0,0
gen_03214,5,-7.424,2.616,3.986,inf,4,0,0
gen_03215,1,-8.091,14.806,15.843,inf,2,0,0
gen_03215,2,-8.011,14.807,15.754,inf,2,0,0
gen_03215,3,-8.002,14.807,15.832,inf,2,0,0
gen_03215,4,-7.986,14.773,15.797,inf,2,0,0
gen_03215,5,-7.941,14.801,15.822,inf,2,0,0
gen_03215,6,-7.935,14.883,15.867,inf,2,0,0
gen_03215,7,-7.851,8.153,9.263,inf,2,0,0
gen_03215,8,-7.819,8.237,9.162,inf,2,0,0
gen_03215,9,-7.807,8.077,9.809,inf,2,0,0
gen_03216,1,-7.247,2.517,3.120,inf,4,0,0
gen_03216,2,-7.239,2.490,3.142,inf,4,0,0
gen_03217,1,-7.604,2.760,3.691,inf,2,0,0
gen_03217,2,-7.594,2.978,3.809,inf,2,0,0
gen_03217,3,-7.470,2.448,3.804,inf,2,0,0
gen_03217,4,-7.338,2.499,3.858,inf,2,0,0
gen_03217,5,-7.100,7.340,9.316,inf,2,0,0
gen_03217,6,-7.009,3.889,5.284,inf,2,0,0
gen_03218,1,-8.158,2.835,4.411,inf,2,0,0
gen_03219,1,-7.083,2.788,4.322,inf,2,0,0
gen_03219,2,-7.052,2.831,4.250,inf,2,0,0
gen_03219,3,-7.040,2.803,4.293,inf,2,0,0
gen_03219,4,-7.030,2.802,4.293,inf,2,0,0
gen_03220,1,-7.006,2.975,4.692,inf,2,0,0
gen_03221,1,-7.060,2.562,4.325,inf,2,0,0
gen_03221,2,-6.986,2.675,4.389,inf,2,0,0
gen_03221,3,-6.959,2.622,4.254,inf,2,0,0
gen_03221,4,-6.903,2.710,4.251,inf,2,0,0
gen_03221,5,-6.725,2.768,4.369,inf,2,0,0
gen_03222,1,-7.897,2.575,2.701,inf,2,0,0
gen_03222,2,-7.875,2.459,2.748,inf,2,0,0
gen_03223,1,-7.228,2.793,4.293,3.038,4,1,1
gen_03223,2,-7.179,2.806,4.341,3.283,4,1,1
gen_03224,1,-7.641,3.209,4.389,inf,2,0,0
gen_03224,2,-7.595,3.180,4.340,inf,2,0,0
gen_03224,3,-7.553,2.840,4.534,inf,2,0,0
gen_03224,4,-7.508,4.145,4.503,inf,2,0,0
gen_03224,5,-7.474,4.231,4.502,inf,2,0,0
gen_03225,1,-7.548,2.596,2.729,2.781,2,1,1
gen_03225,2,-7.520,2.584,2.738,2.751,2,1,1
gen_03226,1,-8.065,2.640,4.471,inf,2,0,0
gen_03226,2,-8.026,2.687,4.480,inf,2,0,0
gen_03226,3,-7.927,2.583,4.623,inf,2,0,0
gen_03226,4,-7.887,2.445,4.437,inf,2,0,0
gen_03227,1,-7.305,10.307,12.442,inf,2,0,0
gen_03227,2,-7.285,10.499,12.462,inf,2,0,0
gen_03227,3,-7.268,10.198,12.423,inf,2,0,0
gen_03227,4,-7.218,2.749,4.532,inf,2,0,0
gen_03227,5,-7.190,2.762,4.306,inf,2,0,0
gen_03227,6,-7.188,2.751,4.504,inf,2,0,0
gen_03227,7,-7.150,2.767,4.493,inf,2,0,0
gen_03227,8,-7.143,2.760,4.504,inf,2,0,0
gen_03227,9,-7.069,2.751,4.293,inf,2,0,0
gen_03227,10,-7.049,10.830,12.501,inf,2,0,0
gen_03228,1,-8.369,2.612,2.687,inf,2,0,0
gen_03228,2,-8.308,2.612,2.725,inf,2,0,0
gen_03229,1,-7.151,2.612,4.341,inf,2,0,0
gen_03229,2,-7.055,10.495,10.748,inf,2,0,0
gen_03229,3,-7.033,10.579,10.807,inf,2,0,0
gen_03230,1,-7.809,2.414,3.234,inf,2,0,0
gen_03230,2,-7.800,2.457,3.199,inf,2,0,0
gen_03230,3,-7.789,2.503,3.187,inf,2,0,0
gen_03230,4,-7.773,2.428,3.335,inf,2,0,0
gen_03230,5,-7.531,2.730,4.514,inf,2,0,0
gen_03230,6,-7.478,2.731,4.489,inf,2,0,0
gen_03231,1,-7.129,2.792,4.385,inf,2,0,0
gen_03232,1,-7.556,2.761,4.321,inf,2,0,0
gen_03233,1,-7.245,2.675,2.724,inf,2,0,0
gen_03234,1,-7.358,2.665,4.493,inf,2,0,0
gen_03234,2,-7.351,2.732,4.572,inf,2,0,0
gen_03234,3,-7.265,3.227,3.881,inf,2,0,0
gen_03234,4,-7.232,3.177,4.081,inf,2,0,0
gen_03234,5,-7.211,2.642,4.670,inf,2,0,0
gen_03234,6,-7.122,2.673,4.481,inf,2,0,0
gen_03235,1,-7.379,2.710,4.374,inf,2,0,0
gen_03235,2,-7.346,2.683,4.354,inf,2,0,0
gen_03235,3,-7.275,2.727,4.397,inf,2,0,0
gen_03235,4,-7.268,2.677,4.341,inf,2,0,0
gen_03235,5,-7.245,2.749,4.421,inf,2,0,0
gen_03235,6,-0.847,2.736,4.417,inf,2,0,0
gen_03236,1,-69.365,7.300,8.906,inf,2,0,0
gen_03237,1,-7.368,15.074,16.113,inf,2,0,0
gen_03237,2,-7.189,14.558,16.340,inf,2,0,0
gen_03237,3,-7.120,3.491,4.712,inf,2,0,0
gen_03237,4,-7.079,14.587,15.102,inf,2,0,0
gen_03237,5,-7.061,3.581,4.818,inf,2,0,0
gen_03237,6,-7.042,2.483,2.755,inf,2,0,0
gen_03237,7,-6.976,14.671,15.433,inf,2,0,0
gen_03237,8,-6.887,3.350,5.501,inf,2,0,0
gen_03237,9,-6.868,3.087,4.832,inf,2,0,0
gen_03237,10,-6.806,3.546,5.591,inf,2,0,0
gen_03238,1,-6.739,2.755,4.494,inf,4,0,0
gen_03239,1,-7.900,3.258,4.776,inf,2,0,0
gen_03239,2,-7.884,3.051,4.628,inf,2,0,0
gen_03239,3,-7.838,2.780,4.540,inf,2,0,0
gen_03239,4,-7.821,2.861,4.614,inf,2,0,0
gen_03239,5,-7.808,2.855,4.550,inf,2,0,0
gen_03239,6,-7.802,3.110,4.842,inf,2,0,0
gen_03240,1,-7.741,2.740,4.498,3.647,2,1,0
gen_03241,1,-7.960,2.796,4.511,3.795,2,1,0
gen_03241,2,-7.951,2.794,4.496,3.829,2,1,0
gen_03242,1,-6.586,2.738,4.341,inf,2,0,0
gen_03242,2,-6.566,2.729,4.356,inf,2,0,0
gen_03243,1,-7.448,2.734,4.416,inf,2,0,0
gen_03243,2,-7.439,2.774,4.417,inf,2,0,0
gen_03244,1,-7.493,4.558,5.564,inf,2,0,0
gen_03244,2,-7.408,2.679,4.094,inf,2,0,0
gen_03244,3,-7.311,2.563,4.089,inf,2,0,0
gen_03245,1,-8.103,2.862,4.320,3.017,4,1,1
gen_03245,2,-8.073,2.792,4.286,3.045,4,1,1
gen_03246,1,-8.059,8.632,9.084,inf,2,0,0
gen_03246,2,-7.966,8.750,9.413,inf,2,0,0
gen_03246,3,-7.930,8.851,8.897,inf,2,0,0
gen_03246,4,-7.848,8.570,8.963,inf,2,0,0
gen_03246,5,-7.803,8.698,9.147,inf,2,0,0
gen_03246,6,-7.784,2.771,4.358,inf,2,0,0
gen_03246,7,-7.765,2.860,4.236,inf,2,0,0
gen_03247,1,-7.386,2.720,4.555,6.962,2,1,0
gen_03247,2,-7.357,2.219,2.989,6.143,2,1,0
gen_03247,3,-7.274,2.730,4.505,7.186,2,1,0
gen_03248,1,-6.489,2.777,3.782,inf,2,0,0
gen_03248,2,-6.388,3.498,4.700,inf,2,0,0
gen_03248,3,-6.359,3.167,4.815,inf,2,0,0
gen_03248,4,-6.304,3.501,4.719,inf,2,0,0
gen_03248,5,-6.257,3.516,4.613,inf,2,0,0
gen_03248,6,-6.248,3.079,4.314,inf,2,0,0
gen_03248,7,-6.221,12.662,14.779,inf,2,0,0
gen_03248,8,-6.212,12.402,14.640,inf,2,0,0
gen_03248,9,-6.118,12.280,14.514,inf,2,0,0
gen_03249,1,-8.122,2.539,2.640,inf,2,0,0
gen_03250,1,-8.209,2.778,4.448,inf,2,0,0
gen_03250,2,-8.183,2.770,4.451,inf,2,0,0
gen_03250,3,-8.132,2.802,4.504,inf,2,0,0
gen_03251,1,-6.990,15.778,16.366,inf,2,0,0
gen_03251,2,-6.986,15.764,16.527,inf,2,0,0
gen_03251,3,-6.825,15.069,15.900,inf,2,0,0
gen_03251,4,-6.821,2.315,3.604,inf,2,0,0
gen_03251,5,-6.726,6.480,7.607,inf,2,0,0
gen_03251,6,-6.724,14.803,15.682,inf,2,0,0
gen_03251,7,-6.723,15.150,15.783,inf,2,0,0
gen_03251,8,-6.674,6.672,7.426,inf,2,0,0
gen_03251,9,-6.601,5.943,7.247,inf,2,0,0
gen_03252,1,-9.345,2.714,4.594,2.801,2,1,1
gen_03253,1,-7.955,15.249,15.562,4.268,2,1,0
gen_03253,2,-7.878,15.252,15.710,4.382,2,1,0
gen_03254,1,-6.974,2.720,4.417,5.635,2,1,0
gen_03255,1,-7.414,2.760,4.601,inf,2,0,0
gen_03255,2,-7.357,2.717,4.633,inf,2,0,0
gen_03255,3,-7.348,2.688,4.700,inf,2,0,0
gen_03255,4,-7.325,2.717,4.550,inf,2,0,0
gen_03255,5,-7.286,2.840,4.862,inf,2,0,0
gen_03255,6,-7.278,2.776,4.820,inf,2,0,0
gen_03256,1,-8.035,6.017,6.843,6.181,2,1,0
gen_03256,2,-8.025,6.146,6.840,6.264,2,1,0
gen_03256,3,-7.999,6.218,6.902,6.286,2,1,0
gen_03256,4,-7.974,6.336,6.712,6.266,2,1,0
gen_03256,5,-7.729,4.641,5.750,5.489,2,1,0
gen_03256,6,-7.335,10.973,12.404,3.015,2,1,0
gen_03256,7,-7.310,10.917,12.335,2.900,2,1,0
gen_03256,8,-7.276,10.845,12.328,2.939,2,1,0
gen_03257,1,-7.415,2.663,4.079,inf,2,0,0
gen_03257,2,-7.397,2.674,4.178,inf,2,0,0
gen_03257,3,-7.394,2.691,4.157,inf,2,0,0
gen_03257,4,-7.390,2.715,4.254,inf,2,0,0
gen_03257,5,-7.387,2.644,4.202,inf,2,0,0
gen_03257,6,-7.386,2.702,4.275,inf,2,0,0
gen_03257,7,-7.317,2.654,4.145,inf,2,0,0
gen_03257,8,-7.312,2.673,4.204,inf,2,0,0
gen_03257,9,-7.310,2.700,4.278,inf,2,0,0
gen_03258,1,-7.368,10.019,10.366,inf,2,0,0
gen_03259,1,-7.597,2.649,4.578,6.856,2,1,0
gen_03259,2,-7.568,2.386,4.524,4.596,2,1,0
gen_03259,3,-7.561,2.645,4.584,6.654,2,1,0
gen_03259,4,-7.517,2.663,4.561,6.641,2,1,0
gen_03259,5,-7.461,2.638,4.539,6.811,2,1,0
gen_03259,6,-7.448,2.666,4.241,6.645,2,1,0
gen_03260,1,-6.189,2.820,4.329,inf,2,0,0
gen_03260,2,-6.179,2.835,4.336,inf,2,0,0
gen_03260,3,-6.161,2.764,4.237,inf,2,0,0
gen_03261,1,-8.537,2.705,4.505,inf,2,0,0
gen_03261,2,-8.524,2.815,4.409,inf,2,0,0
gen_03261,3,-8.429,2.847,4.377,inf,2,0,0
gen_03262,1,-7.571,2.703,4.386,inf,2,0,0
gen_03262,2,-7.551,2.689,4.362,inf,2,0,0
gen_03262,3,-7.461,2.760,4.543,inf,2,0,0
gen_03262,4,-7.454,3.326,4.050,inf,2,0,0
gen_03262,5,-7.433,2.817,4.498,inf,2,0,0
gen_03262,6,-7.391,3.415,3.966,inf,2,0,0
gen_03262,7,-7.381,2.758,4.649,inf,2,0,0
gen_03262,8,-7.349,2.764,4.226,inf,2,0,0
gen_03263,1,-6.665,10.006,10.952,5.049,2,1,0
gen_03264,1,-8.333,2.731,4.306,6.391,2,1,0
gen_03264,2,-8.222,2.803,4.295,6.383,2,1,0
gen_03264,3,-8.171,2.825,4.253,6.338,2,1,0
gen_03264,4,-8.126,10.568,10.929,6.731,2,1,0
gen_03264,5,-8.114,2.702,4.284,6.662,2,1,0
gen_03264,6,-8.107,2.779,4.205,6.259,2,1,0
gen_03264,7,-8.099,2.731,4.299,6.537,2,1,0
gen_03264,8,-7.870,2.373,4.582,6.382,2,1,0
gen_03264,9,-7.728,2.325,4.378,5.662,2,1,0
gen_03265,1,-7.688,2.468,2.851,inf,2,0,0
gen_03266,1,-8.598,2.810,4.337,5.179,2,1,0
gen_03266,2,-8.563,2.730,4.364,5.150,2,1,0
gen_03266,3,-8.387,2.767,4.197,5.130,2,1,0
gen_03267,1,-8.123,2.796,4.358,inf,2,0,0
gen_03267,2,-8.118,2.819,4.386,inf,2,0,0
gen_03267,3,-8.095,2.863,4.388,inf,2,0,0
gen_03267,4,-8.086,2.848,4.361,inf,2,0,0
gen_03267,5,-8.059,2.848,4.328,inf,2,0,0
gen_03268,1,-7.460,10.422,10.753,inf,2,0,0
gen_03268,2,-7.441,2.837,4.334,inf,2,0,0
gen_03268,3,-7.396,2.763,4.275,inf,2,0,0
gen_03269,1,-6.859,2.697,4.434,2.730,2,1,1
gen_03269,2,-6.859,2.776,4.452,2.765,2,1,1
gen_03269,3,-6.849,2.719,4.371,2.767,2,1,1
gen_03270,1,-7.637,2.265,2.764,inf,2,0,0
gen_03270,2,-7.586,2.353,2.611,inf,2,0,0
gen_03270,3,-7.544,2.352,2.558,inf,2,0,0
gen_03270,4,-7.496,2.347,2.703,inf,2,0,0
gen_03270,5,-7.166,2.591,4.366,inf,2,0,0
gen_03271,1,-7.260,2.697,4.422,inf,2,0,0
gen_03271,2,-7.234,2.738,4.436,inf,2,0,0
gen_03271,3,-7.199,2.715,4.481,inf,2,0,0
gen_03271,4,-7.136,2.766,4.401,inf,2,0,0
gen_03272,1,-7.927,3.072,4.411,inf,2,0,0
gen_03272,2,-7.921,3.069,4.426,inf,2,0,0
gen_03272,3,-7.882,3.062,4.377,inf,2,0,0
gen_03272,4,-7.871,2.873,4.383,inf,2,0,0
gen_03272,5,-7.865,2.831,4.388,inf,2,0,0
gen_03272,6,-7.825,2.872,4.368,inf,2,0,0
gen_03273,1,-7.338,2.726,4.498,inf,2,0,0
gen_03273,2,-7.188,2.769,4.495,inf,2,0,0
gen_03274,1,-7.215,2.777,4.380,inf,2,0,0
gen_03275,1,-8.830,4.019,4.380,inf,2,0,0
gen_03275,2,-8.818,3.957,4.373,inf,2,0,0
gen_03275,3,-8.791,3.931,4.253,inf,2,0,0
gen_03275,4,-8.743,4.008,4.359,inf,2,0,0
gen_03275,5,-8.741,4.032,4.311,inf,2,0,0
gen_03275,6,-8.736,4.115,4.333,inf,2,0,0
gen_03275,7,-8.030,2.783,4.423,inf,2,0,0
gen_03275,8,-7.981,2.814,4.470,inf,2,0,0
gen_03275,9,-7.973,2.734,4.421,inf,2,0,0
gen_03275,10,-7.848,2.811,4.421,inf,2,0,0
gen_03276,1,-8.066,2.676,4.358,inf,2,0,0
gen_03276,2,-7.963,2.538,4.305,inf,2,0,0
gen_03276,3,-7.860,2.724,4.300,inf,2,0,0
gen_03276,4,-7.586,2.277,2.858,inf,2,0,0
gen_03277,1,-7.134,2.218,4.429,inf,2,0,0
gen_03278,1,-6.939,3.093,4.613,inf,2,0,0
gen_03278,2,-6.804,3.002,4.626,inf,2,0,0
gen_03279,1,-6.698,2.294,4.400,inf,2,0,0
gen_03279,2,-6.648,16.575,16.972,inf,2,0,0
gen_03280,1,-6.552,9.233,11.076,inf,2,0,0
gen_03280,2,-6.549,9.335,11.154,inf,2,0,0
gen_03280,3,-6.544,9.383,11.203,inf,2,0,0
gen_03280,4,-6.532,2.464,3.724,inf,2,0,0
gen_03280,5,-6.476,9.583,11.300,inf,2,0,0
gen_03280,6,-6.474,2.747,4.486,inf,2,0,0
gen_03281,1,-6.900,2.671,2.702,inf,2,0,0
gen_03281,2,-6.872,2.668,2.692,inf,2,0,0
gen_03282,1,-58.937,11.383,12.677,9.930,2,1,0
gen_03283,1,-7.113,2.666,3.211,4.629,2,1,0
gen_03283,2,-7.017,2.667,2.948,4.520,2,1,0
gen_03284,1,-7.853,2.752,4.324,inf,4,0,0
gen_03284,2,-7.791,2.749,4.294,inf,4,0,0
gen_03285,1,-7.292,2.854,4.533,inf,2,0,0
gen_03285,2,-7.284,2.811,4.509,inf,2,0,0
gen_03285,3,-7.278,2.845,4.525,inf,2,0,0
gen_03286,1,-8.125,2.750,4.354,3.254,2,1,1
gen_03286,2,-8.023,2.748,4.298,3.229,2,1,1
gen_03286,3,-8.020,2.714,4.162,3.174,2,1,1
gen_03286,4,-7.932,2.686,4.144,3.040,2,1,1
gen_03286,5,-7.810,2.729,4.223,3.117,2,1,1
gen_03287,1,-7.198,2.703,4.349,inf,2,0,0
gen_03287,2,-7.165,2.622,4.322,inf,2,0,0
gen_03288,1,-8.032,2.792,4.483,inf,2,0,0
gen_03288,2,-8.002,2.779,4.507,inf,2,0,0
gen_03288,3,-7.989,2.787,4.487,inf,2,0,0
gen_03288,4,-7.976,2.777,4.481,inf,2,0,0
gen_03289,1,-7.698,2.706,2.784,inf,4,0,0
gen_03289,2,-7.675,2.592,2.743,inf,4,0,0
gen_03289,3,-7.653,2.777,4.460,inf,4,0,0
gen_03290,1,-7.345,2.789,4.565,inf,2,0,0
gen_03290,2,-7.326,2.740,4.536,inf,2,0,0
gen_03290,3,-7.314,2.793,4.609,inf,2,0,0
gen_03290,4,-7.283,2.733,4.484,inf,2,0,0
gen_03291,1,-7.077,2.792,4.439,4.315,2,1,0
gen_03292,1,-8.111,2.752,4.428,inf,2,0,0
gen_03293,1,-7.530,5.680,6.631,inf,2,0,0
gen_03293,2,-7.529,6.005,6.676,inf,2,0,0
gen_03293,3,-7.498,6.094,6.648,inf,2,0,0
gen_03293,4,-7.487,6.061,6.604,inf,2,0,0
gen_03293,5,-7.482,5.954,6.667,inf,2,0,0
gen_03293,6,-7.001,2.709,4.019,inf,2,0,0
gen_03293,7,-6.979,2.864,4.613,inf,2,0,0
gen_03293,8,-6.964,2.771,4.118,inf,2,0,0
gen_03293,9,-6.900,2.728,4.421,inf,2,0,0
gen_03294,1,-6.780,2.742,4.509,3.664,2,2,0
gen_03294,2,-6.700,2.749,4.513,3.757,2,2,0
gen_03295,1,-7.253,2.762,3.686,inf,2,0,0
gen_03295,2,-7.252,2.745,3.706,inf,2,0,0
gen_03295,3,-7.234,2.750,3.731,inf,2,0,0
gen_03296,1,-7.968,2.692,4.392,5.090,2,2,0
gen_03296,2,-7.919,2.620,4.341,5.087,2,2,0
gen_03296,3,-7.910,2.801,4.528,5.863,2,2,0
gen_03296,4,-7.827,13.062,15.176,3.007,2,2,0
gen_03296,5,-7.795,13.108,15.237,3.052,2,2,0
gen_03297,1,-7.911,16.920,17.193,2.772,2,2,0
gen_03298,1,-7.309,2.712,4.432,inf,2,0,0
gen_03298,2,-7.222,2.337,2.832,inf,2,0,0
gen_03298,3,-7.207,2.306,2.600,inf,2,0,0
gen_03298,4,-7.201,2.759,4.327,inf,2,0,0
gen_03299,1,-6.662,2.560,3.970,inf,2,0,0
gen_03299,2,-6.580,2.664,3.845,inf,2,0,0
gen_03299,3,-6.567,2.600,3.999,inf,2,0,0
gen_03300,1,-8.167,2.705,4.257,2.991,2,1,1
gen_03300,2,-8.063,2.663,4.477,3.010,2,1,1
gen_03300,3,-8.035,2.653,4.270,2.964,2,1,1
gen_03300,4,-8.027,2.736,4.302,6.218,2,1,0
gen_03300,5,-7.712,3.433,5.029,6.632,2,1,0
gen_03301,1,-7.955,2.776,4.275,inf,2,0,0
gen_03301,2,-7.940,2.789,4.275,inf,2,0,0
gen_03301,3,-7.902,2.739,4.418,inf,2,0,0
gen_03301,4,-7.889,2.781,4.451,inf,2,0,0
gen_03302,1,-7.691,2.739,4.449,inf,2,0,0
gen_03302,2,-7.634,2.778,4.442,inf,2,0,0
gen_03302,3,-7.609,2.789,4.520,inf,2,0,0
gen_03302,4,-7.555,2.744,4.522,inf,2,0,0
gen_03302,5,-7.512,2.755,4.534,inf,2,0,0
gen_03302,6,-7.464,2.811,4.602,inf,2,0,0
gen_03302,7,-7.461,2.606,4.404,inf,2,0,0
gen_03302,8,-7.447,2.806,4.528,inf,2,0,0
gen_03302,9,-7.446,2.789,4.479,inf,2,0,0
gen_03302,10,-7.432,2.784,4.507,inf,2,0,0
gen_03302,11,-7.402,2.571,3.869,inf,2,0,0
gen_03303,1,-7.672,2.709,3.355,inf,2,0,0
gen_03303,2,-7.639,2.960,3.372,inf,2,0,0
gen_03303,3,-7.638,2.699,3.490,inf,2,0,0
gen_03303,4,-7.580,2.189,4.378,inf,2,0,0
gen_03303,5,-7.548,2.174,4.371,inf,2,0,0
gen_03303,6,-7.447,2.089,4.295,inf,2,0,0
gen_03303,7,-7.441,2.726,3.594,inf,2,0,0
gen_03303,8,-7.402,2.792,4.312,inf,2,0,0
gen_03303,9,-7.350,2.853,4.328,inf,2,0,0
gen_03303,10,-7.298,2.795,4.227,inf,2,0,0
gen_03304,1,-7.405,2.478,2.803,4.577,2,1,0
gen_03304,2,-7.402,2.490,2.737,4.530,2,1,0
gen_03304,3,-7.354,2.577,2.711,4.546,2,1,0
gen_03305,1,-7.105,2.720,4.423,6.047,2,1,0
gen_03306,1,-8.137,2.772,4.409,inf,2,0,0
gen_03306,2,-8.096,2.805,4.521,inf,2,0,0
gen_03307,1,-7.491,2.708,4.428,inf,2,0,0
gen_03307,2,-7.383,2.736,4.505,inf,2,0,0
gen_03307,3,-7.271,2.743,4.307,inf,2,0,0
gen_03308,1,-8.529,2.994,4.596,5.667,2,1,0
gen_03309,1,-7.054,2.271,4.212,inf,2,0,0
gen_03310,1,-6.933,2.688,2.693,6.130,2,1,0
gen_03310,2,-6.911,2.684,2.708,6.134,2,1,0
gen_03310,3,-6.847,2.688,2.758,6.203,2,1,0
gen_03310,4,-6.813,2.683,2.769,6.211,2,1,0
gen_03310,5,-6.657,2.345,4.466,4.192,2,1,0
gen_03311,1,-7.682,2.689,4.313,3.281,2,1,1
gen_03311,2,-7.610,2.635,4.362,3.380,2,1,1
gen_03311,3,-7.501,2.632,4.410,3.339,2,1,1
gen_03311,4,-7.368,10.026,10.689,7.248,2,1,0
gen_03311,5,-7.358,9.675,10.605,7.052,2,1,0
gen_03311,6,-7.335,9.783,10.570,7.169,2,1,0
gen_03311,7,-7.320,10.071,10.573,7.147,2,1,0
gen_03312,1,-7.079,2.777,4.325,inf,2,0,0
gen_03312,2,-6.975,2.713,4.484,inf,2,0,0
gen_03312,3,-6.910,3.659,4.389,inf,2,0,0
gen_03312,4,-6.821,2.452,4.321,inf,2,0,0
gen_03312,5,-6.655,2.734,2.760,inf,2,0,0
gen_03313,1,-7.457,2.648,2.842,inf,4,0,0
gen_03313,2,-7.422,2.699,2.846,inf,4,0,0
gen_03314,1,-7.511,2.732,3.986,5.189,2,1,0
gen_03314,2,-7.503,2.754,3.896,5.370,2,1,0
gen_03314,3,-7.499,2.744,3.894,5.386,2,1,0
gen_03314,4,-7.498,2.732,3.976,5.221,2,1,0
gen_03314,5,-7.497,2.765,3.970,5.218,2,1,0
gen_03314,6,-7.495,2.718,3.883,5.399,2,1,0
gen_03315,1,-6.826,2.820,4.545,5.916,2,1,0
gen_03315,2,-6.673,2.421,4.383,2.723,2,1,1
gen_03315,3,-6.658,2.756,4.408,5.793,2,1,0
gen_03315,4,-6.655,2.799,4.462,6.398,2,1,0
gen_03316,1,-7.033,2.704,4.415,7.133,2,1,0
gen_03316,2,-6.991,2.716,4.410,7.152,2,1,0
gen_03316,3,-6.972,8.682,9.999,3.186,2,1,0
gen_03316,4,-6.968,8.835,9.819,3.134,2,1,0
gen_03316,5,-6.966,8.772,9.895,3.205,2,1,0
gen_03316,6,-6.963,2.696,4.392,7.113,2,1,0
gen_03316,7,-6.942,8.789,9.986,3.178,2,1,0
gen_03316,8,-6.915,8.419,9.802,3.215,2,1,0
gen_03317,1,-7.495,7.138,7.976,inf,2,0,0
gen_03317,2,-7.462,7.767,8.474,inf,2,0,0
gen_03317,3,-7.448,3.847,5.830,inf,2,0,0
gen_03317,4,-7.444,7.335,8.239,inf,2,0,0
gen_03317,5,-7.431,7.348,7.965,inf,2,0,0
gen_03318,1,-7.563,2.813,4.432,inf,4,0,0
gen_03318,2,-7.530,2.840,4.413,inf,4,0,0
gen_03318,3,-7.517,2.799,4.284,inf,4,0,0
gen_03318,4,-7.510,2.837,4.415,inf,4,0,0
gen_03318,5,-7.483,2.793,4.431,inf,4,0,0
gen_03319,1,-7.571,2.671,2.712,3.195,4,2,1
gen_03319,2,-7.555,2.659,2.746,3.178,4,2,1
gen_03319,3,-7.548,2.628,2.710,3.130,4,2,1
gen_03319,4,-7.539,2.266,2.706,3.826,4,2,0
gen_03319,5,-7.528,2.648,2.781,3.055,4,2,1
gen_03319,6,-7.514,2.294,2.575,3.771,4,2,0
gen_03319,7,-7.511,2.605,4.226,4.921,4,2,0
gen_03320,1,-8.248,2.755,4.368,inf,2,0,0
gen_03320,2,-8.127,2.748,4.382,inf,2,0,0
gen_03320,3,-8.114,2.733,4.581,inf,2,0,0
gen_03320,4,-8.084,2.654,4.529,inf,2,0,0
gen_03321,1,-85.392,13.279,14.046,inf,2,0,0
gen_03322,1,-7.712,3.179,4.290,inf,2,0,0
gen_03322,2,-7.620,2.690,4.103,inf,2,0,0
gen_03322,3,-7.563,2.626,4.195,inf,2,0,0
gen_03323,1,-7.274,2.968,4.373,4.633,2,1,0
gen_03323,2,-7.257,2.697,4.352,5.678,2,1,0
gen_03323,3,-7.248,2.690,4.368,5.602,2,1,0
gen_03323,4,-7.226,2.702,4.293,5.617,2,1,0
gen_03323,5,-7.220,2.667,4.326,5.644,2,1,0
gen_03323,6,-7.210,2.687,4.292,5.616,2,1,0
gen_03323,7,-7.195,2.793,4.419,5.564,2,1,0
gen_03324,1,-8.601,2.636,4.379,inf,2,0,0
gen_03324,2,-8.591,2.772,4.246,inf,2,0,0
gen_03325,1,-6.768,2.415,2.745,4.576,4,1,0
gen_03326,1,-7.647,2.443,2.736,inf,4,0,0
gen_03326,2,-7.583,2.690,4.298,inf,4,0,0
gen_03326,3,-7.573,2.659,4.238,inf,4,0,0
gen_03326,4,-7.469,2.698,4.281,inf,4,0,0
gen_03327,1,-7.476,2.324,2.778,inf,2,0,0
gen_03327,2,-7.455,2.359,2.784,inf,2,0,0
gen_03328,1,-6.510,2.579,4.450,inf,2,0,0
gen_03329,1,-7.892,2.813,4.283,inf,2,0,0
gen_03329,2,-7.812,2.757,4.375,inf,2,0,0
gen_03329,3,-7.793,2.772,4.248,inf,2,0,0
gen_03329,4,-7.785,2.959,4.342,inf,2,0,0
gen_03329,5,-7.780,2.773,4.431,inf,2,0,0
gen_03329,6,-7.639,2.839,4.341,inf,2,0,0
gen_03329,7,-7.583,2.869,4.516,inf,2,0,0
gen_03330,1,-8.116,2.595,4.282,4.393,2,1,0
gen_03330,2,-8.116,2.431,4.542,7.363,2,1,0
gen_03330,3,-8.105,2.581,4.256,4.384,2,1,0
gen_03330,4,-8.103,2.452,4.550,7.379,2,1,0
gen_03330,5,-8.078,2.447,4.571,7.374,2,1,0
gen_03330,6,-8.068,2.382,4.515,7.336,2,1,0
gen_03331,1,-7.024,2.724,4.463,6.265,4,1,0
gen_03331,2,-7.007,2.749,4.411,6.171,4,1,0
gen_03331,3,-6.938,2.731,4.470,6.032,4,1,0
gen_03332,1,-8.189,2.450,4.501,3.718,2,1,0
gen_03332,2,-8.188,2.472,4.511,3.734,2,1,0
gen_03332,3,-8.180,2.579,4.540,3.753,2,1,0
gen_03332,4,-8.090,3.121,4.799,3.618,2,1,0
gen_03333,1,-8.636,2.816,4.487,inf,2,0,0
gen_03333,2,-8.628,2.795,4.483,inf,2,0,0
gen_03333,3,-8.596,2.780,4.361,inf,2,0,0
gen_03333,4,-8.594,2.784,4.453,inf,2,0,0
gen_03333,5,-8.570,2.774,4.467,inf,2,0,0
gen_03333,6,-8.429,2.733,4.363,inf,2,0,0
gen_03334,1,-7.263,2.708,4.235,5.195,2,1,0
gen_03334,2,-7.209,2.557,2.767,4.565,2,1,0
gen_03334,3,-7.159,2.634,2.706,4.498,2,1,0
gen_03334,4,-7.119,2.464,3.319,2.774,2,1,1
gen_03335,1,-7.798,2.762,4.251,6.951,2,1,0
gen_03335,2,-7.714,2.538,4.256,7.294,2,1,0
gen_03335,3,-7.695,3.195,4.332,7.319,2,1,0
gen_03335,4,-7.675,3.195,4.268,7.220,2,1,0
gen_03335,5,-7.674,2.952,4.331,7.311,2,1,0
gen_03335,6,-7.664,3.215,4.341,7.244,2,1,0
gen_03335,7,-7.636,2.724,4.455,7.268,2,1,0
gen_03335,8,-7.590,2.801,4.361,7.298,2,1,0
gen_03335,9,-7.534,2.636,4.495,6.285,2,1,0
gen_03335,10,-7.522,2.437,4.504,4.413,2,1,0
gen_03335,11,-7.513,3.053,4.435,7.404,2,1,0
gen_03335,12,-7.498,3.452,4.441,7.601,2,1,0
gen_03335,13,-7.487,3.445,3.924,7.430,2,1,0
gen_03335,14,-7.431,2.224,4.432,4.584,2,1,0
gen_03336,1,-8.273,2.760,4.463,inf,2,0,0
gen_03336,2,-8.264,2.765,4.436,inf,2,0,0
gen_03337,1,-8.044,2.773,4.494,inf,2,0,0
gen_03337,2,-8.041,2.788,4.513,inf,2,0,0
gen_03337,3,-8.029,2.808,4.524,inf,2,0,0
gen_03337,4,-8.013,2.774,4.495,inf,2,0,0
gen_03337,5,-7.961,2.730,4.703,inf,2,0,0
gen_03337,6,-7.803,2.733,3.945,inf,2,0,0
gen_03337,7,-7.801,2.743,3.936,inf,2,0,0
gen_03338,1,-8.526,2.363,2.750,inf,2,0,0
gen_03339,1,-7.320,2.728,3.807,inf,2,0,0
gen_03339,2,-7.271,2.783,4.781,inf,2,0,0
gen_03339,3,-7.265,2.796,4.753,inf,2,0,0
gen_03340,1,-8.184,2.484,2.815,inf,2,0,0
gen_03340,2,-8.105,2.381,3.048,inf,2,0,0
gen_03340,3,-7.961,2.737,4.334,inf,2,0,0
gen_03341,1,-7.109,3.392,4.444,inf,2,0,0
gen_03341,2,-7.090,4.502,5.756,inf,2,0,0
gen_03342,1,-7.048,9.778,10.203,inf,2,0,0
gen_03342,2,-6.995,9.994,10.088,inf,2,0,0
gen_03343,1,-7.194,2.249,4.337,inf,4,0,0
gen_03344,1,-7.985,2.781,3.826,inf,2,0,0
gen_03344,2,-7.961,2.734,3.733,inf,2,0,0
gen_03344,3,-7.937,2.762,3.684,inf,2,0,0
gen_03344,4,-7.827,2.839,4.248,inf,2,0,0
gen_03345,1,-8.440,3.119,4.468,inf,4,0,0
gen_03345,2,-8.385,3.144,4.418,inf,4,0,0
gen_03345,3,-8.284,2.797,4.333,inf,4,0,0
gen_03345,4,-8.271,2.765,4.526,inf,4,0,0
gen_03345,5,-8.262,3.101,4.565,inf,4,0,0
gen_03346,1,-7.153,2.695,4.384,inf,2,0,0
gen_03346,2,-7.151,2.669,4.268,inf,2,0,0
gen_03346,3,-7.147,2.704,4.407,inf,2,0,0
gen_03346,4,-7.145,2.699,4.377,inf,2,0,0
gen_03346,5,-7.114,2.435,3.660,inf,2,0,0
gen_03346,6,-7.113,2.638,4.320,inf,2,0,0
gen_03346,7,-7.109,2.442,3.632,inf,2,0,0
gen_03346,8,-7.042,2.487,4.204,inf,2,0,0
gen_03347,1,-7.428,2.773,4.205,inf,2,0,0
gen_03347,2,-7.386,2.829,3.703,inf,2,0,0
gen_03348,1,-6.678,2.673,4.478,inf,2,0,0
gen_03348,2,-6.667,2.742,4.484,inf,2,0,0
gen_03348,3,-6.593,2.787,4.450,inf,2,0,0
gen_03349,1,-7.041,2.782,4.533,inf,2,0,0
gen_03349,2,-7.037,2.754,4.525,inf,2,0,0
gen_03349,3,-7.025,2.712,4.471,inf,2,0,0
gen_03349,4,-7.024,2.804,4.539,inf,2,0,0
gen_03349,5,-7.017,2.800,4.531,inf,2,0,0
gen_03349,6,-7.012,2.800,4.518,inf,2,0,0
gen_03349,7,-7.010,2.797,4.540,inf,2,0,0
gen_03349,8,-7.006,2.784,4.502,inf,2,0,0
gen_03349,9,-6.981,2.803,4.535,inf,2,0,0
gen_03349,10,-6.980,2.773,4.507,inf,2,0,0
gen_03349,11,-6.974,2.690,4.460,inf,2,0,0
gen_03349,12,-6.954,2.796,4.508,inf,2,0,0
gen_03350,1,-7.301,3.953,4.406,inf,4,0,0
gen_03350,2,-7.297,3.929,4.412,inf,4,0,0
gen_03351,1,-7.103,2.779,4.518,inf,4,0,0
gen_03351,2,-7.050,2.784,4.486,inf,4,0,0
gen_03352,1,-6.808,2.619,4.641,inf,2,0,0
gen_03352,2,-6.797,2.580,4.617,inf,2,0,0
gen_03353,1,-7.699,2.710,4.040,inf,4,0,0
gen_03353,2,-7.678,2.477,2.698,inf,4,0,0
gen_03353,3,-7.627,2.278,3.398,inf,4,0,0
gen_03353,4,-7.609,2.747,4.007,inf,4,0,0
gen_03353,5,-7.581,2.764,3.823,inf,4,0,0
gen_03353,6,-7.577,2.766,3.882,inf,4,0,0
gen_03353,7,-7.441,2.470,2.738,inf,4,0,0
gen_03354,1,-7.194,4.463,4.486,inf,2,0,0
gen_03355,1,-6.353,2.733,4.495,inf,2,0,0
gen_03355,2,-6.324,2.711,4.483,inf,2,0,0
gen_03355,3,-6.323,2.729,4.469,inf,2,0,0
gen_03355,4,-6.292,2.781,4.518,inf,2,0,0
gen_03355,5,-6.206,2.683,4.347,inf,2,0,0
gen_03356,1,-7.551,2.737,4.500,inf,2,0,0
gen_03356,2,-7.539,2.755,4.477,inf,2,0,0
gen_03356,3,-7.484,2.826,4.497,inf,2,0,0
gen_03356,4,-7.401,2.732,4.410,inf,2,0,0
gen_03357,1,-7.198,3.078,4.017,inf,4,0,0
gen_03357,2,-7.196,3.128,4.057,inf,4,0,0
gen_03358,1,-6.837,2.756,4.299,inf,2,0,0
gen_03358,2,-6.826,2.758,4.351,inf,2,0,0
gen_03358,3,-6.788,2.729,4.087,inf,2,0,0
gen_03359,1,-7.579,2.744,4.222,7.247,2,1,0
gen_03359,2,-7.546,2.748,4.207,7.169,2,1,0
gen_03359,3,-7.540,2.745,4.435,7.275,2,1,0
gen_03359,4,-7.525,2.701,4.344,7.585,2,1,0
gen_03360,1,-7.639,3.121,4.574,inf,2,0,0
gen_03360,2,-7.605,3.035,4.483,inf,2,0,0
gen_03360,3,-7.590,2.962,4.583,inf,2,0,0
gen_03360,4,-7.567,3.054,4.458,inf,2,0,0
gen_03360,5,-7.558,2.941,4.596,inf,2,0,0
gen_03360,6,-7.554,2.939,4.608,inf,2,0,0
gen_03361,1,-8.529,3.063,4.358,inf,4,0,0
gen_03361,2,-8.451,2.730,2.753,inf,4,0,0
gen_03361,3,-8.407,2.733,2.789,inf,4,0,0
gen_03361,4,-8.368,2.775,3.217,inf,4,0,0
gen_03362,1,-7.006,12.767,13.404,inf,2,0,0
gen_03362,2,-6.983,12.838,13.482,inf,2,0,0
gen_03362,3,-6.983,12.774,13.444,inf,2,0,0
gen_03362,4,-6.959,12.658,13.416,inf,2,0,0
gen_03362,5,-6.946,12.699,13.436,inf,2,0,0
gen_03362,6,-6.945,12.543,13.516,inf,2,0,0
gen_03362,7,-6.931,12.518,13.494,inf,2,0,0
gen_03363,1,-7.373,2.698,3.871,inf,4,0,0
gen_03363,2,-7.349,2.696,3.881,inf,4,0,0
gen_03363,3,-7.341,2.688,3.835,inf,4,0,0
gen_03364,1,-7.292,2.410,4.377,5.385,2,1,0
gen_03364,2,-7.264,2.833,4.385,4.536,2,1,0
gen_03364,3,-7.259,8.279,9.017,8.521,2,1,0
gen_03364,4,-7.150,2.782,4.380,5.400,2,1,0
gen_03365,1,-7.454,2.702,4.054,inf,2,0,0
gen_03365,2,-7.414,2.722,4.478,inf,2,0,0
gen_03365,3,-7.310,2.782,4.296,inf,2,0,0
gen_03366,1,-8.327,2.621,3.832,inf,2,0,0
gen_03367,1,-7.921,2.613,4.040,11.046,2,1,0
gen_03367,2,-7.915,2.650,3.913,11.139,2,1,0
gen_03367,3,-7.862,2.746,3.931,10.915,2,1,0
gen_03367,4,-7.795,2.983,4.010,10.639,2,1,0
gen_03368,1,-7.704,10.581,10.731,inf,2,0,0
gen_03368,2,-7.630,10.601,10.730,inf,2,0,0
gen_03368,3,-7.558,2.218,4.432,inf,2,0,0
gen_03368,4,-7.523,2.245,4.468,inf,2,0,0
gen_03368,5,-7.515,2.267,4.447,inf,2,0,0
gen_03369,1,-6.843,2.836,4.340,3.746,2,1,0
gen_03369,2,-6.803,2.925,4.394,3.673,2,1,0
gen_03370,1,-8.421,2.721,4.016,inf,2,0,0
gen_03370,2,-8.377,2.703,3.911,inf,2,0,0
gen_03370,3,-8.360,2.771,3.824,inf,2,0,0
gen_03370,4,-8.313,2.965,3.981,inf,2,0,0
gen_03371,1,-8.316,3.021,4.605,3.357,2,1,1
gen_03371,2,-8.231,2.978,4.490,3.471,2,1,1
gen_03372,1,-6.824,2.738,4.357,inf,2,0,0
gen_03373,1,-7.253,10.889,10.986,inf,2,0,0
gen_03373,2,-7.245,10.902,11.000,inf,2,0,0
gen_03373,3,-7.167,2.672,4.300,inf,2,0,0
gen_03374,1,-7.421,2.668,4.353,3.453,4,1,1
gen_03374,2,-7.391,2.647,4.348,3.451,4,1,1
gen_03374,3,-7.357,2.615,4.252,3.579,4,1,0
gen_03374,4,-7.335,2.671,4.360,3.466,4,1,1
gen_03374,5,-7.324,2.681,4.365,3.466,4,1,1
gen_03374,6,-7.319,2.997,4.699,5.442,4,1,0
gen_03374,7,-7.315,3.098,4.359,3.200,4,1,1
gen_03374,8,-7.290,3.144,4.479,3.200,4,1,1
gen_03374,9,-7.285,2.692,4.382,3.404,4,1,1
gen_03374,10,-7.281,3.124,4.476,3.349,4,1,1
gen_03374,11,-7.280,2.715,4.373,3.474,4,1,1
gen_03374,12,-7.241,2.676,4.344,3.491,4,1,1
gen_03375,1,-6.973,3.165,4.718,inf,4,0,0
gen_03375,2,-6.965,3.073,4.653,inf,4,0,0
gen_03375,3,-6.963,3.177,4.693,inf,4,0,0
gen_03375,4,-6.872,3.211,4.688,inf,4,0,0
gen_03375,5,-6.853,3.330,4.732,inf,4,0,0
gen_03375,6,-6.689,3.190,4.135,inf,4,0,0
gen_03375,7,-6.589,2.649,4.504,inf,4,0,0
gen_03375,8,-6.506,2.569,4.464,inf,4,0,0
gen_03376,1,-7.346,3.001,4.591,inf,2,0,0
gen_03376,2,-7.329,2.976,4.569,inf,2,0,0
gen_03377,1,-6.826,3.295,3.304,inf,2,0,0
gen_03377,2,-6.753,3.077,3.367,inf,2,0,0
gen_03377,3,-6.705,3.338,5.227,inf,2,0,0
gen_03377,4,-6.636,2.670,4.471,inf,2,0,0
gen_03378,1,-8.437,2.952,3.942,inf,4,0,0
gen_03378,2,-8.374,2.964,3.925,inf,4,0,0
gen_03379,1,-7.108,2.693,4.424,inf,2,0,0
gen_03379,2,-6.971,2.605,4.381,inf,2,0,0
gen_03379,3,-6.956,2.313,4.066,inf,2,0,0
gen_03380,1,-7.198,2.719,3.777,inf,2,0,0
gen_03380,2,-7.156,2.685,3.772,inf,2,0,0
gen_03380,3,-7.122,2.240,4.413,inf,2,0,0
gen_03381,1,-8.106,2.759,4.428,4.010,2,1,0
gen_03381,2,-8.088,2.763,4.418,4.026,2,1,0
gen_03381,3,-8.026,13.780,14.672,6.261,2,1,0
gen_03381,4,-8.013,13.769,14.656,6.241,2,1,0
gen_03382,1,-7.152,2.721,3.941,inf,2,0,0
gen_03382,2,-7.108,2.797,3.717,inf,2,0,0
gen_03383,1,-8.351,2.632,4.309,3.349,2,1,1
gen_03383,2,-8.295,2.658,4.280,3.346,2,1,1
gen_03383,3,-8.276,2.516,4.197,3.282,2,1,1
gen_03383,4,-8.174,2.696,4.361,3.317,2,1,1
gen_03383,5,-8.107,2.608,4.264,3.278,2,1,1
gen_03384,1,-7.185,2.931,4.464,inf,2,0,0
gen_03384,2,-7.181,2.847,4.431,inf,2,0,0
gen_03384,3,-7.169,14.507,15.234,inf,2,0,0
gen_03384,4,-7.087,2.942,4.474,inf,2,0,0
gen_03384,5,-7.074,2.890,4.441,inf,2,0,0
gen_03385,1,-7.370,3.031,4.293,inf,2,0,0
gen_03385,2,-7.333,2.948,4.297,inf,2,0,0
gen_03385,3,-7.327,3.621,4.409,inf,2,0,0
gen_03385,4,-7.243,3.204,4.318,inf,2,0,0
gen_03385,5,-7.230,3.183,4.231,inf,2,0,0
gen_03385,6,-7.230,3.195,4.363,inf,2,0,0
gen_03385,7,-7.132,2.810,4.226,inf,2,0,0
gen_03386,1,-8.011,2.601,3.422,inf,2,0,0
gen_03387,1,-7.713,2.617,3.774,inf,4,0,0
gen_03387,2,-7.696,2.581,3.787,inf,4,0,0
gen_03388,1,-7.805,2.701,3.896,inf,2,0,0
gen_03388,2,-7.766,2.726,3.868,inf,2,0,0
gen_03388,3,-7.763,2.790,3.657,inf,2,0,0
gen_03388,4,-7.682,2.662,3.207,inf,2,0,0
gen_03388,5,-7.502,2.749,3.730,inf,2,0,0
gen_03389,1,-7.703,2.824,4.425,5.380,2,1,0
gen_03389,2,-7.668,2.802,4.374,5.462,2,1,0
gen_03389,3,-7.663,5.822,6.093,6.755,2,1,0
gen_03389,4,-7.656,5.807,6.048,6.784,2,1,0
gen_03389,5,-7.655,5.883,6.110,6.853,2,1,0
gen_03389,6,-7.645,5.806,6.033,6.766,2,1,0
gen_03389,7,-7.577,2.677,3.982,3.827,2,1,0
gen_03390,1,-7.186,2.782,4.482,inf,2,0,0
gen_03390,2,-7.131,2.759,4.471,inf,2,0,0
gen_03391,1,-7.988,2.694,4.407,inf,2,0,0
gen_03391,2,-7.925,2.596,4.541,inf,2,0,0
gen_03391,3,-7.901,2.734,4.223,inf,2,0,0
gen_03391,4,-7.853,2.665,4.125,inf,2,0,0
gen_03391,5,-7.852,4.147,4.928,inf,2,0,0
gen_03391,6,-7.810,3.842,4.924,inf,2,0,0
gen_03392,1,-7.545,3.128,4.246,inf,2,0,0
gen_03392,2,-7.469,3.107,4.308,inf,2,0,0
gen_03392,3,-7.399,3.251,4.314,inf,2,0,0
gen_03392,4,-7.118,3.193,4.316,inf,2,0,0
gen_03392,5,-6.761,6.486,6.663,inf,2,0,0
gen_03393,1,-8.273,2.822,4.535,3.747,2,1,0
gen_03393,2,-8.228,2.779,4.586,3.686,2,1,0
gen_03393,3,-8.195,2.859,4.622,3.683,2,1,0
gen_03393,4,-8.174,2.825,4.549,3.704,2,1,0
gen_03394,1,-8.007,2.632,4.354,inf,2,0,0
gen_03394,2,-7.974,2.770,4.291,inf,2,0,0
gen_03395,1,-8.379,2.664,2.706,inf,2,0,0
gen_03395,2,-8.249,2.667,2.888,inf,2,0,0
gen_03395,3,-8.182,2.561,2.722,inf,2,0,0
gen_03396,1,-8.628,2.732,4.507,6.670,2,1,0
gen_03396,2,-8.606,2.725,4.439,6.687,2,1,0
gen_03396,3,-8.585,2.801,4.428,6.816,2,1,0
gen_03396,4,-8.566,2.723,4.371,6.796,2,1,0
gen_03397,1,-7.876,2.611,4.346,inf,4,0,0
gen_03397,2,-7.819,2.629,4.388,inf,4,0,0
gen_03398,1,-7.868,2.726,4.402,inf,2,0,0
gen_03398,2,-7.817,2.768,4.438,inf,2,0,0
gen_03398,3,-7.814,2.794,4.312,inf,2,0,0
gen_03398,4,-7.790,2.828,4.310,inf,2,0,0
gen_03398,5,-7.775,2.834,4.322,inf,2,0,0
gen_03398,6,-7.768,2.615,4.509,inf,2,0,0
gen_03398,7,-7.738,2.768,4.531,inf,2,0,0
gen_03398,8,-7.665,2.609,4.333,inf,2,0,0
gen_03398,9,-7.649,2.578,4.385,inf,2,0,0
gen_03399,1,-6.726,2.601,4.331,inf,2,0,0
gen_03399,2,-6.638,2.616,4.292,inf,2,0,0
gen_03399,3,-6.573,2.599,4.333,inf,2,0,0
gen_03399,4,-6.532,2.816,4.526,inf,2,0,0
gen_03399,5,-6.318,2.815,4.513,inf,2,0,0
gen_03400,1,-7.770,2.515,4.367,inf,2,0,0
gen_03400,2,-7.602,15.301,15.462,inf,2,0,0
gen_03401,1,-7.446,15.081,15.207,inf,2,0,0
gen_03401,2,-7.443,15.078,15.180,inf,2,0,0
gen_03402,1,-6.629,2.269,3.068,inf,4,0,0
gen_03402,2,-6.619,2.662,4.159,inf,4,0,0
gen_03403,1,-7.959,2.416,2.717,inf,2,0,0
gen_03404,1,-7.471,2.723,4.044,inf,2,0,0
gen_03404,2,-7.469,2.700,4.128,inf,2,0,0
gen_03405,1,-7.535,2.761,4.419,5.074,2,1,0
gen_03405,2,-7.499,2.766,4.433,5.056,2,1,0
gen_03405,3,-7.444,2.714,4.519,5.162,2,1,0
gen_03405,4,-7.429,2.809,4.458,5.059,2,1,0
gen_03405,5,-7.377,2.804,4.340,5.044,2,1,0
gen_03405,6,-7.334,2.743,4.515,3.653,2,1,0
gen_03405,7,-7.254,2.794,4.515,3.706,2,1,0
gen_03405,8,-7.245,2.800,4.541,3.642,2,1,0
gen_03405,9,-7.232,2.930,4.605,3.381,2,1,1
gen_03405,10,-7.220,2.818,4.555,3.420,2,1,1
gen_03405,11,-7.210,2.923,4.603,3.448,2,1,1
gen_03406,1,-8.059,2.606,4.424,inf,2,0,0
gen_03406,2,-8.014,2.746,4.351,inf,2,0,0
gen_03407,1,-7.113,2.731,3.997,inf,2,0,0
gen_03407,2,-7.112,2.760,4.190,inf,2,0,0
gen_03408,1,-7.544,2.798,4.293,2.772,2,1,1
gen_03409,1,-8.540,3.147,4.404,inf,2,0,0
gen_03409,2,-8.463,2.732,3.774,inf,2,0,0
gen_03409,3,-8.406,2.752,3.867,inf,2,0,0
gen_03410,1,-7.149,3.350,3.417,inf,2,0,0
gen_03411,1,-7.113,2.815,4.555,inf,2,0,0
gen_03411,2,-7.103,2.610,4.466,inf,2,0,0
gen_03411,3,-7.080,2.561,4.486,inf,2,0,0
gen_03411,4,-7.044,2.657,4.563,inf,2,0,0
gen_03411,5,-6.982,10.436,11.878,inf,2,0,0
gen_03411,6,-6.924,10.853,12.385,inf,2,0,0
gen_03411,7,-6.921,10.641,11.426,inf,2,0,0
gen_03411,8,-6.836,2.760,4.546,inf,2,0,0
gen_03411,9,-6.821,10.962,12.510,inf,2,0,0
gen_03411,10,-6.797,2.665,4.369,inf,2,0,0
gen_03412,1,-7.458,2.765,4.483,inf,2,0,0
gen_03412,2,-7.426,2.764,4.516,inf,2,0,0
gen_03412,3,-7.410,14.538,15.304,inf,2,0,0
gen_03412,4,-7.395,14.565,15.306,inf,2,0,0
gen_03412,5,-7.368,14.505,15.334,inf,2,0,0
gen_03412,6,-7.341,2.802,4.467,inf,2,0,0
gen_03413,1,-7.895,2.950,4.418,inf,2,0,0
gen_03413,2,-7.829,2.934,4.353,inf,2,0,0
gen_03414,1,-7.658,2.778,4.350,inf,2,0,0
gen_03414,2,-7.642,2.805,4.323,inf,2,0,0
gen_03414,3,-7.641,2.825,4.370,inf,2,0,0
gen_03414,4,-7.531,2.678,4.180,inf,2,0,0
gen_03414,5,-7.463,2.759,4.407,inf,2,0,0
gen_03414,6,-7.437,2.732,4.401,inf,2,0,0
gen_03414,7,-7.309,2.739,4.292,inf,2,0,0
gen_03414,8,-7.199,9.719,10.326,inf,2,0,0
gen_03415,1,-7.334,8.717,9.315,5.064,2,2,0
gen_03415,2,-7.293,8.787,9.381,4.346,2,2,0
gen_03415,3,-7.130,3.833,4.600,8.189,2,2,0
gen_03415,4,-7.055,3.949,4.351,8.175,2,2,0
gen_03416,1,-7.657,2.746,4.403,inf,2,0,0
gen_03416,2,-7.646,2.743,4.381,inf,2,0,0
gen_03416,3,-7.406,2.952,4.380,inf,2,0,0
gen_03416,4,-7.368,11.508,13.365,inf,2,0,0
gen_03416,5,-7.358,2.841,4.288,inf,2,0,0
gen_03417,1,-7.478,3.812,4.608,inf,2,0,0
gen_03417,2,-7.465,4.095,4.904,inf,2,0,0
gen_03418,1,-7.542,2.671,3.518,inf,4,0,0
gen_03418,2,-7.523,2.675,3.532,inf,4,0,0
gen_03418,3,-7.453,2.777,4.491,inf,4,0,0
gen_03418,4,-7.374,2.655,3.295,inf,4,0,0
gen_03418,5,-7.351,2.798,4.487,inf,4,0,0
gen_03419,1,-7.530,2.671,4.404,inf,4,0,0
gen_03419,2,-7.524,2.686,4.441,inf,4,0,0
gen_03420,1,-7.934,2.577,4.194,inf,2,0,0
gen_03420,2,-7.856,2.507,4.384,inf,2,0,0
gen_03420,3,-7.815,2.558,4.325,inf,2,0,0
gen_03420,4,-7.753,2.725,4.771,inf,2,0,0
gen_03420,5,-7.751,3.510,4.387,inf,2,0,0
gen_03420,6,-7.751,2.535,4.266,inf,2,0,0
gen_03421,1,-7.495,3.830,5.260,inf,4,0,0
gen_03421,2,-7.453,3.749,5.251,inf,4,0,0
gen_03422,1,-6.449,2.775,4.540,inf,2,0,0
gen_03422,2,-6.441,2.777,4.563,inf,2,0,0
gen_03422,3,-6.399,2.716,4.358,inf,2,0,0
gen_03423,1,-7.059,2.492,2.745,inf,2,0,0
gen_03423,2,-6.935,2.652,2.678,inf,2,0,0
gen_03424,1,-8.729,3.654,5.514,3.195,2,1,0
gen_03424,2,-8.712,3.679,5.521,3.135,2,1,0
gen_03425,1,-6.614,4.280,4.883,inf,2,0,0
gen_03425,2,-6.608,15.391,15.477,inf,2,0,0
gen_03425,3,-6.581,2.213,4.389,inf,2,0,0
gen_03425,4,-6.569,4.296,4.874,inf,2,0,0
gen_03425,5,-6.566,15.394,15.494,inf,2,0,0
gen_03426,1,-6.918,2.833,4.558,3.227,2,1,1
gen_03426,2,-6.902,2.834,4.556,3.228,2,1,1
gen_03427,1,-6.871,2.754,4.443,inf,2,0,0
gen_03428,1,-7.308,2.252,4.425,inf,2,0,0
gen_03428,2,-7.277,2.248,4.406,inf,2,0,0
gen_03428,3,-7.275,2.298,4.473,inf,2,0,0
gen_03428,4,-7.271,2.306,4.459,inf,2,0,0
gen_03428,5,-7.265,2.311,4.474,inf,2,0,0
gen_03428,6,-7.264,2.245,4.456,inf,2,0,0
gen_03428,7,-7.224,2.262,4.472,inf,2,0,0
gen_03429,1,-78.971,7.906,8.589,9.060,4,2,0
gen_03429,2,-75.405,3.444,4.574,8.356,4,2,0
gen_03430,1,-8.106,3.058,4.441,inf,4,0,0
gen_03430,2,-8.062,2.762,4.500,inf,4,0,0
gen_03430,3,-8.044,3.009,4.416,inf,4,0,0
gen_03430,4,-8.036,2.853,4.437,inf,4,0,0
gen_03430,5,-8.030,2.958,4.372,inf,4,0,0
gen_03430,6,-8.023,2.845,4.453,inf,4,0,0
gen_03430,7,-8.003,2.876,4.401,inf,4,0,0
gen_03430,8,-7.996,2.866,4.474,inf,4,0,0
gen_03431,1,-7.843,7.910,8.642,inf,2,0,0
gen_03431,2,-7.789,2.667,2.847,inf,2,0,0
gen_03432,1,-8.006,2.687,3.906,inf,2,0,0
gen_03433,1,-7.034,2.820,4.541,inf,2,0,0
gen_03433,2,-7.002,2.762,4.545,inf,2,0,0
gen_03434,1,-78.664,9.369,9.979,inf,2,0,0
gen_03434,2,-72.752,11.350,11.660,inf,2,0,0
gen_03434,3,-72.198,3.198,5.201,inf,2,0,0
gen_03434,4,-69.900,6.789,8.472,inf,2,0,0
gen_03435,1,-6.950,2.549,4.303,inf,2,0,0
gen_03435,2,-6.918,2.295,4.171,inf,2,0,0
gen_03435,3,-6.890,2.606,2.614,inf,2,0,0
gen_03435,4,-6.884,2.337,4.131,inf,2,0,0
gen_03435,5,-6.828,2.417,4.263,inf,2,0,0
gen_03435,6,-6.672,2.715,3.787,inf,2,0,0
gen_03436,1,-8.267,2.823,4.632,inf,2,0,0
gen_03436,2,-8.260,2.831,4.654,inf,2,0,0
gen_03436,3,-8.255,2.819,4.675,inf,2,0,0
gen_03436,4,-8.253,2.825,4.647,inf,2,0,0
gen_03436,5,-8.225,2.833,4.693,inf,2,0,0
gen_03436,6,-8.220,2.812,4.642,inf,2,0,0
gen_03436,7,-8.187,2.803,4.607,inf,2,0,0
gen_03437,1,-7.126,2.860,4.346,inf,2,0,0
gen_03437,2,-7.028,2.957,4.251,inf,2,0,0
gen_03437,3,-6.954,3.153,4.319,inf,2,0,0
gen_03438,1,-6.974,2.554,4.466,inf,2,0,0
gen_03438,2,-6.933,2.728,4.502,inf,2,0,0
gen_03438,3,-6.870,2.770,4.457,inf,2,0,0
gen_03438,4,-6.849,2.795,3.717,inf,2,0,0
gen_03439,1,-8.547,2.772,4.378,5.605,2,1,0
gen_03439,2,-8.480,2.679,4.503,5.573,2,1,0
gen_03439,3,-8.057,2.674,4.458,7.202,2,1,0
gen_03439,4,-7.862,14.419,15.022,3.014,2,1,0
gen_03440,1,-7.790,13.105,13.193,inf,2,0,0
gen_03440,2,-7.771,13.152,13.199,inf,2,0,0
gen_03440,3,-7.758,13.280,13.389,inf,2,0,0
gen_03440,4,-7.727,13.232,13.416,inf,2,0,0
gen_03440,5,-7.681,2.609,4.279,inf,2,0,0
gen_03440,6,-7.645,2.401,2.742,inf,2,0,0
gen_03440,7,-7.634,2.347,2.806,inf,2,0,0
gen_03441,1,-6.776,2.667,3.773,inf,2,0,0
gen_03442,1,-7.241,2.719,4.086,inf,2,0,0
gen_03442,2,-7.222,3.925,4.847,inf,2,0,0
gen_03442,3,-7.200,2.725,4.123,inf,2,0,0
gen_03442,4,-7.195,3.896,4.663,inf,2,0,0
gen_03442,5,-7.194,2.701,4.092,inf,2,0,0
gen_03442,6,-7.138,2.754,4.430,inf,2,0,0
gen_03443,1,-7.477,2.735,4.401,inf,2,0,0
gen_03443,2,-7.437,2.749,4.379,inf,2,0,0
gen_03443,3,-7.373,3.030,4.548,inf,2,0,0
gen_03444,1,-7.239,2.488,3.554,inf,2,0,0
gen_03444,2,-7.234,2.607,3.576,inf,2,0,0
gen_03444,3,-7.206,2.685,3.661,inf,2,0,0
gen_03444,4,-7.191,2.632,3.649,inf,2,0,0
gen_03444,5,-7.168,2.400,3.687,inf,2,0,0
gen_03444,6,-7.166,2.626,3.630,inf,2,0,0
gen_03444,7,-7.132,2.264,3.599,inf,2,0,0
gen_03444,8,-7.100,2.861,3.708,inf,2,0,0
gen_03444,9,-7.098,2.734,3.655,inf,2,0,0
gen_03445,1,-6.474,2.645,3.895,4.478,2,1,0
gen_03446,1,-6.835,2.246,4.323,inf,2,0,0
gen_03447,1,-7.676,2.733,3.945,inf,4,0,0
gen_03448,1,-6.972,2.466,4.173,inf,4,0,0
gen_03449,1,-7.053,2.828,4.131,inf,2,0,0
gen_03449,2,-7.032,2.739,4.144,inf,2,0,0
gen_03450,1,-7.140,2.690,4.424,9.388,4,1,0
gen_03450,2,-7.115,2.686,4.442,9.264,4,1,0
gen_03451,1,-7.420,2.859,4.500,inf,2,0,0
gen_03452,1,-7.883,2.716,4.109,inf,2,0,0
gen_03452,2,-7.851,2.304,3.898,inf,2,0,0
gen_03453,1,-6.549,2.819,4.304,3.194,2,1,1
gen_03454,1,-7.496,2.697,4.225,inf,2,0,0
gen_03454,2,-7.478,2.749,4.316,inf,2,0,0
gen_03454,3,-7.472,2.686,4.331,inf,2,0,0
gen_03454,4,-7.455,2.760,4.363,inf,2,0,0
gen_03454,5,-7.445,2.706,4.291,inf,2,0,0
gen_03454,6,-7.371,2.357,3.758,inf,2,0,0
gen_03454,7,-7.338,2.374,3.728,inf,2,0,0
gen_03454,8,-7.328,2.409,3.619,inf,2,0,0
gen_03455,1,-7.233,2.603,4.494,inf,2,0,0
gen_03455,2,-7.209,2.593,4.455,inf,2,0,0
gen_03456,1,-6.633,2.356,2.802,2.832,2,1,1
gen_03456,2,-6.591,2.471,2.789,2.928,2,1,1
gen_03456,3,-6.560,2.471,2.922,3.270,2,1,1
gen_03456,4,-6.539,2.745,3.924,5.884,2,1,0
gen_03456,5,-6.519,2.389,3.245,3.292,2,1,1
gen_03456,6,-6.511,2.573,2.936,3.334,2,1,1
gen_03456,7,-6.510,12.306,12.724,6.102,2,1,0
gen_03456,8,-6.479,2.399,3.160,3.259,2,1,1
gen_03456,9,-6.399,2.733,4.304,3.061,2,1,1
gen_03456,10,-6.373,2.777,3.922,4.226,2,1,0
gen_03457,1,-6.559,2.803,4.389,inf,2,0,0
gen_03457,2,-6.550,2.800,4.373,inf,2,0,0
gen_03458,1,-6.789,2.203,3.758,inf,2,0,0
gen_03458,2,-6.761,2.251,3.683,inf,2,0,0
gen_03459,1,-6.765,2.497,4.400,inf,2,0,0
gen_03459,2,-6.704,2.515,4.248,inf,2,0,0
gen_03459,3,-6.702,2.664,4.243,inf,2,0,0
gen_03459,4,-6.679,2.605,4.214,inf,2,0,0
gen_03459,5,-6.607,2.666,4.398,inf,2,0,0
gen_03459,6,-6.584,2.669,4.410,inf,2,0,0
gen_03459,7,-6.544,2.675,4.369,inf,2,0,0
gen_03460,1,-7.669,2.471,2.694,3.069,2,1,1
gen_03460,2,-7.631,2.438,2.771,3.187,2,1,1
gen_03460,3,-7.574,2.473,2.679,3.029,2,1,1
gen_03460,4,-7.563,2.515,2.721,3.080,2,1,1
gen_03460,5,-7.327,2.743,4.400,4.293,2,1,0
gen_03461,1,-7.456,3.759,4.429,inf,4,0,0
gen_03461,2,-7.447,3.981,4.434,inf,4,0,0
gen_03461,3,-7.326,3.098,4.586,inf,4,0,0
gen_03462,1,-8.149,15.882,16.638,inf,2,0,0
gen_03462,2,-8.109,15.869,16.591,inf,2,0,0
gen_03462,3,-8.084,15.827,16.624,inf,2,0,0
gen_03462,4,-8.076,15.850,16.573,inf,2,0,0
gen_03462,5,-8.071,5.435,6.375,inf,2,0,0
gen_03462,6,-8.065,5.334,6.284,inf,2,0,0
gen_03462,7,-8.057,5.382,6.323,inf,2,0,0
gen_03463,1,-7.023,2.660,2.717,inf,2,0,0
gen_03463,2,-6.944,2.696,2.703,inf,2,0,0
gen_03464,1,-7.814,2.652,3.783,inf,2,0,0
gen_03464,2,-7.781,2.663,3.743,inf,2,0,0
gen_03464,3,-7.775,2.724,3.812,inf,2,0,0
gen_03464,4,-7.737,2.652,2.772,inf,2,0,0
gen_03464,5,-7.722,2.770,3.578,inf,2,0,0
gen_03464,6,-7.717,2.677,2.734,inf,2,0,0
gen_03465,1,-7.186,4.912,5.512,inf,2,0,0
gen_03465,2,-7.146,4.787,5.634,inf,2,0,0
gen_03466,1,-76.662,7.888,8.567,inf,4,0,0
gen_03466,2,-76.293,4.591,4.593,inf,4,0,0
gen_03466,3,-73.171,4.062,4.815,inf,4,0,0
gen_03466,4,-67.813,5.190,6.684,inf,4,0,0
gen_03467,1,-6.697,3.198,3.504,inf,4,0,0
gen_03467,2,-6.679,2.697,3.866,inf,4,0,0
gen_03467,3,-6.664,3.305,3.615,inf,4,0,0
gen_03467,4,-6.656,2.738,4.069,inf,4,0,0
gen_03467,5,-6.642,3.994,4.769,inf,4,0,0
gen_03467,6,-6.604,2.812,3.822,inf,4,0,0
gen_03467,7,-6.567,3.909,4.799,inf,4,0,0
gen_03467,8,-6.525,3.081,3.825,inf,4,0,0
gen_03468,1,-7.294,2.495,3.333,4.202,4,1,0
gen_03468,2,-7.214,2.745,4.433,4.244,4,1,0
gen_03468,3,-7.195,2.775,4.474,4.185,4,1,0
gen_03468,4,-7.177,2.733,4.420,4.094,4,1,0
gen_03468,5,-7.080,2.722,4.470,4.479,4,1,0
gen_03469,1,-8.233,2.729,3.839,inf,2,0,0
gen_03469,2,-8.228,2.712,3.932,inf,2,0,0
gen_03469,3,-8.154,2.758,3.879,inf,2,0,0
gen_03470,1,-7.790,3.189,4.261,inf,2,0,0
gen_03471,1,-8.545,16.373,16.835,5.746,2,1,0
gen_03471,2,-8.539,16.382,16.768,5.764,2,1,0
gen_03471,3,-8.508,16.722,16.823,4.836,2,1,0
gen_03471,4,-8.499,16.739,16.802,4.826,2,1,0
gen_03471,5,-8.428,16.415,17.111,4.815,2,1,0
gen_03471,6,-8.421,16.813,16.846,4.788,2,1,0
gen_03471,7,-8.419,16.452,16.677,5.508,2,1,0
gen_03472,1,-6.901,2.390,4.539,5.836,2,1,0
gen_03472,2,-6.861,3.253,3.481,5.673,2,1,0
gen_03473,1,-7.440,2.643,4.356,inf,2,0,0
gen_03473,2,-7.317,2.486,4.234,inf,2,0,0
gen_03474,1,-8.480,2.573,4.483,inf,2,0,0
gen_03474,2,-8.413,2.657,4.383,inf,2,0,0
gen_03475,1,-7.052,2.860,4.437,inf,2,0,0
gen_03476,1,-7.347,2.448,4.458,inf,4,0,0
gen_03476,2,-7.317,2.489,4.498,inf,4,0,0
gen_03477,1,-7.831,2.783,4.547,5.396,2,1,0
gen_03477,2,-7.820,3.020,4.618,5.340,2,1,0
gen_03477,3,-7.645,2.808,4.538,5.380,2,1,0
gen_03477,4,-7.339,2.825,4.529,5.720,2,1,0
gen_03478,1,-7.548,2.639,4.427,inf,2,0,0
gen_03478,2,-7.511,2.709,4.429,inf,2,0,0
gen_03478,3,-7.421,2.707,4.496,inf,2,0,0
gen_03478,4,-7.341,3.221,4.380,inf,2,0,0
gen_03478,5,-7.338,3.230,4.363,inf,2,0,0
gen_03479,1,-7.690,2.636,4.368,inf,2,0,0
gen_03479,2,-7.671,2.711,4.435,inf,2,0,0
gen_03480,1,-7.817,2.681,4.452,inf,4,0,0
gen_03480,2,-7.740,2.681,4.481,inf,4,0,0
gen_03480,3,-7.702,2.784,4.341,inf,4,0,0
gen_03480,4,-7.677,2.773,4.384,inf,4,0,0
gen_03480,5,-7.662,2.659,4.504,inf,4,0,0
gen_03480,6,-7.654,2.805,4.289,inf,4,0,0
gen_03480,7,-7.404,2.681,4.415,inf,4,0,0
gen_03481,1,-7.693,3.208,4.410,inf,2,0,0
gen_03481,2,-7.633,3.215,4.399,inf,2,0,0
gen_03482,1,-7.333,2.772,4.271,inf,2,0,0
gen_03482,2,-7.313,2.745,4.492,inf,2,0,0
gen_03482,3,-7.296,2.750,4.525,inf,2,0,0
gen_03483,1,-6.549,2.789,4.334,inf,2,0,0
gen_03483,2,-6.486,2.777,4.408,inf,2,0,0
gen_03484,1,-7.173,4.407,4.529,inf,2,0,0
gen_03484,2,-7.158,4.331,4.554,inf,2,0,0
gen_03485,1,-6.594,2.525,4.384,inf,2,0,0
gen_03485,2,-6.555,2.543,4.311,inf,2,0,0
gen_03485,3,-6.543,2.532,4.323,inf,2,0,0
gen_03486,1,-8.198,2.793,4.538,4.560,4,1,0
gen_03487,1,-7.106,5.450,5.894,9.737,2,1,0
gen_03488,1,-7.465,2.504,2.797,7.761,2,1,0
gen_03488,2,-7.451,2.634,2.751,7.827,2,1,0
gen_03488,3,-7.450,2.637,2.750,7.840,2,1,0
gen_03488,4,-7.432,2.486,2.725,7.722,2,1,0
gen_03488,5,-7.426,2.566,2.701,7.830,2,1,0
gen_03488,6,-7.424,2.563,2.823,7.800,2,1,0
gen_03488,7,-7.421,2.595,2.721,7.779,2,1,0
gen_03489,1,-7.500,3.991,5.124,inf,2,0,0
gen_03489,2,-7.465,3.902,5.038,inf,2,0,0
gen_03489,3,-7.356,4.107,4.704,inf,2,0,0
gen_03489,4,-7.348,3.824,4.986,inf,2,0,0
gen_03489,5,-7.330,3.962,4.905,inf,2,0,0
gen_03489,6,-7.285,3.923,4.544,inf,2,0,0
gen_03489,7,-7.278,3.941,5.084,inf,2,0,0
gen_03489,8,-7.143,3.538,4.478,inf,2,0,0
gen_03490,1,-6.694,2.691,4.445,inf,2,0,0
gen_03490,2,-6.683,2.730,4.441,inf,2,0,0
gen_03490,3,-6.679,2.695,4.468,inf,2,0,0
gen_03490,4,-6.634,2.811,4.518,inf,2,0,0
gen_03491,1,-7.143,2.736,4.427,5.408,2,1,0
gen_03491,2,-7.137,3.095,4.456,3.606,2,1,0
gen_03491,3,-7.100,2.766,4.504,5.400,2,1,0
gen_03491,4,-7.086,2.754,4.450,5.337,2,1,0
gen_03491,5,-7.070,2.979,4.412,3.613,2,1,0
gen_03491,6,-7.055,2.863,4.357,3.560,2,1,0
gen_03491,7,-7.050,2.801,4.423,4.973,2,1,0
gen_03491,8,-7.008,2.832,4.413,4.915,2,1,0
gen_03491,9,-7.007,2.780,4.412,4.959,2,1,0
gen_03491,10,-7.000,2.768,4.408,5.063,2,1,0
gen_03491,11,-6.959,3.232,4.670,2.906,2,1,0
gen_03492,1,-8.033,2.782,4.446,inf,2,0,0
gen_03492,2,-8.004,2.671,4.450,inf,2,0,0
gen_03493,1,-6.580,2.712,4.433,inf,2,0,0
gen_03493,2,-6.480,2.765,4.421,inf,2,0,0
gen_03494,1,-7.642,2.825,4.458,inf,2,0,0
gen_03494,2,-7.603,2.649,4.336,inf,2,0,0
gen_03494,3,-7.581,2.774,4.429,inf,2,0,0
gen_03494,4,-7.572,2.826,4.456,inf,2,0,0
gen_03494,5,-7.567,2.770,4.397,inf,2,0,0
gen_03495,1,-6.803,16.365,17.094,inf,2,0,0
gen_03495,2,-6.800,16.249,16.981,inf,2,0,0
gen_03495,3,-6.746,16.285,17.004,inf,2,0,0
gen_03495,4,-6.726,16.544,16.878,inf,2,0,0
gen_03495,5,-6.547,2.421,2.801,inf,2,0,0
gen_03495,6,-6.503,13.152,15.003,inf,2,0,0
gen_03495,7,-6.496,16.279,16.979,inf,2,0,0
gen_03495,8,-6.487,2.364,2.852,inf,2,0,0
gen_03496,1,-8.113,7.910,9.449,3.109,2,1,0
gen_03496,2,-8.101,7.991,9.449,3.113,2,1,0
gen_03496,3,-8.095,8.276,9.447,3.121,2,1,0
gen_03496,4,-8.085,8.209,9.441,3.118,2,1,0
gen_03497,1,-7.095,2.640,3.896,inf,4,0,0
gen_03497,2,-7.016,2.518,3.931,inf,4,0,0
gen_03498,1,-6.739,2.536,3.859,inf,2,0,0
gen_03498,2,-6.722,2.483,3.857,inf,2,0,0
gen_03498,3,-6.721,2.579,3.672,inf,2,0,0
gen_03498,4,-6.720,2.584,3.806,inf,2,0,0
gen_03498,5,-6.642,2.552,3.242,inf,2,0,0
gen_03499,1,-7.496,2.523,4.013,inf,2,0,0
gen_03499,2,-7.486,2.576,4.145,inf,2,0,0
gen_03499,3,-7.475,2.577,4.177,inf,2,0,0
gen_03499,4,-7.455,2.487,4.025,inf,2,0,0
gen_03499,5,-7.381,2.437,2.968,inf,2,0,0
gen_03499,6,-7.282,3.773,4.799,inf,2,0,0
gen_03499,7,-7.209,2.828,4.340,inf,2,0,0
gen_03499,8,-7.176,2.783,4.288,inf,2,0,0
gen_03499,9,-7.154,2.608,4.257,inf,2,0,0
gen_03499,10,-7.003,2.808,4.224,inf,2,0,0
gen_03500,1,-7.449,3.970,5.131,inf,2,0,0
gen_03500,2,-7.333,4.223,4.693,inf,2,0,0
gen_03500,3,-7.212,4.103,5.519,inf,2,0,0
gen_03501,1,-7.824,2.765,4.430,inf,2,0,0
gen_03501,2,-7.797,2.799,4.530,inf,2,0,0
gen_03501,3,-7.767,2.723,4.433,inf,2,0,0
gen_03501,4,-7.712,2.753,4.458,inf,2,0,0
gen_03502,1,-7.090,2.699,4.431,inf,4,0,0
gen_03502,2,-7.025,2.741,4.482,inf,4,0,0
gen_03502,3,-6.993,2.668,4.411,inf,4,0,0
gen_03502,4,-6.993,2.734,4.413,inf,4,0,0
gen_03503,1,-8.941,2.723,4.260,2.878,2,1,1
gen_03503,2,-8.880,2.621,4.377,2.928,2,1,1
gen_03503,3,-8.822,2.617,4.353,2.914,2,1,1
gen_03503,4,-8.786,2.721,4.294,3.063,2,1,1
gen_03503,5,-8.623,2.784,4.338,3.231,2,1,1
gen_03503,6,-8.596,2.796,4.347,3.261,2,1,1
gen_03503,7,-8.596,2.791,4.412,3.237,2,1,1
gen_03503,8,-8.581,2.739,4.355,3.175,2,1,1
gen_03504,1,-7.530,2.789,4.471,inf,2,0,0
gen_03504,2,-7.530,2.703,4.438,inf,2,0,0
gen_03504,3,-7.526,2.646,4.484,inf,2,0,0
gen_03504,4,-7.501,2.692,4.487,inf,2,0,0
gen_03504,5,-7.501,2.804,4.493,inf,2,0,0
gen_03504,6,-7.479,2.798,4.523,inf,2,0,0
gen_03504,7,-7.443,2.815,4.512,inf,2,0,0
gen_03504,8,-7.327,2.811,4.550,inf,2,0,0
gen_03505,1,-7.815,2.420,4.384,inf,2,0,0
gen_03505,2,-7.797,2.416,4.405,inf,2,0,0
gen_03505,3,-7.777,2.440,4.371,inf,2,0,0
gen_03505,4,-7.728,14.504,15.239,inf,2,0,0
gen_03505,5,-7.726,2.432,4.312,inf,2,0,0
gen_03505,6,-7.724,2.480,4.287,inf,2,0,0
gen_03505,7,-7.719,15.026,16.249,inf,2,0,0
gen_03505,8,-7.708,14.935,16.398,inf,2,0,0
gen_03505,9,-7.681,14.624,15.275,inf,2,0,0
gen_03505,10,-7.673,14.753,15.547,inf,2,0,0
gen_03505,11,-7.662,2.462,4.243,inf,2,0,0
gen_03506,1,-7.598,3.191,3.742,inf,2,0,0
gen_03506,2,-7.595,3.104,4.177,inf,2,0,0
gen_03506,3,-7.546,3.152,3.693,inf,2,0,0
gen_03506,4,-7.523,3.215,3.991,inf,2,0,0
gen_03506,5,-7.449,2.851,4.264,inf,2,0,0
gen_03506,6,-7.373,2.768,4.241,inf,2,0,0
gen_03506,7,-7.346,2.731,4.232,inf,2,0,0
gen_03506,8,-7.256,8.580,8.928,inf,2,0,0
gen_03507,1,-7.218,3.694,3.881,inf,2,0,0
gen_03507,2,-7.196,3.692,3.887,inf,2,0,0
gen_03507,3,-7.196,3.662,3.811,inf,2,0,0
gen_03507,4,-7.146,3.883,4.464,inf,2,0,0
gen_03507,5,-7.120,3.956,4.565,inf,2,0,0
gen_03508,1,-7.307,2.569,3.887,5.533,2,1,0
gen_03508,2,-7.268,2.542,3.678,5.473,2,1,0
gen_03509,1,-7.380,2.454,3.766,inf,2,0,0
gen_03509,2,-7.234,8.422,9.414,inf,2,0,0
gen_03510,1,-7.151,2.741,4.471,inf,2,0,0
gen_03510,2,-7.051,2.786,4.485,inf,2,0,0
gen_03511,1,-8.135,2.859,4.486,inf,2,0,0
gen_03511,2,-8.105,2.862,4.441,inf,2,0,0
gen_03512,1,-7.736,2.435,4.293,inf,4,0,0
gen_03512,2,-7.514,2.467,2.730,inf,4,0,0
gen_03512,3,-7.507,2.453,4.417,inf,4,0,0
gen_03512,4,-7.489,2.688,4.388,inf,4,0,0
gen_03512,5,-7.483,2.728,4.487,inf,4,0,0
gen_03512,6,-7.477,2.691,4.375,inf,4,0,0
gen_03512,7,-7.473,2.400,2.763,inf,4,0,0
gen_03512,8,-7.451,2.726,4.416,inf,4,0,0
gen_03512,9,-7.447,2.381,2.768,inf,4,0,0
gen_03512,10,-7.392,2.709,4.350,inf,4,0,0
gen_03512,11,-7.371,2.789,4.504,inf,4,0,0
gen_03512,12,-7.348,2.702,4.128,inf,4,0,0
gen_03513,1,-7.686,3.444,4.682,2.994,2,1,0
gen_03513,2,-7.659,14.138,14.897,6.480,2,1,0
gen_03513,3,-7.623,13.068,13.083,4.716,2,1,0
gen_03513,4,-7.619,3.430,4.703,2.994,2,1,0
gen_03513,5,-7.616,3.183,4.706,2.997,2,1,1
gen_03513,6,-7.575,14.160,14.993,6.515,2,1,0
gen_03513,7,-7.539,14.338,14.796,6.527,2,1,0
gen_03513,8,-7.523,14.452,14.484,6.490,2,1,0
gen_03513,9,-7.509,2.862,4.578,2.913,2,1,1
gen_03514,1,-7.413,2.606,4.260,inf,2,0,0
gen_03514,2,-7.347,2.667,3.893,inf,2,0,0
gen_03514,3,-7.310,2.715,3.662,inf,2,0,0
gen_03514,4,-7.029,2.505,4.191,inf,2,0,0
gen_03515,1,-7.290,3.693,4.538,inf,2,0,0
gen_03515,2,-7.281,3.735,4.553,inf,2,0,0
gen_03515,3,-7.274,3.799,4.557,inf,2,0,0
gen_03515,4,-7.233,4.001,4.484,inf,2,0,0
gen_03516,1,-7.159,2.310,4.329,3.526,4,1,0
gen_03516,2,-7.157,2.202,4.226,3.665,4,1,0
gen_03516,3,-7.142,2.203,4.230,3.746,4,1,0
gen_03516,4,-7.141,2.379,4.352,3.516,4,1,0
gen_03516,5,-7.109,2.250,4.301,3.609,4,1,0
gen_03517,1,-7.443,2.990,4.583,3.296,2,1,1
gen_03517,2,-7.418,2.937,4.470,3.455,2,1,1
gen_03517,3,-7.409,2.987,4.562,3.288,2,1,1
gen_03517,4,-7.406,2.886,4.512,3.348,2,1,1
gen_03517,5,-7.393,2.857,4.473,3.437,2,1,1
gen_03518,1,-7.445,2.738,3.033,inf,4,0,0
gen_03518,2,-7.439,2.772,3.026,inf,4,0,0
gen_03518,3,-7.392,2.764,2.770,inf,4,0,0
gen_03518,4,-7.344,2.649,2.701,inf,4,0,0
gen_03518,5,-7.319,2.738,3.180,inf,4,0,0
gen_03519,1,-6.848,3.446,4.676,inf,2,0,0
gen_03519,2,-6.804,3.543,4.537,inf,2,0,0
gen_03519,3,-6.658,2.994,4.519,inf,2,0,0
gen_03519,4,-6.652,2.805,4.391,inf,2,0,0
gen_03519,5,-6.611,2.844,4.437,inf,2,0,0
gen_03519,6,-6.589,2.789,4.378,inf,2,0,0
gen_03519,7,-6.443,2.709,3.641,inf,2,0,0
gen_03520,1,-8.157,2.658,3.827,inf,2,0,0
gen_03520,2,-8.149,2.691,3.724,inf,2,0,0
gen_03520,3,-8.138,2.698,4.113,inf,2,0,0
gen_03520,4,-8.131,2.677,3.803,inf,2,0,0
gen_03520,5,-7.176,14.635,15.315,inf,2,0,0
gen_03521,1,-8.524,2.614,4.611,inf,2,0,0
gen_03521,2,-8.472,3.817,4.144,inf,2,0,0
gen_03521,3,-8.456,3.743,4.222,inf,2,0,0
gen_03521,4,-8.369,3.818,4.264,inf,2,0,0
gen_03521,5,-8.286,2.556,4.472,inf,2,0,0
gen_03521,6,-8.256,3.283,4.586,inf,2,0,0
gen_03521,7,-8.229,4.428,5.139,inf,2,0,0
gen_03521,8,-8.225,2.719,4.521,inf,2,0,0
gen_03521,9,-8.206,2.399,4.493,inf,2,0,0
gen_03521,10,-8.200,4.205,5.110,inf,2,0,0
gen_03521,11,-8.199,2.622,4.586,inf,2,0,0
gen_03521,12,-8.163,4.602,5.744,inf,2,0,0
gen_03521,13,-8.148,3.813,4.385,inf,2,0,0
gen_03521,14,-8.080,3.870,4.300,inf,2,0,0
gen_03521,15,-8.056,2.750,4.380,inf,2,0,0
gen_03522,1,-7.133,2.704,3.874,inf,2,0,0
gen_03522,2,-7.128,2.683,3.877,inf,2,0,0
gen_03522,3,-7.114,2.712,3.830,inf,2,0,0
gen_03522,4,-7.109,2.737,3.882,inf,2,0,0
gen_03522,5,-7.076,2.659,3.889,inf,2,0,0
gen_03522,6,-7.042,2.680,3.947,inf,2,0,0
gen_03522,7,-7.015,2.784,3.872,inf,2,0,0
gen_03522,8,-6.953,2.676,3.977,inf,2,0,0
gen_03523,1,-7.338,2.707,4.352,inf,2,0,0
gen_03523,2,-7.334,2.804,4.505,inf,2,0,0
gen_03523,3,-7.322,2.710,4.336,inf,2,0,0
gen_03523,4,-7.283,2.339,2.701,inf,2,0,0
gen_03523,5,-7.246,2.770,4.467,inf,2,0,0
gen_03524,1,-7.365,2.732,4.500,inf,2,0,0
gen_03524,2,-7.331,2.722,4.479,inf,2,0,0
gen_03525,1,-7.786,3.595,4.873,inf,2,0,0
gen_03525,2,-7.779,3.654,4.915,inf,2,0,0
gen_03525,3,-7.767,3.684,4.812,inf,2,0,0
gen_03525,4,-7.762,3.726,4.861,inf,2,0,0
gen_03526,1,-7.909,3.253,4.389,inf,2,0,0
gen_03526,2,-7.846,3.278,4.362,inf,2,0,0
gen_03526,3,-7.739,3.537,4.318,inf,2,0,0
gen_03526,4,-7.736,2.814,4.096,inf,2,0,0
gen_03526,5,-7.694,2.846,4.176,inf,2,0,0
gen_03527,1,-7.379,2.862,4.628,inf,4,0,0
gen_03527,2,-7.358,2.877,4.553,inf,4,0,0
gen_03528,1,-7.534,2.695,3.935,inf,2,0,0
gen_03528,2,-7.526,2.691,3.905,inf,2,0,0
gen_03528,3,-7.522,2.724,3.914,inf,2,0,0
gen_03528,4,-7.448,2.748,4.193,inf,2,0,0
gen_03529,1,-7.799,2.708,4.273,6.057,2,1,0
gen_03530,1,-8.157,2.684,3.524,inf,2,0,0
gen_03530,2,-8.019,2.834,4.369,inf,2,0,0
gen_03531,1,-6.216,2.737,4.473,inf,2,0,0
gen_03532,1,-8.221,2.758,4.376,inf,2,0,0
gen_03533,1,-7.108,2.737,4.324,inf,2,0,0
gen_03533,2,-7.103,2.733,4.306,inf,2,0,0
gen_03533,3,-7.059,2.813,4.328,inf,2,0,0
gen_03533,4,-6.997,2.836,4.324,inf,2,0,0
gen_03534,1,-8.135,2.799,4.376,inf,4,0,0
gen_03534,2,-8.103,2.764,4.389,inf,4,0,0
gen_03534,3,-8.049,2.654,4.515,inf,4,0,0
gen_03535,1,-7.219,2.840,4.442,inf,2,0,0
gen_03535,2,-7.125,2.819,4.520,inf,2,0,0
gen_03535,3,-7.005,2.855,4.391,inf,2,0,0
gen_03535,4,-6.993,2.938,4.619,inf,2,0,0
gen_03536,1,-8.447,3.475,4.347,5.984,2,1,0
gen_03536,2,-8.363,3.505,4.262,6.047,2,1,0
gen_03536,3,-8.314,3.926,4.531,6.214,2,1,0
gen_03537,1,-7.657,2.809,3.691,inf,2,0,0
gen_03537,2,-7.582,2.790,3.690,inf,2,0,0
gen_03538,1,-6.414,3.076,4.460,inf,2,0,0
gen_03538,2,-6.380,2.864,4.470,inf,2,0,0
gen_03538,3,-6.362,2.730,3.870,inf,2,0,0
gen_03539,1,-7.990,12.718,14.722,inf,2,0,0
gen_03539,2,-7.983,12.594,14.507,inf,2,0,0
gen_03539,3,-7.935,12.760,14.077,inf,2,0,0
gen_03539,4,-7.763,13.581,14.597,inf,2,0,0
gen_03540,1,-6.412,2.529,3.862,inf,2,0,0
gen_03540,2,-6.249,2.704,3.580,inf,2,0,0
gen_03541,1,-8.080,2.477,2.803,inf,2,0,0
gen_03541,2,-8.060,2.499,2.822,inf,2,0,0
gen_03541,3,-8.043,2.504,2.785,inf,2,0,0
gen_03541,4,-8.019,2.403,2.842,inf,2,0,0
gen_03541,5,-8.013,2.592,2.805,inf,2,0,0
gen_03541,6,-7.883,2.631,4.545,inf,2,0,0
gen_03542,1,-7.448,2.615,2.788,inf,2,0,0
gen_03542,2,-7.431,2.807,4.362,inf,2,0,0
gen_03542,3,-7.417,2.815,4.368,inf,2,0,0
gen_03542,4,-7.411,2.801,4.318,inf,2,0,0
gen_03542,5,-7.411,2.790,4.369,inf,2,0,0
gen_03542,6,-7.398,2.791,4.310,inf,2,0,0
gen_03542,7,-7.382,2.558,2.733,inf,2,0,0
gen_03542,8,-7.367,2.805,4.301,inf,2,0,0
gen_03542,9,-7.365,2.788,4.306,inf,2,0,0
gen_03542,10,-7.353,2.814,4.309,inf,2,0,0
gen_03543,1,-7.751,2.689,3.878,4.120,2,1,0
gen_03543,2,-7.675,2.754,4.160,4.256,2,1,0
gen_03543,3,-7.576,15.591,16.542,4.868,2,1,0
gen_03543,4,-7.561,15.491,16.519,4.822,2,1,0
gen_03544,1,-7.382,3.092,4.346,inf,2,0,0
gen_03544,2,-7.180,2.775,3.965,inf,2,0,0
gen_03545,1,-7.804,2.612,3.750,inf,2,0,0
gen_03546,1,-7.510,2.582,3.108,3.151,2,1,1
gen_03547,1,-6.650,2.667,4.242,inf,2,0,0
gen_03548,1,-7.947,2.519,3.711,inf,2,0,0
gen_03548,2,-7.921,4.869,5.587,inf,2,0,0
gen_03548,3,-7.901,2.564,3.955,inf,2,0,0
gen_03548,4,-7.898,2.623,3.655,inf,2,0,0
gen_03548,5,-7.894,4.665,5.489,inf,2,0,0
gen_03548,6,-7.498,13.217,13.400,inf,2,0,0
gen_03548,7,-7.486,13.180,13.423,inf,2,0,0
gen_03549,1,-8.075,2.688,4.314,inf,2,0,0
gen_03549,2,-7.988,2.698,4.280,inf,2,0,0
gen_03550,1,-8.036,2.441,2.746,inf,2,0,0
gen_03550,2,-7.969,2.443,2.843,inf,2,0,0
gen_03551,1,-7.737,3.360,5.431,inf,2,0,0
gen_03551,2,-7.731,3.352,5.448,inf,2,0,0
gen_03551,3,-7.731,3.382,5.461,inf,2,0,0
gen_03551,4,-7.727,3.392,5.479,inf,2,0,0
gen_03551,5,-7.714,3.372,5.478,inf,2,0,0
gen_03551,6,-7.713,3.397,5.541,inf,2,0,0
gen_03551,7,-7.695,3.457,5.574,inf,2,0,0
gen_03552,1,-6.766,2.841,4.347,6.945,2,1,0
gen_03553,1,-8.269,3.196,4.397,inf,4,0,0
gen_03553,2,-8.233,3.205,4.411,inf,4,0,0
gen_03553,3,-8.136,2.948,4.460,inf,4,0,0
gen_03553,4,-8.122,3.161,4.753,inf,4,0,0
gen_03553,5,-8.105,3.279,4.713,inf,4,0,0
gen_03553,6,-7.988,2.856,4.287,inf,4,0,0
gen_03554,1,-7.770,2.486,4.418,inf,2,0,0
gen_03554,2,-7.761,2.554,4.594,inf,2,0,0
gen_03554,3,-7.701,2.773,4.706,inf,2,0,0
gen_03554,4,-7.579,5.756,5.826,inf,2,0,0
gen_03554,5,-7.548,5.735,5.796,inf,2,0,0
gen_03554,6,-7.520,5.631,5.976,inf,2,0,0
gen_03554,7,-7.516,2.790,4.548,inf,2,0,0
gen_03555,1,-8.210,2.788,4.518,inf,2,0,0
gen_03555,2,-8.207,2.795,4.537,inf,2,0,0
gen_03555,3,-8.144,2.768,4.463,inf,2,0,0
gen_03556,1,-8.317,2.704,4.517,inf,4,0,0
gen_03556,2,-8.283,2.733,4.372,inf,4,0,0
gen_03556,3,-8.240,2.732,4.500,inf,4,0,0
gen_03556,4,-8.165,2.833,4.332,inf,4,0,0
gen_03556,5,-8.146,2.719,4.550,inf,4,0,0
gen_03556,6,-8.122,2.705,4.508,inf,4,0,0
gen_03556,7,-8.092,3.036,4.410,inf,4,0,0
gen_03556,8,-8.059,2.763,4.379,inf,4,0,0
gen_03556,9,-8.033,2.729,4.510,inf,4,0,0
gen_03556,10,-8.017,2.698,4.510,inf,4,0,0
gen_03556,11,-7.631,3.186,4.500,inf,4,0,0
gen_03556,12,-7.512,4.396,4.549,inf,4,0,0
gen_03557,1,-7.024,3.103,3.433,inf,2,0,0
gen_03558,1,-7.847,2.614,4.351,inf,2,0,0
gen_03558,2,-7.796,2.803,4.304,inf,2,0,0
gen_03559,1,-7.730,2.376,2.693,inf,4,0,0
gen_03559,2,-7.726,2.527,4.323,inf,4,0,0
gen_03559,3,-7.720,2.668,4.469,inf,4,0,0
gen_03559,4,-7.692,2.297,2.742,inf,4,0,0
gen_03559,5,-7.686,2.300,2.706,inf,4,0,0
gen_03560,1,-7.251,2.751,4.531,inf,2,0,0
gen_03560,2,-7.224,2.723,4.477,inf,2,0,0
gen_03561,1,-7.768,2.824,4.338,inf,2,0,0
gen_03562,1,-7.198,2.711,4.352,inf,2,0,0
gen_03562,2,-7.166,2.720,4.337,inf,2,0,0
gen_03562,3,-7.142,2.705,4.295,inf,2,0,0
gen_03562,4,-7.126,14.591,14.916,inf,2,0,0
gen_03562,5,-7.114,14.627,14.919,inf,2,0,0
gen_03562,6,-7.092,2.686,4.272,inf,2,0,0
gen_03562,7,-7.077,14.602,14.968,inf,2,0,0
gen_03563,1,-7.062,3.330,5.228,inf,2,0,0
gen_03563,2,-7.058,2.756,4.492,inf,2,0,0
gen_03563,3,-7.058,2.704,4.345,inf,2,0,0
gen_03563,4,-7.046,9.417,10.552,inf,2,0,0
gen_03563,5,-7.044,2.691,3.684,inf,2,0,0
gen_03563,6,-7.031,9.470,10.558,inf,2,0,0
gen_03563,7,-7.008,2.794,4.529,inf,2,0,0
gen_03563,8,-6.993,2.718,4.547,inf,2,0,0
gen_03564,1,-7.891,3.780,4.452,inf,2,0,0
gen_03564,2,-7.873,3.940,4.533,inf,2,0,0
gen_03564,3,-7.793,3.586,4.528,inf,2,0,0
gen_03564,4,-7.742,3.720,4.726,inf,2,0,0
gen_03564,5,-7.617,3.768,4.136,inf,2,0,0
gen_03564,6,-7.616,3.611,4.039,inf,2,0,0
gen_03564,7,-7.610,2.551,2.786,inf,2,0,0
gen_03564,8,-7.600,3.146,3.924,inf,2,0,0
gen_03564,9,-7.420,2.747,2.999,inf,2,0,0
gen_03565,1,-7.439,3.396,4.550,inf,2,0,0
gen_03565,2,-7.348,3.278,4.558,inf,2,0,0
gen_03565,3,-7.162,3.021,4.566,inf,2,0,0
gen_03565,4,-7.145,3.003,4.591,inf,2,0,0
gen_03565,5,-7.086,3.071,4.596,inf,2,0,0
gen_03565,6,-7.076,2.838,4.530,inf,2,0,0
gen_03566,1,-7.082,6.745,7.576,inf,2,0,0
gen_03566,2,-7.065,6.748,7.568,inf,2,0,0
gen_03566,3,-7.043,6.748,7.526,inf,2,0,0
gen_03566,4,-7.028,6.842,7.531,inf,2,0,0
gen_03567,1,-7.249,2.206,2.772,inf,4,0,0
gen_03568,1,-7.998,2.778,4.476,inf,2,0,0
gen_03568,2,-7.834,2.762,4.467,inf,2,0,0
gen_03569,1,-7.146,2.768,4.205,inf,2,0,0
gen_03569,2,-7.077,2.756,4.164,inf,2,0,0
gen_03569,3,-6.997,2.745,4.183,inf,2,0,0
gen_03570,1,-7.257,2.611,3.814,inf,2,0,0
gen_03571,1,-8.162,2.815,4.240,inf,2,0,0
gen_03571,2,-7.871,2.974,4.416,inf,2,0,0
gen_03571,3,-7.763,3.573,4.444,inf,2,0,0
gen_03571,4,-7.661,3.626,4.504,inf,2,0,0
gen_03571,5,-7.511,14.756,15.407,inf,2,0,0
gen_03571,6,-7.495,3.667,4.353,inf,2,0,0
gen_03571,7,-7.492,14.703,15.370,inf,2,0,0
gen_03571,8,-7.460,14.463,15.464,inf,2,0,0
gen_03571,9,-7.452,14.480,15.463,inf,2,0,0
gen_03572,1,-6.804,2.758,3.691,6.083,2,1,0
gen_03572,2,-6.755,2.754,3.617,5.969,2,1,0
gen_03573,1,-8.276,2.511,2.725,inf,2,0,0
gen_03573,2,-8.142,2.740,4.235,inf,2,0,0
gen_03574,1,-8.040,2.821,4.427,3.655,2,1,0
gen_03574,2,-7.965,5.789,5.956,4.991,2,1,0
gen_03575,1,-7.082,2.694,4.368,inf,2,0,0
gen_03575,2,-7.080,2.628,4.453,inf,2,0,0
gen_03575,3,-6.997,2.735,4.525,inf,2,0,0
gen_03575,4,-6.972,2.711,4.362,inf,2,0,0
gen_03575,5,-6.961,2.691,4.485,inf,2,0,0
gen_03575,6,-6.881,2.713,4.346,inf,2,0,0
gen_03575,7,-6.834,2.705,4.304,inf,2,0,0
gen_03575,8,-6.820,2.679,4.310,inf,2,0,0
gen_03575,9,-6.751,3.226,4.488,inf,2,0,0
gen_03575,10,-6.592,2.626,3.355,inf,2,0,0
gen_03576,1,-8.485,14.689,14.998,5.180,2,1,0
gen_03576,2,-8.461,14.591,15.019,5.212,2,1,0
gen_03577,1,-7.574,10.721,10.862,inf,2,0,0
gen_03577,2,-7.388,2.792,4.387,inf,2,0,0
gen_03577,3,-7.378,2.757,4.365,inf,2,0,0
gen_03577,4,-7.221,2.746,4.411,inf,2,0,0
gen_03578,1,-6.825,10.372,10.457,inf,2,0,0
gen_03578,2,-6.798,10.398,10.423,inf,2,0,0
gen_03578,3,-6.709,10.352,10.524,inf,2,0,0
gen_03578,4,-6.688,10.528,10.540,inf,2,0,0
gen_03578,5,-6.600,8.792,10.111,inf,2,0,0
gen_03578,6,-6.587,9.113,10.131,inf,2,0,0
gen_03579,1,-7.479,3.803,4.592,8.385,2,1,0
gen_03579,2,-7.436,3.820,4.823,8.275,2,1,0
gen_03579,3,-7.418,3.861,4.877,8.226,2,1,0
gen_03580,1,-8.217,15.128,15.961,inf,2,0,0
gen_03581,1,-7.280,2.787,4.305,inf,2,0,0
gen_03581,2,-7.267,2.793,4.313,inf,2,0,0
gen_03581,3,-7.264,2.806,4.339,inf,2,0,0
gen_03582,1,-7.004,5.215,7.317,5.039,2,1,0
gen_03582,2,-6.993,5.198,7.302,5.070,2,1,0
gen_03582,3,-6.987,5.177,7.278,5.040,2,1,0
gen_03582,4,-6.986,5.175,7.280,5.068,2,1,0
gen_03582,5,-6.973,8.604,9.803,6.042,2,1,0
gen_03582,6,-6.962,8.752,9.856,6.029,2,1,0
gen_03582,7,-6.954,8.716,9.844,6.027,2,1,0
gen_03582,8,-6.868,14.194,14.836,5.418,2,1,0
gen_03582,9,-6.848,14.181,14.816,5.436,2,1,0
gen_03583,1,-6.990,2.755,4.444,inf,2,0,0
gen_03584,1,-7.449,3.342,4.718,inf,2,0,0
gen_03584,2,-7.430,3.904,4.629,inf,2,0,0
gen_03585,1,-6.988,2.775,2.957,inf,2,0,0
gen_03585,2,-6.702,2.726,4.381,inf,2,0,0
gen_03586,1,-7.356,3.627,4.612,inf,2,0,0
gen_03586,2,-7.242,8.223,8.703,inf,2,0,0
gen_03586,3,-7.230,3.465,4.376,inf,2,0,0
gen_03586,4,-7.222,8.252,8.782,inf,2,0,0
gen_03586,5,-7.221,10.400,10.458,inf,2,0,0
gen_03586,6,-7.220,10.436,10.490,inf,2,0,0
gen_03586,7,-7.208,10.361,10.552,inf,2,0,0
gen_03586,8,-7.176,8.264,8.743,inf,2,0,0
gen_03586,9,-7.122,11.170,11.713,inf,2,0,0
gen_03586,10,-7.107,3.894,5.436,inf,2,0,0
gen_03587,1,-8.071,2.440,2.757,6.631,4,1,0
gen_03588,1,-8.056,2.670,4.437,inf,2,0,0
gen_03588,2,-8.049,2.721,4.441,inf,2,0,0
gen_03589,1,-7.083,2.689,4.458,inf,4,0,0
gen_03589,2,-7.070,2.677,4.506,inf,4,0,0
gen_03590,1,-7.446,3.170,4.688,inf,2,0,0
gen_03590,2,-7.416,3.128,4.640,inf,2,0,0
gen_03590,3,-7.380,15.687,16.197,inf,2,0,0
gen_03590,4,-7.362,3.226,4.635,inf,2,0,0
gen_03590,5,-7.338,15.290,16.133,inf,2,0,0
gen_03590,6,-7.301,14.396,16.192,inf,2,0,0
gen_03591,1,-7.723,3.208,4.630,inf,2,0,0
gen_03591,2,-7.721,3.163,4.577,inf,2,0,0
gen_03592,1,-8.860,2.626,2.638,inf,2,0,0
gen_03592,2,-8.727,2.511,2.703,inf,2,0,0
gen_03592,3,-8.611,2.656,2.660,inf,2,0,0
gen_03592,4,-8.598,2.570,2.596,inf,2,0,0
gen_03593,1,-7.755,2.675,3.825,3.261,2,1,1
gen_03593,2,-7.694,2.541,4.099,2.887,2,1,1
gen_03593,3,-7.602,3.684,3.733,2.893,2,1,0
gen_03594,1,-7.799,2.682,3.872,inf,2,0,0
gen_03594,2,-7.721,3.090,4.583,inf,2,0,0
gen_03594,3,-7.630,3.170,4.599,inf,2,0,0
gen_03594,4,-7.621,2.878,4.387,inf,2,0,0
gen_03595,1,-7.680,2.419,2.754,inf,2,0,0
gen_03595,2,-7.669,2.409,2.719,inf,2,0,0
gen_03595,3,-7.664,2.227,2.792,inf,2,0,0
gen_03595,4,-7.639,2.253,2.789,inf,2,0,0
gen_03596,1,-7.765,15.507,15.682,inf,2,0,0
gen_03596,2,-7.693,5.817,6.885,inf,2,0,0
gen_03596,3,-7.663,5.752,6.874,inf,2,0,0
gen_03597,1,-7.237,15.224,15.615,inf,2,0,0
gen_03597,2,-7.203,15.166,15.616,inf,2,0,0
gen_03598,1,-8.217,2.790,4.529,2.961,2,1,1
gen_03598,2,-8.171,2.770,4.490,2.941,2,1,1
gen_03598,3,-8.122,2.877,4.617,3.067,2,1,1
gen_03598,4,-8.109,2.835,4.586,3.023,2,1,1
gen_03598,5,-8.105,2.682,4.471,2.892,2,1,1
gen_03598,6,-8.097,3.044,4.757,3.031,2,1,1
gen_03598,7,-8.064,2.925,4.608,3.042,2,1,1
gen_03598,8,-8.045,2.727,4.395,2.874,2,1,1
gen_03598,9,-8.042,2.775,4.462,2.927,2,1,1
gen_03598,10,-7.957,2.778,4.308,2.797,2,1,1
gen_03598,11,-7.915,2.791,4.455,2.828,2,1,1
gen_03598,12,-7.890,2.797,4.498,2.776,2,1,1
gen_03598,13,-7.659,2.832,4.503,2.967,2,1,1
gen_03598,14,-7.640,4.498,5.285,3.279,2,1,0
gen_03599,1,-8.071,2.817,4.551,inf,2,0,0
gen_03599,2,-8.054,2.722,4.473,inf,2,0,0
gen_03599,3,-8.047,2.728,4.519,inf,2,0,0
gen_03599,4,-8.033,2.742,4.490,inf,2,0,0
gen_03599,5,-7.961,2.719,4.404,inf,2,0,0
gen_03599,6,-7.738,2.834,4.480,inf,2,0,0
gen_03600,1,-7.739,3.071,4.621,inf,2,0,0
gen_03601,1,-7.442,2.673,4.326,inf,4,0,0
gen_03601,2,-7.425,2.654,4.323,inf,4,0,0
gen_03601,3,-7.419,2.661,4.319,inf,4,0,0
gen_03601,4,-7.414,2.703,4.314,inf,4,0,0
gen_03601,5,-7.361,2.638,4.330,inf,4,0,0
gen_03601,6,-7.355,2.670,4.327,inf,4,0,0
gen_03601,7,-7.311,2.787,4.270,inf,4,0,0
gen_03602,1,-7.298,2.772,4.385,inf,2,0,0
gen_03603,1,-6.650,2.713,4.496,5.086,2,1,0
gen_03603,2,-6.641,2.634,4.364,6.176,2,1,0
gen_03603,3,-6.631,2.672,4.500,5.211,2,1,0
gen_03603,4,-6.622,2.608,4.532,6.307,2,1,0
gen_03603,5,-6.622,2.695,4.577,6.547,2,1,0
gen_03603,6,-6.609,2.785,4.560,6.156,2,1,0
gen_03603,7,-6.569,2.843,4.772,6.387,2,1,0
gen_03603,8,-6.554,2.824,4.370,6.415,2,1,0
gen_03604,1,-7.995,2.796,4.416,inf,2,0,0
gen_03604,2,-7.874,2.764,4.223,inf,2,0,0
gen_03604,3,-7.447,3.187,4.671,inf,2,0,0
gen_03604,4,-7.257,2.858,4.393,inf,2,0,0
gen_03605,1,-7.988,2.796,4.476,inf,2,0,0
gen_03605,2,-7.962,2.791,4.475,inf,2,0,0
gen_03605,3,-7.589,2.751,4.452,inf,2,0,0
gen_03606,1,-5.832,11.791,12.314,5.838,2,1,0
gen_03606,2,-5.811,5.957,7.991,4.852,2,1,0
gen_03606,3,-5.781,5.562,7.568,5.100,2,1,0
gen_03606,4,-5.739,6.303,7.618,5.325,2,1,0
gen_03607,1,-7.240,5.688,5.701,inf,2,0,0
gen_03607,2,-7.177,5.656,6.020,inf,2,0,0
gen_03608,1,-7.179,2.204,4.278,inf,2,0,0
gen_03608,2,-7.158,2.201,4.281,inf,2,0,0
gen_03608,3,-7.137,2.202,4.279,inf,2,0,0
gen_03609,1,-8.056,2.809,4.515,inf,2,0,0
gen_03609,2,-8.009,2.788,4.543,inf,2,0,0
gen_03609,3,-7.980,2.739,4.408,inf,2,0,0
gen_03610,1,-7.094,2.718,4.412,inf,2,0,0
gen_03610,2,-7.093,2.815,4.287,inf,2,0,0
gen_03610,3,-7.070,2.805,4.291,inf,2,0,0
gen_03610,4,-7.069,2.765,4.452,inf,2,0,0
gen_03611,1,-8.017,3.055,4.551,inf,2,0,0
gen_03611,2,-7.889,2.749,4.533,inf,2,0,0
gen_03611,3,-7.837,2.692,4.443,inf,2,0,0
gen_03611,4,-7.734,2.727,4.448,inf,2,0,0
gen_03612,1,-140.609,9.413,11.105,inf,4,0,0
gen_03612,2,-136.199,10.452,11.543,inf,4,0,0
gen_03612,3,-133.972,5.094,6.811,inf,4,0,0
gen_03613,1,-8.760,2.608,2.638,5.505,2,1,0
gen_03613,2,-8.736,2.601,2.607,5.514,2,1,0
gen_03613,3,-8.719,2.612,2.632,5.545,2,1,0
gen_03613,4,-8.716,2.633,2.669,5.560,2,1,0
gen_03613,5,-8.716,2.622,2.658,5.521,2,1,0
gen_03613,6,-8.695,2.627,2.675,5.627,2,1,0
gen_03613,7,-8.684,2.634,2.649,5.601,2,1,0
gen_03613,8,-8.665,2.559,2.716,5.626,2,1,0
gen_03613,9,-8.649,2.545,2.710,5.613,2,1,0
gen_03613,10,-8.535,2.585,2.660,5.630,2,1,0
gen_03613,11,-8.458,2.507,2.847,5.744,2,1,0
gen_03613,12,-8.113,2.484,3.670,7.178,2,1,0
gen_03613,13,-8.077,2.476,2.835,7.098,2,1,0
gen_03614,1,-6.583,2.743,4.474,inf,2,0,0
gen_03615,1,-8.554,2.499,2.879,inf,4,0,0
gen_03616,1,-7.511,2.776,3.697,inf,2,0,0
gen_03616,2,-7.387,2.868,3.724,inf,2,0,0
gen_03616,3,-7.292,2.827,3.416,inf,2,0,0
gen_03616,4,-7.277,2.849,3.468,inf,2,0,0
gen_03616,5,-7.246,2.834,3.391,inf,2,0,0
gen_03616,6,-7.223,2.754,3.482,inf,2,0,0
gen_03616,7,-7.168,2.798,3.057,inf,2,0,0
gen_03617,1,-8.597,2.601,4.172,inf,4,0,0
gen_03617,2,-8.597,2.610,4.184,inf,4,0,0
gen_03617,3,-8.595,2.596,3.988,inf,4,0,0
gen_03617,4,-8.587,2.607,4.141,inf,4,0,0
gen_03617,5,-8.581,2.565,4.263,inf,4,0,0
gen_03617,6,-8.575,2.562,3.882,inf,4,0,0
gen_03618,1,-6.912,2.335,3.344,inf,4,0,0
gen_03618,2,-6.888,2.333,3.340,inf,4,0,0
gen_03618,3,-6.880,2.314,3.366,inf,4,0,0
gen_03618,4,-6.866,2.335,3.359,inf,4,0,0
gen_03619,1,-7.108,2.549,4.448,inf,2,0,0
gen_03619,2,-7.068,9.494,9.825,inf,2,0,0
gen_03619,3,-7.053,2.601,4.471,inf,2,0,0
gen_03619,4,-7.053,2.579,4.468,inf,2,0,0
gen_03619,5,-7.008,9.371,9.846,inf,2,0,0
gen_03619,6,-6.863,10.688,11.838,inf,2,0,0
gen_03620,1,-8.384,2.791,4.584,inf,2,0,0
gen_03620,2,-8.373,2.747,4.588,inf,2,0,0
gen_03620,3,-8.321,2.786,4.672,inf,2,0,0
gen_03620,4,-8.316,2.788,4.712,inf,2,0,0
gen_03621,1,-7.167,2.772,4.572,inf,2,0,0
gen_03621,2,-7.159,2.752,4.454,inf,2,0,0
gen_03621,3,-7.128,2.827,4.425,inf,2,0,0
gen_03621,4,-7.085,9.455,11.296,inf,2,0,0
gen_03621,5,-7.063,9.370,11.260,inf,2,0,0
gen_03621,6,-7.052,2.973,4.447,inf,2,0,0
gen_03621,7,-7.041,3.087,4.318,inf,2,0,0
gen_03622,1,-6.902,2.673,4.337,inf,2,0,0
gen_03623,1,-7.424,2.641,4.466,inf,2,0,0
gen_03623,2,-7.399,2.624,4.457,inf,2,0,0
gen_03623,3,-7.328,2.742,4.503,inf,2,0,0
gen_03623,4,-7.287,2.755,4.540,inf,2,0,0
gen_03623,5,-7.261,9.116,10.445,inf,2,0,0
gen_03624,1,-7.142,6.806,7.180,inf,2,0,0
gen_03624,2,-7.138,6.788,7.099,inf,2,0,0
gen_03625,1,-7.820,2.709,4.440,inf,2,0,0
gen_03625,2,-7.583,2.792,4.383,inf,2,0,0
gen_03626,1,-6.945,2.674,4.631,2.874,2,1,1
gen_03626,2,-6.932,2.674,4.630,2.866,2,1,1
gen_03626,3,-6.886,2.702,4.637,2.924,2,1,1
gen_03626,4,-6.749,2.752,4.412,4.196,2,1,0
gen_03627,1,-7.090,18.371,18.412,inf,2,0,0
gen_03627,2,-7.062,18.406,18.653,inf,2,0,0
gen_03627,3,-7.045,3.872,4.578,inf,2,0,0
gen_03627,4,-7.037,3.857,4.545,inf,2,0,0
gen_03628,1,-7.678,5.675,6.840,8.601,2,1,0
gen_03628,2,-7.672,5.693,6.867,8.609,2,1,0
gen_03628,3,-7.600,2.647,3.821,5.848,2,1,0
gen_03628,4,-7.583,2.626,4.274,5.553,2,1,0
gen_03628,5,-7.557,2.768,4.557,3.528,2,1,0
gen_03628,6,-7.546,2.704,4.086,5.687,2,1,0
gen_03628,7,-7.545,2.596,3.671,6.083,2,1,0
gen_03628,8,-7.526,2.701,3.776,5.894,2,1,0
gen_03628,9,-7.507,2.721,4.516,3.521,2,1,0
gen_03628,10,-7.490,2.782,4.527,3.533,2,1,0
gen_03628,11,-7.483,2.869,4.624,3.385,2,1,1
gen_03628,12,-7.434,2.681,3.839,5.945,2,1,0
gen_03629,1,-8.074,2.403,2.759,inf,4,0,0
gen_03629,2,-8.072,2.431,2.768,inf,4,0,0
gen_03629,3,-8.008,2.387,2.735,inf,4,0,0
gen_03630,1,-7.757,3.923,4.525,4.412,4,1,0
gen_03630,2,-7.696,3.906,4.478,4.433,4,1,0
gen_03630,3,-7.636,3.908,4.776,4.448,4,1,0
gen_03631,1,-7.819,2.653,3.726,inf,2,0,0
gen_03631,2,-7.717,2.733,3.499,inf,2,0,0
gen_03631,3,-7.713,2.714,3.591,inf,2,0,0
gen_03631,4,-7.540,2.710,4.335,inf,2,0,0
gen_03631,5,-7.524,2.687,4.373,inf,2,0,0
gen_03631,6,-7.521,2.704,4.302,inf,2,0,0
gen_03631,7,-7.503,2.695,4.227,inf,2,0,0
gen_03632,1,-7.226,2.658,3.823,inf,2,0,0
gen_03632,2,-7.176,2.736,3.873,inf,2,0,0
gen_03632,3,-7.118,13.150,14.372,inf,2,0,0
gen_03632,4,-7.092,2.654,3.856,inf,2,0,0
gen_03632,5,-7.020,2.390,2.805,inf,2,0,0
gen_03632,6,-6.941,8.502,9.753,inf,2,0,0
gen_03633,1,-7.517,2.506,3.065,2.838,2,2,1
gen_03634,1,-7.711,2.761,4.293,inf,2,0,0
gen_03634,2,-7.562,2.789,4.328,inf,2,0,0
gen_03634,3,-7.523,2.201,4.381,inf,2,0,0
gen_03634,4,-7.502,2.209,4.422,inf,2,0,0
gen_03634,5,-7.502,14.721,15.055,inf,2,0,0
gen_03635,1,-7.987,4.393,5.313,inf,2,0,0
gen_03635,2,-7.970,4.361,5.339,inf,2,0,0
gen_03635,3,-7.970,4.346,5.337,inf,2,0,0
gen_03635,4,-7.957,4.371,5.308,inf,2,0,0
gen_03636,1,-7.070,2.712,4.304,inf,2,0,0
gen_03636,2,-7.067,2.708,4.338,inf,2,0,0
gen_03636,3,-7.048,2.705,4.273,inf,2,0,0
gen_03637,1,-7.526,2.642,4.284,inf,2,0,0
gen_03637,2,-7.517,2.709,4.303,inf,2,0,0
gen_03637,3,-7.515,2.573,4.299,inf,2,0,0
gen_03637,4,-7.511,2.519,4.265,inf,2,0,0
gen_03637,5,-7.421,2.548,3.943,inf,2,0,0
gen_03637,6,-7.398,2.649,3.792,inf,2,0,0
gen_03638,1,-7.497,3.648,4.334,inf,2,0,0
gen_03638,2,-7.488,3.619,4.368,inf,2,0,0
gen_03638,3,-7.482,3.632,4.375,inf,2,0,0
gen_03638,4,-7.454,3.896,4.412,inf,2,0,0
gen_03639,1,-7.139,2.768,4.282,inf,2,0,0
gen_03639,2,-7.088,2.786,4.274,inf,2,0,0
gen_03640,1,-7.230,2.714,4.415,inf,2,0,0
gen_03640,2,-7.181,2.752,4.438,inf,2,0,0
gen_03640,3,-7.159,2.748,4.345,inf,2,0,0
gen_03640,4,-7.043,2.751,4.262,inf,2,0,0
gen_03640,5,-6.951,3.078,4.578,inf,2,0,0
gen_03640,6,-6.945,2.822,4.522,inf,2,0,0
gen_03641,1,-7.267,2.704,4.510,inf,2,0,0
gen_03641,2,-7.234,2.752,4.614,inf,2,0,0
gen_03641,3,-7.228,2.804,4.548,inf,2,0,0
gen_03641,4,-7.227,2.824,4.301,inf,2,0,0
gen_03641,5,-7.194,2.701,4.551,inf,2,0,0
gen_03641,6,-7.149,2.848,4.334,inf,2,0,0
gen_03641,7,-7.127,2.616,4.066,inf,2,0,0
gen_03641,8,-7.117,2.699,4.116,inf,2,0,0
gen_03642,1,-7.666,2.737,4.461,inf,2,0,0
gen_03642,2,-7.600,2.766,4.509,inf,2,0,0
gen_03642,3,-7.550,2.681,4.378,inf,2,0,0
gen_03643,1,-7.652,2.755,4.464,inf,4,0,0
gen_03643,2,-7.635,2.743,4.425,inf,4,0,0
gen_03643,3,-7.628,2.747,4.429,inf,4,0,0
gen_03643,4,-7.575,2.729,4.324,inf,4,0,0
gen_03643,5,-7.566,2.713,4.356,inf,4,0,0
gen_03643,6,-7.544,2.708,4.337,inf,4,0,0
gen_03643,7,-7.510,2.744,4.326,inf,4,0,0
gen_03644,1,-9.489,2.822,4.561,3.358,2,1,1
gen_03644,2,-9.404,2.839,4.483,3.239,2,1,1
gen_03645,1,-7.813,14.766,14.918,inf,2,0,0
gen_03645,2,-7.779,14.869,14.993,inf,2,0,0
gen_03646,1,-8.132,12.485,14.131,5.132,2,2,0
gen_03646,2,-8.109,12.479,14.149,5.091,2,2,0
gen_03646,3,-8.047,12.299,14.056,5.121,2,2,0
gen_03647,1,-8.135,2.349,4.450,inf,2,0,0
gen_03647,2,-8.129,2.341,4.409,inf,2,0,0
gen_03647,3,-8.129,2.678,4.238,inf,2,0,0
gen_03647,4,-8.074,2.540,4.237,inf,2,0,0
gen_03647,5,-8.067,2.247,4.458,inf,2,0,0
gen_03647,6,-8.035,2.792,3.677,inf,2,0,0
gen_03647,7,-7.993,2.225,4.433,inf,2,0,0
gen_03648,1,-6.531,2.646,4.132,inf,4,0,0
gen_03648,2,-6.504,2.677,4.167,inf,4,0,0
gen_03648,3,-6.486,2.688,4.203,inf,4,0,0
gen_03648,4,-6.480,2.649,4.138,inf,4,0,0
gen_03649,1,-7.236,2.645,4.353,inf,4,0,0
gen_03649,2,-7.226,2.660,4.377,inf,4,0,0
gen_03649,3,-7.215,2.729,4.413,inf,4,0,0
gen_03649,4,-7.207,2.682,4.379,inf,4,0,0
gen_03650,1,-8.140,2.554,4.446,inf,2,0,0
gen_03650,2,-8.124,2.534,4.414,inf,2,0,0
gen_03651,1,-7.043,15.511,15.725,inf,2,0,0
gen_03651,2,-7.026,14.779,15.476,inf,2,0,0
gen_03651,3,-7.015,15.094,15.813,inf,2,0,0
gen_03651,4,-6.930,13.382,14.918,inf,2,0,0
gen_03652,1,-7.790,3.240,4.799,inf,2,0,0
gen_03652,2,-7.776,13.256,14.073,inf,2,0,0
gen_03652,3,-7.760,3.280,4.822,inf,2,0,0
gen_03653,1,-7.328,2.770,4.476,inf,2,0,0
gen_03653,2,-7.328,2.801,4.479,inf,2,0,0
gen_03653,3,-7.301,2.834,4.534,inf,2,0,0
gen_03653,4,-7.298,2.763,4.504,inf,2,0,0
gen_03654,1,-6.492,6.286,7.144,inf,2,0,0
gen_03654,2,-6.430,6.381,7.219,inf,2,0,0
gen_03655,1,-7.266,2.683,4.396,3.785,2,2,0
gen_03655,2,-7.255,2.964,4.352,4.965,2,2,0
gen_03655,3,-7.226,2.720,4.079,3.873,2,2,0
gen_03655,4,-7.211,2.707,4.499,4.192,2,2,0
gen_03655,5,-7.168,3.897,4.436,4.927,2,2,0
gen_03655,6,-7.167,2.785,4.504,3.103,2,2,1
gen_03655,7,-7.139,2.782,4.329,4.301,2,2,0
gen_03655,8,-7.137,3.225,4.380,4.888,2,2,0
gen_03655,9,-7.091,2.685,4.402,3.215,2,2,1
gen_03655,10,-7.040,2.632,4.455,4.163,2,2,0
gen_03655,11,-6.991,2.534,4.398,3.879,2,2,0
gen_03655,12,-6.901,10.351,11.767,3.048,2,2,0
gen_03656,1,-6.619,2.704,3.927,inf,2,0,0
gen_03656,2,-6.607,2.750,3.945,inf,2,0,0
gen_03656,3,-6.600,2.748,3.934,inf,2,0,0
gen_03657,1,-6.557,10.636,11.005,6.625,2,1,0
gen_03657,2,-6.512,12.601,12.799,4.829,2,1,0
gen_03657,3,-6.480,12.530,12.810,4.832,2,1,0
gen_03657,4,-6.444,12.496,12.718,4.951,2,1,0
gen_03658,1,-7.421,7.475,9.378,12.444,4,1,0
gen_03658,2,-7.386,7.494,9.421,12.457,4,1,0
gen_03658,3,-7.348,2.603,4.497,3.093,4,1,1
gen_03658,4,-7.307,2.569,4.526,3.114,4,1,1
gen_03659,1,-8.313,2.719,4.455,inf,2,0,0
gen_03659,2,-8.145,2.838,4.520,inf,2,0,0
gen_03660,1,-7.930,2.776,3.366,5.539,2,2,0
gen_03660,2,-7.874,2.771,4.386,3.047,2,2,1
gen_03660,3,-7.854,2.774,4.350,3.023,2,2,1
gen_03660,4,-7.809,2.775,4.308,3.033,2,2,1
gen_03660,5,-7.802,2.778,4.311,3.073,2,2,1
gen_03660,6,-7.730,2.826,4.411,3.073,2,2,1
gen_03660,7,-7.728,2.777,4.287,2.829,2,2,1
gen_03660,8,-7.692,2.718,4.378,2.905,2,2,1
gen_03660,9,-7.674,2.780,4.369,2.970,2,2,1
gen_03661,1,-6.528,2.621,2.698,inf,2,0,0
gen_03661,2,-6.441,2.396,4.396,inf,2,0,0
gen_03662,1,-7.750,3.448,5.050,inf,2,0,0
gen_03662,2,-7.737,3.793,5.289,inf,2,0,0
gen_03663,1,-6.546,2.663,4.625,4.234,2,2,0
gen_03663,2,-6.546,3.680,4.898,4.717,2,2,0
gen_03663,3,-6.506,2.546,4.500,4.404,2,2,0
gen_03663,4,-6.486,2.664,4.555,4.177,2,2,0
gen_03663,5,-6.425,2.673,4.557,4.236,2,2,0
gen_03664,1,-7.247,2.717,4.417,inf,2,0,0
gen_03664,2,-7.202,2.717,4.455,inf,2,0,0
gen_03664,3,-6.933,2.763,4.445,inf,2,0,0
gen_03665,1,-6.978,2.767,4.501,inf,2,0,0
gen_03665,2,-6.949,2.790,4.499,inf,2,0,0
gen_03666,1,-6.959,2.501,4.059,inf,2,0,0
gen_03666,2,-6.940,2.515,4.092,inf,2,0,0
gen_03666,3,-6.917,2.524,4.108,inf,2,0,0
gen_03666,4,-6.914,2.496,4.080,inf,2,0,0
gen_03667,1,-8.403,2.360,3.915,inf,2,0,0
gen_03667,2,-8.379,2.422,3.899,inf,2,0,0
gen_03667,3,-8.297,2.699,3.737,inf,2,0,0
gen_03667,4,-7.420,2.919,4.108,inf,2,0,0
gen_03668,1,-7.178,2.708,4.433,inf,2,0,0
gen_03668,2,-7.124,2.560,4.434,inf,2,0,0
gen_03668,3,-7.111,2.765,4.573,inf,2,0,0
gen_03669,1,-7.269,2.723,4.363,3.162,2,1,1
gen_03670,1,-7.239,2.690,4.327,5.125,2,1,0
gen_03670,2,-7.192,2.627,4.427,5.196,2,1,0
gen_03670,3,-7.173,4.520,4.529,3.786,2,1,0
gen_03670,4,-7.163,2.686,4.471,5.199,2,1,0
gen_03670,5,-7.157,2.587,4.369,5.218,2,1,0
gen_03670,6,-7.138,2.751,4.398,6.770,2,1,0
gen_03670,7,-7.130,2.786,4.327,5.975,2,1,0
gen_03670,8,-7.124,2.752,4.421,5.241,2,1,0
gen_03670,9,-7.078,2.737,4.095,5.519,2,1,0
gen_03670,10,-7.033,2.750,4.427,5.227,2,1,0
gen_03671,1,-8.136,2.571,4.488,inf,2,0,0
gen_03671,2,-8.135,2.553,4.457,inf,2,0,0
gen_03671,3,-7.952,2.554,4.456,inf,2,0,0
gen_03671,4,-7.895,2.681,3.778,inf,2,0,0
gen_03672,1,-7.215,2.337,2.635,inf,2,0,0
gen_03672,2,-7.199,2.330,2.646,inf,2,0,0
gen_03673,1,-7.428,2.841,4.244,inf,2,0,0
gen_03674,1,-7.360,2.769,4.270,inf,2,0,0
gen_03674,2,-7.262,2.760,4.363,inf,2,0,0
gen_03675,1,-8.343,2.678,4.393,9.918,2,1,0
gen_03675,2,-8.309,2.713,4.411,9.959,2,1,0
gen_03675,3,-8.121,2.833,4.532,7.548,2,1,0
gen_03675,4,-8.079,2.756,4.528,7.573,2,1,0
gen_03675,5,-8.039,2.818,4.482,7.630,2,1,0
gen_03676,1,-8.145,2.214,3.221,4.975,2,1,0
gen_03676,2,-8.143,2.264,3.278,4.966,2,1,0
gen_03676,3,-7.997,2.325,3.220,5.141,2,1,0
gen_03676,4,-7.865,2.264,3.333,5.347,2,1,0
gen_03677,1,-7.851,2.795,4.553,5.011,2,1,0
gen_03677,2,-7.646,3.147,3.971,5.148,2,1,0
gen_03677,3,-7.457,2.834,4.532,5.134,2,1,0
gen_03677,4,-7.388,12.562,14.436,5.252,2,1,0
gen_03677,5,-7.356,12.528,14.372,5.168,2,1,0
gen_03677,6,-7.310,2.713,4.441,3.638,2,1,0
gen_03677,7,-7.297,12.339,14.375,5.200,2,1,0
gen_03677,8,-7.260,2.809,4.531,3.616,2,1,0
gen_03677,9,-7.236,13.982,15.463,6.676,2,1,0
gen_03678,1,-8.280,2.352,4.546,inf,2,0,0
gen_03678,2,-8.278,2.341,4.555,inf,2,0,0
gen_03678,3,-8.235,2.264,4.442,inf,2,0,0
gen_03678,4,-8.229,2.301,4.472,inf,2,0,0
gen_03679,1,-8.029,2.730,4.445,inf,2,0,0
gen_03680,1,-7.759,2.975,4.458,inf,2,0,0
gen_03681,1,-7.026,2.736,3.956,inf,2,0,0
gen_03681,2,-7.004,5.709,6.469,inf,2,0,0
gen_03681,3,-6.995,2.756,3.967,inf,2,0,0
gen_03681,4,-6.995,5.720,6.448,inf,2,0,0
gen_03681,5,-6.987,5.697,6.532,inf,2,0,0
gen_03682,1,-7.210,2.620,4.486,inf,2,0,0
gen_03683,1,-6.403,2.791,4.462,inf,2,0,0
gen_03683,2,-6.386,2.642,4.590,inf,2,0,0
gen_03684,1,-8.191,2.414,2.700,inf,2,0,0
gen_03684,2,-8.187,2.321,2.766,inf,2,0,0
gen_03684,3,-7.288,10.180,10.418,inf,2,0,0
gen_03685,1,-7.477,2.676,4.464,inf,2,0,0
gen_03685,2,-7.364,2.703,4.365,inf,2,0,0
gen_03686,1,-59.923,12.145,13.995,inf,2,0,0
gen_03686,2,-53.878,6.433,8.193,inf,2,0,0
gen_03687,1,-7.993,2.544,4.340,5.870,2,1,0
gen_03687,2,-7.876,2.604,4.222,5.954,2,1,0
gen_03688,1,-6.624,2.651,4.482,inf,2,0,0
gen_03688,2,-6.611,2.697,4.469,inf,2,0,0
gen_03688,3,-6.521,2.788,4.409,inf,2,0,0
gen_03688,4,-6.496,2.804,4.447,inf,2,0,0
gen_03689,1,-7.281,3.905,4.881,inf,2,0,0
gen_03689,2,-7.263,3.870,4.813,inf,2,0,0
gen_03689,3,-7.226,3.642,4.770,inf,2,0,0
gen_03689,4,-7.208,3.809,4.748,inf,2,0,0
gen_03689,5,-7.194,3.615,4.803,inf,2,0,0
gen_03689,6,-6.807,13.269,15.140,inf,2,0,0
gen_03689,7,-6.805,13.234,15.060,inf,2,0,0
gen_03689,8,-6.802,13.405,15.468,inf,2,0,0
gen_03689,9,-6.758,13.288,15.158,inf,2,0,0
gen_03689,10,-6.740,13.266,15.083,inf,2,0,0
gen_03690,1,-143.278,10.572,10.629,inf,2,0,0
gen_03690,2,-141.836,14.181,14.549,inf,2,0,0
gen_03691,1,-6.886,2.623,4.370,inf,2,0,0
gen_03691,2,-6.854,2.753,4.308,inf,2,0,0
gen_03692,1,-7.069,2.692,4.396,inf,2,0,0
gen_03693,1,-7.393,2.257,2.810,inf,2,0,0
gen_03693,2,-7.284,2.799,4.435,inf,2,0,0
gen_03693,3,-7.267,2.363,4.467,inf,2,0,0
gen_03693,4,-7.243,2.799,4.503,inf,2,0,0
gen_03693,5,-7.199,2.446,4.475,inf,2,0,0
gen_03694,1,-7.627,4.092,4.583,7.940,2,1,0
gen_03694,2,-7.588,4.082,4.580,8.026,2,1,0
gen_03694,3,-7.579,3.693,4.452,7.952,2,1,0
gen_03694,4,-7.399,3.598,4.392,7.923,2,1,0
gen_03695,1,-7.851,2.691,4.416,3.843,2,1,0
gen_03695,2,-7.718,2.638,4.415,4.013,2,1,0
gen_03696,1,-7.820,2.777,4.482,inf,2,0,0
gen_03696,2,-7.814,2.809,4.461,inf,2,0,0
gen_03696,3,-7.810,2.738,4.439,inf,2,0,0
gen_03696,4,-7.808,2.758,4.442,inf,2,0,0
gen_03696,5,-7.802,2.713,4.247,inf,2,0,0
gen_03696,6,-7.790,2.754,4.266,inf,2,0,0
gen_03696,7,-7.738,2.767,4.296,inf,2,0,0
gen_03697,1,-7.826,2.785,4.277,inf,2,0,0
gen_03697,2,-7.786,2.307,2.764,inf,2,0,0
gen_03697,3,-7.696,2.754,4.209,inf,2,0,0
gen_03698,1,-7.695,2.763,4.508,inf,2,0,0
gen_03698,2,-7.684,2.804,4.525,inf,2,0,0
gen_03698,3,-7.682,2.797,4.548,inf,2,0,0
gen_03698,4,-7.638,2.843,4.531,inf,2,0,0
gen_03698,5,-7.579,2.745,3.782,inf,2,0,0
gen_03698,6,-7.571,2.775,4.471,inf,2,0,0
gen_03698,7,-7.449,4.550,5.253,inf,2,0,0
gen_03698,8,-7.437,2.961,4.666,inf,2,0,0
gen_03699,1,-7.930,2.710,4.719,inf,2,0,0
gen_03699,2,-7.885,2.597,4.650,inf,2,0,0
gen_03699,3,-7.828,2.592,4.622,inf,2,0,0
gen_03699,4,-7.758,2.570,2.841,inf,2,0,0
gen_03699,5,-7.683,2.531,2.764,inf,2,0,0
gen_03699,6,-7.671,2.543,2.781,inf,2,0,0
gen_03699,7,-7.625,2.683,3.081,inf,2,0,0
gen_03699,8,-7.597,2.689,3.484,inf,2,0,0
gen_03699,9,-7.561,10.333,10.497,inf,2,0,0
gen_03699,10,-7.540,10.292,10.524,inf,2,0,0
gen_03699,11,-7.526,10.330,10.478,inf,2,0,0
gen_03700,1,-7.941,3.259,4.586,2.950,2,2,0
gen_03700,2,-7.914,3.273,4.596,2.977,2,2,0
gen_03700,3,-7.737,2.655,3.995,3.100,2,2,1
gen_03700,4,-7.712,3.226,4.584,3.016,2,2,0
gen_03701,1,-7.274,2.997,4.483,inf,2,0,0
gen_03701,2,-7.267,2.983,4.450,inf,2,0,0
gen_03701,3,-7.225,2.830,4.350,inf,2,0,0
gen_03702,1,-6.803,7.117,9.089,inf,2,0,0
gen_03702,2,-6.793,11.325,13.269,inf,2,0,0
gen_03703,1,-7.292,2.515,2.815,inf,4,0,0
gen_03703,2,-7.248,2.453,2.848,inf,4,0,0
gen_03703,3,-7.221,2.652,2.761,inf,4,0,0
gen_03703,4,-7.209,2.952,4.417,inf,4,0,0
gen_03703,5,-7.188,3.033,4.473,inf,4,0,0
gen_03704,1,-6.985,2.769,4.171,5.595,2,1,0
gen_03704,2,-6.930,2.729,4.160,5.866,2,1,0
gen_03704,3,-6.908,2.726,4.147,5.601,2,1,0
gen_03704,4,-6.903,2.695,4.269,5.868,2,1,0
gen_03704,5,-6.865,2.694,4.473,5.857,2,1,0
gen_03704,6,-6.864,2.685,4.446,5.873,2,1,0
gen_03705,1,-8.506,2.798,4.484,inf,2,0,0
gen_03705,2,-8.337,2.802,4.487,inf,2,0,0
gen_03706,1,-7.389,2.369,4.490,inf,2,0,0
gen_03706,2,-7.383,2.351,4.448,inf,2,0,0
gen_03707,1,-7.478,4.323,4.596,inf,2,0,0
gen_03707,2,-7.477,4.340,4.596,inf,2,0,0
gen_03707,3,-7.451,4.338,4.564,inf,2,0,0
gen_03707,4,-7.450,4.284,4.511,inf,2,0,0
gen_03707,5,-7.445,4.325,4.567,inf,2,0,0
gen_03707,6,-7.429,4.289,4.531,inf,2,0,0
gen_03707,7,-7.399,3.968,4.447,inf,2,0,0
gen_03708,1,-7.078,10.227,10.264,inf,2,0,0
gen_03708,2,-7.073,10.196,10.388,inf,2,0,0
gen_03708,3,-7.063,10.176,10.324,inf,2,0,0
gen_03708,4,-7.055,10.174,10.362,inf,2,0,0
gen_03709,1,-7.422,2.778,4.154,inf,2,0,0
gen_03709,2,-7.399,2.804,4.471,inf,2,0,0
gen_03710,1,-7.390,2.667,4.176,inf,2,0,0
gen_03710,2,-7.368,2.682,4.344,inf,2,0,0
gen_03710,3,-7.365,2.635,4.290,inf,2,0,0
gen_03710,4,-7.350,2.711,4.302,inf,2,0,0
gen_03711,1,-8.277,2.827,4.506,inf,2,0,0
gen_03711,2,-8.277,2.846,4.532,inf,2,0,0
gen_03711,3,-8.232,2.844,4.608,inf,2,0,0
gen_03712,1,-7.542,9.708,11.412,inf,4,0,0
gen_03712,2,-7.491,2.507,2.741,inf,4,0,0
gen_03712,3,-7.483,2.485,2.734,inf,4,0,0
gen_03713,1,-7.170,2.764,4.347,inf,2,0,0
gen_03713,2,-7.050,2.839,4.479,inf,2,0,0
gen_03714,1,-7.572,2.763,3.834,inf,2,0,0
gen_03714,2,-7.408,2.872,3.701,inf,2,0,0
gen_03714,3,-7.404,2.880,3.757,inf,2,0,0
gen_03714,4,-7.367,2.746,3.227,inf,2,0,0
gen_03714,5,-7.347,2.760,3.551,inf,2,0,0
gen_03714,6,-7.299,2.784,3.613,inf,2,0,0
gen_03714,7,-7.285,2.716,3.107,inf,2,0,0
gen_03715,1,-7.758,2.776,4.474,inf,2,0,0
gen_03715,2,-7.737,2.772,4.528,inf,2,0,0
gen_03715,3,-7.577,2.771,4.522,inf,2,0,0
gen_03716,1,-7.426,2.481,2.536,inf,2,0,0
gen_03716,2,-7.404,2.551,2.615,inf,2,0,0
gen_03716,3,-7.401,2.488,2.516,inf,2,0,0
gen_03717,1,-8.055,2.503,2.727,inf,2,0,0
gen_03717,2,-8.013,2.569,2.679,inf,2,0,0
gen_03717,3,-7.959,2.603,2.680,inf,2,0,0
gen_03718,1,-6.785,2.336,4.367,inf,2,0,0
gen_03718,2,-6.772,2.370,4.362,inf,2,0,0
gen_03718,3,-6.689,2.490,4.230,inf,2,0,0
gen_03718,4,-6.667,2.506,4.244,inf,2,0,0
gen_03718,5,-6.491,8.618,9.370,inf,2,0,0
gen_03718,6,-6.482,8.608,9.359,inf,2,0,0
gen_03719,1,-7.218,2.765,4.439,3.182,2,1,1
gen_03719,2,-7.180,2.796,4.442,3.165,2,1,1
gen_03720,1,-7.340,2.286,4.404,inf,2,0,0
gen_03720,2,-7.254,4.030,4.800,inf,2,0,0
gen_03720,3,-7.254,2.758,4.491,inf,2,0,0
gen_03720,4,-7.247,2.754,4.422,inf,2,0,0
gen_03720,5,-7.243,4.026,4.807,inf,2,0,0
gen_03720,6,-7.241,2.774,4.464,inf,2,0,0
gen_03720,7,-7.240,4.033,4.778,inf,2,0,0
gen_03720,8,-7.218,4.110,4.777,inf,2,0,0
gen_03721,1,-7.040,2.801,4.303,inf,4,0,0
gen_03721,2,-7.038,2.808,4.297,inf,4,0,0
gen_03721,3,-7.033,2.850,4.343,inf,4,0,0
gen_03721,4,-7.011,2.850,4.333,inf,4,0,0
gen_03721,5,-6.945,2.711,4.487,inf,4,0,0
gen_03722,1,-7.110,2.518,2.805,5.881,2,1,0
gen_03722,2,-7.022,2.533,2.859,5.967,2,1,0
gen_03722,3,-6.978,2.565,2.823,6.701,2,1,0
gen_03723,1,-7.039,3.169,4.403,inf,2,0,0
gen_03723,2,-7.037,3.128,4.457,inf,2,0,0
gen_03724,1,-6.959,3.019,3.811,inf,2,0,0
gen_03724,2,-6.956,2.762,4.421,inf,2,0,0
gen_03724,3,-6.951,3.064,3.897,inf,2,0,0
gen_03724,4,-6.948,2.800,4.414,inf,2,0,0
gen_03724,5,-6.914,3.036,3.801,inf,2,0,0
gen_03725,1,-6.901,2.774,3.868,3.706,2,1,0
gen_03725,2,-6.858,2.772,3.928,3.730,2,1,0
gen_03726,1,-7.810,2.525,4.207,inf,2,0,0
gen_03726,2,-7.701,2.458,4.255,inf,2,0,0
gen_03726,3,-7.606,14.416,15.246,inf,2,0,0
gen_03727,1,-8.622,2.816,4.436,inf,2,0,0
gen_03727,2,-8.582,2.798,4.397,inf,2,0,0
gen_03728,1,-7.339,3.505,4.246,inf,2,0,0
gen_03728,2,-7.323,3.530,4.358,inf,2,0,0
gen_03728,3,-7.257,3.902,4.462,inf,2,0,0
gen_03728,4,-7.197,3.435,5.115,inf,2,0,0
gen_03729,1,-8.124,2.684,3.928,inf,2,0,0
gen_03729,2,-8.067,2.722,3.978,inf,2,0,0
gen_03729,3,-8.049,2.757,3.902,inf,2,0,0
gen_03729,4,-8.015,2.715,4.027,inf,2,0,0
gen_03729,5,-7.814,2.568,3.958,inf,2,0,0
gen_03730,1,-7.163,2.747,4.443,4.172,2,1,0
gen_03730,2,-7.103,6.982,7.101,3.105,2,1,0
gen_03730,3,-7.052,2.608,4.439,3.737,2,1,0
gen_03730,4,-7.010,6.731,7.641,3.144,2,1,0
gen_03730,5,-7.008,2.593,4.433,3.684,2,1,0
gen_03730,6,-6.999,7.283,7.401,3.085,2,1,0
gen_03730,7,-6.955,2.686,4.421,3.711,2,1,0
gen_03730,8,-6.901,2.587,4.456,3.795,2,1,0
gen_03730,9,-6.844,2.576,4.463,3.230,2,1,1
gen_03730,10,-6.798,2.677,4.338,5.958,2,1,0
gen_03730,11,-6.764,2.820,4.553,6.444,2,1,0
gen_03731,1,-6.927,2.664,2.729,inf,2,0,0
gen_03731,2,-6.839,2.648,2.882,inf,2,0,0
gen_03731,3,-6.831,2.693,2.721,inf,2,0,0
gen_03732,1,-7.364,15.932,16.942,inf,2,0,0
gen_03733,1,-6.460,2.860,4.392,inf,2,0,0
gen_03733,2,-6.367,2.796,4.254,inf,2,0,0
gen_03734,1,-7.746,2.344,3.999,11.148,2,1,0
gen_03734,2,-7.675,2.385,3.973,11.135,2,1,0
gen_03734,3,-7.661,2.295,3.931,11.141,2,1,0
gen_03734,4,-7.441,2.424,3.832,11.183,2,1,0
gen_03734,5,-7.432,2.297,4.012,11.154,2,1,0
gen_03734,6,-7.187,3.833,5.115,4.048,2,1,0
gen_03735,1,-7.711,2.608,3.569,5.035,2,1,0
gen_03735,2,-7.697,3.387,3.423,5.191,2,1,0
gen_03735,3,-7.682,2.841,3.551,5.151,2,1,0
gen_03735,4,-7.681,2.828,3.603,5.097,2,1,0
gen_03735,5,-7.677,3.385,3.417,5.130,2,1,0
gen_03735,6,-7.652,2.844,3.554,5.130,2,1,0
gen_03735,7,-7.644,3.431,3.563,5.163,2,1,0
gen_03735,8,-6.947,14.244,15.367,8.650,2,1,0
gen_03735,9,-6.928,14.211,15.486,8.659,2,1,0
gen_03735,10,-6.924,14.237,15.384,8.662,2,1,0
gen_03735,11,-6.909,14.155,15.488,8.636,2,1,0
gen_03735,12,-6.903,14.223,15.462,8.671,2,1,0
gen_03736,1,-7.500,3.029,4.680,inf,2,0,0
gen_03736,2,-7.496,3.466,4.678,inf,2,0,0
gen_03736,3,-7.489,2.779,4.526,inf,2,0,0
gen_03736,4,-7.467,2.804,4.505,inf,2,0,0
gen_03736,5,-7.441,3.109,4.427,inf,2,0,0
gen_03736,6,-7.428,3.188,4.459,inf,2,0,0
gen_03736,7,-7.427,3.046,4.410,inf,2,0,0
gen_03737,1,-7.559,2.700,4.348,inf,2,0,0
gen_03737,2,-7.512,2.714,4.349,inf,2,0,0
gen_03737,3,-7.489,2.461,4.338,inf,2,0,0
gen_03738,1,-6.668,2.577,4.111,6.108,2,1,0
gen_03738,2,-6.665,2.673,3.580,6.088,2,1,0
gen_03739,1,-7.971,16.336,16.939,inf,2,0,0
gen_03739,2,-7.927,16.422,16.796,inf,2,0,0
gen_03739,3,-7.899,5.507,6.548,inf,2,0,0
gen_03739,4,-7.866,5.480,6.607,inf,2,0,0
gen_03740,1,-7.574,3.208,4.621,inf,4,0,0
gen_03741,1,-6.587,7.031,8.956,inf,2,0,0
gen_03741,2,-6.532,7.340,9.109,inf,2,0,0
gen_03742,1,-6.940,6.325,7.203,inf,2,0,0
gen_03742,2,-6.932,6.347,7.243,inf,2,0,0
gen_03742,3,-6.928,6.557,7.211,inf,2,0,0
gen_03742,4,-6.927,6.410,7.332,inf,2,0,0
gen_03742,5,-6.926,6.556,7.170,inf,2,0,0
gen_03742,6,-6.908,2.766,4.494,inf,2,0,0
gen_03743,1,-8.104,2.561,4.361,3.790,2,1,0
gen_03743,2,-8.096,2.598,4.371,3.812,2,1,0
gen_03743,3,-8.007,2.501,4.412,4.002,2,1,0
gen_03743,4,-7.955,2.702,4.340,3.831,2,1,0
gen_03744,1,-7.670,2.799,4.520,inf,4,0,0
gen_03744,2,-7.639,2.727,4.471,inf,4,0,0
gen_03744,3,-7.629,2.732,4.426,inf,4,0,0
gen_03745,1,-7.761,2.753,4.207,inf,2,0,0
gen_03745,2,-7.677,2.718,4.196,inf,2,0,0
gen_03745,3,-7.658,2.745,3.985,inf,2,0,0
gen_03745,4,-7.431,2.733,4.229,inf,2,0,0
gen_03745,5,-7.389,2.804,4.262,inf,2,0,0
gen_03745,6,-7.011,15.780,17.349,inf,2,0,0
gen_03745,7,-6.938,14.795,15.945,inf,2,0,0
gen_03746,1,-8.002,11.917,12.316,5.328,2,1,0
gen_03746,2,-7.973,11.914,12.354,5.370,2,1,0
gen_03746,3,-7.410,12.022,12.589,4.311,2,1,0
gen_03747,1,-7.713,2.438,2.729,inf,2,0,0
gen_03747,2,-7.711,2.461,2.730,inf,2,0,0
gen_03747,3,-7.676,2.500,2.737,inf,2,0,0
gen_03747,4,-7.672,2.502,2.732,inf,2,0,0
gen_03748,1,-8.681,2.413,2.988,inf,2,0,0
gen_03748,2,-8.648,2.465,2.876,inf,2,0,0
gen_03748,3,-8.620,2.486,3.042,inf,2,0,0
gen_03748,4,-8.573,2.752,4.475,inf,2,0,0
gen_03749,1,-7.561,2.484,3.952,inf,4,0,0
gen_03749,2,-7.559,2.512,3.863,inf,4,0,0
gen_03749,3,-7.509,2.497,4.090,inf,4,0,0
gen_03749,4,-7.493,2.420,4.061,inf,4,0,0
gen_03749,5,-7.477,2.429,3.945,inf,4,0,0
gen_03749,6,-7.475,2.437,4.033,inf,4,0,0
gen_03750,1,-7.260,2.194,4.093,inf,2,0,0
gen_03751,1,-6.603,3.922,5.611,inf,2,0,0
gen_03751,2,-6.602,3.931,5.590,inf,2,0,0
gen_03751,3,-6.592,3.968,5.645,inf,2,0,0
gen_03751,4,-6.591,3.943,5.610,inf,2,0,0
gen_03751,5,-6.588,3.945,5.610,inf,2,0,0
gen_03751,6,-6.587,3.947,5.579,inf,2,0,0
gen_03751,7,-6.578,4.009,5.673,inf,2,0,0
gen_03751,8,-6.567,3.958,5.655,inf,2,0,0
gen_03751,9,-6.557,3.962,5.636,inf,2,0,0
gen_03752,1,-7.606,2.619,4.498,inf,2,0,0
gen_03752,2,-7.560,2.759,4.555,inf,2,0,0
gen_03753,1,-7.371,12.263,12.831,5.716,2,1,0
gen_03753,2,-7.325,12.437,12.773,5.731,2,1,0
gen_03753,3,-7.280,12.274,12.842,5.709,2,1,0
gen_03754,1,-7.353,2.833,4.540,4.835,2,1,0
gen_03754,2,-7.348,2.817,4.501,4.945,2,1,0
gen_03754,3,-7.347,2.794,4.463,4.869,2,1,0
gen_03754,4,-7.336,2.961,4.591,4.895,2,1,0
gen_03754,5,-7.333,2.840,4.519,4.904,2,1,0
gen_03754,6,-7.325,2.838,4.539,4.779,2,1,0
gen_03755,1,-6.439,2.730,4.466,inf,2,0,0
gen_03755,2,-6.396,2.730,4.464,inf,2,0,0
gen_03755,3,-6.313,2.831,4.287,inf,2,0,0
gen_03755,4,-6.259,2.786,4.269,inf,2,0,0
gen_03756,1,-6.483,2.721,4.183,inf,4,0,0
gen_03756,2,-6.463,2.718,4.255,inf,4,0,0
gen_03756,3,-6.458,2.713,4.007,inf,4,0,0
gen_03756,4,-6.455,2.672,4.128,inf,4,0,0
gen_03756,5,-6.443,2.669,3.989,inf,4,0,0
gen_03756,6,-6.401,2.725,3.823,inf,4,0,0
gen_03756,7,-6.354,2.723,3.806,inf,4,0,0
gen_03757,1,-7.054,2.798,4.422,10.737,2,1,0
gen_03757,2,-7.003,14.768,14.885,2.987,2,1,0
gen_03758,1,-8.149,2.546,4.448,4.424,2,1,0
gen_03758,2,-8.052,2.544,4.509,4.404,2,1,0
gen_03759,1,-7.358,2.601,4.665,3.803,2,1,0
gen_03760,1,-7.531,2.555,4.584,inf,2,0,0
gen_03760,2,-7.496,2.537,4.604,inf,2,0,0
gen_03760,3,-7.483,2.550,4.583,inf,2,0,0
gen_03760,4,-7.444,2.359,4.483,inf,2,0,0
gen_03760,5,-6.962,16.399,17.237,inf,2,0,0
gen_03761,1,-7.107,3.500,4.351,inf,2,0,0
gen_03761,2,-7.030,3.820,5.193,inf,2,0,0
gen_03761,3,-6.831,4.269,5.742,inf,2,0,0
gen_03761,4,-6.732,3.183,4.542,inf,2,0,0
gen_03761,5,-6.710,8.633,9.143,inf,2,0,0
gen_03761,6,-6.635,8.573,8.936,inf,2,0,0
gen_03762,1,-7.383,2.822,4.396,inf,2,0,0
gen_03762,2,-7.378,2.725,4.388,inf,2,0,0
gen_03762,3,-7.378,2.734,4.381,inf,2,0,0
gen_03762,4,-7.372,2.809,4.378,inf,2,0,0
gen_03763,1,-8.361,3.788,5.648,3.043,2,1,0
gen_03764,1,-8.578,2.309,2.830,inf,2,0,0
gen_03764,2,-8.560,2.379,2.746,inf,2,0,0
gen_03764,3,-8.551,2.507,2.948,inf,2,0,0
gen_03764,4,-8.466,2.687,2.721,inf,2,0,0
gen_03764,5,-8.456,2.979,4.412,inf,2,0,0
gen_03764,6,-8.443,3.084,4.487,inf,2,0,0
gen_03764,7,-8.411,2.643,2.825,inf,2,0,0
gen_03764,8,-8.334,3.147,4.289,inf,2,0,0
gen_03764,9,-8.320,12.697,13.006,inf,2,0,0
gen_03764,10,-8.252,12.601,13.050,inf,2,0,0
gen_03764,11,-8.142,2.677,2.690,inf,2,0,0
gen_03764,12,-8.127,12.790,12.808,inf,2,0,0
gen_03765,1,-8.003,15.114,16.134,inf,2,0,0
gen_03765,2,-7.986,15.016,16.124,inf,2,0,0
gen_03765,3,-7.974,14.941,15.886,inf,2,0,0
gen_03765,4,-7.965,14.886,16.106,inf,2,0,0
gen_03766,1,-8.039,3.168,4.369,9.188,2,1,0
gen_03766,2,-7.997,3.006,4.419,9.276,2,1,0
gen_03766,3,-7.976,3.231,4.425,9.332,2,1,0
gen_03766,4,-7.968,3.182,4.550,9.284,2,1,0
gen_03766,5,-7.964,3.201,4.342,9.323,2,1,0
gen_03766,6,-7.960,3.216,4.402,10.201,2,1,0
gen_03766,7,-7.765,16.363,16.998,3.191,2,1,0
gen_03766,8,-7.746,16.373,17.018,3.178,2,1,0
gen_03767,1,-6.420,2.742,2.774,inf,4,0,0
gen_03767,2,-6.339,2.605,2.630,inf,4,0,0
gen_03767,3,-6.287,2.755,2.782,inf,4,0,0
gen_03768,1,-7.198,2.298,4.428,inf,2,0,0
gen_03768,2,-7.195,2.282,4.442,inf,2,0,0
gen_03768,3,-7.161,2.862,4.634,inf,2,0,0
gen_03768,4,-7.139,2.439,4.198,inf,2,0,0
gen_03768,5,-7.113,6.820,8.862,inf,2,0,0
gen_03768,6,-7.112,2.796,4.608,inf,2,0,0
gen_03768,7,-7.063,6.873,8.915,inf,2,0,0
gen_03768,8,-7.055,2.767,4.587,inf,2,0,0
gen_03768,9,-6.980,9.902,10.454,inf,2,0,0
gen_03769,1,-8.208,2.669,4.480,6.647,2,1,0
gen_03769,2,-8.185,2.764,4.507,6.628,2,1,0
gen_03769,3,-7.941,3.178,4.555,7.261,2,1,0
gen_03769,4,-7.933,3.247,4.554,7.276,2,1,0
gen_03770,1,-8.089,2.715,4.360,6.721,2,1,0
gen_03770,2,-8.069,2.785,4.495,6.347,2,1,0
gen_03770,3,-8.045,2.761,4.516,6.352,2,1,0
gen_03770,4,-8.037,2.809,4.544,6.420,2,1,0
gen_03770,5,-8.011,2.807,4.547,6.252,2,1,0
gen_03771,1,-7.913,2.733,4.601,inf,2,0,0
gen_03771,2,-7.796,2.783,4.524,inf,2,0,0
gen_03771,3,-7.332,2.211,4.377,inf,2,0,0
gen_03771,4,-7.289,2.202,4.401,inf,2,0,0
gen_03772,1,-6.760,2.386,4.467,inf,2,0,0
gen_03773,1,-7.702,2.807,4.351,6.122,4,1,0
gen_03773,2,-7.696,2.849,4.386,6.075,4,1,0
gen_03773,3,-7.589,2.821,4.355,6.063,4,1,0
gen_03774,1,-6.704,2.592,3.701,inf,2,0,0
gen_03774,2,-6.635,2.600,3.594,inf,2,0,0
gen_03774,3,-6.615,2.545,3.676,inf,2,0,0
gen_03774,4,-6.607,2.569,3.695,inf,2,0,0
gen_03775,1,-8.359,2.727,3.933,6.757,2,1,0
gen_03775,2,-8.354,2.778,4.342,6.156,2,1,0
gen_03775,3,-8.292,2.706,3.740,7.001,2,1,0
gen_03775,4,-8.265,2.684,3.482,6.575,2,1,0
gen_03776,1,-6.358,2.506,4.311,inf,2,0,0
gen_03776,2,-6.321,2.431,4.395,inf,2,0,0
gen_03776,3,-6.303,2.385,4.404,inf,2,0,0
gen_03776,4,-6.235,2.696,4.618,inf,2,0,0
gen_03777,1,-8.553,2.677,4.265,inf,4,0,0
gen_03777,2,-8.453,2.716,4.140,inf,4,0,0
gen_03777,3,-8.449,2.696,4.255,inf,4,0,0
gen_03777,4,-8.436,2.657,4.235,inf,4,0,0
gen_03777,5,-8.406,2.761,4.119,inf,4,0,0
gen_03777,6,-8.400,2.733,4.192,inf,4,0,0
gen_03777,7,-8.334,2.694,4.313,inf,4,0,0
gen_03777,8,-8.306,2.743,4.067,inf,4,0,0
gen_03778,1,-7.038,12.757,13.155,inf,2,0,0
gen_03778,2,-7.022,12.589,13.293,inf,2,0,0
gen_03778,3,-7.007,12.731,13.187,inf,2,0,0
gen_03778,4,-7.002,12.567,13.315,inf,2,0,0
gen_03778,5,-7.002,12.743,13.193,inf,2,0,0
gen_03778,6,-6.998,12.593,13.273,inf,2,0,0
gen_03778,7,-6.952,12.788,13.003,inf,2,0,0
gen_03778,8,-6.935,12.592,13.316,inf,2,0,0
gen_03779,1,-7.724,2.875,4.536,inf,2,0,0
gen_03780,1,-7.081,13.566,14.789,inf,2,0,0
gen_03780,2,-7.045,13.589,14.868,inf,2,0,0
gen_03780,3,-7.042,13.575,14.854,inf,2,0,0
gen_03780,4,-7.039,13.543,14.820,inf,2,0,0
gen_03781,1,-7.254,2.642,4.494,inf,2,0,0
gen_03781,2,-7.232,2.767,4.638,inf,2,0,0
gen_03781,3,-7.225,2.751,4.567,inf,2,0,0
gen_03781,4,-7.204,2.708,4.579,inf,2,0,0
gen_03782,1,-8.102,2.754,4.421,inf,2,0,0
gen_03782,2,-8.092,2.767,4.419,inf,2,0,0
gen_03782,3,-8.022,2.773,4.470,inf,2,0,0
gen_03782,4,-7.950,2.812,4.340,inf,2,0,0
gen_03782,5,-7.907,2.757,4.112,inf,2,0,0
gen_03783,1,-7.393,3.373,4.432,inf,2,0,0
gen_03783,2,-7.344,2.774,3.939,inf,2,0,0
gen_03784,1,-8.352,3.513,4.429,inf,2,0,0
gen_03784,2,-8.242,3.624,4.409,inf,2,0,0
gen_03784,3,-8.201,3.686,4.348,inf,2,0,0
gen_03785,1,-8.966,14.251,15.531,6.789,2,1,0
gen_03785,2,-8.852,14.224,15.638,6.772,2,1,0
gen_03785,3,-8.668,2.978,4.401,7.915,2,1,0
gen_03786,1,-8.647,2.479,2.742,4.537,2,1,0
gen_03787,1,-8.213,2.747,3.850,inf,2,0,0
gen_03788,1,-8.178,2.697,4.007,inf,2,0,0
gen_03788,2,-8.169,2.702,4.153,inf,2,0,0
gen_03788,3,-8.157,2.750,3.890,inf,2,0,0
gen_03788,4,-8.107,2.710,3.946,inf,2,0,0
gen_03788,5,-8.075,2.649,4.143,inf,2,0,0
gen_03788,6,-8.061,2.689,3.829,inf,2,0,0
gen_03788,7,-8.048,2.649,4.130,inf,2,0,0
gen_03788,8,-7.975,2.814,4.342,inf,2,0,0
gen_03788,9,-7.960,2.709,4.342,inf,2,0,0
gen_03789,1,-7.723,2.687,3.661,inf,2,0,0
gen_03790,1,-163.205,5.181,6.586,inf,4,0,0
gen_03790,2,-159.319,5.251,5.766,inf,4,0,0
gen_03791,1,-6.951,2.766,4.511,inf,2,0,0
gen_03791,2,-6.931,2.837,4.368,inf,2,0,0
gen_03792,1,-7.899,2.564,4.394,inf,2,0,0
gen_03792,2,-7.872,2.593,4.353,inf,2,0,0
gen_03792,3,-7.461,2.737,3.557,inf,2,0,0
gen_03793,1,-7.042,2.731,4.281,inf,2,0,0
gen_03793,2,-7.024,2.733,4.273,inf,2,0,0
gen_03794,1,-8.378,3.080,4.872,inf,2,0,0
gen_03794,2,-8.368,3.045,4.855,inf,2,0,0
gen_03794,3,-8.349,3.060,4.864,inf,2,0,0
gen_03794,4,-7.658,3.249,4.699,inf,2,0,0
gen_03795,1,-7.086,2.701,4.396,4.416,2,1,0
gen_03795,2,-7.070,2.691,4.437,4.401,2,1,0
gen_03795,3,-7.029,2.688,4.477,4.493,2,1,0
gen_03796,1,-7.549,11.798,12.517,inf,2,0,0
gen_03797,1,-8.249,2.731,3.157,inf,2,0,0
gen_03797,2,-8.248,2.639,3.038,inf,2,0,0
gen_03797,3,-8.168,2.577,3.347,inf,2,0,0
gen_03797,4,-8.150,2.685,3.050,inf,2,0,0
gen_03797,5,-8.096,2.702,3.011,inf,2,0,0
gen_03797,6,-8.093,2.657,3.060,inf,2,0,0
gen_03798,1,-7.822,2.280,4.340,inf,2,0,0
gen_03799,1,-8.358,2.709,4.376,inf,2,0,0
gen_03799,2,-8.300,2.700,4.331,inf,2,0,0
gen_03799,3,-8.280,2.683,4.343,inf,2,0,0
gen_03799,4,-8.275,2.749,4.419,inf,2,0,0
gen_03799,5,-8.251,2.711,4.357,inf,2,0,0
gen_03800,1,-6.870,2.213,4.314,inf,2,0,0
gen_03801,1,-7.102,3.568,4.872,inf,2,0,0
gen_03801,2,-7.076,3.516,4.916,inf,2,0,0
gen_03801,3,-7.032,3.511,4.932,inf,2,0,0
gen_03802,1,-7.582,8.004,8.165,inf,2,0,0
gen_03802,2,-7.578,7.816,8.252,inf,2,0,0
gen_03802,3,-7.572,7.807,8.297,inf,2,0,0
gen_03802,4,-7.570,7.953,8.142,inf,2,0,0
gen_03803,1,-7.424,3.132,4.453,inf,2,0,0
gen_03804,1,-7.515,2.513,3.842,7.617,2,1,0
gen_03804,2,-7.453,2.464,3.840,7.615,2,1,0
gen_03804,3,-7.198,2.485,3.761,7.860,2,1,0
gen_03805,1,-7.779,2.851,4.542,5.991,2,1,0
gen_03805,2,-7.661,2.835,4.490,8.057,2,1,0
gen_03806,1,-7.714,2.466,2.802,inf,2,0,0
gen_03806,2,-7.713,2.794,4.246,inf,2,0,0
gen_03806,3,-7.699,2.459,2.843,inf,2,0,0
gen_03806,4,-7.694,2.878,4.298,inf,2,0,0
gen_03806,5,-7.671,2.617,2.811,inf,2,0,0
gen_03806,6,-7.613,2.634,2.786,inf,2,0,0
gen_03807,1,-8.024,2.729,4.454,inf,2,0,0
gen_03807,2,-7.795,14.886,15.172,inf,2,0,0
gen_03807,3,-7.792,14.811,15.195,inf,2,0,0
gen_03808,1,-7.510,2.766,4.241,inf,2,0,0
gen_03808,2,-7.460,2.718,4.229,inf,2,0,0
gen_03808,3,-7.425,2.397,2.770,inf,2,0,0
gen_03808,4,-7.391,2.429,2.796,inf,2,0,0
gen_03809,1,-7.934,8.548,9.488,inf,2,0,0
gen_03809,2,-7.835,8.588,9.454,inf,2,0,0
gen_03810,1,-8.404,2.848,4.431,inf,2,0,0
gen_03810,2,-8.291,2.868,4.399,inf,2,0,0
gen_03811,1,-7.623,8.849,10.636,inf,2,0,0
gen_03811,2,-7.619,8.983,10.805,inf,2,0,0
gen_03811,3,-7.587,3.225,4.447,inf,2,0,0
gen_03811,4,-7.586,2.685,3.701,inf,2,0,0
gen_03811,5,-7.581,2.678,3.873,inf,2,0,0
gen_03811,6,-7.551,2.562,2.703,inf,2,0,0
gen_03811,7,-7.550,2.928,4.417,inf,2,0,0
gen_03811,8,-7.549,3.313,4.476,inf,2,0,0
gen_03811,9,-7.537,2.733,3.929,inf,2,0,0
gen_03811,10,-7.521,3.201,4.600,inf,2,0,0
gen_03811,11,-7.513,9.003,10.291,inf,2,0,0
gen_03812,1,-7.406,2.629,3.610,inf,2,0,0
gen_03812,2,-7.371,2.584,3.598,inf,2,0,0
gen_03812,3,-7.363,2.601,3.551,inf,2,0,0
gen_03812,4,-7.288,2.494,3.607,inf,2,0,0
gen_03812,5,-7.277,2.494,3.591,inf,2,0,0
gen_03813,1,-8.725,2.761,4.462,inf,4,0,0
gen_03813,2,-8.691,2.741,4.431,inf,4,0,0
gen_03814,1,-8.386,8.391,9.334,inf,2,0,0
gen_03814,2,-8.293,8.401,9.303,inf,2,0,0
gen_03814,3,-8.270,8.423,9.308,inf,2,0,0
gen_03815,1,-7.408,4.440,4.839,8.902,2,1,0
gen_03815,2,-7.381,4.432,4.813,8.911,2,1,0
gen_03816,1,-7.886,3.175,4.454,inf,2,0,0
gen_03816,2,-7.881,2.831,4.432,inf,2,0,0
gen_03817,1,-7.538,2.685,4.376,inf,2,0,0
gen_03818,1,-7.327,2.769,4.569,inf,2,0,0
gen_03818,2,-7.326,2.704,4.506,inf,2,0,0
gen_03818,3,-7.288,2.809,4.577,inf,2,0,0
gen_03818,4,-7.254,2.770,4.527,inf,2,0,0
gen_03819,1,-6.820,3.019,4.502,inf,4,0,0
gen_03819,2,-6.786,2.830,4.405,inf,4,0,0
gen_03820,1,-7.612,2.816,4.513,inf,2,0,0
gen_03820,2,-7.576,2.758,4.676,inf,2,0,0
gen_03821,1,-7.553,2.844,4.548,inf,4,0,0
gen_03821,2,-7.541,2.796,4.476,inf,4,0,0
gen_03821,3,-7.434,2.711,4.508,inf,4,0,0
gen_03821,4,-7.373,2.877,4.430,inf,4,0,0
gen_03821,5,-7.370,2.770,4.438,inf,4,0,0
gen_03821,6,-7.364,2.792,4.458,inf,4,0,0
gen_03821,7,-7.356,2.714,4.474,inf,4,0,0
gen_03821,8,-7.338,2.706,4.441,inf,4,0,0
gen_03821,9,-7.337,2.727,4.493,inf,4,0,0
gen_03821,10,-7.292,2.778,4.459,inf,4,0,0
gen_03822,1,-8.012,2.783,4.460,inf,2,0,0
gen_03822,2,-8.001,2.778,4.480,inf,2,0,0
gen_03822,3,-7.999,2.776,4.491,inf,2,0,0
gen_03822,4,-7.963,2.948,4.454,inf,2,0,0
gen_03823,1,-7.236,2.451,4.409,inf,2,0,0
gen_03823,2,-7.181,2.374,4.386,inf,2,0,0
gen_03823,3,-7.122,14.002,15.280,inf,2,0,0
gen_03824,1,-7.227,2.771,4.100,inf,2,0,0
gen_03824,2,-7.188,2.757,4.131,inf,2,0,0
gen_03824,3,-7.067,3.006,4.068,inf,2,0,0
gen_03824,4,-7.032,2.806,4.161,inf,2,0,0
gen_03824,5,-6.865,3.420,5.209,inf,2,0,0
gen_03824,6,-6.832,3.401,5.158,inf,2,0,0
gen_03824,7,-6.799,2.799,4.463,inf,2,0,0
gen_03825,1,-7.985,2.509,2.768,4.595,2,1,0
gen_03825,2,-7.981,2.556,2.731,4.661,2,1,0
gen_03825,3,-7.940,2.590,2.793,4.770,2,1,0
gen_03825,4,-7.912,2.501,2.764,4.476,2,1,0
gen_03825,5,-7.887,2.561,2.776,4.616,2,1,0
gen_03825,6,-7.858,2.539,2.713,4.268,2,1,0
gen_03825,7,-7.857,2.581,4.482,5.243,2,1,0
gen_03825,8,-7.855,2.518,2.698,4.455,2,1,0
gen_03825,9,-7.855,2.606,2.770,5.143,2,1,0
gen_03825,10,-7.786,2.603,2.830,5.105,2,1,0
gen_03826,1,-7.810,10.175,11.493,9.269,2,1,0
gen_03826,2,-7.788,15.417,15.572,5.285,2,1,0
gen_03826,3,-7.780,10.215,11.519,9.238,2,1,0
gen_03826,4,-7.776,10.587,11.415,9.302,2,1,0
gen_03826,5,-7.744,15.492,15.527,5.297,2,1,0
gen_03826,6,-7.714,15.581,15.965,5.184,2,1,0
gen_03826,7,-7.659,15.390,15.558,5.185,2,1,0
gen_03827,1,-7.831,2.740,4.449,inf,2,0,0
gen_03827,2,-7.781,2.691,4.360,inf,2,0,0
gen_03828,1,-7.543,2.616,2.629,inf,2,0,0
gen_03828,2,-7.495,2.566,2.647,inf,2,0,0
gen_03828,3,-7.233,15.290,16.047,inf,2,0,0
gen_03828,4,-7.227,15.229,16.052,inf,2,0,0
gen_03828,5,-7.210,15.218,16.023,inf,2,0,0
gen_03828,6,-7.110,2.313,4.389,inf,2,0,0
gen_03829,1,-7.254,2.821,4.251,inf,4,0,0
gen_03829,2,-7.209,2.832,4.349,inf,4,0,0
gen_03829,3,-7.148,2.812,4.176,inf,4,0,0
gen_03830,1,-8.258,2.791,4.446,inf,4,0,0
gen_03830,2,-8.244,2.797,4.438,inf,4,0,0
gen_03830,3,-8.203,2.829,4.455,inf,4,0,0
gen_03830,4,-8.197,2.737,4.333,inf,4,0,0
gen_03830,5,-8.196,2.768,4.428,inf,4,0,0
gen_03830,6,-8.170,2.792,4.489,inf,4,0,0
gen_03830,7,-8.167,2.875,4.460,inf,4,0,0
gen_03830,8,-8.164,2.733,4.472,inf,4,0,0
gen_03830,9,-8.153,2.782,4.302,inf,4,0,0
gen_03830,10,-8.140,2.734,4.427,inf,4,0,0
gen_03831,1,-8.062,2.809,4.541,4.057,2,1,0
gen_03831,2,-7.980,2.808,4.503,4.077,2,1,0
gen_03831,3,-7.973,2.793,4.489,4.129,2,1,0
gen_03831,4,-7.961,2.796,4.494,4.113,2,1,0
gen_03832,1,-6.693,2.850,4.350,inf,2,0,0
gen_03832,2,-6.640,2.822,4.407,inf,2,0,0
gen_03833,1,-7.352,2.683,4.481,inf,2,0,0
gen_03833,2,-7.263,2.765,4.480,inf,2,0,0
gen_03833,3,-7.238,2.803,4.545,inf,2,0,0
gen_03833,4,-7.233,2.774,4.548,inf,2,0,0
gen_03833,5,-7.113,2.747,4.415,inf,2,0,0
gen_03833,6,-7.108,2.711,4.358,inf,2,0,0
gen_03834,1,-7.273,2.956,4.719,3.412,2,1,1
gen_03834,2,-7.271,3.045,4.775,3.305,2,1,1
gen_03834,3,-7.150,4.107,4.565,3.026,2,1,0
gen_03834,4,-7.105,4.031,4.518,3.045,2,1,0
gen_03834,5,-7.086,4.057,4.434,2.985,2,1,0
gen_03835,1,-8.019,2.821,4.404,inf,2,0,0
gen_03835,2,-8.018,2.828,4.437,inf,2,0,0
gen_03836,1,-8.524,2.954,4.241,inf,2,0,0
gen_03836,2,-8.398,3.904,4.723,inf,2,0,0
gen_03836,3,-8.354,3.878,4.714,inf,2,0,0
gen_03836,4,-8.350,2.855,3.664,inf,2,0,0
gen_03836,5,-8.325,3.976,4.757,inf,2,0,0
gen_03836,6,-8.267,2.815,3.626,inf,2,0,0
gen_03836,7,-8.222,2.763,3.613,inf,2,0,0
gen_03836,8,-8.151,2.986,4.195,inf,2,0,0
gen_03836,9,-2.408,3.939,4.476,inf,2,0,0
gen_03837,1,-7.421,2.721,3.681,inf,2,0,0
gen_03837,2,-7.401,2.767,3.794,inf,2,0,0
gen_03837,3,-7.386,4.025,5.510,inf,2,0,0
gen_03837,4,-7.379,2.828,3.735,inf,2,0,0
gen_03837,5,-7.350,3.857,5.553,inf,2,0,0
gen_03837,6,-7.291,3.834,5.483,inf,2,0,0
gen_03838,1,-7.009,8.011,8.125,3.821,2,1,0
gen_03838,2,-7.007,7.990,8.117,3.806,2,1,0
gen_03839,1,-93.862,11.607,12.002,inf,2,0,0
gen_03840,1,-7.549,2.776,4.524,inf,2,0,0
gen_03840,2,-7.506,2.797,4.539,inf,2,0,0
gen_03841,1,-6.834,8.192,8.614,inf,2,0,0
gen_03841,2,-6.808,8.221,8.730,inf,2,0,0
gen_03841,3,-6.794,8.270,8.727,inf,2,0,0
gen_03841,4,-6.791,8.131,8.705,inf,2,0,0
gen_03841,5,-6.788,8.215,8.634,inf,2,0,0
gen_03842,1,-7.449,2.644,3.091,inf,4,0,0
gen_03842,2,-7.445,2.696,3.219,inf,4,0,0
gen_03842,3,-7.373,2.504,3.282,inf,4,0,0
gen_03842,4,-7.369,2.618,3.423,inf,4,0,0
gen_03842,5,-7.279,2.717,3.707,inf,4,0,0
gen_03842,6,-7.272,2.793,4.417,inf,4,0,0
gen_03842,7,-7.196,2.685,4.356,inf,4,0,0
gen_03843,1,-7.643,2.819,4.571,inf,2,0,0
gen_03843,2,-7.632,2.845,4.574,inf,2,0,0
gen_03843,3,-7.579,2.853,4.631,inf,2,0,0
gen_03843,4,-7.528,2.821,4.576,inf,2,0,0
gen_03843,5,-7.317,15.570,17.044,inf,2,0,0
gen_03843,6,-7.275,15.260,15.592,inf,2,0,0
gen_03844,1,-7.926,2.658,4.280,inf,2,0,0
gen_03844,2,-7.839,2.697,4.175,inf,2,0,0
gen_03845,1,-7.378,2.232,3.563,inf,2,0,0
gen_03845,2,-7.371,12.417,12.635,inf,2,0,0
gen_03845,3,-7.366,2.396,4.279,inf,2,0,0
gen_03845,4,-7.336,12.452,12.642,inf,2,0,0
gen_03845,5,-7.191,12.601,12.639,inf,2,0,0
gen_03846,1,-7.204,2.181,4.385,inf,4,0,0
gen_03846,2,-7.187,2.202,4.348,inf,4,0,0
gen_03846,3,-7.183,2.201,4.352,inf,4,0,0
gen_03846,4,-7.180,2.201,4.381,inf,4,0,0
gen_03847,1,-7.064,3.773,5.066,inf,2,0,0
gen_03848,1,-7.903,3.019,4.639,inf,2,0,0
gen_03848,2,-7.877,2.979,4.595,inf,2,0,0
gen_03848,3,-7.865,2.931,4.611,inf,2,0,0
gen_03848,4,-7.855,2.836,4.542,inf,2,0,0
gen_03848,5,-7.835,2.795,4.555,inf,2,0,0
gen_03848,6,-7.834,2.755,4.564,inf,2,0,0
gen_03848,7,-7.819,2.981,4.621,inf,2,0,0
gen_03848,8,-7.702,2.346,2.816,inf,2,0,0
gen_03848,9,-7.605,2.316,2.818,inf,2,0,0
gen_03848,10,-7.603,2.375,2.991,inf,2,0,0
gen_03848,11,-7.502,2.462,3.228,inf,2,0,0
gen_03848,12,-7.461,2.227,3.237,inf,2,0,0
gen_03849,1,-6.816,2.715,4.470,inf,2,0,0
gen_03849,2,-6.780,2.776,4.440,inf,2,0,0
gen_03850,1,-8.161,2.723,4.497,inf,2,0,0
gen_03850,2,-8.160,2.762,4.527,inf,2,0,0
gen_03850,3,-8.144,2.597,4.001,inf,2,0,0
gen_03850,4,-8.122,2.570,3.981,inf,2,0,0
gen_03850,5,-8.105,2.584,3.976,inf,2,0,0
gen_03850,6,-8.073,2.746,4.631,inf,2,0,0
gen_03850,7,-8.071,2.564,3.872,inf,2,0,0
gen_03850,8,-8.064,2.768,4.419,inf,2,0,0
gen_03850,9,-8.052,2.535,3.960,inf,2,0,0
gen_03851,1,-7.976,2.468,2.787,inf,2,0,0
gen_03851,2,-7.971,2.482,2.797,inf,2,0,0
gen_03851,3,-7.967,2.462,2.832,inf,2,0,0
gen_03851,4,-7.956,2.462,2.819,inf,2,0,0
gen_03852,1,-7.513,2.727,4.381,inf,2,0,0
gen_03852,2,-7.346,2.754,4.428,inf,2,0,0
gen_03852,3,-7.269,2.733,4.416,inf,2,0,0
gen_03852,4,-7.220,2.756,4.480,inf,2,0,0
gen_03852,5,-7.203,2.757,4.429,inf,2,0,0
gen_03853,1,-6.909,7.008,7.813,inf,2,0,0
gen_03853,2,-6.906,2.816,4.514,inf,2,0,0
gen_03853,3,-6.853,10.755,11.708,inf,2,0,0
gen_03853,4,-6.835,2.815,4.500,inf,2,0,0
gen_03853,5,-6.811,10.412,11.766,inf,2,0,0
gen_03853,6,-6.798,10.423,11.855,inf,2,0,0
gen_03853,7,-6.765,2.731,4.225,inf,2,0,0
gen_03853,8,-6.714,7.205,8.323,inf,2,0,0
gen_03853,9,-6.699,7.131,8.762,inf,2,0,0
gen_03854,1,-6.921,2.814,4.446,inf,2,0,0
gen_03854,2,-6.915,2.747,4.437,inf,2,0,0
gen_03854,3,-6.915,2.779,4.505,inf,2,0,0
gen_03854,4,-6.905,2.784,4.426,inf,2,0,0
gen_03854,5,-6.898,2.773,4.409,inf,2,0,0
gen_03854,6,-6.892,2.753,4.400,inf,2,0,0
gen_03854,7,-6.884,2.799,4.395,inf,2,0,0
gen_03854,8,-6.842,2.771,4.515,inf,2,0,0
gen_03854,9,-6.825,2.792,4.529,inf,2,0,0
gen_03855,1,-7.385,2.804,4.472,inf,2,0,0
gen_03855,2,-7.384,2.758,4.430,inf,2,0,0
gen_03855,3,-7.373,2.764,4.430,inf,2,0,0
gen_03855,4,-7.370,2.707,4.356,inf,2,0,0
gen_03856,1,-7.281,2.710,3.908,inf,2,0,0
gen_03856,2,-7.227,2.797,4.608,inf,2,0,0
gen_03856,3,-7.147,2.799,4.142,inf,2,0,0
gen_03856,4,-7.133,2.749,3.959,inf,2,0,0
gen_03856,5,-7.129,2.685,3.812,inf,2,0,0
gen_03856,6,-7.123,2.707,4.494,inf,2,0,0
gen_03856,7,-7.074,2.775,4.438,inf,2,0,0
gen_03856,8,-7.058,2.867,4.354,inf,2,0,0
gen_03856,9,-7.037,2.782,4.476,inf,2,0,0
gen_03856,10,-7.026,2.743,4.457,inf,2,0,0
gen_03856,11,-6.976,2.804,4.437,inf,2,0,0
gen_03857,1,-6.185,2.707,4.457,inf,2,0,0
gen_03857,2,-6.175,8.545,8.933,inf,2,0,0
gen_03857,3,-6.148,8.557,9.002,inf,2,0,0
gen_03857,4,-6.144,2.749,4.440,inf,2,0,0
gen_03858,1,-6.911,3.019,4.549,inf,2,0,0
gen_03858,2,-6.822,2.740,4.350,inf,2,0,0
gen_03858,3,-6.795,2.856,4.494,inf,2,0,0
gen_03858,4,-6.693,3.025,4.464,inf,2,0,0
gen_03858,5,-6.641,3.020,4.459,inf,2,0,0
gen_03859,1,-7.410,7.318,7.468,inf,2,0,0
gen_03859,2,-7.378,6.678,7.073,inf,2,0,0
gen_03859,3,-7.372,7.184,7.478,inf,2,0,0
gen_03859,4,-7.368,7.256,7.798,inf,2,0,0
gen_03859,5,-7.367,6.574,6.993,inf,2,0,0
gen_03859,6,-7.353,14.723,14.866,inf,2,0,0
gen_03859,7,-7.285,14.709,14.809,inf,2,0,0
gen_03859,8,-7.219,13.576,15.641,inf,2,0,0
gen_03860,1,-7.325,2.125,2.732,inf,4,0,0
gen_03860,2,-7.299,2.078,2.742,inf,4,0,0
gen_03860,3,-7.294,2.105,2.715,inf,4,0,0
gen_03860,4,-7.269,2.187,2.665,inf,4,0,0
gen_03861,1,-6.768,2.878,4.366,inf,2,0,0
gen_03861,2,-6.761,2.851,4.355,inf,2,0,0
gen_03862,1,-7.508,2.735,3.759,inf,2,0,0
gen_03862,2,-7.497,2.753,3.766,inf,2,0,0
gen_03863,1,-6.874,3.575,4.567,inf,2,0,0
gen_03863,2,-6.848,3.576,4.545,inf,2,0,0
gen_03863,3,-6.796,3.602,4.505,inf,2,0,0
gen_03863,4,-6.793,6.496,6.738,inf,2,0,0
gen_03863,5,-6.786,6.503,6.854,inf,2,0,0
gen_03863,6,-6.777,6.473,6.854,inf,2,0,0
gen_03863,7,-6.772,6.442,6.721,inf,2,0,0
gen_03863,8,-6.770,3.612,4.530,inf,2,0,0
gen_03863,9,-6.766,6.589,6.719,inf,2,0,0
gen_03864,1,-7.632,2.698,4.388,7.189,2,1,0
gen_03864,2,-7.166,2.716,4.420,4.103,2,1,0
gen_03864,3,-7.144,2.686,4.362,4.024,2,1,0
gen_03864,4,-7.115,2.691,4.284,3.879,2,1,0
gen_03864,5,-6.996,2.647,4.393,3.953,2,1,0
gen_03864,6,-6.973,9.593,10.085,6.708,2,1,0
gen_03864,7,-6.923,9.523,10.139,6.780,2,1,0
gen_03865,1,-8.431,2.800,4.520,4.162,2,2,0
gen_03865,2,-8.424,2.794,4.515,4.172,2,2,0
gen_03866,1,-7.408,2.801,4.610,inf,2,0,0
gen_03866,2,-7.358,2.808,4.521,inf,2,0,0
gen_03866,3,-7.220,2.683,4.476,inf,2,0,0
gen_03866,4,-7.172,2.737,4.457,inf,2,0,0
gen_03866,5,-7.017,2.807,4.286,inf,2,0,0
gen_03866,6,-6.999,13.340,13.669,inf,2,0,0
gen_03866,7,-6.984,13.257,13.556,inf,2,0,0
gen_03866,8,-6.880,9.824,10.121,inf,2,0,0
gen_03867,1,-6.832,2.855,4.504,inf,2,0,0
gen_03867,2,-6.803,3.068,4.584,inf,2,0,0
gen_03867,3,-6.800,2.829,4.503,inf,2,0,0
gen_03868,1,-7.319,14.481,15.983,5.658,2,1,0
gen_03868,2,-7.311,14.487,15.943,5.681,2,1,0
gen_03868,3,-7.272,14.474,15.929,5.663,2,1,0
gen_03869,1,-8.242,2.809,4.545,inf,4,0,0
gen_03869,2,-8.233,2.798,4.532,inf,4,0,0
gen_03870,1,-8.031,2.291,4.189,3.156,2,1,1
gen_03870,2,-7.916,2.418,3.936,3.175,2,1,1
gen_03870,3,-7.798,2.201,4.396,5.445,2,1,0
gen_03871,1,-8.640,2.810,4.541,inf,2,0,0
gen_03871,2,-8.608,2.808,4.490,inf,2,0,0
gen_03871,3,-8.604,2.719,4.357,inf,2,0,0
gen_03871,4,-8.603,2.796,4.580,inf,2,0,0
gen_03871,5,-8.569,2.796,4.432,inf,2,0,0
gen_03871,6,-8.545,2.890,4.280,inf,2,0,0
gen_03871,7,-8.535,2.806,4.592,inf,2,0,0
gen_03871,8,-8.512,2.814,4.567,inf,2,0,0
gen_03871,9,-8.506,2.853,4.204,inf,2,0,0
gen_03871,10,-8.484,2.807,4.413,inf,2,0,0
gen_03871,11,-8.477,2.795,4.420,inf,2,0,0
gen_03872,1,-7.440,2.757,3.978,inf,2,0,0
gen_03872,2,-7.421,2.763,3.920,inf,2,0,0
gen_03873,1,-7.631,2.714,4.493,4.183,2,1,0
gen_03873,2,-7.566,2.786,4.503,4.139,2,1,0
gen_03873,3,-7.555,15.044,16.073,6.419,2,1,0
gen_03873,4,-7.551,2.758,4.403,4.158,2,1,0
gen_03873,5,-7.531,15.129,16.141,6.379,2,1,0
gen_03873,6,-7.389,14.863,15.458,5.810,2,1,0
gen_03873,7,-7.319,14.750,15.565,5.783,2,1,0
gen_03874,1,-7.233,2.689,3.884,inf,2,0,0
gen_03874,2,-7.189,2.721,3.916,inf,2,0,0
gen_03875,1,-8.001,3.153,4.530,2.899,2,1,1
gen_03875,2,-7.927,3.168,4.593,2.881,2,1,1
gen_03875,3,-7.688,3.361,4.613,3.006,2,1,0
gen_03875,4,-7.669,3.335,4.568,3.024,2,1,0
gen_03875,5,-7.659,2.814,4.457,4.347,2,1,0
gen_03875,6,-7.640,2.751,4.419,4.491,2,1,0
gen_03875,7,-7.636,2.748,4.428,4.482,2,1,0
gen_03875,8,-7.627,2.751,4.427,4.503,2,1,0
gen_03875,9,-7.606,2.780,4.437,4.481,2,1,0
gen_03876,1,-7.268,9.108,10.942,5.696,2,1,0
gen_03876,2,-7.260,10.113,10.219,5.772,2,1,0
gen_03876,3,-7.256,9.047,10.917,5.752,2,1,0
gen_03876,4,-7.140,3.240,4.714,5.296,2,1,0
gen_03876,5,-7.139,3.189,4.662,5.238,2,1,0
gen_03876,6,-7.106,3.302,4.721,5.205,2,1,0
gen_03876,7,-7.080,2.483,3.238,5.171,2,1,0
gen_03877,1,-6.435,2.590,2.700,2.724,2,1,1
gen_03877,2,-6.394,2.756,4.426,5.891,2,1,0
gen_03877,3,-6.366,2.766,4.472,5.891,2,1,0
gen_03878,1,-8.463,2.198,2.856,inf,2,0,0
gen_03878,2,-8.461,2.308,3.895,inf,2,0,0
gen_03878,3,-8.459,2.575,3.665,inf,2,0,0
gen_03878,4,-8.434,2.157,2.977,inf,2,0,0
gen_03879,1,-9.041,2.782,3.636,inf,4,0,0
gen_03880,1,-7.155,2.227,4.384,3.367,2,1,1
gen_03880,2,-7.141,2.251,4.406,3.356,2,1,1
gen_03880,3,-7.129,2.229,4.352,3.358,2,1,1
gen_03880,4,-7.083,2.273,4.430,3.322,2,1,1
gen_03881,1,-8.289,2.722,2.785,inf,2,0,0
gen_03881,2,-8.163,3.055,3.484,inf,2,0,0
gen_03882,1,-7.170,2.700,2.822,inf,2,0,0
gen_03882,2,-7.057,2.757,4.433,inf,2,0,0
gen_03883,1,-6.923,2.773,4.477,inf,2,0,0
gen_03884,1,-7.476,3.653,4.312,inf,2,0,0
gen_03884,2,-7.411,3.688,4.380,inf,2,0,0
gen_03885,1,-6.579,2.768,4.448,inf,4,0,0
gen_03885,2,-6.556,2.703,4.380,inf,4,0,0
gen_03885,3,-6.537,2.759,4.401,inf,4,0,0
gen_03885,4,-6.515,2.676,4.339,inf,4,0,0
gen_03885,5,-6.508,2.826,4.527,inf,4,0,0
gen_03886,1,-6.526,4.252,5.530,2.702,2,1,0
gen_03886,2,-6.419,7.302,7.815,3.069,2,1,0
gen_03887,1,-7.679,3.353,4.705,2.991,4,1,0
gen_03887,2,-7.657,2.853,4.445,3.083,4,1,1
gen_03887,3,-7.637,2.837,4.442,3.104,4,1,1
gen_03887,4,-7.552,2.805,4.459,3.112,4,1,1
gen_03888,1,-7.631,2.451,3.565,inf,2,0,0
gen_03888,2,-7.614,8.672,9.037,inf,2,0,0
gen_03888,3,-7.612,2.546,3.713,inf,2,0,0
gen_03888,4,-7.604,8.683,9.060,inf,2,0,0
gen_03889,1,-7.480,3.031,3.788,inf,2,0,0
gen_03889,2,-7.394,3.157,4.105,inf,2,0,0
gen_03889,3,-7.241,2.690,4.345,inf,2,0,0
gen_03889,4,-7.215,2.684,4.367,inf,2,0,0
gen_03889,5,-7.213,2.687,4.071,inf,2,0,0
gen_03889,6,-7.203,2.653,4.153,inf,2,0,0
gen_03889,7,-7.203,2.664,3.861,inf,2,0,0
gen_03889,8,-7.195,2.665,4.227,inf,2,0,0
gen_03889,9,-7.193,2.700,4.216,inf,2,0,0
gen_03889,10,-7.144,2.701,4.114,inf,2,0,0
gen_03890,1,-9.077,2.814,4.481,2.963,2,1,1
gen_03891,1,-7.642,2.849,4.524,inf,2,0,0
gen_03891,2,-7.564,2.757,4.343,inf,2,0,0
gen_03891,3,-7.551,2.767,4.392,inf,2,0,0
gen_03892,1,-8.222,11.770,13.532,inf,2,0,0
gen_03892,2,-8.115,11.403,12.941,inf,2,0,0
gen_03893,1,-6.744,2.780,4.404,inf,2,0,0
gen_03893,2,-6.717,2.745,4.485,inf,2,0,0
gen_03894,1,-7.482,2.751,4.443,inf,2,0,0
gen_03894,2,-7.439,2.679,4.524,inf,2,0,0
gen_03894,3,-7.290,2.826,4.529,inf,2,0,0
gen_03894,4,-7.268,2.455,4.503,inf,2,0,0
gen_03894,5,-7.097,2.771,4.519,inf,2,0,0
gen_03895,1,-8.226,2.620,4.345,inf,2,0,0
gen_03895,2,-8.159,2.617,4.361,inf,2,0,0
gen_03895,3,-8.133,2.613,4.191,inf,2,0,0
gen_03895,4,-8.115,2.657,4.396,inf,2,0,0
gen_03895,5,-8.111,2.617,4.337,inf,2,0,0
gen_03895,6,-8.079,16.879,17.350,inf,2,0,0
gen_03895,7,-8.069,16.660,17.391,inf,2,0,0
gen_03895,8,-8.041,16.860,17.373,inf,2,0,0
gen_03895,9,-8.013,16.875,17.238,inf,2,0,0
gen_03895,10,-7.910,16.673,17.231,inf,2,0,0
gen_03896,1,-7.516,2.663,2.701,inf,2,0,0
gen_03896,2,-7.393,2.702,3.099,inf,2,0,0
gen_03896,3,-7.356,2.697,2.777,inf,2,0,0
gen_03897,1,-7.141,3.225,4.451,inf,2,0,0
gen_03897,2,-7.129,3.251,4.488,inf,2,0,0
gen_03898,1,-7.847,2.844,4.494,inf,2,0,0
gen_03898,2,-7.846,2.801,4.500,inf,2,0,0
gen_03898,3,-7.800,2.867,4.537,inf,2,0,0
gen_03899,1,-6.638,2.736,4.159,inf,2,0,0
gen_03900,1,-7.618,2.565,4.434,inf,2,0,0
gen_03900,2,-7.568,2.744,4.666,inf,2,0,0
gen_03901,1,-7.681,2.650,4.225,inf,2,0,0
gen_03901,2,-7.669,2.719,4.067,inf,2,0,0
gen_03901,3,-7.663,2.756,3.976,inf,2,0,0
gen_03901,4,-7.662,2.685,3.861,inf,2,0,0
gen_03901,5,-7.641,2.682,3.510,inf,2,0,0
gen_03901,6,-7.638,2.812,3.973,inf,2,0,0
gen_03902,1,-8.360,2.882,4.390,inf,2,0,0
gen_03902,2,-8.334,2.796,4.463,inf,2,0,0
gen_03903,1,-8.012,2.830,4.515,inf,2,0,0
gen_03904,1,-7.594,2.741,4.565,inf,2,0,0
gen_03904,2,-7.557,2.769,4.565,inf,2,0,0
gen_03905,1,-8.754,10.530,10.733,5.641,2,2,0
gen_03905,2,-8.754,10.306,10.831,5.626,2,2,0
gen_03905,3,-8.710,10.350,10.839,5.595,2,2,0
gen_03905,4,-8.665,10.470,10.658,5.566,2,2,0
gen_03906,1,-7.675,2.762,4.478,inf,2,0,0
gen_03906,2,-7.646,2.782,4.509,inf,2,0,0
gen_03906,3,-7.632,2.748,4.472,inf,2,0,0
gen_03906,4,-7.630,2.744,4.495,inf,2,0,0
gen_03906,5,-7.553,2.774,4.416,inf,2,0,0
gen_03907,1,-6.278,2.804,4.482,inf,2,0,0
gen_03908,1,-8.513,3.050,4.770,inf,2,0,0
gen_03908,2,-8.482,3.164,4.866,inf,2,0,0
gen_03909,1,-7.763,2.390,2.732,inf,2,0,0
gen_03909,2,-7.763,2.380,2.736,inf,2,0,0
gen_03910,1,-7.650,13.733,15.115,inf,2,0,0
gen_03910,2,-7.636,13.698,15.121,inf,2,0,0
gen_03910,3,-7.631,13.699,15.076,inf,2,0,0
gen_03910,4,-7.583,12.977,15.107,inf,2,0,0
gen_03910,5,-7.575,12.986,15.136,inf,2,0,0
gen_03910,6,-7.558,12.946,15.091,inf,2,0,0
gen_03910,7,-7.496,2.640,4.368,inf,2,0,0
gen_03911,1,-7.922,2.702,4.575,inf,2,0,0
gen_03911,2,-7.920,2.722,4.610,inf,2,0,0
gen_03911,3,-7.916,2.733,4.566,inf,2,0,0
gen_03911,4,-7.908,2.709,4.566,inf,2,0,0
gen_03912,1,-7.040,10.596,12.196,inf,2,0,0
gen_03912,2,-6.946,2.985,4.711,inf,2,0,0
gen_03912,3,-6.854,6.818,8.373,inf,2,0,0
gen_03912,4,-6.853,10.643,12.278,inf,2,0,0
gen_03912,5,-6.813,6.805,8.603,inf,2,0,0
gen_03912,6,-6.720,11.474,12.661,inf,2,0,0
gen_03913,1,-7.675,2.616,4.313,inf,2,0,0
gen_03913,2,-7.643,2.650,3.917,inf,2,0,0
gen_03913,3,-7.523,2.745,4.295,inf,2,0,0
gen_03914,1,-8.244,14.231,15.503,4.472,2,2,0
gen_03914,2,-8.171,2.672,4.436,3.739,2,2,0
gen_03915,1,-7.440,2.661,4.657,5.621,2,1,0
gen_03915,2,-7.398,2.706,4.697,5.621,2,1,0
gen_03915,3,-7.344,2.680,4.577,5.630,2,1,0
gen_03915,4,-7.307,4.285,4.675,4.322,2,1,0
gen_03915,5,-7.264,4.360,4.687,4.342,2,1,0
gen_03916,1,-8.312,2.442,4.307,inf,2,0,0
gen_03916,2,-8.278,2.852,3.775,inf,2,0,0
gen_03916,3,-8.243,2.709,4.274,inf,2,0,0
gen_03916,4,-8.235,2.605,4.299,inf,2,0,0
gen_03916,5,-8.232,2.669,4.384,inf,2,0,0
gen_03916,6,-8.224,2.483,4.267,inf,2,0,0
gen_03916,7,-8.192,2.704,4.361,inf,2,0,0
gen_03917,1,-7.701,2.760,4.454,inf,2,0,0
gen_03917,2,-7.701,2.755,4.481,inf,2,0,0
gen_03917,3,-7.635,2.765,4.480,inf,2,0,0
gen_03917,4,-7.625,2.732,4.558,inf,2,0,0
gen_03917,5,-7.603,2.704,4.465,inf,2,0,0
gen_03917,6,-7.589,2.789,4.524,inf,2,0,0
gen_03917,7,-7.366,2.629,4.488,inf,2,0,0
gen_03917,8,-7.335,3.973,5.393,inf,2,0,0
gen_03917,9,-7.297,2.737,4.453,inf,2,0,0
gen_03917,10,-7.270,2.728,4.458,inf,2,0,0
gen_03917,11,-7.269,2.761,4.479,inf,2,0,0
gen_03917,12,-7.262,3.108,4.737,inf,2,0,0
gen_03917,13,-7.238,3.247,4.444,inf,2,0,0
gen_03917,14,-7.217,2.709,3.870,inf,2,0,0
gen_03917,15,-7.152,3.351,5.134,inf,2,0,0
gen_03917,16,-6.982,3.130,4.511,inf,2,0,0
gen_03918,1,-7.655,2.798,4.464,inf,2,0,0
gen_03918,2,-7.646,2.740,4.418,inf,2,0,0
gen_03918,3,-7.614,11.055,11.062,inf,2,0,0
gen_03918,4,-7.612,11.028,11.164,inf,2,0,0
gen_03918,5,-7.597,11.110,12.043,inf,2,0,0
gen_03919,1,-7.739,2.205,4.395,7.354,2,1,0
gen_03920,1,-7.136,3.132,4.651,inf,2,0,0
gen_03920,2,-7.118,2.743,4.510,inf,2,0,0
gen_03920,3,-7.059,2.823,4.555,inf,2,0,0
gen_03920,4,-7.026,2.739,4.543,inf,2,0,0
gen_03920,5,-6.974,2.763,4.542,inf,2,0,0
gen_03920,6,-6.967,2.997,4.519,inf,2,0,0
gen_03920,7,-6.910,2.762,4.493,inf,2,0,0
gen_03920,8,-6.904,2.698,4.355,inf,2,0,0
gen_03920,9,-6.803,2.374,2.459,inf,2,0,0
gen_03920,10,-6.737,2.272,2.508,inf,2,0,0
gen_03921,1,-7.346,2.770,4.308,inf,2,0,0
gen_03921,2,-7.305,2.760,3.762,inf,2,0,0
gen_03921,3,-7.303,2.775,3.758,inf,2,0,0
gen_03921,4,-7.294,2.645,4.350,inf,2,0,0
gen_03921,5,-7.254,2.616,4.397,inf,2,0,0
gen_03921,6,-7.251,2.668,4.324,inf,2,0,0
gen_03921,7,-7.191,2.695,4.377,inf,2,0,0
gen_03921,8,-7.155,2.655,4.242,inf,2,0,0
gen_03921,9,-7.134,2.480,2.730,inf,2,0,0
gen_03921,10,-7.047,2.731,4.514,inf,2,0,0
gen_03921,11,-6.992,2.759,3.799,inf,2,0,0
gen_03921,12,-6.977,2.777,3.726,inf,2,0,0
gen_03921,13,-6.970,2.703,2.950,inf,2,0,0
gen_03921,14,-6.963,2.768,2.932,inf,2,0,0
gen_03922,1,-7.315,2.620,4.325,4.531,2,1,0
gen_03922,2,-7.300,2.703,4.363,4.521,2,1,0
gen_03922,3,-7.280,2.790,4.281,4.687,2,1,0
gen_03922,4,-7.252,2.845,4.317,4.702,2,1,0
gen_03923,1,-7.334,2.469,3.766,6.333,2,1,0
gen_03923,2,-7.292,2.322,3.882,6.290,2,1,0
gen_03924,1,-7.606,2.762,3.677,inf,2,0,0
gen_03924,2,-7.605,2.778,3.697,inf,2,0,0
gen_03924,3,-7.495,2.718,2.743,inf,2,0,0
gen_03925,1,-7.681,3.844,5.308,inf,2,0,0
gen_03926,1,-8.183,5.527,7.512,inf,2,0,0
gen_03926,2,-8.180,5.560,7.535,inf,2,0,0
gen_03926,3,-8.148,5.519,7.508,inf,2,0,0
gen_03926,4,-8.126,5.581,7.485,inf,2,0,0
gen_03926,5,-8.122,5.576,7.526,inf,2,0,0
gen_03926,6,-8.108,5.506,7.519,inf,2,0,0
gen_03926,7,-7.987,5.577,7.537,inf,2,0,0
gen_03926,8,-7.959,2.812,4.428,inf,2,0,0
gen_03926,9,-7.899,2.960,4.504,inf,2,0,0
gen_03926,10,-7.829,6.180,7.542,inf,2,0,0
gen_03926,11,-7.813,6.185,7.583,inf,2,0,0
gen_03926,12,-7.812,6.187,7.579,inf,2,0,0
gen_03926,13,-7.802,6.154,7.569,inf,2,0,0
gen_03927,1,-7.767,3.341,4.842,inf,4,0,0
gen_03927,2,-7.765,2.957,4.409,inf,4,0,0
gen_03927,3,-7.730,2.609,4.294,inf,4,0,0
gen_03927,4,-7.709,2.742,4.427,inf,4,0,0
gen_03927,5,-7.681,2.710,4.250,inf,4,0,0
gen_03927,6,-7.651,2.731,3.782,inf,4,0,0
gen_03928,1,-6.963,2.268,4.448,5.732,2,1,0
gen_03928,2,-6.951,2.272,4.449,5.735,2,1,0
gen_03929,1,-6.363,10.038,10.349,inf,2,0,0
gen_03929,2,-6.354,2.754,4.535,inf,2,0,0
gen_03929,3,-6.351,10.086,10.322,inf,2,0,0
gen_03929,4,-6.323,2.712,4.447,inf,2,0,0
gen_03930,1,-7.327,2.469,4.164,4.649,2,2,0
gen_03930,2,-7.315,2.491,4.326,3.107,2,2,1
gen_03930,3,-7.266,3.607,4.553,3.236,2,2,0
gen_03930,4,-7.260,3.735,4.392,3.166,2,2,0
gen_03930,5,-7.252,2.631,4.328,3.024,2,2,1
gen_03930,6,-7.201,2.502,4.361,3.049,2,2,1
gen_03930,7,-7.006,2.417,2.751,3.790,2,2,0
gen_03930,8,-6.959,3.095,4.573,4.609,2,2,0
gen_03931,1,-7.125,2.533,3.252,inf,2,0,0
gen_03931,2,-7.123,2.640,2.915,inf,2,0,0
gen_03931,3,-7.088,2.657,2.727,inf,2,0,0
gen_03932,1,-7.383,2.394,2.772,4.676,2,1,0
gen_03933,1,-7.833,2.454,2.765,inf,2,0,0
gen_03933,2,-7.830,2.391,2.770,inf,2,0,0
gen_03933,3,-7.830,2.381,2.796,inf,2,0,0
gen_03933,4,-7.800,2.403,2.781,inf,2,0,0
gen_03933,5,-7.651,2.569,2.674,inf,2,0,0
gen_03933,6,-7.398,2.669,4.443,inf,2,0,0
gen_03933,7,-7.334,2.500,4.367,inf,2,0,0
gen_03933,8,-7.205,4.346,4.675,inf,2,0,0
gen_03933,9,-7.099,2.585,4.395,inf,2,0,0
gen_03934,1,-7.896,2.682,4.256,inf,4,0,0
gen_03934,2,-7.880,2.726,4.209,inf,4,0,0
gen_03934,3,-7.768,2.698,4.123,inf,4,0,0
gen_03934,4,-7.684,2.686,4.191,inf,4,0,0
gen_03934,5,-7.673,2.681,4.335,inf,4,0,0
gen_03934,6,-7.665,2.664,4.163,inf,4,0,0
gen_03934,7,-7.663,2.705,4.297,inf,4,0,0
gen_03934,8,-7.641,2.722,4.311,inf,4,0,0
gen_03934,9,-7.028,3.073,4.542,inf,4,0,0
gen_03934,10,-7.020,2.991,4.483,inf,4,0,0
gen_03935,1,-6.790,2.816,4.510,inf,2,0,0
gen_03935,2,-6.790,2.839,4.554,inf,2,0,0
gen_03935,3,-6.772,2.819,4.518,inf,2,0,0
gen_03935,4,-6.762,2.810,4.498,inf,2,0,0
gen_03935,5,-6.721,2.712,4.462,inf,2,0,0
gen_03935,6,-6.694,2.800,4.462,inf,2,0,0
gen_03935,7,-6.689,5.447,7.171,inf,2,0,0
gen_03935,8,-6.656,5.919,7.041,inf,2,0,0
gen_03935,9,-6.654,3.246,4.748,inf,2,0,0
gen_03935,10,-6.647,5.101,7.276,inf,2,0,0
gen_03935,11,-6.629,5.060,7.222,inf,2,0,0
gen_03936,1,-8.335,6.674,7.554,inf,2,0,0
gen_03936,2,-8.328,7.090,8.294,inf,2,0,0
gen_03936,3,-8.323,6.289,7.861,inf,2,0,0
gen_03936,4,-8.285,6.679,8.400,inf,2,0,0
gen_03936,5,-8.223,2.679,4.193,inf,2,0,0
gen_03937,1,-8.074,2.793,4.538,inf,2,0,0
gen_03937,2,-8.011,2.781,4.468,inf,2,0,0
gen_03938,1,-8.639,3.051,4.596,3.192,2,1,1
gen_03938,2,-8.608,2.844,4.511,3.080,2,1,1
gen_03938,3,-8.607,3.030,4.571,3.162,2,1,1
gen_03938,4,-8.600,2.820,4.529,3.217,2,1,1
gen_03938,5,-8.573,3.169,4.613,3.148,2,1,1
gen_03938,6,-8.569,2.803,4.468,3.136,2,1,1
gen_03938,7,-8.509,3.042,4.584,3.167,2,1,1
gen_03938,8,-8.492,2.790,4.486,3.027,2,1,1
gen_03938,9,-8.464,3.217,4.715,3.115,2,1,0
gen_03938,10,-8.429,2.865,4.544,3.028,2,1,1
gen_03939,1,-7.583,2.645,3.559,inf,4,0,0
gen_03939,2,-7.571,2.647,3.580,inf,4,0,0
gen_03939,3,-7.511,4.028,5.666,inf,4,0,0
gen_03940,1,-8.358,16.230,17.369,inf,2,0,0
gen_03940,2,-8.336,16.679,17.405,inf,2,0,0
gen_03941,1,-8.334,3.509,4.308,inf,2,0,0
gen_03941,2,-8.296,3.683,4.349,inf,2,0,0
gen_03942,1,-7.186,3.141,4.944,3.866,2,1,0
gen_03942,2,-7.102,2.707,4.809,3.900,2,1,0
gen_03942,3,-6.861,14.923,15.211,6.901,2,1,0
gen_03942,4,-6.847,14.929,15.058,6.912,2,1,0
gen_03942,5,-6.833,14.916,15.191,6.927,2,1,0
gen_03942,6,-6.824,15.306,16.347,6.140,2,1,0
gen_03942,7,-6.811,15.514,16.167,6.142,2,1,0
gen_03942,8,-6.800,15.419,16.210,6.211,2,1,0
gen_03942,9,-6.795,15.501,16.171,6.119,2,1,0
gen_03942,10,-6.745,15.503,16.341,6.140,2,1,0
gen_03942,11,-6.682,15.330,16.350,6.128,2,1,0
gen_03943,1,-7.140,2.503,2.980,inf,2,0,0
gen_03944,1,-7.661,9.233,11.078,inf,2,0,0
gen_03944,2,-7.647,9.165,11.040,inf,2,0,0
gen_03944,3,-7.508,8.887,11.024,inf,2,0,0
gen_03944,4,-7.475,8.957,11.024,inf,2,0,0
gen_03944,5,-7.432,9.159,10.374,inf,2,0,0
gen_03944,6,-7.352,10.045,11.822,inf,2,0,0
gen_03944,7,-7.349,9.996,11.719,inf,2,0,0
gen_03944,8,-7.347,9.288,10.924,inf,2,0,0
gen_03944,9,-7.306,10.663,12.315,inf,2,0,0
gen_03945,1,-7.151,2.753,4.425,inf,2,0,0
gen_03945,2,-7.151,2.715,4.440,inf,2,0,0
gen_03945,3,-7.135,2.739,4.426,inf,2,0,0
gen_03945,4,-7.133,2.730,4.436,inf,2,0,0
gen_03946,1,-7.957,3.368,4.586,5.368,2,2,0
gen_03946,2,-7.842,3.451,4.505,5.398,2,2,0
gen_03946,3,-7.841,3.433,4.644,5.244,2,2,0
gen_03946,4,-7.767,3.358,4.497,5.504,2,2,0
gen_03946,5,-7.662,3.442,4.508,5.349,2,2,0
gen_03946,6,-7.462,10.723,10.902,3.762,2,2,0
gen_03946,7,-7.407,10.564,10.818,3.679,2,2,0
gen_03947,1,-8.098,10.092,10.482,inf,2,0,0
gen_03947,2,-8.090,10.131,10.514,inf,2,0,0
gen_03948,1,-7.603,2.720,4.469,inf,2,0,0
gen_03948,2,-7.525,2.732,4.461,inf,2,0,0
gen_03948,3,-7.510,2.884,3.769,inf,2,0,0
gen_03948,4,-7.496,2.706,4.446,inf,2,0,0
gen_03949,1,-7.003,2.858,4.557,6.709,2,1,0
gen_03949,2,-6.904,2.698,4.546,6.743,2,1,0
gen_03949,3,-6.870,2.618,4.432,6.506,2,1,0
gen_03949,4,-6.810,2.753,4.481,6.546,2,1,0
gen_03949,5,-6.579,11.304,12.601,5.387,2,1,0
gen_03949,6,-6.546,5.936,6.171,3.085,2,1,0
gen_03949,7,-6.528,4.564,6.383,3.113,2,1,0
gen_03950,1,-7.834,3.132,4.046,inf,2,0,0
gen_03950,2,-7.778,2.868,4.021,inf,2,0,0
gen_03950,3,-7.770,2.657,4.391,inf,2,0,0
gen_03951,1,-7.739,3.696,4.712,inf,2,0,0
gen_03951,2,-7.738,3.658,4.708,inf,2,0,0
gen_03951,3,-7.734,3.687,4.718,inf,2,0,0
gen_03951,4,-7.721,3.699,4.723,inf,2,0,0
gen_03952,1,-7.667,2.282,3.014,inf,4,0,0
gen_03952,2,-7.666,2.246,2.967,inf,4,0,0
gen_03952,3,-7.655,2.223,3.021,inf,4,0,0
gen_03952,4,-7.583,2.276,2.781,inf,4,0,0
gen_03952,5,-7.579,2.275,2.963,inf,4,0,0
gen_03953,1,-7.045,2.817,4.551,inf,2,0,0
gen_03953,2,-6.977,2.818,4.568,inf,2,0,0
gen_03954,1,-7.064,2.202,4.301,inf,2,0,0
gen_03954,2,-7.061,2.200,4.308,inf,2,0,0
gen_03955,1,-7.639,2.799,4.575,inf,2,0,0
gen_03955,2,-7.614,2.793,4.538,inf,2,0,0
gen_03955,3,-7.541,2.770,4.482,inf,2,0,0
gen_03955,4,-7.506,2.798,4.533,inf,2,0,0
gen_03955,5,-7.422,2.812,4.517,inf,2,0,0
gen_03955,6,-7.414,2.837,4.526,inf,2,0,0
gen_03955,7,-7.316,2.797,4.520,inf,2,0,0
gen_03955,8,-7.308,2.823,4.484,inf,2,0,0
gen_03955,9,-7.307,2.780,4.393,inf,2,0,0
gen_03955,10,-7.244,2.832,4.352,inf,2,0,0
gen_03955,11,-7.192,2.785,4.370,inf,2,0,0
gen_03956,1,-8.271,2.824,4.343,inf,2,0,0
gen_03956,2,-8.245,3.159,4.314,inf,2,0,0
gen_03956,3,-8.241,2.487,4.370,inf,2,0,0
gen_03957,1,-7.138,5.245,5.316,3.185,2,1,0
gen_03957,2,-7.102,5.319,5.542,3.144,2,1,0
gen_03957,3,-7.099,5.318,5.378,3.152,2,1,0
gen_03957,4,-6.965,2.317,4.483,4.766,2,1,0
gen_03957,5,-6.917,2.425,4.433,4.931,2,1,0
gen_03958,1,-7.504,2.748,4.529,5.712,2,1,0
gen_03958,2,-7.470,2.810,4.516,5.632,2,1,0
gen_03958,3,-7.444,2.816,4.515,5.754,2,1,0
gen_03958,4,-7.410,2.846,4.675,5.681,2,1,0
gen_03958,5,-7.235,2.797,4.617,5.978,2,1,0
gen_03958,6,-7.191,2.639,4.428,5.477,2,1,0
gen_03958,7,-7.153,2.752,4.291,9.074,2,1,0
gen_03959,1,-6.323,2.812,4.452,inf,2,0,0
gen_03959,2,-6.309,2.762,4.295,inf,2,0,0
gen_03960,1,-7.960,9.801,11.625,6.432,2,1,0
gen_03960,2,-7.943,9.847,11.658,6.444,2,1,0
gen_03961,1,-6.815,2.529,4.086,inf,4,0,0
gen_03961,2,-6.806,2.519,3.970,inf,4,0,0
gen_03961,3,-6.783,3.211,3.313,inf,4,0,0
gen_03961,4,-6.733,3.441,5.284,inf,4,0,0
gen_03962,1,-7.626,2.628,4.229,inf,2,0,0
gen_03962,2,-7.597,2.633,4.215,inf,2,0,0
gen_03962,3,-7.511,2.666,4.101,inf,2,0,0
gen_03962,4,-7.329,2.717,3.855,inf,2,0,0
gen_03963,1,-7.067,3.738,5.132,inf,4,0,0
gen_03964,1,-7.001,3.853,4.696,inf,2,0,0
gen_03964,2,-6.993,4.012,4.564,inf,2,0,0
gen_03964,3,-6.978,4.193,4.903,inf,2,0,0
gen_03964,4,-6.963,4.344,4.715,inf,2,0,0
gen_03965,1,-7.284,2.669,3.876,inf,2,0,0
gen_03965,2,-7.267,2.658,3.812,inf,2,0,0
gen_03965,3,-7.265,2.642,3.775,inf,2,0,0
gen_03965,4,-7.242,2.625,3.735,inf,2,0,0
gen_03965,5,-7.179,2.702,3.791,inf,2,0,0
gen_03965,6,-7.170,2.692,3.853,inf,2,0,0
gen_03965,7,-7.163,2.442,4.397,inf,2,0,0
gen_03965,8,-6.956,2.563,3.579,inf,2,0,0
gen_03966,1,-8.203,2.838,4.296,inf,2,0,0
gen_03966,2,-8.178,2.831,4.292,inf,2,0,0
gen_03966,3,-8.016,3.029,4.203,inf,2,0,0
gen_03966,4,-7.995,2.863,4.308,inf,2,0,0
gen_03966,5,-7.934,2.805,4.129,inf,2,0,0
gen_03966,6,-7.743,3.569,4.452,inf,2,0,0
gen_03967,1,-7.833,3.552,5.276,inf,2,0,0
gen_03967,2,-7.778,3.490,5.334,inf,2,0,0
gen_03967,3,-7.769,3.435,5.287,inf,2,0,0
gen_03967,4,-7.742,3.496,5.322,inf,2,0,0
gen_03968,1,-7.399,2.619,4.455,inf,2,0,0
gen_03968,2,-7.374,2.671,4.358,inf,2,0,0
gen_03968,3,-7.373,2.628,4.448,inf,2,0,0
gen_03968,4,-7.343,2.694,4.317,inf,2,0,0
gen_03969,1,-7.801,2.823,4.441,inf,2,0,0
gen_03969,2,-7.777,2.770,4.378,inf,2,0,0
gen_03970,1,-7.379,2.706,4.477,inf,4,0,0
gen_03971,1,-7.867,4.558,4.601,inf,2,0,0
gen_03971,2,-7.551,2.687,4.095,inf,2,0,0
gen_03971,3,-7.549,3.465,4.396,inf,2,0,0
gen_03971,4,-7.502,2.678,4.110,inf,2,0,0
gen_03971,5,-7.500,13.570,14.486,inf,2,0,0
gen_03971,6,-7.488,2.750,3.995,inf,2,0,0
gen_03971,7,-7.411,13.627,14.449,inf,2,0,0
gen_03972,1,-6.975,2.695,4.579,inf,2,0,0
gen_03972,2,-6.928,3.121,4.862,inf,2,0,0
gen_03972,3,-6.761,3.146,4.891,inf,2,0,0
gen_03973,1,-7.924,2.735,4.394,2.917,2,1,1
gen_03973,2,-7.887,2.731,4.377,2.902,2,1,1
gen_03974,1,-6.845,2.564,2.658,inf,2,0,0
gen_03974,2,-6.815,8.541,9.076,inf,2,0,0
gen_03974,3,-6.799,8.580,8.772,inf,2,0,0
gen_03974,4,-6.795,2.690,3.961,inf,2,0,0
gen_03974,5,-6.741,8.542,9.094,inf,2,0,0
gen_03974,6,-6.738,8.506,9.045,inf,2,0,0
gen_03975,1,-7.321,2.465,4.436,inf,2,0,0
gen_03975,2,-7.106,2.832,4.516,inf,2,0,0
gen_03975,3,-7.085,3.045,4.575,inf,2,0,0
gen_03975,4,-7.019,3.108,4.467,inf,2,0,0
gen_03976,1,-6.897,3.373,4.436,inf,2,0,0
gen_03976,2,-6.847,2.806,4.489,inf,2,0,0
gen_03976,3,-6.757,2.360,4.339,inf,2,0,0
gen_03977,1,-7.474,2.507,2.771,inf,2,0,0
gen_03977,2,-7.471,2.451,2.848,inf,2,0,0
gen_03977,3,-7.407,2.429,2.754,inf,2,0,0
gen_03977,4,-7.339,2.403,2.798,inf,2,0,0
gen_03977,5,-7.201,2.798,4.476,inf,2,0,0
gen_03978,1,-8.372,2.806,4.419,inf,4,0,0
gen_03978,2,-8.357,2.950,4.443,inf,4,0,0
gen_03978,3,-8.340,2.980,4.430,inf,4,0,0
gen_03978,4,-8.300,3.043,4.408,inf,4,0,0
gen_03979,1,-7.545,2.764,4.041,3.077,2,1,1
gen_03979,2,-7.539,2.756,3.994,3.033,2,1,1
gen_03980,1,-8.081,2.601,4.394,inf,4,0,0
gen_03980,2,-8.081,2.658,4.388,inf,4,0,0
gen_03981,1,-7.271,2.784,4.527,inf,2,0,0
gen_03981,2,-7.267,2.802,4.552,inf,2,0,0
gen_03981,3,-7.132,7.177,8.529,inf,2,0,0
gen_03981,4,-7.126,7.169,8.570,inf,2,0,0
gen_03982,1,-7.439,3.232,4.027,inf,2,0,0
gen_03982,2,-7.275,3.284,4.044,inf,2,0,0
gen_03983,1,-117.631,15.439,15.656,1.164,2,1,0
gen_03984,1,-7.597,3.091,4.605,inf,2,0,0
gen_03984,2,-7.554,2.823,4.525,inf,2,0,0
gen_03984,3,-7.458,2.801,4.453,inf,2,0,0
gen_03984,4,-7.422,2.847,4.528,inf,2,0,0
gen_03984,5,-7.412,2.829,4.428,inf,2,0,0
gen_03984,6,-7.374,2.856,4.569,inf,2,0,0
gen_03984,7,-7.320,2.646,4.272,inf,2,0,0
gen_03985,1,-7.383,3.020,4.388,inf,2,0,0
gen_03985,2,-7.374,3.486,4.483,inf,2,0,0
gen_03985,3,-7.332,3.278,4.473,inf,2,0,0
gen_03986,1,-7.110,2.367,4.194,inf,2,0,0
gen_03986,2,-6.910,2.518,3.616,inf,2,0,0
gen_03987,1,-8.010,3.861,4.623,inf,2,0,0
gen_03987,2,-7.951,4.084,4.455,inf,2,0,0
gen_03987,3,-7.938,3.734,4.458,inf,2,0,0
gen_03987,4,-7.938,3.504,4.481,inf,2,0,0
gen_03987,5,-7.926,3.916,4.477,inf,2,0,0
gen_03988,1,-7.205,3.041,4.653,inf,2,0,0
gen_03988,2,-7.197,2.975,4.499,inf,2,0,0
gen_03988,3,-7.157,2.806,4.623,inf,2,0,0
gen_03988,4,-7.120,2.809,4.559,inf,2,0,0
gen_03988,5,-7.093,2.756,4.522,inf,2,0,0
gen_03988,6,-7.089,2.742,4.453,inf,2,0,0
gen_03988,7,-6.988,2.784,4.469,inf,2,0,0
gen_03988,8,-6.920,3.077,4.458,inf,2,0,0
gen_03988,9,-6.883,2.498,3.756,inf,2,0,0
gen_03988,10,-6.825,2.496,3.868,inf,2,0,0
gen_03989,1,-7.789,2.787,4.272,6.519,2,1,0
gen_03989,2,-7.768,2.765,4.227,6.520,2,1,0
gen_03990,1,-6.909,2.788,4.450,11.487,2,1,0
gen_03990,2,-6.811,2.827,4.446,11.497,2,1,0
gen_03991,1,-8.249,2.553,4.328,inf,4,0,0
gen_03991,2,-8.180,2.577,4.341,inf,4,0,0
gen_03991,3,-8.170,2.719,3.873,inf,4,0,0
gen_03991,4,-8.158,2.661,4.273,inf,4,0,0
gen_03991,5,-8.048,2.681,4.312,inf,4,0,0
gen_03991,6,-8.040,2.663,3.902,inf,4,0,0
gen_03991,7,-8.029,2.751,4.329,inf,4,0,0
gen_03992,1,-6.522,2.750,4.475,inf,2,0,0
gen_03992,2,-6.517,2.740,4.393,inf,2,0,0
gen_03992,3,-6.504,2.746,4.358,inf,2,0,0
gen_03992,4,-6.493,2.689,4.455,inf,2,0,0
gen_03992,5,-6.350,2.692,4.444,inf,2,0,0
gen_03992,6,-6.291,2.695,4.354,inf,2,0,0
gen_03992,7,-6.001,2.794,4.532,inf,2,0,0
gen_03993,1,-8.568,2.761,4.235,inf,2,0,0
gen_03993,2,-8.567,2.771,4.304,inf,2,0,0
gen_03993,3,-8.513,2.745,4.220,inf,2,0,0
gen_03994,1,-7.691,2.758,3.992,inf,2,0,0
gen_03994,2,-7.682,2.754,3.983,inf,2,0,0
gen_03995,1,-7.689,3.035,4.432,inf,2,0,0
gen_03995,2,-7.677,3.081,4.523,inf,2,0,0
gen_03995,3,-7.668,3.039,4.472,inf,2,0,0
gen_03995,4,-7.662,3.009,4.504,inf,2,0,0
gen_03996,1,-8.929,2.773,4.060,inf,2,0,0
gen_03996,2,-8.919,2.723,3.927,inf,2,0,0
gen_03997,1,-6.721,2.631,4.427,inf,2,0,0
gen_03997,2,-6.709,2.706,4.454,inf,2,0,0
gen_03997,3,-6.558,2.537,4.403,inf,2,0,0
gen_03998,1,-7.972,2.200,4.404,2.946,2,1,1
gen_03998,2,-7.921,2.220,4.423,2.940,2,1,1
gen_03999,1,-6.979,2.216,3.172,inf,2,0,0
gen_03999,2,-6.947,2.468,2.971,inf,2,0,0
gen_03999,3,-6.935,2.441,2.958,inf,2,0,0
gen_03999,4,-6.921,10.016,11.559,inf,2,0,0
gen_03999,5,-6.782,9.889,11.343,inf,2,0,0
gen_03999,6,-6.778,9.897,11.357,inf,2,0,0
gen_04000,1,-7.927,2.737,4.480,inf,2,0,0
gen_04000,2,-7.720,2.632,2.694,inf,2,0,0
gen_04000,3,-7.719,2.606,2.702,inf,2,0,0
gen_04000,4,-7.700,2.484,2.765,inf,2,0,0
gen_04000,5,-7.689,2.659,2.724,inf,2,0,0
gen_04001,1,-8.562,2.697,4.476,inf,2,0,0
gen_04001,2,-8.509,2.581,4.490,inf,2,0,0
gen_04001,3,-8.496,2.660,4.479,inf,2,0,0
gen_04001,4,-8.492,2.556,4.468,inf,2,0,0
gen_04001,5,-8.454,2.709,4.459,inf,2,0,0
gen_04001,6,-8.420,2.680,4.502,inf,2,0,0
gen_04002,1,-6.998,2.711,4.146,6.594,2,1,0
gen_04003,1,-7.256,2.761,4.124,inf,2,0,0
gen_04003,2,-7.218,2.723,4.034,inf,2,0,0
gen_04003,3,-7.194,2.684,4.039,inf,2,0,0
gen_04003,4,-7.184,2.708,4.067,inf,2,0,0
gen_04003,5,-7.166,2.726,4.025,inf,2,0,0
gen_04003,6,-7.162,2.691,3.982,inf,2,0,0
gen_04003,7,-7.158,2.773,4.005,inf,2,0,0
gen_04004,1,-8.013,3.354,4.728,inf,2,0,0
gen_04005,1,-8.046,2.593,4.405,inf,2,0,0
gen_04005,2,-8.028,2.659,4.433,inf,2,0,0
gen_04005,3,-8.021,2.657,4.433,inf,2,0,0
gen_04005,4,-8.001,2.664,4.392,inf,2,0,0
gen_04006,1,-7.622,7.230,7.528,9.240,2,1,0
gen_04007,1,-7.402,2.690,4.458,inf,2,0,0
gen_04007,2,-7.393,2.705,4.455,inf,2,0,0
gen_04008,1,-8.018,2.760,4.471,inf,2,0,0
gen_04009,1,-80.642,9.706,11.895,inf,2,0,0
gen_04010,1,-8.293,2.459,2.725,2.910,2,2,1
gen_04010,2,-8.290,2.438,2.735,2.939,2,2,1
gen_04010,3,-8.281,2.460,2.730,2.949,2,2,1
gen_04010,4,-8.245,2.435,2.729,2.961,2,2,1
gen_04011,1,-7.553,2.818,4.546,inf,2,0,0
gen_04011,2,-7.528,2.822,4.515,inf,2,0,0
gen_04011,3,-7.517,2.865,4.537,inf,2,0,0
gen_04011,4,-7.507,2.759,4.498,inf,2,0,0
gen_04011,5,-7.479,2.732,4.578,inf,2,0,0
gen_04011,6,-7.474,2.733,4.515,inf,2,0,0
gen_04011,7,-7.473,2.814,4.517,inf,2,0,0
gen_04011,8,-7.414,2.873,4.615,inf,2,0,0
gen_04011,9,-7.386,2.767,4.541,inf,2,0,0
gen_04012,1,-8.123,2.660,4.174,inf,2,0,0
gen_04012,2,-8.082,2.626,4.160,inf,2,0,0
gen_04013,1,-7.170,2.387,4.290,inf,2,0,0
gen_04013,2,-7.142,2.505,4.491,inf,2,0,0
gen_04014,1,-8.558,2.771,4.407,inf,4,0,0
gen_04014,2,-8.551,2.740,4.392,inf,4,0,0
gen_04014,3,-8.523,2.748,4.414,inf,4,0,0
gen_04014,4,-8.512,2.757,4.414,inf,4,0,0
gen_04014,5,-8.468,2.970,4.391,inf,4,0,0
gen_04015,1,-7.317,2.837,4.363,3.112,2,1,1
gen_04016,1,-7.695,2.291,2.796,6.609,2,1,0
gen_04016,2,-7.655,2.285,2.699,6.790,2,1,0
gen_04017,1,-8.123,2.611,4.421,inf,2,0,0
gen_04018,1,-7.754,2.727,4.209,inf,2,0,0
gen_04019,1,-6.868,2.464,4.512,3.133,2,1,1
gen_04019,2,-6.809,2.512,4.444,3.094,2,1,1
gen_04020,1,-8.807,3.208,4.415,inf,2,0,0
gen_04020,2,-8.807,3.214,4.371,inf,2,0,0
gen_04020,3,-8.801,3.219,4.392,inf,2,0,0
gen_04020,4,-8.787,3.254,4.411,inf,2,0,0
gen_04021,1,-6.516,2.880,4.299,inf,2,0,0
gen_04022,1,-7.151,2.548,4.638,inf,2,0,0
gen_04022,2,-7.118,2.647,4.429,inf,2,0,0
gen_04022,3,-7.074,2.595,4.333,inf,2,0,0
gen_04022,4,-6.988,2.766,4.569,inf,2,0,0
gen_04022,5,-6.965,2.779,4.328,inf,2,0,0
gen_04022,6,-6.783,2.749,4.352,inf,2,0,0
gen_04022,7,-6.728,2.715,4.392,inf,2,0,0
gen_04023,1,-6.656,3.190,4.142,inf,4,0,0
gen_04023,2,-6.623,3.220,4.091,inf,4,0,0
gen_04023,3,-6.576,3.017,4.505,inf,4,0,0
gen_04023,4,-6.543,3.295,3.923,inf,4,0,0
gen_04024,1,-8.055,2.631,4.453,7.288,2,1,0
gen_04024,2,-8.046,2.647,4.462,7.312,2,1,0
gen_04024,3,-8.039,2.660,4.472,7.332,2,1,0
gen_04025,1,-8.206,9.490,9.672,inf,2,0,0
gen_04025,2,-8.183,9.533,9.631,inf,2,0,0
gen_04025,3,-8.183,9.508,9.672,inf,2,0,0
gen_04025,4,-8.157,9.592,9.607,inf,2,0,0
gen_04025,5,-8.127,9.537,9.786,inf,2,0,0
gen_04026,1,-7.959,2.742,4.442,7.404,2,1,0
gen_04026,2,-7.958,2.689,4.480,7.568,2,1,0
gen_04026,3,-7.891,2.800,4.397,7.374,2,1,0
gen_04026,4,-7.863,2.753,4.439,7.452,2,1,0
gen_04026,5,-7.800,2.762,4.410,7.437,2,1,0
gen_04026,6,-7.763,2.742,4.614,7.369,2,1,0
gen_04026,7,-7.573,2.771,4.692,7.488,2,1,0
gen_04027,1,-7.977,2.573,4.511,inf,2,0,0
gen_04027,2,-7.959,2.520,4.511,inf,2,0,0
gen_04027,3,-7.954,2.542,4.466,inf,2,0,0
gen_04027,4,-7.916,2.503,4.443,inf,2,0,0
gen_04028,1,-8.191,2.706,3.874,inf,2,0,0
gen_04028,2,-8.177,2.766,3.858,inf,2,0,0
gen_04029,1,-7.925,2.524,3.955,inf,2,0,0
gen_04029,2,-7.922,2.467,3.992,inf,2,0,0
gen_04029,3,-7.918,2.488,4.150,inf,2,0,0
gen_04029,4,-7.906,2.442,3.995,inf,2,0,0
gen_04029,5,-7.889,2.441,3.973,inf,2,0,0
gen_04029,6,-7.862,2.549,4.262,inf,2,0,0
gen_04029,7,-7.823,2.680,4.325,inf,2,0,0
gen_04030,1,-8.465,3.073,4.619,inf,2,0,0
gen_04030,2,-8.426,3.061,4.589,inf,2,0,0
gen_04030,3,-8.422,2.335,3.355,inf,2,0,0
gen_04030,4,-8.386,2.413,3.514,inf,2,0,0
gen_04030,5,-8.363,2.848,4.523,inf,2,0,0
gen_04030,6,-8.361,2.483,3.216,inf,2,0,0
gen_04030,7,-8.326,2.973,4.571,inf,2,0,0
gen_04030,8,-8.321,2.452,3.236,inf,2,0,0
gen_04030,9,-8.318,2.952,4.680,inf,2,0,0
gen_04031,1,-6.432,2.706,3.957,inf,4,0,0
gen_04031,2,-6.425,2.714,3.944,inf,4,0,0
gen_04032,1,-6.678,2.221,4.310,inf,2,0,0
gen_04032,2,-6.598,2.204,4.368,inf,2,0,0
gen_04032,3,-6.557,2.443,2.518,inf,2,0,0
gen_04033,1,-6.853,2.845,4.542,inf,2,0,0
gen_04033,2,-6.825,2.848,4.516,inf,2,0,0
gen_04033,3,-6.725,2.564,4.435,inf,2,0,0
gen_04034,1,-7.640,2.685,4.423,5.625,2,1,0
gen_04034,2,-7.631,2.298,4.149,6.306,2,1,0
gen_04034,3,-7.594,2.397,3.944,6.352,2,1,0
gen_04035,1,-7.528,2.681,4.403,4.452,2,1,0
gen_04035,2,-7.463,2.707,4.257,4.372,2,1,0
gen_04036,1,-7.109,2.575,3.108,inf,4,0,0
gen_04036,2,-7.097,2.511,2.968,inf,4,0,0
gen_04036,3,-7.072,2.610,4.436,inf,4,0,0
gen_04036,4,-7.027,2.450,3.283,inf,4,0,0
gen_04036,5,-6.881,2.788,4.463,inf,4,0,0
gen_04036,6,-6.839,2.783,4.453,inf,4,0,0
gen_04037,1,-7.078,2.768,4.262,inf,2,0,0
gen_04037,2,-7.074,2.784,4.323,inf,2,0,0
gen_04037,3,-7.067,2.781,4.263,inf,2,0,0
gen_04037,4,-7.045,2.787,4.323,inf,2,0,0
gen_04038,1,-7.056,6.576,6.805,inf,4,0,0
gen_04038,2,-7.008,6.578,6.905,inf,4,0,0
gen_04039,1,-7.479,2.781,4.485,inf,2,0,0
gen_04039,2,-7.461,2.748,4.442,inf,2,0,0
gen_04039,3,-7.420,2.761,4.249,inf,2,0,0
gen_04040,1,-7.640,2.690,3.896,inf,2,0,0
gen_04040,2,-7.612,14.642,15.442,inf,2,0,0
gen_04041,1,-8.017,2.761,4.557,6.645,2,1,0
gen_04042,1,-8.309,2.676,4.113,inf,2,0,0
gen_04042,2,-8.309,2.699,4.063,inf,2,0,0
gen_04042,3,-8.287,2.669,4.114,inf,2,0,0
gen_04042,4,-8.259,2.754,4.144,inf,2,0,0
gen_04043,1,-8.074,3.153,4.389,inf,4,0,0
gen_04044,1,-7.568,2.534,3.776,5.872,2,1,0
gen_04044,2,-7.541,2.426,2.852,5.210,2,1,0
gen_04044,3,-7.499,2.333,2.773,5.168,2,1,0
gen_04045,1,-7.316,2.775,4.306,inf,2,0,0
gen_04045,2,-7.309,8.639,8.978,inf,2,0,0
gen_04045,3,-7.244,8.544,9.015,inf,2,0,0
gen_04046,1,-7.298,3.797,5.286,inf,4,0,0
gen_04046,2,-7.296,3.919,5.380,inf,4,0,0
gen_04046,3,-7.276,3.784,5.323,inf,4,0,0
gen_04046,4,-7.270,4.217,5.303,inf,4,0,0
gen_04046,5,-7.254,3.850,5.260,inf,4,0,0
gen_04047,1,-7.720,6.996,7.592,inf,4,0,0
gen_04047,2,-7.680,6.966,7.580,inf,4,0,0
gen_04048,1,-7.677,2.774,3.954,4.748,2,1,0
gen_04048,2,-7.651,2.764,3.710,5.011,2,1,0
gen_04048,3,-7.631,2.722,3.668,5.162,2,1,0
gen_04048,4,-7.625,2.710,3.693,5.039,2,1,0
gen_04048,5,-7.592,2.756,3.531,5.116,2,1,0
gen_04049,1,-7.578,2.563,4.634,6.476,2,1,0
gen_04049,2,-7.546,2.564,4.627,6.495,2,1,0
gen_04050,1,-7.859,3.067,4.255,inf,2,0,0
gen_04050,2,-7.849,3.082,4.371,inf,2,0,0
gen_04050,3,-7.759,2.474,4.402,inf,2,0,0
gen_04050,4,-7.696,2.404,4.364,inf,2,0,0
gen_04050,5,-7.677,2.506,4.375,inf,2,0,0
gen_04050,6,-7.664,2.709,4.732,inf,2,0,0
gen_04050,7,-7.633,2.346,4.397,inf,2,0,0
gen_04050,8,-7.588,2.453,4.426,inf,2,0,0
gen_04050,9,-7.519,2.382,4.366,inf,2,0,0
gen_04051,1,-7.176,2.696,4.077,inf,2,0,0
gen_04051,2,-7.115,2.659,4.046,inf,2,0,0
gen_04051,3,-7.073,2.553,3.861,inf,2,0,0
gen_04051,4,-7.063,2.762,3.875,inf,2,0,0
gen_04051,5,-7.056,2.660,3.772,inf,2,0,0
gen_04051,6,-6.999,2.784,4.503,inf,2,0,0
gen_04052,1,-7.291,2.676,4.458,inf,2,0,0
gen_04052,2,-7.213,2.714,4.256,inf,2,0,0
gen_04053,1,-6.822,2.687,4.358,inf,2,0,0
gen_04053,2,-6.777,2.671,4.344,inf,2,0,0
gen_04053,3,-6.730,2.456,2.829,inf,2,0,0
gen_04053,4,-6.726,2.622,2.794,inf,2,0,0
gen_04054,1,-7.923,2.713,4.349,inf,2,0,0
gen_04054,2,-7.908,2.782,4.431,inf,2,0,0
gen_04055,1,-6.763,2.726,3.838,inf,2,0,0
gen_04056,1,-7.049,2.764,4.439,6.547,2,1,0
gen_04056,2,-7.043,2.770,4.469,6.560,2,1,0
gen_04056,3,-7.041,2.771,4.444,6.551,2,1,0
gen_04056,4,-7.039,2.735,4.437,6.504,2,1,0
gen_04056,5,-7.033,2.733,4.447,6.487,2,1,0
gen_04056,6,-7.032,2.732,4.406,6.520,2,1,0
gen_04057,1,-7.371,8.916,10.203,inf,2,0,0
gen_04057,2,-7.364,8.941,10.157,inf,2,0,0
gen_04057,3,-7.347,8.890,10.298,inf,2,0,0
gen_04057,4,-7.344,8.914,10.300,inf,2,0,0
gen_04057,5,-7.199,2.761,3.955,inf,2,0,0
gen_04057,6,-7.163,2.535,3.968,inf,2,0,0
gen_04057,7,-7.097,2.759,4.439,inf,2,0,0
gen_04057,8,-6.864,12.756,12.799,inf,2,0,0
gen_04058,1,-7.794,3.157,4.433,inf,2,0,0
gen_04059,1,-7.281,2.629,4.455,inf,2,0,0
gen_04059,2,-7.237,2.692,4.296,inf,2,0,0
gen_04059,3,-7.209,2.745,4.308,inf,2,0,0
gen_04059,4,-7.197,2.766,4.330,inf,2,0,0
gen_04059,5,-7.089,2.743,4.401,inf,2,0,0
gen_04059,6,-7.062,2.282,2.761,inf,2,0,0
gen_04059,7,-7.052,2.644,4.380,inf,2,0,0
gen_04059,8,-7.043,2.694,4.442,inf,2,0,0
gen_04059,9,-7.036,2.616,4.419,inf,2,0,0
gen_04059,10,-7.024,2.741,4.477,inf,2,0,0
gen_04059,11,-6.855,2.797,4.346,inf,2,0,0
gen_04060,1,-7.095,2.709,4.457,inf,2,0,0
gen_04060,2,-7.052,2.707,4.327,inf,2,0,0
gen_04060,3,-7.028,2.735,4.241,inf,2,0,0
gen_04060,4,-7.008,2.742,4.387,inf,2,0,0
gen_04061,1,-7.692,2.202,4.200,inf,2,0,0
gen_04061,2,-7.673,2.218,4.140,inf,2,0,0
gen_04061,3,-7.642,2.288,4.148,inf,2,0,0
gen_04061,4,-7.574,2.325,4.202,inf,2,0,0
gen_04061,5,-7.540,2.206,4.224,inf,2,0,0
gen_04061,6,-7.513,12.305,13.197,inf,2,0,0
gen_04062,1,-7.482,2.286,3.229,inf,2,0,0
gen_04062,2,-7.429,2.291,3.162,inf,2,0,0
gen_04062,3,-7.320,2.258,3.273,inf,2,0,0
gen_04062,4,-7.309,2.220,3.205,inf,2,0,0
gen_04062,5,-7.290,2.360,3.304,inf,2,0,0
gen_04063,1,-7.916,2.746,4.416,inf,2,0,0
gen_04063,2,-7.851,2.749,4.222,inf,2,0,0
gen_04063,3,-7.782,2.832,4.561,inf,2,0,0
gen_04064,1,-7.611,2.343,2.843,inf,2,0,0
gen_04064,2,-7.563,2.476,2.672,inf,2,0,0
gen_04064,3,-7.523,2.294,4.476,inf,2,0,0
gen_04064,4,-7.481,2.223,4.404,inf,2,0,0
gen_04064,5,-7.452,2.307,4.495,inf,2,0,0
gen_04065,1,-7.967,2.263,4.262,inf,2,0,0
gen_04065,2,-7.946,2.282,4.278,inf,2,0,0
gen_04065,3,-7.940,2.307,4.306,inf,2,0,0
gen_04065,4,-7.936,2.271,4.267,inf,2,0,0
gen_04066,1,-7.663,2.409,2.650,9.643,2,1,0
gen_04066,2,-7.655,2.390,2.661,9.694,2,1,0
gen_04066,3,-7.630,2.420,2.731,9.760,2,1,0
gen_04067,1,-7.233,14.938,15.406,inf,2,0,0
gen_04067,2,-7.203,14.948,15.478,inf,2,0,0
gen_04067,3,-7.188,14.929,15.413,inf,2,0,0
gen_04067,4,-7.163,15.029,15.251,inf,2,0,0
gen_04067,5,-7.156,2.539,2.744,inf,2,0,0
gen_04067,6,-7.152,2.416,2.779,inf,2,0,0
gen_04067,7,-7.151,2.484,2.767,inf,2,0,0
gen_04067,8,-7.148,2.465,2.725,inf,2,0,0
gen_04067,9,-7.133,2.472,2.726,inf,2,0,0
gen_04067,10,-7.126,2.395,2.770,inf,2,0,0
gen_04068,1,-7.544,3.287,4.437,4.907,4,1,0
gen_04068,2,-7.525,3.392,4.332,4.957,4,1,0
gen_04068,3,-7.503,3.286,4.486,5.075,4,1,0
gen_04068,4,-7.503,3.286,4.320,5.009,4,1,0
gen_04068,5,-7.465,3.153,4.490,4.916,4,1,0
gen_04069,1,-7.699,2.634,3.669,inf,2,0,0
gen_04069,2,-7.698,2.619,3.722,inf,2,0,0
gen_04069,3,-7.693,2.641,3.704,inf,2,0,0
gen_04069,4,-7.686,2.619,3.698,inf,2,0,0
gen_04070,1,-7.720,2.848,4.280,inf,2,0,0
gen_04070,2,-7.711,3.155,4.272,inf,2,0,0
gen_04071,1,-7.879,2.781,3.965,inf,2,0,0
gen_04072,1,-7.549,14.832,15.236,inf,2,0,0
gen_04072,2,-7.534,14.810,15.204,inf,2,0,0
gen_04073,1,-6.973,2.233,3.269,inf,2,0,0
gen_04073,2,-6.959,2.271,3.169,inf,2,0,0
gen_04073,3,-6.951,2.252,3.270,inf,2,0,0
gen_04073,4,-6.945,2.255,3.278,inf,2,0,0
gen_04073,5,-6.926,2.248,3.201,inf,2,0,0
gen_04073,6,-6.888,2.351,3.630,inf,2,0,0
gen_04073,7,-6.881,2.316,3.540,inf,2,0,0
gen_04073,8,-6.863,2.280,3.615,inf,2,0,0
gen_04073,9,-6.860,2.267,3.500,inf,2,0,0
gen_04073,10,-6.828,2.594,3.426,inf,2,0,0
gen_04073,11,-6.769,2.570,3.216,inf,2,0,0
gen_04074,1,-6.610,4.285,4.935,inf,2,0,0
gen_04074,2,-6.584,4.292,4.829,inf,2,0,0
gen_04074,3,-6.568,4.221,4.856,inf,2,0,0
gen_04074,4,-6.517,4.130,4.827,inf,2,0,0
gen_04075,1,-7.483,2.677,4.118,2.668,2,1,1
gen_04075,2,-7.477,2.704,4.146,2.646,2,1,1
gen_04075,3,-7.475,2.669,4.134,2.653,2,1,1
gen_04076,1,-8.114,2.327,2.990,inf,2,0,0
gen_04076,2,-8.065,2.438,2.913,inf,2,0,0
gen_04077,1,-7.950,12.473,13.069,inf,2,0,0
gen_04077,2,-7.947,12.284,13.672,inf,2,0,0
gen_04077,3,-7.935,12.279,13.661,inf,2,0,0
gen_04077,4,-7.930,12.236,13.610,inf,2,0,0
gen_04077,5,-7.929,12.591,13.163,inf,2,0,0
gen_04077,6,-7.920,12.220,13.685,inf,2,0,0
gen_04077,7,-7.906,12.765,13.092,inf,2,0,0
gen_04078,1,-7.409,3.521,5.121,8.035,2,1,0
gen_04078,2,-7.401,3.485,5.212,7.860,2,1,0
gen_04078,3,-7.256,4.283,4.356,8.058,2,1,0
gen_04078,4,-7.166,2.188,4.379,7.925,2,1,0
gen_04079,1,-7.806,2.658,4.456,inf,2,0,0
gen_04079,2,-7.779,2.661,4.477,inf,2,0,0
gen_04079,3,-7.731,2.607,4.499,inf,2,0,0
gen_04079,4,-7.730,2.610,4.510,inf,2,0,0
gen_04080,1,-7.496,2.758,4.553,inf,2,0,0
gen_04080,2,-7.492,2.739,4.455,inf,2,0,0
gen_04081,1,-8.279,2.635,4.380,inf,2,0,0
gen_04081,2,-8.187,2.616,4.383,inf,2,0,0
gen_04082,1,-7.470,2.335,2.838,5.713,2,1,0
gen_04083,1,-106.265,8.122,9.594,inf,2,0,0
gen_04083,2,-103.171,5.519,6.547,inf,2,0,0
gen_04083,3,-102.919,16.697,17.508,inf,2,0,0
gen_04084,1,-7.521,2.995,4.633,inf,4,0,0
gen_04084,2,-7.393,2.839,4.529,inf,4,0,0
gen_04085,1,-7.930,3.496,4.382,inf,2,0,0
gen_04085,2,-7.915,3.544,4.339,inf,2,0,0
gen_04085,3,-7.854,2.678,3.489,inf,2,0,0
gen_04086,1,-7.746,2.686,4.490,inf,2,0,0
gen_04086,2,-7.692,2.585,4.490,inf,2,0,0
gen_04086,3,-7.616,2.706,4.526,inf,2,0,0
gen_04086,4,-7.610,2.507,4.412,inf,2,0,0
gen_04087,1,-8.751,2.694,4.324,inf,2,0,0
gen_04087,2,-8.710,2.629,4.331,inf,2,0,0
gen_04088,1,-7.160,2.753,4.434,inf,2,0,0
gen_04088,2,-7.138,2.757,4.492,inf,2,0,0
gen_04088,3,-7.138,2.734,4.428,inf,2,0,0
gen_04088,4,-7.137,2.821,4.512,inf,2,0,0
gen_04088,5,-7.133,2.738,4.426,inf,2,0,0
gen_04088,6,-7.123,2.742,4.401,inf,2,0,0
gen_04088,7,-7.072,2.788,4.492,inf,2,0,0
gen_04089,1,-7.112,11.334,12.028,inf,2,0,0
gen_04089,2,-7.046,11.579,11.985,inf,2,0,0
gen_04089,3,-6.949,2.672,4.326,inf,2,0,0
gen_04089,4,-6.923,2.268,4.447,inf,2,0,0
gen_04089,5,-6.899,2.255,4.450,inf,2,0,0
gen_04089,6,-6.892,2.247,4.439,inf,2,0,0
gen_04089,7,-6.890,2.245,4.432,inf,2,0,0
gen_04089,8,-6.859,2.674,4.283,inf,2,0,0
gen_04089,9,-6.855,2.206,4.435,inf,2,0,0
gen_04090,1,-7.183,7.195,8.066,2.724,2,1,0
gen_04090,2,-7.179,7.166,8.094,2.786,2,1,0
gen_04090,3,-7.174,7.189,8.063,2.735,2,1,0
gen_04090,4,-7.168,7.202,8.109,2.735,2,1,0
gen_04090,5,-7.166,7.203,8.087,2.734,2,1,0
gen_04091,1,-8.674,2.665,2.790,inf,2,0,0
gen_04091,2,-8.659,2.600,2.730,inf,2,0,0
gen_04091,3,-8.526,18.751,19.284,inf,2,0,0
gen_04091,4,-8.509,18.387,19.399,inf,2,0,0
gen_04091,5,-8.493,18.375,19.354,inf,2,0,0
gen_04091,6,-8.489,18.720,19.231,inf,2,0,0
gen_04091,7,-8.424,2.676,3.000,inf,2,0,0
gen_04091,8,-8.391,2.665,2.813,inf,2,0,0
gen_04092,1,-8.730,3.061,4.424,10.342,2,1,0
gen_04092,2,-8.524,2.847,4.379,10.375,2,1,0
gen_04093,1,-7.085,2.487,4.533,inf,2,0,0
gen_04093,2,-7.033,2.264,4.465,inf,2,0,0
gen_04093,3,-6.868,2.247,4.449,inf,2,0,0
gen_04093,4,-6.832,2.221,4.364,inf,2,0,0
gen_04093,5,-6.779,2.702,4.438,inf,2,0,0
gen_04094,1,-6.979,2.711,4.476,inf,2,0,0
gen_04094,2,-6.965,2.744,4.410,inf,2,0,0
gen_04095,1,-7.363,3.722,4.522,4.678,2,2,0
gen_04096,1,-8.063,3.486,5.175,2.711,2,1,0
gen_04097,1,-7.313,2.597,2.657,inf,2,0,0
gen_04097,2,-6.837,17.066,17.173,inf,2,0,0
gen_04097,3,-6.816,17.087,17.207,inf,2,0,0
gen_04097,4,-6.796,15.174,16.000,inf,2,0,0
gen_04097,5,-6.727,16.781,17.610,inf,2,0,0
gen_04097,6,-6.724,15.220,16.076,inf,2,0,0
gen_04097,7,-6.671,17.086,17.334,inf,2,0,0
gen_04098,1,-7.150,2.804,4.695,inf,2,0,0
gen_04098,2,-7.125,2.778,4.723,inf,2,0,0
gen_04098,3,-7.044,2.934,4.755,inf,2,0,0
gen_04098,4,-7.014,2.858,4.689,inf,2,0,0
gen_04098,5,-6.723,2.803,4.552,inf,2,0,0
gen_04098,6,-6.717,2.785,4.491,inf,2,0,0
gen_04098,7,-6.696,2.916,4.580,inf,2,0,0
gen_04098,8,-6.639,2.798,4.543,inf,2,0,0
gen_04099,1,-7.188,2.442,2.760,inf,2,0,0
gen_04099,2,-7.157,2.520,2.735,inf,2,0,0
gen_04100,1,-7.914,2.714,4.409,inf,2,0,0
gen_04100,2,-7.904,2.702,4.451,inf,2,0,0
gen_04100,3,-7.828,2.691,3.936,inf,2,0,0
gen_04100,4,-7.822,2.748,4.321,inf,2,0,0
gen_04101,1,-6.708,12.004,13.257,inf,2,0,0
gen_04101,2,-6.696,12.038,13.273,inf,2,0,0
gen_04101,3,-6.695,11.966,13.215,inf,2,0,0
gen_04101,4,-6.665,11.959,13.210,inf,2,0,0
gen_04101,5,-6.617,11.716,13.219,inf,2,0,0
gen_04102,1,-7.190,4.069,5.637,inf,4,0,0
gen_04102,2,-7.187,4.041,5.697,inf,4,0,0
gen_04102,3,-7.162,4.061,5.628,inf,4,0,0
gen_04102,4,-7.113,4.020,5.591,inf,4,0,0
gen_04102,5,-7.042,4.051,5.626,inf,4,0,0
gen_04103,1,-7.475,2.706,4.478,inf,2,0,0
gen_04103,2,-7.456,2.684,4.441,inf,2,0,0
gen_04103,3,-7.389,2.677,4.457,inf,2,0,0
gen_04103,4,-7.328,2.743,4.437,inf,2,0,0
gen_04103,5,-7.192,2.783,4.480,inf,2,0,0
gen_04104,1,-7.716,2.632,2.698,inf,2,0,0
gen_04104,2,-7.659,2.664,2.849,inf,2,0,0
gen_04104,3,-7.558,2.779,2.907,inf,2,0,0
gen_04105,1,-7.873,4.099,4.529,inf,2,0,0
gen_04105,2,-7.865,4.202,4.592,inf,2,0,0
gen_04105,3,-7.826,2.693,4.723,inf,2,0,0
gen_04105,4,-7.775,2.729,4.691,inf,2,0,0
gen_04105,5,-7.757,2.780,4.729,inf,2,0,0
gen_04105,6,-7.754,2.733,4.716,inf,2,0,0
gen_04105,7,-7.711,2.637,4.684,inf,2,0,0
gen_04106,1,-7.779,2.681,4.556,inf,2,0,0
gen_04106,2,-7.689,3.173,4.878,inf,2,0,0
gen_04106,3,-7.685,2.613,4.586,inf,2,0,0
gen_04106,4,-7.680,15.432,15.822,inf,2,0,0
gen_04106,5,-7.669,15.354,15.959,inf,2,0,0
gen_04106,6,-7.666,15.231,15.951,inf,2,0,0
gen_04107,1,-7.976,2.738,4.147,inf,2,0,0
gen_04108,1,-8.327,2.643,4.478,inf,4,0,0
gen_04108,2,-8.261,2.559,4.306,inf,4,0,0
gen_04108,3,-8.236,2.584,4.469,inf,4,0,0
gen_04108,4,-8.219,2.623,4.325,inf,4,0,0
gen_04108,5,-8.217,2.687,4.343,inf,4,0,0
gen_04108,6,-8.164,2.728,4.560,inf,4,0,0
gen_04108,7,-8.096,2.656,4.473,inf,4,0,0
gen_04108,8,-8.060,2.796,4.533,inf,4,0,0
gen_04108,9,-7.996,2.773,4.559,inf,4,0,0
gen_04108,10,-7.794,2.856,4.361,inf,4,0,0
gen_04109,1,-7.559,3.561,4.333,4.265,4,1,0
gen_04109,2,-7.494,3.271,4.445,4.387,4,1,0
gen_04109,3,-7.401,3.437,4.323,4.345,4,1,0
gen_04109,4,-7.395,3.775,4.170,4.456,4,1,0
gen_04109,5,-7.272,3.864,4.275,4.482,4,1,0
gen_04110,1,-7.801,2.819,4.315,5.607,4,1,0
gen_04110,2,-7.796,2.794,4.312,5.600,4,1,0
gen_04110,3,-7.793,2.805,4.299,5.593,4,1,0
gen_04110,4,-7.789,2.796,4.295,5.590,4,1,0
gen_04110,5,-7.754,2.842,4.303,5.565,4,1,0
gen_04110,6,-7.738,2.805,4.297,5.561,4,1,0
gen_04110,7,-7.731,2.823,4.295,5.556,4,1,0
gen_04111,1,-7.267,15.609,16.688,inf,2,0,0
gen_04112,1,-7.025,14.802,15.887,inf,2,0,0
gen_04112,2,-6.976,2.796,4.282,inf,2,0,0
gen_04112,3,-6.965,2.810,4.373,inf,2,0,0
gen_04113,1,-8.499,2.580,4.435,inf,2,0,0
gen_04113,2,-8.490,2.664,4.273,inf,2,0,0
gen_04113,3,-8.391,2.828,4.311,inf,2,0,0
gen_04114,1,-7.344,2.705,4.399,inf,2,0,0
gen_04114,2,-7.080,2.694,4.343,inf,2,0,0
gen_04115,1,-7.977,2.754,4.366,inf,2,0,0
gen_04115,2,-7.970,2.769,4.442,inf,2,0,0
gen_04115,3,-7.922,2.788,4.345,inf,2,0,0
gen_04115,4,-7.877,2.714,4.254,inf,2,0,0
gen_04115,5,-7.779,2.829,4.537,inf,2,0,0
gen_04115,6,-7.775,2.879,4.579,inf,2,0,0
gen_04116,1,-7.811,12.606,14.181,3.020,2,1,0
gen_04116,2,-7.782,12.641,14.150,3.023,2,1,0
gen_04116,3,-7.757,12.685,14.163,2.974,2,1,0
gen_04116,4,-7.650,13.311,14.740,3.102,2,1,0
gen_04116,5,-7.620,13.231,14.824,3.074,2,1,0
gen_04116,6,-7.561,3.368,3.465,4.344,2,1,0
gen_04116,7,-7.555,3.326,3.433,4.552,2,1,0
gen_04117,1,-8.197,2.654,2.982,3.876,2,1,0
gen_04117,2,-8.179,2.619,3.031,3.993,2,1,0
gen_04117,3,-8.113,2.754,3.140,4.492,2,1,0
gen_04117,4,-8.002,2.745,2.772,3.955,2,1,0
gen_04117,5,-7.494,2.715,4.257,7.086,2,1,0
gen_04117,6,-7.488,2.731,4.448,6.002,2,1,0
gen_04118,1,-6.751,2.635,3.718,inf,2,0,0
gen_04118,2,-6.742,2.642,3.746,inf,2,0,0
gen_04119,1,-7.518,2.651,4.303,inf,2,0,0
gen_04119,2,-7.516,2.648,4.379,inf,2,0,0
gen_04119,3,-7.464,2.658,4.240,inf,2,0,0
gen_04119,4,-7.463,2.767,4.271,inf,2,0,0
gen_04119,5,-7.455,10.353,10.470,inf,2,0,0
gen_04119,6,-7.445,2.782,4.303,inf,2,0,0
gen_04119,7,-7.358,10.068,10.328,inf,2,0,0
gen_04120,1,-7.625,2.665,4.343,inf,2,0,0
gen_04120,2,-7.592,2.708,4.354,inf,2,0,0
gen_04121,1,-8.291,2.838,4.343,inf,2,0,0
gen_04121,2,-8.281,2.789,4.225,inf,2,0,0
gen_04121,3,-8.212,2.796,4.385,inf,2,0,0
gen_04121,4,-8.159,2.798,4.281,inf,2,0,0
gen_04121,5,-8.043,10.379,10.826,inf,2,0,0
gen_04122,1,-6.860,9.845,10.871,4.125,2,1,0
gen_04122,2,-6.844,9.648,10.815,4.137,2,1,0
gen_04122,3,-6.836,9.596,10.816,4.153,2,1,0
gen_04123,1,-6.506,2.747,4.489,inf,2,0,0
gen_04123,2,-6.427,2.736,4.438,inf,2,0,0
gen_04124,1,-7.878,2.833,4.430,inf,2,0,0
gen_04124,2,-7.839,2.838,4.390,inf,2,0,0
gen_04124,3,-7.747,2.972,4.639,inf,2,0,0
gen_04125,1,-7.081,2.808,4.304,inf,2,0,0
gen_04125,2,-7.034,2.824,4.358,inf,2,0,0
gen_04126,1,-7.989,3.695,4.716,3.611,4,1,0
gen_04126,2,-7.973,3.661,4.524,3.711,4,1,0
gen_04126,3,-7.973,3.695,4.776,3.736,4,1,0
gen_04126,4,-7.891,3.677,4.815,3.732,4,1,0
gen_04126,5,-7.840,3.367,4.833,3.719,4,1,0
gen_04127,1,-7.784,5.908,6.337,6.627,2,1,0
gen_04127,2,-7.715,5.686,6.411,6.615,2,1,0
gen_04127,3,-7.703,5.596,6.384,6.661,2,1,0
gen_04127,4,-7.669,6.008,6.363,6.646,2,1,0
gen_04127,5,-7.667,6.469,7.368,6.066,2,1,0
gen_04127,6,-7.566,7.127,7.658,5.881,2,1,0
gen_04127,7,-7.328,6.629,7.019,6.385,2,1,0
gen_04127,8,-6.816,11.916,13.554,11.443,2,1,0
gen_04127,9,-6.788,11.755,13.498,11.478,2,1,0
gen_04127,10,-6.687,12.285,13.271,11.269,2,1,0
gen_04127,11,-6.624,14.825,15.266,9.786,2,1,0
gen_04127,12,-6.523,18.601,18.906,6.387,2,1,0
gen_04128,1,-8.126,2.634,4.582,inf,2,0,0
gen_04128,2,-8.109,2.608,4.540,inf,2,0,0
gen_04128,3,-8.091,2.580,4.525,inf,2,0,0
gen_04128,4,-8.038,2.573,4.597,inf,2,0,0
gen_04129,1,-7.455,2.558,4.485,3.905,2,1,0
gen_04129,2,-7.441,2.468,4.428,3.892,2,1,0
gen_04130,1,-6.999,2.593,4.439,inf,2,0,0
gen_04130,2,-6.847,2.798,4.477,inf,2,0,0
gen_04131,1,-7.338,3.511,4.567,inf,2,0,0
gen_04131,2,-7.331,2.832,4.544,inf,2,0,0
gen_04131,3,-7.322,3.009,4.565,inf,2,0,0
gen_04131,4,-7.272,3.897,4.526,inf,2,0,0
gen_04132,1,-7.424,2.637,3.013,inf,2,0,0
gen_04132,2,-7.314,2.694,3.195,inf,2,0,0
gen_04132,3,-7.313,2.489,2.801,inf,2,0,0
gen_04132,4,-7.278,2.597,2.713,inf,2,0,0
gen_04132,5,-7.237,2.451,2.730,inf,2,0,0
gen_04133,1,-7.874,2.787,4.313,inf,2,0,0
gen_04133,2,-7.854,2.784,4.421,inf,2,0,0
gen_04133,3,-7.707,2.816,4.332,inf,2,0,0
gen_04134,1,-7.493,2.772,4.302,inf,2,0,0
gen_04134,2,-7.489,2.796,4.342,inf,2,0,0
gen_04134,3,-7.446,2.828,4.437,inf,2,0,0
gen_04134,4,-7.427,2.816,4.327,inf,2,0,0
gen_04134,5,-7.394,2.730,4.320,inf,2,0,0
gen_04134,6,-7.368,2.787,4.445,inf,2,0,0
gen_04134,7,-7.340,2.764,4.403,inf,2,0,0
gen_04134,8,-7.301,2.753,4.440,inf,2,0,0
gen_04135,1,-7.989,3.118,4.510,2.864,4,1,1
gen_04135,2,-7.986,2.544,2.751,6.904,4,1,0
gen_04135,3,-7.964,2.467,2.795,6.860,4,1,0
gen_04135,4,-7.941,2.560,2.697,6.855,4,1,0
gen_04135,5,-7.931,3.472,4.437,7.995,4,1,0
gen_04135,6,-7.904,2.618,2.704,6.932,4,1,0
gen_04136,1,-6.931,2.620,4.547,inf,2,0,0
gen_04136,2,-6.928,2.662,4.577,inf,2,0,0
gen_04136,3,-6.923,2.534,4.490,inf,2,0,0
gen_04136,4,-6.778,3.138,4.358,inf,2,0,0
gen_04136,5,-6.747,3.249,4.378,inf,2,0,0
gen_04137,1,-8.081,2.427,2.813,inf,2,0,0
gen_04137,2,-8.024,2.461,2.787,inf,2,0,0
gen_04138,1,-8.131,2.695,4.221,inf,2,0,0
gen_04138,2,-8.037,2.615,4.253,inf,2,0,0
gen_04138,3,-8.026,2.638,4.259,inf,2,0,0
gen_04138,4,-7.956,2.516,4.226,inf,2,0,0
gen_04138,5,-7.945,2.578,4.259,inf,2,0,0
gen_04138,6,-7.906,2.571,4.184,inf,2,0,0
gen_04138,7,-7.376,2.726,3.970,inf,2,0,0
gen_04139,1,-8.034,2.655,4.579,inf,2,0,0
gen_04139,2,-8.024,2.654,4.585,inf,2,0,0
gen_04140,1,-6.771,2.698,4.361,inf,4,0,0
gen_04140,2,-6.768,2.720,4.394,inf,4,0,0
gen_04141,1,-7.083,2.615,4.595,3.564,2,2,0
gen_04141,2,-6.971,2.639,4.635,3.663,2,2,0
gen_04141,3,-6.762,2.751,4.407,4.046,2,2,0
gen_04142,1,-8.284,2.541,2.755,inf,2,0,0
gen_04142,2,-8.244,11.719,12.004,inf,2,0,0
gen_04142,3,-8.236,11.501,11.756,inf,2,0,0
gen_04142,4,-8.205,2.620,2.737,inf,2,0,0
gen_04142,5,-8.186,11.671,11.749,inf,2,0,0
gen_04143,1,-6.976,3.304,3.621,inf,2,0,0
gen_04143,2,-6.972,3.546,4.236,inf,2,0,0
gen_04143,3,-6.957,15.316,15.966,inf,2,0,0
gen_04143,4,-6.952,3.737,4.265,inf,2,0,0
gen_04143,5,-6.932,3.635,4.216,inf,2,0,0
gen_04144,1,-7.324,6.809,6.923,6.485,2,1,0
gen_04144,2,-7.316,6.784,6.928,6.507,2,1,0
gen_04144,3,-7.279,6.842,6.914,6.347,2,1,0
gen_04144,4,-7.234,6.895,6.911,6.134,2,1,0
gen_04145,1,-7.087,8.504,10.050,inf,2,0,0
gen_04145,2,-7.046,8.954,10.301,inf,2,0,0
gen_04145,3,-7.034,2.643,4.521,inf,2,0,0
gen_04145,4,-7.021,8.913,10.134,inf,2,0,0
gen_04145,5,-6.930,8.858,10.073,inf,2,0,0
gen_04146,1,-8.182,2.764,4.434,inf,2,0,0
gen_04146,2,-8.119,2.657,3.716,inf,2,0,0
gen_04146,3,-7.939,2.799,4.522,inf,2,0,0
gen_04146,4,-7.765,10.608,10.911,inf,2,0,0
gen_04146,5,-7.753,10.486,11.041,inf,2,0,0
gen_04147,1,-7.067,2.763,4.333,inf,2,0,0
gen_04147,2,-7.052,2.766,4.344,inf,2,0,0
gen_04148,1,-7.798,2.466,4.510,5.791,2,1,0
gen_04148,2,-7.776,2.551,4.545,5.880,2,1,0
gen_04148,3,-7.718,2.418,4.464,5.773,2,1,0
gen_04148,4,-7.636,2.328,4.521,5.745,2,1,0
gen_04148,5,-7.625,2.248,4.357,5.604,2,1,0
gen_04148,6,-7.617,2.331,4.519,5.693,2,1,0
gen_04148,7,-7.615,2.247,4.442,5.681,2,1,0
gen_04148,8,-7.599,2.307,4.361,5.663,2,1,0
gen_04149,1,-7.796,2.578,2.702,5.698,2,1,0
gen_04149,2,-7.656,2.572,2.634,5.710,2,1,0
gen_04150,1,-7.272,3.955,4.366,inf,2,0,0
gen_04150,2,-7.235,3.878,4.335,inf,2,0,0
gen_04150,3,-7.221,3.885,4.349,inf,2,0,0
gen_04151,1,-8.168,4.245,4.364,inf,2,0,0
gen_04151,2,-8.120,4.198,4.501,inf,2,0,0
gen_04151,3,-8.115,3.208,4.984,inf,2,0,0
gen_04152,1,-9.193,2.717,4.072,inf,2,0,0
gen_04152,2,-9.168,3.093,3.996,inf,2,0,0
gen_04152,3,-9.128,2.800,4.029,inf,2,0,0
gen_04152,4,-7.831,3.113,4.969,inf,2,0,0
gen_04153,1,-7.594,2.746,4.441,inf,2,0,0
gen_04153,2,-7.581,2.778,4.491,inf,2,0,0
gen_04154,1,-7.348,2.658,4.239,inf,2,0,0
gen_04154,2,-7.267,2.605,4.336,inf,2,0,0
gen_04154,3,-7.165,2.698,4.484,inf,2,0,0
gen_04154,4,-7.133,2.630,4.414,inf,2,0,0
gen_04154,5,-7.072,2.713,4.382,inf,2,0,0
gen_04155,1,-8.063,3.329,4.356,7.254,2,1,0
gen_04155,2,-8.046,3.001,4.372,7.415,2,1,0
gen_04155,3,-8.037,3.513,4.306,7.297,2,1,0
gen_04155,4,-8.000,3.283,4.349,7.265,2,1,0
gen_04155,5,-7.899,3.272,4.421,7.284,2,1,0
gen_04155,6,-7.843,3.004,4.614,3.611,2,1,0
gen_04156,1,-8.054,2.221,2.586,inf,4,0,0
gen_04157,1,-7.742,5.989,6.807,5.941,2,1,0
gen_04157,2,-7.332,15.378,16.966,6.751,2,1,0
gen_04157,3,-7.227,15.251,16.980,6.845,2,1,0
gen_04157,4,-7.100,14.922,15.035,5.483,2,1,0
gen_04158,1,-7.204,2.801,4.423,inf,2,0,0
gen_04159,1,-7.236,2.664,4.362,inf,2,0,0
gen_04159,2,-7.203,2.583,4.307,inf,2,0,0
gen_04159,3,-7.120,2.808,4.498,inf,2,0,0
gen_04159,4,-7.112,2.604,4.451,inf,2,0,0
gen_04159,5,-7.085,2.825,4.347,inf,2,0,0
gen_04159,6,-7.064,2.770,4.498,inf,2,0,0
gen_04159,7,-7.057,2.802,4.423,inf,2,0,0
gen_04159,8,-7.011,2.842,4.483,inf,2,0,0
gen_04159,9,-6.981,2.818,4.487,inf,2,0,0
gen_04159,10,-6.776,2.670,4.104,inf,2,0,0
gen_04160,1,-7.783,2.594,3.258,inf,4,0,0
gen_04160,2,-7.645,2.851,3.088,inf,4,0,0
gen_04160,3,-7.579,2.715,3.838,inf,4,0,0
gen_04160,4,-7.559,2.665,4.092,inf,4,0,0
gen_04160,5,-7.559,2.674,3.839,inf,4,0,0
gen_04160,6,-7.550,2.707,3.883,inf,4,0,0
gen_04161,1,-8.459,2.791,4.472,inf,2,0,0
gen_04162,1,-7.983,7.491,7.831,inf,2,0,0
gen_04162,2,-7.979,6.885,7.474,inf,2,0,0
gen_04162,3,-7.975,7.001,7.608,inf,2,0,0
gen_04162,4,-7.957,6.923,8.101,inf,2,0,0
gen_04162,5,-7.948,6.693,7.780,inf,2,0,0
gen_04162,6,-7.729,2.746,3.920,inf,2,0,0
gen_04162,7,-7.719,2.699,3.886,inf,2,0,0
gen_04162,8,-7.707,2.743,3.974,inf,2,0,0
gen_04163,1,-8.167,2.868,4.369,6.072,2,1,0
gen_04163,2,-8.165,2.710,4.511,5.924,2,1,0
gen_04164,1,-7.698,2.681,3.886,4.666,2,1,0
gen_04164,2,-7.691,2.686,3.925,4.721,2,1,0
gen_04165,1,-7.562,3.143,4.346,inf,2,0,0
gen_04165,2,-7.554,3.162,4.327,inf,2,0,0
gen_04165,3,-7.499,3.225,4.366,inf,2,0,0
gen_04165,4,-7.294,4.047,4.479,inf,2,0,0
gen_04166,1,-8.152,2.824,3.955,6.433,2,1,0
gen_04166,2,-8.148,2.776,3.914,6.637,2,1,0
gen_04166,3,-8.142,2.798,3.886,6.746,2,1,0
gen_04166,4,-8.137,2.790,3.822,5.999,2,1,0
gen_04166,5,-8.132,2.823,3.772,6.153,2,1,0
gen_04166,6,-8.088,2.771,3.901,6.508,2,1,0
gen_04166,7,-8.074,2.829,3.899,6.404,2,1,0
gen_04166,8,-8.072,3.027,3.903,6.876,2,1,0
gen_04166,9,-8.069,2.967,3.929,6.031,2,1,0
gen_04166,10,-8.036,2.805,3.731,5.995,2,1,0
gen_04166,11,-8.036,3.000,3.777,6.565,2,1,0
gen_04167,1,-8.257,2.716,3.758,inf,4,0,0
gen_04167,2,-7.968,2.651,4.406,inf,4,0,0
gen_04167,3,-7.964,2.752,3.309,inf,4,0,0
gen_04167,4,-7.938,2.656,4.464,inf,4,0,0
gen_04167,5,-7.917,2.658,4.427,inf,4,0,0
gen_04167,6,-7.900,2.768,4.346,inf,4,0,0
gen_04168,1,-8.044,3.310,4.411,2.993,2,1,0
gen_04168,2,-8.020,3.363,4.353,3.068,2,1,0
gen_04168,3,-8.005,3.302,4.361,3.092,2,1,0
gen_04168,4,-7.983,3.290,4.360,3.063,2,1,0
gen_04168,5,-7.979,3.241,4.337,3.033,2,1,0
gen_04168,6,-7.897,3.436,4.617,3.099,2,1,0
gen_04168,7,-7.805,3.500,4.454,3.230,2,1,0
gen_04168,8,-7.799,3.189,4.432,3.209,2,1,1
gen_04168,9,-7.729,3.047,4.536,3.157,2,1,1
gen_04169,1,-7.300,2.726,4.445,inf,2,0,0
gen_04170,1,-8.924,2.384,3.237,inf,2,0,0
gen_04170,2,-8.924,2.428,3.223,inf,2,0,0
gen_04170,3,-8.874,2.316,3.266,inf,2,0,0
gen_04170,4,-8.742,2.372,3.421,inf,2,0,0
gen_04170,5,-8.388,2.720,4.379,inf,2,0,0
gen_04170,6,-8.354,2.705,4.345,inf,2,0,0
gen_04170,7,-8.339,2.703,4.354,inf,2,0,0
gen_04170,8,-8.202,2.726,4.069,inf,2,0,0
gen_04171,1,-7.381,2.703,3.899,inf,2,0,0
gen_04171,2,-7.358,2.758,4.263,inf,2,0,0
gen_04171,3,-7.330,2.717,4.201,inf,2,0,0
gen_04171,4,-7.316,2.693,4.209,inf,2,0,0
gen_04171,5,-7.304,2.704,3.666,inf,2,0,0
gen_04171,6,-7.233,2.750,4.381,inf,2,0,0
gen_04171,7,-7.153,2.705,4.007,inf,2,0,0
gen_04172,1,-80.520,4.066,6.163,inf,2,0,0
gen_04172,2,-76.945,7.920,9.153,inf,2,0,0
gen_04172,3,-76.304,6.671,7.216,inf,2,0,0
gen_04173,1,-7.223,2.567,3.667,inf,2,0,0
gen_04173,2,-7.215,2.574,3.684,inf,2,0,0
gen_04173,3,-7.205,2.576,3.662,inf,2,0,0
gen_04174,1,-8.025,2.712,4.475,inf,4,0,0
gen_04174,2,-7.992,2.816,4.316,inf,4,0,0
gen_04174,3,-7.970,2.824,4.344,inf,4,0,0
gen_04175,1,-7.600,2.387,2.550,3.362,4,1,1
gen_04175,2,-7.541,2.464,2.722,3.197,4,1,1
gen_04175,3,-7.530,2.554,2.722,3.216,4,1,1
gen_04175,4,-7.503,2.523,2.663,3.972,4,1,0
gen_04175,5,-7.477,2.415,2.812,4.838,4,1,0
gen_04175,6,-7.465,2.472,2.761,4.700,4,1,0
gen_04175,7,-7.443,2.509,2.961,4.770,4,1,0
gen_04175,8,-7.435,2.649,2.706,3.239,4,1,1
gen_04176,1,-6.407,5.906,7.792,inf,2,0,0
gen_04177,1,-6.373,2.758,4.213,inf,2,0,0
gen_04178,1,-8.878,2.690,3.937,inf,4,0,0
gen_04178,2,-8.861,2.665,3.846,inf,4,0,0
gen_04178,3,-8.825,2.659,3.918,inf,4,0,0
gen_04178,4,-8.652,2.718,3.556,inf,4,0,0
gen_04178,5,-8.603,2.675,3.943,inf,4,0,0
gen_04178,6,-8.590,2.568,3.800,inf,4,0,0
gen_04178,7,-8.586,2.688,3.183,inf,4,0,0
gen_04178,8,-8.536,2.667,3.975,inf,4,0,0
gen_04179,1,-7.281,2.653,4.439,inf,2,0,0
gen_04179,2,-7.265,2.662,4.452,inf,2,0,0
gen_04179,3,-7.224,2.763,4.520,inf,2,0,0
gen_04179,4,-7.190,2.830,4.568,inf,2,0,0
gen_04179,5,-7.133,2.706,4.484,inf,2,0,0
gen_04180,1,-7.742,2.819,4.415,inf,2,0,0
gen_04180,2,-7.737,2.749,4.424,inf,2,0,0
gen_04180,3,-7.722,2.816,4.494,inf,2,0,0
gen_04181,1,-7.442,3.787,4.357,3.722,2,2,0
gen_04181,2,-7.416,3.695,4.305,3.766,2,2,0
gen_04181,3,-7.412,3.830,4.371,3.716,2,2,0
gen_04181,4,-7.385,14.283,14.906,3.271,2,2,0
gen_04181,5,-7.290,3.799,4.380,3.734,2,2,0
gen_04182,1,-7.225,2.669,4.305,inf,2,0,0
gen_04182,2,-7.190,2.695,4.313,inf,2,0,0
gen_04182,3,-7.151,2.726,4.401,inf,2,0,0
gen_04182,4,-7.116,2.708,4.418,inf,2,0,0
gen_04183,1,-7.949,7.149,8.704,3.329,2,2,0
gen_04183,2,-7.938,2.772,4.342,5.209,2,2,0
gen_04183,3,-7.915,7.196,8.750,3.368,2,2,0
gen_04183,4,-7.907,2.787,4.333,5.226,2,2,0
gen_04183,5,-7.905,3.614,4.300,4.675,2,2,0
gen_04183,6,-7.904,3.648,4.281,4.661,2,2,0
gen_04183,7,-7.866,2.753,4.318,5.414,2,2,0
gen_04183,8,-7.865,2.760,4.387,5.227,2,2,0
gen_04183,9,-7.854,2.734,4.334,5.421,2,2,0
gen_04183,10,-7.843,2.805,4.411,5.253,2,2,0
gen_04183,11,-7.831,2.722,4.308,5.449,2,2,0
gen_04184,1,-7.416,2.724,4.566,inf,2,0,0
gen_04184,2,-7.343,2.742,4.599,inf,2,0,0
gen_04184,3,-7.256,8.592,10.196,inf,2,0,0
gen_04184,4,-7.185,2.852,4.586,inf,2,0,0
gen_04184,5,-7.085,7.569,7.734,inf,2,0,0
gen_04184,6,-7.077,7.730,7.798,inf,2,0,0
gen_04184,7,-7.076,7.662,7.734,inf,2,0,0
gen_04185,1,-8.175,8.730,10.005,inf,2,0,0
gen_04185,2,-8.157,8.619,10.035,inf,2,0,0
gen_04185,3,-8.133,8.667,10.216,inf,2,0,0
gen_04185,4,-8.052,2.702,4.021,inf,2,0,0
gen_04185,5,-8.039,2.725,4.090,inf,2,0,0
gen_04185,6,-7.750,12.811,15.028,inf,2,0,0
gen_04185,7,-7.711,12.910,15.062,inf,2,0,0
gen_04185,8,-7.691,13.444,15.550,inf,2,0,0
gen_04185,9,-7.685,13.429,15.587,inf,2,0,0
gen_04185,10,-7.681,13.433,15.558,inf,2,0,0
gen_04185,11,-7.674,12.893,14.972,inf,2,0,0
gen_04186,1,-6.759,2.594,3.902,inf,2,0,0
gen_04186,2,-6.758,2.543,3.952,inf,2,0,0
gen_04186,3,-6.747,2.621,3.815,inf,2,0,0
gen_04186,4,-6.720,2.592,3.906,inf,2,0,0
gen_04186,5,-6.714,2.507,3.858,inf,2,0,0
gen_04186,6,-6.711,2.505,3.967,inf,2,0,0
gen_04186,7,-6.687,2.648,3.810,inf,2,0,0
gen_04187,1,-7.903,2.754,4.437,inf,4,0,0
gen_04187,2,-7.882,2.958,4.444,inf,4,0,0
gen_04187,3,-7.880,2.844,4.410,inf,4,0,0
gen_04187,4,-7.871,2.773,4.306,inf,4,0,0
gen_04188,1,-6.653,2.755,4.624,5.446,2,1,0
gen_04188,2,-6.619,2.756,4.558,5.381,2,1,0
gen_04189,1,-6.758,9.612,10.320,inf,2,0,0
gen_04189,2,-6.757,9.591,10.313,inf,2,0,0
gen_04189,3,-6.742,2.397,4.444,inf,2,0,0
gen_04190,1,-6.894,2.661,4.209,inf,2,0,0
gen_04190,2,-6.854,2.668,4.232,inf,2,0,0
gen_04190,3,-6.835,2.667,4.134,inf,2,0,0
gen_04190,4,-6.677,14.396,15.247,inf,2,0,0
gen_04190,5,-6.613,14.436,15.319,inf,2,0,0
gen_04190,6,-6.600,14.280,15.305,inf,2,0,0
gen_04191,1,-7.469,3.604,4.697,inf,2,0,0
gen_04191,2,-7.462,3.568,4.650,inf,2,0,0
gen_04191,3,-7.457,3.581,4.713,inf,2,0,0
gen_04191,4,-7.454,3.647,4.780,inf,2,0,0
gen_04191,5,-7.396,2.927,4.166,inf,2,0,0
gen_04191,6,-7.376,2.794,4.053,inf,2,0,0
gen_04192,1,-6.962,2.709,4.397,inf,2,0,0
gen_04192,2,-6.916,2.726,4.433,inf,2,0,0
gen_04192,3,-6.868,2.842,4.550,inf,2,0,0
gen_04193,1,-6.625,2.696,4.376,inf,2,0,0
gen_04193,2,-6.591,2.724,4.393,inf,2,0,0
gen_04194,1,-6.915,2.546,4.419,inf,2,0,0
gen_04194,2,-6.901,2.494,4.385,inf,2,0,0
gen_04195,1,-8.435,2.441,4.111,inf,2,0,0
gen_04196,1,-8.188,2.537,4.257,inf,2,0,0
gen_04196,2,-8.056,2.667,3.751,inf,2,0,0
gen_04196,3,-7.989,2.660,3.684,inf,2,0,0
gen_04196,4,-7.924,2.743,4.359,inf,2,0,0
gen_04196,5,-7.859,2.760,4.384,inf,2,0,0
gen_04197,1,-7.067,2.799,4.336,inf,2,0,0
gen_04197,2,-7.059,2.826,4.374,inf,2,0,0
gen_04197,3,-7.035,2.841,4.352,inf,2,0,0
gen_04197,4,-7.018,2.803,4.499,inf,2,0,0
gen_04197,5,-7.016,2.876,4.489,inf,2,0,0
gen_04197,6,-7.014,2.794,4.532,inf,2,0,0
gen_04197,7,-7.007,2.780,4.376,inf,2,0,0
gen_04197,8,-7.006,2.947,4.558,inf,2,0,0
gen_04198,1,-7.755,2.673,4.094,inf,4,0,0
gen_04198,2,-7.755,2.673,4.088,inf,4,0,0
gen_04199,1,-7.215,2.464,2.800,inf,2,0,0
gen_04199,2,-6.971,16.551,17.151,inf,2,0,0
gen_04200,1,-7.570,2.753,4.482,inf,2,0,0
gen_04200,2,-7.544,2.766,4.432,inf,2,0,0
gen_04200,3,-7.515,2.531,4.462,inf,2,0,0
gen_04200,4,-7.499,2.358,3.180,inf,2,0,0
gen_04200,5,-7.489,2.551,3.067,inf,2,0,0
gen_04200,6,-7.457,2.752,4.401,inf,2,0,0
gen_04200,7,-7.439,2.603,3.016,inf,2,0,0
gen_04200,8,-7.406,2.323,3.123,inf,2,0,0
gen_04200,9,-7.401,2.767,4.594,inf,2,0,0
gen_04201,1,-8.294,2.692,4.147,inf,4,0,0
gen_04201,2,-8.277,2.645,3.938,inf,4,0,0
gen_04201,3,-8.256,2.731,3.792,inf,4,0,0
gen_04201,4,-8.209,2.704,4.154,inf,4,0,0
gen_04201,5,-8.177,2.722,3.650,inf,4,0,0
gen_04201,6,-8.166,2.660,3.850,inf,4,0,0
gen_04201,7,-8.136,2.653,3.837,inf,4,0,0
gen_04201,8,-8.123,2.722,3.789,inf,4,0,0
gen_04201,9,-8.119,2.648,3.915,inf,4,0,0
gen_04201,10,-8.044,2.749,3.705,inf,4,0,0
gen_04201,11,-7.978,2.773,3.713,inf,4,0,0
gen_04201,12,-7.852,2.785,3.735,inf,4,0,0
gen_04201,13,-7.808,2.697,4.235,inf,4,0,0
gen_04202,1,-7.665,2.525,2.711,inf,2,0,0
gen_04203,1,-7.760,2.789,4.471,inf,2,0,0
gen_04203,2,-7.746,2.677,4.497,inf,2,0,0
gen_04203,3,-7.712,2.775,4.538,inf,2,0,0
gen_04203,4,-7.711,2.791,4.403,inf,2,0,0
gen_04203,5,-7.604,2.716,4.301,inf,2,0,0
gen_04203,6,-7.543,2.723,4.447,inf,2,0,0
gen_04204,1,-8.226,2.831,4.306,inf,4,0,0
gen_04204,2,-8.223,2.884,4.399,inf,4,0,0
gen_04204,3,-8.198,2.835,4.498,inf,4,0,0
gen_04204,4,-8.193,2.837,4.506,inf,4,0,0
gen_04205,1,-6.865,3.819,5.376,inf,2,0,0
gen_04205,2,-6.854,3.796,5.378,inf,2,0,0
gen_04205,3,-6.818,3.860,5.394,inf,2,0,0
gen_04206,1,-7.226,3.886,5.292,inf,2,0,0
gen_04206,2,-7.193,2.728,4.391,inf,2,0,0
gen_04206,3,-7.147,2.760,4.430,inf,2,0,0
gen_04207,1,-7.595,2.750,4.442,inf,2,0,0
gen_04208,1,-7.325,2.194,3.225,inf,2,0,0
gen_04208,2,-7.314,2.195,3.231,inf,2,0,0
gen_04208,3,-7.303,2.167,3.273,inf,2,0,0
gen_04208,4,-7.285,2.183,3.249,inf,2,0,0
gen_04209,1,-7.121,2.506,3.204,inf,2,0,0
gen_04209,2,-7.120,12.053,12.650,inf,2,0,0
gen_04209,3,-7.113,2.516,3.172,inf,2,0,0
gen_04209,4,-7.107,12.340,12.769,inf,2,0,0
gen_04209,5,-7.107,12.241,12.784,inf,2,0,0
gen_04209,6,-7.089,2.622,2.942,inf,2,0,0
gen_04209,7,-7.083,12.480,12.686,inf,2,0,0
gen_04209,8,-7.049,12.425,12.786,inf,2,0,0
gen_04209,9,-6.992,2.555,3.271,inf,2,0,0
gen_04209,10,-6.980,2.722,4.128,inf,2,0,0
gen_04209,11,-6.975,2.716,4.099,inf,2,0,0
gen_04210,1,-7.791,3.475,3.841,6.692,4,1,0
gen_04210,2,-7.766,3.307,3.921,6.683,4,1,0
gen_04210,3,-7.728,3.373,3.618,6.814,4,1,0
gen_04210,4,-7.099,6.183,6.757,6.433,4,1,0
gen_04210,5,-7.059,6.322,6.836,6.426,4,1,0
gen_04210,6,-7.029,6.346,6.836,6.300,4,1,0
gen_04210,7,-7.011,6.453,6.923,6.314,4,1,0
gen_04210,8,-6.987,6.363,6.873,6.285,4,1,0
gen_04210,9,-6.977,6.523,6.740,6.389,4,1,0
gen_04210,10,-6.932,6.554,7.021,6.294,4,1,0
gen_04211,1,-7.595,3.272,5.125,inf,4,0,0
gen_04211,2,-7.553,3.023,4.940,inf,4,0,0
gen_04211,3,-7.452,2.506,2.789,inf,4,0,0
gen_04212,1,-7.153,2.757,4.298,2.804,2,1,1
gen_04212,2,-7.145,2.790,4.292,2.802,2,1,1
gen_04212,3,-7.104,2.786,4.351,2.819,2,1,1
gen_04212,4,-7.060,2.770,4.302,2.825,2,1,1
gen_04212,5,-7.049,2.783,4.291,2.800,2,1,1
gen_04212,6,-7.042,2.812,4.305,2.807,2,1,1
gen_04212,7,-7.041,12.438,12.642,4.236,2,1,0
gen_04212,8,-7.035,2.962,4.355,2.981,2,1,1
gen_04212,9,-7.007,12.470,12.687,4.370,2,1,0
gen_04212,10,-7.004,2.816,4.328,2.772,2,1,1
gen_04212,11,-6.991,2.796,4.329,2.798,2,1,1
gen_04213,1,-7.988,2.624,4.264,inf,2,0,0
gen_04213,2,-7.974,2.702,4.328,inf,2,0,0
gen_04213,3,-7.960,2.627,4.248,inf,2,0,0
gen_04213,4,-7.932,2.714,4.343,inf,2,0,0
gen_04214,1,-7.249,2.781,4.489,inf,2,0,0
gen_04214,2,-7.206,2.722,4.401,inf,2,0,0
gen_04215,1,-7.490,2.737,4.528,inf,2,0,0
gen_04215,2,-7.486,2.752,4.536,inf,2,0,0
gen_04215,3,-7.452,2.704,4.458,inf,2,0,0
gen_04215,4,-7.446,2.767,4.507,inf,2,0,0
gen_04216,1,-7.104,2.646,3.255,inf,2,0,0
gen_04216,2,-7.043,2.559,3.294,inf,2,0,0
gen_04216,3,-6.902,2.544,3.181,inf,2,0,0
gen_04217,1,-7.527,3.002,4.529,inf,2,0,0
gen_04217,2,-7.478,3.028,4.529,inf,2,0,0
gen_04218,1,-9.417,2.832,4.318,7.161,2,1,0
gen_04218,2,-9.351,2.834,4.328,7.169,2,1,0
gen_04218,3,-9.335,2.826,4.305,7.148,2,1,0
gen_04218,4,-9.332,2.793,4.520,7.123,2,1,0
gen_04218,5,-9.285,2.800,4.320,7.145,2,1,0
gen_04219,1,-8.025,3.267,4.193,inf,2,0,0
gen_04219,2,-7.838,3.212,5.206,inf,2,0,0
gen_04219,3,-7.825,4.319,5.813,inf,2,0,0
gen_04219,4,-7.818,3.643,4.196,inf,2,0,0
gen_04219,5,-7.805,3.734,5.032,inf,2,0,0
gen_04219,6,-7.785,4.359,5.731,inf,2,0,0
gen_04219,7,-7.524,3.946,5.520,inf,2,0,0
gen_04220,1,-7.337,13.691,15.090,inf,2,0,0
gen_04220,2,-7.319,13.699,15.108,inf,2,0,0
gen_04220,3,-7.312,13.674,15.080,inf,2,0,0
gen_04220,4,-7.304,14.085,15.169,inf,2,0,0
gen_04220,5,-7.276,13.433,14.911,inf,2,0,0
gen_04220,6,-7.272,12.905,14.438,inf,2,0,0
gen_04220,7,-7.062,3.798,5.054,inf,2,0,0
gen_04220,8,-7.054,3.817,5.082,inf,2,0,0
gen_04220,9,-7.028,3.860,5.044,inf,2,0,0
gen_04220,10,-6.488,17.800,18.269,inf,2,0,0
gen_04221,1,-7.526,2.956,4.271,inf,2,0,0
gen_04222,1,-7.508,2.731,4.470,inf,2,0,0
gen_04222,2,-7.482,2.849,4.475,inf,2,0,0
gen_04222,3,-7.479,2.710,4.490,inf,2,0,0
gen_04222,4,-7.247,2.296,2.841,inf,2,0,0
gen_04222,5,-7.218,7.550,8.420,inf,2,0,0
gen_04223,1,-7.954,2.805,4.712,inf,2,0,0
gen_04223,2,-7.789,3.021,4.853,inf,2,0,0
gen_04223,3,-7.521,2.842,4.455,inf,2,0,0
gen_04223,4,-7.458,2.842,4.504,inf,2,0,0
gen_04223,5,-7.419,2.203,4.176,inf,2,0,0
gen_04223,6,-7.352,5.894,6.091,inf,2,0,0
gen_04224,1,-7.926,2.676,2.711,inf,2,0,0
gen_04224,2,-7.919,2.684,2.729,inf,2,0,0
gen_04224,3,-7.777,2.741,2.982,inf,2,0,0
gen_04225,1,-7.289,6.634,7.582,inf,2,0,0
gen_04225,2,-7.276,7.033,7.705,inf,2,0,0
gen_04225,3,-7.270,5.892,7.267,inf,2,0,0
gen_04225,4,-7.266,7.384,7.766,inf,2,0,0
gen_04225,5,-7.240,7.255,7.731,inf,2,0,0
gen_04225,6,-7.218,5.735,7.157,inf,2,0,0
gen_04225,7,-7.212,7.292,7.741,inf,2,0,0
gen_04225,8,-7.199,5.827,7.190,inf,2,0,0
gen_04225,9,-7.132,7.285,7.749,inf,2,0,0
gen_04226,1,-8.193,2.586,2.727,inf,2,0,0
gen_04226,2,-8.153,2.601,2.740,inf,2,0,0
gen_04227,1,-7.075,2.752,4.446,inf,2,0,0
gen_04227,2,-7.054,2.775,4.518,inf,2,0,0
gen_04227,3,-6.995,2.731,4.449,inf,2,0,0
gen_04227,4,-6.945,2.714,4.399,inf,2,0,0
gen_04227,5,-6.875,2.798,4.277,inf,2,0,0
gen_04227,6,-6.804,2.763,4.246,inf,2,0,0
gen_04228,1,-7.321,2.738,4.447,inf,2,0,0
gen_04228,2,-7.293,2.770,4.465,inf,2,0,0
gen_04228,3,-7.266,2.762,4.379,inf,2,0,0
gen_04228,4,-7.245,2.816,4.477,inf,2,0,0
gen_04228,5,-7.169,2.818,4.403,inf,2,0,0
gen_04228,6,-7.112,2.801,4.489,inf,2,0,0
gen_04228,7,-7.075,2.709,4.401,inf,2,0,0
gen_04229,1,-7.753,2.437,3.782,10.107,2,1,0
gen_04230,1,-7.677,2.455,4.452,inf,2,0,0
gen_04230,2,-7.630,2.428,4.431,inf,2,0,0
gen_04230,3,-7.625,2.407,4.400,inf,2,0,0
gen_04231,1,-6.712,2.369,3.835,inf,2,0,0
gen_04231,2,-6.694,2.383,3.619,inf,2,0,0
gen_04231,3,-6.686,2.367,3.860,inf,2,0,0
gen_04231,4,-6.684,2.455,3.638,inf,2,0,0
gen_04231,5,-6.660,2.369,3.781,inf,2,0,0
gen_04231,6,-6.650,2.412,2.669,inf,2,0,0
gen_04231,7,-6.614,2.347,2.580,inf,2,0,0
gen_04231,8,-6.606,2.385,2.542,inf,2,0,0
gen_04231,9,-6.598,2.343,2.533,inf,2,0,0
gen_04232,1,-7.899,2.529,4.373,inf,2,0,0
gen_04232,2,-7.856,2.489,4.357,inf,2,0,0
gen_04232,3,-7.836,2.533,4.393,inf,2,0,0
gen_04232,4,-7.829,2.509,4.403,inf,2,0,0
gen_04232,5,-7.782,2.528,4.460,inf,2,0,0
gen_04232,6,-7.751,2.501,4.418,inf,2,0,0
gen_04233,1,-7.161,3.197,4.662,inf,2,0,0
gen_04233,2,-7.148,3.177,4.645,inf,2,0,0
gen_04234,1,-8.341,2.616,4.460,inf,4,0,0
gen_04234,2,-8.302,2.612,4.477,inf,4,0,0
gen_04234,3,-8.266,2.569,4.459,inf,4,0,0
gen_04234,4,-8.260,2.546,4.431,inf,4,0,0
gen_04234,5,-8.246,2.562,4.416,inf,4,0,0
gen_04235,1,-7.862,2.579,4.436,inf,2,0,0
gen_04235,2,-7.839,2.633,4.431,inf,2,0,0
gen_04235,3,-7.838,2.651,4.460,inf,2,0,0
gen_04235,4,-7.829,2.615,4.367,inf,2,0,0
gen_04235,5,-7.785,2.781,4.417,inf,2,0,0
gen_04235,6,-7.769,2.710,4.446,inf,2,0,0
gen_04235,7,-7.740,2.668,4.440,inf,2,0,0
gen_04235,8,-7.553,2.838,4.477,inf,2,0,0
gen_04236,1,-7.189,5.313,6.403,5.370,2,1,0
gen_04236,2,-7.178,5.442,6.376,5.450,2,1,0
gen_04236,3,-7.148,5.460,6.412,5.446,2,1,0
gen_04237,1,-7.427,13.499,14.858,inf,2,0,0
gen_04237,2,-7.354,13.478,14.793,inf,2,0,0
gen_04238,1,-6.991,4.060,4.394,inf,4,0,0
gen_04238,2,-6.970,4.126,4.301,inf,4,0,0
gen_04239,1,-7.409,2.877,4.544,inf,2,0,0
gen_04239,2,-7.408,2.858,4.512,inf,2,0,0
gen_04239,3,-7.407,2.887,4.503,inf,2,0,0
gen_04239,4,-7.389,2.990,4.608,inf,2,0,0
gen_04240,1,-7.309,2.758,4.479,inf,2,0,0
gen_04240,2,-7.294,2.374,4.260,inf,2,0,0
gen_04240,3,-7.276,2.343,4.245,inf,2,0,0
gen_04240,4,-7.226,2.208,4.309,inf,2,0,0
gen_04241,1,-7.467,2.692,4.239,inf,2,0,0
gen_04241,2,-7.463,2.708,4.290,inf,2,0,0
gen_04242,1,-7.577,3.103,4.418,12.255,2,1,0
gen_04242,2,-7.466,2.786,4.160,11.275,2,1,0
gen_04243,1,-7.066,2.796,4.321,inf,2,0,0
gen_04244,1,-7.186,2.468,2.769,inf,2,0,0
gen_04244,2,-7.073,2.361,2.841,inf,2,0,0
gen_04245,1,-6.730,2.674,3.816,inf,2,0,0
gen_04245,2,-6.717,2.644,3.870,inf,2,0,0
gen_04246,1,-7.018,2.784,4.300,inf,2,0,0
gen_04246,2,-6.966,2.835,4.418,inf,2,0,0
gen_04247,1,-6.982,2.794,4.522,inf,2,0,0
gen_04247,2,-6.955,2.817,4.520,inf,2,0,0
gen_04248,1,-8.476,2.609,4.398,inf,2,0,0
gen_04248,2,-8.474,2.629,4.399,inf,2,0,0
gen_04249,1,-6.970,2.706,3.794,inf,4,0,0
gen_04249,2,-6.795,2.747,3.842,inf,4,0,0
gen_04250,1,-7.430,2.672,4.405,4.114,2,1,0
gen_04250,2,-7.380,2.674,4.414,4.122,2,1,0
gen_04251,1,-6.747,2.582,4.366,inf,2,0,0
gen_04251,2,-6.710,2.650,4.457,inf,2,0,0
gen_04251,3,-6.680,2.683,4.476,inf,2,0,0
gen_04251,4,-6.665,2.552,4.490,inf,2,0,0
gen_04252,1,-8.172,2.800,4.499,inf,2,0,0
gen_04253,1,-7.212,13.641,14.925,inf,2,0,0
gen_04253,2,-7.200,13.629,14.906,inf,2,0,0
gen_04253,3,-7.164,13.482,14.977,inf,2,0,0
gen_04253,4,-7.096,13.873,15.050,inf,2,0,0
gen_04254,1,-7.414,2.736,4.455,inf,2,0,0
gen_04254,2,-7.172,2.689,4.523,inf,2,0,0
gen_04255,1,-135.542,9.655,11.379,inf,2,0,0
gen_04256,1,-7.430,2.674,4.503,inf,2,0,0
gen_04257,1,-7.187,10.931,11.028,5.549,2,1,0
gen_04257,2,-7.168,10.969,11.022,5.531,2,1,0
gen_04258,1,-7.413,2.733,4.327,inf,2,0,0
gen_04258,2,-7.399,2.774,4.382,inf,2,0,0
gen_04258,3,-7.358,2.795,4.438,inf,2,0,0
gen_04258,4,-7.336,2.745,4.554,inf,2,0,0
gen_04258,5,-7.242,2.687,4.436,inf,2,0,0
gen_04259,1,-7.422,2.763,4.515,3.290,2,1,1
gen_04259,2,-7.386,2.995,3.927,4.793,2,1,0
gen_04259,3,-7.351,2.986,4.351,4.520,2,1,0
gen_04260,1,-9.097,2.737,4.721,inf,2,0,0
gen_04260,2,-9.062,2.862,4.489,inf,2,0,0
gen_04260,3,-8.610,4.360,4.513,inf,2,0,0
gen_04260,4,-8.429,3.175,4.713,inf,2,0,0
gen_04260,5,-8.422,3.028,4.637,inf,2,0,0
gen_04260,6,-8.415,2.678,4.528,inf,2,0,0
gen_04260,7,-8.409,2.703,4.530,inf,2,0,0
gen_04261,1,-7.844,2.762,4.266,inf,2,0,0
gen_04262,1,-6.779,2.743,3.913,3.299,2,1,1
gen_04262,2,-6.778,2.778,3.779,9.159,2,1,0
gen_04262,3,-6.758,2.819,3.945,3.943,2,1,0
gen_04263,1,-7.260,10.451,10.488,inf,2,0,0
gen_04263,2,-7.198,8.559,9.046,inf,2,0,0
gen_04263,3,-7.155,10.407,10.560,inf,2,0,0
gen_04263,4,-7.105,8.547,8.896,inf,2,0,0
gen_04263,5,-7.096,8.498,8.923,inf,2,0,0
gen_04263,6,-7.093,2.527,2.764,inf,2,0,0
gen_04263,7,-7.063,2.591,2.811,inf,2,0,0
gen_04263,8,-7.032,2.369,2.764,inf,2,0,0
gen_04263,9,-6.984,2.442,2.769,inf,2,0,0
gen_04264,1,-7.785,3.177,4.431,inf,2,0,0
gen_04264,2,-7.737,3.219,4.410,inf,2,0,0
gen_04265,1,-7.146,2.433,2.790,4.149,2,3,0
gen_04265,2,-7.065,2.546,2.936,4.111,2,3,0
gen_04265,3,-7.050,2.387,4.460,3.109,2,3,1
gen_04265,4,-6.962,2.444,4.498,3.385,2,3,1
gen_04266,1,-8.382,2.625,4.282,inf,2,0,0
gen_04266,2,-8.361,2.590,4.265,inf,2,0,0
gen_04266,3,-8.290,2.668,4.277,inf,2,0,0
gen_04266,4,-8.254,2.592,4.308,inf,2,0,0
gen_04266,5,-8.113,2.481,4.230,inf,2,0,0
gen_04266,6,-7.648,2.381,3.992,inf,2,0,0
gen_04266,7,-7.490,2.414,3.915,inf,2,0,0
gen_04266,8,-7.283,4.445,6.065,inf,2,0,0
gen_04266,9,-7.283,4.401,5.806,inf,2,0,0
gen_04266,10,-7.259,4.536,6.025,inf,2,0,0
gen_04266,11,-7.251,2.706,4.279,inf,2,0,0
gen_04266,12,-7.225,4.493,6.084,inf,2,0,0
gen_04266,13,-7.195,4.500,6.026,inf,2,0,0
gen_04267,1,-77.941,15.141,15.599,inf,2,0,0
gen_04267,2,-75.775,12.698,13.777,inf,2,0,0
gen_04267,3,-73.819,6.965,7.465,inf,2,0,0
gen_04267,4,-73.245,8.825,9.325,inf,2,0,0
gen_04267,5,-73.074,7.404,9.161,inf,2,0,0
gen_04267,6,-69.512,9.155,10.819,inf,2,0,0
gen_04268,1,-6.488,2.698,4.432,5.784,2,1,0
gen_04268,2,-6.451,2.689,4.446,5.790,2,1,0
gen_04268,3,-6.409,3.039,4.100,5.784,2,1,0
gen_04268,4,-6.398,2.714,4.382,5.939,2,1,0
gen_04268,5,-6.393,2.750,4.423,6.022,2,1,0
gen_04268,6,-6.347,3.215,3.919,5.944,2,1,0
gen_04268,7,-6.200,2.610,4.449,8.058,2,1,0
gen_04268,8,-6.151,2.668,4.489,8.231,2,1,0
gen_04268,9,-6.030,2.729,4.206,11.602,2,1,0
gen_04268,10,-6.007,8.855,10.572,6.906,2,1,0
gen_04268,11,-6.001,2.672,3.836,7.943,2,1,0
gen_04269,1,-7.048,2.792,3.160,inf,2,0,0
gen_04269,2,-7.019,3.269,3.412,inf,2,0,0
gen_04269,3,-7.007,3.263,3.408,inf,2,0,0
gen_04270,1,-7.954,2.712,4.475,inf,2,0,0
gen_04270,2,-7.917,2.710,4.391,inf,2,0,0
gen_04270,3,-7.902,2.707,4.384,inf,2,0,0
gen_04271,1,-7.214,2.701,3.298,inf,2,0,0
gen_04271,2,-7.108,2.792,4.470,inf,2,0,0
gen_04271,3,-7.089,2.713,3.623,inf,2,0,0
gen_04271,4,-7.080,2.692,3.289,inf,2,0,0
gen_04271,5,-7.028,2.692,2.859,inf,2,0,0
gen_04271,6,-7.014,2.733,3.021,inf,2,0,0
gen_04271,7,-7.011,2.707,3.016,inf,2,0,0
gen_04272,1,-7.481,2.836,4.514,inf,4,0,0
gen_04272,2,-7.480,2.831,4.363,inf,4,0,0
gen_04272,3,-7.467,2.839,4.523,inf,4,0,0
gen_04272,4,-7.465,2.837,4.365,inf,4,0,0
gen_04272,5,-7.458,2.822,4.465,inf,4,0,0
gen_04272,6,-7.422,2.774,4.439,inf,4,0,0
gen_04273,1,-7.471,2.695,4.084,inf,2,0,0
gen_04274,1,-7.059,2.786,3.957,inf,4,0,0
gen_04274,2,-7.048,3.103,4.329,inf,4,0,0
gen_04274,3,-7.039,2.750,3.947,inf,4,0,0
gen_04275,1,-7.660,4.166,5.437,inf,2,0,0
gen_04275,2,-7.584,3.887,5.436,inf,2,0,0
gen_04275,3,-7.554,4.210,5.394,inf,2,0,0
gen_04275,4,-7.517,4.262,5.350,inf,2,0,0
gen_04276,1,-7.756,2.837,4.384,inf,2,0,0
gen_04277,1,-7.024,2.780,4.496,inf,2,0,0
gen_04277,2,-7.019,2.752,4.495,inf,2,0,0
gen_04277,3,-7.012,2.753,4.487,inf,2,0,0
gen_04277,4,-6.999,2.749,4.527,inf,2,0,0
gen_04278,1,-6.974,2.735,4.453,3.231,2,1,1
gen_04279,1,-7.431,3.503,4.432,inf,2,0,0
gen_04279,2,-7.352,3.525,4.337,inf,2,0,0
gen_04279,3,-7.317,2.838,4.409,inf,2,0,0
gen_04279,4,-7.308,2.774,4.269,inf,2,0,0
gen_04280,1,-6.687,2.405,4.342,5.428,2,1,0
gen_04280,2,-6.675,2.409,4.351,5.414,2,1,0
gen_04280,3,-6.668,2.431,4.363,5.484,2,1,0
gen_04280,4,-6.650,2.386,4.288,5.532,2,1,0
gen_04281,1,-7.638,2.848,4.364,inf,2,0,0
gen_04281,2,-7.631,2.834,4.417,inf,2,0,0
gen_04281,3,-7.619,2.848,4.362,inf,2,0,0
gen_04281,4,-7.617,2.830,4.347,inf,2,0,0
gen_04281,5,-7.589,3.012,4.399,inf,2,0,0
gen_04282,1,-7.873,3.146,4.508,4.583,2,2,0
gen_04282,2,-7.739,3.247,4.700,4.456,2,2,0
gen_04282,3,-7.735,3.126,4.590,4.601,2,2,0
gen_04282,4,-7.724,10.573,10.765,5.198,2,2,0
gen_04282,5,-7.662,3.265,4.749,4.488,2,2,0
gen_04282,6,-7.653,3.259,4.703,4.463,2,2,0
gen_04283,1,-7.159,2.744,4.509,inf,2,0,0
gen_04284,1,-7.612,4.473,5.034,inf,2,0,0
gen_04285,1,-7.271,2.702,3.369,inf,2,0,0
gen_04285,2,-7.251,3.767,4.377,inf,2,0,0
gen_04285,3,-7.247,3.738,4.365,inf,2,0,0
gen_04285,4,-7.230,2.654,3.318,inf,2,0,0
gen_04286,1,-7.537,2.529,4.406,inf,2,0,0
gen_04286,2,-7.508,2.507,4.388,inf,2,0,0
gen_04286,3,-7.350,3.090,4.703,inf,2,0,0
gen_04286,4,-7.101,14.945,16.289,inf,2,0,0
gen_04286,5,-7.097,14.937,16.270,inf,2,0,0
gen_04287,1,-5.991,2.258,4.209,inf,2,0,0
gen_04287,2,-5.975,2.757,4.540,inf,2,0,0
gen_04287,3,-5.974,2.299,4.102,inf,2,0,0
gen_04287,4,-5.953,2.707,4.514,inf,2,0,0
gen_04287,5,-5.935,2.708,4.519,inf,2,0,0
gen_04288,1,-7.558,15.767,16.034,inf,2,0,0
gen_04288,2,-7.496,15.692,15.999,inf,2,0,0
gen_04288,3,-7.490,15.827,15.857,inf,2,0,0
gen_04288,4,-7.456,15.688,15.852,inf,2,0,0
gen_04289,1,-7.826,2.711,4.580,3.065,2,1,1
gen_04289,2,-7.801,2.715,4.500,3.090,2,1,1
gen_04290,1,-8.091,2.736,2.787,inf,2,0,0
gen_04290,2,-8.065,2.686,2.768,inf,2,0,0
gen_04290,3,-8.032,2.748,2.795,inf,2,0,0
gen_04290,4,-8.026,2.722,3.089,inf,2,0,0
gen_04290,5,-8.021,2.707,3.044,inf,2,0,0
gen_04290,6,-8.017,2.718,3.048,inf,2,0,0
gen_04291,1,-7.601,2.287,4.337,inf,2,0,0
gen_04291,2,-7.537,2.391,4.285,inf,2,0,0
gen_04291,3,-7.499,2.270,4.215,inf,2,0,0
gen_04291,4,-7.497,2.362,4.327,inf,2,0,0
gen_04291,5,-7.457,2.349,4.309,inf,2,0,0
gen_04291,6,-7.433,2.312,4.332,inf,2,0,0
gen_04291,7,-7.427,2.355,4.489,inf,2,0,0
gen_04291,8,-7.424,2.354,4.323,inf,2,0,0
gen_04291,9,-7.423,2.526,4.438,inf,2,0,0
gen_04291,10,-7.412,2.374,4.417,inf,2,0,0
gen_04292,1,-7.640,2.716,3.833,inf,2,0,0
gen_04292,2,-7.605,2.720,3.773,inf,2,0,0
gen_04292,3,-7.586,2.718,3.741,inf,2,0,0
gen_04293,1,-7.630,2.718,3.956,inf,2,0,0
gen_04293,2,-7.628,2.719,3.957,inf,2,0,0
gen_04293,3,-7.611,2.780,4.462,inf,2,0,0
gen_04293,4,-7.566,2.785,4.255,inf,2,0,0
gen_04293,5,-7.566,2.767,4.428,inf,2,0,0
gen_04293,6,-7.555,2.786,4.187,inf,2,0,0
gen_04293,7,-7.533,2.743,4.249,inf,2,0,0
gen_04293,8,-7.532,2.762,4.197,inf,2,0,0
gen_04293,9,-7.524,2.782,4.257,inf,2,0,0
gen_04294,1,-6.866,2.369,2.730,inf,2,0,0
gen_04294,2,-6.834,2.419,2.724,inf,2,0,0
gen_04294,3,-6.827,2.317,2.809,inf,2,0,0
gen_04294,4,-6.792,2.303,2.815,inf,2,0,0
gen_04294,5,-6.750,2.338,2.783,inf,2,0,0
gen_04295,1,-6.598,2.746,3.758,inf,2,0,0
gen_04295,2,-6.419,2.747,3.638,inf,2,0,0
gen_04295,3,-6.348,2.662,3.624,inf,2,0,0
gen_04295,4,-6.346,2.626,3.777,inf,2,0,0
gen_04295,5,-6.135,3.710,4.659,inf,2,0,0
gen_04295,6,-6.124,8.616,9.035,inf,2,0,0
gen_04296,1,-7.965,2.715,3.892,3.740,4,1,0
gen_04296,2,-7.955,2.633,3.887,3.735,4,1,0
gen_04296,3,-7.948,2.669,3.868,3.710,4,1,0
gen_04296,4,-7.845,2.653,4.109,3.814,4,1,0
gen_04296,5,-7.721,2.669,3.839,3.746,4,1,0
gen_04296,6,-7.686,2.681,3.873,3.647,4,1,0
gen_04296,7,-7.525,2.665,3.858,3.852,4,1,0
gen_04297,1,-6.886,2.710,2.816,inf,4,0,0
gen_04297,2,-6.883,2.707,3.456,inf,4,0,0
gen_04298,1,-7.524,13.999,14.645,inf,2,0,0
gen_04298,2,-7.519,13.730,14.712,inf,2,0,0
gen_04299,1,-6.747,2.658,3.021,inf,2,0,0
gen_04300,1,-8.312,2.438,3.486,inf,4,0,0
gen_04300,2,-8.292,2.544,3.504,inf,4,0,0
gen_04300,3,-8.261,2.238,3.427,inf,4,0,0
gen_04300,4,-8.161,2.265,3.262,inf,4,0,0
gen_04300,5,-8.115,2.223,3.159,inf,4,0,0
gen_04300,6,-7.965,2.206,2.789,inf,4,0,0
gen_04300,7,-7.831,2.815,4.538,inf,4,0,0
gen_04300,8,-7.822,2.790,4.517,inf,4,0,0
gen_04300,9,-7.809,2.804,4.549,inf,4,0,0
gen_04300,10,-7.789,2.794,4.554,inf,4,0,0
gen_04300,11,-7.774,2.820,4.527,inf,4,0,0
gen_04301,1,-7.537,2.322,2.775,inf,2,0,0
gen_04301,2,-7.496,2.252,3.056,inf,2,0,0
gen_04301,3,-7.455,2.220,3.083,inf,2,0,0
gen_04301,4,-7.427,2.241,3.119,inf,2,0,0
gen_04302,1,-7.996,2.774,4.499,inf,2,0,0
gen_04302,2,-7.989,2.766,4.550,inf,2,0,0
gen_04303,1,-6.894,3.595,4.475,4.383,2,1,0
gen_04303,2,-6.788,2.741,4.455,3.045,2,1,1
gen_04303,3,-6.722,2.782,4.448,5.193,2,1,0
gen_04303,4,-6.710,3.810,4.513,4.157,2,1,0
gen_04303,5,-6.683,2.766,4.484,3.056,2,1,1
gen_04303,6,-6.596,3.573,4.408,4.411,2,1,0
gen_04304,1,-7.008,2.742,3.866,inf,2,0,0
gen_04304,2,-6.990,2.663,3.869,inf,2,0,0
gen_04304,3,-6.966,2.706,3.819,inf,2,0,0
gen_04305,1,-7.539,2.839,4.561,inf,2,0,0
gen_04305,2,-7.493,2.740,4.393,inf,2,0,0
gen_04306,1,-7.786,12.733,13.032,5.611,2,1,0
gen_04306,2,-7.783,2.700,4.467,8.195,2,1,0
gen_04306,3,-7.769,2.676,4.411,8.101,2,1,0
gen_04307,1,-7.081,2.709,4.418,inf,4,0,0
gen_04307,2,-7.073,2.814,4.497,inf,4,0,0
gen_04307,3,-7.071,2.762,4.397,inf,4,0,0
gen_04307,4,-7.070,2.658,4.374,inf,4,0,0
gen_04307,5,-7.053,2.729,4.454,inf,4,0,0
gen_04307,6,-6.981,2.663,4.395,inf,4,0,0
gen_04308,1,-7.472,3.121,4.604,inf,2,0,0
gen_04308,2,-7.424,3.099,4.573,inf,2,0,0
gen_04309,1,-6.688,2.424,2.712,inf,2,0,0
gen_04309,2,-6.677,2.407,2.768,inf,2,0,0
gen_04309,3,-6.665,2.394,2.795,inf,2,0,0
gen_04309,4,-6.594,2.429,2.703,inf,2,0,0
gen_04309,5,-6.579,2.819,4.481,inf,2,0,0
gen_04309,6,-6.561,10.337,11.721,inf,2,0,0
gen_04309,7,-6.550,2.690,4.516,inf,2,0,0
gen_04309,8,-6.522,2.758,4.465,inf,2,0,0
gen_04309,9,-6.520,2.834,4.523,inf,2,0,0
gen_04309,10,-6.504,2.671,4.501,inf,2,0,0
gen_04310,1,-7.707,4.355,4.578,inf,2,0,0
gen_04310,2,-7.686,4.395,4.658,inf,2,0,0
gen_04310,3,-7.656,4.370,4.502,inf,2,0,0
gen_04310,4,-7.637,4.314,4.548,inf,2,0,0
gen_04310,5,-7.533,3.452,5.104,inf,2,0,0
gen_04310,6,-7.356,3.830,5.059,inf,2,0,0
gen_04310,7,-7.128,3.245,4.638,inf,2,0,0
gen_04310,8,-7.055,2.843,3.874,inf,2,0,0
gen_04310,9,-6.942,2.793,4.482,inf,2,0,0
gen_04310,10,-6.937,2.766,4.403,inf,2,0,0
gen_04311,1,-7.635,2.820,4.461,inf,2,0,0
gen_04311,2,-7.615,2.805,4.520,inf,2,0,0
gen_04311,3,-7.612,2.793,4.467,inf,2,0,0
gen_04311,4,-7.600,2.783,4.491,inf,2,0,0
gen_04311,5,-7.590,2.775,4.475,inf,2,0,0
gen_04312,1,-7.828,2.783,4.495,inf,2,0,0
gen_04312,2,-7.801,2.773,4.479,inf,2,0,0
gen_04312,3,-7.721,2.739,4.445,inf,2,0,0
gen_04313,1,-7.447,3.377,4.489,inf,2,0,0
gen_04313,2,-7.391,3.364,4.445,inf,2,0,0
gen_04314,1,-7.695,13.019,13.255,inf,2,0,0
gen_04314,2,-7.681,12.757,13.386,inf,2,0,0
gen_04314,3,-7.660,12.837,13.457,inf,2,0,0
gen_04314,4,-7.646,12.979,13.213,inf,2,0,0
gen_04315,1,-7.511,6.409,8.511,inf,2,0,0
gen_04315,2,-7.383,6.664,8.843,inf,2,0,0
gen_04315,3,-7.314,6.840,9.002,inf,2,0,0
gen_04316,1,-7.916,2.780,3.701,inf,4,0,0
gen_04316,2,-7.824,2.793,3.711,inf,4,0,0
gen_04317,1,-7.654,8.489,9.000,inf,2,0,0
gen_04317,2,-7.647,8.569,9.019,inf,2,0,0
gen_04317,3,-7.630,8.510,8.961,inf,2,0,0
gen_04318,1,-7.114,2.440,4.374,inf,2,0,0
gen_04318,2,-7.026,2.373,4.286,inf,2,0,0
gen_04319,1,-8.114,2.860,4.205,inf,2,0,0
gen_04320,1,-7.303,3.342,3.357,inf,2,0,0
gen_04320,2,-7.301,3.250,3.374,inf,2,0,0
gen_04320,3,-7.214,2.825,4.370,inf,2,0,0
gen_04321,1,-7.364,2.428,2.671,inf,2,0,0
gen_04321,2,-7.335,2.360,2.669,inf,2,0,0
gen_04321,3,-7.296,2.397,2.563,inf,2,0,0
gen_04321,4,-7.024,4.207,4.686,inf,2,0,0
gen_04322,1,-7.187,2.410,2.713,inf,2,0,0
gen_04322,2,-7.176,2.414,2.691,inf,2,0,0
gen_04323,1,-7.289,2.567,4.420,inf,4,0,0
gen_04323,2,-7.264,2.502,4.467,inf,4,0,0
gen_04323,3,-7.243,2.663,4.435,inf,4,0,0
gen_04323,4,-7.240,2.670,4.431,inf,4,0,0
gen_04323,5,-7.236,2.326,4.373,inf,4,0,0
gen_04323,6,-7.211,2.494,4.476,inf,4,0,0
gen_04324,1,-7.823,2.764,4.309,inf,2,0,0
gen_04324,2,-7.822,2.691,4.375,inf,2,0,0
gen_04324,3,-7.788,2.749,4.375,inf,2,0,0
gen_04324,4,-7.547,2.785,4.470,inf,2,0,0
gen_04324,5,-7.410,13.664,15.442,inf,2,0,0
gen_04324,6,-7.374,2.821,3.940,inf,2,0,0
gen_04324,7,-7.353,13.477,14.779,inf,2,0,0
gen_04325,1,-8.353,2.721,4.403,inf,4,0,0
gen_04325,2,-8.346,2.714,4.466,inf,4,0,0
gen_04325,3,-8.317,2.739,4.521,inf,4,0,0
gen_04325,4,-8.309,2.672,4.459,inf,4,0,0
gen_04326,1,-7.981,3.161,4.480,inf,2,0,0
gen_04326,2,-7.977,3.132,4.490,inf,2,0,0
gen_04327,1,-6.393,2.758,4.233,inf,2,0,0
gen_04327,2,-6.319,2.713,4.189,inf,2,0,0
gen_04328,1,-7.945,3.627,4.375,inf,2,0,0
gen_04328,2,-7.910,3.802,4.372,inf,2,0,0
gen_04329,1,-6.467,2.711,4.471,4.196,2,1,0
gen_04329,2,-6.465,2.663,4.308,5.547,2,1,0
gen_04330,1,-8.270,2.622,4.485,inf,2,0,0
gen_04331,1,-7.611,2.454,2.741,inf,2,0,0
gen_04331,2,-7.599,2.510,2.736,inf,2,0,0
gen_04331,3,-7.597,2.464,2.744,inf,2,0,0
gen_04331,4,-7.587,2.539,2.711,inf,2,0,0
gen_04332,1,-8.140,2.685,4.467,inf,4,0,0
gen_04332,2,-8.089,2.724,4.437,inf,4,0,0
gen_04332,3,-8.061,2.736,4.509,inf,4,0,0
gen_04332,4,-8.047,2.820,4.560,inf,4,0,0
gen_04332,5,-8.008,2.653,4.426,inf,4,0,0
gen_04332,6,-8.004,2.788,4.407,inf,4,0,0
gen_04332,7,-7.979,2.598,4.398,inf,4,0,0
gen_04332,8,-7.942,2.761,4.474,inf,4,0,0
gen_04332,9,-7.937,2.619,4.375,inf,4,0,0
gen_04332,10,-7.884,2.749,4.491,inf,4,0,0
gen_04332,11,-7.856,2.790,4.592,inf,4,0,0
gen_04332,12,-7.852,2.355,2.767,inf,4,0,0
gen_04332,13,-7.845,3.894,4.537,inf,4,0,0
gen_04333,1,-7.092,2.711,4.197,inf,2,0,0
gen_04333,2,-7.039,2.692,4.150,inf,2,0,0
gen_04333,3,-7.030,2.673,4.112,inf,2,0,0
gen_04333,4,-7.026,2.712,4.223,inf,2,0,0
gen_04334,1,-124.140,11.382,11.587,5.744,2,1,0
gen_04335,1,-7.901,2.627,3.171,3.102,4,2,1
gen_04335,2,-7.889,2.445,3.351,2.998,4,2,1
gen_04335,3,-7.788,2.738,3.190,3.197,4,2,1
gen_04335,4,-7.765,2.624,3.306,3.039,4,2,1
gen_04335,5,-7.629,3.216,3.297,3.072,4,2,0
gen_04335,6,-7.569,3.167,4.512,3.252,4,2,1
gen_04335,7,-7.551,2.995,3.314,3.133,4,2,1
gen_04335,8,-7.507,3.147,4.473,3.247,4,2,1
gen_04335,9,-7.481,2.779,3.258,3.598,4,2,0
gen_04335,10,-7.415,3.235,4.429,3.222,4,2,0
gen_04335,11,-7.327,2.855,3.178,3.488,4,2,1
gen_04335,12,-7.093,2.689,4.187,3.317,4,2,1
gen_04336,1,-7.745,2.501,4.400,inf,2,0,0
gen_04336,2,-7.743,2.460,4.391,inf,2,0,0
gen_04337,1,-7.510,2.520,2.753,inf,2,0,0
gen_04338,1,-7.376,2.769,4.374,inf,4,0,0
gen_04338,2,-7.293,2.756,4.323,inf,4,0,0
gen_04338,3,-7.210,2.797,4.414,inf,4,0,0
gen_04338,4,-7.173,2.739,4.162,inf,4,0,0
gen_04338,5,-7.141,2.617,3.752,inf,4,0,0
gen_04339,1,-7.405,2.851,4.608,inf,4,0,0
gen_04339,2,-7.400,2.816,4.556,inf,4,0,0
gen_04339,3,-7.370,2.863,4.608,inf,4,0,0
gen_04339,4,-7.299,2.272,4.302,inf,4,0,0
gen_04339,5,-7.279,2.259,4.309,inf,4,0,0
gen_04340,1,-8.062,2.600,2.711,inf,2,0,0
gen_04340,2,-7.950,2.666,2.797,inf,2,0,0
gen_04340,3,-7.822,2.626,2.842,inf,2,0,0
gen_04340,4,-7.714,2.290,4.452,inf,2,0,0
gen_04341,1,-7.579,2.413,4.397,inf,4,0,0
gen_04341,2,-7.558,2.456,4.360,inf,4,0,0
gen_04341,3,-7.549,2.366,4.467,inf,4,0,0
gen_04341,4,-7.530,2.476,4.467,inf,4,0,0
gen_04341,5,-7.524,2.471,4.440,inf,4,0,0
gen_04341,6,-7.489,2.464,4.443,inf,4,0,0
gen_04341,7,-7.437,2.357,4.409,inf,4,0,0
gen_04341,8,-7.435,2.613,4.513,inf,4,0,0
gen_04341,9,-7.422,2.585,4.508,inf,4,0,0
gen_04342,1,-8.154,2.809,4.387,inf,4,0,0
gen_04342,2,-8.152,3.299,3.329,inf,4,0,0
gen_04342,3,-8.098,2.761,4.320,inf,4,0,0
gen_04342,4,-8.093,2.821,4.430,inf,4,0,0
gen_04342,5,-8.039,2.746,3.433,inf,4,0,0
gen_04343,1,-7.800,2.741,4.481,7.282,2,1,0
gen_04343,2,-7.799,2.738,4.335,7.329,2,1,0
gen_04343,3,-7.793,2.694,4.354,7.330,2,1,0
gen_04343,4,-7.768,2.735,4.432,7.331,2,1,0
gen_04344,1,-7.661,2.718,2.834,7.409,2,1,0
gen_04344,2,-7.574,2.745,2.998,7.437,2,1,0
gen_04345,1,-7.374,2.857,4.600,inf,4,0,0
gen_04345,2,-7.357,2.855,4.591,inf,4,0,0
gen_04345,3,-7.333,2.737,4.529,inf,4,0,0
gen_04346,1,-7.612,2.692,4.443,inf,2,0,0
gen_04346,2,-7.582,2.708,4.462,inf,2,0,0
gen_04346,3,-7.580,2.665,4.492,inf,2,0,0
gen_04346,4,-7.461,2.638,4.392,inf,2,0,0
gen_04347,1,-7.892,2.618,4.401,inf,4,0,0
gen_04347,2,-7.792,2.818,4.543,inf,4,0,0
gen_04347,3,-7.769,2.705,4.353,inf,4,0,0
gen_04347,4,-7.757,2.917,4.568,inf,4,0,0
gen_04347,5,-7.755,2.727,4.476,inf,4,0,0
gen_04347,6,-7.714,2.835,4.569,inf,4,0,0
gen_04348,1,-6.568,2.705,4.384,inf,4,0,0
gen_04348,2,-6.567,2.725,4.442,inf,4,0,0
gen_04348,3,-6.540,2.678,4.380,inf,4,0,0
gen_04348,4,-6.527,2.713,4.363,inf,4,0,0
gen_04348,5,-6.522,2.732,4.379,inf,4,0,0
gen_04348,6,-6.515,2.720,4.445,inf,4,0,0
gen_04348,7,-6.493,2.758,4.459,inf,4,0,0
gen_04348,8,-6.479,2.709,4.067,inf,4,0,0
gen_04348,9,-6.443,2.761,4.455,inf,4,0,0
gen_04348,10,-6.417,2.584,2.692,inf,4,0,0
gen_04349,1,-7.116,2.654,4.227,inf,2,0,0
gen_04349,2,-7.110,2.508,2.746,inf,2,0,0
gen_04349,3,-7.108,2.567,2.754,inf,2,0,0
gen_04349,4,-6.949,2.521,2.733,inf,2,0,0
gen_04350,1,-8.938,14.335,14.693,inf,2,0,0
gen_04350,2,-8.911,14.306,14.749,inf,2,0,0
gen_04350,3,-8.891,14.402,14.617,inf,2,0,0
gen_04350,4,-8.880,14.476,14.647,inf,2,0,0
gen_04350,5,-8.858,14.198,14.748,inf,2,0,0
gen_04350,6,-8.825,14.173,14.848,inf,2,0,0
gen_04351,1,-7.989,2.797,4.466,inf,2,0,0
gen_04351,2,-7.980,2.727,4.564,inf,2,0,0
gen_04352,1,-7.571,2.737,4.481,inf,2,0,0
gen_04352,2,-7.570,2.678,4.436,inf,2,0,0
gen_04352,3,-7.536,2.698,4.446,inf,2,0,0
gen_04352,4,-7.533,2.734,4.444,inf,2,0,0
gen_04352,5,-7.524,2.734,4.486,inf,2,0,0
gen_04352,6,-7.475,2.744,4.487,inf,2,0,0
gen_04353,1,-6.993,3.067,4.342,inf,2,0,0
gen_04353,2,-6.947,3.078,4.401,inf,2,0,0
gen_04353,3,-6.928,2.844,4.389,inf,2,0,0
gen_04353,4,-6.910,2.203,4.376,inf,2,0,0
gen_04353,5,-6.809,2.926,4.409,inf,2,0,0
gen_04354,1,-7.651,2.799,4.426,inf,2,0,0
gen_04354,2,-7.437,2.673,3.849,inf,2,0,0
gen_04355,1,-7.498,2.714,4.219,5.626,2,1,0
gen_04355,2,-7.487,2.617,4.152,5.585,2,1,0
gen_04356,1,-7.937,14.569,14.649,inf,2,0,0
gen_04356,2,-7.899,14.483,14.576,inf,2,0,0
gen_04357,1,-7.103,2.693,4.431,3.022,2,1,1
gen_04357,2,-7.089,2.696,4.437,3.008,2,1,1
gen_04357,3,-7.083,2.697,4.453,3.035,2,1,1
gen_04358,1,-7.186,2.698,3.862,inf,4,0,0
gen_04358,2,-7.184,2.711,3.835,inf,4,0,0
gen_04358,3,-7.175,2.772,3.938,inf,4,0,0
gen_04358,4,-7.152,2.659,3.911,inf,4,0,0
gen_04358,5,-7.104,2.806,4.521,inf,4,0,0
gen_04358,6,-7.091,2.616,3.817,inf,4,0,0
gen_04358,7,-7.059,2.292,2.598,inf,4,0,0
gen_04358,8,-7.041,2.765,4.402,inf,4,0,0
gen_04358,9,-7.031,2.238,2.532,inf,4,0,0
gen_04358,10,-6.990,2.620,3.105,inf,4,0,0
gen_04358,11,-6.979,2.649,2.773,inf,4,0,0
gen_04359,1,-8.119,2.754,3.928,inf,2,0,0
gen_04359,2,-8.026,2.760,4.153,inf,2,0,0
gen_04360,1,-8.701,2.739,4.482,inf,2,0,0
gen_04360,2,-8.629,2.766,4.481,inf,2,0,0
gen_04360,3,-8.528,2.863,4.364,inf,2,0,0
gen_04360,4,-8.383,2.765,4.339,inf,2,0,0
gen_04361,1,-6.971,2.753,4.494,inf,4,0,0
gen_04361,2,-6.881,2.693,4.422,inf,4,0,0
gen_04362,1,-8.025,2.757,3.870,inf,2,0,0
gen_04362,2,-7.952,2.774,3.944,inf,2,0,0
gen_04362,3,-7.940,9.641,9.886,inf,2,0,0
gen_04362,4,-7.935,2.792,3.777,inf,2,0,0
gen_04362,5,-7.934,9.633,9.882,inf,2,0,0
gen_04362,6,-7.792,9.844,9.869,inf,2,0,0
gen_04363,1,-8.030,2.729,4.533,inf,4,0,0
gen_04363,2,-8.027,2.757,4.506,inf,4,0,0
gen_04363,3,-8.017,2.788,4.557,inf,4,0,0
gen_04363,4,-7.989,2.649,4.423,inf,4,0,0
gen_04363,5,-7.982,2.745,4.474,inf,4,0,0
gen_04363,6,-7.966,2.721,4.412,inf,4,0,0
gen_04363,7,-7.849,2.763,2.821,inf,4,0,0
gen_04363,8,-7.837,2.752,2.938,inf,4,0,0
gen_04364,1,-7.008,2.777,4.570,inf,2,0,0
gen_04364,2,-6.989,2.695,4.482,inf,2,0,0
gen_04365,1,-6.730,2.724,4.442,inf,2,0,0
gen_04365,2,-6.728,2.806,4.474,inf,2,0,0
gen_04365,3,-6.710,2.744,4.550,inf,2,0,0
gen_04365,4,-6.544,2.621,4.461,inf,2,0,0
gen_04365,5,-6.542,2.591,4.474,inf,2,0,0
gen_04366,1,-8.213,2.747,4.341,inf,2,0,0
gen_04366,2,-8.203,2.735,4.294,inf,2,0,0
gen_04366,3,-8.200,2.715,4.289,inf,2,0,0
gen_04366,4,-8.170,2.739,4.308,inf,2,0,0
gen_04367,1,-6.514,2.209,3.592,inf,2,0,0
gen_04367,2,-6.494,2.208,3.587,inf,2,0,0
gen_04367,3,-6.403,2.206,3.648,inf,2,0,0
gen_04367,4,-6.397,2.671,4.428,inf,2,0,0
gen_04367,5,-6.329,2.197,3.959,inf,2,0,0
gen_04368,1,-6.535,2.726,4.341,inf,2,0,0
gen_04368,2,-6.517,2.743,4.324,inf,2,0,0
gen_04368,3,-6.514,2.809,4.413,inf,2,0,0
gen_04368,4,-6.505,2.713,4.337,inf,2,0,0
gen_04368,5,-6.493,2.801,4.401,inf,2,0,0
gen_04368,6,-6.490,3.438,4.121,inf,2,0,0
gen_04368,7,-6.465,2.771,4.572,inf,2,0,0
gen_04368,8,-6.462,2.492,4.421,inf,2,0,0
gen_04368,9,-6.454,2.740,4.412,inf,2,0,0
gen_04368,10,-6.430,2.752,4.423,inf,2,0,0
gen_04369,1,-7.435,2.646,3.953,inf,4,0,0
gen_04370,1,-8.092,2.731,4.381,4.501,2,1,0
gen_04370,2,-8.091,2.736,4.400,4.491,2,1,0
gen_04370,3,-8.071,2.721,4.397,4.527,2,1,0
gen_04370,4,-8.026,2.810,4.338,4.385,2,1,0
gen_04370,5,-7.897,2.679,4.418,4.971,2,1,0
gen_04370,6,-7.727,13.571,15.595,6.442,2,1,0
gen_04370,7,-7.675,3.376,4.283,4.052,2,1,0
gen_04370,8,-7.652,14.453,15.904,7.370,2,1,0
gen_04370,9,-7.624,14.401,15.685,6.794,2,1,0
gen_04370,10,-7.615,14.494,15.968,7.448,2,1,0
gen_04370,11,-7.526,13.679,15.754,6.815,2,1,0
gen_04370,12,-7.450,2.766,4.474,4.292,2,1,0
gen_04371,1,-7.441,2.777,4.405,inf,2,0,0
gen_04371,2,-7.439,2.782,4.403,inf,2,0,0
gen_04371,3,-7.391,2.695,4.363,inf,2,0,0
gen_04371,4,-7.335,2.309,4.282,inf,2,0,0
gen_04372,1,-8.385,2.584,4.581,3.841,2,1,0
gen_04372,2,-8.345,2.657,4.568,3.878,2,1,0
gen_04372,3,-8.281,2.555,4.550,3.908,2,1,0
gen_04372,4,-8.255,2.555,4.555,3.832,2,1,0
gen_04372,5,-8.204,2.600,4.507,3.756,2,1,0
gen_04372,6,-8.141,2.590,4.591,3.884,2,1,0
gen_04372,7,-8.113,2.507,2.573,3.319,2,1,1
gen_04372,8,-8.098,2.441,2.600,3.600,2,1,0
gen_04372,9,-8.076,9.754,10.179,10.053,2,1,0
gen_04372,10,-8.025,2.626,3.659,4.768,2,1,0
gen_04372,11,-8.020,2.407,2.601,3.659,2,1,0
gen_04373,1,-7.038,2.741,4.309,inf,2,0,0
gen_04374,1,-8.442,2.823,4.533,inf,2,0,0
gen_04374,2,-8.438,2.796,4.503,inf,2,0,0
gen_04374,3,-8.420,2.765,4.447,inf,2,0,0
gen_04374,4,-8.364,2.797,4.484,inf,2,0,0
gen_04374,5,-8.335,2.777,4.476,inf,2,0,0
gen_04374,6,-7.907,2.703,4.519,inf,2,0,0
gen_04375,1,-6.452,2.687,4.347,inf,2,0,0
gen_04375,2,-6.404,2.672,4.379,inf,2,0,0
gen_04375,3,-6.393,2.710,4.304,inf,2,0,0
gen_04375,4,-6.373,2.734,4.313,inf,2,0,0
gen_04376,1,-6.858,3.962,5.634,inf,2,0,0
gen_04376,2,-6.807,4.007,5.661,inf,2,0,0
gen_04376,3,-6.719,13.342,14.186,inf,2,0,0
gen_04376,4,-6.711,13.089,14.240,inf,2,0,0
gen_04377,1,-7.239,2.688,3.845,inf,2,0,0
gen_04378,1,-7.937,3.027,4.316,2.962,2,1,1
gen_04378,2,-7.926,3.128,4.504,2.905,2,1,1
gen_04378,3,-7.908,3.116,4.462,2.895,2,1,1
gen_04378,4,-7.899,3.126,4.366,2.984,2,1,1
gen_04378,5,-7.874,3.069,4.406,2.994,2,1,1
gen_04378,6,-7.830,2.958,4.377,3.051,2,1,1
gen_04378,7,-7.799,3.023,4.435,3.049,2,1,1
gen_04378,8,-7.798,2.973,4.437,3.163,2,1,1
gen_04378,9,-7.697,2.961,4.433,3.142,2,1,1
gen_04378,10,-7.669,3.170,4.452,2.877,2,1,1
gen_04378,11,-7.454,3.295,4.490,2.914,2,1,0
gen_04379,1,-7.102,2.700,4.407,inf,2,0,0
gen_04379,2,-7.099,2.803,4.561,inf,2,0,0
gen_04379,3,-7.068,2.713,4.384,inf,2,0,0
gen_04380,1,-6.968,2.810,4.781,inf,2,0,0
gen_04380,2,-6.951,2.835,4.838,inf,2,0,0
gen_04380,3,-6.946,2.996,4.910,inf,2,0,0
gen_04380,4,-6.941,2.833,4.796,inf,2,0,0
gen_04381,1,-7.847,2.607,4.360,inf,2,0,0
gen_04382,1,-7.610,3.350,4.368,inf,2,0,0
gen_04382,2,-7.607,3.326,4.383,inf,2,0,0
gen_04383,1,-7.685,2.662,4.476,inf,2,0,0
gen_04383,2,-7.666,2.799,4.462,inf,2,0,0
gen_04384,1,-7.193,2.806,4.579,inf,2,0,0
gen_04384,2,-7.185,2.758,4.495,inf,2,0,0
gen_04384,3,-7.184,2.816,4.547,inf,2,0,0
gen_04384,4,-7.145,2.798,4.590,inf,2,0,0
gen_04384,5,-7.133,2.830,4.514,inf,2,0,0
gen_04384,6,-7.084,2.804,4.523,inf,2,0,0
gen_04384,7,-7.064,2.801,4.517,inf,2,0,0
gen_04384,8,-6.933,2.777,4.492,inf,2,0,0
gen_04385,1,-87.358,6.032,7.648,9.415,2,1,0
gen_04385,2,-80.354,12.850,14.588,7.769,2,1,0
gen_04386,1,-7.666,3.023,4.375,inf,2,0,0
gen_04386,2,-7.637,3.232,4.612,inf,2,0,0
gen_04386,3,-7.600,2.866,4.460,inf,2,0,0
gen_04386,4,-7.579,3.234,4.585,inf,2,0,0
gen_04386,5,-7.562,15.746,16.503,inf,2,0,0
gen_04386,6,-7.544,15.750,16.529,inf,2,0,0
gen_04387,1,-8.058,2.767,4.197,inf,2,0,0
gen_04387,2,-7.940,2.767,4.192,inf,2,0,0
gen_04387,3,-7.852,2.708,4.179,inf,2,0,0
gen_04388,1,-7.108,2.701,4.476,inf,2,0,0
gen_04388,2,-7.082,2.768,4.510,inf,2,0,0
gen_04388,3,-7.062,2.770,4.484,inf,2,0,0
gen_04388,4,-7.060,2.604,4.487,inf,2,0,0
gen_04388,5,-7.020,2.790,4.472,inf,2,0,0
gen_04388,6,-7.001,2.817,4.507,inf,2,0,0
gen_04388,7,-6.987,2.718,4.443,inf,2,0,0
gen_04388,8,-6.961,2.757,4.487,inf,2,0,0
gen_04388,9,-6.957,2.762,4.489,inf,2,0,0
gen_04388,10,-6.924,2.813,4.495,inf,2,0,0
gen_04389,1,-8.125,10.726,10.983,inf,2,0,0
gen_04389,2,-8.081,10.622,10.968,inf,2,0,0
gen_04390,1,-7.372,2.552,4.276,inf,2,0,0
gen_04390,2,-7.359,2.534,4.280,inf,2,0,0
gen_04390,3,-7.335,2.714,4.485,inf,2,0,0
gen_04390,4,-7.327,2.483,4.284,inf,2,0,0
gen_04390,5,-7.288,2.986,4.422,inf,2,0,0
gen_04391,1,-7.600,2.787,4.466,inf,2,0,0
gen_04391,2,-7.550,2.629,4.460,inf,2,0,0
gen_04391,3,-7.500,2.532,2.724,inf,2,0,0
gen_04391,4,-7.492,2.408,2.761,inf,2,0,0
gen_04391,5,-7.224,2.659,4.433,inf,2,0,0
gen_04392,1,-7.570,3.123,4.394,inf,2,0,0
gen_04392,2,-7.556,3.154,4.407,inf,2,0,0
gen_04393,1,-7.256,2.353,3.073,inf,4,0,0
gen_04393,2,-7.252,2.370,3.058,inf,4,0,0
gen_04393,3,-7.250,2.373,3.093,inf,4,0,0
gen_04393,4,-7.146,2.306,3.148,inf,4,0,0
gen_04393,5,-7.140,2.311,3.201,inf,4,0,0
gen_04393,6,-7.078,2.492,2.605,inf,4,0,0
gen_04394,1,-7.173,2.745,3.601,inf,4,0,0
gen_04394,2,-7.167,2.713,3.571,inf,4,0,0
gen_04394,3,-7.139,2.742,3.712,inf,4,0,0
gen_04394,4,-7.137,2.692,3.624,inf,4,0,0
gen_04394,5,-7.087,2.669,3.527,inf,4,0,0
gen_04394,6,-6.992,2.779,4.438,inf,4,0,0
gen_04395,1,-7.259,2.825,4.466,3.275,2,1,1
gen_04395,2,-7.217,2.724,4.479,3.232,2,1,1
gen_04395,3,-7.187,2.715,4.542,3.227,2,1,1
gen_04395,4,-7.008,2.619,4.437,3.584,2,1,0
gen_04395,5,-6.987,2.668,4.359,3.468,2,1,1
gen_04395,6,-6.969,2.652,4.449,3.607,2,1,0
gen_04395,7,-6.677,3.407,5.347,4.382,2,1,0
gen_04396,1,-6.392,2.675,4.424,inf,2,0,0
gen_04396,2,-6.379,2.663,4.423,inf,2,0,0
gen_04397,1,-7.900,2.663,4.427,5.121,2,1,0
gen_04397,2,-7.812,2.665,4.228,5.189,2,1,0
gen_04398,1,-7.411,2.747,4.509,4.185,2,1,0
gen_04398,2,-7.393,2.774,4.522,4.187,2,1,0
gen_04399,1,-7.906,2.670,4.305,inf,2,0,0
gen_04399,2,-7.741,2.537,4.459,inf,2,0,0
gen_04400,1,-7.388,2.772,4.337,4.847,2,1,0
gen_04401,1,-6.837,2.666,4.309,inf,2,0,0
gen_04401,2,-6.817,2.684,4.304,inf,2,0,0
gen_04401,3,-6.790,2.750,4.449,inf,2,0,0
gen_04401,4,-6.770,2.722,4.443,inf,2,0,0
gen_04402,1,-6.572,2.468,3.932,inf,2,0,0
gen_04402,2,-6.568,2.734,4.406,inf,2,0,0
gen_04402,3,-6.567,2.723,4.381,inf,2,0,0
gen_04402,4,-6.551,2.458,3.809,inf,2,0,0
gen_04402,5,-6.545,2.760,4.326,inf,2,0,0
gen_04402,6,-6.544,2.492,3.710,inf,2,0,0
gen_04403,1,-6.584,4.278,5.036,inf,2,0,0
gen_04403,2,-6.530,4.219,5.047,inf,2,0,0
gen_04403,3,-6.441,4.332,4.910,inf,2,0,0
gen_04404,1,-7.848,2.372,2.720,inf,2,0,0
gen_04405,1,-174.355,11.411,11.769,8.746,2,1,0
gen_04406,1,-7.366,2.602,4.504,inf,2,0,0
gen_04406,2,-7.191,2.702,4.344,inf,2,0,0
gen_04407,1,-7.646,2.592,3.115,3.038,2,1,1
gen_04407,2,-7.626,2.574,3.088,3.108,2,1,1
gen_04408,1,-7.891,2.815,4.265,2.865,2,1,1
gen_04409,1,-7.155,2.216,4.375,inf,2,0,0
gen_04410,1,-7.610,3.334,4.350,2.781,2,1,0
gen_04410,2,-7.605,3.156,4.497,2.680,2,1,1
gen_04410,3,-7.439,2.834,3.711,3.014,2,1,1
gen_04411,1,-7.862,2.742,4.450,5.902,2,1,0
gen_04411,2,-7.788,2.660,4.356,5.985,2,1,0
gen_04412,1,-7.674,2.606,3.562,inf,2,0,0
gen_04413,1,-7.077,2.968,4.526,inf,2,0,0
gen_04414,1,-8.302,2.705,4.189,6.780,2,1,0
gen_04414,2,-8.245,11.428,13.403,5.426,2,1,0
gen_04414,3,-8.228,11.787,13.395,5.339,2,1,0
gen_04415,1,-7.654,2.750,3.854,inf,2,0,0
gen_04415,2,-7.638,2.735,3.859,inf,2,0,0
gen_04415,3,-7.633,2.670,2.681,inf,2,0,0
gen_04415,4,-7.613,2.689,3.789,inf,2,0,0
gen_04415,5,-7.582,2.785,3.596,inf,2,0,0
gen_04416,1,-7.826,2.744,4.369,7.228,2,1,0
gen_04416,2,-7.770,2.780,4.508,7.169,2,1,0
gen_04416,3,-7.671,2.449,2.818,4.052,2,1,0
gen_04416,4,-0.942,2.731,4.389,7.236,2,1,0
gen_04416,5,-0.814,2.718,4.417,7.242,2,1,0
gen_04417,1,-7.766,2.648,4.488,inf,2,0,0
gen_04417,2,-7.752,2.698,4.519,inf,2,0,0
gen_04417,3,-7.741,2.651,4.478,inf,2,0,0
gen_04417,4,-7.635,2.641,4.333,inf,2,0,0
gen_04417,5,-7.528,2.697,3.653,inf,2,0,0
gen_04418,1,-7.225,2.846,4.366,inf,2,0,0
gen_04418,2,-7.193,2.744,4.433,inf,2,0,0
gen_04418,3,-7.183,2.668,3.164,inf,2,0,0
gen_04418,4,-7.137,2.615,3.188,inf,2,0,0
gen_04418,5,-7.136,2.646,3.149,inf,2,0,0
gen_04418,6,-7.128,2.623,3.094,inf,2,0,0
gen_04418,7,-7.123,2.707,3.224,inf,2,0,0
gen_04418,8,-7.054,2.768,3.290,inf,2,0,0
gen_04418,9,-7.008,3.306,3.314,inf,2,0,0
gen_04419,1,-6.976,2.666,4.406,inf,2,0,0
gen_04419,2,-6.943,2.587,4.436,inf,2,0,0
gen_04419,3,-6.885,2.769,4.516,inf,2,0,0
gen_04420,1,-6.285,2.764,3.684,inf,2,0,0
gen_04420,2,-6.234,2.666,3.178,inf,2,0,0
gen_04420,3,-6.229,2.826,3.644,inf,2,0,0
gen_04420,4,-6.205,2.693,3.056,inf,2,0,0
gen_04420,5,-6.201,2.812,3.630,inf,2,0,0
gen_04420,6,-6.172,2.660,2.774,inf,2,0,0
gen_04420,7,-6.153,2.669,3.165,inf,2,0,0
gen_04421,1,-7.235,3.413,4.343,5.750,2,2,0
gen_04421,2,-7.117,4.104,5.632,3.953,2,2,0
gen_04421,3,-7.112,3.803,5.392,3.876,2,2,0
gen_04421,4,-7.044,3.640,4.367,5.726,2,2,0
gen_04422,1,-7.881,2.366,4.366,inf,2,0,0
gen_04422,2,-7.878,2.187,4.336,inf,2,0,0
gen_04422,3,-7.844,5.324,5.978,inf,2,0,0
gen_04422,4,-7.830,5.290,6.076,inf,2,0,0
gen_04422,5,-7.741,2.192,4.346,inf,2,0,0
gen_04423,1,-8.012,2.776,4.370,3.132,2,1,1
gen_04423,2,-7.714,2.738,4.422,3.031,2,1,1
gen_04423,3,-7.653,2.744,4.469,4.385,2,1,0
gen_04423,4,-7.573,2.799,4.323,4.480,2,1,0
gen_04423,5,-7.526,2.735,4.346,4.545,2,1,0
gen_04424,1,-8.016,2.651,4.341,inf,2,0,0
gen_04424,2,-7.921,2.710,4.291,inf,2,0,0
gen_04425,1,-7.250,2.798,4.288,inf,2,0,0
gen_04425,2,-7.217,2.802,4.304,inf,2,0,0
gen_04426,1,-8.069,2.759,4.415,inf,2,0,0
gen_04426,2,-8.037,2.763,4.409,inf,2,0,0
gen_04426,3,-7.953,2.815,4.505,inf,2,0,0
gen_04426,4,-7.950,2.797,4.521,inf,2,0,0
gen_04426,5,-7.940,2.768,4.479,inf,2,0,0
gen_04427,1,-7.406,2.758,4.348,inf,4,0,0
gen_04427,2,-7.335,2.797,4.413,inf,4,0,0
gen_04427,3,-7.313,2.785,4.442,inf,4,0,0
gen_04428,1,-7.193,4.092,5.867,5.248,2,1,0
gen_04428,2,-7.153,2.770,4.714,2.809,2,1,1
gen_04428,3,-7.076,9.090,10.747,6.367,2,1,0
gen_04428,4,-6.972,2.530,3.452,6.688,2,1,0
gen_04428,5,-6.854,2.657,3.358,6.721,2,1,0
gen_04429,1,-7.016,2.683,4.206,inf,2,0,0
gen_04429,2,-6.949,2.709,3.924,inf,2,0,0
gen_04429,3,-6.909,2.733,3.769,inf,2,0,0
gen_04429,4,-6.891,2.687,3.914,inf,2,0,0
gen_04429,5,-6.886,2.672,3.889,inf,2,0,0
gen_04429,6,-6.882,2.714,4.225,inf,2,0,0
gen_04429,7,-6.813,2.680,4.343,inf,2,0,0
gen_04429,8,-6.777,2.702,3.942,inf,2,0,0
gen_04429,9,-6.698,2.717,4.123,inf,2,0,0
gen_04429,10,-6.686,2.697,4.228,inf,2,0,0
gen_04430,1,-8.592,2.739,4.092,3.210,4,1,1
gen_04430,2,-8.569,2.762,4.102,3.258,4,1,1
gen_04431,1,-7.226,2.705,4.467,inf,2,0,0
gen_04431,2,-7.007,9.610,9.860,inf,2,0,0
gen_04431,3,-6.989,9.443,9.855,inf,2,0,0
gen_04432,1,-7.550,2.763,4.749,inf,4,0,0
gen_04432,2,-7.540,3.487,4.793,inf,4,0,0
gen_04432,3,-7.507,3.551,4.848,inf,4,0,0
gen_04433,1,-7.519,2.549,2.757,inf,4,0,0
gen_04433,2,-7.509,2.536,2.781,inf,4,0,0
gen_04434,1,-116.746,9.959,10.866,inf,2,0,0
gen_04435,1,-8.145,2.493,2.723,inf,2,0,0
gen_04435,2,-8.127,2.487,2.752,inf,2,0,0
gen_04435,3,-8.113,2.532,2.701,inf,2,0,0
gen_04436,1,-7.856,2.912,4.537,inf,2,0,0
gen_04436,2,-7.826,2.758,4.394,inf,2,0,0
gen_04436,3,-7.782,2.764,4.402,inf,2,0,0
gen_04436,4,-7.694,3.349,4.547,inf,2,0,0
gen_04436,5,-7.610,3.279,4.267,inf,2,0,0
gen_04437,1,-8.509,14.472,14.673,inf,2,0,0
gen_04437,2,-8.486,14.376,14.618,inf,2,0,0
gen_04437,3,-8.466,14.545,14.652,inf,2,0,0
gen_04437,4,-7.953,2.217,4.392,inf,2,0,0
gen_04438,1,-6.899,2.836,3.897,inf,4,0,0
gen_04438,2,-6.884,2.853,3.836,inf,4,0,0
gen_04438,3,-6.859,2.799,3.865,inf,4,0,0
gen_04439,1,-8.584,2.782,3.937,inf,4,0,0
gen_04439,2,-8.580,2.816,4.353,inf,4,0,0
gen_04439,3,-8.517,2.584,3.432,inf,4,0,0
gen_04439,4,-8.444,2.580,3.444,inf,4,0,0
gen_04439,5,-8.397,3.112,4.343,inf,4,0,0
gen_04439,6,-8.362,2.580,2.782,inf,4,0,0
gen_04439,7,-8.335,2.460,2.771,inf,4,0,0
gen_04440,1,-6.931,2.785,4.524,inf,4,0,0
gen_04440,2,-6.919,2.689,4.390,inf,4,0,0
gen_04440,3,-6.917,2.742,4.357,inf,4,0,0
gen_04440,4,-6.898,2.752,4.461,inf,4,0,0
gen_04441,1,-6.445,2.484,4.555,6.446,2,1,0
gen_04442,1,-6.931,2.805,4.392,inf,2,0,0
gen_04443,1,-7.416,2.699,4.235,inf,2,0,0
gen_04443,2,-7.339,2.744,4.214,inf,2,0,0
gen_04444,1,-6.504,2.590,3.776,inf,2,0,0
gen_04444,2,-6.503,2.599,3.785,inf,2,0,0
gen_04444,3,-6.479,2.638,3.740,inf,2,0,0
gen_04444,4,-6.469,2.581,3.727,inf,2,0,0
gen_04445,1,-6.222,2.202,4.428,3.854,2,1,0
gen_04446,1,-8.639,14.630,15.319,inf,2,0,0
gen_04446,2,-8.636,14.605,15.321,inf,2,0,0
gen_04446,3,-8.573,14.209,15.455,inf,2,0,0
gen_04446,4,-8.495,14.444,15.208,inf,2,0,0
gen_04447,1,-6.676,17.385,17.615,inf,2,0,0
gen_04447,2,-6.640,17.367,17.800,inf,2,0,0
gen_04447,3,-6.425,2.570,4.601,inf,2,0,0
gen_04447,4,-6.383,2.437,4.572,inf,2,0,0
gen_04448,1,-6.647,2.857,4.354,inf,2,0,0
gen_04449,1,-7.906,3.874,4.886,inf,2,0,0
gen_04449,2,-7.840,3.637,4.746,inf,2,0,0
gen_04449,3,-7.746,2.335,4.548,inf,2,0,0
gen_04449,4,-7.723,3.879,5.058,inf,2,0,0
gen_04449,5,-7.705,2.267,4.412,inf,2,0,0
gen_04449,6,-7.695,2.402,4.509,inf,2,0,0
gen_04449,7,-7.494,2.290,4.480,inf,2,0,0
gen_04450,1,-7.819,3.426,4.517,inf,4,0,0
gen_04450,2,-7.665,3.620,4.549,inf,4,0,0
gen_04451,1,-7.090,2.793,4.395,inf,4,0,0
gen_04451,2,-7.081,2.814,4.397,inf,4,0,0
gen_04451,3,-7.060,2.820,4.319,inf,4,0,0
gen_04451,4,-7.054,2.795,4.414,inf,4,0,0
gen_04451,5,-7.042,2.943,4.381,inf,4,0,0
gen_04451,6,-7.022,2.833,4.346,inf,4,0,0
gen_04451,7,-6.953,2.870,4.331,inf,4,0,0
gen_04452,1,-6.376,2.776,4.459,inf,2,0,0
gen_04452,2,-6.359,2.690,4.390,inf,2,0,0
gen_04452,3,-6.316,2.734,4.475,inf,2,0,0
gen_04452,4,-6.290,2.709,4.356,inf,2,0,0
gen_04452,5,-6.268,2.708,4.377,inf,2,0,0
gen_04452,6,-6.173,5.187,5.313,inf,2,0,0
gen_04453,1,-7.099,12.332,14.507,inf,2,0,0
gen_04453,2,-7.085,12.129,14.075,inf,2,0,0
gen_04453,3,-7.073,12.145,14.132,inf,2,0,0
gen_04453,4,-7.066,12.146,14.138,inf,2,0,0
gen_04453,5,-7.062,12.123,14.117,inf,2,0,0
gen_04453,6,-7.061,12.118,14.113,inf,2,0,0
gen_04454,1,-7.578,2.642,2.925,inf,4,0,0
gen_04454,2,-7.574,2.301,2.835,inf,4,0,0
gen_04454,3,-7.566,2.335,2.844,inf,4,0,0
gen_04454,4,-7.564,3.012,3.266,inf,4,0,0
gen_04454,5,-7.558,2.368,3.091,inf,4,0,0
gen_04454,6,-7.539,2.791,3.286,inf,4,0,0
gen_04454,7,-7.535,2.366,2.842,inf,4,0,0
gen_04454,8,-7.533,3.003,3.316,inf,4,0,0
gen_04454,9,-7.498,2.271,2.877,inf,4,0,0
gen_04454,10,-7.496,2.728,2.874,inf,4,0,0
gen_04454,11,-7.283,3.338,4.795,inf,4,0,0
gen_04454,12,-7.216,2.517,4.321,inf,4,0,0
gen_04454,13,-7.213,3.261,4.745,inf,4,0,0
gen_04455,1,-7.772,10.318,10.605,inf,2,0,0
gen_04455,2,-7.752,10.306,10.621,inf,2,0,0
gen_04456,1,-7.815,2.774,4.442,inf,2,0,0
gen_04456,2,-7.775,2.736,4.410,inf,2,0,0
gen_04456,3,-7.715,2.726,4.414,inf,2,0,0
gen_04456,4,-7.670,2.658,4.387,inf,2,0,0
gen_04456,5,-7.620,2.745,4.370,inf,2,0,0
gen_04457,1,-7.484,2.742,4.470,5.638,2,2,0
gen_04458,1,-7.956,2.778,4.326,inf,2,0,0
gen_04458,2,-7.956,2.812,4.381,inf,2,0,0
gen_04459,1,-7.076,2.252,3.044,inf,2,0,0
gen_04460,1,-8.114,2.996,4.722,inf,2,0,0
gen_04460,2,-7.955,2.796,4.573,inf,2,0,0
gen_04461,1,-7.815,2.852,4.383,3.354,2,1,1
gen_04461,2,-7.780,3.003,4.431,3.504,2,1,0
gen_04461,3,-7.703,2.818,4.379,3.654,2,1,0
gen_04462,1,-7.210,2.689,4.410,inf,2,0,0
gen_04463,1,-7.514,5.075,5.319,inf,2,0,0
gen_04463,2,-7.499,5.197,5.612,inf,2,0,0
gen_04463,3,-7.482,4.743,5.353,inf,2,0,0
gen_04463,4,-7.478,5.554,5.554,inf,2,0,0
gen_04463,5,-7.362,5.266,5.577,inf,2,0,0
gen_04463,6,-7.345,4.966,5.349,inf,2,0,0
gen_04463,7,-7.233,5.148,5.355,inf,2,0,0
gen_04463,8,-7.133,11.631,12.303,inf,2,0,0
gen_04463,9,-7.107,11.608,12.340,inf,2,0,0
gen_04464,1,-7.462,3.991,4.226,7.716,2,1,0
gen_04464,2,-7.450,4.052,4.216,7.719,2,1,0
gen_04464,3,-7.442,4.066,4.175,7.702,2,1,0
gen_04464,4,-7.438,4.038,4.159,7.668,2,1,0
gen_04464,5,-7.437,4.102,4.162,7.678,2,1,0
gen_04464,6,-7.415,4.038,4.170,7.710,2,1,0
gen_04464,7,-7.396,3.919,4.256,7.716,2,1,0
gen_04464,8,-7.395,2.701,3.999,7.569,2,1,0
gen_04464,9,-7.385,4.107,4.152,7.681,2,1,0
gen_04465,1,-7.019,10.377,10.713,inf,2,0,0
gen_04465,2,-7.003,10.560,10.599,inf,2,0,0
gen_04465,3,-6.976,10.552,10.574,inf,2,0,0
gen_04465,4,-6.959,10.422,10.681,inf,2,0,0
gen_04466,1,-7.627,2.823,4.306,5.489,4,1,0
gen_04467,1,-6.723,2.930,4.355,inf,2,0,0
gen_04467,2,-6.707,2.931,4.369,inf,2,0,0
gen_04468,1,-7.871,9.147,9.265,4.444,2,1,0
gen_04468,2,-7.848,8.789,9.465,4.403,2,1,0
gen_04468,3,-7.834,8.733,9.452,4.421,2,1,0
gen_04468,4,-7.821,8.894,9.335,4.455,2,1,0
gen_04468,5,-7.811,8.868,9.170,4.410,2,1,0
gen_04468,6,-7.800,8.884,9.493,4.451,2,1,0
gen_04468,7,-7.576,2.715,4.426,5.971,2,1,0
gen_04469,1,-7.799,3.073,4.410,inf,2,0,0
gen_04469,2,-7.791,3.111,4.598,inf,2,0,0
gen_04469,3,-7.779,3.119,4.508,inf,2,0,0
gen_04469,4,-7.776,3.198,4.519,inf,2,0,0
gen_04469,5,-7.774,3.118,4.590,inf,2,0,0
gen_04469,6,-7.773,3.108,4.509,inf,2,0,0
gen_04469,7,-7.747,3.106,4.454,inf,2,0,0
gen_04469,8,-7.712,2.844,4.252,inf,2,0,0
gen_04469,9,-7.687,2.834,4.494,inf,2,0,0
gen_04469,10,-7.677,2.972,4.519,inf,2,0,0
gen_04469,11,-7.675,2.794,4.500,inf,2,0,0
gen_04470,1,-8.038,2.687,4.370,3.103,2,1,1
gen_04470,2,-8.017,2.795,4.558,12.132,2,1,0
gen_04470,3,-7.868,3.028,4.678,4.812,2,1,0
gen_04470,4,-7.842,2.757,4.492,12.320,2,1,0
gen_04470,5,-7.803,2.746,4.442,12.177,2,1,0
gen_04471,1,-7.938,2.792,4.510,inf,2,0,0
gen_04471,2,-7.907,2.767,4.305,inf,2,0,0
gen_04472,1,-6.854,2.788,4.289,inf,2,0,0
gen_04472,2,-6.853,2.786,4.265,inf,2,0,0
gen_04472,3,-6.621,7.778,8.933,inf,2,0,0
gen_04472,4,-6.596,7.341,9.060,inf,2,0,0
gen_04473,1,-8.153,2.442,2.803,3.057,2,2,1
gen_04473,2,-8.099,2.474,2.756,3.022,2,2,1
gen_04474,1,-8.624,2.707,4.412,6.366,4,1,0
gen_04474,2,-8.467,2.751,4.525,6.422,4,1,0
gen_04474,3,-8.411,2.785,4.557,6.415,4,1,0
gen_04474,4,-8.383,2.768,4.458,6.478,4,1,0
gen_04474,5,-8.328,2.733,4.338,6.891,4,1,0
gen_04475,1,-8.039,2.870,4.525,inf,2,0,0
gen_04476,1,-7.174,2.794,4.572,inf,2,0,0
gen_04476,2,-7.170,2.752,4.551,inf,2,0,0
gen_04476,3,-7.162,2.779,4.523,inf,2,0,0
gen_04476,4,-7.131,2.745,4.585,inf,2,0,0
gen_04476,5,-7.101,2.730,4.545,inf,2,0,0
gen_04476,6,-7.080,2.760,4.550,inf,2,0,0
gen_04477,1,-6.820,2.419,4.465,inf,2,0,0
gen_04477,2,-6.806,2.453,4.517,inf,2,0,0
gen_04478,1,-7.966,2.757,4.478,inf,2,0,0
gen_04478,2,-7.886,2.736,4.464,inf,2,0,0
gen_04478,3,-7.882,2.733,4.506,inf,2,0,0
gen_04478,4,-7.854,2.745,4.462,inf,2,0,0
gen_04479,1,-7.613,7.035,8.132,inf,2,0,0
gen_04479,2,-7.603,6.959,8.022,inf,2,0,0
gen_04479,3,-7.601,2.607,4.432,inf,2,0,0
gen_04479,4,-7.585,7.100,8.247,inf,2,0,0
gen_04479,5,-7.559,6.977,8.033,inf,2,0,0
gen_04479,6,-7.559,6.832,7.875,inf,2,0,0
gen_04479,7,-7.529,2.602,4.514,inf,2,0,0
gen_04479,8,-7.529,2.300,4.046,inf,2,0,0
gen_04480,1,-8.713,2.572,4.404,inf,4,0,0
gen_04480,2,-8.669,2.570,4.276,inf,4,0,0
gen_04480,3,-8.568,2.734,4.419,inf,4,0,0
gen_04480,4,-8.485,2.643,3.803,inf,4,0,0
gen_04481,1,-6.931,10.617,10.764,5.014,2,1,0
gen_04481,2,-6.928,10.416,10.884,4.924,2,1,0
gen_04481,3,-6.782,10.452,10.941,4.988,2,1,0
gen_04481,4,-6.674,10.396,10.816,4.755,2,1,0
gen_04481,5,-6.673,10.402,10.788,4.733,2,1,0
gen_04482,1,-6.669,2.767,4.238,inf,2,0,0
gen_04483,1,-7.921,2.803,4.488,inf,2,0,0
gen_04484,1,-7.265,8.876,9.155,5.219,2,1,0
gen_04484,2,-7.248,8.845,9.127,5.242,2,1,0
gen_04484,3,-7.246,8.796,9.120,5.158,2,1,0
gen_04484,4,-7.242,8.839,9.263,5.208,2,1,0
gen_04485,1,-6.829,2.512,4.381,inf,2,0,0
gen_04485,2,-6.774,2.467,4.349,inf,2,0,0
gen_04485,3,-6.747,2.523,4.406,inf,2,0,0
gen_04486,1,-6.430,2.743,4.469,inf,2,0,0
gen_04486,2,-6.414,2.719,4.410,inf,2,0,0
gen_04487,1,-8.495,2.647,4.398,inf,2,0,0
gen_04487,2,-8.370,2.705,3.734,inf,2,0,0
gen_04488,1,-7.276,3.700,3.945,inf,4,0,0
gen_04488,2,-7.272,3.701,3.951,inf,4,0,0
gen_04488,3,-7.260,3.697,3.954,inf,4,0,0
gen_04489,1,-7.007,2.317,4.467,inf,2,0,0
gen_04489,2,-7.003,2.237,4.396,inf,2,0,0
gen_04489,3,-6.975,2.325,4.474,inf,2,0,0
gen_04489,4,-6.932,2.249,4.413,inf,2,0,0
gen_04489,5,-6.907,2.295,4.455,inf,2,0,0
gen_04490,1,-7.622,3.865,4.849,inf,2,0,0
gen_04490,2,-7.618,3.915,4.820,inf,2,0,0
gen_04490,3,-7.606,3.951,4.868,inf,2,0,0
gen_04490,4,-7.602,3.865,4.819,inf,2,0,0
gen_04490,5,-7.599,3.911,4.851,inf,2,0,0
gen_04491,1,-6.940,3.022,4.502,inf,2,0,0
gen_04491,2,-6.937,3.113,4.355,inf,2,0,0
gen_04491,3,-6.810,2.744,4.379,inf,2,0,0
gen_04491,4,-6.803,2.773,4.340,inf,2,0,0
gen_04491,5,-6.790,2.731,4.378,inf,2,0,0
gen_04492,1,-6.701,2.558,4.056,inf,2,0,0
gen_04492,2,-6.691,2.655,4.268,inf,2,0,0
gen_04493,1,-7.581,3.659,3.863,4.559,2,1,0
gen_04493,2,-7.491,3.760,3.916,4.519,2,1,0
gen_04493,3,-7.428,4.526,5.111,3.090,2,1,0
gen_04494,1,-7.661,9.210,10.145,inf,2,0,0
gen_04494,2,-7.579,9.085,10.405,inf,2,0,0
gen_04495,1,-7.264,2.756,4.241,inf,4,0,0
gen_04495,2,-7.261,2.727,4.231,inf,4,0,0
gen_04496,1,-8.047,2.769,4.399,3.285,2,1,1
gen_04496,2,-8.024,2.773,4.389,3.358,2,1,1
gen_04496,3,-8.015,2.743,4.447,3.347,2,1,1
gen_04496,4,-7.996,2.677,4.349,3.317,2,1,1
gen_04497,1,-69.823,7.195,8.231,inf,4,0,0
gen_04497,2,-65.581,12.268,12.891,inf,4,0,0
gen_04498,1,-7.395,3.196,4.616,inf,2,0,0
gen_04498,2,-7.346,3.654,4.974,inf,2,0,0
gen_04498,3,-7.313,3.111,4.637,inf,2,0,0
gen_04498,4,-7.305,3.717,5.050,inf,2,0,0
gen_04498,5,-7.245,2.939,3.721,inf,2,0,0
gen_04498,6,-7.232,3.284,4.421,inf,2,0,0
gen_04499,1,-7.732,2.552,4.498,inf,2,0,0
gen_04499,2,-7.711,2.471,4.466,inf,2,0,0
gen_04499,3,-7.710,2.563,4.484,inf,2,0,0
gen_04499,4,-7.083,15.328,15.748,inf,2,0,0
gen_04499,5,-7.069,17.163,17.593,inf,2,0,0
gen_04499,6,-7.062,15.498,16.184,inf,2,0,0
gen_04499,7,-7.018,17.406,17.502,inf,2,0,0
gen_04500,1,-7.930,2.744,4.471,4.052,2,1,0
gen_04500,2,-7.928,2.747,4.489,4.033,2,1,0
gen_04500,3,-7.928,2.721,4.479,4.039,2,1,0
gen_04500,4,-7.896,2.778,4.514,4.038,2,1,0
gen_04501,1,-7.904,3.150,4.540,inf,2,0,0
gen_04501,2,-7.813,3.110,4.542,inf,2,0,0
gen_04501,3,-7.572,2.817,4.457,inf,2,0,0
gen_04502,1,-7.503,3.307,5.038,3.843,2,1,0
gen_04503,1,-7.876,2.746,4.275,inf,2,0,0
gen_04503,2,-7.858,2.791,4.332,inf,2,0,0
gen_04504,1,-7.110,2.601,4.418,inf,2,0,0
gen_04504,2,-7.082,2.715,4.539,inf,2,0,0
gen_04504,3,-7.025,3.278,4.674,inf,2,0,0
gen_04504,4,-6.977,2.430,3.451,inf,2,0,0
gen_04504,5,-6.961,2.720,3.969,inf,2,0,0
gen_04504,6,-6.878,2.271,4.447,inf,2,0,0
gen_04504,7,-6.840,3.040,4.364,inf,2,0,0
gen_04504,8,-6.836,2.773,4.420,inf,2,0,0
gen_04505,1,-126.503,14.570,14.776,10.033,2,1,0
gen_04505,2,-122.253,10.389,10.793,8.855,2,1,0
gen_04506,1,-7.295,2.682,4.403,inf,2,0,0
gen_04506,2,-7.257,2.761,4.464,inf,2,0,0
gen_04506,3,-7.249,2.799,4.422,inf,2,0,0
gen_04506,4,-7.248,2.631,4.446,inf,2,0,0
gen_04506,5,-7.242,2.804,4.442,inf,2,0,0
gen_04506,6,-7.225,2.748,4.473,inf,2,0,0
gen_04506,7,-7.222,2.802,4.423,inf,2,0,0
gen_04507,1,-8.705,2.826,4.504,4.738,4,1,0
gen_04507,2,-8.697,2.844,4.508,4.768,4,1,0
gen_04507,3,-8.691,2.833,4.459,4.748,4,1,0
gen_04507,4,-8.577,2.756,4.433,4.809,4,1,0
gen_04508,1,-7.651,2.587,4.478,inf,4,0,0
gen_04508,2,-7.644,2.628,4.488,inf,4,0,0
gen_04508,3,-7.596,2.570,4.460,inf,4,0,0
gen_04509,1,-7.736,10.836,11.757,inf,2,0,0
gen_04509,2,-7.698,11.075,11.967,inf,2,0,0
gen_04509,3,-7.692,10.783,11.801,inf,2,0,0
gen_04509,4,-7.681,3.716,4.802,inf,2,0,0
gen_04509,5,-7.636,3.676,4.931,inf,2,0,0
gen_04509,6,-7.615,11.330,11.805,inf,2,0,0
gen_04509,7,-7.562,15.700,16.724,inf,2,0,0
gen_04509,8,-7.499,10.354,10.849,inf,2,0,0
gen_04510,1,-7.075,9.670,10.923,inf,2,0,0
gen_04510,2,-7.053,9.724,10.847,inf,2,0,0
gen_04510,3,-6.951,2.336,2.652,inf,2,0,0
gen_04510,4,-6.942,2.357,2.638,inf,2,0,0
gen_04510,5,-6.895,2.359,2.662,inf,2,0,0
gen_04511,1,-7.820,2.556,2.981,3.740,2,1,0
gen_04511,2,-7.815,2.550,2.954,3.703,2,1,0
gen_04511,3,-7.654,3.874,5.148,4.059,2,1,0
gen_04511,4,-7.627,3.587,4.362,4.221,2,1,0
gen_04512,1,-7.897,2.756,4.494,inf,2,0,0
gen_04512,2,-7.895,2.688,4.460,inf,2,0,0
gen_04512,3,-7.864,2.779,4.490,inf,2,0,0
gen_04512,4,-7.834,2.609,4.389,inf,2,0,0
gen_04512,5,-7.818,2.730,3.909,inf,2,0,0
gen_04512,6,-7.785,2.720,4.478,inf,2,0,0
gen_04512,7,-7.783,2.747,3.727,inf,2,0,0
gen_04512,8,-7.721,2.710,4.380,inf,2,0,0
gen_04512,9,-7.630,2.781,4.489,inf,2,0,0
gen_04512,10,-7.570,2.418,3.649,inf,2,0,0
gen_04513,1,-7.707,2.736,4.319,inf,2,0,0
