label,pose,affinity,status,metal_ca501,hbond_asn224,tyr178_contact,hydrophobic_pocket,n_metal_complexes,n_hbonds,n_hydrophobic_contacts,n_pi_stacking,n_salt_bridges,n_water_bridges,n_halogen_bonds
CONTROL_crystal,1,-6.913,ok,1,1,0,1,4,6,1,0,0,0,1
CONTROL_crystal,2,-6.911,ok,1,1,0,1,4,6,1,0,0,0,0
CONTROL_crystal,3,-6.91,ok,1,1,0,1,4,7,1,0,0,0,1
CONTROL_crystal,4,-6.905,ok,1,1,0,1,4,7,1,0,0,0,0
gen_00001,1,-7.572,ok,1,0,0,1,4,6,2,0,0,0,0
gen_00001,2,-7.568,ok,1,0,0,1,4,6,2,0,0,0,0
gen_00001,3,-7.556,ok,1,0,0,1,4,6,2,0,0,0,0
gen_00001,4,-7.523,ok,1,0,1,1,4,6,3,0,0,0,0
gen_00001,5,-7.515,ok,1,0,0,1,5,3,3,0,1,0,0
gen_00001,6,-7.51,ok,1,0,0,0,4,7,1,1,0,0,0
gen_00001,7,-7.508,ok,1,0,1,1,4,6,3,0,0,0,0
gen_00001,8,-7.508,ok,1,0,0,1,5,3,3,0,1,0,0
gen_00002,1,-7.543,ok,1,0,0,1,4,6,1,0,0,0,0
gen_00002,2,-7.52,ok,1,0,0,1,4,5,2,0,0,0,0
gen_00002,3,-7.466,ok,1,0,0,1,4,6,2,0,0,0,0
gen_00003,1,-6.77,ok,1,0,0,1,5,3,1,1,0,0,0
gen_00003,2,-6.696,ok,1,0,0,1,4,5,2,1,0,0,1
gen_00004,1,-7.903,ok,1,0,1,0,4,6,3,1,0,0,0
gen_00004,2,-7.899,ok,1,0,1,0,4,6,3,1,0,0,0
gen_00004,3,-7.896,ok,1,0,1,0,4,6,3,1,0,0,0
gen_00004,4,-7.715,ok,1,0,0,1,5,3,3,0,0,0,0
gen_00004,5,-7.647,ok,1,0,0,1,5,3,3,0,0,0,0
gen_00004,6,-7.64,ok,1,0,0,1,5,3,3,0,0,0,0
gen_00005,1,-7.182,ok,1,0,1,1,4,7,1,0,0,0,0
gen_00005,2,-7.146,ok,1,0,1,1,4,8,2,0,0,0,0
gen_00005,3,-7.136,ok,1,0,1,1,4,9,1,0,0,0,0
gen_00005,4,-7.132,ok,1,0,1,1,4,7,1,0,0,0,0
gen_00005,5,-7.131,ok,1,0,1,1,4,7,1,0,0,0,0
gen_00005,6,-7.07,ok,1,0,1,1,4,7,1,0,0,0,0
gen_00006,1,-7.759,ok,1,0,0,1,4,6,2,0,0,0,0
gen_00006,2,-7.741,ok,1,0,0,1,4,7,3,0,0,0,0
gen_00006,3,-7.65,ok,1,0,0,1,4,6,2,0,0,0,0
gen_00006,4,-7.645,ok,1,0,0,1,4,6,3,0,0,0,0
gen_00007,1,-7.059,ok,1,0,0,1,4,6,2,1,0,0,0
gen_00007,2,-6.968,ok,1,0,0,1,4,5,3,1,0,0,0
gen_00007,3,-6.915,ok,1,0,0,1,4,5,2,1,0,0,0
gen_00008,1,-7.365,ok,1,0,0,1,4,6,3,0,0,0,0
gen_00008,2,-7.347,ok,1,0,0,1,4,6,1,0,0,0,0
gen_00009,1,-7.986,ok,1,0,1,1,4,6,4,0,0,0,0
gen_00009,2,-7.928,ok,1,0,1,1,4,6,4,0,0,0,0
gen_00010,1,-6.684,ok,1,0,0,1,4,6,1,1,0,0,0
gen_00010,2,-6.683,ok,1,0,0,1,4,5,1,1,0,0,0
gen_00010,3,-6.662,ok,1,0,0,1,4,6,1,1,0,0,0
gen_00010,4,-6.569,ok,1,0,0,1,4,5,1,1,0,0,0
gen_00011,1,-6.687,ok,0,0,0,1,3,5,2,0,0,0,0
gen_00012,1,-7.18,ok,1,0,1,0,4,6,0,1,0,0,0
gen_00012,2,-7.178,ok,1,0,1,0,4,7,0,1,0,0,0
gen_00012,3,-7.16,ok,1,0,0,1,4,4,3,0,1,0,0
gen_00013,1,-7.3,ok,1,0,1,1,5,3,4,0,0,0,0
gen_00013,2,-7.286,ok,1,0,1,1,5,3,4,0,0,0,0
gen_00013,3,-7.276,ok,1,0,0,1,4,6,1,1,0,0,0
gen_00013,4,-7.256,ok,1,0,0,1,4,6,1,1,0,0,0
gen_00013,5,-7.11,ok,0,0,1,1,3,4,4,0,0,0,0
gen_00014,1,-7.675,ok,1,0,0,1,4,6,1,0,0,0,0
gen_00014,2,-7.668,ok,1,0,0,1,4,5,1,0,0,0,0
gen_00014,3,-7.668,ok,1,0,0,1,4,5,1,0,0,0,0
gen_00014,4,-7.647,ok,1,0,0,1,4,5,1,0,0,0,0
gen_00014,5,-7.634,ok,1,0,0,1,4,5,1,0,0,0,0
gen_00014,6,-7.621,ok,1,0,0,1,4,5,1,0,0,0,0
gen_00015,1,-7.763,ok,1,1,1,1,4,7,2,0,0,0,0
gen_00015,2,-7.756,ok,1,1,1,1,4,7,2,0,0,0,0
gen_00015,3,-7.711,ok,1,1,1,1,4,7,2,0,0,0,0
gen_00016,1,-7.69,ok,0,1,0,1,3,6,4,0,0,0,0
gen_00016,2,-7.528,ok,0,1,0,1,3,6,4,0,0,0,0
gen_00016,3,-7.446,ok,0,1,1,1,3,7,5,0,0,0,0
gen_00017,1,-7.827,ok,0,0,0,1,3,5,3,0,0,0,0
gen_00017,2,-7.774,ok,1,0,0,1,4,6,3,0,1,0,0
gen_00017,3,-7.769,ok,1,0,0,1,4,6,3,0,1,0,0
gen_00017,4,-7.763,ok,1,0,0,1,4,6,3,0,1,0,0
gen_00017,5,-7.762,ok,1,0,0,1,4,6,3,0,1,0,0
gen_00018,1,-7.551,ok,1,0,0,1,4,5,3,2,0,0,0
gen_00018,2,-7.524,ok,1,0,0,1,4,5,2,2,0,0,0
gen_00018,3,-7.519,ok,1,0,0,1,4,5,4,0,0,0,0
gen_00018,4,-7.502,ok,1,0,0,1,4,6,4,0,0,0,0
gen_00018,5,-7.499,ok,1,0,0,1,4,6,4,0,0,0,0
gen_00018,6,-7.491,ok,1,0,0,1,4,5,2,2,0,0,0
gen_00018,7,-7.479,ok,1,0,0,1,4,5,3,2,0,0,0
gen_00018,8,-7.465,ok,1,0,0,1,4,5,4,0,0,0,0
gen_00018,9,-7.451,ok,1,0,0,1,4,5,4,0,0,0,0
gen_00018,10,-7.375,ok,1,0,0,1,4,6,4,0,0,0,0
gen_00019,1,-8.205,ok,0,0,0,1,3,2,3,0,0,0,1
gen_00019,2,-8.198,ok,0,0,0,1,3,1,3,0,0,0,0
gen_00019,3,-8.184,ok,0,0,0,1,3,1,3,0,0,0,0
gen_00019,4,-8.149,ok,0,0,0,1,0,1,2,0,0,0,1
gen_00019,5,-8.125,ok,0,0,0,1,3,1,3,0,0,0,0
gen_00019,6,-8.079,ok,0,0,0,1,0,1,2,0,0,0,1
gen_00020,1,-7.276,ok,1,0,0,1,4,6,2,1,0,0,0
gen_00021,1,-6.902,ok,1,0,0,1,4,7,2,0,0,0,0
gen_00022,1,-6.492,ok,1,0,0,1,4,6,4,0,0,0,0
gen_00022,2,-6.483,ok,1,0,0,1,4,6,4,0,0,0,0
gen_00022,3,-6.48,ok,1,0,0,1,4,6,3,0,0,0,0
gen_00023,1,-6.499,ok,1,1,0,1,4,6,2,0,0,0,0
gen_00023,2,-6.49,ok,1,1,0,1,4,7,2,0,0,0,0
gen_00023,3,-6.448,ok,1,1,0,1,4,6,2,0,0,0,0
gen_00024,1,-7.715,ok,1,0,0,1,5,4,3,0,0,0,0
gen_00024,2,-7.684,ok,1,0,0,1,5,4,2,0,0,0,0
gen_00024,3,-7.664,ok,1,0,0,1,5,4,3,0,0,0,0
gen_00024,4,-7.649,ok,1,0,0,1,5,4,2,0,0,0,0
gen_00024,5,-7.567,ok,1,0,0,1,5,3,5,0,0,0,1
gen_00024,6,-7.554,ok,1,0,0,1,5,3,5,0,0,0,1
gen_00024,7,-7.495,ok,1,0,0,1,5,3,4,0,0,0,1
gen_00025,1,-7.707,ok,1,0,1,1,4,5,3,0,0,0,0
gen_00025,2,-7.706,ok,1,0,1,1,4,5,3,0,0,0,0
gen_00025,3,-7.702,ok,1,0,1,1,4,5,3,0,0,0,0
gen_00025,4,-7.68,ok,1,0,1,1,4,5,3,0,0,0,0
gen_00025,5,-7.679,ok,1,0,1,1,4,5,3,0,0,0,0
gen_00025,6,-7.675,ok,1,0,1,1,4,5,3,0,0,0,0
gen_00026,1,-7.132,ok,1,0,0,0,4,6,1,0,0,0,0
gen_00026,2,-7.118,ok,1,0,0,0,4,6,1,0,0,0,0
gen_00027,1,-8.469,ok,1,0,0,1,4,6,2,0,0,0,1
gen_00027,2,-8.432,ok,1,0,0,1,4,7,1,0,0,0,1
gen_00028,1,-7.011,ok,1,0,0,0,4,6,1,2,0,0,0
gen_00028,2,-6.987,ok,1,0,0,0,4,6,1,2,0,0,0
gen_00028,3,-6.958,ok,1,0,0,0,4,7,1,2,0,0,0
gen_00029,1,-6.712,ok,1,0,0,1,4,6,3,0,0,0,0
gen_00029,2,-6.662,ok,1,0,0,1,4,6,3,0,0,0,0
gen_00029,3,-6.648,ok,1,0,0,1,4,5,3,0,0,0,0
gen_00029,4,-6.619,ok,1,0,0,1,4,6,3,0,0,0,0
gen_00030,1,-8.181,ok,1,0,0,1,4,6,5,0,0,0,0
gen_00030,2,-8.115,ok,1,0,1,0,4,6,3,0,0,0,0
gen_00030,3,-8.08,ok,1,0,1,0,4,6,3,0,0,0,0
gen_00030,4,-8.065,ok,1,0,0,1,4,6,4,0,0,0,0
gen_00030,5,-8.061,ok,0,0,0,1,3,5,5,0,0,0,0
gen_00030,6,-8.05,ok,1,0,0,1,4,5,5,0,0,0,0
gen_00030,7,-7.896,ok,1,0,1,0,4,5,3,0,0,0,0
gen_00031,1,-7.183,ok,1,0,0,1,4,4,3,0,0,0,0
gen_00031,2,-7.153,ok,1,0,0,1,4,5,3,0,0,0,0
gen_00032,1,-7.763,ok,1,0,1,1,4,6,4,0,0,0,0
gen_00032,2,-7.757,ok,1,0,1,1,4,7,3,0,0,0,0
gen_00032,3,-7.626,ok,1,0,0,1,4,5,3,0,0,0,0
gen_00032,4,-7.321,ok,0,1,0,1,0,2,4,0,1,0,0
gen_00033,1,-7.214,ok,1,0,0,1,5,4,2,0,0,0,1
gen_00033,2,-7.178,ok,0,0,0,1,3,5,3,0,0,0,0
gen_00033,3,-7.118,ok,1,0,0,1,5,3,2,0,0,0,0
gen_00033,4,-7.117,ok,1,0,0,1,5,4,2,0,0,0,0
gen_00033,5,-7.036,ok,1,0,0,1,5,2,2,0,0,0,0
gen_00033,6,-6.955,ok,1,0,1,0,4,0,0,0,0,0,1
gen_00034,1,-7.329,ok,0,0,1,1,3,6,3,0,0,0,0
gen_00035,1,-8.149,ok,1,0,0,1,4,6,3,0,0,0,0
gen_00035,2,-8.129,ok,1,0,0,1,4,7,4,1,0,0,0
gen_00035,3,-8.094,ok,1,0,0,1,4,6,4,0,0,0,0
gen_00036,1,-7.49,ok,1,0,1,0,4,4,2,0,0,0,0
gen_00036,2,-7.317,ok,1,0,1,1,5,3,4,0,0,0,0
gen_00036,3,-7.284,ok,1,0,1,0,4,4,1,0,0,0,0
gen_00036,4,-7.276,ok,0,0,1,1,3,6,5,0,0,0,0
gen_00036,5,-7.274,ok,1,0,1,1,4,3,5,0,0,0,0
gen_00036,6,-7.267,ok,1,0,1,0,4,3,1,0,0,0,0
gen_00036,7,-7.231,ok,1,0,1,1,5,3,3,0,0,0,0
gen_00036,8,-7.19,ok,1,0,1,1,5,3,5,0,0,0,0
gen_00036,9,-7.07,ok,1,0,1,1,5,3,5,0,0,0,0
gen_00036,10,-7.037,ok,1,0,0,1,4,3,1,0,0,0,0
gen_00037,1,-7.271,ok,1,0,1,0,4,1,2,2,0,0,0
gen_00037,2,-7.164,ok,1,0,1,0,5,2,2,2,0,0,0
gen_00037,3,-7.147,ok,1,0,1,0,4,0,2,2,0,0,0
gen_00037,4,-7.124,ok,1,0,1,0,4,1,2,2,0,0,0
gen_00037,5,-7.118,ok,1,0,1,0,4,0,2,2,0,0,0
gen_00037,6,-7.113,ok,1,0,1,0,4,1,2,2,0,0,0
gen_00038,1,-7.727,ok,1,0,1,1,4,5,1,2,0,0,0
gen_00038,2,-7.724,ok,1,0,1,1,4,5,1,2,0,0,0
gen_00039,1,-8.147,ok,1,1,0,1,4,7,4,0,1,0,0
gen_00040,1,-7.104,ok,0,0,0,1,3,7,3,0,0,0,0
gen_00040,2,-7.089,ok,0,0,0,1,3,6,3,0,0,0,0
gen_00041,1,-7.239,ok,1,0,1,1,4,5,3,0,0,0,0
gen_00041,2,-7.232,ok,1,0,1,1,4,5,3,0,0,0,0
gen_00041,3,-7.228,ok,1,0,1,1,4,4,3,0,0,0,0
gen_00041,4,-7.223,ok,1,0,1,1,4,5,3,0,0,0,0
gen_00042,1,-7.283,ok,1,0,0,1,4,6,1,1,0,0,0
gen_00043,1,-7.233,ok,1,0,0,0,4,6,1,0,0,0,0
gen_00043,2,-7.208,ok,1,0,0,0,4,6,0,0,0,0,1
gen_00043,3,-7.204,ok,1,0,0,0,4,6,1,0,0,0,0
gen_00043,4,-7.193,ok,1,0,0,0,4,6,1,0,0,0,0
gen_00044,1,-6.939,ok,1,0,1,1,4,6,1,1,0,0,0
gen_00044,2,-6.937,ok,1,0,1,1,4,7,4,0,0,0,0
gen_00044,3,-6.919,ok,1,0,1,1,4,7,1,1,0,0,0
gen_00044,4,-6.912,ok,1,0,0,1,4,6,2,1,0,0,0
gen_00044,5,-6.894,ok,1,0,1,1,4,5,4,1,0,0,0
gen_00044,6,-6.842,ok,1,0,1,1,4,6,5,1,0,0,0
gen_00044,7,-6.835,ok,1,0,1,1,4,6,1,1,0,0,0
gen_00044,8,-6.79,ok,1,0,0,1,4,6,3,0,0,0,0
gen_00044,9,-6.778,ok,1,0,0,1,4,6,3,0,0,0,0
gen_00044,10,-6.749,ok,1,0,1,1,4,3,3,0,0,0,0
gen_00044,11,-6.714,ok,1,0,1,0,4,6,5,0,0,0,0
gen_00044,12,-6.598,ok,1,0,0,1,4,0,2,0,0,0,0
gen_00045,1,-8.087,ok,1,0,1,1,4,7,1,0,0,0,0
gen_00045,2,-8.063,ok,1,0,1,1,4,7,1,0,0,0,0
gen_00045,3,-8.032,ok,1,0,1,1,4,7,1,0,0,0,0
gen_00045,4,-7.997,ok,0,0,1,1,0,4,1,0,0,0,2
gen_00045,5,-7.892,ok,0,0,1,1,0,4,1,0,0,0,2
gen_00046,1,-7.891,ok,1,0,0,1,4,0,2,0,1,0,0
gen_00046,2,-7.877,ok,1,0,0,1,4,0,2,0,1,0,0
gen_00046,3,-7.856,ok,1,0,0,1,4,0,2,0,1,0,0
gen_00046,4,-7.843,ok,1,0,0,1,4,0,2,0,1,0,0
gen_00047,1,-7.623,ok,1,1,0,1,4,7,2,0,0,0,0
gen_00048,1,-7.143,ok,1,0,1,1,4,6,3,0,0,0,0
gen_00049,1,-7.26,ok,1,0,0,1,4,5,2,0,0,0,0
gen_00049,2,-7.127,ok,0,0,0,1,0,5,7,0,0,0,1
gen_00049,3,-7.109,ok,1,0,0,1,4,6,2,0,0,0,0
gen_00049,4,-7.107,ok,0,0,0,1,0,2,4,0,0,0,0
gen_00049,5,-7.062,ok,0,0,0,1,0,3,5,0,0,0,0
gen_00050,1,-7.289,ok,1,0,0,1,4,5,2,0,0,0,0
gen_00050,2,-7.199,ok,1,0,0,1,4,6,2,0,0,0,0
gen_00051,1,-8.414,ok,1,0,0,0,4,6,2,0,0,0,0
gen_00051,2,-8.407,ok,1,0,0,1,4,7,2,0,0,0,0
gen_00051,3,-8.398,ok,1,0,0,1,4,7,2,0,0,0,0
gen_00051,4,-8.395,ok,1,0,0,1,4,7,2,0,0,0,0
gen_00052,1,-7.483,ok,1,1,1,0,4,6,0,1,0,0,0
gen_00052,2,-7.407,ok,1,0,0,1,4,5,2,2,1,0,0
gen_00052,3,-7.405,ok,1,0,0,1,4,5,2,2,1,0,0
gen_00052,4,-7.358,ok,1,1,1,0,4,6,0,1,0,0,0
gen_00052,5,-0.948,ok,1,1,1,0,4,6,1,0,0,0,0
gen_00053,1,-8.592,ok,1,0,0,1,4,5,2,0,0,0,1
gen_00053,2,-8.57,ok,1,0,0,1,4,5,2,0,0,0,1
gen_00053,3,-8.561,ok,1,0,0,1,4,6,2,0,0,0,0
gen_00053,4,-8.541,ok,1,0,0,1,4,5,2,0,0,0,0
gen_00053,5,-8.536,ok,1,0,0,1,4,6,2,0,0,0,0
gen_00053,6,-8.521,ok,1,0,0,1,4,6,2,0,0,0,0
gen_00053,7,-8.521,ok,1,0,0,1,4,5,2,0,0,0,0
gen_00053,8,-8.512,ok,1,0,0,1,4,5,2,0,0,0,1
gen_00053,9,-8.5,ok,1,0,0,1,4,6,2,0,0,0,1
gen_00053,10,-8.499,ok,1,0,0,1,4,6,2,0,0,0,1
gen_00053,11,-8.485,ok,1,0,0,1,4,5,2,0,0,0,1
gen_00053,12,-8.462,ok,1,0,0,1,4,5,2,0,0,0,1
gen_00054,1,-7.537,ok,0,0,0,1,3,6,2,0,0,0,0
gen_00054,2,-7.525,ok,0,0,0,1,3,6,2,0,0,0,0
gen_00054,3,-7.518,ok,0,0,0,1,3,6,2,0,0,0,0
gen_00054,4,-7.513,ok,0,0,0,1,3,6,2,0,0,0,0
gen_00054,5,-7.507,ok,0,0,0,1,3,6,2,0,0,0,0
gen_00054,6,-7.475,ok,0,0,0,1,3,6,2,0,0,0,0
gen_00054,7,-7.439,ok,1,0,0,0,4,5,0,0,0,0,0
gen_00055,1,-7.742,ok,0,0,1,1,3,5,3,0,0,0,0
gen_00055,2,-7.702,ok,1,0,1,1,4,6,3,0,1,0,0
gen_00055,3,-7.688,ok,0,0,1,1,3,5,3,0,0,0,0
gen_00055,4,-7.683,ok,1,0,1,1,4,6,3,0,1,0,0
gen_00055,5,-7.672,ok,1,0,1,1,4,5,3,0,0,0,0
gen_00055,6,-7.651,ok,1,0,1,1,4,5,4,0,0,0,0
gen_00055,7,-7.642,ok,1,0,1,1,4,5,3,0,1,0,0
gen_00055,8,-7.553,ok,1,0,1,1,4,6,4,0,1,0,0
gen_00056,1,-6.856,ok,1,0,1,0,4,5,2,0,0,0,1
gen_00056,2,-6.768,ok,1,0,1,0,4,5,2,0,0,0,1
gen_00056,3,-6.697,ok,1,0,1,1,4,6,3,0,0,0,1
gen_00056,4,-6.684,ok,1,0,1,1,4,6,2,0,0,0,1
gen_00056,5,-6.673,ok,1,0,1,1,4,7,1,0,0,0,0
gen_00056,6,-6.661,ok,1,0,1,1,4,7,2,0,0,0,1
gen_00056,7,-6.659,ok,1,0,1,1,4,6,1,0,0,0,0
gen_00056,8,-6.649,ok,1,0,1,1,4,7,1,0,0,0,0
gen_00056,9,-6.63,ok,1,0,1,1,4,8,2,0,0,0,1
gen_00056,10,-6.629,ok,1,0,1,1,4,7,1,0,0,0,0
gen_00056,11,-6.602,ok,1,0,1,1,4,7,2,0,0,0,1
gen_00057,1,-7.688,ok,1,0,0,1,4,0,3,0,1,0,0
gen_00057,2,-7.525,ok,1,0,0,1,4,0,4,0,0,0,0
gen_00057,3,-7.458,ok,1,0,0,0,5,3,3,0,0,0,0
gen_00058,1,-7.479,ok,1,0,0,1,4,5,2,0,0,0,0
gen_00058,2,-7.405,ok,1,0,0,1,4,5,2,0,0,0,0
gen_00058,3,-7.338,ok,1,0,0,1,4,5,2,0,0,0,0
gen_00058,4,-7.322,ok,1,0,0,1,4,5,2,0,0,0,0
gen_00059,1,-7.412,ok,1,0,0,1,4,6,3,0,0,0,0
gen_00060,1,-7.574,ok,1,0,0,1,4,6,1,0,0,0,0
gen_00060,2,-7.559,ok,1,0,0,1,4,6,2,0,0,0,0
gen_00060,3,-7.558,ok,1,0,0,1,4,6,2,0,0,0,0
gen_00060,4,-7.536,ok,1,0,0,1,4,6,2,0,0,0,0
gen_00061,1,-8.18,ok,1,0,0,1,5,5,3,0,1,0,0
gen_00061,2,-8.16,ok,1,0,0,1,5,5,3,0,1,0,0
gen_00061,3,-8.097,ok,1,0,0,1,5,6,3,0,1,0,0
gen_00061,4,-7.886,ok,1,0,0,1,4,2,4,0,1,0,0
gen_00061,5,-7.885,ok,1,0,0,1,4,3,4,0,1,0,0
gen_00061,6,-7.807,ok,1,0,0,1,4,2,2,0,0,0,0
gen_00062,1,-6.795,ok,1,0,1,1,4,5,4,0,0,0,0
gen_00062,2,-6.69,ok,1,0,1,1,4,5,3,1,0,0,0
gen_00063,1,-7.497,ok,1,0,0,1,5,1,2,0,0,0,0
gen_00063,2,-7.484,ok,1,0,0,1,5,1,3,0,0,0,0
gen_00064,1,-7.32,ok,0,0,0,1,3,5,4,0,0,0,0
gen_00064,2,-7.269,ok,0,0,0,1,3,5,4,0,0,0,0
gen_00064,3,-7.228,ok,1,0,0,1,4,0,4,0,0,0,0
gen_00064,4,-7.225,ok,0,0,0,1,3,5,4,0,0,0,0
gen_00064,5,-7.217,ok,0,0,0,1,3,5,4,0,0,0,0
gen_00064,6,-7.108,ok,1,0,0,1,4,4,4,0,0,0,0
gen_00065,1,-7.795,ok,1,0,0,1,5,5,2,0,0,0,0
gen_00065,2,-7.785,ok,1,0,0,1,4,5,2,1,0,0,0
gen_00065,3,-7.71,ok,1,0,0,1,4,5,2,0,0,0,0
gen_00065,4,-7.691,ok,1,0,0,1,5,5,3,0,0,0,0
gen_00065,5,-7.686,ok,1,0,0,1,5,5,3,0,0,0,0
gen_00065,6,-7.407,ok,1,0,0,1,4,7,2,1,0,0,0
gen_00065,7,-7.17,ok,1,0,1,1,4,4,4,0,2,0,0
gen_00066,1,-6.874,ok,1,0,1,0,4,5,1,0,0,0,1
gen_00067,1,-8.232,ok,0,0,0,1,3,6,4,0,0,0,0
gen_00068,1,-8.077,ok,1,0,1,1,4,5,4,0,0,0,0
gen_00068,2,-8.074,ok,1,0,1,1,4,5,4,0,0,0,0
gen_00068,3,-8.06,ok,1,0,1,1,4,5,4,0,0,0,0
gen_00068,4,-8.056,ok,1,0,1,1,4,5,4,0,0,0,0
gen_00068,5,-8.031,ok,1,0,1,1,4,5,4,0,0,0,0
gen_00069,1,-7.167,ok,1,0,1,0,4,4,1,0,0,0,0
gen_00069,2,-7.114,ok,1,0,1,0,4,3,1,0,0,0,0
gen_00069,3,-7.029,ok,1,0,0,1,4,5,3,0,0,0,0
gen_00069,4,-7.016,ok,1,0,0,1,4,5,3,0,0,0,0
gen_00070,1,-6.898,ok,1,0,1,1,4,5,3,0,0,0,0
gen_00070,2,-6.885,ok,1,0,1,1,4,5,2,0,0,0,0
gen_00071,1,-7.244,ok,1,0,1,0,4,5,2,0,0,0,0
gen_00071,2,-7.22,ok,1,0,1,0,4,5,2,0,0,0,0
gen_00071,3,-7.16,ok,1,0,1,0,4,5,2,0,0,0,0
gen_00072,1,-7.553,ok,1,0,0,1,4,5,2,0,0,0,1
gen_00072,2,-7.495,ok,1,0,0,1,4,6,2,0,0,0,0
gen_00072,3,-7.494,ok,1,0,1,1,4,5,3,0,0,0,0
gen_00072,4,-7.465,ok,1,0,1,1,4,6,3,0,0,0,0
gen_00072,5,-7.438,ok,1,0,0,1,4,5,4,0,0,0,1
gen_00072,6,-7.403,ok,1,0,0,1,4,6,4,0,0,0,1
gen_00072,7,-7.306,ok,1,0,1,1,4,6,3,0,0,0,0
gen_00073,1,-6.257,ok,0,0,0,0,0,0,1,0,0,0,2
gen_00073,2,-6.241,ok,0,0,0,1,3,3,3,0,0,0,2
gen_00073,3,-6.095,ok,0,0,0,1,0,0,3,0,0,0,0
gen_00074,1,-7.839,ok,0,1,0,1,0,6,1,1,0,0,0
gen_00074,2,-7.791,ok,0,1,0,1,0,6,2,1,0,0,0
gen_00074,3,-7.717,ok,0,0,0,1,3,5,4,0,0,0,0
gen_00075,1,-7.803,ok,1,0,0,1,4,4,4,0,0,0,0
gen_00075,2,-7.743,ok,1,0,0,1,4,5,4,0,0,0,0
gen_00076,1,-6.593,ok,1,0,0,1,4,2,3,0,0,0,0
gen_00076,2,-6.509,ok,0,0,0,1,3,0,3,0,0,0,0
gen_00076,3,-6.508,ok,0,0,0,1,3,0,3,0,0,0,0
gen_00077,1,-6.728,ok,1,0,0,1,5,4,2,0,0,0,0
gen_00077,2,-6.655,ok,1,0,0,1,5,4,2,0,0,0,0
gen_00077,3,-6.594,ok,1,0,0,1,5,4,2,0,0,0,0
gen_00078,1,-7.325,ok,1,0,1,1,4,7,2,0,0,0,0
gen_00079,1,-7.669,ok,1,0,0,1,5,3,6,0,0,0,0
gen_00079,2,-7.657,ok,1,0,0,1,5,3,6,0,0,0,0
gen_00079,3,-7.634,ok,1,0,0,1,5,3,6,0,0,0,0
gen_00079,4,-7.63,ok,1,0,0,1,5,3,5,0,0,0,0
gen_00079,5,-7.582,ok,1,0,0,1,5,3,5,0,0,0,0
gen_00079,6,-7.561,ok,1,0,0,1,5,3,5,0,0,0,0
gen_00079,7,-7.154,ok,0,0,0,1,0,1,4,0,0,0,0
gen_00080,1,-6.757,ok,1,0,0,1,4,5,2,0,1,0,0
gen_00080,2,-6.745,ok,1,0,0,1,4,6,3,0,1,0,0
gen_00080,3,-6.703,ok,1,0,0,1,4,6,2,0,1,0,0
gen_00080,4,-6.685,ok,1,0,0,1,4,6,2,0,1,0,0
gen_00080,5,-6.679,ok,1,0,0,1,4,6,3,0,1,0,0
gen_00080,6,-6.651,ok,1,0,0,1,4,5,3,0,1,0,0
gen_00080,7,-6.64,ok,1,0,0,1,4,5,1,0,0,0,0
gen_00080,8,-6.605,ok,1,0,0,1,4,6,2,0,0,0,0
gen_00080,9,-6.604,ok,1,1,0,1,4,6,3,0,1,0,0
gen_00081,1,-7.101,ok,1,0,1,0,4,9,1,1,0,0,0
gen_00081,2,-7.02,ok,1,0,0,1,4,7,1,1,0,0,0
gen_00081,3,-6.981,ok,1,0,0,1,4,6,4,0,0,0,0
gen_00082,1,-8.763,ok,1,0,1,1,4,4,2,1,0,0,0
gen_00082,2,-8.762,ok,1,0,1,1,4,5,2,1,0,0,0
gen_00082,3,-8.757,ok,1,0,1,1,4,5,2,1,0,0,0
gen_00083,1,-7.016,ok,1,0,0,1,4,6,2,0,0,0,0
gen_00083,2,-6.993,ok,1,0,0,1,4,6,1,0,0,0,0
gen_00083,3,-6.927,ok,1,0,0,1,4,6,1,0,0,0,0
gen_00083,4,-6.922,ok,1,0,0,1,4,5,2,0,0,0,0
gen_00083,5,-6.915,ok,1,0,0,1,4,5,2,0,0,0,0
gen_00084,1,-7.201,ok,1,0,1,1,4,7,3,0,0,0,0
gen_00084,2,-7.2,ok,1,0,1,1,4,7,3,0,0,0,0
gen_00084,3,-7.182,ok,1,0,1,1,4,7,4,0,0,0,0
gen_00084,4,-7.181,ok,1,0,1,1,4,7,3,0,0,0,0
gen_00084,5,-7.169,ok,1,0,1,1,4,7,3,0,0,0,0
gen_00084,6,-7.158,ok,1,0,1,1,4,7,3,0,0,0,0
gen_00084,7,-7.152,ok,1,0,1,1,4,7,3,0,0,0,0
gen_00085,1,-7.036,ok,1,0,1,0,4,7,1,0,0,0,0
gen_00085,2,-7.035,ok,0,0,1,1,0,2,3,0,0,0,0
gen_00085,3,-7.011,ok,1,0,1,0,4,7,1,0,0,0,0
gen_00086,1,-7.094,ok,0,0,0,1,3,1,1,0,0,0,0
gen_00086,2,-7.093,ok,0,0,0,1,3,1,1,0,0,0,0
gen_00086,3,-7.077,ok,0,0,0,1,3,1,1,0,0,0,0
gen_00086,4,-6.993,ok,0,0,0,1,3,1,1,0,0,0,0
gen_00086,5,-6.968,ok,0,0,0,0,3,1,0,1,0,0,0
gen_00087,1,-7.676,ok,0,0,0,1,3,5,4,0,2,0,0
gen_00087,2,-7.641,ok,0,0,0,1,0,5,3,0,2,0,0
gen_00087,3,-7.582,ok,0,0,0,1,0,4,3,0,2,0,0
gen_00087,4,-7.558,ok,0,0,0,1,3,5,3,0,2,0,0
gen_00087,5,-7.554,ok,0,0,0,1,3,5,3,0,2,0,0
gen_00087,6,-7.522,ok,0,0,0,1,0,5,3,0,2,0,0
gen_00087,7,-7.521,ok,0,0,0,1,3,6,5,0,2,0,0
gen_00088,1,-8.217,ok,1,0,0,1,4,2,3,0,0,0,0
gen_00088,2,-8.189,ok,1,0,0,1,4,2,2,0,0,0,0
gen_00088,3,-8.092,ok,1,0,0,1,4,2,3,0,0,0,0
gen_00088,4,-8.057,ok,1,0,0,1,4,2,3,0,0,0,0
gen_00088,5,-8.042,ok,1,0,0,1,4,2,3,0,0,0,0
gen_00088,6,-8.006,ok,1,0,0,1,4,3,2,0,0,0,0
gen_00088,7,-7.983,ok,1,0,0,1,4,2,1,0,0,0,0
gen_00088,8,-7.505,ok,0,0,0,1,3,4,2,0,0,0,0
gen_00089,1,-7.494,ok,1,0,1,1,4,5,3,0,0,0,0
gen_00089,2,-7.486,ok,1,0,1,1,4,5,3,0,0,0,0
gen_00090,1,-171.762,ok,0,0,0,0,0,0,0,0,0,0,0
gen_00090,2,-162.217,ok,0,0,1,0,0,0,2,0,0,0,0
gen_00091,1,-7.716,ok,0,0,1,1,3,7,4,0,0,0,0
gen_00091,2,-7.694,ok,0,0,1,1,3,7,4,0,0,0,0
gen_00092,1,-7.058,ok,1,0,1,1,4,6,4,0,0,0,0
gen_00092,2,-7.018,ok,1,0,1,1,4,5,4,0,0,0,0
gen_00092,3,-7.01,ok,1,0,1,1,4,6,4,0,0,0,0
gen_00092,4,-7.004,ok,1,0,0,1,4,5,3,0,0,0,0
gen_00092,5,-6.92,ok,0,0,1,1,3,6,4,0,0,0,0
gen_00093,1,-7.521,ok,0,0,0,1,0,2,3,0,0,0,0
gen_00093,2,-7.109,ok,0,0,1,1,3,4,3,1,0,0,0
gen_00094,1,-7.479,ok,1,0,0,1,5,5,1,0,0,0,0
gen_00094,2,-7.431,ok,1,0,0,1,5,5,1,0,0,0,0
gen_00094,3,-7.43,ok,1,0,0,1,5,4,1,0,0,0,0
gen_00094,4,-7.319,ok,0,0,1,1,0,6,4,0,0,0,0
gen_00095,1,-6.874,ok,1,0,0,1,4,7,1,0,0,0,0
gen_00095,2,-6.867,ok,1,0,0,1,4,6,1,0,0,0,0
gen_00096,1,-8.285,ok,1,0,1,1,4,5,3,0,0,0,0
gen_00096,2,-8.231,ok,1,0,1,1,4,5,3,0,0,0,0
gen_00096,3,-8.104,ok,0,1,1,0,0,4,2,1,0,0,0
gen_00096,4,-8.085,ok,0,0,1,0,3,4,2,1,0,0,0
gen_00097,1,-7.346,ok,1,0,0,1,4,5,3,1,0,0,2
gen_00097,2,-7.312,ok,1,0,0,1,4,5,2,2,0,0,0
gen_00097,3,-7.311,ok,1,0,0,1,4,5,2,2,0,0,0
gen_00097,4,-7.221,ok,1,0,0,1,4,5,3,2,0,0,2
gen_00098,1,-6.851,ok,1,0,1,1,4,5,2,0,0,0,0
gen_00099,1,-7.25,ok,1,0,0,1,4,5,2,0,0,0,0
gen_00100,1,-7.263,ok,1,0,0,1,4,5,4,0,0,0,0
gen_00100,2,-7.262,ok,1,0,0,1,4,5,2,1,0,0,2
gen_00100,3,-7.214,ok,1,0,0,1,4,6,2,1,0,0,2
gen_00101,1,-7.733,ok,0,0,1,1,3,7,1,0,0,0,0
gen_00101,2,-7.647,ok,0,0,1,1,3,8,1,0,0,0,0
gen_00101,3,-7.503,ok,1,0,0,1,4,4,4,0,0,0,0
gen_00101,4,-7.42,ok,1,0,1,1,4,7,2,0,0,0,0
gen_00101,5,-7.42,ok,1,1,0,1,4,7,3,0,0,0,0
gen_00101,6,-7.41,ok,1,0,1,1,4,7,2,0,0,0,1
gen_00101,7,-7.236,ok,0,0,0,1,0,3,6,0,0,0,0
gen_00101,8,-7.212,ok,0,0,0,1,0,2,6,0,0,0,0
gen_00102,1,-7.871,ok,0,0,0,1,3,3,3,0,0,0,0
gen_00103,1,-7.376,ok,1,0,1,1,4,8,3,0,0,0,0
gen_00103,2,-7.321,ok,1,0,1,1,4,8,5,0,0,0,0
gen_00103,3,-7.19,ok,1,0,1,1,4,8,3,0,0,0,0
gen_00104,1,-7.388,ok,1,0,0,1,4,1,2,0,0,0,0
gen_00104,2,-7.376,ok,1,0,0,1,4,1,3,0,0,0,0
gen_00104,3,-7.373,ok,1,0,0,1,4,1,3,0,0,0,0
gen_00105,1,-7.571,ok,1,0,1,1,4,1,2,0,0,0,0
gen_00105,2,-7.557,ok,1,0,1,1,4,1,2,0,0,0,0
gen_00105,3,-7.161,ok,1,0,0,1,4,5,1,1,0,0,0
gen_00106,1,-8.269,ok,1,0,0,1,4,6,4,0,0,0,0
gen_00106,2,-8.224,ok,1,0,0,1,4,5,4,0,0,0,0
gen_00106,3,-8.149,ok,1,0,0,1,4,6,4,0,0,0,0
gen_00106,4,-8.1,ok,1,0,0,1,4,5,4,0,0,0,0
gen_00107,1,-8.36,ok,1,0,0,0,5,5,2,0,0,0,0
gen_00107,2,-8.338,ok,1,0,0,0,5,5,2,0,0,0,0
gen_00107,3,-8.32,ok,1,0,0,1,5,5,2,0,0,0,0
gen_00108,1,-8.145,ok,1,0,1,0,4,5,4,1,0,0,0
gen_00108,2,-8.134,ok,1,0,1,0,4,6,4,1,0,0,0
gen_00108,3,-8.0,ok,1,0,0,1,4,4,4,1,0,0,0
gen_00108,4,-7.963,ok,1,0,0,1,5,4,4,1,0,0,0
gen_00108,5,-7.867,ok,1,0,0,1,5,4,6,0,0,0,0
gen_00108,6,-7.83,ok,1,0,0,1,5,3,6,0,0,0,0
gen_00108,7,-7.706,ok,1,0,0,1,4,6,8,0,0,0,0
gen_00109,1,-7.544,ok,1,0,0,1,4,5,4,0,0,0,0
gen_00109,2,-7.222,ok,1,0,0,1,4,4,3,0,0,0,0
gen_00110,1,-6.981,ok,1,0,0,1,4,5,3,0,0,0,0
gen_00110,2,-6.974,ok,1,0,0,1,4,5,2,0,0,0,0
gen_00110,3,-6.96,ok,1,0,0,1,4,6,1,0,0,0,0
gen_00110,4,-6.953,ok,0,0,0,1,3,5,3,0,0,0,0
gen_00110,5,-6.925,ok,1,0,0,1,4,6,2,0,0,0,0
gen_00110,6,-6.923,ok,0,0,1,1,3,1,4,0,0,0,0
gen_00110,7,-6.843,ok,1,0,1,1,4,6,4,0,0,0,0
gen_00111,1,-7.313,ok,1,0,0,1,4,6,2,0,0,0,0
gen_00111,2,-6.713,ok,0,0,0,1,3,4,1,0,0,0,0
gen_00112,1,-7.411,ok,1,0,0,1,4,5,3,1,0,0,0
gen_00112,2,-7.385,ok,1,0,0,1,4,5,3,1,0,0,0
gen_00113,1,-6.903,ok,0,0,0,1,3,1,3,0,0,0,0
gen_00113,2,-6.884,ok,0,0,0,1,3,2,3,0,0,0,0
gen_00114,1,-7.513,ok,0,0,0,1,0,1,6,0,0,0,0
gen_00114,2,-7.502,ok,0,0,0,1,0,1,6,0,0,0,0
gen_00114,3,-7.487,ok,0,0,0,1,0,1,6,0,0,0,0
gen_00114,4,-7.486,ok,0,0,0,1,0,1,6,0,0,0,0
gen_00114,5,-7.47,ok,1,0,0,1,4,7,4,0,0,0,0
gen_00114,6,-7.448,ok,0,0,0,0,3,6,2,0,0,0,0
gen_00114,7,-7.43,ok,1,0,0,1,4,5,4,0,0,0,0
gen_00114,8,-7.41,ok,1,0,0,1,4,5,4,0,0,0,0
gen_00114,9,-7.409,ok,0,0,0,1,3,6,5,0,0,0,0
gen_00115,1,-7.498,ok,1,1,0,1,4,6,2,0,0,0,0
gen_00115,2,-7.449,ok,1,1,0,1,4,6,2,0,0,0,0
gen_00116,1,-8.848,ok,1,0,1,1,4,5,6,0,0,0,0
gen_00116,2,-8.839,ok,1,0,1,1,4,5,6,0,0,0,0
gen_00116,3,-8.733,ok,1,0,1,1,4,5,4,0,0,0,0
gen_00116,4,-8.717,ok,1,0,1,1,4,5,5,0,0,0,0
gen_00117,1,-8.378,ok,1,0,1,0,4,6,4,1,0,0,0
gen_00117,2,-8.329,ok,1,0,1,0,4,5,4,1,0,0,0
gen_00117,3,-8.295,ok,0,0,1,1,3,6,6,0,0,0,0
gen_00117,4,-8.265,ok,0,0,1,1,3,6,6,0,0,0,0
gen_00117,5,-8.097,ok,0,0,1,1,3,6,6,0,0,0,0
gen_00118,1,-6.62,ok,1,0,1,0,4,7,0,1,0,0,0
gen_00118,2,-6.614,ok,1,0,1,0,4,7,0,1,0,0,0
gen_00118,3,-6.612,ok,1,0,1,0,4,5,0,1,0,0,0
gen_00118,4,-6.578,ok,1,0,1,0,4,7,0,1,0,0,0
gen_00118,5,-6.558,ok,1,0,1,0,4,7,0,1,0,0,0
gen_00118,6,-6.556,ok,1,0,1,0,4,6,0,1,0,0,0
gen_00119,1,-6.775,ok,1,0,1,1,4,3,4,0,0,0,0
gen_00119,2,-6.745,ok,1,0,1,1,4,3,4,0,0,0,0
gen_00120,1,-8.159,ok,1,0,1,1,4,5,4,0,0,0,2
gen_00120,2,-8.138,ok,1,0,0,1,4,5,4,0,0,0,2
gen_00120,3,-8.066,ok,1,0,0,1,4,5,3,0,0,0,2
gen_00120,4,-8.062,ok,1,0,0,0,4,5,1,0,0,0,2
gen_00120,5,-8.043,ok,1,0,0,1,4,6,2,0,0,0,2
gen_00120,6,-7.875,ok,1,0,0,0,4,5,1,0,0,0,2
gen_00121,1,-8.178,ok,1,0,0,1,4,6,3,0,0,0,0
gen_00121,2,-8.172,ok,1,0,0,1,4,6,3,0,0,0,0
gen_00122,1,-7.409,ok,1,0,1,1,4,5,2,0,0,0,0
gen_00122,2,-7.305,ok,1,0,1,1,4,6,2,0,0,0,0
gen_00123,1,-7.22,ok,1,0,0,1,4,6,3,0,0,0,0
gen_00123,2,-7.129,ok,1,0,0,1,4,6,3,0,0,0,0
gen_00123,3,-7.105,ok,1,0,0,1,4,6,2,0,0,0,0
gen_00124,1,-8.662,ok,1,0,1,1,4,5,2,1,0,0,0
gen_00124,2,-8.654,ok,1,0,1,1,4,5,2,1,0,0,0
gen_00125,1,-7.439,ok,1,0,0,1,5,6,4,0,0,0,0
gen_00125,2,-7.412,ok,1,0,0,1,5,7,4,0,0,0,0
gen_00125,3,-7.41,ok,1,0,0,1,5,5,4,0,0,0,0
gen_00125,4,-7.375,ok,1,0,0,1,5,6,4,0,0,0,0
gen_00126,1,-7.93,ok,1,0,1,1,4,5,3,1,0,0,0
gen_00126,2,-7.906,ok,1,0,1,0,4,5,0,1,0,0,0
gen_00127,1,-7.544,ok,0,0,1,1,0,3,3,1,0,0,1
gen_00127,2,-7.54,ok,0,0,1,1,0,3,3,1,0,0,1
gen_00127,3,-7.536,ok,0,0,1,1,0,3,3,1,0,0,1
gen_00127,4,-7.533,ok,0,0,1,1,0,3,3,1,0,0,1
gen_00127,5,-7.528,ok,0,0,1,1,0,3,3,1,0,0,1
gen_00127,6,-7.524,ok,0,0,1,1,0,3,3,1,0,0,1
gen_00127,7,-7.515,ok,0,0,1,1,0,3,3,1,0,0,1
gen_00127,8,-7.509,ok,0,0,1,1,0,3,3,1,0,0,1
gen_00127,9,-7.498,ok,0,0,0,1,0,0,5,0,1,0,1
gen_00127,10,-7.494,ok,0,0,0,1,0,0,5,0,1,0,1
gen_00127,11,-7.493,ok,0,0,0,1,0,0,5,0,1,0,1
gen_00127,12,-7.487,ok,0,0,0,1,0,0,5,0,1,0,1
gen_00127,13,-7.48,ok,0,0,0,1,0,0,5,0,1,0,1
gen_00127,14,-7.473,ok,0,0,0,1,0,0,5,0,1,0,1
gen_00128,1,-6.986,ok,0,0,0,1,3,6,3,0,0,0,0
gen_00128,2,-6.978,ok,0,0,0,1,3,6,2,0,0,0,0
gen_00128,3,-6.969,ok,0,0,0,1,3,6,2,0,0,0,0
gen_00129,1,-6.703,ok,1,0,1,1,4,1,2,0,0,0,0
gen_00129,2,-6.635,ok,1,0,1,1,4,1,2,0,0,0,0
gen_00129,3,-6.623,ok,1,0,1,0,4,6,1,0,0,0,0
gen_00129,4,-6.592,ok,1,0,1,1,4,1,2,0,0,0,0
gen_00129,5,-6.591,ok,1,0,1,1,4,1,2,0,0,0,0
gen_00130,1,-7.285,ok,0,0,1,1,3,4,2,0,0,0,0
gen_00130,2,-7.277,ok,0,0,1,1,3,4,2,0,0,0,0
gen_00130,3,-7.272,ok,1,1,0,1,4,2,1,0,0,0,0
gen_00130,4,-7.255,ok,1,1,0,1,4,2,1,0,0,0,0
gen_00130,5,-7.247,ok,1,0,0,1,4,1,1,0,0,0,0
gen_00131,1,-7.558,ok,1,0,0,1,4,6,2,2,0,0,0
gen_00132,1,-7.122,ok,1,0,0,1,4,5,4,1,0,0,0
gen_00133,1,-6.972,ok,1,0,0,1,4,6,2,0,0,0,0
gen_00133,2,-6.966,ok,1,0,1,1,4,7,2,0,0,0,0
gen_00134,1,-7.923,ok,1,0,0,1,5,4,6,0,0,0,0
gen_00134,2,-7.903,ok,1,0,0,1,5,4,7,0,0,0,0
gen_00134,3,-7.893,ok,1,0,0,1,5,4,6,0,0,0,0
gen_00134,4,-7.869,ok,1,0,0,1,5,4,6,0,0,0,0
gen_00134,5,-7.855,ok,1,0,1,1,5,5,6,0,0,0,0
gen_00135,1,-7.214,ok,0,0,0,1,3,1,2,0,1,0,0
gen_00135,2,-7.065,ok,1,0,0,0,5,4,1,0,0,0,0
gen_00136,1,-7.062,ok,1,0,1,0,4,5,1,1,0,0,0
gen_00136,2,-7.061,ok,1,0,1,0,4,5,1,1,0,0,0
gen_00136,3,-7.052,ok,1,0,1,0,4,5,1,1,0,0,0
gen_00136,4,-7.045,ok,1,0,1,0,4,5,1,1,0,0,0
gen_00137,1,-8.079,ok,1,0,1,0,4,7,3,1,0,0,0
gen_00137,2,-8.065,ok,1,0,1,0,4,6,3,1,0,0,0
gen_00137,3,-8.005,ok,1,0,1,0,4,7,3,1,0,0,0
gen_00137,4,-7.994,ok,0,0,1,0,3,7,1,1,0,0,0
gen_00137,5,-7.978,ok,1,0,1,0,4,7,3,1,0,0,0
gen_00137,6,-7.975,ok,1,0,1,0,4,8,3,1,0,0,0
gen_00137,7,-7.754,ok,0,0,1,0,3,8,3,1,0,0,0
gen_00138,1,-7.123,ok,1,0,1,1,4,4,2,1,0,0,0
gen_00138,2,-7.035,ok,1,0,1,1,4,4,3,1,0,0,0
gen_00138,3,-6.872,ok,1,0,1,1,4,5,2,1,0,0,0
gen_00138,4,-6.815,ok,1,0,1,1,4,4,2,1,0,0,0
gen_00138,5,-6.805,ok,0,0,0,1,3,4,4,0,0,0,0
gen_00138,6,-6.706,ok,0,0,0,1,3,4,3,0,0,0,0
gen_00139,1,-7.887,ok,1,0,1,1,4,5,1,1,0,0,0
gen_00139,2,-7.867,ok,1,0,1,1,4,5,1,1,0,0,0
gen_00140,1,-97.586,ok,0,0,1,1,0,2,3,0,0,0,0
gen_00140,2,-89.495,ok,0,0,0,1,0,0,1,0,0,0,0
gen_00140,3,-88.932,ok,0,0,0,1,0,1,2,0,0,0,0
gen_00141,1,-7.763,ok,1,1,0,1,4,6,1,0,0,0,0
gen_00141,2,-7.699,ok,1,1,0,0,4,6,1,0,0,0,0
gen_00141,3,-7.628,ok,1,1,0,1,4,7,1,0,0,0,0
gen_00142,1,-8.021,ok,0,0,0,1,3,5,2,0,0,0,0
gen_00143,1,-7.385,ok,0,0,1,1,3,7,3,0,0,0,0
gen_00143,2,-7.385,ok,0,0,1,1,3,6,3,0,0,0,0
gen_00143,3,-7.246,ok,1,0,1,1,5,4,4,0,0,0,0
gen_00144,1,-8.609,ok,0,0,1,1,3,6,4,0,0,0,2
gen_00145,1,-7.342,ok,1,0,1,0,4,6,2,0,0,0,0
gen_00145,2,-7.34,ok,1,0,1,0,4,5,3,0,0,0,0
gen_00146,1,-8.418,ok,1,0,0,1,4,8,1,0,0,0,0
gen_00146,2,-8.374,ok,1,0,0,1,4,8,1,0,0,0,0
gen_00147,1,-7.319,ok,1,0,1,0,4,6,1,0,0,0,0
gen_00148,1,-7.797,ok,0,1,0,1,3,6,3,0,0,0,0
gen_00148,2,-7.787,ok,0,1,1,1,0,2,5,0,0,0,0
gen_00148,3,-7.768,ok,0,1,1,1,0,2,6,0,0,0,0
gen_00148,4,-7.766,ok,0,1,0,1,3,6,3,0,0,0,0
gen_00149,1,-8.001,ok,1,0,0,1,4,5,2,0,0,0,2
gen_00149,2,-7.923,ok,1,0,0,1,4,4,2,0,0,0,2
gen_00149,3,-7.922,ok,1,0,0,1,4,6,3,0,0,0,2
gen_00150,1,-8.296,ok,1,0,0,1,5,5,4,0,0,0,0
gen_00150,2,-8.261,ok,1,0,0,1,5,5,3,0,0,0,1
gen_00150,3,-8.261,ok,1,0,0,0,4,6,2,0,0,0,0
gen_00150,4,-8.143,ok,1,0,0,1,5,4,4,0,0,0,0
gen_00150,5,-8.137,ok,1,0,0,1,4,1,2,0,0,0,0
gen_00150,6,-8.082,ok,1,0,0,1,4,1,2,0,0,0,0
gen_00150,7,-8.079,ok,1,0,1,0,4,6,1,0,0,0,1
gen_00151,1,-9.25,ok,0,0,0,1,3,5,1,0,0,0,1
gen_00151,2,-9.25,ok,0,0,0,1,3,5,1,0,0,0,1
gen_00151,3,-9.236,ok,0,0,0,1,3,5,1,0,0,0,1
gen_00151,4,-9.227,ok,0,0,0,1,3,5,1,0,0,0,1
gen_00151,5,-9.176,ok,0,0,0,1,3,5,1,0,0,0,1
gen_00152,1,-6.94,ok,1,0,1,1,4,5,3,0,0,0,0
gen_00152,2,-6.883,ok,1,0,1,1,4,6,3,0,0,0,0
gen_00152,3,-6.872,ok,1,0,1,1,4,5,3,0,0,0,0
gen_00152,4,-6.87,ok,1,0,0,1,4,0,1,0,0,0,0
gen_00152,5,-6.868,ok,1,0,1,1,4,6,3,0,0,0,0
gen_00152,6,-6.857,ok,1,0,0,1,4,0,1,0,0,0,0
gen_00152,7,-6.672,ok,1,0,1,1,4,2,4,0,0,0,0
gen_00153,1,-7.647,ok,0,0,0,1,3,5,3,0,0,0,0
gen_00153,2,-7.642,ok,0,0,0,1,3,4,3,0,0,0,0
gen_00153,3,-7.626,ok,0,1,0,1,3,5,3,0,0,0,0
gen_00153,4,-7.552,ok,0,0,0,1,3,4,2,0,0,0,0
gen_00153,5,-7.514,ok,0,0,0,1,3,2,2,0,0,0,0
gen_00153,6,-7.49,ok,1,0,0,1,4,3,2,0,0,0,0
gen_00153,7,-7.437,ok,1,0,0,1,4,3,2,0,0,0,0
gen_00153,8,-7.437,ok,1,0,0,1,4,3,2,0,0,0,0
gen_00153,9,-7.435,ok,1,0,0,1,4,3,2,0,0,0,0
gen_00154,1,-7.921,ok,1,0,1,1,4,6,4,0,0,0,1
gen_00154,2,-7.898,ok,1,0,0,1,4,6,3,0,0,0,0
gen_00154,3,-7.854,ok,0,0,1,1,3,6,3,0,0,0,0
gen_00154,4,-7.799,ok,1,0,1,1,4,7,4,0,0,0,0
gen_00155,1,-7.493,ok,0,0,0,1,3,5,2,0,0,0,0
gen_00155,2,-7.448,ok,0,0,0,1,3,6,2,0,0,0,0
gen_00156,1,-7.375,ok,1,0,1,0,4,6,1,1,0,0,0
gen_00156,2,-7.368,ok,1,0,1,0,4,6,1,1,0,0,0
gen_00156,3,-7.27,ok,0,0,1,1,3,5,6,0,0,0,0
gen_00157,1,-8.761,ok,1,0,0,1,5,5,3,0,0,0,0
gen_00157,2,-8.756,ok,1,0,0,1,5,5,4,0,0,0,0
gen_00157,3,-8.69,ok,1,0,0,1,5,5,3,0,0,0,0
gen_00157,4,-8.637,ok,1,0,0,1,5,6,4,0,0,0,0
gen_00158,1,-7.628,ok,1,0,0,1,4,4,3,2,0,0,0
gen_00158,2,-7.514,ok,1,0,0,1,4,4,4,2,0,0,0
gen_00158,3,-7.447,ok,1,0,1,1,4,7,4,0,0,0,0
gen_00158,4,-7.405,ok,1,0,1,1,4,7,3,0,0,0,0
gen_00159,1,-8.475,ok,1,0,0,1,4,9,2,0,0,0,0
gen_00159,2,-8.104,ok,0,0,0,1,0,4,3,0,0,0,0
gen_00160,1,-6.856,ok,0,0,0,1,0,1,1,0,0,0,0
gen_00161,1,-7.138,ok,0,0,1,0,3,2,4,0,1,0,0
gen_00161,2,-7.026,ok,1,0,1,0,4,2,2,0,0,0,0
gen_00161,3,-7.006,ok,1,0,1,0,4,2,2,0,0,0,0
gen_00161,4,-6.936,ok,1,0,0,1,4,6,1,0,0,0,0
gen_00161,5,-6.854,ok,1,0,0,1,4,6,2,0,0,0,0
gen_00161,6,-6.817,ok,1,0,0,0,4,6,0,0,0,0,0
gen_00161,7,-6.812,ok,1,0,0,0,4,6,1,0,0,0,0
gen_00161,8,-6.596,ok,0,0,1,1,0,2,4,0,0,0,0
gen_00162,1,-6.591,ok,1,0,1,1,4,5,4,0,0,0,0
gen_00162,2,-6.57,ok,1,0,1,1,4,5,4,0,0,0,0
gen_00162,3,-6.566,ok,1,0,1,1,4,5,4,0,0,0,0
gen_00162,4,-6.537,ok,1,0,1,1,4,5,4,0,0,0,0
gen_00162,5,-6.53,ok,1,0,1,1,4,5,4,0,0,0,0
gen_00162,6,-6.445,ok,0,0,0,1,0,5,2,0,0,0,0
gen_00163,1,-7.068,ok,0,0,0,1,3,5,2,0,0,0,0
gen_00163,2,-7.051,ok,0,0,0,1,3,5,3,0,0,0,0
gen_00164,1,-7.266,ok,1,0,0,1,5,3,4,0,0,0,1
gen_00164,2,-7.261,ok,1,0,0,1,5,3,4,0,0,0,1
gen_00165,1,-6.901,ok,1,0,0,0,4,7,1,0,0,0,0
gen_00166,1,-7.544,ok,1,0,0,1,4,3,5,0,0,0,0
gen_00166,2,-7.483,ok,1,0,0,1,5,3,5,0,0,0,0
gen_00166,3,-7.444,ok,1,0,0,1,4,3,5,0,0,0,0
gen_00167,1,-7.46,ok,1,0,1,1,4,5,2,0,1,0,1
gen_00167,2,-7.439,ok,1,0,1,1,4,5,2,0,1,0,1
gen_00167,3,-7.332,ok,1,0,1,1,4,5,3,0,1,0,1
gen_00168,1,-7.512,ok,0,0,1,1,3,2,2,1,0,0,0
gen_00168,2,-7.511,ok,0,0,1,1,3,1,3,0,0,0,0
gen_00168,3,-7.49,ok,1,0,1,1,4,5,2,0,0,0,0
gen_00169,1,-7.36,ok,1,0,0,1,4,5,2,1,0,0,1
gen_00169,2,-7.172,ok,1,0,0,1,4,5,3,0,0,0,1
gen_00170,1,-7.374,ok,0,1,0,0,3,6,0,1,0,0,0
gen_00170,2,-7.374,ok,0,1,0,0,3,6,0,1,0,0,0
gen_00170,3,-7.311,ok,0,1,0,0,3,6,0,1,0,0,0
gen_00170,4,-7.308,ok,0,1,0,0,3,6,0,1,0,0,0
gen_00170,5,-7.3,ok,0,0,0,0,3,3,0,0,0,0,0
gen_00170,6,-7.298,ok,0,1,0,0,3,6,0,1,0,0,0
gen_00170,7,-7.297,ok,0,1,1,1,3,6,2,0,0,0,0
gen_00170,8,-7.266,ok,0,0,0,0,3,3,0,0,0,0,0
gen_00171,1,-41.77,ok,0,0,1,0,0,0,1,1,0,0,0
gen_00171,2,-33.971,ok,0,0,1,0,3,3,4,0,2,0,0
gen_00171,3,-33.612,ok,0,0,0,1,0,2,3,1,0,0,0
gen_00172,1,-6.988,ok,0,0,0,1,3,5,3,0,0,0,0
gen_00172,2,-6.854,ok,0,0,0,1,3,6,3,0,0,0,0
gen_00173,1,-6.892,ok,1,0,0,1,4,6,4,0,0,0,0
gen_00173,2,-6.826,ok,1,0,0,1,4,6,4,0,0,0,0
gen_00173,3,-6.8,ok,1,0,0,1,4,6,4,0,0,0,0
gen_00173,4,-6.783,ok,1,0,1,1,4,6,5,0,0,0,0
gen_00173,5,-6.712,ok,1,0,0,1,4,5,4,0,0,0,0
gen_00173,6,-6.622,ok,0,0,1,0,3,5,2,0,0,0,0
gen_00174,1,-6.736,ok,1,0,0,1,5,6,2,0,0,0,0
gen_00174,2,-6.721,ok,0,0,0,1,0,2,3,0,1,0,0
gen_00174,3,-6.707,ok,0,0,0,1,0,1,2,0,1,0,0
gen_00174,4,-6.625,ok,1,0,0,1,5,2,2,0,0,0,0
gen_00175,1,-6.459,ok,1,0,0,1,5,3,2,2,0,0,0
gen_00175,2,-6.441,ok,1,0,0,1,5,3,2,2,0,0,0
gen_00176,1,-7.708,ok,1,0,1,1,4,1,3,0,0,0,0
gen_00176,2,-7.7,ok,1,0,1,1,4,1,4,0,0,0,0
gen_00176,3,-7.555,ok,0,0,1,1,0,2,3,0,1,0,2
gen_00176,4,-7.535,ok,0,0,1,1,0,2,2,0,1,0,2
gen_00176,5,-7.532,ok,0,0,1,1,0,2,2,0,1,0,2
gen_00177,1,-7.429,ok,0,0,0,1,3,5,3,0,0,0,0
gen_00177,2,-7.352,ok,0,0,0,1,3,5,3,0,0,0,0
gen_00177,3,-7.26,ok,0,0,0,1,3,6,2,0,0,0,0
gen_00177,4,-7.09,ok,1,0,1,1,4,7,3,0,0,0,0
gen_00178,1,-7.642,ok,1,0,1,0,4,5,0,1,0,0,0
gen_00178,2,-7.569,ok,1,0,1,0,4,6,0,0,0,0,0
gen_00178,3,-7.382,ok,1,0,1,0,4,5,2,0,0,0,1
gen_00179,1,-8.025,ok,1,0,0,1,4,5,2,0,0,0,0
gen_00179,2,-8.023,ok,1,0,0,1,4,5,3,0,0,0,0
gen_00179,3,-7.978,ok,1,0,0,1,4,5,2,0,0,0,0
gen_00180,1,-7.818,ok,1,0,1,0,4,7,0,0,0,0,0
gen_00181,1,-8.222,ok,1,0,1,1,4,6,3,1,0,0,1
gen_00181,2,-8.22,ok,1,0,1,1,4,5,3,1,0,0,1
gen_00182,1,-7.872,ok,0,0,1,1,3,2,4,0,0,0,0
gen_00182,2,-7.868,ok,0,0,1,1,3,2,4,0,0,0,0
gen_00182,3,-7.862,ok,0,0,1,1,3,2,4,0,0,0,0
gen_00182,4,-7.855,ok,0,0,1,1,3,2,4,0,0,0,0
gen_00182,5,-7.791,ok,0,0,1,1,3,2,4,0,0,0,0
gen_00182,6,-7.761,ok,0,0,1,1,3,1,4,0,0,0,0
gen_00183,1,-7.276,ok,0,0,0,1,3,5,2,0,0,0,1
gen_00183,2,-7.274,ok,0,0,0,1,3,5,2,0,0,0,1
gen_00183,3,-7.264,ok,0,0,0,1,3,5,2,0,0,0,1
gen_00183,4,-7.181,ok,0,0,0,1,0,1,4,0,0,0,0
gen_00183,5,-7.171,ok,0,0,0,1,3,6,2,0,0,0,1
gen_00183,6,-7.17,ok,0,0,0,1,0,4,2,0,0,0,1
gen_00183,7,-7.167,ok,0,0,0,1,0,1,4,0,0,0,0
gen_00183,8,-7.151,ok,0,0,0,1,0,1,4,0,0,0,0
gen_00183,9,-7.123,ok,0,0,0,1,3,6,2,0,0,0,1
gen_00183,10,-7.033,ok,0,0,1,1,0,4,4,0,0,0,0
gen_00183,11,-7.015,ok,0,0,1,1,0,4,3,0,0,0,0
gen_00183,12,-7.012,ok,0,0,0,1,0,1,4,0,0,0,0
gen_00183,13,-6.81,ok,1,0,1,1,4,7,2,0,0,0,0
gen_00183,14,-6.766,ok,0,0,1,1,0,4,3,0,0,0,0
gen_00183,15,-6.757,ok,0,0,1,1,0,4,3,0,0,0,0
gen_00183,16,-6.699,ok,0,0,1,0,0,1,0,1,0,0,1
gen_00184,1,-7.374,ok,1,0,0,1,5,4,1,0,0,0,1
gen_00184,2,-7.248,ok,0,0,0,1,3,3,2,0,0,0,0
gen_00185,1,-7.592,ok,1,0,0,1,4,5,1,0,0,0,0
gen_00186,1,-7.415,ok,0,0,1,1,3,6,3,0,0,0,0
gen_00186,2,-7.398,ok,0,0,1,1,3,6,3,0,0,0,0
gen_00186,3,-7.343,ok,0,0,1,1,3,7,3,0,0,0,0
gen_00186,4,-7.337,ok,0,0,1,1,3,7,3,0,0,0,0
gen_00187,1,-7.397,ok,0,0,1,0,3,7,2,1,0,0,0
gen_00187,2,-7.372,ok,0,0,1,0,3,6,2,1,0,0,0
gen_00187,3,-7.346,ok,0,0,1,0,3,7,2,1,0,0,0
gen_00187,4,-7.344,ok,0,0,1,0,3,6,2,1,0,0,0
gen_00187,5,-7.34,ok,0,0,1,0,3,7,2,1,0,0,0
gen_00187,6,-7.291,ok,0,0,1,0,3,7,2,1,0,0,0
gen_00187,7,-7.242,ok,0,0,1,0,3,6,2,1,0,0,0
gen_00187,8,-7.198,ok,1,0,1,0,4,7,2,1,0,0,0
gen_00188,1,-6.777,ok,1,0,1,1,4,1,3,0,0,0,0
gen_00188,2,-6.774,ok,1,0,1,0,4,1,0,0,0,0,0
gen_00188,3,-6.761,ok,1,0,1,1,4,1,3,0,0,0,0
gen_00188,4,-6.738,ok,1,0,0,1,4,0,1,0,0,0,0
gen_00189,1,-8.081,ok,1,0,1,1,5,5,4,0,0,0,0
gen_00190,1,-6.805,ok,0,0,1,0,3,5,3,1,0,0,0
gen_00190,2,-6.7,ok,0,0,0,1,3,5,2,1,0,0,0
gen_00190,3,-6.677,ok,0,0,0,1,3,6,2,1,0,0,0
gen_00190,4,-6.664,ok,0,0,0,1,3,5,3,0,0,0,0
gen_00190,5,-6.649,ok,0,0,0,1,3,6,2,1,0,0,0
gen_00190,6,-6.644,ok,0,0,0,1,3,6,2,1,0,0,0
gen_00190,7,-6.641,ok,0,0,0,1,3,5,2,1,0,0,0
gen_00190,8,-6.635,ok,0,0,1,1,3,6,2,1,0,0,0
gen_00190,9,-6.634,ok,0,0,0,1,3,6,2,1,0,0,0
gen_00190,10,-6.633,ok,0,0,0,1,3,6,2,1,0,0,0
gen_00190,11,-6.632,ok,0,0,0,1,3,6,2,1,0,0,0
gen_00190,12,-6.629,ok,0,0,0,1,3,5,3,0,0,0,0
gen_00190,13,-6.61,ok,0,0,0,1,3,6,2,1,0,0,0
gen_00190,14,-6.586,ok,0,0,0,1,3,5,2,1,0,0,0
gen_00191,1,-7.161,ok,0,0,1,1,3,5,5,0,0,0,0
gen_00191,2,-7.103,ok,1,0,1,1,4,6,4,0,0,0,0
gen_00191,3,-7.034,ok,1,0,1,0,4,5,3,0,0,0,0
gen_00192,1,-6.835,ok,1,0,0,1,5,5,3,0,0,0,0
gen_00193,1,-7.85,ok,1,0,1,0,4,6,1,1,0,0,0
gen_00193,2,-7.777,ok,1,0,0,1,5,4,3,0,0,0,0
gen_00193,3,-7.771,ok,1,0,0,1,5,3,3,0,0,0,0
gen_00193,4,-7.76,ok,1,0,0,1,5,3,3,0,0,0,0
gen_00194,1,-8.013,ok,1,0,0,1,4,5,5,1,0,0,0
gen_00194,2,-7.972,ok,1,1,0,1,4,7,5,1,0,0,0
gen_00194,3,-7.873,ok,1,1,0,1,4,6,4,1,0,0,0
gen_00194,4,-7.792,ok,1,0,0,1,4,5,6,1,0,0,0
gen_00194,5,-7.769,ok,1,0,0,1,4,6,5,0,0,0,0
gen_00195,1,-8.146,ok,1,0,1,1,4,5,2,1,0,0,0
gen_00195,2,-8.14,ok,1,0,1,1,4,5,1,1,0,0,0
gen_00195,3,-8.121,ok,1,0,1,1,4,5,2,1,0,0,0
gen_00195,4,-8.108,ok,1,0,1,1,4,5,2,1,0,0,0
gen_00196,1,-6.882,ok,0,0,0,1,3,4,4,0,0,0,0
gen_00196,2,-6.878,ok,0,0,0,1,3,4,3,0,0,0,0
gen_00196,3,-6.876,ok,0,0,0,1,3,4,3,0,0,0,0
gen_00196,4,-6.869,ok,0,0,0,1,3,4,4,0,0,0,0
gen_00196,5,-6.853,ok,0,0,0,1,3,4,3,0,0,0,0
gen_00196,6,-6.835,ok,0,0,0,1,3,4,3,0,0,0,0
gen_00196,7,-6.834,ok,0,0,1,1,3,5,4,0,0,0,0
gen_00196,8,-6.832,ok,0,0,1,1,3,5,3,0,0,0,0
gen_00196,9,-6.812,ok,0,0,1,1,3,5,3,0,0,0,0
gen_00197,1,-6.886,ok,1,0,0,1,5,4,1,0,0,0,0
gen_00198,1,-7.189,ok,1,0,0,1,4,5,4,0,0,0,0
gen_00198,2,-7.136,ok,1,0,0,1,4,5,2,0,0,0,0
gen_00198,3,-7.088,ok,1,0,0,1,4,4,4,0,0,0,0
gen_00198,4,-7.083,ok,1,0,1,1,4,4,4,0,0,0,0
gen_00198,5,-7.026,ok,1,0,0,1,4,5,2,0,0,0,0
gen_00198,6,-6.952,ok,0,0,0,1,3,3,3,0,0,0,0
gen_00198,7,-6.898,ok,0,0,1,1,3,3,4,0,0,0,0
gen_00198,8,-6.884,ok,0,0,1,1,3,3,4,0,0,0,0
gen_00198,9,-6.869,ok,0,0,1,1,3,4,4,0,0,0,0
gen_00198,10,-6.813,ok,0,0,1,1,3,3,3,0,0,0,0
gen_00198,11,-6.631,ok,0,0,1,1,0,2,8,0,0,0,0
gen_00199,1,-7.91,ok,1,0,0,1,4,6,3,0,0,0,0
gen_00199,2,-7.862,ok,0,0,0,1,3,6,3,0,0,0,0
gen_00199,3,-7.847,ok,0,0,0,1,3,5,2,0,0,0,0
gen_00199,4,-7.709,ok,1,0,1,1,4,6,3,0,0,0,0
gen_00199,5,-7.639,ok,1,0,0,1,4,5,2,0,0,0,0
gen_00200,1,-7.647,ok,0,0,1,1,3,1,3,1,0,0,1
gen_00200,2,-7.621,ok,0,0,1,1,3,1,3,1,0,0,1
gen_00200,3,-7.612,ok,0,0,1,1,3,1,3,1,0,0,1
gen_00200,4,-7.596,ok,0,0,1,1,3,2,3,1,0,0,1
gen_00200,5,-7.592,ok,0,0,1,1,3,2,3,1,0,0,1
gen_00200,6,-6.823,ok,0,0,0,1,0,2,1,0,0,0,1
gen_00200,7,-6.771,ok,0,0,0,0,0,2,0,0,0,0,0
gen_00201,1,-7.232,ok,1,0,0,1,4,4,2,0,0,0,1
gen_00201,2,-7.224,ok,1,0,0,1,4,4,2,0,0,0,1
gen_00201,3,-7.224,ok,1,0,0,1,4,4,2,0,0,0,0
gen_00202,1,-7.414,ok,1,0,1,1,4,5,3,0,0,0,0
gen_00202,2,-7.353,ok,1,0,0,1,4,6,2,2,0,0,1
gen_00202,3,-7.31,ok,0,0,0,1,0,2,3,0,0,0,0
gen_00202,4,-7.306,ok,1,0,0,1,4,6,2,1,0,0,1
gen_00203,1,-7.378,ok,1,0,0,1,4,5,4,0,0,0,0
gen_00203,2,-7.368,ok,1,0,0,1,5,3,4,0,0,0,0
gen_00203,3,-7.323,ok,1,0,0,1,4,6,4,0,0,0,0
gen_00203,4,-7.303,ok,1,0,0,1,4,6,4,0,0,0,0
gen_00203,5,-7.278,ok,1,0,0,1,4,5,4,0,0,0,0
gen_00203,6,-7.269,ok,1,0,0,1,4,4,4,0,0,0,0
gen_00204,1,-7.308,ok,1,0,0,1,5,6,2,0,0,0,0
gen_00204,2,-7.17,ok,1,0,0,1,5,5,2,0,0,0,0
gen_00205,1,-6.745,ok,1,0,0,1,4,6,1,0,1,0,0
gen_00205,2,-6.731,ok,1,0,0,1,4,5,1,0,1,0,0
gen_00205,3,-6.706,ok,1,0,0,1,4,6,1,0,1,0,0
gen_00205,4,-6.7,ok,1,0,0,1,4,4,2,1,1,0,0
gen_00205,5,-6.683,ok,1,0,0,1,4,5,1,0,1,0,0
gen_00205,6,-6.673,ok,1,0,0,1,4,4,2,1,1,0,0
gen_00205,7,-6.662,ok,1,0,0,1,4,6,1,0,1,0,0
gen_00205,8,-6.575,ok,1,0,0,1,4,6,1,0,1,0,0
gen_00206,1,-7.385,ok,1,0,0,1,4,6,4,0,0,0,0
gen_00207,1,-7.823,ok,1,0,0,1,4,6,3,0,0,0,0
gen_00207,2,-7.819,ok,1,0,0,1,4,7,3,0,0,0,0
gen_00207,3,-7.729,ok,1,0,0,1,4,4,3,0,0,0,0
gen_00207,4,-7.677,ok,1,0,0,1,4,7,3,0,0,0,0
gen_00207,5,-7.673,ok,1,0,0,1,4,6,3,0,0,0,0
gen_00207,6,-7.631,ok,1,0,1,1,5,3,3,0,0,0,0
gen_00207,7,-7.63,ok,1,0,1,1,4,5,3,0,0,0,0
gen_00208,1,-7.781,ok,1,0,0,0,4,7,0,0,0,0,0
gen_00208,2,-7.71,ok,1,1,0,0,4,6,0,0,0,0,0
gen_00209,1,-6.829,ok,1,0,0,1,4,6,3,1,0,0,0
gen_00209,2,-6.818,ok,1,0,0,1,4,6,3,1,0,0,0
gen_00210,1,-7.202,ok,1,0,1,1,5,3,5,0,0,0,0
gen_00210,2,-7.111,ok,1,0,1,1,5,3,5,0,0,0,0
gen_00211,1,-6.433,ok,1,0,0,0,4,4,0,0,0,0,0
gen_00211,2,-6.408,ok,1,0,0,0,4,5,0,0,0,0,0
gen_00212,1,-6.975,ok,1,0,1,1,4,0,3,0,1,0,0
gen_00213,1,-6.692,ok,1,0,0,1,5,1,3,0,0,0,0
gen_00213,2,-6.686,ok,1,0,0,1,4,6,3,0,0,0,0
gen_00213,3,-6.679,ok,1,1,0,1,5,4,1,0,0,0,0
gen_00213,4,-6.66,ok,1,0,0,1,4,5,4,0,0,0,0
gen_00214,1,-7.661,ok,1,0,0,1,4,4,2,0,0,0,0
gen_00214,2,-7.621,ok,1,0,0,1,4,5,2,0,0,0,0
gen_00214,3,-7.613,ok,1,0,0,1,4,5,2,0,0,0,0
gen_00214,4,-7.565,ok,1,0,0,1,4,4,2,0,0,0,0
gen_00214,5,-7.564,ok,1,0,0,1,4,5,2,0,0,0,0
gen_00214,6,-7.561,ok,1,0,0,1,4,5,2,0,0,0,0
gen_00214,7,-7.474,ok,1,0,1,1,4,6,2,1,0,0,0
gen_00215,1,-8.988,ok,1,0,1,0,4,6,1,1,0,0,0
gen_00215,2,-8.752,ok,1,0,1,0,4,6,1,1,0,0,0
gen_00215,3,-8.392,ok,1,0,1,0,4,6,1,1,0,0,0
gen_00216,1,-6.731,ok,1,0,0,1,4,6,3,0,0,0,0
gen_00216,2,-6.723,ok,1,0,0,1,4,6,3,0,0,0,0
gen_00216,3,-6.704,ok,1,0,0,1,4,6,3,0,0,0,0
gen_00216,4,-6.703,ok,1,0,0,1,4,1,2,0,0,0,0
gen_00216,5,-6.614,ok,1,0,0,1,4,5,3,0,0,0,0
gen_00217,1,-7.119,ok,1,0,1,1,4,6,3,0,0,0,0
gen_00217,2,-7.119,ok,1,0,1,1,4,5,3,0,0,0,0
gen_00217,3,-6.98,ok,1,0,1,1,4,5,4,0,0,0,0
gen_00217,4,-6.951,ok,1,0,0,1,4,5,2,0,0,0,0
gen_00217,5,-6.929,ok,1,0,1,1,4,5,4,0,0,0,0
gen_00217,6,-6.9,ok,1,0,0,1,4,6,2,0,0,0,0
gen_00218,1,-7.431,ok,1,0,1,0,5,4,0,1,0,0,0
gen_00218,2,-7.409,ok,1,0,1,0,4,4,0,1,0,0,0
gen_00219,1,-8.162,ok,1,0,0,1,4,5,6,0,2,0,0
gen_00219,2,-8.138,ok,1,0,0,1,4,4,5,0,2,0,0
gen_00219,3,-8.134,ok,1,0,0,1,4,5,5,0,2,0,0
gen_00219,4,-8.13,ok,1,0,0,1,4,5,6,0,2,0,0
gen_00219,5,-8.115,ok,1,0,0,1,4,4,6,0,2,0,0
gen_00219,6,-8.064,ok,1,0,0,1,4,6,6,0,2,0,0
gen_00219,7,-8.03,ok,1,0,0,1,4,5,5,0,2,0,0
gen_00219,8,-8.014,ok,1,0,0,1,4,6,7,0,1,0,0
gen_00219,9,-7.997,ok,1,0,0,1,4,5,6,0,2,0,0
gen_00219,10,-7.925,ok,1,0,0,1,4,4,6,0,2,0,0
gen_00219,11,-7.917,ok,1,0,0,1,4,6,5,0,0,0,0
gen_00219,12,-7.899,ok,1,0,0,1,4,6,6,0,0,0,0
gen_00220,1,-8.073,ok,0,0,1,1,3,6,1,0,0,0,1
gen_00220,2,-8.05,ok,0,0,1,1,3,6,1,0,0,0,1
gen_00220,3,-8.028,ok,1,0,1,1,4,6,1,0,0,0,1
gen_00220,4,-7.986,ok,1,0,1,1,4,6,1,0,0,0,1
gen_00221,1,-7.261,ok,1,0,1,1,4,6,3,0,0,0,0
gen_00221,2,-7.238,ok,1,0,1,1,4,6,3,0,0,0,0
gen_00221,3,-7.224,ok,1,0,1,1,4,6,3,0,0,0,0
gen_00221,4,-7.215,ok,1,0,1,1,4,6,3,0,0,0,0
gen_00221,5,-7.177,ok,1,0,1,1,4,6,3,0,0,0,0
gen_00221,6,-7.15,ok,1,0,1,1,4,6,3,0,0,0,0
gen_00221,7,-7.052,ok,1,0,1,1,4,7,3,0,0,0,0
gen_00221,8,-7.02,ok,1,0,0,1,4,5,3,0,0,0,0
gen_00222,1,-8.321,ok,0,0,0,1,3,5,3,0,0,0,0
gen_00222,2,-8.285,ok,0,0,0,1,3,5,2,0,0,0,0
gen_00222,3,-8.275,ok,0,0,0,1,3,5,2,0,0,0,0
gen_00222,4,-8.269,ok,0,0,0,1,3,6,2,0,0,0,0
gen_00222,5,-8.255,ok,0,0,0,1,3,5,2,0,0,0,0
gen_00222,6,-8.243,ok,0,0,0,1,3,5,2,0,0,0,0
gen_00222,7,-8.171,ok,0,0,0,1,0,0,3,0,0,0,1
gen_00222,8,-8.17,ok,0,0,0,1,0,0,3,0,0,0,1
gen_00222,9,-8.168,ok,0,0,0,1,0,0,3,0,0,0,1
gen_00222,10,-8.147,ok,0,0,0,1,0,0,3,0,0,0,1
gen_00222,11,-8.144,ok,0,0,0,1,3,6,2,0,0,0,0
gen_00222,12,-8.08,ok,0,0,0,1,3,6,1,0,0,0,0
gen_00223,1,-6.987,ok,1,0,0,1,4,6,4,0,0,0,0
gen_00223,2,-6.985,ok,1,0,0,1,4,6,3,0,0,0,0
gen_00224,1,-7.212,ok,1,0,1,1,4,5,4,0,0,0,0
gen_00224,2,-7.11,ok,0,0,0,1,3,5,3,0,0,0,0
gen_00224,3,-7.058,ok,1,0,1,1,4,4,2,0,0,0,0
gen_00224,4,-7.047,ok,1,0,0,1,4,5,1,0,0,0,0
gen_00224,5,-6.991,ok,1,0,1,1,4,4,3,0,0,0,0
gen_00224,6,-6.871,ok,1,0,1,1,4,5,4,0,0,0,0
gen_00224,7,-6.713,ok,1,0,1,1,4,4,2,0,0,0,0
gen_00224,8,-6.689,ok,1,0,1,1,5,3,3,0,0,0,0
gen_00224,9,-6.688,ok,1,0,1,1,5,3,3,0,0,0,0
gen_00224,10,-6.679,ok,1,0,0,1,4,6,3,1,0,0,0
gen_00224,11,-6.656,ok,1,0,0,1,4,6,3,1,0,0,0
gen_00224,12,-6.651,ok,1,0,0,1,4,5,3,1,0,0,0
gen_00225,1,-7.169,ok,0,0,0,1,0,5,3,0,0,0,0
gen_00225,2,-7.143,ok,0,0,0,1,0,5,4,0,0,0,0
gen_00225,3,-7.128,ok,0,0,0,1,0,5,3,0,0,0,0
gen_00225,4,-7.124,ok,0,0,0,1,0,5,3,0,0,0,0
gen_00225,5,-7.032,ok,1,0,1,1,5,4,5,0,0,0,0
gen_00225,6,-7.006,ok,1,0,1,1,5,4,5,0,0,0,0
gen_00226,1,-7.107,ok,1,0,0,1,4,4,3,0,0,0,0
gen_00227,1,-7.679,ok,1,0,1,0,4,6,3,1,0,0,0
gen_00227,2,-7.648,ok,1,0,1,0,4,5,3,1,0,0,0
gen_00227,3,-7.642,ok,1,0,1,0,4,6,3,1,0,0,0
gen_00227,4,-7.591,ok,1,0,1,0,4,4,3,1,0,0,0
gen_00227,5,-7.587,ok,1,0,1,0,4,5,3,1,0,0,0
gen_00227,6,-7.496,ok,1,0,1,0,4,5,3,1,0,0,0
gen_00228,1,-7.491,ok,1,0,0,0,4,6,1,1,0,0,0
gen_00228,2,-7.428,ok,1,0,0,0,4,6,1,1,0,0,0
gen_00228,3,-7.375,ok,1,0,0,0,4,6,1,1,0,0,0
gen_00229,1,-8.123,ok,1,0,0,0,5,6,0,1,0,0,0
gen_00229,2,-8.12,ok,1,0,0,0,5,6,0,1,0,0,0
gen_00230,1,-6.803,ok,1,0,0,1,4,4,2,0,0,0,0
gen_00231,1,-7.97,ok,0,0,0,1,3,6,2,0,0,0,0
gen_00231,2,-7.968,ok,0,0,0,1,3,6,2,0,0,0,0
gen_00231,3,-7.959,ok,0,0,0,1,3,6,2,0,0,0,0
gen_00231,4,-7.953,ok,0,0,0,1,3,6,2,0,0,0,0
gen_00231,5,-7.924,ok,0,0,0,1,3,6,2,0,0,0,0
gen_00231,6,-7.917,ok,0,0,0,1,3,6,2,0,0,0,0
gen_00231,7,-7.516,ok,1,0,0,0,4,4,1,0,0,0,1
gen_00232,1,-6.58,ok,1,0,0,0,4,6,0,1,0,0,0
gen_00232,2,-6.573,ok,1,0,0,1,4,6,1,1,0,0,0
gen_00232,3,-6.546,ok,1,0,0,1,4,6,1,1,0,0,0
gen_00233,1,-7.813,ok,1,0,0,1,5,5,4,0,0,0,0
gen_00233,2,-7.744,ok,1,0,0,1,4,6,4,0,0,0,0
gen_00234,1,-7.718,ok,1,0,0,1,4,5,2,1,0,0,0
gen_00235,1,-7.584,ok,1,0,0,1,4,5,3,0,0,0,0
gen_00236,1,-7.004,ok,1,0,1,0,4,6,1,0,0,0,0
gen_00236,2,-6.97,ok,1,0,1,0,4,5,1,0,0,0,0
gen_00236,3,-6.848,ok,1,0,1,0,4,6,1,0,0,0,0
gen_00236,4,-6.842,ok,1,0,1,1,4,5,2,0,0,0,0
gen_00237,1,-6.956,ok,1,0,0,1,4,2,2,0,0,0,0
gen_00237,2,-6.933,ok,1,0,0,1,4,2,2,0,0,0,0
gen_00237,3,-6.855,ok,1,0,0,1,4,1,1,0,0,0,0
gen_00237,4,-6.849,ok,1,0,0,1,4,2,2,0,0,0,0
gen_00238,1,-7.645,ok,1,0,0,1,5,3,4,0,0,0,0
gen_00238,2,-7.641,ok,1,0,0,1,4,1,4,0,0,0,0
gen_00238,3,-7.627,ok,1,1,0,1,4,2,3,0,0,0,0
gen_00238,4,-7.608,ok,1,0,0,1,5,2,4,0,0,0,0
gen_00238,5,-7.331,ok,0,0,0,1,0,1,5,0,0,0,0
gen_00238,6,-7.32,ok,0,0,0,1,0,1,5,0,0,0,0
gen_00239,1,-7.002,ok,1,0,0,1,4,6,1,0,0,0,0
gen_00239,2,-7.001,ok,1,0,1,1,4,5,4,0,0,0,0
gen_00239,3,-6.98,ok,1,0,0,1,4,5,3,0,0,0,0
gen_00240,1,-10.34,ok,0,0,0,1,0,0,1,0,0,0,0
gen_00240,2,-0.559,ok,0,0,1,1,0,1,4,0,0,0,1
gen_00241,1,-6.995,ok,0,0,1,0,3,1,2,1,0,0,0
gen_00241,2,-6.981,ok,0,0,1,0,3,2,2,1,0,0,0
gen_00241,3,-6.975,ok,0,0,1,0,3,1,2,1,0,0,0
gen_00241,4,-6.964,ok,0,0,1,1,3,1,3,1,0,0,0
gen_00241,5,-6.96,ok,0,0,1,0,3,2,2,1,0,0,0
gen_00241,6,-6.934,ok,0,0,1,0,3,2,1,1,0,0,0
gen_00241,7,-6.813,ok,0,0,1,1,3,1,4,1,0,0,0
gen_00242,1,-6.652,ok,1,0,0,1,4,1,4,0,0,0,0
gen_00242,2,-6.589,ok,1,0,0,1,4,1,4,0,0,0,0
gen_00243,1,-8.075,ok,1,0,1,0,4,5,1,1,0,0,0
gen_00243,2,-8.07,ok,1,0,1,0,4,5,0,1,0,0,0
gen_00243,3,-8.048,ok,1,0,1,0,4,5,1,1,0,0,0
gen_00243,4,-8.035,ok,1,0,1,0,4,5,0,1,0,0,0
gen_00243,5,-8.004,ok,1,0,1,0,4,5,1,1,0,0,0
gen_00243,6,-7.993,ok,1,0,1,0,4,5,1,1,0,0,0
gen_00244,1,-9.218,ok,1,0,1,1,4,6,5,1,0,0,0
gen_00244,2,-9.199,ok,1,0,1,1,4,6,5,1,0,0,0
gen_00244,3,-9.176,ok,1,0,1,1,4,6,5,1,0,0,0
gen_00244,4,-8.663,ok,1,0,0,1,4,7,4,0,0,0,0
gen_00244,5,-8.628,ok,1,0,0,1,4,7,4,0,0,0,0
gen_00244,6,-8.613,ok,1,0,0,1,4,7,4,0,0,0,0
gen_00245,1,-7.67,ok,1,0,1,1,4,4,5,0,0,0,0
gen_00245,2,-7.563,ok,1,0,0,1,4,4,5,0,0,0,0
gen_00246,1,-7.222,ok,0,0,0,1,0,2,4,0,0,0,0
gen_00246,2,-7.163,ok,1,0,0,1,4,6,1,0,0,0,0
gen_00247,1,-7.281,ok,1,0,0,1,4,7,2,0,0,0,0
gen_00247,2,-7.271,ok,1,0,0,1,4,7,2,0,0,0,0
gen_00247,3,-7.26,ok,1,0,0,1,4,6,4,0,0,0,0
gen_00247,4,-7.127,ok,1,0,1,1,4,2,3,0,0,0,0
gen_00247,5,-7.094,ok,1,0,0,1,4,6,3,0,0,0,0
gen_00247,6,-6.958,ok,1,1,1,1,4,3,3,0,0,0,0
gen_00248,1,-7.308,ok,0,0,1,1,3,4,4,0,0,0,0
gen_00248,2,-7.271,ok,0,1,1,1,3,4,4,0,0,0,0
gen_00248,3,-7.233,ok,0,1,1,1,3,5,4,0,0,0,0
gen_00248,4,-7.134,ok,1,0,1,1,4,6,4,0,0,0,0
gen_00248,5,-7.111,ok,1,0,1,0,4,6,0,1,0,0,0
gen_00248,6,-7.07,ok,1,0,1,0,4,6,0,1,0,0,0
gen_00248,7,-6.94,ok,1,0,1,0,4,5,0,1,0,0,0
gen_00249,1,-7.745,ok,1,0,0,1,5,4,3,0,0,0,0
gen_00249,2,-7.726,ok,1,0,0,1,5,4,2,0,0,0,0
gen_00249,3,-7.726,ok,1,0,0,1,5,4,2,0,0,0,0
gen_00249,4,-7.615,ok,1,0,0,1,5,4,2,0,0,0,0
gen_00250,1,-7.181,ok,1,0,1,1,4,5,5,0,0,0,0
gen_00250,2,-7.179,ok,1,0,1,1,4,5,4,0,0,0,0
gen_00250,3,-7.154,ok,1,0,1,1,4,6,5,0,0,0,0
gen_00250,4,-7.113,ok,1,0,1,1,5,3,5,0,0,0,0
gen_00251,1,-6.985,ok,1,0,0,1,4,5,3,0,0,0,0
gen_00251,2,-6.981,ok,1,0,0,1,4,5,2,0,0,0,0
gen_00252,1,-7.19,ok,1,0,0,1,4,0,1,0,0,0,1
gen_00252,2,-7.125,ok,1,0,0,1,4,1,1,0,0,0,1
gen_00252,3,-7.121,ok,1,0,0,0,4,0,0,0,0,0,1
gen_00252,4,-7.028,ok,1,0,0,1,4,1,1,0,0,0,1
gen_00253,1,-7.99,ok,1,0,0,1,4,6,2,0,0,0,0
gen_00253,2,-7.98,ok,1,0,0,1,4,6,2,0,0,0,0
gen_00253,3,-7.96,ok,1,0,0,1,4,6,2,0,0,0,0
gen_00253,4,-7.947,ok,1,0,0,1,4,6,2,0,0,0,0
gen_00254,1,-8.135,ok,1,1,0,1,4,6,2,0,0,0,0
gen_00254,2,-8.111,ok,1,1,0,1,4,6,2,0,0,0,0
gen_00255,1,-7.686,ok,1,0,1,1,4,7,4,0,0,0,0
gen_00255,2,-7.633,ok,0,0,1,1,3,6,3,0,0,0,0
gen_00255,3,-7.52,ok,1,0,1,1,4,7,4,0,0,0,0
gen_00256,1,-7.637,ok,1,0,1,1,4,6,4,0,0,0,0
gen_00256,2,-7.605,ok,1,0,1,1,4,7,4,0,0,0,0
gen_00256,3,-7.602,ok,1,0,1,1,4,6,4,0,0,0,0
gen_00256,4,-7.564,ok,1,0,1,1,4,7,3,0,0,0,0
gen_00257,1,-7.925,ok,1,0,0,1,4,7,2,0,1,0,0
gen_00257,2,-7.919,ok,1,0,0,1,4,7,2,0,1,0,0
gen_00257,3,-7.909,ok,1,0,0,1,4,8,2,0,1,0,0
gen_00257,4,-7.889,ok,1,0,0,1,4,8,2,0,1,0,0
gen_00258,1,-7.402,ok,1,0,1,0,4,5,1,0,0,0,0
gen_00259,1,-7.026,ok,1,0,1,1,5,4,2,1,0,0,0
gen_00259,2,-6.99,ok,1,0,0,1,5,3,3,0,0,0,0
gen_00259,3,-6.975,ok,1,0,0,1,5,3,3,0,0,0,0
gen_00259,4,-6.952,ok,1,0,1,1,5,4,2,1,0,0,0
gen_00259,5,-6.916,ok,1,0,1,1,4,7,3,1,0,0,0
gen_00260,1,-6.973,ok,1,0,1,1,4,6,1,0,0,0,0
gen_00260,2,-6.97,ok,1,0,1,1,4,8,1,0,0,0,0
gen_00261,1,-6.568,ok,1,0,1,1,4,7,1,1,0,0,0
gen_00261,2,-6.565,ok,1,0,1,1,4,7,1,1,0,0,0
gen_00262,1,-7.6,ok,1,0,0,1,4,5,2,0,0,0,0
gen_00263,1,-6.595,ok,1,0,0,1,4,7,1,0,0,0,0
gen_00263,2,-6.56,ok,1,0,1,1,4,7,1,0,0,0,0
gen_00263,3,-6.559,ok,1,0,0,1,4,7,1,0,0,0,0
gen_00263,4,-6.517,ok,1,0,1,1,4,6,3,0,0,0,0
gen_00263,5,-6.502,ok,1,0,1,1,4,6,3,0,0,0,0
gen_00264,1,-6.979,ok,1,0,1,0,4,3,0,1,0,0,0
gen_00264,2,-6.972,ok,1,0,1,0,4,3,0,1,0,0,0
gen_00264,3,-6.96,ok,1,0,1,0,4,3,0,1,0,0,0
gen_00264,4,-6.939,ok,1,0,1,0,4,3,0,1,0,0,0
gen_00264,5,-6.937,ok,1,0,1,1,4,3,1,1,0,0,0
gen_00264,6,-6.905,ok,1,0,1,0,4,3,0,1,0,0,0
gen_00264,7,-6.891,ok,1,0,1,1,4,2,1,1,0,0,0
gen_00264,8,-6.825,ok,1,0,1,0,4,3,0,1,0,0,0
gen_00264,9,-6.694,ok,1,0,1,0,4,3,0,1,0,0,0
gen_00264,10,-6.644,ok,1,0,1,0,4,3,0,1,0,0,0
gen_00264,11,-6.475,ok,0,0,1,0,3,1,1,0,0,0,0
gen_00265,1,-7.324,ok,1,0,1,1,4,2,3,1,0,0,1
gen_00265,2,-7.266,ok,1,0,1,1,4,6,1,1,0,0,0
gen_00265,3,-7.217,ok,1,0,1,1,4,6,1,1,0,0,0
gen_00265,4,-7.198,ok,1,0,1,1,4,6,2,1,0,0,0
gen_00266,1,-7.103,ok,1,0,0,0,4,5,2,0,0,0,2
gen_00266,2,-7.098,ok,1,0,0,0,4,5,2,0,0,0,2
gen_00267,1,-7.362,ok,1,0,1,1,4,7,3,0,0,0,0
gen_00267,2,-7.343,ok,1,0,1,1,4,6,3,0,0,0,0
gen_00267,3,-7.338,ok,1,0,1,1,4,6,3,0,0,0,0
gen_00267,4,-7.318,ok,0,0,1,1,3,4,4,0,1,0,0
gen_00268,1,-8.451,ok,0,0,1,1,3,6,3,0,0,0,1
gen_00268,2,-8.442,ok,0,0,0,1,3,5,3,0,0,0,1
gen_00268,3,-8.432,ok,0,0,0,1,3,6,3,0,0,0,1
gen_00268,4,-8.428,ok,0,0,0,1,3,5,3,0,0,0,1
gen_00268,5,-8.427,ok,0,0,1,1,3,6,4,0,0,0,1
gen_00268,6,-8.414,ok,0,0,0,1,3,6,3,0,0,0,1
gen_00268,7,-8.41,ok,0,0,0,1,3,6,3,0,0,0,1
gen_00268,8,-8.409,ok,0,0,1,1,3,6,3,0,0,0,1
gen_00268,9,-8.373,ok,0,0,1,1,3,5,4,0,0,0,1
gen_00269,1,-6.911,ok,1,0,1,1,4,5,4,0,0,0,1
gen_00269,2,-6.858,ok,1,0,1,1,4,5,3,0,0,0,0
gen_00269,3,-6.843,ok,1,0,1,1,4,5,3,0,0,0,0
gen_00270,1,-7.487,ok,0,0,0,1,3,1,5,0,0,0,0
gen_00270,2,-7.418,ok,0,0,0,1,3,0,4,0,0,0,0
gen_00271,1,-8.262,ok,0,0,0,1,3,5,3,0,0,0,0
gen_00271,2,-8.239,ok,0,0,0,1,3,5,1,0,0,0,0
gen_00271,3,-8.165,ok,0,0,0,0,3,5,1,1,0,0,0
gen_00271,4,-8.142,ok,0,0,0,0,3,6,1,1,0,0,0
gen_00271,5,-8.108,ok,0,0,0,1,3,5,2,0,0,0,0
gen_00271,6,-8.092,ok,0,0,0,1,3,5,2,0,0,0,0
gen_00271,7,-7.832,ok,1,1,1,1,4,7,2,0,0,0,0
gen_00271,8,-7.764,ok,0,1,0,1,3,7,3,0,0,0,0
gen_00272,1,-7.895,ok,1,1,0,0,4,5,3,0,0,0,0
gen_00272,2,-7.894,ok,0,1,0,1,3,5,4,0,0,0,0
gen_00272,3,-7.789,ok,0,0,0,0,3,5,3,0,0,0,0
gen_00272,4,-7.751,ok,0,0,0,0,3,5,3,0,0,0,0
gen_00272,5,-7.702,ok,0,0,1,0,3,5,1,1,0,0,0
gen_00272,6,-7.675,ok,0,1,0,1,3,5,2,2,0,0,0
gen_00273,1,-7.082,ok,1,0,1,1,4,6,1,0,0,0,0
gen_00273,2,-6.976,ok,1,0,0,1,4,6,4,0,0,0,0
gen_00274,1,-7.751,ok,1,0,1,0,4,7,4,0,0,0,0
gen_00274,2,-7.746,ok,1,0,1,0,4,7,4,0,0,0,0
gen_00275,1,-83.68,ok,0,0,0,0,0,0,0,0,0,0,0
gen_00276,1,-6.923,ok,1,0,0,0,4,5,1,0,0,0,0
gen_00276,2,-6.91,ok,1,1,0,1,5,1,3,0,0,0,0
gen_00276,3,-6.868,ok,1,0,0,0,4,5,1,0,0,0,0
gen_00276,4,-6.852,ok,0,1,0,1,3,2,4,0,0,0,0
gen_00276,5,-6.833,ok,1,1,0,1,4,1,2,0,0,0,0
gen_00276,6,-6.788,ok,1,1,0,1,4,1,2,0,0,0,0
gen_00276,7,-6.774,ok,1,1,0,1,5,1,2,0,0,0,0
gen_00277,1,-8.44,ok,1,0,1,0,4,7,0,1,0,0,0
gen_00277,2,-8.431,ok,1,0,1,0,4,6,1,0,0,0,0
gen_00277,3,-8.332,ok,1,0,1,0,4,8,1,0,0,0,0
gen_00277,4,-8.321,ok,1,0,1,0,4,6,2,0,0,0,0
gen_00277,5,-8.297,ok,1,0,1,1,5,6,3,0,0,0,0
gen_00277,6,-8.229,ok,1,0,1,1,4,6,3,0,0,0,0
gen_00277,7,-8.158,ok,1,0,0,1,5,4,2,0,1,0,0
gen_00277,8,-8.004,ok,1,0,0,1,4,3,1,0,1,0,0
gen_00277,9,-7.948,ok,1,0,0,1,4,3,2,0,1,0,0
gen_00278,1,-7.413,ok,1,0,1,1,4,7,4,1,0,0,0
gen_00278,2,-7.334,ok,1,0,1,1,4,6,4,1,0,0,0
gen_00278,3,-7.284,ok,0,0,1,0,3,1,4,1,0,0,0
gen_00278,4,-7.267,ok,1,0,1,1,4,3,5,0,0,0,0
gen_00278,5,-7.258,ok,1,0,0,1,4,0,4,0,0,0,0
gen_00278,6,-7.231,ok,1,0,1,1,4,1,5,0,0,0,0
gen_00278,7,-7.207,ok,1,0,1,1,4,3,5,0,0,0,0
gen_00278,8,-7.194,ok,0,0,1,0,3,1,5,1,0,0,0
gen_00278,9,-7.085,ok,0,0,1,0,3,0,3,1,0,0,0
gen_00279,1,-8.208,ok,0,0,0,1,3,4,1,0,0,0,1
gen_00279,2,-8.202,ok,0,0,0,1,3,4,2,0,0,0,1
gen_00279,3,-8.189,ok,0,0,0,1,3,4,2,0,0,0,1
gen_00279,4,-8.184,ok,0,0,0,1,3,4,2,0,0,0,1
gen_00279,5,-8.171,ok,0,0,0,1,3,4,2,0,0,0,1
gen_00279,6,-8.168,ok,0,0,0,1,3,4,1,0,0,0,1
gen_00279,7,-8.164,ok,0,0,0,1,3,5,2,0,0,0,1
gen_00279,8,-8.15,ok,0,0,0,1,3,5,1,0,0,0,1
gen_00280,1,-6.797,ok,1,0,1,1,4,5,3,1,0,0,0
gen_00280,2,-6.73,ok,1,0,1,1,4,4,3,1,0,0,0
gen_00281,1,-8.046,ok,1,0,1,1,4,3,2,2,0,0,0
gen_00281,2,-8.043,ok,1,0,1,0,4,4,1,2,0,0,0
gen_00281,3,-7.922,ok,1,0,1,0,4,3,1,2,0,0,0
gen_00281,4,-7.887,ok,1,0,1,1,5,3,2,2,0,0,0
gen_00282,1,-8.426,ok,1,0,0,1,4,6,4,0,0,0,0
gen_00282,2,-8.414,ok,1,0,0,1,4,6,4,0,0,0,0
gen_00283,1,-6.93,ok,1,0,0,1,4,4,3,0,0,0,0
gen_00283,2,-6.913,ok,1,0,0,1,4,4,2,0,0,0,0
gen_00284,1,-7.776,ok,1,0,1,0,4,5,1,1,0,0,0
gen_00284,2,-7.767,ok,1,0,1,0,4,5,1,1,0,0,0
gen_00284,3,-7.732,ok,1,0,1,0,4,5,1,1,0,0,1
gen_00284,4,-7.725,ok,1,0,1,0,4,5,1,1,0,0,1
gen_00284,5,-7.721,ok,1,0,1,0,4,5,1,1,0,0,0
gen_00284,6,-7.711,ok,1,0,1,0,4,5,1,1,0,0,0
gen_00285,1,-7.568,ok,1,0,1,0,4,6,0,1,0,0,0
gen_00285,2,-7.556,ok,1,0,1,0,4,5,0,1,0,0,0
gen_00286,1,-6.966,ok,0,0,0,1,0,0,4,0,0,0,1
gen_00286,2,-6.964,ok,1,0,1,0,4,1,1,0,0,0,1
gen_00286,3,-6.959,ok,0,0,0,1,0,0,4,0,0,0,1
gen_00286,4,-6.958,ok,1,0,1,0,4,1,0,0,0,0,1
gen_00286,5,-6.948,ok,0,0,0,1,0,0,4,0,0,0,1
gen_00286,6,-6.922,ok,1,0,1,0,4,3,0,0,0,0,1
gen_00286,7,-6.915,ok,1,0,1,0,4,1,1,0,0,0,1
gen_00286,8,-6.898,ok,1,0,1,0,4,3,0,0,0,0,1
gen_00287,1,-7.552,ok,0,0,0,1,3,3,4,0,1,0,0
gen_00287,2,-7.549,ok,0,0,0,1,3,3,6,0,1,0,0
gen_00287,3,-7.479,ok,0,0,0,1,3,3,6,0,1,0,0
gen_00287,4,-7.378,ok,1,0,0,0,4,7,1,0,0,0,0
gen_00287,5,-7.354,ok,1,0,0,1,4,6,3,0,0,0,0
gen_00287,6,-7.34,ok,1,0,0,1,4,6,3,0,0,0,0
gen_00288,1,-8.22,ok,1,0,0,1,4,2,3,0,1,0,0
gen_00288,2,-8.211,ok,1,0,0,1,4,2,3,0,1,0,0
gen_00288,3,-8.192,ok,1,0,0,1,4,2,2,0,1,0,0
gen_00288,4,-8.152,ok,1,0,0,1,4,2,3,0,0,0,0
gen_00288,5,-8.146,ok,1,0,0,1,4,2,3,0,1,0,0
gen_00289,1,-7.726,ok,0,0,0,1,3,3,3,0,0,0,0
gen_00289,2,-7.714,ok,0,0,0,1,3,3,3,0,0,0,0
gen_00289,3,-7.708,ok,0,0,0,1,3,3,3,0,0,0,0
gen_00289,4,-7.705,ok,0,0,0,1,3,3,3,0,0,0,0
gen_00290,1,-6.683,ok,0,0,0,1,3,4,2,0,0,0,0
gen_00290,2,-6.606,ok,0,0,0,1,3,4,2,0,0,0,0
gen_00290,3,-6.572,ok,1,0,0,1,4,6,2,0,0,0,0
gen_00290,4,-6.542,ok,0,0,0,1,3,3,2,1,0,0,0
gen_00291,1,-8.059,ok,1,0,0,1,4,5,2,1,0,0,0
gen_00291,2,-8.046,ok,1,0,0,1,4,6,2,0,0,0,0
gen_00291,3,-8.004,ok,1,0,0,1,4,6,2,0,0,0,0
gen_00291,4,-7.998,ok,0,0,0,1,3,5,3,0,0,0,1
gen_00291,5,-7.998,ok,0,0,0,1,3,5,3,0,0,0,1
gen_00291,6,-7.924,ok,1,0,0,1,4,5,3,0,0,0,1
gen_00291,7,-7.867,ok,1,0,0,1,4,6,1,0,0,0,1
gen_00291,8,-7.852,ok,1,0,0,1,4,6,1,0,0,0,1
gen_00292,1,-7.67,ok,1,0,1,1,4,6,3,0,0,0,0
gen_00292,2,-7.636,ok,1,0,1,0,4,7,1,0,0,0,0
gen_00293,1,-8.439,ok,1,0,1,1,4,5,4,0,0,0,0
gen_00293,2,-8.417,ok,1,0,1,1,4,5,5,0,0,0,0
gen_00293,3,-8.412,ok,1,0,1,1,5,5,5,0,0,0,0
gen_00294,1,-7.07,ok,0,0,1,0,3,5,1,1,0,0,0
gen_00294,2,-7.068,ok,1,0,1,0,4,7,1,1,0,0,0
gen_00294,3,-6.975,ok,0,0,1,0,3,6,1,1,0,0,0
gen_00294,4,-6.929,ok,1,0,0,1,4,5,2,1,0,0,0
gen_00294,5,-6.904,ok,1,0,0,1,4,6,2,1,0,0,0
gen_00295,1,-7.27,ok,1,0,0,1,4,5,2,0,0,0,0
gen_00296,1,-6.881,ok,1,0,0,1,4,7,3,0,0,0,0
gen_00296,2,-6.793,ok,1,0,0,1,4,7,3,0,0,0,0
gen_00296,3,-6.59,ok,1,0,0,1,4,3,3,0,0,0,0
gen_00296,4,-6.545,ok,1,0,0,1,4,2,3,0,0,0,0
gen_00296,5,-6.537,ok,1,0,0,1,4,3,3,0,0,0,0
gen_00296,6,-6.413,ok,0,0,1,1,3,3,1,0,0,0,0
gen_00296,7,-6.361,ok,0,0,0,0,0,2,2,0,0,0,0
gen_00297,1,-7.781,ok,1,0,0,1,4,5,1,1,0,0,1
gen_00297,2,-7.745,ok,1,0,0,1,4,6,2,1,0,0,1
gen_00298,1,-8.099,ok,1,0,0,1,5,4,4,1,0,0,0
gen_00298,2,-8.069,ok,1,0,0,1,4,4,2,1,0,0,0
gen_00298,3,-8.056,ok,1,0,0,1,4,4,2,1,0,0,0
gen_00298,4,-7.989,ok,1,0,0,1,4,4,2,1,0,0,0
gen_00299,1,-7.309,ok,1,0,1,0,4,9,1,0,0,0,0
gen_00299,2,-7.205,ok,1,0,1,0,4,9,1,0,0,0,0
gen_00299,3,-7.182,ok,1,0,1,0,4,9,1,0,0,0,0
gen_00299,4,-7.09,ok,1,0,0,1,4,7,1,0,0,0,0
gen_00299,5,-7.062,ok,0,0,0,1,0,2,2,0,0,0,0
gen_00299,6,-7.041,ok,0,0,0,1,0,2,2,0,0,0,0
gen_00299,7,-7.037,ok,0,0,0,1,0,2,2,0,0,0,0
gen_00300,1,-7.313,ok,1,0,0,1,4,7,2,1,0,0,0
gen_00300,2,-7.312,ok,1,0,0,1,4,7,2,1,0,0,0
gen_00300,3,-7.283,ok,1,0,0,1,4,7,1,1,0,0,0
gen_00300,4,-7.274,ok,1,0,0,1,4,7,2,1,0,0,0
gen_00300,5,-7.266,ok,1,0,0,1,4,7,1,1,0,0,0
gen_00300,6,-7.261,ok,1,0,0,1,4,7,1,1,0,0,0
gen_00300,7,-7.256,ok,1,0,0,1,4,7,2,1,0,0,0
gen_00300,8,-7.247,ok,1,0,0,1,4,7,1,0,0,0,0
gen_00300,9,-7.221,ok,1,0,0,1,4,7,1,1,0,0,0
gen_00301,1,-7.135,ok,0,1,0,1,3,3,3,0,0,0,0
gen_00301,2,-7.132,ok,0,1,0,1,3,3,3,0,0,0,0
gen_00301,3,-7.078,ok,0,1,0,1,3,3,3,0,0,0,0
gen_00302,1,-7.273,ok,1,0,0,1,4,6,1,0,0,0,0
gen_00302,2,-7.244,ok,1,0,0,1,4,6,2,0,0,0,0
gen_00302,3,-7.214,ok,1,0,0,1,4,6,2,0,0,0,0
gen_00302,4,-7.207,ok,1,0,1,0,5,5,3,0,0,0,0
gen_00302,5,-7.195,ok,1,0,0,1,4,6,2,0,0,0,0
gen_00303,1,-8.248,ok,1,0,1,1,5,4,5,0,0,0,0
gen_00303,2,-8.243,ok,1,0,1,1,5,4,5,0,0,0,0
gen_00303,3,-8.238,ok,1,0,1,1,5,4,5,0,0,0,0
gen_00303,4,-8.187,ok,1,0,1,1,4,4,5,0,0,0,0
gen_00303,5,-8.186,ok,1,0,1,1,4,4,6,0,0,0,0
gen_00303,6,-8.174,ok,1,0,1,1,4,4,6,0,0,0,0
gen_00303,7,-8.14,ok,1,0,1,1,4,4,5,0,0,0,0
gen_00303,8,-8.117,ok,1,0,1,1,5,4,5,0,0,0,0
gen_00304,1,-7.577,ok,1,0,0,1,4,6,2,0,0,0,0
gen_00304,2,-7.566,ok,1,0,0,1,4,5,2,0,0,0,0
gen_00304,3,-7.431,ok,1,1,0,1,4,6,2,0,0,0,0
gen_00304,4,-7.41,ok,1,0,0,1,4,4,2,0,0,0,0
gen_00305,1,-7.482,ok,1,0,0,1,4,6,3,0,0,0,0
gen_00305,2,-7.481,ok,1,0,0,1,4,6,3,0,0,0,0
gen_00305,3,-7.476,ok,1,0,0,1,4,5,3,0,0,0,0
gen_00305,4,-7.459,ok,1,0,0,1,4,5,3,0,0,0,0
gen_00306,1,-48.432,ok,0,0,1,0,0,1,0,0,0,0,0
gen_00307,1,-7.374,ok,1,0,0,1,4,7,1,0,0,0,0
gen_00308,1,-8.065,ok,1,0,0,1,4,6,4,1,0,0,0
gen_00309,1,-7.069,ok,1,0,0,1,5,4,1,0,0,0,0
gen_00309,2,-7.046,ok,1,0,0,1,5,4,1,0,0,0,0
gen_00309,3,-6.931,ok,1,0,1,1,5,4,1,0,0,0,0
gen_00309,4,-6.875,ok,1,0,1,1,4,7,2,0,0,0,0
gen_00309,5,-6.843,ok,1,0,1,1,4,6,2,0,0,0,0
gen_00310,1,-7.733,ok,1,0,0,1,4,5,2,0,0,0,0
gen_00310,2,-7.716,ok,1,0,0,1,4,5,2,0,0,0,0
gen_00311,1,-8.335,ok,1,0,1,0,4,6,1,1,0,0,0
gen_00311,2,-8.289,ok,1,0,1,0,4,6,0,1,0,0,0
gen_00311,3,-8.26,ok,1,0,1,0,4,6,1,1,0,0,0
gen_00311,4,-8.259,ok,1,0,1,1,4,7,3,0,0,0,0
gen_00311,5,-8.227,ok,1,0,1,0,4,6,1,1,0,0,0
gen_00312,1,-7.546,ok,1,0,1,1,4,5,2,0,0,0,0
gen_00312,2,-7.479,ok,1,0,0,1,5,4,2,0,0,0,0
gen_00312,3,-7.476,ok,1,0,0,1,5,4,2,0,0,0,0
gen_00312,4,-7.451,ok,1,0,0,1,5,4,2,0,0,0,0
gen_00312,5,-7.43,ok,1,0,0,1,5,4,2,0,0,0,0
gen_00312,6,-7.398,ok,1,0,0,1,5,4,2,0,0,0,0
gen_00313,1,-7.949,ok,1,0,1,1,5,3,2,2,0,0,0
gen_00313,2,-7.94,ok,1,0,1,1,5,3,2,2,0,0,0
gen_00314,1,-7.513,ok,1,0,0,1,4,5,4,0,0,0,0
gen_00314,2,-7.504,ok,1,0,0,1,4,5,4,0,0,0,0
gen_00314,3,-7.494,ok,1,0,0,1,4,5,4,0,0,0,0
gen_00314,4,-7.492,ok,1,0,0,1,4,5,4,0,0,0,0
gen_00315,1,-8.054,ok,1,0,0,1,4,6,3,1,0,0,0
gen_00315,2,-8.036,ok,1,0,0,1,4,7,4,1,0,0,0
gen_00315,3,-7.958,ok,1,0,0,1,4,7,1,1,0,0,0
gen_00315,4,-7.672,ok,0,0,0,1,0,3,5,0,0,0,0
gen_00316,1,-6.95,ok,1,0,1,0,4,5,0,1,0,0,0
gen_00317,1,-6.911,ok,0,0,1,0,3,4,0,0,0,0,0
gen_00317,2,-6.874,ok,0,0,1,0,3,4,0,0,0,0,0
gen_00318,1,-7.45,ok,0,0,0,1,3,3,3,0,0,0,0
gen_00318,2,-7.443,ok,0,0,0,1,3,3,3,0,0,0,0
gen_00319,1,-7.376,ok,1,0,0,0,4,5,0,0,0,0,0
gen_00319,2,-7.152,ok,0,0,1,1,0,5,2,0,0,0,0
gen_00319,3,-7.101,ok,1,0,0,1,4,1,4,0,0,0,0
gen_00320,1,-7.936,ok,0,0,0,1,3,6,3,0,0,0,0
gen_00320,2,-7.847,ok,1,0,1,0,4,5,1,1,0,0,1
gen_00320,3,-7.757,ok,0,0,0,0,3,7,1,0,0,0,0
gen_00320,4,-7.647,ok,1,0,1,0,4,5,2,1,0,0,1
gen_00320,5,-7.645,ok,1,0,1,1,4,3,4,0,0,0,0
gen_00320,6,-7.587,ok,0,0,1,0,3,7,2,0,0,0,1
gen_00320,7,-7.547,ok,1,0,1,1,4,2,5,0,0,0,0
gen_00321,1,-7.525,ok,1,0,0,1,4,6,3,1,0,0,0
gen_00321,2,-7.492,ok,1,0,0,1,4,5,4,1,0,0,0
gen_00321,3,-7.477,ok,1,0,0,1,4,6,4,1,0,0,0
gen_00321,4,-7.46,ok,1,0,1,1,4,5,4,0,0,0,0
gen_00322,1,-7.743,ok,0,0,0,1,0,3,2,0,0,0,0
gen_00323,1,-8.106,ok,1,0,0,1,4,6,5,0,0,0,0
gen_00323,2,-8.08,ok,1,0,0,1,4,6,6,0,0,0,0
gen_00323,3,-8.071,ok,1,0,0,1,4,6,5,0,0,0,0
gen_00323,4,-8.048,ok,1,0,0,1,4,6,5,0,0,0,0
gen_00323,5,-8.036,ok,1,0,0,1,4,6,5,0,0,0,0
gen_00323,6,-7.618,ok,1,0,1,1,5,4,7,0,0,0,0
gen_00323,7,-7.305,ok,1,0,1,1,4,8,7,0,0,0,0
gen_00324,1,-6.985,ok,1,0,0,1,5,3,2,1,0,0,0
gen_00324,2,-6.982,ok,1,0,0,1,5,3,2,1,0,0,0
gen_00324,3,-6.963,ok,1,0,0,1,5,3,2,1,0,0,0
gen_00324,4,-6.951,ok,1,0,0,1,5,4,2,1,0,0,0
gen_00324,5,-6.905,ok,1,0,1,1,5,5,2,1,0,0,0
gen_00324,6,-6.896,ok,1,0,1,1,5,5,2,1,0,0,0
gen_00325,1,-7.065,ok,1,0,0,1,4,0,1,0,0,0,0
gen_00325,2,-7.057,ok,1,0,0,1,4,0,1,0,0,0,0
gen_00326,1,-6.568,ok,1,0,0,1,4,4,2,0,0,0,0
gen_00326,2,-6.517,ok,1,0,0,1,4,5,2,0,0,0,0
gen_00326,3,-6.499,ok,1,0,0,1,4,4,1,0,0,0,0
gen_00326,4,-6.486,ok,1,0,0,1,4,5,1,0,0,0,0
gen_00326,5,-6.47,ok,1,0,1,1,4,2,3,1,0,0,0
gen_00326,6,-6.421,ok,1,0,0,1,4,4,1,0,0,0,0
gen_00327,1,-7.468,ok,1,0,0,1,4,5,3,0,0,0,0
gen_00327,2,-7.465,ok,1,0,0,1,4,5,3,0,0,0,0
gen_00328,1,-7.667,ok,1,0,1,0,4,5,0,2,0,0,0
gen_00329,1,-8.243,ok,1,0,1,0,4,0,3,1,0,0,0
gen_00329,2,-8.025,ok,1,0,1,0,4,2,3,1,0,0,0
gen_00329,3,-8.005,ok,1,0,1,0,4,0,3,1,0,0,0
gen_00329,4,-7.46,ok,1,0,1,0,4,6,2,0,0,0,0
gen_00330,1,-8.471,ok,1,0,0,0,4,5,2,0,0,0,0
gen_00330,2,-8.462,ok,1,0,0,0,4,5,1,0,0,0,0
gen_00330,3,-8.369,ok,1,0,0,0,4,4,2,0,0,0,0
gen_00331,1,-7.565,ok,1,0,0,1,4,6,3,1,0,0,0
gen_00331,2,-7.542,ok,1,0,0,1,4,6,3,1,0,0,0
gen_00332,1,-9.111,ok,1,1,0,1,4,7,2,0,0,0,0
gen_00332,2,-9.046,ok,1,1,0,1,4,7,2,0,0,0,0
gen_00332,3,-9.027,ok,1,1,0,1,4,8,3,0,0,0,0
gen_00332,4,-8.98,ok,1,1,0,0,4,8,1,0,0,0,0
gen_00332,5,-8.967,ok,1,1,0,1,4,7,3,0,0,0,0
gen_00332,6,-8.966,ok,1,1,0,1,4,7,4,0,0,0,0
gen_00332,7,-8.941,ok,1,1,0,1,4,8,5,0,0,0,0
gen_00332,8,-8.909,ok,1,1,0,1,4,7,4,0,0,0,0
gen_00332,9,-8.757,ok,1,0,0,1,5,3,2,0,0,0,0
gen_00333,1,-7.015,ok,1,0,1,1,5,3,2,0,0,0,1
gen_00333,2,-7.012,ok,1,0,1,1,5,3,2,0,0,0,1
gen_00334,1,-7.984,ok,1,0,0,1,4,5,2,0,0,0,0
gen_00334,2,-7.978,ok,1,0,0,1,4,5,3,0,0,0,0
gen_00334,3,-7.965,ok,1,0,0,1,4,5,3,0,0,0,0
gen_00335,1,-7.366,ok,1,0,1,1,4,5,3,0,0,0,0
gen_00336,1,-8.488,ok,1,0,0,1,4,7,3,0,0,0,0
gen_00336,2,-8.461,ok,1,0,1,1,4,5,4,0,0,0,0
gen_00336,3,-8.454,ok,1,0,0,1,4,7,2,1,0,0,0
gen_00336,4,-8.434,ok,1,0,0,1,4,7,3,0,0,0,0
gen_00336,5,-8.413,ok,1,0,1,1,4,6,4,0,0,0,0
gen_00337,1,-7.212,ok,1,0,1,1,4,5,4,0,0,0,0
gen_00337,2,-7.212,ok,1,0,1,1,4,5,4,0,0,0,0
gen_00337,3,-7.07,ok,1,0,0,1,4,5,1,0,0,0,0
gen_00337,4,-7.068,ok,1,0,0,1,4,5,1,0,0,0,0
gen_00338,1,-7.123,ok,1,0,1,1,4,1,2,0,0,0,0
gen_00338,2,-7.113,ok,1,0,1,1,4,2,2,0,0,0,0
gen_00338,3,-7.062,ok,1,0,1,1,4,2,2,0,0,0,0
gen_00338,4,-6.725,ok,0,0,1,1,0,2,4,0,0,0,0
gen_00339,1,-7.887,ok,1,0,0,1,5,4,2,0,0,0,0
gen_00339,2,-7.793,ok,1,0,0,1,5,4,3,0,0,0,0
gen_00339,3,-7.786,ok,1,0,0,1,5,5,1,0,0,0,0
gen_00339,4,-7.76,ok,1,0,0,1,5,4,2,0,0,0,0
gen_00339,5,-7.744,ok,1,0,0,1,5,4,3,0,0,0,0
gen_00339,6,-7.71,ok,1,0,0,1,5,5,3,0,0,0,0
gen_00339,7,-7.68,ok,1,0,0,1,5,5,3,0,0,0,0
gen_00340,1,-7.604,ok,1,0,1,1,4,7,3,0,0,0,0
gen_00340,2,-7.575,ok,1,0,1,1,4,7,2,0,0,0,0
gen_00340,3,-7.485,ok,1,0,1,1,4,7,3,0,0,0,0
gen_00341,1,-8.338,ok,1,0,0,1,4,0,3,0,0,0,0
gen_00341,2,-8.309,ok,1,0,0,1,4,0,3,0,0,0,0
gen_00341,3,-8.298,ok,1,0,0,1,4,2,3,0,0,0,0
gen_00341,4,-8.287,ok,1,0,0,1,5,0,2,0,0,0,1
gen_00341,5,-8.271,ok,1,0,0,1,4,0,2,0,0,0,0
gen_00341,6,-8.269,ok,1,0,0,1,4,0,2,0,0,0,0
gen_00341,7,-8.256,ok,0,0,0,0,3,2,1,0,0,0,0
gen_00341,8,-8.252,ok,0,0,0,1,3,0,3,0,0,0,0
gen_00341,9,-8.246,ok,1,0,0,1,4,0,2,0,0,0,0
gen_00341,10,-8.237,ok,1,0,0,1,4,0,3,0,0,0,0
gen_00341,11,-8.233,ok,1,0,0,1,4,2,2,0,0,0,1
gen_00341,12,-8.222,ok,0,0,0,0,3,0,1,0,0,0,0
gen_00342,1,-7.726,ok,1,0,1,1,4,8,5,0,0,0,0
gen_00342,2,-7.722,ok,1,0,1,1,4,9,5,0,0,0,0
gen_00342,3,-7.641,ok,1,0,1,1,4,8,5,0,0,0,0
gen_00342,4,-7.627,ok,1,0,1,1,4,7,5,0,0,0,0
gen_00342,5,-7.626,ok,1,0,1,1,4,9,3,0,0,0,0
gen_00343,1,-6.891,ok,1,0,0,0,4,5,1,0,0,0,0
gen_00343,2,-6.884,ok,1,0,0,0,4,5,2,0,0,0,0
gen_00343,3,-6.778,ok,1,0,0,1,5,3,4,0,0,0,0
gen_00344,1,-8.26,ok,0,0,0,1,3,5,2,0,0,0,1
gen_00344,2,-8.226,ok,0,0,0,1,3,5,3,0,0,0,1
gen_00344,3,-8.216,ok,0,0,0,1,3,5,3,0,0,0,1
gen_00344,4,-8.178,ok,1,0,0,1,4,6,2,0,0,0,2
gen_00344,5,-8.176,ok,1,0,0,1,4,6,2,0,0,0,2
gen_00344,6,-8.136,ok,1,0,0,1,4,7,1,0,0,0,0
gen_00344,7,-8.112,ok,1,0,0,1,4,7,1,0,0,0,0
gen_00344,8,-8.102,ok,1,0,0,1,4,7,1,0,0,0,0
gen_00344,9,-8.087,ok,0,0,1,1,0,3,3,0,1,0,0
gen_00344,10,-8.078,ok,0,0,1,1,0,2,3,0,1,0,0
gen_00345,1,-6.932,ok,1,0,1,0,5,4,1,0,0,0,0
gen_00346,1,-7.734,ok,1,0,0,1,5,5,4,0,0,0,0
gen_00346,2,-7.726,ok,1,0,0,1,5,5,4,0,0,0,0
gen_00346,3,-7.698,ok,1,0,0,1,5,5,4,0,0,0,0
gen_00346,4,-7.676,ok,1,0,0,1,5,5,4,0,0,0,0
gen_00346,5,-7.638,ok,1,0,0,1,5,5,4,0,0,0,0
gen_00346,6,-7.62,ok,1,0,0,1,5,3,5,0,0,0,0
gen_00346,7,-7.608,ok,1,0,0,1,5,5,4,0,0,0,0
gen_00346,8,-7.593,ok,1,0,0,1,5,4,5,0,0,0,0
gen_00347,1,-7.697,ok,0,0,1,1,3,5,5,0,0,0,0
gen_00347,2,-7.671,ok,0,0,1,1,3,5,5,0,0,0,0
gen_00347,3,-7.669,ok,0,0,0,1,3,5,4,0,0,0,0
gen_00347,4,-7.657,ok,0,0,1,1,3,5,5,0,0,0,0
gen_00347,5,-7.648,ok,0,0,1,1,3,5,5,0,0,0,0
gen_00347,6,-7.647,ok,0,0,1,1,3,5,5,0,0,0,0
gen_00348,1,-7.04,ok,1,0,1,0,4,5,1,0,0,0,0
gen_00348,2,-7.037,ok,1,0,1,0,4,6,1,0,0,0,0
gen_00348,3,-7.0,ok,1,0,1,1,5,3,4,0,0,0,0
gen_00349,1,-7.671,ok,1,0,0,1,4,5,2,0,0,0,0
gen_00349,2,-7.658,ok,1,0,0,1,4,4,2,0,0,0,0
gen_00349,3,-7.524,ok,1,0,0,1,4,4,2,0,0,0,0
gen_00350,1,-7.354,ok,1,0,1,1,4,7,5,1,0,0,0
gen_00350,2,-7.215,ok,1,0,1,1,4,6,4,1,0,0,0
gen_00350,3,-7.184,ok,1,0,1,1,4,6,4,0,0,0,0
gen_00350,4,-7.153,ok,1,0,1,1,5,4,3,1,0,0,0
gen_00350,5,-7.138,ok,1,0,1,0,4,6,3,0,0,0,0
gen_00350,6,-7.107,ok,1,0,1,0,4,5,3,0,0,0,0
gen_00350,7,-7.104,ok,1,0,1,1,4,6,2,0,0,0,0
gen_00350,8,-7.104,ok,1,0,1,0,4,5,3,0,0,0,0
gen_00350,9,-7.081,ok,1,0,1,1,5,3,2,1,0,0,0
gen_00350,10,-7.058,ok,1,0,1,1,4,4,3,0,0,0,0
gen_00350,11,-7.043,ok,1,0,1,1,4,5,2,0,0,0,0
gen_00351,1,-7.745,ok,1,0,0,1,4,6,2,0,0,0,1
gen_00351,2,-7.74,ok,1,0,0,0,4,6,1,0,0,0,1
gen_00351,3,-7.712,ok,1,0,0,1,4,5,2,0,0,0,0
gen_00351,4,-7.684,ok,1,0,0,1,4,6,2,0,0,0,1
gen_00351,5,-7.676,ok,1,0,0,1,4,6,2,0,0,0,0
gen_00351,6,-7.671,ok,1,0,0,1,4,6,2,0,0,0,0
gen_00351,7,-7.669,ok,1,0,0,1,4,6,2,0,0,0,0
gen_00351,8,-7.564,ok,1,0,0,1,4,5,2,0,0,0,0
gen_00352,1,-7.773,ok,0,0,1,0,3,0,3,1,0,0,0
gen_00352,2,-7.3,ok,1,0,1,1,5,4,4,0,0,0,0
gen_00352,3,-7.283,ok,0,0,1,0,0,1,3,1,0,0,0
gen_00352,4,-7.088,ok,1,0,1,1,5,4,4,0,0,0,0
gen_00353,1,-7.143,ok,1,0,1,1,4,6,5,0,0,0,0
gen_00353,2,-7.142,ok,1,0,1,1,4,6,5,0,0,0,0
gen_00353,3,-7.138,ok,1,0,1,1,4,6,5,0,0,0,0
gen_00353,4,-7.13,ok,1,0,1,1,4,6,5,0,0,0,0
gen_00353,5,-7.116,ok,1,0,1,1,4,6,5,0,0,0,0
gen_00353,6,-7.082,ok,1,0,1,1,4,6,5,0,0,0,0
gen_00353,7,-7.063,ok,0,0,1,1,3,5,5,0,0,0,0
gen_00354,1,-6.834,ok,1,0,0,1,4,0,2,0,0,0,0
gen_00354,2,-6.828,ok,1,0,0,1,4,0,2,0,0,0,0
gen_00355,1,-7.709,ok,1,0,1,1,4,5,5,0,0,0,0
gen_00355,2,-7.582,ok,1,0,1,1,4,5,5,0,0,0,0
gen_00356,1,-8.433,ok,1,0,0,1,4,2,2,0,0,0,2
gen_00356,2,-8.43,ok,1,0,0,1,4,3,2,0,0,0,1
gen_00356,3,-8.4,ok,1,0,0,1,4,3,2,0,0,0,1
gen_00357,1,-7.207,ok,1,0,1,0,5,2,3,1,0,0,0
gen_00357,2,-7.189,ok,1,0,1,0,4,1,2,2,0,0,0
gen_00357,3,-7.179,ok,1,0,1,0,5,2,3,1,0,0,0
gen_00357,4,-7.139,ok,1,0,1,0,4,2,2,2,0,0,0
gen_00357,5,-7.028,ok,1,1,0,1,5,5,2,0,0,0,0
gen_00358,1,-6.226,ok,0,0,1,1,3,3,2,1,0,0,0
gen_00358,2,-6.219,ok,0,0,1,1,3,3,2,1,0,0,0
gen_00358,3,-6.209,ok,1,0,0,1,5,3,2,1,0,0,0
gen_00358,4,-6.134,ok,0,0,1,1,0,3,2,1,0,0,0
gen_00358,5,-6.12,ok,1,0,0,1,4,6,2,1,0,0,0
gen_00359,1,-7.515,ok,1,0,0,1,4,5,4,0,1,0,0
gen_00359,2,-7.418,ok,1,0,0,1,4,5,4,0,1,0,0
gen_00359,3,-7.418,ok,1,0,0,1,4,5,4,0,1,0,0
gen_00360,1,-7.585,ok,0,0,1,1,0,1,2,1,0,0,0
gen_00360,2,-7.503,ok,0,0,1,1,0,1,1,1,0,0,0
gen_00360,3,-7.383,ok,0,0,1,1,0,1,1,1,0,0,0
gen_00360,4,-7.375,ok,0,0,1,1,0,1,1,1,0,0,0
gen_00360,5,-7.228,ok,0,0,1,1,0,1,1,1,0,0,0
gen_00361,1,-7.478,ok,1,0,1,1,4,5,3,1,0,0,0
gen_00361,2,-7.444,ok,1,0,1,1,4,5,3,1,0,0,0
gen_00362,1,-7.883,ok,1,0,1,1,5,4,1,1,0,0,0
gen_00362,2,-7.859,ok,1,0,1,1,5,4,1,1,0,0,0
gen_00362,3,-7.717,ok,0,0,1,0,3,5,2,0,0,0,0
gen_00362,4,-7.675,ok,0,0,1,0,3,4,3,0,0,0,0
gen_00363,1,-7.366,ok,1,0,0,1,4,6,2,0,0,0,0
gen_00363,2,-7.333,ok,1,0,0,1,4,6,3,0,0,0,0
gen_00364,1,-6.836,ok,1,0,0,1,4,0,2,0,0,0,0
gen_00365,1,-8.229,ok,1,0,0,1,4,6,3,0,0,0,0
gen_00365,2,-8.216,ok,1,0,0,1,4,6,3,0,0,0,0
gen_00365,3,-8.185,ok,1,0,0,1,4,5,3,0,0,0,0
gen_00366,1,-7.232,ok,1,0,0,0,4,6,1,0,0,0,0
gen_00366,2,-7.177,ok,1,0,0,1,4,6,2,0,0,0,0
gen_00366,3,-7.117,ok,1,0,0,1,4,6,1,0,0,0,1
gen_00367,1,-6.735,ok,0,0,1,0,3,5,1,0,0,0,0
gen_00367,2,-6.676,ok,0,0,1,0,3,5,1,0,0,0,0
gen_00367,3,-6.672,ok,0,0,1,0,3,4,0,0,0,0,0
gen_00367,4,-6.667,ok,0,0,1,1,3,6,4,0,0,0,0
gen_00367,5,-6.662,ok,0,0,1,1,3,6,5,0,0,0,0
gen_00367,6,-6.653,ok,0,0,1,1,3,5,2,0,0,0,0
gen_00367,7,-6.617,ok,0,0,1,0,3,4,1,0,0,0,0
gen_00367,8,-6.605,ok,0,0,1,0,3,4,1,0,0,0,0
gen_00367,9,-6.451,ok,0,0,1,1,0,1,2,0,1,0,0
gen_00368,1,-6.649,ok,1,0,0,0,4,6,0,1,0,0,0
gen_00368,2,-6.605,ok,1,0,0,0,4,6,0,1,0,0,0
gen_00369,1,-7.006,ok,0,0,0,1,3,5,2,0,1,0,0
gen_00369,2,-7.001,ok,0,0,0,1,3,6,2,0,1,0,0
gen_00369,3,-6.947,ok,1,0,0,1,4,6,2,0,1,0,0
gen_00369,4,-6.901,ok,0,0,0,1,3,5,2,0,1,0,0
gen_00370,1,-7.777,ok,1,1,0,1,4,2,4,0,0,0,0
gen_00370,2,-7.761,ok,1,1,1,1,4,3,2,0,0,0,0
gen_00371,1,-7.633,ok,0,0,0,1,3,1,5,0,1,0,0
gen_00371,2,-7.603,ok,0,0,0,1,3,1,5,0,1,0,0
gen_00371,3,-7.593,ok,0,0,0,1,3,1,4,0,1,0,0
gen_00371,4,-7.579,ok,0,0,0,1,3,1,5,0,1,0,0
gen_00372,1,-8.104,ok,1,0,1,1,5,4,4,0,0,0,2
gen_00372,2,-8.079,ok,1,0,1,1,4,1,3,0,0,0,1
gen_00372,3,-8.072,ok,1,0,1,1,4,3,3,0,0,0,1
gen_00372,4,-8.069,ok,1,0,1,1,5,4,4,0,0,0,2
gen_00372,5,-8.051,ok,1,0,1,1,4,2,3,0,0,0,1
gen_00373,1,-8.3,ok,1,0,1,0,5,4,2,1,0,0,0
gen_00374,1,-7.512,ok,1,0,0,1,4,1,4,0,2,0,0
gen_00374,2,-7.511,ok,1,0,0,1,4,1,3,0,2,0,0
gen_00374,3,-7.502,ok,1,0,0,1,4,1,4,0,2,0,0
gen_00374,4,-7.502,ok,1,0,0,1,4,1,3,0,2,0,0
gen_00375,1,-6.455,ok,1,0,0,1,5,3,1,0,0,0,0
gen_00375,2,-6.434,ok,1,0,0,1,5,3,1,0,0,0,0
gen_00375,3,-6.373,ok,1,0,0,1,4,5,3,1,0,0,0
gen_00375,4,-6.317,ok,1,0,0,1,4,5,3,1,0,0,0
gen_00376,1,-6.897,ok,1,0,1,1,4,8,3,0,0,0,0
gen_00376,2,-6.892,ok,1,0,1,1,4,5,1,0,0,0,0
gen_00376,3,-6.846,ok,1,0,0,0,4,4,0,0,0,0,0
gen_00376,4,-6.716,ok,1,0,1,1,4,6,1,0,0,0,0
gen_00376,5,-6.709,ok,1,0,0,1,4,1,1,0,0,0,0
gen_00376,6,-6.704,ok,1,0,0,1,4,7,2,0,0,0,0
gen_00376,7,-6.686,ok,1,0,0,1,4,2,2,1,0,0,0
gen_00376,8,-6.638,ok,1,0,0,1,4,2,1,1,0,0,0
gen_00376,9,-6.533,ok,0,0,1,1,0,6,2,0,0,0,0
gen_00376,10,-6.526,ok,0,0,0,1,0,3,1,0,0,0,0
gen_00376,11,-6.521,ok,1,0,1,1,4,1,2,0,0,0,0
gen_00376,12,-6.486,ok,0,0,0,1,3,3,2,1,0,0,0
gen_00377,1,-8.15,ok,1,0,0,0,4,5,1,0,0,0,0
gen_00377,2,-8.119,ok,1,0,1,0,4,5,1,0,0,0,1
gen_00378,1,-6.749,ok,1,1,0,1,4,6,2,0,0,0,0
gen_00378,2,-6.688,ok,1,1,0,1,4,7,3,0,0,0,0
gen_00379,1,-7.278,ok,1,0,0,0,4,5,1,2,0,0,1
gen_00379,2,-7.233,ok,1,0,0,0,4,5,1,2,0,0,1
gen_00380,1,-8.332,ok,1,0,1,1,4,7,4,0,0,0,0
gen_00380,2,-8.207,ok,1,0,0,1,4,5,3,0,0,0,0
gen_00380,3,-8.17,ok,1,0,0,1,4,6,3,0,0,0,0
gen_00381,1,-7.2,ok,0,0,0,1,3,5,3,0,0,0,0
gen_00381,2,-7.16,ok,0,0,0,1,3,5,3,0,0,0,0
gen_00382,1,-107.01,ok,0,0,0,1,0,0,2,0,0,0,0
gen_00382,2,-104.966,ok,0,0,0,0,0,4,3,0,1,0,1
gen_00383,1,-7.32,ok,1,0,1,0,4,6,1,1,0,0,0
gen_00383,2,-7.305,ok,1,0,1,0,4,6,1,1,0,0,0
gen_00383,3,-7.213,ok,1,0,1,1,4,6,2,0,0,0,0
gen_00383,4,-7.202,ok,1,0,1,1,4,6,2,0,0,0,0
gen_00384,1,-7.653,ok,1,0,1,0,4,5,3,1,0,0,0
gen_00384,2,-7.606,ok,1,0,0,1,4,5,1,0,0,0,0
gen_00384,3,-7.557,ok,1,0,0,1,4,5,4,0,0,0,0
gen_00384,4,-7.549,ok,1,0,0,1,4,5,3,0,0,0,0
gen_00384,5,-7.474,ok,1,0,0,1,4,5,3,0,0,0,0
gen_00385,1,-7.622,ok,1,0,0,1,4,6,1,0,0,0,0
gen_00385,2,-7.615,ok,1,0,0,1,4,6,1,0,0,0,0
gen_00385,3,-7.545,ok,1,0,0,0,4,6,1,0,0,0,0
gen_00386,1,-7.428,ok,1,0,0,1,5,3,4,0,0,0,0
gen_00386,2,-7.385,ok,1,0,0,1,5,3,4,0,0,0,0
gen_00386,3,-7.351,ok,1,0,0,1,5,3,4,0,0,0,0
gen_00387,1,-7.433,ok,1,0,0,1,4,5,4,0,1,0,0
gen_00387,2,-7.361,ok,1,1,0,1,4,6,5,0,1,0,0
gen_00388,1,-7.348,ok,1,0,0,0,4,5,1,1,0,0,0
gen_00388,2,-7.307,ok,1,0,0,1,4,5,2,0,0,0,0
gen_00389,1,-7.725,ok,1,0,1,1,4,5,1,1,0,0,0
gen_00389,2,-7.722,ok,1,0,1,1,4,6,1,1,0,0,0
gen_00390,1,-7.245,ok,0,0,1,1,3,3,2,0,0,0,0
gen_00390,2,-7.157,ok,0,0,1,1,3,3,2,0,0,0,0
gen_00391,1,-7.729,ok,1,0,0,1,4,4,4,0,0,0,0
gen_00391,2,-7.715,ok,1,0,0,1,5,4,4,0,0,0,0
gen_00392,1,-7.445,ok,0,0,0,1,0,4,6,0,0,0,0
gen_00392,2,-7.435,ok,0,0,0,1,0,4,4,0,0,0,0
gen_00392,3,-7.403,ok,1,1,1,1,4,7,4,0,0,0,0
gen_00392,4,-7.392,ok,1,1,1,1,4,7,3,0,0,0,0
gen_00392,5,-7.392,ok,1,1,1,1,4,7,4,0,0,0,0
gen_00393,1,-7.965,ok,0,1,0,1,3,4,2,0,0,0,0
gen_00393,2,-7.96,ok,1,1,1,1,4,6,4,0,0,0,0
gen_00393,3,-7.888,ok,1,1,1,1,4,8,4,0,0,0,0
gen_00393,4,-7.876,ok,0,0,0,1,3,3,2,0,0,0,0
gen_00393,5,-7.77,ok,0,1,0,1,3,4,2,0,0,0,0
gen_00393,6,-7.769,ok,0,0,0,1,3,3,3,0,0,0,0
gen_00394,1,-6.585,ok,0,0,1,1,3,4,4,0,0,0,0
gen_00394,2,-6.526,ok,0,0,1,1,3,4,4,0,0,0,0
gen_00394,3,-6.505,ok,1,0,1,1,5,4,2,0,0,0,0
gen_00394,4,-6.465,ok,1,0,1,0,5,4,1,0,0,0,0
gen_00395,1,-7.904,ok,0,0,1,1,3,6,2,1,0,0,0
gen_00395,2,-7.891,ok,0,0,1,1,3,5,3,0,0,0,0
gen_00395,3,-7.879,ok,1,0,0,1,4,3,5,0,0,0,0
gen_00395,4,-7.866,ok,0,0,1,1,3,6,2,1,0,0,0
gen_00395,5,-7.823,ok,1,0,0,1,4,6,4,1,0,0,0
gen_00395,6,-7.814,ok,1,0,1,1,4,5,6,0,0,0,0
gen_00395,7,-7.773,ok,1,0,1,1,4,4,6,0,0,0,0
gen_00395,8,-7.769,ok,1,0,0,1,4,3,5,0,0,0,0
gen_00395,9,-7.724,ok,1,0,1,1,4,3,6,0,0,0,0
gen_00396,1,-7.267,ok,1,0,1,1,4,0,4,0,0,0,0
gen_00396,2,-7.255,ok,1,0,1,1,4,6,2,0,0,0,0
gen_00396,3,-7.225,ok,1,0,1,1,4,6,2,0,0,0,0
gen_00397,1,-7.429,ok,1,0,0,1,4,6,1,1,0,0,0
gen_00397,2,-7.419,ok,1,0,0,1,4,7,1,1,0,0,0
gen_00397,3,-7.34,ok,1,0,0,1,4,6,1,1,0,0,0
gen_00398,1,-6.924,ok,1,0,1,0,4,5,2,0,0,0,0
gen_00398,2,-6.879,ok,1,0,1,0,4,6,1,0,0,0,0
gen_00398,3,-6.808,ok,1,0,1,1,4,6,3,1,0,0,0
gen_00398,4,-6.732,ok,1,0,0,1,4,5,4,0,0,0,0
gen_00398,5,-6.692,ok,1,0,1,0,4,6,1,1,0,0,0
gen_00398,6,-6.684,ok,1,0,1,0,4,6,2,0,0,0,0
gen_00399,1,-7.959,ok,0,0,1,1,0,2,3,0,0,0,1
gen_00400,1,-7.222,ok,1,0,1,0,4,5,2,0,0,0,1
gen_00400,2,-7.212,ok,1,0,1,0,4,6,2,0,0,0,1
gen_00400,3,-7.138,ok,1,0,0,1,4,6,2,1,0,0,1
gen_00400,4,-7.116,ok,1,0,0,1,4,6,2,1,0,0,1
gen_00400,5,-7.079,ok,1,0,0,1,4,0,1,1,0,0,0
gen_00401,1,-8.92,ok,1,0,0,1,4,6,4,0,0,0,0
gen_00401,2,-8.813,ok,1,0,0,1,4,5,4,0,0,0,0
gen_00402,1,-6.436,ok,1,0,0,0,4,6,0,0,0,0,0
gen_00403,1,-8.03,ok,1,0,0,1,5,3,3,0,0,0,0
gen_00404,1,-8.529,ok,0,0,1,1,3,5,2,1,0,0,0
gen_00404,2,-8.526,ok,0,0,1,1,3,5,2,1,0,0,0
gen_00404,3,-8.523,ok,0,0,1,1,3,5,2,1,0,0,0
gen_00404,4,-8.515,ok,0,0,1,1,3,5,2,1,0,0,0
gen_00404,5,-8.479,ok,0,0,0,1,3,3,3,0,0,0,0
gen_00405,1,-7.176,ok,1,0,0,1,5,3,3,0,0,0,0
gen_00405,2,-7.147,ok,1,0,0,1,5,3,3,0,0,0,0
gen_00405,3,-7.121,ok,1,0,0,1,5,3,4,0,0,0,0
gen_00406,1,-7.2,ok,1,0,1,0,4,6,1,0,0,0,1
gen_00406,2,-7.187,ok,1,0,1,0,4,6,1,0,0,0,1
gen_00406,3,-7.136,ok,1,0,0,0,4,6,0,0,0,0,1
gen_00406,4,-7.106,ok,1,0,1,0,4,7,0,0,0,0,1
gen_00407,1,-6.988,ok,1,0,1,1,4,5,3,0,0,0,0
gen_00407,2,-6.944,ok,1,0,1,1,4,6,3,0,0,0,0
gen_00408,1,-7.119,ok,1,0,0,1,4,1,3,1,0,0,0
gen_00408,2,-7.103,ok,1,0,0,1,4,1,3,1,0,0,0
gen_00408,3,-7.102,ok,1,0,0,1,4,1,2,1,0,0,0
gen_00408,4,-7.079,ok,1,0,0,1,4,4,2,0,0,0,0
gen_00408,5,-7.069,ok,0,0,0,1,3,5,2,0,0,0,0
gen_00408,6,-7.064,ok,0,0,0,1,3,4,2,0,0,0,0
gen_00408,7,-7.052,ok,1,0,0,1,4,5,2,0,0,0,0
gen_00408,8,-6.992,ok,0,0,0,1,3,4,2,0,0,0,0
gen_00409,1,-8.18,ok,0,0,0,1,3,5,2,0,0,0,0
gen_00409,2,-8.173,ok,0,0,0,1,3,5,2,0,0,0,0
gen_00410,1,-7.488,ok,1,0,0,1,4,6,2,0,1,0,0
gen_00410,2,-7.488,ok,1,0,0,1,4,6,2,0,1,0,0
gen_00410,3,-7.481,ok,1,0,0,1,4,6,2,0,1,0,0
gen_00411,1,-6.656,ok,1,0,0,1,4,5,2,1,0,0,0
gen_00411,2,-6.527,ok,1,0,0,0,4,6,1,0,0,0,0
gen_00411,3,-6.525,ok,1,0,0,0,4,6,1,0,0,0,0
gen_00412,1,-7.115,ok,1,0,1,0,4,6,1,0,0,0,0
gen_00412,2,-7.064,ok,1,0,1,0,4,6,1,0,0,0,0
gen_00413,1,-8.089,ok,1,0,0,1,4,5,6,0,0,0,0
gen_00413,2,-8.082,ok,1,0,0,1,4,5,6,0,0,0,0
gen_00414,1,-7.931,ok,1,0,0,1,4,6,2,0,0,0,0
gen_00414,2,-7.891,ok,1,0,1,0,4,6,2,0,0,0,0
gen_00415,1,-6.762,ok,1,0,0,1,4,5,2,1,0,0,0
gen_00415,2,-6.753,ok,1,0,1,1,4,3,3,0,0,0,0
gen_00415,3,-6.75,ok,1,0,0,1,4,5,3,0,0,0,0
gen_00415,4,-6.744,ok,1,0,1,1,4,3,3,0,0,0,0
gen_00415,5,-6.741,ok,1,0,0,1,4,5,2,1,0,0,0
gen_00415,6,-6.71,ok,1,0,0,1,4,5,2,1,0,0,0
gen_00415,7,-6.7,ok,1,0,1,1,5,5,2,0,0,0,0
gen_00415,8,-6.673,ok,1,0,0,1,4,5,2,0,0,0,0
gen_00415,9,-6.668,ok,1,0,1,1,5,5,2,0,0,0,0
gen_00415,10,-6.631,ok,1,0,1,1,5,5,2,0,0,0,0
gen_00415,11,-6.62,ok,1,0,0,1,4,5,2,0,0,0,0
gen_00416,1,-7.76,ok,0,0,0,1,3,6,4,0,1,0,0
gen_00416,2,-7.755,ok,0,0,0,1,3,6,4,0,1,0,0
gen_00416,3,-7.745,ok,1,0,0,1,4,7,4,0,1,0,0
gen_00416,4,-7.721,ok,0,0,0,1,3,7,4,0,1,0,0
gen_00416,5,-7.696,ok,0,0,0,1,3,7,4,0,1,0,0
gen_00416,6,-7.646,ok,0,0,0,1,3,6,5,0,1,0,0
gen_00416,7,-7.641,ok,0,0,0,1,3,5,4,0,1,0,0
gen_00416,8,-7.603,ok,1,0,0,1,4,7,4,0,1,0,0
gen_00416,9,-7.558,ok,0,0,0,1,3,7,4,0,1,0,0
gen_00416,10,-7.518,ok,1,0,0,1,4,7,2,0,1,0,0
gen_00416,11,-7.515,ok,0,0,0,1,3,6,4,0,1,0,0
gen_00416,12,-7.447,ok,1,0,0,1,4,7,3,0,1,0,0
gen_00416,13,-7.404,ok,1,0,0,1,5,3,2,0,2,0,0
gen_00417,1,-7.647,ok,1,0,0,1,4,6,4,0,0,0,0
gen_00417,2,-7.607,ok,1,0,0,1,4,6,3,0,0,0,0
gen_00418,1,-8.971,ok,1,0,0,1,5,4,7,0,0,0,0
gen_00418,2,-8.823,ok,1,0,0,1,5,4,7,0,0,0,0
gen_00418,3,-8.522,ok,1,0,0,1,4,0,7,0,0,0,1
gen_00418,4,-8.506,ok,1,0,0,1,4,0,7,0,0,0,1
gen_00419,1,-55.729,ok,0,0,0,0,0,1,1,0,0,0,0
gen_00420,1,-6.898,ok,1,0,0,0,4,5,2,0,0,0,1
gen_00420,2,-6.892,ok,1,0,0,0,4,5,2,0,0,0,1
gen_00420,3,-6.832,ok,1,0,0,0,4,5,1,0,0,0,1
gen_00421,1,-8.003,ok,1,0,0,1,4,5,4,0,1,0,0
gen_00421,2,-7.993,ok,1,0,0,1,4,5,4,0,1,0,0
gen_00421,3,-7.889,ok,1,0,0,1,4,5,4,0,1,0,0
gen_00422,1,-8.619,ok,1,0,1,1,4,6,3,0,0,0,0
gen_00422,2,-8.614,ok,1,0,1,1,4,6,3,0,0,0,0
gen_00423,1,-7.289,ok,1,0,1,1,4,6,5,0,0,0,0
gen_00423,2,-7.273,ok,1,0,1,1,4,5,5,0,0,0,0
gen_00423,3,-7.263,ok,1,0,1,1,4,5,5,0,0,0,0
gen_00424,1,-7.384,ok,1,0,1,1,5,3,4,0,0,0,0
gen_00424,2,-7.346,ok,1,0,1,0,4,6,1,0,0,0,0
gen_00424,3,-7.342,ok,1,0,0,1,4,6,3,1,0,0,0
gen_00424,4,-7.334,ok,1,0,1,0,4,5,2,0,0,0,0
gen_00424,5,-7.33,ok,1,0,1,0,4,6,1,0,0,0,0
gen_00424,6,-7.319,ok,1,0,1,0,4,6,2,0,0,0,0
gen_00424,7,-7.302,ok,1,0,1,0,4,5,1,0,0,0,0
gen_00424,8,-7.242,ok,1,0,0,1,4,6,2,1,0,0,0
gen_00424,9,-7.217,ok,0,0,0,1,3,3,4,0,0,0,0
gen_00425,1,-6.606,ok,1,0,0,1,4,4,1,0,0,0,0
gen_00426,1,-6.913,ok,1,0,0,1,4,6,2,0,0,0,0
gen_00426,2,-6.907,ok,1,0,0,1,4,6,2,0,0,0,0
gen_00427,1,-7.417,ok,0,0,1,1,0,1,4,0,1,0,0
gen_00427,2,-7.394,ok,1,0,0,1,4,1,4,0,0,0,0
gen_00427,3,-7.383,ok,0,0,1,1,0,1,4,0,1,0,0
gen_00427,4,-7.358,ok,1,0,0,1,4,1,3,0,0,0,0
gen_00427,5,-7.351,ok,1,0,0,1,4,2,3,0,0,0,0
gen_00427,6,-7.346,ok,1,0,0,1,4,2,4,0,0,0,0
gen_00427,7,-7.339,ok,0,0,1,1,0,1,4,0,1,0,0
gen_00427,8,-7.323,ok,1,0,0,1,4,2,4,0,0,0,0
gen_00427,9,-7.319,ok,1,0,0,1,4,2,4,0,0,0,0
gen_00427,10,-7.31,ok,1,0,0,1,4,2,4,0,0,0,0
gen_00428,1,-7.321,ok,0,0,0,1,3,5,4,0,0,0,0
gen_00428,2,-7.278,ok,0,0,0,1,3,4,4,0,0,0,0
gen_00428,3,-7.217,ok,0,0,0,1,3,6,1,0,0,0,0
gen_00428,4,-7.173,ok,0,0,0,1,3,4,4,0,0,0,0
gen_00428,5,-7.167,ok,0,0,0,1,3,5,1,0,0,0,0
gen_00428,6,-7.143,ok,1,0,1,0,4,0,0,1,0,0,0
gen_00429,1,-7.794,ok,1,0,0,1,4,7,2,1,0,0,0
gen_00429,2,-7.787,ok,1,0,0,1,4,7,2,1,0,0,0
gen_00429,3,-7.72,ok,1,0,0,1,4,7,2,1,0,0,0
gen_00430,1,-7.788,ok,1,0,0,1,4,6,1,0,0,0,0
gen_00430,2,-7.769,ok,1,0,0,1,4,6,2,0,0,0,0
gen_00430,3,-7.736,ok,1,0,0,1,4,5,2,0,0,0,0
gen_00430,4,-7.71,ok,1,0,0,1,4,6,1,0,0,0,0
gen_00430,5,-7.696,ok,1,0,0,1,4,6,2,0,0,0,0
gen_00430,6,-7.695,ok,1,0,0,1,4,6,1,0,0,0,0
gen_00430,7,-7.694,ok,1,0,0,1,4,6,2,0,0,0,0
gen_00430,8,-7.672,ok,1,0,0,1,4,5,1,0,0,0,0
gen_00430,9,-7.652,ok,1,0,0,1,4,6,1,0,0,0,0
gen_00430,10,-7.649,ok,1,0,0,1,4,6,2,0,0,0,0
gen_00430,11,-7.642,ok,1,0,0,1,4,6,1,0,0,0,0
gen_00430,12,-7.639,ok,1,0,0,1,4,6,1,0,0,0,0
gen_00430,13,-7.578,ok,1,0,0,1,4,6,2,0,0,0,0
gen_00431,1,-8.131,ok,1,0,0,1,4,7,2,0,0,0,1
gen_00431,2,-8.051,ok,1,0,0,1,4,6,4,0,0,0,1
gen_00432,1,-7.396,ok,1,0,0,1,4,2,2,2,0,0,0
gen_00432,2,-7.376,ok,1,0,0,1,4,2,2,2,0,0,0
gen_00432,3,-7.346,ok,1,0,0,1,4,5,1,0,0,0,0
gen_00432,4,-7.328,ok,1,0,1,1,4,5,2,0,0,0,0
gen_00432,5,-7.328,ok,1,0,0,1,4,5,1,0,0,0,0
gen_00433,1,-7.638,ok,1,0,0,1,4,6,4,0,0,0,0
gen_00433,2,-7.626,ok,1,0,0,1,4,6,4,0,0,0,0
gen_00433,3,-7.619,ok,1,0,0,1,4,6,3,0,0,0,0
gen_00433,4,-7.579,ok,1,0,0,1,4,7,4,0,0,0,0
gen_00433,5,-7.565,ok,1,0,0,1,4,7,4,0,0,0,0
gen_00433,6,-7.549,ok,1,0,0,1,4,6,4,0,0,0,0
gen_00433,7,-7.545,ok,1,0,0,1,4,7,4,0,0,0,0
gen_00433,8,-7.532,ok,1,0,0,1,4,7,4,0,0,0,0
gen_00434,1,-7.489,ok,1,0,0,0,4,0,1,0,0,0,1
gen_00435,1,-7.552,ok,1,0,0,1,4,4,3,0,0,0,0
gen_00435,2,-7.539,ok,1,0,0,1,4,4,3,0,0,0,0
gen_00435,3,-7.521,ok,1,0,0,1,4,6,3,0,0,0,0
gen_00435,4,-7.505,ok,1,0,0,1,4,6,3,0,0,0,0
gen_00436,1,-7.85,ok,1,0,0,1,4,6,5,0,0,0,0
gen_00436,2,-7.846,ok,1,0,1,1,4,6,6,0,0,0,0
gen_00436,3,-7.829,ok,1,0,0,1,4,6,4,1,0,0,0
gen_00436,4,-7.821,ok,1,0,0,1,4,6,4,1,0,0,0
gen_00436,5,-7.763,ok,1,0,1,1,4,5,6,0,0,0,0
gen_00436,6,-7.76,ok,1,0,0,1,4,7,1,1,0,0,0
gen_00436,7,-7.76,ok,1,0,0,1,4,7,1,1,0,0,0
gen_00436,8,-7.715,ok,1,0,1,1,4,5,5,1,0,0,0
gen_00437,1,-7.932,ok,1,0,1,0,4,5,2,1,0,0,0
gen_00437,2,-7.867,ok,1,0,1,0,4,6,2,1,0,0,0
gen_00438,1,-7.851,ok,1,0,1,1,5,3,2,0,0,0,0
gen_00438,2,-7.836,ok,1,0,1,1,5,3,3,0,0,0,0
gen_00438,3,-7.829,ok,1,0,1,1,5,3,2,0,0,0,0
gen_00438,4,-7.821,ok,1,0,1,1,5,3,3,0,0,0,0
gen_00438,5,-7.809,ok,1,0,1,1,5,3,3,0,0,0,0
gen_00438,6,-7.806,ok,1,0,1,1,5,3,2,0,0,0,0
gen_00439,1,-8.198,ok,1,0,0,1,5,2,4,0,0,0,0
gen_00439,2,-8.195,ok,1,0,0,1,5,2,4,0,0,0,0
gen_00439,3,-8.156,ok,1,0,0,1,5,3,4,0,0,0,0
gen_00439,4,-8.113,ok,1,0,0,1,5,3,4,0,0,0,0
gen_00440,1,-6.96,ok,1,0,1,0,4,6,0,1,0,0,0
gen_00440,2,-6.913,ok,1,0,1,1,4,6,1,2,0,0,0
gen_00440,3,-6.831,ok,1,0,1,0,4,5,0,0,0,0,0
gen_00440,4,-6.83,ok,1,0,1,1,4,0,3,0,0,0,0
gen_00440,5,-6.804,ok,0,0,0,1,0,4,2,0,0,0,0
gen_00440,6,-6.79,ok,1,0,1,1,4,0,3,0,0,0,0
gen_00440,7,-6.734,ok,1,0,1,0,4,6,0,2,0,0,0
gen_00441,1,-6.691,ok,1,0,0,1,4,4,2,0,0,0,0
gen_00441,2,-6.599,ok,0,0,1,1,3,6,3,0,0,0,0
gen_00442,1,-8.026,ok,1,0,0,1,4,4,2,0,0,0,0
gen_00442,2,-8.018,ok,1,0,0,0,4,4,0,0,0,0,0
gen_00443,1,-7.979,ok,1,0,0,1,4,1,2,0,0,0,1
gen_00443,2,-7.974,ok,1,0,0,1,4,1,2,0,0,0,1
gen_00443,3,-7.188,ok,0,0,0,1,3,3,1,0,1,0,0
gen_00444,1,-8.3,ok,0,0,1,1,0,5,6,0,0,0,0
gen_00444,2,-8.285,ok,0,0,1,1,0,5,6,0,0,0,0
gen_00444,3,-8.284,ok,0,0,1,1,3,5,6,0,0,0,0
gen_00444,4,-8.205,ok,0,0,1,1,3,5,5,0,0,0,0
gen_00444,5,-8.198,ok,0,0,1,1,3,5,5,0,0,0,0
gen_00444,6,-8.129,ok,0,0,1,1,0,5,4,1,0,0,0
gen_00445,1,-7.656,ok,1,0,0,1,4,6,2,0,0,0,0
gen_00445,2,-7.56,ok,1,0,0,1,4,6,3,0,0,0,0
gen_00445,3,-7.481,ok,1,0,0,0,4,6,1,0,0,0,0
gen_00445,4,-7.333,ok,0,0,1,1,3,7,1,0,0,0,0
gen_00445,5,-7.331,ok,1,0,0,1,4,8,3,0,0,0,0
gen_00445,6,-7.327,ok,1,0,0,1,4,5,2,0,0,0,0
gen_00445,7,-7.277,ok,1,1,0,1,4,5,4,0,0,0,0
gen_00445,8,-7.208,ok,1,0,0,1,4,6,1,0,0,0,0
gen_00445,9,-7.155,ok,1,0,1,1,4,6,3,0,0,0,0
gen_00446,1,-8.078,ok,1,0,0,1,4,6,2,0,0,0,0
gen_00446,2,-8.054,ok,1,0,0,1,4,6,2,0,0,0,0
gen_00446,3,-8.014,ok,1,0,0,0,4,6,0,0,0,0,0
gen_00446,4,-7.944,ok,1,0,0,0,4,7,1,0,0,0,0
gen_00447,1,-8.439,ok,1,0,1,1,5,6,4,0,0,0,0
gen_00447,2,-8.247,ok,1,0,1,1,4,6,4,0,0,0,0
gen_00447,3,-7.945,ok,0,0,0,1,3,3,2,1,1,0,0
gen_00447,4,-7.939,ok,0,0,0,1,3,3,2,1,1,0,0
gen_00447,5,-7.934,ok,0,0,0,1,3,3,1,1,1,0,0
gen_00447,6,-7.927,ok,0,0,0,1,3,3,1,1,1,0,0
gen_00448,1,-7.945,ok,1,0,1,1,5,7,6,0,0,0,0
gen_00448,2,-7.843,ok,1,0,1,1,4,7,4,0,0,0,0
gen_00448,3,-7.779,ok,1,0,1,1,4,6,5,0,0,0,0
gen_00449,1,-7.124,ok,1,0,0,1,4,6,1,0,0,0,0
gen_00449,2,-7.06,ok,1,0,0,1,4,6,1,0,0,0,0
gen_00449,3,-6.789,ok,0,0,0,1,3,3,2,1,0,0,0
gen_00449,4,-6.785,ok,1,0,1,1,4,5,4,1,0,0,0
gen_00449,5,-6.777,ok,0,0,0,1,3,3,2,1,0,0,0
gen_00449,6,-6.727,ok,0,0,0,1,3,4,2,1,0,0,0
gen_00449,7,-6.723,ok,1,0,1,1,4,5,3,1,0,0,0
gen_00449,8,-6.685,ok,1,0,0,1,4,7,2,0,0,0,0
gen_00450,1,-8.655,ok,0,1,0,0,3,6,1,2,0,0,0
gen_00450,2,-8.624,ok,0,1,0,0,3,7,1,2,0,0,0
gen_00450,3,-8.55,ok,0,0,0,0,3,6,0,2,0,0,0
gen_00451,1,-6.87,ok,0,0,0,1,0,3,3,0,0,0,1
gen_00451,2,-6.792,ok,1,0,0,1,4,5,2,0,0,0,0
gen_00451,3,-6.744,ok,1,0,0,1,4,6,2,0,0,0,0
gen_00451,4,-6.684,ok,0,0,1,1,3,5,4,0,0,0,0
gen_00451,5,-6.605,ok,1,0,0,1,4,3,1,0,0,0,1
gen_00452,1,-7.679,ok,0,0,0,1,3,5,2,1,0,0,0
gen_00452,2,-7.662,ok,0,0,0,1,3,5,2,1,0,0,0
gen_00452,3,-7.659,ok,0,0,0,1,3,5,2,1,0,0,0
gen_00452,4,-7.648,ok,0,0,0,1,3,5,2,1,0,0,0
gen_00452,5,-7.515,ok,0,0,0,1,3,5,2,0,0,0,0
gen_00453,1,-6.972,ok,1,0,1,0,4,5,1,0,0,0,1
gen_00453,2,-6.955,ok,1,0,1,0,4,5,1,0,0,0,1
gen_00453,3,-6.936,ok,1,0,1,0,4,6,1,0,0,0,1
gen_00453,4,-6.92,ok,1,0,1,0,4,6,1,0,0,0,1
gen_00453,5,-6.916,ok,1,0,1,0,4,5,1,0,0,0,1
gen_00454,1,-7.037,ok,1,0,1,0,4,8,1,0,0,0,0
gen_00455,1,-7.517,ok,1,0,0,1,4,6,2,2,0,0,0
gen_00455,2,-7.506,ok,1,0,0,1,4,5,2,2,0,0,0
gen_00455,3,-7.281,ok,1,0,1,1,4,6,3,0,0,0,0
gen_00456,1,-7.502,ok,1,0,0,1,4,6,3,0,0,0,0
gen_00456,2,-7.443,ok,1,0,0,1,4,5,3,0,0,0,0
gen_00456,3,-7.426,ok,1,0,0,1,4,6,4,0,0,0,0
gen_00456,4,-7.419,ok,1,0,0,1,4,5,3,0,0,0,0
gen_00456,5,-7.364,ok,1,0,1,1,4,7,4,0,0,0,0
gen_00456,6,-7.36,ok,1,0,1,1,4,7,4,0,0,0,0
gen_00456,7,-7.354,ok,1,0,0,1,4,6,3,0,0,0,0
gen_00456,8,-7.291,ok,1,0,1,1,5,4,2,0,0,0,0
gen_00456,9,-7.253,ok,1,0,0,1,4,7,3,0,0,0,0
gen_00456,10,-7.226,ok,1,0,1,1,4,4,4,0,0,0,0
gen_00457,1,-7.905,ok,0,0,0,1,3,7,6,0,0,0,0
gen_00457,2,-7.892,ok,0,0,0,1,3,7,6,0,0,0,0
gen_00457,3,-7.842,ok,0,0,0,1,3,7,6,0,0,0,0
gen_00457,4,-7.817,ok,0,0,0,1,3,7,6,0,0,0,0
gen_00458,1,-7.928,ok,1,0,0,1,4,3,2,0,0,0,0
gen_00458,2,-7.917,ok,1,0,0,1,4,2,2,0,0,0,0
gen_00458,3,-7.91,ok,1,0,0,0,4,2,1,0,0,0,0
gen_00458,4,-7.884,ok,1,0,0,1,4,2,4,0,0,0,0
gen_00458,5,-7.867,ok,1,0,0,1,4,2,1,0,0,0,0
gen_00458,6,-7.831,ok,1,0,0,1,4,2,1,0,0,0,0
gen_00458,7,-7.594,ok,1,0,0,1,4,8,2,0,0,0,0
gen_00459,1,-7.04,ok,0,0,0,1,3,6,2,0,0,0,0
gen_00459,2,-7.024,ok,0,0,0,1,3,5,2,0,0,0,0
gen_00460,1,-7.384,ok,1,0,0,1,4,7,4,0,0,0,0
gen_00460,2,-7.341,ok,1,0,0,1,4,7,3,0,0,0,0
gen_00460,3,-7.293,ok,1,0,0,1,4,7,3,0,0,0,0
gen_00460,4,-7.286,ok,1,0,0,1,4,7,1,0,0,0,0
gen_00460,5,-7.284,ok,1,0,0,1,4,7,2,0,0,0,0
gen_00460,6,-7.251,ok,1,1,0,1,4,7,4,0,0,0,0
gen_00460,7,-7.251,ok,1,0,0,1,4,7,2,0,0,0,0
gen_00460,8,-7.19,ok,1,0,0,1,4,7,2,0,0,0,0
gen_00461,1,-7.285,ok,0,0,0,1,3,5,3,0,0,0,0
gen_00461,2,-7.077,ok,1,0,1,1,4,4,2,0,0,0,0
gen_00462,1,-6.679,ok,1,0,0,1,4,3,3,0,0,0,0
gen_00462,2,-6.662,ok,1,0,0,1,4,3,3,0,1,0,0
gen_00463,1,-6.875,ok,1,0,0,1,5,3,4,0,0,0,0
gen_00463,2,-6.847,ok,0,0,0,1,3,4,1,0,1,0,0
gen_00463,3,-6.814,ok,1,0,0,1,5,3,2,0,0,0,0
gen_00463,4,-6.753,ok,1,0,0,1,5,3,3,0,0,0,0
gen_00463,5,-6.723,ok,1,0,0,1,5,3,3,0,0,0,0
gen_00463,6,-6.719,ok,1,0,0,1,5,3,2,0,0,0,0
gen_00464,1,-7.012,ok,1,0,1,1,4,6,2,0,0,0,0
gen_00464,2,-7.01,ok,1,0,1,1,4,6,2,0,0,0,0
gen_00464,3,-7.009,ok,1,0,1,1,4,7,2,0,0,0,0
gen_00464,4,-7.001,ok,1,0,1,1,4,6,2,0,0,0,0
gen_00464,5,-6.999,ok,1,0,1,1,4,5,2,0,0,0,0
gen_00464,6,-6.992,ok,1,0,1,1,4,7,2,0,0,0,0
gen_00464,7,-6.859,ok,1,0,1,1,4,5,2,0,0,0,0
gen_00465,1,-6.98,ok,1,0,1,0,4,5,0,1,0,0,0
gen_00465,2,-6.921,ok,1,0,1,0,4,5,0,1,0,0,0
gen_00465,3,-6.855,ok,1,0,1,0,4,6,0,1,0,0,0
gen_00466,1,-8.127,ok,1,0,1,1,4,6,4,0,0,0,0
gen_00466,2,-8.081,ok,1,0,1,1,4,6,4,0,0,0,0
gen_00466,3,-8.006,ok,1,0,1,1,4,7,4,0,0,0,0
gen_00466,4,-7.965,ok,1,0,1,1,4,7,5,0,0,0,0
gen_00467,1,-7.358,ok,1,0,0,1,5,3,2,0,0,0,1
gen_00467,2,-7.352,ok,1,0,0,1,5,3,2,0,0,0,1
gen_00468,1,-8.314,ok,1,0,0,1,5,5,3,0,0,0,0
gen_00469,1,-8.115,ok,1,0,0,1,4,7,2,0,0,0,1
gen_00469,2,-8.082,ok,1,0,0,1,4,7,2,0,0,0,1
gen_00469,3,-8.07,ok,1,0,0,1,4,8,2,0,0,0,1
gen_00469,4,-8.025,ok,1,0,0,1,4,8,2,0,0,0,1
gen_00469,5,-7.678,ok,1,0,0,1,4,8,3,0,0,0,1
gen_00469,6,-7.621,ok,1,0,0,1,4,6,2,0,0,0,1
gen_00470,1,-7.357,ok,1,0,1,0,4,5,4,0,0,0,0
gen_00470,2,-7.347,ok,1,0,1,0,4,5,4,0,0,0,0
gen_00470,3,-7.308,ok,1,0,1,0,4,6,5,0,0,0,0
gen_00470,4,-7.291,ok,1,0,1,0,4,4,4,0,0,0,0
gen_00470,5,-7.285,ok,1,0,1,0,4,3,4,0,0,0,0
gen_00470,6,-7.277,ok,1,0,1,0,4,6,4,0,0,0,0
gen_00471,1,-7.64,ok,1,0,0,1,4,6,4,0,0,0,0
gen_00471,2,-7.616,ok,1,0,0,1,4,6,4,0,0,0,0
gen_00472,1,-8.17,ok,1,0,1,1,4,7,4,1,0,0,0
gen_00472,2,-8.083,ok,1,0,1,1,4,6,4,1,0,0,0
gen_00472,3,-8.076,ok,1,0,0,1,4,6,3,1,0,0,0
gen_00472,4,-8.03,ok,1,0,0,1,4,5,4,0,0,0,0
gen_00473,1,-8.211,ok,1,0,0,1,4,5,3,1,0,0,0
gen_00473,2,-8.202,ok,1,0,0,1,4,5,3,1,0,0,0
gen_00473,3,-8.181,ok,1,0,0,1,5,5,3,1,0,0,0
gen_00473,4,-8.172,ok,1,0,0,1,4,5,3,1,0,0,0
gen_00474,1,-7.24,ok,1,0,0,1,4,6,3,0,0,0,0
gen_00474,2,-7.231,ok,1,0,0,1,4,5,3,0,0,0,0
gen_00475,1,-8.514,ok,1,0,0,1,5,4,4,0,0,0,0
gen_00475,2,-8.48,ok,1,0,0,1,5,4,6,0,0,0,0
gen_00476,1,-7.403,ok,1,0,0,1,4,6,1,1,0,0,0
gen_00476,2,-7.345,ok,1,0,0,1,4,6,2,0,0,0,0
gen_00476,3,-7.328,ok,1,0,0,1,4,6,1,1,0,0,0
gen_00476,4,-7.318,ok,1,0,0,1,4,7,2,0,0,0,0
gen_00476,5,-7.297,ok,1,0,0,1,4,6,2,0,0,0,0
gen_00477,1,-7.314,ok,0,0,0,1,3,4,2,0,0,0,0
gen_00477,2,-7.311,ok,0,0,0,1,3,6,2,0,0,0,0
gen_00477,3,-7.297,ok,1,0,0,1,4,6,2,0,0,0,0
gen_00477,4,-7.289,ok,1,0,0,0,4,6,2,0,0,0,0
gen_00477,5,-7.274,ok,0,0,0,1,3,4,4,0,0,0,0
gen_00477,6,-7.271,ok,0,0,0,1,3,3,2,0,0,0,0
gen_00477,7,-7.27,ok,1,0,0,0,4,6,2,0,0,0,0
gen_00477,8,-7.267,ok,0,0,0,1,3,5,3,0,0,0,0
gen_00478,1,-7.55,ok,1,0,1,1,4,7,6,1,0,0,0
gen_00478,2,-7.54,ok,1,0,1,1,4,7,4,0,0,0,0
gen_00478,3,-7.521,ok,1,0,1,1,4,7,5,0,0,0,0
gen_00478,4,-7.51,ok,1,0,1,1,4,7,5,0,0,0,0
gen_00478,5,-7.43,ok,1,0,1,1,4,6,5,0,0,0,0
gen_00479,1,-8.032,ok,1,0,0,0,4,6,3,0,0,0,0
gen_00479,2,-7.972,ok,1,0,0,1,4,6,4,0,0,0,0
gen_00479,3,-7.904,ok,1,0,0,0,4,7,3,0,0,0,0
gen_00479,4,-7.884,ok,1,0,0,1,4,7,3,0,0,0,0
gen_00480,1,-7.534,ok,1,0,0,1,4,5,3,0,0,0,0
gen_00480,2,-7.534,ok,1,0,0,1,4,5,3,0,0,0,0
gen_00480,3,-7.517,ok,1,0,1,0,4,5,3,1,0,0,0
gen_00481,1,-8.18,ok,1,0,1,0,4,6,3,0,0,0,0
gen_00481,2,-8.156,ok,1,0,1,0,4,7,2,0,0,0,0
gen_00481,3,-8.12,ok,1,0,1,0,4,7,3,0,0,0,0
gen_00481,4,-8.071,ok,1,0,0,1,5,6,5,0,0,0,0
gen_00481,5,-8.038,ok,1,0,0,1,5,6,5,0,0,0,0
gen_00481,6,-8.018,ok,1,0,0,1,5,6,5,0,0,0,0
gen_00481,7,-7.836,ok,1,0,1,1,5,7,6,0,0,0,0
gen_00482,1,-7.385,ok,1,0,1,0,4,5,2,1,0,0,0
gen_00482,2,-7.356,ok,1,0,1,0,4,5,2,1,0,0,0
gen_00482,3,-7.233,ok,1,0,0,1,4,6,3,0,0,0,0
gen_00482,4,-7.169,ok,1,0,0,1,4,3,2,1,0,0,0
gen_00482,5,-7.157,ok,1,0,1,0,4,6,2,1,0,0,0
gen_00482,6,-7.079,ok,1,0,0,1,4,6,4,0,0,0,0
gen_00482,7,-7.032,ok,1,0,0,1,4,6,4,0,0,0,0
gen_00483,1,-7.816,ok,1,0,1,0,5,7,1,1,0,0,0
gen_00483,2,-7.791,ok,1,0,1,0,5,6,1,1,0,0,0
gen_00484,1,-7.657,ok,1,0,0,1,5,3,3,0,0,0,0
gen_00484,2,-7.531,ok,1,0,0,1,4,3,4,0,0,0,0
gen_00484,3,-7.519,ok,1,0,0,1,5,3,3,0,0,0,0
gen_00484,4,-7.47,ok,1,0,0,1,5,3,3,0,0,0,0
gen_00485,1,-8.281,ok,1,0,1,1,5,6,3,0,0,0,0
gen_00485,2,-8.257,ok,1,0,1,1,5,7,3,0,0,0,0
gen_00485,3,-8.159,ok,1,0,1,1,5,7,2,0,0,0,0
gen_00485,4,-7.74,ok,1,0,0,1,4,5,3,0,0,0,0
gen_00486,1,-7.36,ok,1,0,0,0,4,5,1,0,0,0,0
gen_00486,2,-7.352,ok,1,0,0,0,4,6,1,0,0,0,0
gen_00486,3,-7.338,ok,1,0,0,1,4,6,2,0,0,0,0
gen_00486,4,-7.338,ok,1,0,0,1,4,6,2,0,0,0,0
gen_00486,5,-7.303,ok,1,0,0,0,4,6,1,0,0,0,0
gen_00486,6,-7.285,ok,1,0,0,0,4,5,1,0,0,0,0
gen_00486,7,-7.266,ok,1,0,0,1,4,6,2,0,0,0,0
gen_00486,8,-7.264,ok,1,0,0,1,4,5,2,0,0,0,0
gen_00486,9,-7.209,ok,1,0,0,1,4,5,2,0,0,0,0
gen_00487,1,-7.665,ok,0,0,1,1,3,5,3,0,0,0,0
gen_00487,2,-7.638,ok,0,0,1,1,3,5,3,0,0,0,0
gen_00487,3,-7.635,ok,0,0,1,1,3,5,3,0,0,0,0
gen_00487,4,-7.605,ok,0,0,1,1,3,5,2,1,0,0,0
gen_00487,5,-7.598,ok,0,0,1,1,3,5,2,1,0,0,0
gen_00487,6,-7.579,ok,0,0,1,1,3,5,2,1,0,0,0
gen_00487,7,-7.566,ok,0,0,1,1,3,5,5,0,0,0,0
gen_00488,1,-7.587,ok,1,0,0,1,5,5,1,0,0,0,0
gen_00488,2,-7.582,ok,1,0,0,1,5,5,1,0,0,0,0
gen_00488,3,-7.571,ok,1,0,0,1,5,5,1,0,0,0,0
gen_00488,4,-7.554,ok,1,0,0,1,5,5,1,0,0,0,0
gen_00488,5,-7.433,ok,1,0,0,1,4,6,1,0,0,0,0
gen_00488,6,-7.429,ok,1,0,0,1,4,5,1,1,1,0,0
gen_00488,7,-7.322,ok,1,0,0,1,4,5,1,1,1,0,0
gen_00488,8,-7.173,ok,1,0,0,1,4,4,3,1,0,0,0
gen_00489,1,-7.18,ok,1,0,1,1,5,4,2,0,0,0,0
gen_00489,2,-7.172,ok,1,0,1,1,5,4,2,0,0,0,0
gen_00489,3,-7.137,ok,1,0,1,0,5,4,1,0,0,0,0
gen_00489,4,-6.665,ok,0,0,0,1,0,1,2,1,1,0,0
gen_00490,1,-7.401,ok,0,0,1,1,3,6,1,0,0,0,0
gen_00490,2,-7.32,ok,1,0,1,1,4,6,2,0,0,0,0
gen_00490,3,-7.247,ok,0,0,1,1,3,7,2,0,0,0,0
gen_00490,4,-7.235,ok,1,0,1,1,4,7,1,0,0,0,0
gen_00490,5,-7.234,ok,1,0,1,1,4,7,1,0,0,0,0
gen_00491,1,-8.076,ok,1,0,1,1,4,6,2,0,0,0,0
gen_00492,1,-7.568,ok,1,0,1,1,4,3,5,0,0,0,0
gen_00492,2,-7.511,ok,1,0,0,1,4,3,4,0,0,0,0
gen_00492,3,-7.456,ok,1,0,0,1,4,5,4,1,0,0,0
gen_00492,4,-7.435,ok,1,0,0,1,4,3,4,0,0,0,0
gen_00492,5,-7.412,ok,1,0,0,1,4,3,4,0,0,0,0
gen_00492,6,-7.406,ok,1,0,1,1,4,3,4,0,0,0,0
gen_00492,7,-7.391,ok,1,0,1,1,4,5,3,0,0,0,0
gen_00492,8,-7.368,ok,1,0,0,1,4,3,5,0,0,0,0
gen_00492,9,-7.344,ok,1,0,0,1,4,3,5,0,0,0,0
gen_00493,1,-7.494,ok,1,0,0,1,4,6,2,0,0,0,0
gen_00493,2,-7.449,ok,1,0,0,1,4,5,2,0,0,0,0
gen_00493,3,-7.421,ok,1,0,0,1,4,6,1,0,0,0,0
gen_00493,4,-7.229,ok,1,0,0,1,4,7,1,0,0,0,0
gen_00494,1,-7.108,ok,0,0,0,1,3,5,2,0,0,0,0
gen_00494,2,-7.092,ok,0,0,0,1,3,5,4,0,0,0,0
gen_00494,3,-7.089,ok,0,0,0,1,3,5,3,0,0,0,0
gen_00494,4,-7.075,ok,0,0,0,1,3,5,2,0,0,0,0
gen_00494,5,-7.074,ok,0,0,0,1,3,5,3,0,0,0,0
gen_00494,6,-7.071,ok,0,0,0,1,3,5,2,0,0,0,0
gen_00495,1,-7.594,ok,0,0,0,1,3,2,2,0,1,0,1
gen_00495,2,-7.499,ok,1,0,0,0,4,6,1,0,0,0,0
gen_00495,3,-7.491,ok,1,0,0,1,4,7,1,0,0,0,0
gen_00495,4,-7.477,ok,1,0,0,0,4,6,1,0,0,0,0
gen_00495,5,-7.473,ok,1,0,0,0,4,6,1,0,0,0,1
gen_00495,6,-7.444,ok,1,0,0,0,4,5,1,0,0,0,2
gen_00495,7,-7.418,ok,1,0,0,1,4,5,2,0,0,0,2
gen_00495,8,-7.365,ok,1,0,0,1,4,5,1,0,0,0,1
gen_00496,1,-7.707,ok,0,0,0,1,3,5,2,0,0,0,1
gen_00496,2,-7.697,ok,0,0,0,1,3,5,2,0,0,0,1
gen_00496,3,-7.692,ok,1,0,1,1,4,6,1,0,0,0,0
gen_00496,4,-7.683,ok,0,0,0,1,3,5,2,0,0,0,1
gen_00496,5,-7.676,ok,0,0,0,1,3,6,2,0,0,0,1
gen_00496,6,-7.661,ok,0,0,0,1,3,6,3,0,0,0,2
gen_00496,7,-7.613,ok,0,0,0,1,3,5,3,0,0,0,1
gen_00496,8,-7.587,ok,1,0,0,1,4,6,3,0,0,0,0
gen_00496,9,-7.523,ok,1,0,0,0,4,6,1,0,0,0,0
gen_00497,1,-7.059,ok,0,0,1,0,3,2,2,0,0,0,0
gen_00497,2,-7.041,ok,0,0,1,0,3,3,2,0,0,0,0
gen_00498,1,-7.678,ok,1,0,0,1,4,6,2,1,0,0,0
gen_00499,1,-6.783,ok,0,0,0,1,3,5,2,0,0,0,0
gen_00499,2,-6.765,ok,0,0,0,1,3,4,2,0,0,0,0
gen_00500,1,-7.637,ok,1,0,0,1,4,6,5,1,0,0,0
gen_00500,2,-7.626,ok,1,0,0,0,4,5,3,0,0,0,0
gen_00500,3,-7.589,ok,1,0,0,0,4,6,3,0,0,0,0
gen_00500,4,-7.588,ok,1,0,0,1,4,6,2,0,0,0,0
gen_00500,5,-7.56,ok,1,0,0,1,4,7,2,0,0,0,0
gen_00500,6,-7.541,ok,1,0,0,1,4,5,5,1,0,0,0
gen_00501,1,-8.662,ok,0,0,0,1,3,1,3,0,0,0,0
gen_00501,2,-8.658,ok,0,0,0,1,3,1,3,0,0,0,0
gen_00501,3,-8.644,ok,0,0,0,1,3,1,3,0,0,0,0
gen_00502,1,-7.621,ok,1,0,0,1,4,6,4,0,2,0,0
gen_00502,2,-7.62,ok,1,0,0,1,4,6,4,0,2,0,0
gen_00502,3,-7.611,ok,1,0,0,1,4,6,4,0,2,0,0
gen_00503,1,-7.321,ok,0,0,0,1,3,5,3,0,0,0,0
gen_00503,2,-7.273,ok,1,0,1,1,4,5,4,0,0,0,0
gen_00504,1,-7.536,ok,0,0,1,1,3,3,5,0,0,0,0
gen_00504,2,-7.5,ok,0,0,1,1,3,4,5,0,0,0,0
gen_00504,3,-7.49,ok,0,0,1,1,3,4,4,0,0,0,0
gen_00504,4,-7.475,ok,0,0,1,1,3,4,4,0,0,0,0
gen_00504,5,-7.462,ok,1,0,1,1,4,1,3,1,0,0,0
gen_00504,6,-7.455,ok,0,0,1,1,3,5,5,0,0,0,0
gen_00504,7,-7.428,ok,0,0,1,1,3,4,4,0,0,0,0
gen_00504,8,-7.407,ok,1,0,1,1,4,3,5,0,0,0,0
gen_00504,9,-7.376,ok,1,0,1,1,4,4,3,0,0,0,0
gen_00505,1,-8.727,ok,1,0,1,1,4,5,3,0,0,0,0
gen_00506,1,-8.084,ok,0,0,1,1,3,6,2,1,0,0,0
gen_00506,2,-8.057,ok,1,0,1,1,4,6,3,1,0,0,0
gen_00506,3,-8.051,ok,0,0,1,1,3,6,2,1,0,0,0
gen_00506,4,-8.05,ok,1,0,1,1,4,6,3,1,0,0,0
gen_00506,5,-8.048,ok,0,0,1,1,3,5,2,1,0,0,0
gen_00507,1,-7.507,ok,1,0,0,1,4,6,2,0,0,0,1
gen_00507,2,-7.388,ok,1,0,0,1,4,6,2,0,0,0,1
gen_00508,1,-6.335,ok,1,0,0,0,4,5,1,0,0,0,0
gen_00508,2,-6.312,ok,1,0,0,1,4,5,1,0,0,0,0
gen_00509,1,-7.479,ok,1,0,1,0,5,7,1,0,0,0,0
gen_00509,2,-7.478,ok,1,0,1,0,4,7,1,1,0,0,0
gen_00509,3,-7.314,ok,1,0,1,0,4,6,0,1,0,0,0
gen_00509,4,-7.313,ok,1,0,1,0,4,7,1,1,0,0,0
gen_00509,5,-7.234,ok,1,0,1,0,4,7,0,1,0,0,0
gen_00509,6,-7.185,ok,1,0,1,0,4,6,0,1,0,0,0
gen_00509,7,-7.032,ok,1,0,1,0,4,7,1,0,0,0,0
gen_00510,1,-6.701,ok,1,0,0,1,4,6,2,0,0,0,0
gen_00511,1,-8.284,ok,1,0,1,1,5,3,2,1,0,0,0
gen_00511,2,-8.185,ok,1,0,1,1,5,3,3,1,0,0,0
gen_00511,3,-7.88,ok,0,0,0,1,0,3,3,0,0,0,0
gen_00512,1,-7.453,ok,1,0,0,1,4,6,2,0,0,0,0
gen_00512,2,-7.39,ok,1,0,0,1,4,7,2,0,0,0,0
gen_00512,3,-7.388,ok,1,0,0,1,4,6,4,0,0,0,0
gen_00513,1,-7.31,ok,1,0,1,0,4,5,1,1,0,0,0
gen_00513,2,-7.256,ok,1,0,1,0,4,6,1,1,0,0,0
gen_00514,1,-7.957,ok,0,0,0,1,3,5,3,0,0,0,0
gen_00514,2,-7.867,ok,0,0,1,1,3,6,5,0,0,0,0
gen_00515,1,-7.969,ok,1,0,0,1,4,1,8,0,0,0,0
gen_00515,2,-7.944,ok,1,0,0,1,4,2,8,0,0,0,0
gen_00516,1,-7.61,ok,0,0,0,1,3,3,1,0,0,0,0
gen_00516,2,-7.607,ok,0,0,0,1,3,3,1,0,0,0,0
gen_00516,3,-7.602,ok,0,0,0,1,3,3,1,0,0,0,0
gen_00516,4,-7.589,ok,0,0,0,1,3,3,1,0,0,0,0
gen_00516,5,-7.561,ok,0,0,0,1,3,2,2,0,0,0,0
gen_00516,6,-7.52,ok,0,0,0,1,3,2,2,0,0,0,0
gen_00516,7,-7.303,ok,0,0,0,0,3,1,0,0,1,0,0
gen_00516,8,-7.285,ok,0,0,0,0,3,1,0,0,1,0,0
gen_00516,9,-7.069,ok,1,0,0,0,4,2,0,0,1,0,0
gen_00517,1,-7.513,ok,1,0,1,1,5,5,2,0,0,0,0
gen_00517,2,-7.511,ok,1,0,1,1,5,5,2,0,0,0,0
gen_00517,3,-7.49,ok,1,0,1,1,5,5,2,0,0,0,0
gen_00517,4,-7.476,ok,1,0,1,1,5,5,2,0,0,0,0
gen_00517,5,-7.475,ok,1,0,0,0,4,7,1,0,0,0,0
gen_00517,6,-7.469,ok,1,0,0,0,4,7,1,0,0,0,0
gen_00517,7,-7.372,ok,1,0,0,1,5,3,2,2,0,0,1
gen_00518,1,-7.049,ok,1,0,0,1,4,6,3,0,0,0,0
gen_00518,2,-7.003,ok,1,0,0,1,4,6,1,1,0,0,0
gen_00519,1,-8.285,ok,1,1,1,1,4,8,3,0,0,0,0
gen_00519,2,-8.236,ok,1,1,1,1,4,8,3,0,0,0,0
gen_00519,3,-8.213,ok,1,1,1,1,4,8,3,0,0,0,0
gen_00519,4,-8.151,ok,1,1,1,1,4,9,3,0,0,0,0
gen_00519,5,-8.066,ok,0,0,0,1,3,6,4,0,0,0,0
gen_00519,6,-8.029,ok,0,0,0,1,3,5,4,0,0,0,0
gen_00519,7,-8.021,ok,0,0,0,1,0,3,5,0,1,0,0
gen_00519,8,-8.011,ok,1,1,1,1,4,9,3,0,0,0,0
gen_00519,9,-7.963,ok,0,0,0,1,3,5,3,0,0,0,0
gen_00519,10,-7.89,ok,0,0,0,1,3,6,4,0,0,0,0
gen_00520,1,-7.271,ok,1,0,0,1,4,5,2,0,0,0,0
gen_00520,2,-7.26,ok,1,0,0,1,4,5,2,0,0,0,0
gen_00520,3,-7.256,ok,1,0,0,1,4,5,2,0,0,0,0
gen_00521,1,-8.39,ok,1,0,0,1,4,4,4,0,0,0,0
gen_00521,2,-8.302,ok,1,0,0,1,4,5,3,1,0,0,0
gen_00522,1,-7.908,ok,1,0,1,0,5,4,2,1,0,0,0
gen_00522,2,-7.776,ok,1,0,1,0,5,4,1,1,0,0,0
gen_00523,1,-7.013,ok,1,0,1,1,5,3,3,0,0,0,0
gen_00523,2,-7.0,ok,1,0,1,1,5,3,2,0,0,0,0
gen_00523,3,-6.994,ok,1,0,1,1,5,3,3,0,0,0,0
gen_00523,4,-6.985,ok,1,0,1,1,5,3,2,0,0,0,0
gen_00524,1,-8.402,ok,0,0,1,1,3,2,6,0,0,0,0
gen_00524,2,-8.375,ok,0,0,1,1,3,2,6,0,0,0,0
gen_00524,3,-8.361,ok,0,0,1,1,3,2,5,0,0,0,0
gen_00524,4,-8.353,ok,0,0,1,1,3,2,5,0,0,0,0
gen_00525,1,-7.137,ok,1,0,1,1,4,7,4,0,0,0,0
gen_00525,2,-7.119,ok,1,0,1,1,4,7,4,0,0,0,0
gen_00526,1,-7.664,ok,1,0,0,1,4,1,1,0,0,0,0
gen_00526,2,-7.615,ok,1,0,0,1,4,1,1,0,0,0,0
gen_00526,3,-7.608,ok,1,0,0,1,4,1,1,0,0,0,0
gen_00526,4,-7.604,ok,1,0,0,1,4,1,1,0,0,0,0
gen_00527,1,-8.693,ok,1,0,0,1,4,3,6,0,0,0,0
gen_00527,2,-8.679,ok,1,0,0,1,4,5,3,0,0,0,0
gen_00527,3,-8.674,ok,1,0,0,1,4,4,4,0,0,0,0
gen_00527,4,-8.647,ok,1,0,0,1,4,5,4,0,0,0,0
gen_00527,5,-8.594,ok,1,0,0,1,4,3,5,0,0,0,0
gen_00527,6,-8.578,ok,1,0,0,1,4,6,5,0,0,0,0
gen_00527,7,-8.553,ok,1,0,0,1,4,3,5,0,0,0,0
gen_00527,8,-7.681,ok,0,0,1,0,0,3,1,0,0,0,0
gen_00528,1,-8.133,ok,1,0,1,1,5,4,2,2,0,0,0
gen_00528,2,-8.121,ok,1,0,1,1,5,4,2,2,0,0,0
gen_00528,3,-7.516,ok,1,0,1,1,4,3,2,1,0,0,0
gen_00528,4,-7.481,ok,1,0,1,1,4,0,2,2,0,0,0
gen_00528,5,-7.473,ok,1,0,1,1,4,0,3,1,0,0,0
gen_00528,6,-7.383,ok,1,0,1,1,4,5,3,0,0,0,0
gen_00528,7,-7.358,ok,1,0,1,1,4,5,2,1,0,0,0
gen_00528,8,-7.293,ok,1,0,1,0,4,5,1,1,0,0,0
gen_00529,1,-8.228,ok,1,0,0,1,4,5,3,0,0,0,0
gen_00529,2,-8.196,ok,0,0,1,1,3,0,4,0,0,0,0
gen_00529,3,-8.194,ok,1,0,0,1,4,6,4,0,0,0,0
gen_00529,4,-8.187,ok,1,0,0,1,4,6,4,0,0,0,0
gen_00529,5,-8.167,ok,1,0,0,1,4,5,2,0,0,0,0
gen_00529,6,-8.16,ok,0,0,1,1,3,2,4,0,0,0,0
gen_00530,1,-8.697,ok,1,0,0,1,4,4,8,0,0,0,0
gen_00530,2,-8.398,ok,1,0,0,1,4,2,5,0,0,0,0
gen_00530,3,-8.268,ok,0,0,0,1,3,4,4,0,0,0,0
gen_00530,4,-8.17,ok,1,0,0,1,4,1,4,0,0,0,0
gen_00530,5,-7.928,ok,1,0,0,1,4,0,4,0,0,0,0
gen_00530,6,-7.787,ok,1,0,1,0,4,6,3,0,0,0,0
gen_00530,7,-7.726,ok,0,0,0,1,0,2,2,0,0,0,0
gen_00531,1,-6.909,ok,0,0,0,1,0,3,3,0,0,0,0
gen_00532,1,-7.774,ok,1,0,0,0,4,6,2,0,0,0,0
gen_00533,1,-7.087,ok,1,0,0,1,4,5,3,1,1,0,0
gen_00533,2,-7.07,ok,1,0,1,1,4,5,3,0,1,0,1
gen_00533,3,-7.061,ok,1,0,0,1,4,5,2,1,1,0,0
gen_00533,4,-7.05,ok,1,0,1,1,4,5,3,1,1,0,1
gen_00534,1,-8.289,ok,0,0,0,1,3,5,4,1,0,0,0
gen_00534,2,-8.244,ok,1,0,0,1,4,5,4,1,0,0,0
gen_00534,3,-8.125,ok,0,0,0,1,3,5,5,0,0,0,0
gen_00535,1,-8.188,ok,1,0,0,1,4,8,3,1,0,0,0
gen_00535,2,-8.154,ok,1,0,1,1,4,7,5,0,0,0,0
gen_00535,3,-8.036,ok,1,0,0,1,4,8,4,1,0,0,0
gen_00535,4,-7.995,ok,1,0,1,1,4,7,5,0,0,0,0
gen_00535,5,-7.776,ok,1,0,0,1,4,9,4,1,0,0,0
gen_00535,6,-7.662,ok,1,0,1,1,4,5,3,1,0,0,0
gen_00535,7,-7.628,ok,1,0,0,1,4,8,5,2,0,0,0
gen_00536,1,-7.551,ok,1,0,1,1,4,6,2,0,0,0,0
gen_00536,2,-7.541,ok,1,0,1,1,4,6,2,0,0,0,0
gen_00537,1,-6.939,ok,1,0,0,1,4,5,2,0,1,0,0
gen_00537,2,-6.933,ok,1,0,0,1,4,6,2,0,1,0,0
gen_00537,3,-6.912,ok,1,0,0,1,5,3,3,0,1,0,0
gen_00537,4,-6.832,ok,1,0,1,1,5,4,2,0,0,0,0
gen_00537,5,-6.83,ok,1,0,1,1,5,4,3,0,0,0,0
gen_00537,6,-6.824,ok,1,0,1,1,4,5,3,0,0,0,0
gen_00538,1,-8.332,ok,1,0,0,1,4,2,3,0,0,0,0
gen_00538,2,-8.265,ok,1,0,0,1,4,2,3,0,0,0,0
gen_00539,1,-7.164,ok,0,1,1,1,0,2,5,0,0,0,0
gen_00539,2,-7.063,ok,1,0,0,0,4,9,0,0,0,0,0
gen_00539,3,-7.009,ok,0,0,0,1,0,5,2,0,2,0,0
gen_00539,4,-6.995,ok,0,0,0,1,3,3,3,0,2,0,0
gen_00539,5,-6.984,ok,0,0,0,1,3,4,2,0,2,0,0
gen_00539,6,-6.968,ok,0,1,0,1,3,5,3,0,2,0,0
gen_00539,7,-6.924,ok,0,0,0,1,3,2,2,0,0,0,0
gen_00540,1,-7.98,ok,1,0,0,1,4,6,6,0,0,0,0
gen_00540,2,-7.921,ok,1,0,0,1,4,6,6,0,0,0,0
gen_00541,1,-6.523,ok,1,0,0,1,4,6,1,0,0,0,0
gen_00542,1,-7.433,ok,1,0,0,1,4,5,3,1,0,0,0
gen_00542,2,-7.414,ok,1,0,0,1,4,6,4,0,0,0,0
gen_00542,3,-7.384,ok,1,0,0,1,4,5,4,0,0,0,0
gen_00543,1,-7.698,ok,1,0,0,1,4,5,4,0,0,0,0
gen_00544,1,-8.151,ok,1,0,1,0,5,3,3,1,0,0,0
gen_00545,1,-7.47,ok,0,0,1,0,3,7,3,0,0,0,0
gen_00545,2,-7.407,ok,1,0,1,0,4,7,2,1,0,0,0
gen_00545,3,-7.287,ok,0,1,0,1,3,4,3,0,1,0,0
gen_00545,4,-7.286,ok,0,1,0,1,3,4,3,0,1,0,0
gen_00545,5,-7.159,ok,0,1,0,1,3,4,2,0,1,0,0
gen_00546,1,-8.372,ok,0,0,0,1,3,1,3,0,1,0,0
gen_00546,2,-8.351,ok,0,0,0,1,3,1,3,0,1,0,0
gen_00546,3,-8.322,ok,0,0,0,0,3,1,1,0,1,0,0
gen_00546,4,-8.319,ok,0,0,0,0,3,1,1,0,1,0,0
gen_00546,5,-7.88,ok,0,0,0,1,0,0,3,0,1,0,0
gen_00546,6,-7.671,ok,0,0,0,1,3,5,2,0,0,0,0
gen_00547,1,-7.847,ok,0,0,0,1,0,5,3,0,0,0,0
gen_00547,2,-7.837,ok,0,0,0,1,0,5,3,0,0,0,0
gen_00547,3,-7.832,ok,0,0,0,1,0,5,3,0,0,0,0
gen_00547,4,-7.823,ok,0,0,0,1,0,5,3,0,0,0,0
gen_00548,1,-7.653,ok,0,0,0,1,3,6,1,0,1,0,0
gen_00548,2,-7.653,ok,0,0,0,1,3,1,1,0,0,0,0
gen_00548,3,-7.623,ok,0,0,0,1,3,6,1,0,1,0,0
gen_00549,1,-7.341,ok,0,0,0,0,3,6,0,1,0,0,0
gen_00550,1,-7.298,ok,1,0,0,1,4,5,4,0,0,0,0
gen_00550,2,-7.263,ok,1,0,0,1,4,5,4,0,0,0,0
gen_00551,1,-6.505,ok,0,0,0,0,3,5,0,0,0,0,0
gen_00551,2,-6.477,ok,0,0,0,0,3,5,0,0,0,0,0
gen_00552,1,-6.717,ok,1,0,0,1,5,6,2,0,0,0,0
gen_00552,2,-6.672,ok,1,0,0,1,5,6,2,0,0,0,0
gen_00553,1,-6.885,ok,1,0,0,0,4,6,0,1,0,0,0
gen_00553,2,-6.79,ok,1,0,0,0,4,5,0,1,0,0,0
gen_00553,3,-6.771,ok,1,0,0,0,4,6,0,1,0,0,0
gen_00553,4,-6.68,ok,1,0,0,0,4,5,0,1,0,0,0
gen_00553,5,-6.553,ok,1,0,0,1,4,4,2,0,0,0,0
gen_00554,1,-7.526,ok,1,0,0,1,4,5,2,0,0,0,0
gen_00555,1,-6.537,ok,1,0,1,0,4,6,0,1,0,0,0
gen_00556,1,-6.778,ok,0,0,0,1,3,1,2,0,0,0,0
gen_00556,2,-6.775,ok,0,0,0,1,3,1,2,0,0,0,0
gen_00556,3,-6.748,ok,0,0,1,1,3,1,2,0,0,0,0
gen_00556,4,-6.736,ok,0,0,1,1,3,1,2,0,0,0,0
gen_00556,5,-6.733,ok,0,0,1,1,3,2,2,0,0,0,0
gen_00556,6,-6.718,ok,0,0,1,1,3,1,2,0,0,0,0
gen_00557,1,-6.306,ok,1,0,0,1,4,5,2,0,0,0,0
gen_00557,2,-6.301,ok,1,0,0,1,4,6,2,0,0,0,0
gen_00558,1,-7.91,ok,1,0,1,1,4,7,3,0,0,0,0
gen_00558,2,-7.883,ok,1,0,1,1,4,7,2,0,0,0,0
gen_00558,3,-7.862,ok,1,0,1,1,4,8,2,0,0,0,0
gen_00558,4,-7.791,ok,1,0,1,1,4,7,2,0,0,0,0
gen_00558,5,-7.761,ok,1,0,1,1,4,7,2,0,0,0,0
gen_00558,6,-7.735,ok,1,0,1,1,4,8,2,0,0,0,0
gen_00558,7,-7.729,ok,1,0,1,1,4,7,2,0,0,0,0
gen_00559,1,-8.667,ok,1,0,0,0,4,7,3,0,0,0,0
gen_00559,2,-8.666,ok,1,0,0,0,4,6,2,0,0,0,0
gen_00559,3,-8.608,ok,1,0,0,0,4,6,2,0,0,0,0
gen_00560,1,-7.674,ok,1,0,0,1,4,5,2,0,0,0,0
gen_00560,2,-7.662,ok,1,0,0,1,4,6,3,0,0,0,0
gen_00560,3,-7.661,ok,1,0,0,1,4,7,2,0,0,0,0
gen_00561,1,-8.669,ok,1,0,1,1,4,6,1,2,0,0,0
gen_00561,2,-8.603,ok,1,0,1,1,4,6,2,2,0,0,0
gen_00561,3,-8.476,ok,1,0,1,1,4,5,1,2,0,0,0
gen_00561,4,-8.114,ok,1,0,1,1,5,5,2,1,0,0,0
gen_00562,1,-7.864,ok,1,0,1,1,4,7,4,0,0,0,0
gen_00562,2,-7.839,ok,1,0,1,1,4,7,4,0,0,0,0
gen_00562,3,-7.832,ok,1,0,1,1,4,6,4,0,0,0,0
gen_00562,4,-7.809,ok,1,0,1,1,4,6,4,0,0,0,0
gen_00562,5,-7.72,ok,1,0,0,1,5,4,4,0,0,0,0
gen_00563,1,-8.769,ok,1,0,1,0,4,5,3,1,0,0,0
gen_00563,2,-8.711,ok,1,0,1,0,4,5,3,1,0,0,0
gen_00564,1,-7.63,ok,1,0,1,0,5,3,3,0,0,0,0
gen_00564,2,-7.559,ok,1,0,1,1,5,3,5,0,0,0,0
gen_00564,3,-7.538,ok,1,0,0,1,4,5,5,0,0,0,0
gen_00564,4,-7.444,ok,1,0,0,1,4,6,5,0,0,0,0
gen_00565,1,-8.235,ok,1,0,1,0,4,6,4,1,0,0,0
gen_00566,1,-7.679,ok,1,0,1,1,4,4,4,0,0,0,0
gen_00566,2,-7.625,ok,1,0,1,1,4,5,4,0,0,0,0
gen_00566,3,-7.62,ok,1,0,1,1,4,5,4,0,0,0,0
gen_00566,4,-7.616,ok,1,0,1,1,4,5,4,0,0,0,0
gen_00567,1,-7.021,ok,0,0,1,1,3,3,1,0,0,0,0
gen_00567,2,-6.996,ok,0,0,1,0,0,7,1,0,0,0,0
gen_00567,3,-6.953,ok,0,0,0,1,3,2,1,0,0,0,0
gen_00568,1,-6.924,ok,0,0,1,1,0,2,3,0,0,0,0
gen_00568,2,-6.877,ok,0,0,1,1,0,2,3,0,0,0,0
gen_00568,3,-6.877,ok,0,0,1,1,0,2,3,0,0,0,0
gen_00568,4,-6.77,ok,0,0,1,1,0,2,3,0,0,0,0
gen_00569,1,-7.554,ok,1,0,0,1,4,5,4,0,0,0,0
gen_00569,2,-7.492,ok,1,0,0,1,4,6,3,0,0,0,0
gen_00569,3,-7.452,ok,1,0,0,1,4,5,4,0,0,0,0
gen_00569,4,-7.401,ok,1,0,0,1,4,5,3,0,0,0,0
gen_00570,1,-8.089,ok,1,0,0,1,4,5,2,0,0,0,0
gen_00571,1,-7.341,ok,0,0,0,1,3,2,1,0,0,0,0
gen_00571,2,-7.234,ok,0,0,0,1,3,0,1,0,0,0,0
gen_00571,3,-7.176,ok,0,0,0,1,3,3,1,0,0,0,0
gen_00571,4,-7.142,ok,0,0,0,1,3,3,1,0,0,0,0
gen_00571,5,-6.84,ok,0,0,1,1,0,3,3,0,0,0,0
gen_00571,6,-6.827,ok,0,0,1,1,0,3,3,0,0,0,0
gen_00572,1,-7.051,ok,1,0,0,1,4,6,1,0,0,0,0
gen_00572,2,-7.037,ok,1,0,0,1,4,6,1,0,0,0,0
gen_00572,3,-6.999,ok,1,0,0,1,4,6,1,0,0,0,0
gen_00573,1,-7.126,ok,1,0,1,1,4,7,4,0,0,0,0
gen_00573,2,-7.126,ok,1,0,1,1,4,6,3,0,0,0,0
gen_00573,3,-7.125,ok,1,0,1,1,4,6,4,0,0,0,0
gen_00573,4,-7.114,ok,1,0,1,1,4,6,3,0,0,0,0
gen_00573,5,-7.101,ok,1,0,1,1,4,6,4,0,0,0,0
gen_00573,6,-7.076,ok,1,0,1,1,4,6,4,0,0,0,0
gen_00574,1,-7.023,ok,0,0,0,1,3,5,3,0,0,0,0
gen_00574,2,-7.003,ok,0,0,0,1,3,5,3,0,0,0,0
gen_00574,3,-6.98,ok,0,0,0,1,3,5,3,0,0,0,0
gen_00574,4,-6.955,ok,0,0,0,1,3,5,3,0,0,0,0
gen_00575,1,-7.256,ok,1,0,1,0,4,5,3,0,0,0,0
gen_00575,2,-7.242,ok,1,0,1,0,4,5,3,0,0,0,0
gen_00575,3,-7.219,ok,1,0,0,1,5,3,3,0,0,0,0
gen_00575,4,-7.142,ok,0,0,0,1,0,1,2,0,0,0,0
gen_00575,5,-7.112,ok,0,0,0,1,0,1,2,0,0,0,0
gen_00576,1,-6.449,ok,1,0,0,1,4,3,2,0,0,0,0
gen_00576,2,-6.353,ok,1,0,0,1,4,4,2,0,0,0,0
gen_00576,3,-6.35,ok,1,0,0,1,4,5,2,0,0,0,0
gen_00576,4,-6.309,ok,1,0,1,1,4,6,3,1,0,0,0
gen_00576,5,-6.144,ok,1,0,0,0,4,5,1,0,0,0,0
gen_00576,6,-6.088,ok,1,0,0,0,4,5,1,0,0,0,0
gen_00576,7,-6.026,ok,0,0,0,1,0,1,3,0,0,0,0
gen_00577,1,-8.775,ok,1,0,0,1,4,7,1,1,0,0,1
gen_00578,1,-8.819,ok,0,0,1,1,3,5,5,0,0,0,0
gen_00578,2,-8.818,ok,0,0,1,1,3,5,5,0,0,0,0
gen_00578,3,-7.869,ok,0,0,0,1,0,0,4,0,1,0,0
gen_00579,1,-7.727,ok,1,0,0,1,5,3,3,0,0,0,1
gen_00579,2,-7.717,ok,1,0,0,1,5,3,3,0,0,0,1
gen_00580,1,-7.078,ok,1,0,0,1,4,6,2,0,0,0,0
gen_00580,2,-7.057,ok,1,0,1,0,4,5,0,1,0,0,0
gen_00580,3,-7.046,ok,1,0,1,0,4,5,0,1,0,0,0
gen_00580,4,-7.044,ok,1,0,0,1,4,6,3,0,0,0,0
gen_00580,5,-7.029,ok,1,0,0,0,4,6,0,0,0,0,0
gen_00580,6,-7.006,ok,1,0,0,1,4,6,2,0,0,0,0
gen_00580,7,-7.005,ok,1,0,0,1,4,6,2,0,0,0,0
gen_00580,8,-6.989,ok,1,0,0,1,4,6,3,0,0,0,0
gen_00580,9,-6.978,ok,1,0,0,1,4,6,1,0,0,0,0
gen_00580,10,-6.931,ok,1,0,1,0,4,5,0,1,0,0,0
gen_00580,11,-6.907,ok,1,0,0,1,4,6,4,0,0,0,0
gen_00580,12,-6.879,ok,1,0,0,1,4,6,3,0,0,0,0
gen_00581,1,-6.866,ok,1,0,1,1,4,6,2,0,1,0,0
gen_00581,2,-6.862,ok,1,0,1,1,4,6,2,0,1,0,0
gen_00581,3,-6.829,ok,1,0,1,1,4,6,2,0,1,0,0
gen_00581,4,-6.484,ok,1,0,1,1,4,5,2,0,1,0,0
gen_00582,1,-8.475,ok,1,1,1,0,4,6,2,1,0,0,0
gen_00582,2,-8.459,ok,1,0,1,0,4,6,2,1,0,0,0
gen_00583,1,-7.48,ok,1,0,0,1,5,3,3,0,0,0,0
gen_00583,2,-7.23,ok,1,0,0,1,5,4,2,0,0,0,0
gen_00584,1,-6.774,ok,1,0,1,0,4,5,1,1,0,0,0
gen_00584,2,-6.722,ok,1,0,1,0,4,5,1,1,0,0,0
gen_00584,3,-6.617,ok,1,0,0,1,4,3,2,0,0,0,0
gen_00584,4,-6.532,ok,1,0,0,1,5,3,3,0,0,0,0
gen_00584,5,-6.514,ok,0,0,0,1,3,0,2,0,1,0,0
gen_00584,6,-6.512,ok,1,0,0,1,4,3,2,0,0,0,0
gen_00585,1,-108.193,ok,0,0,0,0,0,0,1,0,0,0,0
gen_00585,2,-106.463,ok,0,0,1,0,0,0,2,0,0,0,0
gen_00586,1,-7.288,ok,1,0,1,1,4,3,3,1,0,0,0
gen_00586,2,-7.247,ok,1,0,1,0,4,5,2,1,0,0,0
gen_00587,1,-6.847,ok,1,0,0,1,5,3,4,0,0,0,0
gen_00587,2,-6.795,ok,1,0,0,1,5,3,3,0,0,0,0
gen_00587,3,-6.776,ok,1,0,0,1,5,3,3,0,0,0,0
gen_00587,4,-6.766,ok,1,0,0,1,5,3,3,0,0,0,0
gen_00588,1,-8.156,ok,0,0,0,1,3,4,5,0,0,0,0
gen_00588,2,-8.112,ok,0,0,0,1,3,2,5,0,0,0,0
gen_00588,3,-7.759,ok,0,0,0,1,3,3,4,0,0,0,0
gen_00589,1,-6.734,ok,1,0,0,0,4,6,1,0,0,0,0
gen_00589,2,-6.721,ok,1,0,0,0,4,5,0,0,0,0,0
gen_00589,3,-6.681,ok,1,0,0,0,4,5,1,0,0,0,0
gen_00589,4,-6.611,ok,1,0,1,1,4,7,4,0,0,0,0
gen_00589,5,-6.593,ok,0,1,0,1,3,1,3,0,1,0,0
gen_00589,6,-6.558,ok,0,0,1,0,0,1,1,0,0,0,0
gen_00589,7,-6.522,ok,0,0,1,0,0,2,1,0,0,0,0
gen_00589,8,-6.501,ok,0,0,1,1,3,6,6,0,0,0,0
gen_00589,9,-6.471,ok,0,0,1,0,3,3,1,0,0,0,0
gen_00589,10,-6.431,ok,0,0,1,1,0,3,5,1,0,0,1
gen_00590,1,-6.938,ok,1,0,0,1,5,3,2,1,0,0,0
gen_00591,1,-7.881,ok,0,0,0,1,3,5,1,0,0,0,0
gen_00591,2,-7.725,ok,0,0,0,1,3,5,2,0,0,0,0
gen_00591,3,-7.715,ok,1,0,0,1,4,3,2,0,0,0,0
gen_00591,4,-7.673,ok,1,0,0,1,4,6,2,0,0,0,0
gen_00591,5,-7.633,ok,0,0,0,1,3,3,2,0,0,0,0
gen_00591,6,-7.52,ok,1,0,1,1,4,2,2,1,0,0,0
gen_00592,1,-7.218,ok,0,0,1,1,3,0,2,0,1,0,0
gen_00593,1,-7.668,ok,1,0,1,1,5,4,5,0,0,0,0
gen_00593,2,-7.644,ok,1,0,1,1,5,4,4,0,0,0,0
gen_00593,3,-7.621,ok,1,0,1,1,5,4,5,0,0,0,0
gen_00593,4,-7.617,ok,1,0,1,1,5,4,5,0,0,0,0
gen_00593,5,-7.603,ok,1,0,1,1,5,4,5,0,0,0,0
gen_00593,6,-7.593,ok,1,0,1,1,5,4,5,0,0,0,0
gen_00594,1,-6.041,ok,0,0,0,1,0,5,2,0,0,0,0
gen_00595,1,-7.454,ok,1,0,0,1,4,3,3,0,1,0,0
gen_00595,2,-7.427,ok,1,0,0,1,4,3,3,0,1,0,0
gen_00595,3,-7.401,ok,1,0,0,1,4,3,3,0,1,0,0
gen_00595,4,-7.384,ok,0,0,0,1,0,2,2,0,0,0,0
gen_00595,5,-7.188,ok,0,0,0,1,3,2,3,0,1,0,0
gen_00595,6,-7.052,ok,1,0,0,0,4,6,0,0,1,0,0
gen_00595,7,-7.048,ok,0,0,0,1,3,2,3,0,1,0,0
gen_00596,1,-7.419,ok,0,0,0,1,3,4,3,0,0,0,0
gen_00596,2,-7.365,ok,0,0,0,1,3,4,3,0,0,0,0
gen_00596,3,-7.277,ok,1,0,0,1,5,6,2,0,0,0,0
gen_00596,4,-7.26,ok,1,0,0,1,5,6,3,0,0,0,0
gen_00597,1,-7.397,ok,1,0,0,1,4,5,2,0,0,0,0
gen_00597,2,-7.279,ok,1,0,0,1,4,5,1,0,0,0,1
gen_00598,1,-8.059,ok,1,0,1,1,4,5,3,1,0,0,0
gen_00598,2,-8.052,ok,1,0,1,1,4,5,3,1,0,0,0
gen_00598,3,-8.048,ok,1,0,1,1,4,5,5,0,0,0,0
gen_00598,4,-8.044,ok,1,0,1,1,4,5,5,0,0,0,0
gen_00598,5,-8.026,ok,1,0,1,1,4,5,4,1,0,0,0
gen_00598,6,-8.014,ok,1,0,1,1,4,5,3,1,0,0,0
gen_00598,7,-8.008,ok,1,0,1,1,4,6,5,0,0,0,0
gen_00598,8,-8.007,ok,1,0,1,1,4,5,3,1,0,0,0
gen_00598,9,-7.987,ok,1,0,1,1,4,5,3,1,0,0,0
gen_00598,10,-7.974,ok,1,0,0,1,4,5,3,0,0,0,0
gen_00598,11,-7.926,ok,1,0,0,1,4,5,4,0,0,0,0
gen_00599,1,-8.753,ok,1,0,0,1,4,6,3,0,0,0,0
gen_00599,2,-8.706,ok,1,0,0,1,4,5,3,0,0,0,0
gen_00599,3,-8.333,ok,1,0,0,1,4,6,7,0,0,0,0
gen_00600,1,-7.534,ok,1,0,1,1,4,6,3,0,0,0,0
gen_00600,2,-7.533,ok,1,0,1,1,4,7,3,0,0,0,0
gen_00600,3,-7.528,ok,1,0,1,1,4,6,3,0,0,0,0
gen_00600,4,-7.44,ok,1,0,0,1,4,6,4,0,0,0,0
gen_00600,5,-7.4,ok,1,0,0,1,4,6,4,0,0,0,0
gen_00601,1,-6.66,ok,0,0,1,1,3,3,4,0,0,0,0
gen_00601,2,-6.642,ok,1,0,1,1,4,4,2,0,0,0,0
gen_00601,3,-6.555,ok,1,0,1,1,4,6,2,0,0,0,0
gen_00602,1,-7.555,ok,1,0,1,1,4,6,4,0,0,0,0
gen_00603,1,-8.15,ok,1,0,1,1,4,5,4,0,0,0,0
gen_00604,1,-8.234,ok,1,0,0,1,4,6,3,1,0,0,0
gen_00604,2,-8.21,ok,1,0,0,1,4,6,3,1,0,0,0
gen_00604,3,-8.185,ok,1,0,0,1,4,4,3,1,0,0,0
gen_00604,4,-8.174,ok,1,0,0,1,4,4,4,0,0,0,0
gen_00605,1,-7.194,ok,1,0,1,1,4,1,2,0,0,0,0
gen_00605,2,-7.191,ok,1,0,1,1,4,1,2,0,0,0,0
gen_00606,1,-7.364,ok,1,0,1,1,4,6,3,0,0,0,0
gen_00606,2,-7.338,ok,1,0,1,1,4,5,3,0,0,0,0
gen_00606,3,-7.285,ok,1,0,0,1,4,5,1,0,0,0,0
gen_00607,1,-7.087,ok,1,0,1,0,4,3,4,0,0,0,0
gen_00607,2,-7.072,ok,1,0,1,0,4,3,4,0,0,0,0
gen_00608,1,-7.683,ok,1,0,1,0,4,6,4,0,0,0,0
gen_00608,2,-7.606,ok,1,0,1,0,4,7,4,0,0,0,0
gen_00608,3,-7.555,ok,1,0,1,0,4,5,4,0,0,0,0
gen_00608,4,-7.531,ok,1,0,1,0,4,7,5,0,0,0,0
gen_00608,5,-7.5,ok,1,0,1,1,5,5,3,0,0,0,0
gen_00608,6,-7.491,ok,1,0,1,1,5,5,3,0,0,0,0
gen_00608,7,-7.49,ok,1,0,1,1,5,5,3,0,0,0,0
gen_00608,8,-7.474,ok,1,0,1,1,5,5,3,0,0,0,0
gen_00608,9,-7.457,ok,1,0,1,1,5,4,3,0,0,0,0
gen_00608,10,-7.442,ok,1,0,1,1,5,5,3,0,0,0,0
gen_00608,11,-7.441,ok,1,0,1,1,5,4,3,0,0,0,0
gen_00608,12,-4.581,ok,1,0,1,0,4,6,4,0,0,0,0
gen_00609,1,-6.557,ok,1,0,0,1,4,7,1,1,0,0,0
gen_00609,2,-6.461,ok,1,0,0,1,4,6,1,1,0,0,0
gen_00610,1,-7.576,ok,0,0,0,1,3,5,2,0,0,0,0
gen_00610,2,-7.314,ok,1,0,0,1,4,4,2,0,0,0,0
gen_00610,3,-7.301,ok,1,0,0,1,4,4,1,0,0,0,0
gen_00610,4,-7.258,ok,1,0,0,1,4,5,3,0,0,0,0
gen_00610,5,-7.24,ok,1,0,0,1,4,5,2,0,0,0,0
gen_00611,1,-93.527,ok,0,0,0,0,0,1,4,0,0,0,0
gen_00611,2,-91.864,ok,0,0,0,0,0,0,0,0,1,0,0
gen_00612,1,-7.772,ok,1,0,0,0,4,6,0,0,0,0,0
gen_00612,2,-7.605,ok,1,0,0,0,4,6,0,0,0,0,0
gen_00613,1,-8.385,ok,1,0,1,0,4,6,2,1,0,0,1
gen_00613,2,-8.361,ok,1,0,1,0,4,6,2,1,0,0,1
gen_00613,3,-8.328,ok,1,0,0,0,4,6,0,1,0,0,0
gen_00613,4,-8.323,ok,1,0,0,0,4,6,0,1,0,0,0
gen_00614,1,-8.321,ok,1,0,0,1,4,8,5,1,0,0,0
gen_00614,2,-8.217,ok,1,0,0,1,4,6,5,1,0,0,0
gen_00615,1,-7.305,ok,1,1,1,1,4,6,3,0,0,0,0
gen_00615,2,-7.286,ok,1,1,1,1,4,6,3,0,0,0,0
gen_00615,3,-7.279,ok,1,1,0,1,4,6,2,0,0,0,0
gen_00615,4,-7.269,ok,1,1,0,1,4,6,2,0,0,0,0
gen_00615,5,-7.267,ok,1,1,1,1,4,8,4,0,0,0,0
gen_00615,6,-7.243,ok,1,1,1,1,4,8,4,0,0,0,0
gen_00615,7,-7.176,ok,1,1,0,1,4,7,1,0,0,0,0
gen_00616,1,-8.087,ok,1,0,1,0,4,0,2,1,0,0,0
gen_00616,2,-8.066,ok,0,0,1,0,3,0,2,1,0,0,0
gen_00616,3,-8.061,ok,1,0,1,0,4,0,2,1,0,0,0
gen_00616,4,-8.029,ok,1,0,0,1,4,5,4,0,0,0,0
gen_00616,5,-8.019,ok,1,0,0,1,4,5,2,1,0,0,0
gen_00616,6,-7.992,ok,1,0,0,1,4,6,2,1,0,0,0
gen_00616,7,-7.946,ok,0,0,1,0,3,1,2,1,0,0,0
gen_00616,8,-7.938,ok,1,0,0,1,4,5,2,1,0,0,0
gen_00617,1,-7.871,ok,1,0,0,1,4,5,3,0,0,0,0
gen_00617,2,-7.809,ok,1,0,0,1,4,5,4,0,0,0,0
gen_00617,3,-7.765,ok,1,0,0,0,4,6,3,0,0,0,0
gen_00618,1,-7.525,ok,1,0,0,1,4,5,4,0,0,0,0
gen_00618,2,-7.48,ok,1,0,0,1,4,4,5,0,0,0,0
gen_00618,3,-7.409,ok,1,0,0,1,5,4,3,0,0,0,0
gen_00619,1,-7.142,ok,1,0,1,1,4,2,1,0,0,0,0
gen_00619,2,-7.136,ok,1,0,1,1,4,2,1,0,0,0,0
gen_00620,1,-7.638,ok,1,0,0,1,4,6,5,0,0,0,0
gen_00620,2,-7.623,ok,1,0,0,1,4,6,4,0,0,0,0
gen_00620,3,-7.566,ok,1,0,0,1,5,4,4,0,0,0,0
gen_00620,4,-7.553,ok,1,0,1,1,4,3,5,0,0,0,0
gen_00621,1,-6.709,ok,1,0,1,0,4,7,0,0,0,0,0
gen_00621,2,-6.701,ok,1,0,1,1,4,7,1,0,0,0,0
gen_00621,3,-6.689,ok,1,0,1,1,4,6,1,0,0,0,0
gen_00621,4,-6.648,ok,1,0,1,1,4,7,1,0,0,0,0
gen_00622,1,-7.919,ok,0,0,1,1,3,8,2,0,0,0,0
gen_00622,2,-7.877,ok,1,0,1,1,4,8,2,0,0,0,0
gen_00622,3,-7.875,ok,1,0,1,1,4,7,2,0,0,0,0
gen_00622,4,-7.865,ok,1,0,1,0,4,7,1,0,0,0,0
gen_00622,5,-7.832,ok,0,0,1,1,3,8,2,0,0,0,0
gen_00622,6,-7.827,ok,1,0,1,0,4,8,1,0,0,0,0
gen_00622,7,-7.802,ok,0,0,0,1,3,5,3,0,1,0,0
gen_00622,8,-7.773,ok,1,0,1,1,4,7,2,0,0,0,0
gen_00622,9,-7.685,ok,1,0,1,1,5,5,3,0,0,0,0
gen_00622,10,-7.646,ok,1,0,1,1,5,6,2,0,0,0,0
gen_00623,1,-6.827,ok,1,0,1,0,4,6,1,0,0,0,0
gen_00624,1,-6.776,ok,1,0,1,0,4,5,0,1,0,0,0
gen_00624,2,-6.759,ok,1,0,1,0,4,5,0,1,0,0,0
gen_00625,1,-7.972,ok,1,0,0,0,4,5,3,0,1,0,0
gen_00625,2,-7.971,ok,1,0,0,0,4,5,3,0,1,0,0
gen_00625,3,-7.93,ok,1,0,0,1,4,5,3,0,1,0,0
gen_00626,1,-6.244,ok,1,0,0,1,5,3,3,0,0,0,0
gen_00627,1,-6.908,ok,1,0,0,1,4,5,3,0,0,0,0
gen_00627,2,-6.902,ok,1,0,0,1,4,5,3,0,0,0,0
gen_00628,1,-7.004,ok,1,0,0,1,4,4,2,1,0,0,0
gen_00628,2,-6.999,ok,1,0,0,1,4,4,2,1,0,0,0
gen_00628,3,-6.94,ok,1,0,0,1,4,5,2,1,0,0,0
gen_00628,4,-6.911,ok,1,0,0,1,4,5,3,0,0,0,0
gen_00629,1,-7.811,ok,1,0,0,0,4,6,2,0,0,0,0
gen_00630,1,-7.596,ok,1,0,0,1,4,5,3,1,0,0,0
gen_00630,2,-7.527,ok,1,0,0,1,4,5,1,1,0,0,0
gen_00630,3,-7.519,ok,1,0,0,1,4,6,3,1,0,0,0
gen_00630,4,-7.5,ok,1,0,0,1,4,5,3,0,0,0,0
gen_00630,5,-7.464,ok,1,0,0,1,4,6,3,1,0,0,0
gen_00630,6,-7.43,ok,1,0,0,1,4,5,2,0,0,0,0
gen_00630,7,-7.331,ok,1,0,0,1,4,5,2,0,0,0,0
gen_00630,8,-7.277,ok,1,0,0,1,4,6,2,1,0,0,0
gen_00630,9,-7.259,ok,1,0,0,1,4,5,1,0,0,0,0
gen_00630,10,-7.202,ok,1,0,0,1,4,5,4,0,0,0,0
gen_00631,1,-8.077,ok,1,1,1,1,4,6,2,1,0,0,0
gen_00632,1,-7.945,ok,1,0,0,1,5,3,5,0,1,0,0
gen_00632,2,-7.931,ok,1,0,0,1,5,3,5,0,1,0,0
gen_00632,3,-7.905,ok,1,0,0,1,5,3,6,0,1,0,0
gen_00632,4,-7.897,ok,1,0,0,1,5,3,6,0,1,0,0
gen_00632,5,-7.88,ok,1,0,0,1,5,3,5,0,1,0,0
gen_00632,6,-7.704,ok,0,0,0,1,0,5,4,0,0,0,0
gen_00632,7,-7.623,ok,1,0,0,1,5,3,5,0,1,0,0
gen_00632,8,-7.615,ok,1,0,0,1,5,3,6,0,0,0,0
gen_00633,1,-6.721,ok,1,0,0,1,4,6,3,0,0,0,0
gen_00634,1,-7.031,ok,1,0,0,1,4,1,1,0,0,0,0
gen_00634,2,-7.004,ok,1,0,0,1,4,1,1,0,0,0,0
gen_00634,3,-6.987,ok,1,0,0,1,4,1,1,0,0,0,0
gen_00634,4,-6.938,ok,1,0,0,1,4,0,1,0,0,0,0
gen_00635,1,-7.568,ok,0,0,0,1,3,3,4,0,0,0,0
gen_00635,2,-7.56,ok,0,0,0,1,3,3,4,0,0,0,0
gen_00635,3,-7.556,ok,0,0,0,1,3,3,4,0,0,0,0
gen_00635,4,-7.554,ok,0,0,0,1,3,3,4,0,0,0,0
gen_00635,5,-7.536,ok,0,0,0,1,3,3,4,0,0,0,0
gen_00636,1,-100.343,ok,0,0,0,1,0,0,1,0,0,0,0
gen_00636,2,-96.233,ok,0,0,1,0,0,0,1,0,0,0,0
gen_00636,3,-94.518,ok,0,0,0,1,0,0,1,0,0,0,0
gen_00637,1,-7.153,ok,0,0,1,1,3,6,1,1,0,0,0
gen_00637,2,-7.036,ok,0,0,1,1,3,5,2,1,0,0,0
gen_00638,1,-7.485,ok,1,0,1,1,4,1,3,0,0,0,1
gen_00638,2,-7.46,ok,1,0,1,1,4,1,3,0,0,0,1
gen_00638,3,-7.44,ok,1,0,1,1,4,2,3,0,0,0,1
gen_00638,4,-7.28,ok,1,0,0,1,5,1,1,0,0,0,2
gen_00639,1,-7.726,ok,0,0,1,1,0,7,2,0,0,0,0
gen_00640,1,-44.788,ok,0,0,0,0,0,0,0,0,0,0,0
gen_00640,2,-38.358,ok,0,0,0,1,0,1,5,0,2,0,0
gen_00640,3,-38.114,ok,0,0,0,1,0,0,2,0,0,0,0
gen_00641,1,-7.356,ok,1,0,0,1,5,5,3,0,0,0,0
gen_00642,1,-8.68,ok,1,1,0,1,4,7,8,0,0,0,0
gen_00642,2,-8.637,ok,1,1,0,1,4,7,3,1,0,0,0
gen_00642,3,-8.576,ok,1,1,0,1,4,7,5,0,0,0,0
gen_00643,1,-7.145,ok,1,0,0,0,4,5,1,0,0,0,0
gen_00643,2,-7.074,ok,1,0,0,0,4,6,1,0,0,0,0
gen_00644,1,-7.557,ok,0,0,0,1,3,6,2,0,0,0,1
gen_00645,1,-7.443,ok,1,0,0,1,5,5,1,0,0,0,0
gen_00645,2,-7.329,ok,1,0,0,1,5,6,1,0,0,0,0
gen_00646,1,-7.046,ok,1,0,0,1,4,1,3,0,1,0,0
gen_00647,1,-7.533,ok,0,0,1,1,0,4,4,2,0,0,0
gen_00648,1,-7.661,ok,1,0,0,1,4,4,2,1,0,0,1
gen_00648,2,-7.623,ok,1,0,0,1,4,4,2,1,0,0,1
gen_00648,3,-7.497,ok,0,0,1,1,3,2,3,0,2,0,0
gen_00648,4,-7.424,ok,0,0,1,1,3,3,4,0,2,0,0
gen_00649,1,-7.973,ok,1,0,1,1,4,6,2,1,0,0,0
gen_00649,2,-7.961,ok,1,0,1,1,4,6,2,1,0,0,1
gen_00649,3,-7.958,ok,1,0,1,1,4,6,2,1,0,0,0
gen_00649,4,-7.887,ok,1,0,1,1,4,6,2,1,0,0,0
gen_00649,5,-7.824,ok,1,0,0,1,4,6,3,0,0,0,0
gen_00650,1,-7.46,ok,1,0,1,0,4,7,4,0,0,0,0
gen_00650,2,-7.38,ok,1,0,0,0,4,4,1,0,0,0,0
gen_00650,3,-7.362,ok,1,0,0,0,4,4,1,0,0,0,0
gen_00651,1,-8.084,ok,1,0,1,1,5,5,3,0,1,0,0
gen_00651,2,-8.082,ok,1,0,1,1,5,5,3,0,1,0,0
gen_00651,3,-8.068,ok,1,0,1,1,5,5,2,0,1,0,0
gen_00651,4,-8.039,ok,1,0,1,1,5,5,2,0,1,0,0
gen_00651,5,-7.934,ok,1,0,1,1,5,5,2,0,1,0,0
gen_00651,6,-7.852,ok,1,0,1,1,4,3,4,0,1,0,0
gen_00652,1,-8.17,ok,0,0,1,1,3,7,3,0,0,0,0
gen_00652,2,-8.124,ok,0,0,1,1,3,7,2,0,0,0,0
gen_00652,3,-8.061,ok,0,0,1,1,3,7,3,0,0,0,0
gen_00652,4,-8.029,ok,1,0,1,1,4,8,5,0,0,0,0
gen_00652,5,-8.027,ok,0,0,1,1,3,6,2,0,0,0,0
gen_00652,6,-8.014,ok,0,0,1,1,3,6,2,0,0,0,0
gen_00652,7,-7.99,ok,0,0,0,1,3,6,4,0,0,0,0
gen_00652,8,-7.977,ok,1,0,1,1,4,6,2,0,0,0,0
gen_00652,9,-7.934,ok,0,0,0,1,3,6,4,0,0,0,0
gen_00652,10,-7.84,ok,0,0,0,1,3,7,4,0,0,0,0
gen_00652,11,-7.834,ok,0,0,0,1,0,6,6,0,1,0,0
gen_00652,12,-7.786,ok,1,0,1,1,4,7,4,0,0,0,0
gen_00653,1,-6.851,ok,1,0,1,1,4,5,2,0,0,0,0
gen_00653,2,-6.831,ok,1,0,1,1,4,5,2,0,0,0,0
gen_00654,1,-7.108,ok,0,0,1,1,0,2,4,0,0,0,0
gen_00654,2,-7.073,ok,0,0,1,0,0,2,3,0,0,0,0
gen_00654,3,-7.024,ok,1,0,0,1,4,6,1,0,0,0,0
gen_00654,4,-7.008,ok,1,0,0,1,4,5,2,0,0,0,0
gen_00654,5,-7.005,ok,1,0,0,1,4,6,1,0,0,0,0
gen_00654,6,-7.002,ok,0,0,1,1,0,3,4,0,0,0,0
gen_00654,7,-6.999,ok,1,0,0,1,4,5,1,0,0,0,0
gen_00654,8,-6.866,ok,1,0,0,1,4,5,1,0,0,0,0
gen_00655,1,-7.362,ok,1,0,0,1,4,5,1,1,0,0,0
gen_00655,2,-7.238,ok,1,0,0,1,4,5,1,1,0,0,0
gen_00655,3,-7.189,ok,1,0,0,1,4,6,1,1,0,0,0
gen_00655,4,-7.01,ok,1,0,0,1,4,6,1,1,0,0,0
gen_00655,5,-6.998,ok,1,0,1,1,4,4,5,0,0,0,0
gen_00656,1,-7.472,ok,1,0,0,1,4,5,1,0,0,0,0
gen_00656,2,-7.406,ok,1,0,0,1,4,5,3,0,1,0,0
gen_00656,3,-7.395,ok,1,0,0,1,4,5,3,0,0,0,0
gen_00656,4,-7.369,ok,1,0,0,1,4,6,3,0,1,0,0
gen_00656,5,-7.29,ok,1,0,0,1,4,5,2,0,0,0,0
gen_00656,6,-7.281,ok,1,0,1,1,4,4,3,0,0,0,0
gen_00656,7,-7.267,ok,1,0,0,1,4,6,2,0,1,0,0
gen_00656,8,-7.241,ok,1,0,0,1,4,5,3,0,1,0,0
gen_00656,9,-7.2,ok,1,0,1,1,5,5,1,0,0,0,0
gen_00656,10,-7.195,ok,0,1,0,1,0,6,3,0,0,0,0
gen_00656,11,-7.187,ok,1,0,1,1,5,5,1,0,0,0,0
gen_00657,1,-8.488,ok,1,0,0,0,4,6,3,0,0,0,0
gen_00657,2,-8.419,ok,1,0,0,0,4,6,3,0,0,0,0
gen_00657,3,-8.408,ok,1,0,0,0,4,7,3,0,0,0,0
gen_00658,1,-7.43,ok,1,0,0,1,4,4,3,1,1,0,0
gen_00659,1,-7.376,ok,1,0,0,1,4,6,1,0,0,0,0
gen_00659,2,-7.351,ok,1,0,0,1,4,7,1,0,0,0,0
gen_00659,3,-7.311,ok,1,0,0,1,4,1,2,0,0,0,0
gen_00659,4,-7.305,ok,1,0,0,1,4,1,2,0,0,0,0
gen_00659,5,-7.289,ok,1,0,0,1,4,1,2,0,0,0,0
gen_00660,1,-7.504,ok,1,0,1,1,4,6,3,1,0,0,0
gen_00660,2,-7.503,ok,1,0,1,1,4,7,2,1,0,0,0
gen_00660,3,-7.46,ok,1,0,0,1,4,5,2,1,0,0,0
gen_00660,4,-7.447,ok,1,0,0,1,4,5,2,1,0,0,0
gen_00660,5,-7.443,ok,1,0,1,1,4,5,2,1,0,0,0
gen_00660,6,-7.417,ok,1,0,1,1,4,5,3,1,0,0,0
gen_00660,7,-7.215,ok,1,0,0,1,5,1,2,2,0,0,0
gen_00660,8,-7.173,ok,1,0,0,1,4,6,1,0,0,0,0
gen_00661,1,-7.767,ok,1,0,0,0,4,6,0,0,0,0,0
gen_00661,2,-7.73,ok,1,0,0,1,4,6,1,0,0,0,0
gen_00662,1,-7.216,ok,0,0,1,1,3,3,4,0,0,0,0
gen_00662,2,-7.165,ok,0,0,0,1,3,4,1,0,0,0,0
gen_00663,1,-7.338,ok,1,0,0,1,4,7,2,0,0,0,0
gen_00663,2,-7.334,ok,1,0,0,1,4,6,2,0,0,0,0
gen_00663,3,-7.327,ok,1,0,0,1,4,6,2,0,0,0,0
gen_00663,4,-7.293,ok,1,0,1,1,4,6,2,1,0,0,0
gen_00664,1,-6.961,ok,1,0,0,1,4,5,2,2,0,0,0
gen_00665,1,-8.002,ok,0,0,0,0,3,5,2,1,0,0,0
gen_00665,2,-7.978,ok,0,0,0,0,3,5,2,1,0,0,0
gen_00665,3,-7.951,ok,0,0,0,0,3,5,3,1,0,0,0
gen_00665,4,-7.909,ok,0,0,1,1,0,2,4,0,0,0,0
gen_00665,5,-7.899,ok,0,0,1,1,0,2,5,0,0,0,0
gen_00665,6,-7.894,ok,0,0,1,1,0,2,5,0,0,0,0
gen_00665,7,-7.885,ok,0,0,1,1,0,2,4,0,0,0,0
gen_00666,1,-8.43,ok,1,0,0,1,4,7,4,0,0,0,0
gen_00666,2,-8.415,ok,1,0,0,1,4,5,5,0,0,0,0
gen_00666,3,-8.412,ok,1,0,0,1,4,5,5,0,0,0,0
gen_00666,4,-8.4,ok,1,0,0,1,4,6,5,0,0,0,0
gen_00666,5,-8.372,ok,1,0,0,1,4,6,5,0,0,0,0
gen_00667,1,-7.938,ok,0,0,0,1,3,0,3,0,0,0,0
gen_00667,2,-7.912,ok,0,0,0,1,3,0,3,0,0,0,0
gen_00667,3,-7.902,ok,0,0,0,1,3,0,3,0,0,0,0
gen_00667,4,-7.834,ok,0,0,0,1,3,0,3,0,0,0,0
gen_00668,1,-7.12,ok,1,0,0,1,4,1,3,0,0,0,0
gen_00668,2,-7.107,ok,1,0,0,1,4,0,3,0,0,0,0
gen_00668,3,-7.086,ok,1,0,0,1,4,0,3,0,0,0,0
gen_00668,4,-7.069,ok,1,0,0,1,4,0,3,0,0,0,0
gen_00668,5,-7.064,ok,1,0,0,1,4,0,3,0,0,0,0
gen_00668,6,-7.063,ok,1,0,0,1,4,0,3,0,0,0,0
gen_00668,7,-6.85,ok,0,0,0,1,3,0,3,0,0,0,0
gen_00668,8,-6.82,ok,0,0,0,1,0,0,4,0,1,0,0
gen_00668,9,-6.747,ok,0,0,0,1,0,0,4,0,1,0,0
gen_00669,1,-8.38,ok,1,0,0,1,4,6,4,1,0,0,0
gen_00669,2,-8.299,ok,1,0,0,1,4,5,4,1,0,0,0
gen_00669,3,-8.148,ok,1,0,0,1,4,6,4,1,0,0,0
gen_00670,1,-7.35,ok,1,0,1,0,4,5,2,0,0,0,0
gen_00670,2,-7.315,ok,1,0,1,0,4,5,2,0,0,0,0
gen_00670,3,-7.274,ok,1,0,1,1,4,5,4,0,0,0,0
gen_00671,1,-7.297,ok,1,0,1,1,4,5,1,1,0,0,0
gen_00671,2,-7.28,ok,1,0,1,1,4,5,1,1,0,0,0
gen_00671,3,-7.272,ok,1,0,1,1,4,5,1,1,0,0,0
gen_00671,4,-7.263,ok,1,0,1,0,4,5,0,1,0,0,0
gen_00671,5,-7.237,ok,1,0,1,0,4,5,0,1,0,0,0
gen_00671,6,-7.229,ok,1,0,1,0,4,6,0,1,0,0,0
gen_00671,7,-7.117,ok,1,0,1,1,4,6,1,1,0,0,0
gen_00672,1,-7.636,ok,1,0,0,1,4,6,2,0,0,0,0
gen_00672,2,-7.567,ok,1,0,0,1,4,6,2,0,0,0,0
gen_00673,1,-7.554,ok,1,0,1,1,4,4,2,0,0,0,0
gen_00673,2,-7.486,ok,1,0,1,1,4,4,2,0,0,0,0
gen_00674,1,-7.552,ok,0,0,0,1,3,2,2,0,1,0,1
gen_00674,2,-7.456,ok,0,0,0,1,3,2,2,0,1,0,1
gen_00674,3,-7.431,ok,0,0,0,1,3,2,2,0,2,0,1
gen_00674,4,-7.4,ok,0,0,0,1,3,3,2,0,2,0,0
gen_00674,5,-7.393,ok,0,0,0,1,3,1,2,0,1,0,1
gen_00674,6,-7.391,ok,0,0,0,1,3,1,2,0,1,0,1
gen_00674,7,-7.383,ok,0,0,0,1,3,3,2,0,2,0,1
gen_00674,8,-7.367,ok,0,0,0,1,3,2,2,0,2,0,1
gen_00674,9,-7.346,ok,0,0,0,1,3,0,2,0,0,0,2
gen_00674,10,-7.341,ok,0,0,0,1,3,2,2,0,2,0,1
gen_00674,11,-7.328,ok,0,0,0,1,3,0,2,0,0,0,2
gen_00675,1,-6.687,ok,1,0,0,1,4,5,3,0,0,0,0
gen_00675,2,-6.626,ok,1,0,0,1,4,5,3,0,0,0,0
gen_00675,3,-6.618,ok,1,0,0,1,4,6,3,0,0,0,0
gen_00675,4,-6.596,ok,1,0,0,1,4,6,3,0,0,0,0
gen_00675,5,-6.427,ok,1,0,0,1,4,6,2,0,0,0,0
gen_00676,1,-8.115,ok,1,0,0,1,5,3,4,0,0,0,0
gen_00676,2,-8.08,ok,1,0,0,1,5,3,4,0,0,0,0
gen_00676,3,-8.045,ok,1,0,0,1,5,3,4,0,0,0,0
gen_00677,1,-8.432,ok,1,0,0,1,4,7,5,0,0,0,0
gen_00677,2,-8.421,ok,1,0,0,1,4,7,5,0,0,0,0
gen_00677,3,-8.308,ok,1,0,0,1,4,6,5,0,0,0,0
gen_00678,1,-7.019,ok,1,0,1,1,5,4,3,0,0,0,0
gen_00679,1,-7.59,ok,1,0,0,1,4,6,3,0,0,0,0
gen_00680,1,-8.684,ok,1,0,0,1,4,8,4,0,0,0,0
gen_00680,2,-8.66,ok,1,0,0,1,4,8,3,0,0,0,0
gen_00680,3,-8.615,ok,0,0,0,1,3,7,2,1,0,0,0
gen_00680,4,-8.609,ok,0,0,0,1,3,7,2,1,0,0,0
gen_00681,1,-7.199,ok,1,0,0,0,4,5,1,0,0,0,0
gen_00681,2,-7.181,ok,1,0,0,0,4,5,1,0,0,0,0
gen_00681,3,-7.157,ok,1,0,0,0,4,6,0,0,0,0,0
gen_00681,4,-7.082,ok,1,0,0,0,4,5,0,0,0,0,0
gen_00682,1,-7.268,ok,1,0,0,1,5,1,1,0,0,0,0
gen_00682,2,-7.219,ok,1,0,1,0,5,7,1,1,0,0,0
gen_00682,3,-7.151,ok,1,0,1,0,4,6,1,1,0,0,0
gen_00683,1,-7.372,ok,0,0,0,1,0,1,3,0,1,0,1
gen_00683,2,-7.367,ok,0,0,0,1,0,1,3,0,1,0,1
gen_00684,1,-7.221,ok,1,0,0,1,4,5,2,1,0,0,0
gen_00684,2,-7.198,ok,1,0,0,1,4,6,2,1,0,0,0
gen_00684,3,-7.043,ok,1,0,0,1,4,5,3,0,0,0,0
gen_00685,1,-8.519,ok,0,0,0,1,3,5,3,0,0,0,0
gen_00685,2,-8.484,ok,0,0,0,1,3,5,3,0,0,0,0
gen_00685,3,-8.475,ok,0,0,0,1,3,5,3,0,0,0,0
gen_00685,4,-8.442,ok,0,0,0,1,3,5,3,0,0,0,0
gen_00685,5,-8.417,ok,0,0,0,1,3,5,3,0,0,0,0
gen_00685,6,-8.402,ok,0,0,0,1,3,5,3,0,0,0,0
gen_00685,7,-8.19,ok,1,0,1,1,4,5,4,0,0,0,0
gen_00685,8,-8.176,ok,0,0,0,1,3,6,3,0,0,0,0
gen_00685,9,-8.164,ok,1,0,1,1,4,5,4,0,0,0,0
gen_00685,10,-8.084,ok,1,0,1,1,4,6,4,0,0,0,0
gen_00685,11,-8.069,ok,1,0,1,1,4,4,4,0,0,0,0
gen_00685,12,-8.03,ok,1,0,0,1,4,5,3,0,0,0,0
gen_00685,13,-7.909,ok,1,0,1,1,4,6,3,1,0,0,0
gen_00685,14,-7.805,ok,1,0,0,1,4,5,3,0,0,0,1
gen_00686,1,-6.442,ok,1,0,0,1,5,5,1,1,0,0,0
gen_00686,2,-6.41,ok,1,0,0,1,5,5,1,1,0,0,0
gen_00686,3,-6.408,ok,1,0,0,1,4,8,1,1,0,0,0
gen_00686,4,-6.386,ok,1,0,0,1,4,8,1,1,0,0,0
gen_00686,5,-6.285,ok,1,0,0,1,4,6,2,0,0,0,0
gen_00687,1,-7.896,ok,1,0,1,1,4,6,1,1,0,0,0
gen_00688,1,-7.514,ok,1,0,1,0,4,7,1,1,0,0,0
gen_00688,2,-7.436,ok,1,0,1,0,4,7,1,1,0,0,0
gen_00688,3,-7.418,ok,1,0,1,0,4,7,1,1,0,0,0
gen_00688,4,-7.347,ok,1,0,1,0,4,7,1,1,0,0,0
gen_00689,1,-8.113,ok,1,0,0,1,4,7,3,0,0,0,0
gen_00689,2,-8.04,ok,1,0,0,1,4,7,3,0,0,0,0
gen_00690,1,-7.198,ok,1,0,1,1,4,7,2,0,0,0,1
gen_00690,2,-7.16,ok,0,0,0,1,3,0,1,0,0,0,0
gen_00691,1,-7.051,ok,0,0,1,1,3,5,2,0,0,0,0
gen_00691,2,-7.007,ok,0,0,1,1,3,5,3,0,0,0,0
gen_00692,1,-8.938,ok,1,0,0,1,4,6,4,0,0,0,0
gen_00692,2,-8.864,ok,1,0,0,1,4,5,4,0,0,0,0
gen_00692,3,-8.191,ok,0,0,0,1,0,4,4,0,0,0,0
gen_00693,1,-8.487,ok,1,0,0,1,5,3,4,0,0,0,0
gen_00693,2,-8.435,ok,1,0,0,1,5,3,4,0,0,0,0
gen_00693,3,-8.393,ok,1,0,0,1,4,0,3,0,0,0,0
gen_00693,4,-8.359,ok,1,0,0,1,4,0,3,0,0,0,0
gen_00693,5,-8.288,ok,1,0,0,1,4,0,4,0,0,0,0
gen_00693,6,-8.248,ok,1,0,0,0,4,0,1,0,0,0,0
gen_00694,1,-7.783,ok,0,0,1,0,3,5,2,1,0,0,0
gen_00694,2,-7.672,ok,1,0,1,1,4,5,3,1,0,0,0
gen_00695,1,-7.55,ok,1,0,1,1,4,6,1,1,0,0,0
gen_00695,2,-7.442,ok,1,0,1,1,4,6,1,1,0,0,0
gen_00696,1,-7.251,ok,1,0,1,0,4,6,0,1,0,0,0
gen_00696,2,-7.224,ok,1,0,1,0,4,7,0,1,0,0,0
gen_00696,3,-7.184,ok,1,0,1,0,4,6,0,1,0,0,0
gen_00696,4,-7.151,ok,1,0,1,0,4,5,0,1,0,0,0
gen_00697,1,-7.536,ok,1,0,0,1,4,5,1,0,0,0,0
gen_00697,2,-7.504,ok,1,0,1,0,4,7,1,0,0,0,0
gen_00698,1,-7.688,ok,0,0,0,1,3,6,2,0,0,0,1
gen_00698,2,-7.674,ok,0,0,0,1,3,5,2,0,0,0,1
gen_00698,3,-7.59,ok,0,0,0,1,3,5,2,0,0,0,2
gen_00698,4,-7.586,ok,0,0,0,1,3,5,2,0,0,0,1
gen_00698,5,-7.529,ok,0,0,0,1,3,3,2,0,0,0,3
gen_00698,6,-7.484,ok,0,0,0,1,3,4,2,0,0,0,3
gen_00698,7,-7.479,ok,0,0,0,1,3,4,2,0,0,0,3
gen_00698,8,-7.438,ok,1,0,0,1,4,5,3,0,0,0,0
gen_00698,9,-7.434,ok,1,0,0,1,4,6,3,0,0,0,0
gen_00698,10,-7.431,ok,1,0,0,1,4,5,3,0,0,0,0
gen_00698,11,-7.425,ok,1,0,1,1,4,7,3,0,0,0,0
gen_00698,12,-7.421,ok,1,0,1,1,4,6,3,0,0,0,0
gen_00698,13,-7.421,ok,1,0,0,1,4,5,3,0,0,0,0
gen_00698,14,-7.394,ok,1,0,0,1,4,5,3,0,0,0,1
gen_00699,1,-8.008,ok,1,0,0,1,4,5,3,0,2,0,0
gen_00699,2,-7.972,ok,1,0,0,1,4,3,3,0,2,0,0
gen_00699,3,-7.95,ok,1,0,0,1,4,5,3,0,2,0,0
gen_00699,4,-7.821,ok,1,0,0,0,4,6,0,0,0,0,0
gen_00699,5,-7.821,ok,1,0,0,0,4,6,0,0,0,0,0
gen_00700,1,-7.638,ok,1,0,1,1,4,7,3,0,0,0,0
gen_00700,2,-7.613,ok,1,0,0,1,4,6,3,0,0,0,0
gen_00701,1,-8.177,ok,1,0,0,1,4,5,4,0,0,0,0
gen_00701,2,-8.154,ok,1,0,0,1,4,5,4,0,0,0,1
gen_00702,1,-7.4,ok,1,0,1,1,4,6,2,0,0,0,0
gen_00702,2,-7.388,ok,1,0,0,1,4,6,1,0,0,0,0
gen_00702,3,-7.31,ok,1,0,0,1,4,6,2,1,0,0,0
gen_00703,1,-8.19,ok,1,0,1,1,4,6,3,0,0,0,0
gen_00703,2,-8.187,ok,1,0,1,1,4,6,3,0,0,0,0
gen_00704,1,-7.407,ok,1,0,0,1,4,6,4,0,0,0,0
gen_00704,2,-7.398,ok,1,0,0,1,4,6,4,0,0,0,0
gen_00705,1,-7.122,ok,1,0,0,1,4,4,4,0,0,0,0
gen_00705,2,-7.082,ok,0,0,1,1,3,5,3,0,0,0,0
gen_00706,1,-7.637,ok,1,0,1,1,4,5,3,0,0,0,0
gen_00706,2,-7.618,ok,1,0,1,1,4,6,3,0,0,0,0
gen_00706,3,-7.585,ok,1,0,1,1,4,5,3,0,0,0,0
gen_00706,4,-7.578,ok,1,0,0,1,4,6,2,0,0,0,0
gen_00707,1,-7.251,ok,1,0,1,1,4,5,3,0,0,0,0
gen_00707,2,-7.222,ok,1,0,1,1,4,5,3,0,0,0,0
gen_00707,3,-7.205,ok,1,0,0,1,5,4,3,0,0,0,0
gen_00708,1,-7.594,ok,1,0,1,0,4,5,2,0,0,0,1
gen_00708,2,-7.575,ok,1,0,1,0,4,5,1,0,0,0,1
gen_00708,3,-7.5,ok,1,0,0,1,4,6,2,0,0,0,1
gen_00709,1,-7.775,ok,1,0,1,0,4,5,3,1,0,0,0
gen_00709,2,-7.766,ok,1,0,1,0,4,5,3,1,0,0,0
gen_00709,3,-7.715,ok,1,0,1,0,4,5,3,1,0,0,0
gen_00709,4,-7.687,ok,1,0,1,0,4,5,3,1,0,0,0
gen_00709,5,-7.683,ok,1,0,1,0,4,5,3,1,0,0,0
gen_00710,1,-9.1,ok,1,0,0,1,4,3,2,0,0,0,1
gen_00710,2,-9.099,ok,1,0,0,1,4,3,2,0,0,0,1
gen_00710,3,-9.093,ok,1,0,0,1,4,3,2,0,0,0,1
gen_00711,1,-7.381,ok,1,0,0,1,5,2,4,0,0,0,0
gen_00711,2,-7.338,ok,1,0,0,1,5,2,4,0,0,0,0
gen_00712,1,-7.325,ok,1,0,1,1,4,5,3,0,0,0,0
gen_00712,2,-7.199,ok,1,0,0,1,4,5,2,0,0,0,0
gen_00712,3,-7.196,ok,1,0,0,1,4,6,1,0,0,0,0
gen_00712,4,-7.061,ok,1,0,1,1,4,7,3,0,0,0,0
gen_00712,5,-7.027,ok,1,0,1,0,4,6,1,0,0,0,0
gen_00713,1,-7.525,ok,1,0,1,0,4,6,1,0,0,0,0
gen_00713,2,-7.494,ok,1,0,1,0,4,6,1,0,0,0,0
gen_00713,3,-7.142,ok,1,0,0,1,4,6,3,0,0,0,0
gen_00714,1,-7.202,ok,0,0,0,1,3,5,3,0,0,0,0
gen_00714,2,-7.191,ok,0,0,0,1,3,5,2,0,0,0,0
gen_00714,3,-7.186,ok,0,0,0,1,3,5,2,0,0,0,0
gen_00714,4,-7.156,ok,0,0,0,1,3,5,1,0,0,0,0
gen_00714,5,-7.15,ok,0,0,0,1,3,5,2,0,0,0,0
gen_00714,6,-7.136,ok,1,0,0,1,5,4,3,0,0,0,0
gen_00714,7,-7.135,ok,0,0,0,1,3,5,1,0,0,0,0
gen_00714,8,-7.122,ok,0,0,0,1,3,5,1,0,0,0,0
gen_00714,9,-7.107,ok,0,0,0,1,3,5,1,0,0,0,0
gen_00714,10,-7.078,ok,0,0,0,1,3,5,1,0,0,0,0
gen_00714,11,-7.006,ok,0,0,0,1,3,5,2,0,0,0,0
gen_00714,12,-6.99,ok,0,0,0,1,3,5,2,0,0,0,0
gen_00715,1,-6.972,ok,1,0,1,0,4,5,4,0,0,0,0
gen_00715,2,-6.968,ok,1,0,0,0,4,5,3,0,0,0,0
gen_00715,3,-6.965,ok,1,0,0,1,5,3,4,0,0,0,0
gen_00715,4,-6.958,ok,1,0,0,1,5,3,4,0,0,0,0
gen_00715,5,-6.894,ok,1,0,0,1,5,3,4,0,0,0,0
gen_00715,6,-6.866,ok,1,0,1,0,4,7,3,0,0,0,0
gen_00716,1,-7.231,ok,1,0,0,1,4,1,1,0,0,0,0
gen_00716,2,-7.133,ok,1,0,0,0,4,1,0,0,0,0,1
gen_00717,1,-7.404,ok,1,0,1,1,4,6,3,0,0,0,0
gen_00717,2,-7.388,ok,1,0,1,1,4,5,3,0,0,0,0
gen_00718,1,-6.732,ok,1,0,0,1,5,3,2,0,0,0,0
gen_00718,2,-6.71,ok,1,0,0,1,5,3,2,0,0,0,0
gen_00719,1,-7.183,ok,1,0,1,1,4,5,4,0,0,0,0
gen_00719,2,-7.168,ok,1,0,1,1,4,5,4,0,0,0,0
gen_00720,1,-7.716,ok,0,0,1,1,3,5,6,0,0,0,0
gen_00720,2,-7.713,ok,0,0,1,1,3,5,6,0,0,0,0
gen_00720,3,-7.709,ok,0,0,1,1,3,5,5,0,0,0,0
gen_00720,4,-7.704,ok,0,0,1,1,3,5,5,0,0,0,0
gen_00721,1,-7.165,ok,1,0,1,1,5,4,3,0,0,0,0
gen_00721,2,-7.125,ok,1,0,1,1,5,4,3,0,0,0,0
gen_00722,1,-7.674,ok,1,0,0,0,4,6,1,0,0,0,0
gen_00722,2,-7.669,ok,1,0,0,0,4,6,2,0,0,0,0
gen_00722,3,-7.653,ok,1,0,0,0,4,6,2,0,0,0,0
gen_00722,4,-7.644,ok,1,0,0,0,4,6,2,0,0,0,0
gen_00722,5,-7.609,ok,1,0,0,0,4,6,2,0,0,0,0
gen_00722,6,-7.608,ok,1,0,0,0,4,6,2,0,0,0,0
gen_00723,1,-7.895,ok,1,0,0,1,4,3,3,0,1,0,0
gen_00723,2,-7.888,ok,1,0,0,1,4,4,3,0,1,0,0
gen_00723,3,-7.855,ok,1,0,0,1,4,2,3,0,1,0,0
gen_00723,4,-7.836,ok,1,0,0,1,4,3,2,0,1,0,0
gen_00723,5,-7.821,ok,1,0,0,1,4,3,2,0,1,0,0
gen_00723,6,-7.812,ok,1,0,0,1,4,2,2,0,1,0,0
gen_00724,1,-7.896,ok,1,0,1,1,4,5,3,0,0,0,0
gen_00725,1,-8.528,ok,0,0,1,1,3,6,5,0,0,0,0
gen_00725,2,-8.517,ok,0,1,1,1,3,7,5,0,0,0,0
gen_00725,3,-8.501,ok,0,0,1,1,3,6,4,0,0,0,0
gen_00725,4,-8.484,ok,0,0,1,1,3,6,4,0,0,0,0
gen_00725,5,-8.353,ok,0,1,1,1,3,8,4,0,0,0,0
gen_00725,6,-8.33,ok,0,0,1,1,3,7,4,0,0,0,0
gen_00725,7,-8.288,ok,0,0,1,1,3,7,3,0,0,0,0
gen_00725,8,-8.189,ok,0,1,1,1,3,8,3,0,0,0,0
gen_00725,9,-8.115,ok,1,0,1,1,4,3,4,0,0,0,0
gen_00725,10,-8.065,ok,1,0,1,1,4,3,4,0,0,0,0
gen_00725,11,-8.001,ok,1,0,1,1,5,2,4,0,0,0,0
gen_00725,12,-7.996,ok,1,0,1,1,4,0,4,0,0,0,0
gen_00725,13,-7.97,ok,0,0,0,1,3,4,3,1,0,0,0
gen_00726,1,-7.392,ok,0,1,1,1,3,6,5,0,0,0,0
gen_00726,2,-7.39,ok,0,1,1,1,3,6,5,0,0,0,0
gen_00726,3,-7.365,ok,0,1,0,1,3,6,4,0,0,0,0
gen_00726,4,-7.329,ok,0,1,1,1,3,6,5,0,0,0,0
gen_00726,5,-7.287,ok,0,1,1,1,3,6,4,0,0,0,0
gen_00727,1,-7.559,ok,1,0,1,1,4,8,1,0,0,0,0
gen_00727,2,-7.556,ok,1,0,1,1,4,8,1,0,0,0,0
gen_00728,1,-7.507,ok,1,0,0,1,4,5,2,1,1,0,0
gen_00728,2,-7.497,ok,1,0,0,1,4,5,2,1,1,0,0
gen_00729,1,-7.229,ok,1,0,1,0,4,6,0,1,0,0,0
gen_00729,2,-7.218,ok,1,0,1,0,4,6,0,1,0,0,0
gen_00730,1,-7.054,ok,1,0,1,1,4,5,4,1,0,0,0
gen_00731,1,-7.526,ok,1,0,0,1,4,5,1,1,0,0,0
gen_00731,2,-7.483,ok,1,0,0,1,4,6,2,1,0,0,0
gen_00731,3,-7.149,ok,1,0,0,1,4,6,3,0,0,0,0
gen_00732,1,-7.614,ok,1,0,1,1,5,3,5,0,0,0,0
gen_00732,2,-7.429,ok,1,0,0,1,4,0,2,0,0,0,0
gen_00732,3,-7.357,ok,1,0,0,1,4,0,2,0,0,0,0
gen_00733,1,-7.619,ok,1,0,1,1,4,5,2,0,0,0,0
gen_00734,1,-7.58,ok,1,0,0,1,5,3,5,0,0,0,0
gen_00734,2,-7.57,ok,1,0,0,1,5,3,5,0,0,0,0
gen_00735,1,-7.47,ok,0,0,0,1,3,6,3,0,0,0,0
gen_00735,2,-7.46,ok,1,0,0,1,4,6,3,0,0,0,0
gen_00736,1,-7.432,ok,1,0,0,1,5,3,1,0,0,0,2
gen_00736,2,-7.428,ok,1,0,0,1,5,3,1,0,0,0,2
gen_00736,3,-7.417,ok,1,0,0,1,5,3,1,0,0,0,2
gen_00736,4,-7.406,ok,1,0,0,1,5,3,1,0,0,0,2
gen_00736,5,-7.402,ok,1,0,0,1,5,3,1,0,0,0,2
gen_00736,6,-7.382,ok,1,0,0,1,5,3,1,0,0,0,2
gen_00737,1,-7.97,ok,1,0,0,1,4,9,3,1,1,0,0
gen_00737,2,-7.933,ok,0,0,0,1,3,9,3,1,1,0,0
gen_00737,3,-7.897,ok,1,0,0,1,4,7,1,0,0,0,0
gen_00737,4,-7.888,ok,1,0,0,1,4,6,1,0,0,0,0
gen_00737,5,-7.794,ok,1,0,0,1,4,10,3,1,1,0,0
gen_00738,1,-6.034,ok,0,0,0,1,0,0,3,0,0,0,0
gen_00738,2,-5.933,ok,0,0,0,1,0,0,2,0,0,0,0
gen_00738,3,-5.894,ok,0,0,0,1,3,1,3,0,0,0,0
gen_00739,1,-6.996,ok,0,0,1,1,3,5,3,1,0,0,0
gen_00739,2,-6.935,ok,0,0,1,1,3,5,3,1,0,0,0
gen_00739,3,-6.897,ok,1,0,1,1,5,3,3,0,0,0,0
gen_00740,1,-8.409,ok,1,0,0,1,4,7,5,1,0,0,0
gen_00740,2,-8.388,ok,1,0,0,1,4,7,5,1,0,0,0
gen_00740,3,-8.339,ok,1,0,0,1,4,7,4,1,0,0,0
gen_00740,4,-8.33,ok,1,0,0,1,4,6,4,1,0,0,0
gen_00740,5,-8.322,ok,1,0,0,1,4,7,4,1,0,0,0
gen_00741,1,-7.189,ok,1,0,0,1,5,4,1,0,0,0,0
gen_00741,2,-7.138,ok,1,0,0,1,5,4,1,0,0,0,0
gen_00741,3,-7.103,ok,1,0,1,1,5,4,2,0,0,0,0
gen_00742,1,-6.792,ok,1,0,0,0,5,4,0,0,0,0,0
gen_00742,2,-6.785,ok,1,0,1,0,4,5,1,0,0,0,0
gen_00742,3,-6.784,ok,1,0,1,0,4,6,1,0,0,0,0
gen_00742,4,-6.762,ok,1,0,1,0,4,5,1,0,0,0,0
gen_00742,5,-6.742,ok,0,0,1,0,3,6,2,0,0,0,0
gen_00742,6,-6.657,ok,1,0,1,0,4,5,1,0,0,0,0
gen_00742,7,-6.644,ok,1,0,0,1,4,7,1,0,0,0,0
gen_00743,1,-7.409,ok,0,0,0,1,0,1,4,0,0,0,0
gen_00743,2,-7.402,ok,0,0,0,1,0,1,4,0,0,0,0
gen_00743,3,-7.259,ok,0,0,0,1,0,1,4,0,0,0,0
gen_00743,4,-7.226,ok,1,0,1,1,5,0,3,0,0,0,0
gen_00743,5,-7.187,ok,1,0,1,1,4,0,3,0,0,0,0
gen_00744,1,-7.087,ok,1,0,1,1,4,7,3,0,0,0,0
gen_00744,2,-7.073,ok,1,0,1,1,4,7,2,0,0,0,0
gen_00744,3,-7.04,ok,1,0,0,1,4,6,3,0,0,0,0
gen_00745,1,-7.424,ok,1,0,1,1,4,3,5,0,0,0,0
gen_00745,2,-7.397,ok,1,0,1,1,4,3,5,0,0,0,0
gen_00745,3,-7.395,ok,1,0,1,1,4,3,5,0,0,0,0
gen_00745,4,-7.349,ok,1,0,1,1,4,3,4,0,0,0,0
gen_00745,5,-6.886,ok,0,0,1,1,0,3,2,0,0,0,0
gen_00745,6,-6.857,ok,0,0,1,1,0,3,2,0,0,0,0
gen_00745,7,-6.838,ok,0,0,1,1,0,4,2,0,0,0,0
gen_00746,1,-7.709,ok,1,0,0,1,5,3,4,0,1,0,0
gen_00746,2,-7.698,ok,1,0,0,1,5,3,4,0,1,0,0
gen_00746,3,-7.686,ok,1,0,0,1,5,3,4,0,1,0,0
gen_00746,4,-7.683,ok,1,0,0,1,4,3,4,0,1,0,0
gen_00746,5,-7.665,ok,1,0,0,1,4,3,4,0,1,0,0
gen_00746,6,-7.655,ok,1,0,0,1,4,4,4,0,0,0,0
gen_00747,1,-7.956,ok,1,0,0,1,4,6,3,0,0,0,1
gen_00748,1,-7.718,ok,1,0,1,0,4,6,5,1,0,0,0
gen_00748,2,-7.689,ok,1,0,1,0,4,6,4,1,0,0,0
gen_00748,3,-7.683,ok,1,0,1,0,4,6,4,1,0,0,0
gen_00748,4,-7.543,ok,1,0,1,0,4,5,4,1,0,0,0
gen_00748,5,-7.519,ok,1,0,1,0,4,6,5,1,0,0,0
gen_00748,6,-7.312,ok,1,0,0,0,4,6,3,0,0,0,0
gen_00748,7,-7.3,ok,1,0,0,0,4,4,3,0,0,0,0
gen_00748,8,-7.25,ok,1,0,0,0,4,6,3,0,0,0,0
gen_00748,9,-7.245,ok,1,0,0,0,4,6,3,0,0,0,0
gen_00748,10,-7.242,ok,1,0,0,0,4,5,3,0,0,0,0
gen_00748,11,-7.212,ok,0,0,0,1,3,6,1,1,0,0,0
gen_00748,12,-7.184,ok,1,0,0,0,4,5,1,0,0,0,0
gen_00748,13,-7.068,ok,1,0,0,0,4,5,2,0,0,0,0
gen_00749,1,-8.031,ok,1,0,1,1,4,7,6,0,0,0,0
gen_00749,2,-8.027,ok,1,0,1,1,4,7,6,0,0,0,0
gen_00750,1,-7.277,ok,1,0,1,1,4,6,1,1,0,0,0
gen_00751,1,-8.393,ok,1,0,0,1,4,6,4,0,0,0,0
gen_00751,2,-8.357,ok,1,0,0,1,4,6,3,0,0,0,0
gen_00752,1,-7.345,ok,1,0,0,1,4,4,2,0,0,0,2
gen_00752,2,-7.33,ok,1,0,0,1,4,5,2,0,0,0,2
gen_00752,3,-7.323,ok,1,0,0,1,4,5,2,0,0,0,2
gen_00752,4,-7.319,ok,1,0,0,1,4,4,2,0,0,0,2
gen_00752,5,-7.278,ok,1,0,0,1,4,5,2,0,0,0,2
gen_00753,1,-8.134,ok,1,0,0,1,5,4,2,0,0,0,0
gen_00753,2,-8.011,ok,1,0,0,1,5,4,1,0,0,0,0
gen_00753,3,-7.959,ok,1,0,0,1,5,5,2,0,0,0,0
gen_00753,4,-7.957,ok,1,0,0,1,5,4,1,0,0,0,0
gen_00753,5,-7.925,ok,1,0,0,1,5,5,2,0,0,0,0
gen_00753,6,-7.904,ok,1,0,0,1,5,5,2,0,0,0,0
gen_00753,7,-7.865,ok,1,0,0,1,5,4,2,0,0,0,0
gen_00753,8,-7.81,ok,1,0,0,1,4,1,2,0,0,0,0
gen_00753,9,-7.787,ok,1,0,0,1,4,2,2,0,0,0,1
gen_00753,10,-7.775,ok,1,0,0,1,4,2,1,0,0,0,1
gen_00753,11,-7.71,ok,0,0,0,1,3,3,4,0,0,0,1
gen_00753,12,-7.705,ok,0,0,0,1,3,5,6,0,0,0,1
gen_00754,1,-7.784,ok,1,0,0,1,4,6,3,0,0,0,0
gen_00754,2,-7.748,ok,1,0,0,1,4,4,4,0,0,0,0
gen_00754,3,-7.707,ok,1,0,0,1,4,5,4,0,0,0,0
gen_00754,4,-7.693,ok,1,0,0,1,5,4,2,0,0,0,0
gen_00754,5,-7.645,ok,1,0,0,1,4,5,3,0,0,0,0
gen_00755,1,-7.76,ok,1,0,0,1,4,5,3,0,0,0,1
gen_00755,2,-7.737,ok,1,0,0,1,4,5,3,0,0,0,1
gen_00755,3,-7.729,ok,1,0,0,1,4,6,3,0,0,0,1
gen_00755,4,-7.706,ok,1,0,1,1,4,5,3,0,0,0,0
gen_00755,5,-7.702,ok,1,0,1,1,4,5,3,0,0,0,0
gen_00755,6,-7.683,ok,1,0,1,1,4,5,3,0,0,0,0
gen_00755,7,-7.668,ok,1,0,1,1,4,5,3,0,0,0,1
gen_00755,8,-7.663,ok,1,0,0,1,4,6,3,0,0,0,1
gen_00755,9,-7.641,ok,1,0,0,1,4,6,3,0,0,0,1
gen_00755,10,-7.638,ok,1,0,1,1,4,5,3,0,0,0,1
gen_00755,11,-7.602,ok,1,0,0,1,4,6,3,0,0,0,1
gen_00756,1,-6.4,ok,1,0,0,1,4,3,2,0,0,0,0
gen_00756,2,-6.339,ok,1,0,0,1,4,3,2,0,0,0,3
gen_00757,1,-7.958,ok,0,0,0,1,3,1,2,0,0,0,0
gen_00757,2,-7.889,ok,0,0,0,1,3,2,3,0,0,0,0
gen_00757,3,-7.876,ok,0,0,0,1,3,2,2,0,0,0,0
gen_00757,4,-7.875,ok,0,0,0,1,3,1,3,0,0,0,0
gen_00757,5,-7.812,ok,1,0,0,1,4,5,2,0,0,0,0
gen_00758,1,-7.658,ok,1,0,0,1,4,6,1,0,0,0,0
gen_00758,2,-7.646,ok,1,0,0,1,4,6,1,0,0,0,0
gen_00758,3,-7.641,ok,1,0,0,1,4,6,1,0,0,0,0
gen_00759,1,-7.18,ok,1,0,0,1,5,5,1,0,0,0,0
gen_00759,2,-7.159,ok,1,0,0,1,5,6,1,0,0,0,0
gen_00760,1,-7.357,ok,0,0,1,1,3,4,2,0,0,0,0
gen_00760,2,-7.331,ok,0,0,1,1,3,5,2,0,0,0,0
gen_00760,3,-7.319,ok,0,0,0,1,3,4,1,0,0,0,0
gen_00760,4,-7.317,ok,0,0,1,1,3,5,2,0,0,0,0
gen_00760,5,-7.264,ok,0,0,1,1,3,7,3,0,0,0,0
gen_00760,6,-7.26,ok,0,0,1,1,3,4,2,0,0,0,0
gen_00760,7,-7.221,ok,0,0,0,1,3,4,3,0,0,0,0
gen_00760,8,-7.198,ok,0,0,0,1,3,3,1,0,0,0,0
gen_00760,9,-7.198,ok,0,0,1,1,3,4,1,1,0,0,0
gen_00760,10,-7.18,ok,0,0,0,1,3,3,3,0,0,0,0
gen_00760,11,-7.175,ok,0,0,0,1,3,3,3,0,0,0,0
gen_00761,1,-8.024,ok,1,0,0,1,4,7,2,1,0,0,0
gen_00761,2,-8.001,ok,1,0,0,1,4,8,2,1,0,0,0
gen_00761,3,-7.355,ok,0,0,0,1,3,3,1,0,1,0,0
gen_00762,1,-7.61,ok,1,0,0,1,4,5,2,0,0,0,0
gen_00762,2,-7.545,ok,1,0,0,1,4,5,3,0,0,0,0
gen_00762,3,-7.544,ok,1,0,0,0,4,4,2,0,0,0,0
gen_00763,1,-7.765,ok,1,0,0,0,4,6,0,0,0,0,1
gen_00763,2,-7.748,ok,1,0,0,0,4,6,1,0,0,0,1
gen_00763,3,-7.745,ok,1,0,0,0,4,6,0,0,0,0,0
gen_00763,4,-7.742,ok,1,0,0,0,4,6,0,0,0,0,1
gen_00763,5,-7.734,ok,1,0,0,0,4,6,0,0,0,0,1
gen_00763,6,-7.729,ok,1,0,0,0,4,6,1,0,0,0,0
gen_00763,7,-7.719,ok,1,0,0,0,4,6,1,0,0,0,0
gen_00763,8,-7.703,ok,1,0,0,0,4,6,0,0,0,0,1
gen_00764,1,-7.928,ok,0,0,0,1,3,1,3,0,0,0,1
gen_00764,2,-7.925,ok,0,0,0,1,3,1,3,0,0,0,1
gen_00764,3,-7.908,ok,0,0,0,1,3,1,3,0,0,0,1
gen_00764,4,-7.886,ok,0,0,0,1,3,1,3,0,0,0,1
gen_00764,5,-7.74,ok,0,0,0,1,0,3,2,0,0,0,0
gen_00764,6,-7.736,ok,0,0,0,1,0,3,3,0,0,0,0
gen_00764,7,-7.719,ok,0,0,0,1,0,1,4,0,1,0,1
gen_00764,8,-7.701,ok,0,0,0,1,0,1,4,0,1,0,1
gen_00764,9,-7.619,ok,0,0,0,1,0,1,3,0,0,0,1
gen_00765,1,-6.758,ok,1,0,1,1,4,7,2,0,0,0,0
gen_00765,2,-6.743,ok,1,0,0,1,4,6,2,0,0,0,0
gen_00765,3,-6.624,ok,1,0,1,0,4,6,3,0,0,0,0
gen_00765,4,-6.618,ok,0,0,1,1,3,5,4,0,0,0,0
gen_00765,5,-6.579,ok,1,0,1,1,4,6,2,0,0,0,0
gen_00765,6,-6.557,ok,1,0,0,1,5,3,2,0,0,0,0
gen_00765,7,-6.516,ok,1,0,1,1,4,7,2,0,0,0,0
gen_00765,8,-6.51,ok,1,0,1,1,4,6,1,0,0,0,0
gen_00765,9,-6.479,ok,1,0,0,1,5,3,3,0,0,0,0
gen_00765,10,-6.439,ok,1,0,0,1,5,3,3,0,0,0,0
gen_00766,1,-7.835,ok,1,0,1,1,5,6,3,0,0,0,0
gen_00767,1,-7.662,ok,1,0,1,0,4,6,2,0,0,0,0
gen_00767,2,-7.634,ok,1,0,0,1,4,6,3,0,0,0,0
gen_00767,3,-7.623,ok,1,0,1,0,4,6,2,0,0,0,0
gen_00767,4,-7.587,ok,1,0,1,0,4,6,2,0,0,0,0
gen_00767,5,-7.582,ok,1,0,1,0,4,6,2,0,0,0,0
gen_00767,6,-7.536,ok,1,0,1,0,4,6,2,0,0,0,0
gen_00767,7,-7.52,ok,1,0,1,0,4,7,2,0,0,0,0
gen_00767,8,-7.485,ok,1,0,0,1,4,8,2,0,0,0,0
gen_00768,1,-7.528,ok,1,0,0,1,5,5,5,0,0,0,0
gen_00768,2,-7.484,ok,1,0,0,1,5,5,5,0,0,0,0
gen_00768,3,-7.409,ok,1,0,0,1,5,5,4,0,0,0,0
gen_00768,4,-7.382,ok,1,0,0,1,5,5,3,0,0,0,0
gen_00768,5,-7.364,ok,1,0,0,1,5,5,3,0,0,0,0
gen_00768,6,-7.221,ok,1,0,0,1,4,3,3,0,0,0,0
gen_00768,7,-7.17,ok,1,0,0,1,4,3,3,0,0,0,0
gen_00769,1,-7.792,ok,1,0,1,0,5,4,1,1,0,0,0
gen_00769,2,-7.784,ok,1,0,1,0,5,4,1,1,0,0,0
gen_00770,1,-8.345,ok,0,0,0,1,3,3,4,0,2,0,0
gen_00770,2,-8.25,ok,0,0,0,1,3,2,4,0,2,0,0
gen_00771,1,-7.144,ok,1,0,1,0,5,3,2,1,0,0,0
gen_00771,2,-7.121,ok,1,0,1,0,5,2,2,1,0,0,0
gen_00771,3,-7.054,ok,1,0,1,0,5,3,2,1,0,0,0
gen_00771,4,-7.054,ok,1,0,1,0,5,3,2,1,0,0,0
gen_00771,5,-7.023,ok,1,0,1,0,5,1,2,1,0,0,0
gen_00771,6,-7.001,ok,1,0,1,0,5,3,2,1,0,0,0
gen_00771,7,-6.949,ok,1,0,1,0,4,1,2,1,0,0,0
gen_00771,8,-6.85,ok,1,0,0,1,4,3,4,0,0,0,0
gen_00772,1,-8.249,ok,1,0,1,1,4,6,5,0,0,0,0
gen_00772,2,-8.169,ok,0,0,1,1,3,5,6,0,0,0,0
gen_00772,3,-7.955,ok,1,0,0,1,4,6,3,1,0,0,0
gen_00773,1,-7.787,ok,1,0,0,1,4,6,5,0,0,0,0
gen_00773,2,-7.684,ok,1,0,0,1,4,8,3,0,0,0,0
gen_00773,3,-7.634,ok,1,0,1,0,4,7,3,0,0,0,0
gen_00773,4,-7.597,ok,0,0,0,1,3,2,2,0,0,0,0
gen_00773,5,-7.57,ok,1,0,1,0,4,5,3,0,0,0,0
gen_00773,6,-7.536,ok,1,0,1,0,4,7,3,0,0,0,0
gen_00773,7,-7.524,ok,0,0,1,1,3,2,2,0,0,0,0
gen_00774,1,-7.289,ok,1,0,0,1,4,6,3,0,0,0,1
gen_00774,2,-7.272,ok,1,0,0,1,4,6,3,0,0,0,1
gen_00775,1,-8.149,ok,1,0,0,1,4,7,3,1,0,0,0
gen_00775,2,-8.123,ok,1,0,0,1,4,7,3,0,0,0,0
gen_00775,3,-8.074,ok,1,0,0,1,4,6,3,1,0,0,0
gen_00776,1,-7.537,ok,1,0,0,1,5,3,3,0,0,0,0
gen_00776,2,-7.532,ok,1,0,0,1,5,3,3,0,0,0,0
gen_00776,3,-7.507,ok,1,0,0,1,4,6,2,0,0,0,1
gen_00776,4,-7.311,ok,1,0,0,1,4,6,2,2,0,0,1
gen_00777,1,-7.576,ok,1,0,0,1,4,5,3,0,0,0,0
gen_00777,2,-7.551,ok,1,0,0,1,4,6,4,0,0,0,0
gen_00778,1,-7.778,ok,0,0,0,1,0,2,3,0,0,0,0
gen_00778,2,-7.718,ok,0,0,0,1,0,2,3,0,0,0,0
gen_00778,3,-7.586,ok,0,0,0,1,0,1,2,0,1,0,0
gen_00779,1,-8.412,ok,0,1,0,1,3,6,4,0,0,0,0
gen_00779,2,-8.401,ok,0,1,0,1,3,6,4,0,0,0,0
gen_00779,3,-8.306,ok,0,0,0,1,3,6,4,0,0,0,0
gen_00780,1,-7.386,ok,0,0,0,0,3,4,1,0,0,0,0
gen_00780,2,-7.366,ok,0,0,0,0,3,4,1,0,0,0,0
gen_00780,3,-7.359,ok,1,0,1,0,4,5,3,0,0,0,0
gen_00780,4,-7.337,ok,0,0,0,0,3,5,1,0,0,0,0
gen_00781,1,-6.9,ok,1,0,0,1,4,5,2,0,0,0,0
gen_00781,2,-6.852,ok,1,0,0,1,4,6,2,0,0,0,0
gen_00781,3,-6.773,ok,1,0,0,1,4,4,3,0,0,0,0
gen_00781,4,-6.752,ok,1,0,0,1,4,5,3,0,0,0,0
gen_00782,1,-7.466,ok,0,0,0,0,3,6,0,0,1,0,0
gen_00782,2,-7.352,ok,1,0,0,0,4,7,1,0,1,0,0
gen_00782,3,-7.316,ok,1,0,0,0,4,5,1,0,1,0,0
gen_00783,1,-7.343,ok,1,0,0,1,5,5,3,0,0,0,0
gen_00783,2,-7.34,ok,1,0,0,1,5,5,2,0,0,0,0
gen_00783,3,-7.313,ok,1,0,0,1,5,3,2,0,0,0,0
gen_00783,4,-7.311,ok,1,0,0,1,5,2,3,0,0,0,0
gen_00783,5,-7.264,ok,1,0,0,1,5,3,3,0,0,0,0
gen_00783,6,-7.254,ok,1,0,0,1,4,2,3,0,0,0,0
gen_00783,7,-7.159,ok,1,0,0,1,4,3,3,0,0,0,0
gen_00784,1,-8.298,ok,1,0,0,1,4,7,3,0,0,0,0
gen_00784,2,-8.281,ok,1,0,0,1,4,6,3,0,0,0,0
gen_00785,1,-7.36,ok,1,0,0,1,5,3,2,0,0,0,0
gen_00785,2,-7.354,ok,1,0,0,1,5,3,2,0,0,0,0
gen_00785,3,-7.343,ok,1,0,0,1,5,3,2,0,0,0,0
gen_00785,4,-7.327,ok,1,0,0,1,5,3,2,0,0,0,0
gen_00785,5,-7.127,ok,0,0,1,0,0,3,2,0,1,0,0
gen_00785,6,-7.092,ok,0,0,1,0,0,3,1,0,1,0,0
gen_00785,7,-7.057,ok,0,0,1,0,0,3,1,0,1,0,0
gen_00785,8,-7.053,ok,0,0,1,0,0,3,1,0,1,0,0
gen_00785,9,-7.029,ok,0,0,1,0,0,3,1,0,1,0,0
gen_00786,1,-8.314,ok,1,0,0,1,4,6,5,0,0,0,0
gen_00786,2,-8.29,ok,0,0,0,1,3,7,3,0,0,0,0
gen_00786,3,-8.275,ok,1,0,0,1,4,4,3,0,0,0,0
gen_00786,4,-8.262,ok,0,0,0,1,3,7,4,0,0,0,0
gen_00787,1,-8.234,ok,1,0,0,1,5,3,4,0,0,0,0
gen_00787,2,-8.229,ok,1,0,0,1,5,3,4,0,0,0,0
gen_00787,3,-8.19,ok,1,0,0,1,5,3,5,0,0,0,0
gen_00787,4,-8.076,ok,1,0,0,1,5,3,4,0,0,0,0
gen_00788,1,-7.769,ok,1,0,1,1,4,5,2,0,0,0,1
gen_00788,2,-7.768,ok,1,0,0,1,4,5,1,1,0,0,1
gen_00788,3,-7.757,ok,1,0,1,1,4,5,2,0,0,0,1
gen_00789,1,-6.929,ok,1,0,1,0,4,5,2,0,1,0,0
gen_00789,2,-6.927,ok,1,0,1,0,4,6,2,0,1,0,0
gen_00789,3,-6.875,ok,1,0,0,0,4,5,1,0,1,0,0
gen_00790,1,-8.27,ok,1,0,0,1,4,4,6,0,0,0,0
gen_00790,2,-8.241,ok,0,0,0,1,3,4,6,0,0,0,0
gen_00790,3,-8.163,ok,1,0,0,1,4,4,4,0,0,0,0
gen_00790,4,-8.071,ok,1,0,0,1,4,4,4,0,0,0,0
gen_00791,1,-8.161,ok,1,0,0,1,4,5,3,0,0,0,0
gen_00791,2,-8.149,ok,1,0,0,1,4,5,3,0,0,0,0
gen_00792,1,-7.016,ok,1,0,0,1,4,6,6,0,0,0,0
gen_00792,2,-6.968,ok,1,0,0,1,4,6,5,0,0,0,0
gen_00792,3,-6.873,ok,0,0,1,1,0,3,4,0,0,0,0
gen_00792,4,-6.83,ok,1,0,0,1,4,5,4,0,0,0,0
gen_00793,1,-7.24,ok,1,0,0,1,4,9,2,0,0,0,0
gen_00793,2,-7.232,ok,1,0,0,1,4,9,2,0,0,0,0
gen_00793,3,-7.099,ok,1,0,0,1,4,8,2,0,0,0,0
gen_00793,4,-7.064,ok,1,0,0,1,4,8,2,0,0,0,0
gen_00793,5,-7.001,ok,1,0,0,1,4,6,3,0,0,0,0
gen_00794,1,-7.513,ok,1,0,1,1,4,5,2,0,0,0,0
gen_00795,1,-7.624,ok,1,0,0,1,4,5,4,1,0,0,0
gen_00795,2,-7.583,ok,1,0,0,1,4,5,4,1,0,0,0
gen_00796,1,-7.251,ok,0,1,1,1,3,6,5,1,0,0,0
gen_00796,2,-7.245,ok,1,1,1,1,4,6,7,0,0,0,0
gen_00796,3,-7.094,ok,1,1,1,1,4,5,3,0,0,0,0
gen_00796,4,-7.092,ok,1,1,1,0,5,6,1,0,0,0,0
gen_00796,5,-7.072,ok,1,1,1,0,5,6,1,0,0,0,0
gen_00796,6,-7.04,ok,1,1,1,0,4,6,1,0,0,0,0
gen_00797,1,-7.532,ok,0,0,1,0,0,1,1,0,0,0,1
gen_00797,2,-7.525,ok,0,0,1,0,0,1,1,0,0,0,1
gen_00797,3,-7.522,ok,0,0,1,0,0,1,1,0,0,0,1
gen_00797,4,-7.48,ok,0,0,1,0,0,2,1,0,0,0,1
gen_00798,1,-6.852,ok,1,0,0,1,5,3,2,0,0,0,0
gen_00798,2,-6.85,ok,1,0,1,1,5,4,2,0,0,0,0
gen_00799,1,-7.023,ok,0,0,0,1,3,5,3,0,0,0,0
gen_00799,2,-6.991,ok,0,0,0,1,3,6,3,0,0,0,0
gen_00799,3,-6.975,ok,0,0,0,1,3,5,3,0,0,0,0
gen_00799,4,-6.933,ok,0,0,0,1,3,5,3,0,0,0,0
gen_00799,5,-6.92,ok,0,1,0,1,3,4,2,0,0,0,0
gen_00799,6,-6.918,ok,0,1,0,1,3,4,2,0,0,0,0
gen_00799,7,-6.873,ok,1,1,0,1,4,6,1,0,0,0,0
gen_00800,1,-7.385,ok,1,0,0,1,4,1,2,0,0,0,0
gen_00800,2,-7.379,ok,1,0,0,1,4,1,2,0,0,0,0
gen_00800,3,-7.348,ok,1,0,0,1,4,1,2,0,0,0,0
gen_00801,1,-7.914,ok,1,0,1,1,4,2,3,0,0,0,0
gen_00801,2,-7.905,ok,1,0,1,1,4,2,3,0,0,0,0
gen_00801,3,-7.9,ok,1,0,1,1,4,2,3,0,0,0,1
gen_00801,4,-7.88,ok,1,0,1,1,4,2,3,0,0,0,0
gen_00801,5,-7.854,ok,1,0,1,1,4,5,4,0,0,0,1
gen_00801,6,-7.853,ok,1,0,1,1,4,2,3,0,0,0,0
gen_00801,7,-7.846,ok,1,0,1,1,4,2,3,0,0,0,0
gen_00801,8,-7.831,ok,1,0,1,1,4,2,3,0,0,0,1
gen_00801,9,-7.782,ok,1,0,1,1,4,7,3,0,0,0,0
gen_00802,1,-7.541,ok,1,0,0,0,4,6,0,1,1,0,0
gen_00802,2,-7.503,ok,1,0,0,0,4,8,1,0,2,0,0
gen_00802,3,-7.468,ok,1,0,0,0,4,8,1,0,1,0,0
gen_00802,4,-7.429,ok,1,0,0,0,4,8,1,0,1,0,0
gen_00802,5,-7.362,ok,1,0,0,0,4,8,0,0,2,0,0
gen_00802,6,-7.328,ok,0,0,1,1,3,1,2,0,1,0,0
gen_00802,7,-7.327,ok,0,0,1,1,3,1,2,0,1,0,0
gen_00803,1,-7.599,ok,1,0,0,1,4,4,1,0,1,0,0
gen_00804,1,-8.735,ok,1,1,0,0,4,6,1,0,0,0,1
gen_00804,2,-8.728,ok,1,0,0,0,4,6,1,0,0,0,1
gen_00804,3,-8.695,ok,1,0,0,0,4,6,1,0,0,0,1
gen_00805,1,-7.875,ok,1,0,0,1,4,6,6,1,0,0,0
gen_00806,1,-6.862,ok,1,0,1,1,4,7,4,0,0,0,0
gen_00806,2,-6.812,ok,1,0,1,1,4,7,4,0,0,0,0
gen_00806,3,-6.805,ok,1,0,1,1,4,6,3,0,0,0,0
gen_00806,4,-6.749,ok,1,0,1,1,4,6,3,0,0,0,0
gen_00807,1,-8.756,ok,1,0,1,1,4,8,2,1,0,0,0
gen_00807,2,-8.712,ok,1,0,1,1,4,8,2,1,0,0,0
gen_00808,1,-7.657,ok,1,0,1,0,4,5,3,1,0,0,0
gen_00808,2,-7.653,ok,1,0,1,0,4,5,2,1,0,0,0
gen_00808,3,-7.611,ok,1,0,1,0,4,5,2,1,0,0,0
gen_00808,4,-7.569,ok,1,0,1,0,4,5,1,1,0,0,0
gen_00809,1,-7.337,ok,0,0,1,1,0,2,3,0,0,0,0
gen_00809,2,-7.29,ok,0,1,0,1,0,3,3,0,0,0,0
gen_00809,3,-7.261,ok,0,0,1,1,0,2,2,1,0,0,0
gen_00809,4,-7.1,ok,1,0,1,0,5,4,3,0,1,0,1
gen_00809,5,-7.028,ok,0,0,1,0,0,3,4,0,1,0,0
gen_00809,6,-7.022,ok,0,0,1,1,0,1,2,1,1,0,0
gen_00809,7,-6.793,ok,0,0,1,1,0,1,3,1,1,0,0
gen_00810,1,-7.798,ok,1,0,0,1,4,4,2,0,0,0,0
gen_00810,2,-7.791,ok,1,0,0,1,4,4,2,0,0,0,0
gen_00810,3,-7.76,ok,1,0,0,1,4,4,3,0,0,0,0
gen_00811,1,-7.6,ok,1,0,1,0,4,5,1,1,0,0,0
gen_00812,1,-7.355,ok,0,0,0,1,3,5,2,0,0,0,0
gen_00812,2,-7.335,ok,0,0,1,1,3,5,3,0,0,0,0
gen_00812,3,-7.334,ok,0,0,1,1,3,5,3,0,0,0,0
gen_00813,1,-8.208,ok,1,0,1,0,4,5,3,1,0,0,0
gen_00813,2,-8.145,ok,1,0,1,0,4,6,3,1,0,0,0
gen_00813,3,-8.105,ok,1,0,1,0,4,7,2,1,0,0,0
gen_00813,4,-8.076,ok,1,0,1,0,4,8,3,1,0,0,0
gen_00813,5,-7.839,ok,1,0,0,1,5,3,4,0,1,0,0
gen_00813,6,-7.82,ok,1,0,0,1,5,3,3,0,1,0,0
gen_00813,7,-7.796,ok,1,0,0,1,5,3,3,0,1,0,0
gen_00814,1,-6.774,ok,1,0,1,0,5,5,2,0,0,0,0
gen_00814,2,-6.77,ok,1,0,1,1,5,1,4,0,0,0,1
gen_00814,3,-6.748,ok,1,0,1,1,5,1,4,0,0,0,1
gen_00815,1,-7.072,ok,1,0,0,1,5,3,1,0,0,0,0
gen_00815,2,-6.977,ok,1,0,0,1,5,3,1,0,0,0,0
gen_00816,1,-7.438,ok,1,0,0,1,4,7,3,0,0,0,0
gen_00816,2,-7.436,ok,1,0,0,1,4,7,3,0,0,0,0
gen_00816,3,-7.426,ok,1,0,0,1,4,8,4,0,0,0,0
gen_00816,4,-7.371,ok,1,0,0,1,4,7,4,0,0,0,0
gen_00816,5,-7.355,ok,1,0,0,1,4,7,4,0,0,0,0
gen_00816,6,-7.351,ok,1,0,0,1,4,7,4,0,0,0,0
gen_00816,7,-7.336,ok,1,0,0,1,4,7,4,0,0,0,0
gen_00816,8,-7.332,ok,1,0,0,1,4,7,4,0,0,0,0
gen_00817,1,-7.884,ok,1,0,1,0,4,5,1,1,0,0,0
gen_00817,2,-7.843,ok,1,0,1,0,4,5,0,1,0,0,0
gen_00817,3,-7.842,ok,1,0,1,0,4,5,1,1,0,0,0
gen_00817,4,-7.835,ok,1,0,1,0,4,6,1,1,0,0,0
gen_00817,5,-7.828,ok,1,0,1,0,4,6,1,1,0,0,0
gen_00817,6,-7.824,ok,1,0,1,0,4,6,1,1,0,0,0
gen_00818,1,-7.731,ok,0,0,0,1,3,2,2,0,0,0,0
gen_00818,2,-7.731,ok,0,0,0,1,3,2,2,0,0,0,0
gen_00818,3,-7.704,ok,0,0,0,1,3,2,2,0,0,0,0
gen_00818,4,-7.694,ok,0,0,0,1,3,2,2,0,0,0,0
gen_00819,1,-7.966,ok,1,0,1,0,4,5,3,1,0,0,0
gen_00819,2,-7.949,ok,1,0,1,0,4,4,3,1,0,0,0
gen_00819,3,-7.947,ok,1,0,1,0,4,5,3,1,0,0,0
gen_00819,4,-7.895,ok,1,0,1,0,4,4,3,1,0,0,0
gen_00819,5,-7.697,ok,0,0,1,1,0,4,2,0,0,0,0
gen_00820,1,-7.813,ok,1,0,1,1,4,6,4,0,0,0,0
gen_00820,2,-7.805,ok,1,0,1,1,4,6,4,0,0,0,0
gen_00820,3,-7.658,ok,1,0,0,1,4,5,2,0,0,0,0
gen_00820,4,-7.509,ok,0,0,1,1,3,2,4,0,0,0,0
gen_00821,1,-6.861,ok,1,0,0,0,4,6,1,0,0,0,1
gen_00821,2,-6.846,ok,1,0,0,0,4,6,0,0,0,0,1
gen_00822,1,-7.116,ok,1,0,0,0,4,4,1,0,0,0,0
gen_00822,2,-7.01,ok,1,0,0,0,4,5,1,0,0,0,0
gen_00822,3,-6.845,ok,0,0,0,1,3,6,2,0,0,0,0
gen_00822,4,-6.688,ok,0,0,0,1,3,6,2,0,0,0,0
gen_00823,1,-7.794,ok,1,0,0,1,4,6,2,0,0,0,0
gen_00823,2,-7.762,ok,1,0,0,1,4,6,3,0,0,0,0
gen_00823,3,-7.744,ok,1,0,0,1,4,6,3,0,0,0,0
gen_00824,1,-7.379,ok,1,0,1,0,4,6,4,0,0,0,0
gen_00824,2,-7.273,ok,1,0,1,1,5,4,4,0,0,0,0
gen_00824,3,-7.265,ok,1,0,1,1,5,4,4,0,0,0,0
gen_00824,4,-7.261,ok,1,0,1,0,4,6,4,0,0,0,0
gen_00824,5,-7.239,ok,1,0,1,1,4,8,3,0,0,0,0
gen_00824,6,-7.235,ok,1,0,1,1,4,7,3,0,0,0,0
gen_00824,7,-7.226,ok,1,0,1,1,4,7,2,0,0,0,0
gen_00824,8,-7.188,ok,1,0,0,1,4,6,3,0,0,0,0
gen_00824,9,-7.187,ok,1,0,1,1,4,7,3,0,0,0,0
gen_00824,10,-7.161,ok,1,0,1,1,4,6,2,0,0,0,0
gen_00824,11,-7.153,ok,1,0,1,1,4,4,4,0,0,0,0
gen_00825,1,-8.086,ok,1,0,1,1,4,3,3,0,1,0,2
gen_00825,2,-8.035,ok,1,0,1,1,4,3,2,0,0,0,2
gen_00825,3,-7.895,ok,1,0,1,1,4,3,2,0,1,0,1
gen_00825,4,-7.842,ok,1,0,0,1,4,5,2,0,0,0,1
gen_00825,5,-7.722,ok,1,0,0,1,4,5,2,0,0,0,0
gen_00825,6,-7.556,ok,1,0,1,0,4,1,1,0,0,0,2
gen_00826,1,-7.491,ok,1,0,0,1,4,6,3,1,0,0,1
gen_00826,2,-7.459,ok,1,0,0,1,4,5,3,1,0,0,1
gen_00827,1,-8.705,ok,1,0,0,1,4,4,3,0,0,0,2
gen_00827,2,-8.696,ok,1,0,0,1,4,3,4,0,0,0,2
gen_00828,1,-7.048,ok,1,0,0,1,4,6,3,0,0,0,0
gen_00829,1,-7.332,ok,1,0,0,1,5,6,2,0,0,0,0
gen_00829,2,-7.306,ok,1,0,0,1,5,6,3,0,0,0,0
gen_00829,3,-7.305,ok,1,0,0,1,5,6,1,0,0,0,0
gen_00829,4,-7.297,ok,1,0,0,1,5,6,1,0,0,0,0
gen_00829,5,-7.248,ok,1,0,0,1,5,6,2,0,0,0,0
gen_00830,1,-8.304,ok,0,1,0,1,3,7,2,1,0,0,0
gen_00830,2,-8.292,ok,1,1,0,1,4,7,3,1,0,0,0
gen_00831,1,-8.28,ok,1,0,0,1,5,5,2,0,0,0,0
gen_00831,2,-8.247,ok,1,0,0,0,5,5,1,0,0,0,0
gen_00831,3,-8.222,ok,1,0,0,1,5,5,2,0,0,0,0
gen_00832,1,-7.976,ok,1,0,1,1,4,7,2,0,0,0,0
gen_00832,2,-7.889,ok,1,0,0,1,4,6,2,0,0,0,0
gen_00832,3,-7.85,ok,1,0,0,1,4,6,2,0,0,0,0
gen_00832,4,-7.656,ok,1,0,0,1,4,5,2,0,0,0,0
gen_00833,1,-7.344,ok,1,0,0,1,4,6,2,0,0,0,0
gen_00833,2,-7.321,ok,1,0,0,1,4,6,3,0,0,0,0
gen_00833,3,-7.306,ok,1,0,0,1,4,6,2,0,0,0,0
gen_00834,1,-7.335,ok,1,0,0,1,5,4,1,0,0,0,0
gen_00835,1,-7.025,ok,0,0,0,1,3,3,2,0,2,0,0
gen_00835,2,-7.001,ok,0,0,0,1,3,3,3,0,2,0,0
gen_00835,3,-6.982,ok,0,0,0,1,3,4,3,0,2,0,0
gen_00835,4,-6.98,ok,0,0,0,1,3,3,3,0,2,0,0
gen_00835,5,-6.955,ok,0,0,0,1,3,4,3,0,2,0,0
gen_00835,6,-6.943,ok,0,0,0,1,3,3,2,0,2,0,0
gen_00835,7,-6.908,ok,0,0,0,1,3,4,3,0,2,0,0
gen_00835,8,-6.879,ok,0,0,0,1,3,4,2,0,2,0,0
gen_00835,9,-6.843,ok,0,0,0,1,3,4,3,0,2,0,0
gen_00835,10,-6.711,ok,0,0,0,1,3,1,2,0,3,0,0
gen_00835,11,-6.697,ok,0,0,0,1,3,0,2,0,2,0,0
gen_00835,12,-6.68,ok,0,0,0,1,3,2,2,0,3,0,0
gen_00836,1,-7.051,ok,1,0,0,1,5,3,3,0,0,0,0
gen_00837,1,-8.259,ok,1,0,0,1,4,7,3,0,0,0,0
gen_00837,2,-8.234,ok,1,0,0,1,4,7,2,0,0,0,0
gen_00837,3,-8.19,ok,1,0,0,1,4,7,3,0,0,0,0
gen_00837,4,-8.141,ok,1,0,0,1,4,6,2,0,0,0,0
gen_00838,1,-6.373,ok,1,0,0,1,4,3,2,0,0,0,0
gen_00839,1,-7.83,ok,0,0,0,1,3,5,2,0,0,0,0
gen_00840,1,-8.258,ok,1,0,0,1,4,6,4,1,0,0,0
gen_00840,2,-8.223,ok,1,0,0,1,4,6,4,1,0,0,0
gen_00841,1,-7.362,ok,0,0,0,1,3,9,2,0,0,0,0
gen_00841,2,-7.332,ok,0,0,0,1,3,9,2,0,0,0,0
gen_00841,3,-7.286,ok,0,0,0,1,3,8,1,0,0,0,0
gen_00842,1,-7.882,ok,0,0,1,1,3,6,5,0,0,0,0
gen_00842,2,-7.84,ok,0,0,1,1,3,6,6,0,0,0,0
gen_00842,3,-7.749,ok,0,0,1,1,3,6,6,0,0,0,0
gen_00842,4,-7.609,ok,0,0,1,1,3,5,6,0,0,0,0
gen_00842,5,-7.571,ok,0,0,1,1,3,5,4,0,1,0,0
gen_00842,6,-7.57,ok,0,0,1,1,3,5,4,0,1,0,0
gen_00842,7,-7.561,ok,0,0,1,1,3,5,6,0,0,0,0
gen_00842,8,-7.543,ok,1,0,1,1,5,4,5,0,0,0,1
gen_00842,9,-7.54,ok,1,0,1,1,5,4,5,0,0,0,1
gen_00842,10,-7.522,ok,0,0,1,1,3,5,6,0,0,0,0
gen_00843,1,-7.721,ok,1,0,0,0,5,4,1,0,0,0,0
gen_00844,1,-7.895,ok,1,0,1,1,4,7,2,0,0,0,1
gen_00844,2,-7.881,ok,1,0,1,1,4,7,3,0,0,0,1
gen_00844,3,-7.857,ok,1,0,1,1,4,7,3,0,0,0,1
gen_00844,4,-7.854,ok,1,0,1,1,4,7,3,0,0,0,1
gen_00844,5,-7.848,ok,1,0,1,1,4,7,3,0,0,0,1
gen_00844,6,-7.84,ok,1,0,1,1,4,7,2,0,0,0,1
gen_00844,7,-7.839,ok,1,0,1,1,4,7,3,0,0,0,1
gen_00844,8,-7.835,ok,1,0,1,1,4,7,3,0,0,0,1
gen_00844,9,-7.833,ok,1,0,1,1,4,7,2,0,0,0,1
gen_00844,10,-7.756,ok,0,0,0,1,3,5,1,0,0,0,0
gen_00845,1,-8.271,ok,1,0,0,0,5,6,2,1,0,0,0
gen_00845,2,-8.271,ok,1,0,0,0,5,6,2,1,0,0,0
gen_00846,1,-7.343,ok,1,0,0,1,4,5,4,0,0,0,0
gen_00847,1,-7.012,ok,1,0,0,1,5,4,1,0,0,0,1
gen_00847,2,-6.984,ok,1,0,0,1,5,4,1,0,0,0,1
gen_00848,1,-7.804,ok,1,0,0,1,4,6,3,0,0,0,0
gen_00848,2,-7.77,ok,1,0,1,1,4,5,4,0,1,0,0
gen_00848,3,-7.758,ok,1,0,0,1,4,2,4,0,0,0,0
gen_00848,4,-7.74,ok,1,0,1,1,4,6,4,0,0,0,0
gen_00848,5,-7.735,ok,1,0,1,1,4,5,4,0,1,0,0
gen_00848,6,-7.733,ok,1,0,0,1,4,6,3,0,0,0,0
gen_00848,7,-7.709,ok,1,0,0,1,4,3,4,0,0,0,0
gen_00848,8,-7.646,ok,1,0,0,1,4,1,4,0,0,0,0
gen_00849,1,-6.994,ok,0,0,0,1,3,4,3,0,0,0,1
gen_00849,2,-6.941,ok,0,0,0,1,3,4,3,0,0,0,1
gen_00849,3,-6.927,ok,0,0,0,1,3,4,2,1,0,0,1
gen_00849,4,-6.829,ok,0,0,0,1,3,7,2,1,0,0,0
gen_00850,1,-7.238,ok,1,0,0,1,4,7,2,1,0,0,0
gen_00850,2,-7.173,ok,1,0,0,1,4,6,2,1,0,0,0
gen_00850,3,-7.16,ok,1,0,0,1,4,6,4,0,0,0,0
gen_00850,4,-7.094,ok,1,0,0,1,4,6,4,0,0,0,0
gen_00850,5,-6.972,ok,1,0,0,1,4,5,4,0,0,0,0
gen_00851,1,-7.666,ok,1,0,0,1,4,6,1,0,0,0,0
gen_00851,2,-7.616,ok,1,0,0,1,4,7,1,0,0,0,0
gen_00852,1,-8.728,ok,1,0,1,1,4,8,4,1,0,0,1
gen_00852,2,-8.701,ok,1,0,1,1,4,6,4,1,0,0,1
gen_00852,3,-8.668,ok,1,1,1,1,4,8,4,1,0,0,1
gen_00852,4,-8.611,ok,1,1,1,1,4,8,4,1,0,0,1
gen_00853,1,-7.729,ok,1,0,1,0,4,7,1,0,0,0,0
gen_00853,2,-7.725,ok,1,0,0,0,4,6,1,0,0,0,0
gen_00853,3,-7.714,ok,1,0,1,0,4,7,0,0,0,0,0
gen_00854,1,-6.771,ok,0,0,1,1,3,5,2,0,0,0,0
gen_00855,1,-6.926,ok,1,0,1,0,4,3,4,1,0,0,0
gen_00855,2,-6.917,ok,1,0,1,0,4,3,4,1,0,0,0
gen_00855,3,-6.903,ok,1,0,1,0,4,3,4,1,0,0,0
gen_00855,4,-6.881,ok,1,0,1,0,4,3,4,1,0,0,0
gen_00856,1,-7.706,ok,1,0,0,1,4,7,5,1,0,0,0
gen_00856,2,-7.703,ok,1,0,0,1,4,5,5,1,0,0,0
gen_00856,3,-7.522,ok,1,0,0,1,4,6,4,1,0,0,0
gen_00857,1,-8.43,ok,0,0,1,1,3,5,4,0,0,0,0
gen_00857,2,-8.426,ok,0,0,1,1,3,5,4,0,0,0,0
gen_00857,3,-8.413,ok,0,0,1,1,3,5,4,0,0,0,0
gen_00857,4,-8.352,ok,0,0,1,1,3,5,4,0,0,0,0
gen_00857,5,-8.207,ok,0,0,1,1,3,5,4,0,0,0,0
gen_00857,6,-8.149,ok,0,1,1,1,3,7,3,0,0,0,0
gen_00857,7,-8.13,ok,0,1,1,1,3,7,4,0,0,0,0
gen_00857,8,-8.127,ok,1,1,0,1,4,6,3,0,0,0,0
gen_00858,1,-8.014,ok,1,0,0,0,4,5,3,1,0,0,0
gen_00858,2,-7.984,ok,1,0,0,0,4,5,3,1,0,0,0
gen_00858,3,-7.964,ok,1,0,1,0,4,7,3,1,0,0,0
gen_00858,4,-7.931,ok,1,0,1,0,4,6,3,1,0,0,0
gen_00859,1,-7.414,ok,1,0,0,1,5,4,1,0,0,0,0
gen_00859,2,-7.405,ok,1,0,0,1,5,4,1,0,0,0,0
gen_00860,1,-7.655,ok,1,0,1,1,4,6,1,0,0,0,0
gen_00860,2,-7.635,ok,1,0,1,1,4,6,1,0,0,0,0
gen_00860,3,-7.554,ok,0,0,0,1,3,6,1,0,0,0,0
gen_00860,4,-7.47,ok,0,0,0,1,3,6,1,0,0,0,0
gen_00860,5,-7.442,ok,0,0,0,1,3,6,2,0,0,0,0
gen_00860,6,-7.439,ok,0,0,0,1,3,6,2,0,0,0,0
gen_00861,1,-6.964,ok,0,0,0,0,3,2,1,0,0,0,0
gen_00861,2,-6.927,ok,0,0,1,1,0,0,4,0,0,0,0
gen_00861,3,-6.919,ok,0,0,1,1,0,0,4,0,0,0,0
gen_00861,4,-6.853,ok,0,0,1,0,0,2,3,0,0,0,0
gen_00862,1,-7.919,ok,1,0,0,1,5,6,3,0,0,0,0
gen_00862,2,-7.786,ok,1,0,0,1,5,6,2,0,0,0,0
gen_00862,3,-7.5,ok,1,0,1,1,4,5,4,0,0,0,0
gen_00862,4,-7.476,ok,1,0,1,1,4,5,3,0,0,0,0
gen_00862,5,-7.403,ok,1,0,0,1,4,7,3,0,0,0,0
gen_00862,6,-7.331,ok,1,0,0,1,5,6,3,0,0,0,1
gen_00862,7,-7.257,ok,1,0,1,1,4,6,3,0,0,0,0
gen_00862,8,-1.869,ok,1,0,0,1,4,7,4,0,0,0,0
gen_00863,1,-7.088,ok,1,0,0,1,4,1,1,0,0,0,0
gen_00863,2,-7.079,ok,1,0,0,1,4,1,2,0,0,0,0
gen_00863,3,-6.977,ok,1,0,0,1,5,6,4,0,0,0,0
gen_00863,4,-6.974,ok,1,0,1,1,5,8,4,0,0,0,0
gen_00863,5,-6.943,ok,1,0,0,1,4,1,2,0,0,0,0
gen_00863,6,-6.925,ok,1,0,1,1,5,9,2,0,0,0,0
gen_00863,7,-6.919,ok,1,0,0,1,5,7,4,0,0,0,0
gen_00864,1,-8.067,ok,1,0,1,1,4,7,5,0,0,0,0
gen_00864,2,-8.067,ok,1,0,1,1,4,5,6,0,0,0,0
gen_00864,3,-7.988,ok,1,0,0,1,4,7,4,0,0,0,1
gen_00864,4,-7.892,ok,1,0,0,1,4,7,4,0,0,0,0
gen_00865,1,-7.627,ok,0,0,0,1,3,3,5,0,0,0,0
gen_00865,2,-7.618,ok,0,0,0,1,3,3,5,0,0,0,0
gen_00865,3,-7.616,ok,0,0,0,1,3,3,5,0,0,0,0
gen_00865,4,-7.483,ok,0,0,0,1,0,2,3,0,0,0,0
gen_00866,1,-8.678,ok,0,0,1,1,3,5,4,0,0,0,0
gen_00866,2,-8.663,ok,0,0,1,1,3,5,4,0,0,0,0
gen_00866,3,-8.61,ok,0,0,0,1,3,5,3,0,0,0,0
gen_00866,4,-8.522,ok,0,0,1,1,3,5,4,0,0,0,0
gen_00866,5,-8.466,ok,1,0,1,1,4,6,4,0,0,0,0
gen_00866,6,-8.462,ok,0,0,1,1,3,5,4,0,0,0,0
gen_00866,7,-8.455,ok,1,0,1,1,4,6,4,0,0,0,0
gen_00866,8,-8.439,ok,1,1,0,1,4,7,3,0,0,0,0
gen_00866,9,-8.436,ok,1,1,0,1,4,7,3,0,0,0,0
gen_00867,1,-7.779,ok,0,0,0,1,0,1,3,0,1,0,0
gen_00867,2,-7.703,ok,0,0,0,1,0,0,3,0,1,0,0
gen_00867,3,-7.618,ok,1,0,0,1,4,1,1,0,0,0,2
gen_00868,1,-6.654,ok,1,0,1,0,4,5,0,1,0,0,0
gen_00868,2,-6.649,ok,0,0,0,1,3,4,2,0,0,0,0
gen_00868,3,-6.572,ok,0,0,0,1,3,4,2,0,0,0,0
gen_00869,1,-7.397,ok,1,1,1,1,4,6,3,0,0,0,0
gen_00869,2,-7.364,ok,1,1,1,1,4,6,3,0,0,0,0
gen_00870,1,-7.731,ok,1,0,0,1,4,7,4,0,0,0,1
gen_00870,2,-7.678,ok,1,0,0,1,4,9,4,0,0,0,1
gen_00870,3,-7.649,ok,1,0,0,1,4,8,3,0,0,0,1
gen_00870,4,-7.579,ok,1,0,0,1,4,8,4,0,0,0,1
gen_00870,5,-7.537,ok,1,0,0,1,4,5,3,0,0,0,1
gen_00870,6,-7.528,ok,1,0,0,1,4,7,3,0,0,0,1
gen_00870,7,-7.499,ok,1,0,0,1,4,5,3,0,0,0,1
gen_00870,8,-7.469,ok,1,0,0,1,4,6,4,0,0,0,1
gen_00871,1,-7.565,ok,0,0,0,1,3,4,3,0,0,0,0
gen_00872,1,-6.934,ok,1,0,1,1,4,6,5,0,0,0,1
gen_00872,2,-6.926,ok,1,0,1,1,4,6,3,1,0,0,0
gen_00872,3,-6.706,ok,0,0,0,1,0,1,3,0,0,0,0
gen_00872,4,-6.705,ok,0,0,0,1,0,1,2,0,0,0,0
gen_00872,5,-6.662,ok,1,0,1,0,4,6,1,0,0,0,1
gen_00872,6,-6.612,ok,1,0,1,0,4,6,0,0,0,0,1
gen_00873,1,-7.325,ok,1,0,0,1,4,3,2,1,0,0,0
gen_00874,1,-7.629,ok,1,0,1,1,4,6,2,0,0,0,0
gen_00875,1,-7.028,ok,0,0,0,1,3,3,1,0,0,0,0
gen_00875,2,-6.887,ok,1,0,0,1,4,6,2,0,0,0,0
gen_00875,3,-6.844,ok,0,0,0,1,3,2,2,0,0,0,0
gen_00875,4,-6.698,ok,0,0,0,0,3,4,1,0,0,0,0
gen_00876,1,-7.325,ok,1,0,0,0,4,6,1,0,0,0,0
gen_00876,2,-7.322,ok,1,0,0,0,4,5,1,0,0,0,0
gen_00876,3,-7.304,ok,1,0,0,0,4,6,1,0,0,0,1
gen_00876,4,-7.278,ok,1,0,0,0,4,6,1,0,0,0,0
gen_00876,5,-7.267,ok,1,0,0,0,4,5,1,0,0,0,0
gen_00876,6,-7.255,ok,1,0,0,1,4,6,3,0,0,0,0
gen_00877,1,-6.86,ok,0,0,0,1,3,6,3,0,0,0,0
gen_00878,1,-7.858,ok,0,0,1,1,3,6,5,0,0,0,0
gen_00878,2,-7.84,ok,0,0,1,1,3,6,4,0,0,0,0
gen_00879,1,-7.192,ok,1,0,0,1,5,5,2,0,0,0,0
gen_00880,1,-7.346,ok,0,0,0,1,3,4,4,0,0,0,0
gen_00880,2,-7.317,ok,0,0,0,1,3,4,3,0,0,0,0
gen_00880,3,-7.304,ok,0,0,0,1,3,3,4,0,0,0,0
gen_00880,4,-7.245,ok,0,0,0,1,3,4,3,0,0,0,0
gen_00881,1,-7.426,ok,0,0,0,1,3,7,2,0,0,0,0
gen_00881,2,-7.398,ok,0,0,1,0,3,6,2,0,0,0,0
gen_00881,3,-7.38,ok,0,0,0,1,3,7,2,0,0,0,0
gen_00881,4,-7.368,ok,0,0,0,1,3,7,2,0,0,0,0
gen_00881,5,-7.362,ok,0,0,1,0,3,6,1,0,0,0,0
gen_00881,6,-7.32,ok,0,0,1,0,3,6,1,0,0,0,0
gen_00882,1,-7.199,ok,0,0,0,1,3,2,1,1,0,0,0
gen_00882,2,-7.186,ok,0,0,0,1,3,2,3,1,0,0,0
gen_00882,3,-7.088,ok,0,0,0,1,3,6,1,0,0,0,0
gen_00882,4,-6.935,ok,0,0,0,1,0,2,6,0,0,0,0
gen_00882,5,-6.875,ok,0,0,0,1,0,2,4,0,0,0,0
gen_00882,6,-6.795,ok,0,0,0,1,0,2,4,0,0,0,0
gen_00883,1,-7.569,ok,0,0,0,1,0,7,3,0,0,0,0
gen_00883,2,-7.52,ok,0,0,0,1,0,7,3,0,0,0,0
gen_00883,3,-7.436,ok,0,0,0,1,3,5,2,0,0,0,0
gen_00884,1,-7.256,ok,1,0,0,1,4,5,2,0,0,0,0
gen_00884,2,-7.248,ok,1,0,0,1,4,5,2,0,0,0,0
gen_00885,1,-8.371,ok,1,0,1,1,4,5,4,0,0,0,0
gen_00885,2,-8.359,ok,1,0,0,1,4,5,3,0,0,0,0
gen_00885,3,-8.354,ok,1,0,1,1,4,5,4,0,0,0,0
gen_00885,4,-8.337,ok,1,0,1,1,4,5,4,0,0,0,0
gen_00886,1,-6.917,ok,1,0,1,1,4,7,3,0,0,0,1
gen_00886,2,-6.913,ok,1,0,1,1,4,6,3,0,0,0,1
gen_00886,3,-6.904,ok,1,0,1,1,4,6,3,0,0,0,1
gen_00886,4,-6.843,ok,1,0,1,1,4,7,3,0,0,0,1
gen_00887,1,-7.793,ok,1,0,0,1,4,6,2,1,0,0,0
gen_00887,2,-7.784,ok,1,0,0,1,4,5,2,1,0,0,0
gen_00887,3,-7.752,ok,1,0,0,1,4,5,2,1,0,0,0
gen_00888,1,-8.171,ok,1,0,0,1,4,7,5,1,0,0,0
gen_00888,2,-8.073,ok,1,0,0,1,4,5,5,1,0,0,0
gen_00889,1,-7.82,ok,1,0,0,1,4,7,3,0,0,0,0
gen_00889,2,-7.725,ok,1,0,0,1,4,6,3,0,0,0,0
gen_00889,3,-7.715,ok,1,0,1,1,4,8,4,0,0,0,0
gen_00889,4,-7.692,ok,1,0,1,1,4,7,3,0,0,0,0
gen_00889,5,-7.684,ok,1,0,1,1,4,8,3,0,0,0,0
gen_00889,6,-7.638,ok,1,0,0,1,4,7,3,1,0,0,0
gen_00889,7,-7.626,ok,1,0,0,1,4,6,3,0,0,0,0
gen_00889,8,-7.54,ok,1,0,0,1,4,6,3,1,0,0,0
gen_00890,1,-7.642,ok,1,0,1,0,4,6,2,0,0,0,0
gen_00890,2,-7.631,ok,1,0,1,0,4,6,2,0,0,0,0
gen_00890,3,-7.63,ok,1,0,1,0,4,6,2,0,0,0,0
gen_00890,4,-7.613,ok,1,0,1,0,4,5,2,0,0,0,0
gen_00890,5,-7.604,ok,1,0,1,0,4,5,2,0,0,0,0
gen_00890,6,-7.59,ok,1,0,1,1,4,6,3,0,0,0,0
gen_00890,7,-7.589,ok,1,0,1,0,4,6,2,0,0,0,0
gen_00890,8,-7.583,ok,1,0,1,0,4,6,2,0,0,0,0
gen_00890,9,-7.565,ok,1,0,1,0,4,5,2,0,0,0,0
gen_00891,1,-6.869,ok,1,0,0,1,4,6,1,0,0,0,0
gen_00891,2,-6.836,ok,1,0,0,1,4,6,1,0,0,0,0
gen_00891,3,-6.774,ok,1,0,0,0,4,6,0,0,0,0,0
gen_00891,4,-6.771,ok,1,0,0,1,4,7,1,0,0,0,0
gen_00891,5,-6.764,ok,1,0,0,0,4,6,0,0,0,0,0
gen_00892,1,-8.272,ok,1,0,0,1,4,6,2,0,0,0,0
gen_00892,2,-8.261,ok,1,0,0,1,4,5,2,0,0,0,0
gen_00892,3,-8.25,ok,1,0,0,1,4,5,2,0,0,0,0
gen_00893,1,-8.23,ok,1,0,1,1,4,5,2,1,0,0,0
gen_00893,2,-8.213,ok,1,0,1,1,4,6,1,1,0,0,0
gen_00893,3,-8.21,ok,1,0,1,1,4,5,1,1,0,0,0
gen_00893,4,-8.209,ok,1,0,1,1,4,5,1,1,0,0,0
gen_00893,5,-8.206,ok,1,0,1,1,4,6,2,1,0,0,1
gen_00893,6,-8.18,ok,1,0,1,1,4,4,1,1,0,0,0
gen_00893,7,-8.167,ok,1,0,1,1,4,5,2,1,0,0,0
gen_00893,8,-8.127,ok,1,0,1,1,4,6,1,1,0,0,0
gen_00893,9,-8.105,ok,1,0,1,1,4,6,2,1,0,0,0
gen_00893,10,-8.1,ok,1,0,1,1,4,5,1,1,0,0,0
gen_00893,11,-8.083,ok,1,0,1,1,4,5,1,1,0,0,0
gen_00894,1,-7.404,ok,1,0,1,1,5,3,4,1,0,0,0
gen_00894,2,-7.399,ok,1,0,1,1,5,3,4,1,0,0,0
gen_00894,3,-7.31,ok,1,0,0,1,4,4,6,0,0,0,0
gen_00894,4,-7.259,ok,1,0,0,1,4,4,5,0,0,0,0
gen_00895,1,-7.935,ok,0,0,0,0,3,3,2,0,1,0,0
gen_00895,2,-7.915,ok,0,0,0,0,3,3,2,0,1,0,0
gen_00896,1,-8.246,ok,0,0,1,0,3,5,2,0,0,0,0
gen_00896,2,-8.216,ok,0,0,1,0,3,5,3,0,0,0,0
gen_00896,3,-7.397,ok,0,0,0,1,3,3,4,0,1,0,0
gen_00896,4,-7.387,ok,0,0,1,1,0,5,6,0,0,0,0
gen_00896,5,-7.377,ok,0,0,0,1,3,3,4,0,1,0,0
gen_00896,6,-7.257,ok,0,0,0,1,3,3,4,0,1,0,0
gen_00897,1,-7.756,ok,1,0,1,0,4,5,2,1,0,0,0
gen_00897,2,-7.751,ok,1,0,1,0,4,5,2,1,0,0,0
gen_00897,3,-7.462,ok,1,0,1,0,4,5,2,1,0,0,0
gen_00897,4,-7.454,ok,1,0,1,0,4,5,2,1,0,0,0
gen_00897,5,-7.266,ok,1,0,1,1,5,6,3,0,0,0,0
gen_00897,6,-7.14,ok,1,0,1,1,5,6,3,0,0,0,0
gen_00897,7,-6.873,ok,1,0,1,1,4,2,2,0,0,0,0
gen_00898,1,-8.433,ok,0,0,1,1,0,4,6,0,0,0,0
gen_00898,2,-8.382,ok,1,0,1,1,4,6,4,0,0,0,0
gen_00898,3,-8.288,ok,0,0,1,1,0,4,6,0,0,0,0
gen_00898,4,-8.134,ok,0,0,1,1,0,2,6,0,1,0,0
gen_00898,5,-8.116,ok,0,0,1,1,0,3,8,0,0,0,0
gen_00899,1,-8.044,ok,1,0,0,1,4,2,1,0,0,0,0
gen_00899,2,-8.019,ok,1,0,0,1,4,3,2,0,0,0,0
gen_00899,3,-8.01,ok,1,0,0,1,4,2,1,0,0,0,0
gen_00899,4,-7.953,ok,1,0,0,1,4,2,1,0,0,0,0
gen_00900,1,-7.953,ok,1,0,0,0,5,4,3,0,0,0,0
gen_00900,2,-7.939,ok,1,0,0,0,5,4,3,0,0,0,0
gen_00901,1,-7.42,ok,0,0,1,1,0,2,1,1,0,0,0
gen_00902,1,-7.94,ok,0,0,0,1,3,5,3,0,1,0,0
gen_00902,2,-7.893,ok,1,0,0,1,4,5,3,0,1,0,0
gen_00902,3,-7.837,ok,1,0,0,1,4,5,3,0,1,0,0
gen_00902,4,-7.824,ok,1,0,0,1,4,5,3,0,1,0,0
gen_00902,5,-7.814,ok,1,0,0,1,4,4,4,0,1,0,0
gen_00903,1,-25.959,ok,1,0,1,0,4,1,1,0,0,0,0
gen_00903,2,-21.913,ok,0,0,1,0,0,1,2,0,0,0,0
gen_00904,1,-7.932,ok,1,0,1,1,4,6,5,0,0,0,0
gen_00904,2,-7.92,ok,1,0,0,1,4,5,4,0,0,0,0
gen_00904,3,-7.905,ok,1,0,0,1,4,5,5,0,0,0,0
gen_00905,1,-7.782,ok,1,0,0,1,4,6,1,0,2,0,0
gen_00905,2,-7.772,ok,1,0,0,1,4,6,1,0,2,0,0
gen_00905,3,-7.77,ok,1,0,0,1,4,7,1,0,2,0,0
gen_00905,4,-7.767,ok,1,0,0,1,4,7,1,0,2,0,0
gen_00905,5,-7.611,ok,1,0,0,1,4,7,1,0,1,0,0
gen_00906,1,-6.271,ok,0,0,0,1,3,0,1,0,0,0,0
gen_00907,1,-6.696,ok,1,0,1,1,4,3,4,0,0,0,0
gen_00907,2,-6.673,ok,1,0,0,1,4,5,3,0,0,0,0
gen_00907,3,-6.67,ok,1,0,1,1,4,3,4,0,0,0,0
gen_00907,4,-6.653,ok,1,0,1,0,4,6,0,1,0,0,0
gen_00907,5,-6.652,ok,1,0,1,0,4,6,1,1,0,0,0
gen_00907,6,-6.616,ok,1,0,1,1,4,3,4,0,0,0,0
gen_00907,7,-6.546,ok,0,0,1,1,0,1,4,0,0,0,0
gen_00907,8,-6.506,ok,1,0,0,1,4,7,2,0,0,0,0
gen_00907,9,-6.468,ok,1,0,0,1,4,3,3,0,0,0,0
gen_00908,1,-7.87,ok,1,0,0,1,4,6,3,0,0,0,0
gen_00908,2,-7.731,ok,1,0,0,1,4,5,3,0,0,0,0
gen_00908,3,-7.681,ok,1,0,0,1,4,6,3,0,0,0,0
gen_00909,1,-7.146,ok,0,0,0,1,3,6,4,0,0,0,0
gen_00909,2,-7.094,ok,1,0,0,1,4,4,2,1,0,0,0
gen_00909,3,-7.078,ok,1,0,0,1,4,5,2,1,0,0,0
gen_00910,1,-7.814,ok,1,0,0,1,4,7,3,0,0,0,0
gen_00910,2,-7.805,ok,1,0,0,1,4,7,4,0,0,0,0
gen_00910,3,-7.8,ok,1,0,0,1,4,7,4,0,0,0,0
gen_00910,4,-7.794,ok,1,0,0,1,4,7,3,0,0,0,0
gen_00911,1,-7.707,ok,1,0,1,1,4,6,4,0,0,0,1
gen_00911,2,-7.702,ok,1,0,1,1,4,6,4,0,0,0,1
gen_00912,1,-7.216,ok,1,0,0,1,4,1,2,0,0,0,0
gen_00912,2,-7.209,ok,1,0,0,1,4,0,2,0,0,0,0
gen_00913,1,-6.879,ok,1,0,0,1,4,5,1,0,0,0,0
gen_00913,2,-6.826,ok,1,0,0,1,4,6,1,0,0,0,0
gen_00913,3,-6.819,ok,1,0,0,1,4,5,1,0,0,0,0
gen_00913,4,-6.798,ok,1,0,0,1,4,6,1,0,0,0,0
gen_00913,5,-6.742,ok,1,0,0,0,4,6,0,0,0,0,0
gen_00913,6,-6.703,ok,1,0,0,0,4,6,0,0,0,0,0
gen_00914,1,-7.349,ok,1,0,0,1,4,6,2,1,0,0,0
gen_00914,2,-7.328,ok,1,0,0,1,4,6,2,1,0,0,0
gen_00914,3,-7.319,ok,1,0,0,1,4,6,2,1,0,0,0
gen_00915,1,-7.164,ok,1,0,0,1,5,3,3,0,1,0,0
gen_00915,2,-7.163,ok,1,0,0,1,5,3,3,0,1,0,0
gen_00915,3,-7.093,ok,1,0,0,1,5,3,1,0,1,0,0
gen_00915,4,-7.041,ok,1,0,0,1,5,3,1,0,1,0,0
gen_00916,1,-8.149,ok,0,0,1,1,3,8,5,0,0,0,0
gen_00916,2,-8.041,ok,0,0,0,1,3,8,5,0,0,0,0
gen_00916,3,-8.035,ok,1,0,1,1,4,8,5,0,0,0,0
gen_00916,4,-8.015,ok,0,0,0,1,3,8,5,0,0,0,0
gen_00916,5,-7.99,ok,1,0,1,1,4,7,3,0,0,0,0
gen_00916,6,-7.986,ok,1,0,0,1,4,8,5,0,0,0,0
gen_00916,7,-7.948,ok,0,0,1,1,0,2,5,0,0,0,0
gen_00916,8,-7.944,ok,1,0,1,1,4,3,2,0,0,0,0
gen_00916,9,-7.898,ok,1,0,0,1,4,7,4,0,0,0,0
gen_00916,10,-7.868,ok,0,0,0,1,3,8,4,0,0,0,0
gen_00917,1,-7.304,ok,1,0,1,1,4,6,3,0,0,0,0
gen_00917,2,-7.295,ok,1,0,1,1,4,6,3,0,0,0,0
gen_00917,3,-7.282,ok,1,0,1,1,4,6,3,0,0,0,0
gen_00917,4,-7.207,ok,1,0,1,1,4,6,4,0,0,0,0
gen_00917,5,-7.202,ok,1,0,1,1,4,7,3,0,0,0,0
gen_00917,6,-7.195,ok,1,0,1,1,4,7,3,0,0,0,0
gen_00917,7,-7.02,ok,1,0,1,1,4,6,5,0,0,0,0
gen_00917,8,-7.009,ok,1,0,1,1,4,6,5,0,0,0,0
gen_00917,9,-7.008,ok,1,0,1,1,4,6,5,0,0,0,0
gen_00917,10,-7.006,ok,1,0,1,1,4,6,4,1,0,0,0
gen_00918,1,-6.939,ok,0,1,1,1,3,6,3,0,0,0,0
gen_00918,2,-6.78,ok,0,1,1,1,3,7,2,0,0,0,0
gen_00918,3,-6.706,ok,0,1,1,1,3,6,4,0,0,0,0
gen_00918,4,-6.686,ok,0,1,1,1,3,7,3,0,0,0,0
gen_00918,5,-6.646,ok,0,1,0,1,3,6,2,0,0,0,0
gen_00919,1,-7.621,ok,1,0,1,0,4,6,1,1,1,0,0
gen_00919,2,-7.605,ok,1,0,1,0,4,6,1,1,1,0,0
gen_00919,3,-7.574,ok,1,0,1,0,4,5,3,0,0,0,0
gen_00919,4,-7.532,ok,1,0,0,0,4,5,1,0,0,0,0
gen_00919,5,-7.521,ok,1,0,1,0,4,6,0,1,0,0,0
gen_00919,6,-7.516,ok,1,0,0,0,4,5,1,0,0,0,0
gen_00919,7,-7.495,ok,1,0,0,0,4,5,1,0,0,0,0
gen_00919,8,-7.457,ok,1,0,0,0,4,6,1,0,0,0,0
gen_00920,1,-7.095,ok,1,0,0,1,4,4,1,0,0,0,0
gen_00920,2,-7.093,ok,1,0,0,1,4,4,1,0,0,0,0
gen_00920,3,-7.076,ok,1,0,0,1,4,4,1,0,0,0,0
gen_00920,4,-7.051,ok,0,0,0,1,3,5,1,0,0,0,0
gen_00920,5,-6.975,ok,1,0,0,1,4,5,1,0,0,0,0
gen_00920,6,-6.849,ok,1,0,0,1,4,2,3,0,0,0,0
gen_00920,7,-6.782,ok,1,0,0,1,4,3,2,0,0,0,0
gen_00921,1,-7.615,ok,1,0,1,1,4,3,2,0,1,0,0
gen_00921,2,-7.595,ok,1,1,1,1,4,4,2,0,1,0,1
gen_00921,3,-7.586,ok,1,1,1,1,4,4,2,0,1,0,2
gen_00921,4,-7.579,ok,1,1,1,1,4,4,2,0,1,0,0
gen_00922,1,-7.535,ok,1,0,1,1,5,6,2,0,0,0,1
gen_00922,2,-7.519,ok,1,0,1,1,5,6,2,0,0,0,1
gen_00922,3,-7.519,ok,1,0,1,1,5,6,2,0,0,0,1
gen_00922,4,-7.032,ok,1,0,0,1,4,4,2,2,0,0,0
gen_00923,1,-8.033,ok,1,0,1,1,4,6,4,0,0,0,0
gen_00923,2,-7.95,ok,1,0,1,1,4,7,3,0,0,0,0
gen_00923,3,-7.947,ok,1,0,1,1,4,7,3,0,0,0,0
gen_00923,4,-7.736,ok,1,0,0,1,4,7,2,0,0,0,0
gen_00923,5,-7.675,ok,1,0,0,1,4,7,2,0,0,0,0
gen_00924,1,-7.304,ok,1,0,0,0,4,6,1,0,0,0,0
gen_00925,1,-6.422,ok,1,0,0,0,5,6,0,0,0,0,0
gen_00925,2,-6.412,ok,1,0,0,0,5,6,0,0,0,0,0
gen_00925,3,-6.172,ok,1,0,0,0,5,6,0,0,0,0,0
gen_00926,1,-7.004,ok,1,0,1,0,4,5,2,0,0,0,0
gen_00926,2,-6.951,ok,1,0,1,0,4,5,1,0,0,0,0
gen_00927,1,-6.877,ok,1,0,1,0,4,5,0,1,0,0,0
gen_00927,2,-6.781,ok,1,0,0,1,4,0,2,1,0,0,0
gen_00928,1,-7.901,ok,0,0,0,1,3,3,2,0,0,0,0
gen_00928,2,-7.87,ok,0,0,0,1,3,4,1,0,0,0,0
gen_00928,3,-7.852,ok,0,0,0,1,3,3,2,0,0,0,0
gen_00928,4,-7.838,ok,1,0,0,1,4,6,1,0,0,0,0
gen_00928,5,-7.801,ok,1,0,0,1,4,7,1,0,0,0,0
gen_00928,6,-7.762,ok,0,0,0,1,3,4,1,0,0,0,0
gen_00928,7,-7.596,ok,1,0,1,1,4,7,3,0,0,0,0
gen_00928,8,-7.579,ok,0,0,0,1,3,3,2,0,0,0,0
gen_00928,9,-7.564,ok,1,0,1,1,4,6,3,0,0,0,0
gen_00928,10,-7.548,ok,1,0,1,1,4,5,4,0,0,0,0
gen_00929,1,-7.828,ok,0,0,1,1,3,3,4,0,0,0,0
gen_00929,2,-7.827,ok,0,0,1,1,3,3,4,0,0,0,0
gen_00929,3,-7.821,ok,0,0,1,1,3,3,4,0,0,0,0
gen_00930,1,-7.882,ok,0,0,0,1,3,5,1,0,0,0,1
gen_00930,2,-7.841,ok,0,0,0,1,3,5,1,0,0,0,1
gen_00931,1,-7.78,ok,1,0,0,1,5,5,3,0,0,0,0
gen_00931,2,-7.567,ok,1,0,1,1,4,6,1,0,0,0,0
gen_00932,1,-7.487,ok,0,0,1,1,3,3,2,0,0,0,0
gen_00933,1,-7.661,ok,0,0,0,1,3,5,3,0,0,0,1
gen_00933,2,-7.622,ok,0,0,0,1,3,5,3,0,0,0,2
gen_00933,3,-7.567,ok,1,0,0,1,5,3,2,0,0,0,0
gen_00933,4,-7.547,ok,1,0,0,1,5,3,2,0,0,0,0
gen_00933,5,-7.534,ok,1,0,0,1,5,3,2,0,0,0,0
gen_00933,6,-7.506,ok,1,0,1,1,4,8,1,0,0,0,1
gen_00934,1,-7.048,ok,0,0,1,0,3,0,3,1,0,0,1
gen_00934,2,-7.047,ok,1,0,1,1,4,6,3,0,0,0,0
gen_00934,3,-7.041,ok,1,0,0,0,4,5,0,1,0,0,1
gen_00935,1,-7.894,ok,1,0,0,1,4,2,2,0,0,0,1
gen_00935,2,-7.863,ok,1,0,0,1,4,2,1,0,0,0,1
gen_00936,1,-8.897,ok,1,0,0,1,4,5,4,0,0,0,0
gen_00936,2,-8.858,ok,1,0,0,1,4,5,4,1,0,0,0
gen_00936,3,-8.823,ok,1,0,0,1,4,6,5,0,0,0,0
gen_00936,4,-8.814,ok,1,0,0,1,4,5,4,1,0,0,0
gen_00936,5,-8.759,ok,1,0,0,1,4,6,4,0,0,0,0
gen_00936,6,-8.744,ok,1,0,0,1,4,5,3,1,0,0,0
gen_00936,7,-8.708,ok,1,0,0,1,4,6,3,1,0,0,0
gen_00936,8,-8.704,ok,1,0,0,1,4,7,4,0,0,0,0
gen_00936,9,-8.699,ok,1,0,0,1,4,7,4,0,0,0,0
gen_00936,10,-8.689,ok,1,0,0,1,4,5,3,0,0,0,0
gen_00936,11,-8.686,ok,1,0,0,1,4,6,4,0,0,0,0
gen_00936,12,-8.685,ok,1,0,0,1,4,5,4,0,0,0,0
gen_00936,13,-8.624,ok,1,0,0,1,4,5,5,0,0,0,0
gen_00936,14,-8.543,ok,1,0,0,1,4,6,3,0,0,0,0
gen_00937,1,-8.213,ok,1,0,1,1,4,5,4,0,0,0,0
gen_00937,2,-8.187,ok,1,0,1,1,4,5,4,0,0,0,0
gen_00938,1,-7.401,ok,1,0,1,1,4,6,4,0,0,0,0
gen_00939,1,-8.398,ok,0,0,1,1,3,3,2,1,0,0,0
gen_00939,2,-8.396,ok,0,0,1,1,3,3,2,1,0,0,0
gen_00939,3,-8.39,ok,0,0,1,1,3,3,2,1,0,0,0
gen_00939,4,-8.383,ok,0,0,1,1,3,3,2,1,0,0,0
gen_00939,5,-8.382,ok,0,0,1,1,3,3,2,1,0,0,0
gen_00939,6,-8.375,ok,0,0,1,1,3,3,2,1,0,0,0
gen_00939,7,-8.363,ok,0,0,1,1,3,3,2,1,0,0,0
gen_00939,8,-8.361,ok,0,0,1,1,3,3,1,1,0,0,0
gen_00939,9,-8.351,ok,0,0,1,1,3,3,2,1,0,0,0
gen_00939,10,-8.346,ok,1,0,1,1,4,3,3,1,0,0,0
gen_00940,1,-7.522,ok,1,0,0,1,4,4,1,0,0,0,0
gen_00940,2,-7.438,ok,1,0,0,1,4,4,2,0,0,0,0
gen_00940,3,-7.381,ok,1,0,1,0,4,4,1,0,0,0,0
gen_00940,4,-7.369,ok,1,0,0,1,4,4,1,0,0,0,0
gen_00941,1,-8.278,ok,0,0,1,0,3,6,0,1,0,0,0
gen_00941,2,-8.263,ok,0,0,1,0,3,6,1,1,0,0,0
gen_00941,3,-8.254,ok,0,0,1,0,3,6,0,1,0,0,0
gen_00941,4,-8.045,ok,1,0,1,1,4,6,2,0,0,0,0
gen_00941,5,-8.044,ok,1,0,1,1,4,6,2,0,0,0,0
gen_00942,1,-8.107,ok,1,0,0,1,4,6,2,0,0,0,0
gen_00942,2,-8.09,ok,1,0,0,1,4,6,2,0,0,0,0
gen_00942,3,-8.085,ok,1,0,0,1,4,6,3,1,0,0,0
gen_00942,4,-8.051,ok,1,0,0,1,4,6,2,0,0,0,0
gen_00942,5,-8.049,ok,1,0,0,1,4,6,2,0,0,0,0
gen_00943,1,-7.567,ok,1,0,1,1,4,6,2,1,0,0,0
gen_00943,2,-7.566,ok,1,0,1,1,4,7,2,1,0,0,0
gen_00943,3,-7.482,ok,1,0,1,1,4,7,1,0,0,0,0
gen_00943,4,-7.253,ok,1,0,0,0,4,5,0,0,0,0,0
gen_00943,5,-7.191,ok,1,0,1,1,4,5,2,0,0,0,0
gen_00943,6,-7.184,ok,1,0,0,0,4,6,0,0,0,0,0
gen_00944,1,-6.714,ok,1,0,0,1,5,3,2,1,0,0,0
gen_00944,2,-6.68,ok,1,0,0,1,5,3,2,1,0,0,0
gen_00944,3,-6.624,ok,1,0,0,1,5,3,2,1,0,0,0
gen_00945,1,-7.482,ok,1,0,1,1,4,7,1,0,1,0,0
gen_00946,1,-7.627,ok,1,0,0,1,4,5,4,0,0,0,0
gen_00946,2,-7.593,ok,1,0,0,1,4,6,4,0,0,0,0
gen_00946,3,-7.552,ok,1,0,0,1,4,7,4,0,0,0,0
gen_00946,4,-7.23,ok,0,0,0,1,3,3,4,0,1,0,0
gen_00947,1,-7.408,ok,0,0,1,0,3,5,1,0,0,0,0
gen_00947,2,-7.35,ok,1,0,0,1,4,4,1,1,0,0,0
gen_00947,3,-7.281,ok,1,0,0,1,4,4,1,1,0,0,0
gen_00948,1,-7.424,ok,1,0,0,1,4,6,2,0,1,0,0
gen_00948,2,-7.418,ok,1,0,0,1,4,6,2,0,1,0,0
gen_00949,1,-7.19,ok,1,0,0,1,4,3,2,0,0,0,0
gen_00949,2,-7.186,ok,1,0,0,1,4,3,2,0,0,0,0
gen_00949,3,-7.179,ok,1,0,0,1,4,3,2,0,0,0,0
gen_00949,4,-7.168,ok,1,0,0,1,4,3,1,0,0,0,0
gen_00950,1,-54.444,ok,0,0,1,0,0,1,1,0,0,0,0
gen_00950,2,-50.181,ok,0,0,0,1,0,1,3,0,0,0,0
gen_00950,3,-50.096,ok,0,0,0,1,0,0,1,0,0,0,0
gen_00950,4,-44.804,ok,0,0,0,1,0,0,6,0,1,0,0
gen_00951,1,-7.462,ok,1,0,0,1,4,9,1,0,0,0,0
gen_00951,2,-7.425,ok,1,0,0,1,4,8,1,0,0,0,0
gen_00952,1,-7.409,ok,1,0,0,1,4,5,1,0,0,0,0
gen_00952,2,-7.408,ok,1,0,0,1,4,5,1,0,0,0,0
gen_00952,3,-7.404,ok,1,0,0,1,4,5,2,0,0,0,0
gen_00953,1,-7.912,ok,1,0,1,1,4,7,4,0,0,0,0
gen_00953,2,-7.911,ok,1,0,1,1,4,7,4,0,0,0,0
gen_00953,3,-7.882,ok,1,0,1,1,4,7,4,0,0,0,0
gen_00953,4,-7.875,ok,1,0,1,1,4,7,4,0,0,0,0
gen_00954,1,-7.77,ok,1,0,1,0,4,4,1,1,0,0,0
gen_00954,2,-7.745,ok,1,0,1,0,4,4,1,1,0,0,0
gen_00954,3,-7.72,ok,1,0,1,0,4,6,3,0,0,0,0
gen_00954,4,-7.688,ok,1,0,1,0,4,5,1,1,0,0,0
gen_00954,5,-7.687,ok,1,0,1,0,4,5,3,0,0,0,0
gen_00954,6,-7.67,ok,1,0,1,1,4,5,2,1,0,0,0
gen_00955,1,-8.023,ok,1,0,1,0,4,5,1,1,0,0,1
gen_00955,2,-8.022,ok,1,0,1,0,4,5,1,1,0,0,2
gen_00955,3,-8.012,ok,1,0,1,0,4,5,1,1,0,0,2
gen_00955,4,-7.98,ok,1,0,1,0,4,5,1,1,0,0,1
gen_00955,5,-7.952,ok,1,0,1,0,4,5,1,1,0,0,2
gen_00955,6,-7.918,ok,1,0,1,0,4,5,1,1,0,0,1
gen_00955,7,-7.913,ok,1,0,1,0,4,5,1,1,0,0,1
gen_00955,8,-7.904,ok,1,0,1,0,4,5,1,1,0,0,2
gen_00955,9,-7.896,ok,1,0,1,0,4,5,1,1,0,0,2
gen_00955,10,-7.891,ok,1,0,1,0,4,5,1,1,0,0,1
gen_00955,11,-7.879,ok,1,0,1,0,4,5,1,1,0,0,1
gen_00955,12,-7.837,ok,1,0,0,1,5,3,4,0,0,0,0
gen_00955,13,-7.822,ok,1,0,0,1,5,3,4,0,0,0,0
gen_00955,14,-7.783,ok,1,0,0,1,5,3,4,0,0,0,0
gen_00956,1,-7.09,ok,1,0,1,1,4,6,3,0,0,0,1
gen_00956,2,-7.043,ok,1,0,0,1,4,5,2,0,0,0,1
gen_00956,3,-7.001,ok,1,0,1,1,4,6,5,0,0,0,1
gen_00956,4,-6.98,ok,1,0,0,1,4,6,2,0,0,0,0
gen_00956,5,-6.921,ok,1,0,1,1,4,5,2,1,0,0,1
gen_00956,6,-6.91,ok,1,0,1,1,4,6,2,1,0,0,1
gen_00956,7,-6.809,ok,1,0,1,1,4,6,5,0,0,0,1
gen_00957,1,-7.388,ok,0,0,0,1,3,6,1,0,0,0,1
gen_00957,2,-7.378,ok,0,0,0,1,3,6,1,0,0,0,1
gen_00957,3,-7.369,ok,0,0,0,1,3,6,1,0,0,0,1
gen_00957,4,-7.301,ok,0,0,0,1,3,6,1,0,0,0,0
gen_00958,1,-8.545,ok,1,0,0,1,4,5,4,0,0,0,0
gen_00958,2,-8.542,ok,1,0,0,1,4,5,4,0,0,0,0
gen_00958,3,-8.517,ok,1,0,0,1,4,5,4,0,0,0,0
gen_00958,4,-8.512,ok,1,0,0,1,4,6,4,0,0,0,0
gen_00958,5,-8.506,ok,1,0,0,1,4,6,4,0,0,0,0
gen_00958,6,-8.481,ok,1,0,0,1,4,5,4,0,0,0,0
gen_00958,7,-8.388,ok,1,0,0,1,4,5,4,0,0,0,0
gen_00958,8,-8.343,ok,1,0,0,1,4,5,3,0,0,0,0
gen_00958,9,-8.32,ok,1,0,0,1,4,5,3,0,0,0,0
gen_00958,10,-8.309,ok,1,0,0,1,4,4,3,0,0,0,0
gen_00958,11,-8.298,ok,1,0,0,1,4,4,3,0,0,0,0
gen_00959,1,-8.087,ok,1,0,1,0,4,4,4,1,0,0,0
gen_00959,2,-8.011,ok,1,0,1,0,4,6,4,1,0,0,0
gen_00959,3,-7.943,ok,1,0,1,0,4,4,3,1,0,0,0
gen_00959,4,-7.928,ok,1,0,1,0,4,4,3,1,0,0,0
gen_00959,5,-7.885,ok,1,0,1,0,4,5,3,1,0,0,0
gen_00960,1,-7.83,ok,0,0,0,1,3,4,2,0,0,0,1
gen_00960,2,-7.827,ok,0,0,0,1,3,4,2,0,0,0,1
gen_00960,3,-7.825,ok,0,0,0,1,3,4,2,0,0,0,1
gen_00960,4,-7.825,ok,0,0,0,1,3,3,2,0,0,0,1
gen_00961,1,-6.88,ok,1,0,1,1,4,6,2,0,0,0,0
gen_00962,1,-7.551,ok,1,0,0,1,4,5,2,0,0,0,0
gen_00963,1,-6.819,ok,1,0,1,1,4,2,1,0,0,0,0
gen_00963,2,-6.818,ok,1,0,1,1,4,2,1,0,0,0,0
gen_00963,3,-6.818,ok,1,0,1,0,4,1,0,0,0,0,0
gen_00963,4,-6.807,ok,1,0,1,1,4,2,1,0,0,0,0
gen_00963,5,-6.806,ok,1,0,1,0,4,1,0,0,0,0,0
gen_00963,6,-6.8,ok,1,0,1,1,4,2,1,0,0,0,0
gen_00964,1,-7.4,ok,1,0,1,0,4,6,2,0,0,0,1
gen_00964,2,-7.374,ok,1,0,1,0,4,6,2,0,0,0,1
gen_00965,1,-8.332,ok,1,0,0,1,4,5,4,0,0,0,0
gen_00965,2,-8.301,ok,1,0,0,1,4,4,4,0,0,0,0
gen_00965,3,-8.252,ok,1,0,0,1,5,4,4,0,0,0,0
gen_00965,4,-8.223,ok,1,0,0,1,4,4,3,0,0,0,0
gen_00966,1,-7.777,ok,0,0,1,1,3,5,4,0,0,0,0
gen_00966,2,-7.755,ok,0,0,1,1,0,4,3,0,0,0,0
gen_00967,1,-8.036,ok,0,0,1,1,3,6,4,1,0,0,0
gen_00967,2,-7.874,ok,1,0,1,1,4,3,3,1,0,0,0
gen_00967,3,-7.86,ok,0,0,1,1,3,3,3,1,0,0,0
gen_00967,4,-7.818,ok,0,0,1,1,3,5,3,1,1,0,0
gen_00967,5,-7.791,ok,0,0,1,1,3,4,2,1,0,0,0
gen_00967,6,-7.765,ok,0,0,1,1,3,5,3,1,1,0,0
gen_00967,7,-7.61,ok,0,0,0,1,3,1,1,0,1,0,0
gen_00967,8,-7.599,ok,0,0,1,1,3,1,3,0,0,0,0
gen_00968,1,-7.307,ok,1,1,0,1,4,7,2,0,0,0,0
gen_00968,2,-7.289,ok,1,1,0,1,4,7,1,0,0,0,0
gen_00968,3,-7.232,ok,1,1,0,1,4,8,1,0,0,0,0
gen_00968,4,-7.212,ok,1,0,0,1,4,8,1,0,0,0,0
gen_00968,5,-7.197,ok,1,1,0,1,4,8,1,0,0,0,0
gen_00969,1,-7.955,ok,1,0,1,1,4,7,4,0,0,0,0
gen_00969,2,-7.862,ok,1,0,0,1,4,6,1,0,0,0,0
gen_00969,3,-7.837,ok,1,0,1,1,4,6,5,0,0,0,0
gen_00969,4,-7.795,ok,1,0,0,1,4,5,1,0,0,0,0
gen_00969,5,-7.772,ok,1,0,1,1,5,5,3,0,0,0,0
gen_00969,6,-7.731,ok,1,0,0,1,4,6,3,0,0,0,0
gen_00969,7,-7.723,ok,1,0,0,1,4,6,2,0,0,0,0
gen_00969,8,-7.706,ok,1,0,1,1,4,6,5,0,0,0,0
gen_00969,9,-7.679,ok,1,0,0,1,4,5,2,0,0,0,0
gen_00970,1,-7.835,ok,1,0,0,1,4,5,4,1,0,0,0
gen_00971,1,-8.114,ok,1,0,0,1,4,5,3,0,0,0,0
gen_00972,1,-7.476,ok,0,0,0,1,3,4,1,0,1,0,0
gen_00972,2,-7.466,ok,0,0,0,1,3,4,1,0,1,0,0
gen_00972,3,-7.212,ok,1,0,0,1,4,1,2,0,0,0,0
gen_00972,4,-7.196,ok,1,0,0,1,4,1,2,0,0,0,0
gen_00973,1,-7.956,ok,1,0,1,1,4,6,3,0,1,0,0
gen_00973,2,-7.93,ok,1,0,1,1,4,5,2,0,1,0,0
gen_00974,1,-7.04,ok,1,0,0,1,4,5,3,1,1,0,0
gen_00974,2,-7.016,ok,1,0,0,1,4,5,3,1,1,0,0
gen_00974,3,-6.98,ok,0,0,0,1,3,5,3,1,1,0,0
gen_00974,4,-6.922,ok,0,0,1,1,0,3,2,0,0,0,0
gen_00974,5,-6.908,ok,0,0,1,1,0,3,2,0,1,0,0
gen_00974,6,-6.897,ok,1,0,0,1,4,5,4,2,1,0,0
gen_00974,7,-6.892,ok,0,0,1,1,0,2,3,0,0,0,0
gen_00975,1,-8.096,ok,1,0,0,0,4,6,1,1,0,0,0
gen_00975,2,-8.036,ok,1,0,0,0,4,6,1,1,0,0,0
gen_00975,3,-8.027,ok,1,0,0,0,4,6,1,1,0,0,0
gen_00975,4,-8.014,ok,0,0,0,0,3,8,1,1,0,0,0
gen_00975,5,-7.95,ok,1,0,0,0,4,7,0,1,0,0,0
gen_00975,6,-7.95,ok,1,0,0,0,4,6,1,1,0,0,0
gen_00976,1,-7.604,ok,0,0,1,1,3,5,3,0,0,0,0
gen_00976,2,-7.603,ok,0,0,1,1,3,5,3,0,0,0,1
gen_00976,3,-7.56,ok,0,0,1,1,3,5,3,0,0,0,1
gen_00977,1,-7.906,ok,1,0,0,1,4,6,5,1,0,0,0
gen_00977,2,-7.883,ok,1,0,0,1,4,6,5,1,0,0,0
gen_00977,3,-7.781,ok,1,0,1,1,4,8,6,0,0,0,0
gen_00977,4,-7.754,ok,1,0,0,1,4,7,4,0,0,0,0
gen_00977,5,-7.506,ok,1,0,0,1,4,9,6,0,0,0,0
gen_00977,6,-7.476,ok,1,0,0,1,4,7,6,0,0,0,0
gen_00977,7,-7.373,ok,0,0,0,1,0,4,4,0,0,0,0
gen_00977,8,-7.372,ok,0,0,0,1,0,4,4,0,0,0,0
gen_00977,9,-7.302,ok,0,0,0,1,0,3,4,0,0,0,0
gen_00977,10,-7.275,ok,0,0,0,1,0,4,4,0,0,0,0
gen_00978,1,-7.486,ok,0,0,0,1,0,4,5,0,0,0,0
gen_00978,2,-7.402,ok,0,0,0,1,0,3,2,1,0,0,0
gen_00978,3,-7.261,ok,1,0,0,1,4,6,4,0,0,0,0
gen_00978,4,-7.249,ok,1,0,0,1,4,6,4,0,0,0,0
gen_00978,5,-7.167,ok,1,0,0,1,4,6,4,0,0,0,0
gen_00979,1,-8.377,ok,1,0,0,1,5,6,4,0,0,0,0
gen_00979,2,-8.256,ok,1,0,1,1,4,7,5,0,0,0,0
gen_00979,3,-8.037,ok,1,0,1,0,4,7,2,1,0,0,0
gen_00980,1,-6.669,ok,1,0,1,1,4,7,2,0,0,0,0
gen_00980,2,-6.559,ok,1,0,1,1,4,8,3,0,0,0,0
gen_00980,3,-6.489,ok,1,0,0,1,5,4,3,0,1,0,0
gen_00980,4,-6.464,ok,1,0,1,1,5,5,2,0,0,0,0
gen_00980,5,-6.425,ok,1,0,1,1,4,8,2,0,0,0,0
gen_00980,6,-6.351,ok,1,0,0,1,4,1,2,0,0,0,0
gen_00980,7,-6.35,ok,1,0,0,1,4,1,2,0,0,0,0
gen_00980,8,-6.346,ok,1,0,0,1,4,1,2,0,0,0,0
gen_00980,9,-6.314,ok,1,0,0,1,4,2,2,0,0,0,0
gen_00980,10,-6.291,ok,1,0,0,1,4,3,2,0,1,0,0
gen_00980,11,-6.142,ok,1,0,0,1,4,3,3,0,1,0,0
gen_00980,12,-6.082,ok,1,0,0,1,4,5,3,0,1,0,0
gen_00980,13,-6.055,ok,1,0,0,1,4,2,2,0,1,0,0
gen_00980,14,-5.962,ok,1,0,0,1,4,3,2,0,1,0,0
gen_00981,1,8.354,ok,0,0,1,1,0,0,8,0,0,0,0
gen_00982,1,-7.012,ok,1,0,0,1,5,4,2,0,0,0,0
gen_00982,2,-7.004,ok,1,0,1,1,5,5,1,0,0,0,0
gen_00983,1,-7.89,ok,0,0,0,1,3,3,3,0,0,0,0
gen_00983,2,-7.876,ok,0,0,0,0,3,3,2,0,0,0,0
gen_00983,3,-7.872,ok,0,0,0,1,3,3,3,0,0,0,0
gen_00984,1,-7.755,ok,0,0,0,1,3,5,2,0,0,0,0
gen_00985,1,-7.999,ok,1,0,0,0,4,6,1,0,0,0,0
gen_00985,2,-7.894,ok,1,0,0,0,4,5,1,0,0,0,0
gen_00985,3,-7.863,ok,1,0,0,0,4,5,0,1,0,0,0
gen_00985,4,-7.858,ok,1,0,0,0,4,6,0,1,0,0,0
gen_00985,5,-7.843,ok,1,0,0,0,4,5,2,0,0,0,0
gen_00986,1,-7.103,ok,1,0,0,1,4,5,2,2,0,0,0
gen_00987,1,-7.555,ok,1,0,1,1,4,6,4,0,0,0,1
gen_00987,2,-7.525,ok,1,0,1,1,4,6,4,0,0,0,1
gen_00988,1,-7.885,ok,0,0,1,1,0,2,4,1,0,0,2
gen_00988,2,-7.878,ok,0,0,1,1,0,2,4,1,0,0,2
gen_00988,3,-7.874,ok,0,0,1,1,0,2,4,1,0,0,2
gen_00988,4,-7.802,ok,0,0,1,1,0,2,4,1,0,0,2
gen_00988,5,-7.611,ok,1,0,1,1,4,1,1,0,0,0,0
gen_00989,1,-7.881,ok,1,0,1,1,4,1,3,0,0,0,0
gen_00989,2,-7.801,ok,1,0,1,1,4,1,3,0,0,0,0
gen_00989,3,-7.738,ok,1,0,0,1,4,5,2,0,0,0,0
gen_00989,4,-7.71,ok,1,0,0,1,4,5,2,0,0,0,0
gen_00990,1,-7.754,ok,1,0,1,1,4,7,5,0,0,0,0
gen_00990,2,-7.739,ok,1,0,1,1,4,6,4,0,0,0,0
gen_00991,1,-7.783,ok,1,0,1,1,5,3,2,0,0,0,1
gen_00992,1,-8.723,ok,1,0,0,1,4,5,2,1,0,0,1
gen_00993,1,-7.933,ok,1,0,1,1,4,4,2,2,0,0,0
gen_00993,2,-7.913,ok,1,0,1,1,4,5,2,2,0,0,0
gen_00993,3,-7.866,ok,1,0,1,1,4,6,3,0,0,0,0
gen_00994,1,-8.053,ok,1,0,1,1,4,5,1,1,0,0,0
gen_00994,2,-8.026,ok,1,0,1,1,4,5,1,1,0,0,0
gen_00995,1,-7.778,ok,1,0,0,1,4,5,3,0,0,0,0
gen_00995,2,-7.776,ok,1,0,0,1,4,5,3,0,0,0,0
gen_00996,1,-8.111,ok,1,0,0,1,4,7,3,0,0,0,0
gen_00996,2,-8.016,ok,1,0,1,1,4,7,3,0,0,0,0
gen_00996,3,-7.943,ok,1,0,1,1,4,6,4,0,0,0,0
gen_00997,1,-7.192,ok,1,0,0,1,4,6,1,0,0,0,0
gen_00997,2,-7.156,ok,1,0,0,1,4,6,1,0,0,0,0
gen_00997,3,-7.152,ok,1,0,0,1,4,6,1,0,0,0,0
gen_00998,1,-7.469,ok,1,0,1,0,4,6,2,0,0,0,0
gen_00998,2,-7.458,ok,1,0,1,0,4,6,2,0,0,0,0
gen_00998,3,-7.45,ok,1,0,1,0,4,6,2,0,0,0,0
gen_00998,4,-7.439,ok,1,0,1,0,4,6,2,0,0,0,0
gen_00998,5,-7.408,ok,1,0,1,0,4,6,2,0,0,0,0
gen_00999,1,-7.986,ok,1,0,1,1,4,5,4,0,0,0,0
gen_01000,1,-6.618,ok,0,0,1,1,3,4,2,0,0,0,0
gen_01000,2,-6.612,ok,0,0,1,1,3,4,2,0,0,0,0
gen_01000,3,-6.604,ok,0,0,1,1,3,4,2,0,0,0,0
gen_01000,4,-6.603,ok,0,0,1,1,3,4,2,0,0,0,0
gen_01001,1,-8.325,ok,0,0,1,1,3,5,6,0,0,0,0
gen_01001,2,-8.297,ok,0,0,1,1,3,5,5,0,0,0,0
gen_01001,3,-8.14,ok,0,0,1,1,3,6,6,0,0,0,0
gen_01002,1,-8.744,ok,1,0,1,1,4,4,6,0,0,0,0
gen_01002,2,-8.687,ok,1,0,1,1,4,3,6,0,0,0,0
gen_01002,3,-8.579,ok,0,0,1,1,3,4,6,0,0,0,0
gen_01002,4,-8.463,ok,1,0,1,1,4,4,6,0,0,0,0
gen_01002,5,-8.456,ok,1,0,0,0,4,7,4,0,0,0,0
gen_01002,6,-8.403,ok,1,0,0,0,4,7,6,0,0,0,0
gen_01002,7,-8.313,ok,1,1,0,1,4,7,3,0,0,0,0
gen_01002,8,-8.296,ok,1,0,0,1,4,7,5,0,0,0,0
gen_01002,9,-8.278,ok,1,0,0,1,4,6,4,0,0,0,0
gen_01002,10,-8.206,ok,1,0,0,1,4,6,4,0,0,0,0
gen_01002,11,-8.094,ok,1,1,0,1,4,8,6,0,0,0,0
gen_01002,12,-7.994,ok,0,0,1,1,0,5,3,0,0,0,0
gen_01003,1,-7.374,ok,1,0,0,0,4,5,0,0,0,0,0
gen_01004,1,-7.65,ok,1,0,0,1,4,5,4,0,0,0,0
gen_01004,2,-7.649,ok,1,0,0,1,5,6,4,0,0,0,0
gen_01004,3,-7.62,ok,1,0,0,1,5,6,4,0,0,0,0
gen_01004,4,-7.607,ok,1,0,0,1,5,6,3,0,0,0,0
gen_01004,5,-7.593,ok,1,0,0,1,5,6,4,0,0,0,0
gen_01004,6,-7.563,ok,1,0,0,1,5,6,4,0,0,0,0
gen_01004,7,-7.523,ok,1,0,0,1,5,7,3,0,0,0,0
gen_01005,1,-7.257,ok,1,0,0,1,4,5,2,2,0,0,0
gen_01005,2,-7.245,ok,1,0,0,1,4,5,2,2,0,0,0
gen_01006,1,-7.733,ok,1,0,0,1,4,5,2,0,0,0,0
gen_01006,2,-7.727,ok,1,0,0,0,4,5,1,0,0,0,0
gen_01006,3,-7.68,ok,1,0,0,1,4,5,2,0,0,0,0
gen_01006,4,-7.67,ok,1,0,0,1,4,6,2,0,0,0,0
gen_01006,5,-7.658,ok,1,0,0,0,4,5,1,0,0,0,1
gen_01006,6,-7.636,ok,1,0,0,1,4,6,2,0,0,0,0
gen_01006,7,-7.617,ok,0,0,0,1,3,5,2,0,0,0,1
gen_01006,8,-7.607,ok,1,0,1,1,4,5,2,0,0,0,0
gen_01006,9,-7.594,ok,1,0,0,0,4,5,2,0,0,0,0
gen_01006,10,-7.587,ok,1,0,1,1,4,4,2,0,0,0,0
gen_01006,11,-7.581,ok,1,0,1,1,4,4,2,0,0,0,0
gen_01006,12,-7.547,ok,1,0,1,1,4,4,2,0,0,0,0
gen_01006,13,-7.527,ok,1,1,1,1,4,5,2,0,0,0,0
gen_01007,1,-7.486,ok,1,0,0,1,4,7,2,0,0,0,0
gen_01007,2,-7.448,ok,0,0,0,1,3,7,2,0,0,0,0
gen_01007,3,-7.423,ok,0,0,0,1,3,7,1,0,0,0,0
gen_01007,4,-7.42,ok,1,0,0,1,4,6,2,0,0,0,0
gen_01008,1,-7.933,ok,1,0,0,1,4,4,3,0,0,0,0
gen_01009,1,-6.968,ok,0,0,1,1,0,2,3,0,0,0,0
gen_01009,2,-6.955,ok,0,0,0,1,0,3,3,0,0,0,0
gen_01009,3,-6.947,ok,0,0,0,1,0,3,3,0,0,0,0
gen_01009,4,-6.881,ok,0,0,0,1,0,3,2,0,0,0,0
gen_01009,5,-6.859,ok,1,0,0,0,4,5,0,0,0,0,0
gen_01009,6,-6.855,ok,1,0,0,0,4,5,0,0,0,0,0
gen_01009,7,-6.843,ok,0,0,1,1,0,2,3,0,0,0,0
gen_01009,8,-6.797,ok,0,0,0,1,0,2,2,0,0,0,0
gen_01009,9,-6.786,ok,0,0,0,1,0,3,2,0,0,0,0
gen_01010,1,-7.29,ok,1,0,0,1,4,6,4,1,0,0,0
gen_01010,2,-7.277,ok,1,0,1,0,4,6,3,0,0,0,0
gen_01010,3,-7.264,ok,1,0,1,1,4,5,4,0,0,0,0
gen_01011,1,-7.234,ok,1,0,1,1,4,5,3,0,0,0,0
gen_01011,2,-7.207,ok,1,0,1,1,4,6,3,0,0,0,0
gen_01012,1,-7.742,ok,1,0,0,1,4,5,2,0,0,0,0
gen_01012,2,-7.722,ok,1,0,0,1,4,6,3,0,0,0,0
gen_01013,1,-7.473,ok,1,0,0,1,4,6,2,0,0,0,0
gen_01013,2,-7.467,ok,1,0,0,1,4,6,2,0,0,0,0
gen_01014,1,-8.467,ok,1,0,0,1,4,4,5,0,0,0,0
gen_01014,2,-8.458,ok,1,0,0,1,4,4,5,0,0,0,0
gen_01014,3,-8.451,ok,1,0,0,1,4,4,5,0,0,0,0
gen_01014,4,-8.448,ok,1,0,0,1,4,4,5,0,0,0,0
gen_01014,5,-8.422,ok,1,0,0,1,4,4,5,0,0,0,0
gen_01014,6,-8.418,ok,1,0,0,1,4,4,5,0,0,0,0
gen_01015,1,-8.152,ok,1,0,0,1,4,5,4,0,0,0,0
gen_01015,2,-8.035,ok,0,0,0,1,3,1,3,0,0,0,0
gen_01015,3,-8.007,ok,0,0,0,1,3,2,3,0,0,0,0
gen_01015,4,-7.99,ok,1,0,0,1,4,5,5,0,0,0,0
gen_01015,5,-7.965,ok,1,0,0,1,4,5,4,0,0,0,0
gen_01015,6,-7.964,ok,0,0,0,1,3,0,2,0,0,0,0
gen_01015,7,-7.962,ok,0,0,0,1,3,1,3,0,0,0,0
gen_01015,8,-7.953,ok,0,0,0,1,3,6,1,0,0,0,0
gen_01015,9,-7.939,ok,1,0,0,1,4,4,5,0,0,0,0
gen_01015,10,-7.915,ok,1,0,0,1,4,2,5,0,1,0,0
gen_01015,11,-7.858,ok,0,0,0,1,3,1,2,0,0,0,0
gen_01015,12,-7.746,ok,1,0,0,1,4,2,3,0,0,0,0
gen_01016,1,-6.724,ok,1,0,1,1,4,7,1,0,0,0,0
gen_01016,2,-6.662,ok,1,0,1,1,4,7,3,0,0,0,0
gen_01016,3,-6.567,ok,1,0,0,0,4,6,1,0,0,0,0
gen_01017,1,-8.446,ok,1,0,0,1,4,6,3,1,0,0,0
gen_01018,1,-100.582,ok,0,0,0,0,0,0,1,0,0,0,0
gen_01019,1,-81.483,ok,0,0,1,1,0,0,3,1,0,0,0
gen_01020,1,-8.122,ok,0,0,1,1,3,5,4,0,0,0,1
gen_01020,2,-8.117,ok,0,0,1,1,3,5,4,0,0,0,1
gen_01020,3,-8.11,ok,0,0,1,1,3,5,4,0,0,0,1
gen_01021,1,-7.506,ok,1,0,0,1,4,3,4,0,0,0,0
gen_01021,2,-7.453,ok,1,0,0,1,5,3,3,0,0,0,0
gen_01021,3,-7.431,ok,1,0,0,1,5,3,4,0,0,0,0
gen_01022,1,-8.282,ok,1,0,0,1,4,5,2,0,0,0,0
gen_01022,2,-8.277,ok,1,0,0,1,4,5,2,0,0,0,0
gen_01023,1,-7.012,ok,1,0,0,1,5,4,2,0,0,0,0
gen_01023,2,-6.948,ok,0,0,0,1,3,4,5,0,0,0,0
gen_01023,3,-6.922,ok,0,0,0,1,3,4,3,0,0,0,0
gen_01023,4,-6.912,ok,1,0,0,1,5,4,3,0,0,0,0
gen_01023,5,-6.908,ok,0,0,0,1,3,4,3,0,0,0,0
gen_01023,6,-6.872,ok,0,0,0,1,3,4,3,0,0,0,0
gen_01023,7,-6.845,ok,0,0,0,1,3,4,3,0,0,0,0
gen_01024,1,-7.162,ok,1,0,1,0,5,1,4,1,0,0,0
gen_01024,2,-7.143,ok,1,0,1,0,5,1,5,0,0,0,0
gen_01024,3,-7.093,ok,1,0,1,0,4,2,4,1,0,0,0
gen_01024,4,-7.078,ok,1,0,1,0,5,2,4,1,0,0,0
gen_01024,5,-7.056,ok,1,0,1,0,4,1,4,1,0,0,0
gen_01024,6,-6.972,ok,1,0,1,1,4,6,5,1,0,0,0
gen_01024,7,-6.967,ok,1,0,1,0,4,1,3,1,0,0,0
gen_01025,1,-7.692,ok,0,0,1,1,0,2,5,0,0,0,1
gen_01025,2,-7.666,ok,0,0,0,0,3,5,0,0,0,0,1
gen_01025,3,-7.579,ok,0,0,0,1,3,6,1,0,0,0,1
gen_01025,4,-7.578,ok,0,0,1,1,0,2,7,0,0,0,1
gen_01026,1,-9.359,ok,1,0,0,1,4,5,5,0,0,0,0
gen_01026,2,-9.354,ok,1,0,0,1,4,6,5,0,0,0,0
gen_01026,3,-9.298,ok,1,0,0,1,4,6,5,0,0,0,0
gen_01027,1,-7.738,ok,1,0,0,1,4,5,2,0,0,0,0
gen_01027,2,-7.732,ok,1,0,0,1,4,6,4,0,0,0,0
gen_01028,1,-7.013,ok,1,0,1,1,4,5,4,0,0,0,0
gen_01028,2,-6.788,ok,1,0,0,0,5,6,1,0,0,0,0
gen_01029,1,-8.139,ok,1,1,0,1,4,5,4,0,0,0,0
gen_01029,2,-8.135,ok,1,0,0,0,4,7,1,0,0,0,0
gen_01029,3,-8.117,ok,1,1,0,1,4,5,5,0,0,0,0
gen_01029,4,-8.044,ok,1,1,0,1,4,6,5,0,0,0,0
gen_01029,5,-8.036,ok,1,0,0,0,4,7,1,0,0,0,0
gen_01030,1,-7.76,ok,0,0,0,1,0,1,2,0,0,0,1
gen_01030,2,-7.759,ok,0,0,0,1,0,1,1,0,0,0,1
gen_01030,3,-7.743,ok,0,0,0,1,0,1,1,0,0,0,1
gen_01030,4,-7.741,ok,0,0,0,1,0,1,2,0,0,0,1
gen_01030,5,-7.653,ok,0,0,0,1,0,1,2,0,0,0,1
gen_01030,6,-7.495,ok,1,0,1,1,4,6,3,0,0,0,2
gen_01031,1,-7.901,ok,1,0,0,1,5,4,6,1,0,0,0
gen_01031,2,-7.866,ok,1,0,0,1,5,4,6,1,0,0,0
gen_01031,3,-7.746,ok,1,0,0,1,4,7,3,0,0,0,0
gen_01031,4,-7.733,ok,1,0,0,1,4,5,3,1,0,0,0
gen_01031,5,-7.722,ok,1,0,0,1,4,5,4,0,0,0,0
gen_01031,6,-7.721,ok,1,0,0,1,4,5,3,0,0,0,0
gen_01031,7,-7.658,ok,1,0,0,1,4,6,5,1,0,0,0
gen_01031,8,-7.648,ok,1,0,0,1,5,3,6,1,0,0,0
gen_01031,9,-7.64,ok,1,0,0,1,4,5,3,0,0,0,0
gen_01031,10,-7.63,ok,1,0,0,1,4,6,3,0,0,0,0
gen_01031,11,-7.578,ok,1,0,0,1,4,6,3,1,0,0,0
gen_01032,1,-8.225,ok,1,0,0,1,4,6,2,0,0,0,2
gen_01032,2,-7.987,ok,1,0,0,0,4,7,0,0,0,0,2
gen_01032,3,-7.972,ok,1,0,0,1,4,5,2,0,0,0,1
gen_01032,4,-7.867,ok,1,0,0,1,4,6,3,0,0,0,2
gen_01032,5,-7.855,ok,1,0,1,1,4,5,2,0,0,0,0
gen_01032,6,-7.776,ok,0,0,1,0,0,3,1,0,0,0,0
gen_01032,7,-7.701,ok,0,0,1,0,0,3,2,0,0,0,0
gen_01032,8,-7.698,ok,0,0,1,0,0,3,2,0,0,0,1
gen_01032,9,-7.678,ok,0,0,1,0,0,3,2,0,0,0,0
gen_01033,1,-7.674,ok,1,0,1,1,5,4,2,1,0,0,0
gen_01033,2,-7.641,ok,1,0,1,0,5,4,1,1,0,0,0
gen_01033,3,-7.586,ok,1,0,1,0,5,4,1,1,0,0,0
gen_01033,4,-7.559,ok,1,0,0,0,5,5,2,0,0,0,0
gen_01033,5,-7.551,ok,1,0,1,1,4,6,5,0,0,0,0
gen_01033,6,-7.517,ok,1,0,1,1,4,6,5,0,0,0,0
gen_01034,1,-8.631,ok,1,0,0,1,4,5,4,0,0,0,0
gen_01034,2,-8.622,ok,1,0,0,1,4,5,4,0,0,0,0
gen_01034,3,-8.614,ok,1,0,0,1,4,5,4,0,0,0,0
gen_01035,1,-8.998,ok,1,0,0,1,4,2,2,0,0,0,1
gen_01035,2,-8.95,ok,1,0,0,1,4,2,2,0,0,0,1
gen_01035,3,-8.949,ok,1,0,0,1,4,2,2,0,0,0,2
gen_01035,4,-8.948,ok,1,0,0,1,4,2,2,0,0,0,2
gen_01036,1,-7.694,ok,0,0,1,1,3,5,3,0,0,0,0
gen_01037,1,-7.26,ok,1,0,0,1,4,3,3,0,2,0,0
gen_01037,2,-7.252,ok,1,0,0,1,4,3,3,0,2,0,0
gen_01038,1,-6.853,ok,1,0,0,1,4,7,2,1,0,0,0
gen_01038,2,-6.805,ok,1,0,0,1,4,6,2,1,0,0,0
gen_01039,1,-8.488,ok,1,0,0,1,5,5,2,0,0,0,0
gen_01039,2,-8.479,ok,1,0,0,1,5,7,2,0,0,0,0
gen_01039,3,-8.451,ok,1,0,0,1,5,6,2,0,0,0,0
gen_01040,1,-7.298,ok,1,0,0,1,4,6,2,0,0,0,1
gen_01040,2,-7.267,ok,1,0,0,1,4,6,2,0,0,0,1
gen_01041,1,-7.287,ok,1,0,1,1,4,8,3,1,0,0,0
gen_01041,2,-7.272,ok,1,0,1,1,4,8,3,1,0,0,0
gen_01041,3,-7.2,ok,1,0,1,1,4,9,1,1,0,0,0
gen_01042,1,-7.17,ok,1,0,1,1,4,1,8,0,0,0,0
gen_01042,2,-7.169,ok,1,0,1,1,4,1,7,0,0,0,0
gen_01042,3,-7.152,ok,0,0,1,1,3,5,6,0,0,0,0
gen_01042,4,-7.145,ok,0,0,1,1,3,3,6,0,0,0,0
gen_01042,5,-7.141,ok,1,0,1,1,4,1,7,0,0,0,0
gen_01042,6,-7.109,ok,1,0,1,1,4,4,4,0,0,0,0
gen_01042,7,-7.077,ok,1,0,1,1,4,4,5,0,0,0,0
gen_01042,8,-7.076,ok,0,0,1,1,3,3,5,0,0,0,0
gen_01042,9,-7.072,ok,0,0,1,1,3,4,4,0,0,0,0
gen_01043,1,-8.081,ok,0,0,1,1,3,6,3,1,0,0,0
gen_01043,2,-8.054,ok,0,0,1,1,3,6,3,1,0,0,0
gen_01043,3,-7.852,ok,0,0,1,1,3,6,3,0,0,0,0
gen_01043,4,-7.802,ok,0,0,1,1,3,6,2,0,0,0,0
gen_01044,1,-7.262,ok,0,0,1,1,3,7,3,0,0,0,0
gen_01044,2,-7.191,ok,1,1,1,0,4,7,1,1,0,0,0
gen_01044,3,-7.176,ok,1,1,1,0,4,7,2,1,0,0,0
gen_01045,1,-7.763,ok,0,0,1,1,3,4,3,0,0,0,0
gen_01045,2,-7.734,ok,0,0,1,1,3,4,3,0,0,0,0
gen_01045,3,-7.58,ok,0,0,0,1,3,4,3,0,0,0,1
gen_01045,4,-7.542,ok,0,0,1,0,3,5,2,0,0,0,1
gen_01045,5,-7.338,ok,0,0,1,1,0,2,4,0,0,0,0
gen_01045,6,-7.331,ok,0,0,1,1,0,2,5,0,0,0,0
gen_01045,7,-7.303,ok,0,0,1,1,0,2,5,0,0,0,0
gen_01045,8,-7.244,ok,0,0,1,1,0,2,3,0,0,0,0
gen_01046,1,-8.366,ok,0,0,0,1,3,5,2,0,0,0,0
gen_01046,2,-8.365,ok,0,0,0,1,3,5,2,0,0,0,0
gen_01047,1,-81.5,ok,0,0,1,0,0,0,4,0,0,0,0
gen_01047,2,-80.701,ok,0,0,1,1,0,1,6,0,0,0,0
gen_01048,1,-7.898,ok,1,0,0,1,4,7,3,2,0,0,0
gen_01048,2,-7.872,ok,1,0,0,1,4,5,2,1,0,0,0
gen_01049,1,-7.81,ok,1,0,0,1,5,3,3,0,0,0,0
gen_01049,2,-7.8,ok,1,0,0,1,5,3,3,0,0,0,0
gen_01050,1,-7.231,ok,1,0,1,1,4,5,4,0,0,0,0
gen_01050,2,-7.226,ok,1,0,1,1,4,5,4,0,0,0,0
gen_01050,3,-7.225,ok,1,0,1,1,4,5,5,0,0,0,0
gen_01050,4,-7.224,ok,1,0,1,1,4,5,5,0,0,0,0
gen_01050,5,-7.223,ok,1,0,1,1,4,5,4,0,0,0,0
gen_01050,6,-7.2,ok,1,0,1,1,4,5,5,0,0,0,0
gen_01050,7,-7.188,ok,1,0,1,1,4,5,4,0,0,0,0
gen_01051,1,-7.381,ok,1,0,1,0,4,5,2,0,0,0,0
gen_01051,2,-7.368,ok,1,0,1,0,4,5,2,0,0,0,0
gen_01051,3,-7.358,ok,1,0,1,0,4,5,2,0,0,0,0
gen_01051,4,-7.34,ok,1,0,1,0,4,5,2,0,0,0,0
gen_01051,5,-7.339,ok,1,0,1,0,4,5,2,0,0,0,0
gen_01051,6,-7.302,ok,1,0,1,0,4,5,2,0,0,0,0
gen_01052,1,-8.104,ok,1,0,0,1,4,2,2,0,0,0,0
gen_01052,2,-8.06,ok,1,0,0,1,4,2,1,0,0,0,0
gen_01052,3,-8.046,ok,0,0,0,1,3,1,1,0,0,0,0
gen_01052,4,-7.967,ok,1,0,0,1,4,2,2,0,0,0,0
gen_01052,5,-7.916,ok,0,0,0,0,3,2,0,0,0,0,0
gen_01052,6,-7.872,ok,1,0,0,1,4,1,2,0,0,0,0
gen_01053,1,-7.884,ok,1,0,1,0,4,5,4,1,0,0,0
gen_01053,2,-7.874,ok,1,0,1,0,4,5,4,1,0,0,0
gen_01053,3,-7.84,ok,1,0,1,0,4,5,4,1,0,0,0
gen_01053,4,-7.794,ok,1,0,1,0,4,5,4,1,0,0,0
gen_01053,5,-7.731,ok,1,0,1,0,4,5,4,1,0,0,0
gen_01053,6,-7.686,ok,1,0,1,0,4,6,3,1,0,0,0
gen_01053,7,-7.537,ok,0,0,1,1,0,2,5,1,0,0,1
gen_01053,8,-7.464,ok,0,0,1,1,0,2,5,1,0,0,1
gen_01054,1,-8.052,ok,1,0,0,1,4,6,2,1,0,0,0
gen_01054,2,-8.019,ok,1,0,0,1,4,7,2,1,0,0,0
gen_01055,1,-6.996,ok,1,0,0,1,4,6,2,2,0,0,0
gen_01055,2,-6.993,ok,1,0,0,1,4,6,2,2,0,0,0
gen_01055,3,-6.976,ok,1,0,0,1,4,5,2,2,0,0,0
gen_01055,4,-6.973,ok,1,0,0,1,5,3,2,1,0,0,0
gen_01055,5,-6.972,ok,1,0,0,1,5,3,2,1,0,0,0
gen_01055,6,-6.966,ok,1,0,0,1,4,5,2,2,0,0,0
gen_01056,1,-7.417,ok,1,0,0,1,4,5,1,0,1,0,0
gen_01056,2,-7.366,ok,1,0,0,1,4,1,2,0,0,0,0
gen_01056,3,-7.337,ok,1,0,0,1,4,5,2,0,1,0,0
gen_01057,1,-7.718,ok,1,0,0,1,4,6,4,2,0,0,0
gen_01057,2,-7.68,ok,1,0,0,1,4,6,4,1,0,0,0
gen_01057,3,-7.678,ok,1,0,0,1,4,6,4,1,0,0,0
gen_01058,1,-8.17,ok,1,0,0,1,4,6,2,0,0,0,0
gen_01058,2,-8.149,ok,1,0,0,1,4,6,2,0,0,0,0
gen_01058,3,-8.135,ok,1,0,0,1,4,5,2,0,0,0,0
gen_01058,4,-8.117,ok,1,0,0,1,4,5,3,0,0,0,0
gen_01058,5,-8.091,ok,1,0,0,1,4,5,2,0,0,0,0
gen_01058,6,-8.025,ok,1,0,0,1,4,5,2,0,0,0,0
gen_01058,7,-7.879,ok,1,0,1,0,4,3,3,1,0,0,0
gen_01058,8,-7.778,ok,1,0,1,0,4,2,3,1,0,0,0
gen_01059,1,-8.244,ok,1,0,0,1,4,5,3,0,0,0,0
gen_01059,2,-8.19,ok,1,0,0,1,4,5,3,0,0,0,0
gen_01060,1,-6.608,ok,1,0,1,0,4,5,1,0,0,0,0
gen_01060,2,-6.592,ok,1,0,1,0,4,5,1,0,0,0,0
gen_01060,3,-6.552,ok,1,0,1,0,4,5,1,0,0,0,1
gen_01060,4,-6.551,ok,1,0,1,0,4,5,1,0,0,0,0
gen_01061,1,-8.232,ok,1,0,1,1,4,6,3,0,0,0,0
gen_01061,2,-8.228,ok,1,0,1,1,4,6,4,0,0,0,0
gen_01062,1,-7.736,ok,1,0,1,1,4,7,6,0,0,0,0
gen_01062,2,-7.723,ok,1,0,1,1,4,7,6,0,0,0,0
gen_01062,3,-7.675,ok,1,0,1,1,4,7,6,0,0,0,0
gen_01062,4,-7.661,ok,1,0,1,1,4,7,6,0,0,0,0
gen_01062,5,-7.638,ok,1,0,1,1,4,6,6,0,0,0,0
gen_01062,6,-7.584,ok,1,0,1,1,4,6,3,1,0,0,0
gen_01062,7,-7.582,ok,1,0,1,1,4,6,6,0,0,0,0
gen_01062,8,-7.573,ok,1,0,1,1,4,7,6,0,0,0,0
gen_01063,1,-6.889,ok,1,0,0,1,4,6,3,0,0,0,0
gen_01063,2,-6.877,ok,1,0,0,1,4,6,1,1,0,0,0
gen_01063,3,-6.872,ok,1,0,0,1,4,6,1,1,0,0,0
gen_01063,4,-6.845,ok,1,0,0,0,4,5,1,0,0,0,0
gen_01063,5,-6.84,ok,1,0,0,0,4,5,1,0,0,0,0
gen_01063,6,-6.753,ok,1,0,1,0,4,6,2,0,0,0,0
gen_01064,1,-7.975,ok,1,0,0,1,4,7,2,0,0,0,0
gen_01065,1,-6.324,ok,1,0,0,1,4,6,1,0,0,0,0
gen_01066,1,-8.411,ok,1,0,0,1,5,3,2,0,0,0,0
gen_01066,2,-8.375,ok,1,0,0,1,5,3,2,0,0,0,0
gen_01066,3,-8.366,ok,1,0,0,1,5,3,2,0,0,0,0
gen_01066,4,-8.289,ok,1,0,0,1,5,3,2,0,0,0,0
gen_01066,5,-8.033,ok,1,0,0,1,4,0,2,0,0,0,2
gen_01066,6,-8.025,ok,1,0,0,1,4,1,2,0,0,0,1
gen_01066,7,-8.011,ok,1,0,1,1,4,6,3,0,0,0,1
gen_01066,8,-8.002,ok,1,0,0,1,4,0,2,0,0,0,2
gen_01066,9,-7.999,ok,1,0,0,1,4,0,2,0,0,0,2
gen_01066,10,-7.993,ok,1,0,0,1,4,0,2,0,0,0,1
gen_01066,11,-7.99,ok,1,0,1,1,4,7,3,0,0,0,1
gen_01067,1,-7.477,ok,0,0,1,1,0,1,2,1,0,0,0
gen_01067,2,-7.46,ok,0,0,1,1,0,1,2,1,0,0,0
gen_01067,3,-7.449,ok,0,0,1,1,3,0,2,1,1,0,0
gen_01067,4,-7.433,ok,0,0,1,0,3,2,1,1,0,0,0
gen_01067,5,-7.427,ok,0,0,1,1,3,0,3,1,1,0,0
gen_01067,6,-7.401,ok,0,0,1,1,3,0,3,1,1,0,0
gen_01067,7,-7.35,ok,1,0,0,1,4,6,3,0,0,0,0
gen_01067,8,-7.335,ok,1,0,0,1,4,5,4,0,0,0,0
gen_01067,9,-7.283,ok,0,0,1,0,3,0,1,1,1,0,0
gen_01068,1,-7.044,ok,1,0,0,1,4,7,2,0,0,0,0
gen_01068,2,-7.027,ok,1,0,0,1,4,6,2,0,0,0,0
gen_01069,1,-7.784,ok,0,0,0,1,3,7,3,0,0,0,0
gen_01069,2,-7.699,ok,0,0,0,1,3,7,3,0,0,0,0
gen_01070,1,-7.222,ok,0,0,0,0,3,3,1,0,1,0,0
gen_01070,2,-7.192,ok,0,0,0,0,3,3,1,0,1,0,0
gen_01070,3,-7.179,ok,0,0,1,0,3,4,1,0,1,0,0
gen_01071,1,-7.503,ok,0,0,0,1,3,3,4,0,0,0,0
gen_01071,2,-7.493,ok,0,0,0,1,3,4,4,0,0,0,0
gen_01071,3,-7.491,ok,1,0,0,1,4,6,2,0,0,0,0
gen_01071,4,-7.484,ok,1,0,0,1,4,6,2,0,0,0,0
gen_01071,5,-7.474,ok,0,0,0,1,3,5,4,0,0,0,0
gen_01071,6,-7.474,ok,1,0,0,1,4,6,2,0,0,0,0
gen_01071,7,-7.422,ok,1,0,0,1,4,6,1,0,0,0,0
gen_01071,8,-7.393,ok,0,0,0,1,3,4,5,0,0,0,0
gen_01072,1,-8.243,ok,1,0,0,1,5,3,2,0,0,0,0
gen_01072,2,-8.193,ok,1,0,0,1,5,3,2,0,0,0,0
gen_01073,1,-7.856,ok,1,0,0,1,4,5,4,0,0,0,0
gen_01073,2,-7.734,ok,1,0,1,1,4,8,2,0,0,0,0
gen_01073,3,-7.715,ok,1,0,0,1,4,5,4,0,0,0,0
gen_01074,1,-7.477,ok,1,0,0,1,5,6,2,0,0,0,0
gen_01074,2,-7.472,ok,1,0,0,1,5,6,2,0,0,0,0
gen_01074,3,-7.469,ok,1,0,0,1,5,6,2,0,0,0,0
gen_01075,1,-7.304,ok,0,0,1,1,3,5,3,0,0,0,0
gen_01076,1,-6.653,ok,0,0,0,1,3,0,3,0,0,0,0
gen_01076,2,-6.627,ok,0,0,0,1,3,0,3,0,0,0,0
gen_01076,3,-6.6,ok,0,0,1,1,3,0,3,0,0,0,1
gen_01076,4,-6.549,ok,0,0,1,1,3,0,3,0,0,0,1
gen_01077,1,-7.17,ok,1,0,1,0,4,5,1,0,0,0,0
gen_01077,2,-7.133,ok,1,0,1,0,4,5,1,0,0,0,0
gen_01078,1,-7.848,ok,1,0,1,1,4,5,4,1,0,0,0
gen_01078,2,-7.841,ok,1,0,1,1,4,5,5,0,0,0,0
gen_01078,3,-7.764,ok,1,0,1,1,4,5,4,0,0,0,0
gen_01079,1,-7.939,ok,1,0,0,1,4,5,4,0,0,0,0
gen_01079,2,-7.918,ok,1,0,0,1,4,6,4,0,0,0,0
gen_01079,3,-7.918,ok,1,0,0,1,4,5,3,0,0,0,0
gen_01079,4,-7.915,ok,1,0,0,1,4,6,3,0,0,0,0
gen_01079,5,-7.861,ok,1,0,0,1,4,5,4,0,0,0,0
gen_01079,6,-7.789,ok,1,0,0,1,4,5,5,0,0,0,0
gen_01079,7,-7.772,ok,1,0,0,1,4,6,6,0,0,0,0
gen_01079,8,-7.719,ok,1,0,0,1,4,6,5,0,0,0,0
gen_01079,9,-7.69,ok,1,0,0,1,4,7,5,0,0,0,0
gen_01080,1,-7.43,ok,1,0,1,0,4,6,3,2,0,0,0
gen_01080,2,-7.405,ok,1,0,1,0,4,5,3,0,0,0,0
gen_01080,3,-7.366,ok,1,0,1,1,4,6,3,1,0,0,0
gen_01080,4,-7.333,ok,1,0,0,0,4,5,2,0,0,0,0
gen_01080,5,-7.301,ok,1,0,1,0,4,6,2,0,0,0,0
gen_01080,6,-7.284,ok,1,0,1,0,4,5,1,1,0,0,0
gen_01080,7,-7.282,ok,1,0,1,1,4,6,4,1,0,0,0
gen_01080,8,-7.27,ok,1,0,0,0,4,5,2,0,0,0,0
gen_01080,9,-7.227,ok,1,0,1,0,4,5,3,0,0,0,0
gen_01080,10,-7.196,ok,1,0,0,0,4,5,2,0,0,0,0
gen_01080,11,-7.16,ok,1,0,1,1,4,7,3,1,0,0,0
gen_01080,12,-7.067,ok,0,0,1,1,0,1,4,0,0,0,0
gen_01081,1,-7.198,ok,1,0,0,1,4,5,3,0,0,0,0
gen_01082,1,-7.288,ok,1,0,1,1,4,6,2,2,0,0,1
gen_01082,2,-7.267,ok,1,0,1,1,4,7,2,2,0,0,1
gen_01082,3,-7.213,ok,1,0,1,1,4,7,2,2,0,0,1
gen_01082,4,-7.208,ok,1,0,1,0,4,6,1,2,0,0,1
gen_01082,5,-7.152,ok,1,0,1,1,4,8,2,2,0,0,0
gen_01082,6,-7.145,ok,1,0,1,1,4,6,2,2,0,0,0
gen_01083,1,-7.489,ok,1,0,0,1,4,6,2,1,0,0,0
gen_01083,2,-7.487,ok,1,0,0,1,4,6,2,1,0,0,0
gen_01083,3,-7.477,ok,1,0,0,1,4,6,2,1,0,0,0
gen_01083,4,-7.439,ok,0,0,1,0,3,2,4,1,0,0,0
gen_01083,5,-7.4,ok,1,0,0,1,4,5,3,1,0,0,0
gen_01084,1,-8.594,ok,0,0,1,1,3,5,6,0,0,0,1
gen_01084,2,-8.541,ok,0,0,0,1,3,5,4,0,0,0,0
gen_01084,3,-8.539,ok,0,0,1,1,3,5,6,0,0,0,1
gen_01084,4,-8.516,ok,0,0,1,1,0,5,5,0,0,0,0
gen_01084,5,-8.477,ok,0,0,0,1,3,5,4,0,0,0,0
gen_01084,6,-8.466,ok,0,0,1,1,3,5,4,0,0,0,0
gen_01084,7,-8.454,ok,0,0,1,1,3,5,3,0,0,0,1
gen_01084,8,-8.421,ok,0,0,1,1,0,5,5,0,0,0,1
gen_01084,9,-8.41,ok,0,0,1,1,3,5,5,0,0,0,1
gen_01084,10,-8.385,ok,0,0,1,1,0,5,6,0,0,0,1
gen_01084,11,-7.761,ok,0,0,0,1,0,0,3,0,0,0,2
gen_01084,12,-7.714,ok,0,0,0,1,0,0,3,0,0,0,2
gen_01084,13,-7.565,ok,0,0,0,1,0,1,2,0,0,0,2
gen_01084,14,-7.55,ok,1,0,0,1,4,6,2,0,0,0,1
gen_01085,1,-7.993,ok,1,0,0,1,5,4,2,0,0,0,0
gen_01085,2,-7.985,ok,1,0,0,1,5,5,2,0,0,0,0
gen_01085,3,-7.974,ok,1,0,0,1,5,4,2,0,0,0,0
gen_01085,4,-7.946,ok,1,0,0,1,5,4,2,0,0,0,0
gen_01085,5,-7.937,ok,1,0,0,1,5,4,2,0,0,0,0
gen_01085,6,-7.924,ok,1,0,0,1,5,5,2,0,0,0,0
gen_01085,7,-7.876,ok,1,0,0,1,5,5,1,0,0,0,0
gen_01085,8,-7.875,ok,1,0,0,1,5,4,2,0,0,0,0
gen_01086,1,-7.976,ok,1,0,0,1,4,6,1,0,0,0,0
gen_01086,2,-7.97,ok,1,0,0,1,4,6,2,0,0,0,0
gen_01087,1,-6.711,ok,1,0,1,0,4,6,0,1,0,0,0
gen_01088,1,-7.939,ok,0,0,0,1,3,6,3,0,0,0,0
gen_01088,2,-7.937,ok,0,0,0,1,3,6,3,0,0,0,0
gen_01088,3,-7.903,ok,0,0,0,1,3,3,4,0,0,0,0
gen_01088,4,-7.881,ok,0,0,0,1,3,6,2,0,0,0,0
gen_01088,5,-7.875,ok,0,0,0,1,3,3,4,0,0,0,0
gen_01088,6,-7.866,ok,0,0,0,1,3,3,4,0,0,0,0
gen_01089,1,-6.783,ok,1,0,1,1,4,2,2,0,1,0,0
gen_01089,2,-6.776,ok,1,0,0,1,5,6,2,0,0,0,0
gen_01089,3,-6.761,ok,1,0,1,1,4,3,2,0,1,0,0
gen_01089,4,-6.758,ok,1,0,1,1,4,2,2,0,1,0,0
gen_01089,5,-6.655,ok,1,0,1,1,4,2,1,0,1,0,0
gen_01090,1,-7.637,ok,0,0,0,1,3,1,2,0,0,0,0
gen_01091,1,-7.656,ok,1,0,0,1,4,5,3,0,0,0,0
gen_01091,2,-7.587,ok,1,0,0,1,4,7,3,0,0,0,1
gen_01092,1,-8.01,ok,1,0,0,1,4,7,1,0,0,0,0
gen_01093,1,-7.495,ok,1,0,0,1,4,6,4,0,0,0,0
gen_01094,1,-8.029,ok,1,0,0,1,4,5,2,1,0,0,0
gen_01095,1,-6.957,ok,1,0,1,1,4,5,2,0,0,0,0
gen_01095,2,-6.957,ok,1,0,1,1,4,6,2,0,0,0,0
gen_01095,3,-6.953,ok,1,0,1,1,4,5,2,0,0,0,0
gen_01095,4,-6.939,ok,1,0,0,1,4,6,6,0,0,0,2
gen_01095,5,-6.93,ok,1,0,1,1,4,5,2,0,0,0,0
gen_01095,6,-6.928,ok,1,0,1,1,4,6,2,0,0,0,0
gen_01095,7,-6.925,ok,1,0,1,1,4,6,2,0,0,0,0
gen_01095,8,-6.923,ok,1,0,1,1,4,5,2,0,0,0,0
gen_01095,9,-6.922,ok,1,0,1,1,4,6,2,0,0,0,0
gen_01095,10,-6.916,ok,1,0,1,1,4,5,2,0,0,0,0
gen_01095,11,-6.905,ok,1,0,0,1,4,6,6,0,0,0,1
gen_01095,12,-6.887,ok,1,0,0,1,4,6,6,0,0,0,2
gen_01095,13,-6.879,ok,1,0,0,1,4,6,6,0,0,0,1
gen_01095,14,-6.782,ok,1,0,1,1,4,5,2,0,0,0,0
gen_01096,1,-7.889,ok,1,0,0,1,4,1,1,0,0,0,0
gen_01096,2,-7.84,ok,0,0,0,1,3,2,3,0,1,0,0
gen_01096,3,-7.643,ok,0,0,0,1,0,1,2,0,1,0,0
gen_01097,1,-8.224,ok,0,0,1,1,3,5,4,0,0,0,0
gen_01097,2,-8.173,ok,0,0,1,1,3,5,4,0,0,0,0
gen_01098,1,-8.069,ok,1,0,1,0,5,6,2,1,0,0,0
gen_01098,2,-8.05,ok,1,0,0,1,4,7,4,0,0,0,0
gen_01098,3,-7.967,ok,1,0,0,1,4,6,4,0,0,0,0
gen_01098,4,-7.86,ok,0,0,0,0,0,0,4,0,0,0,0
gen_01098,5,-7.83,ok,0,0,0,0,0,1,4,0,0,0,0
gen_01099,1,-8.715,ok,1,0,1,0,4,9,2,0,0,0,0
gen_01099,2,-8.667,ok,1,0,1,0,4,9,2,0,0,0,0
gen_01099,3,-8.61,ok,1,0,1,0,4,10,2,0,0,0,0
gen_01099,4,-8.591,ok,1,0,1,0,4,8,2,0,0,0,0
gen_01099,5,-8.576,ok,1,0,1,0,4,10,2,0,0,0,0
gen_01100,1,-7.088,ok,1,0,0,1,4,1,1,0,0,0,0
gen_01101,1,-57.533,ok,0,0,1,0,0,0,3,0,0,0,0
gen_01101,2,-56.307,ok,0,0,1,0,3,1,1,0,0,0,0
gen_01101,3,-55.032,ok,0,0,0,0,0,0,0,0,0,0,0
gen_01101,4,-51.507,ok,0,0,0,1,0,0,2,0,0,0,0
gen_01102,1,-7.398,ok,1,0,0,1,5,3,3,0,0,0,0
gen_01102,2,-7.394,ok,1,0,0,1,5,3,3,0,0,0,0
gen_01102,3,-7.379,ok,1,0,1,0,4,5,0,1,0,0,0
gen_01102,4,-7.347,ok,1,0,1,0,4,5,0,1,0,0,0
gen_01103,1,-6.88,ok,1,0,0,1,5,5,1,0,0,0,0
gen_01103,2,-6.877,ok,1,0,0,1,5,4,1,0,0,0,0
gen_01104,1,-6.82,ok,1,0,0,1,4,6,1,0,0,0,0
gen_01104,2,-6.816,ok,1,0,0,1,4,5,1,0,0,0,0
gen_01104,3,-6.782,ok,1,0,1,1,4,5,1,1,0,0,0
gen_01105,1,-7.099,ok,1,0,0,1,4,1,4,0,0,0,0
gen_01106,1,-7.719,ok,1,0,0,1,4,6,4,0,0,0,0
gen_01106,2,-7.703,ok,1,0,0,1,4,6,4,0,0,0,0
gen_01106,3,-7.667,ok,1,0,0,1,4,5,4,0,0,0,0
gen_01106,4,-7.667,ok,1,0,0,1,4,5,4,0,0,0,0
gen_01107,1,-6.841,ok,0,0,1,0,0,1,3,1,0,0,0
gen_01107,2,-6.826,ok,0,0,0,1,0,2,6,0,0,0,0
gen_01107,3,-6.818,ok,0,0,0,1,0,2,6,0,0,0,0
gen_01107,4,-6.812,ok,0,0,0,1,0,2,6,0,0,0,0
gen_01107,5,-6.792,ok,0,0,0,1,0,2,6,0,0,0,0
gen_01107,6,-6.783,ok,0,0,0,1,0,2,6,0,0,0,0
gen_01107,7,-6.767,ok,0,0,1,0,0,1,3,1,0,0,0
gen_01107,8,-6.752,ok,0,0,0,1,0,1,6,0,0,0,0
gen_01107,9,-6.733,ok,0,0,0,1,0,2,6,0,0,0,0
gen_01108,1,-7.401,ok,1,0,0,0,4,5,0,0,0,0,0
gen_01109,1,-7.678,ok,1,0,0,1,4,5,1,0,0,0,0
gen_01109,2,-7.466,ok,0,0,1,1,3,7,1,0,0,0,0
gen_01110,1,-142.097,ok,0,0,0,1,0,1,2,0,0,0,0
gen_01111,1,-7.751,ok,1,0,0,1,5,6,1,0,0,0,0
gen_01111,2,-7.728,ok,1,0,0,1,5,6,1,0,0,0,0
gen_01111,3,-7.605,ok,1,0,0,1,5,5,1,0,0,0,0
gen_01112,1,-7.953,ok,1,0,0,1,5,6,2,1,0,0,0
gen_01112,2,-7.922,ok,1,0,0,1,5,5,2,1,0,0,0
gen_01113,1,-7.202,ok,1,0,0,1,5,4,2,0,0,0,0
gen_01113,2,-7.167,ok,1,0,0,1,4,7,1,0,0,0,0
gen_01113,3,-7.156,ok,1,0,0,1,5,4,2,0,0,0,0
gen_01113,4,-7.106,ok,1,0,0,1,4,7,1,0,0,0,0
gen_01113,5,-7.1,ok,1,0,0,1,5,4,2,0,0,0,0
gen_01113,6,-7.024,ok,0,0,0,1,3,5,2,0,0,0,0
gen_01114,1,-7.56,ok,1,0,1,1,4,5,3,0,0,0,0
gen_01114,2,-7.556,ok,1,0,1,1,5,5,3,0,0,0,0
gen_01115,1,-7.132,ok,1,0,1,1,4,7,2,1,0,0,0
gen_01115,2,-6.989,ok,1,0,0,1,4,5,1,0,0,0,0
gen_01116,1,-8.026,ok,1,0,0,1,4,4,4,0,0,0,0
gen_01116,2,-7.985,ok,1,0,0,1,4,4,4,0,0,0,0
gen_01117,1,-7.072,ok,0,0,0,1,3,5,1,1,0,0,0
gen_01117,2,-6.95,ok,0,0,0,1,3,5,2,1,0,0,1
gen_01118,1,-7.324,ok,1,0,0,1,5,4,3,0,0,0,0
gen_01118,2,-7.314,ok,1,0,0,1,5,4,3,0,0,0,0
gen_01118,3,-7.221,ok,1,0,0,0,4,7,1,0,0,0,0
gen_01118,4,-7.212,ok,1,0,0,1,4,4,4,0,0,0,0
gen_01118,5,-7.2,ok,1,0,0,0,4,6,1,0,0,0,0
gen_01118,6,-7.192,ok,1,0,0,1,4,4,4,0,0,0,0
gen_01118,7,-7.19,ok,0,0,0,1,3,5,3,0,0,0,0
gen_01119,1,-7.135,ok,0,0,0,1,0,1,3,0,0,0,1
gen_01119,2,-7.134,ok,0,0,0,1,0,2,4,0,0,0,1
gen_01119,3,-7.13,ok,0,0,0,1,0,3,3,0,0,0,1
gen_01119,4,-7.083,ok,0,0,0,1,0,1,3,0,0,0,1
gen_01119,5,-7.077,ok,0,0,0,1,0,1,3,0,0,0,1
gen_01119,6,-6.963,ok,1,0,1,1,5,3,4,0,0,0,1
gen_01120,1,-7.331,ok,1,0,1,1,5,4,3,0,0,0,0
gen_01120,2,-7.303,ok,1,0,1,1,5,4,3,0,0,0,0
gen_01120,3,-7.033,ok,1,0,1,0,4,7,1,0,1,0,0
gen_01121,1,-7.755,ok,1,0,0,1,4,6,3,0,0,0,0
gen_01121,2,-7.737,ok,1,0,0,1,4,6,3,0,0,0,0
gen_01121,3,-7.718,ok,1,0,0,1,4,5,3,0,0,0,0
gen_01121,4,-7.697,ok,1,0,0,1,4,6,3,0,0,0,0
gen_01121,5,-7.693,ok,1,0,0,1,4,7,3,0,0,0,0
gen_01121,6,-7.66,ok,1,0,0,1,4,5,3,0,0,0,0
gen_01122,1,-7.123,ok,1,0,0,1,5,6,2,0,0,0,0
gen_01123,1,-139.105,ok,0,0,0,1,0,0,1,0,0,0,0
gen_01124,1,-7.017,ok,1,0,0,1,5,3,3,0,0,0,0
gen_01124,2,-7.001,ok,1,0,0,1,5,3,3,0,0,0,0
gen_01124,3,-6.996,ok,1,0,0,1,5,3,3,0,0,0,0
gen_01124,4,-6.932,ok,1,0,0,1,5,3,3,0,0,0,0
gen_01124,5,-6.893,ok,1,0,0,1,5,3,3,0,0,0,0
gen_01124,6,-6.832,ok,1,0,0,0,4,0,1,0,0,0,0
gen_01124,7,-6.799,ok,1,0,0,1,4,0,1,0,0,0,0
gen_01124,8,-6.783,ok,1,0,0,1,4,0,1,0,0,0,0
gen_01124,9,-6.741,ok,1,0,0,1,4,0,2,0,0,0,0
gen_01124,10,-6.702,ok,1,0,0,1,4,0,2,0,0,0,0
gen_01125,1,-7.692,ok,1,0,0,1,4,5,3,0,0,0,0
gen_01126,1,-6.81,ok,1,0,1,1,5,4,4,0,0,0,0
gen_01126,2,-6.797,ok,1,0,1,1,4,4,4,0,0,0,0
gen_01126,3,-6.796,ok,1,0,1,1,5,4,4,0,0,0,0
gen_01126,4,-6.762,ok,1,0,1,1,4,4,4,0,0,0,0
gen_01127,1,-7.783,ok,1,0,0,1,4,4,3,0,0,0,0
gen_01128,1,-6.92,ok,1,0,1,1,4,5,3,0,0,0,0
gen_01128,2,-6.897,ok,1,0,1,1,4,5,3,0,0,0,0
gen_01128,3,-6.888,ok,1,0,1,1,4,6,3,0,0,0,0
gen_01129,1,-7.028,ok,0,0,0,1,0,1,3,0,0,0,0
gen_01130,1,-6.484,ok,1,0,0,0,4,6,1,0,0,0,0
gen_01131,1,-7.757,ok,1,0,1,1,4,7,4,1,0,0,0
gen_01131,2,-7.638,ok,1,0,0,1,4,6,3,1,0,0,0
gen_01131,3,-7.568,ok,1,0,0,1,4,6,3,1,0,0,0
gen_01132,1,-7.377,ok,1,0,0,1,4,6,4,0,0,0,0
gen_01132,2,-7.372,ok,1,0,0,1,4,6,4,0,0,0,0
gen_01132,3,-7.353,ok,1,0,0,1,4,6,4,0,0,0,0
gen_01132,4,-7.351,ok,1,0,0,1,4,5,4,0,0,0,0
gen_01132,5,-7.348,ok,1,0,0,1,4,6,4,0,0,0,0
gen_01132,6,-7.279,ok,1,0,0,1,4,7,3,0,0,0,0
gen_01133,1,-8.875,ok,1,0,1,1,4,8,3,0,0,0,0
gen_01133,2,-8.704,ok,1,0,1,1,4,8,2,0,0,0,0
gen_01134,1,-7.821,ok,0,0,1,1,3,5,5,0,0,0,0
gen_01134,2,-7.759,ok,0,0,1,1,3,6,5,0,0,0,0
gen_01134,3,-7.757,ok,0,0,1,1,3,6,5,0,0,0,0
gen_01134,4,-7.667,ok,1,0,1,1,4,5,5,0,0,0,0
gen_01134,5,-7.629,ok,0,0,0,1,3,4,2,0,1,0,0
gen_01134,6,-7.516,ok,0,0,0,1,3,4,2,0,1,0,0
gen_01134,7,-7.513,ok,0,0,1,1,0,2,4,1,0,0,0
gen_01134,8,-7.51,ok,0,0,0,1,3,4,3,0,1,0,0
gen_01134,9,-7.491,ok,0,0,1,1,0,5,6,0,0,0,0
gen_01134,10,-7.482,ok,0,0,0,1,3,4,2,0,1,0,0
gen_01134,11,-7.426,ok,0,0,1,1,0,5,5,0,0,0,0
gen_01135,1,-7.06,ok,1,0,0,1,4,7,4,0,0,0,0
gen_01135,2,-7.059,ok,1,0,0,1,4,7,4,0,0,0,0
gen_01135,3,-7.051,ok,1,1,0,1,4,7,2,0,0,0,0
gen_01135,4,-7.009,ok,1,0,0,1,4,6,4,0,0,0,0
gen_01135,5,-6.949,ok,1,1,0,1,4,6,4,0,0,0,0
gen_01136,1,-82.557,ok,0,0,0,1,0,0,2,0,1,0,0
gen_01136,2,-76.382,ok,0,0,1,0,0,0,2,0,0,0,0
gen_01137,1,-8.926,ok,1,0,0,1,5,5,2,0,0,0,2
gen_01137,2,-8.915,ok,1,0,0,1,5,5,2,0,0,0,2
gen_01137,3,-8.905,ok,1,0,0,1,5,5,2,0,0,0,2
gen_01138,1,-6.757,ok,1,0,1,1,5,4,2,0,0,0,0
gen_01138,2,-6.757,ok,1,0,1,0,4,6,1,1,0,0,0
gen_01138,3,-6.756,ok,1,0,1,1,5,4,2,0,0,0,0
gen_01138,4,-6.739,ok,1,0,0,1,4,4,1,0,0,0,0
gen_01138,5,-6.72,ok,1,0,0,1,4,4,1,0,0,0,0
gen_01138,6,-6.679,ok,1,0,0,1,4,4,1,0,0,0,0
gen_01139,1,-7.245,ok,1,0,0,1,5,3,3,0,0,0,0
gen_01139,2,-7.21,ok,1,0,0,1,4,3,3,0,0,0,0
gen_01139,3,-7.202,ok,1,0,0,1,4,3,3,0,0,0,0
gen_01139,4,-7.181,ok,1,0,0,1,5,3,3,0,0,0,0
gen_01139,5,-7.069,ok,1,0,1,1,4,8,2,0,0,0,0
gen_01139,6,-7.053,ok,1,0,1,1,4,7,3,0,0,0,0
gen_01140,1,-7.376,ok,1,0,1,1,5,6,3,0,0,0,0
gen_01140,2,-7.36,ok,1,0,1,1,4,5,4,0,0,0,0
gen_01140,3,-7.327,ok,1,0,1,1,5,5,3,0,0,0,0
gen_01141,1,-7.105,ok,1,0,0,1,4,3,2,0,2,0,2
gen_01141,2,-7.098,ok,1,0,0,1,4,3,2,0,2,0,2
gen_01141,3,-7.096,ok,1,0,0,1,4,3,2,0,2,0,2
gen_01141,4,-7.092,ok,1,0,0,1,4,3,2,0,2,0,2
gen_01141,5,-7.019,ok,1,0,0,1,4,2,2,0,2,0,2
gen_01141,6,-7.002,ok,1,0,0,1,4,2,2,0,2,0,2
gen_01141,7,-6.995,ok,1,0,0,1,4,2,2,0,2,0,2
gen_01141,8,-6.984,ok,1,0,0,1,4,2,2,0,2,0,2
gen_01141,9,-6.983,ok,1,0,0,1,4,2,2,0,2,0,2
gen_01142,1,-7.505,ok,1,0,1,1,5,6,4,0,0,0,0
gen_01142,2,-7.366,ok,0,1,0,1,3,8,2,0,1,0,0
gen_01142,3,-7.344,ok,0,1,0,1,3,8,1,0,1,0,0
gen_01142,4,-7.299,ok,1,1,0,1,4,8,1,0,1,0,0
gen_01142,5,-7.286,ok,1,1,0,1,4,7,1,0,1,0,0
gen_01143,1,-8.175,ok,1,0,0,1,4,8,4,0,0,0,0
gen_01143,2,-8.068,ok,1,0,0,1,4,8,4,0,0,0,0
gen_01144,1,-7.469,ok,0,0,1,1,3,5,2,1,0,0,0
gen_01144,2,-7.45,ok,0,0,0,1,3,3,2,0,0,0,0
gen_01144,3,-7.418,ok,0,0,1,0,3,5,1,1,0,0,0
gen_01144,4,-7.41,ok,0,0,0,1,3,3,2,0,0,0,0
gen_01144,5,-7.402,ok,0,0,0,1,3,2,2,0,0,0,0
gen_01144,6,-7.321,ok,0,0,0,1,3,2,2,0,0,0,0
gen_01145,1,-7.64,ok,1,0,0,1,4,0,3,0,0,0,0
gen_01146,1,-7.899,ok,1,0,1,1,4,9,4,1,0,0,0
gen_01146,2,-7.898,ok,1,0,1,1,4,8,4,1,0,0,0
gen_01146,3,-7.857,ok,1,0,0,1,4,6,2,0,0,0,0
gen_01146,4,-7.784,ok,1,0,0,1,4,5,2,0,0,0,0
gen_01146,5,-7.782,ok,1,0,0,1,4,6,2,0,0,0,0
gen_01146,6,-7.768,ok,1,0,0,1,4,7,2,0,0,0,0
gen_01146,7,-7.764,ok,1,0,0,1,4,6,2,0,0,0,0
gen_01146,8,-7.653,ok,1,0,0,1,4,8,2,1,0,0,0
gen_01146,9,-7.605,ok,1,0,0,1,4,6,3,0,0,0,0
gen_01146,10,-7.578,ok,1,0,0,1,4,6,3,0,0,0,0
gen_01147,1,-7.538,ok,1,0,1,1,4,0,5,0,0,0,0
gen_01147,2,-7.475,ok,1,0,1,1,4,6,4,0,0,0,0
gen_01147,3,-7.471,ok,1,0,1,1,4,5,4,0,0,0,1
gen_01147,4,-7.412,ok,1,0,1,1,4,6,4,0,0,0,0
gen_01147,5,-7.403,ok,1,0,1,1,4,6,5,0,0,0,1
gen_01147,6,-7.399,ok,1,0,1,1,4,5,5,0,0,0,1
gen_01147,7,-7.39,ok,1,0,1,1,4,5,3,0,0,0,1
gen_01147,8,-7.389,ok,1,0,1,1,4,5,5,0,0,0,1
gen_01147,9,-7.384,ok,1,0,1,1,4,1,5,0,0,0,0
gen_01147,10,-7.373,ok,1,0,1,1,4,6,4,0,0,0,0
gen_01147,11,-7.206,ok,1,0,0,1,4,1,2,0,0,0,0
gen_01148,1,-7.048,ok,1,0,1,1,4,7,2,1,0,0,0
gen_01148,2,-7.044,ok,1,0,1,1,4,7,1,1,0,0,0
gen_01148,3,-7.043,ok,1,0,1,1,4,7,2,1,0,0,0
gen_01148,4,-7.009,ok,1,0,1,1,4,7,1,1,0,0,0
gen_01148,5,-7.001,ok,1,0,1,1,4,7,1,1,0,0,0
gen_01148,6,-6.981,ok,1,0,1,1,4,7,2,1,0,0,0
gen_01148,7,-6.942,ok,1,0,1,1,4,7,1,1,0,0,0
gen_01148,8,-6.903,ok,1,0,1,1,4,6,2,1,0,0,0
gen_01149,1,-7.189,ok,1,0,1,0,4,5,1,1,0,0,1
gen_01149,2,-7.173,ok,1,0,1,0,4,5,1,1,0,0,1
gen_01150,1,-7.095,ok,1,0,0,1,4,6,1,1,0,0,0
gen_01150,2,-7.079,ok,1,0,1,1,4,6,3,0,0,0,0
gen_01150,3,-7.077,ok,1,0,0,1,4,6,1,1,0,0,0
gen_01150,4,-7.025,ok,1,0,1,1,4,7,2,0,0,0,0
gen_01150,5,-7.02,ok,1,0,1,1,4,6,2,0,0,0,0
gen_01150,6,-6.987,ok,1,0,0,1,4,6,3,0,0,0,0
gen_01150,7,-6.986,ok,1,0,0,1,4,6,3,0,0,0,0
gen_01150,8,-6.942,ok,1,0,0,1,4,6,2,0,0,0,0
gen_01150,9,-6.932,ok,1,0,1,1,4,5,2,0,0,0,0
gen_01150,10,-6.881,ok,1,0,0,1,4,7,1,1,0,0,0
gen_01150,11,-6.864,ok,1,0,0,1,4,6,1,0,0,0,0
gen_01150,12,-6.857,ok,1,0,1,1,4,5,3,0,0,0,0
gen_01150,13,-6.829,ok,1,0,0,1,4,6,1,0,0,0,0
gen_01150,14,-6.817,ok,1,0,1,1,4,7,2,0,0,0,0
gen_01151,1,-7.156,ok,1,0,1,1,4,6,2,0,0,0,0
gen_01152,1,-8.119,ok,1,0,0,1,4,7,4,0,0,0,1
gen_01152,2,-7.947,ok,1,0,0,1,4,7,2,0,0,0,1
gen_01152,3,-7.811,ok,1,0,1,1,4,5,3,0,0,0,0
gen_01153,1,-7.37,ok,1,0,1,0,4,6,3,0,0,0,0
gen_01153,2,-7.249,ok,1,0,0,1,4,6,2,0,0,0,0
gen_01153,3,-7.202,ok,1,0,0,1,4,7,2,0,0,0,0
gen_01153,4,-7.142,ok,1,0,1,0,4,5,2,0,0,0,0
gen_01153,5,-6.992,ok,1,0,1,1,4,7,2,0,0,0,0
gen_01154,1,-8.428,ok,0,0,0,1,0,1,6,0,0,0,0
gen_01154,2,-8.316,ok,1,0,0,1,4,5,3,0,0,0,0
gen_01155,1,-7.509,ok,1,0,1,1,4,8,2,1,0,0,0
gen_01155,2,-7.42,ok,1,0,1,1,4,8,3,1,0,0,0
gen_01155,3,-7.263,ok,1,0,1,0,4,7,1,1,0,0,0
gen_01155,4,-7.237,ok,1,0,1,1,4,6,2,1,0,0,0
gen_01155,5,-7.213,ok,1,0,0,1,4,4,4,0,0,0,0
gen_01155,6,-7.179,ok,1,0,0,1,4,4,5,0,0,0,0
gen_01155,7,-7.085,ok,1,0,1,1,4,4,5,0,0,0,0
gen_01155,8,-7.049,ok,1,0,0,1,4,3,4,0,0,0,0
gen_01155,9,-7.0,ok,1,0,0,1,4,4,4,0,0,0,0
gen_01155,10,-6.937,ok,1,0,1,0,4,6,2,0,0,0,0
gen_01156,1,-8.154,ok,1,0,0,1,4,7,2,0,0,0,0
gen_01156,2,-8.145,ok,1,0,0,1,4,6,2,0,0,0,0
gen_01156,3,-8.116,ok,1,0,0,1,4,7,2,0,0,0,0
gen_01156,4,-8.065,ok,1,0,0,1,4,7,2,0,0,0,0
gen_01156,5,-8.052,ok,1,0,0,1,4,6,2,0,0,0,0
gen_01156,6,-7.76,ok,1,0,0,1,4,7,2,0,0,0,0
gen_01156,7,-7.688,ok,1,0,1,1,4,7,5,1,0,0,0
gen_01156,8,-7.655,ok,1,0,0,1,4,6,2,0,0,0,0
gen_01156,9,-7.648,ok,1,0,1,1,4,7,5,1,0,0,0
gen_01156,10,-7.636,ok,1,0,1,1,4,7,3,0,0,0,0
gen_01156,11,-7.517,ok,1,0,1,1,4,7,2,0,0,0,0
gen_01157,1,-7.623,ok,0,0,1,1,3,4,2,0,0,0,0
gen_01157,2,-7.608,ok,0,0,1,1,3,4,2,0,0,0,0
gen_01157,3,-7.439,ok,0,0,1,1,3,4,2,0,0,0,0
gen_01158,1,-8.093,ok,1,0,0,1,4,4,3,0,0,0,0
gen_01158,2,-8.061,ok,1,0,0,0,4,4,3,0,0,0,0
gen_01158,3,-7.976,ok,1,0,0,1,4,5,4,0,0,0,0
gen_01158,4,-7.834,ok,0,0,0,1,3,2,3,0,0,0,0
gen_01158,5,-7.709,ok,1,0,0,1,4,2,4,0,0,0,0
gen_01158,6,-7.646,ok,1,0,0,1,4,2,3,0,0,0,0
gen_01158,7,-7.504,ok,0,0,0,1,3,2,2,0,0,0,0
gen_01159,1,-8.305,ok,1,0,1,0,4,6,1,1,0,0,0
gen_01159,2,-7.487,ok,1,0,0,1,5,4,2,0,0,0,0
gen_01160,1,-7.711,ok,1,0,0,1,5,3,3,0,0,0,1
gen_01160,2,-7.71,ok,1,0,0,1,5,3,3,0,0,0,1
gen_01161,1,-8.004,ok,0,0,1,0,3,4,3,1,0,0,0
gen_01161,2,-7.998,ok,0,0,1,0,3,4,3,1,0,0,0
gen_01161,3,-7.886,ok,0,0,1,1,3,4,4,1,0,0,0
gen_01162,1,-6.886,ok,0,0,0,1,0,2,3,1,0,0,0
gen_01162,2,-6.851,ok,0,0,1,1,0,2,3,1,0,0,2
gen_01162,3,-6.825,ok,0,0,1,1,0,2,2,1,0,0,2
gen_01163,1,-7.722,ok,1,0,1,1,4,7,3,0,0,0,0
gen_01163,2,-7.664,ok,1,0,1,1,4,6,3,0,0,0,0
gen_01163,3,-7.653,ok,1,0,1,1,4,7,3,0,0,0,0
gen_01163,4,-7.625,ok,1,0,1,1,4,6,3,0,0,0,0
gen_01164,1,-7.73,ok,1,0,0,0,4,5,1,0,0,0,0
gen_01164,2,-7.626,ok,1,0,0,1,4,6,2,0,0,0,0
gen_01164,3,-7.564,ok,1,0,0,1,4,6,2,1,0,0,0
gen_01165,1,-7.142,ok,1,0,1,1,4,7,1,0,0,0,0
gen_01166,1,-7.776,ok,1,0,0,1,4,7,3,1,0,0,0
gen_01166,2,-7.553,ok,1,0,0,1,4,6,4,0,0,0,0
gen_01166,3,-7.526,ok,1,0,0,1,4,7,2,0,0,0,0
gen_01166,4,-7.503,ok,1,0,0,1,4,6,2,0,0,0,0
gen_01166,5,-7.377,ok,1,0,1,1,4,7,5,0,0,0,1
gen_01167,1,-8.356,ok,0,0,0,1,3,2,1,0,1,0,1
gen_01167,2,-8.298,ok,1,0,0,1,4,7,2,0,0,0,0
gen_01167,3,-8.29,ok,1,0,0,1,4,7,2,0,0,0,0
gen_01167,4,-8.281,ok,1,0,0,1,4,7,1,0,0,0,0
gen_01167,5,-8.272,ok,1,0,0,1,4,7,2,0,0,0,0
gen_01167,6,-8.253,ok,1,0,0,1,4,7,2,0,0,0,1
gen_01168,1,-8.13,ok,0,0,0,1,3,7,3,0,0,0,2
gen_01168,2,-8.103,ok,0,0,0,1,0,6,3,0,0,0,2
gen_01168,3,-8.095,ok,0,0,0,1,3,7,3,0,0,0,2
gen_01168,4,-8.092,ok,0,0,0,1,3,6,3,0,0,0,2
gen_01168,5,-8.065,ok,0,0,0,1,0,6,5,0,0,0,2
gen_01169,1,-8.306,ok,1,0,0,0,4,6,1,0,0,0,1
gen_01169,2,-8.204,ok,1,0,0,0,4,7,1,0,0,0,1
gen_01169,3,-8.189,ok,1,0,0,0,4,5,1,0,0,0,1
gen_01169,4,-8.177,ok,1,0,0,0,4,6,2,0,0,0,0
gen_01169,5,-7.999,ok,1,1,0,1,4,6,3,0,0,0,1
gen_01169,6,-7.945,ok,1,1,0,1,4,7,3,0,0,0,1
gen_01169,7,-7.936,ok,1,1,0,1,4,6,2,0,0,0,1
gen_01169,8,-7.912,ok,1,1,0,1,4,7,2,0,0,0,1
gen_01170,1,-8.108,ok,1,0,0,1,4,6,3,1,0,0,0
gen_01171,1,-8.076,ok,1,0,0,1,4,5,3,1,0,0,0
gen_01172,1,-7.376,ok,1,0,0,1,4,6,1,0,0,0,0
gen_01172,2,-7.336,ok,1,0,0,0,4,6,0,0,0,0,0
gen_01172,3,-7.336,ok,0,0,0,1,3,0,4,0,1,0,0
gen_01172,4,-7.291,ok,1,0,0,1,4,7,1,0,0,0,0
gen_01172,5,-7.223,ok,1,0,0,1,4,6,1,0,0,0,0
gen_01173,1,-7.821,ok,1,0,1,0,4,3,0,0,0,0,0
gen_01173,2,-7.804,ok,1,0,1,0,4,4,0,0,0,0,0
gen_01173,3,-7.712,ok,1,0,1,0,4,3,0,0,0,0,0
gen_01173,4,-7.119,ok,0,0,1,1,0,6,2,0,1,0,0
gen_01173,5,-7.097,ok,0,0,1,1,0,6,2,0,1,0,0
gen_01174,1,-7.961,ok,1,0,0,1,5,3,2,0,0,0,0
gen_01174,2,-7.921,ok,1,0,0,1,5,3,2,0,0,0,0
gen_01174,3,-7.867,ok,1,0,0,1,5,3,2,0,0,0,0
gen_01175,1,-6.697,ok,1,0,1,0,4,5,1,0,0,0,0
gen_01175,2,-6.696,ok,1,0,1,0,4,5,1,0,0,0,0
gen_01175,3,-6.563,ok,1,0,1,0,4,6,1,0,0,0,0
gen_01175,4,-6.543,ok,1,0,1,0,4,6,1,0,1,0,0
gen_01176,1,-7.156,ok,1,0,1,1,4,6,3,1,0,0,0
gen_01176,2,-7.15,ok,1,0,1,1,4,6,3,1,0,0,0
gen_01176,3,-7.145,ok,1,0,1,1,4,6,3,1,0,0,0
gen_01176,4,-7.136,ok,1,0,1,1,4,6,3,1,0,0,0
gen_01177,1,-6.453,ok,1,0,0,1,4,6,3,2,0,0,0
gen_01177,2,-6.441,ok,1,0,0,1,4,6,3,2,0,0,0
gen_01178,1,-8.218,ok,1,0,1,0,4,6,2,1,0,0,0
gen_01179,1,-8.322,ok,1,0,1,1,4,6,5,0,0,0,0
gen_01179,2,-8.298,ok,1,0,1,1,4,6,5,0,0,0,0
gen_01180,1,-8.0,ok,1,0,0,1,4,6,1,1,0,0,0
gen_01180,2,-7.961,ok,1,0,0,1,4,5,1,1,0,0,0
gen_01180,3,-7.95,ok,1,0,0,1,4,5,1,1,0,0,0
gen_01180,4,-7.934,ok,1,0,0,1,4,6,1,1,0,0,0
gen_01180,5,-7.925,ok,1,0,0,1,4,6,1,1,0,0,0
gen_01180,6,-7.908,ok,1,0,0,1,4,6,1,1,0,0,0
gen_01180,7,-7.887,ok,1,0,0,1,4,5,1,1,0,0,0
gen_01180,8,-7.868,ok,1,0,0,1,4,7,1,1,0,0,0
gen_01180,9,-7.83,ok,1,0,0,1,4,5,2,1,0,0,0
gen_01181,1,-7.342,ok,0,0,0,1,3,5,1,0,0,0,0
gen_01182,1,-7.077,ok,1,0,0,0,4,0,0,0,0,0,1
gen_01182,2,-7.015,ok,1,0,0,0,4,0,1,0,0,0,1
gen_01183,1,-7.54,ok,1,0,0,1,4,5,1,2,0,0,0
gen_01183,2,-7.462,ok,1,0,0,1,4,5,3,2,0,0,0
gen_01184,1,-8.308,ok,1,0,1,1,5,3,2,2,0,0,0
gen_01184,2,-8.304,ok,1,0,1,1,5,3,2,2,0,0,0
gen_01184,3,-7.998,ok,1,0,1,1,5,4,2,1,0,0,0
gen_01185,1,-6.842,ok,1,0,1,1,4,7,2,0,0,0,0
gen_01185,2,-6.838,ok,1,0,0,1,4,7,1,0,0,0,0
gen_01185,3,-6.819,ok,1,0,0,1,4,7,1,0,0,0,0
gen_01185,4,-6.792,ok,1,0,0,1,4,7,1,0,0,0,0
gen_01185,5,-6.71,ok,1,0,0,1,4,7,1,0,0,0,0
gen_01186,1,-7.641,ok,1,0,0,1,5,3,3,1,0,0,0
gen_01186,2,-7.614,ok,1,0,0,1,5,3,3,1,0,0,0
gen_01186,3,-7.603,ok,1,0,1,1,5,4,4,2,0,0,0
gen_01186,4,-7.594,ok,1,0,0,1,5,3,3,1,0,0,0
gen_01186,5,-7.581,ok,1,0,0,1,5,3,3,1,0,0,0
gen_01186,6,-7.58,ok,1,0,1,1,5,4,4,1,0,0,0
gen_01186,7,-7.557,ok,1,0,1,1,5,4,4,2,0,0,0
gen_01186,8,-7.524,ok,1,0,1,1,5,4,4,2,0,0,0
gen_01187,1,-7.555,ok,1,0,1,1,4,8,3,1,0,0,0
gen_01187,2,-7.548,ok,1,0,1,1,4,6,3,1,0,0,0
gen_01187,3,-7.543,ok,1,0,1,1,4,8,3,1,0,0,0
gen_01188,1,-6.597,ok,1,0,1,1,5,4,1,0,0,0,0
gen_01188,2,-6.585,ok,1,0,0,1,4,1,2,0,0,0,0
gen_01189,1,-7.876,ok,1,0,0,1,4,4,4,0,0,0,0
gen_01189,2,-7.848,ok,1,0,0,1,4,4,4,0,0,0,0
gen_01190,1,-7.413,ok,1,0,1,0,4,5,0,1,0,0,0
gen_01191,1,-6.967,ok,1,0,1,0,4,8,1,1,0,0,0
gen_01191,2,-6.9,ok,1,0,1,0,4,7,1,1,0,0,0
gen_01191,3,-6.813,ok,1,0,0,1,5,4,2,2,0,0,0
gen_01191,4,-6.81,ok,1,0,0,1,4,6,1,2,0,0,0
gen_01191,5,-6.803,ok,1,0,1,1,4,5,2,0,0,0,0
gen_01191,6,-6.732,ok,1,0,0,1,4,5,3,0,0,0,0
gen_01191,7,-6.726,ok,1,0,0,1,4,6,3,0,0,0,0
gen_01191,8,-6.648,ok,1,0,1,1,5,3,3,0,0,0,0
gen_01191,9,-6.598,ok,1,0,0,1,4,6,3,0,0,0,0
gen_01192,1,-6.749,ok,1,0,0,1,4,0,2,0,0,0,0
gen_01192,2,-6.741,ok,1,0,0,1,4,0,2,0,0,0,0
gen_01193,1,-7.871,ok,1,0,0,0,5,7,1,1,0,0,0
gen_01193,2,-7.733,ok,1,0,0,0,5,8,1,1,0,0,0
gen_01194,1,-7.102,ok,1,0,0,1,4,0,5,0,0,0,0
gen_01194,2,-7.084,ok,1,0,0,1,4,0,4,0,0,0,0
gen_01194,3,-7.037,ok,1,0,0,1,4,0,5,0,0,0,0
gen_01194,4,-7.034,ok,1,0,0,1,4,0,4,0,0,0,0
gen_01194,5,-7.014,ok,1,0,0,1,4,0,4,0,0,0,0
gen_01194,6,-7.004,ok,1,0,0,1,4,0,4,0,0,0,0
gen_01195,1,-7.454,ok,1,0,0,0,5,5,1,0,0,0,0
gen_01196,1,-6.991,ok,1,0,0,1,5,6,2,0,0,0,0
gen_01196,2,-6.908,ok,1,0,1,1,5,4,2,0,0,0,0
gen_01196,3,-6.896,ok,1,0,0,1,5,6,2,0,0,0,0
gen_01196,4,-6.865,ok,1,0,1,1,5,4,2,0,0,0,0
gen_01196,5,-6.807,ok,1,0,1,1,4,5,3,0,0,0,0
gen_01197,1,-7.569,ok,1,0,0,0,4,6,1,0,0,0,0
gen_01197,2,-7.519,ok,1,0,0,0,4,5,0,0,0,0,0
gen_01197,3,-7.487,ok,1,0,0,0,4,6,1,0,0,0,0
gen_01198,1,-7.001,ok,0,0,1,1,3,6,2,0,0,0,0
gen_01198,2,-6.969,ok,0,0,0,1,3,5,2,0,0,0,0
gen_01198,3,-6.947,ok,0,0,1,1,3,6,2,0,0,0,0
gen_01198,4,-6.834,ok,1,0,1,1,4,7,3,0,0,0,0
gen_01198,5,-6.815,ok,1,0,1,0,4,5,2,0,0,0,0
gen_01199,1,-6.993,ok,1,0,1,1,4,6,1,1,0,0,0
gen_01199,2,-6.965,ok,1,0,1,1,4,6,1,1,0,0,0
gen_01200,1,-7.718,ok,1,0,1,1,4,6,4,0,0,0,2
gen_01200,2,-7.696,ok,1,0,1,1,4,6,3,0,0,0,0
gen_01200,3,-7.69,ok,1,0,1,1,4,6,4,0,0,0,2
gen_01200,4,-7.688,ok,1,0,1,1,4,6,4,0,0,0,0
gen_01200,5,-7.666,ok,1,0,1,0,4,6,2,0,0,0,1
gen_01200,6,-7.655,ok,1,0,1,1,4,6,3,0,0,0,3
gen_01200,7,-7.64,ok,1,0,1,1,4,7,4,0,0,0,3
gen_01200,8,-7.624,ok,1,0,1,0,4,6,2,0,0,0,0
gen_01200,9,-7.481,ok,1,0,1,1,4,3,3,0,0,0,1
gen_01200,10,-7.477,ok,1,0,1,1,4,3,3,0,0,0,1
gen_01200,11,-7.457,ok,1,0,1,1,4,4,3,0,0,0,1
gen_01201,1,-7.27,ok,1,0,1,0,4,6,0,1,0,0,0
gen_01201,2,-7.266,ok,1,0,1,0,4,6,0,1,0,0,0
gen_01201,3,-7.261,ok,1,0,1,0,4,5,0,1,0,0,0
gen_01201,4,-7.253,ok,1,0,1,0,4,6,0,1,0,0,0
gen_01201,5,-7.253,ok,1,0,1,0,4,5,0,1,0,0,0
gen_01201,6,-7.249,ok,1,0,1,0,4,5,0,1,0,0,0
gen_01201,7,-7.242,ok,1,0,1,0,4,6,0,1,0,0,0
gen_01201,8,-7.242,ok,1,0,1,0,4,5,0,1,0,0,0
gen_01201,9,-7.168,ok,1,0,1,0,4,5,0,1,0,0,0
gen_01201,10,-7.158,ok,1,0,1,0,4,5,0,1,0,0,0
gen_01201,11,-7.133,ok,1,0,1,0,4,6,2,1,0,0,0
gen_01202,1,-8.431,ok,1,0,0,1,4,7,4,0,0,0,0
gen_01202,2,-8.41,ok,1,0,0,1,4,8,3,0,0,0,0
gen_01202,3,-8.38,ok,1,0,0,1,4,8,4,0,0,0,0
gen_01202,4,-8.367,ok,1,0,0,1,4,7,4,0,0,0,0
gen_01202,5,-8.188,ok,1,0,0,1,4,3,4,0,0,0,0
gen_01203,1,-7.634,ok,0,0,0,1,3,4,2,0,0,0,0
gen_01204,1,-7.849,ok,0,0,0,1,0,2,3,0,1,0,1
gen_01204,2,-7.843,ok,0,0,0,1,0,1,3,0,1,0,1
gen_01204,3,-7.794,ok,0,0,0,1,0,3,2,0,1,0,1
gen_01204,4,-7.778,ok,0,0,0,1,0,2,2,0,1,0,1
gen_01204,5,-7.771,ok,0,0,0,1,0,2,2,0,1,0,1
gen_01205,1,-7.322,ok,1,0,0,1,4,6,1,0,0,0,0
gen_01206,1,-7.856,ok,0,0,0,1,3,6,3,0,0,0,0
gen_01206,2,-7.854,ok,1,0,0,1,4,6,3,0,0,0,0
gen_01206,3,-7.851,ok,1,0,0,1,4,6,3,0,0,0,0
gen_01207,1,-7.338,ok,1,0,1,0,4,5,3,1,0,0,0
gen_01207,2,-7.333,ok,1,0,0,1,4,0,3,0,0,0,0
gen_01207,3,-7.322,ok,1,0,1,0,4,6,3,1,0,0,0
gen_01208,1,-7.483,ok,1,0,0,1,4,4,5,0,0,0,0
gen_01208,2,-7.449,ok,1,0,0,1,4,4,5,0,0,0,0
gen_01208,3,-7.432,ok,1,0,0,1,4,2,2,0,0,0,0
gen_01208,4,-7.419,ok,1,0,0,1,4,2,2,0,0,0,0
gen_01208,5,-7.391,ok,1,0,0,1,4,6,2,0,0,0,0
gen_01208,6,-7.364,ok,1,0,0,1,4,6,3,0,0,0,0
gen_01208,7,-7.34,ok,1,0,0,1,4,5,2,0,0,0,0
gen_01209,1,-7.933,ok,1,0,1,0,4,9,1,1,0,0,0
gen_01209,2,-7.887,ok,1,0,1,0,4,8,1,1,0,0,0
gen_01209,3,-7.872,ok,1,0,1,0,4,10,1,1,0,0,0
gen_01209,4,-7.87,ok,1,0,1,0,4,8,1,1,0,0,0
gen_01209,5,-7.817,ok,1,0,1,0,4,9,1,1,0,0,0
gen_01209,6,-7.739,ok,1,0,1,0,4,9,1,1,0,0,0
gen_01210,1,-7.131,ok,0,0,0,1,3,5,1,0,0,0,0
gen_01210,2,-7.103,ok,0,0,1,1,3,5,2,0,0,0,0
gen_01211,1,-7.656,ok,1,0,0,1,4,2,2,0,0,0,0
gen_01211,2,-7.622,ok,1,0,0,1,4,3,2,0,0,0,0
gen_01211,3,-7.598,ok,1,0,0,1,4,1,2,0,0,0,0
gen_01211,4,-7.586,ok,1,0,0,1,5,3,2,0,0,0,0
gen_01211,5,-7.586,ok,1,0,0,1,4,1,2,0,0,0,0
gen_01212,1,-7.789,ok,1,1,0,1,4,7,5,0,0,0,0
gen_01213,1,-6.76,ok,1,0,1,1,4,6,3,0,0,0,0
gen_01213,2,-6.758,ok,1,0,1,1,4,5,3,0,0,0,0
gen_01213,3,-6.712,ok,1,0,0,1,4,5,2,0,0,0,0
gen_01214,1,-8.0,ok,1,0,0,1,4,6,5,0,0,0,0
gen_01214,2,-7.932,ok,1,0,1,1,4,6,5,0,0,0,0
gen_01215,1,-7.551,ok,1,0,0,1,4,7,2,0,2,0,0
gen_01215,2,-7.529,ok,1,0,0,1,4,7,2,0,2,0,0
gen_01215,3,-7.417,ok,1,0,0,1,4,7,2,0,2,0,0
gen_01215,4,-7.4,ok,1,0,0,1,4,6,2,0,2,0,0
gen_01215,5,-7.396,ok,1,0,0,1,4,6,2,0,2,0,0
gen_01215,6,-7.29,ok,1,0,0,1,4,2,1,0,0,0,0
gen_01215,7,-7.287,ok,1,0,0,1,4,2,1,0,0,0,0
gen_01215,8,-7.281,ok,1,0,0,1,4,2,1,0,0,0,0
gen_01216,1,-7.657,ok,1,0,0,0,4,8,2,0,0,0,0
gen_01216,2,-7.633,ok,1,0,0,0,4,7,2,0,0,0,0
gen_01216,3,-7.562,ok,1,0,0,0,4,7,1,0,0,0,0
gen_01217,1,-7.568,ok,1,0,0,1,5,3,4,0,0,0,0
gen_01217,2,-7.53,ok,1,0,0,1,5,3,4,0,0,0,0
gen_01218,1,-8.374,ok,1,0,1,1,4,6,1,0,0,0,0
gen_01218,2,-8.346,ok,1,0,0,1,4,5,3,0,1,0,0
gen_01218,3,-8.263,ok,1,0,0,1,4,5,3,0,1,0,0
gen_01219,1,-6.601,ok,0,0,0,0,3,6,1,0,0,0,0
gen_01219,2,-6.57,ok,1,0,0,0,4,6,1,0,0,0,0
gen_01220,1,-7.441,ok,1,0,0,0,4,6,1,0,0,0,0
gen_01220,2,-7.432,ok,1,0,0,0,4,5,1,0,0,0,0
gen_01220,3,-7.428,ok,1,0,0,0,4,6,1,0,0,0,0
gen_01220,4,-7.423,ok,1,0,0,0,4,6,1,0,0,0,0
gen_01220,5,-7.37,ok,1,0,0,0,4,5,1,0,0,0,0
gen_01220,6,-7.344,ok,1,0,0,0,4,5,1,0,0,0,0
gen_01220,7,-6.645,ok,0,0,0,1,3,1,3,0,0,0,0
gen_01220,8,-6.64,ok,0,0,1,1,0,2,3,0,0,0,0
gen_01220,9,-6.639,ok,0,0,0,1,3,1,2,0,0,0,0
gen_01220,10,-6.629,ok,0,0,0,1,3,1,2,0,0,0,0
gen_01220,11,-6.613,ok,0,0,0,1,3,1,1,0,0,0,0
gen_01220,12,-6.6,ok,0,0,0,1,3,1,3,0,0,0,0
gen_01221,1,-7.007,ok,1,0,1,0,4,5,0,2,0,0,0
gen_01221,2,-6.981,ok,1,0,0,1,5,3,4,0,0,0,0
gen_01221,3,-6.965,ok,1,0,0,1,5,3,3,0,0,0,0
gen_01222,1,-7.388,ok,1,0,0,1,4,0,3,0,0,0,0
gen_01222,2,-7.385,ok,1,0,0,1,4,0,3,0,0,0,0
gen_01223,1,-8.032,ok,1,0,0,1,4,6,4,0,0,0,0
gen_01223,2,-7.996,ok,1,0,0,1,4,5,4,0,0,0,0
gen_01223,3,-7.948,ok,1,0,0,1,4,2,4,0,0,0,0
gen_01224,1,-7.95,ok,1,0,1,1,4,7,5,0,0,0,1
gen_01225,1,-7.235,ok,0,0,0,1,3,1,1,0,1,0,0
gen_01225,2,-7.23,ok,0,0,0,1,3,0,1,0,1,0,0
gen_01225,3,-7.217,ok,0,0,0,1,3,0,1,0,1,0,0
gen_01225,4,-7.203,ok,0,0,0,1,3,0,1,0,1,0,0
gen_01225,5,-7.156,ok,1,0,0,1,4,3,2,0,0,0,0
gen_01225,6,-7.105,ok,1,0,0,1,4,3,2,0,0,0,0
gen_01226,1,-7.322,ok,1,0,0,1,4,5,2,2,0,0,0
gen_01227,1,-6.762,ok,1,0,0,1,4,6,3,0,0,0,0
gen_01227,2,-6.731,ok,1,0,1,1,4,0,3,0,0,0,0
gen_01227,3,-6.695,ok,1,0,1,1,4,0,3,0,0,0,0
gen_01228,1,-7.139,ok,1,0,0,1,4,6,2,0,0,0,0
gen_01228,2,-7.06,ok,1,0,1,0,4,5,3,0,0,0,0
gen_01228,3,-7.013,ok,1,0,1,0,4,5,3,0,0,0,0
gen_01228,4,-6.956,ok,1,0,1,0,4,6,3,0,0,0,0
gen_01229,1,-7.303,ok,1,0,0,1,4,7,2,0,0,0,0
gen_01230,1,-8.58,ok,1,0,0,1,4,5,4,1,0,0,0
gen_01230,2,-8.49,ok,1,0,0,1,4,5,4,1,0,0,0
gen_01231,1,-6.884,ok,1,0,0,1,4,6,2,0,0,0,0
gen_01232,1,-7.634,ok,1,0,1,1,4,6,4,0,0,0,0
gen_01232,2,-7.598,ok,1,0,1,1,4,6,5,0,0,0,0
gen_01232,3,-7.585,ok,1,0,1,1,4,6,5,0,0,0,0
gen_01232,4,-7.584,ok,1,0,1,1,4,7,5,0,0,0,0
gen_01232,5,-7.574,ok,1,0,1,1,4,6,5,0,0,0,0
gen_01232,6,-7.547,ok,1,0,1,1,4,6,6,0,0,0,0
gen_01232,7,-7.475,ok,1,0,0,1,4,5,3,0,0,0,0
gen_01233,1,-7.688,ok,1,0,0,1,4,6,2,1,0,0,0
gen_01233,2,-7.68,ok,1,0,0,1,4,6,2,2,0,0,0
gen_01233,3,-7.677,ok,1,0,0,1,4,6,2,2,0,0,0
gen_01233,4,-7.674,ok,1,0,0,1,4,6,2,1,0,0,0
gen_01233,5,-7.67,ok,1,0,0,1,4,6,2,1,0,0,0
gen_01233,6,-7.664,ok,1,0,0,1,4,6,2,2,0,0,0
gen_01233,7,-7.662,ok,1,0,0,1,4,6,2,2,0,0,0
gen_01233,8,-7.662,ok,1,0,0,1,4,6,3,1,0,0,0
gen_01233,9,-7.659,ok,1,0,0,1,4,6,2,1,0,0,0
gen_01233,10,-7.642,ok,1,0,0,1,4,6,2,2,0,0,0
gen_01233,11,-7.638,ok,1,0,0,1,4,6,2,2,0,0,0
gen_01234,1,-7.349,ok,0,0,0,1,0,2,2,0,0,0,0
gen_01234,2,-7.344,ok,0,0,0,1,0,2,2,0,0,0,0
gen_01234,3,-7.326,ok,0,0,0,1,0,2,2,0,0,0,0
gen_01235,1,-7.467,ok,0,0,0,1,3,4,2,0,0,0,0
gen_01235,2,-7.413,ok,0,0,0,1,3,4,2,0,0,0,0
gen_01235,3,-7.394,ok,0,0,0,1,3,4,2,0,0,0,0
gen_01236,1,-7.491,ok,1,0,1,1,4,5,3,0,1,0,0
gen_01236,2,-7.486,ok,1,0,1,1,4,4,3,0,1,0,0
gen_01236,3,-7.472,ok,1,0,1,1,4,5,3,0,1,0,0
gen_01237,1,-7.617,ok,1,1,0,1,4,7,3,0,0,0,0
gen_01237,2,-7.596,ok,1,1,0,1,4,7,3,0,0,0,0
gen_01238,1,-7.226,ok,0,0,0,1,0,1,2,0,1,0,0
gen_01238,2,-7.109,ok,0,0,0,1,0,1,2,0,1,0,0
gen_01238,3,-7.099,ok,0,0,0,1,0,0,4,1,0,0,1
gen_01238,4,-7.034,ok,0,0,0,1,0,2,2,0,0,0,0
gen_01238,5,-7.029,ok,0,0,0,1,0,0,5,0,0,0,0
gen_01238,6,-6.997,ok,0,0,1,1,0,2,4,0,0,0,0
gen_01238,7,-6.98,ok,0,0,0,1,0,1,2,0,1,0,0
gen_01238,8,-6.914,ok,0,0,0,0,3,2,1,0,0,0,0
gen_01238,9,-6.88,ok,0,0,0,1,3,1,1,0,0,0,0
gen_01238,10,-6.868,ok,0,0,0,1,3,3,1,0,0,0,0
gen_01238,11,-6.829,ok,0,0,0,1,0,1,4,1,0,0,1
gen_01238,12,-6.771,ok,0,0,0,0,0,1,2,0,1,0,0
gen_01239,1,-7.6,ok,1,0,1,1,4,6,3,0,0,0,0
gen_01239,2,-7.499,ok,1,0,1,1,4,6,3,0,0,0,0
gen_01239,3,-7.409,ok,1,0,0,1,4,6,2,0,0,0,0
gen_01240,1,-7.295,ok,1,0,0,1,4,6,2,0,0,0,0
gen_01240,2,-7.263,ok,0,0,0,1,3,6,2,0,0,0,0
gen_01240,3,-7.239,ok,1,0,0,1,4,5,2,0,0,0,0
gen_01240,4,-7.214,ok,1,0,0,1,4,6,3,0,0,0,0
gen_01240,5,-7.14,ok,1,0,1,1,4,6,3,0,0,0,0
gen_01240,6,-7.107,ok,1,0,0,1,4,6,2,0,0,0,0
gen_01240,7,-7.102,ok,1,0,0,1,4,6,2,0,0,0,0
gen_01241,1,-6.852,ok,1,0,1,0,4,5,1,1,0,0,0
gen_01241,2,-6.843,ok,1,0,1,0,4,5,1,1,0,0,0
gen_01241,3,-6.836,ok,1,0,1,0,4,5,1,1,0,0,0
gen_01241,4,-6.82,ok,1,0,1,0,4,5,1,1,0,0,0
gen_01241,5,-6.79,ok,1,0,1,0,4,5,0,1,0,0,0
gen_01241,6,-6.774,ok,1,0,1,0,4,5,0,1,0,0,0
gen_01241,7,-6.528,ok,1,0,0,0,4,5,1,0,0,0,0
gen_01242,1,-6.964,ok,1,0,0,1,4,5,3,1,0,0,0
gen_01242,2,-6.948,ok,1,0,0,1,4,5,3,1,0,0,1
gen_01242,3,-6.918,ok,1,0,0,1,4,5,3,1,0,0,0
gen_01243,1,-7.958,ok,0,0,1,1,3,6,4,0,0,0,0
gen_01243,2,-7.921,ok,0,0,0,1,3,6,2,0,0,0,0
gen_01243,3,-7.895,ok,0,0,0,1,3,6,2,0,0,0,0
gen_01243,4,-7.858,ok,0,0,1,1,3,6,4,0,0,0,0
gen_01244,1,-118.906,ok,0,0,0,0,0,0,0,0,0,0,0
gen_01244,2,-109.38,ok,0,0,1,0,0,1,0,1,0,0,0
gen_01245,1,-7.877,ok,1,0,0,1,4,7,3,0,0,0,0
gen_01245,2,-7.603,ok,1,0,0,1,4,2,3,0,0,0,0
gen_01245,3,-7.596,ok,1,0,0,1,4,3,3,0,0,0,0
gen_01245,4,-7.579,ok,1,0,0,1,4,3,3,0,0,0,0
gen_01245,5,-7.495,ok,1,0,1,0,4,5,4,0,0,0,0
gen_01245,6,-7.321,ok,0,0,0,1,3,5,4,0,0,0,0
gen_01246,1,-8.111,ok,1,0,1,1,4,8,2,1,0,0,0
gen_01246,2,-8.111,ok,1,0,1,1,4,7,2,1,0,0,0
gen_01246,3,-8.071,ok,1,0,1,1,4,8,2,1,0,0,0
gen_01246,4,-8.043,ok,1,0,1,0,4,8,1,1,0,0,0
gen_01246,5,-8.012,ok,1,0,0,0,5,2,0,0,0,0,0
gen_01247,1,-8.193,ok,1,0,0,1,5,3,2,1,0,0,0
gen_01247,2,-8.156,ok,1,0,0,1,4,3,2,1,0,0,0
gen_01247,3,-8.124,ok,1,0,0,1,5,3,3,1,0,0,0
gen_01247,4,-8.124,ok,1,0,0,1,4,3,3,1,0,0,0
gen_01247,5,-8.104,ok,1,0,0,1,5,3,2,1,0,0,0
gen_01247,6,-8.076,ok,1,0,0,1,5,3,2,1,0,0,0
gen_01247,7,-8.058,ok,1,0,0,1,4,4,1,1,0,0,0
gen_01247,8,-8.04,ok,1,0,0,1,5,3,3,1,0,0,0
gen_01248,1,-7.766,ok,0,0,0,1,3,6,2,0,0,0,0
gen_01249,1,-6.79,ok,0,0,0,1,0,3,6,0,0,0,0
gen_01249,2,-6.726,ok,0,0,0,1,0,3,5,0,0,0,0
gen_01249,3,-6.726,ok,0,0,0,1,0,3,6,0,0,0,0
gen_01249,4,-6.661,ok,0,0,0,1,0,3,5,0,0,0,0
gen_01250,1,-6.727,ok,0,0,0,1,3,2,2,0,0,0,0
gen_01250,2,-6.7,ok,0,0,0,0,3,4,0,0,0,0,0
gen_01251,1,-7.807,ok,1,0,1,1,5,4,4,1,0,0,0
gen_01251,2,-7.802,ok,1,0,1,1,5,4,4,1,0,0,0
gen_01251,3,-7.779,ok,1,0,1,1,5,4,4,1,0,0,0
gen_01251,4,-7.766,ok,1,0,1,1,5,4,4,1,0,0,0
gen_01251,5,-7.75,ok,1,0,1,1,5,4,4,1,0,0,0
gen_01251,6,-7.737,ok,1,0,1,1,5,4,4,1,0,0,0
gen_01251,7,-7.722,ok,1,0,1,1,5,4,4,1,0,0,0
gen_01251,8,-7.722,ok,1,0,1,1,5,4,4,1,0,0,0
gen_01251,9,-7.6,ok,1,0,1,1,4,2,4,1,0,0,0
gen_01251,10,-7.583,ok,1,0,1,1,4,2,4,1,0,0,0
gen_01251,11,-7.538,ok,1,0,1,1,4,6,3,0,0,0,0
gen_01252,1,-6.555,ok,1,0,1,0,4,5,2,0,0,0,0
gen_01253,1,-7.67,ok,0,0,1,1,3,5,3,0,0,0,0
gen_01253,2,-7.655,ok,0,0,1,1,3,5,3,0,0,0,0
gen_01253,3,-7.653,ok,0,0,1,1,3,5,3,0,0,0,0
gen_01253,4,-7.653,ok,0,0,1,1,3,5,2,0,0,0,0
gen_01253,5,-7.639,ok,0,0,1,1,3,5,3,0,0,0,0
gen_01253,6,-7.625,ok,0,0,1,1,3,5,2,0,0,0,0
gen_01254,1,-7.713,ok,1,0,0,1,4,7,1,0,0,0,0
gen_01254,2,-7.71,ok,1,0,0,1,4,7,1,0,0,0,0
gen_01255,1,-8.63,ok,1,0,1,1,4,3,3,0,0,0,0
gen_01255,2,-8.63,ok,1,0,1,1,4,3,3,0,0,0,0
gen_01255,3,-8.531,ok,1,0,1,1,4,3,3,0,0,0,0
gen_01255,4,-8.528,ok,1,0,1,1,4,3,4,0,0,0,0
gen_01256,1,-7.158,ok,0,0,1,0,3,1,3,0,0,0,0
gen_01256,2,-7.149,ok,0,0,1,0,3,1,3,0,0,0,0
gen_01256,3,-7.148,ok,0,0,1,0,3,2,2,0,2,0,1
gen_01256,4,-7.139,ok,0,0,1,0,3,1,3,0,0,0,0
gen_01256,5,-7.131,ok,0,0,1,0,3,1,3,0,0,0,0
gen_01256,6,-7.128,ok,0,0,1,0,3,2,2,0,2,0,0
gen_01256,7,-7.09,ok,0,0,1,0,3,1,2,0,2,0,1
gen_01256,8,-7.077,ok,0,0,1,0,3,1,2,0,0,0,0
gen_01256,9,-7.06,ok,0,0,1,1,0,2,2,0,0,0,1
gen_01257,1,-8.533,ok,1,0,0,1,5,5,3,0,0,0,0
gen_01257,2,-8.521,ok,1,0,0,1,5,5,3,0,0,0,0
gen_01258,1,-7.219,ok,1,0,0,1,4,6,2,0,0,0,0
gen_01258,2,-7.205,ok,1,0,0,1,4,6,2,0,0,0,0
gen_01258,3,-7.19,ok,1,1,0,1,4,6,1,0,0,0,0
gen_01259,1,-22.143,ok,0,0,1,1,0,0,5,0,1,0,0
gen_01259,2,-21.892,ok,0,0,1,1,0,2,2,0,0,0,0
gen_01259,3,-19.62,ok,0,0,0,1,0,0,7,0,1,0,1
gen_01260,1,-6.684,ok,1,0,1,1,4,7,2,0,0,0,0
gen_01260,2,-6.674,ok,1,0,1,1,4,7,2,0,0,0,0
gen_01261,1,-6.682,ok,0,0,1,1,0,2,5,0,0,0,0
gen_01261,2,-6.666,ok,0,0,1,1,0,2,5,0,0,0,0
gen_01261,3,-6.572,ok,0,0,1,1,0,2,5,0,0,0,0
gen_01261,4,-6.435,ok,0,0,1,1,0,1,6,0,0,0,0
gen_01261,5,-6.391,ok,0,0,1,0,3,2,3,0,0,0,0
gen_01261,6,-6.376,ok,0,0,1,0,3,2,3,0,0,0,0
gen_01261,7,-6.33,ok,0,0,1,0,3,2,3,0,0,0,0
gen_01261,8,-6.247,ok,1,1,0,1,4,6,4,0,0,0,0
gen_01262,1,-8.785,ok,1,0,0,1,4,8,2,1,1,0,0
gen_01262,2,-8.734,ok,1,0,0,1,4,8,2,1,1,0,0
gen_01262,3,-8.672,ok,1,0,0,1,4,8,2,1,1,0,0
gen_01263,1,-7.752,ok,1,0,0,1,5,3,4,0,0,0,0
gen_01263,2,-7.672,ok,0,0,0,1,3,2,2,0,0,0,0
gen_01263,3,-7.641,ok,0,0,1,1,3,3,2,0,0,0,0
gen_01263,4,-7.637,ok,0,0,1,1,3,3,2,0,0,0,0
gen_01263,5,-7.603,ok,0,0,0,1,3,2,2,0,0,0,0
gen_01263,6,-7.573,ok,1,0,0,1,4,2,3,0,0,0,0
gen_01264,1,-7.783,ok,0,0,0,1,3,7,4,0,0,0,0
gen_01264,2,-7.768,ok,0,0,0,1,3,6,4,0,0,0,0
gen_01264,3,-7.694,ok,1,0,0,1,4,6,2,0,0,0,0
gen_01264,4,-7.635,ok,1,0,0,1,4,6,2,0,0,0,0
gen_01265,1,-7.228,ok,1,0,0,1,4,6,4,0,0,0,0
gen_01266,1,-7.838,ok,1,0,0,1,5,3,3,0,0,0,1
gen_01266,2,-7.577,ok,1,0,1,1,4,9,2,0,0,0,0
gen_01266,3,-7.442,ok,1,0,0,0,4,6,2,0,0,0,1
gen_01266,4,-7.367,ok,1,0,0,1,4,4,3,0,0,0,1
gen_01267,1,-7.68,ok,1,0,0,1,4,5,3,0,0,0,0
gen_01267,2,-7.675,ok,1,0,0,1,4,5,3,0,0,0,0
gen_01267,3,-7.662,ok,1,0,0,1,4,6,2,0,0,0,0
gen_01267,4,-7.653,ok,1,0,0,1,4,5,4,0,0,0,0
gen_01267,5,-7.653,ok,1,0,0,1,4,5,3,0,0,0,0
gen_01267,6,-7.628,ok,1,0,0,1,4,6,3,0,0,0,0
gen_01268,1,-7.209,ok,1,0,0,1,4,6,2,0,0,0,0
gen_01268,2,-7.162,ok,1,0,1,1,4,5,3,0,0,0,0
gen_01268,3,-7.143,ok,1,0,1,1,4,5,3,0,0,0,0
gen_01268,4,-7.057,ok,1,0,0,1,4,5,2,0,0,0,0
gen_01269,1,-7.156,ok,1,0,1,1,4,5,3,0,0,0,0
gen_01269,2,-7.145,ok,1,0,1,1,4,6,3,0,0,0,0
gen_01269,3,-7.128,ok,1,0,1,1,4,5,3,0,0,0,0
gen_01269,4,-7.113,ok,1,0,1,1,4,5,3,0,0,0,0
gen_01270,1,-7.908,ok,1,0,1,0,4,6,2,1,1,0,0
gen_01270,2,-7.889,ok,1,0,0,1,5,3,5,0,1,0,0
gen_01270,3,-7.868,ok,1,0,1,1,4,6,3,0,0,0,0
gen_01270,4,-7.861,ok,1,0,1,1,4,6,4,0,0,0,0
gen_01271,1,-8.106,ok,0,0,1,0,0,4,3,1,0,0,0
gen_01271,2,-8.038,ok,0,0,1,0,0,4,3,1,0,0,0
gen_01271,3,-7.853,ok,0,0,0,1,3,1,3,0,0,0,0
gen_01271,4,-7.826,ok,0,0,0,1,3,1,3,0,0,0,0
gen_01271,5,-7.72,ok,0,0,0,1,3,1,3,0,0,0,0
gen_01271,6,-7.687,ok,0,0,0,1,3,1,3,0,0,0,0
gen_01272,1,-6.674,ok,1,0,0,1,4,5,3,0,0,0,0
gen_01272,2,-6.561,ok,1,0,0,1,4,5,3,0,0,0,0
gen_01273,1,-7.462,ok,0,0,0,1,3,6,1,0,0,0,0
gen_01274,1,-7.109,ok,1,0,0,1,4,5,3,0,0,0,0
gen_01275,1,-7.318,ok,0,0,0,1,3,5,3,0,0,0,0
gen_01275,2,-7.28,ok,0,0,0,1,3,5,3,0,0,0,0
gen_01275,3,-7.191,ok,0,0,1,1,3,4,2,1,0,0,0
gen_01275,4,-7.186,ok,0,0,0,1,3,6,3,0,0,0,0
gen_01275,5,-7.181,ok,0,0,1,1,3,4,2,1,0,0,0
gen_01275,6,-7.137,ok,0,0,1,1,3,4,1,1,0,0,0
gen_01275,7,-7.136,ok,1,0,0,1,4,0,3,0,0,0,0
gen_01275,8,-7.121,ok,0,0,0,1,3,6,3,0,0,0,0
gen_01275,9,-7.102,ok,1,0,0,1,4,0,2,0,0,0,0
gen_01275,10,-7.066,ok,0,0,1,1,0,5,1,1,0,0,0
gen_01276,1,-8.047,ok,1,1,0,1,4,8,3,0,0,0,0
gen_01276,2,-7.947,ok,0,0,0,1,3,5,2,0,0,0,0
gen_01276,3,-7.924,ok,1,1,0,1,4,9,3,0,0,0,0
gen_01277,1,-7.754,ok,1,0,0,1,4,5,2,0,0,0,0
gen_01277,2,-7.738,ok,1,0,0,1,4,5,2,0,0,0,0
gen_01278,1,-7.003,ok,1,0,0,1,4,6,2,0,0,0,0
gen_01278,2,-6.997,ok,1,0,0,1,4,6,2,0,0,0,0
gen_01279,1,-7.675,ok,0,0,0,1,3,5,3,0,0,0,0
gen_01279,2,-7.667,ok,0,0,0,1,3,5,3,0,0,0,0
gen_01279,3,-7.657,ok,0,0,0,1,3,5,3,0,0,0,0
gen_01279,4,-7.643,ok,0,0,0,1,3,3,4,0,0,0,0
gen_01279,5,-7.529,ok,0,0,0,1,3,5,4,0,0,0,0
gen_01279,6,-7.398,ok,0,0,0,1,3,5,3,0,0,0,0
gen_01279,7,-7.375,ok,0,0,0,1,3,5,3,0,0,0,0
gen_01280,1,-6.772,ok,1,0,1,0,4,5,0,1,0,0,0
gen_01280,2,-6.717,ok,1,0,1,0,4,5,0,1,0,0,0
gen_01281,1,-8.775,ok,1,0,1,1,4,8,5,0,0,0,0
gen_01282,1,-7.987,ok,0,0,0,1,3,5,4,0,0,0,1
gen_01282,2,-7.968,ok,0,0,0,1,3,5,4,0,0,0,1
gen_01282,3,-7.963,ok,0,0,0,1,3,5,4,0,0,0,1
gen_01282,4,-7.952,ok,0,0,0,1,3,5,4,0,0,0,1
gen_01282,5,-7.95,ok,0,0,0,1,3,5,4,0,0,0,1
gen_01282,6,-7.939,ok,0,0,0,1,3,5,4,0,0,0,1
gen_01282,7,-7.922,ok,0,0,0,1,3,5,4,1,0,0,1
gen_01282,8,-7.883,ok,0,0,0,1,3,5,4,1,0,0,1
gen_01282,9,-7.883,ok,0,0,0,1,3,5,4,0,0,0,1
gen_01282,10,-7.832,ok,0,0,0,1,3,5,4,0,0,0,0
gen_01282,11,-7.823,ok,1,0,0,1,4,4,5,0,0,0,0
gen_01283,1,-7.694,ok,0,0,0,1,3,4,2,0,0,0,0
gen_01284,1,-6.433,ok,1,0,1,1,4,6,2,0,0,0,0
gen_01284,2,-6.423,ok,1,0,1,1,4,6,2,0,0,0,0
gen_01284,3,-6.383,ok,1,0,1,1,4,7,2,0,0,0,0
gen_01284,4,-6.378,ok,1,0,1,1,4,6,2,0,0,0,0
gen_01284,5,-6.321,ok,1,0,1,1,4,6,2,0,0,0,0
gen_01284,6,-6.294,ok,1,0,1,1,4,7,2,0,0,0,0
gen_01284,7,-6.288,ok,1,0,0,1,4,5,2,1,0,0,0
gen_01285,1,-8.034,ok,0,1,0,1,3,6,3,0,0,0,0
gen_01286,1,-7.685,ok,1,0,1,1,4,8,2,0,0,0,0
gen_01286,2,-7.683,ok,1,0,1,1,4,8,2,0,0,0,0
gen_01286,3,-7.664,ok,1,0,1,1,4,7,2,0,0,0,0
gen_01287,1,-7.155,ok,1,0,0,1,5,5,2,0,0,0,0
gen_01287,2,-7.094,ok,1,0,0,1,5,5,2,0,0,0,0
gen_01287,3,-7.043,ok,1,0,1,1,5,6,2,0,0,0,0
gen_01287,4,-6.893,ok,1,0,0,1,5,4,2,0,1,0,0
gen_01288,1,-8.004,ok,1,0,0,1,4,4,2,0,0,0,1
gen_01288,2,-7.991,ok,1,0,0,1,4,4,2,0,0,0,1
gen_01288,3,-7.979,ok,1,0,0,1,4,4,2,0,0,0,1
gen_01289,1,-7.705,ok,1,0,1,1,5,4,4,0,1,0,0
gen_01289,2,-7.698,ok,1,0,1,1,5,4,4,0,1,0,0
gen_01289,3,-7.597,ok,1,0,1,1,4,6,5,0,1,0,0
gen_01289,4,-7.594,ok,1,0,1,1,4,6,5,0,1,0,0
gen_01289,5,-7.579,ok,1,0,1,1,5,4,5,0,1,0,0
gen_01289,6,-7.475,ok,1,0,1,1,4,7,4,0,1,0,0
gen_01290,1,-7.179,ok,1,0,1,0,4,5,0,2,0,0,0
gen_01290,2,-7.171,ok,1,0,1,0,4,5,0,2,0,0,0
gen_01290,3,-7.111,ok,1,0,1,0,4,5,0,2,0,0,0
gen_01290,4,-6.916,ok,1,0,0,0,5,4,2,0,0,0,0
gen_01290,5,-6.907,ok,1,0,0,0,5,4,2,0,0,0,0
gen_01291,1,-6.992,ok,1,0,1,1,4,6,1,0,0,0,2
gen_01291,2,-6.81,ok,1,0,1,1,4,5,3,0,0,0,2
gen_01292,1,-7.06,ok,1,0,0,1,4,0,3,0,0,0,0
gen_01293,1,-7.554,ok,1,0,0,0,4,7,0,0,0,0,0
gen_01293,2,-7.551,ok,1,0,0,1,4,7,1,0,0,0,0
gen_01293,3,-7.514,ok,1,0,0,0,4,6,0,0,0,0,0
gen_01294,1,-6.864,ok,1,0,0,1,4,8,3,0,0,0,0
gen_01294,2,-6.8,ok,1,0,0,1,4,7,3,0,0,0,0
gen_01294,3,-6.724,ok,1,0,0,1,5,4,3,0,0,0,0
gen_01294,4,-6.708,ok,1,0,0,1,4,6,3,0,0,0,0
gen_01294,5,-6.675,ok,1,0,0,1,4,7,3,0,0,0,0
gen_01294,6,-6.642,ok,1,0,0,1,4,7,2,0,0,0,0
gen_01294,7,-6.625,ok,1,0,0,1,4,7,2,0,0,0,0
gen_01294,8,-6.605,ok,1,0,0,1,4,7,2,0,0,0,0
gen_01295,1,-8.914,ok,1,0,0,1,4,4,6,0,0,0,0
gen_01295,2,-8.896,ok,1,0,0,1,4,4,6,0,0,0,0
gen_01295,3,-8.128,ok,1,0,0,1,4,3,2,0,0,0,0
gen_01296,1,-7.155,ok,0,0,0,1,3,6,2,0,0,0,0
gen_01296,2,-7.131,ok,0,0,0,1,3,6,2,0,0,0,0
gen_01296,3,-7.065,ok,0,0,1,1,3,6,2,0,0,0,0
gen_01297,1,-7.345,ok,1,0,0,1,4,6,5,0,0,0,0
gen_01297,2,-7.315,ok,1,0,0,1,4,5,5,0,0,0,0
gen_01297,3,-7.311,ok,1,0,0,1,4,6,5,0,0,0,0
gen_01297,4,-7.31,ok,1,0,0,1,4,6,5,0,0,0,0
gen_01297,5,-7.263,ok,1,0,0,1,4,5,5,0,0,0,0
gen_01298,1,-7.036,ok,1,0,1,0,4,5,0,0,0,0,1
gen_01298,2,-7.009,ok,1,0,1,0,4,5,0,0,0,0,1
gen_01298,3,-7.003,ok,1,0,1,0,4,5,0,0,0,0,1
gen_01299,1,-6.918,ok,0,0,1,1,3,6,3,0,0,0,0
gen_01299,2,-6.824,ok,0,0,1,1,3,6,3,0,0,0,0
gen_01300,1,-7.23,ok,1,0,1,0,4,6,3,0,0,0,0
gen_01300,2,-7.211,ok,1,0,1,0,4,6,3,0,0,0,0
gen_01301,1,-7.681,ok,0,1,0,1,3,7,2,0,0,0,0
gen_01302,1,-8.745,ok,1,1,0,1,4,8,3,0,0,0,1
gen_01302,2,-8.698,ok,1,1,0,1,4,7,5,0,0,0,0
gen_01302,3,-8.625,ok,1,1,0,1,4,8,5,0,0,0,0
gen_01303,1,-7.139,ok,1,0,0,1,4,5,2,0,0,0,0
gen_01304,1,-6.895,ok,1,0,0,1,4,0,2,0,0,0,0
gen_01304,2,-6.889,ok,1,0,0,1,4,1,2,0,0,0,0
gen_01304,3,-6.826,ok,0,0,0,1,3,5,2,0,0,0,0
gen_01304,4,-6.821,ok,0,0,0,1,3,6,2,0,0,0,0
gen_01304,5,-6.781,ok,1,0,1,0,4,4,0,1,0,0,0
gen_01304,6,-6.746,ok,1,0,1,0,4,4,0,1,0,0,0
gen_01304,7,-6.712,ok,1,0,0,1,4,3,3,1,0,0,0
gen_01304,8,-6.706,ok,1,0,1,0,4,5,0,1,0,0,0
gen_01305,1,-7.118,ok,0,0,0,1,3,6,2,0,0,0,0
gen_01305,2,-7.111,ok,0,0,0,1,3,6,2,0,0,0,0
gen_01306,1,-7.078,ok,0,0,1,0,0,0,3,1,0,0,2
gen_01306,2,-7.062,ok,0,0,1,0,0,1,3,1,0,0,2
gen_01306,3,-7.018,ok,0,0,1,0,0,0,3,1,0,0,2
gen_01306,4,-6.842,ok,0,0,1,1,0,3,2,0,0,0,0
gen_01306,5,-6.839,ok,0,0,1,1,0,3,1,0,0,0,0
gen_01306,6,-6.838,ok,0,0,1,1,0,3,1,0,0,0,0
gen_01306,7,-6.809,ok,1,0,0,1,4,2,3,0,0,0,1
gen_01306,8,-6.799,ok,0,0,0,1,0,2,2,0,0,0,1
gen_01306,9,-6.764,ok,1,0,0,1,4,2,3,0,0,0,1
gen_01307,1,-8.596,ok,1,0,1,1,4,4,2,1,0,0,0
gen_01307,2,-8.587,ok,1,0,1,1,4,4,2,1,0,0,0
gen_01307,3,-8.532,ok,1,0,1,1,4,4,3,1,0,0,0
gen_01308,1,-7.198,ok,1,0,0,1,4,0,5,0,0,0,0
gen_01308,2,-7.182,ok,1,0,0,1,4,0,4,0,0,0,0
gen_01308,3,-7.165,ok,1,0,0,1,4,0,5,0,0,0,0
gen_01308,4,-7.145,ok,1,0,1,1,4,0,6,0,0,0,0
gen_01308,5,-7.123,ok,1,0,0,1,4,0,5,0,0,0,0
gen_01308,6,-7.123,ok,1,0,1,1,4,0,3,0,0,0,0
gen_01308,7,-7.041,ok,1,0,0,1,4,6,4,0,0,0,0
gen_01309,1,-8.51,ok,1,0,0,1,5,5,4,0,0,0,0
gen_01309,2,-8.487,ok,1,0,0,1,5,5,5,0,0,0,1
gen_01309,3,-8.4,ok,1,0,0,1,5,5,3,0,0,0,0
gen_01309,4,-8.394,ok,1,0,0,1,5,5,3,0,0,0,0
gen_01309,5,-8.382,ok,1,0,0,1,5,5,6,0,0,0,1
gen_01309,6,-8.378,ok,1,0,0,1,5,5,5,0,0,0,1
gen_01309,7,-8.27,ok,1,0,0,1,5,5,6,0,0,0,1
gen_01309,8,-8.211,ok,1,0,0,1,5,5,5,0,0,0,0
gen_01309,9,-8.129,ok,1,0,0,1,5,5,4,0,0,0,1
gen_01309,10,-7.808,ok,1,0,0,1,4,1,2,0,0,0,1
gen_01309,11,-7.788,ok,1,0,0,1,4,1,2,0,0,0,1
gen_01309,12,-7.785,ok,1,0,0,1,4,1,3,0,0,0,1
gen_01309,13,-7.776,ok,1,0,0,1,4,1,2,0,0,0,1
gen_01309,14,-7.763,ok,1,0,0,1,4,0,3,0,0,0,1
gen_01310,1,-7.096,ok,1,0,0,1,4,5,3,0,0,0,0
gen_01311,1,-6.831,ok,1,0,1,0,4,8,1,0,0,0,0
gen_01311,2,-6.781,ok,1,0,1,0,4,8,1,0,0,0,0
gen_01311,3,-6.761,ok,1,0,1,1,5,5,2,0,0,0,0
gen_01311,4,-6.673,ok,1,0,1,1,5,5,2,0,0,0,0
gen_01311,5,-6.609,ok,1,0,0,1,4,4,2,1,0,0,0
gen_01311,6,-6.6,ok,1,0,0,1,4,5,2,1,0,0,0
gen_01312,1,-72.705,ok,0,0,0,0,0,0,0,0,0,0,0
gen_01312,2,-72.289,ok,0,0,1,1,0,1,1,1,0,0,0
gen_01312,3,-72.232,ok,0,0,0,1,0,0,1,0,0,0,0
gen_01312,4,-71.92,ok,0,0,0,0,0,0,0,0,0,0,0
gen_01312,5,-69.063,ok,0,0,0,0,0,0,0,0,0,0,0
gen_01312,6,-63.626,ok,0,0,1,0,0,0,1,0,0,0,0
gen_01313,1,-6.642,ok,1,0,0,1,4,6,2,1,0,0,0
gen_01313,2,-6.574,ok,1,0,0,1,4,6,3,1,0,0,0
gen_01313,3,-6.553,ok,1,0,0,1,4,7,2,1,0,0,0
gen_01313,4,-6.531,ok,1,0,0,1,4,6,3,1,0,0,0
gen_01313,5,-6.469,ok,1,1,0,1,4,7,2,1,0,0,0
gen_01314,1,-7.126,ok,0,0,1,1,0,5,3,0,0,0,0
gen_01314,2,-7.108,ok,0,0,1,1,0,5,3,0,0,0,0
gen_01314,3,-7.102,ok,1,0,1,1,4,6,1,1,0,0,0
gen_01314,4,-7.08,ok,0,0,1,1,0,4,3,0,0,0,0
gen_01314,5,-7.079,ok,0,0,0,1,0,4,3,0,0,0,0
gen_01314,6,-7.062,ok,1,0,1,1,4,6,2,1,0,0,0
gen_01314,7,-7.042,ok,1,0,1,1,4,6,1,1,0,0,0
gen_01314,8,-7.021,ok,1,0,1,0,4,7,0,1,0,0,0
gen_01315,1,-7.744,ok,1,0,1,1,4,5,4,0,1,0,1
gen_01316,1,-7.118,ok,1,0,1,1,4,5,3,0,0,0,0
gen_01317,1,-7.927,ok,1,0,0,1,5,4,3,0,0,0,0
gen_01317,2,-7.913,ok,1,0,0,1,5,4,4,0,0,0,0
gen_01317,3,-7.907,ok,1,0,1,1,4,3,4,0,0,0,0
gen_01317,4,-7.892,ok,1,0,1,1,4,3,4,0,0,0,0
gen_01317,5,-7.886,ok,1,0,1,1,4,2,4,0,0,0,0
gen_01317,6,-7.732,ok,1,0,0,1,4,1,4,0,0,0,0
gen_01317,7,-7.716,ok,1,0,0,1,4,1,4,0,0,0,0
gen_01318,1,-73.943,ok,0,1,0,1,0,1,1,0,0,0,0
gen_01318,2,-72.119,ok,0,0,0,0,0,0,0,0,0,0,0
gen_01318,3,-71.973,ok,0,0,1,1,0,1,1,0,0,0,0
gen_01318,4,-71.136,ok,0,0,1,0,0,2,1,1,0,0,0
gen_01318,5,-69.436,ok,0,0,1,0,0,0,1,0,0,0,0
gen_01319,1,-7.261,ok,1,0,1,1,4,6,3,0,0,0,0
gen_01319,2,-7.008,ok,1,0,0,0,4,6,1,0,0,0,0
gen_01319,3,-6.987,ok,1,0,0,1,4,6,4,0,0,0,0
gen_01319,4,-6.983,ok,1,0,0,0,4,6,1,0,0,0,0
gen_01320,1,-8.277,ok,1,0,1,1,4,6,1,1,0,0,0
gen_01320,2,-8.272,ok,0,0,1,1,3,5,1,1,0,0,0
gen_01320,3,-8.248,ok,1,0,1,1,4,6,1,1,0,0,0
gen_01320,4,-8.204,ok,0,0,1,1,3,5,1,1,0,0,0
gen_01321,1,-8.26,ok,1,0,0,1,5,3,6,0,0,0,0
gen_01321,2,-8.253,ok,1,0,0,1,4,3,5,0,0,0,0
gen_01321,3,-8.225,ok,1,0,0,1,5,3,4,0,0,0,0
gen_01321,4,-8.02,ok,1,0,0,1,5,3,6,0,0,0,0
gen_01322,1,-7.919,ok,1,0,0,1,4,6,3,0,0,0,0
gen_01322,2,-7.88,ok,1,0,0,1,4,6,2,0,0,0,0
gen_01322,3,-7.86,ok,1,0,0,1,4,6,2,0,0,0,0
gen_01322,4,-7.856,ok,1,0,0,1,4,6,2,0,0,0,0
gen_01322,5,-7.784,ok,1,0,0,1,4,6,2,0,0,0,0
gen_01323,1,-6.814,ok,1,0,1,1,4,2,2,0,0,0,0
gen_01323,2,-6.811,ok,1,0,1,1,4,2,2,0,0,0,0
gen_01323,3,-6.796,ok,0,0,1,0,3,3,3,0,0,0,0
gen_01323,4,-6.724,ok,1,0,1,1,4,2,2,0,0,0,0
gen_01324,1,-7.715,ok,1,0,0,1,4,6,2,0,0,0,0
gen_01324,2,-7.645,ok,1,0,0,1,4,6,2,0,0,0,0
gen_01324,3,-7.626,ok,1,0,0,1,4,7,3,0,0,0,0
gen_01325,1,-7.715,ok,0,0,0,1,3,5,2,1,0,0,0
gen_01325,2,-7.692,ok,0,0,0,1,3,5,2,1,0,0,0
gen_01325,3,-7.651,ok,1,0,0,1,4,5,2,1,0,0,0
gen_01325,4,-7.644,ok,0,0,0,1,3,5,1,1,0,0,0
gen_01325,5,-7.642,ok,0,0,0,1,3,5,1,1,0,0,0
gen_01325,6,-7.641,ok,0,0,0,1,3,5,1,1,0,0,0
gen_01325,7,-7.632,ok,0,0,0,1,3,5,1,1,0,0,0
gen_01325,8,-7.6,ok,0,0,0,1,3,5,1,1,0,0,0
gen_01326,1,-7.834,ok,1,0,1,1,4,7,3,0,0,0,0
gen_01326,2,-7.813,ok,0,0,1,1,3,4,3,0,0,0,0
gen_01326,3,-7.786,ok,1,0,1,0,4,6,1,1,0,0,0
gen_01326,4,-7.734,ok,1,0,1,1,4,7,4,0,0,0,0
gen_01326,5,-7.683,ok,1,0,1,0,4,7,2,0,0,0,0
gen_01327,1,-8.602,ok,1,0,1,1,4,3,3,1,0,0,0
gen_01327,2,-8.584,ok,1,0,1,1,4,3,3,1,0,0,0
gen_01327,3,-8.513,ok,1,0,1,1,4,3,3,1,0,0,0
gen_01328,1,-7.648,ok,1,0,0,1,5,3,3,0,0,0,0
gen_01328,2,-7.61,ok,1,0,1,1,4,5,5,0,0,0,0
gen_01328,3,-7.608,ok,1,0,1,0,4,5,3,0,0,0,0
gen_01328,4,-7.587,ok,1,0,1,1,4,5,5,0,0,0,0
gen_01328,5,-7.578,ok,1,0,1,1,4,5,4,0,0,0,0
gen_01328,6,-7.576,ok,1,0,1,1,4,5,5,0,0,0,0
gen_01328,7,-7.57,ok,1,0,0,1,5,3,3,0,0,0,0
gen_01328,8,-7.512,ok,1,0,1,1,4,5,4,0,0,0,0
gen_01328,9,-7.456,ok,1,0,1,1,4,5,4,0,0,0,0
gen_01328,10,-7.385,ok,1,0,1,1,4,5,4,0,0,0,0
gen_01329,1,-6.981,ok,1,0,0,1,4,1,3,0,1,0,0
gen_01329,2,-6.936,ok,1,0,0,1,4,1,2,0,1,0,0
gen_01329,3,-6.776,ok,1,0,0,1,5,4,2,0,0,0,0
gen_01329,4,-6.701,ok,1,0,0,1,5,3,3,0,0,0,0
gen_01330,1,-7.126,ok,1,0,1,0,4,6,1,0,0,0,0
gen_01330,2,-7.098,ok,1,0,1,0,4,6,1,0,0,0,0
gen_01330,3,-7.022,ok,1,0,1,0,4,6,0,1,0,0,0
gen_01330,4,-7.021,ok,1,0,1,0,4,6,0,1,0,0,0
gen_01330,5,-6.997,ok,1,0,1,0,4,7,0,1,0,0,0
gen_01331,1,-6.754,ok,1,0,1,1,5,6,2,0,0,0,0
gen_01331,2,-6.683,ok,1,0,0,1,4,3,2,0,0,0,0
gen_01331,3,-6.6,ok,1,0,1,1,5,5,1,0,0,0,0
gen_01332,1,-7.262,ok,1,0,0,1,5,4,3,0,0,0,0
gen_01332,2,-7.251,ok,1,0,0,1,5,4,4,0,0,0,0
gen_01332,3,-7.249,ok,1,0,0,1,5,3,4,0,0,0,0
gen_01332,4,-7.189,ok,1,0,0,1,5,4,4,0,0,0,0
gen_01332,5,-7.173,ok,1,0,0,1,5,4,4,0,0,0,0
gen_01332,6,-7.168,ok,1,0,0,1,5,3,3,0,0,0,0
gen_01332,7,-7.145,ok,1,0,0,1,5,4,4,0,0,0,0
gen_01332,8,-7.139,ok,1,0,0,1,5,4,4,0,0,0,0
gen_01332,9,-7.099,ok,1,0,0,1,5,4,4,0,0,0,0
gen_01333,1,-8.052,ok,1,0,1,0,4,7,2,0,0,0,0
gen_01334,1,-6.946,ok,1,0,0,1,5,3,3,0,0,0,0
gen_01334,2,-6.856,ok,1,0,0,1,5,3,3,0,0,0,0
gen_01335,1,-7.816,ok,1,0,0,1,4,6,2,0,0,0,1
gen_01335,2,-7.798,ok,1,0,0,1,4,6,2,0,0,0,1
gen_01335,3,-7.786,ok,1,0,0,1,4,6,3,0,0,0,1
gen_01335,4,-7.774,ok,1,0,0,1,4,1,2,0,0,0,0
gen_01335,5,-7.763,ok,1,0,0,1,4,1,2,0,0,0,0
gen_01336,1,-6.658,ok,1,0,0,0,4,0,0,0,0,0,0
gen_01336,2,-6.657,ok,1,0,1,0,4,6,0,1,0,0,0
gen_01336,3,-6.642,ok,1,0,0,0,4,0,0,0,0,0,0
gen_01336,4,-6.597,ok,1,0,1,0,4,6,0,1,0,0,0
gen_01337,1,-7.881,ok,0,0,0,1,0,3,5,0,0,0,0
gen_01337,2,-7.878,ok,1,0,1,1,4,2,7,0,0,0,0
gen_01337,3,-7.845,ok,1,0,1,1,4,1,7,0,0,0,0
gen_01337,4,-7.845,ok,1,0,1,1,4,1,7,0,0,0,0
gen_01337,5,-7.844,ok,1,0,1,1,4,1,7,0,0,0,0
gen_01337,6,-7.817,ok,1,0,1,1,4,2,6,0,0,0,0
gen_01337,7,-7.791,ok,1,0,1,1,4,2,7,0,0,0,0
gen_01338,1,-7.453,ok,0,0,0,1,3,6,4,0,0,0,0
gen_01338,2,-7.389,ok,0,0,0,1,3,6,3,0,0,0,0
gen_01338,3,-7.366,ok,0,0,0,1,3,5,3,0,0,0,0
gen_01338,4,-7.328,ok,0,0,0,1,3,5,3,0,0,0,0
gen_01339,1,-7.253,ok,0,0,0,1,3,3,1,0,0,0,0
gen_01339,2,-7.252,ok,0,0,1,1,0,5,5,0,0,0,2
gen_01340,1,-7.14,ok,1,0,0,1,5,3,2,1,0,0,0
gen_01340,2,-7.136,ok,1,0,0,1,5,3,3,0,0,0,0
gen_01340,3,-7.128,ok,1,0,0,1,5,3,2,1,0,0,0
gen_01340,4,-7.05,ok,1,0,0,1,5,3,3,0,0,0,0
gen_01340,5,-7.045,ok,1,0,0,1,5,4,2,1,0,0,0
gen_01340,6,-6.994,ok,1,0,0,1,5,3,3,0,0,0,0
gen_01340,7,-6.992,ok,1,0,0,1,5,3,2,1,0,0,0
gen_01340,8,-6.976,ok,1,0,0,1,5,3,2,1,0,0,0
gen_01340,9,-6.943,ok,1,0,1,1,5,4,4,1,0,0,0
gen_01340,10,-6.918,ok,1,0,1,1,5,4,5,1,0,0,0
gen_01340,11,-6.896,ok,1,0,1,1,5,4,4,0,0,0,0
gen_01340,12,-6.883,ok,1,0,1,1,5,4,4,0,0,0,0
gen_01341,1,-7.723,ok,1,0,1,1,4,7,3,0,0,0,0
gen_01341,2,-7.718,ok,1,0,1,1,4,7,3,0,0,0,0
gen_01342,1,-6.699,ok,1,1,1,1,4,6,2,0,0,0,0
gen_01343,1,-7.545,ok,1,0,0,1,4,5,4,0,0,0,0
gen_01343,2,-7.543,ok,1,0,0,1,4,5,4,0,0,0,0
gen_01343,3,-7.522,ok,1,0,0,1,4,6,4,0,0,0,0
gen_01343,4,-7.508,ok,1,0,0,1,4,6,4,0,0,0,0
gen_01344,1,-7.402,ok,1,0,1,0,5,5,4,0,0,0,0
gen_01344,2,-7.333,ok,1,0,1,0,5,5,4,0,0,0,0
gen_01344,3,-7.332,ok,1,0,1,0,4,6,4,0,0,0,0
gen_01344,4,-7.282,ok,1,0,1,0,4,6,4,0,0,0,0
gen_01344,5,-7.084,ok,1,0,1,0,5,5,2,0,0,0,0
gen_01344,6,-6.969,ok,1,0,1,0,5,5,2,0,0,0,0
gen_01345,1,-8.191,ok,1,0,0,1,4,5,1,0,0,0,0
gen_01345,2,-8.179,ok,1,0,0,1,4,5,1,0,0,0,0
gen_01345,3,-8.154,ok,1,0,0,1,4,5,1,0,0,0,0
gen_01346,1,-7.461,ok,1,0,0,1,4,5,3,1,0,0,0
gen_01346,2,-7.384,ok,1,0,0,1,4,5,3,1,0,0,0
gen_01347,1,-7.746,ok,1,0,1,1,4,7,3,0,0,0,1
gen_01347,2,-7.725,ok,1,0,1,1,4,7,3,0,0,0,1
gen_01347,3,-7.559,ok,1,0,1,1,4,6,2,0,0,0,1
gen_01347,4,-7.529,ok,1,0,1,1,4,6,2,0,0,0,1
gen_01347,5,-7.358,ok,1,0,0,1,4,6,3,0,0,0,0
gen_01347,6,-7.316,ok,1,0,0,1,4,6,3,0,0,0,0
gen_01348,1,-7.104,ok,1,0,0,1,4,6,1,0,0,0,2
gen_01348,2,-7.07,ok,1,0,0,1,4,6,1,0,0,0,2
gen_01349,1,-78.643,ok,0,0,1,1,0,2,7,0,0,0,0
gen_01350,1,-7.655,ok,1,0,0,1,5,3,4,0,0,0,0
gen_01350,2,-7.638,ok,0,0,0,1,3,5,5,0,0,0,0
gen_01350,3,-7.633,ok,0,0,0,1,3,5,5,0,0,0,0
gen_01350,4,-7.625,ok,1,0,0,1,5,3,4,0,0,0,0
gen_01350,5,-7.623,ok,0,0,0,1,3,5,5,0,0,0,0
gen_01350,6,-7.608,ok,0,0,0,1,3,5,5,0,0,0,0
gen_01350,7,-7.496,ok,0,0,0,1,3,5,4,0,0,0,0
gen_01350,8,-7.435,ok,0,0,0,1,3,5,4,0,0,0,0
gen_01350,9,-7.369,ok,0,0,0,1,3,5,4,0,0,0,0
gen_01351,1,-7.191,ok,1,0,1,1,4,5,3,0,0,0,0
gen_01352,1,-7.363,ok,1,0,1,0,4,6,2,1,0,0,0
gen_01352,2,-7.354,ok,1,0,0,1,4,5,4,0,0,0,0
gen_01352,3,-7.326,ok,1,0,1,0,4,7,2,1,0,0,0
gen_01352,4,-7.32,ok,1,0,1,0,4,6,2,1,0,0,0
gen_01352,5,-7.311,ok,1,0,0,1,4,6,4,0,0,0,0
gen_01352,6,-7.31,ok,1,0,0,1,4,6,4,0,0,0,0
gen_01352,7,-7.309,ok,1,0,0,1,4,5,4,0,0,0,0
gen_01352,8,-7.252,ok,1,0,0,1,4,6,3,0,0,0,0
gen_01353,1,-8.192,ok,1,0,0,1,5,4,4,0,0,0,0
gen_01353,2,-8.19,ok,1,0,0,1,5,4,4,0,0,0,0
gen_01354,1,-7.615,ok,0,0,0,1,3,5,2,0,0,0,2
gen_01354,2,-7.53,ok,0,0,0,1,3,5,2,0,0,0,2
gen_01354,3,-7.523,ok,0,0,0,1,3,5,2,0,0,0,2
gen_01354,4,-7.515,ok,0,0,0,1,3,5,2,0,0,0,2
gen_01354,5,-7.504,ok,0,0,0,1,3,4,2,0,0,0,2
gen_01354,6,-7.499,ok,0,0,0,1,3,5,2,0,0,0,2
gen_01354,7,-7.351,ok,0,0,0,1,3,2,2,0,1,0,1
gen_01354,8,-7.347,ok,0,0,0,1,3,2,2,0,1,0,1
gen_01355,1,-7.652,ok,0,0,1,1,0,0,6,0,0,0,0
gen_01355,2,-7.65,ok,0,0,1,1,0,0,6,0,0,0,0
gen_01355,3,-7.64,ok,0,0,0,1,0,0,5,0,0,0,0
gen_01355,4,-7.624,ok,0,0,0,1,0,0,5,0,0,0,0
gen_01355,5,-7.614,ok,0,0,0,1,0,0,5,0,0,0,0
gen_01355,6,-7.258,ok,0,0,0,1,0,1,3,0,1,0,0
gen_01355,7,-7.256,ok,0,0,0,1,0,1,4,0,1,0,0
gen_01356,1,-7.948,ok,0,0,0,1,3,5,3,0,0,0,0
gen_01356,2,-7.937,ok,0,0,0,1,3,5,3,0,0,0,0
gen_01356,3,-7.933,ok,0,0,0,1,3,5,3,0,0,0,0
gen_01356,4,-7.901,ok,1,0,0,1,4,6,3,0,0,0,0
gen_01356,5,-7.869,ok,1,0,0,1,4,6,4,0,0,0,0
gen_01357,1,-7.776,ok,1,0,0,1,4,5,2,1,0,0,0
gen_01357,2,-7.726,ok,1,0,0,1,4,5,2,1,0,0,0
gen_01358,1,-6.009,ok,1,0,1,0,4,6,1,1,0,0,0
gen_01358,2,-5.97,ok,1,0,1,0,4,5,1,1,0,0,0
gen_01359,1,-7.32,ok,1,0,0,1,5,5,3,0,0,0,0
gen_01359,2,-7.282,ok,1,0,0,1,5,5,2,0,0,0,0
gen_01360,1,-6.844,ok,0,0,1,0,3,1,0,1,0,0,1
gen_01360,2,-6.834,ok,1,0,1,0,4,1,1,0,0,0,1
gen_01360,3,-6.816,ok,0,0,1,0,3,1,0,1,0,0,1
gen_01360,4,-6.815,ok,1,0,1,0,4,1,1,0,0,0,1
gen_01360,5,-6.784,ok,1,0,1,0,4,1,1,0,0,0,1
gen_01360,6,-6.704,ok,1,0,1,0,4,1,1,0,0,0,1
gen_01361,1,-8.248,ok,0,0,1,1,3,4,3,1,0,0,0
gen_01361,2,-8.245,ok,0,0,1,1,3,4,3,1,0,0,0
gen_01361,3,-8.217,ok,0,0,1,1,3,5,1,1,0,0,0
gen_01361,4,-8.201,ok,0,0,1,1,3,5,1,1,0,0,0
gen_01361,5,-8.179,ok,0,0,1,1,3,5,1,1,0,0,0
gen_01361,6,-8.05,ok,1,0,1,1,4,7,4,0,0,0,0
gen_01362,1,-7.787,ok,1,0,0,1,4,6,3,0,0,0,1
gen_01362,2,-7.782,ok,1,0,0,1,4,6,2,0,0,0,1
gen_01362,3,-7.758,ok,1,0,0,1,4,6,3,0,0,0,1
gen_01362,4,-7.742,ok,1,0,0,1,4,6,3,0,0,0,1
gen_01362,5,-7.74,ok,1,0,0,1,4,6,3,0,0,0,1
gen_01362,6,-7.714,ok,1,0,0,1,4,5,2,0,0,0,1
gen_01362,7,-7.712,ok,1,0,0,1,4,6,2,0,0,0,0
gen_01362,8,-7.697,ok,1,0,0,1,4,6,3,0,0,0,2
gen_01362,9,-7.683,ok,1,0,0,1,4,5,3,0,0,0,1
gen_01362,10,-7.657,ok,1,0,0,1,4,6,2,0,0,0,1
gen_01363,1,-6.446,ok,1,0,1,1,4,5,2,0,0,0,0
gen_01364,1,-7.44,ok,0,0,1,1,0,3,3,1,0,0,0
gen_01364,2,-7.41,ok,0,0,1,1,0,4,3,0,0,0,0
gen_01364,3,-7.382,ok,0,0,1,1,0,3,3,1,0,0,0
gen_01365,1,-7.079,ok,0,0,0,1,3,5,3,0,0,0,0
gen_01365,2,-6.989,ok,0,0,0,1,3,6,2,0,0,0,0
gen_01366,1,-7.294,ok,1,0,1,1,4,8,5,0,0,0,0
gen_01366,2,-7.29,ok,1,0,1,1,4,7,5,0,0,0,0
gen_01366,3,-7.171,ok,1,0,1,1,4,6,5,0,0,0,0
gen_01366,4,-7.142,ok,1,0,1,1,4,7,5,0,0,0,0
gen_01366,5,-7.091,ok,1,0,1,1,4,1,5,0,0,0,0
gen_01367,1,-8.011,ok,1,0,0,1,4,8,1,0,0,0,1
gen_01368,1,-7.325,ok,1,0,1,1,4,5,3,0,0,0,0
gen_01368,2,-7.277,ok,1,0,1,1,4,5,3,0,0,0,0
gen_01368,3,-7.187,ok,1,0,1,1,4,5,1,1,0,0,0
gen_01369,1,-8.01,ok,1,0,1,0,4,5,3,0,0,0,0
gen_01369,2,-7.969,ok,1,0,0,1,5,4,2,0,0,0,0
gen_01369,3,-7.943,ok,1,0,0,1,5,3,3,0,0,0,0
gen_01369,4,-7.941,ok,1,0,0,1,5,4,3,0,0,0,0
gen_01370,1,-7.037,ok,1,0,1,0,5,2,3,0,0,0,1
gen_01370,2,-7.029,ok,1,0,1,0,5,2,3,0,0,0,1
gen_01370,3,-6.976,ok,1,0,1,0,5,3,3,0,0,0,1
gen_01370,4,-6.966,ok,1,0,1,0,5,3,3,0,0,0,1
gen_01371,1,-6.805,ok,0,0,1,1,3,4,3,0,0,0,0
gen_01372,1,-8.131,ok,1,0,0,1,4,3,3,0,0,0,0
gen_01372,2,-8.12,ok,1,0,0,1,4,3,3,0,0,0,0
gen_01372,3,-8.114,ok,1,0,0,1,4,3,2,0,0,0,0
gen_01372,4,-8.035,ok,1,0,0,1,4,3,3,0,0,0,0
gen_01373,1,-7.411,ok,0,0,0,0,3,6,1,0,0,0,0
gen_01373,2,-7.409,ok,1,0,1,0,4,7,1,0,0,0,0
gen_01373,3,-7.344,ok,1,0,0,0,4,6,1,0,0,0,0
gen_01373,4,-7.319,ok,1,0,1,0,4,7,0,0,0,0,0
gen_01373,5,-7.295,ok,1,0,0,0,4,5,1,0,0,0,0
gen_01373,6,-7.273,ok,1,0,0,0,4,6,0,0,1,0,0
gen_01373,7,-7.154,ok,0,0,0,1,3,3,5,0,0,0,0
gen_01373,8,-7.152,ok,0,0,0,1,3,3,5,0,0,0,0
gen_01373,9,-7.126,ok,0,0,0,1,3,3,5,0,0,0,0
gen_01373,10,-7.105,ok,1,0,0,0,4,6,0,0,0,0,0
gen_01373,11,-7.089,ok,1,0,0,0,4,5,1,0,0,0,0
gen_01373,12,-7.081,ok,0,0,0,0,3,5,1,0,0,0,0
gen_01374,1,-8.271,ok,0,0,0,1,3,5,3,0,0,0,0
gen_01374,2,-8.262,ok,0,0,0,1,3,5,4,0,0,0,1
gen_01374,3,-8.197,ok,0,0,0,1,3,5,3,0,0,0,1
gen_01374,4,-8.127,ok,0,0,0,1,3,6,4,0,0,0,1
gen_01374,5,-8.062,ok,0,0,0,1,3,6,2,0,0,0,1
gen_01375,1,-6.965,ok,1,0,0,1,4,6,1,0,0,0,0
gen_01376,1,-6.932,ok,1,0,0,0,5,3,0,0,0,0,1
gen_01376,2,-6.864,ok,1,0,0,0,4,6,0,0,0,0,0
gen_01377,1,-8.282,ok,1,0,0,1,4,5,6,0,0,0,0
gen_01377,2,-8.249,ok,1,0,0,1,4,4,6,0,0,0,0
gen_01377,3,-8.026,ok,1,1,1,1,4,8,2,0,0,0,0
gen_01377,4,-7.999,ok,1,1,1,1,4,8,2,0,0,0,0
gen_01377,5,-7.995,ok,1,1,0,1,4,6,3,0,0,0,0
gen_01378,1,-8.283,ok,1,0,0,1,5,5,3,0,0,0,1
gen_01378,2,-8.281,ok,1,0,0,1,5,4,3,0,0,0,1
gen_01378,3,-8.235,ok,1,0,0,1,5,3,3,0,0,0,1
gen_01378,4,-8.197,ok,1,0,0,1,5,4,3,0,0,0,1
gen_01378,5,-8.179,ok,1,0,0,1,5,4,3,0,0,0,1
gen_01378,6,-8.14,ok,1,0,0,1,5,3,3,0,0,0,1
gen_01378,7,-8.034,ok,1,0,0,1,5,4,1,0,0,0,1
gen_01379,1,-6.855,ok,1,0,1,1,4,8,2,0,0,0,0
gen_01379,2,-6.823,ok,1,0,0,1,4,7,1,0,0,0,0
gen_01379,3,-6.659,ok,1,0,1,1,4,9,1,0,0,0,0
gen_01379,4,-6.625,ok,1,0,0,1,4,7,2,0,0,0,0
gen_01380,1,-8.153,ok,1,0,0,1,4,2,1,0,0,0,0
gen_01380,2,-8.153,ok,0,0,0,1,3,3,1,0,1,0,0
gen_01380,3,-8.135,ok,0,0,0,1,3,4,1,0,1,0,0
gen_01380,4,-8.052,ok,0,0,0,1,0,5,1,0,1,0,0
gen_01381,1,-7.745,ok,0,0,0,1,0,7,4,0,0,0,0
gen_01381,2,-7.714,ok,0,0,0,1,0,7,3,0,0,0,0
gen_01382,1,-7.226,ok,1,0,1,1,4,6,2,0,0,0,0
gen_01382,2,-7.137,ok,1,0,1,1,4,1,3,0,0,0,0
gen_01383,1,-7.37,ok,1,0,1,0,4,6,1,1,0,0,0
gen_01383,2,-7.336,ok,1,0,1,0,4,6,1,1,0,0,0
gen_01383,3,-7.325,ok,1,0,1,0,5,3,1,1,0,0,0
gen_01383,4,-7.303,ok,1,0,0,0,4,6,1,0,0,0,0
gen_01383,5,-7.3,ok,1,0,0,0,4,6,1,0,0,0,0
gen_01384,1,-8.119,ok,0,0,0,1,3,5,3,0,1,0,0
gen_01385,1,-7.76,ok,0,0,1,1,3,2,6,0,0,0,0
gen_01385,2,-7.664,ok,0,0,1,1,3,2,6,0,0,0,0
gen_01385,3,-7.632,ok,0,0,1,1,3,3,6,0,0,0,0
gen_01385,4,-7.559,ok,0,0,1,1,3,2,5,0,0,0,0
gen_01385,5,-7.49,ok,0,0,1,1,3,2,5,0,0,0,0
gen_01385,6,-7.37,ok,0,0,0,1,0,2,5,0,0,0,0
gen_01385,7,-7.36,ok,0,0,0,1,0,2,4,0,0,0,0
gen_01385,8,-7.355,ok,0,0,0,1,0,2,3,0,0,0,0
gen_01385,9,-7.32,ok,0,0,0,1,0,2,3,0,0,0,0
gen_01385,10,-7.287,ok,0,0,0,1,0,2,3,0,0,0,0
gen_01386,1,-7.047,ok,1,0,1,1,4,6,3,0,0,0,0
gen_01386,2,-7.028,ok,0,0,1,1,3,5,3,0,0,0,0
gen_01386,3,-6.985,ok,1,0,1,1,4,6,3,0,0,0,0
gen_01387,1,-7.529,ok,1,0,0,1,4,5,2,0,0,0,0
gen_01387,2,-7.481,ok,1,0,0,1,4,4,2,0,0,0,0
gen_01387,3,-7.352,ok,1,0,0,1,4,4,3,0,0,0,0
gen_01387,4,-7.312,ok,1,0,0,1,4,4,1,0,0,0,0
gen_01388,1,-7.263,ok,1,0,1,1,4,0,2,0,0,0,0
gen_01388,2,-7.225,ok,1,0,1,1,4,0,2,0,0,0,0
gen_01389,1,-7.835,ok,1,0,0,1,4,6,4,0,0,0,0
gen_01389,2,-7.594,ok,1,0,0,0,4,4,1,0,0,0,0
gen_01390,1,-8.36,ok,1,0,0,1,4,2,2,0,0,0,0
gen_01391,1,-7.071,ok,1,0,0,1,4,7,2,0,0,0,0
gen_01391,2,-7.034,ok,1,0,0,1,4,7,2,0,0,0,0
gen_01391,3,-7.031,ok,1,1,0,1,4,6,2,0,0,0,0
gen_01391,4,-7.029,ok,1,0,1,1,4,7,3,0,0,0,0
gen_01391,5,-6.985,ok,1,1,0,1,4,6,2,0,0,0,0
gen_01391,6,-6.969,ok,1,1,0,1,4,6,2,0,0,0,0
gen_01392,1,-7.312,ok,0,0,0,1,3,6,3,0,0,0,0
gen_01392,2,-7.277,ok,0,0,1,1,0,4,2,2,0,0,0
gen_01392,3,-7.265,ok,1,0,0,1,4,6,3,0,0,0,0
gen_01392,4,-7.246,ok,0,0,1,1,3,4,2,1,0,0,0
gen_01392,5,-7.213,ok,1,0,0,1,4,6,3,0,0,0,0
gen_01392,6,-7.205,ok,1,0,0,1,4,6,3,0,0,0,0
gen_01392,7,-7.19,ok,1,0,0,1,4,6,4,0,0,0,0
gen_01393,1,-7.686,ok,1,0,1,0,4,6,1,1,0,0,0
gen_01393,2,-7.651,ok,0,0,1,1,3,6,4,0,1,0,0
gen_01393,3,-7.647,ok,0,0,1,1,3,5,4,0,1,0,0
gen_01393,4,-7.647,ok,0,0,1,1,3,5,4,0,1,0,0
gen_01393,5,-7.643,ok,0,0,1,1,3,5,4,0,1,0,0
gen_01393,6,-7.639,ok,0,0,1,1,3,5,4,0,1,0,0
gen_01393,7,-7.583,ok,0,0,1,1,3,6,4,0,1,0,0
gen_01393,8,-7.573,ok,0,0,1,1,3,6,4,0,1,0,0
gen_01393,9,-7.546,ok,1,0,1,0,4,6,1,1,0,0,0
gen_01394,1,-7.662,ok,1,0,0,1,5,3,4,0,0,0,0
gen_01394,2,-7.642,ok,1,0,0,1,5,3,4,0,0,0,0
gen_01394,3,-7.597,ok,1,0,0,1,5,3,3,0,0,0,0
gen_01394,4,-7.56,ok,1,0,0,1,5,3,3,0,0,0,0
gen_01394,5,-7.558,ok,1,0,0,1,5,3,3,0,0,0,0
gen_01395,1,-7.669,ok,0,0,1,0,3,4,2,0,0,0,0
gen_01395,2,-7.587,ok,0,0,1,0,3,4,3,0,0,0,0
gen_01395,3,-7.522,ok,0,0,1,0,3,4,2,0,0,0,0
gen_01396,1,-7.54,ok,1,0,0,1,4,3,3,0,0,0,0
gen_01396,2,-7.513,ok,1,0,0,1,4,3,3,0,0,0,0
gen_01396,3,-7.503,ok,1,0,0,1,4,3,3,0,0,0,0
gen_01396,4,-7.464,ok,1,0,0,1,4,3,3,0,0,0,0
gen_01397,1,-7.205,ok,0,0,0,1,3,5,3,0,0,0,1
gen_01398,1,-7.216,ok,0,0,1,1,0,1,2,0,0,0,0
gen_01398,2,-7.18,ok,0,0,1,1,0,1,2,0,0,0,0
gen_01398,3,-7.16,ok,0,0,1,1,0,1,2,0,0,0,0
gen_01399,1,-7.461,ok,1,0,0,1,4,5,3,0,0,0,0
gen_01399,2,-7.417,ok,1,0,0,1,4,5,3,0,0,0,0
gen_01399,3,-7.398,ok,0,0,0,1,0,3,5,0,0,0,0
gen_01400,1,-7.078,ok,1,0,0,1,4,6,3,0,0,0,0
gen_01400,2,-7.065,ok,1,0,0,1,4,5,4,0,0,0,0
gen_01400,3,-7.049,ok,1,0,0,1,4,5,3,0,0,0,0
gen_01400,4,-7.048,ok,1,0,0,1,4,7,3,0,0,0,0
gen_01400,5,-6.677,ok,1,0,0,1,4,1,4,0,0,0,0
gen_01401,1,-8.156,ok,1,0,0,1,4,6,4,0,0,0,0
gen_01401,2,-8.132,ok,1,0,1,1,4,7,6,1,0,0,0
gen_01401,3,-8.037,ok,1,0,1,1,4,6,3,0,0,0,0
gen_01401,4,-8.011,ok,1,0,0,0,4,5,2,0,0,0,0
gen_01401,5,-7.952,ok,1,0,0,1,4,6,4,0,0,0,0
gen_01401,6,-7.899,ok,1,0,1,1,4,7,5,0,0,0,0
gen_01401,7,-7.85,ok,1,0,1,1,4,6,4,0,0,0,0
gen_01401,8,-7.839,ok,1,0,0,1,4,6,3,0,0,0,0
gen_01402,1,-7.579,ok,0,0,1,0,3,7,1,0,0,0,0
gen_01402,2,-7.56,ok,0,0,0,0,3,7,2,0,0,0,0
gen_01402,3,-7.511,ok,0,0,1,0,3,7,2,0,0,0,0
gen_01402,4,-7.426,ok,1,0,1,0,4,7,2,0,0,0,0
gen_01403,1,-7.206,ok,1,0,0,1,4,5,2,0,0,0,0
gen_01403,2,-7.205,ok,1,0,0,1,4,4,2,0,0,0,0
gen_01403,3,-7.066,ok,1,0,0,1,4,5,2,0,0,0,0
gen_01403,4,-7.047,ok,1,0,0,1,4,5,2,0,0,0,0
gen_01403,5,-6.982,ok,1,0,1,1,5,4,1,1,0,0,0
gen_01403,6,-6.977,ok,1,0,1,1,4,4,2,0,0,0,0
gen_01403,7,-6.954,ok,1,0,1,1,4,5,2,0,0,0,0
gen_01404,1,-7.988,ok,1,0,0,1,4,7,1,0,1,0,0
gen_01404,2,-7.982,ok,1,0,0,1,4,7,1,0,1,0,0
gen_01404,3,-7.953,ok,1,0,0,1,4,6,1,0,1,0,0
gen_01404,4,-7.826,ok,1,0,0,1,4,6,1,0,1,0,0
gen_01405,1,-7.83,ok,0,0,0,1,3,5,3,0,0,0,0
gen_01405,2,-7.81,ok,0,0,0,1,3,5,3,0,0,0,0
gen_01405,3,-7.447,ok,0,0,0,1,3,5,3,0,0,0,0
gen_01406,1,-7.658,ok,1,0,1,1,4,1,2,0,0,0,1
gen_01406,2,-7.64,ok,1,0,1,1,4,1,2,0,0,0,1
gen_01406,3,-7.637,ok,1,0,1,1,4,1,2,0,0,0,1
gen_01406,4,-7.622,ok,0,0,1,1,3,1,2,0,0,0,1
gen_01407,1,-8.321,ok,1,0,1,0,4,6,4,0,0,0,0
gen_01407,2,-8.279,ok,1,0,1,0,4,6,4,0,0,0,0
gen_01407,3,-8.247,ok,1,0,1,0,4,6,4,0,0,0,0
gen_01407,4,-8.118,ok,1,0,1,0,4,7,4,0,0,0,0
gen_01407,5,-8.044,ok,1,0,1,0,4,6,4,0,0,0,0
gen_01407,6,-8.037,ok,1,0,1,0,4,6,4,0,0,0,0
gen_01407,7,-8.014,ok,1,0,1,0,4,6,4,0,0,0,0
gen_01407,8,-7.44,ok,0,0,0,1,3,5,4,0,0,0,0
gen_01408,1,-7.915,ok,1,0,1,1,4,6,4,0,0,0,0
gen_01408,2,-7.899,ok,1,0,0,1,4,5,4,0,0,0,0
gen_01408,3,-7.854,ok,1,0,0,1,4,6,3,0,0,0,0
gen_01409,1,-7.196,ok,0,0,0,1,3,1,3,0,0,0,0
gen_01409,2,-7.192,ok,0,0,0,1,3,1,3,0,0,0,0
gen_01410,1,-7.106,ok,1,0,0,1,4,6,1,1,0,0,0
gen_01410,2,-6.97,ok,1,0,0,1,4,5,2,0,0,0,0
gen_01411,1,-7.288,ok,1,0,1,0,4,6,0,1,0,0,0
gen_01411,2,-7.236,ok,1,0,1,0,4,6,0,1,0,0,0
gen_01411,3,-7.103,ok,0,0,1,1,3,5,1,0,0,0,0
gen_01411,4,-7.09,ok,0,0,1,1,3,6,2,0,0,0,0
gen_01412,1,-7.1,ok,1,0,0,0,4,6,1,1,0,0,0
gen_01412,2,-7.086,ok,1,0,0,0,4,7,1,1,0,0,0
gen_01413,1,-6.587,ok,1,0,0,1,4,7,2,1,0,0,0
gen_01413,2,-6.566,ok,1,0,0,1,4,7,2,0,0,0,0
gen_01414,1,-7.469,ok,1,0,0,1,4,6,2,0,0,0,0
gen_01414,2,-7.44,ok,1,0,0,1,4,4,2,0,0,0,0
gen_01414,3,-7.431,ok,1,0,0,1,5,7,2,0,0,0,0
gen_01414,4,-7.369,ok,0,0,0,1,3,6,1,0,0,0,0
gen_01414,5,-5.974,ok,1,0,0,0,4,7,0,0,0,0,0
gen_01415,1,-7.504,ok,1,0,0,1,4,8,2,0,1,0,0
gen_01415,2,-7.445,ok,1,0,0,1,4,8,2,0,1,0,0
gen_01415,3,-7.344,ok,1,0,0,1,4,7,2,0,1,0,0
gen_01415,4,-7.325,ok,1,0,1,1,4,8,2,0,1,0,0
gen_01415,5,-7.325,ok,1,0,1,1,4,7,2,0,1,0,0
gen_01415,6,-7.32,ok,1,0,0,1,4,7,1,0,1,0,0
gen_01415,7,-7.27,ok,1,0,0,1,4,8,1,0,1,0,0
gen_01415,8,-7.187,ok,0,0,0,1,3,2,2,0,0,0,0
gen_01415,9,-7.142,ok,0,0,0,1,0,4,2,1,1,0,0
gen_01416,1,-7.41,ok,1,0,0,1,4,6,4,0,0,0,0
gen_01416,2,-7.369,ok,1,0,0,1,4,5,4,0,0,0,0
gen_01416,3,-7.355,ok,1,0,0,1,4,6,4,0,0,0,0
gen_01416,4,-7.345,ok,1,0,0,1,4,5,4,0,0,0,0
gen_01416,5,-7.292,ok,1,0,0,1,4,6,4,0,0,0,0
gen_01416,6,-6.99,ok,0,0,1,1,3,3,3,0,0,0,0
gen_01416,7,-6.941,ok,0,0,0,1,3,5,3,0,0,0,0
gen_01417,1,-7.478,ok,0,1,1,1,3,4,4,0,0,0,0
gen_01417,2,-7.462,ok,0,1,1,1,3,4,4,0,0,0,0
gen_01417,3,-7.461,ok,0,1,1,1,3,4,4,0,0,0,0
gen_01417,4,-6.637,ok,1,1,1,1,4,4,3,0,1,0,0
gen_01418,1,-7.878,ok,1,0,0,1,4,9,2,0,0,0,0
gen_01418,2,-7.751,ok,1,0,0,1,5,5,1,0,0,0,0
gen_01418,3,-7.664,ok,1,0,0,1,5,7,1,0,0,0,0
gen_01419,1,-7.754,ok,1,0,1,1,5,3,2,1,0,0,0
gen_01419,2,-7.679,ok,1,0,1,1,5,3,2,1,0,0,0
gen_01419,3,-7.537,ok,0,0,1,1,0,3,5,0,0,0,0
gen_01419,4,-7.441,ok,0,0,1,1,0,3,5,0,0,0,0
gen_01419,5,-7.377,ok,1,0,1,1,4,4,3,1,0,0,0
gen_01419,6,-7.362,ok,1,0,1,1,4,5,3,1,0,0,0
gen_01420,1,-6.875,ok,1,0,0,1,5,3,3,0,0,0,0
gen_01420,2,-6.869,ok,1,0,0,1,5,4,3,0,0,0,0
gen_01420,3,-6.867,ok,1,0,0,1,5,4,3,0,0,0,0
gen_01420,4,-6.859,ok,1,0,0,1,5,4,3,0,0,0,0
gen_01420,5,-6.837,ok,1,0,0,1,5,3,3,0,0,0,0
gen_01420,6,-6.815,ok,0,0,1,1,0,4,5,0,0,0,0
gen_01421,1,-8.167,ok,1,0,0,1,4,6,2,0,0,0,0
gen_01421,2,-8.158,ok,1,0,0,1,4,5,3,0,0,0,0
gen_01421,3,-8.151,ok,1,0,0,1,4,5,2,0,0,0,0
gen_01421,4,-8.119,ok,1,0,0,1,4,6,2,0,0,0,0
gen_01421,5,-7.738,ok,1,0,0,1,4,5,4,0,0,0,0
gen_01422,1,-7.582,ok,0,0,0,0,0,2,0,0,0,0,1
gen_01422,2,-7.359,ok,1,0,0,1,4,1,1,0,2,0,0
gen_01422,3,-7.35,ok,1,0,0,0,4,1,0,0,2,0,0
gen_01423,1,-7.254,ok,0,0,1,1,3,5,4,0,0,0,1
gen_01423,2,-7.173,ok,0,0,0,1,3,6,1,0,0,0,0
gen_01423,3,-7.099,ok,0,0,0,1,3,6,1,0,0,0,0
gen_01423,4,-6.963,ok,0,0,1,1,3,2,3,0,0,0,0
gen_01424,1,-6.99,ok,1,0,0,1,4,6,2,0,0,0,0
gen_01424,2,-6.959,ok,1,0,0,1,4,6,3,0,0,0,0
gen_01424,3,-6.925,ok,1,0,0,1,4,5,2,0,0,0,0
gen_01425,1,-6.888,ok,0,0,1,1,3,5,2,0,0,0,0
gen_01425,2,-6.873,ok,0,0,1,1,3,5,2,0,0,0,0
gen_01426,1,-7.731,ok,1,0,0,1,4,1,3,0,0,0,0
gen_01426,2,-7.686,ok,1,0,0,1,4,1,3,0,0,0,0
gen_01426,3,-7.667,ok,1,0,0,1,4,1,3,0,0,0,0
gen_01426,4,-7.665,ok,1,0,0,1,4,1,3,0,0,0,0
gen_01426,5,-7.654,ok,1,0,0,1,4,1,3,0,0,0,0
gen_01427,1,-7.059,ok,1,0,0,1,4,5,1,0,0,0,1
gen_01427,2,-7.056,ok,1,0,0,1,4,5,1,0,0,0,1
gen_01428,1,-7.463,ok,0,0,1,1,3,7,4,0,0,0,0
gen_01428,2,-7.43,ok,1,0,1,1,4,6,4,0,0,0,0
gen_01428,3,-7.397,ok,0,0,1,1,3,7,4,0,0,0,0
gen_01428,4,-7.382,ok,1,0,1,1,4,7,4,0,0,0,0
gen_01428,5,-7.363,ok,1,0,1,1,4,7,4,0,0,0,0
gen_01428,6,-7.325,ok,0,0,0,0,3,6,1,0,1,0,1
gen_01428,7,-7.318,ok,0,0,0,0,3,6,1,0,1,0,1
gen_01428,8,-7.268,ok,1,0,1,1,4,5,3,0,0,0,0
gen_01429,1,-7.028,ok,1,0,1,1,4,5,3,0,0,0,1
gen_01429,2,-7.006,ok,1,0,0,1,4,5,4,0,0,0,0
gen_01429,3,-7.003,ok,1,0,1,1,4,6,3,0,0,0,1
gen_01429,4,-6.998,ok,1,0,1,1,4,6,3,0,0,0,1
gen_01429,5,-6.987,ok,1,0,1,1,4,6,2,0,0,0,1
gen_01429,6,-6.985,ok,1,0,1,1,4,5,3,0,0,0,1
gen_01429,7,-6.941,ok,1,0,1,0,4,6,2,0,0,0,0
gen_01429,8,-6.935,ok,1,0,1,0,4,5,3,0,0,0,0
gen_01429,9,-6.912,ok,1,0,1,0,4,6,2,0,0,0,0
gen_01430,1,-6.546,ok,0,0,0,1,0,3,2,0,0,0,1
gen_01430,2,-6.527,ok,0,0,0,1,0,3,2,0,0,0,1
gen_01430,3,-6.483,ok,0,0,0,1,3,3,2,0,0,0,1
gen_01431,1,-7.956,ok,1,0,0,1,5,3,5,0,0,0,0
gen_01431,2,-7.652,ok,1,0,0,1,4,2,2,0,0,0,0
gen_01432,1,-7.702,ok,1,0,0,1,4,6,2,0,0,0,0
gen_01432,2,-7.689,ok,1,0,0,1,4,6,3,0,0,0,0
gen_01432,3,-7.356,ok,0,0,1,1,3,7,3,0,0,0,0
gen_01432,4,-7.323,ok,0,0,0,1,0,1,6,0,1,0,0
gen_01432,5,-7.309,ok,1,0,0,1,4,6,4,0,0,0,0
gen_01432,6,-7.253,ok,0,0,1,1,3,5,2,1,0,0,0
gen_01433,1,-7.3,ok,1,0,0,0,4,6,1,1,0,0,0
gen_01433,2,-7.292,ok,1,0,0,0,4,6,1,1,0,0,0
gen_01434,1,-7.642,ok,0,0,1,1,3,6,2,1,0,0,0
gen_01434,2,-7.639,ok,0,0,1,1,3,6,2,1,0,0,0
gen_01434,3,-7.627,ok,0,0,1,1,3,6,2,1,0,0,0
gen_01434,4,-7.624,ok,0,0,1,1,3,6,2,1,0,0,0
gen_01434,5,-7.615,ok,0,0,1,1,3,6,2,1,0,0,0
gen_01434,6,-7.61,ok,0,0,1,1,3,6,2,1,0,0,0
gen_01435,1,-9.196,ok,1,0,0,1,4,5,5,0,0,0,0
gen_01435,2,-9.171,ok,1,0,0,1,4,4,5,0,0,0,0
gen_01435,3,-9.164,ok,1,0,0,1,4,5,5,0,0,0,0
gen_01436,1,-6.661,ok,0,0,1,1,3,4,1,0,0,0,0
gen_01437,1,-7.555,ok,1,0,1,1,4,7,3,0,0,0,0
gen_01437,2,-7.521,ok,1,0,1,1,4,8,3,0,0,0,0
gen_01438,1,-7.905,ok,1,0,0,0,4,7,3,0,0,0,0
gen_01438,2,-7.892,ok,1,0,1,0,4,6,3,0,0,0,1
gen_01438,3,-7.847,ok,1,0,1,0,4,6,2,1,0,0,1
gen_01438,4,-7.736,ok,1,0,1,1,4,6,3,0,1,0,1
gen_01438,5,-7.651,ok,0,0,1,1,3,6,3,0,1,0,1
gen_01438,6,-7.614,ok,1,0,0,1,4,6,2,0,1,0,0
gen_01438,7,-7.604,ok,1,0,1,1,4,6,3,0,1,0,1
gen_01439,1,-8.247,ok,0,0,0,1,3,6,3,0,1,0,0
gen_01439,2,-8.235,ok,0,0,0,1,3,6,3,0,1,0,0
gen_01439,3,-8.154,ok,0,0,0,1,3,5,1,1,0,0,0
gen_01439,4,-8.133,ok,0,0,0,1,3,5,1,1,0,0,0
gen_01439,5,-8.006,ok,0,0,0,1,3,5,1,1,0,0,0
gen_01439,6,-7.902,ok,0,0,0,0,3,6,0,1,0,0,0
gen_01439,7,-7.873,ok,0,0,1,1,3,7,2,0,0,0,0
gen_01439,8,-7.862,ok,0,1,1,0,3,7,0,1,0,0,0
gen_01439,9,-7.651,ok,0,1,0,1,0,1,2,0,0,0,0
gen_01440,1,-7.761,ok,1,0,1,1,4,0,3,0,0,0,2
gen_01440,2,-7.757,ok,1,0,1,1,4,0,3,0,0,0,2
gen_01440,3,-7.724,ok,1,0,1,1,4,0,3,0,0,0,2
gen_01440,4,-7.708,ok,1,0,1,1,4,1,3,0,0,0,2
gen_01440,5,-7.7,ok,1,0,1,1,4,1,3,0,0,0,2
gen_01440,6,-7.675,ok,1,0,1,1,4,1,3,0,0,0,2
gen_01441,1,-7.045,ok,1,0,1,0,4,5,0,1,0,0,0
gen_01442,1,-6.258,ok,1,0,0,1,4,6,1,0,0,0,1
gen_01442,2,-6.233,ok,1,0,0,1,4,5,2,0,0,0,0
gen_01442,3,-6.21,ok,1,0,0,0,4,1,0,0,0,0,1
gen_01443,1,-7.127,ok,1,0,0,1,4,1,4,0,0,0,0
gen_01443,2,-7.117,ok,1,0,0,1,4,1,4,0,0,0,0
gen_01444,1,-6.992,ok,1,0,0,1,5,3,2,0,0,0,0
gen_01444,2,-6.893,ok,1,0,1,1,4,1,1,0,0,0,0
gen_01445,1,-7.77,ok,1,0,1,1,4,5,4,0,0,0,0
gen_01445,2,-7.732,ok,1,0,1,1,4,5,4,0,0,0,0
gen_01445,3,-7.724,ok,1,0,1,1,4,6,4,0,0,0,0
gen_01445,4,-7.669,ok,1,0,1,1,4,6,4,0,0,0,0
gen_01445,5,-7.613,ok,1,0,1,1,4,6,3,0,0,0,0
gen_01445,6,-7.595,ok,1,0,1,1,4,6,3,0,0,0,0
gen_01445,7,-7.58,ok,1,0,1,1,4,5,3,0,0,0,0
gen_01445,8,-7.57,ok,1,0,0,1,4,5,3,1,0,0,0
gen_01445,9,-7.523,ok,1,0,0,1,4,5,3,1,0,0,0
gen_01446,1,-6.999,ok,1,0,0,1,4,0,4,0,0,0,0
gen_01446,2,-6.994,ok,1,0,0,1,4,0,5,0,0,0,0
gen_01447,1,-8.556,ok,1,0,1,1,4,5,3,1,0,0,0
gen_01447,2,-8.539,ok,1,0,1,1,4,6,4,1,0,0,0
gen_01447,3,-8.409,ok,1,0,1,1,4,6,4,0,0,0,0
gen_01448,1,-7.345,ok,1,0,0,1,4,5,4,2,0,0,0
gen_01448,2,-7.282,ok,1,0,0,1,4,4,4,2,0,0,0
gen_01448,3,-7.278,ok,1,0,0,1,4,4,4,2,0,0,0
gen_01448,4,-7.202,ok,1,0,0,1,4,5,3,2,0,0,0
gen_01449,1,-8.684,ok,0,0,0,1,3,7,4,0,0,0,1
gen_01449,2,-8.626,ok,0,0,0,1,3,7,4,0,0,0,1
gen_01449,3,-8.475,ok,0,0,0,1,3,7,5,0,0,0,1
gen_01449,4,-8.419,ok,1,0,0,1,5,5,4,0,0,0,1
gen_01450,1,-8.088,ok,1,0,0,1,4,6,4,0,0,0,0
gen_01450,2,-8.046,ok,1,0,0,1,4,7,4,0,0,0,0
gen_01451,1,-7.708,ok,0,0,0,1,3,6,1,0,0,0,0
gen_01451,2,-7.69,ok,1,0,0,1,4,6,1,0,0,0,0
gen_01451,3,-7.579,ok,1,0,0,1,4,7,1,0,0,0,0
gen_01451,4,-7.572,ok,0,0,0,1,3,7,1,0,0,0,0
gen_01451,5,-7.487,ok,1,0,1,1,5,4,3,0,0,0,0
gen_01452,1,-7.61,ok,1,0,1,1,4,6,3,0,0,0,0
gen_01452,2,-7.594,ok,1,0,1,1,4,6,3,0,0,0,0
gen_01453,1,-7.166,ok,1,0,1,1,4,6,3,1,0,0,0
gen_01453,2,-6.996,ok,1,0,1,1,4,6,3,1,0,0,0
gen_01453,3,-6.974,ok,1,0,1,1,4,6,3,1,0,0,0
gen_01453,4,-6.956,ok,0,0,0,1,0,5,3,0,0,0,0
gen_01453,5,-6.938,ok,0,0,0,1,0,6,3,0,0,0,0
gen_01453,6,-6.927,ok,1,0,0,1,4,7,2,1,0,0,0
gen_01453,7,-6.918,ok,0,0,0,1,0,5,2,0,0,0,0
gen_01453,8,-6.915,ok,0,0,0,1,0,5,4,0,0,0,0
gen_01453,9,-6.805,ok,1,0,0,1,4,6,2,0,0,0,0
gen_01453,10,-6.796,ok,1,0,0,1,4,5,3,0,0,0,0
gen_01453,11,-6.769,ok,1,0,0,1,4,6,3,0,0,0,0
gen_01453,12,-6.746,ok,1,0,0,1,4,8,2,1,0,0,0
gen_01454,1,-7.26,ok,1,0,1,0,4,7,2,0,0,0,0
gen_01455,1,-7.6,ok,1,0,0,1,4,6,2,1,0,0,0
gen_01455,2,-7.508,ok,1,0,1,1,5,3,3,0,1,0,1
gen_01455,3,-7.504,ok,1,0,1,1,5,3,3,0,1,0,1
gen_01456,1,-7.885,ok,1,0,0,1,5,5,2,0,0,0,0
gen_01456,2,-7.849,ok,1,0,0,1,5,4,4,0,1,0,0
gen_01456,3,-7.848,ok,1,0,0,1,5,4,4,0,1,0,0
gen_01456,4,-7.77,ok,1,0,0,1,5,4,4,0,1,0,0
gen_01457,1,-6.972,ok,0,0,0,1,3,5,3,0,0,0,0
gen_01457,2,-6.893,ok,0,0,0,1,3,6,3,0,0,0,0
gen_01457,3,-6.771,ok,1,0,1,1,4,3,2,0,0,0,0
gen_01458,1,-7.579,ok,1,0,1,1,5,6,1,1,0,0,0
gen_01458,2,-7.56,ok,1,0,1,1,5,6,1,1,0,0,0
gen_01458,3,-7.555,ok,1,0,1,1,5,6,1,1,0,0,0
gen_01458,4,-7.533,ok,1,0,1,1,5,6,1,1,0,0,0
gen_01458,5,-7.518,ok,1,0,1,1,5,6,1,1,0,0,0
gen_01458,6,-7.501,ok,1,0,1,1,5,6,1,1,0,0,0
gen_01458,7,-7.35,ok,1,0,1,1,4,6,2,1,0,0,0
gen_01458,8,-7.299,ok,1,0,1,1,4,6,2,1,0,0,0
gen_01458,9,-7.282,ok,1,0,1,1,4,6,2,1,0,0,0
gen_01458,10,-7.279,ok,1,0,1,1,4,6,2,1,0,0,0
gen_01459,1,-7.889,ok,1,0,1,1,5,4,3,0,0,0,0
gen_01460,1,-7.467,ok,1,0,0,1,4,5,2,0,0,0,0
gen_01460,2,-7.449,ok,1,0,0,1,4,5,3,0,0,0,0
gen_01460,3,-7.446,ok,1,0,0,1,4,5,3,0,0,0,0
gen_01460,4,-7.419,ok,1,0,0,0,4,5,2,0,0,0,0
gen_01460,5,-7.374,ok,1,0,0,0,4,6,2,0,0,0,0
gen_01461,1,-7.901,ok,1,0,0,1,4,6,3,0,0,0,0
gen_01462,1,-130.422,ok,0,0,0,0,0,0,0,0,0,0,0
gen_01462,2,-129.502,ok,0,0,1,0,0,0,2,1,0,0,0
gen_01463,1,-7.877,ok,0,0,1,1,0,3,2,0,0,0,0
gen_01463,2,-7.786,ok,1,0,0,1,5,3,3,0,1,0,0
gen_01463,3,-7.786,ok,1,0,0,1,5,3,3,0,1,0,0
gen_01463,4,-7.774,ok,1,0,0,1,5,3,3,0,1,0,0
gen_01463,5,-7.759,ok,1,0,0,1,5,3,3,0,1,0,0
gen_01464,1,-8.173,ok,0,0,0,1,0,1,2,0,0,0,1
gen_01464,2,-8.163,ok,0,0,0,1,0,1,2,0,0,0,1
gen_01464,3,-8.155,ok,0,0,0,1,0,0,3,0,0,0,1
gen_01464,4,-8.138,ok,0,0,0,1,0,0,2,0,0,0,1
gen_01465,1,-8.222,ok,1,0,1,1,4,7,4,0,0,0,0
gen_01466,1,-7.847,ok,1,0,0,1,4,0,2,1,0,0,0
gen_01466,2,-7.829,ok,1,0,0,1,4,0,2,1,0,0,1
gen_01466,3,-7.804,ok,1,0,0,1,4,0,2,1,0,0,0
gen_01466,4,-7.791,ok,1,0,0,1,4,0,2,1,0,0,1
gen_01466,5,-7.787,ok,1,0,0,1,4,0,2,1,0,0,0
gen_01466,6,-7.61,ok,1,0,0,1,4,0,1,1,0,0,1
gen_01467,1,-7.114,ok,1,0,0,1,5,5,4,0,0,0,0
gen_01467,2,-7.114,ok,1,0,0,1,5,5,3,0,0,0,0
gen_01467,3,-7.045,ok,1,0,0,1,4,2,4,0,0,0,0
gen_01467,4,-6.977,ok,1,0,0,1,4,1,2,0,0,0,0
gen_01468,1,-7.933,ok,1,0,0,1,4,6,2,0,0,0,0
gen_01468,2,-7.929,ok,1,0,0,1,4,6,3,0,0,0,0
gen_01468,3,-7.792,ok,1,0,0,1,4,7,2,0,0,0,0
gen_01468,4,-7.788,ok,1,0,0,1,4,5,2,0,0,0,0
gen_01469,1,-8.195,ok,1,0,1,0,5,3,3,1,0,0,0
gen_01469,2,-8.184,ok,1,0,1,0,5,3,3,1,0,0,0
gen_01469,3,-8.164,ok,1,0,1,0,4,3,4,1,0,0,0
gen_01469,4,-8.153,ok,1,0,1,0,5,3,3,1,0,0,0
gen_01469,5,-8.151,ok,1,0,1,0,4,3,4,1,0,0,0
gen_01469,6,-7.935,ok,1,0,0,1,4,6,3,0,0,0,0
gen_01469,7,-7.818,ok,1,0,0,1,4,6,3,0,0,0,0
gen_01470,1,-7.386,ok,1,0,1,1,4,7,4,0,0,0,0
gen_01470,2,-7.333,ok,1,0,1,1,4,8,4,0,0,0,0
gen_01470,3,-7.332,ok,1,0,1,1,4,7,4,0,0,0,0
gen_01470,4,-7.31,ok,0,0,1,1,3,7,4,0,0,0,0
gen_01470,5,-7.268,ok,1,0,1,1,4,7,4,0,0,0,0
gen_01470,6,-7.257,ok,1,0,1,1,4,6,4,0,0,0,0
gen_01470,7,-7.254,ok,1,0,1,1,4,6,2,0,0,0,0
gen_01470,8,-7.249,ok,1,0,1,1,4,5,5,0,0,0,0
gen_01470,9,-7.22,ok,1,0,1,1,4,6,4,0,0,0,0
gen_01470,10,-7.201,ok,1,0,1,1,4,6,2,0,0,0,0
gen_01471,1,-8.657,ok,0,0,0,1,3,5,5,0,0,0,0
gen_01471,2,-8.618,ok,0,0,0,1,3,5,5,0,0,0,0
gen_01471,3,-8.608,ok,0,0,0,1,3,5,5,0,0,0,1
gen_01471,4,-8.414,ok,0,0,0,1,3,5,5,0,0,0,1
gen_01471,5,-8.056,ok,0,0,0,1,3,5,3,0,0,0,0
gen_01471,6,-8.044,ok,0,0,1,1,3,3,4,0,0,0,0
gen_01471,7,-7.99,ok,0,0,0,1,0,2,5,0,0,0,2
gen_01471,8,-7.97,ok,0,0,0,1,0,2,6,0,0,0,1
gen_01471,9,-7.948,ok,0,0,0,1,0,2,5,0,0,0,1
gen_01471,10,-7.837,ok,0,0,1,1,0,3,4,0,0,0,0
gen_01471,11,-7.827,ok,0,0,1,1,0,3,5,0,0,0,0
gen_01471,12,-7.799,ok,0,0,0,1,0,2,6,0,0,0,1
gen_01472,1,-7.361,ok,0,0,0,0,3,3,1,0,0,0,0
gen_01472,2,-7.348,ok,0,0,0,1,0,5,5,0,0,0,0
gen_01472,3,-7.324,ok,1,0,0,0,4,4,1,0,0,0,0
gen_01472,4,-7.32,ok,0,0,0,0,3,4,1,0,0,0,0
gen_01472,5,-7.304,ok,1,0,0,0,4,3,1,0,0,0,0
gen_01472,6,-7.294,ok,0,0,0,1,0,5,5,0,0,0,0
gen_01472,7,-7.268,ok,0,0,0,1,0,5,3,0,0,0,0
gen_01472,8,-7.249,ok,1,0,0,0,4,4,1,0,0,0,0
gen_01472,9,-7.193,ok,1,0,0,0,4,4,0,0,0,0,0
gen_01472,10,-7.084,ok,0,0,1,1,0,3,2,0,0,0,1
gen_01472,11,-7.05,ok,0,0,1,1,0,3,2,0,0,0,0
gen_01472,12,-7.005,ok,0,0,1,1,0,3,1,0,0,0,1
gen_01472,13,-7.001,ok,0,0,1,1,0,3,3,0,0,0,0
gen_01472,14,-6.99,ok,0,0,1,1,0,3,2,0,0,0,0
gen_01473,1,-7.818,ok,1,0,1,1,4,5,3,2,0,0,1
gen_01474,1,-8.292,ok,1,0,1,1,4,7,4,0,0,0,0
gen_01474,2,-8.277,ok,1,0,1,1,4,6,4,0,0,0,0
gen_01474,3,-8.276,ok,1,0,1,1,4,7,3,0,0,0,0
gen_01474,4,-8.246,ok,1,0,1,1,4,8,2,0,0,0,0
gen_01474,5,-8.241,ok,1,0,1,1,4,6,4,0,0,0,0
gen_01474,6,-8.222,ok,1,0,1,1,4,6,3,0,0,0,0
gen_01474,7,-8.207,ok,1,0,1,1,4,6,4,0,0,0,0
gen_01474,8,-8.205,ok,1,0,1,1,4,7,2,0,0,0,0
gen_01474,9,-8.178,ok,1,0,1,1,4,8,3,0,0,0,0
gen_01474,10,-8.121,ok,1,0,1,1,4,6,4,0,0,0,0
gen_01475,1,-7.929,ok,1,0,1,1,4,6,2,0,0,0,0
gen_01475,2,-7.911,ok,1,0,0,1,4,7,1,0,0,0,0
gen_01475,3,-7.886,ok,1,0,0,1,4,7,1,0,0,0,0
gen_01475,4,-7.885,ok,1,0,0,1,4,7,1,0,0,0,0
gen_01475,5,-7.884,ok,1,0,0,1,4,7,1,0,0,0,0
gen_01475,6,-7.873,ok,1,0,1,1,4,6,2,0,0,0,0
gen_01475,7,-7.862,ok,1,0,1,1,4,7,2,0,0,0,0
gen_01475,8,-7.847,ok,1,0,1,1,4,7,2,0,0,0,0
gen_01475,9,-7.845,ok,1,0,1,1,4,7,2,0,0,0,0
gen_01476,1,-7.728,ok,1,0,0,1,4,4,2,0,0,0,0
gen_01476,2,-7.685,ok,1,0,0,1,4,5,2,0,0,0,0
gen_01476,3,-7.574,ok,0,1,0,1,3,6,2,0,0,0,1
gen_01477,1,-6.862,ok,1,1,0,1,4,7,2,0,0,0,0
gen_01477,2,-6.844,ok,1,1,0,1,4,7,2,0,0,0,0
gen_01477,3,-6.708,ok,1,1,0,1,4,7,1,0,0,0,0
gen_01478,1,-8.071,ok,1,0,1,1,4,6,4,0,0,0,0
gen_01478,2,-8.025,ok,1,0,1,1,4,6,5,0,0,0,0
gen_01478,3,-8.017,ok,1,0,1,1,4,5,5,1,0,0,0
gen_01478,4,-8.007,ok,1,0,1,1,4,6,4,0,1,0,0
gen_01478,5,-8.006,ok,1,0,0,1,4,5,3,0,0,0,0
gen_01478,6,-8.0,ok,1,0,1,1,4,6,4,0,1,0,0
gen_01478,7,-7.996,ok,1,0,1,1,4,6,4,0,1,0,0
gen_01478,8,-7.986,ok,1,0,0,1,4,5,3,0,0,0,0
gen_01478,9,-7.978,ok,1,0,1,1,4,6,5,0,0,0,0
gen_01478,10,-7.951,ok,1,0,1,1,4,5,5,1,0,0,0
gen_01478,11,-7.949,ok,1,0,1,1,4,6,5,0,0,0,0
gen_01479,1,-7.153,ok,1,0,0,1,4,7,2,1,0,0,0
gen_01479,2,-7.151,ok,1,0,0,1,4,7,2,1,0,0,0
gen_01479,3,-7.079,ok,1,0,0,1,4,6,3,0,0,0,0
gen_01480,1,-8.489,ok,1,0,0,0,4,6,1,0,0,0,0
gen_01480,2,-8.465,ok,1,0,0,1,4,6,2,0,0,0,0
gen_01480,3,-8.439,ok,1,0,0,1,4,5,2,0,0,0,0
gen_01480,4,-8.358,ok,1,0,0,0,4,5,1,0,0,0,0
gen_01481,1,-6.94,ok,0,0,0,1,3,5,3,0,0,0,0
gen_01481,2,-6.937,ok,0,0,0,1,3,6,3,0,0,0,0
gen_01481,3,-6.656,ok,0,0,0,1,3,6,2,0,0,0,0
gen_01481,4,-6.57,ok,1,0,0,1,4,6,3,0,0,0,0
gen_01481,5,-6.549,ok,1,0,1,1,4,4,4,0,0,0,0
gen_01482,1,-7.569,ok,1,0,0,1,4,0,4,0,0,0,0
gen_01482,2,-7.546,ok,1,0,0,1,4,0,4,0,0,0,0
gen_01482,3,-7.497,ok,1,0,0,1,4,0,3,0,0,0,0
gen_01483,1,-48.833,ok,0,0,0,1,0,0,1,0,0,0,0
gen_01483,2,-47.158,ok,0,0,0,1,0,0,2,0,1,0,0
gen_01483,3,-45.912,ok,0,0,0,0,0,0,1,0,1,0,0
gen_01483,4,-44.227,ok,0,0,0,1,0,0,2,0,0,0,0
gen_01483,5,-43.427,ok,0,0,0,0,0,0,0,0,0,0,0
gen_01484,1,-8.681,ok,1,0,0,1,4,6,3,0,0,0,0
gen_01484,2,-8.077,ok,1,0,1,1,4,3,1,0,0,0,0
gen_01485,1,-7.875,ok,1,0,0,1,4,6,2,0,0,0,0
gen_01486,1,-7.963,ok,1,0,1,1,4,7,3,0,0,0,0
gen_01486,2,-7.96,ok,1,0,1,1,4,8,3,0,0,0,0
gen_01486,3,-7.744,ok,1,0,1,1,4,7,3,0,0,0,1
gen_01486,4,-7.568,ok,1,0,1,1,4,7,3,0,0,0,0
gen_01486,5,-7.514,ok,1,0,1,0,4,7,3,0,0,0,1
gen_01487,1,-6.761,ok,1,0,0,1,4,6,3,0,0,0,0
gen_01487,2,-6.748,ok,1,0,0,1,4,6,4,0,0,0,0
gen_01487,3,-6.7,ok,1,0,0,1,4,4,2,0,0,0,0
gen_01487,4,-6.694,ok,1,0,0,1,4,4,2,0,0,0,0
gen_01487,5,-6.677,ok,0,0,0,1,3,5,4,0,0,0,0
gen_01487,6,-6.661,ok,1,0,0,1,4,5,2,0,0,0,0
gen_01487,7,-6.647,ok,1,0,0,1,4,4,4,0,0,0,0
gen_01488,1,-7.33,ok,1,0,0,1,4,5,3,0,1,0,0
gen_01488,2,-7.325,ok,1,0,0,1,4,5,3,0,1,0,0
gen_01488,3,-7.309,ok,1,0,0,1,4,4,1,0,0,0,0
gen_01488,4,-7.277,ok,1,0,0,1,4,2,2,0,0,0,0
gen_01488,5,-7.275,ok,1,0,0,1,4,5,3,0,1,0,0
gen_01488,6,-7.267,ok,1,0,0,1,4,6,3,0,1,0,0
gen_01488,7,-7.263,ok,1,0,0,1,4,6,3,0,1,0,0
gen_01488,8,-7.238,ok,1,0,0,1,4,7,3,1,0,0,0
gen_01489,1,-7.093,ok,1,0,0,1,4,6,3,0,0,0,0
gen_01489,2,-6.964,ok,1,0,0,1,4,5,4,0,0,0,0
gen_01489,3,-6.933,ok,1,0,0,1,4,5,1,0,0,0,0
gen_01490,1,-7.727,ok,1,0,1,1,4,5,2,0,0,0,1
gen_01491,1,-8.447,ok,1,0,0,1,4,5,3,0,0,0,0
gen_01492,1,-7.284,ok,0,0,1,1,0,3,4,0,0,0,0
gen_01492,2,-7.271,ok,0,0,1,1,0,3,4,0,0,0,0
gen_01492,3,-7.125,ok,1,0,0,1,4,6,4,0,0,0,0
gen_01493,1,-7.427,ok,1,0,1,1,4,6,4,0,0,0,0
gen_01493,2,-7.396,ok,1,0,1,1,4,6,4,0,0,0,0
gen_01493,3,-7.328,ok,1,0,1,1,4,6,4,0,0,0,0
gen_01494,1,-7.705,ok,1,0,0,0,4,6,0,0,0,0,0
gen_01494,2,-7.702,ok,1,0,0,0,4,6,0,0,0,0,0
gen_01495,1,-7.223,ok,1,0,1,1,4,5,5,0,0,0,0
gen_01495,2,-7.205,ok,1,0,1,1,4,1,2,0,0,0,0
gen_01495,3,-7.143,ok,1,0,1,1,4,0,1,1,0,0,0
gen_01495,4,-7.121,ok,1,0,1,1,4,0,1,1,0,0,0
gen_01495,5,-7.098,ok,1,0,1,1,4,0,3,0,0,0,0
gen_01496,1,-7.757,ok,1,0,0,1,4,7,2,0,0,0,0
gen_01496,2,-7.706,ok,1,0,0,1,4,7,2,0,0,0,0
gen_01497,1,-7.135,ok,1,0,0,1,4,3,2,1,0,0,0
gen_01497,2,-7.048,ok,1,0,0,1,4,3,1,1,0,0,0
gen_01498,1,-7.422,ok,1,0,0,1,4,2,5,0,0,0,0
gen_01498,2,-7.415,ok,1,0,0,1,4,2,5,0,0,0,0
gen_01498,3,-7.413,ok,1,0,0,1,4,2,5,0,0,0,0
gen_01498,4,-7.406,ok,1,0,0,1,4,2,5,0,0,0,0
gen_01499,1,-7.633,ok,1,0,0,1,4,6,3,0,0,0,1
gen_01500,1,-8.18,ok,1,0,0,1,4,8,5,1,0,0,0
gen_01500,2,-8.105,ok,1,0,0,1,4,6,6,0,0,0,0
gen_01501,1,-6.738,ok,0,0,0,0,3,4,2,1,0,0,0
gen_01501,2,-6.609,ok,0,0,0,1,3,4,4,0,0,0,0
gen_01501,3,-6.522,ok,0,0,0,1,3,1,2,1,0,0,0
gen_01501,4,-6.473,ok,1,0,0,0,4,3,1,0,0,0,0
gen_01502,1,-7.41,ok,1,0,0,1,4,6,3,0,1,0,0
gen_01502,2,-7.385,ok,1,0,0,1,4,6,3,0,1,0,0
gen_01502,3,-7.357,ok,1,0,0,1,4,7,3,0,1,0,0
gen_01502,4,-7.342,ok,1,0,0,1,4,6,3,0,1,0,0
gen_01502,5,-7.33,ok,1,0,0,1,4,8,3,0,1,0,0
gen_01502,6,-7.291,ok,1,0,0,1,4,6,3,0,1,0,0
gen_01502,7,-7.117,ok,1,0,0,1,5,5,2,0,0,0,0
gen_01503,1,-8.57,ok,1,0,1,0,4,6,3,1,0,0,0
gen_01503,2,-8.545,ok,1,1,1,0,4,8,3,1,0,0,0
gen_01503,3,-8.517,ok,1,1,1,0,4,8,2,1,0,0,0
gen_01503,4,-8.482,ok,1,1,1,0,4,7,2,1,0,0,0
gen_01503,5,-8.004,ok,1,0,1,1,5,5,6,0,0,0,0
gen_01503,6,-7.999,ok,1,0,1,0,4,7,2,1,0,0,0
gen_01503,7,-7.994,ok,1,0,1,1,5,5,5,0,0,0,0
gen_01503,8,-7.988,ok,0,0,1,1,3,3,1,1,0,0,0
gen_01503,9,-7.937,ok,1,1,1,1,5,6,6,0,0,0,0
gen_01503,10,-7.84,ok,1,0,1,1,4,6,4,0,0,0,0
gen_01504,1,-6.78,ok,1,0,0,1,4,6,1,1,0,0,0
gen_01505,1,-7.547,ok,1,0,0,1,4,6,2,0,0,0,0
gen_01505,2,-7.526,ok,1,0,0,1,4,6,2,0,0,0,0
gen_01505,3,-7.409,ok,1,0,0,1,4,6,2,0,0,0,0
gen_01505,4,-7.37,ok,0,0,0,1,3,5,2,0,0,0,0
gen_01506,1,-8.665,ok,1,0,1,1,4,7,6,1,0,0,0
gen_01506,2,-8.653,ok,1,0,1,1,4,7,6,1,0,0,0
gen_01506,3,-8.616,ok,1,0,1,1,4,7,6,1,0,0,0
gen_01506,4,-8.61,ok,1,0,1,1,4,7,6,1,0,0,0
gen_01507,1,-7.634,ok,1,0,1,1,4,5,3,0,0,0,0
gen_01507,2,-7.614,ok,1,0,1,1,4,5,3,0,0,0,0
gen_01508,1,-7.668,ok,0,0,0,1,3,3,3,0,0,0,0
gen_01508,2,-7.647,ok,0,0,0,1,0,3,3,0,0,0,0
gen_01509,1,-7.049,ok,1,0,1,0,4,7,1,1,0,0,0
gen_01509,2,-7.007,ok,1,0,1,0,4,7,1,1,0,0,0
gen_01510,1,-7.737,ok,0,0,1,1,3,1,1,1,2,0,0
gen_01510,2,-7.729,ok,0,0,1,1,3,1,1,1,2,0,0
gen_01510,3,-7.705,ok,0,0,1,1,3,1,1,1,2,0,0
gen_01510,4,-7.704,ok,0,0,1,1,3,1,1,1,2,0,0
gen_01510,5,-7.695,ok,0,0,1,1,3,1,1,1,2,0,0
gen_01510,6,-7.679,ok,0,0,1,1,3,1,1,1,2,0,0
gen_01510,7,-7.632,ok,0,0,1,1,3,1,1,1,2,0,0
gen_01510,8,-7.469,ok,0,0,0,1,3,4,4,0,0,0,2
gen_01510,9,-7.466,ok,0,0,0,1,3,4,4,0,0,0,2
gen_01510,10,-7.454,ok,0,0,0,1,3,4,4,0,0,0,2
gen_01510,11,-7.411,ok,0,0,0,1,3,4,4,0,0,0,1
gen_01510,12,-7.372,ok,0,0,0,1,3,4,4,0,0,0,1
gen_01511,1,-8.063,ok,1,0,0,1,4,2,3,0,0,0,0
gen_01511,2,-8.051,ok,1,0,0,1,4,2,3,0,0,0,0
gen_01511,3,-8.043,ok,1,0,0,1,4,2,3,0,0,0,0
gen_01511,4,-7.963,ok,1,0,0,1,4,2,3,0,0,0,0
gen_01512,1,-6.829,ok,1,0,0,1,4,4,3,0,0,0,0
gen_01513,1,-8.145,ok,0,0,0,1,0,4,4,0,0,0,0
gen_01513,2,-8.126,ok,0,0,0,1,0,4,4,0,0,0,0
gen_01514,1,-8.339,ok,1,0,1,1,5,5,3,0,0,0,0
gen_01514,2,-8.311,ok,1,0,0,1,5,7,2,0,0,0,0
gen_01514,3,-8.306,ok,1,0,1,0,5,6,1,0,0,0,0
gen_01514,4,-8.305,ok,1,0,1,1,5,5,3,0,0,0,0
gen_01514,5,-8.301,ok,1,0,1,1,5,5,3,0,0,0,0
gen_01514,6,-8.285,ok,1,0,1,0,5,6,2,0,0,0,0
gen_01514,7,-8.279,ok,1,0,1,1,5,7,3,0,0,0,0
gen_01514,8,-8.262,ok,1,0,1,1,5,7,2,0,0,0,0
gen_01514,9,-8.237,ok,1,0,1,1,5,6,3,0,0,0,0
gen_01514,10,-8.172,ok,1,0,1,1,5,5,2,0,0,0,0
gen_01514,11,-8.153,ok,1,0,1,1,5,5,3,0,0,0,1
gen_01514,12,-8.142,ok,1,0,1,1,5,6,3,0,0,0,1
gen_01514,13,-8.13,ok,1,0,0,1,5,5,2,0,0,0,1
gen_01515,1,-7.383,ok,1,0,1,0,4,6,4,0,0,0,0
gen_01515,2,-7.361,ok,1,0,1,0,4,7,4,0,0,0,0
gen_01515,3,-7.237,ok,1,0,1,1,4,6,5,0,0,0,0
gen_01516,1,-8.278,ok,1,0,0,1,4,7,3,0,0,0,0
gen_01516,2,-8.271,ok,1,0,0,1,4,7,3,0,0,0,0
gen_01516,3,-8.219,ok,0,0,0,1,3,6,5,0,0,0,0
gen_01516,4,-8.201,ok,1,0,0,1,4,5,5,0,0,0,0
gen_01517,1,-7.363,ok,0,0,0,1,3,6,1,0,0,0,0
gen_01517,2,-7.323,ok,0,0,0,1,3,5,1,0,0,0,0
gen_01518,1,-130.704,ok,0,0,0,0,0,0,0,0,0,0,0
gen_01519,1,-7.555,ok,0,0,0,0,3,3,1,0,0,0,2
gen_01520,1,-7.492,ok,1,0,1,1,4,6,4,0,0,0,0
gen_01520,2,-7.477,ok,1,0,1,1,4,6,4,0,0,0,0
gen_01520,3,-7.395,ok,1,0,1,0,4,5,3,0,0,0,0
gen_01520,4,-7.387,ok,1,0,1,0,4,6,3,0,0,0,0
gen_01520,5,-7.331,ok,1,0,1,0,4,5,3,0,0,0,0
gen_01520,6,-7.31,ok,1,0,1,0,4,5,0,1,0,0,0
gen_01520,7,-7.277,ok,1,0,1,0,4,5,0,1,0,0,0
gen_01520,8,-7.23,ok,1,0,0,1,4,5,3,2,0,0,0
gen_01520,9,-7.219,ok,1,0,0,1,4,5,3,2,0,0,0
gen_01520,10,-7.124,ok,1,0,0,1,4,6,4,0,0,0,0
gen_01520,11,-7.05,ok,1,0,0,0,4,5,1,0,0,0,0
gen_01521,1,-6.761,ok,1,0,0,1,5,3,1,0,0,0,0
gen_01521,2,-6.621,ok,1,0,0,1,4,0,2,0,0,0,0
gen_01521,3,-6.617,ok,1,0,0,1,4,0,2,0,0,0,0
gen_01521,4,-6.582,ok,1,0,0,1,4,0,2,0,0,0,0
gen_01522,1,-7.796,ok,1,0,1,1,4,6,3,0,1,0,0
gen_01522,2,-7.774,ok,1,0,1,1,4,6,3,0,1,0,0
gen_01522,3,-7.764,ok,1,0,1,1,4,6,3,0,1,0,0
gen_01523,1,-7.658,ok,1,0,0,1,4,6,4,0,0,0,0
gen_01523,2,-7.642,ok,1,0,0,1,4,6,3,0,0,0,0
gen_01523,3,-7.536,ok,1,0,0,1,4,7,4,0,0,0,0
gen_01523,4,-7.398,ok,0,0,0,1,0,1,5,0,0,0,0
gen_01523,5,-7.34,ok,0,0,0,1,0,1,5,0,0,0,0
gen_01524,1,-7.637,ok,1,0,0,1,4,1,4,0,0,0,0
gen_01524,2,-7.61,ok,1,0,0,1,4,1,4,0,0,0,0
gen_01524,3,-7.595,ok,0,0,0,1,3,5,2,0,1,0,0
gen_01524,4,-7.581,ok,0,0,0,1,3,5,3,0,1,0,0
gen_01524,5,-7.426,ok,0,0,0,1,3,2,3,0,1,0,0
gen_01525,1,-5.932,ok,0,0,1,1,3,6,1,0,0,0,2
gen_01526,1,-7.27,ok,1,1,1,1,4,8,3,0,0,0,0
gen_01526,2,-7.264,ok,1,1,1,1,4,8,3,0,0,0,0
gen_01527,1,-7.12,ok,1,0,0,1,5,4,2,0,0,0,0
gen_01527,2,-7.024,ok,1,0,0,1,5,5,3,0,0,0,0
gen_01528,1,-7.749,ok,1,0,1,0,4,0,3,1,0,0,0
gen_01528,2,-7.745,ok,1,0,1,0,4,0,4,1,0,0,0
gen_01529,1,-8.054,ok,1,0,0,1,4,6,2,0,0,0,0
gen_01529,2,-8.001,ok,1,0,0,1,4,5,3,0,0,0,0
gen_01530,1,-7.488,ok,1,0,0,1,4,5,3,0,0,0,0
gen_01530,2,-7.484,ok,1,0,0,1,4,5,3,0,0,0,0
gen_01530,3,-7.455,ok,1,0,0,1,4,5,4,0,0,0,0
gen_01530,4,-7.454,ok,1,0,0,1,4,5,4,0,0,0,0
gen_01530,5,-7.453,ok,1,0,0,1,4,5,4,0,0,0,0
gen_01530,6,-7.431,ok,1,0,0,1,4,5,4,0,0,0,0
gen_01530,7,-7.424,ok,1,0,0,1,4,5,4,0,0,0,0
gen_01531,1,-7.17,ok,1,0,0,1,4,6,2,1,0,0,0
gen_01531,2,-7.162,ok,1,0,0,1,4,6,2,1,0,0,0
gen_01531,3,-7.115,ok,1,0,0,1,4,6,2,1,0,0,0
gen_01531,4,-7.106,ok,1,0,0,1,4,5,2,1,0,0,0
gen_01531,5,-7.068,ok,1,0,0,1,4,6,3,1,0,0,0
gen_01531,6,-7.022,ok,1,0,0,1,4,5,2,1,0,0,0
gen_01531,7,-6.608,ok,0,0,1,1,3,6,4,0,0,0,0
gen_01531,8,-6.599,ok,0,0,1,1,3,6,4,0,0,0,0
gen_01532,1,-9.224,ok,1,0,0,1,5,8,1,0,0,0,0
gen_01532,2,-9.184,ok,1,0,0,1,4,6,1,0,0,0,0
gen_01532,3,-9.107,ok,1,0,0,1,4,8,1,0,0,0,0
gen_01532,4,-9.058,ok,1,0,0,1,4,6,1,0,0,0,0
gen_01532,5,-8.985,ok,0,0,0,1,3,6,2,0,0,0,0
gen_01532,6,-8.9,ok,0,0,0,1,3,9,2,0,0,0,0
gen_01532,7,-8.678,ok,1,0,0,0,5,6,0,0,0,0,0
gen_01532,8,-8.621,ok,0,0,0,1,3,7,1,0,0,0,0
gen_01532,9,-8.548,ok,1,0,0,1,4,3,1,0,0,0,0
gen_01533,1,-8.24,ok,1,0,0,1,4,4,3,0,0,0,0
gen_01533,2,-8.236,ok,1,0,0,1,4,4,3,0,0,0,0
gen_01533,3,-8.165,ok,1,0,0,1,4,5,3,0,0,0,0
gen_01533,4,-8.15,ok,1,0,0,1,4,5,3,0,0,0,0
gen_01533,5,-8.008,ok,1,0,0,1,4,5,2,0,0,0,2
gen_01533,6,-7.99,ok,1,0,0,1,4,5,2,0,0,0,2
gen_01534,1,-7.535,ok,0,0,1,1,3,5,2,1,0,0,0
gen_01534,2,-7.493,ok,0,0,1,1,3,5,1,1,0,0,0
gen_01534,3,-7.474,ok,0,0,1,1,3,5,1,1,0,0,0
gen_01534,4,-7.417,ok,0,0,1,1,0,5,1,1,0,0,0
gen_01534,5,-7.416,ok,0,0,1,1,3,5,1,1,0,0,0
gen_01535,1,-6.644,ok,1,0,1,1,5,4,2,1,0,0,0
gen_01535,2,-6.644,ok,1,0,1,0,5,4,1,1,0,0,0
gen_01535,3,-6.63,ok,1,0,1,0,5,4,1,1,0,0,0
gen_01535,4,-6.605,ok,1,0,1,1,5,4,2,0,0,0,0
gen_01536,1,-7.062,ok,1,0,1,0,4,5,1,0,0,0,0
gen_01536,2,-7.05,ok,1,0,1,0,4,5,1,0,0,0,0
gen_01536,3,-6.884,ok,1,0,0,0,4,6,0,0,0,0,0
gen_01537,1,-7.951,ok,1,0,1,1,4,5,3,0,0,0,0
gen_01537,2,-7.928,ok,1,0,1,1,4,5,3,0,0,0,0
gen_01538,1,-7.984,ok,1,0,0,1,4,8,3,0,0,0,0
gen_01539,1,-8.658,ok,1,0,1,1,4,6,3,0,0,0,0
gen_01539,2,-8.651,ok,1,0,1,1,4,6,5,0,0,0,0
gen_01539,3,-8.577,ok,1,0,1,1,4,6,4,0,0,0,0
gen_01539,4,-8.51,ok,1,0,1,1,4,6,4,0,0,0,0
gen_01539,5,-8.179,ok,0,0,0,1,3,7,3,0,0,0,0
gen_01539,6,-8.177,ok,1,0,1,1,4,7,4,0,0,0,0
gen_01539,7,-8.161,ok,1,0,0,0,4,7,2,0,0,0,0
gen_01540,1,-8.283,ok,1,0,0,1,5,3,3,0,0,0,1
gen_01540,2,-8.275,ok,1,0,0,1,5,3,3,0,0,0,1
gen_01541,1,-8.301,ok,0,0,0,1,3,4,5,0,0,0,0
gen_01541,2,-8.294,ok,0,0,0,1,3,5,5,0,0,0,0
gen_01541,3,-8.255,ok,0,0,0,1,0,3,5,1,0,0,0
gen_01541,4,-8.204,ok,0,0,0,1,3,6,4,0,0,0,0
gen_01541,5,-8.145,ok,0,0,0,1,3,4,5,0,0,0,0
gen_01541,6,-8.123,ok,0,0,0,1,3,5,3,0,0,0,0
gen_01541,7,-7.93,ok,0,0,0,1,3,5,6,0,0,0,0
gen_01542,1,-7.679,ok,0,0,0,1,3,5,5,0,0,0,0
gen_01542,2,-7.678,ok,0,0,0,1,3,5,5,0,0,0,0
gen_01542,3,-7.662,ok,0,0,0,1,3,5,5,0,0,0,0
gen_01542,4,-7.644,ok,0,0,0,1,3,5,5,0,0,0,0
gen_01542,5,-7.569,ok,1,0,0,1,4,5,4,0,0,0,0
gen_01543,1,-7.995,ok,1,0,0,1,4,5,6,0,0,0,0
gen_01543,2,-7.887,ok,1,0,0,1,4,4,7,0,0,0,0
gen_01543,3,-7.816,ok,1,0,0,1,5,3,6,0,0,0,0
gen_01544,1,-8.06,ok,1,0,0,1,4,5,4,0,0,0,0
gen_01544,2,-8.03,ok,1,0,0,1,4,5,5,0,0,0,0
gen_01544,3,-7.815,ok,1,0,0,1,4,6,4,0,0,0,0
gen_01544,4,-7.526,ok,1,0,0,1,4,6,3,1,0,0,0
gen_01545,1,-7.762,ok,1,0,1,1,5,3,5,0,0,0,0
gen_01545,2,-7.691,ok,1,0,1,1,5,3,5,0,0,0,0
gen_01545,3,-7.661,ok,1,0,0,1,5,5,3,0,0,0,0
gen_01546,1,-8.491,ok,0,0,1,1,3,3,5,1,0,0,0
gen_01546,2,-8.432,ok,0,0,1,1,3,3,5,1,0,0,0
gen_01546,3,-8.421,ok,0,0,1,1,3,3,5,1,0,0,0
gen_01546,4,-8.21,ok,0,0,1,1,3,4,5,1,0,0,0
gen_01546,5,-8.14,ok,1,0,0,1,4,6,1,0,0,0,0
gen_01546,6,-8.139,ok,1,0,0,1,4,6,1,0,0,0,0
gen_01546,7,-8.023,ok,1,0,0,1,4,5,1,0,0,0,0
gen_01546,8,-7.998,ok,0,0,1,1,3,7,4,1,0,0,0
gen_01547,1,-8.021,ok,0,1,1,1,3,6,4,0,0,0,0
gen_01547,2,-8.017,ok,0,1,1,1,3,6,4,0,0,0,0
gen_01547,3,-8.0,ok,0,1,1,1,3,6,4,0,0,0,0
gen_01547,4,-7.953,ok,0,1,1,1,3,6,4,0,0,0,0
gen_01547,5,-7.924,ok,0,1,0,1,3,6,3,0,0,0,0
gen_01548,1,-8.183,ok,1,0,0,0,4,5,2,0,0,0,1
gen_01549,1,-7.031,ok,1,0,0,1,5,2,2,0,0,0,0
gen_01549,2,-6.98,ok,1,0,0,0,5,2,1,0,0,0,0
gen_01550,1,-7.373,ok,0,0,0,1,3,5,1,0,0,0,0
gen_01551,1,-9.218,ok,1,0,1,1,4,3,5,2,0,0,0
gen_01551,2,-9.189,ok,1,0,1,1,4,3,5,2,0,0,0
gen_01551,3,-9.174,ok,1,0,1,1,4,3,6,1,0,0,0
gen_01551,4,-9.161,ok,1,0,1,1,4,3,6,1,0,0,0
gen_01552,1,-7.621,ok,1,0,1,0,4,5,3,1,0,0,0
gen_01552,2,-7.303,ok,1,0,0,1,4,3,4,0,0,0,0
gen_01552,3,-7.294,ok,0,0,1,1,0,3,2,0,0,0,0
gen_01552,4,-7.281,ok,0,0,0,1,0,2,2,0,0,0,0
gen_01552,5,-7.264,ok,1,0,0,1,5,3,2,0,0,0,0
gen_01553,1,-7.67,ok,1,0,1,1,4,6,4,0,0,0,0
gen_01553,2,-7.637,ok,1,0,1,1,4,6,5,0,0,0,0
gen_01553,3,-7.538,ok,1,0,1,1,4,7,4,0,0,0,0
gen_01553,4,-7.375,ok,1,0,1,1,4,6,3,0,0,0,0
gen_01553,5,-7.346,ok,1,0,1,1,4,6,4,0,0,0,0
gen_01554,1,-6.635,ok,1,0,0,1,4,6,2,1,0,0,0
gen_01554,2,-6.536,ok,1,0,0,1,4,6,2,1,0,0,0
gen_01554,3,-6.463,ok,1,0,0,1,4,5,2,1,0,0,0
gen_01554,4,-6.337,ok,1,0,0,1,4,5,2,1,0,0,0
gen_01555,1,-7.546,ok,1,0,0,1,4,6,2,0,0,0,0
gen_01555,2,-7.545,ok,1,0,0,1,4,6,2,0,0,0,0
gen_01555,3,-7.538,ok,1,0,0,1,4,6,2,0,0,0,0
gen_01555,4,-7.532,ok,1,0,0,1,4,6,2,0,0,0,0
gen_01556,1,-7.852,ok,0,0,0,1,3,5,4,0,0,0,0
gen_01556,2,-7.836,ok,1,0,0,1,4,5,3,0,0,0,0
gen_01556,3,-7.813,ok,1,0,0,1,4,6,2,0,0,0,0
gen_01556,4,-7.812,ok,1,0,0,1,4,5,4,0,0,0,0
gen_01556,5,-7.785,ok,1,0,0,1,4,6,2,0,0,0,0
gen_01556,6,-7.751,ok,1,0,0,1,4,6,4,0,0,0,0
gen_01556,7,-7.717,ok,1,0,0,1,4,6,4,0,0,0,0
gen_01556,8,-7.685,ok,1,0,0,1,4,5,2,0,0,0,0
gen_01556,9,-7.68,ok,1,0,0,1,4,5,2,0,0,0,0
gen_01557,1,-7.535,ok,1,1,1,0,4,6,2,0,0,0,1
gen_01557,2,-7.509,ok,1,0,0,1,4,5,1,0,0,0,0
gen_01558,1,-6.453,ok,1,0,0,0,5,4,0,0,0,0,0
gen_01558,2,-6.422,ok,1,0,0,0,5,4,0,0,0,0,0
gen_01558,3,-6.254,ok,1,0,0,1,4,0,1,0,0,0,0
gen_01559,1,-9.161,ok,1,0,1,1,4,7,3,0,0,0,0
gen_01559,2,-9.159,ok,1,0,1,1,4,8,4,0,0,0,0
gen_01559,3,-8.427,ok,1,0,0,1,4,7,1,1,0,0,1
gen_01560,1,-8.341,ok,1,0,1,1,4,8,4,1,0,0,0
gen_01560,2,-8.101,ok,0,0,1,1,3,4,3,0,0,0,0
gen_01560,3,-8.053,ok,1,0,1,1,4,5,3,0,0,0,0
gen_01560,4,-8.001,ok,0,0,1,1,3,7,3,0,0,0,0
gen_01560,5,-7.87,ok,1,0,1,1,5,5,1,1,0,0,0
gen_01560,6,-7.861,ok,1,0,1,1,4,7,3,0,0,0,0
gen_01560,7,-7.859,ok,1,0,1,1,5,5,1,1,0,0,0
gen_01560,8,-7.826,ok,1,0,1,1,4,8,3,0,0,0,0
gen_01560,9,-7.792,ok,0,0,1,1,3,7,3,0,0,0,0
gen_01560,10,-7.768,ok,1,0,1,1,5,5,2,1,0,0,0
gen_01560,11,-7.74,ok,1,0,1,1,4,6,3,0,0,0,0
gen_01561,1,-7.276,ok,0,0,1,1,3,5,4,0,0,0,0
gen_01561,2,-7.275,ok,0,0,1,1,3,5,4,0,0,0,0
gen_01561,3,-7.268,ok,0,0,1,1,3,6,4,0,0,0,0
gen_01561,4,-7.246,ok,0,0,1,1,3,4,4,0,0,0,0
gen_01561,5,-7.241,ok,0,0,1,1,3,5,4,0,0,0,0
gen_01561,6,-7.241,ok,0,0,1,1,3,5,4,0,0,0,0
gen_01561,7,-7.229,ok,0,0,1,1,3,4,4,0,0,0,0
gen_01561,8,-7.104,ok,1,0,0,1,4,4,2,0,0,0,0
gen_01562,1,-6.816,ok,1,0,1,1,5,3,2,0,0,0,0
gen_01563,1,-6.741,ok,1,0,0,1,4,3,3,0,0,0,0
gen_01564,1,-7.662,ok,1,0,0,1,4,7,2,1,0,0,0
gen_01564,2,-7.646,ok,1,0,0,1,4,6,2,1,0,0,0
gen_01565,1,-7.711,ok,1,0,1,1,4,4,5,0,0,0,0
gen_01565,2,-7.675,ok,1,0,1,1,4,4,4,1,0,0,0
gen_01565,3,-7.591,ok,1,0,1,1,4,6,3,1,0,0,0
gen_01565,4,-7.552,ok,1,0,1,1,4,7,4,1,0,0,0
gen_01566,1,-7.65,ok,1,0,0,1,4,2,2,0,0,0,0
gen_01566,2,-7.649,ok,1,0,0,1,4,2,2,0,0,0,0
gen_01566,3,-7.648,ok,1,0,0,1,4,2,2,0,0,0,0
gen_01566,4,-7.633,ok,1,0,0,1,4,2,3,0,1,0,0
gen_01566,5,-7.618,ok,1,0,0,1,4,2,2,0,0,0,0
gen_01566,6,-7.613,ok,1,0,0,1,4,2,3,0,1,0,0
gen_01567,1,-7.356,ok,1,0,0,1,4,6,3,0,0,0,0
gen_01568,1,-7.128,ok,1,0,0,1,4,6,2,0,0,0,0
gen_01568,2,-7.079,ok,1,0,0,1,4,6,3,0,0,0,0
gen_01568,3,-7.067,ok,1,0,0,1,4,6,3,0,0,0,0
gen_01569,1,-7.415,ok,1,0,0,1,4,8,3,0,0,0,0
gen_01569,2,-7.41,ok,1,0,1,1,4,6,3,0,0,0,0
gen_01569,3,-7.394,ok,1,0,1,1,4,7,2,0,0,0,0
gen_01569,4,-7.374,ok,1,0,1,1,4,6,2,0,0,0,0
gen_01569,5,-7.369,ok,1,0,0,1,4,6,1,0,0,0,1
gen_01570,1,-6.289,ok,1,0,1,1,4,6,2,0,0,0,0
gen_01571,1,-8.138,ok,1,0,0,1,4,8,4,0,0,0,0
gen_01571,2,-8.1,ok,1,0,0,1,4,8,4,0,0,0,0
gen_01571,3,-8.079,ok,1,0,0,1,4,8,4,0,0,0,0
gen_01571,4,-8.078,ok,1,0,0,1,4,8,4,0,0,0,0
gen_01571,5,-8.069,ok,1,0,0,1,4,7,4,0,0,0,0
gen_01571,6,-8.047,ok,1,0,0,1,4,7,4,0,0,0,0
gen_01571,7,-7.975,ok,1,0,0,1,4,7,5,0,0,0,0
gen_01572,1,-7.495,ok,1,0,0,1,5,3,4,0,0,0,0
gen_01572,2,-7.487,ok,1,0,0,1,5,3,4,0,0,0,0
gen_01572,3,-7.435,ok,1,0,1,1,4,6,3,1,0,0,0
gen_01572,4,-7.399,ok,1,0,0,1,4,6,4,0,0,0,0
gen_01573,1,-6.885,ok,1,0,1,0,4,7,1,0,0,0,0
gen_01573,2,-6.819,ok,1,0,1,1,4,7,1,0,0,0,0
gen_01573,3,-6.799,ok,1,0,1,0,4,6,1,0,0,0,0
gen_01573,4,-6.761,ok,1,0,1,1,4,6,1,0,0,0,0
gen_01573,5,-6.76,ok,1,0,1,1,4,6,1,0,0,0,0
gen_01573,6,-6.759,ok,1,0,1,1,4,7,2,0,0,0,0
gen_01573,7,-6.705,ok,1,0,1,1,4,7,2,0,0,0,0
gen_01574,1,-6.907,ok,0,0,1,0,0,4,2,0,0,0,0
gen_01574,2,-6.883,ok,0,0,1,0,0,4,2,0,0,0,0
gen_01574,3,-6.872,ok,0,0,1,0,0,4,2,0,0,0,0
gen_01574,4,-6.839,ok,0,0,1,0,0,4,2,0,0,0,0
gen_01574,5,-6.808,ok,0,0,0,0,3,5,1,0,0,0,0
gen_01574,6,-6.744,ok,1,0,0,0,4,5,1,0,0,0,0
gen_01575,1,-7.777,ok,1,0,1,1,5,3,2,1,0,0,0
gen_01575,2,-7.756,ok,1,0,1,1,5,3,2,1,0,0,0
gen_01576,1,-7.833,ok,1,0,1,1,5,4,2,0,0,0,0
gen_01576,2,-7.821,ok,1,0,1,1,5,4,2,0,0,0,0
gen_01577,1,-6.673,ok,1,0,0,1,4,3,2,0,0,0,0
gen_01577,2,-6.618,ok,1,0,0,1,5,4,3,0,0,0,0
gen_01577,3,-6.616,ok,1,0,0,1,5,4,3,0,0,0,0
gen_01577,4,-6.614,ok,1,0,0,1,5,4,3,0,0,0,0
gen_01577,5,-6.601,ok,1,0,0,1,5,4,3,0,0,0,0
gen_01577,6,-6.55,ok,1,0,0,1,4,1,1,0,0,0,0
gen_01577,7,-6.496,ok,1,0,1,0,4,7,1,0,0,0,0
gen_01577,8,-6.488,ok,1,0,0,1,4,1,3,0,0,0,0
gen_01577,9,-6.465,ok,1,0,0,1,4,1,2,0,0,0,0
gen_01577,10,-6.455,ok,1,0,1,1,4,7,2,0,0,0,0
gen_01578,1,-7.513,ok,0,0,1,1,3,4,1,0,0,0,0
gen_01578,2,-7.49,ok,0,0,1,1,3,5,1,0,0,0,0
gen_01578,3,-7.416,ok,0,0,1,1,3,5,1,0,0,0,0
gen_01578,4,-7.409,ok,0,0,0,1,3,5,2,0,0,0,0
gen_01579,1,-7.629,ok,1,0,1,0,4,4,4,0,0,0,0
gen_01579,2,-7.592,ok,1,0,1,0,4,4,4,0,0,0,0
gen_01579,3,-7.556,ok,1,0,1,0,4,4,4,0,0,0,0
gen_01579,4,-7.429,ok,0,0,0,1,0,1,4,1,0,0,1
gen_01579,5,-7.374,ok,1,0,1,1,4,0,3,0,1,0,1
gen_01579,6,-7.321,ok,1,0,1,1,4,1,2,0,1,0,1
gen_01579,7,-7.23,ok,1,0,1,1,4,2,2,0,1,0,1
gen_01580,1,-6.605,ok,0,0,1,1,0,2,4,0,1,0,0
gen_01580,2,-6.578,ok,0,0,1,1,0,2,4,0,1,0,0
gen_01580,3,-6.57,ok,0,0,1,1,0,2,5,0,1,0,0
gen_01581,1,-7.186,ok,1,0,0,1,4,5,2,0,0,0,0
gen_01581,2,-6.963,ok,1,0,0,1,4,5,2,0,0,0,0
gen_01581,3,-6.873,ok,1,0,1,0,4,7,0,1,0,0,0
gen_01581,4,-6.854,ok,1,0,1,0,4,6,1,0,0,0,0
gen_01581,5,-6.778,ok,1,0,0,0,4,6,0,0,0,0,0
gen_01582,1,-6.855,ok,1,0,0,1,5,4,1,0,0,0,0
gen_01582,2,-6.813,ok,1,0,0,1,5,5,1,0,0,0,0
gen_01582,3,-6.764,ok,1,0,0,0,5,4,0,0,0,0,0
gen_01582,4,-6.753,ok,1,0,1,1,4,2,2,0,0,0,0
gen_01583,1,-8.317,ok,0,0,1,1,3,6,3,0,0,0,0
gen_01583,2,-8.31,ok,1,0,0,1,4,5,3,0,0,0,0
gen_01584,1,-7.484,ok,0,0,1,1,0,2,4,0,0,0,1
gen_01584,2,-7.48,ok,0,0,1,1,0,2,4,0,0,0,2
gen_01585,1,-8.309,ok,1,0,0,1,4,5,3,0,0,0,2
gen_01585,2,-8.297,ok,1,0,0,1,4,5,2,0,0,0,2
gen_01585,3,-8.278,ok,1,0,0,1,4,5,2,0,0,0,2
gen_01585,4,-8.261,ok,1,0,0,1,4,5,2,0,0,0,2
gen_01586,1,-8.282,ok,1,0,1,1,5,3,3,1,0,0,0
gen_01586,2,-8.276,ok,1,0,1,0,5,3,1,1,0,0,0
gen_01587,1,-8.032,ok,1,0,0,1,4,6,4,0,0,0,0
gen_01587,2,-8.004,ok,1,0,0,1,4,6,4,0,0,0,0
gen_01587,3,-7.931,ok,1,0,0,1,4,7,4,0,0,0,0
gen_01587,4,-7.9,ok,1,0,0,1,4,7,6,0,0,0,0
gen_01587,5,-7.9,ok,1,0,0,1,4,7,5,0,0,0,0
gen_01587,6,-7.827,ok,1,0,0,1,4,5,5,0,0,0,0
gen_01587,7,-7.792,ok,1,0,0,1,4,6,6,0,0,0,0
gen_01587,8,-7.674,ok,1,0,0,1,4,6,4,0,0,0,0
gen_01588,1,-7.276,ok,1,0,1,1,4,3,7,0,0,0,0
gen_01588,2,-7.205,ok,1,0,1,1,4,3,6,0,0,0,0
gen_01588,3,-7.104,ok,1,0,0,1,5,3,3,0,0,0,0
gen_01588,4,-7.083,ok,0,0,0,1,3,5,5,0,0,0,0
gen_01588,5,-7.08,ok,0,0,0,1,0,3,5,0,0,0,0
gen_01589,1,-8.677,ok,0,0,0,1,3,6,4,0,0,0,0
gen_01589,2,-8.674,ok,0,0,0,1,3,6,5,0,0,0,0
gen_01589,3,-8.665,ok,0,0,0,1,3,6,5,0,0,0,0
gen_01589,4,-8.653,ok,0,0,0,1,3,5,4,0,0,0,0
gen_01589,5,-8.648,ok,0,0,0,1,3,6,4,0,0,0,0
gen_01589,6,-8.64,ok,0,0,0,1,3,5,5,0,0,0,0
gen_01589,7,-8.618,ok,0,0,0,1,3,5,4,0,0,0,0
gen_01589,8,-8.103,ok,0,0,0,1,0,1,4,0,0,0,0
gen_01590,1,-8.309,ok,1,0,0,1,4,4,5,0,0,0,0
gen_01590,2,-8.305,ok,1,0,0,1,4,5,5,0,0,0,0
gen_01590,3,-8.111,ok,1,0,0,1,4,4,5,0,0,0,0
gen_01590,4,-8.105,ok,1,0,0,1,4,4,5,0,0,0,0
gen_01590,5,-8.032,ok,1,0,0,1,4,4,5,0,0,0,0
gen_01591,1,-7.934,ok,0,0,0,1,3,1,3,0,1,0,0
gen_01591,2,-7.924,ok,0,0,0,1,3,1,3,0,1,0,0
gen_01591,3,-7.919,ok,0,0,0,1,3,1,3,0,1,0,0
gen_01591,4,-7.918,ok,1,0,0,1,4,7,1,1,0,0,0
gen_01591,5,-7.891,ok,0,0,0,1,3,0,3,0,1,0,0
gen_01591,6,-7.883,ok,1,0,0,1,4,2,3,0,1,0,0
gen_01591,7,-7.855,ok,1,0,0,1,4,6,1,1,0,0,0
gen_01592,1,-7.107,ok,1,0,0,1,4,5,2,1,0,0,0
gen_01592,2,-7.075,ok,1,0,0,0,4,5,1,1,0,0,0
gen_01593,1,-7.536,ok,1,0,1,1,4,8,3,0,0,0,0
gen_01593,2,-7.531,ok,1,0,0,1,4,7,1,0,0,0,0
gen_01593,3,-7.523,ok,1,0,0,1,4,7,1,0,0,0,0
gen_01594,1,-8.34,ok,1,0,0,1,4,6,5,1,0,0,0
gen_01594,2,-8.317,ok,1,0,0,1,4,6,4,1,0,0,0
gen_01594,3,-8.31,ok,1,0,0,1,4,6,2,0,0,0,0
gen_01595,1,-8.335,ok,1,0,0,1,4,8,4,0,0,0,0
gen_01595,2,-8.307,ok,1,0,1,1,4,7,5,0,0,0,0
gen_01595,3,-8.305,ok,1,0,0,1,4,9,4,0,0,0,0
gen_01595,4,-8.29,ok,1,0,1,1,4,7,5,0,0,0,0
gen_01596,1,-7.278,ok,1,1,1,1,4,6,5,0,0,0,0
gen_01596,2,-7.229,ok,1,1,1,1,4,7,5,0,0,0,0
gen_01597,1,-7.255,ok,1,0,0,0,4,6,0,0,1,0,0
gen_01597,2,-7.238,ok,1,0,0,0,4,6,0,0,1,0,0
gen_01597,3,-7.232,ok,1,0,0,0,4,6,1,0,1,0,0
gen_01597,4,-7.197,ok,1,0,0,0,4,6,1,0,1,0,0
gen_01597,5,-7.152,ok,1,0,0,0,4,6,0,0,1,0,0
gen_01598,1,-7.359,ok,0,1,1,1,3,6,4,0,0,0,0
gen_01598,2,-7.346,ok,0,1,1,1,3,6,4,0,0,0,0
gen_01598,3,-7.343,ok,0,1,1,1,3,7,5,0,0,0,0
gen_01599,1,-8.138,ok,1,0,0,1,4,7,1,0,0,0,0
gen_01600,1,-6.563,ok,1,0,0,1,4,3,2,0,0,0,0
gen_01600,2,-6.549,ok,1,0,0,1,4,3,2,0,0,0,0
gen_01601,1,-8.166,ok,1,0,1,1,4,4,7,0,0,0,0
gen_01601,2,-8.151,ok,1,0,1,1,4,4,9,0,0,0,0
gen_01601,3,-8.064,ok,1,0,1,1,4,4,6,0,0,0,0
gen_01601,4,-8.063,ok,1,0,0,1,4,6,4,1,1,0,0
gen_01601,5,-8.039,ok,1,0,0,1,4,6,5,1,1,0,0
gen_01601,6,-8.022,ok,1,0,0,1,4,6,4,1,1,0,0
gen_01601,7,-8.015,ok,1,0,1,1,4,4,5,0,0,0,0
gen_01601,8,-7.996,ok,1,0,1,1,4,5,4,0,0,0,0
gen_01601,9,-7.977,ok,1,0,0,1,4,6,4,0,1,0,0
gen_01601,10,-7.943,ok,1,0,0,1,4,5,4,1,1,0,0
gen_01601,11,-7.913,ok,1,0,0,1,4,5,4,1,1,0,0
gen_01601,12,-7.901,ok,1,0,1,0,4,4,2,0,0,0,0
gen_01601,13,-7.9,ok,1,0,0,1,4,5,4,1,1,0,0
gen_01602,1,-7.239,ok,1,0,0,1,4,6,2,2,0,0,0
gen_01602,2,-7.236,ok,1,0,0,1,4,6,3,2,0,0,0
gen_01603,1,-8.143,ok,1,0,0,1,4,5,3,0,0,0,0
gen_01603,2,-8.094,ok,1,0,0,1,4,5,3,0,0,0,0
gen_01604,1,-7.13,ok,1,0,1,1,4,7,3,0,0,0,0
gen_01605,1,-7.755,ok,1,0,1,0,5,4,1,1,0,0,0
gen_01605,2,-7.643,ok,1,0,1,0,5,5,1,1,0,0,0
gen_01606,1,-7.427,ok,1,0,0,1,5,3,3,0,0,0,0
gen_01607,1,-6.843,ok,1,0,0,1,4,4,1,1,0,0,0
gen_01607,2,-6.814,ok,1,0,0,0,4,4,0,1,0,0,0
gen_01607,3,-6.806,ok,1,0,0,1,4,4,1,1,0,0,0
gen_01607,4,-6.801,ok,1,0,0,0,4,4,0,1,0,0,0
gen_01607,5,-6.787,ok,1,0,0,0,4,4,0,1,0,0,0
gen_01607,6,-6.759,ok,1,0,0,0,4,6,0,2,0,0,0
gen_01608,1,-7.189,ok,1,0,1,1,4,6,5,0,0,0,0
gen_01608,2,-7.164,ok,1,0,0,1,4,6,3,0,0,0,0
gen_01608,3,-7.147,ok,1,0,1,1,4,6,5,0,0,0,0
gen_01608,4,-7.138,ok,1,0,0,1,4,4,4,0,0,0,0
gen_01608,5,-7.129,ok,1,0,0,1,4,4,3,0,0,0,0
gen_01608,6,-7.055,ok,1,0,1,1,4,7,4,0,0,0,0
gen_01609,1,-7.686,ok,1,0,1,0,4,5,2,0,0,0,0
gen_01609,2,-7.634,ok,0,0,1,0,3,5,3,0,0,0,0
gen_01609,3,-7.621,ok,1,0,1,0,4,5,3,0,0,0,0
gen_01609,4,-7.573,ok,0,0,1,0,3,5,3,0,0,0,0
gen_01609,5,-7.569,ok,1,0,0,1,5,3,4,0,0,0,0
gen_01609,6,-7.545,ok,1,0,0,0,5,3,4,0,0,0,0
gen_01609,7,-7.5,ok,1,0,0,1,5,3,4,0,0,0,0
gen_01609,8,-7.485,ok,1,0,0,1,5,3,4,0,0,0,0
gen_01609,9,-7.474,ok,1,0,0,1,5,3,4,0,0,0,0
gen_01609,10,-7.347,ok,1,0,0,1,5,3,4,0,0,0,0
gen_01609,11,-7.282,ok,1,0,0,1,4,1,3,0,0,0,1
gen_01610,1,-6.938,ok,0,0,0,1,0,2,5,0,1,0,0
gen_01610,2,-6.881,ok,0,0,0,1,0,2,5,0,1,0,0
gen_01610,3,-6.868,ok,0,0,0,1,0,2,4,0,1,0,0
gen_01610,4,-6.759,ok,0,0,0,1,3,5,2,0,0,0,0
gen_01610,5,-6.707,ok,0,0,0,1,3,5,2,0,0,0,0
gen_01610,6,-6.703,ok,0,0,0,1,3,5,2,0,0,0,0
gen_01611,1,-6.581,ok,1,0,1,1,4,6,2,0,0,0,0
gen_01612,1,-8.22,ok,1,0,0,1,4,6,4,1,0,0,0
gen_01612,2,-8.187,ok,1,0,0,1,4,6,5,0,0,0,0
gen_01612,3,-6.719,ok,0,0,1,1,0,1,5,0,2,0,0
gen_01613,1,-8.324,ok,1,0,0,1,4,7,3,0,0,0,0
gen_01613,2,-8.288,ok,1,0,1,1,4,8,3,0,0,0,0
gen_01613,3,-8.233,ok,1,0,0,1,4,7,3,0,1,0,0
gen_01613,4,-8.176,ok,1,0,0,1,4,6,4,0,1,0,0
gen_01613,5,-8.155,ok,0,1,1,1,3,7,3,0,0,0,0
gen_01613,6,-8.155,ok,1,0,0,1,4,5,3,0,1,0,0
gen_01614,1,-7.908,ok,1,0,1,0,4,6,3,1,0,0,0
gen_01614,2,-7.843,ok,1,0,1,0,4,4,3,1,0,0,0
gen_01614,3,-7.835,ok,1,0,1,0,4,5,2,1,0,0,0
gen_01614,4,-7.318,ok,1,0,0,1,5,5,3,0,0,0,0
gen_01615,1,-7.354,ok,1,0,1,1,4,8,2,0,0,0,0
gen_01615,2,-7.333,ok,1,0,1,1,4,7,2,0,0,0,0
gen_01615,3,-7.308,ok,1,0,0,1,4,5,5,0,0,0,0
gen_01616,1,-6.994,ok,1,0,0,1,4,1,1,0,0,0,0
gen_01616,2,-6.993,ok,1,0,0,1,4,1,1,0,0,0,0
gen_01616,3,-6.951,ok,1,0,0,1,4,2,1,0,0,0,0
gen_01616,4,-6.933,ok,1,0,0,1,4,2,1,0,0,0,0
gen_01616,5,-6.929,ok,0,0,0,1,3,2,2,0,0,0,0
gen_01616,6,-6.923,ok,1,0,0,1,4,1,1,0,0,0,0
gen_01616,7,-6.912,ok,1,0,0,1,4,2,1,0,0,0,0
gen_01616,8,-6.902,ok,1,0,0,1,4,2,1,0,0,0,0
gen_01616,9,-6.826,ok,1,0,0,1,4,1,1,0,0,0,0
gen_01616,10,-6.399,ok,0,0,0,1,0,1,3,0,1,0,0
gen_01617,1,-6.811,ok,1,0,0,1,4,5,1,1,0,0,0
gen_01617,2,-6.8,ok,1,0,0,1,4,5,1,1,0,0,0
gen_01617,3,-6.787,ok,1,0,0,1,4,5,1,1,0,0,0
gen_01618,1,-7.19,ok,1,0,1,0,4,3,2,1,0,0,0
gen_01618,2,-7.156,ok,1,0,1,0,4,3,2,1,0,0,0
gen_01618,3,-7.113,ok,1,0,1,0,4,3,2,1,0,0,0
gen_01618,4,-7.107,ok,1,0,1,0,4,1,2,1,0,0,0
gen_01618,5,-7.08,ok,1,0,1,0,4,1,2,1,0,0,0
gen_01618,6,-7.054,ok,1,0,1,0,4,1,2,1,0,0,0
gen_01618,7,-6.695,ok,1,0,0,1,4,0,1,1,0,0,0
gen_01619,1,-8.311,ok,1,0,1,1,4,6,6,0,0,0,0
gen_01619,2,-8.288,ok,1,0,0,1,4,6,5,0,0,0,0
gen_01619,3,-8.278,ok,1,0,0,1,4,6,5,0,0,0,0
gen_01619,4,-8.17,ok,1,0,1,1,4,7,4,0,0,0,0
gen_01619,5,-8.167,ok,1,0,1,1,4,8,4,0,0,0,0
gen_01619,6,-8.158,ok,1,0,1,1,4,7,4,0,0,0,0
gen_01619,7,-8.143,ok,1,0,1,1,4,5,5,0,0,0,0
gen_01619,8,-7.958,ok,1,0,0,1,4,6,4,0,0,0,0
gen_01620,1,-6.321,ok,0,0,0,1,3,1,2,0,0,0,0
gen_01620,2,-6.296,ok,0,0,0,1,3,1,2,0,0,0,0
gen_01621,1,-7.722,ok,1,0,0,1,5,3,2,0,0,0,0
gen_01621,2,-7.716,ok,1,0,0,1,5,3,5,0,0,0,0
gen_01621,3,-7.701,ok,1,0,0,1,5,3,4,0,0,0,0
gen_01621,4,-7.693,ok,1,0,0,1,4,3,4,0,0,0,0
gen_01622,1,-60.122,ok,1,1,0,1,4,2,3,0,1,0,0
gen_01622,2,-58.833,ok,0,0,0,1,0,0,2,0,0,0,0
gen_01623,1,-7.989,ok,1,0,0,1,5,3,2,0,0,0,0
gen_01623,2,-7.988,ok,1,0,0,1,5,3,2,0,0,0,1
gen_01623,3,-7.971,ok,1,0,0,1,5,3,2,0,0,0,1
gen_01623,4,-7.961,ok,1,0,0,1,5,3,1,0,0,0,0
gen_01623,5,-7.936,ok,1,0,0,1,5,3,2,0,0,0,0
gen_01623,6,-7.921,ok,1,0,0,1,5,3,2,0,0,0,0
gen_01623,7,-7.912,ok,1,0,0,1,4,3,2,0,0,0,0
gen_01623,8,-7.894,ok,1,0,0,1,5,3,2,0,0,0,1
gen_01623,9,-7.767,ok,1,0,0,1,4,1,1,0,0,0,0
gen_01623,10,-7.767,ok,1,0,0,1,4,1,1,0,0,0,0
gen_01623,11,-7.764,ok,1,0,0,1,4,0,1,0,0,0,0
gen_01623,12,-7.732,ok,1,0,0,1,4,1,1,0,0,0,0
gen_01624,1,-7.2,ok,1,0,0,1,4,5,1,1,0,0,0
gen_01624,2,-7.192,ok,1,0,0,1,4,5,1,1,0,0,0
gen_01624,3,-7.182,ok,1,0,0,1,4,5,1,1,0,0,0
gen_01625,1,-8.36,ok,1,0,0,1,4,4,4,0,0,0,0
gen_01625,2,-8.269,ok,1,0,1,0,4,4,0,1,0,0,0
gen_01626,1,-7.01,ok,0,0,0,1,3,6,2,0,0,0,0
gen_01626,2,-7.007,ok,0,0,0,1,3,6,2,0,0,0,0
gen_01627,1,-7.4,ok,1,0,1,1,4,6,5,0,0,0,0
gen_01627,2,-7.293,ok,1,0,1,1,4,5,6,0,0,0,0
gen_01628,1,-7.225,ok,1,0,1,1,4,3,2,1,0,0,0
gen_01628,2,-7.167,ok,1,0,1,0,4,6,0,1,0,0,0
gen_01628,3,-7.165,ok,1,0,1,0,4,6,0,1,0,0,0
gen_01629,1,-7.814,ok,0,0,0,1,3,4,1,0,0,0,0
gen_01629,2,-7.808,ok,0,0,0,1,3,3,1,0,0,0,0
gen_01629,3,-7.795,ok,0,0,0,1,0,4,1,0,0,0,0
gen_01630,1,-7.37,ok,1,0,0,0,5,6,0,0,0,0,1
gen_01630,2,-7.368,ok,1,0,0,0,5,6,0,0,0,0,1
gen_01630,3,-7.358,ok,1,0,0,0,5,6,0,0,0,0,1
gen_01631,1,-7.153,ok,1,0,0,1,4,5,3,0,0,0,0
gen_01631,2,-7.136,ok,1,0,1,1,4,5,4,0,0,0,0
gen_01632,1,-6.246,ok,1,0,1,1,4,6,3,0,0,0,0
gen_01632,2,-6.231,ok,1,0,1,1,4,6,3,0,0,0,0
gen_01632,3,-6.211,ok,1,0,0,1,4,6,2,0,0,0,0
gen_01632,4,-6.166,ok,0,0,1,1,3,6,2,0,0,0,0
gen_01632,5,-6.161,ok,0,0,1,1,3,6,1,0,0,0,0
gen_01632,6,-6.158,ok,1,0,1,1,4,7,1,0,0,0,0
gen_01632,7,-6.153,ok,1,0,1,1,4,7,3,0,0,0,0
gen_01632,8,-6.145,ok,1,0,0,1,4,5,2,1,0,0,0
gen_01632,9,-6.136,ok,1,0,1,1,4,7,2,0,0,0,0
gen_01632,10,-6.111,ok,1,0,1,0,4,7,0,1,0,0,0
gen_01632,11,-6.064,ok,1,0,1,0,4,6,0,1,0,0,0
gen_01633,1,-7.106,ok,1,0,1,0,4,7,0,2,0,0,0
gen_01633,2,-6.962,ok,0,0,0,1,3,1,2,0,0,0,0
gen_01633,3,-6.961,ok,0,0,0,1,3,2,2,0,0,0,0
gen_01633,4,-6.955,ok,0,0,0,1,3,1,2,0,0,0,0
gen_01633,5,-6.954,ok,0,0,0,1,3,2,2,0,0,0,0
gen_01634,1,-7.145,ok,0,0,0,1,3,3,2,0,0,0,0
gen_01634,2,-7.131,ok,1,0,1,1,4,6,4,1,0,0,0
gen_01634,3,-7.13,ok,1,0,1,1,4,6,3,1,0,0,0
gen_01634,4,-7.086,ok,1,0,0,1,4,4,2,0,0,0,0
gen_01634,5,-7.057,ok,1,0,0,1,4,4,2,0,0,0,0
gen_01635,1,-7.672,ok,1,0,0,1,4,0,3,0,0,0,0
gen_01635,2,-7.654,ok,1,0,0,1,4,0,3,0,0,0,0
gen_01635,3,-7.604,ok,1,0,0,1,4,0,3,0,0,0,0
gen_01635,4,-7.598,ok,1,0,0,1,4,0,3,0,0,0,0
gen_01636,1,-7.858,ok,1,1,0,1,4,8,2,0,0,0,0
gen_01636,2,-7.798,ok,1,1,0,1,4,7,2,0,0,0,0
gen_01636,3,-7.797,ok,1,1,0,1,4,8,2,0,0,0,0
gen_01637,1,-8.117,ok,1,0,0,1,4,6,4,0,0,0,0
gen_01637,2,-8.081,ok,1,0,0,1,4,6,4,0,0,0,0
gen_01637,3,-8.064,ok,1,0,0,1,4,7,3,0,0,0,0
gen_01637,4,-8.06,ok,1,0,0,1,4,7,5,0,0,0,0
gen_01637,5,-7.975,ok,1,0,0,1,4,7,3,0,0,0,0
gen_01637,6,-7.962,ok,1,0,0,1,4,7,4,0,0,0,0
gen_01637,7,-7.947,ok,1,0,0,1,4,6,4,0,0,0,0
gen_01637,8,-7.898,ok,1,0,0,1,4,7,5,0,0,0,0
gen_01638,1,-7.209,ok,1,0,1,1,5,4,1,0,0,0,1
gen_01638,2,-7.186,ok,1,0,1,1,5,4,1,0,0,0,0
gen_01638,3,-7.181,ok,1,0,1,1,5,4,1,0,0,0,0
gen_01639,1,-6.928,ok,1,0,0,1,4,5,2,0,0,0,0
gen_01639,2,-6.87,ok,1,0,0,1,4,6,2,0,0,0,0
gen_01640,1,-7.985,ok,1,0,0,1,4,5,1,0,0,0,2
gen_01640,2,-7.958,ok,1,0,0,1,4,5,1,0,0,0,2
gen_01640,3,-7.957,ok,1,0,0,0,4,6,0,0,0,0,0
gen_01640,4,-7.953,ok,1,0,0,1,4,5,1,0,0,0,2
gen_01640,5,-7.939,ok,1,0,0,1,4,5,1,0,0,0,2
gen_01640,6,-7.917,ok,1,0,0,0,4,6,0,0,0,0,1
gen_01640,7,-7.885,ok,0,0,0,1,3,5,1,0,0,0,2
gen_01640,8,-7.841,ok,0,0,0,1,3,5,1,0,0,0,2
gen_01641,1,-8.139,ok,1,0,1,1,4,7,3,0,0,0,0
gen_01641,2,-8.093,ok,1,0,1,1,4,7,1,0,0,0,0
gen_01641,3,-8.085,ok,1,0,1,1,4,7,4,0,0,0,0
gen_01642,1,-8.988,ok,1,0,1,0,4,5,3,1,0,0,0
gen_01643,1,-8.112,ok,1,0,1,0,4,6,2,1,0,0,0
gen_01643,2,-8.01,ok,1,0,1,0,4,6,1,1,0,0,0
gen_01643,3,-7.987,ok,1,0,1,0,4,5,2,1,0,0,0
gen_01643,4,-7.834,ok,1,0,0,0,5,4,1,0,0,0,0
gen_01643,5,-7.707,ok,1,0,1,0,4,5,3,1,0,0,0
gen_01643,6,-7.623,ok,1,0,1,0,5,5,2,0,0,0,0
gen_01644,1,-7.676,ok,1,0,1,1,4,0,3,0,0,0,0
gen_01644,2,-7.627,ok,1,0,1,1,4,0,3,0,0,0,0
gen_01645,1,-7.311,ok,1,0,0,1,4,4,2,0,0,0,0
gen_01645,2,-7.307,ok,1,0,0,1,4,4,2,0,0,0,0
gen_01645,3,-7.286,ok,1,0,0,1,4,4,2,0,0,0,0
gen_01645,4,-7.279,ok,1,0,0,1,4,5,2,0,0,0,0
gen_01645,5,-7.251,ok,1,0,1,1,4,6,1,0,0,0,0
gen_01645,6,-7.231,ok,1,0,0,1,4,3,3,0,0,0,0
gen_01646,1,-7.37,ok,1,0,0,1,4,6,4,0,0,0,0
gen_01646,2,-7.355,ok,1,0,0,1,4,6,4,0,0,0,0
gen_01646,3,-7.337,ok,1,0,0,1,4,6,4,0,0,0,0
gen_01647,1,-7.602,ok,1,0,0,1,4,6,2,0,0,0,0
gen_01647,2,-7.565,ok,1,0,1,1,4,6,3,0,0,0,0
gen_01647,3,-7.481,ok,1,0,1,1,4,5,2,0,0,0,0
gen_01648,1,-7.347,ok,1,0,1,1,4,5,4,0,0,0,0
gen_01649,1,-7.427,ok,1,0,0,1,4,6,2,0,0,0,0
gen_01649,2,-7.282,ok,1,0,0,1,4,6,4,0,0,0,0
gen_01650,1,-7.106,ok,1,0,0,1,5,3,1,0,2,0,0
gen_01650,2,-7.068,ok,1,0,0,1,5,3,1,0,2,0,0
gen_01650,3,-7.061,ok,1,0,0,1,5,3,1,0,2,0,0
gen_01650,4,-7.058,ok,1,0,0,1,5,3,1,0,2,0,0
gen_01651,1,-7.734,ok,1,0,1,1,4,8,3,0,1,0,0
gen_01651,2,-7.723,ok,1,0,1,1,4,7,3,0,1,0,0
gen_01651,3,-7.703,ok,1,0,1,1,4,8,3,0,1,0,0
gen_01651,4,-7.69,ok,1,0,1,1,4,7,3,0,1,0,0
gen_01651,5,-7.669,ok,1,0,1,1,4,7,3,0,1,0,0
gen_01652,1,-7.573,ok,1,0,1,1,5,6,2,0,0,0,0
gen_01652,2,-7.572,ok,1,0,1,1,5,6,2,0,0,0,0
gen_01653,1,-7.791,ok,1,0,1,0,4,6,2,1,0,0,2
gen_01653,2,-7.777,ok,1,0,1,0,4,6,2,1,0,0,2
gen_01653,3,-7.755,ok,1,0,1,0,4,7,2,1,0,0,2
gen_01653,4,-7.623,ok,1,0,1,0,4,7,1,1,0,0,0
gen_01653,5,-7.559,ok,0,1,0,1,0,4,2,0,0,0,2
gen_01653,6,-7.554,ok,0,0,1,1,0,4,4,0,0,0,0
gen_01653,7,-7.54,ok,0,0,1,1,0,4,4,0,0,0,0
gen_01653,8,-7.508,ok,0,0,1,1,0,2,3,0,0,0,0
gen_01653,9,-7.483,ok,0,1,1,1,0,4,2,0,0,0,1
gen_01653,10,-7.462,ok,0,0,1,1,0,2,3,0,0,0,0
gen_01654,1,-7.432,ok,0,0,1,1,3,6,3,0,0,0,0
gen_01654,2,-7.262,ok,1,0,0,1,4,5,1,1,0,0,0
gen_01654,3,-7.255,ok,0,0,0,1,3,6,1,1,0,0,0
gen_01654,4,-7.242,ok,0,0,0,1,3,6,1,1,0,0,0
gen_01654,5,-7.186,ok,1,0,0,1,4,5,4,0,1,0,0
gen_01654,6,-7.174,ok,1,0,0,1,4,5,4,0,1,0,0
gen_01654,7,-7.041,ok,1,0,0,1,4,5,3,0,1,0,0
gen_01655,1,-7.868,ok,0,1,0,1,3,3,3,0,0,0,0
gen_01655,2,-7.846,ok,0,1,0,1,3,3,3,0,0,0,0
gen_01656,1,-7.037,ok,0,0,1,1,3,2,4,0,0,0,0
gen_01656,2,-6.9,ok,0,0,1,1,3,4,4,0,0,0,0
gen_01656,3,-6.897,ok,0,0,1,1,3,3,4,0,0,0,0
gen_01656,4,-6.879,ok,0,0,1,1,3,2,4,0,0,0,0
gen_01656,5,-6.853,ok,0,0,1,1,3,2,4,0,0,0,0
gen_01656,6,-6.845,ok,1,0,1,1,4,7,2,0,0,0,0
gen_01656,7,-6.812,ok,1,0,1,0,4,7,1,0,0,0,0
gen_01656,8,-6.804,ok,1,0,0,1,4,0,3,1,0,0,0
gen_01656,9,-6.798,ok,1,0,1,0,4,7,1,0,0,0,0
gen_01656,10,-6.766,ok,1,0,0,1,4,0,3,1,0,0,0
gen_01656,11,-6.765,ok,1,0,1,1,4,7,3,0,0,0,0
gen_01656,12,-6.764,ok,1,0,0,1,4,0,3,1,0,0,0
gen_01656,13,-6.754,ok,1,0,1,1,4,7,3,0,0,0,0
gen_01657,1,-7.68,ok,1,0,1,1,4,7,2,0,0,0,0
gen_01657,2,-7.676,ok,1,0,1,1,4,7,2,0,0,0,0
gen_01657,3,-7.448,ok,0,0,1,1,0,2,3,0,0,0,0
gen_01658,1,-7.22,ok,1,0,0,1,4,5,4,0,0,0,0
gen_01658,2,-7.109,ok,1,0,0,1,4,4,4,0,0,0,0
gen_01659,1,-7.49,ok,1,0,1,1,4,6,1,1,0,0,0
gen_01659,2,-7.47,ok,1,0,1,1,4,6,1,1,0,0,0
gen_01659,3,-7.393,ok,1,0,1,1,4,7,1,1,0,0,0
gen_01659,4,-7.362,ok,1,0,1,1,4,7,1,1,0,0,0
gen_01659,5,-7.353,ok,0,0,1,0,3,5,2,0,0,0,0
gen_01659,6,-7.311,ok,1,0,1,0,4,5,2,0,0,0,0
gen_01659,7,-7.306,ok,1,0,1,0,4,5,2,0,0,0,0
gen_01660,1,-7.963,ok,1,0,0,1,4,5,2,0,0,0,0
gen_01660,2,-7.956,ok,1,0,0,1,4,5,2,0,0,0,0
gen_01660,3,-7.946,ok,1,0,0,1,4,5,2,0,0,0,0
gen_01660,4,-7.879,ok,0,0,1,0,3,8,1,0,0,0,0
gen_01661,1,-7.533,ok,0,0,1,0,3,7,2,0,0,0,0
gen_01661,2,-7.526,ok,0,0,1,0,3,7,2,0,0,0,0
gen_01662,1,-7.947,ok,1,0,0,1,4,5,2,1,0,0,0
gen_01662,2,-7.946,ok,1,0,0,1,4,6,3,1,0,0,0
gen_01662,3,-7.93,ok,1,0,0,1,4,5,2,1,0,0,0
gen_01662,4,-7.93,ok,1,0,0,1,4,6,3,1,0,0,0
gen_01662,5,-7.928,ok,0,0,0,1,3,5,3,1,0,0,0
gen_01662,6,-7.928,ok,1,0,0,1,4,6,2,1,0,0,0
gen_01662,7,-7.912,ok,1,0,0,1,4,5,2,1,0,0,0
gen_01662,8,-7.864,ok,1,0,0,1,4,6,3,1,0,0,0
gen_01663,1,-7.44,ok,0,0,1,0,3,5,0,0,0,0,1
gen_01663,2,-7.416,ok,0,0,1,0,3,5,0,0,0,0,1
gen_01663,3,-7.394,ok,0,0,1,0,3,5,0,0,0,0,0
gen_01664,1,-7.792,ok,1,0,0,1,4,6,2,0,2,0,0
gen_01664,2,-7.785,ok,1,0,0,1,4,6,2,0,2,0,0
gen_01664,3,-7.781,ok,1,0,0,1,4,6,2,0,2,0,0
gen_01664,4,-7.262,ok,0,0,0,1,0,0,4,0,1,0,0
gen_01665,1,-8.535,ok,1,0,1,1,4,5,3,0,0,0,2
gen_01665,2,-8.524,ok,1,0,1,1,4,5,3,0,0,0,2
gen_01665,3,-8.512,ok,1,0,1,1,4,5,3,0,0,0,2
gen_01666,1,-7.142,ok,1,0,1,1,4,1,3,0,0,0,0
gen_01666,2,-7.11,ok,1,0,1,1,4,1,3,0,0,0,1
gen_01667,1,-8.496,ok,1,0,1,1,4,6,3,0,0,0,0
gen_01668,1,-7.077,ok,1,0,0,1,4,5,2,0,0,0,0
gen_01668,2,-7.033,ok,1,0,1,1,4,7,2,0,0,0,0
gen_01668,3,-7.019,ok,1,0,1,1,4,6,2,0,0,0,0
gen_01669,1,-7.585,ok,0,1,1,1,3,6,4,0,0,0,0
gen_01669,2,-7.554,ok,0,0,1,1,3,6,4,0,0,0,0
gen_01669,3,-7.475,ok,0,0,1,1,3,6,4,0,0,0,0
gen_01669,4,-7.348,ok,0,0,1,1,3,7,4,0,0,0,0
gen_01670,1,-7.139,ok,0,0,0,1,3,6,1,0,0,0,0
gen_01670,2,-7.089,ok,0,0,0,1,3,6,1,0,0,0,0
gen_01670,3,-6.981,ok,0,0,0,1,3,6,1,0,0,0,0
gen_01671,1,-8.456,ok,1,0,1,1,4,10,4,1,0,0,0
gen_01671,2,-8.412,ok,1,0,0,1,4,6,3,1,1,0,0
gen_01671,3,-8.409,ok,1,0,1,1,4,9,5,1,0,0,0
gen_01671,4,-8.381,ok,1,0,1,1,4,10,4,1,0,0,0
gen_01671,5,-8.379,ok,1,0,0,1,4,6,3,1,1,0,0
gen_01671,6,-8.357,ok,1,0,1,1,4,9,3,1,0,0,0
gen_01671,7,-8.311,ok,1,0,1,1,4,10,3,1,0,0,0
gen_01671,8,-8.254,ok,1,0,0,1,4,7,3,1,1,0,0
gen_01671,9,-8.111,ok,1,0,1,1,4,9,3,1,0,0,0
gen_01671,10,-8.01,ok,1,0,1,1,4,10,3,1,0,0,0
gen_01671,11,-8.002,ok,1,0,1,1,4,9,4,1,0,0,0
gen_01671,12,-7.941,ok,1,0,0,1,4,8,3,0,0,0,0
gen_01672,1,-7.49,ok,1,0,1,0,5,6,0,0,0,0,0
gen_01672,2,-7.481,ok,1,0,1,0,5,6,0,0,0,0,0
gen_01672,3,-7.473,ok,1,0,1,1,5,6,1,0,0,0,0
gen_01672,4,-7.466,ok,1,0,1,0,5,6,0,0,0,0,0
gen_01673,1,-7.04,ok,1,0,1,1,5,5,3,0,0,0,0
gen_01673,2,-7.031,ok,1,0,1,1,5,5,3,0,0,0,0
gen_01674,1,-8.022,ok,1,0,1,1,5,5,3,1,0,0,0
gen_01674,2,-8.019,ok,1,0,1,1,5,5,3,1,0,0,0
gen_01674,3,-7.99,ok,1,0,1,1,5,5,3,1,0,0,0
gen_01674,4,-7.96,ok,1,0,1,1,5,5,3,1,0,0,0
gen_01674,5,-7.249,ok,1,0,1,0,4,6,1,0,0,0,0
gen_01675,1,-7.848,ok,1,0,0,1,4,5,2,1,0,0,0
gen_01675,2,-7.819,ok,1,0,0,1,4,5,3,0,0,0,0
gen_01675,3,-7.721,ok,1,0,0,1,4,7,2,0,0,0,0
gen_01675,4,-7.697,ok,1,0,0,0,4,7,1,0,0,0,0
gen_01675,5,-7.673,ok,1,0,0,0,4,6,1,0,0,0,0
gen_01675,6,-7.648,ok,1,0,0,1,4,6,2,0,0,0,0
gen_01676,1,-8.321,ok,1,0,0,0,4,7,1,0,0,0,0
gen_01676,2,-8.296,ok,0,0,0,1,0,4,3,0,0,0,2
gen_01677,1,-8.712,ok,1,0,0,1,4,5,4,0,0,0,0
gen_01677,2,-8.689,ok,1,0,0,1,4,6,4,0,0,0,0
gen_01677,3,-8.676,ok,1,0,0,1,4,5,4,0,0,0,0
gen_01677,4,-8.664,ok,1,0,0,1,4,6,4,0,0,0,0
gen_01677,5,-8.652,ok,1,0,0,1,4,6,4,0,0,0,0
gen_01678,1,-8.001,ok,0,0,1,1,3,6,1,1,0,0,0
gen_01679,1,-7.847,ok,1,0,0,1,5,4,4,0,0,0,0
gen_01680,1,-7.632,ok,1,0,0,1,4,6,2,0,0,0,0
gen_01680,2,-7.613,ok,1,0,0,1,4,6,2,0,0,0,0
gen_01680,3,-7.596,ok,1,0,0,1,4,7,2,0,0,0,0
gen_01680,4,-7.595,ok,1,0,0,1,4,6,2,0,0,0,0
gen_01680,5,-7.501,ok,1,0,0,1,4,6,2,0,0,0,0
gen_01680,6,-7.244,ok,1,0,0,0,4,2,1,0,0,0,0
gen_01680,7,-7.236,ok,1,0,0,0,4,3,0,0,0,0,0
gen_01680,8,-7.075,ok,0,0,0,1,0,2,2,0,0,0,0
gen_01681,1,-7.672,ok,1,0,1,1,4,5,3,0,0,0,1
gen_01681,2,-7.644,ok,1,0,1,1,4,5,3,0,0,0,1
gen_01681,3,-7.597,ok,1,0,1,1,4,5,3,0,0,0,1
gen_01681,4,-7.575,ok,0,0,1,1,3,5,3,0,0,0,1
gen_01681,5,-7.538,ok,0,0,1,1,3,4,3,0,0,0,1
gen_01681,6,-7.477,ok,0,0,1,1,3,4,3,0,0,0,1
gen_01681,7,-7.47,ok,0,0,0,1,0,2,6,0,0,0,0
gen_01681,8,-7.461,ok,0,0,0,1,0,2,6,0,0,0,0
gen_01682,1,-7.705,ok,0,0,1,0,0,1,4,1,0,0,0
gen_01682,2,-7.7,ok,0,0,0,1,3,8,3,0,0,0,0
gen_01682,3,-7.666,ok,0,0,1,0,0,0,4,1,0,0,0
gen_01682,4,-7.593,ok,0,0,0,1,3,8,3,0,0,0,0
gen_01683,1,-6.773,ok,0,0,1,1,3,1,3,0,0,0,0
gen_01683,2,-6.773,ok,0,0,1,1,3,1,3,0,0,0,0
gen_01683,3,-6.7,ok,0,0,1,0,3,1,2,0,0,0,0
gen_01683,4,-6.57,ok,0,0,1,0,0,2,1,0,0,0,0
gen_01684,1,-7.732,ok,1,0,0,1,5,3,4,0,0,0,0
gen_01685,1,-7.316,ok,1,0,0,1,4,6,1,0,0,0,0
gen_01685,2,-7.313,ok,1,0,0,1,4,6,1,0,0,0,0
gen_01685,3,-7.29,ok,1,0,0,1,4,6,1,0,0,0,0
gen_01685,4,-7.283,ok,1,0,0,1,4,7,1,0,0,0,0
gen_01685,5,-7.27,ok,1,0,0,1,4,7,1,0,0,0,0
gen_01686,1,-8.422,ok,1,0,0,1,4,6,3,0,0,0,0
gen_01686,2,-8.361,ok,1,0,0,1,4,6,3,0,0,0,0
gen_01686,3,-8.265,ok,1,0,0,1,4,6,3,0,0,0,0
gen_01687,1,-7.681,ok,1,0,0,1,4,7,3,0,0,0,0
gen_01687,2,-7.576,ok,1,0,1,1,4,7,3,0,0,0,0
gen_01687,3,-7.57,ok,1,0,0,1,4,6,3,1,0,0,0
gen_01688,1,-8.11,ok,1,0,1,1,4,0,1,1,0,0,0
gen_01688,2,-8.086,ok,0,0,0,1,3,0,1,1,0,0,0
gen_01688,3,-8.064,ok,0,0,0,1,3,0,1,1,0,0,0
gen_01688,4,-8.024,ok,0,0,0,1,3,0,1,1,0,0,0
gen_01689,1,-7.772,ok,1,0,0,1,5,3,1,0,0,0,0
gen_01689,2,-7.759,ok,1,0,0,1,5,3,2,0,0,0,0
gen_01689,3,-7.739,ok,0,0,0,1,3,5,2,0,0,0,2
gen_01689,4,-7.714,ok,0,0,0,1,3,5,2,0,0,0,1
gen_01689,5,-7.713,ok,0,0,0,1,3,5,2,0,0,0,1
gen_01689,6,-7.704,ok,1,0,0,1,5,3,2,0,0,0,0
gen_01689,7,-7.702,ok,1,0,0,1,5,3,1,0,0,0,0
gen_01689,8,-7.683,ok,1,0,0,1,5,3,2,0,0,0,2
gen_01690,1,-6.942,ok,0,0,1,1,3,5,3,0,1,0,0
gen_01690,2,-6.896,ok,1,0,0,0,4,6,0,0,0,0,0
gen_01690,3,-6.811,ok,1,0,0,0,4,5,1,0,0,0,0
gen_01691,1,-8.171,ok,1,0,0,1,4,6,3,0,0,0,0
gen_01691,2,-8.162,ok,1,0,0,1,4,6,3,0,0,0,0
gen_01692,1,-6.734,ok,1,0,1,1,4,7,2,0,0,0,0
gen_01693,1,-6.584,ok,1,0,0,1,4,5,2,1,0,0,0
gen_01693,2,-6.554,ok,1,0,0,1,5,3,2,0,0,0,0
gen_01693,3,-6.489,ok,1,0,0,0,4,6,1,1,0,0,0
gen_01693,4,-6.447,ok,1,0,0,0,4,6,1,1,0,0,0
gen_01694,1,-8.653,ok,1,0,0,1,4,4,5,0,0,0,0
gen_01694,2,-8.585,ok,1,0,0,1,5,5,3,0,0,0,0
gen_01694,3,-8.262,ok,1,0,0,1,4,1,4,0,0,0,0
gen_01695,1,-6.918,ok,1,0,0,1,4,5,2,0,0,0,0
gen_01696,1,-6.371,ok,1,0,0,1,4,0,2,1,0,0,0
gen_01696,2,-6.343,ok,1,0,0,1,4,1,2,1,0,0,0
gen_01696,3,-6.334,ok,1,0,0,1,4,0,2,1,0,0,0
gen_01696,4,-6.333,ok,1,0,0,0,4,0,0,1,0,0,0
gen_01696,5,-6.324,ok,1,0,0,1,4,0,2,1,0,0,0
gen_01696,6,-6.305,ok,1,0,0,1,4,4,2,0,0,0,0
gen_01697,1,-7.107,ok,1,0,1,1,4,6,2,1,0,0,0
gen_01697,2,-7.103,ok,1,0,1,1,4,6,3,0,0,0,0
gen_01697,3,-7.031,ok,1,0,1,0,4,6,0,1,0,0,0
gen_01697,4,-7.015,ok,1,0,1,0,4,6,0,1,0,0,0
gen_01698,1,-7.177,ok,1,0,0,0,4,6,1,0,0,0,1
gen_01698,2,-7.169,ok,1,0,0,0,4,6,1,0,0,0,1
gen_01698,3,-7.162,ok,1,0,0,0,4,7,1,0,0,0,1
gen_01699,1,-7.506,ok,1,0,1,1,4,7,3,0,0,0,0
gen_01699,2,-7.377,ok,1,0,1,1,4,7,3,0,0,0,0
gen_01700,1,-7.16,ok,1,0,0,1,5,3,3,0,0,0,0
gen_01700,2,-7.159,ok,1,0,0,1,5,3,3,0,0,0,0
gen_01700,3,-7.143,ok,1,0,0,1,5,3,3,0,0,0,0
gen_01700,4,-7.131,ok,1,0,0,1,5,3,3,0,0,0,0
gen_01700,5,-7.119,ok,1,0,0,1,5,3,3,0,0,0,0
gen_01701,1,-7.697,ok,1,0,0,1,4,5,3,1,0,0,0
gen_01701,2,-7.689,ok,1,0,0,1,4,5,3,1,0,0,0
gen_01701,3,-7.676,ok,1,0,0,1,4,5,3,1,0,0,0
gen_01701,4,-7.591,ok,1,0,0,1,4,5,3,1,0,0,0
gen_01702,1,-7.895,ok,1,0,1,0,4,5,0,1,0,0,0
gen_01702,2,-7.883,ok,1,0,1,0,4,5,0,1,0,0,0
gen_01702,3,-7.874,ok,1,0,1,0,4,6,0,1,0,0,0
gen_01702,4,-7.872,ok,1,0,1,0,4,6,0,1,0,0,0
gen_01703,1,-8.068,ok,0,0,1,1,3,8,3,1,0,0,0
gen_01703,2,-8.053,ok,1,0,1,1,4,9,2,1,0,0,0
gen_01703,3,-7.985,ok,1,0,1,1,4,10,2,1,0,0,0
gen_01703,4,-7.932,ok,1,0,1,1,4,8,2,1,0,0,0
gen_01704,1,-7.77,ok,0,0,1,1,0,3,1,0,1,0,0
gen_01704,2,-7.674,ok,0,0,1,1,0,3,1,0,1,0,0
gen_01705,1,-7.728,ok,1,0,1,1,4,7,4,1,0,0,0
gen_01705,2,-7.715,ok,0,0,1,1,3,7,3,1,0,0,0
gen_01705,3,-7.688,ok,1,0,1,1,4,10,5,0,0,0,0
gen_01705,4,-7.556,ok,1,1,1,1,4,8,4,1,0,0,0
gen_01705,5,-7.533,ok,1,0,1,1,4,7,3,1,0,0,0
gen_01705,6,-7.521,ok,1,0,1,1,4,9,6,0,0,0,0
gen_01705,7,-7.48,ok,1,1,1,1,4,7,4,1,0,0,0
gen_01705,8,-7.475,ok,1,1,1,1,4,8,3,1,0,0,0
gen_01705,9,-7.392,ok,1,0,0,1,4,7,3,0,1,0,1
gen_01705,10,-7.353,ok,1,0,1,1,4,8,2,1,0,0,0
gen_01705,11,-7.306,ok,1,0,0,1,4,6,3,0,1,0,1
gen_01705,12,-7.211,ok,1,0,1,1,4,6,3,1,0,0,0
gen_01706,1,-7.62,ok,1,0,0,1,4,6,3,0,0,0,0
gen_01706,2,-7.615,ok,1,0,0,1,4,6,3,0,0,0,0
gen_01706,3,-7.568,ok,1,0,0,1,4,6,4,0,0,0,0
gen_01707,1,-7.987,ok,1,0,0,1,4,8,3,0,0,0,0
gen_01708,1,-7.88,ok,0,0,0,1,3,7,3,0,0,0,0
gen_01708,2,-7.864,ok,1,0,0,1,4,7,4,0,0,0,0
gen_01708,3,-7.827,ok,1,0,0,1,4,7,3,0,0,0,0
gen_01708,4,-7.72,ok,0,0,1,1,3,6,3,0,0,0,0
gen_01708,5,-7.695,ok,1,0,0,1,4,7,4,0,0,0,0
gen_01708,6,-7.681,ok,1,0,0,1,4,7,4,0,0,0,0
gen_01708,7,-7.678,ok,1,0,0,1,4,7,4,0,0,0,0
gen_01708,8,-7.659,ok,1,0,0,1,4,3,3,0,0,0,0
gen_01708,9,-7.613,ok,1,0,0,1,4,4,3,0,0,0,0
gen_01708,10,-7.554,ok,1,0,0,1,5,3,4,0,0,0,0
gen_01709,1,-7.43,ok,1,0,1,0,4,7,2,0,0,0,0
gen_01709,2,-7.405,ok,1,0,1,0,4,7,1,0,0,0,0
gen_01709,3,-7.369,ok,1,0,1,0,4,6,2,0,0,0,0
gen_01709,4,-7.346,ok,1,0,1,0,4,5,3,0,0,0,0
gen_01709,5,-7.294,ok,1,0,1,0,4,7,1,0,0,0,0
gen_01709,6,-7.284,ok,1,0,1,0,4,6,1,0,0,0,0
gen_01709,7,-7.229,ok,0,0,0,1,3,5,3,0,0,0,0
gen_01710,1,-6.917,ok,1,0,1,1,4,5,3,0,0,0,0
gen_01710,2,-6.855,ok,1,0,1,1,4,6,3,0,0,0,0
gen_01710,3,-6.792,ok,1,0,0,1,4,5,2,0,0,0,0
gen_01711,1,-7.266,ok,0,0,0,1,3,0,1,0,0,0,0
gen_01712,1,-7.571,ok,1,0,0,1,4,6,3,0,0,0,0
gen_01712,2,-7.523,ok,1,0,0,1,4,7,5,0,0,0,0
gen_01712,3,-7.509,ok,1,0,0,1,4,7,4,0,0,0,0
gen_01712,4,-7.493,ok,1,0,0,1,4,6,3,0,0,0,0
gen_01712,5,-7.482,ok,1,0,0,1,4,7,5,0,0,0,0
gen_01712,6,-7.455,ok,1,0,0,1,4,7,4,0,0,0,0
gen_01712,7,-7.424,ok,1,0,0,1,4,4,3,0,0,0,0
gen_01712,8,-7.392,ok,1,0,0,1,4,5,5,0,0,0,0
gen_01712,9,-7.379,ok,1,0,0,1,4,8,6,0,0,0,0
gen_01713,1,-6.882,ok,1,1,0,1,4,7,2,1,0,0,0
gen_01713,2,-6.86,ok,1,0,0,1,4,6,3,0,0,0,0
gen_01714,1,-7.913,ok,1,1,0,1,5,1,3,0,0,0,0
gen_01714,2,-7.893,ok,1,1,0,1,5,1,3,0,0,0,0
gen_01714,3,-7.882,ok,1,1,0,1,5,2,3,0,0,0,0
gen_01715,1,-7.174,ok,1,0,1,0,4,3,2,1,0,0,0
gen_01715,2,-7.093,ok,1,0,1,0,4,5,3,1,0,0,0
gen_01715,3,-7.029,ok,1,0,1,0,4,3,2,1,0,0,0
gen_01715,4,-7.016,ok,1,0,1,0,4,5,3,1,0,0,0
gen_01715,5,-6.99,ok,1,0,1,0,4,4,3,1,0,0,0
gen_01715,6,-6.466,ok,1,0,1,0,4,6,1,1,0,0,0
gen_01715,7,-6.243,ok,0,0,0,1,0,5,3,0,0,0,0
gen_01715,8,-6.141,ok,0,0,0,1,0,2,4,0,0,0,0
gen_01716,1,-7.24,ok,1,0,1,1,5,4,3,0,0,0,0
gen_01716,2,-7.212,ok,1,0,1,1,5,4,3,0,0,0,0
gen_01716,3,-7.151,ok,1,0,1,1,5,4,4,0,0,0,0
gen_01716,4,-7.14,ok,1,0,1,1,5,4,3,0,0,0,0
gen_01717,1,-7.756,ok,1,0,0,1,4,6,1,0,0,0,0
gen_01717,2,-7.675,ok,1,0,0,1,4,7,1,0,0,0,0
gen_01718,1,-7.527,ok,0,0,0,1,3,6,3,0,0,0,1
gen_01718,2,-7.509,ok,0,0,0,1,3,6,3,0,0,0,1
gen_01718,3,-7.506,ok,0,0,0,1,3,6,3,0,0,0,1
gen_01719,1,-7.335,ok,1,0,0,1,4,6,1,0,0,0,0
gen_01720,1,-7.315,ok,0,0,0,1,3,5,2,0,0,0,0
gen_01720,2,-7.302,ok,0,0,0,1,3,5,3,0,0,0,0
gen_01720,3,-7.272,ok,0,0,0,1,3,6,2,0,0,0,0
gen_01720,4,-7.271,ok,1,0,0,1,4,6,3,0,0,0,0
gen_01720,5,-7.232,ok,0,0,1,1,3,6,2,0,0,0,0
gen_01721,1,-7.702,ok,0,1,0,0,3,6,0,0,0,0,0
gen_01722,1,-6.897,ok,1,0,1,0,4,7,0,1,0,0,0
gen_01722,2,-6.876,ok,1,0,1,0,4,7,0,1,0,0,0
gen_01722,3,-6.861,ok,1,0,1,0,4,8,0,1,0,0,0
gen_01722,4,-6.817,ok,1,0,1,0,4,7,0,1,0,0,0
gen_01723,1,-7.514,ok,1,0,1,1,4,6,3,1,0,0,0
gen_01723,2,-7.413,ok,1,0,0,1,4,6,3,0,0,0,0
gen_01724,1,-7.776,ok,1,0,1,1,4,6,3,1,0,0,0
gen_01724,2,-7.674,ok,1,0,0,1,4,6,3,0,0,0,0
gen_01724,3,-7.602,ok,1,0,0,1,4,6,3,0,0,0,0
gen_01724,4,-7.509,ok,1,0,0,1,4,6,3,0,0,0,0
gen_01725,1,-7.867,ok,1,0,1,1,5,3,2,2,0,0,0
gen_01725,2,-7.85,ok,1,0,1,1,5,3,2,2,0,0,0
gen_01726,1,-7.728,ok,1,0,1,1,4,5,4,0,0,0,0
gen_01726,2,-7.706,ok,1,0,1,1,4,6,3,0,0,0,0
gen_01726,3,-7.695,ok,1,0,1,1,4,7,5,0,0,0,0
gen_01726,4,-7.684,ok,1,0,1,0,4,7,3,0,0,0,0
gen_01726,5,-7.628,ok,1,0,0,1,4,7,2,0,0,0,0
gen_01726,6,-7.599,ok,1,0,1,1,4,8,2,0,0,0,0
gen_01727,1,-74.626,ok,0,0,0,1,0,0,1,0,0,0,0
gen_01728,1,-7.193,ok,1,0,0,1,4,6,2,1,0,0,0
gen_01728,2,-7.151,ok,1,0,0,1,4,5,2,1,0,0,0
gen_01728,3,-7.142,ok,1,0,0,1,4,5,2,1,0,0,0
gen_01729,1,-8.415,ok,1,0,1,1,4,6,4,1,0,0,0
gen_01729,2,-8.343,ok,1,0,1,1,4,7,4,1,0,0,0
gen_01729,3,-8.011,ok,1,0,0,1,4,6,2,0,0,0,0
gen_01730,1,-8.985,ok,1,0,0,1,4,7,5,1,0,0,0
gen_01730,2,-8.974,ok,1,0,0,1,4,6,5,1,0,0,0
gen_01730,3,-8.782,ok,1,0,0,1,4,5,5,1,0,0,0
gen_01730,4,-8.061,ok,1,0,0,1,4,7,3,1,0,0,0
gen_01731,1,-7.377,ok,1,0,0,0,4,6,0,0,0,0,0
gen_01732,1,-7.673,ok,1,0,0,1,4,6,2,0,0,0,1
gen_01732,2,-7.633,ok,1,0,1,1,4,5,3,0,0,0,0
gen_01732,3,-7.583,ok,1,0,1,1,4,5,3,0,0,0,0
gen_01732,4,-7.57,ok,1,0,1,1,4,6,3,0,0,0,0
gen_01732,5,-7.544,ok,1,0,1,1,4,6,3,0,0,0,1
gen_01732,6,-7.54,ok,1,0,1,1,4,6,2,0,0,0,0
gen_01732,7,-7.533,ok,1,0,0,1,4,6,1,0,0,0,2
gen_01732,8,-7.517,ok,1,0,1,1,4,5,2,0,0,0,0
gen_01732,9,-7.515,ok,1,0,0,1,4,6,2,0,0,0,2
gen_01732,10,-7.515,ok,1,0,1,1,4,7,3,0,0,0,1
gen_01732,11,-7.509,ok,1,0,1,1,4,5,2,0,0,0,0
gen_01732,12,-7.509,ok,1,0,0,1,4,6,2,0,0,0,2
gen_01732,13,-7.398,ok,1,0,0,1,4,6,1,0,0,0,2
gen_01733,1,-7.932,ok,1,0,0,1,4,5,3,0,0,0,0
gen_01733,2,-7.907,ok,1,0,0,1,4,5,3,0,0,0,0
gen_01733,3,-7.898,ok,1,0,0,1,4,6,3,0,0,0,0
gen_01734,1,-6.949,ok,1,0,0,1,4,5,2,0,0,0,0
gen_01734,2,-6.855,ok,1,0,0,1,4,6,2,0,0,0,0
gen_01735,1,-6.393,ok,1,0,0,1,5,3,1,0,0,0,0
gen_01735,2,-6.378,ok,1,0,0,1,4,6,3,1,0,0,0
gen_01735,3,-6.373,ok,1,0,0,1,4,5,2,1,0,0,0
gen_01735,4,-6.372,ok,1,0,0,1,4,5,2,1,0,0,0
gen_01736,1,-7.926,ok,0,0,1,1,3,1,3,0,0,0,0
gen_01736,2,-7.916,ok,0,0,1,1,3,1,3,0,0,0,0
gen_01736,3,-7.89,ok,0,0,1,1,3,1,3,0,0,0,0
gen_01736,4,-7.888,ok,0,0,1,1,3,1,4,0,0,0,0
gen_01737,1,-6.404,ok,1,0,0,1,4,6,2,0,0,0,0
gen_01737,2,-6.377,ok,1,0,0,1,4,6,1,0,0,0,0
gen_01738,1,-7.568,ok,1,0,0,1,4,7,2,0,0,0,0
gen_01738,2,-7.544,ok,1,0,0,1,4,7,2,0,0,0,0
gen_01738,3,-7.528,ok,1,0,0,1,4,7,2,0,0,0,0
gen_01738,4,-7.441,ok,1,0,0,1,4,7,2,0,0,0,0
gen_01738,5,-7.359,ok,1,0,0,1,4,6,1,0,0,0,0
gen_01738,6,-7.333,ok,1,0,0,1,4,6,2,0,0,0,0
gen_01739,1,-8.378,ok,1,0,0,1,5,4,3,0,0,0,0
gen_01739,2,-8.37,ok,1,0,0,1,5,4,4,0,0,0,0
gen_01740,1,-7.046,ok,1,0,0,1,4,6,2,1,1,0,0
gen_01740,2,-7.042,ok,1,0,0,1,4,6,2,1,1,0,0
gen_01740,3,-7.037,ok,1,0,0,1,4,6,2,1,1,0,0
gen_01740,4,-7.031,ok,1,0,0,1,4,6,2,1,1,0,0
gen_01741,1,-7.056,ok,1,0,1,1,4,5,4,0,0,0,0
gen_01741,2,-7.045,ok,1,0,1,1,4,6,5,0,0,0,0
gen_01741,3,-7.003,ok,1,0,1,1,4,7,2,0,0,0,0
gen_01741,4,-6.97,ok,1,0,1,1,5,2,3,0,0,0,1
gen_01741,5,-6.953,ok,0,0,1,1,3,5,2,0,0,0,0
gen_01741,6,-6.913,ok,0,0,0,1,3,4,2,0,0,0,0
gen_01741,7,-6.897,ok,1,0,1,1,5,2,3,0,0,0,1
gen_01741,8,-6.895,ok,0,0,1,1,3,5,2,0,0,0,0
gen_01742,1,-6.443,ok,1,0,0,0,4,6,1,0,0,0,0
gen_01743,1,-7.131,ok,1,0,0,1,4,5,2,0,0,0,0
gen_01743,2,-6.989,ok,1,0,0,1,4,3,2,0,0,0,0
gen_01744,1,-8.484,ok,1,0,0,1,4,6,2,0,0,0,0
gen_01744,2,-8.464,ok,1,0,0,1,4,7,2,0,0,0,0
gen_01744,3,-8.46,ok,1,0,0,1,4,6,2,0,0,0,0
gen_01745,1,-7.523,ok,1,0,0,1,4,6,3,0,0,0,0
gen_01745,2,-7.513,ok,1,0,0,1,4,6,3,0,0,0,0
gen_01745,3,-7.45,ok,1,0,0,1,4,6,3,0,0,0,0
gen_01745,4,-7.444,ok,1,0,0,1,4,6,3,0,0,0,0
gen_01745,5,-6.982,ok,1,0,1,1,4,4,3,0,0,0,0
gen_01745,6,-6.955,ok,1,1,1,1,4,5,3,0,0,0,0
gen_01746,1,-7.071,ok,1,0,0,1,4,5,2,0,0,0,0
gen_01747,1,-7.621,ok,1,0,0,1,4,1,2,1,1,0,0
gen_01747,2,-7.612,ok,1,0,0,1,4,1,2,1,1,0,0
gen_01748,1,-135.382,ok,0,0,0,0,0,0,0,0,2,0,0
gen_01748,2,-132.51,ok,0,0,0,0,0,1,1,0,0,0,0
gen_01749,1,-7.317,ok,0,0,1,1,3,7,2,0,0,0,0
gen_01749,2,-7.291,ok,0,0,1,1,3,7,2,0,0,0,0
gen_01749,3,-7.244,ok,0,0,1,1,3,7,2,0,0,0,0
gen_01750,1,-8.353,ok,0,0,0,1,3,8,2,0,0,0,0
gen_01750,2,-8.148,ok,0,0,0,0,3,8,1,0,0,0,0
gen_01750,3,-8.139,ok,1,0,0,0,4,7,1,0,0,0,0
gen_01750,4,-8.118,ok,1,0,0,0,4,4,1,0,0,0,0
gen_01750,5,-8.117,ok,0,0,0,1,3,8,2,0,0,0,0
gen_01750,6,-8.103,ok,1,0,0,1,4,5,2,0,0,0,0
gen_01750,7,-8.032,ok,1,0,0,0,4,5,1,0,0,0,0
gen_01750,8,-7.807,ok,0,0,0,1,0,2,5,1,1,0,0
gen_01750,9,-7.802,ok,0,0,0,1,0,1,5,1,1,0,0
gen_01750,10,-7.769,ok,0,0,1,1,0,2,5,0,1,0,0
gen_01750,11,-7.761,ok,0,0,0,1,0,2,6,1,1,0,0
gen_01750,12,-7.625,ok,0,0,1,1,0,0,5,0,0,0,0
gen_01750,13,-7.346,ok,0,0,1,1,0,5,4,1,2,0,0
gen_01751,1,-6.697,ok,1,0,1,0,5,5,2,0,0,0,0
gen_01752,1,-7.447,ok,1,0,1,1,5,3,4,0,0,0,0
gen_01752,2,-7.431,ok,1,0,1,1,5,3,4,0,0,0,0
gen_01752,3,-7.396,ok,1,0,1,1,5,3,4,0,0,0,0
gen_01753,1,-7.26,ok,1,0,0,1,4,2,4,0,0,0,0
gen_01753,2,-7.22,ok,1,0,0,1,4,3,3,0,0,0,0
gen_01753,3,-7.188,ok,1,0,1,1,5,4,3,0,0,0,0
gen_01753,4,-7.184,ok,1,0,0,1,5,4,3,0,0,0,0
gen_01753,5,-7.109,ok,1,0,1,1,5,4,1,0,0,0,0
gen_01753,6,-7.089,ok,1,0,1,1,5,5,1,0,0,0,0
gen_01754,1,-8.171,ok,1,0,1,0,4,6,3,0,0,0,1
gen_01754,2,-8.124,ok,1,0,1,1,4,6,4,0,0,0,0
gen_01754,3,-8.108,ok,1,0,0,1,4,6,2,0,0,0,0
gen_01754,4,-8.061,ok,1,0,1,1,4,7,4,0,0,0,0
gen_01754,5,-7.998,ok,1,0,1,1,4,6,3,0,0,0,1
gen_01755,1,-7.408,ok,1,0,1,1,4,7,2,1,0,0,0
gen_01755,2,-7.395,ok,1,0,1,1,4,2,5,0,0,0,0
gen_01755,3,-7.358,ok,1,0,1,0,4,7,1,1,0,0,0
gen_01756,1,-7.896,ok,0,0,0,1,3,5,3,0,0,0,0
gen_01756,2,-7.883,ok,1,0,0,1,4,1,2,1,0,0,0
gen_01756,3,-7.868,ok,1,0,0,1,4,6,2,0,0,0,0
gen_01757,1,-8.002,ok,1,0,1,1,4,5,4,0,0,0,0
gen_01757,2,-8.0,ok,1,0,1,1,4,5,4,0,0,0,0
gen_01757,3,-7.993,ok,1,0,1,1,4,5,4,0,0,0,0
gen_01757,4,-7.985,ok,1,0,1,1,4,5,4,0,0,0,0
gen_01758,1,-8.278,ok,1,0,0,1,4,5,3,0,0,0,0
gen_01758,2,-8.243,ok,1,0,0,1,4,5,4,0,0,0,0
gen_01759,1,-7.552,ok,1,0,1,1,4,8,2,1,0,0,0
gen_01759,2,-7.546,ok,1,0,1,0,4,8,1,1,0,0,0
gen_01759,3,-7.521,ok,1,0,0,1,5,6,1,0,0,0,0
gen_01759,4,-7.517,ok,1,0,1,1,4,8,3,1,0,0,0
gen_01759,5,-7.513,ok,1,0,1,0,4,7,1,1,0,0,0
gen_01759,6,-7.51,ok,1,0,1,1,4,7,2,1,0,0,0
gen_01759,7,-7.504,ok,1,0,1,1,4,8,2,1,0,0,0
gen_01759,8,-7.494,ok,1,0,0,1,5,6,1,0,0,0,0
gen_01759,9,-7.493,ok,1,0,1,0,4,6,1,1,0,0,0
gen_01759,10,-7.469,ok,1,0,0,1,5,6,1,0,0,0,0
gen_01759,11,-7.414,ok,1,0,1,1,4,7,2,1,0,0,0
gen_01760,1,-7.528,ok,1,0,1,1,5,4,4,0,0,0,0
gen_01760,2,-7.519,ok,1,0,1,1,4,4,4,0,0,0,0
gen_01760,3,-7.354,ok,1,0,1,1,5,3,4,0,0,0,0
gen_01760,4,-7.338,ok,1,0,1,1,4,6,3,0,0,0,0
gen_01760,5,-7.308,ok,1,0,1,1,4,4,3,0,0,0,0
gen_01760,6,-7.165,ok,1,0,0,1,5,4,3,0,0,0,0
gen_01760,7,-7.08,ok,1,0,0,1,5,4,3,0,0,0,0
gen_01761,1,-8.562,ok,1,0,0,1,4,8,4,1,0,0,0
gen_01761,2,-8.555,ok,1,0,0,1,4,8,5,0,0,0,0
gen_01761,3,-8.539,ok,1,0,0,1,4,7,5,0,0,0,0
gen_01761,4,-8.531,ok,1,0,0,1,4,8,5,0,0,0,0
gen_01761,5,-8.502,ok,1,0,0,1,4,7,6,0,0,0,0
gen_01762,1,-7.54,ok,1,0,1,1,4,5,4,1,0,0,0
gen_01762,2,-7.521,ok,1,0,1,1,4,5,4,1,0,0,0
gen_01762,3,-7.497,ok,1,0,1,1,4,5,4,1,0,0,0
gen_01762,4,-7.495,ok,1,0,1,1,4,4,4,1,0,0,0
gen_01762,5,-7.471,ok,1,0,1,1,4,5,4,1,0,0,0
gen_01762,6,-7.442,ok,1,0,1,1,4,4,4,1,0,0,0
gen_01762,7,-7.41,ok,1,0,1,1,4,5,4,0,0,0,0
gen_01762,8,-7.329,ok,1,0,1,1,4,5,4,0,0,0,0
gen_01763,1,-8.188,ok,1,0,0,1,4,3,3,0,0,0,1
gen_01763,2,-8.162,ok,1,0,0,1,4,3,3,0,0,0,1
gen_01763,3,-8.15,ok,1,0,0,1,5,3,3,0,0,0,1
gen_01764,1,-7.167,ok,1,0,0,0,4,6,1,2,0,0,0
gen_01764,2,-7.155,ok,1,0,0,0,4,6,0,1,0,0,0
gen_01765,1,-8.956,ok,1,0,1,1,4,7,4,0,0,0,0
gen_01765,2,-8.787,ok,1,0,0,1,4,6,3,0,0,0,0
gen_01766,1,-8.267,ok,1,0,1,1,4,6,1,0,0,0,1
gen_01766,2,-8.266,ok,1,0,1,1,4,6,1,0,0,0,1
gen_01766,3,-8.266,ok,1,0,1,1,4,6,1,0,0,0,0
gen_01766,4,-8.253,ok,1,0,1,1,4,7,1,0,0,0,1
gen_01766,5,-8.246,ok,1,0,1,1,4,6,1,0,0,0,0
gen_01766,6,-8.189,ok,1,0,1,1,4,6,1,0,0,0,1
gen_01766,7,-8.182,ok,1,0,1,1,4,6,1,0,0,0,1
gen_01766,8,-8.167,ok,1,0,1,1,4,5,1,0,0,0,1
gen_01767,1,-8.051,ok,0,0,0,1,3,1,4,1,0,0,0
gen_01767,2,-8.034,ok,0,0,1,1,3,2,4,1,0,0,0
gen_01767,3,-7.888,ok,0,0,1,1,3,2,4,1,0,0,0
gen_01767,4,-7.754,ok,1,0,1,1,4,6,2,0,0,0,0
gen_01767,5,-7.752,ok,1,0,1,1,4,6,2,0,0,0,0
gen_01768,1,-7.256,ok,1,0,0,1,4,5,2,0,0,0,1
gen_01768,2,-7.247,ok,1,0,0,1,4,5,2,0,0,0,1
gen_01768,3,-7.215,ok,1,0,0,1,4,5,2,0,0,0,1
gen_01768,4,-7.116,ok,1,0,1,1,4,2,3,1,0,0,0
gen_01768,5,-7.11,ok,1,0,1,1,4,2,3,1,0,0,0
gen_01768,6,-7.087,ok,1,0,1,1,4,2,3,1,0,0,0
gen_01769,1,-6.526,ok,1,0,0,1,4,6,1,0,0,0,0
gen_01769,2,-6.5,ok,1,0,0,1,4,5,1,0,0,0,0
gen_01769,3,-6.494,ok,1,0,0,1,4,1,3,0,0,0,0
gen_01769,4,-6.41,ok,1,0,0,0,4,6,0,0,0,0,0
gen_01770,1,-8.035,ok,1,0,0,1,4,5,3,1,0,0,0
gen_01770,2,-7.899,ok,1,0,0,1,4,5,3,2,0,0,0
gen_01771,1,-7.268,ok,1,0,0,1,5,4,3,0,0,0,0
gen_01771,2,-7.227,ok,1,0,0,1,5,4,3,0,0,0,0
gen_01771,3,-7.155,ok,1,0,0,1,5,4,3,0,0,0,0
gen_01772,1,-7.665,ok,1,0,0,1,4,6,3,0,0,0,0
gen_01772,2,-7.657,ok,1,0,0,1,4,6,3,0,0,0,0
gen_01772,3,-7.626,ok,0,0,0,1,3,2,3,0,0,0,0
gen_01772,4,-7.558,ok,0,0,0,1,3,2,3,0,0,0,0
gen_01772,5,-7.555,ok,1,0,0,1,4,6,2,0,0,0,0
gen_01772,6,-7.393,ok,0,0,1,1,3,4,3,0,0,0,0
gen_01772,7,-7.339,ok,0,0,0,1,3,3,3,0,0,0,0
gen_01773,1,-7.909,ok,1,0,1,1,4,1,4,0,0,0,0
gen_01773,2,-7.867,ok,1,0,1,1,4,1,4,0,0,0,0
gen_01773,3,-7.81,ok,1,0,1,1,5,4,5,0,0,0,0
gen_01774,1,-7.349,ok,1,0,1,1,4,7,2,0,0,0,0
gen_01774,2,-7.281,ok,1,0,1,1,4,7,2,0,0,0,0
gen_01774,3,-7.214,ok,1,0,1,0,4,8,4,0,0,0,0
gen_01774,4,-7.192,ok,1,0,1,0,4,7,4,0,0,0,0
gen_01774,5,-7.045,ok,1,0,1,1,4,6,2,0,0,0,0
gen_01774,6,-6.944,ok,1,0,1,0,4,6,1,0,0,0,0
gen_01774,7,-6.941,ok,1,0,1,1,5,4,4,0,0,0,1
gen_01774,8,-6.88,ok,1,0,0,0,4,5,2,0,0,0,0
gen_01774,9,-6.843,ok,1,0,1,1,4,4,3,0,0,0,0
gen_01775,1,-8.038,ok,0,0,0,0,3,7,1,0,0,0,0
gen_01775,2,-8.009,ok,0,0,0,0,3,6,1,0,0,0,0
gen_01775,3,-7.972,ok,0,0,0,0,3,6,1,0,0,0,0
gen_01775,4,-7.965,ok,0,0,0,0,3,7,1,0,0,0,0
gen_01775,5,-7.939,ok,0,0,0,0,3,5,1,0,0,0,0
gen_01775,6,-7.844,ok,0,0,0,0,3,7,1,0,0,0,0
gen_01776,1,-6.897,ok,0,0,1,1,0,2,3,1,0,0,0
gen_01776,2,-6.895,ok,0,0,1,1,0,2,3,1,0,0,0
gen_01776,3,-6.834,ok,0,0,1,1,0,2,3,1,0,0,0
gen_01776,4,-6.799,ok,0,0,1,1,0,2,3,1,0,0,0
gen_01777,1,-8.041,ok,1,0,1,1,4,5,3,0,0,0,0
gen_01777,2,-8.004,ok,1,0,1,1,4,5,3,0,0,0,0
gen_01778,1,-7.204,ok,1,0,0,1,5,3,3,0,0,0,0
gen_01778,2,-7.203,ok,1,0,0,1,5,3,2,0,0,0,0
gen_01779,1,-9.185,ok,1,0,0,1,4,5,5,0,0,0,0
gen_01779,2,-9.151,ok,1,0,0,1,4,5,4,0,0,0,0
gen_01780,1,-6.737,ok,1,0,1,0,4,6,1,1,0,0,0
gen_01781,1,-7.384,ok,1,0,0,1,4,1,2,0,0,0,0
gen_01781,2,-7.34,ok,1,0,0,1,4,1,2,0,0,0,0
gen_01781,3,-7.34,ok,1,0,0,1,4,0,2,0,0,0,0
gen_01782,1,-7.726,ok,1,0,0,1,4,5,3,1,0,0,0
gen_01782,2,-7.683,ok,1,0,0,1,4,5,3,1,0,0,0
gen_01783,1,-7.445,ok,1,0,0,0,4,5,1,0,0,0,0
gen_01784,1,-7.903,ok,1,0,0,1,5,3,3,0,0,0,0
gen_01784,2,-7.9,ok,1,0,0,1,5,3,3,0,0,0,0
gen_01784,3,-7.774,ok,1,0,0,1,5,3,3,0,0,0,0
gen_01784,4,-7.675,ok,1,0,0,1,5,3,3,0,0,0,0
gen_01784,5,-7.666,ok,1,0,0,1,4,4,3,0,0,0,0
gen_01785,1,-6.724,ok,0,0,0,1,3,5,1,0,0,0,0
gen_01786,1,-7.296,ok,1,0,0,0,4,6,0,0,0,0,0
gen_01786,2,-7.253,ok,1,0,0,0,4,5,0,0,0,0,0
gen_01786,3,-7.248,ok,1,0,0,1,4,7,2,0,0,0,0
gen_01786,4,-7.23,ok,1,0,0,1,4,6,2,0,0,0,0
gen_01787,1,-7.066,ok,1,0,0,1,4,2,3,0,0,0,0
gen_01788,1,-6.888,ok,1,0,0,1,4,2,2,0,0,0,0
gen_01788,2,-6.874,ok,1,0,0,1,4,2,2,0,0,0,0
gen_01788,3,-6.839,ok,1,0,0,1,4,2,2,0,0,0,0
gen_01788,4,-6.651,ok,0,0,1,0,3,6,1,0,0,0,0
gen_01789,1,-8.29,ok,1,0,0,1,4,7,3,1,1,0,0
gen_01789,2,-8.254,ok,1,0,0,1,4,6,4,1,1,0,0
gen_01789,3,-8.252,ok,1,0,0,1,4,6,4,1,1,0,0
gen_01789,4,-8.209,ok,1,0,0,1,4,7,4,1,1,0,0
gen_01790,1,-7.06,ok,0,0,1,1,0,2,5,1,0,0,0
gen_01790,2,-7.056,ok,1,0,1,0,4,1,2,1,0,0,0
gen_01790,3,-7.032,ok,0,0,1,1,0,1,5,1,0,0,0
gen_01790,4,-7.03,ok,0,0,1,1,0,1,5,1,0,0,0
gen_01790,5,-7.003,ok,0,0,1,1,0,1,5,1,0,0,0
gen_01790,6,-6.987,ok,0,0,1,1,0,1,5,1,0,0,0
gen_01791,1,-7.104,ok,1,0,1,0,4,6,0,1,0,0,0
gen_01791,2,-7.097,ok,1,0,1,0,4,6,0,1,0,0,0
gen_01791,3,-7.079,ok,1,0,1,0,4,6,0,1,0,0,0
gen_01791,4,-7.078,ok,1,0,1,0,4,6,0,1,0,0,0
gen_01792,1,-7.327,ok,1,0,1,1,4,4,4,0,0,0,0
gen_01792,2,-7.304,ok,1,0,1,1,4,3,4,0,0,0,0
gen_01792,3,-7.231,ok,1,0,1,1,4,4,4,0,0,0,0
gen_01792,4,-7.148,ok,1,0,1,1,4,4,3,0,0,0,0
gen_01792,5,-7.123,ok,1,0,1,1,4,3,3,0,0,0,0
gen_01792,6,-6.935,ok,0,0,0,1,3,5,1,0,0,0,0
gen_01792,7,-6.902,ok,0,0,0,1,3,6,1,0,0,0,0
gen_01792,8,-6.87,ok,0,0,0,1,3,6,1,0,0,0,0
gen_01792,9,-6.869,ok,1,0,0,1,4,4,3,0,1,0,0
gen_01792,10,-6.858,ok,1,0,0,1,4,4,3,0,1,0,0
gen_01792,11,-6.787,ok,1,0,0,1,4,4,3,0,1,0,0
gen_01792,12,-6.74,ok,1,0,0,1,4,4,3,0,1,0,0
gen_01793,1,-7.681,ok,0,0,0,1,3,3,1,0,0,0,0
gen_01793,2,-7.678,ok,0,0,0,1,3,3,1,0,0,0,0
gen_01793,3,-7.668,ok,0,0,0,1,3,3,1,0,0,0,0
gen_01794,1,-8.441,ok,0,0,0,1,3,4,3,0,0,0,0
gen_01794,2,-8.435,ok,0,0,0,1,3,5,3,0,0,0,0
gen_01795,1,-7.854,ok,0,0,1,1,0,2,5,2,0,0,0
gen_01795,2,-7.848,ok,0,0,1,1,0,2,5,2,0,0,0
gen_01796,1,-6.969,ok,1,0,0,1,4,5,2,0,0,0,1
gen_01796,2,-6.868,ok,1,0,0,0,4,4,1,0,0,0,0
gen_01797,1,-6.996,ok,1,0,0,1,5,5,3,0,0,0,0
gen_01797,2,-6.967,ok,1,0,0,1,4,5,3,0,0,0,0
gen_01797,3,-6.937,ok,0,1,1,1,3,6,3,0,0,0,0
gen_01797,4,-6.876,ok,1,0,0,1,5,5,1,0,0,0,0
gen_01797,5,-6.853,ok,0,0,0,1,3,4,2,0,0,0,0
gen_01797,6,-6.852,ok,0,1,1,1,3,6,3,0,0,0,0
gen_01798,1,-7.439,ok,1,0,0,1,4,5,1,0,0,0,1
gen_01798,2,-7.424,ok,1,0,0,1,4,5,1,0,0,0,1
gen_01799,1,-7.998,ok,1,0,0,1,4,3,2,0,0,0,1
gen_01799,2,-7.978,ok,1,0,0,1,4,3,2,0,0,0,1
gen_01799,3,-7.975,ok,1,0,0,1,4,3,2,0,0,0,2
gen_01799,4,-7.971,ok,1,0,0,1,4,3,2,0,0,0,1
gen_01799,5,-7.953,ok,1,0,0,1,4,3,2,0,0,0,1
gen_01800,1,-7.652,ok,1,0,0,1,4,5,4,1,0,0,0
gen_01800,2,-7.637,ok,1,0,0,1,4,4,5,1,0,0,0
gen_01800,3,-7.631,ok,1,0,0,1,4,6,5,0,0,0,0
gen_01800,4,-7.562,ok,1,0,0,1,4,5,4,0,0,0,0
gen_01800,5,-7.51,ok,0,0,0,1,3,5,6,0,0,0,0
gen_01800,6,-7.478,ok,1,0,1,1,4,4,3,0,0,0,0
gen_01801,1,-8.029,ok,1,0,1,0,4,7,1,0,0,0,0
gen_01801,2,-8.004,ok,1,0,1,0,4,7,1,0,0,0,0
gen_01801,3,-7.941,ok,1,0,0,1,4,7,3,0,0,0,0
gen_01801,4,-7.938,ok,1,0,0,1,4,7,3,0,0,0,0
gen_01801,5,-7.921,ok,1,0,1,0,4,7,1,0,0,0,0
gen_01801,6,-7.891,ok,1,0,1,0,4,6,1,0,0,0,0
gen_01801,7,-7.786,ok,1,0,0,0,4,7,1,0,0,0,0
gen_01802,1,-7.897,ok,1,0,1,0,4,7,3,1,0,0,0
gen_01802,2,-7.86,ok,1,0,1,1,4,6,3,0,0,0,1
gen_01802,3,-7.85,ok,1,0,1,1,4,6,3,0,0,0,1
gen_01802,4,-7.831,ok,1,0,1,1,4,6,3,0,0,0,1
gen_01802,5,-7.827,ok,1,0,1,1,4,6,3,0,0,0,1
gen_01803,1,-7.777,ok,0,0,1,1,3,6,3,0,0,0,0
gen_01803,2,-7.741,ok,0,0,1,1,3,6,3,0,0,0,0
gen_01804,1,-7.323,ok,1,0,1,0,4,5,1,0,0,0,0
gen_01804,2,-7.31,ok,1,0,1,0,4,4,1,0,0,0,0
gen_01805,1,-6.824,ok,0,0,0,1,0,0,2,0,1,0,0
gen_01805,2,-6.777,ok,1,0,0,1,4,6,1,0,0,0,0
gen_01805,3,-6.761,ok,0,0,0,1,0,0,2,0,1,0,0
gen_01805,4,-6.757,ok,1,0,0,1,4,6,1,0,0,0,0
gen_01805,5,-6.654,ok,1,0,0,1,4,1,1,0,1,0,0
gen_01806,1,-7.075,ok,1,0,1,1,4,2,4,0,0,0,0
gen_01806,2,-7.069,ok,1,0,1,1,4,2,5,0,0,0,0
gen_01806,3,-7.058,ok,1,0,1,1,4,2,5,0,0,0,0
gen_01806,4,-7.058,ok,1,0,1,1,4,2,5,0,0,0,0
gen_01806,5,-7.057,ok,1,0,1,1,4,2,5,0,0,0,0
gen_01806,6,-6.931,ok,1,0,1,1,4,2,5,0,0,0,0
gen_01806,7,-6.93,ok,1,0,1,1,4,2,4,0,0,0,0
gen_01806,8,-6.917,ok,1,0,1,1,4,2,4,0,0,0,0
gen_01806,9,-6.912,ok,1,0,1,1,4,1,5,0,0,0,0
gen_01806,10,-6.906,ok,1,0,1,0,4,6,0,1,0,0,0
gen_01806,11,-6.893,ok,1,0,1,1,4,2,5,0,0,0,0
gen_01806,12,-6.842,ok,1,0,1,1,5,5,5,1,0,0,0
gen_01807,1,-7.803,ok,1,0,1,1,5,3,2,1,0,0,0
gen_01807,2,-7.68,ok,1,0,1,1,5,3,1,1,0,0,0
gen_01808,1,-7.755,ok,1,0,1,1,4,3,3,1,0,0,0
gen_01808,2,-7.677,ok,1,0,1,1,4,3,3,1,0,0,0
gen_01808,3,-7.672,ok,1,0,1,1,4,5,2,0,0,0,0
gen_01808,4,-7.641,ok,1,0,1,1,4,5,2,0,0,0,0
gen_01808,5,-7.563,ok,1,0,1,1,4,5,4,0,0,0,0
gen_01808,6,-7.56,ok,1,0,1,1,4,5,4,0,0,0,0
gen_01809,1,-7.956,ok,1,0,0,1,4,4,2,0,0,0,1
gen_01809,2,-7.954,ok,1,0,0,1,4,3,2,0,0,0,1
gen_01809,3,-7.949,ok,1,0,0,1,4,4,2,0,0,0,1
gen_01809,4,-7.947,ok,1,0,0,1,4,4,2,0,0,0,1
gen_01809,5,-7.925,ok,1,0,0,1,4,3,2,0,0,0,1
gen_01809,6,-7.919,ok,1,0,0,1,4,4,2,0,0,0,1
gen_01809,7,-7.908,ok,1,0,0,1,4,3,2,0,0,0,1
gen_01809,8,-7.886,ok,1,0,0,1,4,2,2,0,0,0,1
gen_01810,1,-7.646,ok,1,0,0,1,5,6,2,0,0,0,0
gen_01810,2,-7.634,ok,1,0,0,1,5,6,2,0,0,0,0
gen_01811,1,-7.882,ok,1,0,1,1,4,1,4,2,0,0,0
gen_01811,2,-7.827,ok,1,0,1,1,4,0,4,1,0,0,0
gen_01811,3,-7.825,ok,1,0,1,1,4,0,4,1,0,0,0
gen_01811,4,-7.82,ok,1,0,1,1,4,0,5,1,0,0,0
gen_01812,1,-7.819,ok,0,0,0,1,3,5,3,0,0,0,0
gen_01812,2,-7.803,ok,1,0,0,1,5,3,4,0,0,0,0
gen_01812,3,-7.783,ok,1,0,0,1,5,3,4,0,0,0,0
gen_01812,4,-7.73,ok,1,0,0,1,5,3,4,0,0,0,0
gen_01812,5,-7.702,ok,1,0,0,1,5,3,4,0,0,0,0
gen_01813,1,-7.795,ok,1,0,0,1,4,7,1,0,0,0,2
gen_01814,1,-6.99,ok,1,0,0,1,4,6,2,0,0,0,0
gen_01815,1,-7.511,ok,1,0,1,0,4,6,2,1,0,0,0
gen_01815,2,-7.493,ok,0,0,0,0,3,8,1,0,0,0,0
gen_01815,3,-7.369,ok,0,0,0,1,0,1,4,0,0,0,0
gen_01815,4,-7.311,ok,0,0,0,1,3,5,4,0,0,0,0
gen_01815,5,-7.275,ok,0,0,1,0,3,2,2,1,0,0,0
gen_01815,6,-7.27,ok,0,0,1,1,3,5,3,0,0,0,0
gen_01815,7,-7.262,ok,0,0,1,1,3,3,2,1,0,0,0
gen_01815,8,-7.258,ok,0,0,1,1,3,3,2,1,0,0,0
gen_01815,9,-7.238,ok,0,0,1,1,3,5,3,0,0,0,0
gen_01815,10,-7.235,ok,0,0,1,1,3,4,3,0,0,0,0
gen_01816,1,-7.32,ok,1,0,0,1,4,7,1,1,0,0,0
gen_01816,2,-7.252,ok,1,0,0,1,4,8,1,1,0,0,0
gen_01816,3,-7.202,ok,1,0,0,1,4,6,1,1,0,0,0
gen_01817,1,-7.379,ok,1,0,1,1,4,7,2,0,0,0,1
gen_01817,2,-7.336,ok,1,0,1,1,4,6,2,0,0,0,1
gen_01817,3,-7.304,ok,1,0,1,1,4,7,2,0,0,0,1
gen_01817,4,-7.3,ok,0,0,0,1,3,3,3,0,0,0,3
gen_01817,5,-7.297,ok,1,0,1,1,4,6,2,0,0,0,1
gen_01817,6,-7.284,ok,1,0,0,1,4,6,1,0,0,0,1
gen_01817,7,-7.281,ok,1,0,1,1,4,7,2,0,0,0,1
gen_01817,8,-7.264,ok,0,0,0,1,3,3,2,0,0,0,2
gen_01818,1,-6.637,ok,1,0,0,1,4,5,1,0,0,0,0
gen_01819,1,-7.076,ok,1,0,0,1,5,3,3,0,0,0,0
gen_01819,2,-6.981,ok,1,0,0,1,5,3,3,0,0,0,0
gen_01820,1,-7.902,ok,1,0,1,0,5,6,1,1,0,0,0
gen_01820,2,-7.892,ok,1,0,1,0,5,6,1,1,0,0,0
gen_01820,3,-7.887,ok,1,0,1,0,5,6,1,1,0,0,0
gen_01820,4,-7.886,ok,1,0,1,0,5,6,1,1,0,0,0
gen_01820,5,-7.881,ok,1,0,1,0,5,6,1,1,0,0,0
gen_01820,6,-7.867,ok,1,0,1,0,5,6,1,1,0,0,0
gen_01820,7,-7.865,ok,1,0,1,0,5,7,1,1,0,0,0
gen_01821,1,-7.299,ok,0,0,0,1,3,2,3,0,0,0,0
gen_01821,2,-7.203,ok,0,0,0,1,3,2,3,0,0,0,0
gen_01822,1,-7.466,ok,0,0,0,1,0,1,3,0,0,0,0
gen_01823,1,-7.426,ok,0,0,0,1,0,1,5,0,0,0,0
gen_01823,2,-7.425,ok,0,0,0,1,0,2,2,1,0,0,0
gen_01823,3,-7.421,ok,0,0,0,1,0,1,5,0,0,0,0
gen_01823,4,-7.416,ok,0,0,0,1,0,2,2,1,0,0,0
gen_01823,5,-7.403,ok,0,0,0,1,0,2,2,1,0,0,0
gen_01823,6,-7.401,ok,0,0,0,1,0,1,5,0,0,0,0
gen_01823,7,-7.396,ok,0,0,0,1,0,1,5,0,0,0,0
gen_01823,8,-7.396,ok,0,0,0,1,0,2,2,1,0,0,0
gen_01823,9,-7.386,ok,0,0,0,1,0,2,2,1,0,0,0
gen_01823,10,-7.359,ok,0,0,0,1,0,2,2,1,0,0,0
gen_01824,1,-7.743,ok,1,0,0,1,5,3,5,0,0,0,1
gen_01824,2,-7.712,ok,1,0,0,1,5,4,5,0,0,0,1
gen_01824,3,-7.7,ok,1,0,0,1,5,4,3,0,0,0,1
gen_01824,4,-7.687,ok,1,0,0,1,5,4,4,0,0,0,1
gen_01824,5,-7.399,ok,1,0,0,1,4,0,2,0,0,0,0
gen_01825,1,-7.554,ok,1,0,0,1,5,4,3,0,0,0,0
gen_01825,2,-7.465,ok,1,0,0,1,5,5,3,0,0,0,0
gen_01826,1,-7.988,ok,1,0,0,1,4,5,3,0,0,0,0
gen_01827,1,-7.18,ok,1,0,0,1,4,5,1,0,0,0,0
gen_01827,2,-7.126,ok,0,0,0,1,0,1,3,0,2,0,1
gen_01827,3,-7.106,ok,0,0,0,1,0,1,3,0,2,0,1
gen_01827,4,-7.102,ok,0,0,0,1,0,1,3,0,2,0,1
gen_01827,5,-7.102,ok,0,0,0,1,0,1,3,0,2,0,1
gen_01827,6,-7.098,ok,0,0,0,1,0,1,3,0,2,0,1
gen_01827,7,-7.091,ok,0,0,0,1,0,1,3,0,2,0,1
gen_01827,8,-7.089,ok,0,0,0,1,0,1,3,0,2,0,1
gen_01827,9,-7.089,ok,0,0,0,1,0,1,3,0,2,0,1
gen_01827,10,-7.077,ok,0,0,0,1,0,1,3,0,2,0,1
gen_01828,1,-7.415,ok,1,0,1,1,4,7,3,0,0,0,0
gen_01828,2,-7.317,ok,1,0,0,1,4,6,2,0,0,0,0
gen_01828,3,-7.256,ok,1,0,0,1,4,6,2,0,0,0,0
gen_01828,4,-7.099,ok,1,0,0,1,4,6,2,0,0,0,0
gen_01828,5,-7.046,ok,1,0,0,1,4,6,2,0,0,0,0
gen_01828,6,-7.028,ok,1,0,0,1,5,2,2,0,0,0,0
gen_01829,1,-6.589,ok,1,0,0,1,4,6,2,0,0,0,0
gen_01829,2,-6.582,ok,1,0,0,1,4,6,2,0,0,0,0
gen_01830,1,-6.763,ok,1,0,1,1,5,4,4,0,0,0,0
gen_01830,2,-6.715,ok,1,0,0,1,5,3,1,0,0,0,0
gen_01830,3,-6.629,ok,1,0,0,1,5,3,1,0,0,0,0
gen_01830,4,-6.512,ok,1,0,0,1,4,0,2,0,0,0,0
gen_01830,5,-6.5,ok,0,0,0,1,3,0,2,0,0,0,0
gen_01830,6,-6.464,ok,0,0,0,1,3,1,1,0,0,0,0
gen_01830,7,-6.33,ok,1,0,1,1,4,1,1,0,0,0,0
gen_01831,1,-7.455,ok,1,0,1,1,4,5,2,0,0,0,0
gen_01831,2,-7.446,ok,1,0,1,1,4,6,3,0,0,0,0
gen_01831,3,-7.396,ok,1,0,1,1,4,5,3,0,0,0,0
gen_01831,4,-7.37,ok,1,0,1,1,4,6,3,0,0,0,0
gen_01831,5,-7.346,ok,1,0,1,1,4,6,3,0,0,0,0
gen_01831,6,-7.322,ok,1,0,1,1,4,5,2,0,0,0,0
gen_01831,7,-7.19,ok,1,0,1,1,4,5,2,0,0,0,0
gen_01832,1,-7.145,ok,1,0,1,0,4,5,1,0,0,0,0
gen_01833,1,-7.627,ok,1,0,0,1,4,6,3,0,0,0,0
gen_01833,2,-7.565,ok,0,0,0,1,3,5,3,0,0,0,0
gen_01833,3,-7.47,ok,1,0,0,1,4,5,3,0,0,0,0
gen_01833,4,-7.449,ok,1,0,0,1,4,5,2,0,0,0,0
gen_01833,5,-7.449,ok,1,0,0,1,4,6,3,0,0,0,0
gen_01833,6,-7.363,ok,1,0,0,1,4,6,2,0,0,0,0
gen_01833,7,-7.295,ok,1,0,0,1,4,6,2,0,0,0,0
gen_01833,8,-7.271,ok,1,0,0,1,4,6,2,0,0,0,0
gen_01834,1,-7.465,ok,1,0,0,1,4,7,3,1,0,0,0
gen_01834,2,-7.464,ok,1,0,0,1,4,7,3,1,0,0,0
gen_01834,3,-7.343,ok,1,0,0,1,4,6,3,1,0,0,0
gen_01835,1,-6.416,ok,0,0,1,1,3,6,4,0,0,0,0
gen_01835,2,-6.348,ok,1,0,1,1,4,7,3,0,0,0,0
gen_01835,3,-6.283,ok,1,0,1,1,4,7,1,0,0,0,0
gen_01835,4,-6.265,ok,1,0,1,1,4,6,3,0,0,0,0
gen_01835,5,-6.174,ok,0,0,0,1,3,5,3,0,0,0,0
gen_01835,6,-6.088,ok,0,0,0,1,3,3,3,0,0,0,0
gen_01835,7,-6.084,ok,0,0,0,1,3,3,1,1,0,0,0
gen_01835,8,-6.078,ok,0,0,0,1,3,3,2,0,0,0,0
gen_01835,9,-6.033,ok,0,0,0,1,3,3,1,1,0,0,0
gen_01835,10,-5.899,ok,0,0,0,1,3,3,3,0,0,0,0
gen_01836,1,-8.531,ok,1,0,1,0,4,5,3,1,0,0,0
gen_01836,2,-8.478,ok,1,0,1,0,4,5,3,1,0,0,0
gen_01836,3,-8.475,ok,1,0,1,0,4,5,3,1,0,0,0
gen_01836,4,-7.047,ok,0,0,0,1,3,5,3,0,0,0,0
gen_01837,1,-7.677,ok,0,0,1,1,0,2,5,0,1,0,0
gen_01837,2,-7.637,ok,0,0,1,1,0,2,5,0,1,0,0
gen_01837,3,-7.603,ok,0,0,1,1,0,2,5,0,1,0,0
gen_01838,1,-8.276,ok,1,0,0,1,4,6,3,0,0,0,0
gen_01838,2,-8.263,ok,1,0,0,1,4,6,3,0,0,0,0
gen_01839,1,-8.183,ok,1,0,1,0,4,6,2,1,0,0,0
gen_01839,2,-8.164,ok,1,0,1,0,4,6,2,1,0,0,0
gen_01839,3,-8.019,ok,1,0,1,0,4,5,2,1,0,0,0
gen_01840,1,-8.243,ok,1,0,0,1,4,5,3,1,0,0,0
gen_01840,2,-8.238,ok,1,0,0,1,4,5,3,1,0,0,0
gen_01841,1,-7.032,ok,1,0,1,1,4,6,2,0,0,0,0
gen_01841,2,-7.006,ok,1,0,0,1,4,5,2,0,0,0,0
gen_01841,3,-6.981,ok,1,0,0,1,4,7,1,0,0,0,0
gen_01841,4,-6.941,ok,1,0,1,1,4,5,2,0,0,0,0
gen_01842,1,-8.116,ok,1,0,0,1,4,6,1,0,0,0,1
gen_01842,2,-8.111,ok,1,0,0,1,4,7,1,0,0,0,1
gen_01842,3,-8.091,ok,1,0,0,1,4,6,1,0,0,0,1
gen_01842,4,-8.09,ok,1,0,0,1,5,3,1,0,0,0,0
gen_01843,1,-8.43,ok,0,0,1,1,3,5,3,1,0,0,0
gen_01843,2,-8.423,ok,0,0,1,1,3,5,3,1,0,0,0
gen_01843,3,-8.376,ok,0,0,1,1,3,6,4,1,0,0,0
gen_01843,4,-8.249,ok,0,0,1,1,3,6,4,1,0,0,0
gen_01843,5,-8.202,ok,0,0,1,1,3,6,2,1,0,0,0
gen_01843,6,-8.179,ok,0,0,1,1,3,6,3,1,0,0,0
gen_01843,7,-8.114,ok,0,0,1,1,3,6,2,1,0,0,0
gen_01843,8,-7.811,ok,0,0,0,1,3,5,4,0,0,0,0
gen_01843,9,-7.69,ok,0,1,0,1,0,5,4,0,0,0,0
gen_01843,10,-7.648,ok,0,0,1,1,0,4,8,1,0,0,0
gen_01844,1,-7.592,ok,0,0,0,1,0,2,7,0,0,0,0
gen_01844,2,-7.58,ok,1,0,1,1,5,4,3,0,0,0,0
gen_01844,3,-7.536,ok,0,0,0,1,0,2,8,0,0,0,0
gen_01845,1,-7.664,ok,1,0,0,1,4,8,3,0,1,0,0
gen_01845,2,-7.652,ok,1,0,0,1,4,8,3,0,1,0,0
gen_01845,3,-7.638,ok,1,0,0,1,4,8,3,0,1,0,0
gen_01845,4,-7.631,ok,1,0,0,1,4,8,3,0,1,0,0
gen_01845,5,-7.627,ok,1,0,0,1,4,8,3,0,1,0,0
gen_01845,6,-7.592,ok,1,0,0,1,4,8,3,0,1,0,0
gen_01845,7,-7.549,ok,1,0,0,1,4,8,3,0,1,0,0
gen_01845,8,-7.536,ok,1,0,0,1,4,7,2,0,1,0,0
gen_01846,1,-7.111,ok,1,0,1,1,5,4,3,1,0,0,0
gen_01846,2,-7.107,ok,1,0,1,1,5,4,3,1,0,0,0
gen_01846,3,-7.085,ok,1,0,1,1,5,4,3,1,0,0,0
gen_01846,4,-7.063,ok,1,0,1,1,5,4,3,1,0,0,0
gen_01847,1,-7.722,ok,1,0,0,0,4,5,1,0,0,0,0
gen_01847,2,-7.72,ok,1,0,0,0,4,5,1,0,0,0,0
gen_01847,3,-7.691,ok,1,0,0,0,4,5,1,0,0,0,0
gen_01847,4,-7.678,ok,1,0,0,0,4,6,1,0,0,0,0
gen_01847,5,-7.671,ok,1,0,0,0,4,5,1,0,0,0,0
gen_01848,1,-7.633,ok,1,1,1,0,4,6,1,1,0,0,0
gen_01848,2,-7.617,ok,1,1,1,0,4,6,1,1,0,0,0
gen_01849,1,-7.358,ok,1,0,0,1,4,4,2,0,0,0,0
gen_01849,2,-7.306,ok,1,0,0,1,4,4,2,0,0,0,0
gen_01849,3,-7.258,ok,1,0,0,1,4,3,2,0,0,0,0
gen_01850,1,-8.409,ok,1,0,0,1,4,6,2,0,0,0,0
gen_01850,2,-8.385,ok,1,0,0,0,4,6,0,0,0,0,0
gen_01850,3,-8.358,ok,1,0,0,1,4,6,1,0,0,0,0
gen_01850,4,-8.323,ok,1,0,0,1,4,5,1,0,0,0,0
gen_01851,1,-7.629,ok,1,0,0,1,5,4,3,1,1,0,0
gen_01852,1,-7.12,ok,1,0,0,1,4,6,2,0,0,0,0
gen_01852,2,-7.026,ok,1,0,0,1,4,6,2,1,0,0,0
gen_01853,1,-7.536,ok,1,0,0,1,4,5,2,2,0,0,0
gen_01853,2,-7.533,ok,1,0,0,1,4,5,2,2,0,0,0
gen_01854,1,-7.64,ok,1,0,1,1,4,8,2,1,0,0,0
gen_01854,2,-7.612,ok,1,0,1,1,4,8,2,1,0,0,0
gen_01854,3,-7.602,ok,1,0,1,1,4,8,2,1,0,0,0
gen_01854,4,-7.588,ok,1,0,1,1,4,8,2,1,0,0,0
gen_01854,5,-7.448,ok,1,0,1,0,4,5,1,0,0,0,0
gen_01854,6,-7.44,ok,1,0,1,0,4,5,1,0,0,0,0
gen_01854,7,-7.42,ok,1,0,1,0,4,5,1,0,0,0,0
gen_01855,1,-6.821,ok,1,0,1,0,4,6,1,0,0,0,0
gen_01855,2,-6.805,ok,1,0,0,0,4,5,0,0,0,0,0
gen_01855,3,-6.79,ok,1,0,0,0,4,5,0,0,0,0,0
gen_01855,4,-6.781,ok,1,0,1,0,4,6,1,0,0,0,0
gen_01855,5,-6.744,ok,1,0,1,0,4,5,1,0,0,0,0
gen_01856,1,-7.216,ok,1,0,0,1,4,4,3,0,0,0,0
gen_01856,2,-7.197,ok,1,0,0,1,5,4,3,0,0,0,0
gen_01856,3,-7.152,ok,0,0,0,1,3,7,1,0,0,0,0
gen_01856,4,-7.135,ok,1,0,0,1,4,4,3,0,0,0,0
gen_01856,5,-7.095,ok,0,0,0,1,3,7,1,0,0,0,0
gen_01857,1,-7.162,ok,1,0,1,0,4,6,0,0,1,0,0
gen_01858,1,-7.78,ok,1,0,0,1,4,6,2,1,0,0,0
gen_01858,2,-7.729,ok,1,0,0,1,4,7,2,1,0,0,0
gen_01859,1,-6.62,ok,1,0,1,0,4,5,2,0,0,0,0
gen_01859,2,-6.601,ok,1,0,1,0,4,5,2,0,0,0,0
gen_01860,1,-8.08,ok,1,0,0,1,4,5,3,0,0,0,0
gen_01861,1,-7.093,ok,0,0,1,1,0,4,3,0,0,0,0
gen_01861,2,-7.092,ok,0,0,1,1,0,4,3,0,0,0,0
gen_01861,3,-7.086,ok,0,0,1,1,0,4,3,0,0,0,0
gen_01861,4,-7.077,ok,0,0,1,1,0,4,3,0,0,0,0
gen_01861,5,-7.037,ok,0,0,1,1,3,4,3,0,0,0,0
gen_01861,6,-7.02,ok,0,0,1,1,0,4,3,0,0,0,0
gen_01861,7,-7.007,ok,1,0,0,1,4,2,4,0,0,0,0
gen_01861,8,-7.003,ok,1,0,0,1,4,2,3,0,0,0,0
gen_01861,9,-6.998,ok,0,0,0,1,3,2,2,0,0,0,0
gen_01861,10,-6.969,ok,1,0,1,1,4,5,3,0,0,0,0
gen_01861,11,-6.926,ok,0,1,1,1,3,3,2,0,0,0,0
gen_01861,12,-6.918,ok,0,0,0,1,0,4,5,0,0,0,0
gen_01861,13,-6.855,ok,0,0,1,1,3,3,1,0,1,0,0
gen_01862,1,-149.348,ok,0,0,0,0,0,0,0,0,0,0,0
gen_01862,2,-146.45,ok,0,0,1,0,0,1,4,0,0,0,0
gen_01862,3,-145.533,ok,0,0,0,1,0,1,3,0,0,0,0
gen_01863,1,-8.676,ok,1,0,0,1,4,7,3,1,0,0,0
gen_01863,2,-8.671,ok,1,0,0,1,4,7,3,1,0,0,0
gen_01863,3,-8.645,ok,1,0,0,1,4,6,3,1,0,0,0
gen_01863,4,-8.61,ok,1,0,0,1,4,6,3,1,0,0,0
gen_01864,1,-8.345,ok,1,0,1,1,4,7,4,0,0,0,0
gen_01864,2,-8.14,ok,1,0,1,1,4,7,5,0,0,0,0
gen_01864,3,-7.921,ok,1,0,0,1,4,6,7,0,0,0,0
gen_01864,4,-7.911,ok,1,0,0,1,4,6,4,0,0,0,0
gen_01864,5,-7.892,ok,1,0,0,1,5,3,5,0,0,0,0
gen_01864,6,-7.888,ok,1,0,1,1,4,7,4,0,0,0,0
gen_01864,7,-7.86,ok,1,0,0,1,4,6,3,0,0,0,0
gen_01865,1,-8.43,ok,1,0,1,0,4,6,0,0,0,0,0
gen_01865,2,-8.412,ok,1,0,1,0,4,6,0,0,0,0,0
gen_01866,1,-7.233,ok,1,0,0,1,4,0,2,0,0,0,0
gen_01866,2,-7.215,ok,1,0,0,1,4,1,2,0,0,0,0
gen_01866,3,-7.181,ok,1,0,0,1,4,1,2,0,0,0,0
gen_01867,1,-7.386,ok,0,0,0,1,0,3,3,0,0,0,0
gen_01867,2,-7.369,ok,0,0,0,1,0,3,3,0,0,0,0
gen_01868,1,-7.998,ok,1,0,0,1,4,6,3,0,0,0,1
gen_01868,2,-7.95,ok,0,0,0,1,3,6,2,0,0,0,0
gen_01869,1,-7.989,ok,0,0,1,1,3,4,6,0,0,0,0
gen_01869,2,-7.949,ok,0,0,1,1,3,5,6,0,0,0,0
gen_01869,3,-7.948,ok,0,0,1,1,3,5,2,1,0,0,0
gen_01869,4,-7.931,ok,0,0,1,1,3,5,1,1,0,0,0
gen_01869,5,-7.927,ok,0,0,1,1,3,5,4,0,0,0,0
gen_01869,6,-7.913,ok,0,0,1,0,3,5,0,2,0,0,0
gen_01870,1,-8.254,ok,1,0,0,1,4,6,5,0,0,0,0
gen_01870,2,-8.205,ok,1,0,0,1,4,5,3,0,0,0,0
gen_01870,3,-8.102,ok,1,0,0,1,4,7,5,0,0,0,0
gen_01870,4,-8.053,ok,1,0,0,1,4,5,3,0,0,0,0
gen_01871,1,-7.54,ok,1,0,1,1,4,1,2,0,0,0,0
gen_01871,2,-7.532,ok,1,0,1,1,4,1,2,0,0,0,0
gen_01871,3,-7.511,ok,1,0,1,1,4,1,2,0,0,0,0
gen_01871,4,-7.509,ok,1,0,1,1,4,1,2,0,0,0,0
gen_01871,5,-7.504,ok,1,0,1,1,4,1,2,0,0,0,0
gen_01871,6,-7.479,ok,1,0,1,1,4,1,2,0,0,0,0
gen_01871,7,-7.474,ok,1,0,1,1,4,1,2,0,0,0,0
gen_01872,1,-7.746,ok,1,0,0,1,5,4,1,0,0,0,1
gen_01872,2,-7.739,ok,1,0,0,1,5,4,1,0,0,0,1
gen_01872,3,-7.737,ok,1,0,0,1,5,4,1,0,0,0,1
gen_01873,1,-7.885,ok,1,0,1,1,4,2,2,1,0,0,0
gen_01873,2,-7.861,ok,1,0,1,1,4,3,2,1,0,0,0
gen_01873,3,-7.83,ok,1,0,0,1,5,4,5,0,0,0,0
gen_01873,4,-7.827,ok,1,0,0,1,5,4,5,0,0,0,0
gen_01873,5,-7.806,ok,1,0,1,1,4,2,2,1,0,0,0
gen_01874,1,-7.897,ok,1,0,0,1,4,5,4,0,0,0,0
gen_01874,2,-7.878,ok,1,0,0,1,4,5,3,0,0,0,0
gen_01875,1,-7.665,ok,1,0,0,1,4,0,3,0,0,0,0
gen_01875,2,-7.654,ok,1,0,0,1,4,0,3,0,0,0,0
gen_01875,3,-7.636,ok,1,0,0,1,4,0,3,0,0,0,0
gen_01875,4,-7.622,ok,1,0,0,1,4,0,4,0,0,0,0
gen_01875,5,-7.578,ok,1,0,0,1,4,0,4,0,0,0,0
gen_01876,1,-8.644,ok,0,0,1,1,3,6,2,0,0,0,0
gen_01876,2,-8.58,ok,0,0,0,1,3,5,1,0,0,0,0
gen_01877,1,-7.778,ok,1,0,0,1,4,1,3,1,0,0,0
gen_01877,2,-7.775,ok,1,0,0,1,4,1,3,1,0,0,0
gen_01877,3,-7.646,ok,1,0,0,1,4,1,4,0,0,0,0
gen_01877,4,-7.641,ok,1,0,0,1,4,1,4,0,0,0,0
gen_01877,5,-7.64,ok,1,0,0,1,4,1,4,0,0,0,0
gen_01878,1,-7.829,ok,1,0,1,0,4,5,0,2,0,0,0
gen_01879,1,-6.918,ok,1,0,1,1,4,5,4,0,0,0,1
gen_01879,2,-6.901,ok,1,0,1,1,4,5,4,0,0,0,1
gen_01879,3,-6.868,ok,1,0,1,1,4,5,4,0,0,0,1
gen_01880,1,-6.687,ok,1,0,0,1,4,6,2,0,0,0,0
gen_01880,2,-6.672,ok,1,0,0,0,4,5,0,1,0,0,0
gen_01880,3,-6.671,ok,1,0,0,0,4,7,0,1,0,0,0
gen_01880,4,-6.665,ok,1,0,0,1,4,5,2,1,0,0,0
gen_01881,1,-6.375,ok,1,0,0,1,5,3,3,0,0,0,0
gen_01881,2,-6.319,ok,1,0,0,1,4,6,1,1,0,0,0
gen_01882,1,-7.463,ok,1,0,1,1,4,6,3,0,0,0,0
gen_01882,2,-7.365,ok,1,0,1,1,4,6,3,0,0,0,0
gen_01883,1,-7.468,ok,1,0,0,1,4,6,2,0,0,0,0
gen_01883,2,-7.157,ok,1,0,1,0,4,5,1,0,0,0,0
gen_01884,1,-7.587,ok,1,0,0,1,4,2,4,0,0,0,0
gen_01884,2,-7.579,ok,1,0,0,1,4,2,4,0,0,0,0
gen_01884,3,-7.57,ok,1,0,0,1,4,2,3,0,0,0,0
gen_01884,4,-7.557,ok,1,0,0,1,4,2,3,0,0,0,0
gen_01884,5,-7.544,ok,0,0,0,1,3,3,1,0,0,0,0
gen_01884,6,-7.535,ok,0,0,0,1,3,4,1,0,0,0,0
gen_01884,7,-7.519,ok,1,0,0,1,4,2,4,0,0,0,0
gen_01884,8,-7.499,ok,0,0,0,1,3,4,1,0,0,0,0
gen_01884,9,-7.3,ok,0,0,0,0,0,2,1,0,1,0,0
gen_01884,10,-7.298,ok,1,0,0,1,4,5,1,0,0,0,0
gen_01885,1,-7.067,ok,1,0,0,1,4,6,2,0,0,0,1
gen_01885,2,-7.022,ok,1,0,0,1,4,6,3,0,0,0,0
gen_01885,3,-6.982,ok,1,0,0,1,4,6,1,0,0,0,1
gen_01885,4,-6.888,ok,1,0,1,1,4,5,1,1,0,0,0
gen_01885,5,-6.876,ok,1,0,1,1,4,6,3,0,0,0,0
gen_01885,6,-6.83,ok,1,0,0,1,4,6,2,0,0,0,0
gen_01886,1,-7.101,ok,1,0,0,1,5,4,2,0,1,0,0
gen_01886,2,-7.086,ok,1,0,0,0,4,7,1,0,1,0,0
gen_01886,3,-7.079,ok,1,0,0,0,4,6,1,0,1,0,0
gen_01886,4,-7.06,ok,1,0,0,1,4,6,2,1,1,0,0
gen_01886,5,-7.038,ok,1,0,0,1,5,3,2,0,1,0,0
gen_01886,6,-6.929,ok,1,0,0,1,4,6,3,0,1,0,0
gen_01886,7,-6.924,ok,1,0,0,1,4,7,3,0,1,0,0
gen_01886,8,-6.89,ok,1,0,1,1,4,4,1,1,0,0,0
gen_01887,1,-7.032,ok,1,0,1,1,4,6,3,1,0,0,0
gen_01887,2,-7.004,ok,1,0,1,1,4,5,3,1,0,0,0
gen_01887,3,-6.998,ok,1,0,1,1,4,6,4,0,0,0,0
gen_01887,4,-6.98,ok,1,0,1,1,4,5,3,1,0,0,0
gen_01887,5,-6.969,ok,1,0,1,1,4,5,3,1,0,0,0
gen_01887,6,-6.921,ok,1,0,1,1,4,6,4,0,0,0,0
gen_01888,1,-7.652,ok,1,0,0,1,4,6,4,0,0,0,0
gen_01888,2,-7.644,ok,1,0,0,1,4,5,4,0,0,0,0
gen_01889,1,-6.26,ok,1,0,0,1,4,8,1,1,0,0,0
gen_01890,1,-7.264,ok,1,0,1,0,4,7,2,1,0,0,0
gen_01890,2,-7.231,ok,1,0,1,0,4,7,3,0,0,0,0
gen_01890,3,-7.225,ok,1,0,1,1,4,7,5,0,0,0,0
gen_01890,4,-7.198,ok,1,0,1,1,4,6,6,0,0,0,0
gen_01890,5,-7.176,ok,1,0,1,1,4,6,4,0,0,0,0
gen_01890,6,-7.003,ok,1,0,0,1,4,6,4,0,0,0,0
gen_01890,7,-6.972,ok,1,0,0,1,4,7,3,1,0,0,0
gen_01891,1,-8.011,ok,0,0,1,1,3,6,2,0,0,0,0
gen_01891,2,-7.992,ok,0,0,1,1,3,6,2,0,0,0,0
gen_01891,3,-7.872,ok,1,0,0,1,4,5,4,1,0,0,0
gen_01892,1,-7.707,ok,1,0,0,1,4,3,3,0,0,0,0
gen_01892,2,-7.679,ok,1,0,0,1,4,3,3,0,0,0,0
gen_01893,1,-8.239,ok,0,0,1,1,0,6,3,1,0,0,1
gen_01893,2,-8.234,ok,0,0,1,1,3,4,5,0,0,0,2
gen_01893,3,-8.223,ok,0,0,1,1,3,4,3,1,0,0,2
gen_01893,4,-8.192,ok,0,0,1,1,3,4,2,1,0,0,2
gen_01894,1,-7.21,ok,0,0,1,0,3,2,2,0,1,0,0
gen_01894,2,-7.196,ok,0,0,1,0,0,2,3,0,1,0,0
gen_01894,3,-7.196,ok,0,0,1,0,0,2,3,0,1,0,0
gen_01894,4,-7.191,ok,0,0,1,0,0,2,3,0,1,0,0
gen_01894,5,-7.091,ok,0,0,1,0,0,2,3,0,1,0,0
gen_01895,1,-7.112,ok,1,0,0,1,4,1,2,1,0,0,0
gen_01895,2,-7.045,ok,1,0,0,1,4,2,2,1,0,0,0
gen_01895,3,-7.04,ok,1,0,0,1,4,1,2,1,0,0,0
gen_01895,4,-7.039,ok,1,0,0,1,4,2,2,1,0,0,0
gen_01895,5,-7.027,ok,1,0,0,1,4,1,2,1,0,0,0
gen_01895,6,-7.02,ok,1,0,0,1,4,2,2,1,0,0,0
gen_01895,7,-7.007,ok,1,1,0,1,4,2,2,1,0,0,0
gen_01895,8,-6.991,ok,1,0,0,1,4,2,2,1,0,0,0
gen_01895,9,-6.989,ok,1,0,0,1,4,2,2,1,0,0,0
gen_01896,1,-7.065,ok,1,0,1,0,4,3,3,1,0,0,0
gen_01896,2,-6.697,ok,1,1,0,1,4,2,4,0,0,0,0
gen_01897,1,-7.242,ok,1,0,1,1,4,1,4,0,0,0,0
gen_01897,2,-7.228,ok,1,0,1,1,4,1,5,0,0,0,0
gen_01897,3,-7.22,ok,1,0,1,1,4,1,4,0,0,0,0
gen_01897,4,-7.194,ok,1,0,1,1,4,1,5,0,0,0,0
gen_01897,5,-7.18,ok,1,0,1,1,4,1,5,0,0,0,0
gen_01897,6,-7.171,ok,1,0,1,1,4,1,4,0,0,0,0
gen_01897,7,-7.147,ok,1,0,1,1,4,1,5,0,0,0,0
gen_01897,8,-6.83,ok,1,0,1,0,4,6,2,1,0,0,0
gen_01898,1,-8.06,ok,1,0,0,1,5,3,1,0,0,0,0
gen_01898,2,-8.056,ok,1,0,0,1,4,3,1,0,0,0,0
gen_01898,3,-8.056,ok,1,0,0,1,5,3,1,0,0,0,0
gen_01899,1,-6.831,ok,1,0,0,1,4,8,1,0,0,0,0
gen_01900,1,-7.179,ok,1,0,0,1,4,4,1,0,0,0,0
gen_01900,2,-7.075,ok,0,0,0,1,3,1,1,0,0,0,1
gen_01901,1,-8.017,ok,0,0,0,1,0,3,8,0,0,0,0
gen_01901,2,-7.974,ok,0,0,0,1,0,4,8,0,0,0,0
gen_01901,3,-7.956,ok,1,0,0,1,4,4,7,0,0,0,0
gen_01901,4,-7.942,ok,0,0,0,1,0,3,6,0,0,0,0
gen_01901,5,-7.918,ok,0,0,0,1,0,4,6,0,0,0,0
gen_01901,6,-7.789,ok,1,0,0,1,4,4,6,0,0,0,0
gen_01901,7,-7.75,ok,1,0,0,1,4,2,7,0,0,0,0
gen_01901,8,-7.532,ok,0,0,0,1,0,2,2,0,0,0,0
gen_01902,1,-6.983,ok,1,0,0,1,4,0,1,0,0,0,2
gen_01902,2,-6.943,ok,1,0,0,1,4,0,1,0,0,0,2
gen_01902,3,-6.932,ok,1,0,0,1,4,0,1,0,0,0,2
gen_01902,4,-6.703,ok,1,0,0,1,4,0,1,0,0,0,2
gen_01902,5,-6.677,ok,1,0,0,1,4,0,1,0,0,0,2
gen_01903,1,-6.824,ok,0,0,0,1,0,3,4,0,0,0,0
gen_01903,2,-6.808,ok,0,0,0,1,0,3,4,0,0,0,0
gen_01904,1,-8.019,ok,0,0,0,1,3,5,2,0,0,0,2
gen_01904,2,-7.992,ok,1,0,0,1,4,6,1,0,0,0,1
gen_01904,3,-7.977,ok,1,0,0,1,4,5,2,0,0,0,2
gen_01904,4,-7.947,ok,1,0,0,0,4,7,0,0,0,0,0
gen_01904,5,-7.94,ok,1,0,0,1,4,7,1,0,0,0,0
gen_01904,6,-7.832,ok,1,0,0,0,4,7,0,0,0,0,0
gen_01904,7,-7.829,ok,1,0,0,1,4,6,2,0,0,0,1
gen_01905,1,-7.731,ok,1,0,1,1,4,5,2,1,0,0,1
gen_01905,2,-7.696,ok,1,0,1,1,4,6,2,1,0,0,1
gen_01906,1,-8.305,ok,1,0,1,1,4,7,5,1,0,0,0
gen_01906,2,-8.276,ok,1,0,1,1,4,5,5,1,0,0,0
gen_01907,1,-7.333,ok,1,0,1,1,4,4,4,0,0,0,0
gen_01907,2,-7.32,ok,1,0,1,1,4,5,4,0,0,0,0
gen_01907,3,-7.114,ok,0,0,1,1,0,2,6,0,0,0,0
gen_01908,1,-7.89,ok,1,0,0,1,4,3,4,0,0,0,1
gen_01908,2,-7.855,ok,1,0,0,1,4,3,3,0,0,0,1
gen_01908,3,-7.854,ok,1,0,0,1,4,3,3,0,0,0,1
gen_01908,4,-7.847,ok,1,0,0,1,4,3,3,0,0,0,1
gen_01908,5,-7.844,ok,1,0,0,1,4,3,3,0,0,0,1
gen_01908,6,-7.839,ok,1,0,0,1,4,3,3,0,0,0,1
gen_01908,7,-7.831,ok,1,0,0,1,4,3,4,0,0,0,1
gen_01908,8,-7.828,ok,1,0,0,1,4,3,3,0,0,0,1
gen_01908,9,-7.809,ok,1,1,0,1,4,4,3,0,0,0,1
gen_01908,10,-7.808,ok,1,0,0,1,4,3,3,0,0,0,1
gen_01908,11,-7.794,ok,1,1,0,1,4,4,3,0,0,0,1
gen_01908,12,-7.662,ok,1,1,0,1,4,5,3,0,0,0,0
gen_01908,13,-7.659,ok,1,0,1,1,4,3,3,0,0,0,0
gen_01909,1,-6.924,ok,0,0,0,0,3,1,1,0,1,0,1
gen_01909,2,-6.906,ok,0,0,0,0,3,1,1,0,1,0,0
gen_01909,3,-6.895,ok,0,0,0,0,3,1,1,0,1,0,0
gen_01909,4,-6.894,ok,0,0,0,0,3,1,1,0,1,0,0
gen_01909,5,-6.892,ok,0,0,0,0,3,1,1,0,1,0,0
gen_01909,6,-6.877,ok,0,0,0,0,3,1,1,0,1,0,0
gen_01909,7,-6.876,ok,0,0,0,0,3,1,1,0,1,0,0
gen_01910,1,-6.106,ok,1,0,0,1,4,4,2,0,0,0,0
gen_01910,2,-6.049,ok,1,0,0,1,5,3,2,0,0,0,0
gen_01910,3,-6.048,ok,1,0,0,1,4,4,2,0,0,0,0
gen_01911,1,-7.864,ok,1,0,0,1,4,6,4,0,0,0,0
gen_01911,2,-7.767,ok,0,0,0,1,0,5,3,0,0,0,0
gen_01911,3,-7.692,ok,0,0,0,1,3,5,3,0,0,0,0
gen_01911,4,-7.682,ok,0,0,0,1,3,5,3,0,0,0,0
gen_01911,5,-7.65,ok,0,0,0,1,3,4,3,0,0,0,0
gen_01912,1,-7.212,ok,1,0,0,1,4,5,1,2,0,0,0
gen_01913,1,-6.253,ok,1,0,0,0,4,5,1,0,0,0,0
gen_01913,2,-6.234,ok,1,0,0,0,4,5,0,0,0,0,0
gen_01914,1,-7.725,ok,1,0,1,0,4,5,2,1,0,0,0
gen_01914,2,-7.707,ok,1,0,1,1,4,5,2,1,0,0,0
gen_01914,3,-7.665,ok,1,0,1,0,4,5,0,1,0,0,0
gen_01914,4,-7.568,ok,1,0,1,1,4,5,2,1,0,0,0
gen_01914,5,-7.549,ok,1,0,1,1,4,5,2,1,0,0,0
gen_01914,6,-7.547,ok,1,0,1,0,4,5,1,1,0,0,0
gen_01914,7,-7.536,ok,1,0,1,1,4,5,3,1,0,0,0
gen_01914,8,-7.509,ok,1,0,1,1,4,6,1,1,0,0,0
gen_01914,9,-7.484,ok,1,0,1,1,4,5,2,1,0,0,0
gen_01914,10,-7.418,ok,1,0,1,1,4,5,2,1,0,0,0
gen_01914,11,-7.344,ok,1,0,1,1,4,5,1,2,0,0,0
gen_01915,1,-7.704,ok,0,0,0,1,3,4,2,1,0,0,0
gen_01915,2,-7.675,ok,0,0,0,1,3,4,2,1,0,0,0
gen_01915,3,-7.519,ok,1,0,0,1,4,5,3,0,0,0,0
gen_01916,1,-7.439,ok,1,0,1,0,4,7,2,0,0,0,0
gen_01916,2,-7.394,ok,1,0,1,0,4,7,2,0,0,0,0
gen_01917,1,-8.02,ok,1,0,0,1,4,4,2,0,1,0,0
gen_01917,2,-8.002,ok,1,0,0,1,4,3,4,0,1,0,0
gen_01917,3,-7.994,ok,0,0,0,0,3,2,1,0,1,0,0
gen_01917,4,-7.926,ok,1,0,0,1,4,5,3,0,1,0,0
gen_01917,5,-7.903,ok,1,0,0,0,4,2,1,0,1,0,0
gen_01918,1,-6.986,ok,0,0,0,1,3,6,2,0,0,0,0
gen_01919,1,-7.478,ok,1,0,0,1,4,3,2,0,0,0,0
gen_01919,2,-7.439,ok,1,0,0,1,4,3,2,0,0,0,0
gen_01920,1,-112.938,ok,0,0,1,0,0,1,0,1,0,0,0
gen_01921,1,-7.361,ok,1,0,0,1,4,6,2,0,0,0,1
gen_01921,2,-7.349,ok,1,0,0,1,4,6,2,0,0,0,1
gen_01921,3,-7.333,ok,1,0,0,1,4,6,1,0,0,0,0
gen_01921,4,-7.332,ok,1,0,0,1,4,6,1,0,0,0,0
gen_01922,1,-7.515,ok,1,0,1,1,4,6,3,0,0,0,0
gen_01922,2,-7.474,ok,1,0,1,1,4,5,3,0,0,0,0
gen_01923,1,-7.722,ok,1,0,0,1,4,5,2,0,0,0,0
gen_01924,1,-7.967,ok,1,0,0,1,5,4,4,0,0,0,0
gen_01924,2,-7.895,ok,1,0,0,1,5,2,4,0,0,0,0
gen_01924,3,-7.825,ok,1,0,0,1,5,3,2,0,0,0,1
gen_01924,4,-7.719,ok,1,0,0,1,5,3,3,0,0,0,1
gen_01925,1,-7.278,ok,1,0,0,1,5,3,4,0,0,0,0
gen_01925,2,-7.266,ok,1,0,0,1,5,3,4,0,0,0,0
gen_01926,1,-6.957,ok,1,0,1,0,4,6,5,0,0,0,0
gen_01926,2,-6.904,ok,1,0,1,0,4,6,5,0,0,0,0
gen_01926,3,-6.874,ok,0,0,1,1,3,1,6,0,0,0,0
gen_01926,4,-6.846,ok,0,0,1,1,3,0,6,0,0,0,0
gen_01926,5,-6.827,ok,0,0,1,1,3,1,6,0,0,0,0
gen_01926,6,-6.822,ok,0,0,1,1,3,1,6,0,0,0,0
gen_01927,1,-7.136,ok,1,0,1,1,4,5,4,0,0,0,0
gen_01928,1,-7.206,ok,0,0,0,1,3,5,1,0,1,0,0
gen_01928,2,-7.187,ok,0,0,0,1,3,5,1,0,1,0,0
gen_01929,1,-6.35,ok,1,0,1,0,4,5,2,0,0,0,1
gen_01929,2,-6.303,ok,1,0,1,0,4,6,1,0,0,0,1
gen_01930,1,-8.25,ok,1,0,1,1,5,4,4,0,0,0,0
gen_01930,2,-8.24,ok,1,0,1,1,5,4,4,0,0,0,0
gen_01930,3,-8.232,ok,1,0,1,1,5,4,4,0,0,0,0
gen_01930,4,-8.183,ok,1,0,1,1,5,4,2,1,0,0,2
gen_01931,1,-7.187,ok,1,0,0,1,4,5,1,0,0,0,0
gen_01931,2,-7.107,ok,1,0,0,1,4,5,1,0,0,0,0
gen_01931,3,-7.08,ok,1,0,0,1,4,5,1,0,0,0,0
gen_01931,4,-7.039,ok,1,0,0,1,4,6,1,0,0,0,0
gen_01931,5,-7.008,ok,1,0,0,1,4,5,2,0,0,0,1
gen_01931,6,-6.983,ok,1,0,0,0,4,6,0,0,0,0,0
gen_01932,1,-7.144,ok,1,0,0,1,4,6,2,0,0,0,0
gen_01932,2,-7.124,ok,1,0,0,1,4,6,2,0,0,0,0
gen_01932,3,-6.984,ok,0,0,0,1,3,7,2,0,0,0,1
gen_01932,4,-6.934,ok,0,0,0,1,3,5,2,0,0,0,0
gen_01932,5,-6.885,ok,0,0,0,1,3,6,3,0,0,0,1
gen_01932,6,-6.77,ok,1,0,0,1,4,6,2,0,0,0,0
gen_01933,1,-6.715,ok,0,0,0,1,3,4,3,0,0,0,1
gen_01933,2,-6.711,ok,0,0,0,1,3,4,3,0,0,0,0
gen_01933,3,-6.657,ok,0,0,0,1,3,5,3,0,0,0,0
gen_01934,1,-7.102,ok,0,0,1,1,3,2,2,0,0,0,0
gen_01934,2,-6.999,ok,0,0,1,1,3,2,2,0,0,0,0
gen_01935,1,-7.2,ok,0,0,1,0,3,5,2,0,0,0,0
gen_01935,2,-7.068,ok,1,0,0,1,4,6,4,0,1,0,0
gen_01935,3,-7.057,ok,1,0,1,1,4,5,4,0,1,0,1
gen_01935,4,-7.051,ok,1,0,0,1,4,6,2,0,0,0,0
gen_01935,5,-7.036,ok,1,0,0,1,4,5,2,0,0,0,0
gen_01935,6,-7.025,ok,1,0,0,1,4,5,2,0,1,0,0
gen_01935,7,-7.005,ok,1,0,0,1,4,6,3,0,1,0,0
gen_01935,8,-6.994,ok,1,0,0,1,4,5,4,0,1,0,0
gen_01935,9,-6.936,ok,1,0,0,1,4,5,2,0,1,0,0
gen_01935,10,-6.918,ok,1,0,0,1,4,5,2,0,1,0,0
gen_01936,1,-7.613,ok,1,0,0,1,4,6,2,0,0,0,1
gen_01936,2,-7.594,ok,1,0,0,1,4,6,2,0,0,0,1
gen_01937,1,-6.494,ok,1,0,0,1,4,5,2,0,0,0,0
gen_01938,1,-8.337,ok,1,0,0,1,4,6,4,0,0,0,0
gen_01938,2,-8.325,ok,1,0,0,1,4,6,4,0,0,0,0
gen_01939,1,-7.035,ok,1,0,0,1,4,6,3,0,0,0,0
gen_01939,2,-6.973,ok,1,0,0,1,4,6,2,0,0,0,0
gen_01940,1,-8.129,ok,1,0,0,1,4,6,3,0,0,0,0
gen_01940,2,-8.126,ok,1,0,0,1,4,5,3,0,0,0,0
gen_01940,3,-8.12,ok,1,0,0,1,4,5,3,0,0,0,0
gen_01940,4,-8.083,ok,1,0,0,1,4,6,3,0,0,0,0
gen_01941,1,-7.395,ok,1,0,0,1,4,5,2,2,0,0,0
gen_01942,1,-7.841,ok,1,0,0,0,4,6,1,0,0,0,0
gen_01943,1,-7.651,ok,1,0,0,1,4,4,3,1,0,0,0
gen_01943,2,-7.639,ok,1,0,0,1,4,4,3,1,0,0,0
gen_01943,3,-7.606,ok,1,0,0,1,4,3,1,1,0,0,0
gen_01943,4,-7.475,ok,1,0,0,1,4,3,3,1,0,0,0
gen_01943,5,-7.431,ok,1,0,0,1,4,3,2,1,0,0,0
gen_01943,6,-7.304,ok,0,0,1,1,0,2,1,1,1,0,0
gen_01943,7,-7.298,ok,0,0,1,1,0,2,2,1,1,0,0
gen_01944,1,-7.339,ok,1,0,0,1,4,4,2,0,0,0,0
gen_01944,2,-7.265,ok,1,0,0,1,4,4,2,0,0,0,0
gen_01945,1,-7.289,ok,1,0,0,1,4,1,3,0,0,0,0
gen_01945,2,-7.129,ok,1,0,0,1,5,3,4,0,0,0,0
gen_01946,1,-7.87,ok,1,0,1,1,4,3,5,0,0,0,0
gen_01946,2,-7.833,ok,1,0,0,1,4,3,2,0,0,0,0
gen_01946,3,-7.823,ok,1,0,0,1,4,3,2,0,0,0,0
gen_01946,4,-7.778,ok,1,0,1,1,4,3,5,0,0,0,0
gen_01946,5,-7.721,ok,1,0,1,1,4,3,5,0,0,0,0
gen_01946,6,-7.713,ok,1,0,1,1,4,3,4,0,0,0,0
gen_01946,7,-7.684,ok,1,0,1,1,4,3,4,0,0,0,0
gen_01947,1,-7.506,ok,1,0,0,0,4,5,2,0,0,0,2
gen_01948,1,-7.955,ok,1,0,0,1,4,4,3,0,0,0,1
gen_01948,2,-7.916,ok,1,0,0,1,4,3,3,0,0,0,0
gen_01948,3,-7.735,ok,1,0,0,1,4,5,5,0,0,0,2
gen_01948,4,-7.596,ok,1,0,0,1,5,3,5,0,0,0,0
gen_01949,1,-6.93,ok,1,0,0,1,4,6,2,1,0,0,0
gen_01949,2,-6.841,ok,1,0,0,1,4,5,2,1,0,0,0
gen_01949,3,-6.789,ok,1,0,1,1,5,3,3,0,0,0,0
gen_01950,1,-7.412,ok,1,0,0,1,4,4,3,1,0,0,0
gen_01950,2,-7.397,ok,1,0,0,0,4,4,2,1,0,0,0
gen_01951,1,-7.795,ok,0,0,1,1,3,6,2,1,0,0,0
gen_01951,2,-7.793,ok,0,0,1,1,3,5,2,1,0,0,0
gen_01951,3,-7.687,ok,0,0,1,1,3,5,2,1,0,0,0
gen_01952,1,-7.611,ok,1,0,1,0,4,5,3,0,0,0,0
gen_01952,2,-7.609,ok,1,0,0,0,4,5,3,0,0,0,0
gen_01953,1,-7.461,ok,1,0,0,1,4,6,3,0,0,0,0
gen_01953,2,-7.426,ok,1,0,0,1,4,5,3,0,0,0,0
gen_01954,1,-7.708,ok,0,0,1,1,3,5,4,0,0,0,0
gen_01954,2,-7.69,ok,0,0,0,1,3,6,3,0,0,0,0
gen_01954,3,-7.645,ok,0,0,1,1,3,5,4,0,0,0,0
gen_01954,4,-7.636,ok,0,0,1,1,3,6,4,0,0,0,0
gen_01954,5,-7.616,ok,0,0,0,1,3,6,3,0,0,0,0
gen_01954,6,-7.613,ok,0,0,1,1,3,5,4,0,0,0,0
gen_01955,1,-8.24,ok,1,0,1,0,4,6,3,0,0,0,0
gen_01955,2,-8.224,ok,1,0,1,1,4,6,3,0,0,0,0
gen_01956,1,-8.041,ok,0,0,1,1,3,7,7,0,0,0,0
gen_01956,2,-8.018,ok,0,0,1,1,3,6,7,0,0,0,0
gen_01956,3,-8.018,ok,0,0,1,1,3,6,7,0,0,0,0
gen_01956,4,-8.001,ok,0,0,1,1,3,7,7,0,0,0,0
gen_01956,5,-7.999,ok,0,0,1,1,3,6,7,0,0,0,0
gen_01956,6,-7.984,ok,0,0,1,1,3,7,5,0,0,0,0
gen_01956,7,-7.965,ok,0,0,1,1,3,6,7,0,0,0,0
gen_01956,8,-7.947,ok,0,0,1,1,3,6,7,0,0,0,0
gen_01956,9,-7.946,ok,0,0,1,1,3,6,6,0,0,0,0
gen_01956,10,-7.87,ok,1,0,1,1,4,6,7,0,0,0,0
gen_01956,11,-7.833,ok,0,0,1,1,3,6,6,0,0,0,0
gen_01957,1,-7.587,ok,1,0,0,1,4,5,2,0,0,0,0
gen_01957,2,-7.563,ok,1,0,0,1,4,5,4,0,0,0,0
gen_01957,3,-7.542,ok,1,0,0,1,4,5,3,0,0,0,0
gen_01957,4,-7.516,ok,1,0,0,1,4,5,3,0,0,0,0
gen_01958,1,-7.511,ok,1,0,0,1,4,5,2,0,0,0,0
gen_01958,2,-7.501,ok,1,0,0,1,4,5,2,0,0,0,0
gen_01958,3,-7.498,ok,1,0,0,1,4,5,3,0,0,0,0
gen_01958,4,-7.489,ok,1,0,0,1,4,5,1,0,0,0,0
gen_01958,5,-7.482,ok,1,0,0,1,4,5,3,0,0,0,0
gen_01958,6,-7.468,ok,1,0,0,1,4,5,2,0,0,0,0
gen_01958,7,-7.466,ok,1,0,0,1,4,5,2,0,0,0,0
gen_01958,8,-7.462,ok,1,0,0,1,4,5,2,0,0,0,0
gen_01958,9,-7.439,ok,1,0,0,1,4,5,2,0,0,0,0
gen_01958,10,-7.387,ok,1,0,0,1,4,5,2,0,0,0,0
gen_01958,11,-7.29,ok,1,0,0,1,4,6,1,0,0,0,0
gen_01959,1,-7.486,ok,1,0,1,1,4,1,6,0,0,0,0
gen_01959,2,-7.457,ok,1,0,1,1,4,2,6,0,0,0,0
gen_01959,3,-7.431,ok,1,0,1,1,4,1,5,0,0,0,0
gen_01959,4,-7.406,ok,1,0,1,1,4,1,5,0,0,0,0
gen_01959,5,-7.394,ok,1,0,1,1,4,2,5,0,0,0,0
gen_01959,6,-7.374,ok,1,0,1,1,4,1,5,0,0,0,0
gen_01960,1,-7.948,ok,1,0,0,0,4,7,1,0,1,0,0
gen_01960,2,-7.862,ok,1,0,0,0,4,7,1,0,1,0,0
gen_01960,3,-7.817,ok,1,0,0,0,4,7,1,0,1,0,0
gen_01960,4,-7.729,ok,1,0,0,0,4,0,2,0,1,0,0
gen_01960,5,-7.675,ok,1,0,0,0,4,1,1,0,0,0,0
gen_01961,1,-7.751,ok,1,0,1,1,4,5,2,1,0,0,0
gen_01961,2,-7.734,ok,1,0,1,1,4,5,2,1,0,0,0
gen_01962,1,-7.685,ok,0,0,1,1,3,4,2,1,0,0,0
gen_01962,2,-7.651,ok,0,0,1,1,3,5,2,1,0,0,0
gen_01963,1,-6.269,ok,1,0,0,1,4,4,3,0,0,0,1
gen_01964,1,-7.617,ok,1,0,1,1,5,6,2,0,1,0,0
gen_01964,2,-7.566,ok,1,0,1,1,5,6,2,0,1,0,0
gen_01964,3,-7.521,ok,1,0,1,1,5,6,2,0,1,0,0
gen_01964,4,-7.513,ok,1,0,1,1,5,6,2,0,1,0,0
gen_01964,5,-7.441,ok,1,0,0,1,5,5,1,0,1,0,0
gen_01964,6,-7.42,ok,1,0,0,1,5,5,1,0,1,0,0
gen_01965,1,-7.947,ok,1,0,0,1,4,6,5,0,0,0,0
gen_01965,2,-7.91,ok,1,0,0,1,4,8,5,0,0,0,0
gen_01965,3,-7.831,ok,1,0,0,1,4,6,4,0,0,0,0
gen_01966,1,-6.53,ok,1,0,0,1,5,3,4,0,0,0,0
gen_01966,2,-6.525,ok,1,0,0,1,5,3,4,0,0,0,0
gen_01966,3,-6.52,ok,1,0,0,1,5,3,4,0,0,0,0
gen_01966,4,-6.516,ok,1,0,0,1,5,3,4,0,0,0,0
gen_01966,5,-6.51,ok,1,0,0,1,5,3,4,0,0,0,0
gen_01966,6,-6.5,ok,1,0,0,1,5,3,4,0,0,0,0
gen_01966,7,-6.484,ok,1,0,0,1,5,3,4,0,0,0,0
gen_01966,8,-6.479,ok,1,0,0,1,5,3,4,0,0,0,0
gen_01967,1,-7.18,ok,1,0,1,1,4,3,2,1,0,0,0
gen_01967,2,-7.164,ok,1,0,1,1,4,3,2,1,0,0,0
gen_01967,3,-7.164,ok,1,0,1,1,4,3,2,1,0,0,0
gen_01967,4,-7.146,ok,1,0,1,1,4,3,2,1,0,0,1
gen_01968,1,-7.67,ok,0,0,1,1,0,3,4,0,0,0,1
gen_01968,2,-7.639,ok,0,0,1,1,0,3,4,0,0,0,1
gen_01968,3,-7.617,ok,0,0,1,1,0,3,4,0,0,0,1
gen_01968,4,-7.545,ok,0,0,0,0,0,2,2,0,1,0,0
gen_01968,5,-7.514,ok,0,0,0,1,0,2,4,0,2,0,0
gen_01968,6,-7.503,ok,0,0,0,1,0,2,4,0,2,0,0
gen_01968,7,-7.49,ok,0,0,0,0,0,2,3,0,1,0,0
gen_01968,8,-7.42,ok,1,1,0,0,4,6,0,0,0,0,0
gen_01969,1,-7.668,ok,1,0,1,1,4,7,1,0,0,0,0
gen_01969,2,-7.663,ok,1,0,1,1,4,6,1,0,0,0,0
gen_01970,1,-7.892,ok,1,0,1,1,4,5,3,0,0,0,0
gen_01970,2,-7.866,ok,1,0,1,1,4,5,3,0,0,0,0
gen_01971,1,-7.4,ok,0,0,0,0,3,6,3,0,0,0,0
gen_01971,2,-7.395,ok,1,0,0,0,4,6,5,0,0,0,0
gen_01971,3,-7.387,ok,1,0,0,0,4,6,5,0,0,0,0
gen_01971,4,-7.381,ok,0,0,0,0,3,7,3,0,0,0,0
gen_01971,5,-7.334,ok,0,0,0,0,3,6,3,0,0,0,0
gen_01971,6,-7.334,ok,1,0,1,0,4,6,2,0,0,0,0
gen_01971,7,-7.295,ok,0,0,1,0,3,4,4,0,0,0,0
gen_01972,1,-7.515,ok,1,0,0,1,4,6,3,0,0,0,0
gen_01973,1,-7.518,ok,1,0,1,0,4,7,2,0,0,0,0
gen_01973,2,-7.496,ok,1,1,1,0,4,7,2,0,0,0,0
gen_01974,1,-7.044,ok,1,0,0,1,5,5,3,0,0,0,0
gen_01974,2,-6.973,ok,1,0,1,0,4,2,1,0,0,0,0
gen_01974,3,-6.911,ok,1,0,1,1,4,1,3,0,0,0,0
gen_01974,4,-6.899,ok,1,0,1,0,4,2,1,0,0,0,0
gen_01975,1,-6.484,ok,0,0,1,1,0,2,3,0,0,0,0
gen_01975,2,-6.466,ok,0,0,1,1,0,2,3,0,0,0,0
gen_01975,3,-6.408,ok,0,0,1,1,0,2,3,0,0,0,0
gen_01976,1,-6.905,ok,0,0,0,0,3,6,0,0,0,0,0
gen_01976,2,-6.876,ok,1,0,0,0,4,5,0,0,0,0,0
gen_01976,3,-6.679,ok,1,0,0,0,4,6,0,0,0,0,0
gen_01976,4,-6.563,ok,1,0,0,1,4,6,2,0,0,0,0
gen_01977,1,-7.717,ok,1,0,0,1,4,5,2,1,0,0,1
gen_01978,1,-6.996,ok,1,0,0,1,4,6,1,0,0,0,0
gen_01979,1,-7.614,ok,1,0,0,1,5,3,5,0,0,0,0
gen_01979,2,-7.586,ok,1,0,0,1,5,3,4,0,0,0,0
gen_01979,3,-7.576,ok,1,0,0,1,5,3,5,0,0,0,0
gen_01979,4,-7.536,ok,1,0,0,1,5,3,4,0,0,0,0
gen_01979,5,-7.523,ok,1,0,0,1,5,3,4,0,0,0,0
gen_01979,6,-7.501,ok,1,0,0,1,5,3,4,0,0,0,0
gen_01980,1,-6.896,ok,1,0,0,1,4,5,1,0,0,0,0
gen_01980,2,-6.883,ok,1,0,0,1,4,5,1,0,0,0,0
gen_01981,1,-7.228,ok,1,0,1,1,4,6,4,0,0,0,0
gen_01982,1,-8.615,ok,1,0,0,1,4,0,5,0,0,0,0
gen_01982,2,-8.588,ok,1,0,0,1,4,0,5,0,0,0,0
gen_01982,3,-8.55,ok,1,0,0,1,4,0,5,0,0,0,0
gen_01982,4,-8.519,ok,1,0,0,1,4,0,5,0,0,0,0
gen_01983,1,-7.865,ok,0,0,0,1,0,0,5,0,1,0,1
gen_01983,2,-7.85,ok,0,0,0,1,0,0,5,0,1,0,1
gen_01983,3,-7.85,ok,0,0,0,1,3,1,4,0,1,0,1
gen_01983,4,-7.764,ok,0,0,0,1,3,0,4,0,1,0,1
gen_01983,5,-7.689,ok,0,0,0,1,0,0,5,0,1,0,1
gen_01984,1,-7.153,ok,0,0,0,1,0,3,3,0,0,0,0
gen_01984,2,-7.139,ok,0,0,0,1,0,2,3,0,0,0,0
gen_01985,1,-7.638,ok,1,0,1,1,4,5,2,1,0,0,0
gen_01985,2,-7.638,ok,1,0,1,1,4,5,3,1,0,0,0
gen_01985,3,-7.57,ok,1,0,1,1,4,5,3,1,0,0,0
gen_01985,4,-7.532,ok,1,0,1,1,4,5,3,1,0,0,0
gen_01986,1,-7.135,ok,1,0,0,1,4,7,3,0,0,0,0
gen_01986,2,-7.126,ok,1,0,0,1,4,6,2,0,0,0,0
gen_01986,3,-7.085,ok,1,0,0,1,4,6,2,0,0,0,0
gen_01986,4,-7.075,ok,1,0,0,1,4,6,3,1,0,0,0
gen_01986,5,-7.07,ok,1,0,0,1,4,6,4,0,0,0,0
gen_01987,1,-7.742,ok,1,0,1,1,4,8,4,1,0,0,0
gen_01987,2,-7.692,ok,1,0,1,1,4,8,4,1,0,0,0
gen_01987,3,-7.3,ok,1,0,1,1,4,8,1,0,0,0,0
gen_01987,4,-7.297,ok,1,0,1,1,4,8,1,0,0,0,0
gen_01988,1,-7.022,ok,1,0,1,0,5,4,2,1,0,0,0
gen_01988,2,-7.004,ok,1,0,1,1,5,4,3,1,0,0,0
gen_01988,3,-6.975,ok,1,0,1,1,5,4,3,1,0,0,0
gen_01989,1,-6.843,ok,1,0,0,1,4,6,2,0,0,0,0
gen_01990,1,-7.742,ok,1,1,0,1,5,4,2,0,0,0,0
gen_01990,2,-7.722,ok,1,0,0,1,5,5,3,0,0,0,0
gen_01990,3,-7.511,ok,0,1,0,1,3,4,3,0,2,0,0
gen_01991,1,-7.654,ok,1,0,1,0,5,5,1,0,0,0,0
gen_01991,2,-7.478,ok,1,0,0,1,4,5,2,0,0,0,1
gen_01992,1,-7.58,ok,0,0,1,1,3,6,2,1,0,0,0
gen_01992,2,-7.569,ok,1,0,0,1,4,5,2,0,0,0,0
gen_01992,3,-7.546,ok,0,0,1,1,3,6,2,1,0,0,0
gen_01993,1,-6.905,ok,0,0,1,1,3,2,2,0,0,0,0
gen_01993,2,-6.903,ok,1,0,0,0,4,5,0,0,1,0,0
gen_01993,3,-6.887,ok,0,0,1,1,3,2,2,0,0,0,0
gen_01993,4,-6.879,ok,1,0,0,1,4,5,1,0,1,0,0
gen_01993,5,-6.868,ok,1,0,0,1,4,5,1,0,1,0,0
gen_01993,6,-6.865,ok,0,0,1,1,3,2,2,0,0,0,0
gen_01993,7,-6.852,ok,0,0,1,1,3,2,2,0,0,0,0
gen_01993,8,-6.825,ok,0,0,1,1,3,2,2,0,0,0,0
gen_01993,9,-6.824,ok,1,0,0,0,4,5,0,0,1,0,0
gen_01993,10,-6.813,ok,0,0,1,1,3,1,2,0,0,0,0
gen_01993,11,-6.799,ok,1,0,0,1,4,5,1,0,1,0,0
gen_01993,12,-6.61,ok,1,0,0,1,4,1,2,0,2,0,0
gen_01994,1,-7.498,ok,0,1,0,1,3,6,2,0,0,0,0
gen_01994,2,-7.494,ok,1,1,0,1,4,7,2,0,0,0,0
gen_01994,3,-7.435,ok,1,1,0,1,4,6,2,0,0,0,0
gen_01994,4,-7.411,ok,1,1,0,1,4,6,2,1,0,0,0
gen_01995,1,-7.734,ok,1,0,1,1,4,4,2,1,0,0,0
gen_01995,2,-7.711,ok,0,0,0,1,3,6,3,0,0,0,0
gen_01995,3,-7.706,ok,1,0,0,1,4,5,3,0,0,0,0
gen_01995,4,-7.679,ok,1,0,1,1,4,4,2,1,0,0,0
gen_01995,5,-7.641,ok,1,0,1,1,4,4,2,1,0,0,0
gen_01995,6,-7.605,ok,1,0,1,1,4,5,2,1,0,0,0
gen_01996,1,-7.943,ok,0,0,1,0,3,6,0,1,0,0,0
gen_01996,2,-7.843,ok,0,0,1,0,3,6,0,1,0,0,0
gen_01996,3,-7.726,ok,0,0,1,0,3,6,0,1,0,0,0
gen_01996,4,-7.445,ok,1,0,1,0,4,6,2,0,0,0,0
gen_01997,1,-6.524,ok,1,0,0,0,4,4,1,1,1,0,0
gen_01998,1,-6.624,ok,0,0,0,1,3,6,2,0,0,0,0
gen_01999,1,-6.787,ok,0,0,1,1,3,1,5,0,0,0,0
gen_01999,2,-6.776,ok,0,0,1,1,3,1,5,0,0,0,0
gen_01999,3,-6.746,ok,0,0,1,1,3,2,4,0,0,0,0
gen_02000,1,-6.783,ok,1,0,1,1,4,6,5,0,0,0,1
gen_02000,2,-6.781,ok,1,0,1,1,4,6,5,0,0,0,1
gen_02000,3,-6.771,ok,1,0,1,1,4,6,5,0,0,0,2
gen_02000,4,-6.764,ok,1,0,1,1,4,6,5,0,0,0,2
gen_02000,5,-6.755,ok,1,0,1,1,4,6,5,0,0,0,1
gen_02000,6,-6.728,ok,1,0,1,1,4,5,4,0,0,0,1
gen_02000,7,-6.71,ok,1,0,1,1,4,6,5,0,0,0,1
gen_02001,1,-8.182,ok,1,0,0,1,4,4,5,0,0,0,0
gen_02001,2,-8.177,ok,1,0,0,1,4,4,5,0,0,0,0
gen_02001,3,-8.151,ok,0,0,0,1,3,5,5,0,0,0,0
gen_02001,4,-8.115,ok,1,0,0,1,4,5,5,0,0,0,0
gen_02002,1,-7.283,ok,0,0,1,1,3,5,3,0,0,0,0
gen_02002,2,-7.21,ok,0,0,1,1,3,6,3,0,0,0,0
gen_02002,3,-7.041,ok,1,0,1,1,4,6,2,0,0,0,0
gen_02003,1,-7.081,ok,1,0,0,1,4,1,4,0,0,0,0
gen_02003,2,-7.012,ok,1,0,0,1,4,1,5,0,0,0,0
gen_02003,3,-6.923,ok,1,0,0,1,4,1,5,0,0,0,0
gen_02004,1,-8.458,ok,1,0,1,1,4,7,3,0,0,0,0
gen_02004,2,-8.373,ok,1,0,1,1,4,7,5,0,0,0,0
gen_02004,3,-8.344,ok,1,0,0,1,4,6,2,0,0,0,0
gen_02004,4,-8.342,ok,1,0,1,1,4,6,4,0,0,0,0
gen_02005,1,-8.048,ok,0,0,0,1,3,4,2,0,0,0,0
gen_02005,2,-8.003,ok,0,0,0,1,3,4,2,0,0,0,0
gen_02005,3,-7.648,ok,0,0,0,0,3,4,0,0,0,0,0
gen_02005,4,-7.616,ok,0,0,0,0,3,4,0,0,0,0,0
gen_02006,1,-7.496,ok,1,0,0,1,4,5,3,0,0,0,0
gen_02006,2,-7.494,ok,1,0,0,1,4,5,3,0,0,0,0
gen_02006,3,-7.446,ok,1,0,1,1,4,7,2,0,0,0,1
gen_02006,4,-7.422,ok,1,0,1,1,4,7,2,0,0,0,1
gen_02006,5,-7.319,ok,1,0,0,1,4,6,3,0,0,0,0
gen_02007,1,-6.81,ok,1,0,0,1,4,2,1,0,0,0,0
gen_02008,1,-8.051,ok,1,0,0,1,4,4,3,0,0,0,0
gen_02008,2,-8.007,ok,1,0,0,1,4,4,3,0,0,0,0
gen_02008,3,-7.989,ok,1,0,0,1,4,3,3,0,0,0,0
gen_02008,4,-7.951,ok,0,0,0,1,0,2,3,0,0,0,0
gen_02009,1,-7.978,ok,1,0,0,1,4,7,3,0,0,0,0
gen_02009,2,-7.948,ok,1,0,0,1,4,7,3,0,0,0,0
gen_02010,1,-8.448,ok,1,1,0,1,4,6,4,0,0,0,0
gen_02010,2,-8.403,ok,1,1,0,1,4,6,4,0,0,0,0
gen_02010,3,-8.298,ok,1,1,0,1,4,7,3,0,0,0,0
gen_02010,4,-8.275,ok,1,1,0,1,4,7,3,0,0,0,0
gen_02011,1,-8.126,ok,1,0,0,1,4,8,3,0,0,0,0
gen_02011,2,-8.114,ok,1,0,0,1,4,7,3,0,0,0,0
gen_02011,3,-8.056,ok,1,0,0,1,4,7,3,0,0,0,0
gen_02012,1,-7.881,ok,0,0,0,1,0,6,6,0,0,0,0
gen_02012,2,-7.741,ok,1,0,1,1,4,8,3,0,0,0,0
gen_02012,3,-7.736,ok,1,0,1,1,4,8,3,0,0,0,0
gen_02013,1,-8.899,ok,1,0,0,1,4,6,2,0,0,0,0
gen_02013,2,-8.891,ok,1,0,0,1,4,5,2,0,0,0,0
gen_02014,1,-7.691,ok,1,0,0,1,5,3,1,1,0,0,0
gen_02014,2,-7.682,ok,1,0,0,1,5,3,1,1,0,0,0
gen_02014,3,-7.655,ok,1,0,0,1,5,3,1,1,0,0,0
gen_02014,4,-7.623,ok,1,0,0,1,4,6,6,0,0,0,0
gen_02014,5,-7.616,ok,1,0,0,1,4,6,5,0,0,0,0
gen_02014,6,-7.615,ok,1,0,0,1,4,5,5,0,0,0,0
gen_02014,7,-7.591,ok,1,0,0,1,4,5,5,0,0,0,0
gen_02014,8,-7.56,ok,1,0,0,1,4,5,6,0,0,0,0
gen_02015,1,-7.284,ok,0,0,1,1,3,7,3,0,0,0,0
gen_02015,2,-7.277,ok,0,0,1,1,3,7,3,0,0,0,0
gen_02015,3,-7.262,ok,1,0,1,1,4,6,2,0,0,0,0
gen_02016,1,-6.639,ok,1,0,0,0,4,5,1,0,0,0,0
gen_02017,1,-6.052,ok,1,0,1,1,4,5,2,0,0,0,0
gen_02018,1,-6.864,ok,1,0,1,1,4,7,3,1,0,0,0
gen_02019,1,-6.323,ok,1,0,0,1,5,3,2,1,0,0,0
gen_02019,2,-6.259,ok,1,0,0,1,5,3,2,1,0,0,0
gen_02020,1,-7.109,ok,1,0,1,1,5,4,3,0,0,0,0
gen_02021,1,-7.419,ok,1,0,0,1,4,5,3,0,0,0,0
gen_02021,2,-7.379,ok,1,0,0,1,4,5,3,0,0,0,0
gen_02022,1,-7.229,ok,1,0,1,0,4,5,0,1,0,0,0
gen_02022,2,-7.217,ok,1,0,1,0,4,5,0,1,0,0,0
gen_02023,1,-8.065,ok,1,0,1,1,4,7,5,0,0,0,0
gen_02023,2,-7.985,ok,1,0,1,1,4,7,5,0,0,0,0
gen_02023,3,-7.98,ok,1,0,0,1,4,7,4,0,0,0,0
gen_02023,4,-7.924,ok,1,0,0,1,4,7,4,0,0,0,0
gen_02023,5,-7.924,ok,1,0,0,1,4,7,2,0,0,0,0
gen_02023,6,-7.883,ok,1,0,1,1,4,7,5,0,0,0,0
gen_02023,7,-7.865,ok,1,0,0,1,4,6,4,0,0,0,0
gen_02023,8,-7.752,ok,1,0,0,1,4,6,1,0,0,0,0
gen_02023,9,-7.547,ok,1,0,0,0,4,5,3,0,0,0,0
gen_02024,1,-8.256,ok,1,0,1,1,4,9,1,0,1,0,0
gen_02024,2,-8.155,ok,1,0,1,1,4,9,1,0,1,0,0
gen_02025,1,-7.902,ok,0,0,1,1,3,7,4,1,0,0,0
gen_02025,2,-7.779,ok,1,0,1,1,4,7,3,1,0,0,0
gen_02025,3,-7.716,ok,1,0,1,1,4,7,3,1,0,0,0
gen_02025,4,-7.633,ok,1,0,1,1,4,7,3,1,0,0,0
gen_02026,1,-7.93,ok,1,0,0,1,4,5,2,0,0,0,0
gen_02026,2,-7.901,ok,1,0,0,1,4,5,2,0,0,0,0
gen_02027,1,-6.905,ok,0,0,0,1,0,2,3,0,0,0,0
gen_02027,2,-6.902,ok,0,0,0,1,0,2,4,0,0,0,0
gen_02028,1,-71.927,ok,0,0,1,0,0,1,1,0,0,0,0
gen_02028,2,-64.631,ok,0,0,1,0,0,1,1,0,0,0,0
gen_02029,1,-7.871,ok,1,0,0,1,4,4,2,0,0,0,0
gen_02030,1,-7.194,ok,0,0,0,0,3,6,1,0,0,0,0
gen_02030,2,-7.186,ok,0,0,0,0,3,6,1,0,0,0,0
gen_02030,3,-7.161,ok,0,0,0,0,3,6,1,0,0,0,0
gen_02030,4,-7.146,ok,0,0,0,0,3,6,1,0,0,0,0
gen_02030,5,-7.146,ok,0,0,1,1,3,4,1,0,0,0,0
gen_02030,6,-7.14,ok,0,0,0,0,3,6,1,0,0,0,0
gen_02030,7,-7.117,ok,0,0,1,1,3,4,1,0,0,0,0
gen_02031,1,-6.73,ok,1,0,1,1,4,2,3,0,0,0,0
gen_02031,2,-6.697,ok,1,0,1,1,4,2,2,0,0,0,0
gen_02032,1,-7.612,ok,1,0,0,1,4,6,1,0,0,0,0
gen_02032,2,-7.258,ok,1,0,0,1,4,5,2,0,0,0,0
gen_02033,1,-7.176,ok,0,0,0,1,3,5,1,0,0,0,0
gen_02033,2,-7.1,ok,0,0,0,1,3,5,1,0,0,0,0
gen_02033,3,-7.073,ok,0,0,0,1,3,5,1,0,0,0,0
gen_02034,1,-219.017,ok,0,0,0,0,0,0,0,0,0,0,0
gen_02035,1,-7.059,ok,0,0,1,1,3,5,4,0,0,0,0
gen_02035,2,-7.035,ok,0,0,1,1,3,5,4,0,0,0,0
gen_02035,3,-7.029,ok,0,0,1,1,3,5,4,0,0,0,0
gen_02035,4,-7.025,ok,0,0,0,1,3,4,4,0,0,0,0
gen_02035,5,-7.012,ok,0,0,0,1,3,4,3,1,0,0,0
gen_02036,1,-7.569,ok,1,0,0,1,4,7,3,0,0,0,0
gen_02036,2,-7.481,ok,1,0,1,1,4,7,4,0,0,0,0
gen_02036,3,-7.458,ok,1,0,1,1,4,7,4,0,0,0,0
gen_02036,4,-7.437,ok,1,0,1,1,4,6,4,0,0,0,0
gen_02037,1,-7.007,ok,1,0,1,1,4,7,2,1,0,0,0
gen_02037,2,-6.95,ok,1,0,1,1,4,7,2,1,0,0,0
gen_02037,3,-6.589,ok,1,0,1,0,4,7,2,0,0,0,0
gen_02037,4,-6.57,ok,1,0,0,1,4,6,4,0,0,0,0
gen_02037,5,-6.569,ok,1,0,1,0,5,4,3,0,0,0,0
gen_02037,6,-6.507,ok,1,0,0,1,4,7,4,0,0,0,0
gen_02037,7,-6.495,ok,1,0,1,1,5,4,5,0,0,0,0
gen_02037,8,-6.452,ok,1,0,1,0,5,4,3,0,0,0,0
gen_02037,9,-6.436,ok,0,0,0,1,0,0,2,0,0,0,0
gen_02037,10,-6.423,ok,0,0,1,1,0,2,2,0,0,0,0
gen_02037,11,-6.421,ok,0,0,1,1,0,2,1,1,0,0,0
gen_02037,12,-6.414,ok,0,0,0,1,0,0,2,0,0,0,0
gen_02037,13,-6.4,ok,1,0,1,0,4,4,3,0,0,0,0
gen_02038,1,-6.852,ok,1,0,0,1,4,6,2,0,0,0,0
gen_02039,1,-7.068,ok,1,0,0,1,4,6,2,0,0,0,0
gen_02040,1,-7.801,ok,1,0,0,1,5,6,3,0,0,0,0
gen_02040,2,-7.759,ok,1,0,1,1,5,7,3,1,0,0,0
gen_02040,3,-7.751,ok,1,0,0,1,5,7,3,1,0,0,0
gen_02041,1,-7.548,ok,0,0,0,1,3,6,1,0,0,0,1
gen_02041,2,-7.538,ok,0,0,0,1,3,6,2,0,0,0,2
gen_02042,1,-7.754,ok,0,0,1,1,3,5,3,1,0,0,0
gen_02042,2,-7.539,ok,1,0,0,1,4,5,2,0,0,0,0
gen_02043,1,-7.831,ok,1,0,1,1,4,3,2,1,0,0,0
gen_02043,2,-7.825,ok,1,0,1,1,4,2,1,1,0,0,0
gen_02043,3,-7.815,ok,1,0,1,1,4,3,1,1,0,0,0
gen_02043,4,-7.812,ok,0,0,0,1,0,3,3,0,0,0,2
gen_02043,5,-7.81,ok,0,0,0,1,0,3,5,0,0,0,2
gen_02043,6,-7.802,ok,0,0,0,1,0,3,3,0,0,0,2
gen_02043,7,-7.79,ok,1,0,1,1,4,2,1,1,0,0,0
gen_02043,8,-7.777,ok,1,0,1,1,4,2,1,1,0,0,0
gen_02044,1,-7.287,ok,1,0,0,1,4,6,2,2,0,0,0
gen_02044,2,-7.243,ok,1,0,0,1,4,5,2,2,0,0,0
gen_02044,3,-7.231,ok,1,0,0,1,4,7,1,1,0,0,0
gen_02045,1,-8.721,ok,1,0,1,1,4,6,3,0,0,0,1
gen_02045,2,-8.655,ok,1,0,1,1,4,6,4,0,0,0,1
gen_02045,3,-8.469,ok,1,0,1,1,4,7,3,0,0,0,1
gen_02045,4,-8.347,ok,1,0,1,1,4,5,4,0,0,0,0
gen_02045,5,-7.963,ok,0,0,0,1,3,6,4,0,1,0,0
gen_02045,6,-7.904,ok,0,0,0,1,3,6,4,0,1,0,0
gen_02045,7,-7.859,ok,0,0,0,1,3,7,4,0,1,0,0
gen_02045,8,-7.824,ok,1,0,0,1,4,6,3,0,1,0,0
gen_02045,9,-7.734,ok,0,0,0,1,3,5,4,0,1,0,0
gen_02046,1,-7.085,ok,1,0,0,1,4,2,4,0,0,0,0
gen_02046,2,-7.073,ok,0,0,0,1,3,1,3,1,0,0,0
gen_02047,1,-7.126,ok,0,0,1,1,3,4,3,0,0,0,0
gen_02047,2,-7.038,ok,0,0,1,1,0,4,3,0,0,0,0
gen_02048,1,-7.528,ok,1,0,0,1,4,4,2,1,0,0,0
gen_02048,2,-7.431,ok,1,0,0,1,4,4,2,1,0,0,0
gen_02048,3,-7.398,ok,1,0,0,1,4,3,3,0,0,0,0
gen_02049,1,-7.767,ok,1,0,0,1,4,6,3,0,0,0,0
gen_02049,2,-7.67,ok,1,0,0,1,4,7,4,0,0,0,0
gen_02050,1,-7.744,ok,1,0,1,1,4,8,2,0,0,0,0
gen_02050,2,-7.719,ok,1,0,1,1,4,8,2,0,0,0,0
gen_02050,3,-7.642,ok,1,0,1,1,4,8,3,0,0,0,0
gen_02050,4,-7.629,ok,1,0,1,1,4,8,2,0,0,0,0
gen_02050,5,-7.595,ok,1,0,1,1,4,8,2,0,0,0,0
gen_02050,6,-7.578,ok,1,0,1,1,4,7,2,0,0,0,0
gen_02051,1,-8.123,ok,1,0,0,1,4,6,5,0,0,0,0
gen_02051,2,-8.123,ok,1,0,0,1,4,6,5,0,0,0,0
gen_02052,1,-7.534,ok,1,0,0,1,4,5,3,0,0,0,0
gen_02052,2,-7.527,ok,1,0,0,1,4,5,3,0,0,0,0
gen_02052,3,-7.43,ok,1,0,0,1,4,6,2,0,0,0,0
gen_02052,4,-7.355,ok,1,0,0,1,4,6,3,0,0,0,0
gen_02053,1,-7.797,ok,1,0,0,1,4,8,4,0,0,0,0
gen_02053,2,-7.761,ok,1,0,0,1,5,8,4,0,0,0,0
gen_02053,3,-7.75,ok,1,0,0,1,4,8,4,0,0,0,0
gen_02053,4,-7.668,ok,1,0,1,1,4,8,3,0,0,0,0
gen_02053,5,-7.615,ok,1,0,1,1,4,7,2,0,0,0,0
gen_02053,6,-7.588,ok,1,0,0,1,4,8,4,0,0,0,0
gen_02053,7,-7.564,ok,1,0,0,1,4,7,4,0,0,0,0
gen_02053,8,-7.554,ok,1,0,1,1,4,8,2,0,0,0,0
gen_02053,9,-7.546,ok,1,0,0,1,4,9,4,0,0,0,0
gen_02053,10,-7.543,ok,1,0,1,1,4,8,2,0,0,0,0
gen_02054,1,-7.162,ok,1,0,1,1,4,6,3,0,0,0,0
gen_02054,2,-7.125,ok,1,0,1,1,4,5,3,0,0,0,0
gen_02055,1,-8.299,ok,1,0,0,1,4,0,3,0,0,0,0
gen_02055,2,-8.297,ok,1,0,0,1,4,1,4,0,0,0,0
gen_02055,3,-8.289,ok,1,0,0,1,4,0,2,0,0,0,0
gen_02056,1,-7.169,ok,0,0,1,1,0,3,4,0,0,0,0
gen_02056,2,-7.137,ok,0,0,1,1,0,3,4,0,0,0,0
gen_02056,3,-7.098,ok,1,0,1,1,4,4,4,0,0,0,0
gen_02056,4,-7.03,ok,1,0,1,1,4,4,4,0,0,0,0
gen_02056,5,-7.003,ok,1,0,1,1,4,4,3,0,0,0,0
gen_02057,1,-7.573,ok,1,0,0,0,4,5,1,1,0,0,0
gen_02057,2,-7.53,ok,1,0,0,0,4,6,1,1,0,0,0
gen_02058,1,-7.195,ok,0,0,0,1,3,3,1,0,0,0,1
gen_02058,2,-7.169,ok,0,0,0,1,3,3,1,0,0,0,1
gen_02058,3,-7.167,ok,0,0,0,1,3,3,1,0,0,0,1
gen_02059,1,-7.019,ok,1,0,0,1,4,2,3,0,1,0,0
gen_02059,2,-6.982,ok,1,0,0,1,4,1,3,0,0,0,0
gen_02059,3,-6.968,ok,1,0,0,1,4,1,3,0,0,0,0
gen_02059,4,-6.923,ok,1,0,0,0,4,2,1,0,1,0,0
gen_02059,5,-6.908,ok,1,0,0,0,4,2,1,0,1,0,0
gen_02060,1,-8.358,ok,1,0,0,1,4,5,4,1,0,0,0
gen_02060,2,-8.351,ok,1,0,0,1,4,6,4,1,0,0,0
gen_02061,1,-7.59,ok,1,0,0,1,4,5,3,0,2,0,0
gen_02061,2,-7.59,ok,1,0,0,1,4,8,3,0,1,0,0
gen_02061,3,-7.568,ok,1,0,0,1,4,5,3,0,2,0,0
gen_02061,4,-7.557,ok,1,0,0,1,4,6,3,0,1,0,0
gen_02061,5,-7.532,ok,1,0,0,1,4,5,3,0,2,0,0
gen_02061,6,-7.457,ok,1,0,0,1,4,6,3,0,1,0,0
gen_02061,7,-7.445,ok,1,0,0,1,4,7,1,0,1,0,0
gen_02061,8,-7.402,ok,1,0,0,1,4,7,1,0,1,0,0
gen_02061,9,-7.387,ok,1,0,0,1,4,5,1,0,1,0,0
gen_02061,10,-7.32,ok,1,0,0,0,4,5,1,0,1,0,0
gen_02061,11,-7.294,ok,1,0,0,0,4,6,1,0,1,0,0
gen_02061,12,-7.292,ok,0,0,1,0,0,4,4,0,0,0,0
gen_02061,13,-7.153,ok,0,0,1,1,3,2,2,0,0,0,0
gen_02061,14,-7.152,ok,1,0,0,1,4,5,1,0,1,0,0
gen_02062,1,-7.98,ok,0,0,0,1,3,8,4,0,0,0,0
gen_02062,2,-7.971,ok,0,0,0,1,3,8,4,0,0,0,0
gen_02062,3,-7.92,ok,0,0,0,1,3,8,4,0,0,0,0
gen_02062,4,-7.918,ok,0,0,0,1,3,7,5,0,0,0,0
gen_02062,5,-7.884,ok,0,0,1,1,3,7,5,0,0,0,0
gen_02062,6,-7.881,ok,0,0,0,1,3,8,5,0,0,0,0
gen_02062,7,-7.875,ok,0,0,0,1,3,7,4,0,0,0,0
gen_02062,8,-7.861,ok,0,0,0,1,3,7,4,0,0,0,0
gen_02062,9,-7.788,ok,0,0,0,1,3,7,4,0,0,0,0
gen_02062,10,-7.215,ok,1,0,0,1,4,6,3,0,0,0,0
gen_02063,1,-7.419,ok,1,0,0,1,4,0,4,0,0,0,1
gen_02064,1,-9.038,ok,1,0,0,1,4,6,5,1,1,0,0
gen_02064,2,-9.009,ok,1,0,0,1,4,6,6,1,1,0,0
gen_02064,3,-8.991,ok,1,0,1,1,4,8,5,0,0,0,0
gen_02064,4,-8.881,ok,1,0,0,1,4,8,3,0,0,0,0
gen_02065,1,-7.412,ok,1,0,0,0,4,4,1,1,0,0,0
gen_02065,2,-7.407,ok,1,0,0,0,4,4,1,1,0,0,0
gen_02066,1,-7.879,ok,1,0,0,1,4,5,4,0,0,0,0
gen_02066,2,-7.854,ok,1,0,0,1,4,5,4,0,0,0,0
gen_02067,1,-8.038,ok,1,0,0,0,4,1,1,1,0,0,0
gen_02068,1,-7.847,ok,1,0,1,1,4,6,1,0,0,0,0
gen_02068,2,-7.845,ok,1,0,1,1,4,6,1,0,0,0,0
gen_02068,3,-7.822,ok,1,0,1,1,4,6,1,0,0,0,0
gen_02068,4,-7.821,ok,1,0,1,1,4,6,1,0,0,0,0
gen_02069,1,-7.094,ok,1,0,1,0,4,5,1,1,0,0,0
gen_02069,2,-7.093,ok,1,0,1,0,4,5,1,1,0,0,0
gen_02069,3,-7.028,ok,1,0,1,0,4,5,1,1,0,0,0
gen_02069,4,-7.016,ok,1,0,1,0,4,5,1,1,0,0,0
gen_02070,1,-8.25,ok,1,0,0,1,4,5,1,0,0,0,0
gen_02070,2,-8.247,ok,1,0,0,1,4,5,1,0,0,0,0
gen_02070,3,-8.238,ok,1,0,0,1,4,5,1,0,0,0,0
gen_02070,4,-8.235,ok,1,0,0,1,4,5,1,0,0,0,0
gen_02070,5,-8.211,ok,1,0,0,1,4,5,1,0,0,0,0
gen_02070,6,-8.208,ok,1,0,0,1,4,5,1,0,0,0,0
gen_02071,1,-7.876,ok,1,0,1,1,4,6,1,1,0,0,0
gen_02071,2,-7.876,ok,1,0,1,1,4,7,2,1,0,0,0
gen_02071,3,-7.86,ok,1,0,1,1,4,7,2,1,0,0,0
gen_02071,4,-7.859,ok,1,0,1,1,4,7,2,1,0,0,0
gen_02071,5,-7.811,ok,1,0,1,1,4,7,2,1,0,0,0
gen_02071,6,-7.786,ok,1,0,1,1,4,6,3,0,0,0,0
gen_02071,7,-7.781,ok,1,0,1,1,4,6,3,0,0,0,0
gen_02071,8,-7.778,ok,1,0,1,1,4,6,1,1,0,0,0
gen_02071,9,-7.774,ok,1,0,1,1,4,6,3,0,0,0,0
gen_02072,1,-7.054,ok,0,0,1,1,3,5,3,0,0,0,0
gen_02072,2,-7.0,ok,0,0,1,1,3,5,3,0,0,0,0
gen_02073,1,-7.412,ok,1,0,0,1,4,6,2,0,0,0,0
gen_02074,1,-7.409,ok,1,0,1,1,5,1,4,1,0,0,0
gen_02074,2,-7.396,ok,1,0,1,1,5,1,4,1,0,0,0
gen_02074,3,-7.372,ok,1,0,0,1,5,1,3,1,0,0,0
gen_02074,4,-7.313,ok,1,0,1,1,5,1,4,1,0,0,0
gen_02074,5,-7.299,ok,1,0,0,1,5,2,3,1,0,0,0
gen_02074,6,-7.297,ok,1,0,1,1,5,1,4,1,0,0,0
gen_02074,7,-7.13,ok,1,0,1,1,5,1,4,1,0,0,0
gen_02074,8,-6.946,ok,1,0,0,1,5,3,3,1,0,0,0
gen_02075,1,-7.298,ok,1,0,0,1,5,7,2,1,0,0,0
gen_02075,2,-7.143,ok,1,0,0,1,5,7,2,1,0,0,0
gen_02075,3,-6.934,ok,1,0,1,1,5,5,1,0,0,0,0
gen_02076,1,-8.611,ok,1,0,0,1,4,8,4,1,0,0,0
gen_02076,2,-8.561,ok,1,0,0,1,4,8,5,1,0,0,0
gen_02076,3,-8.507,ok,1,0,0,1,4,7,4,1,0,0,0
gen_02076,4,-8.503,ok,1,0,0,1,4,5,6,1,0,0,0
gen_02076,5,-8.495,ok,1,0,0,1,4,7,4,1,0,0,0
gen_02077,1,-8.379,ok,1,0,0,1,4,5,3,0,0,0,0
gen_02077,2,-8.35,ok,1,0,0,1,4,5,3,0,0,0,0
gen_02077,3,-8.289,ok,1,0,0,1,4,5,3,0,0,0,0
gen_02077,4,-8.272,ok,1,0,0,1,4,5,3,0,0,0,0
gen_02078,1,-6.102,ok,1,0,1,0,4,5,2,0,0,0,0
gen_02079,1,-7.169,ok,0,0,1,1,3,4,2,0,0,0,0
gen_02079,2,-7.153,ok,0,0,1,1,3,5,2,0,0,0,0
gen_02079,3,-7.128,ok,0,0,1,1,3,5,2,0,0,0,0
gen_02079,4,-7.058,ok,1,0,1,1,4,5,2,0,0,0,0
gen_02079,5,-7.039,ok,1,0,1,1,4,5,2,0,0,0,0
gen_02079,6,-7.035,ok,1,0,1,1,4,6,2,0,0,0,0
gen_02079,7,-7.017,ok,1,0,1,1,4,5,3,0,0,0,0
gen_02079,8,-7.008,ok,1,0,1,1,4,5,2,0,0,0,0
gen_02079,9,-7.004,ok,1,0,1,1,4,6,2,0,0,0,0
gen_02080,1,-6.77,ok,1,0,1,1,4,5,2,0,0,0,0
gen_02080,2,-6.75,ok,1,0,0,1,4,5,1,0,0,0,0
gen_02081,1,-7.475,ok,1,0,0,1,4,8,2,0,0,0,0
gen_02081,2,-7.327,ok,1,0,0,1,4,6,1,0,0,0,0
gen_02081,3,-7.26,ok,1,1,0,1,4,5,1,0,0,0,0
gen_02081,4,-7.138,ok,1,0,0,1,4,1,2,0,1,0,0
gen_02082,1,-6.622,ok,1,0,1,0,4,5,1,0,0,0,0
gen_02082,2,-6.597,ok,1,0,1,0,4,5,1,0,0,0,0
gen_02082,3,-6.579,ok,1,0,1,1,4,6,2,0,0,0,0
gen_02082,4,-6.53,ok,1,0,1,1,4,6,2,0,0,0,0
gen_02083,1,-5.687,ok,0,0,1,1,0,1,4,0,0,0,0
gen_02084,1,-7.008,ok,1,0,0,1,4,0,2,0,0,0,0
gen_02084,2,-6.997,ok,1,0,0,1,4,0,2,0,0,0,0
gen_02084,3,-6.996,ok,1,0,0,1,4,0,2,0,0,0,0
gen_02084,4,-6.993,ok,1,0,0,1,4,0,2,0,0,0,0
gen_02084,5,-6.981,ok,1,0,1,0,5,6,1,0,0,0,0
gen_02084,6,-6.972,ok,1,0,1,0,5,6,1,0,0,0,0
gen_02084,7,-6.971,ok,1,0,1,0,5,6,1,0,0,0,0
gen_02085,1,-7.365,ok,0,0,0,1,3,6,3,0,0,0,0
gen_02085,2,-7.353,ok,1,0,0,1,4,5,2,0,0,0,0
gen_02086,1,-7.606,ok,1,0,0,1,4,4,3,1,0,0,0
gen_02086,2,-7.597,ok,1,0,0,1,4,4,3,1,0,0,0
gen_02086,3,-7.575,ok,1,0,0,1,4,4,4,1,0,0,0
gen_02086,4,-7.574,ok,1,0,0,1,4,3,3,1,0,0,0
gen_02086,5,-7.548,ok,1,0,0,1,4,2,4,1,0,0,0
gen_02086,6,-7.535,ok,1,0,0,1,4,3,4,1,0,0,0
gen_02087,1,-7.448,ok,1,1,0,1,4,6,2,0,0,0,0
gen_02087,2,-7.384,ok,1,1,0,1,4,6,2,0,0,0,0
gen_02087,3,-7.323,ok,1,1,0,1,4,7,2,0,0,0,0
gen_02087,4,-7.24,ok,1,1,1,1,4,6,4,0,0,0,0
gen_02087,5,-7.237,ok,1,1,0,0,4,6,1,0,0,0,0
gen_02087,6,-7.168,ok,1,1,1,0,4,8,0,0,0,0,0
gen_02087,7,-7.151,ok,1,1,1,0,4,8,0,0,0,0,0
gen_02087,8,-7.147,ok,1,1,1,0,4,8,0,0,0,0,0
gen_02087,9,-7.123,ok,0,0,0,1,3,5,2,0,0,0,0
gen_02087,10,-7.096,ok,1,1,1,0,4,8,0,0,0,0,0
gen_02087,11,-7.035,ok,1,0,0,1,4,6,2,0,0,0,0
gen_02087,12,-7.032,ok,1,0,0,0,5,5,1,0,0,0,0
gen_02087,13,-7.003,ok,1,0,0,1,4,6,2,0,0,0,0
gen_02088,1,-7.122,ok,1,0,1,1,4,3,2,0,0,0,0
gen_02088,2,-7.079,ok,1,0,1,1,4,3,2,0,0,0,0
gen_02088,3,-7.066,ok,0,0,0,1,3,6,3,0,0,0,0
gen_02089,1,-8.388,ok,0,0,0,1,3,5,3,0,0,0,0
gen_02090,1,-8.205,ok,1,0,0,1,4,7,3,0,0,0,0
gen_02090,2,-8.172,ok,1,0,0,1,4,7,3,0,0,0,0
gen_02090,3,-7.834,ok,1,0,0,1,4,8,3,0,0,0,0
gen_02091,1,-7.028,ok,1,0,0,0,4,5,0,0,0,0,0
gen_02091,2,-6.961,ok,1,0,0,0,4,5,0,0,0,0,1
gen_02092,1,-7.171,ok,0,0,0,0,3,3,1,0,0,0,0
gen_02092,2,-7.114,ok,0,0,1,1,3,4,2,0,0,0,0
gen_02092,3,-7.109,ok,0,0,0,1,3,3,2,0,0,0,0
gen_02093,1,-6.342,ok,1,0,0,1,4,6,3,1,0,0,0
gen_02093,2,-6.211,ok,1,0,0,0,4,6,1,1,0,0,0
gen_02094,1,-7.332,ok,0,0,0,1,3,6,1,0,0,0,0
gen_02094,2,-7.192,ok,0,0,0,1,3,6,2,0,0,0,0
gen_02095,1,-6.37,ok,1,0,0,1,4,7,2,0,0,0,0
gen_02095,2,-6.367,ok,1,0,0,1,4,6,2,0,0,0,0
gen_02095,3,-6.354,ok,1,0,0,1,4,6,2,0,0,0,0
gen_02095,4,-6.345,ok,1,0,0,1,4,6,2,0,0,0,0
gen_02095,5,-6.344,ok,1,0,0,1,4,6,1,0,0,0,0
gen_02095,6,-6.26,ok,1,0,0,1,4,8,2,0,0,0,0
gen_02095,7,-6.241,ok,1,0,0,1,4,7,2,0,0,0,0
gen_02096,1,-7.492,ok,1,0,0,1,4,1,4,0,2,0,0
gen_02096,2,-7.485,ok,1,0,0,1,4,1,3,0,2,0,0
gen_02096,3,-7.483,ok,1,0,0,1,4,1,4,0,2,0,0
gen_02096,4,-7.431,ok,1,0,0,1,4,1,5,0,2,0,0
gen_02096,5,-7.34,ok,1,0,0,1,4,1,4,0,2,0,0
gen_02096,6,-7.306,ok,1,0,1,1,4,5,5,0,0,0,0
gen_02096,7,-7.245,ok,1,0,0,1,4,1,6,0,2,0,0
gen_02097,1,-7.349,ok,0,0,1,1,3,8,4,0,0,0,0
gen_02097,2,-7.316,ok,1,1,0,1,4,6,2,0,0,0,0
gen_02097,3,-7.315,ok,0,0,1,1,3,8,4,0,0,0,1
gen_02097,4,-7.171,ok,0,0,1,0,3,5,1,0,0,0,2
gen_02097,5,-7.126,ok,0,0,1,0,0,5,1,0,0,0,2
gen_02097,6,-7.058,ok,0,0,1,1,3,8,3,0,0,0,0
gen_02097,7,-7.02,ok,1,0,1,0,4,7,0,1,0,0,1
gen_02097,8,-6.957,ok,1,0,0,1,4,5,3,0,0,0,0
gen_02097,9,-6.874,ok,1,0,0,1,4,6,2,0,0,0,0
gen_02098,1,-7.115,ok,0,0,0,1,3,3,3,0,0,0,0
gen_02098,2,-7.108,ok,0,0,0,1,3,3,3,0,0,0,0
gen_02098,3,-7.066,ok,0,0,0,1,3,4,3,0,0,0,0
gen_02099,1,-7.705,ok,1,0,1,1,4,5,3,0,0,0,0
gen_02099,2,-7.642,ok,1,0,1,0,4,5,3,0,0,0,0
gen_02099,3,-7.641,ok,1,0,1,1,4,6,3,0,0,0,0
gen_02099,4,-7.628,ok,1,0,1,0,4,6,2,0,0,0,0
gen_02099,5,-7.627,ok,1,0,1,0,4,6,4,0,0,0,0
gen_02099,6,-7.563,ok,1,0,1,0,4,5,2,0,0,0,0
gen_02099,7,-7.403,ok,1,0,1,0,4,6,2,0,0,0,0
gen_02099,8,-7.361,ok,1,0,0,1,5,4,2,0,0,0,0
gen_02099,9,-7.314,ok,1,0,0,1,4,6,4,0,0,0,0
gen_02099,10,-7.31,ok,1,0,0,1,5,4,2,0,0,0,0
gen_02099,11,-7.286,ok,1,0,1,0,4,5,2,0,0,0,0
gen_02099,12,-7.107,ok,1,0,1,1,4,6,3,0,0,0,0
gen_02100,1,-7.244,ok,1,0,0,1,4,6,6,0,0,0,0
gen_02100,2,-7.145,ok,1,0,0,1,4,5,5,0,0,0,0
gen_02100,3,-6.984,ok,1,0,0,1,4,6,3,0,0,0,0
gen_02100,4,-6.978,ok,1,0,0,1,4,5,3,0,0,0,0
gen_02101,1,-8.408,ok,1,0,1,0,5,7,0,2,0,0,0
gen_02101,2,-8.161,ok,1,0,1,0,5,8,0,2,0,0,0
gen_02102,1,-8.179,ok,1,0,1,0,5,5,0,1,0,0,0
gen_02102,2,-8.175,ok,1,0,1,0,5,5,0,1,0,0,0
gen_02102,3,-8.153,ok,1,0,1,0,5,5,0,1,0,0,0
gen_02102,4,-8.141,ok,1,0,1,0,5,5,0,1,0,0,0
gen_02103,1,-6.84,ok,1,0,0,1,5,3,3,0,0,0,0
gen_02103,2,-6.797,ok,1,0,0,1,5,3,2,0,0,0,0
gen_02103,3,-6.789,ok,1,0,1,1,5,4,3,0,0,0,0
gen_02104,1,-7.075,ok,1,0,1,1,4,6,3,0,0,0,0
gen_02104,2,-7.072,ok,1,0,0,1,4,6,2,0,0,0,0
gen_02104,3,-7.056,ok,1,0,1,1,4,6,3,0,0,0,0
gen_02104,4,-7.053,ok,1,0,0,1,4,6,2,0,0,0,0
gen_02104,5,-6.871,ok,1,0,1,1,4,3,4,0,0,0,1
gen_02105,1,-6.286,ok,0,0,1,1,3,4,3,0,0,0,0
gen_02105,2,-6.282,ok,0,0,1,1,3,4,3,0,0,0,0
gen_02106,1,-7.582,ok,1,0,1,1,4,5,3,0,0,0,0
gen_02106,2,-7.496,ok,1,0,0,1,4,5,2,0,0,0,0
gen_02107,1,-8.185,ok,1,0,0,1,4,6,3,0,0,0,0
gen_02107,2,-8.159,ok,0,0,0,1,3,7,3,0,0,0,0
gen_02107,3,-8.151,ok,0,0,0,1,3,6,3,0,0,0,0
gen_02107,4,-8.13,ok,0,0,0,1,3,6,2,0,0,0,0
gen_02107,5,-8.129,ok,1,0,0,1,4,6,3,0,0,0,0
gen_02107,6,-8.113,ok,0,0,0,1,3,6,4,0,0,0,0
gen_02107,7,-8.108,ok,1,0,0,1,4,7,3,0,0,0,0
gen_02107,8,-8.01,ok,0,0,1,1,0,3,4,0,1,0,0
gen_02107,9,-7.973,ok,0,0,0,1,0,5,3,0,1,0,0
gen_02107,10,-7.866,ok,1,0,1,1,4,7,5,0,0,0,0
gen_02107,11,-7.86,ok,1,0,0,0,4,5,3,0,0,0,0
gen_02107,12,-7.729,ok,1,0,0,1,4,7,3,0,0,0,0
gen_02108,1,-6.589,ok,0,0,1,1,3,4,3,0,0,0,1
gen_02108,2,-6.572,ok,0,0,0,1,0,2,3,0,0,0,0
gen_02108,3,-6.503,ok,0,0,0,1,3,1,3,0,0,0,0
gen_02108,4,-6.474,ok,0,0,0,1,3,1,3,0,0,0,1
gen_02109,1,-6.524,ok,1,0,1,1,4,7,2,0,0,0,0
gen_02109,2,-6.451,ok,1,0,0,1,4,5,1,0,0,0,0
gen_02109,3,-6.448,ok,1,0,0,1,4,5,1,0,0,0,0
gen_02109,4,-6.447,ok,1,0,1,1,4,6,1,0,0,0,0
gen_02109,5,-6.444,ok,1,0,0,0,5,5,0,0,0,0,0
gen_02109,6,-6.434,ok,1,0,1,1,4,6,2,0,0,0,0
gen_02110,1,-8.228,ok,1,0,1,1,4,5,2,1,0,0,0
gen_02110,2,-8.183,ok,1,0,1,1,4,7,3,1,0,0,0
gen_02111,1,-7.018,ok,1,0,1,0,4,6,3,1,0,0,0
gen_02111,2,-6.762,ok,1,0,1,1,5,3,5,0,0,0,0
gen_02111,3,-6.76,ok,1,0,1,0,4,5,3,1,0,0,0
gen_02111,4,-6.72,ok,1,0,1,1,5,3,5,0,0,0,0
gen_02111,5,-6.508,ok,1,0,0,1,4,0,3,0,0,0,0
gen_02112,1,-7.37,ok,1,0,0,1,4,6,4,0,0,0,0
gen_02112,2,-7.364,ok,1,0,0,1,4,7,4,0,0,0,0
gen_02112,3,-7.33,ok,1,0,0,1,4,6,3,0,0,0,0
gen_02113,1,-7.257,ok,1,0,1,1,4,5,2,1,0,0,0
gen_02113,2,-7.246,ok,1,0,1,1,4,5,1,1,0,0,0
gen_02113,3,-7.224,ok,1,0,1,1,4,5,3,1,0,0,0
gen_02113,4,-7.183,ok,1,0,1,0,4,5,1,1,0,0,0
gen_02114,1,-8.086,ok,1,0,1,1,4,7,5,0,0,0,0
gen_02115,1,-6.973,ok,0,0,1,0,3,6,3,0,0,0,1
gen_02115,2,-6.918,ok,0,0,0,0,3,6,1,0,0,0,1
gen_02115,3,-6.904,ok,0,0,0,0,3,6,1,0,0,0,1
gen_02115,4,-6.89,ok,1,0,1,0,4,6,3,0,0,0,1
gen_02115,5,-6.868,ok,0,0,1,0,3,5,3,0,0,0,0
gen_02115,6,-6.777,ok,1,0,0,1,4,6,5,0,0,0,0
gen_02115,7,-6.634,ok,1,0,0,1,4,7,3,0,0,0,0
gen_02115,8,-6.466,ok,1,0,0,1,4,5,5,0,0,0,0
gen_02115,9,-6.463,ok,1,0,0,1,4,4,3,0,0,0,0
gen_02115,10,-6.348,ok,1,0,1,1,4,5,2,1,0,0,0
gen_02115,11,-6.277,ok,1,0,1,1,4,0,3,0,0,0,0
gen_02116,1,-8.178,ok,0,0,0,1,3,7,5,0,0,0,0
gen_02116,2,-8.155,ok,0,0,0,1,3,7,4,0,0,0,0
gen_02116,3,-8.076,ok,0,0,0,1,3,6,5,0,0,0,0
gen_02116,4,-8.063,ok,0,0,0,1,3,6,5,0,0,0,0
gen_02117,1,-7.202,ok,1,0,0,1,4,2,3,0,0,0,0
gen_02117,2,-7.197,ok,1,0,0,1,4,2,3,0,0,0,0
gen_02117,3,-7.184,ok,1,0,1,1,4,2,4,0,0,0,0
gen_02117,4,-7.174,ok,1,0,1,1,4,2,4,0,0,0,0
gen_02118,1,-7.322,ok,1,0,0,1,4,5,2,0,0,0,0
gen_02118,2,-7.294,ok,1,0,0,1,4,6,2,1,0,0,0
gen_02118,3,-7.272,ok,1,0,0,1,4,6,2,1,0,0,0
gen_02118,4,-7.265,ok,1,0,0,1,4,5,2,0,0,0,0
gen_02118,5,-7.213,ok,1,0,0,1,4,6,2,0,0,0,0
gen_02118,6,-7.208,ok,1,0,0,1,4,6,2,1,0,0,0
gen_02118,7,-7.207,ok,1,0,0,1,4,5,2,1,0,0,0
gen_02118,8,-7.188,ok,1,0,0,1,4,5,2,1,0,0,0
gen_02118,9,-7.169,ok,1,0,0,1,4,4,2,0,0,0,0
gen_02118,10,-7.095,ok,1,0,0,1,4,5,2,0,0,0,0
gen_02119,1,-7.663,ok,1,0,0,1,4,5,3,0,0,0,0
gen_02119,2,-7.656,ok,1,0,0,1,4,5,3,0,0,0,0
gen_02120,1,-7.558,ok,0,0,0,1,3,5,2,1,0,0,1
gen_02120,2,-7.515,ok,0,0,0,1,3,5,2,1,0,0,1
gen_02120,3,-7.356,ok,0,0,1,0,3,4,2,1,0,0,1
gen_02120,4,-7.354,ok,0,0,1,0,3,4,2,1,0,0,1
gen_02120,5,-7.174,ok,0,0,1,1,0,2,4,0,0,0,1
gen_02121,1,-7.11,ok,1,0,0,0,4,6,0,0,1,0,2
gen_02121,2,-7.107,ok,1,0,0,0,4,6,0,0,1,0,2
gen_02121,3,-7.085,ok,1,0,0,0,4,6,0,0,1,0,2
gen_02122,1,-8.376,ok,1,0,0,1,4,4,1,0,0,0,0
gen_02122,2,-8.359,ok,1,0,0,1,4,4,1,0,0,0,0
gen_02122,3,-8.312,ok,0,0,0,1,3,3,1,0,0,0,0
gen_02122,4,-8.29,ok,0,0,0,1,3,3,1,0,0,0,0
gen_02123,1,-8.231,ok,0,0,0,1,3,6,3,0,1,0,0
gen_02124,1,-152.862,ok,0,0,0,0,0,0,0,0,0,0,0
gen_02125,1,-7.299,ok,1,0,1,1,5,4,3,0,0,0,0
gen_02125,2,-7.296,ok,1,0,1,1,5,4,1,0,0,0,0
gen_02125,3,-7.228,ok,1,0,1,1,5,4,3,0,0,0,0
gen_02125,4,-7.227,ok,1,0,0,1,4,4,3,0,0,0,0
gen_02125,5,-7.227,ok,1,0,1,1,5,4,2,0,0,0,0
gen_02125,6,-7.138,ok,1,0,1,1,5,4,2,0,0,0,0
gen_02125,7,-7.13,ok,1,0,0,1,4,4,3,0,0,0,0
gen_02125,8,-7.12,ok,1,0,1,1,5,5,3,0,0,0,0
gen_02125,9,-7.118,ok,1,0,1,1,5,4,2,0,0,0,0
gen_02125,10,-7.114,ok,1,0,0,1,5,3,4,0,0,0,0
gen_02125,11,-7.017,ok,1,0,0,1,5,4,2,0,0,0,0
gen_02125,12,-6.676,ok,0,0,0,1,3,3,3,0,1,0,0
gen_02125,13,-6.637,ok,0,0,0,1,3,4,3,0,1,0,0
gen_02126,1,-7.894,ok,1,0,1,0,4,6,4,1,0,0,0
gen_02126,2,-7.831,ok,1,0,1,0,4,5,4,1,0,0,0
gen_02126,3,-7.737,ok,1,0,1,0,4,6,3,1,0,0,0
gen_02126,4,-7.73,ok,1,0,1,0,4,6,3,1,0,0,0
gen_02126,5,-7.684,ok,1,0,1,0,4,6,4,1,0,0,0
gen_02126,6,-7.576,ok,1,0,1,0,4,5,4,1,0,0,0
gen_02126,7,-7.443,ok,1,0,1,0,4,5,3,1,0,0,0
gen_02126,8,-7.406,ok,1,0,1,0,4,5,3,1,0,0,0
gen_02126,9,-7.356,ok,1,0,1,0,4,6,2,1,0,0,1
gen_02127,1,-7.629,ok,1,0,1,1,5,6,5,0,0,0,0
gen_02127,2,-7.627,ok,1,0,1,1,4,9,6,0,0,0,0
gen_02127,3,-7.522,ok,1,0,1,1,4,9,5,0,0,0,0
gen_02127,4,-7.497,ok,1,0,1,1,4,8,5,0,0,0,0
gen_02127,5,-7.496,ok,1,0,1,1,4,9,6,0,0,0,0
gen_02127,6,-7.491,ok,1,0,1,1,4,8,5,0,0,0,0
gen_02127,7,-7.483,ok,1,0,1,1,5,6,5,0,0,0,0
gen_02127,8,-7.476,ok,1,0,1,1,4,9,6,0,0,0,0
gen_02127,9,-7.472,ok,1,0,1,1,4,8,6,0,0,0,0
gen_02127,10,-7.44,ok,1,0,1,1,4,9,7,0,0,0,0
gen_02127,11,-7.224,ok,1,0,0,1,4,6,5,0,0,0,0
gen_02127,12,-7.177,ok,1,0,1,1,4,8,5,0,0,0,0
gen_02128,1,-7.045,ok,1,0,1,1,4,5,2,0,0,0,0
gen_02128,2,-7.014,ok,1,0,1,1,4,2,2,0,0,0,0
gen_02128,3,-7.004,ok,1,0,1,1,4,2,2,0,0,0,0
gen_02128,4,-6.976,ok,1,0,1,1,4,1,3,0,0,0,0
gen_02128,5,-6.973,ok,1,0,1,1,4,1,4,1,0,0,0
gen_02129,1,-7.342,ok,0,0,0,1,3,4,3,0,0,0,0
gen_02129,2,-7.328,ok,0,0,0,1,3,3,3,0,0,0,0
gen_02129,3,-7.195,ok,0,0,0,1,3,4,3,0,0,0,0
gen_02129,4,-7.028,ok,0,0,0,0,3,4,2,0,0,0,0
gen_02129,5,-6.786,ok,0,0,0,0,3,3,2,0,0,0,0
gen_02130,1,-8.015,ok,1,0,0,1,4,8,5,0,0,0,0
gen_02130,2,-7.997,ok,1,0,0,1,4,9,5,0,0,0,0
gen_02130,3,-7.923,ok,1,1,1,1,4,7,3,0,0,0,0
gen_02130,4,-7.854,ok,1,1,1,1,4,8,3,0,0,0,0
gen_02131,1,-7.669,ok,1,0,1,1,4,5,8,0,0,0,0
gen_02131,2,-7.62,ok,1,0,1,1,4,5,8,0,0,0,0
gen_02131,3,-7.614,ok,1,0,1,1,4,5,8,0,0,0,0
gen_02131,4,-7.455,ok,1,0,0,1,4,5,4,1,0,0,0
gen_02131,5,-7.444,ok,1,0,0,1,4,5,5,0,0,0,0
gen_02131,6,-7.423,ok,1,0,0,1,4,5,5,0,0,0,0
gen_02131,7,-7.402,ok,1,0,0,1,4,5,5,0,0,0,0
gen_02131,8,-7.393,ok,1,0,0,1,4,5,5,0,0,0,0
gen_02131,9,-7.364,ok,1,0,0,1,4,5,5,0,0,0,0
gen_02131,10,-7.345,ok,1,0,0,1,4,6,3,0,0,0,0
gen_02132,1,-6.843,ok,1,0,0,1,5,4,4,0,0,0,0
gen_02132,2,-6.804,ok,1,0,1,0,4,6,1,0,0,0,0
gen_02132,3,-6.804,ok,1,0,1,0,4,6,1,0,0,0,0
gen_02132,4,-6.8,ok,1,0,0,1,5,4,5,0,0,0,0
gen_02132,5,-6.772,ok,1,0,0,1,5,4,4,0,0,0,0
gen_02133,1,-7.516,ok,1,0,1,0,4,1,3,1,0,0,0
gen_02133,2,-7.511,ok,1,0,0,1,4,5,3,1,0,0,0
gen_02133,3,-7.484,ok,1,0,1,0,4,0,3,1,0,0,0
gen_02133,4,-7.481,ok,1,0,1,0,4,1,3,1,0,0,0
gen_02133,5,-7.366,ok,1,0,0,1,4,6,2,0,0,0,0
gen_02133,6,-7.346,ok,1,0,1,0,4,5,2,0,0,0,0
gen_02134,1,-7.704,ok,0,0,0,1,0,0,3,0,1,0,2
gen_02134,2,-7.682,ok,0,0,0,1,0,0,3,0,0,0,2
gen_02134,3,-7.667,ok,0,0,0,1,0,0,3,0,0,0,2
gen_02134,4,-7.66,ok,0,0,0,1,0,0,3,0,0,0,1
gen_02134,5,-7.655,ok,0,0,0,1,0,0,3,0,0,0,2
gen_02134,6,-7.655,ok,0,0,0,1,3,0,3,0,0,0,1
gen_02134,7,-7.652,ok,0,0,0,1,3,0,3,0,0,0,0
gen_02134,8,-7.639,ok,0,0,0,1,0,0,3,0,0,0,2
gen_02134,9,-7.621,ok,0,0,0,1,0,0,3,0,0,0,2
gen_02134,10,-7.343,ok,0,0,0,1,3,6,3,0,0,0,0
gen_02134,11,-7.329,ok,0,0,0,1,3,6,3,0,0,0,0
gen_02134,12,-7.298,ok,0,0,0,1,3,5,3,0,0,0,0
gen_02135,1,-7.252,ok,1,0,1,1,4,4,2,0,0,0,0
gen_02135,2,-7.245,ok,1,0,1,1,4,4,2,0,0,0,0
gen_02136,1,-7.166,ok,1,0,1,0,4,7,3,1,0,0,0
gen_02136,2,-7.106,ok,1,0,1,0,4,5,1,1,0,0,0
gen_02136,3,-7.095,ok,1,0,1,0,4,5,1,1,0,0,0
gen_02136,4,-7.092,ok,1,0,1,0,4,1,2,0,0,0,0
gen_02136,5,-7.072,ok,1,0,1,0,4,7,3,1,0,0,0
gen_02136,6,-7.046,ok,1,0,1,0,4,2,2,0,0,0,0
gen_02137,1,-8.12,ok,1,0,1,1,4,8,6,0,0,0,0
gen_02137,2,-8.101,ok,1,0,1,1,4,8,6,0,0,0,0
gen_02137,3,-8.084,ok,1,0,1,1,4,8,5,0,0,0,0
gen_02137,4,-8.077,ok,1,0,1,1,4,8,5,0,0,0,0
gen_02137,5,-8.061,ok,1,0,1,1,4,9,6,0,0,0,0
gen_02137,6,-8.049,ok,1,0,1,1,4,8,7,0,0,0,0
gen_02138,1,-7.251,ok,1,0,1,1,4,4,2,1,0,0,0
gen_02139,1,-7.352,ok,0,0,1,1,0,1,5,0,1,0,0
gen_02139,2,-7.273,ok,0,0,1,1,0,3,4,0,0,0,0
gen_02139,3,-7.248,ok,0,0,1,1,0,4,4,0,0,0,0
gen_02139,4,-7.248,ok,0,0,0,1,0,2,4,0,0,0,0
gen_02139,5,-7.241,ok,0,0,1,1,0,4,4,0,0,0,0
gen_02139,6,-7.22,ok,0,0,1,1,0,4,4,0,0,0,0
gen_02139,7,-7.21,ok,0,0,1,1,0,4,4,0,0,0,0
gen_02140,1,-6.343,ok,0,0,1,1,3,5,3,0,0,0,0
gen_02140,2,-6.33,ok,0,0,1,1,3,5,3,0,0,0,0
gen_02141,1,-7.104,ok,1,0,0,1,4,5,1,0,0,0,0
gen_02142,1,-7.581,ok,1,0,1,0,4,6,0,1,0,0,0
gen_02143,1,-7.092,ok,1,0,0,1,4,3,1,0,0,0,0
gen_02143,2,-7.045,ok,1,0,0,1,4,3,1,0,0,0,0
gen_02143,3,-6.992,ok,1,0,0,1,4,3,2,0,0,0,1
gen_02144,1,-7.561,ok,1,0,1,1,4,5,3,2,0,0,0
gen_02144,2,-7.548,ok,1,0,1,0,4,6,2,0,0,0,0
gen_02144,3,-7.537,ok,0,0,1,1,3,4,2,0,0,0,0
gen_02144,4,-7.473,ok,1,0,1,0,4,7,1,0,0,0,0
gen_02144,5,-7.427,ok,0,0,1,1,3,0,3,0,0,0,0
gen_02144,6,-7.36,ok,1,0,1,0,4,7,1,0,0,0,0
gen_02144,7,-7.318,ok,1,0,1,0,4,6,1,0,0,0,0
gen_02145,1,-7.091,ok,1,0,0,1,4,3,3,0,0,0,0
gen_02145,2,-6.934,ok,1,0,0,1,4,3,3,0,0,0,0
gen_02145,3,-6.717,ok,0,0,0,1,3,3,2,0,0,0,0
gen_02146,1,-7.758,ok,1,0,1,1,5,4,4,0,0,0,0
gen_02146,2,-7.684,ok,1,0,1,1,5,4,4,0,0,0,0
gen_02146,3,-7.614,ok,1,0,1,1,4,5,5,0,0,0,0
gen_02146,4,-7.588,ok,0,0,0,1,3,6,4,0,0,0,0
gen_02146,5,-7.566,ok,0,0,0,1,3,6,3,0,0,0,0
gen_02146,6,-7.449,ok,1,0,0,0,4,4,3,0,0,0,0
gen_02146,7,-7.445,ok,1,0,1,1,4,5,5,0,0,0,0
gen_02147,1,-7.328,ok,1,0,1,1,4,6,6,0,0,0,0
gen_02147,2,-7.327,ok,1,0,1,1,4,6,6,0,0,0,0
gen_02147,3,-7.314,ok,1,0,1,1,4,6,6,0,0,0,0
gen_02147,4,-7.313,ok,1,0,1,1,4,3,7,0,0,0,0
gen_02147,5,-7.278,ok,1,0,1,1,4,3,6,0,0,0,0
gen_02147,6,-7.265,ok,1,0,1,1,5,3,7,0,0,0,0
gen_02147,7,-7.221,ok,1,0,1,1,5,3,6,0,0,0,0
gen_02147,8,-7.087,ok,1,0,1,0,4,6,2,1,0,0,0
gen_02147,9,-7.084,ok,1,0,1,0,4,6,1,1,0,0,0
gen_02147,10,-7.011,ok,1,0,1,0,4,6,1,1,0,0,0
gen_02148,1,-7.334,ok,1,0,1,1,4,5,2,0,0,0,0
gen_02148,2,-7.334,ok,1,0,1,1,4,6,2,0,0,0,0
gen_02148,3,-7.286,ok,1,0,0,1,4,6,1,1,0,0,0
gen_02148,4,-7.209,ok,1,0,1,1,4,8,1,0,0,0,0
gen_02148,5,-7.197,ok,1,0,0,1,4,6,1,1,0,0,0
gen_02148,6,-7.173,ok,1,0,0,1,4,6,1,1,0,0,0
gen_02148,7,-6.761,ok,0,0,0,1,0,3,2,0,0,0,0
gen_02149,1,-7.091,ok,1,0,0,1,4,5,3,0,0,0,0
gen_02149,2,-7.069,ok,1,0,0,1,4,5,3,0,0,0,0
gen_02149,3,-7.066,ok,1,0,0,1,4,6,3,0,0,0,0
gen_02150,1,-7.211,ok,1,0,0,1,4,6,2,1,0,0,0
gen_02150,2,-7.209,ok,1,0,0,0,4,7,1,1,0,0,0
gen_02150,3,-7.189,ok,1,0,0,1,4,6,2,1,0,0,0
gen_02150,4,-7.178,ok,1,0,0,1,5,3,4,0,0,0,0
gen_02150,5,-7.143,ok,1,0,0,1,4,6,2,1,0,0,0
gen_02150,6,-7.138,ok,1,0,0,1,5,3,3,0,0,0,0
gen_02150,7,-7.137,ok,1,0,0,1,4,6,2,1,0,0,0
gen_02150,8,-7.116,ok,1,0,0,1,4,6,4,1,0,0,0
gen_02150,9,-7.071,ok,1,0,1,1,4,7,5,0,0,0,0
gen_02150,10,-7.042,ok,1,0,0,1,5,3,4,0,0,0,0
gen_02150,11,-6.972,ok,1,0,0,1,5,3,3,0,0,0,0
gen_02151,1,-7.687,ok,0,0,1,1,3,3,4,0,0,0,0
gen_02151,2,-7.611,ok,0,0,1,1,3,3,4,0,0,0,0
gen_02152,1,-6.953,ok,1,0,0,1,4,4,1,0,0,0,0
gen_02152,2,-6.935,ok,1,0,0,1,4,4,1,0,0,0,0
gen_02153,1,-7.624,ok,1,0,1,0,4,6,0,2,0,0,0
gen_02153,2,-7.586,ok,1,0,1,0,4,5,0,2,0,0,0
gen_02153,3,-7.572,ok,1,0,1,0,4,5,0,2,0,0,0
gen_02154,1,-7.413,ok,0,0,1,1,3,1,2,1,0,0,0
gen_02154,2,-7.397,ok,0,0,1,1,3,1,2,1,0,0,0
gen_02154,3,-7.39,ok,0,0,1,1,3,1,2,1,0,0,0
gen_02154,4,-7.385,ok,0,0,1,1,3,1,2,1,0,0,0
gen_02154,5,-7.274,ok,0,0,1,1,3,1,2,1,0,0,0
gen_02155,1,-7.25,ok,0,0,1,1,3,7,3,1,0,0,0
gen_02155,2,-7.195,ok,1,0,1,1,4,8,4,0,0,0,0
gen_02155,3,-7.166,ok,0,0,1,1,3,6,2,1,0,0,0
gen_02155,4,-7.153,ok,0,0,1,1,3,6,2,1,0,0,0
gen_02155,5,-7.137,ok,0,0,1,1,3,7,2,1,0,0,0
gen_02155,6,-7.136,ok,0,0,1,1,3,7,3,1,0,0,0
gen_02155,7,-7.062,ok,0,0,1,1,3,6,2,1,0,0,0
gen_02156,1,-7.106,ok,1,0,0,1,4,5,4,0,0,0,0
gen_02157,1,-7.449,ok,0,0,1,1,3,8,3,0,0,0,0
gen_02157,2,-7.431,ok,0,0,1,1,3,7,2,1,0,0,0
gen_02157,3,-7.416,ok,0,0,0,1,3,7,3,0,0,0,0
gen_02158,1,-8.12,ok,1,0,0,1,4,7,4,0,1,0,1
gen_02159,1,-6.998,ok,1,0,1,1,4,7,3,0,0,0,1
gen_02159,2,-6.943,ok,1,0,1,1,4,7,3,0,0,0,1
gen_02159,3,-6.921,ok,1,0,1,1,4,7,3,0,0,0,1
gen_02160,1,-7.31,ok,0,0,1,0,3,4,1,1,0,0,0
gen_02161,1,-7.64,ok,1,0,0,1,5,5,2,0,1,0,0
gen_02161,2,-7.614,ok,1,0,0,1,5,6,2,0,1,0,0
gen_02162,1,-6.909,ok,1,0,0,1,4,5,3,0,0,0,0
gen_02163,1,-8.772,ok,1,0,1,0,4,4,5,1,0,0,2
gen_02163,2,-8.504,ok,1,0,0,1,4,6,2,0,0,0,0
gen_02163,3,-8.47,ok,1,0,0,1,4,5,3,0,0,0,0
gen_02163,4,-8.451,ok,1,0,0,1,4,6,3,1,0,0,0
gen_02163,5,-8.443,ok,1,0,0,1,4,6,4,1,0,0,0
gen_02163,6,-8.425,ok,1,0,1,1,4,6,4,1,0,0,0
gen_02163,7,-8.404,ok,1,0,0,1,4,6,2,1,0,0,1
gen_02164,1,-7.443,ok,1,1,1,1,4,6,3,0,0,0,1
gen_02164,2,-7.436,ok,1,1,1,1,4,6,3,0,0,0,1
gen_02164,3,-7.43,ok,1,0,1,1,4,5,3,0,0,0,1
gen_02164,4,-7.341,ok,1,0,0,1,4,6,2,0,0,0,1
gen_02164,5,-7.327,ok,1,0,0,1,4,6,3,0,0,0,1
gen_02164,6,-7.318,ok,1,0,0,1,4,6,2,0,0,0,1
gen_02164,7,-7.315,ok,1,0,0,1,4,5,2,0,0,0,1
gen_02164,8,-7.313,ok,1,0,0,1,4,5,2,0,0,0,1
gen_02164,9,-7.312,ok,1,0,0,1,4,5,2,0,0,0,1
gen_02165,1,-7.289,ok,1,0,1,1,5,4,4,0,0,0,0
gen_02165,2,-7.203,ok,1,0,1,1,4,3,4,0,0,0,0
gen_02165,3,-7.167,ok,1,0,1,1,5,3,4,0,0,0,0
gen_02165,4,-7.054,ok,1,0,0,1,5,3,2,0,0,0,0
gen_02166,1,-7.086,ok,1,0,0,1,4,5,1,0,0,0,0
gen_02166,2,-7.036,ok,1,0,0,1,4,5,2,0,0,0,0
gen_02166,3,-7.027,ok,1,0,1,1,5,4,3,0,0,0,0
gen_02166,4,-7.012,ok,1,0,1,1,5,4,3,0,0,0,0
gen_02166,5,-6.995,ok,1,0,0,1,4,6,1,0,0,0,0
gen_02166,6,-6.993,ok,1,0,0,1,4,6,1,0,0,0,0
gen_02166,7,-6.985,ok,1,0,0,1,4,7,2,0,0,0,0
gen_02166,8,-6.96,ok,1,0,0,1,4,5,2,0,0,0,0
gen_02167,1,-7.079,ok,1,0,1,1,5,4,4,0,0,0,0
gen_02168,1,-7.705,ok,1,0,0,1,4,3,4,0,0,0,1
gen_02168,2,-7.599,ok,1,0,0,1,4,4,4,0,0,0,1
gen_02168,3,-7.579,ok,1,0,0,1,4,3,3,0,0,0,0
gen_02168,4,-7.484,ok,1,0,0,1,4,3,3,0,0,0,1
gen_02168,5,-7.407,ok,1,0,1,0,4,5,2,1,0,0,0
gen_02168,6,-7.324,ok,1,0,0,1,4,2,1,1,0,0,0
gen_02168,7,-6.946,ok,1,0,0,1,4,5,2,0,0,0,0
gen_02169,1,-8.685,ok,1,0,1,1,4,8,3,0,0,0,1
gen_02169,2,-8.65,ok,1,0,1,1,4,7,3,0,0,0,1
gen_02169,3,-8.632,ok,1,0,1,1,4,8,4,0,0,0,0
gen_02170,1,-8.403,ok,1,0,1,1,4,5,4,0,0,0,0
gen_02170,2,-8.39,ok,1,0,1,1,4,5,4,0,0,0,0
gen_02170,3,-8.324,ok,1,0,1,1,4,5,4,0,0,0,0
gen_02170,4,-8.308,ok,1,0,1,1,4,6,4,0,0,0,0
gen_02170,5,-8.276,ok,1,0,1,1,4,5,3,0,0,0,0
gen_02170,6,-8.068,ok,1,0,0,1,4,7,2,0,0,0,0
gen_02171,1,-7.105,ok,0,0,0,1,3,6,3,0,0,0,0
gen_02172,1,-7.629,ok,0,0,0,1,3,0,3,0,0,0,0
gen_02172,2,-7.623,ok,0,0,0,1,3,0,3,0,0,0,0
gen_02172,3,-7.606,ok,1,0,0,1,5,3,2,0,0,0,0
gen_02172,4,-7.529,ok,1,0,0,1,5,3,2,0,0,0,0
gen_02173,1,-7.254,ok,1,0,1,0,4,6,0,1,0,0,0
gen_02173,2,-7.089,ok,1,0,1,0,4,6,0,1,0,0,0
gen_02174,1,-7.537,ok,0,0,0,1,3,3,4,0,0,0,0
gen_02174,2,-7.529,ok,0,0,0,1,3,3,4,0,0,0,0
gen_02174,3,-7.478,ok,0,0,0,1,0,3,4,0,0,0,0
gen_02174,4,-7.444,ok,0,0,0,1,0,3,4,0,0,0,0
gen_02175,1,-7.212,ok,0,0,0,1,3,3,3,0,0,0,0
gen_02176,1,-7.125,ok,1,0,0,0,4,6,2,0,0,0,0
gen_02176,2,-7.098,ok,1,0,0,0,4,6,2,0,0,0,0
gen_02176,3,-7.056,ok,0,0,0,1,3,5,3,0,0,0,0
gen_02176,4,-6.958,ok,0,0,0,1,3,5,2,0,0,0,0
gen_02177,1,-7.239,ok,1,0,0,1,4,6,2,2,0,0,0
gen_02177,2,-7.117,ok,1,0,0,1,4,5,2,2,0,0,0
gen_02178,1,-8.055,ok,1,0,0,1,4,6,4,0,0,0,0
gen_02178,2,-8.049,ok,1,0,0,1,4,5,4,0,0,0,0
gen_02179,1,-8.991,ok,1,0,0,1,4,9,5,1,0,0,0
gen_02179,2,-8.977,ok,1,0,0,1,4,8,3,1,0,0,0
gen_02179,3,-8.945,ok,1,0,0,1,4,8,3,1,0,0,0
gen_02180,1,-7.474,ok,1,0,1,0,4,3,4,1,0,0,0
gen_02180,2,-7.456,ok,1,0,1,0,4,2,4,1,0,0,0
gen_02180,3,-6.59,ok,1,0,0,1,4,6,4,0,0,0,0
gen_02181,1,-7.291,ok,1,0,1,1,4,8,2,1,0,0,0
gen_02181,2,-7.266,ok,1,0,1,1,4,8,2,1,0,0,0
gen_02181,3,-7.24,ok,1,0,1,0,4,7,0,0,0,0,0
gen_02181,4,-7.196,ok,1,0,1,0,4,7,0,0,0,0,0
gen_02182,1,-7.603,ok,1,0,0,1,4,5,1,0,0,0,1
gen_02182,2,-7.583,ok,1,0,0,1,4,5,1,0,0,0,1
gen_02182,3,-7.557,ok,1,0,0,1,4,5,1,0,0,0,1
gen_02183,1,-7.751,ok,1,0,0,1,5,3,4,0,0,0,0
gen_02183,2,-7.658,ok,1,0,0,1,4,0,5,0,0,0,0
gen_02184,1,-7.191,ok,0,0,0,1,0,7,3,0,0,0,0
gen_02184,2,-7.166,ok,0,0,0,1,0,7,3,0,0,0,0
gen_02184,3,-7.132,ok,0,0,0,1,3,6,3,0,0,0,0
gen_02185,1,-6.732,ok,1,0,0,1,5,4,4,0,0,0,0
gen_02185,2,-6.723,ok,0,0,0,1,3,6,4,0,0,0,0
gen_02185,3,-6.673,ok,1,0,0,1,4,1,4,0,0,0,0
gen_02185,4,-6.647,ok,1,0,0,1,4,1,4,0,0,0,0
gen_02185,5,-6.587,ok,0,0,0,1,0,2,4,0,1,0,0
gen_02185,6,-6.549,ok,0,0,0,1,0,2,1,0,1,0,0
gen_02186,1,-7.73,ok,0,0,1,1,3,8,3,1,0,0,0
gen_02186,2,-7.715,ok,0,0,1,0,3,6,3,0,0,0,0
gen_02186,3,-7.701,ok,0,0,1,0,3,6,3,0,0,0,0
gen_02186,4,-7.697,ok,1,0,1,0,4,6,3,0,0,0,0
gen_02186,5,-7.662,ok,0,0,1,0,3,6,3,0,0,0,0
gen_02186,6,-7.657,ok,0,0,1,1,3,8,5,1,0,0,0
gen_02186,7,-7.644,ok,0,0,1,1,3,8,4,1,0,0,0
gen_02186,8,-7.64,ok,0,0,1,0,3,6,2,0,0,0,0
gen_02186,9,-7.602,ok,0,0,1,0,3,7,3,0,0,0,0
gen_02186,10,-7.601,ok,0,0,1,0,3,7,3,0,0,0,0
gen_02186,11,-7.563,ok,0,0,1,0,3,7,3,0,0,0,0
gen_02186,12,-7.497,ok,1,0,1,0,4,6,2,0,0,0,0
gen_02187,1,-8.308,ok,1,0,1,0,4,5,2,2,0,0,0
gen_02187,2,-8.292,ok,1,0,1,0,4,5,2,2,0,0,0
gen_02187,3,-8.269,ok,1,0,1,0,4,5,2,1,0,0,0
gen_02187,4,-8.246,ok,1,0,1,1,4,5,4,1,0,0,0
gen_02187,5,-8.246,ok,1,0,1,1,4,5,4,1,0,0,0
gen_02187,6,-8.238,ok,1,0,1,0,4,5,2,2,0,0,0
gen_02188,1,-7.612,ok,1,0,0,1,4,7,3,1,0,0,0
gen_02188,2,-7.479,ok,1,0,0,1,4,8,5,1,0,0,0
gen_02188,3,-7.463,ok,1,0,0,1,4,6,4,0,0,0,0
gen_02188,4,-7.458,ok,1,0,1,0,4,6,3,0,0,0,0
gen_02188,5,-7.447,ok,1,0,0,1,4,8,3,0,0,0,0
gen_02188,6,-7.39,ok,1,0,0,1,4,5,4,0,0,0,0
gen_02188,7,-7.381,ok,1,0,0,1,4,7,3,0,0,0,0
gen_02188,8,-7.374,ok,1,0,0,0,4,6,2,0,0,0,0
gen_02189,1,-7.36,ok,1,1,0,1,4,7,2,1,0,0,0
gen_02190,1,-6.982,ok,0,0,0,1,3,5,2,0,0,0,0
gen_02190,2,-6.977,ok,0,0,1,1,3,5,3,0,0,0,0
gen_02190,3,-6.948,ok,0,0,0,1,3,6,2,0,0,0,0
gen_02191,1,-7.848,ok,1,0,1,1,4,6,4,0,0,0,0
gen_02191,2,-7.787,ok,1,0,1,1,4,7,4,0,0,0,0
gen_02192,1,-7.963,ok,0,0,0,1,3,5,3,0,0,0,0
gen_02192,2,-7.901,ok,0,0,0,1,3,5,3,0,0,0,0
gen_02192,3,-7.823,ok,1,0,1,0,4,6,3,0,0,0,1
gen_02192,4,-7.805,ok,1,0,0,1,4,6,1,0,0,0,0
gen_02192,5,-7.792,ok,1,0,0,1,4,6,1,0,0,0,0
gen_02193,1,-8.482,ok,1,0,0,1,4,6,3,1,0,0,0
gen_02193,2,-8.387,ok,1,0,1,1,4,5,3,1,0,0,0
gen_02194,1,-7.195,ok,1,0,1,1,5,4,2,0,1,0,0
gen_02194,2,-7.154,ok,1,0,1,1,5,4,2,0,1,0,0
gen_02194,3,-7.026,ok,1,0,1,1,5,4,2,0,1,0,0
gen_02195,1,-7.892,ok,1,0,1,1,4,7,2,0,0,0,0
gen_02196,1,-8.289,ok,1,1,1,1,4,7,6,0,0,0,0
gen_02196,2,-8.234,ok,1,1,1,1,4,7,6,0,0,0,0
gen_02197,1,-8.11,ok,1,0,1,1,5,3,3,0,0,0,2
gen_02197,2,-8.074,ok,1,0,0,1,5,3,2,0,0,0,2
gen_02197,3,-8.067,ok,1,0,1,1,5,3,3,0,0,0,2
gen_02197,4,-8.06,ok,1,0,0,1,5,3,2,0,0,0,2
gen_02197,5,-8.044,ok,1,0,0,1,5,3,2,0,0,0,0
gen_02197,6,-8.001,ok,1,0,1,1,5,3,3,0,0,0,2
gen_02197,7,-7.989,ok,1,0,1,1,5,3,3,0,0,0,2
gen_02197,8,-7.941,ok,1,0,1,1,5,4,4,0,0,0,0
gen_02197,9,-7.938,ok,1,0,0,1,5,3,4,0,0,0,2
gen_02197,10,-7.928,ok,1,0,1,1,5,4,5,0,0,0,0
gen_02198,1,-6.803,ok,1,0,0,1,4,5,2,0,0,0,0
gen_02198,2,-6.796,ok,1,0,0,1,4,6,1,0,0,0,0
gen_02198,3,-6.788,ok,1,0,0,1,4,5,2,0,0,0,0
gen_02198,4,-6.688,ok,1,0,0,1,4,6,2,0,0,0,0
gen_02198,5,-6.638,ok,1,0,0,1,4,5,5,0,0,0,0
gen_02198,6,-6.444,ok,1,0,0,1,4,4,5,0,0,0,0
gen_02198,7,-6.412,ok,1,0,1,0,4,6,0,1,0,0,0
gen_02198,8,-6.27,ok,1,0,0,1,4,5,3,0,0,0,0
gen_02198,9,-6.174,ok,0,0,1,1,0,1,3,0,1,0,0
gen_02199,1,-6.791,ok,1,0,0,1,4,6,2,0,0,0,0
gen_02199,2,-6.681,ok,1,0,0,0,4,6,0,0,0,0,0
gen_02200,1,-7.206,ok,1,0,1,0,4,5,0,1,0,0,0
gen_02200,2,-7.142,ok,1,0,1,0,4,6,0,1,0,0,0
gen_02201,1,-8.519,ok,1,0,1,1,4,3,3,0,0,0,0
gen_02201,2,-8.474,ok,1,0,1,1,4,4,4,0,0,0,0
gen_02201,3,-8.46,ok,1,0,1,1,4,3,3,0,0,0,0
gen_02201,4,-8.402,ok,1,0,1,1,4,3,5,0,0,0,0
gen_02201,5,-8.369,ok,1,0,1,1,4,3,5,0,0,0,0
gen_02201,6,-8.361,ok,1,0,0,1,4,3,4,0,0,0,0
gen_02201,7,-8.287,ok,1,0,1,1,4,3,4,0,0,0,0
gen_02202,1,-7.417,ok,1,0,0,1,4,5,1,0,0,0,0
gen_02203,1,-7.384,ok,1,0,0,1,4,5,3,0,0,0,0
gen_02203,2,-7.371,ok,1,0,0,1,4,5,3,0,0,0,0
gen_02203,3,-7.362,ok,1,0,0,1,4,6,3,0,0,0,0
gen_02203,4,-7.339,ok,1,0,0,1,4,6,3,0,0,0,0
gen_02204,1,-6.97,ok,0,0,0,0,3,5,1,0,0,0,1
gen_02204,2,-6.95,ok,1,0,0,1,4,5,2,0,0,0,0
gen_02204,3,-6.934,ok,0,0,0,0,3,5,1,0,0,0,1
gen_02205,1,-7.82,ok,1,0,1,1,4,5,4,0,0,0,0
gen_02205,2,-7.809,ok,1,0,0,1,4,6,2,0,0,0,0
gen_02205,3,-7.791,ok,1,0,0,1,4,6,2,0,0,0,0
gen_02205,4,-7.775,ok,1,0,0,1,4,6,2,0,0,0,0
gen_02205,5,-7.754,ok,1,0,1,1,4,5,2,1,0,0,0
gen_02205,6,-7.735,ok,1,0,0,1,4,5,3,0,0,0,0
gen_02205,7,-7.726,ok,1,0,0,1,4,5,2,0,0,0,0
gen_02205,8,-7.723,ok,1,0,0,1,4,5,2,0,0,0,0
gen_02205,9,-7.607,ok,1,0,0,1,4,6,5,0,0,0,0
gen_02206,1,-6.922,ok,1,0,0,1,4,6,3,0,0,0,0
gen_02206,2,-6.861,ok,1,0,1,1,4,6,3,0,0,0,0
gen_02207,1,-7.659,ok,1,0,0,1,4,6,4,0,0,0,0
gen_02207,2,-7.605,ok,1,0,0,1,4,6,3,0,0,0,0
gen_02207,3,-7.563,ok,1,0,0,1,4,6,4,0,0,0,0
gen_02207,4,-7.503,ok,1,0,0,1,4,5,4,0,0,0,0
gen_02208,1,-8.091,ok,1,0,0,1,4,3,3,1,0,0,0
gen_02208,2,-8.057,ok,1,0,0,1,4,3,3,1,0,0,0
gen_02208,3,-8.007,ok,0,0,0,1,3,4,3,1,0,0,0
gen_02209,1,-8.231,ok,1,0,1,1,4,3,3,1,0,0,0
gen_02209,2,-8.216,ok,1,0,1,1,4,3,3,1,0,0,0
gen_02209,3,-8.175,ok,1,0,1,1,4,3,2,1,0,0,0
gen_02209,4,-7.385,ok,1,0,1,1,4,5,6,0,0,0,0
gen_02210,1,-7.471,ok,1,0,0,1,5,6,1,1,0,0,0
gen_02210,2,-7.421,ok,1,0,0,1,5,6,1,1,0,0,0
gen_02210,3,-7.381,ok,1,0,0,0,4,4,1,1,0,0,0
gen_02210,4,-7.326,ok,1,0,0,1,5,5,1,1,0,0,0
gen_02210,5,-7.31,ok,1,0,1,0,4,8,2,0,0,0,0
gen_02210,6,-7.307,ok,1,0,0,1,5,5,1,1,0,0,0
gen_02210,7,-7.273,ok,1,0,0,1,5,7,1,1,0,0,0
gen_02210,8,-7.238,ok,1,0,1,0,4,8,3,0,0,0,0
gen_02210,9,-6.837,ok,1,1,1,1,4,5,4,0,0,0,0
gen_02211,1,-7.621,ok,1,0,1,1,4,7,2,0,0,0,0
gen_02212,1,-7.996,ok,0,0,0,1,3,5,3,0,0,0,0
gen_02212,2,-7.979,ok,1,0,0,1,4,5,2,0,0,0,0
gen_02212,3,-7.929,ok,1,0,0,1,4,5,3,0,0,0,0
gen_02213,1,-6.696,ok,1,0,1,1,4,5,2,0,0,0,0
gen_02213,2,-6.583,ok,1,0,0,1,4,6,1,0,0,0,0
gen_02214,1,-7.247,ok,1,0,1,1,5,6,3,2,0,0,0
gen_02214,2,-7.215,ok,1,0,1,1,5,6,3,2,0,0,0
gen_02214,3,-7.179,ok,1,0,1,1,5,6,1,2,0,0,0
gen_02214,4,-7.16,ok,1,0,1,1,4,8,3,2,0,0,0
gen_02214,5,-7.038,ok,1,0,0,1,4,6,1,0,0,0,0
gen_02214,6,-7.028,ok,1,0,1,1,4,6,2,0,0,0,0
gen_02214,7,-6.996,ok,1,0,0,0,4,5,0,1,0,0,0
gen_02215,1,-8.398,ok,0,0,0,1,3,1,5,0,0,0,0
gen_02215,2,-8.361,ok,0,0,0,1,3,1,3,0,0,0,0
gen_02216,1,-8.003,ok,1,0,0,1,4,6,3,0,0,0,1
gen_02217,1,-6.837,ok,1,0,0,1,4,6,3,0,0,0,0
gen_02218,1,-8.179,ok,1,0,1,1,4,6,4,0,0,0,1
gen_02218,2,-8.125,ok,1,0,1,1,4,6,4,0,0,0,1
gen_02218,3,-8.046,ok,1,0,1,1,4,5,4,0,0,0,1
gen_02218,4,-7.682,ok,1,0,1,1,4,3,4,0,0,0,1
gen_02219,1,-7.221,ok,0,0,0,1,3,7,4,0,0,0,0
gen_02219,2,-7.198,ok,0,0,1,1,3,6,3,0,0,0,0
gen_02219,3,-7.165,ok,0,0,0,1,3,7,4,0,0,0,0
gen_02219,4,-7.08,ok,0,0,0,1,0,4,2,0,0,0,0
gen_02220,1,-8.369,ok,1,0,0,1,4,2,3,0,0,0,0
gen_02220,2,-8.332,ok,1,0,0,1,4,2,4,0,0,0,0
gen_02221,1,-6.56,ok,1,0,1,0,4,5,2,0,0,0,0
gen_02222,1,-8.371,ok,0,0,1,1,3,8,4,0,0,0,0
gen_02222,2,-8.318,ok,0,0,1,1,3,7,4,0,0,0,0
gen_02222,3,-8.155,ok,0,0,0,1,3,3,3,0,1,0,0
gen_02222,4,-8.096,ok,0,0,0,1,3,4,4,0,1,0,0
gen_02223,1,-7.137,ok,1,0,0,1,4,6,1,1,0,0,0
gen_02224,1,-8.016,ok,1,0,0,1,4,7,1,1,2,0,1
gen_02224,2,-7.998,ok,1,0,0,1,4,7,1,1,2,0,1
gen_02224,3,-7.932,ok,1,0,0,1,4,6,1,1,2,0,1
gen_02225,1,-7.48,ok,1,0,1,1,4,5,5,0,0,0,0
gen_02225,2,-7.267,ok,1,0,0,1,4,6,2,0,0,0,0
gen_02226,1,-6.564,ok,1,0,0,1,4,6,2,0,0,0,0
gen_02226,2,-6.561,ok,1,0,0,0,4,6,1,0,0,0,0
gen_02226,3,-6.552,ok,1,0,0,1,4,6,2,0,0,0,0
gen_02226,4,-6.531,ok,1,0,0,1,4,6,3,0,0,0,0
gen_02226,5,-6.526,ok,1,0,1,0,4,6,1,0,0,0,0
gen_02226,6,-6.397,ok,0,0,0,0,3,5,1,1,1,0,0
gen_02227,1,-7.497,ok,1,0,1,1,4,7,4,0,0,0,0
gen_02227,2,-7.489,ok,1,0,1,1,4,7,4,0,0,0,0
gen_02227,3,-7.453,ok,1,0,1,1,4,6,4,0,0,0,0
gen_02227,4,-7.436,ok,1,0,1,1,4,6,4,0,0,0,0
gen_02227,5,-7.275,ok,1,0,1,1,4,7,3,0,0,0,0
gen_02228,1,-7.992,ok,1,0,0,1,4,8,1,0,0,0,0
gen_02228,2,-7.971,ok,1,0,0,1,4,8,3,0,0,0,0
gen_02228,3,-7.93,ok,1,0,0,1,4,7,2,0,0,0,0
gen_02229,1,-7.743,ok,1,0,0,1,5,6,2,0,0,0,0
gen_02229,2,-7.712,ok,1,0,0,1,5,6,2,0,0,0,0
gen_02230,1,-7.743,ok,1,0,0,1,4,6,4,0,1,0,0
gen_02230,2,-7.512,ok,1,0,1,1,4,2,5,0,0,0,0
gen_02230,3,-7.499,ok,1,0,1,1,4,3,6,0,0,0,0
gen_02230,4,-7.497,ok,1,0,1,1,4,3,5,0,0,0,0
gen_02230,5,-7.444,ok,1,0,1,1,4,3,5,0,0,0,0
gen_02231,1,-7.524,ok,1,0,1,0,4,5,2,0,0,0,0
gen_02232,1,-8.567,ok,1,0,1,1,5,6,3,0,0,0,0
gen_02232,2,-8.382,ok,0,0,0,1,3,2,3,0,0,0,0
gen_02232,3,-8.331,ok,0,0,0,1,3,2,3,0,0,0,0
gen_02232,4,-8.265,ok,1,0,0,1,4,5,1,0,0,0,0
gen_02232,5,-8.254,ok,0,0,0,1,3,3,2,0,0,0,0
gen_02232,6,-8.249,ok,1,0,1,1,4,6,1,0,0,0,0
gen_02233,1,-7.685,ok,1,0,1,1,4,6,1,0,0,0,1
gen_02234,1,-7.511,ok,1,0,1,1,4,5,5,0,0,0,0
gen_02234,2,-7.483,ok,1,0,1,1,4,5,3,1,0,0,0
gen_02235,1,-7.799,ok,1,0,1,0,4,6,2,1,0,0,0
gen_02235,2,-7.795,ok,1,0,1,0,4,6,2,1,0,0,0
gen_02235,3,-7.698,ok,1,0,1,0,4,6,2,1,0,0,0
gen_02235,4,-7.517,ok,1,0,1,0,4,6,2,1,0,0,0
gen_02236,1,-7.603,ok,1,0,0,1,5,6,2,0,0,0,0
gen_02236,2,-7.544,ok,1,0,0,1,4,6,2,0,0,0,0
gen_02236,3,-7.425,ok,1,0,1,1,4,5,6,0,0,0,0
gen_02236,4,-7.424,ok,1,0,1,1,4,6,6,0,0,0,0
gen_02237,1,-6.546,ok,1,0,0,1,4,5,1,0,0,0,0
gen_02237,2,-6.51,ok,1,0,0,1,4,5,1,0,0,0,0
gen_02237,3,-6.488,ok,1,0,0,1,4,6,2,0,0,0,0
gen_02237,4,-6.481,ok,1,0,0,1,4,6,2,0,0,0,0
gen_02237,5,-6.45,ok,1,0,0,1,4,6,1,0,0,0,0
gen_02238,1,-7.66,ok,0,0,1,1,3,0,4,0,0,0,0
gen_02238,2,-7.652,ok,0,0,1,1,3,0,4,0,0,0,0
gen_02238,3,-7.62,ok,0,0,1,1,3,0,4,0,0,0,0
gen_02239,1,-7.86,ok,1,0,1,1,4,7,4,0,0,0,0
gen_02239,2,-7.784,ok,1,0,1,1,4,7,4,0,0,0,0
gen_02239,3,-7.766,ok,1,0,1,1,4,6,4,0,0,0,0
gen_02239,4,-7.627,ok,1,0,0,1,4,6,3,1,0,0,0
gen_02239,5,-7.484,ok,1,0,0,1,4,6,4,0,0,0,0
gen_02239,6,-7.466,ok,0,0,0,1,3,3,3,0,1,0,0
gen_02239,7,-7.403,ok,1,0,0,1,4,7,4,0,0,0,0
gen_02240,1,-6.819,ok,0,1,0,0,3,7,0,0,0,0,0
gen_02240,2,-6.763,ok,0,0,0,1,0,3,3,0,0,0,0
gen_02240,3,-6.742,ok,0,0,0,0,3,6,0,0,0,0,0
gen_02240,4,-6.689,ok,0,0,0,1,3,3,2,0,0,0,0
gen_02241,1,-7.65,ok,1,1,1,1,4,6,3,1,0,0,0
gen_02241,2,-7.648,ok,1,1,1,1,4,6,2,1,0,0,0
gen_02241,3,-7.633,ok,1,1,1,1,4,6,3,1,0,0,0
gen_02241,4,-7.622,ok,1,1,1,1,4,7,2,1,0,0,0
gen_02242,1,-7.607,ok,1,0,1,1,4,4,3,0,0,0,1
gen_02242,2,-7.559,ok,0,0,1,1,0,2,3,0,0,0,2
gen_02242,3,-7.516,ok,0,0,1,1,0,2,3,0,0,0,2
gen_02243,1,-8.646,ok,1,0,0,1,4,4,2,0,0,0,0
gen_02243,2,-8.421,ok,0,0,0,1,0,4,2,0,0,0,0
gen_02243,3,-8.387,ok,1,0,0,1,4,4,3,0,0,0,0
gen_02244,1,-7.262,ok,1,0,0,1,4,7,2,1,0,0,0
gen_02245,1,-8.398,ok,1,0,1,1,4,1,1,1,0,0,2
gen_02245,2,-8.384,ok,1,0,1,1,4,1,1,1,0,0,2
gen_02246,1,-7.428,ok,1,0,0,1,4,3,4,0,0,0,0
gen_02246,2,-7.407,ok,1,0,0,1,5,3,4,0,0,0,0
gen_02246,3,-7.381,ok,1,0,0,1,5,3,3,0,0,0,0
gen_02246,4,-7.355,ok,1,0,0,1,5,3,3,0,0,0,0
gen_02247,1,-7.495,ok,0,0,1,1,3,8,2,0,0,0,0
gen_02247,2,-7.491,ok,1,0,1,1,4,8,2,0,0,0,0
gen_02247,3,-7.44,ok,0,0,1,1,3,8,2,0,0,0,0
gen_02247,4,-7.395,ok,1,0,1,1,4,7,2,0,0,0,0
gen_02247,5,-7.39,ok,1,0,0,1,4,8,1,0,0,0,0
gen_02247,6,-7.345,ok,1,0,1,1,4,7,2,0,0,0,0
gen_02247,7,-7.342,ok,1,0,1,1,4,8,2,0,0,0,0
gen_02247,8,-7.325,ok,1,0,0,1,4,8,1,0,0,0,0
gen_02247,9,-7.321,ok,1,0,1,1,4,7,2,0,0,0,0
gen_02248,1,-7.544,ok,1,0,1,1,4,5,3,0,0,0,1
gen_02248,2,-7.543,ok,1,0,1,1,4,5,3,0,0,0,1
gen_02248,3,-7.539,ok,1,0,1,1,4,5,3,0,0,0,1
gen_02248,4,-7.391,ok,1,0,0,1,4,5,2,0,0,0,1
gen_02248,5,-7.379,ok,1,0,0,1,4,5,2,0,0,0,1
gen_02248,6,-7.364,ok,1,0,0,1,4,5,2,0,0,0,1
gen_02249,1,-8.331,ok,1,0,1,1,4,6,4,0,0,0,0
gen_02249,2,-8.298,ok,1,0,1,1,4,6,5,0,0,0,0
gen_02249,3,-8.298,ok,1,0,1,1,4,7,5,0,0,0,0
gen_02249,4,-8.239,ok,1,0,1,1,4,7,5,0,0,0,0
gen_02250,1,-9.321,ok,1,0,0,1,4,6,2,2,0,0,1
gen_02250,2,-9.321,ok,1,0,0,1,4,6,2,2,0,0,1
gen_02250,3,-9.304,ok,1,0,0,1,4,6,2,2,0,0,1
gen_02251,1,-6.911,ok,1,0,1,0,4,4,4,2,0,0,0
gen_02251,2,-6.904,ok,1,0,1,0,4,4,4,1,0,0,0
gen_02251,3,-6.895,ok,1,0,1,0,4,4,3,1,0,0,0
gen_02251,4,-6.853,ok,1,0,1,0,4,4,3,1,0,0,0
gen_02251,5,-6.806,ok,1,0,1,0,5,4,4,2,0,0,0
gen_02251,6,-6.775,ok,1,0,1,0,4,3,4,2,0,0,0
gen_02251,7,-6.748,ok,1,0,1,0,4,3,4,2,0,0,0
gen_02251,8,-6.63,ok,0,0,1,0,3,5,1,0,0,0,0
gen_02251,9,-6.605,ok,0,0,1,0,3,5,1,0,0,0,0
gen_02251,10,-6.55,ok,1,0,1,0,4,6,1,0,0,0,0
gen_02252,1,-7.355,ok,1,0,0,1,4,5,2,1,0,0,1
gen_02252,2,-7.296,ok,0,1,1,1,3,6,2,0,0,0,2
gen_02252,3,-7.283,ok,1,0,1,1,4,5,1,0,0,0,2
gen_02252,4,-7.244,ok,1,0,0,1,4,5,1,0,1,0,1
gen_02252,5,-7.208,ok,0,0,1,1,0,2,4,0,1,0,1
gen_02252,6,-7.174,ok,0,0,1,1,0,3,4,0,1,0,1
gen_02252,7,-7.037,ok,0,0,1,1,0,3,4,0,1,0,1
gen_02252,8,-7.02,ok,0,0,1,1,0,4,4,0,1,0,1
gen_02252,9,-6.975,ok,1,0,0,1,4,4,2,2,1,0,1
gen_02252,10,-6.959,ok,1,0,1,1,4,6,2,0,1,0,1
gen_02252,11,-6.948,ok,1,0,0,1,4,5,2,2,1,0,1
gen_02252,12,-6.755,ok,1,0,1,1,4,7,3,0,0,0,0
gen_02252,13,-6.666,ok,1,0,1,0,4,6,2,0,0,0,1
gen_02253,1,-8.175,ok,1,0,0,1,4,5,3,0,0,0,0
gen_02254,1,-7.055,ok,1,0,1,1,4,7,4,0,0,0,0
gen_02254,2,-6.807,ok,1,0,1,1,4,6,4,0,0,0,1
gen_02254,3,-6.767,ok,1,0,0,1,4,6,1,0,0,0,0
gen_02254,4,-6.741,ok,1,0,1,1,4,6,4,0,0,0,1
gen_02254,5,-6.685,ok,1,0,0,1,4,5,1,0,0,0,0
gen_02254,6,-6.674,ok,1,0,0,0,4,5,1,0,0,0,0
gen_02254,7,-6.663,ok,1,0,0,0,4,5,0,0,0,0,0
gen_02255,1,-7.617,ok,1,0,1,1,4,7,2,0,0,0,0
gen_02255,2,-7.562,ok,1,0,1,0,4,7,1,0,0,0,0
gen_02255,3,-7.561,ok,1,0,1,1,4,7,2,0,0,0,0
gen_02256,1,-8.636,ok,1,0,0,1,4,5,4,1,0,0,1
gen_02256,2,-8.541,ok,1,0,0,0,4,5,4,0,0,0,0
gen_02256,3,-8.533,ok,1,0,0,0,4,6,4,0,0,0,0
gen_02256,4,-8.514,ok,1,0,1,1,4,6,4,0,0,0,0
gen_02256,5,-8.464,ok,1,0,1,0,4,6,3,0,0,0,0
gen_02256,6,-8.444,ok,1,0,0,1,4,4,3,0,0,0,1
gen_02256,7,-8.422,ok,1,0,0,1,4,4,3,0,0,0,1
gen_02256,8,-8.317,ok,1,0,1,0,4,6,1,0,0,0,0
gen_02256,9,-8.297,ok,1,0,1,1,5,3,5,0,0,0,0
gen_02257,1,-7.362,ok,1,0,1,0,4,7,1,0,0,0,1
gen_02257,2,-7.323,ok,1,0,1,0,4,7,1,0,0,0,1
gen_02257,3,-7.323,ok,1,0,0,1,4,6,1,0,0,0,0
gen_02258,1,-7.199,ok,1,0,1,0,4,7,2,0,0,0,0
gen_02258,2,-7.141,ok,1,0,0,1,4,6,1,0,0,0,0
gen_02259,1,-7.143,ok,1,0,0,1,4,5,1,1,0,0,0
gen_02259,2,-7.049,ok,1,0,1,1,4,6,2,1,0,0,0
gen_02259,3,-7.036,ok,1,0,0,0,4,0,1,0,1,0,0
gen_02259,4,-6.959,ok,1,0,0,0,4,0,1,0,1,0,0
gen_02260,1,-7.452,ok,1,0,0,1,4,5,3,0,0,0,0
gen_02260,2,-7.439,ok,1,0,0,1,4,5,2,0,0,0,0
gen_02261,1,-8.0,ok,0,0,1,1,3,7,1,0,0,0,1
gen_02261,2,-7.995,ok,1,0,1,1,4,9,1,0,0,0,1
gen_02261,3,-7.966,ok,1,0,1,1,4,8,1,0,0,0,1
gen_02261,4,-7.956,ok,0,0,1,1,3,8,2,0,0,0,1
gen_02261,5,-7.935,ok,1,0,1,1,4,7,2,0,0,0,0
gen_02261,6,-7.928,ok,1,0,1,1,4,9,1,1,0,0,1
gen_02261,7,-7.921,ok,1,0,1,1,4,7,3,0,0,0,1
gen_02262,1,-7.794,ok,1,0,0,1,4,3,3,0,0,0,0
gen_02262,2,-7.698,ok,1,0,0,1,5,4,2,0,0,0,0
gen_02262,3,-7.67,ok,1,0,0,1,5,3,3,0,0,0,0
gen_02263,1,-7.504,ok,1,0,1,1,4,6,5,0,0,0,0
gen_02263,2,-7.444,ok,1,0,1,1,4,5,5,0,0,0,0
gen_02263,3,-7.437,ok,1,0,1,1,4,6,5,0,0,0,0
gen_02263,4,-7.424,ok,1,0,1,1,4,5,5,0,0,0,0
gen_02264,1,-7.87,ok,1,0,0,1,5,5,3,0,0,0,0
gen_02264,2,-7.862,ok,1,0,0,1,5,4,3,0,0,0,0
gen_02265,1,-7.09,ok,1,0,0,1,5,3,1,0,0,0,0
gen_02265,2,-6.89,ok,1,0,0,0,4,0,0,0,0,0,0
gen_02266,1,-7.259,ok,0,1,1,1,3,5,3,0,0,0,0
gen_02266,2,-7.232,ok,0,1,1,1,3,6,1,0,0,0,0
gen_02266,3,-7.199,ok,0,0,1,1,3,5,4,0,0,0,0
gen_02266,4,-7.146,ok,0,1,0,1,3,5,2,0,0,0,0
gen_02266,5,-7.06,ok,0,0,0,1,3,5,1,0,0,0,0
gen_02267,1,-7.651,ok,0,0,1,1,3,6,5,0,0,0,0
gen_02267,2,-7.648,ok,0,0,1,1,3,5,5,0,0,0,0
gen_02267,3,-7.633,ok,0,0,1,1,3,6,5,0,0,0,0
gen_02267,4,-7.604,ok,0,0,0,1,3,5,3,0,0,0,0
gen_02268,1,-7.249,ok,0,0,0,1,3,5,2,0,0,0,0
gen_02269,1,-7.172,ok,1,0,1,0,4,6,3,0,0,0,0
gen_02269,2,-7.162,ok,1,0,1,0,4,6,3,0,0,0,0
gen_02270,1,-7.504,ok,1,0,0,1,4,6,3,0,0,0,0
gen_02271,1,-6.164,ok,1,0,0,0,4,5,0,0,0,0,0
gen_02271,2,-6.157,ok,1,0,0,0,4,6,0,0,0,0,0
gen_02271,3,-6.133,ok,1,0,0,1,4,4,2,0,0,0,0
gen_02271,4,-6.078,ok,1,0,0,0,4,4,0,0,0,0,0
gen_02272,1,-9.46,ok,1,0,0,1,4,5,5,0,0,0,0
gen_02272,2,-9.407,ok,0,0,0,1,3,6,6,0,0,0,0
gen_02273,1,-8.272,ok,1,0,0,1,4,8,1,0,0,0,0
gen_02274,1,-8.454,ok,0,1,1,1,3,9,2,0,0,0,0
gen_02274,2,-8.41,ok,0,1,1,1,3,9,2,0,0,0,0
gen_02274,3,-8.376,ok,0,1,1,1,3,8,3,0,0,0,0
gen_02274,4,-8.344,ok,1,0,1,1,4,7,3,0,0,0,0
gen_02274,5,-8.344,ok,0,0,1,1,0,1,6,0,0,0,0
gen_02274,6,-8.258,ok,0,0,0,1,3,3,5,0,0,0,0
gen_02274,7,-8.238,ok,0,1,0,1,3,3,5,0,0,0,0
gen_02274,8,-8.125,ok,1,0,1,1,4,7,3,0,0,0,0
gen_02274,9,-8.006,ok,1,0,1,1,4,1,6,0,1,0,0
gen_02275,1,-7.782,ok,1,0,1,1,4,5,5,0,0,0,0
gen_02275,2,-7.755,ok,1,0,1,1,4,5,5,0,0,0,0
gen_02276,1,-7.361,ok,1,0,1,1,4,5,2,1,0,0,1
gen_02276,2,-7.347,ok,1,0,1,1,4,5,2,1,0,0,1
gen_02276,3,-7.224,ok,1,0,1,1,4,5,1,1,0,0,0
gen_02276,4,-7.222,ok,1,0,1,1,4,5,1,1,0,0,0
gen_02277,1,-6.599,ok,1,0,1,0,4,1,3,1,0,0,0
gen_02277,2,-6.552,ok,1,0,1,0,4,1,4,1,0,0,0
gen_02277,3,-6.497,ok,1,0,1,0,4,2,3,1,0,0,0
gen_02277,4,-6.349,ok,0,0,1,0,3,5,1,0,0,0,0
gen_02277,5,-6.314,ok,1,0,1,0,4,5,1,0,0,0,0
gen_02277,6,-6.292,ok,1,0,1,0,4,6,1,0,0,0,0
gen_02278,1,-8.338,ok,1,0,1,0,4,4,3,0,0,0,0
gen_02278,2,-8.293,ok,1,0,1,0,4,4,1,1,0,0,0
gen_02278,3,-8.093,ok,1,0,1,0,4,3,3,0,0,0,0
gen_02278,4,-8.075,ok,0,0,0,1,3,4,3,0,0,0,0
gen_02278,5,-7.887,ok,0,0,0,1,3,4,3,0,0,0,0
gen_02279,1,-145.607,ok,0,0,0,1,0,1,2,0,0,0,0
gen_02279,2,-142.063,ok,0,0,0,1,0,2,1,0,0,0,0
gen_02280,1,-7.619,ok,1,0,0,1,4,3,2,0,0,0,0
gen_02280,2,-7.594,ok,1,0,0,1,4,5,2,0,0,0,0
gen_02281,1,-7.617,ok,1,0,0,1,4,5,3,0,0,0,0
gen_02281,2,-7.584,ok,1,0,0,1,4,4,2,0,0,0,0
gen_02282,1,-7.154,ok,1,0,1,0,4,6,0,1,0,0,0
gen_02282,2,-7.147,ok,1,0,1,0,4,6,0,1,0,0,0
gen_02282,3,-7.131,ok,1,0,1,0,4,6,0,1,0,0,0
gen_02282,4,-7.121,ok,1,0,1,0,4,6,0,1,0,0,0
gen_02283,1,-7.149,ok,1,0,0,1,4,5,1,0,0,0,0
gen_02283,2,-7.131,ok,1,0,0,1,4,6,1,0,0,0,0
gen_02284,1,-7.745,ok,0,0,1,1,3,5,5,0,0,0,0
gen_02284,2,-7.729,ok,0,0,1,1,3,5,5,0,0,0,0
gen_02284,3,-7.652,ok,0,0,1,1,3,5,5,0,0,0,0
gen_02285,1,-7.298,ok,0,0,1,0,3,3,1,0,0,0,0
gen_02285,2,-7.262,ok,0,0,1,0,3,3,1,0,0,0,0
gen_02286,1,-7.174,ok,1,0,1,1,4,2,2,1,0,0,0
gen_02286,2,-7.134,ok,1,0,1,1,4,2,2,1,0,0,0
gen_02286,3,-7.107,ok,1,0,1,1,4,2,2,0,0,0,0
gen_02286,4,-7.024,ok,1,0,1,1,4,2,2,0,0,0,0
gen_02286,5,-6.829,ok,1,0,0,1,4,0,3,0,0,0,0
gen_02286,6,-6.738,ok,1,0,0,1,4,0,4,0,0,0,0
gen_02287,1,-7.84,ok,1,0,0,1,4,7,3,0,0,0,0
gen_02287,2,-7.823,ok,1,0,0,1,4,7,3,0,0,0,0
gen_02288,1,-6.435,ok,1,0,0,0,4,5,0,0,0,0,0
gen_02289,1,-7.243,ok,1,0,0,1,4,7,4,0,0,0,0
gen_02289,2,-7.197,ok,0,0,0,1,3,6,4,0,0,0,0
gen_02289,3,-7.174,ok,1,0,0,1,4,6,5,0,0,0,0
gen_02289,4,-7.164,ok,1,0,0,1,4,7,1,0,0,0,0
gen_02289,5,-7.147,ok,0,0,1,1,3,7,6,0,0,0,0
gen_02289,6,-7.133,ok,1,0,0,1,4,7,3,0,0,0,0
gen_02289,7,-7.029,ok,1,1,1,0,4,5,1,0,0,0,0
gen_02289,8,-7.02,ok,1,0,1,0,4,6,0,0,0,0,0
gen_02289,9,-6.961,ok,1,0,1,1,4,3,4,0,0,0,0
gen_02289,10,-6.931,ok,1,0,1,1,4,3,4,0,0,0,0
gen_02289,11,-6.807,ok,0,0,0,1,3,5,5,0,0,0,0
gen_02290,1,-7.917,ok,0,0,0,1,3,5,2,0,0,0,0
gen_02290,2,-7.837,ok,0,0,0,1,3,5,3,0,0,0,0
gen_02291,1,-8.035,ok,1,0,1,1,4,6,5,1,0,0,0
gen_02291,2,-7.972,ok,1,0,1,1,4,6,5,1,0,0,0
gen_02291,3,-7.911,ok,1,0,0,1,4,6,4,0,0,0,0
gen_02291,4,-7.886,ok,1,0,0,1,4,6,4,0,0,0,0
gen_02291,5,-7.872,ok,1,0,1,0,4,6,0,1,0,0,0
gen_02291,6,-7.867,ok,1,0,0,1,4,5,3,0,0,0,0
gen_02291,7,-7.848,ok,1,0,1,1,4,5,5,0,0,0,0
gen_02291,8,-7.83,ok,1,0,0,1,4,6,4,0,0,0,0
gen_02291,9,-7.828,ok,1,0,0,1,4,6,3,0,0,0,0
gen_02292,1,-6.831,ok,0,0,0,1,0,2,3,0,1,0,0
gen_02292,2,-6.802,ok,0,0,0,1,0,2,2,0,1,0,0
gen_02293,1,-7.357,ok,0,0,0,1,3,5,3,0,0,0,0
gen_02293,2,-7.337,ok,0,0,0,1,3,5,3,0,0,0,0
gen_02293,3,-7.316,ok,1,0,0,1,4,5,3,0,0,0,0
gen_02293,4,-7.295,ok,1,0,0,1,4,5,3,0,0,0,0
gen_02293,5,-7.277,ok,0,0,0,1,3,5,3,0,0,0,0
gen_02293,6,-7.27,ok,1,0,0,1,4,5,4,0,0,0,0
gen_02294,1,-7.899,ok,1,0,0,0,4,6,1,0,0,0,0
gen_02294,2,-7.83,ok,1,0,1,0,4,6,3,2,0,0,0
gen_02294,3,-7.804,ok,1,0,0,0,4,6,1,0,0,0,0
gen_02294,4,-7.612,ok,1,0,1,1,5,6,1,1,0,0,0
gen_02295,1,-7.722,ok,1,0,0,1,4,6,3,0,0,0,0
gen_02295,2,-7.591,ok,1,0,0,1,4,6,3,0,0,0,0
gen_02295,3,-7.584,ok,1,0,0,1,4,6,3,0,0,0,0
gen_02295,4,-7.482,ok,1,0,0,1,4,6,3,0,0,0,0
gen_02295,5,-7.476,ok,1,0,0,1,4,5,3,0,0,0,0
gen_02295,6,-7.277,ok,1,0,0,1,4,5,3,0,0,0,0
gen_02296,1,-7.999,ok,1,0,0,1,4,5,3,0,0,0,0
gen_02296,2,-7.99,ok,1,0,0,1,4,5,3,0,0,0,0
gen_02297,1,-7.783,ok,1,0,0,1,5,6,2,0,0,0,0
gen_02297,2,-7.591,ok,1,0,0,1,4,5,2,0,0,0,0
gen_02298,1,-7.21,ok,0,0,0,1,3,2,2,0,0,0,0
gen_02298,2,-7.193,ok,0,0,0,1,3,3,2,0,0,0,0
gen_02299,1,-5.882,ok,0,0,0,1,3,6,2,0,0,0,0
gen_02299,2,-5.861,ok,1,0,0,1,4,3,4,0,0,0,0
gen_02299,3,-5.844,ok,0,0,0,1,3,6,2,0,0,0,0
gen_02299,4,-5.793,ok,1,0,0,1,4,4,3,0,0,0,0
gen_02299,5,-5.749,ok,0,0,0,0,3,6,1,0,0,0,0
gen_02299,6,-5.723,ok,1,0,1,1,4,5,3,0,0,0,0
gen_02299,7,-5.721,ok,1,0,0,0,4,7,3,0,0,0,0
gen_02299,8,-5.654,ok,1,0,0,1,4,4,4,0,0,0,0
gen_02299,9,-5.647,ok,0,0,1,1,3,5,3,0,0,0,0
gen_02299,10,-5.625,ok,0,0,0,0,3,6,2,0,0,0,0
gen_02299,11,-5.591,ok,1,0,0,1,4,4,4,0,0,0,0
gen_02299,12,-5.576,ok,1,0,0,0,4,7,3,0,0,0,0
gen_02300,1,-7.262,ok,1,0,1,1,4,9,1,0,0,0,0
gen_02300,2,-7.236,ok,1,0,1,1,4,8,3,0,0,0,0
gen_02300,3,-7.235,ok,1,0,0,1,4,7,3,0,0,0,0
gen_02300,4,-7.23,ok,1,0,1,1,4,8,3,0,0,0,0
gen_02300,5,-7.218,ok,1,0,1,1,4,8,1,0,0,0,0
gen_02300,6,-7.208,ok,1,0,1,1,4,8,3,0,0,0,0
gen_02300,7,-7.202,ok,1,0,0,1,4,7,3,0,0,0,0
gen_02300,8,-7.103,ok,1,0,1,1,4,10,1,0,0,0,0
gen_02301,1,-8.038,ok,1,0,0,1,4,6,2,1,0,0,0
gen_02301,2,-8.004,ok,1,0,0,1,4,6,2,1,0,0,0
gen_02301,3,-7.968,ok,1,0,0,1,4,6,2,1,0,0,0
gen_02301,4,-7.967,ok,1,0,0,1,4,6,2,1,0,0,0
gen_02301,5,-7.962,ok,1,0,0,1,4,6,2,1,0,0,0
gen_02302,1,-6.992,ok,0,0,0,1,0,0,1,0,0,0,0
gen_02302,2,-6.924,ok,0,0,0,1,3,0,2,0,0,0,0
gen_02303,1,-8.282,ok,1,0,0,1,4,6,3,0,0,0,1
gen_02303,2,-8.241,ok,1,0,0,1,4,6,1,0,0,0,1
gen_02303,3,-8.239,ok,1,0,0,1,4,6,1,0,0,0,1
gen_02303,4,-8.226,ok,1,0,0,1,4,6,3,0,0,0,0
gen_02303,5,-8.187,ok,1,0,0,1,4,7,1,0,0,0,1
gen_02303,6,-8.167,ok,1,0,0,1,4,7,1,0,0,0,1
gen_02303,7,-8.145,ok,1,0,0,1,4,7,1,0,0,0,1
gen_02303,8,-8.098,ok,1,0,0,1,4,6,2,0,0,0,1
gen_02304,1,-8.054,ok,1,1,0,0,4,5,1,0,0,0,0
gen_02304,2,-8.037,ok,1,1,0,0,4,5,1,0,0,0,0
gen_02304,3,-8.02,ok,1,1,0,1,4,5,2,0,0,0,0
gen_02304,4,-7.875,ok,1,1,0,1,4,5,3,0,0,0,0
gen_02305,1,-8.419,ok,1,0,1,0,4,7,4,0,0,0,0
gen_02305,2,-8.347,ok,1,0,1,0,4,7,4,0,0,0,0
gen_02305,3,-8.105,ok,1,0,1,0,4,7,1,1,0,0,0
gen_02305,4,-8.096,ok,1,0,1,0,4,7,2,1,0,0,0
gen_02306,1,-7.521,ok,1,0,0,1,4,6,3,0,0,0,0
gen_02306,2,-7.5,ok,1,0,0,1,4,5,2,0,0,0,0
gen_02306,3,-7.474,ok,1,0,0,1,4,6,3,0,0,0,0
gen_02306,4,-7.451,ok,1,0,0,1,4,6,2,0,0,0,0
gen_02306,5,-6.893,ok,0,0,0,1,0,1,5,0,1,0,0
gen_02307,1,-8.518,ok,1,0,0,1,4,6,3,0,0,0,2
gen_02307,2,-8.468,ok,1,0,0,1,4,4,3,0,0,0,0
gen_02307,3,-8.445,ok,1,0,0,1,4,5,3,0,0,0,2
gen_02307,4,-8.418,ok,1,0,0,1,4,4,3,0,0,0,0
gen_02308,1,-7.144,ok,1,0,0,1,4,6,3,0,0,0,1
gen_02309,1,-8.232,ok,1,0,0,1,4,2,2,0,0,0,0
gen_02309,2,-8.226,ok,1,0,0,1,4,2,2,0,0,0,0
gen_02309,3,-8.219,ok,1,0,0,1,4,1,2,0,0,0,0
gen_02309,4,-8.213,ok,1,0,0,1,4,1,2,0,0,0,0
gen_02309,5,-8.162,ok,1,0,0,1,4,2,3,0,0,0,0
gen_02310,1,-8.089,ok,1,0,0,1,5,3,4,0,0,0,0
gen_02310,2,-8.067,ok,1,0,0,1,5,3,4,0,0,0,0
gen_02310,3,-7.962,ok,1,0,0,1,5,3,3,0,0,0,0
gen_02310,4,-7.952,ok,1,0,0,1,5,3,5,0,0,0,0
gen_02310,5,-7.926,ok,1,0,0,1,4,4,4,0,0,0,0
gen_02310,6,-7.76,ok,0,0,0,1,3,3,2,0,0,0,0
gen_02310,7,-7.503,ok,0,0,1,1,0,3,4,0,1,0,0
gen_02311,1,-8.295,ok,1,0,1,1,4,1,2,1,0,0,0
gen_02311,2,-8.265,ok,1,0,1,1,4,4,2,1,0,0,0
gen_02311,3,-7.973,ok,1,0,1,0,4,6,3,1,0,0,0
gen_02311,4,-7.924,ok,1,0,0,1,4,7,3,1,0,0,0
gen_02311,5,-7.916,ok,1,0,0,1,4,6,3,1,0,0,0
gen_02311,6,-7.879,ok,1,0,0,1,4,5,3,1,0,0,0
gen_02311,7,-7.817,ok,1,0,0,1,4,6,3,1,0,0,0
gen_02312,1,-7.137,ok,1,0,0,1,4,5,3,0,0,0,0
gen_02312,2,-7.099,ok,1,0,0,1,4,6,2,0,0,0,0
gen_02312,3,-7.091,ok,1,0,0,1,4,6,2,0,0,0,0
gen_02312,4,-7.051,ok,0,0,0,1,3,5,2,0,0,0,0
gen_02312,5,-7.028,ok,1,0,1,1,4,6,3,0,0,0,0
gen_02312,6,-7.016,ok,0,1,0,1,0,1,4,0,1,0,0
gen_02312,7,-6.994,ok,1,0,0,1,4,5,3,0,0,0,0
gen_02312,8,-6.956,ok,1,0,0,1,4,5,3,0,0,0,0
gen_02312,9,-6.942,ok,1,0,0,1,4,5,2,0,0,0,0
gen_02312,10,-6.927,ok,1,1,1,1,4,8,3,0,0,0,0
gen_02312,11,-6.922,ok,1,0,0,1,4,5,3,0,0,0,0
gen_02313,1,-6.463,ok,1,0,1,1,4,6,3,0,0,0,0
gen_02314,1,-7.477,ok,1,0,1,1,4,4,3,0,0,0,0
gen_02314,2,-7.453,ok,1,0,1,1,4,4,3,0,0,0,0
gen_02315,1,-6.875,ok,1,0,1,0,5,2,1,1,0,0,0
gen_02315,2,-6.861,ok,0,0,1,1,3,6,3,0,0,0,0
gen_02315,3,-6.858,ok,1,0,1,0,4,2,2,1,0,0,0
gen_02315,4,-6.856,ok,1,0,1,0,5,2,1,1,0,0,0
gen_02315,5,-6.816,ok,1,0,1,1,4,7,3,0,0,0,0
gen_02315,6,-6.8,ok,1,0,1,0,4,2,2,1,0,0,0
gen_02315,7,-6.777,ok,1,0,1,1,4,8,2,1,0,0,0
gen_02315,8,-6.737,ok,0,0,1,1,3,6,3,0,0,0,0
gen_02315,9,-6.66,ok,1,0,1,0,4,2,2,1,0,0,0
gen_02316,1,-6.65,ok,1,0,1,1,5,4,4,0,0,0,0
gen_02316,2,-6.583,ok,1,0,0,1,5,4,2,0,0,0,0
gen_02316,3,-6.49,ok,1,0,1,1,5,5,2,0,0,0,0
gen_02316,4,-6.406,ok,1,0,1,1,4,1,3,0,0,0,0
gen_02316,5,-6.399,ok,1,0,1,1,4,0,3,0,0,0,0
gen_02316,6,-6.278,ok,0,0,0,0,0,1,1,0,1,0,0
gen_02317,1,-7.516,ok,1,0,1,1,4,7,3,0,0,0,0
gen_02317,2,-7.512,ok,1,0,1,1,4,6,3,0,0,0,0
gen_02317,3,-7.474,ok,1,0,1,1,4,6,3,0,0,0,0
gen_02317,4,-7.448,ok,1,0,1,1,4,6,3,0,0,0,0
gen_02318,1,-8.016,ok,0,1,0,1,3,6,3,0,0,0,0
gen_02318,2,-8.002,ok,0,1,0,1,3,6,3,0,0,0,0
gen_02319,1,-7.547,ok,1,0,0,1,4,5,1,0,0,0,0
gen_02320,1,-7.003,ok,0,0,0,1,3,4,2,0,0,0,0
gen_02321,1,-7.474,ok,1,0,0,1,5,6,2,1,0,0,0
gen_02321,2,-7.041,ok,1,0,1,1,4,5,2,0,0,0,0
gen_02322,1,-7.11,ok,1,0,0,1,5,6,2,0,0,0,0
gen_02322,2,-7.094,ok,1,0,0,1,4,5,3,0,0,0,0
gen_02322,3,-7.093,ok,1,0,0,1,5,6,2,0,0,0,0
gen_02322,4,-7.008,ok,1,0,0,1,4,6,2,0,0,0,0
gen_02322,5,-6.949,ok,1,0,0,1,4,7,2,0,0,0,0
gen_02323,1,-7.87,ok,1,0,1,0,4,5,1,1,0,0,1
gen_02323,2,-7.87,ok,1,0,1,0,4,5,1,1,0,0,1
gen_02323,3,-7.85,ok,1,0,1,0,4,5,1,1,0,0,1
gen_02323,4,-7.821,ok,1,0,1,0,4,5,1,1,0,0,1
gen_02323,5,-7.789,ok,1,0,1,0,4,5,1,1,0,0,1
gen_02324,1,-7.105,ok,1,0,1,1,4,5,2,1,0,0,0
gen_02324,2,-7.104,ok,1,0,1,1,4,5,2,1,0,0,0
gen_02324,3,-7.017,ok,1,0,1,1,4,5,2,1,0,0,0
gen_02325,1,-8.055,ok,1,0,0,1,4,5,2,1,0,0,1
gen_02326,1,-7.219,ok,1,0,0,0,4,6,1,0,0,0,0
gen_02327,1,-7.074,ok,1,0,1,0,4,5,2,0,0,0,0
gen_02327,2,-6.993,ok,1,0,1,0,4,6,2,0,0,0,0
gen_02328,1,-7.118,ok,0,0,1,1,3,5,3,0,0,0,0
gen_02328,2,-7.064,ok,0,0,1,1,3,5,3,0,0,0,0
gen_02328,3,-7.059,ok,1,0,1,1,4,5,3,0,0,0,0
gen_02328,4,-7.044,ok,1,0,0,1,4,5,1,0,1,0,0
gen_02328,5,-7.028,ok,1,0,0,1,4,5,1,0,1,0,0
gen_02329,1,-7.446,ok,1,0,1,1,5,5,4,0,0,0,1
gen_02329,2,-7.407,ok,1,0,1,1,5,5,4,0,0,0,0
gen_02329,3,-7.383,ok,1,0,1,1,5,5,4,0,0,0,0
gen_02329,4,-7.346,ok,1,0,1,1,5,5,4,0,0,0,1
gen_02330,1,-8.198,ok,1,0,0,1,4,8,4,0,0,0,0
gen_02330,2,-8.17,ok,1,0,0,1,4,8,3,0,0,0,0
gen_02330,3,-8.147,ok,1,0,0,1,4,8,3,0,0,0,0
gen_02330,4,-8.133,ok,1,0,0,1,4,8,4,0,0,0,0
gen_02330,5,-8.117,ok,1,0,0,1,4,7,4,0,0,0,0
gen_02330,6,-8.082,ok,1,0,0,1,4,7,4,0,0,0,0
gen_02330,7,-8.046,ok,1,0,0,1,4,7,3,0,0,0,0
gen_02330,8,-7.951,ok,1,0,0,1,4,6,4,0,0,0,0
gen_02331,1,-7.929,ok,1,0,0,1,4,4,3,0,0,0,0
gen_02331,2,-7.857,ok,1,0,0,1,4,4,5,0,0,0,0
gen_02331,3,-7.841,ok,1,0,0,1,4,4,4,0,0,0,0
gen_02331,4,-7.825,ok,1,0,0,1,4,4,5,0,0,0,0
gen_02331,5,-7.82,ok,1,0,0,1,4,3,3,0,0,0,0
gen_02331,6,-7.804,ok,1,0,0,1,4,4,5,0,0,0,0
gen_02332,1,-7.711,ok,0,0,0,1,3,6,2,0,0,0,0
gen_02332,2,-7.683,ok,0,0,0,1,3,6,2,0,0,0,0
gen_02332,3,-7.668,ok,0,0,0,1,3,6,2,0,0,0,0
gen_02333,1,-8.058,ok,1,0,0,1,4,6,1,0,0,0,1
gen_02333,2,-8.052,ok,1,0,0,1,4,6,1,0,0,0,1
gen_02333,3,-8.047,ok,1,0,0,1,4,6,1,0,0,0,1
gen_02333,4,-8.033,ok,1,0,0,1,4,6,1,0,0,0,1
gen_02333,5,-8.015,ok,1,0,0,1,4,6,1,0,0,0,1
gen_02333,6,-7.982,ok,1,0,0,1,4,6,1,0,0,0,0
gen_02333,7,-7.979,ok,1,0,0,0,4,6,0,0,0,0,1
gen_02333,8,-7.97,ok,1,0,0,1,4,6,1,0,0,0,0
gen_02333,9,-7.923,ok,1,0,0,0,4,7,0,0,0,0,1
gen_02334,1,-8.322,ok,1,0,0,1,4,6,5,0,0,0,0
gen_02334,2,-8.319,ok,1,0,0,1,4,6,6,0,0,0,0
gen_02334,3,-8.308,ok,1,0,0,1,4,5,4,0,0,0,0
gen_02334,4,-8.266,ok,1,0,0,1,4,6,7,0,0,0,0
gen_02334,5,-8.219,ok,1,0,0,1,4,5,4,0,0,0,0
gen_02334,6,-8.204,ok,0,1,0,1,3,6,3,0,0,0,0
gen_02334,7,-8.203,ok,1,0,0,1,4,7,6,0,0,0,0
gen_02334,8,-8.124,ok,1,0,1,1,4,5,6,0,0,0,1
gen_02335,1,-7.965,ok,1,1,1,1,4,8,4,0,0,0,0
gen_02335,2,-7.836,ok,1,0,0,0,4,6,1,1,0,0,0
gen_02335,3,-7.799,ok,1,0,1,1,4,5,4,0,0,0,0
gen_02335,4,-7.79,ok,1,0,1,1,4,5,4,0,0,0,0
gen_02336,1,-8.018,ok,1,0,1,1,4,5,3,0,0,0,0
gen_02336,2,-7.996,ok,1,0,1,1,4,5,2,0,0,0,0
gen_02337,1,-7.456,ok,0,1,0,1,0,1,5,0,0,0,0
gen_02337,2,-7.448,ok,0,1,0,1,0,1,5,0,0,0,0
gen_02337,3,-7.371,ok,0,0,1,1,0,1,5,0,0,0,0
gen_02337,4,-7.37,ok,0,0,1,1,0,1,5,0,0,0,0
gen_02337,5,-7.343,ok,0,0,1,1,0,1,5,0,0,0,0
gen_02337,6,-7.055,ok,0,0,1,1,0,3,3,0,0,0,0
gen_02337,7,-6.985,ok,0,0,1,1,0,2,3,0,0,0,0
gen_02338,1,-8.096,ok,1,0,0,1,4,6,3,0,0,0,0
gen_02338,2,-8.066,ok,1,0,0,1,4,6,3,0,0,0,0
gen_02338,3,-7.993,ok,1,1,1,1,4,6,3,0,0,0,0
gen_02338,4,-7.988,ok,1,1,1,1,4,6,3,0,0,0,0
gen_02339,1,-7.253,ok,1,0,0,1,4,7,3,0,0,0,0
gen_02339,2,-7.248,ok,1,0,0,1,4,7,3,0,0,0,0
gen_02339,3,-7.189,ok,1,0,0,1,4,6,2,0,0,0,0
gen_02339,4,-7.109,ok,1,0,0,1,4,7,3,0,0,0,0
gen_02339,5,-6.899,ok,1,0,0,1,4,0,4,0,0,0,0
gen_02339,6,-6.877,ok,1,0,0,1,4,0,4,0,0,0,0
gen_02340,1,-7.387,ok,0,0,0,1,3,5,3,0,0,0,0
gen_02341,1,-8.086,ok,1,0,1,1,4,6,1,1,0,0,0
gen_02341,2,-8.081,ok,1,0,1,1,4,6,2,1,0,0,1
gen_02341,3,-8.08,ok,1,0,1,1,4,6,2,1,0,0,0
gen_02341,4,-8.065,ok,1,0,1,1,4,6,2,1,0,0,1
gen_02341,5,-7.991,ok,1,0,1,1,4,5,1,1,0,0,0
gen_02341,6,-7.973,ok,1,0,1,1,4,6,2,1,0,0,0
gen_02342,1,-7.662,ok,1,0,0,1,4,7,2,0,0,0,0
gen_02342,2,-7.642,ok,1,0,0,1,4,7,2,0,0,0,0
gen_02342,3,-7.635,ok,1,0,1,1,4,8,2,0,0,0,0
gen_02342,4,-7.629,ok,1,0,1,1,4,8,2,0,0,0,0
gen_02342,5,-7.616,ok,1,0,0,1,4,7,2,0,0,0,0
gen_02342,6,-7.613,ok,1,0,0,1,4,8,2,0,0,0,0
gen_02342,7,-7.595,ok,1,0,0,1,4,8,2,0,0,0,0
gen_02342,8,-7.588,ok,1,0,1,1,4,8,2,0,0,0,0
gen_02342,9,-7.556,ok,1,0,1,1,4,9,2,0,0,0,0
gen_02343,1,-7.173,ok,1,0,0,1,5,3,2,0,0,0,0
gen_02343,2,-7.137,ok,1,0,0,1,5,3,3,0,0,0,0
gen_02343,3,-7.025,ok,1,0,0,1,5,3,3,0,0,0,0
gen_02344,1,-6.829,ok,1,0,1,0,4,6,0,2,0,0,0
gen_02344,2,-6.757,ok,1,0,0,0,5,3,0,0,0,0,0
gen_02344,3,-6.669,ok,1,0,0,0,5,3,0,0,0,0,0
gen_02344,4,-6.647,ok,1,0,1,0,4,5,0,2,0,0,0
gen_02345,1,-6.579,ok,1,0,0,1,4,6,2,0,0,0,0
gen_02345,2,-6.573,ok,1,0,1,0,5,6,1,0,0,0,0
gen_02345,3,-6.552,ok,1,0,1,0,5,5,1,0,0,0,0
gen_02345,4,-6.548,ok,1,0,0,1,4,5,1,0,0,0,0
gen_02345,5,-6.498,ok,1,0,0,1,4,6,2,0,0,0,0
gen_02345,6,-6.486,ok,1,0,0,1,4,6,3,0,0,0,0
gen_02345,7,-6.439,ok,0,0,0,1,3,5,2,0,0,0,0
gen_02345,8,-6.425,ok,1,0,0,1,4,5,2,0,0,0,0
gen_02345,9,-6.415,ok,1,0,1,0,4,4,2,0,0,0,0
gen_02345,10,-6.408,ok,1,0,1,0,4,4,2,0,0,0,0
gen_02345,11,-6.406,ok,1,0,0,1,4,5,1,0,0,0,0
gen_02345,12,-6.382,ok,1,0,0,1,4,5,2,0,0,0,0
gen_02346,1,-7.691,ok,0,0,1,1,0,2,4,0,0,0,0
gen_02346,2,-7.596,ok,0,0,1,1,0,2,5,0,0,0,0
gen_02346,3,-7.561,ok,0,0,1,1,0,2,4,0,0,0,0
gen_02346,4,-7.489,ok,0,0,1,1,0,2,4,0,0,0,0
gen_02347,1,-7.558,ok,1,0,0,1,5,5,2,0,0,0,1
gen_02347,2,-7.539,ok,1,0,0,1,5,5,2,0,0,0,0
gen_02347,3,-7.49,ok,1,0,0,1,4,5,1,0,0,0,1
gen_02347,4,-7.464,ok,1,0,0,1,4,5,1,0,0,0,1
gen_02347,5,-7.451,ok,1,0,0,1,4,5,1,0,0,0,1
gen_02347,6,-7.448,ok,1,0,0,1,4,5,1,0,0,0,1
gen_02347,7,-7.404,ok,1,0,1,1,5,2,3,1,0,0,0
gen_02347,8,-7.403,ok,1,0,1,1,4,2,3,1,0,0,0
gen_02347,9,-7.396,ok,1,0,1,1,4,2,3,1,0,0,0
gen_02348,1,-8.297,ok,1,0,1,1,4,9,3,0,0,0,0
gen_02348,2,-8.261,ok,1,0,1,1,4,9,3,0,0,0,0
gen_02348,3,-8.26,ok,1,0,1,1,4,9,3,0,0,0,0
gen_02348,4,-8.22,ok,1,0,1,1,4,8,3,0,0,0,0
gen_02348,5,-8.197,ok,1,0,1,1,4,9,3,0,0,0,0
gen_02348,6,-8.191,ok,1,0,1,1,4,8,3,0,0,0,0
gen_02348,7,-8.118,ok,1,0,1,1,4,9,2,0,0,0,0
gen_02348,8,-8.07,ok,1,0,1,1,4,7,2,0,0,0,0
gen_02348,9,-7.868,ok,1,0,0,1,4,5,4,0,0,0,0
gen_02348,10,-7.704,ok,1,0,1,0,4,9,1,0,0,0,0
gen_02349,1,-8.206,ok,0,0,0,1,3,7,2,1,0,0,0
gen_02349,2,-8.118,ok,1,0,0,1,4,7,3,0,0,0,0
gen_02350,1,-6.923,ok,1,0,0,1,4,5,2,0,0,0,0
gen_02350,2,-6.914,ok,1,0,0,1,4,5,2,0,0,0,0
gen_02351,1,-7.359,ok,1,0,0,1,4,6,2,1,0,0,0
gen_02351,2,-7.359,ok,1,0,0,1,4,6,2,1,0,0,0
gen_02351,3,-7.331,ok,1,0,0,1,4,6,2,1,0,0,0
gen_02352,1,-7.928,ok,1,0,1,1,4,5,3,0,0,0,0
gen_02352,2,-7.905,ok,1,1,1,1,4,7,2,0,0,0,1
gen_02352,3,-7.899,ok,1,0,0,1,4,5,3,0,0,0,0
gen_02352,4,-7.849,ok,1,0,0,1,4,5,3,0,0,0,0
gen_02352,5,-7.844,ok,1,0,0,1,4,5,2,0,0,0,0
gen_02352,6,-7.843,ok,1,0,1,1,4,5,3,0,0,0,0
gen_02352,7,-7.795,ok,1,0,1,1,4,5,2,0,0,0,0
gen_02352,8,-7.741,ok,1,1,1,1,4,8,2,0,0,0,0
gen_02353,1,-7.392,ok,0,0,0,1,3,5,2,1,0,0,0
gen_02353,2,-7.389,ok,1,0,1,1,4,6,3,0,0,0,0
gen_02353,3,-7.382,ok,0,0,0,1,3,4,2,1,0,0,0
gen_02353,4,-7.347,ok,1,0,1,0,4,6,3,0,0,0,0
gen_02353,5,-7.312,ok,0,0,0,1,3,6,2,1,0,0,0
gen_02353,6,-7.239,ok,1,0,0,1,4,3,3,1,0,0,0
gen_02353,7,-7.236,ok,1,0,0,1,4,3,3,0,0,0,0
gen_02354,1,-6.698,ok,1,0,0,1,4,7,3,0,0,0,0
gen_02354,2,-6.637,ok,1,0,0,1,4,6,4,0,0,0,0
gen_02354,3,-6.593,ok,1,0,0,1,5,3,5,0,0,0,0
gen_02354,4,-6.543,ok,1,0,0,1,5,4,4,0,0,0,0
gen_02354,5,-6.542,ok,0,0,0,1,3,6,3,0,0,0,0
gen_02354,6,-6.506,ok,1,0,0,1,4,5,4,0,0,0,0
gen_02354,7,-6.409,ok,1,0,0,0,5,4,0,0,0,0,0
gen_02355,1,-7.872,ok,1,0,0,1,5,3,3,0,0,0,0
gen_02355,2,-7.864,ok,1,0,0,1,4,3,3,0,0,0,0
gen_02355,3,-7.8,ok,1,0,0,1,4,3,3,0,0,0,0
gen_02356,1,-7.787,ok,1,0,1,0,4,5,4,0,0,0,0
gen_02356,2,-7.759,ok,1,0,1,0,4,6,4,0,0,0,0
gen_02356,3,-7.723,ok,1,0,1,0,4,5,4,0,0,0,0
gen_02356,4,-7.69,ok,1,0,1,0,4,5,4,0,0,0,0
gen_02357,1,-6.679,ok,1,0,1,1,4,8,1,1,0,0,0
gen_02357,2,-6.675,ok,1,0,1,1,4,8,1,0,0,0,0
gen_02357,3,-6.584,ok,1,0,1,1,4,7,1,0,0,0,0
gen_02357,4,-6.571,ok,1,0,1,1,4,6,1,0,0,0,0
gen_02358,1,-7.078,ok,1,0,0,1,4,0,2,0,0,0,0
gen_02358,2,-7.061,ok,1,0,1,0,4,5,2,0,0,0,0
gen_02358,3,-7.047,ok,1,0,0,0,4,1,1,0,0,0,0
gen_02358,4,-7.008,ok,1,0,0,1,5,4,2,0,0,0,0
gen_02359,1,-7.791,ok,1,0,1,1,4,6,3,0,0,0,1
gen_02359,2,-7.785,ok,1,0,1,1,4,6,3,0,0,0,1
gen_02359,3,-7.684,ok,1,0,1,1,4,6,3,0,0,0,1
gen_02360,1,-8.468,ok,1,0,0,1,4,5,3,0,0,0,0
gen_02360,2,-8.445,ok,1,0,0,1,4,5,3,0,0,0,0
gen_02360,3,-8.439,ok,1,0,0,1,4,5,2,0,0,0,0
gen_02360,4,-8.434,ok,1,0,1,1,4,4,3,0,0,0,1
gen_02360,5,-8.422,ok,1,0,0,1,4,5,2,0,0,0,0
gen_02360,6,-8.415,ok,1,0,0,1,4,7,2,0,0,0,1
gen_02360,7,-8.405,ok,1,0,0,1,4,6,2,0,0,0,1
gen_02360,8,-8.389,ok,1,0,0,1,4,5,2,0,0,0,0
gen_02360,9,-8.33,ok,1,0,0,1,4,6,2,0,0,0,1
gen_02360,10,-8.312,ok,1,0,0,1,4,6,2,0,0,0,1
gen_02361,1,-7.994,ok,1,0,1,1,4,6,2,0,0,0,0
gen_02361,2,-7.953,ok,1,0,1,1,4,6,2,0,0,0,0
gen_02361,3,-7.873,ok,1,0,1,1,5,8,3,0,0,0,0
gen_02361,4,-7.862,ok,1,0,1,1,4,7,2,0,0,0,0
gen_02362,1,-8.429,ok,0,0,1,1,3,5,3,0,0,0,0
gen_02362,2,-8.406,ok,0,0,1,1,3,5,4,0,0,0,0
gen_02363,1,-8.633,ok,1,0,1,1,4,5,2,1,0,0,0
gen_02363,2,-8.633,ok,1,0,1,1,4,5,2,1,0,0,1
gen_02364,1,-7.122,ok,1,0,1,0,4,6,0,2,0,0,0
gen_02364,2,-7.068,ok,1,0,1,0,4,6,0,2,0,0,0
gen_02364,3,-7.019,ok,1,0,1,0,4,6,0,2,0,0,0
gen_02365,1,-7.374,ok,1,0,1,1,4,5,2,1,0,0,0
gen_02365,2,-7.254,ok,1,0,1,1,4,5,2,1,0,0,0
gen_02366,1,-6.873,ok,1,0,0,1,5,2,2,0,0,0,1
gen_02366,2,-6.854,ok,1,0,0,1,5,2,2,0,0,0,0
gen_02366,3,-6.848,ok,1,0,0,1,5,2,2,0,0,0,0
gen_02366,4,-6.77,ok,1,0,1,0,4,5,1,0,0,0,0
gen_02366,5,-6.769,ok,1,0,1,0,4,6,1,0,0,0,0
gen_02367,1,-8.339,ok,1,0,1,1,4,5,5,0,0,0,0
gen_02367,2,-8.321,ok,1,0,1,1,4,5,5,0,0,0,0
gen_02368,1,-8.087,ok,1,0,0,1,4,5,2,0,1,0,0
gen_02368,2,-8.055,ok,1,0,0,1,4,5,2,0,1,0,0
gen_02369,1,-8.07,ok,1,0,0,1,5,4,3,0,0,0,0
gen_02369,2,-8.058,ok,1,0,0,1,5,3,3,0,0,0,0
gen_02370,1,-8.345,ok,1,0,0,1,4,6,5,0,0,0,0
gen_02370,2,-8.341,ok,1,0,0,1,4,5,5,0,0,0,0
gen_02371,1,-8.442,ok,1,0,0,1,4,9,4,0,0,0,0
gen_02371,2,-8.369,ok,1,0,0,1,4,9,6,0,0,0,0
gen_02371,3,-8.102,ok,1,0,0,1,4,3,4,0,0,0,0
gen_02371,4,-8.048,ok,0,0,0,1,0,2,4,0,0,0,0
gen_02371,5,-8.022,ok,0,0,0,1,0,2,4,0,0,0,0
gen_02371,6,-8.006,ok,1,0,0,1,4,5,5,0,0,0,0
gen_02371,7,-8.002,ok,1,0,0,1,4,6,5,0,0,0,0
gen_02371,8,-7.993,ok,1,0,0,1,4,5,4,0,0,0,0
gen_02371,9,-7.956,ok,1,0,0,1,4,5,4,0,0,0,0
gen_02371,10,-7.95,ok,1,0,0,1,4,5,5,0,0,0,0
gen_02372,1,-7.121,ok,1,0,0,1,4,6,2,0,0,0,0
gen_02373,1,-6.718,ok,1,0,0,1,5,3,1,0,2,0,1
gen_02374,1,-7.522,ok,0,0,1,1,0,7,6,0,0,0,0
gen_02374,2,-7.356,ok,0,0,0,1,0,5,3,0,0,0,0
gen_02374,3,-7.34,ok,0,0,0,1,0,5,2,0,0,0,0
gen_02375,1,-8.512,ok,1,0,1,0,4,5,3,1,0,0,1
gen_02375,2,-8.492,ok,1,0,1,0,4,5,3,1,0,0,1
gen_02375,3,-8.49,ok,1,0,1,0,4,5,3,1,0,0,0
gen_02375,4,-8.444,ok,1,0,1,0,4,5,3,1,0,0,0
gen_02375,5,-8.423,ok,1,0,1,0,4,5,3,1,0,0,0
gen_02375,6,-8.405,ok,1,0,1,0,4,5,3,1,0,0,0
gen_02376,1,-7.394,ok,1,0,0,1,4,6,4,0,0,0,0
gen_02376,2,-7.387,ok,1,0,0,1,4,6,4,0,0,0,0
gen_02377,1,-7.037,ok,1,0,0,1,4,6,3,0,0,0,0
gen_02377,2,-7.019,ok,1,0,0,1,4,5,3,0,0,0,0
gen_02377,3,-7.008,ok,1,0,0,1,4,5,3,0,0,0,0
gen_02378,1,-7.946,ok,0,0,1,1,0,4,6,0,0,0,0
gen_02378,2,-7.926,ok,0,0,1,1,0,3,6,0,0,0,0
gen_02378,3,-7.767,ok,1,0,1,1,4,4,6,0,0,0,0
gen_02378,4,-7.678,ok,0,0,1,1,0,4,3,0,0,0,0
gen_02378,5,-7.675,ok,0,0,1,1,0,5,3,0,0,0,0
gen_02378,6,-7.577,ok,1,0,1,1,4,5,6,0,0,0,0
gen_02378,7,-7.212,ok,0,0,1,1,0,3,6,0,0,0,0
gen_02378,8,-7.081,ok,1,0,1,1,4,4,3,0,0,0,0
gen_02378,9,-6.997,ok,1,0,0,1,4,6,3,0,0,0,0
gen_02379,1,-7.009,ok,0,0,1,1,0,1,5,0,0,0,0
gen_02379,2,-6.981,ok,0,0,1,1,0,1,5,0,0,0,0
gen_02379,3,-6.974,ok,0,0,1,1,0,1,6,0,0,0,0
gen_02380,1,-7.693,ok,1,0,0,1,4,8,1,0,0,0,0
gen_02380,2,-7.691,ok,1,0,0,1,4,8,2,0,0,0,0
gen_02381,1,-8.1,ok,1,0,0,1,4,5,2,0,0,0,1
gen_02381,2,-8.086,ok,1,0,1,1,4,5,3,0,0,0,1
gen_02381,3,-8.076,ok,1,0,0,1,4,5,2,0,0,0,1
gen_02381,4,-8.071,ok,1,0,1,1,4,5,3,0,0,0,1
gen_02381,5,-7.8,ok,1,0,1,1,4,1,2,0,1,0,0
gen_02381,6,-7.783,ok,1,0,1,1,4,1,2,0,1,0,0
gen_02382,1,-8.138,ok,1,0,0,1,5,3,4,0,0,0,0
gen_02382,2,-8.117,ok,1,0,0,1,5,5,4,0,0,0,0
gen_02383,1,-7.241,ok,1,0,0,1,4,4,2,0,0,0,0
gen_02383,2,-7.208,ok,1,0,0,0,4,5,0,0,0,0,0
gen_02383,3,-7.207,ok,1,0,0,0,4,5,0,0,0,0,0
gen_02383,4,-7.2,ok,1,0,0,0,4,4,0,0,0,0,0
gen_02383,5,-7.19,ok,1,0,0,1,4,4,2,0,0,0,0
gen_02383,6,-7.185,ok,1,0,0,1,4,4,2,0,0,0,0
gen_02383,7,-7.171,ok,1,0,0,0,4,4,0,0,0,0,0
gen_02383,8,-7.131,ok,1,0,0,1,4,5,2,0,0,0,0
gen_02383,9,-7.12,ok,1,0,0,0,4,5,0,0,0,0,0
gen_02383,10,-7.111,ok,1,0,0,1,4,2,5,0,0,0,0
gen_02383,11,-7.108,ok,1,0,0,0,4,4,0,0,0,0,0
gen_02384,1,-7.217,ok,1,0,1,0,4,6,4,0,0,0,0
gen_02384,2,-7.168,ok,1,0,0,1,4,3,3,0,0,0,0
gen_02384,3,-7.146,ok,1,0,0,0,4,3,2,0,0,0,0
gen_02384,4,-7.137,ok,1,0,0,0,5,3,2,0,0,0,0
gen_02384,5,-7.121,ok,1,0,0,0,5,3,2,0,0,0,0
gen_02384,6,-7.053,ok,1,0,0,0,4,3,2,0,0,0,0
gen_02384,7,-7.052,ok,1,0,0,1,4,3,4,0,0,0,0
gen_02385,1,-6.964,ok,1,0,1,0,4,4,1,1,0,0,0
gen_02385,2,-6.915,ok,0,0,1,0,3,5,1,1,0,0,0
gen_02385,3,-6.788,ok,1,0,0,1,5,3,4,0,0,0,0
gen_02385,4,-6.774,ok,1,0,0,1,5,3,4,0,0,0,0
gen_02386,1,-7.494,ok,1,0,1,1,4,7,2,1,0,0,0
gen_02386,2,-7.49,ok,1,0,1,1,4,8,2,1,0,0,0
gen_02386,3,-7.458,ok,1,0,1,1,4,7,2,1,0,0,0
gen_02387,1,-7.31,ok,1,0,1,1,4,5,5,0,0,0,0
gen_02387,2,-7.304,ok,1,0,1,1,4,6,5,0,0,0,0
gen_02387,3,-7.304,ok,1,0,1,1,4,6,5,0,0,0,0
gen_02387,4,-7.302,ok,1,0,1,1,4,6,4,0,0,0,0
gen_02388,1,-7.64,ok,1,0,0,1,4,3,4,0,0,0,1
gen_02388,2,-7.565,ok,1,0,0,1,5,3,4,0,0,0,1
gen_02388,3,-7.513,ok,1,0,0,1,5,3,4,0,0,0,1
gen_02388,4,-7.455,ok,1,0,0,1,4,3,4,0,0,0,1
gen_02389,1,-7.698,ok,1,0,0,0,4,5,0,0,0,0,1
gen_02389,2,-7.691,ok,1,0,0,1,4,5,1,0,0,0,1
gen_02389,3,-7.689,ok,1,0,0,1,4,5,1,0,0,0,1
gen_02390,1,-7.171,ok,0,0,1,1,3,4,1,0,0,0,0
gen_02391,1,-7.821,ok,1,0,1,1,4,7,5,0,0,0,0
gen_02391,2,-7.798,ok,1,0,1,1,4,7,5,0,0,0,0
gen_02391,3,-7.781,ok,1,0,1,1,4,6,5,0,0,0,0
gen_02391,4,-7.643,ok,1,0,1,1,4,6,5,0,0,0,0
gen_02391,5,-7.531,ok,1,0,0,1,4,6,4,0,0,0,0
gen_02392,1,-7.263,ok,1,0,0,1,4,1,2,0,0,0,0
gen_02393,1,-7.008,ok,1,0,1,1,4,5,3,0,0,0,0
gen_02393,2,-6.978,ok,1,0,1,1,4,4,3,0,0,0,0
gen_02393,3,-6.963,ok,1,0,1,1,4,4,3,0,0,0,0
gen_02394,1,-7.565,ok,0,0,1,1,3,6,4,0,0,0,0
gen_02394,2,-7.43,ok,1,0,0,1,4,5,3,0,0,0,0
gen_02395,1,-7.274,ok,0,0,1,1,3,7,2,0,0,0,0
gen_02395,2,-7.246,ok,0,0,1,1,3,7,2,0,0,0,0
gen_02395,3,-7.23,ok,0,0,1,1,3,7,2,0,0,0,0
gen_02395,4,-7.211,ok,0,0,1,1,3,7,2,0,0,0,0
gen_02395,5,-7.197,ok,0,0,1,1,3,7,2,0,0,0,0
gen_02395,6,-7.184,ok,0,0,1,1,3,7,2,0,0,0,0
gen_02395,7,-7.162,ok,0,0,1,1,3,7,2,0,0,0,0
gen_02395,8,-7.158,ok,0,0,1,1,3,7,2,0,0,0,0
gen_02395,9,-7.139,ok,0,0,1,1,3,7,2,0,0,0,0
gen_02396,1,-8.605,ok,0,0,1,1,3,5,4,0,0,0,0
gen_02396,2,-8.598,ok,0,0,1,1,3,5,4,0,0,0,0
gen_02396,3,-8.587,ok,0,0,1,1,3,6,4,0,0,0,0
gen_02396,4,-8.58,ok,0,0,1,1,3,6,4,0,0,0,0
gen_02396,5,-8.576,ok,0,0,1,1,3,5,4,0,0,0,0
gen_02396,6,-8.428,ok,0,0,1,1,3,5,4,0,0,0,0
gen_02396,7,-8.42,ok,0,0,1,1,3,5,4,0,0,0,0
gen_02396,8,-8.377,ok,1,0,1,1,4,5,4,0,0,0,0
gen_02396,9,-8.276,ok,1,0,0,1,4,6,6,0,0,0,0
gen_02397,1,-8.471,ok,1,0,1,0,4,6,4,1,0,0,0
gen_02397,2,-8.445,ok,1,0,1,0,4,5,4,1,0,0,0
gen_02397,3,-8.376,ok,1,0,1,0,4,5,2,1,0,0,0
gen_02398,1,-8.198,ok,0,0,1,1,3,2,4,0,2,0,0
gen_02398,2,-8.168,ok,0,0,1,1,3,2,4,0,2,0,0
gen_02398,3,-8.145,ok,0,0,1,1,3,2,4,0,2,0,0
gen_02398,4,-8.132,ok,0,0,1,1,3,2,5,0,2,0,0
gen_02398,5,-8.124,ok,0,0,1,1,3,2,4,0,2,0,0
gen_02398,6,-8.093,ok,0,0,1,1,3,2,5,0,2,0,0
gen_02398,7,-8.06,ok,0,0,1,1,3,2,5,0,2,0,0
gen_02399,1,-7.11,ok,1,0,1,1,4,7,3,0,0,0,0
gen_02399,2,-7.079,ok,1,0,0,1,4,6,3,0,0,0,0
gen_02399,3,-7.076,ok,0,0,1,1,3,7,3,0,0,0,0
gen_02399,4,-6.98,ok,1,0,1,1,4,7,3,0,0,0,0
gen_02400,1,-7.428,ok,1,0,0,1,5,3,5,0,0,0,0
gen_02400,2,-7.428,ok,1,0,0,1,5,3,5,0,0,0,0
gen_02400,3,-7.413,ok,1,0,0,1,5,3,5,0,0,0,0
gen_02401,1,-7.697,ok,1,0,0,1,4,5,3,0,0,0,0
gen_02401,2,-7.692,ok,1,0,0,1,4,5,3,0,0,0,0
gen_02401,3,-7.687,ok,1,0,0,1,4,5,3,0,0,0,0
gen_02401,4,-7.675,ok,0,0,0,1,3,6,3,0,0,0,0
gen_02401,5,-7.669,ok,1,0,0,1,5,3,4,0,0,0,0
gen_02401,6,-7.668,ok,1,0,0,1,5,3,4,0,0,0,0
gen_02401,7,-7.665,ok,1,0,0,1,4,6,3,0,0,0,0
gen_02401,8,-7.66,ok,1,0,0,1,4,5,4,0,0,0,0
gen_02401,9,-7.635,ok,1,0,0,1,4,6,3,0,0,0,0
gen_02401,10,-7.631,ok,1,0,0,1,4,6,3,0,0,0,0
gen_02402,1,-7.091,ok,1,0,0,1,4,6,3,0,0,0,0
gen_02403,1,-7.531,ok,1,0,0,1,4,4,3,0,0,0,0
gen_02404,1,-7.6,ok,1,0,1,1,4,5,1,1,0,0,0
gen_02404,2,-7.598,ok,1,0,1,1,4,5,1,1,0,0,0
gen_02404,3,-7.531,ok,1,0,1,1,4,6,1,1,0,0,0
gen_02404,4,-7.523,ok,1,0,1,1,4,6,1,1,0,0,0
gen_02405,1,-6.732,ok,1,0,1,0,4,5,2,1,0,0,0
gen_02405,2,-6.676,ok,1,0,0,1,4,1,2,0,0,0,0
gen_02406,1,-8.342,ok,1,0,1,0,4,6,1,1,0,0,2
gen_02406,2,-8.337,ok,1,0,1,0,4,5,1,1,0,0,1
gen_02406,3,-8.322,ok,1,0,1,0,4,6,1,1,0,0,2
gen_02406,4,-8.297,ok,1,0,1,0,4,6,1,1,0,0,0
gen_02406,5,-8.255,ok,1,0,1,0,4,6,1,1,0,0,0
gen_02406,6,-8.243,ok,1,0,1,0,4,5,1,1,0,0,3
gen_02406,7,-8.098,ok,1,0,1,0,4,6,0,1,0,0,2
gen_02406,8,-8.071,ok,1,0,0,1,5,3,3,0,0,0,1
gen_02406,9,-8.071,ok,1,0,0,1,5,3,3,0,0,0,1
gen_02406,10,-8.04,ok,1,0,1,0,4,5,1,1,0,0,1
gen_02406,11,-7.948,ok,1,0,0,0,5,3,1,0,0,0,0
gen_02407,1,-7.199,ok,0,0,1,0,0,1,1,0,0,0,0
gen_02407,2,-7.19,ok,0,0,0,1,0,0,3,0,0,0,0
gen_02407,3,-7.169,ok,0,0,1,0,0,1,1,0,0,0,0
gen_02407,4,-7.168,ok,0,0,0,1,0,0,3,0,0,0,0
gen_02407,5,-7.103,ok,0,0,0,1,0,0,2,0,0,0,0
gen_02408,1,-7.884,ok,1,0,1,1,4,5,5,0,0,0,0
gen_02408,2,-7.833,ok,1,0,1,1,4,4,4,0,0,0,0
gen_02408,3,-7.777,ok,1,0,0,1,4,6,4,0,0,0,0
gen_02408,4,-7.761,ok,1,0,1,1,4,6,7,0,0,0,0
gen_02408,5,-7.747,ok,0,0,1,1,0,2,3,0,0,0,0
gen_02408,6,-7.672,ok,0,0,1,1,0,4,6,0,0,0,0
gen_02408,7,-7.667,ok,1,0,1,1,4,6,7,0,0,0,0
gen_02408,8,-7.666,ok,0,0,1,1,0,2,3,0,0,0,0
gen_02408,9,-7.65,ok,1,0,1,1,4,6,5,0,0,0,0
gen_02408,10,-7.576,ok,1,0,1,1,4,5,5,0,0,0,0
gen_02409,1,-7.379,ok,1,0,0,1,4,5,1,0,1,0,0
gen_02409,2,-7.358,ok,1,0,0,1,4,5,1,0,1,0,0
gen_02409,3,-7.333,ok,1,0,0,1,4,6,1,0,1,0,0
gen_02409,4,-7.33,ok,1,0,0,1,4,6,1,0,1,0,0
gen_02409,5,-7.285,ok,1,0,0,1,4,6,1,0,1,0,0
gen_02409,6,-7.277,ok,1,0,0,1,5,5,2,0,1,0,0
gen_02410,1,-7.066,ok,1,0,1,1,4,6,3,1,0,0,0
gen_02410,2,-7.033,ok,0,0,1,1,3,4,2,1,0,0,0
gen_02410,3,-7.026,ok,0,0,1,1,3,3,2,1,0,0,0
gen_02410,4,-7.013,ok,0,0,1,1,3,3,2,1,0,0,0
gen_02410,5,-7.008,ok,0,0,1,1,3,3,2,1,0,0,0
gen_02410,6,-6.998,ok,0,0,1,1,3,4,2,1,0,0,0
gen_02411,1,-7.122,ok,0,0,0,1,3,5,2,0,0,0,0
gen_02411,2,-7.086,ok,0,0,0,1,3,5,1,0,0,0,0
gen_02412,1,-7.599,ok,0,0,0,1,3,6,2,0,0,0,1
gen_02412,2,-7.525,ok,0,0,0,1,3,6,2,0,0,0,1
gen_02412,3,-7.522,ok,0,0,0,1,3,6,2,0,0,0,1
gen_02412,4,-7.45,ok,0,0,0,1,3,4,3,0,0,0,2
gen_02412,5,-7.372,ok,0,0,0,1,3,6,3,0,0,0,1
gen_02413,1,-7.451,ok,1,0,0,1,4,6,2,0,0,0,0
gen_02413,2,-7.367,ok,1,0,0,1,4,6,2,0,0,0,0
gen_02413,3,-7.301,ok,1,0,0,1,4,5,2,0,0,0,0
gen_02413,4,-7.266,ok,1,0,1,1,4,7,3,0,0,0,0
gen_02414,1,-8.022,ok,0,0,0,1,3,0,3,0,0,0,0
gen_02414,2,-7.986,ok,0,0,0,1,3,0,3,0,0,0,0
gen_02414,3,-7.924,ok,0,0,0,1,3,0,3,0,0,0,0
gen_02414,4,-7.848,ok,1,0,0,1,4,5,4,1,0,0,0
gen_02414,5,-7.84,ok,0,0,0,1,3,4,3,0,0,0,0
gen_02414,6,-7.835,ok,0,0,0,1,3,4,3,0,0,0,0
gen_02414,7,-7.834,ok,0,0,1,1,0,2,3,1,1,0,0
gen_02414,8,-7.823,ok,0,0,0,1,3,4,3,0,0,0,0
gen_02414,9,-7.744,ok,0,0,0,1,0,5,4,0,1,0,0
gen_02415,1,-6.98,ok,1,0,1,0,4,5,0,1,0,0,0
gen_02415,2,-6.937,ok,1,0,1,0,4,5,0,1,0,0,0
gen_02415,3,-6.919,ok,1,0,1,0,4,5,0,1,0,0,0
gen_02416,1,-7.881,ok,1,0,1,0,4,3,1,1,0,0,0
gen_02416,2,-7.782,ok,1,0,1,0,4,3,2,1,0,0,0
gen_02417,1,-7.154,ok,1,0,0,1,4,5,2,1,0,0,0
gen_02417,2,-7.114,ok,1,0,0,1,4,5,2,1,0,0,0
gen_02417,3,-7.006,ok,1,0,0,1,4,5,1,1,0,0,0
gen_02418,1,-7.066,ok,1,0,0,1,5,3,3,0,0,0,1
gen_02418,2,-7.059,ok,1,0,0,1,5,3,2,0,0,0,1
gen_02418,3,-7.037,ok,1,0,0,1,5,3,2,0,0,0,1
gen_02419,1,-7.749,ok,1,0,1,1,4,5,2,2,0,0,0
gen_02419,2,-7.59,ok,1,0,1,1,4,5,3,0,0,0,0
gen_02420,1,-7.235,ok,1,0,0,1,4,6,2,1,0,0,0
gen_02420,2,-7.232,ok,1,0,0,1,4,6,2,1,0,0,0
gen_02420,3,-7.223,ok,1,0,0,1,4,6,2,1,0,0,0
gen_02420,4,-7.216,ok,1,0,0,1,4,6,2,1,0,0,0
gen_02421,1,-7.24,ok,0,0,0,0,3,3,1,1,1,0,0
gen_02421,2,-7.224,ok,1,0,1,1,4,1,3,0,0,0,0
gen_02421,3,-7.221,ok,0,0,0,0,3,3,1,1,1,0,0
gen_02421,4,-7.206,ok,1,0,1,1,4,1,3,0,0,0,0
gen_02421,5,-7.186,ok,1,0,1,1,4,1,3,0,0,0,0
gen_02421,6,-7.06,ok,0,0,0,0,3,3,1,1,1,0,0
gen_02421,7,-7.042,ok,0,0,0,0,3,3,1,1,1,0,0
gen_02421,8,-7.034,ok,1,0,1,1,4,1,3,0,0,0,0
gen_02422,1,-7.639,ok,1,0,0,1,4,5,2,1,0,0,0
gen_02422,2,-7.594,ok,1,0,0,1,4,5,2,1,0,0,0
gen_02423,1,-7.357,ok,1,0,1,1,4,6,3,1,0,0,0
gen_02423,2,-7.351,ok,1,0,0,1,4,6,3,1,0,0,0
gen_02424,1,-6.991,ok,1,0,1,1,4,5,1,1,0,0,0
gen_02424,2,-6.882,ok,1,0,1,1,4,6,1,1,0,0,0
gen_02425,1,-118.54,ok,0,0,0,0,0,0,1,0,0,0,0
gen_02426,1,-8.382,ok,1,0,1,1,5,6,4,0,0,0,1
gen_02426,2,-8.368,ok,1,0,1,1,5,6,4,0,0,0,1
gen_02427,1,-8.033,ok,1,0,0,1,4,5,2,0,0,0,0
gen_02427,2,-8.013,ok,1,0,0,1,4,5,2,0,0,0,0
gen_02427,3,-7.996,ok,1,0,1,1,4,5,3,0,0,0,0
gen_02427,4,-7.989,ok,1,0,0,1,4,5,2,0,0,0,0
gen_02428,1,-8.931,ok,1,0,0,1,4,7,2,1,0,0,1
gen_02429,1,-7.526,ok,1,0,1,1,5,3,5,0,0,0,0
gen_02429,2,-7.364,ok,0,0,1,1,3,3,4,0,0,0,0
gen_02429,3,-7.332,ok,1,0,1,1,4,0,3,0,0,0,0
gen_02429,4,-7.236,ok,1,0,0,1,4,5,3,1,0,0,0
gen_02430,1,-6.831,ok,1,0,0,1,4,5,1,0,0,0,0
gen_02430,2,-6.716,ok,0,0,0,0,3,5,0,0,0,0,0
gen_02431,1,-8.232,ok,1,0,0,1,4,6,3,0,0,0,0
gen_02431,2,-8.222,ok,1,0,0,1,4,5,2,0,0,0,0
gen_02431,3,-8.175,ok,1,0,0,1,4,6,3,0,0,0,0
gen_02431,4,-8.155,ok,1,0,0,1,4,6,3,0,0,0,0
gen_02431,5,-8.155,ok,1,0,0,1,4,5,3,0,0,0,0
gen_02432,1,-7.823,ok,1,0,0,1,4,5,2,0,0,0,0
gen_02432,2,-7.801,ok,1,0,0,1,4,5,2,0,0,0,0
gen_02433,1,-7.092,ok,0,0,0,1,3,3,2,0,0,0,0
gen_02433,2,-7.081,ok,0,0,0,1,3,3,2,0,0,0,0
gen_02433,3,-7.032,ok,0,0,0,1,3,3,1,0,0,0,0
gen_02433,4,-7.03,ok,0,0,0,1,3,3,2,0,0,0,0
gen_02433,5,-7.017,ok,0,0,0,1,3,4,2,0,0,0,0
gen_02434,1,-6.199,ok,1,0,0,1,4,6,2,0,0,0,0
gen_02434,2,-6.181,ok,1,0,0,1,4,3,3,0,0,0,0
gen_02434,3,-6.178,ok,1,0,0,1,5,3,1,0,0,0,0
gen_02434,4,-6.148,ok,1,0,0,1,4,6,1,0,0,0,0
gen_02434,5,-6.142,ok,1,0,0,1,5,3,2,0,0,0,0
gen_02434,6,-5.973,ok,1,0,0,1,4,5,2,0,0,0,0
gen_02434,7,-5.949,ok,1,0,0,1,4,5,2,0,0,0,0
gen_02435,1,-7.545,ok,0,0,0,1,0,0,5,0,1,0,0
gen_02435,2,-7.517,ok,0,0,0,1,0,0,5,0,1,0,0
gen_02435,3,-7.513,ok,0,0,0,1,0,0,5,0,1,0,0
gen_02435,4,-7.472,ok,0,0,0,1,0,0,5,0,1,0,0
gen_02436,1,-7.793,ok,1,0,1,1,4,5,3,0,0,0,0
gen_02436,2,-7.789,ok,1,0,1,1,4,5,3,0,0,0,0
gen_02436,3,-7.746,ok,1,0,1,1,4,6,2,0,0,0,0
gen_02436,4,-7.739,ok,1,0,1,1,4,6,3,0,0,0,0
gen_02437,1,-7.959,ok,1,0,1,0,4,7,2,1,0,0,0
gen_02437,2,-7.928,ok,1,0,1,0,4,8,2,1,0,0,0
gen_02437,3,-7.892,ok,1,0,1,0,4,6,2,1,0,0,0
gen_02437,4,-7.89,ok,1,0,1,0,4,6,2,1,0,0,0
gen_02437,5,-7.858,ok,1,0,1,0,4,8,2,1,0,0,0
gen_02437,6,-7.729,ok,1,0,1,0,4,6,2,1,0,0,0
gen_02437,7,-7.708,ok,1,0,1,0,4,7,2,1,0,0,0
gen_02438,1,-7.21,ok,1,0,1,0,4,6,1,1,0,0,0
gen_02438,2,-7.155,ok,1,0,1,0,4,5,1,1,0,0,0
gen_02438,3,-7.138,ok,1,0,1,0,4,5,1,1,0,0,0
gen_02438,4,-7.102,ok,1,0,1,0,5,3,2,2,0,0,0
gen_02438,5,-6.965,ok,1,0,1,1,5,4,4,0,0,0,0
gen_02438,6,-6.94,ok,1,0,0,1,4,6,4,0,0,0,0
gen_02438,7,-6.892,ok,1,0,1,1,5,4,5,0,0,0,0
gen_02439,1,-7.269,ok,1,0,1,1,5,5,2,0,0,0,0
gen_02439,2,-7.186,ok,0,0,0,1,3,2,3,0,0,0,0
gen_02439,3,-7.173,ok,0,0,0,1,3,2,3,0,0,0,0
gen_02439,4,-7.164,ok,0,0,0,1,3,2,3,0,0,0,0
gen_02439,5,-7.152,ok,0,0,0,1,3,2,3,0,0,0,0
gen_02440,1,-6.924,ok,1,0,0,1,4,6,3,0,0,0,0
gen_02440,2,-6.878,ok,1,0,0,1,4,6,3,0,0,0,0
gen_02440,3,-6.754,ok,1,0,0,1,4,6,3,0,0,0,0
gen_02441,1,-6.798,ok,1,0,0,1,4,3,3,0,0,0,0
gen_02441,2,-6.792,ok,1,0,0,1,4,3,2,0,0,0,0
gen_02442,1,-7.829,ok,0,0,1,1,3,5,4,0,0,0,0
gen_02442,2,-7.769,ok,0,0,1,1,3,5,4,0,0,0,0
gen_02442,3,-7.687,ok,0,0,1,1,3,2,3,0,0,0,0
gen_02443,1,-6.786,ok,1,0,0,1,5,3,3,0,0,0,0
gen_02443,2,-6.712,ok,1,0,0,1,5,3,4,0,0,0,0
gen_02443,3,-6.665,ok,1,0,0,1,5,3,4,0,0,0,0
gen_02443,4,-6.628,ok,1,0,0,1,4,3,4,0,0,0,0
gen_02444,1,-7.613,ok,0,0,0,0,3,6,0,0,2,0,0
gen_02444,2,-7.61,ok,0,0,0,0,3,6,0,0,0,0,0
gen_02444,3,-7.59,ok,0,0,0,0,3,5,0,0,0,0,1
gen_02445,1,-7.832,ok,0,0,1,1,3,2,4,1,0,0,0
gen_02445,2,-7.768,ok,0,0,1,1,3,2,4,1,0,0,1
gen_02445,3,-7.634,ok,0,0,1,1,3,4,3,1,0,0,0
gen_02445,4,-7.626,ok,0,0,1,1,3,2,3,1,0,0,0
gen_02445,5,-7.419,ok,0,0,1,0,3,2,2,1,0,0,0
gen_02445,6,-6.968,ok,0,0,0,1,0,0,2,0,0,0,0
gen_02445,7,-6.967,ok,0,0,0,1,0,0,2,0,0,0,0
gen_02445,8,-6.939,ok,0,0,1,1,3,4,3,0,0,0,0
gen_02445,9,-6.884,ok,0,0,1,1,3,3,2,1,0,0,0
gen_02446,1,-7.76,ok,1,0,1,1,4,5,7,0,0,0,0
gen_02446,2,-7.708,ok,1,0,1,1,4,6,6,0,0,0,0
gen_02446,3,-7.706,ok,1,0,1,1,4,6,7,0,0,0,0
gen_02446,4,-7.57,ok,1,0,0,1,4,5,7,0,0,0,0
gen_02447,1,-6.992,ok,0,0,0,1,3,5,1,0,0,0,0
gen_02447,2,-6.97,ok,0,0,0,1,3,5,2,0,0,0,0
gen_02447,3,-6.95,ok,0,0,0,1,3,5,2,0,0,0,0
gen_02447,4,-6.936,ok,0,0,0,1,3,5,1,0,0,0,0
gen_02448,1,-7.769,ok,0,0,0,1,0,2,7,0,0,0,0
gen_02448,2,-7.738,ok,0,0,0,1,0,2,7,0,0,0,0
gen_02448,3,-7.6,ok,0,0,0,1,0,2,6,0,0,0,0
gen_02448,4,-7.586,ok,1,0,1,1,4,6,2,0,0,0,0
gen_02448,5,-7.543,ok,1,0,1,1,4,6,2,0,0,0,0
gen_02448,6,-7.51,ok,0,0,0,1,0,2,6,0,0,0,0
gen_02448,7,-7.4,ok,1,0,1,1,4,5,3,1,0,0,0
gen_02449,1,-7.241,ok,1,0,0,1,5,5,1,0,0,0,0
gen_02450,1,-6.976,ok,0,0,0,1,0,7,1,0,1,0,0
gen_02450,2,-6.932,ok,1,0,0,0,5,3,0,0,0,0,0
gen_02450,3,-6.915,ok,1,0,0,1,4,1,2,0,0,0,0
gen_02450,4,-6.885,ok,0,0,0,1,3,7,1,0,1,0,0
gen_02450,5,-6.873,ok,1,0,0,1,4,2,2,0,0,0,0
gen_02451,1,-7.597,ok,0,0,1,1,0,4,2,0,0,0,0
gen_02451,2,-7.587,ok,1,0,1,0,4,5,3,0,0,0,0
gen_02451,3,-7.506,ok,1,0,1,0,4,4,3,0,0,0,0
gen_02452,1,-7.071,ok,1,0,0,1,4,6,1,0,1,0,0
gen_02452,2,-7.059,ok,1,0,0,1,4,5,2,0,1,0,0
gen_02452,3,-6.989,ok,1,0,1,1,4,6,4,0,0,0,0
gen_02452,4,-6.957,ok,1,0,1,1,4,6,4,0,0,0,0
gen_02452,5,-6.932,ok,1,0,1,1,4,6,3,0,0,0,0
gen_02452,6,-6.912,ok,1,0,0,1,4,6,1,0,1,0,0
gen_02452,7,-6.767,ok,1,0,1,1,4,6,3,0,0,0,0
gen_02452,8,-6.749,ok,1,0,0,1,4,5,3,0,0,0,1
gen_02453,1,-7.236,ok,1,0,0,1,4,6,3,0,0,0,1
gen_02453,2,-7.194,ok,1,0,0,1,4,6,3,0,0,0,1
gen_02453,3,-7.048,ok,1,0,0,1,4,3,3,0,0,0,1
gen_02453,4,-7.005,ok,1,0,0,1,4,6,3,0,0,0,0
gen_02453,5,-6.993,ok,1,0,0,1,4,3,3,0,0,0,1
gen_02453,6,-6.967,ok,1,0,0,1,4,6,3,0,0,0,0
gen_02453,7,-6.934,ok,1,0,0,1,4,6,2,0,0,0,0
gen_02453,8,-6.918,ok,1,0,0,1,4,6,2,0,0,0,0
gen_02454,1,-7.706,ok,1,0,0,1,4,6,5,0,0,0,0
gen_02454,2,-7.689,ok,1,0,0,1,4,6,5,0,0,0,0
gen_02454,3,-7.659,ok,1,0,0,1,4,6,5,1,0,0,0
gen_02454,4,-7.649,ok,1,0,0,1,4,7,5,0,0,0,0
gen_02454,5,-7.378,ok,1,0,0,1,4,6,3,1,0,0,0
gen_02455,1,-7.109,ok,1,0,0,1,4,6,1,0,0,0,0
gen_02455,2,-7.086,ok,1,0,0,1,4,6,2,0,0,0,0
gen_02455,3,-7.081,ok,1,0,0,1,4,6,2,0,0,0,0
gen_02456,1,-6.933,ok,0,0,0,1,3,3,4,0,0,0,1
gen_02456,2,-6.828,ok,0,0,0,1,3,4,3,0,0,0,1
gen_02456,3,-6.809,ok,0,0,0,0,3,3,1,0,0,0,1
gen_02456,4,-6.786,ok,0,0,0,1,3,4,2,0,0,0,1
gen_02456,5,-6.764,ok,0,0,0,1,3,4,3,0,0,0,0
gen_02456,6,-6.734,ok,0,0,0,0,3,4,1,0,0,0,1
gen_02457,1,-7.395,ok,1,0,0,1,4,5,2,0,0,0,0
gen_02458,1,-7.479,ok,1,0,0,1,4,6,1,1,0,0,1
gen_02458,2,-7.465,ok,1,0,1,1,4,6,5,0,0,0,0
gen_02459,1,-7.218,ok,0,1,0,1,0,2,2,0,0,0,0
gen_02459,2,-7.218,ok,0,0,0,1,0,2,2,0,0,0,0
gen_02460,1,-6.93,ok,1,0,1,1,4,4,3,0,0,0,0
gen_02460,2,-6.876,ok,1,0,1,1,4,4,3,0,0,0,0
gen_02460,3,-6.865,ok,1,0,1,1,4,5,3,0,0,0,0
gen_02460,4,-6.825,ok,1,0,1,1,4,4,3,0,0,0,0
gen_02461,1,-7.202,ok,1,0,0,1,4,5,1,0,0,0,0
gen_02461,2,-7.183,ok,1,0,0,1,4,5,1,0,0,0,0
gen_02461,3,-7.15,ok,1,0,0,1,4,5,1,0,0,0,0
gen_02461,4,-7.122,ok,1,0,0,1,4,6,1,0,0,0,0
gen_02461,5,-7.099,ok,1,0,0,1,4,6,1,0,0,0,0
gen_02461,6,-7.087,ok,1,0,0,1,4,6,1,0,0,0,0
gen_02461,7,-6.937,ok,1,0,0,1,4,6,1,0,0,0,0
gen_02461,8,-6.888,ok,1,0,0,1,4,6,1,0,0,0,0
gen_02462,1,-7.09,ok,1,0,0,1,4,3,3,0,0,0,0
gen_02462,2,-7.046,ok,1,0,0,1,4,6,2,0,0,0,0
gen_02462,3,-7.037,ok,1,0,0,1,4,3,2,0,0,0,0
gen_02462,4,-7.033,ok,1,0,0,1,4,6,2,0,0,0,0
gen_02462,5,-7.027,ok,1,0,0,1,4,5,2,0,0,0,0
gen_02462,6,-7.023,ok,1,0,0,1,4,5,2,0,0,0,0
gen_02463,1,-7.487,ok,1,0,0,1,4,6,1,1,1,0,0
gen_02463,2,-7.478,ok,1,0,0,1,4,6,1,1,1,0,0
gen_02463,3,-7.446,ok,1,0,0,1,4,6,2,0,1,0,0
gen_02463,4,-7.431,ok,1,0,0,1,4,6,2,0,1,0,0
gen_02463,5,-7.427,ok,1,0,0,1,4,6,2,1,1,0,0
gen_02463,6,-7.403,ok,1,0,0,1,4,6,1,1,1,0,0
gen_02463,7,-7.402,ok,1,0,1,0,4,7,1,0,0,0,0
gen_02463,8,-7.392,ok,1,0,0,1,4,6,1,1,1,0,0
gen_02464,1,-7.087,ok,1,0,1,0,4,5,3,1,0,0,0
gen_02464,2,-7.065,ok,1,0,1,0,4,5,3,1,0,0,0
gen_02464,3,-7.046,ok,1,0,1,0,4,3,3,1,0,0,0
gen_02464,4,-7.034,ok,1,0,1,1,4,6,4,1,0,0,0
gen_02464,5,-7.004,ok,1,0,1,0,4,5,3,1,0,0,0
gen_02464,6,-6.988,ok,1,0,1,1,4,6,5,1,0,0,0
gen_02464,7,-6.984,ok,1,0,1,1,4,6,4,1,0,0,0
gen_02464,8,-6.981,ok,1,0,1,1,4,6,4,1,0,0,0
gen_02465,1,-8.134,ok,1,0,0,1,4,3,5,0,0,0,0
gen_02465,2,-8.118,ok,1,0,0,1,4,3,5,0,0,0,0
gen_02465,3,-8.094,ok,1,0,0,1,4,3,5,0,0,0,0
gen_02465,4,-8.075,ok,1,0,0,1,4,3,4,0,0,0,0
gen_02466,1,-7.575,ok,1,0,1,1,4,5,3,1,0,0,1
gen_02466,2,-7.561,ok,1,0,1,1,4,5,3,0,0,0,1
gen_02466,3,-7.56,ok,1,0,1,1,4,5,3,0,0,0,0
gen_02466,4,-7.462,ok,1,0,1,1,4,5,2,1,0,0,0
gen_02467,1,-7.146,ok,0,0,1,1,3,6,3,0,0,0,0
gen_02467,2,-7.141,ok,0,0,1,1,3,6,3,0,0,0,0
gen_02467,3,-7.136,ok,0,0,1,1,3,5,3,0,0,0,0
gen_02467,4,-7.123,ok,0,0,1,1,3,6,3,0,0,0,0
gen_02467,5,-7.121,ok,0,0,1,1,3,5,3,0,0,0,0
gen_02467,6,-7.104,ok,1,0,1,0,4,7,5,1,0,0,0
gen_02467,7,-7.089,ok,1,0,1,0,4,7,5,1,0,0,0
gen_02467,8,-6.786,ok,0,0,1,1,0,0,2,0,0,0,0
gen_02468,1,-8.888,ok,1,0,1,1,4,5,2,0,0,0,0
gen_02468,2,-8.805,ok,1,0,1,1,4,6,5,1,0,0,0
gen_02468,3,-8.798,ok,1,0,1,1,4,6,5,1,0,0,0
gen_02468,4,-8.782,ok,1,0,1,1,4,6,5,1,0,0,0
gen_02468,5,-8.76,ok,1,0,1,1,4,6,3,1,0,0,0
gen_02468,6,-8.751,ok,1,0,1,1,4,5,5,1,0,0,0
gen_02468,7,-8.751,ok,1,0,1,1,4,5,3,0,0,0,0
gen_02469,1,-7.631,ok,1,0,0,1,4,2,2,0,0,0,0
gen_02469,2,-7.586,ok,1,0,0,1,4,3,3,0,0,0,0
gen_02469,3,-7.578,ok,1,0,0,1,4,1,2,0,0,0,0
gen_02469,4,-7.532,ok,1,0,0,1,4,1,2,0,0,0,0
gen_02470,1,-7.792,ok,0,0,0,1,0,3,3,1,1,0,0
gen_02470,2,-7.771,ok,0,0,1,1,0,3,3,0,0,0,0
gen_02470,3,-7.744,ok,0,0,1,1,0,3,3,0,0,0,0
gen_02470,4,-7.73,ok,0,0,1,1,0,3,3,0,0,0,0
gen_02471,1,-7.847,ok,1,0,0,1,4,4,2,1,0,0,0
gen_02471,2,-7.84,ok,1,0,0,1,4,4,2,1,0,0,0
gen_02471,3,-7.838,ok,1,0,0,1,4,4,2,1,0,0,0
gen_02471,4,-7.825,ok,1,0,0,1,4,4,2,1,0,0,0
gen_02472,1,-8.037,ok,1,0,1,0,4,4,4,0,0,0,0
gen_02472,2,-7.953,ok,1,0,1,0,4,4,4,0,0,0,0
gen_02472,3,-7.92,ok,1,0,1,0,4,4,0,1,0,0,0
gen_02472,4,-7.91,ok,1,0,1,0,4,4,0,1,0,0,0
gen_02472,5,-7.871,ok,0,0,0,1,3,6,2,0,0,0,1
gen_02472,6,-7.782,ok,1,0,1,0,4,5,0,1,0,0,0
gen_02472,7,-7.773,ok,0,0,0,1,3,6,2,0,0,0,1
gen_02472,8,-7.71,ok,0,0,0,1,3,5,1,0,0,0,1
gen_02472,9,-7.513,ok,0,0,0,1,3,7,5,0,0,0,0
gen_02472,10,-7.454,ok,0,0,0,1,3,5,3,0,0,0,0
gen_02473,1,-7.33,ok,1,0,0,1,4,7,2,0,0,0,0
gen_02474,1,-7.18,ok,1,0,0,0,4,9,0,1,0,0,0
gen_02474,2,-7.16,ok,1,0,0,0,4,9,0,1,0,0,0
gen_02474,3,-7.128,ok,1,0,0,0,4,5,0,0,0,0,1
gen_02474,4,-7.117,ok,1,0,0,0,4,5,0,0,0,0,1
gen_02474,5,-7.018,ok,1,0,0,0,4,9,0,1,0,0,0
gen_02474,6,-6.931,ok,1,0,0,0,4,6,0,0,0,0,1
gen_02475,1,-7.418,ok,1,0,1,1,4,7,4,0,0,0,0
gen_02475,2,-7.172,ok,1,0,0,1,4,6,3,0,0,0,0
gen_02476,1,-7.361,ok,0,0,1,1,3,2,1,1,0,0,0
gen_02476,2,-7.36,ok,0,0,1,1,3,2,1,1,0,0,0
gen_02476,3,-7.247,ok,0,0,1,0,3,2,0,2,0,0,0
gen_02477,1,-6.428,ok,1,0,1,0,4,6,1,0,0,0,0
gen_02477,2,-6.408,ok,1,0,0,1,4,5,1,1,0,0,0
gen_02478,1,-7.997,ok,0,0,0,1,3,4,4,0,0,0,0
gen_02478,2,-7.981,ok,0,0,0,1,3,4,4,0,0,0,0
gen_02478,3,-7.97,ok,0,0,0,1,3,4,5,0,0,0,0
gen_02478,4,-7.89,ok,0,0,0,1,3,3,4,0,0,0,0
gen_02478,5,-7.867,ok,0,0,0,1,3,3,4,0,0,0,0
gen_02479,1,-7.161,ok,1,0,1,1,4,5,6,0,0,0,0
gen_02479,2,-7.037,ok,1,0,1,1,4,5,3,0,0,0,0
gen_02479,3,-7.031,ok,1,0,1,1,4,5,6,0,0,0,0
gen_02479,4,-6.994,ok,1,0,1,1,4,6,3,0,0,0,0
gen_02480,1,-7.949,ok,1,0,1,1,4,3,6,0,0,0,0
gen_02480,2,-7.93,ok,1,0,1,1,4,3,5,0,0,0,0
gen_02480,3,-7.873,ok,1,0,1,1,4,3,5,0,0,0,0
gen_02481,1,-8.518,ok,1,0,1,0,4,6,1,1,0,0,0
gen_02481,2,-8.413,ok,1,0,1,0,4,6,1,1,0,0,0
gen_02481,3,-8.355,ok,1,0,1,0,4,6,1,1,0,0,0
gen_02481,4,-8.167,ok,1,0,0,1,4,8,3,1,0,0,0
gen_02481,5,-8.15,ok,1,0,0,1,4,8,3,1,0,0,1
gen_02481,6,-8.06,ok,1,0,0,1,4,7,3,1,0,0,0
gen_02481,7,-7.898,ok,1,0,0,1,4,7,3,1,0,0,0
gen_02482,1,-7.761,ok,1,0,1,1,4,6,5,0,0,0,1
gen_02482,2,-7.721,ok,1,0,1,1,4,5,6,0,0,0,1
gen_02482,3,-7.72,ok,0,0,1,1,0,4,7,1,0,0,1
gen_02482,4,-7.72,ok,0,0,1,1,0,5,7,1,0,0,1
gen_02482,5,-7.711,ok,1,0,1,1,4,6,6,0,0,0,1
gen_02482,6,-7.691,ok,1,0,1,1,4,6,6,0,0,0,1
gen_02482,7,-7.643,ok,0,0,1,1,0,4,3,1,0,0,1
gen_02482,8,-7.57,ok,1,0,1,1,4,5,6,0,0,0,1
gen_02482,9,-7.502,ok,1,0,1,1,4,4,7,1,0,0,1
gen_02482,10,-7.482,ok,0,0,1,1,3,2,2,0,0,0,0
gen_02482,11,-7.438,ok,0,0,1,1,3,2,1,0,0,0,0
gen_02483,1,-7.104,ok,1,0,0,1,4,6,2,2,0,0,0
gen_02483,2,-7.079,ok,1,0,0,1,4,5,2,2,0,0,0
gen_02483,3,-6.987,ok,1,0,0,1,5,3,2,1,0,0,0
gen_02484,1,-6.929,ok,1,0,1,0,5,3,2,1,0,0,0
gen_02484,2,-6.703,ok,1,0,1,1,4,1,3,0,0,0,0
gen_02484,3,-6.672,ok,1,0,1,1,4,1,3,0,0,0,0
gen_02485,1,-6.813,ok,1,0,1,0,4,6,3,0,0,0,0
gen_02485,2,-6.804,ok,1,0,1,0,4,6,3,0,0,0,0
gen_02485,3,-6.781,ok,1,0,1,0,4,5,0,1,0,0,0
gen_02485,4,-6.759,ok,1,0,1,0,4,5,0,1,0,0,0
gen_02485,5,-6.679,ok,1,0,1,0,4,5,3,0,0,0,0
gen_02485,6,-6.666,ok,1,0,0,1,5,3,2,0,0,0,0
gen_02485,7,-6.652,ok,1,0,0,1,5,3,2,0,0,0,0
gen_02485,8,-6.641,ok,1,0,1,0,4,5,3,0,0,0,0
gen_02486,1,-7.759,ok,1,0,1,0,4,6,4,0,0,0,0
gen_02486,2,-7.633,ok,0,0,0,1,3,5,3,0,0,0,0
gen_02486,3,-7.573,ok,1,0,0,1,5,4,3,0,0,0,0
gen_02486,4,-7.536,ok,1,0,0,1,5,3,4,0,0,0,0
gen_02486,5,-7.53,ok,0,0,0,1,3,6,4,0,0,0,0
gen_02487,1,-7.038,ok,1,0,0,1,4,5,2,0,0,0,0
gen_02488,1,-7.422,ok,1,0,1,1,4,4,3,0,0,0,0
gen_02488,2,-7.388,ok,1,0,1,0,4,4,1,0,0,0,0
gen_02488,3,-7.38,ok,1,0,1,0,4,4,1,0,0,0,0
gen_02489,1,-6.843,ok,1,0,0,1,4,6,1,0,0,0,0
gen_02490,1,-7.62,ok,0,0,0,1,3,0,3,0,2,0,0
gen_02490,2,-7.612,ok,0,0,0,1,3,0,3,0,2,0,0
gen_02490,3,-7.606,ok,0,0,0,1,3,0,3,0,2,0,0
gen_02490,4,-7.588,ok,0,0,0,1,3,0,3,0,2,0,0
gen_02491,1,-7.382,ok,1,0,1,1,4,6,1,1,0,0,0
gen_02491,2,-7.269,ok,1,0,1,1,4,6,3,0,0,0,0
gen_02491,3,-7.228,ok,1,0,1,1,4,5,1,1,0,0,0
gen_02491,4,-7.011,ok,0,0,0,1,3,6,1,0,0,0,1
gen_02492,1,-7.241,ok,1,0,0,1,4,5,4,1,1,0,1
gen_02492,2,-7.23,ok,1,0,0,1,4,5,4,1,1,0,1
gen_02492,3,-7.185,ok,1,0,0,1,4,5,4,1,1,0,1
gen_02492,4,-7.178,ok,1,0,0,1,4,5,2,1,1,0,1
gen_02492,5,-7.161,ok,1,0,0,1,4,5,4,1,1,0,2
gen_02493,1,-8.768,ok,1,0,0,1,4,5,3,0,0,0,0
gen_02493,2,-8.671,ok,1,0,0,1,4,4,3,0,0,0,0
gen_02493,3,-8.666,ok,1,0,0,1,4,5,5,0,0,0,0
gen_02494,1,-7.412,ok,1,0,0,1,4,7,2,0,0,0,0
gen_02494,2,-7.301,ok,1,0,0,1,4,6,2,0,0,0,0
gen_02494,3,-7.277,ok,1,0,0,1,4,6,2,0,0,0,0
gen_02494,4,-7.219,ok,1,0,0,0,4,6,1,0,0,0,0
gen_02495,1,-7.956,ok,1,0,0,1,4,7,3,0,0,0,0
gen_02495,2,-7.9,ok,1,0,0,1,4,7,3,0,0,0,0
gen_02495,3,-7.829,ok,1,0,0,1,4,6,3,0,0,0,0
gen_02495,4,-7.813,ok,1,0,0,1,4,6,2,0,0,0,0
gen_02496,1,-6.993,ok,1,1,0,1,4,6,1,0,0,0,0
gen_02497,1,-8.105,ok,1,0,1,1,4,6,1,1,0,0,0
gen_02497,2,-8.037,ok,1,0,0,0,4,6,2,0,0,0,0
gen_02497,3,-7.962,ok,1,0,0,1,4,6,2,0,0,0,0
gen_02497,4,-7.959,ok,1,0,0,1,4,5,3,0,0,0,0
gen_02497,5,-7.813,ok,1,0,0,1,4,6,2,0,0,0,0
gen_02498,1,-7.815,ok,0,0,0,1,3,1,3,0,0,0,1
gen_02498,2,-7.806,ok,0,0,0,1,3,1,3,0,0,0,1
gen_02499,1,-6.77,ok,1,0,0,1,4,6,2,0,0,0,0
gen_02499,2,-6.732,ok,1,0,0,1,4,5,2,0,0,0,0
gen_02499,3,-6.718,ok,0,0,0,1,0,1,5,0,0,0,0
gen_02499,4,-6.65,ok,1,0,0,1,4,6,2,0,0,0,0
gen_02500,1,-6.894,ok,1,0,0,1,4,6,1,1,0,0,0
gen_02501,1,-7.437,ok,1,0,1,1,4,5,2,0,1,0,0
gen_02501,2,-7.423,ok,1,0,1,1,4,5,2,0,1,0,0
gen_02501,3,-7.363,ok,1,0,1,1,4,5,2,0,1,0,0
gen_02501,4,-7.344,ok,1,0,1,1,4,6,2,0,1,0,0
gen_02501,5,-7.035,ok,1,0,1,0,4,7,1,0,0,0,0
gen_02502,1,-7.548,ok,1,0,0,1,4,6,2,0,0,0,0
gen_02502,2,-7.545,ok,1,0,0,1,4,5,2,0,0,0,0
gen_02502,3,-7.51,ok,1,0,1,1,4,7,2,0,0,0,0
gen_02503,1,-7.501,ok,0,0,0,1,3,5,4,0,0,0,2
gen_02503,2,-7.497,ok,0,0,0,1,3,4,4,0,0,0,2
gen_02503,3,-7.487,ok,0,0,0,1,3,5,4,0,0,0,2
gen_02503,4,-7.482,ok,0,0,0,1,3,4,4,0,0,0,2
gen_02503,5,-7.482,ok,0,0,0,1,3,5,4,0,0,0,2
gen_02503,6,-7.469,ok,0,0,0,1,3,4,4,0,0,0,2
gen_02503,7,-7.447,ok,0,0,0,1,3,4,4,0,0,0,2
gen_02504,1,-7.027,ok,1,0,0,1,4,5,1,1,0,0,0
gen_02504,2,-7.025,ok,1,0,0,1,4,5,1,1,0,0,0
gen_02504,3,-6.994,ok,1,0,0,1,4,5,1,1,0,0,0
gen_02504,4,-6.973,ok,1,0,0,1,4,5,1,1,0,0,0
gen_02504,5,-6.963,ok,1,0,0,1,4,5,1,1,0,0,0
gen_02505,1,-7.362,ok,1,0,0,1,4,6,1,0,0,0,0
gen_02505,2,-7.362,ok,1,0,0,1,4,5,1,0,0,0,0
gen_02505,3,-7.358,ok,1,0,0,1,4,5,1,0,0,0,0
gen_02506,1,-7.798,ok,1,0,0,1,4,5,5,0,0,0,0
gen_02506,2,-7.76,ok,1,0,0,1,4,5,5,0,0,0,0
gen_02506,3,-7.745,ok,1,0,0,1,4,5,4,0,0,0,0
gen_02506,4,-7.709,ok,1,0,0,1,4,5,4,0,0,0,0
gen_02506,5,-7.677,ok,1,0,0,1,4,5,4,0,0,0,0
gen_02506,6,-7.642,ok,1,0,0,1,4,5,4,0,0,0,0
gen_02506,7,-7.62,ok,1,0,0,1,4,5,4,0,0,0,0
gen_02507,1,-6.882,ok,1,0,0,1,5,4,2,0,0,0,0
gen_02507,2,-6.801,ok,1,0,0,1,5,5,2,0,0,0,0
gen_02507,3,-6.799,ok,1,0,0,1,5,4,2,0,0,0,0
gen_02507,4,-6.778,ok,1,0,0,1,5,4,2,0,0,0,0
gen_02507,5,-6.667,ok,1,0,0,1,4,0,1,0,1,0,0
gen_02507,6,-6.632,ok,1,0,0,1,4,0,1,0,1,0,0
gen_02508,1,-7.77,ok,0,0,1,1,3,6,4,0,0,0,0
gen_02508,2,-7.745,ok,0,0,1,1,3,7,4,0,0,0,0
gen_02508,3,-7.647,ok,1,0,0,1,4,5,1,0,0,0,0
gen_02508,4,-7.643,ok,1,0,0,1,4,5,1,0,0,0,0
gen_02508,5,-7.617,ok,1,0,0,1,4,6,1,0,0,0,0
gen_02509,1,-8.202,ok,1,0,1,1,4,6,2,0,0,0,1
gen_02509,2,-8.177,ok,1,0,1,1,4,6,3,0,0,0,1
gen_02510,1,-7.265,ok,1,0,1,1,4,5,6,0,0,0,0
gen_02510,2,-7.214,ok,0,0,1,1,3,3,6,0,0,0,0
gen_02510,3,-7.143,ok,1,0,1,0,5,6,2,0,0,0,0
gen_02510,4,-7.104,ok,1,1,1,1,4,5,7,0,0,0,0
gen_02510,5,-7.07,ok,1,1,1,1,4,7,2,0,0,0,0
gen_02510,6,-7.065,ok,1,0,1,1,4,5,2,0,0,0,0
gen_02510,7,-7.027,ok,0,1,0,1,3,6,4,0,0,0,0
gen_02511,1,-8.205,ok,1,0,1,1,4,4,1,0,0,0,0
gen_02511,2,-8.154,ok,1,0,1,1,4,3,1,0,0,0,0
gen_02511,3,-8.09,ok,1,0,0,1,4,7,2,0,0,0,0
gen_02511,4,-8.084,ok,1,0,0,1,4,7,2,0,0,0,0
gen_02512,1,-7.552,ok,1,0,0,1,4,5,3,0,0,0,0
gen_02512,2,-7.528,ok,1,0,0,1,4,5,3,0,0,0,0
gen_02512,3,-7.52,ok,1,0,0,1,4,5,3,0,0,0,0
gen_02512,4,-7.467,ok,1,0,0,1,4,5,3,0,0,0,0
gen_02513,1,-7.357,ok,0,0,0,1,3,6,2,0,0,0,0
gen_02513,2,-7.346,ok,0,0,0,1,3,6,2,0,0,0,0
gen_02513,3,-7.267,ok,0,0,0,1,3,7,2,0,0,0,0
gen_02513,4,-7.234,ok,0,0,0,1,3,6,2,0,0,0,0
gen_02513,5,-7.154,ok,1,0,0,1,4,4,3,0,0,0,0
gen_02514,1,-7.444,ok,0,0,1,1,3,7,3,0,0,0,0
gen_02514,2,-7.421,ok,0,0,1,1,3,7,3,0,0,0,0
gen_02514,3,-7.344,ok,0,0,1,1,3,6,3,0,0,0,0
gen_02515,1,-7.807,ok,1,0,0,1,4,6,3,0,0,0,0
gen_02515,2,-7.8,ok,1,0,0,1,4,6,3,0,0,0,0
gen_02515,3,-7.751,ok,1,0,0,1,4,6,3,0,0,0,0
gen_02516,1,-6.434,ok,1,0,1,0,4,5,0,1,0,0,0
gen_02516,2,-6.414,ok,1,0,1,0,4,5,0,1,0,0,0
gen_02517,1,-7.72,ok,1,0,1,0,4,6,0,1,0,0,0
gen_02517,2,-7.656,ok,1,0,1,0,4,5,0,1,0,0,0
gen_02517,3,-7.642,ok,0,0,1,0,3,5,2,1,0,0,0
gen_02517,4,-7.497,ok,0,0,0,1,3,3,4,0,0,0,0
gen_02518,1,-7.785,ok,1,0,1,1,5,5,1,1,0,0,0
gen_02518,2,-7.724,ok,1,0,1,1,4,5,1,1,0,0,0
gen_02518,3,-7.642,ok,1,0,1,1,5,3,1,1,0,0,0
gen_02518,4,-7.575,ok,1,0,1,1,4,7,1,0,0,0,0
gen_02518,5,-7.532,ok,1,0,0,1,4,7,2,0,0,0,0
gen_02518,6,-7.525,ok,1,0,1,0,4,5,1,0,0,0,0
gen_02519,1,-7.275,ok,1,0,0,1,4,6,4,1,0,0,0
gen_02519,2,-7.172,ok,1,0,0,1,4,6,4,1,0,0,0
gen_02519,3,-7.156,ok,1,0,0,1,4,7,4,1,0,0,0
gen_02520,1,-7.618,ok,1,0,1,1,5,3,3,0,1,0,0
gen_02520,2,-7.61,ok,1,0,0,1,5,3,3,0,1,0,0
gen_02521,1,-8.281,ok,0,0,0,1,3,5,4,0,0,0,0
gen_02521,2,-8.272,ok,0,0,0,1,3,5,3,0,0,0,0
gen_02521,3,-8.183,ok,0,0,0,1,0,6,3,0,0,0,0
gen_02521,4,-8.111,ok,0,0,0,1,3,4,3,0,0,0,0
gen_02522,1,-7.061,ok,1,0,0,1,4,6,2,1,0,0,0
gen_02522,2,-7.041,ok,1,0,0,1,4,6,2,1,0,0,0
gen_02522,3,-7.019,ok,1,0,1,1,5,4,3,0,0,0,0
gen_02522,4,-7.019,ok,1,0,0,1,4,6,2,1,0,0,0
gen_02522,5,-6.996,ok,1,0,1,1,5,4,3,0,0,0,0
gen_02523,1,-8.092,ok,1,0,0,1,4,6,3,1,0,0,0
gen_02524,1,-8.012,ok,0,0,1,1,3,5,4,0,0,0,0
gen_02524,2,-8.004,ok,1,0,1,1,4,5,3,0,0,0,0
gen_02525,1,-7.57,ok,1,0,1,1,4,6,2,0,1,0,0
gen_02525,2,-7.569,ok,1,0,1,1,4,6,2,0,1,0,0
gen_02526,1,-7.303,ok,0,0,1,1,0,3,5,0,0,0,0
gen_02526,2,-7.29,ok,0,0,1,1,0,3,5,0,0,0,0
gen_02527,1,-7.787,ok,1,0,1,0,4,7,3,0,0,0,0
gen_02527,2,-7.621,ok,1,0,1,0,4,5,0,1,0,0,0
gen_02528,1,-8.015,ok,1,0,0,1,4,7,3,0,0,0,0
gen_02528,2,-7.952,ok,1,0,0,1,4,7,3,0,0,0,0
gen_02528,3,-7.94,ok,1,0,0,1,4,7,3,0,0,0,0
gen_02528,4,-7.929,ok,1,0,0,1,4,7,4,0,0,0,0
gen_02529,1,-7.706,ok,1,0,1,1,4,7,5,0,0,0,0
gen_02529,2,-7.652,ok,1,0,1,1,4,7,5,0,0,0,0
gen_02529,3,-7.644,ok,1,0,1,1,4,8,5,0,0,0,0
gen_02529,4,-7.612,ok,1,0,1,1,4,6,4,0,0,0,1
gen_02529,5,-7.609,ok,1,0,1,1,4,8,5,0,0,0,1
gen_02529,6,-7.557,ok,1,0,1,1,4,6,4,0,0,0,1
gen_02530,1,-7.664,ok,1,0,0,1,4,6,1,0,1,0,0
gen_02530,2,-7.637,ok,1,0,0,1,4,3,2,1,1,0,0
gen_02530,3,-7.634,ok,1,0,0,1,4,6,1,0,1,0,0
gen_02531,1,-6.651,ok,0,0,1,0,3,6,0,0,0,0,2
gen_02531,2,-6.59,ok,0,0,0,1,3,2,2,0,0,0,2
gen_02531,3,-6.449,ok,0,0,0,1,0,0,4,0,1,0,1
gen_02532,1,-8.121,ok,1,0,1,1,5,4,5,0,0,0,1
gen_02532,2,-8.113,ok,1,0,1,1,5,4,5,0,0,0,1
gen_02533,1,-7.823,ok,1,0,1,0,4,6,1,2,0,0,0
gen_02533,2,-7.782,ok,1,0,1,0,4,7,1,2,0,0,0
gen_02533,3,-7.711,ok,1,0,1,1,4,6,2,2,0,0,0
gen_02533,4,-7.708,ok,1,0,1,1,4,6,1,1,0,0,0
gen_02533,5,-7.609,ok,1,0,1,1,4,6,1,0,0,0,0
gen_02533,6,-7.545,ok,1,0,1,0,5,6,3,0,0,0,0
gen_02533,7,-7.501,ok,1,0,1,1,4,6,4,0,0,0,0
gen_02534,1,-7.164,ok,0,0,0,0,3,5,0,0,0,0,0
gen_02535,1,-7.654,ok,1,0,0,1,4,6,4,1,0,0,0
gen_02535,2,-7.618,ok,1,0,0,1,4,5,4,1,0,0,0
gen_02535,3,-7.606,ok,1,0,0,1,4,6,3,0,0,0,0
gen_02535,4,-7.47,ok,0,0,0,1,3,6,3,0,0,0,0
gen_02535,5,-7.436,ok,1,0,0,1,4,6,2,0,0,0,1
gen_02536,1,-7.293,ok,1,0,1,1,4,6,2,1,0,0,0
gen_02536,2,-7.258,ok,1,0,1,1,4,7,2,0,0,0,0
gen_02536,3,-7.187,ok,1,0,1,1,4,9,2,0,0,0,0
gen_02536,4,-7.16,ok,1,0,1,1,4,7,2,0,0,0,0
gen_02536,5,-7.084,ok,1,0,1,1,4,8,4,0,0,0,0
gen_02537,1,-8.059,ok,1,0,0,0,5,6,3,0,0,0,0
gen_02537,2,-7.975,ok,1,0,0,0,5,6,3,0,0,0,0
gen_02538,1,-7.298,ok,1,0,0,1,4,4,1,0,0,0,0
gen_02539,1,-7.774,ok,0,0,1,1,3,6,1,1,0,0,0
gen_02539,2,-7.752,ok,0,0,1,1,3,6,1,1,0,0,0
gen_02540,1,-7.071,ok,0,0,0,1,3,3,3,0,0,0,1
gen_02540,2,-7.024,ok,0,0,0,1,3,3,3,0,0,0,1
gen_02540,3,-7.019,ok,0,0,0,1,3,3,3,0,0,0,1
gen_02540,4,-7.018,ok,0,0,0,1,3,3,3,0,0,0,0
gen_02540,5,-6.953,ok,0,0,0,1,3,3,3,0,0,0,1
gen_02541,1,-8.056,ok,1,0,0,1,4,6,2,0,0,0,0
gen_02541,2,-7.946,ok,1,0,1,1,4,8,3,0,0,0,0
gen_02541,3,-7.872,ok,1,0,0,1,4,8,3,0,0,0,0
gen_02541,4,-7.869,ok,1,0,0,1,4,7,4,0,0,0,0
gen_02541,5,-7.86,ok,1,0,1,1,4,9,2,0,0,0,0
gen_02541,6,-7.858,ok,1,0,1,1,5,7,3,0,0,0,0
gen_02541,7,-7.831,ok,1,0,1,1,4,8,3,0,0,0,0
gen_02541,8,-7.787,ok,1,0,1,0,4,6,1,0,0,0,0
gen_02541,9,-7.638,ok,1,0,1,1,4,6,3,0,0,0,0
gen_02541,10,-7.619,ok,1,0,1,0,5,7,3,0,0,0,0
gen_02541,11,-7.608,ok,1,0,1,1,5,6,4,0,0,0,0
gen_02541,12,-7.584,ok,1,0,0,1,4,5,1,0,0,0,0
gen_02541,13,-7.456,ok,1,0,1,1,4,4,2,0,0,0,0
gen_02542,1,-6.351,ok,1,0,1,1,4,7,2,0,0,0,0
gen_02542,2,-6.345,ok,0,0,1,1,3,7,2,0,0,0,0
gen_02543,1,-6.662,ok,1,0,0,1,5,3,2,0,0,0,0
gen_02543,2,-6.657,ok,1,0,0,1,5,3,2,0,0,0,0
gen_02544,1,-7.605,ok,1,0,0,1,4,5,1,0,0,0,0
gen_02544,2,-7.6,ok,1,0,0,1,4,5,1,0,0,0,0
gen_02544,3,-7.461,ok,1,0,0,1,4,5,2,0,0,0,0
gen_02545,1,-7.442,ok,1,0,1,1,4,5,2,0,0,0,0
gen_02545,2,-7.403,ok,1,0,1,1,4,5,2,0,0,0,0
gen_02546,1,-7.218,ok,1,0,1,1,4,6,5,0,0,0,0
gen_02546,2,-7.144,ok,1,0,1,1,4,7,4,0,0,0,0
gen_02546,3,-7.083,ok,1,0,1,1,4,7,6,0,0,0,0
gen_02546,4,-7.051,ok,1,0,1,1,4,6,5,0,0,0,0
gen_02547,1,-7.391,ok,1,0,1,1,4,1,3,0,0,0,0
gen_02547,2,-7.391,ok,1,0,1,1,4,1,3,0,0,0,0
gen_02547,3,-7.379,ok,1,0,1,1,4,1,3,0,0,0,0
gen_02548,1,-6.835,ok,1,0,1,0,4,6,2,0,0,0,0
gen_02548,2,-6.83,ok,1,0,1,0,4,6,2,0,0,0,0
gen_02548,3,-6.804,ok,1,0,1,0,4,7,2,0,0,0,0
gen_02549,1,-7.051,ok,1,0,0,1,4,5,1,0,0,0,0
gen_02550,1,-7.306,ok,1,1,0,1,5,6,2,0,0,0,0
gen_02550,2,-7.263,ok,1,0,0,1,5,6,3,0,0,0,0
gen_02550,3,-7.256,ok,1,1,0,1,4,7,3,0,0,0,0
gen_02550,4,-7.216,ok,1,0,0,1,5,4,3,0,0,0,0
gen_02550,5,-7.208,ok,1,0,0,1,5,4,1,0,0,0,0
gen_02551,1,-7.654,ok,1,0,0,1,4,5,3,1,0,0,0
gen_02551,2,-7.652,ok,1,0,0,1,4,5,3,1,0,0,0
gen_02551,3,-7.628,ok,1,0,0,1,4,6,3,1,0,0,0
gen_02552,1,-6.957,ok,1,0,0,1,4,1,1,0,0,0,0
gen_02552,2,-6.954,ok,1,0,0,1,4,1,1,0,0,0,0
gen_02552,3,-6.882,ok,0,0,0,1,3,1,2,0,1,0,0
gen_02552,4,-6.861,ok,0,0,0,1,3,1,2,0,1,0,0
gen_02552,5,-6.858,ok,1,0,0,0,4,0,0,0,0,0,0
gen_02553,1,-7.027,ok,1,0,0,0,4,5,1,0,0,0,0
gen_02553,2,-7.0,ok,1,0,0,0,4,5,1,0,0,0,0
gen_02553,3,-6.992,ok,1,0,0,1,4,5,2,0,0,0,0
gen_02553,4,-6.983,ok,1,0,0,1,4,5,2,0,0,0,0
gen_02554,1,-7.314,ok,1,0,0,0,4,3,1,1,0,0,0
gen_02554,2,-7.297,ok,1,0,0,1,4,3,2,0,0,0,0
gen_02554,3,-7.292,ok,1,0,1,1,4,6,5,0,0,0,0
gen_02554,4,-7.283,ok,1,0,0,0,4,3,1,1,0,0,0
gen_02554,5,-7.283,ok,1,0,0,1,4,5,4,0,0,0,0
gen_02554,6,-7.264,ok,1,0,0,1,4,6,3,0,0,0,0
gen_02554,7,-7.26,ok,1,0,0,1,4,6,3,0,0,0,0
gen_02554,8,-7.241,ok,1,0,0,1,4,6,3,0,0,0,0
gen_02555,1,-7.653,ok,1,0,0,1,4,4,3,0,0,0,0
gen_02555,2,-7.633,ok,1,0,0,1,4,4,3,0,0,0,0
gen_02555,3,-7.613,ok,1,0,0,1,4,2,2,0,0,0,0
gen_02555,4,-7.61,ok,1,0,0,1,4,4,3,0,0,0,0
gen_02555,5,-7.581,ok,1,0,0,1,4,4,3,0,0,0,0
gen_02556,1,-6.943,ok,1,0,0,1,5,4,4,0,0,0,0
gen_02556,2,-6.939,ok,1,0,0,1,5,4,4,0,0,0,0
gen_02556,3,-6.927,ok,1,0,0,1,5,4,4,0,0,0,0
gen_02556,4,-6.923,ok,1,0,0,1,5,4,4,0,0,0,0
gen_02556,5,-6.921,ok,1,0,0,1,5,4,4,0,0,0,0
gen_02556,6,-6.91,ok,1,0,0,1,5,4,4,0,0,0,0
gen_02557,1,-6.698,ok,1,0,0,1,5,3,1,0,0,0,0
gen_02558,1,-7.074,ok,1,0,1,0,4,4,2,1,0,0,0
gen_02558,2,-6.922,ok,1,0,1,0,4,5,2,1,0,0,0
gen_02558,3,-6.687,ok,0,0,1,0,3,3,3,1,0,0,0
gen_02558,4,-6.587,ok,1,0,0,1,4,7,2,0,0,0,0
gen_02558,5,-6.57,ok,0,0,1,1,3,6,3,0,0,0,0
gen_02558,6,-6.553,ok,0,0,1,1,3,5,4,0,0,0,0
gen_02559,1,-7.778,ok,1,0,1,1,4,5,4,1,0,0,0
gen_02559,2,-7.644,ok,1,0,1,1,4,4,4,1,0,0,0
gen_02559,3,-7.543,ok,0,1,1,1,3,6,2,1,0,0,0
gen_02560,1,-7.458,ok,1,0,0,1,5,5,2,0,0,0,0
gen_02560,2,-7.4,ok,1,0,1,1,5,4,4,0,0,0,0
gen_02560,3,-7.397,ok,1,0,1,1,5,4,3,0,0,0,0
gen_02560,4,-7.336,ok,0,0,0,1,0,4,4,0,0,0,0
gen_02560,5,-7.279,ok,1,0,1,1,5,4,3,0,0,0,0
gen_02561,1,-6.881,ok,1,0,0,1,4,7,2,0,0,0,0
gen_02561,2,-6.801,ok,0,0,0,0,3,3,0,0,1,0,0
gen_02561,3,-6.781,ok,0,0,0,1,3,4,1,0,1,0,0
gen_02561,4,-6.776,ok,1,0,0,1,4,7,1,0,0,0,0
gen_02561,5,-6.74,ok,0,0,1,1,3,3,4,0,1,0,0
gen_02562,1,-7.42,ok,0,0,0,1,3,3,4,0,1,0,0
gen_02562,2,-7.416,ok,0,0,0,1,3,3,3,0,1,0,0
gen_02562,3,-7.391,ok,1,0,0,1,4,3,3,0,1,0,0
gen_02562,4,-7.312,ok,1,0,0,1,4,6,2,0,0,0,0
gen_02563,1,-7.995,ok,1,0,1,1,4,5,6,0,0,0,0
gen_02563,2,-7.901,ok,1,0,0,1,4,6,4,0,0,0,0
gen_02563,3,-7.861,ok,1,0,0,1,4,5,4,0,0,0,0
gen_02563,4,-7.785,ok,1,0,1,0,4,6,6,0,0,0,0
gen_02563,5,-7.729,ok,1,0,0,1,4,6,4,0,0,0,0
gen_02563,6,-7.671,ok,1,0,1,0,4,5,6,0,0,0,0
gen_02563,7,-7.646,ok,1,0,0,1,4,6,4,0,0,0,0
gen_02563,8,-7.644,ok,1,0,0,1,4,5,4,0,0,0,1
gen_02563,9,-7.588,ok,1,0,0,0,4,5,3,0,0,0,0
gen_02563,10,-7.516,ok,0,0,0,1,3,1,4,0,0,0,0
gen_02563,11,-7.479,ok,0,0,1,1,3,1,4,0,0,0,1
gen_02563,12,-7.453,ok,0,0,0,1,3,1,4,0,0,0,0
gen_02563,13,-7.43,ok,0,0,0,1,3,2,4,0,0,0,0
gen_02564,1,-6.995,ok,0,0,1,1,3,5,2,0,0,0,0
gen_02564,2,-6.989,ok,0,0,1,1,3,5,2,0,0,0,0
gen_02564,3,-6.97,ok,0,0,1,1,3,5,2,0,0,0,0
gen_02565,1,-8.385,ok,1,0,0,1,5,4,3,0,0,0,0
gen_02566,1,-7.74,ok,1,0,0,1,4,5,4,0,0,0,0
gen_02566,2,-7.726,ok,1,0,0,1,4,5,4,0,0,0,0
gen_02566,3,-7.476,ok,1,0,0,1,4,5,4,0,0,0,0
gen_02567,1,-7.943,ok,1,0,1,1,4,6,5,0,0,0,0
gen_02568,1,-7.556,ok,1,0,1,0,4,1,1,0,0,0,0
gen_02568,2,-7.554,ok,1,0,1,1,4,1,2,0,0,0,0
gen_02568,3,-7.494,ok,1,0,1,1,4,1,2,0,0,0,0
gen_02568,4,-7.333,ok,1,0,0,1,4,1,1,0,0,0,0
gen_02568,5,-6.944,ok,0,0,0,1,3,3,3,0,1,0,0
gen_02569,1,-6.783,ok,0,0,0,1,3,6,2,0,0,0,1
gen_02569,2,-6.757,ok,0,0,0,1,3,6,2,0,0,0,1
gen_02569,3,-6.753,ok,0,0,0,1,3,5,2,0,0,0,1
gen_02569,4,-6.686,ok,0,0,0,0,0,4,0,0,0,0,0
gen_02569,5,-6.682,ok,0,0,1,1,0,4,2,0,0,0,0
gen_02569,6,-6.667,ok,0,0,1,1,0,4,2,0,0,0,0
gen_02570,1,-7.486,ok,1,0,0,1,4,0,2,0,0,0,0
gen_02570,2,-7.476,ok,1,0,0,1,4,0,3,0,0,0,0
gen_02571,1,-7.447,ok,1,0,0,1,4,2,2,0,0,0,0
gen_02571,2,-7.447,ok,0,0,0,1,0,2,3,0,1,0,2
gen_02571,3,-7.444,ok,1,0,0,0,4,2,1,0,0,0,0
gen_02571,4,-7.427,ok,1,0,0,0,4,2,1,0,0,0,0
gen_02571,5,-7.42,ok,1,0,0,1,4,2,2,0,0,0,0
gen_02571,6,-7.416,ok,0,0,0,1,0,2,2,0,1,0,1
gen_02571,7,-7.412,ok,1,0,0,0,4,2,1,0,0,0,0
gen_02571,8,-7.411,ok,0,0,0,1,0,2,2,0,1,0,1
gen_02571,9,-7.394,ok,1,0,0,0,4,2,1,0,0,0,0
gen_02571,10,-7.394,ok,1,0,0,1,4,2,2,0,0,0,0
gen_02571,11,-7.357,ok,0,0,0,0,3,1,1,0,0,0,0
gen_02572,1,-7.397,ok,1,0,1,1,4,6,4,0,0,0,0
gen_02572,2,-7.367,ok,1,0,1,1,4,7,4,0,0,0,0
gen_02572,3,-7.26,ok,1,0,1,1,4,6,5,0,0,0,0
gen_02572,4,-7.187,ok,1,0,1,1,4,7,3,0,0,0,0
gen_02572,5,-7.081,ok,1,0,1,1,4,6,4,1,0,0,0
gen_02572,6,-7.069,ok,1,0,1,1,4,7,5,0,0,0,0
gen_02572,7,-6.978,ok,1,0,1,1,4,6,2,0,0,0,0
gen_02572,8,-6.973,ok,1,0,1,1,4,7,3,0,0,0,0
gen_02573,1,-6.576,ok,1,0,0,1,4,6,2,0,0,0,0
gen_02573,2,-6.541,ok,1,0,1,1,4,5,5,0,0,0,0
gen_02573,3,-6.536,ok,1,0,0,1,4,6,2,0,0,0,0
gen_02573,4,-6.533,ok,1,0,1,1,4,5,5,0,0,0,0
gen_02573,5,-6.525,ok,1,0,1,1,4,6,5,0,0,0,0
gen_02573,6,-6.505,ok,1,0,1,1,4,6,5,0,0,0,0
gen_02574,1,-7.017,ok,1,0,0,1,4,5,3,0,0,0,0
gen_02574,2,-7.005,ok,1,0,0,0,4,5,1,0,0,0,0
gen_02575,1,-6.718,ok,0,0,0,1,0,1,2,0,0,0,0
gen_02575,2,-6.702,ok,1,0,1,1,4,1,2,0,0,0,0
gen_02575,3,-6.687,ok,1,0,0,1,4,1,1,0,0,0,0
gen_02575,4,-6.625,ok,0,0,0,0,0,1,0,0,0,0,0
gen_02575,5,-6.595,ok,0,0,0,0,3,1,0,0,0,0,0
gen_02575,6,-6.585,ok,0,0,0,1,3,4,1,0,2,0,0
gen_02576,1,-7.471,ok,1,0,0,1,4,7,1,0,1,0,0
gen_02576,2,-7.407,ok,1,0,0,1,4,7,1,0,1,0,0
gen_02576,3,-7.398,ok,1,0,0,1,4,7,1,0,2,0,0
gen_02576,4,-7.394,ok,1,0,0,1,4,7,1,0,1,0,0
gen_02576,5,-7.341,ok,1,0,0,0,4,6,0,0,2,0,0
gen_02576,6,-7.341,ok,1,0,0,1,4,7,1,0,2,0,0
gen_02576,7,-7.308,ok,1,0,0,1,4,7,1,0,2,0,0
gen_02576,8,-7.298,ok,1,0,0,0,4,7,0,0,1,0,0
gen_02576,9,-7.293,ok,1,0,0,1,4,7,1,0,2,0,0
gen_02576,10,-7.285,ok,1,0,0,1,4,7,1,0,2,0,0
gen_02577,1,-7.164,ok,1,0,0,1,4,0,2,1,0,0,0
gen_02577,2,-7.119,ok,1,0,0,1,4,1,2,1,0,0,0
gen_02577,3,-7.058,ok,1,0,0,1,4,0,2,1,0,0,0
gen_02577,4,-7.01,ok,1,0,0,1,4,5,2,1,0,0,0
gen_02578,1,-8.432,ok,1,0,0,1,4,6,4,0,0,0,0
gen_02579,1,-7.47,ok,0,0,0,1,3,5,2,0,0,0,0
gen_02580,1,-7.162,ok,0,0,1,1,3,4,2,0,0,0,0
gen_02580,2,-7.119,ok,0,0,1,1,3,4,2,0,0,0,0
gen_02580,3,-7.079,ok,0,0,0,1,3,5,3,0,0,0,0
gen_02580,4,-7.077,ok,0,0,0,1,3,5,3,0,0,0,0
gen_02580,5,-7.07,ok,0,0,0,1,3,5,3,0,0,0,0
gen_02580,6,-7.067,ok,0,0,0,1,3,5,3,0,0,0,0
gen_02581,1,-7.467,ok,1,0,1,1,4,6,3,1,0,0,0
gen_02581,2,-7.436,ok,1,0,1,1,4,6,3,1,0,0,0
gen_02582,1,-6.697,ok,1,0,0,1,4,6,2,0,0,0,0
gen_02582,2,-6.663,ok,1,0,0,1,4,6,2,0,0,0,0
gen_02583,1,-7.608,ok,1,0,1,1,4,7,4,0,0,0,0
gen_02583,2,-7.458,ok,1,0,0,1,4,6,3,0,0,0,0
gen_02583,3,-7.41,ok,1,0,1,0,4,6,3,0,0,0,0
gen_02583,4,-7.394,ok,0,0,1,1,3,1,4,0,0,0,0
gen_02583,5,-7.297,ok,1,0,0,1,4,5,4,0,0,0,0
gen_02584,1,-7.814,ok,1,0,1,0,4,5,1,1,0,0,0
gen_02584,2,-7.728,ok,0,0,0,1,3,3,2,0,0,0,0
gen_02584,3,-7.713,ok,0,0,0,1,3,3,1,0,0,0,0
gen_02584,4,-7.693,ok,0,0,0,1,0,5,2,0,0,0,0
gen_02585,1,-6.71,ok,0,0,0,1,3,5,3,0,0,0,0
gen_02585,2,-6.518,ok,1,0,1,0,4,5,2,0,0,0,0
gen_02586,1,-8.536,ok,1,0,0,1,4,7,4,0,0,0,0
gen_02586,2,-8.431,ok,1,0,0,1,4,7,2,0,0,0,0
gen_02587,1,-7.489,ok,0,0,0,1,3,5,1,0,0,0,0
gen_02587,2,-7.462,ok,0,0,0,1,3,5,1,0,0,0,0
gen_02587,3,-7.432,ok,0,0,0,1,3,5,1,0,0,0,0
gen_02587,4,-7.407,ok,0,0,0,1,3,5,1,0,0,0,0
gen_02587,5,-7.405,ok,0,0,0,1,3,5,1,0,0,0,0
gen_02587,6,-7.382,ok,0,0,0,1,3,6,1,0,0,0,0
gen_02587,7,-7.168,ok,0,0,0,1,3,3,1,0,0,0,0
gen_02588,1,-6.475,ok,1,0,0,1,5,3,2,1,0,0,0
gen_02588,2,-6.421,ok,1,0,0,1,5,3,2,1,0,0,0
gen_02588,3,-6.392,ok,1,0,0,1,5,3,2,1,0,0,0
gen_02588,4,-6.233,ok,1,0,0,1,4,6,3,1,0,0,0
gen_02589,1,-7.713,ok,0,0,0,1,0,2,6,0,0,0,0
gen_02589,2,-7.678,ok,0,0,0,1,0,2,6,0,0,0,0
gen_02590,1,-7.88,ok,1,0,0,1,4,6,4,0,0,0,0
gen_02590,2,-7.825,ok,1,0,0,1,4,6,4,0,0,0,0
gen_02590,3,-7.806,ok,1,0,0,1,4,6,6,0,0,0,0
gen_02590,4,-7.779,ok,1,0,0,1,4,7,4,0,0,0,0
gen_02590,5,-7.757,ok,1,0,0,1,4,6,5,0,0,0,0
gen_02590,6,-7.743,ok,1,0,0,1,4,6,3,0,0,0,0
gen_02590,7,-7.715,ok,1,0,0,1,4,6,4,0,0,0,0
gen_02590,8,-7.701,ok,1,0,1,1,4,5,4,0,0,0,0
gen_02590,9,-7.671,ok,1,0,1,1,4,5,4,0,0,0,0
gen_02590,10,-7.664,ok,1,0,0,1,4,6,4,0,0,0,0
gen_02591,1,-7.679,ok,1,0,0,1,4,5,2,0,0,0,0
gen_02591,2,-7.659,ok,1,0,0,1,4,5,2,0,0,0,0
gen_02591,3,-7.65,ok,1,0,0,1,4,5,2,0,0,0,0
gen_02592,1,-6.469,ok,1,0,1,0,4,6,3,0,0,0,0
gen_02592,2,-6.427,ok,1,0,1,0,4,7,3,0,0,0,0
gen_02592,3,-6.411,ok,1,0,1,0,4,7,3,0,0,0,0
gen_02592,4,-6.399,ok,1,0,1,0,4,6,2,0,0,0,0
gen_02592,5,-6.379,ok,1,0,1,1,4,1,4,0,0,0,0
gen_02592,6,-6.368,ok,1,0,1,0,4,8,1,0,0,0,0
gen_02592,7,-6.277,ok,1,0,1,1,4,1,3,0,0,0,0
gen_02592,8,-6.273,ok,1,0,1,1,4,1,4,0,0,0,0
gen_02593,1,-6.824,ok,1,0,0,1,4,1,3,0,0,0,0
gen_02593,2,-6.773,ok,1,0,0,1,4,0,3,0,0,0,0
gen_02594,1,-6.781,ok,1,0,0,0,4,5,1,2,0,0,1
gen_02594,2,-6.762,ok,1,0,0,0,4,5,1,2,0,0,1
gen_02595,1,-8.317,ok,0,0,1,1,0,2,4,0,1,0,0
gen_02595,2,-8.297,ok,0,0,1,1,0,2,4,0,1,0,0
gen_02595,3,-8.09,ok,0,0,1,1,0,2,4,0,1,0,0
gen_02596,1,-6.947,ok,1,0,1,1,5,5,2,0,0,0,0
gen_02596,2,-6.817,ok,1,0,0,1,4,6,1,0,0,0,0
gen_02596,3,-6.737,ok,1,0,0,1,4,5,1,0,0,0,0
gen_02596,4,-6.531,ok,1,1,1,1,4,6,2,0,0,0,0
gen_02597,1,-6.785,ok,1,0,1,1,4,6,3,1,0,0,0
gen_02598,1,-7.854,ok,1,0,0,1,4,6,3,0,0,0,1
gen_02598,2,-7.735,ok,1,0,0,1,4,6,4,0,0,0,1
gen_02599,1,-6.823,ok,1,0,0,1,4,6,1,0,0,0,0
gen_02599,2,-6.804,ok,1,0,0,1,4,6,1,0,0,0,0
gen_02599,3,-6.796,ok,1,0,0,1,4,6,2,0,0,0,0
gen_02599,4,-6.788,ok,1,0,0,1,4,6,2,0,0,0,0
gen_02600,1,-7.175,ok,1,0,1,1,5,4,3,0,0,0,0
gen_02600,2,-7.161,ok,1,0,1,1,5,4,3,0,0,0,0
gen_02600,3,-7.05,ok,1,0,1,1,5,3,3,0,0,0,0
gen_02600,4,-7.025,ok,1,0,1,0,5,6,2,0,0,0,0
gen_02600,5,-7.015,ok,1,0,0,0,5,6,1,0,0,0,0
gen_02600,6,-7.006,ok,1,0,1,1,5,3,4,1,0,0,0
gen_02600,7,-6.984,ok,1,0,0,1,5,3,2,0,0,0,0
gen_02600,8,-6.962,ok,1,0,1,1,5,3,4,0,0,0,0
gen_02600,9,-6.84,ok,1,0,1,1,4,6,3,0,0,0,0
gen_02601,1,-7.478,ok,1,0,0,1,4,5,1,0,0,0,0
gen_02602,1,-6.75,ok,1,1,0,0,4,8,0,0,0,0,0
gen_02602,2,-6.708,ok,1,1,0,0,4,7,0,0,0,0,0
gen_02602,3,-6.569,ok,1,0,0,0,5,6,0,0,0,0,0
gen_02603,1,-7.54,ok,1,0,0,1,4,7,3,0,0,0,0
gen_02603,2,-7.441,ok,1,0,0,1,4,6,3,0,0,0,0
gen_02603,3,-7.342,ok,1,0,0,1,4,7,3,0,0,0,0
gen_02603,4,-7.132,ok,0,0,1,1,0,6,4,0,0,0,0
gen_02603,5,-7.123,ok,1,0,0,1,4,6,1,1,0,0,0
gen_02603,6,-7.006,ok,1,0,0,1,4,5,2,1,0,0,0
gen_02603,7,-6.956,ok,1,0,0,1,4,5,2,0,0,0,0
gen_02604,1,-7.497,ok,0,0,1,0,3,5,4,0,0,0,0
gen_02604,2,-7.482,ok,1,0,1,0,4,1,3,1,0,0,0
gen_02604,3,-7.474,ok,0,0,0,1,0,4,4,0,0,0,0
gen_02604,4,-7.429,ok,1,0,1,0,4,4,4,0,0,0,0
gen_02604,5,-7.405,ok,1,0,0,1,4,6,3,1,0,0,0
gen_02604,6,-7.366,ok,1,0,1,0,4,4,3,0,0,0,0
gen_02604,7,-7.363,ok,0,0,0,1,3,5,6,0,0,0,0
gen_02604,8,-7.328,ok,1,0,1,0,4,0,2,1,0,0,0
gen_02604,9,-7.239,ok,1,0,1,0,4,0,3,0,0,0,0
gen_02604,10,-7.044,ok,1,0,0,1,4,3,3,0,0,0,0
gen_02605,1,-7.982,ok,1,0,0,0,4,5,0,0,0,0,0
gen_02605,2,-7.968,ok,1,0,0,0,4,5,0,0,0,0,0
gen_02605,3,-7.965,ok,1,0,0,0,4,5,0,0,0,0,0
gen_02606,1,-6.725,ok,1,0,0,1,5,5,2,0,0,0,0
gen_02606,2,-6.715,ok,1,0,0,1,5,5,2,0,0,0,0
gen_02606,3,-6.629,ok,1,0,0,1,4,1,1,0,0,0,0
gen_02606,4,-6.61,ok,1,0,0,1,4,1,1,0,0,0,0
gen_02607,1,-7.622,ok,1,0,1,1,4,2,4,0,1,0,1
gen_02607,2,-7.527,ok,1,0,1,1,4,5,3,1,0,0,0
gen_02607,3,-7.51,ok,1,0,1,1,4,5,3,1,0,0,0
gen_02607,4,-7.506,ok,1,0,1,1,4,5,3,1,0,0,0
gen_02607,5,-7.454,ok,1,0,1,1,4,6,3,1,0,0,0
gen_02607,6,-7.415,ok,1,0,1,1,4,6,3,1,0,0,0
gen_02608,1,-8.105,ok,1,0,1,1,4,4,6,0,0,0,0
gen_02608,2,-8.094,ok,1,0,1,0,4,5,3,0,0,0,0
gen_02608,3,-8.085,ok,1,0,1,1,4,5,6,0,0,0,0
gen_02609,1,-7.759,ok,1,0,0,1,4,6,3,0,0,0,0
gen_02609,2,-7.752,ok,1,0,1,1,4,7,3,0,0,0,0
gen_02609,3,-7.736,ok,1,0,0,1,4,6,4,0,0,0,1
gen_02609,4,-7.736,ok,1,0,1,1,4,7,3,0,0,0,0
gen_02609,5,-7.724,ok,1,0,0,1,4,6,3,0,0,0,0
gen_02610,1,-7.355,ok,0,0,0,1,0,0,5,0,1,0,0
gen_02610,2,-7.354,ok,0,0,0,1,0,0,5,0,1,0,0
gen_02610,3,-7.344,ok,0,0,0,1,0,0,5,0,1,0,0
gen_02611,1,-8.096,ok,0,0,0,1,3,8,5,0,0,0,0
gen_02611,2,-8.094,ok,1,0,0,1,5,5,5,0,0,0,0
gen_02611,3,-8.079,ok,1,0,0,1,5,4,6,0,0,0,0
gen_02611,4,-8.044,ok,0,0,0,1,3,7,5,0,0,0,0
gen_02611,5,-8.03,ok,1,0,0,1,5,5,5,0,0,0,0
gen_02611,6,-8.028,ok,1,0,0,1,5,4,5,0,0,0,0
gen_02611,7,-8.013,ok,1,0,0,1,5,4,6,0,0,0,0
gen_02611,8,-7.956,ok,1,0,0,1,5,5,5,0,0,0,0
gen_02612,1,-7.46,ok,1,0,1,0,4,7,0,2,0,0,0
gen_02612,2,-7.344,ok,1,0,1,0,4,6,0,2,0,0,0
gen_02613,1,-7.212,ok,1,0,0,1,5,3,3,0,0,0,0
gen_02613,2,-7.19,ok,1,0,0,0,5,3,2,0,0,0,0
gen_02613,3,-7.18,ok,1,0,0,0,5,3,2,0,0,0,0
gen_02613,4,-7.113,ok,1,0,0,1,4,1,4,0,0,0,0
gen_02613,5,-7.072,ok,1,0,0,1,4,1,3,0,0,0,0
gen_02614,1,-8.286,ok,1,0,0,1,5,3,6,0,0,0,0
gen_02614,2,-8.249,ok,1,0,0,1,5,3,6,0,0,0,0
gen_02614,3,-8.168,ok,1,0,0,1,5,3,4,0,0,0,1
gen_02614,4,-8.132,ok,1,0,0,1,4,0,3,0,0,0,2
gen_02614,5,-8.12,ok,1,0,0,1,4,0,3,0,0,0,0
gen_02614,6,-8.058,ok,1,0,0,1,4,0,3,0,0,0,2
gen_02615,1,-6.998,ok,0,0,0,1,3,6,2,0,0,0,0
gen_02615,2,-6.997,ok,0,0,0,1,3,6,2,0,0,0,0
gen_02615,3,-6.964,ok,0,0,0,1,3,5,2,0,0,0,0
gen_02616,1,-8.096,ok,0,0,1,1,3,6,3,0,0,0,0
gen_02616,2,-8.072,ok,1,0,1,1,4,6,2,0,0,0,0
gen_02617,1,-7.711,ok,1,0,0,1,4,5,2,0,0,0,0
gen_02617,2,-7.709,ok,1,0,0,0,4,5,0,0,0,0,0
gen_02617,3,-7.696,ok,1,0,0,0,4,5,0,0,0,0,0
gen_02617,4,-7.693,ok,1,0,0,0,4,5,0,0,0,0,0
gen_02618,1,-8.02,ok,1,0,0,1,4,6,3,0,0,0,0
gen_02618,2,-7.991,ok,1,0,1,1,4,6,3,0,0,0,1
gen_02618,3,-7.976,ok,1,0,0,1,4,5,4,0,0,0,0
gen_02619,1,-7.316,ok,1,0,1,1,4,5,3,0,0,0,0
gen_02619,2,-7.265,ok,1,0,1,1,4,5,3,0,0,0,0
gen_02619,3,-7.263,ok,1,0,0,0,4,6,1,0,0,0,0
gen_02620,1,-7.437,ok,0,0,1,1,3,5,2,0,0,0,1
gen_02620,2,-7.374,ok,1,0,1,1,4,4,2,0,0,0,1
gen_02620,3,-7.347,ok,1,0,0,1,4,4,1,0,0,0,1
gen_02620,4,-7.216,ok,0,0,0,1,3,2,3,0,0,0,1
gen_02620,5,-7.16,ok,1,0,1,1,4,0,2,0,0,0,0
gen_02620,6,-7.145,ok,1,0,1,0,4,0,1,0,0,0,0
gen_02620,7,-7.138,ok,0,0,1,1,3,1,3,0,0,0,1
gen_02620,8,-7.122,ok,0,0,1,1,3,3,3,0,0,0,0
gen_02620,9,-7.101,ok,0,0,1,1,3,3,4,0,0,0,1
gen_02620,10,-7.096,ok,0,0,0,1,0,1,3,0,0,0,3
gen_02620,11,-7.091,ok,0,0,1,1,3,2,3,0,0,0,0
gen_02621,1,-7.358,ok,0,0,0,1,3,5,5,0,0,0,0
gen_02621,2,-7.354,ok,1,0,0,1,4,5,5,0,0,0,0
gen_02621,3,-7.331,ok,1,0,0,1,4,5,4,0,0,0,0
gen_02621,4,-7.329,ok,0,0,0,1,3,5,6,0,0,0,0
gen_02621,5,-7.271,ok,0,0,0,1,3,5,4,0,0,0,0
gen_02621,6,-7.256,ok,0,0,0,1,3,5,5,0,0,0,0
gen_02621,7,-7.169,ok,1,0,0,0,4,5,0,0,0,0,0
gen_02622,1,-7.87,ok,1,0,0,1,4,6,4,0,0,0,0
gen_02622,2,-7.838,ok,1,0,0,1,4,5,2,0,0,0,0
gen_02622,3,-7.823,ok,1,0,0,1,4,6,2,0,0,0,0
gen_02622,4,-7.805,ok,1,0,0,1,4,5,2,0,0,0,0
gen_02622,5,-7.723,ok,1,0,0,1,4,5,3,0,0,0,0
gen_02622,6,-7.684,ok,1,0,0,1,4,6,3,0,0,0,0
gen_02622,7,-7.515,ok,1,0,0,1,4,5,3,0,0,0,0
gen_02623,1,-7.242,ok,1,0,1,0,4,7,0,1,0,0,0
gen_02624,1,-8.464,ok,1,0,1,1,4,5,4,0,0,0,0
gen_02624,2,-8.414,ok,1,0,1,1,4,5,3,0,0,0,0
gen_02624,3,-8.385,ok,1,0,1,1,4,5,4,0,0,0,0
gen_02624,4,-8.336,ok,1,0,1,1,4,6,2,0,0,0,0
gen_02624,5,-8.314,ok,1,0,1,1,4,6,2,0,0,0,0
gen_02624,6,-8.308,ok,1,0,1,1,4,6,2,0,0,0,0
gen_02625,1,-7.61,ok,1,1,0,1,4,8,1,0,0,0,0
gen_02625,2,-7.533,ok,1,1,0,0,4,7,0,1,0,0,0
gen_02625,3,-7.5,ok,1,0,0,1,4,3,3,0,1,0,0
gen_02625,4,-7.379,ok,1,0,0,1,4,1,3,0,1,0,0
gen_02626,1,-7.183,ok,1,0,1,1,4,5,4,0,0,0,0
gen_02627,1,-7.213,ok,1,0,0,1,4,1,3,0,0,0,0
gen_02627,2,-7.143,ok,1,0,0,1,4,1,3,0,0,0,0
gen_02628,1,-7.318,ok,1,0,0,1,4,7,3,0,0,0,0
gen_02628,2,-7.297,ok,1,0,0,1,4,7,3,0,0,0,0
gen_02628,3,-7.266,ok,1,0,0,1,4,7,3,0,0,0,0
gen_02628,4,-7.258,ok,1,0,0,1,4,7,3,0,0,0,0
gen_02628,5,-7.256,ok,1,0,0,1,4,7,3,0,0,0,0
gen_02628,6,-7.237,ok,1,0,0,1,4,6,3,0,0,0,0
gen_02628,7,-7.174,ok,1,0,0,1,4,6,3,0,0,0,0
gen_02628,8,-7.073,ok,1,0,1,1,4,7,2,0,0,0,0
gen_02628,9,-6.794,ok,1,0,0,1,4,7,1,0,0,0,1
gen_02629,1,-7.274,ok,1,0,0,1,4,5,2,0,0,0,0
gen_02629,2,-7.272,ok,1,0,0,1,4,5,2,0,0,0,0
gen_02629,3,-7.257,ok,1,0,0,1,4,4,2,0,0,0,0
gen_02629,4,-7.252,ok,1,0,0,1,4,4,2,0,0,0,0
gen_02630,1,-8.14,ok,0,0,1,1,3,5,6,1,1,0,0
gen_02630,2,-7.965,ok,0,0,1,1,3,5,4,1,1,0,0
gen_02630,3,-7.591,ok,1,0,1,1,4,6,2,0,0,0,0
gen_02631,1,-7.05,ok,1,0,0,1,4,5,1,0,0,0,0
gen_02632,1,-8.683,ok,0,0,0,1,3,5,3,0,0,0,0
gen_02632,2,-8.662,ok,0,0,0,1,3,5,3,0,0,0,0
gen_02632,3,-8.548,ok,0,0,0,1,3,5,4,0,0,0,0
gen_02632,4,-8.517,ok,0,0,1,1,3,6,5,0,0,0,0
gen_02632,5,-8.505,ok,0,0,1,1,3,7,5,0,0,0,0
gen_02632,6,-8.504,ok,1,0,0,1,4,6,2,1,0,0,0
gen_02632,7,-8.462,ok,0,0,1,1,3,7,5,0,0,0,0
gen_02633,1,-6.003,ok,1,0,0,1,4,5,1,0,0,0,0
gen_02633,2,-5.887,ok,1,0,0,1,4,6,1,0,0,0,0
gen_02634,1,-7.859,ok,0,0,1,1,3,7,4,0,0,0,0
gen_02634,2,-7.758,ok,0,0,1,1,3,7,4,0,0,0,0
gen_02635,1,-8.693,ok,1,0,0,1,4,6,4,1,0,0,0
gen_02635,2,-8.646,ok,0,0,0,1,3,5,5,0,0,0,0
gen_02635,3,-8.64,ok,1,0,0,1,4,6,5,1,0,0,2
gen_02635,4,-8.6,ok,1,0,0,1,4,5,4,1,0,0,0
gen_02635,5,-8.565,ok,0,0,0,1,3,5,5,1,0,0,1
gen_02635,6,-8.46,ok,1,0,0,1,4,6,4,1,0,0,0
gen_02636,1,-8.174,ok,0,0,1,1,3,4,5,0,0,0,0
gen_02636,2,-8.147,ok,0,0,0,1,3,5,5,0,0,0,0
gen_02636,3,-8.106,ok,1,0,0,1,4,5,5,0,0,0,0
gen_02636,4,-8.082,ok,1,0,0,1,4,5,3,0,0,0,0
gen_02636,5,-8.072,ok,0,0,1,1,3,4,4,0,0,0,0
gen_02636,6,-8.061,ok,1,0,0,1,4,5,3,0,0,0,0
gen_02636,7,-8.061,ok,0,0,1,1,3,4,4,0,0,0,0
gen_02636,8,-8.046,ok,1,0,0,1,4,5,4,0,0,0,0
gen_02636,9,-8.011,ok,1,0,0,1,4,6,5,0,0,0,0
gen_02636,10,-8.003,ok,1,0,0,1,4,5,2,0,0,0,0
gen_02636,11,-8.002,ok,1,0,0,1,4,6,4,0,0,0,0
gen_02636,12,-7.975,ok,1,0,0,1,4,5,3,0,0,0,0
gen_02636,13,-7.956,ok,1,0,0,1,4,6,4,0,0,0,0
gen_02637,1,-92.698,ok,0,0,1,0,0,1,0,0,0,0,0
gen_02638,1,-7.179,ok,1,0,1,0,4,3,1,0,0,0,0
gen_02638,2,-7.142,ok,1,0,0,1,5,5,3,0,0,0,0
gen_02638,3,-7.127,ok,1,0,0,1,5,5,3,0,0,0,0
gen_02639,1,-7.24,ok,0,0,0,1,3,7,3,0,0,0,0
gen_02639,2,-7.208,ok,1,0,0,1,4,8,3,0,0,0,0
gen_02639,3,-7.112,ok,1,0,0,1,4,6,3,0,0,0,0
gen_02639,4,-7.099,ok,1,0,0,1,4,7,3,0,0,0,0
gen_02640,1,-7.382,ok,1,0,0,1,4,5,1,0,0,0,0
gen_02640,2,-7.354,ok,1,0,0,0,4,5,0,0,0,0,0
gen_02640,3,-7.254,ok,1,0,1,0,4,5,1,0,0,0,0
gen_02640,4,-7.198,ok,1,0,1,0,4,5,1,0,0,0,0
gen_02641,1,-17.869,ok,0,0,0,0,0,2,0,0,1,0,0
gen_02642,1,-7.571,ok,1,0,0,1,4,5,5,0,0,0,1
gen_02642,2,-7.56,ok,1,0,0,1,4,5,3,0,0,0,1
gen_02643,1,-7.567,ok,1,0,1,1,4,6,5,0,0,0,0
gen_02643,2,-7.428,ok,1,0,0,1,4,5,2,0,0,0,0
gen_02643,3,-7.387,ok,1,0,0,1,4,4,2,0,0,0,0
gen_02644,1,-8.29,ok,0,0,0,1,3,6,3,0,0,0,0
gen_02645,1,-8.182,ok,1,0,1,0,4,8,3,0,0,0,1
gen_02645,2,-8.159,ok,1,0,1,0,4,8,3,0,0,0,1
gen_02645,3,-8.074,ok,1,0,1,0,4,7,3,0,0,0,0
gen_02645,4,-8.071,ok,1,0,0,1,5,3,3,0,0,0,1
gen_02645,5,-8.062,ok,1,0,0,1,5,3,5,0,0,0,0
gen_02645,6,-8.05,ok,1,0,0,1,5,3,4,0,0,0,0
gen_02645,7,-8.033,ok,1,0,0,1,5,3,5,0,0,0,0
gen_02645,8,-8.023,ok,1,0,0,1,5,3,4,0,0,0,0
gen_02645,9,-8.002,ok,1,0,0,1,5,3,5,0,0,0,0
gen_02645,10,-7.991,ok,1,0,0,1,4,1,1,0,0,0,0
gen_02645,11,-7.987,ok,1,0,0,1,5,3,5,0,0,0,0
gen_02645,12,-7.986,ok,1,0,1,1,4,8,4,0,0,0,0
gen_02645,13,-7.974,ok,1,0,0,1,4,1,1,0,0,0,0
gen_02645,14,-7.895,ok,1,0,0,1,5,3,5,0,0,0,0
gen_02645,15,-7.831,ok,1,0,0,1,4,1,1,0,0,0,0
gen_02646,1,-7.927,ok,0,0,1,1,3,2,5,0,0,0,0
gen_02646,2,-7.787,ok,1,0,0,1,4,6,2,1,0,0,0
gen_02646,3,-7.779,ok,1,0,0,1,4,5,2,1,0,0,0
gen_02647,1,-8.019,ok,1,0,0,1,4,7,3,0,0,0,0
gen_02647,2,-8.001,ok,1,0,0,1,4,8,3,0,0,0,0
gen_02647,3,-7.986,ok,1,0,0,1,4,7,3,0,0,0,0
gen_02647,4,-7.732,ok,0,0,0,1,3,3,1,0,0,0,1
gen_02647,5,-7.689,ok,0,0,0,1,3,3,1,0,0,0,1
gen_02647,6,-7.67,ok,0,0,0,1,3,3,1,0,0,0,1
gen_02647,7,-7.666,ok,0,0,0,1,3,3,1,0,0,0,1
gen_02647,8,-7.644,ok,0,0,0,1,3,3,1,0,0,0,1
gen_02647,9,-7.634,ok,0,0,0,1,3,2,2,0,0,0,2
gen_02647,10,-7.089,ok,0,0,0,1,3,0,2,0,0,0,1
gen_02647,11,-7.078,ok,0,0,0,1,3,1,1,0,0,0,1
gen_02648,1,-7.753,ok,0,0,0,1,0,3,1,0,0,0,0
gen_02649,1,-6.733,ok,1,0,0,1,4,2,1,0,0,0,0
gen_02650,1,-7.912,ok,1,0,1,1,4,6,3,0,0,0,0
gen_02650,2,-7.909,ok,1,0,1,1,4,6,3,0,0,0,0
gen_02650,3,-7.899,ok,1,0,1,1,4,6,3,0,0,0,0
gen_02650,4,-7.895,ok,1,0,1,1,5,5,3,0,0,0,0
gen_02650,5,-7.889,ok,1,0,1,1,5,5,3,0,0,0,0
gen_02650,6,-7.881,ok,1,0,1,1,4,6,3,0,0,0,0
gen_02650,7,-7.871,ok,1,0,1,1,5,6,3,0,0,0,0
gen_02650,8,-7.869,ok,1,0,1,1,5,5,3,0,0,0,0
gen_02650,9,-7.865,ok,1,0,1,1,5,5,3,0,0,0,0
gen_02650,10,-7.827,ok,1,0,1,1,5,6,3,0,0,0,0
gen_02650,11,-7.534,ok,1,0,0,0,4,4,0,0,0,0,0
gen_02650,12,-7.529,ok,1,0,0,0,4,4,0,0,0,0,0
gen_02651,1,-8.377,ok,1,0,1,0,4,5,3,1,0,0,0
gen_02651,2,-8.31,ok,1,0,1,0,4,6,3,1,0,0,0
gen_02652,1,-7.543,ok,1,0,0,1,5,5,2,0,0,0,0
gen_02652,2,-7.505,ok,1,0,0,1,5,5,3,0,0,0,0
gen_02653,1,-8.071,ok,1,0,0,1,4,5,3,0,0,0,1
gen_02653,2,-7.941,ok,1,0,1,1,4,6,4,0,0,0,1
gen_02653,3,-7.94,ok,1,0,1,1,4,6,4,0,0,0,1
gen_02654,1,-8.441,ok,1,0,0,1,4,8,2,0,0,0,0
gen_02654,2,-8.389,ok,1,0,0,1,4,8,2,0,0,0,0
gen_02654,3,-8.3,ok,1,0,0,1,4,7,2,0,0,0,0
gen_02655,1,-8.576,ok,1,0,0,1,4,5,4,0,0,0,0
gen_02656,1,-8.155,ok,0,0,0,1,3,3,5,0,0,0,0
gen_02656,2,-8.104,ok,1,0,0,0,4,3,3,0,0,0,0
gen_02656,3,-8.085,ok,0,0,0,1,3,4,4,0,0,0,0
gen_02656,4,-8.062,ok,1,0,0,1,4,3,4,0,0,0,0
gen_02656,5,-8.017,ok,1,0,0,1,4,3,4,0,0,0,0
gen_02656,6,-8.013,ok,1,0,0,1,4,3,4,0,0,0,0
gen_02656,7,-8.005,ok,0,0,0,1,3,3,4,0,0,0,0
gen_02657,1,-8.023,ok,1,0,0,1,4,5,3,0,0,0,0
gen_02657,2,-8.017,ok,1,0,0,1,4,5,3,0,0,0,0
gen_02657,3,-8.002,ok,1,0,0,1,4,6,2,0,0,0,0
gen_02658,1,-7.432,ok,0,0,1,1,3,7,2,0,0,0,0
gen_02658,2,-7.363,ok,0,0,1,1,3,7,3,0,0,0,0
gen_02658,3,-7.329,ok,1,0,1,1,4,7,3,0,0,0,0
gen_02658,4,-7.325,ok,1,0,1,1,4,7,3,0,0,0,0
gen_02659,1,-7.576,ok,1,0,0,1,5,5,4,0,0,0,0
gen_02659,2,-7.502,ok,1,0,1,0,4,2,5,0,0,0,0
gen_02659,3,-7.501,ok,1,0,0,1,5,5,4,0,0,0,0
gen_02659,4,-7.463,ok,1,0,0,1,5,5,4,0,0,0,0
gen_02659,5,-7.459,ok,1,0,1,0,4,2,5,0,0,0,0
gen_02659,6,-7.457,ok,1,0,0,1,5,5,4,0,0,0,0
gen_02659,7,-7.434,ok,1,0,0,0,4,3,3,0,0,0,0
gen_02660,1,-7.137,ok,0,0,0,1,3,5,3,0,0,0,0
gen_02660,2,-7.062,ok,1,0,1,1,4,7,2,0,0,0,0
gen_02660,3,-6.972,ok,0,0,0,1,3,5,2,0,0,0,0
gen_02661,1,-7.958,ok,1,0,0,1,4,5,2,0,0,0,1
gen_02661,2,-7.937,ok,1,0,1,1,4,6,4,0,0,0,0
gen_02661,3,-7.907,ok,1,0,1,1,4,6,5,0,0,0,1
gen_02661,4,-7.84,ok,1,0,1,0,4,6,2,0,0,0,1
gen_02661,5,-7.7,ok,1,0,0,1,4,5,2,0,0,0,1
gen_02662,1,-8.445,ok,1,0,1,1,5,4,5,1,0,0,0
gen_02662,2,-8.438,ok,1,0,1,1,5,4,5,1,0,0,0
gen_02662,3,-8.356,ok,1,0,1,1,5,4,6,1,0,0,0
gen_02662,4,-8.336,ok,1,0,1,1,5,4,5,1,0,0,0
gen_02662,5,-8.313,ok,1,0,1,1,5,4,7,0,0,0,0
gen_02662,6,-8.265,ok,1,0,1,1,5,4,7,0,0,0,0
gen_02662,7,-8.261,ok,1,0,1,1,4,6,4,2,0,0,0
gen_02662,8,-8.259,ok,1,0,1,1,4,5,4,2,0,0,0
gen_02662,9,-8.225,ok,1,0,1,1,4,6,4,2,0,0,0
gen_02662,10,-8.194,ok,1,0,1,1,4,3,7,0,0,0,0
gen_02662,11,-8.161,ok,1,0,1,1,4,6,4,2,0,0,0
gen_02663,1,-7.858,ok,0,0,0,1,3,2,3,1,1,0,0
gen_02663,2,-7.811,ok,0,0,0,1,3,2,3,1,1,0,0
gen_02663,3,-7.787,ok,0,0,0,1,3,2,3,1,1,0,0
gen_02663,4,-7.757,ok,0,0,0,1,3,2,3,1,1,0,0
gen_02664,1,-7.188,ok,1,0,1,1,4,8,2,0,0,0,0
gen_02664,2,-7.165,ok,1,0,1,1,4,7,2,0,0,0,0
gen_02664,3,-7.144,ok,1,0,1,1,4,8,2,0,0,0,0
gen_02664,4,-7.123,ok,1,0,0,1,4,1,4,0,0,0,0
gen_02664,5,-7.031,ok,1,0,0,1,4,6,2,0,0,0,0
gen_02664,6,-6.984,ok,1,0,0,1,4,1,4,0,0,0,0
gen_02664,7,-6.983,ok,0,0,0,1,3,3,2,0,0,0,0
gen_02664,8,-6.974,ok,1,0,0,1,4,1,3,0,0,0,0
gen_02664,9,-6.959,ok,0,0,0,1,3,4,2,0,0,0,0
gen_02664,10,-6.951,ok,1,0,1,1,4,1,4,0,0,0,0
gen_02664,11,-6.91,ok,0,0,0,1,3,4,2,0,0,0,0
gen_02664,12,-6.877,ok,0,0,0,1,3,3,2,0,0,0,0
gen_02665,1,-8.921,ok,1,0,1,1,4,6,4,0,0,0,0
gen_02665,2,-8.89,ok,1,0,1,1,4,6,3,1,0,0,0
gen_02666,1,-7.346,ok,1,0,0,1,4,6,2,0,0,0,0
gen_02666,2,-7.344,ok,1,0,0,1,4,7,2,0,0,0,0
gen_02666,3,-7.294,ok,1,0,0,1,4,5,1,0,0,0,0
gen_02666,4,-7.274,ok,1,0,0,1,4,6,2,0,0,0,0
gen_02667,1,-7.824,ok,1,0,1,0,4,6,2,1,0,0,0
gen_02667,2,-7.823,ok,1,0,1,0,4,6,2,0,0,0,0
gen_02668,1,-7.81,ok,1,0,1,1,5,4,4,0,0,0,0
gen_02668,2,-7.728,ok,1,0,0,1,5,3,4,0,0,0,0
gen_02669,1,-8.05,ok,1,0,0,1,4,5,3,1,0,0,0
gen_02669,2,-8.047,ok,1,0,0,1,4,5,3,1,0,0,0
gen_02669,3,-8.02,ok,1,0,0,1,4,5,3,1,0,0,0
gen_02669,4,-8.013,ok,1,0,0,1,4,5,3,1,0,0,0
gen_02670,1,-7.225,ok,1,0,1,1,4,1,2,0,0,0,0
gen_02670,2,-7.211,ok,1,0,1,1,4,1,2,0,0,0,0
gen_02670,3,-7.18,ok,0,0,0,1,3,5,1,0,0,0,0
gen_02670,4,-7.176,ok,1,0,1,1,4,1,2,0,0,0,0
gen_02670,5,-7.062,ok,0,0,1,1,0,3,3,0,0,0,2
gen_02670,6,-7.029,ok,1,0,1,1,4,5,3,0,0,0,1
gen_02671,1,-8.384,ok,1,0,0,1,4,3,4,0,0,0,0
gen_02671,2,-8.344,ok,1,0,0,1,4,3,4,0,0,0,0
gen_02672,1,-7.88,ok,1,0,0,1,4,6,3,0,0,0,0
gen_02672,2,-7.859,ok,1,0,0,1,4,6,3,0,0,0,0
gen_02672,3,-7.844,ok,1,0,0,1,4,6,3,0,0,0,0
gen_02672,4,-7.796,ok,1,0,0,1,4,6,5,0,0,0,0
gen_02672,5,-7.726,ok,1,0,0,1,4,5,7,0,0,0,0
gen_02672,6,-7.699,ok,1,0,0,1,4,6,4,0,0,0,0
gen_02672,7,-7.698,ok,1,0,0,1,4,6,4,0,0,0,0
gen_02672,8,-7.673,ok,0,0,1,1,3,5,5,0,0,0,0
gen_02672,9,-7.637,ok,1,0,0,1,4,6,4,0,0,0,0
gen_02672,10,-7.619,ok,0,0,0,1,0,4,4,0,0,0,0
gen_02672,11,-7.616,ok,1,0,0,1,4,6,7,0,0,0,0
gen_02672,12,-7.596,ok,1,0,0,1,4,6,4,0,0,0,0
gen_02672,13,-7.589,ok,1,0,0,1,4,6,2,0,0,0,0
gen_02672,14,-7.427,ok,1,0,0,1,4,6,2,0,0,0,0
gen_02673,1,-7.349,ok,0,0,0,1,3,3,2,0,0,0,0
gen_02673,2,-7.299,ok,0,0,1,1,3,3,3,0,0,0,0
gen_02673,3,-7.272,ok,1,0,0,0,4,6,1,0,0,0,1
gen_02674,1,-8.091,ok,1,0,1,1,4,6,3,0,0,0,0
gen_02674,2,-7.983,ok,1,0,1,1,4,6,3,1,0,0,0
gen_02674,3,-7.981,ok,1,0,1,0,4,7,2,1,0,0,0
gen_02674,4,-7.773,ok,1,0,1,1,4,6,3,0,0,0,0
gen_02674,5,-7.764,ok,1,0,1,0,4,5,2,1,0,0,0
gen_02675,1,-7.593,ok,1,0,0,1,4,1,3,0,0,0,0
gen_02675,2,-7.552,ok,1,0,0,1,4,3,3,0,0,0,0
gen_02675,3,-7.538,ok,1,0,0,1,4,0,3,0,0,0,0
gen_02676,1,-6.963,ok,1,0,0,1,4,6,3,0,0,0,0
gen_02676,2,-6.834,ok,1,0,0,1,4,5,3,0,0,0,0
gen_02677,1,-8.116,ok,1,1,0,1,4,7,2,0,0,0,0
gen_02678,1,-7.034,ok,1,0,1,1,4,2,1,0,0,0,0
gen_02678,2,-7.031,ok,1,0,1,1,4,2,1,0,0,0,0
gen_02678,3,-6.848,ok,1,0,1,1,4,2,1,0,0,0,0
gen_02678,4,-6.825,ok,1,0,1,0,4,2,0,0,0,0,0
gen_02678,5,-6.76,ok,0,0,0,1,0,1,3,0,0,0,0
gen_02678,6,-6.759,ok,0,0,0,1,0,1,3,0,0,0,0
gen_02679,1,-6.618,ok,1,0,0,1,4,6,3,0,0,0,0
gen_02679,2,-6.615,ok,1,0,0,1,4,6,3,0,0,0,0
gen_02680,1,-7.299,ok,1,0,1,1,4,2,3,0,0,0,0
gen_02680,2,-7.276,ok,1,0,0,1,4,2,2,0,0,0,0
gen_02680,3,-7.251,ok,1,0,1,1,4,2,3,0,0,0,0
gen_02681,1,-8.033,ok,1,0,0,1,4,6,4,0,0,0,0
gen_02681,2,-7.98,ok,1,0,0,1,4,6,6,0,0,0,0
gen_02681,3,-7.937,ok,1,0,0,1,4,5,4,0,0,0,0
gen_02681,4,-7.766,ok,1,0,0,1,4,5,5,0,0,0,0
gen_02682,1,-7.143,ok,1,0,1,1,4,4,2,0,0,0,0
gen_02682,2,-7.109,ok,1,0,1,1,4,4,2,0,0,0,0
gen_02683,1,-6.55,ok,1,0,0,1,4,5,1,0,0,0,0
gen_02683,2,-6.548,ok,1,0,0,1,4,5,1,0,0,0,0
gen_02684,1,-6.446,ok,1,0,0,0,4,5,0,0,0,0,0
gen_02684,2,-6.401,ok,1,0,0,0,4,5,0,0,0,0,0
gen_02684,3,-6.4,ok,1,0,0,0,4,5,0,0,0,0,0
gen_02684,4,-6.313,ok,1,0,0,1,4,5,1,0,0,0,0
gen_02684,5,-6.269,ok,0,0,0,1,0,0,2,0,0,0,0
gen_02684,6,-6.257,ok,0,0,0,1,0,0,2,0,0,0,0
gen_02685,1,-7.328,ok,0,0,0,1,3,6,6,0,0,0,0
gen_02685,2,-7.272,ok,0,0,0,1,3,6,6,0,0,0,0
gen_02685,3,-7.268,ok,1,0,0,1,5,4,3,0,0,0,0
gen_02685,4,-7.267,ok,0,0,0,1,3,6,4,0,0,0,0
gen_02685,5,-7.224,ok,1,0,0,1,5,4,3,0,0,0,0
gen_02686,1,-6.977,ok,1,0,0,1,4,6,2,1,0,0,0
gen_02686,2,-6.883,ok,1,0,0,1,4,6,2,0,0,0,0
gen_02686,3,-6.819,ok,1,0,0,1,4,5,2,0,0,0,0
gen_02686,4,-6.818,ok,1,0,0,1,5,4,2,0,0,0,1
gen_02687,1,-7.546,ok,0,0,1,0,3,6,3,0,0,0,1
gen_02687,2,-7.51,ok,1,0,1,0,4,6,2,0,0,0,1
gen_02687,3,-7.446,ok,1,0,1,0,4,6,2,0,0,0,1
gen_02687,4,-7.414,ok,1,0,1,0,4,6,2,0,0,0,1
gen_02687,5,-7.413,ok,1,0,1,0,4,6,2,0,0,0,1
gen_02687,6,-7.389,ok,1,0,0,1,4,5,3,0,0,0,0
gen_02688,1,-7.998,ok,0,0,0,1,0,7,4,0,0,0,0
gen_02688,2,-7.806,ok,1,0,0,0,4,7,3,0,0,0,0
gen_02688,3,-7.787,ok,0,0,0,1,0,7,3,0,0,0,0
gen_02688,4,-7.701,ok,1,0,0,1,4,7,6,0,0,0,0
gen_02688,5,-7.647,ok,1,0,0,1,4,3,4,0,0,0,0
gen_02688,6,-7.629,ok,1,0,0,1,4,4,5,0,0,0,0
gen_02688,7,-7.619,ok,1,0,0,1,4,3,5,0,0,0,0
gen_02688,8,-7.506,ok,1,0,0,1,4,4,5,0,0,0,0
gen_02688,9,-7.339,ok,1,0,0,1,4,3,5,1,0,0,0
gen_02689,1,-8.155,ok,1,0,1,1,4,7,2,0,0,0,0
gen_02689,2,-8.105,ok,1,0,0,1,4,6,2,0,0,0,0
gen_02689,3,-8.1,ok,1,0,0,1,4,7,2,0,0,0,0
gen_02689,4,-7.95,ok,1,0,0,1,4,7,2,0,0,0,0
gen_02689,5,-7.854,ok,1,0,0,1,4,8,2,0,0,0,0
gen_02690,1,-7.65,ok,0,0,0,1,3,5,2,1,0,0,0
gen_02690,2,-7.593,ok,1,0,0,1,4,5,2,1,0,0,0
gen_02690,3,-7.524,ok,1,0,1,1,4,5,3,0,0,0,0
gen_02691,1,-7.4,ok,1,0,0,1,4,5,3,0,0,0,0
gen_02691,2,-7.395,ok,1,0,0,1,4,6,4,0,0,0,0
gen_02691,3,-7.389,ok,1,0,0,1,4,6,4,0,0,0,0
gen_02692,1,-7.544,ok,1,0,0,1,4,6,1,0,0,0,2
gen_02692,2,-7.476,ok,1,0,0,1,4,6,1,0,0,0,2
gen_02693,1,-8.195,ok,1,0,1,1,5,7,3,1,0,0,0
gen_02693,2,-8.165,ok,1,0,1,1,5,7,3,1,0,0,0
gen_02693,3,-8.041,ok,1,1,0,1,4,2,3,0,0,0,0
gen_02694,1,-6.964,ok,1,0,0,1,4,5,2,0,0,0,0
gen_02695,1,-8.352,ok,0,0,1,1,0,0,5,0,0,0,1
gen_02695,2,-8.325,ok,0,0,1,1,0,0,5,0,0,0,0
gen_02695,3,-8.305,ok,0,0,1,1,0,0,5,0,0,0,0
gen_02696,1,-7.964,ok,1,0,0,1,4,6,2,0,0,0,1
gen_02696,2,-7.941,ok,1,0,0,1,4,5,1,0,0,0,1
gen_02697,1,-7.61,ok,1,0,1,0,4,6,1,0,0,0,0
gen_02697,2,-7.61,ok,1,0,1,0,4,6,2,0,0,0,0
gen_02697,3,-7.609,ok,1,0,1,0,4,6,2,0,0,0,0
gen_02697,4,-7.601,ok,1,0,0,0,4,6,1,0,0,0,0
gen_02697,5,-7.575,ok,1,0,0,0,4,4,2,0,0,0,0
gen_02697,6,-7.523,ok,1,0,1,0,4,6,2,0,0,0,0
gen_02698,1,-7.806,ok,1,0,0,1,4,2,4,0,0,0,0
gen_02698,2,-7.769,ok,1,0,0,1,4,2,4,0,0,0,0
gen_02698,3,-7.731,ok,1,0,0,1,4,4,4,0,0,0,0
gen_02698,4,-7.729,ok,1,0,0,1,4,3,4,0,0,0,0
gen_02698,5,-7.709,ok,1,0,0,1,4,2,4,0,0,0,0
gen_02698,6,-7.704,ok,1,0,0,1,4,2,4,0,0,0,0
gen_02698,7,-7.697,ok,1,0,0,1,4,3,4,0,0,0,0
gen_02699,1,-7.283,ok,1,0,1,1,4,5,3,0,0,0,0
gen_02699,2,-7.267,ok,1,0,1,1,4,5,3,0,0,0,0
gen_02699,3,-7.243,ok,1,0,1,0,4,6,2,0,0,0,0
gen_02699,4,-7.224,ok,1,0,1,0,4,6,2,0,0,0,0
gen_02700,1,-7.196,ok,0,0,1,1,0,3,1,0,1,0,1
gen_02700,2,-7.147,ok,0,0,1,1,0,3,1,0,1,0,1
gen_02700,3,-7.144,ok,0,0,1,1,0,3,2,0,1,0,2
gen_02700,4,-7.139,ok,0,0,1,1,0,3,2,0,1,0,1
gen_02701,1,-7.53,ok,1,0,0,1,4,5,2,2,1,0,0
gen_02701,2,-7.517,ok,1,0,0,1,4,5,2,2,1,0,0
gen_02701,3,-7.413,ok,1,0,0,0,4,5,0,2,1,0,0
gen_02701,4,-7.314,ok,1,0,0,0,4,6,0,2,1,0,0
gen_02702,1,-7.426,ok,1,0,1,1,5,4,4,1,0,0,0
gen_02702,2,-7.411,ok,1,0,1,1,5,4,4,1,0,0,0
gen_02702,3,-7.411,ok,1,0,1,1,5,4,4,1,0,0,0
gen_02702,4,-7.401,ok,1,0,1,1,5,4,4,1,0,0,0
gen_02702,5,-7.395,ok,1,0,1,1,5,4,4,1,0,0,0
gen_02702,6,-7.391,ok,1,0,1,1,5,4,4,1,0,0,0
gen_02702,7,-7.382,ok,1,0,1,1,5,4,4,1,0,0,0
gen_02703,1,-8.089,ok,0,0,0,1,0,6,1,0,0,0,1
gen_02703,2,-8.055,ok,0,0,0,1,0,6,2,0,0,0,1
gen_02704,1,-7.021,ok,1,0,0,1,5,4,2,0,0,0,0
gen_02704,2,-7.0,ok,1,0,0,1,5,4,2,0,0,0,0
gen_02705,1,-8.208,ok,1,0,0,0,4,5,2,0,0,0,1
gen_02706,1,-6.784,ok,1,0,0,1,4,6,2,0,0,0,0
gen_02707,1,-7.36,ok,1,0,1,1,4,6,1,1,0,0,0
gen_02707,2,-7.352,ok,1,0,1,1,4,6,1,1,0,0,0
gen_02708,1,-7.813,ok,1,0,0,1,5,5,1,0,0,0,0
gen_02708,2,-7.769,ok,1,0,0,1,5,5,1,0,0,0,0
gen_02709,1,-8.611,ok,1,0,0,1,5,5,1,0,0,0,0
gen_02709,2,-8.588,ok,1,0,0,1,5,5,1,0,0,0,0
gen_02709,3,-8.429,ok,1,0,0,1,5,4,2,0,0,0,0
gen_02709,4,-8.19,ok,1,0,0,1,5,4,2,0,0,0,0
gen_02710,1,-7.478,ok,1,0,0,1,4,6,3,0,0,0,0
gen_02710,2,-7.472,ok,1,0,0,1,4,6,2,0,0,0,0
gen_02710,3,-7.219,ok,1,0,0,1,4,5,3,0,0,0,0
gen_02710,4,-7.204,ok,1,0,0,1,4,5,3,0,0,0,0
gen_02710,5,-7.166,ok,1,0,0,1,4,6,1,0,0,0,0
gen_02710,6,-6.739,ok,1,0,0,1,4,6,1,0,0,0,0
gen_02711,1,-7.592,ok,1,0,1,1,4,5,3,0,0,0,0
gen_02711,2,-7.504,ok,1,0,1,1,4,6,2,0,0,0,0
gen_02711,3,-7.462,ok,1,0,1,1,4,6,2,0,0,0,0
gen_02711,4,-7.459,ok,1,0,1,1,4,6,2,0,0,0,0
gen_02712,1,-8.101,ok,1,0,0,1,5,4,4,0,1,0,0
gen_02712,2,-8.075,ok,1,0,0,1,5,4,4,0,1,0,0
gen_02712,3,-8.07,ok,1,0,0,1,5,4,4,0,1,0,0
gen_02712,4,-8.032,ok,1,0,0,1,5,4,4,0,1,0,0
gen_02712,5,-8.019,ok,1,0,0,1,5,4,4,0,1,0,0
gen_02712,6,-7.999,ok,1,0,0,1,5,4,3,0,1,0,0
gen_02712,7,-7.988,ok,1,0,0,1,5,4,5,0,0,0,0
gen_02712,8,-7.962,ok,1,0,0,1,5,5,6,0,0,0,0
gen_02713,1,-7.134,ok,1,0,0,1,4,5,1,0,0,0,0
gen_02713,2,-7.114,ok,1,0,0,1,4,5,1,0,0,0,0
gen_02713,3,-6.961,ok,1,0,0,1,4,5,1,0,0,0,0
gen_02714,1,-7.972,ok,0,0,0,1,3,7,6,0,0,0,0
gen_02714,2,-7.929,ok,0,0,0,1,3,7,6,0,0,0,0
gen_02714,3,-7.909,ok,0,0,0,1,3,6,6,0,0,0,0
gen_02714,4,-7.874,ok,0,0,0,1,3,7,6,0,0,0,0
gen_02714,5,-7.865,ok,0,0,0,1,3,7,6,0,0,0,0
gen_02714,6,-7.861,ok,0,0,0,1,3,7,6,0,0,0,0
gen_02715,1,-7.52,ok,0,1,1,1,3,9,3,0,0,0,0
gen_02716,1,-7.809,ok,1,0,0,1,4,4,3,0,0,0,0
gen_02716,2,-7.743,ok,1,0,0,1,4,5,3,0,0,0,0
gen_02717,1,-7.931,ok,1,0,1,0,4,6,3,0,0,0,0
gen_02717,2,-7.821,ok,1,0,1,0,4,5,3,0,0,0,0
gen_02717,3,-7.643,ok,1,0,1,1,4,3,4,0,0,0,0
gen_02717,4,-7.625,ok,1,0,1,1,4,4,4,0,0,0,0
gen_02717,5,-7.616,ok,1,0,1,1,4,3,4,0,0,0,0
gen_02717,6,-7.598,ok,1,0,1,1,4,3,4,0,0,0,0
gen_02717,7,-7.596,ok,1,0,1,1,4,3,4,0,0,0,0
gen_02717,8,-7.595,ok,1,0,1,1,4,3,4,0,0,0,0
gen_02717,9,-7.573,ok,1,0,1,1,5,3,4,0,0,0,0
gen_02717,10,-7.564,ok,1,0,1,1,4,4,4,0,0,0,0
gen_02717,11,-7.55,ok,1,0,1,1,4,3,4,0,0,0,0
gen_02717,12,-7.546,ok,1,0,1,1,5,3,4,0,0,0,0
gen_02717,13,-7.544,ok,1,0,1,1,4,3,4,0,0,0,0
gen_02718,1,-7.845,ok,1,0,0,1,5,6,1,0,0,0,0
gen_02718,2,-7.779,ok,1,0,0,1,5,7,1,0,0,0,0
gen_02718,3,-7.682,ok,1,0,0,1,4,8,4,0,0,0,0
gen_02718,4,-7.62,ok,1,0,0,1,4,7,4,0,0,0,0
gen_02718,5,-7.579,ok,0,0,0,1,3,5,3,0,0,0,0
gen_02719,1,-7.255,ok,1,0,0,1,4,0,5,0,0,0,0
gen_02719,2,-7.181,ok,1,0,0,1,4,0,5,0,0,0,0
gen_02719,3,-7.118,ok,1,0,0,1,4,0,4,0,0,0,0
gen_02720,1,-7.014,ok,1,0,0,1,4,6,2,0,0,0,0
gen_02720,2,-6.952,ok,1,0,0,1,4,6,2,0,0,0,0
gen_02720,3,-6.914,ok,1,0,1,1,4,5,3,0,0,0,0
gen_02720,4,-6.913,ok,1,0,1,1,4,5,3,0,0,0,0
gen_02720,5,-6.829,ok,1,0,1,0,4,6,3,0,0,0,0
gen_02721,1,-7.745,ok,0,0,1,1,3,5,4,0,0,0,0
gen_02721,2,-7.663,ok,1,0,1,1,4,5,4,0,0,0,0
gen_02722,1,-7.679,ok,1,0,0,1,4,6,3,0,1,0,0
gen_02723,1,-7.148,ok,0,0,0,1,3,5,3,0,0,0,0
gen_02723,2,-7.087,ok,0,0,0,1,3,5,3,0,0,0,0
gen_02723,3,-7.005,ok,0,0,1,1,3,4,3,0,0,0,0
gen_02724,1,-6.448,ok,1,0,0,1,4,5,1,0,0,0,0
gen_02725,1,-6.928,ok,1,0,1,0,4,3,1,1,0,0,0
gen_02726,1,-7.585,ok,1,0,0,1,4,6,2,2,0,0,0
gen_02726,2,-7.571,ok,1,0,0,1,4,6,2,1,0,0,0
gen_02727,1,-8.054,ok,1,0,0,1,4,6,3,1,0,0,0
gen_02727,2,-8.053,ok,1,0,0,1,4,6,3,1,0,0,0
gen_02727,3,-8.053,ok,1,0,0,1,4,6,4,1,0,0,0
gen_02727,4,-8.027,ok,1,0,0,1,4,6,3,2,0,0,0
gen_02728,1,-7.398,ok,1,0,1,0,4,6,2,0,0,0,0
gen_02728,2,-7.363,ok,1,0,1,0,4,6,2,0,0,0,0
gen_02728,3,-7.324,ok,1,0,1,0,4,5,2,0,0,0,0
gen_02728,4,-7.319,ok,1,0,1,0,4,5,2,0,0,0,0
gen_02728,5,-7.149,ok,1,0,0,1,4,3,2,0,0,0,0
gen_02728,6,-7.137,ok,1,0,1,0,4,5,2,0,0,0,0
gen_02728,7,-7.101,ok,1,0,0,1,4,3,2,0,0,0,0
gen_02728,8,-7.098,ok,1,0,1,0,4,5,1,0,0,0,0
gen_02728,9,-7.087,ok,1,0,0,1,4,3,1,0,0,0,0
gen_02728,10,-7.086,ok,1,0,1,0,4,6,1,0,0,0,0
gen_02728,11,-7.061,ok,1,0,1,0,4,6,1,0,0,0,0
gen_02728,12,-7.059,ok,1,0,0,1,4,5,1,0,0,0,0
gen_02728,13,-7.038,ok,1,0,1,0,4,5,1,0,0,0,0
gen_02728,14,-6.962,ok,1,0,1,1,4,0,2,0,1,0,0
gen_02728,15,-6.955,ok,1,0,1,1,4,0,2,0,1,0,0
gen_02729,1,-6.102,ok,1,0,0,0,4,6,1,0,0,0,0
gen_02729,2,-6.048,ok,1,0,0,1,4,6,2,0,0,0,0
gen_02729,3,-6.013,ok,1,0,0,1,4,6,1,0,0,0,0
gen_02729,4,-5.994,ok,1,0,0,1,4,6,2,0,0,0,0
gen_02729,5,-5.988,ok,1,0,0,1,4,6,2,0,0,0,0
gen_02729,6,-5.974,ok,1,0,0,1,4,6,2,0,0,0,0
gen_02729,7,-5.903,ok,1,0,0,1,4,6,3,0,0,0,0
gen_02730,1,-7.125,ok,1,0,0,1,4,5,1,0,0,0,1
gen_02730,2,-7.015,ok,1,0,0,1,4,5,2,0,0,0,0
gen_02730,3,-6.915,ok,1,0,0,1,4,5,1,0,0,0,0
gen_02731,1,-8.252,ok,1,0,0,1,4,6,4,1,0,0,0
gen_02731,2,-8.22,ok,1,0,0,1,4,7,4,1,0,0,0
gen_02732,1,-8.14,ok,1,0,0,1,4,6,4,0,0,0,0
gen_02732,2,-8.092,ok,1,0,0,1,4,6,4,0,0,0,0
gen_02732,3,-8.045,ok,1,0,1,1,4,5,3,0,0,0,0
gen_02732,4,-8.027,ok,1,0,1,1,4,7,3,0,0,0,0
gen_02733,1,-8.016,ok,0,0,1,1,3,5,4,0,0,0,0
gen_02733,2,-7.819,ok,0,0,1,1,3,5,4,0,0,0,0
gen_02734,1,-7.273,ok,1,0,1,1,4,1,2,0,0,0,1
gen_02734,2,-7.269,ok,1,0,1,1,5,3,2,0,0,0,1
gen_02734,3,-7.237,ok,1,0,1,1,4,2,2,1,0,0,1
gen_02735,1,-8.114,ok,1,0,1,0,4,5,3,1,0,0,0
gen_02735,2,-8.032,ok,1,0,1,0,4,5,3,1,0,0,0
gen_02736,1,-6.809,ok,1,0,0,0,4,6,1,0,0,0,0
gen_02736,2,-6.719,ok,1,0,0,0,4,6,0,0,0,0,0
gen_02737,1,-7.607,ok,0,0,1,1,3,5,4,0,0,0,0
gen_02737,2,-7.564,ok,0,0,1,1,3,5,4,0,0,0,0
gen_02737,3,-7.56,ok,0,0,1,1,3,5,4,0,0,0,0
gen_02737,4,-7.527,ok,0,0,1,1,3,6,4,0,0,0,0
gen_02737,5,-7.441,ok,0,0,1,1,3,6,4,0,0,0,0
gen_02737,6,-7.369,ok,1,0,1,1,4,5,4,0,0,0,0
gen_02738,1,-7.888,ok,0,0,1,1,3,6,4,0,0,0,0
gen_02738,2,-7.874,ok,0,0,1,1,3,5,5,0,0,0,0
gen_02738,3,-7.863,ok,0,0,1,1,3,6,5,0,0,0,0
gen_02739,1,-7.527,ok,0,0,0,1,0,3,3,0,1,0,0
gen_02739,2,-7.497,ok,0,1,0,1,0,3,2,0,1,0,0
gen_02739,3,-7.492,ok,0,1,0,1,0,2,2,0,1,0,0
gen_02740,1,-8.739,ok,1,0,1,1,4,5,1,2,0,0,0
gen_02740,2,-8.693,ok,1,0,1,1,4,5,2,1,0,0,0
gen_02740,3,-8.649,ok,1,0,1,1,4,5,2,1,0,0,0
gen_02740,4,-8.617,ok,1,0,1,1,4,6,1,2,0,0,0
gen_02741,1,-7.368,ok,1,0,0,1,4,5,4,0,0,0,0
gen_02741,2,-7.367,ok,0,0,0,1,3,5,4,0,0,0,0
gen_02742,1,-7.887,ok,1,0,0,1,4,6,3,0,0,0,0
gen_02742,2,-7.862,ok,1,0,0,1,4,6,3,0,0,0,0
gen_02742,3,-7.839,ok,1,0,0,1,4,5,3,0,0,0,0
gen_02743,1,-7.412,ok,1,0,1,1,4,5,3,0,0,0,0
gen_02744,1,-7.26,ok,1,0,0,0,4,4,2,0,0,0,0
gen_02744,2,-7.133,ok,1,0,1,0,4,4,4,0,0,0,0
gen_02744,3,-7.042,ok,0,0,0,1,0,6,1,1,0,0,0
gen_02744,4,-7.041,ok,0,0,0,1,0,4,1,1,0,0,0
gen_02744,5,-6.993,ok,0,0,0,1,0,5,1,1,0,0,0
gen_02745,1,-7.293,ok,1,0,0,1,4,6,2,0,1,0,0
gen_02745,2,-7.292,ok,1,0,0,1,4,6,2,0,1,0,0
gen_02745,3,-7.276,ok,1,0,0,1,4,6,2,0,1,0,0
gen_02745,4,-7.171,ok,1,0,1,1,4,6,2,0,0,0,0
gen_02746,1,-7.086,ok,1,0,0,1,4,1,2,0,0,0,1
gen_02746,2,-7.079,ok,1,0,0,1,4,1,2,0,1,0,1
gen_02747,1,-7.099,ok,0,0,1,1,3,7,1,2,0,0,0
gen_02747,2,-7.071,ok,0,0,1,1,3,7,1,2,0,0,0
gen_02747,3,-7.069,ok,0,0,1,1,3,7,1,2,0,0,0
gen_02747,4,-7.053,ok,1,0,1,1,4,8,2,1,0,0,0
gen_02747,5,-7.049,ok,1,0,1,1,4,6,2,1,0,0,0
gen_02748,1,-7.74,ok,1,1,1,1,5,5,3,0,0,0,0
gen_02748,2,-7.728,ok,1,1,0,1,5,5,2,0,0,0,0
gen_02748,3,-7.711,ok,1,1,1,1,5,5,3,0,0,0,0
gen_02748,4,-7.708,ok,1,1,0,1,5,5,2,0,0,0,0
gen_02748,5,-7.583,ok,1,1,1,1,5,5,3,0,0,0,0
gen_02748,6,-7.581,ok,1,1,1,1,5,5,3,0,0,0,0
gen_02749,1,-7.447,ok,1,0,0,0,4,6,0,0,0,0,0
gen_02749,2,-7.433,ok,1,0,0,0,4,6,0,0,0,0,0
gen_02749,3,-7.417,ok,1,0,0,0,4,6,0,0,0,0,0
gen_02750,1,-7.846,ok,0,0,1,1,0,4,3,0,0,0,0
gen_02750,2,-7.833,ok,0,0,1,0,0,4,2,0,0,0,0
gen_02751,1,-6.46,ok,1,0,1,1,5,4,4,0,0,0,0
gen_02751,2,-6.409,ok,1,0,1,1,4,4,3,0,0,0,0
gen_02751,3,-6.399,ok,1,0,1,1,5,4,4,0,0,0,0
gen_02751,4,-6.389,ok,1,0,1,1,5,4,3,0,0,0,0
gen_02751,5,-6.342,ok,1,0,1,1,5,4,4,0,0,0,0
gen_02751,6,-6.326,ok,1,0,1,1,5,4,4,0,0,0,0
gen_02751,7,-6.211,ok,1,0,1,1,5,4,3,0,0,0,0
gen_02751,8,-6.189,ok,1,0,1,1,4,7,3,0,0,0,0
gen_02751,9,-6.175,ok,1,0,1,1,4,7,4,0,0,0,0
gen_02751,10,-6.155,ok,1,0,0,1,4,5,2,0,0,0,0
gen_02751,11,-6.155,ok,1,0,0,1,4,5,3,0,0,0,0
gen_02751,12,-6.122,ok,1,0,0,1,4,6,2,0,0,0,0
gen_02751,13,-6.104,ok,1,0,1,1,4,6,3,0,0,0,0
gen_02751,14,-6.046,ok,0,0,0,1,3,6,2,0,0,0,1
gen_02751,15,-5.795,ok,1,0,1,1,4,4,4,1,0,0,0
gen_02752,1,-7.431,ok,1,0,0,1,4,5,2,0,0,0,0
gen_02752,2,-7.411,ok,1,0,0,1,4,6,2,0,0,0,0
gen_02753,1,-7.115,ok,0,0,0,0,3,4,0,0,0,0,2
gen_02753,2,-7.071,ok,1,0,1,0,4,5,1,0,0,0,0
gen_02753,3,-7.064,ok,0,0,0,0,3,6,0,0,0,0,1
gen_02753,4,-7.051,ok,1,0,1,0,4,5,1,0,0,0,0
gen_02753,5,-7.027,ok,1,0,1,0,4,6,1,0,0,0,0
gen_02753,6,-6.997,ok,0,0,0,0,3,4,0,0,0,0,2
gen_02754,1,-7.812,ok,1,0,1,1,4,6,2,0,0,0,1
gen_02755,1,-8.965,ok,1,0,0,1,4,5,4,0,0,0,0
gen_02755,2,-8.952,ok,1,0,0,1,4,6,4,0,0,0,0
gen_02756,1,-7.975,ok,0,1,1,1,3,7,4,0,0,0,0
gen_02756,2,-7.883,ok,1,0,0,1,4,5,3,0,1,0,0
gen_02756,3,-7.865,ok,1,0,0,1,4,5,3,0,1,0,0
gen_02756,4,-7.849,ok,1,0,0,1,4,5,3,0,1,0,0
gen_02756,5,-7.83,ok,1,0,0,1,4,5,3,0,1,0,0
gen_02757,1,-6.847,ok,1,0,0,1,4,6,1,0,0,0,0
gen_02758,1,-7.83,ok,0,0,1,1,3,4,4,0,1,0,0
gen_02759,1,-8.062,ok,1,0,0,1,4,6,4,0,0,0,0
gen_02759,2,-7.99,ok,1,0,0,1,4,7,3,0,0,0,0
gen_02760,1,-7.852,ok,1,0,0,1,4,4,6,0,0,0,0
gen_02760,2,-7.641,ok,1,0,0,1,4,4,4,0,0,0,0
gen_02760,3,-7.596,ok,1,0,0,1,5,3,4,0,0,0,0
gen_02760,4,-7.555,ok,1,0,0,1,5,3,4,0,0,0,0
gen_02760,5,-7.55,ok,1,0,0,1,4,3,3,0,0,0,0
gen_02760,6,-7.537,ok,1,0,0,1,4,3,4,0,0,0,0
gen_02761,1,-6.592,ok,1,0,0,0,4,4,1,0,0,0,0
gen_02761,2,-6.583,ok,1,0,0,0,5,4,1,0,0,0,0
gen_02761,3,-6.462,ok,1,0,0,1,5,2,1,0,0,0,0
gen_02762,1,-8.715,ok,1,0,1,1,4,5,2,1,0,0,0
gen_02762,2,-8.707,ok,1,0,1,1,4,6,2,1,0,0,0
gen_02763,1,-6.571,ok,1,0,0,1,4,6,1,1,0,0,0
gen_02763,2,-6.519,ok,1,0,0,1,4,4,1,1,0,0,0
gen_02764,1,-8.36,ok,1,0,1,1,4,6,5,0,0,0,0
gen_02764,2,-8.301,ok,1,0,1,1,4,7,5,0,0,0,0
gen_02764,3,-8.229,ok,1,0,1,1,4,6,4,0,0,0,0
gen_02765,1,-8.537,ok,1,0,1,0,4,6,2,1,0,0,0
gen_02765,2,-8.468,ok,1,0,1,0,4,7,2,1,0,0,0
gen_02765,3,-8.283,ok,0,0,1,0,3,6,1,1,0,0,0
gen_02765,4,-7.823,ok,0,0,0,1,3,3,4,0,0,0,0
gen_02765,5,-7.696,ok,0,0,1,1,3,4,2,0,0,0,1
gen_02766,1,-8.194,ok,0,0,1,1,3,4,4,1,1,0,0
gen_02766,2,-7.955,ok,0,0,1,1,3,4,2,1,1,0,0
gen_02766,3,-7.931,ok,0,0,1,0,3,4,2,0,1,0,0
gen_02766,4,-7.886,ok,0,0,1,1,3,4,4,1,1,0,0
gen_02767,1,-7.86,ok,1,0,1,1,4,2,3,1,0,0,0
gen_02767,2,-7.825,ok,1,0,1,1,4,3,3,1,0,0,0
gen_02767,3,-7.817,ok,1,0,1,1,4,1,3,1,0,0,0
gen_02767,4,-7.786,ok,1,0,1,1,4,1,4,1,0,0,0
gen_02767,5,-7.777,ok,1,0,1,1,4,1,3,1,0,0,0
gen_02768,1,-7.497,ok,1,0,0,1,4,4,2,0,0,0,0
gen_02768,2,-7.465,ok,1,0,0,1,4,4,2,0,0,0,0
gen_02768,3,-7.434,ok,1,0,0,1,4,4,2,0,0,0,0
gen_02768,4,-7.433,ok,1,0,0,1,4,4,3,0,0,0,0
gen_02768,5,-7.383,ok,1,0,0,1,4,5,2,0,0,0,0
gen_02768,6,-7.376,ok,1,0,0,1,4,4,1,0,0,0,0
gen_02768,7,-7.371,ok,0,0,0,1,3,1,3,0,0,0,0
gen_02768,8,-7.366,ok,1,0,0,1,4,5,3,0,0,0,0
gen_02768,9,-7.357,ok,0,0,0,1,3,1,3,0,0,0,0
gen_02768,10,-7.35,ok,0,0,0,1,3,1,3,0,0,0,0
gen_02768,11,-7.321,ok,1,0,0,1,4,4,1,0,0,0,0
gen_02768,12,-7.32,ok,1,0,0,1,4,4,2,0,0,0,0
gen_02769,1,-7.108,ok,1,0,0,1,4,5,1,0,0,0,0
gen_02769,2,-7.092,ok,1,0,0,1,4,5,1,0,0,0,0
gen_02770,1,-7.712,ok,1,0,0,1,4,5,2,0,0,0,0
gen_02771,1,-7.422,ok,1,0,0,1,5,3,4,0,0,0,0
gen_02771,2,-7.393,ok,1,0,0,1,4,6,4,0,0,0,0
gen_02771,3,-7.35,ok,1,0,0,1,5,3,4,0,0,0,0
gen_02771,4,-7.26,ok,0,0,0,1,3,5,4,0,0,0,0
gen_02772,1,-8.489,ok,0,0,1,1,3,6,3,0,0,0,0
gen_02772,2,-8.472,ok,0,0,1,1,3,6,3,0,0,0,0
gen_02772,3,-8.451,ok,0,0,1,1,3,6,3,0,0,0,0
gen_02772,4,-7.595,ok,0,0,1,1,3,2,2,0,0,0,0
gen_02772,5,-7.527,ok,0,0,1,1,3,2,2,0,0,0,0
gen_02773,1,-7.141,ok,1,0,1,0,4,4,3,1,0,0,0
gen_02773,2,-7.127,ok,1,0,1,0,4,4,3,1,0,0,0
gen_02773,3,-7.06,ok,0,0,1,1,3,1,4,0,0,0,0
gen_02773,4,-7.047,ok,0,0,1,1,3,1,4,0,0,0,0
gen_02773,5,-7.045,ok,0,0,1,1,3,1,4,0,0,0,0
gen_02773,6,-7.037,ok,0,0,1,1,3,1,4,0,0,0,0
gen_02773,7,-7.032,ok,0,0,1,1,3,1,4,0,0,0,0
gen_02773,8,-7.002,ok,1,0,1,0,4,1,2,1,0,0,0
gen_02773,9,-6.971,ok,0,0,1,1,3,1,3,0,0,0,0
gen_02774,1,-7.991,ok,1,0,0,1,5,3,2,0,0,0,0
gen_02774,2,-7.97,ok,1,0,0,1,4,6,3,1,0,0,0
gen_02774,3,-7.964,ok,1,0,0,1,4,6,2,0,0,0,0
gen_02774,4,-7.907,ok,1,0,0,1,5,3,4,0,0,0,0
gen_02774,5,-7.781,ok,1,0,0,1,5,3,2,0,0,0,0
gen_02774,6,-7.734,ok,1,0,0,1,4,7,3,0,0,0,0
gen_02774,7,-7.716,ok,1,0,0,0,4,6,3,0,0,0,0
gen_02774,8,-7.611,ok,1,0,0,1,4,7,3,0,0,0,0
gen_02775,1,-7.96,ok,0,0,1,1,3,6,2,0,0,0,0
gen_02775,2,-7.935,ok,0,0,1,1,3,6,3,0,0,0,0
gen_02775,3,-7.879,ok,1,0,1,1,4,6,2,0,0,0,0
gen_02776,1,-7.386,ok,1,0,1,1,4,5,1,1,0,0,2
gen_02776,2,-7.308,ok,1,0,1,1,4,5,1,1,0,0,2
gen_02776,3,-7.206,ok,1,0,1,1,4,6,1,1,0,0,1
gen_02776,4,-7.054,ok,1,0,1,0,4,6,1,0,0,0,0
gen_02777,1,-7.917,ok,1,0,0,1,4,6,1,0,0,0,0
gen_02778,1,-8.676,ok,1,0,0,1,4,6,2,1,1,0,0
gen_02778,2,-8.674,ok,1,0,0,1,4,6,3,1,1,0,0
gen_02778,3,-8.535,ok,1,0,0,1,4,5,3,1,1,0,0
gen_02779,1,-7.168,ok,0,0,0,1,3,4,2,0,0,0,0
gen_02780,1,-7.707,ok,1,0,0,1,4,4,1,0,0,0,0
gen_02781,1,-7.738,ok,1,0,0,1,4,5,3,1,0,0,0
gen_02782,1,-6.759,ok,1,0,0,1,5,3,4,0,0,0,0
gen_02782,2,-6.719,ok,1,0,0,1,5,3,4,0,0,0,0
gen_02782,3,-6.71,ok,1,0,0,1,5,3,4,0,0,0,0
gen_02782,4,-6.695,ok,1,0,0,1,5,2,4,0,0,0,0
gen_02782,5,-6.689,ok,1,0,0,1,5,3,4,0,0,0,0
gen_02783,1,-7.594,ok,1,0,1,0,4,5,2,1,0,0,0
gen_02784,1,-7.254,ok,1,0,1,1,4,5,2,0,0,0,0
gen_02784,2,-7.181,ok,1,0,1,1,4,5,2,0,0,0,0
gen_02785,1,-7.423,ok,1,0,1,1,4,6,4,0,0,0,0
gen_02785,2,-7.416,ok,1,0,1,1,4,7,3,0,0,0,0
gen_02786,1,-7.933,ok,1,0,0,1,4,5,3,0,0,0,0
gen_02787,1,-6.89,ok,1,0,0,0,4,6,1,0,0,0,0
gen_02787,2,-6.833,ok,1,0,0,0,4,5,1,0,0,0,0
gen_02787,3,-6.823,ok,1,0,0,0,4,5,1,0,0,0,0
gen_02787,4,-6.798,ok,1,0,0,0,4,6,1,0,0,0,0
gen_02787,5,-6.794,ok,1,0,0,0,4,5,1,0,0,0,0
gen_02787,6,-6.763,ok,1,0,0,0,4,6,1,0,0,0,0
gen_02788,1,-7.869,ok,1,0,0,1,4,2,3,0,0,0,0
gen_02788,2,-7.762,ok,1,0,0,1,4,2,2,0,0,0,0
gen_02788,3,-7.669,ok,1,0,0,1,4,1,1,0,0,0,0
gen_02789,1,-7.228,ok,0,0,0,1,3,5,2,0,1,0,0
gen_02789,2,-7.216,ok,0,0,0,1,3,6,2,0,1,0,0
gen_02789,3,-7.213,ok,0,0,1,1,3,3,2,1,0,0,0
gen_02789,4,-7.126,ok,1,1,1,1,4,3,3,1,0,0,0
gen_02790,1,-8.066,ok,1,0,0,1,5,5,3,0,0,0,0
gen_02790,2,-8.032,ok,1,0,0,1,5,6,3,0,0,0,0
gen_02791,1,-8.013,ok,1,0,1,0,4,6,0,1,0,0,0
gen_02791,2,-7.977,ok,1,0,1,0,4,6,0,1,0,0,0
gen_02791,3,-7.823,ok,1,0,1,0,4,6,0,1,0,0,0
gen_02791,4,-7.757,ok,1,0,1,0,4,5,0,1,0,0,0
gen_02791,5,-7.691,ok,1,0,1,0,4,5,0,1,0,0,0
gen_02792,1,-7.507,ok,1,0,0,0,4,4,1,0,0,0,0
gen_02792,2,-7.443,ok,1,0,0,0,5,4,0,0,0,0,1
gen_02793,1,-7.745,ok,1,0,0,1,4,6,4,0,0,0,0
gen_02793,2,-7.62,ok,1,0,0,1,4,5,5,0,0,0,0
gen_02794,1,-7.08,ok,1,0,0,0,5,4,1,0,0,0,0
gen_02794,2,-7.03,ok,1,0,0,0,5,4,1,0,0,0,0
gen_02794,3,-6.926,ok,1,0,0,1,5,4,1,0,0,0,0
gen_02795,1,-6.413,ok,0,0,0,1,3,6,1,1,0,0,0
gen_02795,2,-6.377,ok,0,0,0,1,3,6,2,0,0,0,0
gen_02795,3,-6.339,ok,0,0,0,1,3,5,1,1,0,0,0
gen_02796,1,-6.761,ok,1,0,0,1,4,5,2,0,0,0,0
gen_02796,2,-6.716,ok,1,1,0,0,4,7,0,0,0,0,0
gen_02797,1,-7.26,ok,1,0,0,1,4,0,2,0,0,0,0
gen_02797,2,-7.201,ok,1,0,0,1,4,0,1,0,0,0,0
gen_02797,3,-7.17,ok,0,0,0,1,3,2,2,0,1,0,0
gen_02797,4,-7.162,ok,0,0,0,1,3,2,2,0,1,0,0
gen_02798,1,-7.877,ok,1,0,1,1,5,6,2,0,0,0,1
gen_02798,2,-7.853,ok,1,0,1,1,4,7,1,0,0,0,0
gen_02798,3,-7.85,ok,1,0,0,1,5,6,1,0,0,0,0
gen_02798,4,-7.848,ok,1,0,1,1,5,7,1,0,0,0,0
gen_02798,5,-7.819,ok,1,0,1,1,5,7,1,0,0,0,0
gen_02798,6,-7.811,ok,1,0,1,1,5,7,1,0,0,0,0
gen_02798,7,-7.801,ok,1,0,0,0,4,4,0,0,0,0,1
gen_02798,8,-7.743,ok,1,0,0,1,4,5,1,0,0,0,1
gen_02799,1,-7.297,ok,1,0,0,0,4,5,2,0,0,0,0
gen_02799,2,-7.26,ok,1,0,0,0,4,6,1,0,0,0,0
gen_02799,3,-7.206,ok,1,0,0,0,4,5,2,0,0,0,0
gen_02800,1,-7.105,ok,1,0,1,1,4,5,3,0,0,0,0
gen_02800,2,-7.091,ok,1,0,0,1,4,5,2,0,0,0,0
gen_02800,3,-7.081,ok,1,0,1,1,4,5,3,0,0,0,0
gen_02801,1,-6.961,ok,0,0,0,0,3,5,1,0,0,0,0
gen_02801,2,-6.953,ok,0,0,0,0,3,5,1,0,0,0,0
gen_02802,1,-7.611,ok,1,0,0,1,4,4,4,0,0,0,0
gen_02803,1,-6.817,ok,1,0,0,1,4,6,3,1,0,0,0
gen_02803,2,-6.814,ok,1,0,0,1,4,6,3,1,0,0,0
gen_02804,1,-7.824,ok,0,0,1,1,0,6,5,0,0,0,0
gen_02805,1,-7.004,ok,1,0,0,0,4,6,1,0,0,0,0
gen_02805,2,-6.999,ok,1,0,0,0,4,6,1,0,0,0,0
gen_02806,1,-7.654,ok,1,0,0,1,4,5,4,0,0,0,0
gen_02806,2,-7.642,ok,1,0,0,1,4,5,3,0,0,0,0
gen_02807,1,-7.713,ok,1,0,1,1,4,5,1,1,0,0,0
gen_02807,2,-7.706,ok,1,0,1,1,4,6,1,1,0,0,0
gen_02807,3,-7.686,ok,1,0,1,1,4,6,1,1,0,0,0
gen_02807,4,-7.666,ok,1,0,1,1,5,5,2,1,0,0,0
gen_02807,5,-7.6,ok,1,0,1,1,5,4,2,1,0,0,0
gen_02807,6,-7.599,ok,1,0,1,1,4,6,1,1,0,0,0
gen_02807,7,-7.433,ok,1,0,1,0,4,6,1,1,0,0,0
gen_02807,8,-7.432,ok,0,0,1,0,3,6,0,1,0,0,0
gen_02808,1,-7.417,ok,1,0,1,1,4,7,2,0,0,0,0
gen_02808,2,-7.404,ok,1,0,1,1,4,7,3,0,0,0,0
gen_02808,3,-7.396,ok,1,0,0,1,4,5,2,0,0,0,0
gen_02808,4,-7.395,ok,1,0,1,1,4,6,2,0,0,0,0
gen_02808,5,-7.383,ok,1,0,1,1,4,7,3,0,0,0,0
gen_02808,6,-7.374,ok,0,0,1,1,3,6,2,1,0,0,0
gen_02808,7,-7.372,ok,1,0,1,1,4,6,3,0,0,0,0
gen_02808,8,-7.36,ok,1,0,0,1,4,6,2,0,0,0,0
gen_02808,9,-7.356,ok,1,0,0,1,4,6,3,0,0,0,1
gen_02808,10,-7.323,ok,1,0,1,1,4,6,3,0,0,0,0
gen_02808,11,-7.297,ok,1,0,0,1,4,5,2,0,0,0,0
gen_02808,12,-7.276,ok,1,0,0,1,4,6,3,0,0,0,1
gen_02809,1,-7.157,ok,1,0,1,0,4,4,0,1,0,0,0
gen_02809,2,-7.156,ok,1,0,1,0,4,4,0,1,0,0,0
gen_02809,3,-7.148,ok,1,0,1,0,4,4,0,1,0,0,0
gen_02809,4,-7.128,ok,1,0,1,0,4,5,0,1,0,0,0
gen_02809,5,-7.127,ok,1,0,1,0,4,4,0,1,0,0,0
gen_02809,6,-7.121,ok,1,0,1,0,4,4,0,1,0,0,0
gen_02810,1,-7.581,ok,1,0,0,1,5,3,1,0,0,0,0
gen_02810,2,-7.507,ok,1,0,0,0,5,3,0,0,0,0,0
gen_02810,3,-7.387,ok,1,0,0,0,5,4,1,0,0,0,0
gen_02810,4,-7.349,ok,1,0,0,1,5,4,2,0,0,0,0
gen_02810,5,-7.341,ok,1,0,0,0,5,4,1,0,0,0,0
gen_02811,1,-7.939,ok,1,0,0,1,4,4,4,0,0,0,0
gen_02811,2,-7.897,ok,1,0,0,1,4,4,4,0,0,0,0
gen_02812,1,-7.846,ok,1,0,1,1,4,1,5,0,0,0,0
gen_02812,2,-7.802,ok,1,0,1,1,4,1,5,0,0,0,0
gen_02813,1,-7.399,ok,1,0,1,1,5,7,3,0,0,0,0
gen_02813,2,-7.394,ok,1,0,1,1,5,7,3,0,0,0,0
gen_02813,3,-7.372,ok,1,0,1,1,5,7,3,0,0,0,0
gen_02813,4,-7.366,ok,1,0,1,1,5,7,3,0,0,0,0
gen_02814,1,-7.71,ok,0,0,1,1,3,3,5,0,0,0,0
gen_02814,2,-7.686,ok,0,0,0,1,3,5,3,0,0,0,0
gen_02814,3,-7.664,ok,0,0,0,1,3,5,3,0,0,0,0
gen_02814,4,-7.637,ok,0,0,1,1,3,1,5,0,0,0,0
gen_02814,5,-7.599,ok,0,0,1,1,3,3,5,0,0,0,0
gen_02814,6,-7.532,ok,0,0,1,1,0,1,7,0,0,0,0
gen_02815,1,-7.416,ok,1,0,1,1,4,2,5,0,0,0,1
gen_02815,2,-7.391,ok,1,0,1,1,4,2,5,0,0,0,1
gen_02815,3,-7.347,ok,1,0,0,1,4,2,4,0,0,0,1
gen_02815,4,-7.144,ok,1,0,0,1,4,6,2,0,0,0,0
gen_02815,5,-7.129,ok,1,0,1,1,4,6,4,0,0,0,0
gen_02816,1,-6.84,ok,0,0,0,1,0,5,1,0,0,0,1
gen_02817,1,-8.431,ok,0,0,0,0,3,8,1,0,0,0,0
gen_02818,1,-8.752,ok,1,0,1,1,4,7,3,0,0,0,1
gen_02818,2,-8.742,ok,1,0,1,1,4,7,3,0,0,0,1
gen_02819,1,-6.612,ok,1,0,0,1,4,5,2,0,0,0,0
gen_02819,2,-6.599,ok,1,1,0,1,4,6,2,0,0,0,0
gen_02819,3,-6.545,ok,1,0,0,1,4,5,1,0,0,0,0
gen_02819,4,-6.515,ok,1,0,0,1,4,5,1,1,0,0,0
gen_02819,5,-6.465,ok,1,1,0,1,4,7,2,0,0,0,0
gen_02819,6,-6.325,ok,1,1,0,1,4,6,2,1,0,0,0
gen_02819,7,-6.265,ok,1,0,0,1,4,4,1,0,0,0,0
gen_02820,1,-7.925,ok,1,0,1,1,4,6,2,2,0,0,0
gen_02820,2,-7.893,ok,1,0,1,1,4,7,2,2,0,0,0
gen_02820,3,-7.846,ok,1,0,1,1,4,7,2,2,0,0,0
gen_02821,1,-7.558,ok,0,0,0,1,3,4,4,0,0,0,0
gen_02821,2,-7.526,ok,0,0,0,1,3,2,3,0,0,0,0
gen_02821,3,-7.512,ok,0,0,0,1,3,2,5,0,0,0,0
gen_02821,4,-7.505,ok,0,0,0,1,3,2,6,0,0,0,0
gen_02821,5,-7.41,ok,0,0,0,1,3,1,4,0,0,0,0
gen_02821,6,-7.41,ok,0,0,0,1,3,5,3,0,0,0,0
gen_02821,7,-7.361,ok,1,0,0,1,4,8,1,0,0,0,0
gen_02822,1,-6.811,ok,1,0,1,1,4,6,2,0,0,0,0
gen_02822,2,-6.765,ok,1,0,1,1,4,6,1,0,0,0,0
gen_02823,1,-7.594,ok,1,0,0,1,4,5,5,0,0,0,0
gen_02823,2,-7.546,ok,1,0,0,1,4,5,5,0,0,0,0
gen_02823,3,-7.545,ok,1,0,0,1,4,6,5,0,0,0,0
gen_02823,4,-7.525,ok,1,0,1,1,4,7,4,0,0,0,0
gen_02824,1,-7.33,ok,1,0,1,0,4,7,3,0,0,0,0
gen_02824,2,-7.209,ok,1,0,0,1,4,6,4,0,0,0,0
gen_02824,3,-7.164,ok,1,1,0,0,4,7,2,0,0,0,0
gen_02825,1,-6.515,ok,1,0,0,0,4,5,0,0,0,0,0
gen_02825,2,-6.5,ok,1,0,0,0,4,4,0,0,0,0,0
gen_02826,1,-6.867,ok,0,0,1,1,3,6,3,0,0,0,0
gen_02826,2,-6.825,ok,0,0,1,1,3,6,3,0,0,0,0
gen_02826,3,-6.759,ok,1,0,1,1,4,6,4,0,0,0,0
gen_02826,4,-6.757,ok,0,0,1,1,3,6,3,0,0,0,0
gen_02826,5,-6.75,ok,0,0,1,1,3,5,4,0,0,0,0
gen_02827,1,-8.214,ok,1,0,0,1,4,5,4,0,0,0,0
gen_02828,1,-9.036,ok,1,0,1,1,4,5,4,0,0,0,0
gen_02828,2,-9.02,ok,1,0,1,1,4,5,4,0,0,0,0
gen_02829,1,-7.265,ok,1,0,0,1,4,1,2,0,0,0,0
gen_02829,2,-7.234,ok,0,1,1,1,0,5,3,0,0,0,0
gen_02830,1,-6.931,ok,1,0,0,1,4,5,2,0,0,0,0
gen_02830,2,-6.902,ok,1,0,0,1,4,5,2,0,0,0,0
gen_02830,3,-6.805,ok,1,0,0,1,4,6,1,0,0,0,0
gen_02830,4,-6.758,ok,1,0,0,1,4,6,2,0,0,0,0
gen_02831,1,-6.708,ok,1,0,0,1,4,2,3,0,1,0,0
gen_02832,1,-7.907,ok,1,0,0,1,4,5,4,0,0,0,0
gen_02832,2,-7.9,ok,1,0,1,1,4,5,5,0,0,0,0
gen_02832,3,-7.871,ok,1,0,1,1,4,6,5,0,0,0,0
gen_02832,4,-7.87,ok,1,0,1,1,4,6,5,0,0,0,0
gen_02832,5,-7.761,ok,1,0,0,1,4,5,5,0,0,0,0
gen_02832,6,-7.698,ok,1,0,0,1,4,6,4,0,0,0,0
gen_02832,7,-7.638,ok,1,0,0,1,4,6,5,0,0,0,0
gen_02832,8,-7.611,ok,1,0,0,1,4,5,4,0,0,0,0
gen_02832,9,-7.558,ok,1,0,0,1,4,6,4,0,0,0,0
gen_02833,1,-7.154,ok,1,0,0,1,5,5,2,0,0,0,0
gen_02833,2,-7.129,ok,1,0,0,1,5,5,1,0,0,0,0
gen_02833,3,-7.119,ok,1,0,0,0,5,5,0,0,0,0,0
gen_02834,1,-7.976,ok,1,0,0,1,4,6,4,0,0,0,0
gen_02834,2,-7.974,ok,1,0,0,1,4,5,4,0,0,0,0
gen_02835,1,-6.624,ok,1,0,0,1,4,2,3,0,0,0,0
gen_02835,2,-6.59,ok,1,0,0,1,4,2,3,0,0,0,0
gen_02836,1,-7.908,ok,0,0,0,1,3,5,2,0,0,0,1
gen_02836,2,-7.865,ok,0,0,0,1,3,5,2,0,0,0,1
gen_02837,1,-6.634,ok,1,1,0,1,4,8,3,0,0,0,0
gen_02837,2,-6.632,ok,1,1,0,1,5,6,4,0,0,0,0
gen_02837,3,-6.626,ok,1,1,0,1,4,7,4,0,0,0,0
gen_02837,4,-6.605,ok,1,1,0,1,4,8,3,0,0,0,0
gen_02837,5,-6.59,ok,1,1,0,1,4,7,4,0,0,0,0
gen_02837,6,-6.579,ok,1,1,0,1,5,5,3,0,0,0,0
gen_02837,7,-6.576,ok,1,1,0,1,5,6,2,0,0,0,0
gen_02837,8,-6.54,ok,1,0,0,1,4,7,3,0,0,0,0
gen_02838,1,-6.451,ok,1,0,0,0,4,5,1,0,0,0,0
gen_02839,1,-7.475,ok,1,0,0,1,4,7,1,0,0,0,0
gen_02839,2,-7.461,ok,1,0,0,1,4,7,1,0,0,0,0
gen_02839,3,-7.451,ok,1,0,0,1,4,8,1,0,0,0,0
gen_02839,4,-7.387,ok,1,0,0,1,4,5,2,0,0,0,0
gen_02839,5,-7.333,ok,1,0,1,1,4,6,2,0,0,0,0
gen_02839,6,-7.324,ok,1,0,0,1,4,5,2,0,0,0,0
gen_02840,1,-7.008,ok,1,0,0,1,4,4,1,0,1,0,0
gen_02840,2,-6.985,ok,1,0,1,0,4,6,1,1,0,0,0
gen_02840,3,-6.983,ok,1,0,1,0,4,7,1,1,0,0,0
gen_02840,4,-6.959,ok,1,0,1,0,4,7,1,1,0,0,0
gen_02840,5,-6.946,ok,1,0,1,0,4,6,1,1,0,0,0
gen_02840,6,-6.911,ok,1,0,0,1,4,4,1,0,1,0,0
gen_02840,7,-6.893,ok,0,0,1,1,3,4,4,0,0,0,0
gen_02840,8,-6.883,ok,0,0,1,1,3,3,5,0,0,0,0
gen_02841,1,-7.192,ok,0,0,1,0,3,1,1,1,0,0,0
gen_02841,2,-7.188,ok,0,0,1,0,3,2,0,1,0,0,0
gen_02841,3,-7.102,ok,1,0,1,1,4,6,2,0,0,0,0
gen_02841,4,-7.086,ok,1,0,1,1,4,6,2,0,0,0,0
gen_02841,5,-7.078,ok,0,0,1,0,3,2,1,1,0,0,0
gen_02841,6,-7.028,ok,1,0,1,1,4,6,2,0,0,0,0
gen_02841,7,-7.026,ok,1,0,1,0,4,1,1,0,0,0,0
gen_02841,8,-7.012,ok,1,0,1,0,4,1,1,0,0,0,0
gen_02841,9,-7.005,ok,1,0,1,1,4,1,2,0,0,0,0
gen_02841,10,-6.988,ok,1,0,1,1,4,1,2,0,0,0,0
gen_02841,11,-4.154,ok,1,0,1,0,4,1,1,1,0,0,0
gen_02842,1,-8.153,ok,1,0,1,0,4,6,2,0,0,0,0
gen_02842,2,-8.093,ok,1,0,1,1,4,6,4,0,0,0,0
gen_02842,3,-8.078,ok,1,0,1,1,4,5,4,0,0,0,0
gen_02842,4,-7.951,ok,1,0,1,1,4,4,3,0,0,0,0
gen_02842,5,-7.891,ok,1,0,1,1,5,4,3,0,0,0,0
gen_02843,1,-8.235,ok,1,0,1,1,4,6,2,0,0,0,0
gen_02844,1,-7.742,ok,1,0,1,1,4,8,3,0,0,0,0
gen_02844,2,-7.73,ok,1,0,1,1,4,8,3,0,0,0,0
gen_02844,3,-7.704,ok,1,0,1,1,4,8,3,0,0,0,0
gen_02844,4,-7.657,ok,1,0,1,1,4,8,3,0,0,0,0
gen_02844,5,-7.551,ok,1,0,1,1,4,8,3,0,0,0,0
gen_02845,1,-7.748,ok,0,0,1,1,3,5,1,1,0,0,0
gen_02845,2,-7.725,ok,0,0,1,1,3,5,1,1,0,0,0
gen_02845,3,-7.684,ok,0,0,1,1,3,5,1,1,0,0,0
gen_02845,4,-7.669,ok,0,0,1,1,3,5,1,1,0,0,0
gen_02846,1,-8.434,ok,1,0,0,1,4,3,2,0,0,0,0
gen_02846,2,-8.431,ok,1,0,0,1,4,3,1,0,0,0,0
gen_02846,3,-8.37,ok,1,0,0,0,4,2,0,0,0,0,0
gen_02846,4,-8.369,ok,1,0,0,0,4,2,0,0,0,0,0
gen_02847,1,-7.62,ok,1,0,0,1,5,4,3,0,0,0,0
gen_02847,2,-7.597,ok,1,0,0,1,5,4,3,0,0,0,0
gen_02848,1,-6.698,ok,1,0,1,0,4,5,1,0,0,0,0
gen_02848,2,-6.672,ok,1,0,1,0,4,5,1,0,0,0,0
gen_02848,3,-6.627,ok,1,0,1,0,4,5,1,0,0,0,0
gen_02848,4,-6.622,ok,1,0,1,0,4,5,1,0,0,0,0
gen_02848,5,-6.596,ok,0,0,1,0,0,0,2,0,0,0,0
gen_02849,1,-7.168,ok,1,0,0,1,4,6,2,0,0,0,0
gen_02849,2,-7.145,ok,1,0,0,1,4,6,2,0,0,0,0
gen_02850,1,-7.845,ok,0,0,0,1,3,5,6,0,1,0,0
gen_02850,2,-7.817,ok,0,0,1,1,3,5,7,0,1,0,0
gen_02850,3,-7.802,ok,1,0,1,1,4,5,7,0,1,0,0
gen_02850,4,-7.791,ok,1,0,0,1,4,5,5,0,1,0,0
gen_02851,1,-7.407,ok,0,0,0,1,0,2,3,0,0,0,0
gen_02851,2,-7.394,ok,0,0,0,1,0,2,3,0,0,0,0
gen_02851,3,-7.389,ok,0,0,1,1,0,3,3,0,0,0,0
gen_02851,4,-7.37,ok,0,0,0,1,0,2,3,0,0,0,0
gen_02852,1,-7.34,ok,1,0,1,1,4,8,1,0,0,0,0
gen_02852,2,-7.323,ok,1,0,1,1,4,8,1,0,0,0,0
gen_02853,1,-7.328,ok,1,0,1,0,4,7,3,1,0,0,1
gen_02853,2,-7.251,ok,1,0,1,0,4,7,3,1,0,0,1
gen_02853,3,-7.241,ok,1,0,1,0,4,8,3,1,0,0,1
gen_02853,4,-7.025,ok,1,0,1,1,4,7,3,1,0,0,0
gen_02853,5,-7.009,ok,0,0,1,1,0,1,3,1,0,0,0
gen_02853,6,-6.992,ok,0,0,1,1,0,1,3,1,0,0,0
gen_02853,7,-6.984,ok,0,0,1,1,0,1,3,1,0,0,0
gen_02853,8,-6.973,ok,0,0,1,1,0,1,3,1,0,0,0
gen_02853,9,-6.961,ok,0,0,1,1,0,1,3,1,0,0,0
gen_02853,10,-6.954,ok,1,0,1,1,4,7,3,1,0,0,0
gen_02853,11,-6.943,ok,0,0,1,1,0,1,3,1,0,0,0
gen_02853,12,-6.931,ok,0,0,1,1,0,1,3,1,0,0,0
gen_02854,1,-8.018,ok,1,0,1,1,4,6,4,0,0,0,0
gen_02854,2,-7.999,ok,1,0,1,1,4,5,4,0,0,0,0
gen_02854,3,-7.973,ok,0,0,1,1,3,7,4,0,0,0,0
gen_02854,4,-7.95,ok,1,0,1,1,4,6,4,0,0,0,0
gen_02854,5,-7.915,ok,1,0,1,1,4,5,4,0,0,0,0
gen_02854,6,-7.912,ok,1,0,1,1,4,6,4,0,0,0,0
gen_02854,7,-7.867,ok,1,0,1,1,4,6,3,0,0,0,0
gen_02854,8,-7.803,ok,0,0,1,1,3,5,4,0,0,0,0
gen_02854,9,-7.792,ok,1,0,1,1,5,5,4,0,0,0,0
gen_02854,10,-7.743,ok,1,0,1,1,4,6,3,0,0,0,0
gen_02854,11,-7.679,ok,1,0,1,1,4,7,4,0,0,0,0
gen_02854,12,-7.593,ok,1,0,1,1,4,6,5,0,0,0,0
gen_02855,1,-7.365,ok,0,0,0,1,3,5,4,0,0,0,0
gen_02855,2,-7.328,ok,0,0,0,1,3,5,4,0,0,0,0
gen_02856,1,-7.395,ok,0,0,1,1,3,5,7,0,0,0,0
gen_02856,2,-7.376,ok,1,0,1,1,4,8,2,0,0,0,0
gen_02856,3,-7.366,ok,1,0,1,1,4,7,5,0,0,0,0
gen_02856,4,-7.362,ok,1,0,0,1,4,6,3,2,0,0,0
gen_02856,5,-7.355,ok,0,0,0,1,3,6,4,0,0,0,0
gen_02856,6,-7.301,ok,1,0,0,1,4,6,2,1,0,0,0
gen_02857,1,-7.196,ok,1,0,0,1,4,6,3,0,0,0,0
gen_02857,2,-7.189,ok,0,0,0,1,3,6,3,0,0,0,0
gen_02857,3,-7.163,ok,0,0,0,1,3,5,3,0,0,0,0
gen_02857,4,-7.144,ok,1,0,1,1,4,1,3,0,0,0,0
gen_02857,5,-7.079,ok,0,0,0,1,3,5,3,0,0,0,0
gen_02858,1,-8.258,ok,1,0,1,1,4,7,1,1,0,0,0
gen_02858,2,-8.248,ok,1,0,1,1,4,4,1,1,0,0,0
gen_02859,1,-7.936,ok,1,0,0,1,4,4,5,0,0,0,0
gen_02859,2,-7.913,ok,1,0,0,1,4,4,5,0,0,0,0
gen_02859,3,-7.851,ok,1,0,0,1,4,5,5,0,0,0,0
gen_02859,4,-7.809,ok,1,0,0,1,4,5,6,0,0,0,0
gen_02859,5,-7.747,ok,1,0,0,1,4,6,5,0,0,0,0
gen_02859,6,-7.644,ok,1,0,0,1,4,4,3,0,0,0,0
gen_02859,7,-7.633,ok,1,0,0,1,4,4,5,0,0,0,0
gen_02859,8,-7.631,ok,1,0,0,1,4,5,4,0,0,0,0
gen_02859,9,-7.596,ok,1,0,0,1,4,6,4,0,0,0,0
gen_02860,1,-7.095,ok,1,0,1,1,4,6,3,1,0,0,0
gen_02860,2,-7.078,ok,1,0,1,1,4,6,3,1,0,0,0
gen_02861,1,-6.826,ok,1,0,1,1,5,5,2,0,0,0,0
gen_02861,2,-6.779,ok,1,0,0,1,4,6,2,0,0,0,0
gen_02861,3,-6.702,ok,0,0,0,0,3,4,0,0,1,0,0
gen_02861,4,-6.701,ok,0,0,0,1,3,3,1,0,1,0,0
gen_02861,5,-6.657,ok,0,0,0,1,3,3,1,0,1,0,0
gen_02861,6,-6.631,ok,0,0,0,1,3,4,1,0,1,0,0
gen_02861,7,-6.601,ok,0,0,0,1,3,3,3,0,1,0,0
gen_02862,1,-7.749,ok,1,0,1,1,4,6,2,1,0,0,0
gen_02862,2,-7.726,ok,1,0,1,1,4,6,2,1,0,0,0
gen_02863,1,-8.236,ok,1,0,1,0,4,6,2,0,0,0,0
gen_02864,1,-7.862,ok,1,0,1,0,4,5,3,1,0,0,0
gen_02864,2,-7.84,ok,1,0,0,1,4,5,3,0,0,0,0
gen_02864,3,-7.83,ok,1,0,1,1,4,5,4,0,0,0,0
gen_02864,4,-7.791,ok,1,0,1,0,4,3,3,1,0,0,0
gen_02864,5,-7.78,ok,1,0,0,1,4,6,2,0,0,0,0
gen_02864,6,-7.751,ok,1,0,1,1,4,6,5,0,0,0,0
gen_02864,7,-7.743,ok,1,0,1,0,4,6,3,1,0,0,0
gen_02864,8,-7.735,ok,1,0,0,1,4,5,2,0,0,0,0
gen_02865,1,-6.616,ok,1,0,0,1,5,3,2,0,0,0,0
gen_02865,2,-6.615,ok,1,0,0,1,5,3,2,0,0,0,0
gen_02866,1,-6.8,ok,1,0,1,1,5,4,2,0,0,0,0
gen_02867,1,-6.907,ok,1,0,0,1,4,5,1,0,0,0,1
gen_02868,1,-7.378,ok,1,0,0,1,4,5,2,1,1,0,0
gen_02869,1,-7.804,ok,1,0,0,1,4,5,2,0,0,0,0
gen_02869,2,-7.804,ok,1,0,0,1,4,5,2,0,0,0,0
gen_02869,3,-7.735,ok,1,0,0,1,4,6,2,0,0,0,0
gen_02869,4,-7.656,ok,1,0,0,1,4,6,1,0,0,0,0
gen_02869,5,-7.436,ok,1,0,0,1,4,7,2,0,0,0,0
gen_02870,1,-7.832,ok,1,0,1,1,5,7,5,0,0,0,0
gen_02870,2,-7.821,ok,1,0,1,1,5,7,3,0,0,0,0
gen_02870,3,-7.796,ok,1,0,1,1,4,7,3,0,0,0,0
gen_02870,4,-7.791,ok,1,0,1,1,5,7,4,0,0,0,0
gen_02870,5,-7.764,ok,1,0,1,1,5,7,2,0,0,0,0
gen_02870,6,-7.755,ok,1,0,1,1,4,7,3,0,0,0,0
gen_02870,7,-7.685,ok,1,0,1,1,5,7,4,0,0,0,0
gen_02870,8,-7.659,ok,1,0,0,1,4,8,2,1,1,0,0
gen_02870,9,-7.619,ok,1,0,1,1,4,7,4,0,0,0,0
gen_02871,1,-8.068,ok,1,0,1,1,4,5,3,0,0,0,0
gen_02871,2,-8.058,ok,1,0,1,1,4,5,3,0,0,0,0
gen_02872,1,-8.307,ok,0,0,0,1,3,8,6,0,0,0,0
gen_02872,2,-8.27,ok,1,0,1,1,4,8,7,0,0,0,0
gen_02872,3,-8.255,ok,1,0,1,0,4,5,0,1,0,0,0
gen_02872,4,-8.242,ok,1,0,1,0,4,5,0,1,0,0,0
gen_02872,5,-8.236,ok,1,0,0,1,4,7,6,0,0,0,0
gen_02872,6,-8.192,ok,1,0,1,0,4,6,0,1,0,0,0
gen_02872,7,-8.179,ok,1,0,1,1,5,4,4,0,0,0,0
gen_02872,8,-8.178,ok,1,0,1,1,4,5,2,1,0,0,0
gen_02872,9,-8.16,ok,1,0,1,1,4,5,1,1,0,0,0
gen_02872,10,-8.153,ok,1,1,1,1,4,6,2,1,0,0,0
gen_02872,11,-8.116,ok,1,0,1,0,4,6,0,1,0,0,0
gen_02873,1,-6.966,ok,1,0,0,1,4,6,2,0,0,0,0
gen_02874,1,-8.604,ok,0,0,1,1,3,6,3,1,0,0,0
gen_02874,2,-8.579,ok,1,0,1,1,4,5,3,0,0,0,1
gen_02874,3,-8.543,ok,1,0,1,1,4,5,3,0,0,0,1
gen_02875,1,-7.553,ok,1,0,1,1,4,1,4,0,0,0,1
gen_02875,2,-7.551,ok,1,0,1,1,4,1,5,0,0,0,1
gen_02875,3,-7.538,ok,1,0,1,1,4,2,4,0,0,0,1
gen_02875,4,-7.456,ok,1,0,1,1,4,1,5,0,0,0,1
gen_02875,5,-7.445,ok,1,0,1,1,4,1,4,0,0,0,0
gen_02875,6,-7.424,ok,0,0,1,1,3,1,4,0,0,0,1
gen_02875,7,-7.419,ok,1,0,1,1,4,1,5,0,0,0,0
gen_02875,8,-7.411,ok,1,0,1,1,4,1,4,0,0,0,1
gen_02876,1,-7.884,ok,1,0,1,1,4,7,3,0,0,0,0
gen_02876,2,-7.866,ok,1,0,1,1,4,6,2,0,0,0,0
gen_02877,1,-7.525,ok,1,0,0,1,5,3,4,0,0,0,0
gen_02878,1,-7.345,ok,0,0,0,1,3,3,1,0,0,0,0
gen_02878,2,-7.325,ok,0,0,0,1,3,4,4,0,0,0,0
gen_02879,1,-7.402,ok,0,1,1,1,3,6,3,0,0,0,0
gen_02879,2,-7.376,ok,0,1,1,1,3,6,5,0,0,0,0
gen_02880,1,-7.881,ok,1,0,0,1,4,6,2,0,0,0,0
gen_02880,2,-7.856,ok,1,0,0,1,4,6,2,0,0,0,0
gen_02881,1,-8.412,ok,0,0,0,1,3,6,4,0,0,0,0
gen_02881,2,-8.406,ok,0,0,0,1,3,7,4,0,0,0,0
gen_02881,3,-8.325,ok,1,0,0,1,4,6,3,0,0,0,0
gen_02881,4,-8.302,ok,1,0,0,1,4,6,3,0,0,0,0
gen_02881,5,-8.27,ok,1,0,1,1,4,3,2,1,0,0,0
gen_02881,6,-8.267,ok,0,0,0,1,3,7,4,0,0,0,0
gen_02881,7,-8.263,ok,1,0,0,1,4,7,3,0,0,0,0
gen_02881,8,-8.252,ok,1,0,0,1,4,7,4,0,0,0,0
gen_02881,9,-8.238,ok,0,0,1,1,3,7,3,1,0,0,0
gen_02881,10,-8.179,ok,1,0,0,1,4,6,3,0,0,0,0
gen_02881,11,-8.07,ok,0,0,0,1,3,7,4,0,0,0,0
gen_02881,12,-8.0,ok,1,0,0,1,4,3,3,0,0,0,0
gen_02881,13,-7.913,ok,0,0,0,1,3,6,4,0,0,0,0
gen_02881,14,-7.689,ok,1,0,0,1,4,7,4,0,0,0,0
gen_02882,1,-7.976,ok,1,0,0,1,4,6,4,0,0,0,0
gen_02882,2,-7.96,ok,1,0,0,1,4,6,4,0,0,0,0
gen_02882,3,-7.933,ok,1,0,0,1,4,6,4,0,0,0,0
gen_02883,1,-6.401,ok,1,0,0,1,4,1,3,0,0,0,0
gen_02884,1,-8.13,ok,1,0,0,1,4,6,3,0,0,0,0
gen_02884,2,-7.925,ok,1,0,0,1,4,6,3,0,0,0,0
gen_02885,1,-7.095,ok,1,0,0,1,4,5,3,0,0,0,0
gen_02885,2,-7.084,ok,1,0,1,1,4,5,4,0,0,0,0
gen_02886,1,-7.439,ok,1,0,0,0,4,7,1,0,0,0,0
gen_02886,2,-7.437,ok,1,0,0,0,4,7,1,0,0,0,0
gen_02886,3,-7.422,ok,1,0,0,0,4,7,1,0,0,0,0
gen_02886,4,-7.419,ok,1,0,0,0,4,7,1,0,0,0,0
gen_02886,5,-7.402,ok,1,0,0,0,4,7,1,0,0,0,0
gen_02886,6,-7.379,ok,1,0,0,0,4,6,1,0,0,0,0
gen_02886,7,-7.347,ok,1,0,0,0,4,6,1,0,0,0,0
gen_02886,8,-7.316,ok,1,0,0,1,4,6,1,0,0,0,0
gen_02886,9,-7.306,ok,1,0,0,1,4,7,2,0,0,0,0
gen_02887,1,-7.534,ok,1,0,0,1,4,5,2,0,0,0,1
gen_02887,2,-7.472,ok,1,0,0,1,4,6,2,0,0,0,1
gen_02887,3,-7.466,ok,1,0,0,1,4,6,2,0,0,0,1
gen_02887,4,-7.464,ok,1,0,0,1,4,6,2,0,0,0,1
gen_02887,5,-7.422,ok,1,0,0,0,4,6,0,0,0,0,1
gen_02887,6,-7.416,ok,1,0,0,0,4,6,0,0,0,0,1
gen_02887,7,-7.41,ok,1,0,0,0,4,6,0,0,0,0,0
gen_02887,8,-7.37,ok,1,0,0,0,4,6,0,0,0,0,1
gen_02887,9,-7.37,ok,1,0,0,0,4,6,0,0,0,0,1
gen_02888,1,-8.003,ok,1,0,1,1,4,6,1,1,0,0,0
gen_02888,2,-7.972,ok,1,0,1,1,4,6,1,1,0,0,0
gen_02888,3,-7.85,ok,1,0,1,1,4,6,2,1,0,0,0
gen_02888,4,-7.847,ok,1,0,1,1,4,6,2,1,0,0,0
gen_02888,5,-7.825,ok,1,0,1,1,4,6,2,1,0,0,0
gen_02888,6,-7.805,ok,1,0,1,1,4,6,2,1,0,0,0
gen_02889,1,-7.594,ok,1,0,0,1,5,2,3,0,0,0,0
gen_02889,2,-7.594,ok,1,0,0,1,5,2,3,0,0,0,0
gen_02889,3,-7.589,ok,1,0,0,1,5,1,3,0,0,0,0
gen_02889,4,-7.589,ok,1,0,0,1,5,2,3,0,0,0,0
gen_02889,5,-7.586,ok,1,0,0,1,5,1,3,0,0,0,0
gen_02889,6,-7.581,ok,1,0,0,1,5,1,2,0,0,0,0
gen_02890,1,-6.32,ok,1,0,0,1,4,5,2,0,0,0,0
gen_02890,2,-6.299,ok,1,0,0,1,4,5,2,0,0,0,0
gen_02890,3,-6.242,ok,1,0,0,1,4,6,3,0,0,0,0
gen_02890,4,-6.23,ok,1,0,0,1,4,6,2,0,0,0,0
gen_02890,5,-6.197,ok,1,0,0,1,4,6,3,0,0,0,0
gen_02890,6,-6.196,ok,1,0,0,1,4,5,2,0,0,0,0
gen_02890,7,-6.179,ok,1,0,0,1,4,5,3,0,0,0,0
gen_02890,8,-6.147,ok,1,0,0,1,4,5,2,0,0,0,0
gen_02890,9,-6.116,ok,1,0,0,1,4,5,3,0,0,0,0
gen_02890,10,-6.064,ok,1,0,0,1,4,4,3,0,0,0,0
gen_02891,1,-7.472,ok,1,0,0,1,5,3,4,0,0,0,0
gen_02892,1,-7.743,ok,1,0,1,0,4,5,1,1,0,0,0
gen_02892,2,-7.742,ok,1,0,1,0,4,6,0,1,0,0,0
gen_02892,3,-7.718,ok,1,0,1,0,4,6,0,1,0,0,0
gen_02892,4,-7.712,ok,1,0,1,0,4,6,1,1,0,0,0
gen_02892,5,-7.647,ok,1,0,1,0,4,5,1,1,0,0,0
gen_02893,1,-6.671,ok,1,0,1,1,4,6,1,0,0,0,0
gen_02894,1,-7.895,ok,1,0,0,1,4,6,3,2,0,0,0
gen_02894,2,-7.741,ok,1,0,1,1,4,5,3,0,0,0,0
gen_02895,1,-7.775,ok,1,0,1,0,4,6,2,0,0,0,0
gen_02896,1,-7.822,ok,1,0,0,1,4,6,3,0,0,0,0
gen_02896,2,-7.761,ok,1,0,1,1,4,6,4,0,0,0,1
gen_02896,3,-7.752,ok,1,0,0,1,4,6,3,0,0,0,0
gen_02896,4,-7.736,ok,1,0,1,1,4,5,4,0,0,0,1
gen_02896,5,-7.727,ok,1,0,1,1,4,6,4,0,0,0,1
gen_02896,6,-7.709,ok,1,0,0,1,4,5,3,0,0,0,0
gen_02897,1,-7.642,ok,1,0,0,1,4,5,1,0,0,0,0
gen_02897,2,-7.63,ok,1,0,0,1,4,5,1,0,0,0,0
gen_02897,3,-7.559,ok,1,0,0,1,4,5,1,0,0,0,0
gen_02898,1,-8.154,ok,1,0,0,1,4,5,2,0,0,0,0
gen_02898,2,-8.089,ok,1,0,0,1,4,6,2,0,1,0,0
gen_02898,3,-8.078,ok,1,0,0,1,4,5,2,0,1,0,0
gen_02898,4,-8.065,ok,1,0,0,1,4,5,2,0,0,0,0
gen_02899,1,-7.624,ok,1,0,0,1,4,4,3,0,0,0,0
gen_02900,1,-8.268,ok,1,0,1,1,4,6,3,1,0,0,0
gen_02900,2,-8.246,ok,1,0,1,1,4,6,3,1,0,0,0
gen_02901,1,-7.932,ok,1,0,1,0,4,6,1,1,0,0,0
gen_02901,2,-7.891,ok,1,0,1,0,4,5,1,1,0,0,0
gen_02902,1,-7.195,ok,0,0,0,1,3,4,2,0,0,0,0
gen_02902,2,-7.183,ok,0,0,0,1,3,4,2,0,0,0,0
gen_02903,1,-7.38,ok,1,0,0,1,4,5,1,0,0,0,0
gen_02903,2,-7.339,ok,1,0,0,0,4,5,1,0,0,0,0
gen_02904,1,-7.97,ok,1,0,0,1,4,5,4,0,0,0,0
gen_02904,2,-7.875,ok,1,0,0,1,4,5,4,0,0,0,0
gen_02904,3,-7.857,ok,1,0,0,0,4,5,4,0,0,0,0
gen_02904,4,-7.776,ok,1,0,0,1,4,5,4,0,0,0,0
gen_02905,1,-6.558,ok,1,0,1,0,4,5,2,1,0,0,0
gen_02905,2,-6.537,ok,1,0,1,0,4,5,2,1,0,0,0
gen_02906,1,-7.07,ok,1,0,1,1,4,2,4,0,0,0,0
gen_02906,2,-7.068,ok,1,0,1,1,4,2,4,0,0,0,0
gen_02906,3,-7.066,ok,1,0,1,1,4,2,4,0,0,0,0
gen_02906,4,-7.063,ok,1,0,1,1,4,2,4,0,0,0,0
gen_02907,1,-7.181,ok,1,0,0,1,5,3,3,0,0,0,0
gen_02907,2,-7.088,ok,1,0,0,1,5,4,2,0,0,0,0
gen_02908,1,-6.985,ok,1,0,1,0,4,5,2,0,0,0,0
gen_02908,2,-6.947,ok,1,0,1,0,4,5,2,0,0,0,0
gen_02908,3,-6.923,ok,1,0,1,0,4,5,3,0,0,0,0
gen_02908,4,-6.9,ok,1,0,0,0,5,4,1,0,0,0,1
gen_02908,5,-6.894,ok,1,0,0,0,5,4,1,0,0,0,1
gen_02908,6,-6.885,ok,1,0,0,0,5,4,1,0,0,0,1
gen_02908,7,-6.868,ok,1,0,1,0,4,5,3,0,0,0,0
gen_02908,8,-6.845,ok,1,0,0,0,4,5,1,0,0,0,1
gen_02908,9,-6.841,ok,1,0,0,0,5,5,1,0,0,0,1
gen_02909,1,-7.275,ok,0,0,0,1,3,6,2,0,0,0,0
gen_02909,2,-7.256,ok,1,0,0,1,4,5,2,0,0,0,0
gen_02909,3,-7.235,ok,1,0,0,1,4,5,2,0,0,0,0
gen_02909,4,-7.207,ok,0,0,0,1,3,6,2,0,0,0,0
gen_02909,5,-7.148,ok,1,0,0,1,4,5,2,0,0,0,0
gen_02910,1,-8.686,ok,1,0,0,1,4,5,6,0,0,0,0
gen_02910,2,-8.676,ok,1,0,0,1,4,5,6,0,0,0,0
gen_02910,3,-8.629,ok,1,0,0,1,4,4,6,0,0,0,0
gen_02910,4,-8.519,ok,1,0,1,1,5,3,6,0,0,0,1
gen_02910,5,-8.484,ok,1,0,1,1,4,3,7,0,0,0,1
gen_02910,6,-8.436,ok,1,0,0,1,4,5,5,0,0,0,0
gen_02910,7,-8.246,ok,1,0,0,1,4,5,5,0,0,0,0
gen_02911,1,-6.502,ok,1,0,1,1,4,5,2,0,0,0,0
gen_02911,2,-6.413,ok,1,0,1,1,4,5,3,0,0,0,0
gen_02911,3,-6.328,ok,1,0,0,1,4,4,3,2,0,0,0
gen_02912,1,-7.95,ok,1,0,0,1,4,6,3,0,0,0,0
gen_02912,2,-7.944,ok,1,0,0,1,4,5,2,0,0,0,0
gen_02912,3,-7.94,ok,1,0,0,1,4,6,3,0,0,0,0
gen_02912,4,-7.939,ok,1,0,0,1,4,6,2,0,0,0,0
gen_02912,5,-7.843,ok,1,0,0,1,4,5,2,0,0,0,0
gen_02912,6,-7.835,ok,1,0,1,0,4,5,0,1,0,0,0
gen_02912,7,-7.819,ok,1,0,1,0,4,5,0,1,0,0,0
gen_02912,8,-7.792,ok,1,0,1,0,4,5,0,1,0,0,0
gen_02913,1,-7.592,ok,1,0,0,0,4,5,2,0,0,0,0
gen_02913,2,-7.429,ok,1,0,0,1,4,5,4,0,0,0,0
gen_02913,3,-7.428,ok,1,0,0,0,4,6,2,0,0,0,0
gen_02913,4,-7.378,ok,1,0,0,1,4,5,2,0,0,0,0
gen_02913,5,-7.344,ok,1,0,0,1,4,5,3,0,0,0,0
gen_02913,6,-7.292,ok,1,0,0,1,4,6,2,0,0,0,0
gen_02913,7,-7.244,ok,1,0,0,1,4,6,3,0,0,0,0
gen_02913,8,-7.175,ok,1,0,0,1,4,5,3,0,0,0,0
gen_02914,1,-7.217,ok,1,0,1,1,4,5,1,0,0,0,0
gen_02914,2,-6.784,ok,0,0,0,1,0,4,4,1,0,0,0
gen_02915,1,-7.977,ok,1,0,0,1,4,6,4,1,1,0,0
gen_02915,2,-7.894,ok,1,0,0,1,4,7,4,1,0,0,0
gen_02915,3,-7.678,ok,1,0,0,1,4,5,4,1,1,0,0
gen_02916,1,-8.418,ok,1,0,0,1,4,5,3,0,0,0,0
gen_02916,2,-8.39,ok,1,0,0,1,4,5,4,0,0,0,0
gen_02917,1,-7.7,ok,0,1,1,0,3,8,1,0,0,0,0
gen_02917,2,-7.639,ok,1,1,1,0,4,7,1,0,0,0,0
gen_02917,3,-7.636,ok,1,1,1,0,4,7,1,0,0,0,0
gen_02917,4,-7.619,ok,1,1,1,0,4,7,1,0,0,0,0
gen_02918,1,-7.134,ok,0,0,1,1,3,6,4,0,0,0,0
gen_02918,2,-7.132,ok,1,0,1,1,4,6,4,0,0,0,0
gen_02918,3,-7.123,ok,1,0,0,1,4,5,4,0,0,0,0
gen_02918,4,-7.069,ok,0,0,1,1,3,7,4,0,0,0,0
gen_02918,5,-7.06,ok,1,0,1,1,4,6,4,0,0,0,0
gen_02919,1,-7.365,ok,1,0,0,1,4,6,2,0,0,0,0
gen_02919,2,-7.351,ok,1,0,0,1,4,6,2,0,0,0,0
gen_02919,3,-7.349,ok,1,0,0,1,4,6,2,0,0,0,0
gen_02919,4,-7.342,ok,1,0,0,1,4,6,2,0,0,0,0
gen_02919,5,-7.325,ok,1,0,0,1,4,6,2,0,0,0,0
gen_02919,6,-7.302,ok,1,0,0,1,4,6,2,0,0,0,0
gen_02919,7,-7.297,ok,1,0,0,1,4,6,2,0,0,0,0
gen_02919,8,-6.951,ok,1,0,1,0,4,6,3,0,0,0,0
gen_02919,9,-6.948,ok,1,0,0,1,5,3,3,0,0,0,0
gen_02920,1,-8.208,ok,1,0,1,1,4,7,5,0,0,0,1
gen_02920,2,-8.189,ok,1,0,1,1,4,6,5,0,0,0,1
gen_02920,3,-8.171,ok,1,0,0,1,4,6,4,0,0,0,2
gen_02920,4,-8.167,ok,1,0,1,1,4,6,5,0,0,0,1
gen_02920,5,-8.131,ok,1,0,1,1,4,7,3,0,0,0,1
gen_02920,6,-8.11,ok,1,0,0,1,4,5,4,0,0,0,1
gen_02920,7,-8.102,ok,1,0,0,1,4,6,3,0,0,0,2
gen_02920,8,-8.075,ok,1,0,1,1,4,7,4,0,0,0,2
gen_02921,1,-9.422,ok,0,0,1,1,3,10,5,0,0,0,0
gen_02921,2,-9.386,ok,0,0,1,1,3,10,5,0,0,0,0
gen_02921,3,-9.268,ok,0,0,1,1,3,11,5,0,0,0,0
gen_02921,4,-9.14,ok,0,0,1,1,3,11,4,0,0,0,0
gen_02922,1,-7.148,ok,0,0,0,1,3,1,2,0,0,0,0
gen_02922,2,-7.141,ok,0,0,0,1,3,1,2,0,0,0,0
gen_02922,3,-7.14,ok,0,0,0,1,3,1,2,0,0,0,0
gen_02922,4,-7.127,ok,1,0,0,1,4,4,3,0,0,0,0
gen_02922,5,-7.12,ok,0,0,0,1,3,1,2,0,0,0,0
gen_02922,6,-7.029,ok,0,0,0,1,3,1,2,0,0,0,0
gen_02923,1,-8.146,ok,1,0,0,1,4,7,6,0,0,0,1
gen_02923,2,-8.122,ok,1,0,0,1,4,6,6,0,0,0,0
gen_02924,1,-8.201,ok,1,0,1,1,4,5,4,0,0,0,0
gen_02924,2,-8.2,ok,1,0,1,1,4,6,3,0,0,0,0
gen_02924,3,-8.183,ok,1,0,1,1,4,6,3,0,0,0,0
gen_02924,4,-8.162,ok,1,0,0,1,4,5,2,0,0,0,0
gen_02925,1,-7.225,ok,0,0,0,0,3,3,0,0,0,0,0
gen_02925,2,-7.19,ok,0,0,1,0,3,3,1,0,0,0,0
gen_02925,3,-7.183,ok,0,0,0,0,3,3,0,0,0,0,0
gen_02925,4,-7.181,ok,1,0,0,1,4,4,2,0,0,0,0
gen_02925,5,-7.178,ok,1,0,0,1,4,4,2,0,0,0,0
gen_02925,6,-7.161,ok,1,0,0,1,4,4,2,0,0,0,0
gen_02925,7,-7.154,ok,1,0,0,1,4,5,1,0,0,0,1
gen_02925,8,-7.14,ok,1,0,0,1,4,5,1,0,0,0,1
gen_02925,9,-7.133,ok,1,0,0,1,4,5,1,0,0,0,1
gen_02926,1,-7.771,ok,1,0,1,1,4,4,2,0,1,0,0
gen_02926,2,-7.759,ok,1,0,1,1,4,4,2,0,1,0,0
gen_02926,3,-7.677,ok,1,0,1,1,4,5,2,0,1,0,0
gen_02926,4,-7.647,ok,1,0,1,1,4,5,1,0,1,0,0
gen_02927,1,-8.088,ok,0,0,0,1,3,6,2,0,0,0,0
gen_02927,2,-8.023,ok,0,0,0,1,3,6,2,0,0,0,0
gen_02928,1,-8.566,ok,1,0,1,1,5,4,4,1,0,0,0
gen_02929,1,-7.254,ok,1,0,0,1,4,6,3,0,0,0,0
gen_02930,1,-7.622,ok,1,0,0,1,4,5,1,0,0,0,0
gen_02931,1,-7.095,ok,1,0,0,1,4,0,1,0,0,0,0
gen_02931,2,-7.082,ok,1,0,0,1,4,0,1,0,0,0,0
gen_02931,3,-7.075,ok,1,0,0,1,4,0,3,0,0,0,0
gen_02931,4,-7.066,ok,1,0,0,1,4,0,3,0,0,0,0
gen_02932,1,-8.69,ok,1,0,0,1,4,7,2,0,0,0,0
gen_02932,2,-8.681,ok,1,0,0,1,4,6,2,0,0,0,0
gen_02932,3,-8.657,ok,1,0,0,1,4,5,2,0,0,0,0
gen_02932,4,-8.642,ok,1,0,0,1,4,6,2,0,0,0,0
gen_02933,1,-7.397,ok,1,0,0,1,4,6,1,0,0,0,0
gen_02933,2,-7.355,ok,1,0,0,1,4,6,1,0,0,0,0
gen_02934,1,-8.326,ok,1,0,0,1,5,3,2,0,0,0,1
gen_02934,2,-8.32,ok,1,0,0,1,5,3,2,0,0,0,1
gen_02934,3,-8.309,ok,1,0,0,1,5,3,2,0,0,0,1
gen_02935,1,-7.287,ok,1,0,0,1,4,5,3,0,0,0,0
gen_02935,2,-7.25,ok,1,0,0,1,4,5,3,0,0,0,0
gen_02936,1,-7.463,ok,0,0,0,1,0,3,2,0,0,0,2
gen_02936,2,-7.418,ok,1,0,0,1,5,2,2,0,0,0,0
gen_02937,1,-6.9,ok,1,0,0,1,5,4,1,0,0,0,1
gen_02937,2,-6.877,ok,1,0,0,1,5,4,1,0,0,0,1
gen_02937,3,-6.875,ok,1,0,0,1,5,4,1,0,0,0,1
gen_02938,1,-8.283,ok,0,0,0,1,3,6,4,1,0,0,0
gen_02938,2,-8.22,ok,0,0,0,1,3,6,4,1,0,0,0
gen_02938,3,-8.124,ok,0,0,0,1,3,5,3,1,0,0,0
gen_02938,4,-7.744,ok,0,0,0,1,0,1,3,0,0,0,0
gen_02938,5,-7.737,ok,0,0,0,1,0,1,3,0,0,0,0
gen_02938,6,-7.726,ok,0,0,0,1,0,1,3,0,0,0,0
gen_02939,1,-7.611,ok,1,0,0,1,5,5,2,0,0,0,0
gen_02939,2,-7.588,ok,1,0,0,1,5,5,2,0,0,0,0
gen_02939,3,-7.571,ok,1,0,0,1,4,2,3,0,0,0,0
gen_02939,4,-7.456,ok,1,0,0,1,4,0,3,0,0,0,0
gen_02940,1,-8.651,ok,1,0,0,1,5,3,4,0,0,0,0
gen_02940,2,-8.627,ok,1,0,0,1,5,3,6,0,0,0,0
gen_02940,3,-8.471,ok,0,0,1,1,3,5,3,0,0,0,0
gen_02940,4,-8.446,ok,0,0,0,1,3,4,3,0,0,0,0
gen_02940,5,-8.407,ok,0,0,0,1,3,4,3,0,0,0,0
gen_02941,1,-7.304,ok,0,0,1,1,0,3,3,0,0,0,0
gen_02941,2,-7.281,ok,0,0,1,1,0,3,3,0,0,0,0
gen_02941,3,-7.277,ok,0,0,1,1,0,3,3,0,0,0,0
gen_02942,1,-6.458,ok,1,0,0,0,4,6,0,0,0,0,0
gen_02942,2,-6.457,ok,1,0,0,0,4,6,0,0,0,0,0
gen_02942,3,-6.427,ok,1,0,0,0,4,6,0,0,0,0,0
gen_02942,4,-6.406,ok,1,0,0,1,4,5,1,0,0,0,0
gen_02942,5,-6.403,ok,1,0,0,1,4,5,1,0,0,0,0
gen_02942,6,-6.401,ok,1,0,0,1,4,5,1,0,0,0,0
gen_02942,7,-6.374,ok,1,0,0,1,4,5,1,0,0,0,0
gen_02943,1,-7.834,ok,1,0,1,0,4,6,2,0,0,0,0
gen_02943,2,-7.809,ok,1,0,1,0,4,6,2,0,0,0,0
gen_02943,3,-7.8,ok,1,0,1,0,4,6,2,0,0,0,0
gen_02943,4,-7.702,ok,1,0,1,1,4,6,4,0,0,0,0
gen_02943,5,-7.668,ok,1,0,1,0,4,5,2,0,0,0,0
gen_02943,6,-7.651,ok,1,0,1,1,4,6,4,0,0,0,0
gen_02943,7,-7.64,ok,1,0,1,1,4,6,4,0,0,0,0
gen_02943,8,-7.637,ok,1,0,1,1,4,6,4,0,0,0,0
gen_02943,9,-7.623,ok,1,0,1,1,4,6,4,0,0,0,0
gen_02944,1,-8.371,ok,1,0,0,1,4,5,3,1,0,0,0
gen_02944,2,-8.333,ok,1,0,0,1,4,6,2,1,0,0,0
gen_02944,3,-8.327,ok,1,0,0,1,4,5,2,1,0,0,0
gen_02944,4,-8.326,ok,1,0,0,1,4,6,3,1,0,0,0
gen_02945,1,-7.904,ok,1,0,0,1,4,6,2,0,0,0,0
gen_02945,2,-7.896,ok,1,0,0,1,4,7,3,0,0,0,0
gen_02945,3,-7.803,ok,1,0,0,1,4,6,2,0,0,0,0
gen_02946,1,-7.295,ok,1,0,0,1,4,6,2,0,0,0,0
gen_02946,2,-7.285,ok,1,0,0,1,4,6,2,0,0,0,0
gen_02946,3,-7.277,ok,1,0,0,1,4,6,2,0,0,0,0
gen_02946,4,-7.272,ok,1,0,0,1,4,6,2,0,0,0,0
gen_02946,5,-7.267,ok,1,0,0,1,4,6,2,0,0,0,0
gen_02946,6,-7.266,ok,1,0,0,1,4,6,2,0,0,0,0
gen_02946,7,-7.26,ok,1,0,0,1,4,6,2,0,0,0,0
gen_02946,8,-7.259,ok,1,0,0,1,4,6,2,0,0,0,0
gen_02946,9,-7.246,ok,1,0,0,1,4,6,2,0,0,0,0
gen_02947,1,-6.505,ok,1,0,0,1,4,6,1,0,0,0,0
gen_02947,2,-6.496,ok,1,0,1,1,4,7,3,0,0,0,0
gen_02947,3,-6.483,ok,1,0,0,1,4,7,1,0,0,0,1
gen_02947,4,-6.48,ok,1,0,0,0,4,6,0,0,0,0,0
gen_02947,5,-6.464,ok,1,0,0,0,4,7,1,0,0,0,0
gen_02947,6,-6.424,ok,1,0,0,1,4,7,1,0,0,0,1
gen_02948,1,-7.748,ok,1,0,0,1,4,6,2,0,0,0,0
gen_02948,2,-7.711,ok,1,0,0,1,4,6,1,0,0,0,0
gen_02948,3,-7.71,ok,1,0,0,1,4,6,1,0,0,0,0
gen_02948,4,-7.708,ok,1,0,0,1,4,6,2,0,0,0,0
gen_02948,5,-7.691,ok,1,0,0,1,4,6,2,0,0,0,0
gen_02948,6,-7.683,ok,1,0,0,1,4,5,2,0,0,0,0
gen_02948,7,-7.619,ok,0,0,0,1,3,0,1,0,1,0,1
gen_02948,8,-7.619,ok,0,0,0,1,3,0,1,0,2,0,1
gen_02948,9,-7.606,ok,0,0,0,1,3,0,1,0,1,0,1
gen_02948,10,-7.592,ok,0,0,0,1,3,0,1,0,2,0,1
gen_02948,11,-7.571,ok,0,0,0,1,3,0,2,0,1,0,1
gen_02948,12,-7.565,ok,0,0,0,1,3,0,1,0,1,0,1
gen_02948,13,-7.473,ok,1,0,0,1,4,4,1,0,0,0,0
gen_02949,1,-6.067,ok,1,0,0,1,4,1,3,0,0,0,0
gen_02950,1,-6.719,ok,1,0,1,1,4,8,4,0,0,0,0
gen_02950,2,-6.658,ok,0,0,1,1,3,8,4,0,0,0,0
gen_02950,3,-6.649,ok,1,0,1,1,4,7,3,0,0,0,0
gen_02950,4,-6.562,ok,1,0,1,1,5,4,4,0,0,0,0
gen_02950,5,-6.472,ok,1,0,1,1,5,4,5,0,0,0,0
gen_02950,6,-6.44,ok,1,0,1,1,4,7,4,0,0,0,0
gen_02950,7,-6.433,ok,1,0,1,1,4,8,5,0,0,0,0
gen_02950,8,-6.422,ok,1,0,1,1,4,7,5,0,0,0,0
gen_02950,9,-6.402,ok,1,0,1,1,4,7,2,0,0,0,0
gen_02950,10,-6.355,ok,1,0,1,1,5,4,5,0,0,0,0
gen_02950,11,-6.352,ok,0,0,0,1,3,0,1,0,0,0,0
gen_02950,12,-6.318,ok,0,0,0,1,3,3,1,1,0,0,1
gen_02950,13,-6.271,ok,0,0,0,1,0,3,3,0,0,0,0
gen_02950,14,-6.233,ok,1,0,1,1,4,7,3,0,0,0,0
gen_02951,1,-8.193,ok,0,0,0,1,0,5,4,0,0,0,0
gen_02951,2,-8.177,ok,0,0,0,1,0,5,4,0,0,0,0
gen_02951,3,-8.175,ok,0,0,0,1,0,5,3,0,0,0,0
gen_02951,4,-8.142,ok,0,0,0,1,0,5,4,0,0,0,0
gen_02951,5,-8.058,ok,1,0,1,1,4,5,2,0,0,0,1
gen_02952,1,-7.175,ok,1,0,0,1,4,4,2,0,0,0,0
gen_02952,2,-7.102,ok,1,0,0,1,4,5,2,0,0,0,0
gen_02952,3,-6.982,ok,1,0,0,1,4,4,1,0,0,0,0
gen_02952,4,-6.979,ok,1,0,0,0,4,5,0,0,0,0,0
gen_02952,5,-6.818,ok,1,0,0,1,4,4,1,0,0,0,0
gen_02953,1,-7.955,ok,1,0,0,1,4,6,2,0,0,0,0
gen_02954,1,-6.521,ok,1,0,0,1,4,5,1,0,0,0,0
gen_02955,1,-7.105,ok,1,0,1,0,4,6,0,1,0,0,0
gen_02955,2,-7.091,ok,1,0,1,0,4,6,0,1,0,0,0
gen_02955,3,-6.909,ok,1,0,1,0,4,6,0,1,0,0,0
gen_02956,1,-7.729,ok,1,0,1,1,4,5,3,1,0,0,0
gen_02956,2,-7.725,ok,1,0,1,1,4,6,4,1,0,0,0
gen_02956,3,-7.725,ok,1,0,1,1,4,6,4,1,0,0,0
gen_02956,4,-7.717,ok,1,0,1,1,4,5,3,1,0,0,0
gen_02956,5,-7.665,ok,1,0,1,1,5,5,4,1,0,0,0
gen_02957,1,-6.97,ok,0,0,1,0,3,5,1,0,0,0,0
gen_02957,2,-6.954,ok,0,0,1,0,3,5,1,0,0,0,0
gen_02958,1,-8.31,ok,1,0,1,1,4,7,5,0,0,0,0
gen_02958,2,-8.288,ok,1,0,1,1,4,8,4,0,0,0,0
gen_02958,3,-8.224,ok,1,0,1,1,4,6,5,0,0,0,0
gen_02958,4,-8.224,ok,1,0,1,1,4,5,4,0,0,0,0
gen_02959,1,-8.617,ok,1,0,0,1,5,3,7,0,0,0,0
gen_02959,2,-8.588,ok,1,0,0,1,5,3,6,0,0,0,0
gen_02960,1,-8.018,ok,1,0,0,1,5,3,4,0,0,0,0
gen_02960,2,-7.949,ok,1,0,0,1,5,3,4,0,0,0,0
gen_02961,1,-6.919,ok,1,0,0,1,4,1,2,1,0,0,0
gen_02961,2,-6.887,ok,1,0,0,1,4,1,2,1,0,0,0
gen_02961,3,-6.864,ok,1,0,0,1,4,1,2,1,0,0,0
gen_02961,4,-6.851,ok,1,0,0,1,4,0,3,0,0,0,0
gen_02961,5,-6.835,ok,1,0,1,1,4,1,1,2,0,0,0
gen_02961,6,-6.807,ok,1,0,1,1,4,6,7,0,0,0,0
gen_02961,7,-6.806,ok,1,0,0,1,4,4,6,0,0,0,0
gen_02961,8,-6.753,ok,1,0,1,1,4,6,6,0,0,0,0
gen_02962,1,-7.353,ok,1,0,0,0,4,6,2,0,0,0,0
gen_02963,1,-7.156,ok,1,0,0,1,4,3,3,0,0,0,0
gen_02964,1,-7.18,ok,1,0,0,1,4,4,2,0,0,0,0
gen_02964,2,-7.031,ok,1,0,0,1,4,5,2,0,0,0,0
gen_02965,1,-7.299,ok,0,0,0,1,3,5,4,0,0,0,0
gen_02965,2,-7.28,ok,0,0,0,1,3,6,4,0,0,0,0
gen_02965,3,-7.24,ok,0,0,0,1,3,5,3,0,0,0,0
gen_02965,4,-7.235,ok,0,0,0,1,3,5,4,0,0,0,0
gen_02965,5,-7.222,ok,0,0,0,1,3,6,4,0,0,0,0
gen_02965,6,-7.142,ok,0,0,0,1,3,4,4,0,0,0,0
gen_02966,1,-6.864,ok,0,0,1,1,3,3,3,0,0,0,0
gen_02966,2,-6.859,ok,0,0,1,0,3,3,3,0,0,0,0
gen_02967,1,-8.3,ok,1,0,0,1,4,7,3,0,0,0,0
gen_02968,1,-7.556,ok,1,0,0,1,4,6,1,0,0,0,0
gen_02969,1,-7.685,ok,1,0,0,1,4,5,1,0,0,0,0
gen_02969,2,-7.674,ok,1,0,0,1,4,5,1,0,0,0,0
gen_02969,3,-7.662,ok,1,0,0,1,4,6,1,0,0,0,0
gen_02969,4,-7.651,ok,1,0,0,1,4,6,1,0,0,0,0
gen_02969,5,-7.633,ok,1,0,0,1,4,5,1,0,0,0,0
gen_02970,1,-8.697,ok,1,0,1,1,4,5,3,0,0,0,0
gen_02971,1,-7.864,ok,1,0,0,1,4,7,2,0,0,0,0
gen_02971,2,-7.812,ok,1,0,0,1,4,6,2,0,0,0,0
gen_02972,1,-7.223,ok,0,0,0,1,3,5,7,0,0,0,0
gen_02972,2,-7.21,ok,1,0,0,1,4,5,4,0,0,0,0
gen_02972,3,-7.208,ok,1,0,0,1,4,5,5,0,0,0,0
gen_02972,4,-7.19,ok,1,0,0,1,4,5,4,0,0,0,0
gen_02972,5,-7.144,ok,1,0,0,1,4,5,4,0,0,0,0
gen_02972,6,-7.023,ok,1,0,0,1,4,5,4,0,0,0,0
gen_02973,1,-26.334,ok,0,0,0,1,3,3,5,0,0,0,0
gen_02974,1,-6.887,ok,0,0,0,0,3,5,1,1,0,0,0
gen_02975,1,-7.526,ok,0,0,0,1,3,3,2,0,0,0,0
gen_02976,1,-7.8,ok,1,0,1,1,4,5,2,1,0,0,0
gen_02976,2,-7.763,ok,1,0,1,1,4,5,2,1,0,0,0
gen_02976,3,-7.634,ok,1,0,1,0,4,5,1,1,0,0,0
gen_02976,4,-7.626,ok,1,0,1,0,4,6,1,1,0,0,0
gen_02976,5,-7.623,ok,1,0,1,0,4,5,1,1,0,0,0
gen_02977,1,-8.186,ok,1,0,1,1,4,6,3,0,0,0,0
gen_02977,2,-8.103,ok,1,0,1,1,4,6,3,0,0,0,0
gen_02977,3,-8.074,ok,1,0,1,1,4,7,3,0,0,0,0
gen_02978,1,-6.849,ok,1,0,1,1,4,5,4,0,0,0,0
gen_02978,2,-6.824,ok,1,0,1,1,5,3,5,0,0,0,0
gen_02978,3,-6.766,ok,1,0,0,1,4,6,1,0,0,0,0
gen_02978,4,-6.752,ok,1,0,1,1,5,4,3,0,0,0,0
gen_02978,5,-6.751,ok,1,0,1,1,4,4,3,0,0,0,0
gen_02978,6,-6.744,ok,1,0,0,1,4,5,2,0,0,0,0
gen_02978,7,-6.734,ok,1,0,1,1,5,4,3,0,0,0,0
gen_02978,8,-6.699,ok,1,0,0,1,4,5,3,0,0,0,0
gen_02978,9,-6.663,ok,0,0,1,1,3,4,3,2,0,0,0
gen_02979,1,-7.479,ok,0,0,0,1,3,2,2,0,1,0,1
gen_02979,2,-7.45,ok,0,0,0,1,3,2,2,0,1,0,1
gen_02980,1,-6.49,ok,1,0,0,1,4,5,3,0,0,0,0
gen_02980,2,-6.481,ok,1,0,0,1,4,5,3,0,0,0,0
gen_02981,1,-8.664,ok,1,0,0,1,4,4,3,0,0,0,0
gen_02981,2,-8.663,ok,1,0,0,1,4,4,3,0,0,0,0
gen_02981,3,-8.657,ok,1,0,0,1,4,4,3,0,0,0,0
gen_02981,4,-8.655,ok,1,0,0,1,4,4,3,0,0,0,0
gen_02981,5,-8.641,ok,1,0,0,1,4,4,4,0,0,0,0
gen_02981,6,-8.633,ok,1,0,0,1,4,4,3,0,0,0,0
gen_02982,1,-8.605,ok,0,0,0,1,3,5,2,0,0,0,0
gen_02983,1,-6.775,ok,1,0,1,1,4,5,2,0,0,0,0
gen_02984,1,-7.796,ok,1,0,1,1,4,6,4,0,0,0,0
gen_02984,2,-7.786,ok,0,0,1,1,3,5,4,0,0,0,0
gen_02984,3,-7.783,ok,1,0,1,1,4,6,4,0,0,0,0
gen_02984,4,-7.773,ok,0,0,1,1,3,5,4,0,0,0,0
gen_02985,1,-7.867,ok,1,0,1,1,4,3,4,0,0,0,0
gen_02985,2,-7.85,ok,1,0,1,1,4,4,5,0,0,0,0
gen_02985,3,-7.814,ok,1,0,1,1,4,3,5,0,0,0,0
gen_02985,4,-7.76,ok,1,0,1,1,4,3,5,0,0,0,0
gen_02985,5,-7.712,ok,1,0,1,0,4,0,5,0,0,0,0
gen_02985,6,-7.673,ok,0,0,0,1,3,1,3,0,2,0,0
gen_02985,7,-7.66,ok,1,0,1,1,4,4,5,0,0,0,0
gen_02985,8,-7.647,ok,0,0,0,1,3,1,3,0,2,0,0
gen_02985,9,-7.594,ok,0,0,0,1,3,1,3,0,2,0,0
gen_02986,1,-7.382,ok,0,0,0,1,3,4,4,0,0,0,0
gen_02986,2,-7.349,ok,0,0,0,1,3,4,3,0,0,0,0
gen_02986,3,-7.283,ok,0,0,0,1,3,4,4,0,0,0,0
gen_02986,4,-7.19,ok,0,0,0,0,3,3,1,1,0,0,0
gen_02987,1,-7.337,ok,1,0,0,1,4,6,2,0,0,0,0
gen_02988,1,-8.8,ok,1,0,1,0,4,5,2,1,0,0,0
gen_02988,2,-8.79,ok,1,0,1,0,4,5,2,1,0,0,0
gen_02988,3,-8.786,ok,1,0,1,0,4,5,2,1,0,0,0
gen_02988,4,-8.546,ok,1,0,1,0,4,5,1,1,0,0,0
gen_02988,5,-8.534,ok,1,0,1,0,4,5,1,1,0,0,0
gen_02988,6,-8.522,ok,1,0,1,0,4,5,0,1,0,0,0
gen_02988,7,-8.52,ok,1,0,1,0,4,5,1,1,0,0,0
gen_02988,8,-8.436,ok,1,0,1,0,4,5,0,1,0,0,1
gen_02988,9,-7.978,ok,0,0,1,1,3,7,2,0,0,0,0
gen_02988,10,-7.852,ok,1,0,0,1,4,4,1,0,0,0,1
gen_02988,11,-7.845,ok,0,0,0,1,3,5,3,0,0,0,1
gen_02989,1,-8.624,ok,0,0,0,1,3,7,4,0,0,0,0
gen_02989,2,-8.622,ok,0,0,0,1,3,6,3,0,0,0,0
gen_02989,3,-8.42,ok,0,0,0,1,3,6,4,0,0,0,0
gen_02989,4,-8.155,ok,0,0,0,1,3,5,5,0,0,0,0
gen_02990,1,-7.388,ok,1,0,1,1,4,6,3,0,0,0,1
gen_02990,2,-7.325,ok,1,0,0,1,4,7,1,0,0,0,0
gen_02990,3,-7.24,ok,1,0,0,1,4,7,1,0,0,0,0
gen_02991,1,-7.276,ok,1,0,1,1,4,8,2,0,0,0,1
gen_02991,2,-7.262,ok,1,0,1,1,4,8,2,0,0,0,0
gen_02991,3,-7.228,ok,1,0,1,1,4,8,2,0,0,0,0
gen_02991,4,-7.173,ok,1,0,1,1,4,7,2,0,0,0,0
gen_02991,5,-7.11,ok,1,0,1,1,4,7,1,0,0,0,0
gen_02991,6,-7.061,ok,1,0,0,1,4,6,1,0,0,0,0
gen_02991,7,-7.049,ok,1,0,1,1,4,7,2,0,0,0,1
gen_02992,1,-7.622,ok,1,0,1,0,4,7,1,0,0,0,0
gen_02992,2,-7.604,ok,1,0,0,1,4,3,2,0,0,0,0
gen_02992,3,-7.589,ok,1,0,1,1,4,7,2,0,0,0,0
gen_02992,4,-7.579,ok,1,0,1,1,4,5,2,0,0,0,0
gen_02992,5,-7.53,ok,1,0,1,1,4,7,2,0,0,0,0
gen_02992,6,-7.528,ok,1,0,1,1,4,6,3,0,0,0,0
gen_02993,1,-8.419,ok,0,0,0,1,0,3,4,0,0,0,0
gen_02993,2,-8.413,ok,0,0,0,1,3,3,4,0,0,0,0
gen_02993,3,-8.366,ok,0,0,0,1,0,3,4,0,0,0,0
gen_02993,4,-7.726,ok,0,0,0,1,0,1,4,0,1,0,0
gen_02994,1,-7.49,ok,1,0,0,1,5,3,3,0,0,0,0
gen_02994,2,-7.453,ok,1,0,0,1,5,3,3,0,0,0,0
gen_02994,3,-7.449,ok,1,0,0,1,5,3,3,0,0,0,0
gen_02995,1,-6.628,ok,1,0,0,1,4,2,3,0,0,0,0
gen_02995,2,-6.625,ok,1,0,0,1,4,2,3,0,0,0,0
gen_02995,3,-6.596,ok,1,0,0,1,4,2,3,0,0,0,0
gen_02995,4,-6.594,ok,1,0,0,1,4,1,3,0,0,0,0
gen_02996,1,-6.61,ok,0,0,0,1,3,3,4,0,0,0,0
gen_02996,2,-6.594,ok,0,0,0,1,3,3,4,0,0,0,0
gen_02996,3,-6.591,ok,0,0,0,1,3,3,4,0,0,0,0
gen_02996,4,-6.58,ok,0,0,0,1,3,3,4,0,0,0,0
gen_02997,1,-6.96,ok,0,0,0,1,0,1,6,0,0,0,0
gen_02998,1,-7.546,ok,1,0,0,1,4,5,3,0,0,0,0
gen_02998,2,-7.491,ok,1,0,0,1,4,5,4,0,0,0,0
gen_02998,3,-7.472,ok,1,0,0,1,4,6,4,0,0,0,0
gen_02998,4,-7.323,ok,0,0,1,1,0,5,3,0,0,0,0
gen_02999,1,-6.671,ok,1,0,0,0,4,5,1,0,0,0,0
gen_03000,1,-6.917,ok,1,0,1,1,4,7,2,0,0,0,1
gen_03000,2,-6.899,ok,1,0,1,1,4,8,2,0,0,0,1
gen_03000,3,-6.826,ok,1,0,1,1,4,6,2,0,0,0,0
gen_03000,4,-6.818,ok,1,0,0,1,4,6,2,0,0,0,0
gen_03001,1,-8.281,ok,1,0,0,1,5,4,4,0,1,0,0
gen_03001,2,-8.233,ok,0,0,0,1,3,8,2,0,0,0,0
gen_03001,3,-8.186,ok,0,0,0,1,3,8,2,0,0,0,0
gen_03001,4,-8.184,ok,0,0,0,1,3,8,3,0,0,0,0
gen_03001,5,-8.168,ok,0,0,0,1,3,8,2,0,0,0,0
gen_03001,6,-8.113,ok,1,0,0,1,5,3,4,0,1,0,0
gen_03002,1,-7.971,ok,1,0,0,0,4,7,1,0,0,0,0
gen_03002,2,-7.929,ok,1,0,0,1,4,7,2,0,0,0,0
gen_03003,1,-7.749,ok,0,0,1,1,3,5,3,0,0,0,0
gen_03003,2,-7.71,ok,0,0,1,1,3,5,3,0,0,0,0
gen_03003,3,-7.68,ok,0,0,1,1,3,5,4,0,0,0,0
gen_03003,4,-7.624,ok,0,0,1,1,3,4,4,0,0,0,0
gen_03003,5,-7.591,ok,0,0,1,1,3,5,5,0,0,0,0
gen_03003,6,-7.534,ok,0,0,1,1,3,5,3,0,0,0,0
gen_03003,7,-7.518,ok,1,0,0,1,4,6,4,0,0,0,0
gen_03004,1,-8.388,ok,1,0,1,1,4,5,4,0,0,0,0
gen_03004,2,-8.387,ok,1,0,1,1,4,5,5,0,0,0,0
gen_03004,3,-8.384,ok,1,0,1,1,4,5,4,0,0,0,0
gen_03004,4,-8.376,ok,1,0,1,1,4,5,5,0,0,0,0
gen_03004,5,-8.369,ok,1,0,1,1,4,6,5,0,0,0,0
gen_03004,6,-8.325,ok,1,0,1,1,4,6,4,0,0,0,0
gen_03004,7,-8.303,ok,0,0,1,1,3,6,5,0,0,0,0
gen_03004,8,-8.263,ok,1,0,1,1,4,5,4,0,0,0,0
gen_03005,1,-8.31,ok,1,0,0,1,4,5,5,0,0,0,0
gen_03005,2,-8.31,ok,1,0,0,1,4,5,6,0,0,0,0
gen_03005,3,-8.207,ok,1,0,0,1,4,4,6,0,0,0,0
gen_03005,4,-8.118,ok,1,0,0,1,5,4,6,0,0,0,0
gen_03006,1,-6.924,ok,1,0,1,1,4,8,2,0,0,0,0
gen_03006,2,-6.8,ok,1,0,1,1,4,6,2,0,0,0,0
gen_03006,3,-6.783,ok,1,0,1,1,4,8,2,0,0,0,0
gen_03006,4,-6.734,ok,1,0,1,1,4,7,3,0,0,0,0
gen_03006,5,-6.73,ok,1,0,1,1,4,7,2,0,0,0,0
gen_03006,6,-6.491,ok,1,0,0,1,4,5,3,0,0,0,0
gen_03007,1,-7.238,ok,1,0,0,1,5,3,2,1,0,0,0
gen_03007,2,-7.223,ok,1,0,0,1,5,3,2,1,0,0,0
gen_03007,3,-7.206,ok,1,0,1,0,5,3,2,1,0,0,0
gen_03007,4,-7.203,ok,1,0,0,1,5,3,2,1,0,0,0
gen_03007,5,-7.154,ok,1,0,1,1,5,3,3,1,0,0,0
gen_03008,1,-7.585,ok,1,0,1,1,4,9,4,0,0,0,0
gen_03008,2,-7.553,ok,1,0,1,1,4,9,4,0,0,0,0
gen_03008,3,-7.538,ok,1,0,1,1,4,9,4,0,0,0,0
gen_03008,4,-7.379,ok,1,0,1,1,4,9,4,0,0,0,0
gen_03008,5,-7.33,ok,1,0,0,1,4,6,4,0,0,0,0
gen_03008,6,-7.329,ok,1,0,0,1,4,7,3,0,0,0,0
gen_03008,7,-7.274,ok,1,0,0,1,4,3,4,0,0,0,0
gen_03008,8,-7.195,ok,1,0,0,1,4,5,4,0,0,0,0
gen_03009,1,-7.338,ok,1,0,0,1,4,6,2,0,0,0,0
gen_03009,2,-7.293,ok,1,0,0,1,4,6,2,0,0,0,0
gen_03010,1,-8.158,ok,1,0,1,1,4,4,5,0,0,0,0
gen_03010,2,-7.986,ok,1,0,0,1,4,5,2,0,0,0,0
gen_03010,3,-7.98,ok,1,0,0,1,4,5,2,0,0,0,0
gen_03010,4,-7.953,ok,1,0,0,1,4,4,2,0,0,0,0
gen_03010,5,-7.883,ok,1,0,0,1,4,4,3,0,0,0,0
gen_03010,6,-7.875,ok,1,0,0,1,4,5,3,0,0,0,0
gen_03010,7,-7.863,ok,1,0,0,1,4,5,3,0,0,0,0
gen_03011,1,-7.118,ok,1,1,0,1,4,6,1,0,0,0,0
gen_03011,2,-7.081,ok,1,1,0,1,4,6,1,0,0,0,0
gen_03012,1,-7.101,ok,1,0,1,0,4,5,3,0,0,0,0
gen_03012,2,-6.982,ok,1,0,1,0,4,5,3,0,0,0,0
gen_03012,3,-6.715,ok,1,0,0,1,5,6,2,0,0,0,0
gen_03012,4,-6.703,ok,1,0,0,1,5,6,2,0,0,0,0
gen_03013,1,-6.421,ok,1,0,1,0,4,6,2,0,0,0,0
gen_03013,2,-6.418,ok,1,0,1,0,4,6,2,0,0,0,0
gen_03013,3,-6.36,ok,1,0,1,0,4,5,2,0,0,0,0
gen_03013,4,-6.347,ok,1,0,1,0,4,5,2,0,0,0,0
gen_03013,5,-6.347,ok,1,0,1,0,4,6,2,0,0,0,0
gen_03014,1,-8.21,ok,0,0,0,1,3,5,2,0,0,0,0
gen_03014,2,-8.203,ok,0,0,0,1,3,6,2,0,0,0,0
gen_03015,1,-7.208,ok,1,0,0,0,4,5,1,1,0,0,0
gen_03015,2,-7.173,ok,1,0,0,0,4,5,1,1,0,0,0
gen_03015,3,-7.164,ok,1,0,0,0,4,4,1,1,0,0,0
gen_03015,4,-7.092,ok,1,0,0,0,4,4,1,1,0,0,0
gen_03016,1,-6.592,ok,1,0,0,1,5,4,3,0,0,0,0
gen_03017,1,-8.213,ok,1,0,0,1,4,5,4,0,0,0,0
gen_03017,2,-8.197,ok,1,0,0,1,4,4,4,0,0,0,0
gen_03017,3,-8.128,ok,1,0,0,1,4,5,4,0,0,0,0
gen_03017,4,-8.097,ok,1,0,0,1,4,4,3,0,0,0,0
gen_03017,5,-8.075,ok,1,0,0,1,4,6,4,0,0,0,0
gen_03017,6,-8.072,ok,1,0,0,1,4,5,3,0,0,0,0
gen_03017,7,-8.071,ok,1,0,0,1,4,6,4,0,0,0,0
gen_03017,8,-7.969,ok,1,0,0,1,4,4,3,0,0,0,0
gen_03018,1,-8.498,ok,0,0,0,1,0,1,6,0,0,0,0
gen_03018,2,-8.488,ok,0,0,0,1,0,1,6,0,0,0,0
gen_03018,3,-8.437,ok,0,0,0,1,0,0,5,0,0,0,0
gen_03019,1,-8.02,ok,0,0,0,1,3,4,4,0,0,0,1
gen_03019,2,-8.012,ok,0,0,0,1,3,4,4,0,0,0,0
gen_03020,1,-7.47,ok,1,0,0,1,4,6,2,0,0,0,0
gen_03020,2,-7.446,ok,1,0,1,1,5,3,5,0,0,0,0
gen_03020,3,-7.379,ok,1,0,0,1,4,6,2,0,0,0,0
gen_03021,1,-7.256,ok,0,0,0,1,3,7,2,0,0,0,0
gen_03021,2,-7.182,ok,1,0,1,0,4,4,0,1,0,0,0
gen_03021,3,-7.166,ok,0,0,0,1,3,7,1,0,0,0,0
gen_03021,4,-7.159,ok,1,1,1,1,4,5,1,1,0,0,0
gen_03021,5,-7.152,ok,0,1,0,0,3,3,0,0,0,0,0
gen_03021,6,-7.147,ok,0,1,1,1,3,5,1,1,0,0,0
gen_03021,7,-7.133,ok,0,0,0,1,3,8,2,0,0,0,0
gen_03021,8,-7.119,ok,0,0,0,1,3,1,2,0,0,0,0
gen_03022,1,-7.882,ok,1,0,0,1,4,6,3,2,0,0,0
gen_03022,2,-7.84,ok,1,0,0,1,4,5,3,2,0,0,0
gen_03022,3,-7.835,ok,1,0,0,1,4,6,3,2,0,0,0
gen_03023,1,-7.358,ok,1,0,1,1,4,4,2,0,0,0,0
gen_03023,2,-7.358,ok,1,0,1,1,4,4,2,0,0,0,0
gen_03024,1,-7.565,ok,1,0,0,1,4,3,3,0,0,0,0
gen_03024,2,-7.559,ok,1,0,0,1,4,3,3,0,0,0,0
gen_03024,3,-7.557,ok,1,0,0,1,4,3,3,0,0,0,0
gen_03024,4,-7.476,ok,0,0,0,1,0,4,3,0,0,0,0
gen_03025,1,-6.694,ok,1,0,0,1,5,3,4,0,0,0,0
gen_03025,2,-6.67,ok,1,0,0,1,5,3,4,0,0,0,0
gen_03025,3,-6.66,ok,1,0,0,1,5,3,3,0,0,0,0
gen_03025,4,-6.648,ok,1,0,0,1,5,3,3,0,0,0,0
gen_03025,5,-6.641,ok,1,0,1,1,5,4,2,0,0,0,0
gen_03025,6,-6.628,ok,1,0,0,1,5,3,3,0,0,0,0
gen_03025,7,-6.62,ok,1,0,0,1,5,3,3,0,0,0,0
gen_03026,1,-7.894,ok,0,0,0,1,3,5,2,1,0,0,0
gen_03026,2,-7.843,ok,0,0,0,1,3,5,2,1,0,0,0
gen_03026,3,-7.764,ok,1,0,1,1,4,5,3,0,0,0,0
gen_03026,4,-7.712,ok,1,0,0,1,4,5,2,0,0,0,0
gen_03027,1,-7.81,ok,1,0,1,1,4,6,1,1,0,0,0
gen_03027,2,-7.794,ok,1,0,1,1,4,6,1,1,0,0,0
gen_03027,3,-7.775,ok,1,0,1,0,4,6,0,1,0,0,0
gen_03027,4,-7.74,ok,1,0,1,1,4,7,2,1,0,0,0
gen_03027,5,-7.718,ok,1,0,1,1,4,7,2,1,0,0,0
gen_03027,6,-7.678,ok,1,0,0,1,5,5,2,0,1,0,0
gen_03027,7,-7.678,ok,1,0,1,0,4,7,1,1,0,0,0
gen_03027,8,-7.666,ok,1,0,0,1,5,5,2,0,1,0,0
gen_03027,9,-7.643,ok,1,0,0,1,5,4,2,0,1,0,0
gen_03028,1,-7.77,ok,0,0,1,1,3,6,2,0,0,0,0
gen_03029,1,-7.577,ok,1,0,1,0,4,5,1,1,0,0,0
gen_03029,2,-7.537,ok,1,0,1,0,4,5,1,1,0,0,0
gen_03029,3,-7.352,ok,1,0,1,0,4,6,1,1,0,0,0
gen_03029,4,-7.301,ok,1,0,1,0,4,6,1,1,0,0,0
gen_03029,5,-7.151,ok,1,0,0,1,4,0,2,0,0,0,0
gen_03030,1,-7.789,ok,0,0,0,1,3,5,3,0,0,0,0
gen_03030,2,-7.764,ok,1,0,1,1,4,5,4,0,0,0,0
gen_03030,3,-7.591,ok,1,0,0,1,4,7,3,0,0,0,0
gen_03031,1,-6.922,ok,1,1,1,1,4,2,3,0,0,0,0
gen_03031,2,-6.9,ok,1,1,1,1,4,2,3,0,0,0,0
gen_03031,3,-6.859,ok,1,0,0,1,4,0,2,0,0,0,0
gen_03031,4,-6.852,ok,1,0,0,1,4,0,2,0,0,0,0
gen_03032,1,-7.492,ok,0,0,1,0,0,0,2,1,0,0,1
gen_03032,2,-7.402,ok,0,0,1,0,0,0,2,1,0,0,1
gen_03033,1,-6.656,ok,1,0,0,0,4,6,1,0,0,0,0
gen_03034,1,-6.887,ok,1,0,1,1,4,6,5,0,0,0,0
gen_03034,2,-6.871,ok,1,0,1,1,4,6,3,0,0,0,0
gen_03034,3,-6.804,ok,1,0,1,1,4,6,4,0,0,0,0
gen_03034,4,-6.799,ok,1,0,1,1,4,6,5,0,0,0,0
gen_03035,1,-7.546,ok,0,0,0,1,3,5,5,0,0,0,0
gen_03035,2,-7.471,ok,1,0,0,1,4,3,4,0,0,0,0
gen_03035,3,-7.441,ok,1,0,0,1,5,3,4,0,0,0,0
gen_03035,4,-7.355,ok,1,0,0,1,5,3,4,0,0,0,0
gen_03035,5,-7.346,ok,0,0,0,1,3,3,5,0,0,0,0
gen_03035,6,-7.342,ok,1,0,0,1,5,3,4,0,0,0,0
gen_03035,7,-7.325,ok,1,0,0,1,5,3,5,0,0,0,0
gen_03035,8,-7.307,ok,1,0,0,1,5,3,5,0,0,0,0
gen_03036,1,-7.323,ok,1,0,1,0,4,5,1,0,0,0,0
gen_03036,2,-7.323,ok,1,0,1,0,4,5,1,0,0,0,0
gen_03036,3,-7.239,ok,1,0,1,1,4,5,2,0,0,0,0
gen_03036,4,-7.233,ok,1,0,1,1,4,5,2,0,0,0,0
gen_03037,1,-8.084,ok,1,0,1,1,4,5,3,1,0,0,0
gen_03037,2,-8.071,ok,0,0,1,1,3,4,2,1,0,0,0
gen_03037,3,-8.039,ok,1,0,1,1,4,5,2,1,0,0,0
gen_03037,4,-8.034,ok,1,0,1,1,4,5,2,1,0,0,0
gen_03038,1,-7.511,ok,1,0,1,0,4,5,1,1,0,0,0
gen_03038,2,-7.375,ok,1,0,1,0,4,5,1,1,0,0,0
gen_03038,3,-7.363,ok,0,0,1,0,3,5,2,1,0,0,0
gen_03039,1,-6.921,ok,1,0,1,1,4,4,4,0,0,0,0
gen_03039,2,-6.904,ok,1,0,1,1,4,4,4,0,0,0,0
gen_03039,3,-6.814,ok,1,0,0,0,4,6,1,0,0,0,0
gen_03039,4,-6.709,ok,1,0,1,1,5,4,3,0,0,0,0
gen_03040,1,-7.405,ok,0,0,0,1,3,3,3,0,0,0,0
gen_03041,1,-8.017,ok,1,0,1,0,5,4,5,1,0,0,0
gen_03041,2,-8.016,ok,1,0,1,0,5,4,5,1,0,0,0
gen_03042,1,-7.396,ok,1,0,1,1,4,5,3,0,0,0,0
gen_03043,1,-6.965,ok,0,0,0,1,3,4,4,0,0,0,0
gen_03044,1,-8.022,ok,1,0,0,1,4,6,2,1,0,0,0
gen_03044,2,-7.853,ok,1,0,0,1,4,6,1,1,0,0,0
gen_03044,3,-7.351,ok,1,0,1,0,4,3,0,0,0,0,0
gen_03045,1,-8.206,ok,0,1,1,1,3,3,1,1,0,0,1
gen_03045,2,-8.167,ok,0,0,1,1,3,3,1,1,0,0,1
gen_03046,1,-7.467,ok,0,0,0,0,3,6,2,0,0,0,0
gen_03046,2,-7.455,ok,0,0,0,0,3,6,2,0,0,0,0
gen_03046,3,-7.447,ok,0,0,0,0,3,6,2,0,0,0,0
gen_03046,4,-7.286,ok,1,0,0,0,4,6,2,0,0,0,0
gen_03047,1,-7.689,ok,0,0,0,1,3,3,3,0,0,0,0
gen_03047,2,-7.668,ok,0,0,0,1,3,3,3,0,0,0,0
gen_03047,3,-7.665,ok,0,0,0,1,3,3,3,0,0,0,0
gen_03048,1,-9.247,ok,0,0,0,1,3,9,6,0,0,0,0
gen_03048,2,-9.214,ok,1,0,0,1,4,10,5,0,0,0,0
gen_03048,3,-9.172,ok,0,0,0,1,3,10,5,0,0,0,0
gen_03048,4,-9.103,ok,0,0,0,1,3,8,4,0,0,0,0
gen_03048,5,-9.091,ok,0,0,0,1,3,8,3,0,0,0,0
gen_03048,6,-9.021,ok,0,0,0,1,3,9,4,0,0,0,0
gen_03049,1,-8.01,ok,1,0,0,0,4,5,2,1,0,0,0
gen_03049,2,-7.883,ok,1,0,0,1,4,5,3,1,0,0,0
gen_03049,3,-7.838,ok,1,0,0,1,4,5,3,1,0,0,0
gen_03050,1,-175.505,ok,0,0,0,1,0,0,4,0,1,0,0
gen_03051,1,-7.582,ok,1,0,1,1,4,2,5,0,0,0,1
gen_03051,2,-7.547,ok,1,0,1,1,4,3,5,0,0,0,1
gen_03051,3,-7.532,ok,1,0,1,1,4,2,5,0,0,0,1
gen_03051,4,-7.529,ok,1,0,1,1,4,3,5,0,0,0,1
gen_03051,5,-7.522,ok,1,0,1,1,4,1,5,0,0,0,0
gen_03051,6,-7.461,ok,1,0,1,1,4,2,5,0,0,0,1
gen_03051,7,-7.439,ok,1,0,1,1,4,3,5,0,0,0,1
gen_03051,8,-7.424,ok,1,0,1,1,4,2,5,0,0,0,1
gen_03052,1,-7.547,ok,1,0,1,1,4,7,4,1,0,0,0
gen_03052,2,-7.514,ok,0,0,1,0,0,2,4,1,0,0,0
gen_03052,3,-7.483,ok,1,0,0,1,4,6,3,1,0,0,0
gen_03052,4,-7.256,ok,1,0,0,1,4,6,2,0,0,0,0
gen_03052,5,-7.209,ok,1,0,0,1,4,5,2,0,0,0,0
gen_03052,6,-7.16,ok,1,0,1,1,4,6,3,0,0,0,0
gen_03053,1,-6.729,ok,1,0,0,1,4,3,2,0,0,0,0
gen_03053,2,-6.725,ok,1,0,1,1,4,4,2,0,0,0,0
gen_03053,3,-6.705,ok,1,0,1,1,4,4,2,0,0,0,0
gen_03053,4,-6.644,ok,1,0,0,1,4,3,2,0,0,0,0
gen_03053,5,-6.642,ok,1,0,1,0,4,6,0,0,0,0,0
gen_03054,1,-7.108,ok,1,0,0,1,4,6,2,0,0,0,0
gen_03054,2,-7.095,ok,1,0,0,1,4,6,3,0,0,0,0
gen_03054,3,-7.047,ok,1,0,0,1,4,7,3,0,0,0,0
gen_03054,4,-6.976,ok,1,0,0,1,4,5,3,0,0,0,0
gen_03054,5,-6.928,ok,1,0,0,1,4,5,2,0,0,0,0
gen_03054,6,-6.921,ok,1,0,0,1,4,6,3,0,0,0,0
gen_03055,1,-7.542,ok,1,0,0,1,5,5,2,0,0,0,0
gen_03055,2,-7.516,ok,1,0,0,1,5,5,2,0,0,0,0
gen_03056,1,-7.777,ok,1,0,1,0,4,6,0,1,0,0,1
gen_03056,2,-7.758,ok,1,0,1,0,4,7,0,1,0,0,1
gen_03056,3,-7.722,ok,1,0,1,0,4,6,0,1,0,0,1
gen_03056,4,-7.626,ok,1,0,0,1,4,1,2,0,0,0,2
gen_03057,1,-7.516,ok,1,0,1,1,4,7,1,0,0,0,0
gen_03057,2,-7.493,ok,1,0,1,1,4,7,1,1,0,0,0
gen_03057,3,-7.484,ok,1,0,1,1,4,7,2,1,0,0,0
gen_03057,4,-7.473,ok,1,0,1,1,4,6,1,0,0,0,0
gen_03057,5,-7.443,ok,1,0,1,0,4,1,0,1,0,0,0
gen_03057,6,-7.382,ok,1,0,0,1,4,5,1,0,0,0,0
gen_03058,1,-7.783,ok,1,0,1,1,4,6,2,1,0,0,0
gen_03058,2,-7.761,ok,1,0,1,1,4,6,2,1,0,0,0
gen_03058,3,-7.714,ok,1,0,1,1,4,6,2,1,0,0,0
gen_03058,4,-7.705,ok,1,0,1,1,4,6,1,1,0,0,0
gen_03059,1,-7.15,ok,1,1,0,1,4,4,1,0,0,0,0
gen_03059,2,-7.138,ok,1,1,0,1,4,4,2,0,0,0,0
gen_03060,1,-7.381,ok,1,0,0,1,4,4,3,1,0,0,0
gen_03060,2,-7.318,ok,1,0,0,1,4,4,3,1,0,0,0
gen_03061,1,-7.194,ok,1,1,0,1,4,7,3,0,0,0,0
gen_03062,1,-6.798,ok,1,0,0,1,4,5,2,0,0,0,1
gen_03062,2,-6.792,ok,1,0,0,1,4,5,2,0,0,0,1
gen_03063,1,-7.365,ok,1,0,0,1,4,5,3,0,0,0,0
gen_03064,1,-7.37,ok,0,0,0,1,0,4,4,0,1,0,0
gen_03064,2,-7.345,ok,0,0,0,1,0,4,4,0,1,0,0
gen_03064,3,-7.255,ok,1,0,0,1,4,5,2,0,0,0,0
gen_03065,1,-7.661,ok,1,0,0,1,4,5,3,2,1,0,1
gen_03065,2,-7.654,ok,1,0,0,1,4,5,3,2,1,0,1
gen_03065,3,-7.651,ok,1,0,0,1,4,5,3,2,1,0,1
gen_03065,4,-7.605,ok,1,0,0,1,4,5,3,2,1,0,1
gen_03065,5,-7.56,ok,1,0,0,1,4,6,3,2,1,0,1
gen_03066,1,-8.302,ok,1,0,1,1,4,6,4,0,0,0,0
gen_03066,2,-8.282,ok,1,0,1,1,4,6,4,0,0,0,0
gen_03067,1,-7.894,ok,1,0,1,1,4,5,4,0,0,0,1
gen_03067,2,-7.842,ok,0,0,0,1,0,4,4,0,0,0,0
gen_03067,3,-7.831,ok,0,0,0,1,0,3,4,0,0,0,0
gen_03068,1,-6.699,ok,1,0,0,1,4,5,2,1,0,0,0
gen_03069,1,-7.5,ok,1,0,0,1,4,4,5,0,0,0,0
gen_03069,2,-7.461,ok,1,0,0,1,5,3,5,0,0,0,0
gen_03069,3,-7.454,ok,1,0,0,1,5,3,4,0,0,0,0
gen_03069,4,-7.426,ok,1,0,0,1,5,3,4,0,0,0,0
gen_03069,5,-7.394,ok,1,0,0,1,4,3,5,0,0,0,0
gen_03069,6,-7.353,ok,1,0,0,1,5,3,4,0,0,0,0
gen_03069,7,-7.329,ok,1,0,0,1,4,3,4,0,0,0,0
gen_03070,1,-7.759,ok,1,0,0,0,4,6,2,0,0,0,0
gen_03070,2,-7.719,ok,1,0,0,1,4,5,3,0,0,0,0
gen_03070,3,-7.703,ok,1,0,0,1,4,6,3,0,0,0,0
gen_03071,1,-7.78,ok,1,0,0,1,4,5,3,0,0,0,0
gen_03072,1,-8.067,ok,1,1,0,1,4,8,4,0,0,0,0
gen_03072,2,-8.024,ok,1,1,0,1,4,8,3,0,0,0,0
gen_03072,3,-7.966,ok,1,1,0,1,4,7,4,0,0,0,0
gen_03072,4,-7.92,ok,1,1,0,1,4,7,4,0,0,0,0
gen_03073,1,-7.41,ok,1,0,0,1,5,3,3,0,0,0,0
gen_03073,2,-7.389,ok,1,0,0,1,5,3,3,0,0,0,0
gen_03073,3,-7.341,ok,1,0,0,1,5,3,3,0,0,0,0
gen_03074,1,-7.086,ok,1,0,1,0,4,3,4,1,0,0,0
gen_03074,2,-7.045,ok,1,0,1,0,4,2,4,1,0,0,0
gen_03074,3,-6.789,ok,1,0,1,0,4,3,5,1,0,0,0
gen_03075,1,-7.073,ok,1,0,1,1,4,7,2,0,0,0,1
gen_03076,1,-7.195,ok,1,1,1,1,5,6,3,0,0,0,0
gen_03076,2,-7.132,ok,1,1,1,1,5,5,3,0,0,0,0
gen_03076,3,-7.124,ok,1,1,1,1,4,5,2,0,0,0,0
gen_03076,4,-6.989,ok,1,1,0,1,5,5,4,0,0,0,0
gen_03076,5,-6.986,ok,1,1,0,1,4,5,3,0,0,0,0
gen_03077,1,-6.669,ok,1,0,0,1,4,6,2,0,0,0,0
gen_03077,2,-6.644,ok,1,0,0,1,4,6,2,0,0,0,0
gen_03077,3,-6.596,ok,1,0,0,1,4,6,1,0,0,0,0
gen_03077,4,-6.588,ok,1,0,0,1,4,5,2,0,0,0,0
gen_03078,1,-7.835,ok,1,0,1,1,4,1,3,0,0,0,0
gen_03078,2,-7.82,ok,1,0,0,1,4,1,3,0,0,0,1
gen_03078,3,-7.787,ok,1,0,1,1,4,1,4,0,0,0,0
gen_03078,4,-7.785,ok,1,0,0,1,4,2,3,0,0,0,1
gen_03078,5,-7.774,ok,1,0,0,1,4,2,3,0,0,0,1
gen_03078,6,-7.77,ok,1,0,0,1,4,2,3,0,0,0,1
gen_03079,1,-8.629,ok,1,0,0,1,4,6,2,1,0,0,2
gen_03079,2,-8.558,ok,1,0,0,1,4,4,2,1,0,0,2
gen_03080,1,-6.546,ok,0,0,1,0,3,6,0,0,0,0,0
gen_03080,2,-6.538,ok,0,0,1,0,3,6,0,0,0,0,0
gen_03080,3,-6.499,ok,0,0,1,0,3,6,0,0,0,0,0
gen_03080,4,-6.378,ok,1,0,0,1,4,6,1,0,0,0,1
gen_03081,1,-7.309,ok,0,1,1,1,3,6,2,0,0,0,0
gen_03081,2,-7.293,ok,0,1,1,1,3,6,2,0,0,0,0
gen_03081,3,-7.292,ok,0,1,1,1,3,6,2,0,0,0,0
gen_03081,4,-7.278,ok,0,1,1,1,3,6,3,0,0,0,0
gen_03081,5,-7.199,ok,1,0,1,1,4,5,3,0,0,0,0
gen_03081,6,-7.197,ok,0,1,1,1,3,7,3,0,0,0,0
gen_03081,7,-7.133,ok,1,0,1,1,4,5,3,0,0,0,0
gen_03082,1,-7.47,ok,1,0,0,1,4,7,2,0,0,0,0
gen_03082,2,-7.447,ok,1,0,0,1,4,7,2,0,0,0,0
gen_03082,3,-7.25,ok,1,0,0,1,5,5,2,0,0,0,0
gen_03082,4,-7.195,ok,1,0,0,1,5,5,2,0,0,0,0
gen_03083,1,-8.141,ok,1,1,0,0,4,6,2,0,0,0,0
gen_03083,2,-8.106,ok,1,1,0,0,4,6,2,0,0,0,0
gen_03083,3,-8.036,ok,1,1,0,0,4,7,2,0,0,0,0
gen_03083,4,-8.015,ok,1,0,0,0,4,5,2,0,0,0,0
gen_03084,1,-6.97,ok,1,0,1,0,4,4,3,0,0,0,0
gen_03084,2,-6.96,ok,1,0,1,0,4,5,3,0,0,0,0
gen_03084,3,-6.954,ok,1,0,1,0,4,6,2,0,0,0,0
gen_03084,4,-6.929,ok,1,0,1,0,4,4,3,0,0,0,0
gen_03084,5,-6.927,ok,1,0,1,0,4,4,3,0,0,0,0
gen_03084,6,-6.905,ok,1,0,1,0,4,4,3,0,0,0,0
gen_03084,7,-6.894,ok,1,0,1,0,4,5,2,0,0,0,0
gen_03085,1,-7.133,ok,0,0,0,1,3,1,3,0,0,0,0
gen_03085,2,-7.127,ok,0,0,0,1,3,1,3,0,0,0,0
gen_03085,3,-7.1,ok,0,0,0,1,3,1,3,0,0,0,0
gen_03085,4,-7.028,ok,0,0,0,1,3,1,2,0,0,0,0
gen_03086,1,-7.177,ok,1,0,1,0,4,6,0,1,0,0,0
gen_03086,2,-7.025,ok,1,0,1,0,4,6,0,1,0,0,0
gen_03087,1,-7.429,ok,1,0,0,1,4,3,4,0,0,0,0
gen_03087,2,-7.4,ok,1,0,0,1,4,3,4,0,0,0,0
gen_03087,3,-7.363,ok,1,0,0,1,4,3,4,0,0,0,0
gen_03087,4,-7.331,ok,1,0,0,1,4,3,3,0,0,0,0
gen_03087,5,-7.257,ok,1,0,0,1,4,2,3,0,0,0,0
gen_03087,6,-7.017,ok,1,0,0,1,4,0,1,0,0,0,0
gen_03087,7,-7.016,ok,1,0,0,1,4,0,1,0,0,0,0
gen_03088,1,-7.633,ok,1,0,0,1,4,6,2,0,0,0,2
gen_03088,2,-7.36,ok,1,0,1,1,4,5,3,0,0,0,0
gen_03089,1,-7.114,ok,1,0,1,0,4,6,2,0,0,0,1
gen_03089,2,-7.062,ok,1,0,1,0,4,6,2,0,0,0,0
gen_03089,3,-7.0,ok,1,0,0,1,4,5,3,1,0,0,1
gen_03090,1,-7.652,ok,0,0,0,0,0,1,1,0,0,0,0
gen_03090,2,-7.193,ok,0,0,1,0,3,3,0,0,1,0,0
gen_03091,1,-9.506,ok,1,0,0,1,4,6,3,0,0,0,1
gen_03091,2,-9.487,ok,1,0,0,1,4,6,3,0,0,0,1
gen_03091,3,-9.479,ok,1,0,0,1,4,6,3,0,0,0,1
gen_03091,4,-9.47,ok,1,0,0,1,4,7,3,0,0,0,1
gen_03091,5,-9.442,ok,1,0,0,1,4,7,3,0,0,0,1
gen_03092,1,-6.74,ok,1,0,1,1,4,6,1,2,0,0,0
gen_03092,2,-6.689,ok,1,0,1,1,4,5,1,2,0,0,0
gen_03092,3,-6.687,ok,1,0,0,0,4,6,0,0,0,0,0
gen_03092,4,-6.686,ok,1,0,1,0,5,3,3,0,0,0,0
gen_03092,5,-6.672,ok,1,0,1,1,4,5,1,2,0,0,0
gen_03092,6,-6.671,ok,1,0,1,0,5,3,3,0,0,0,0
gen_03092,7,-6.666,ok,1,0,1,1,4,5,1,2,0,0,0
gen_03092,8,-6.655,ok,1,0,1,0,5,3,3,0,0,0,0
gen_03092,9,-6.655,ok,1,0,0,0,4,6,0,0,0,0,0
gen_03092,10,-6.641,ok,1,0,1,0,4,4,2,1,0,0,0
gen_03092,11,-6.641,ok,1,0,1,0,5,3,3,0,0,0,0
gen_03092,12,-6.602,ok,1,0,1,0,4,4,2,1,0,0,0
gen_03092,13,-6.601,ok,1,0,1,0,4,3,2,1,0,0,0
gen_03092,14,-6.598,ok,1,0,1,0,4,3,2,1,0,0,0
gen_03093,1,-7.559,ok,1,0,1,0,4,7,0,1,0,0,0
gen_03093,2,-7.392,ok,1,0,1,0,4,7,1,0,0,0,0
gen_03094,1,-7.351,ok,1,0,0,1,4,4,4,0,0,0,0
gen_03094,2,-7.286,ok,0,0,0,1,3,1,4,0,0,0,0
gen_03094,3,-7.209,ok,1,0,0,1,4,1,4,0,0,0,0
gen_03094,4,-7.127,ok,1,0,0,1,4,1,4,0,0,0,0
gen_03094,5,-7.102,ok,0,0,1,1,3,1,3,0,0,0,0
gen_03095,1,-7.091,ok,1,0,1,1,4,7,2,0,0,0,0
gen_03095,2,-7.077,ok,1,0,1,1,4,7,2,0,0,0,0
gen_03095,3,-7.068,ok,1,0,1,1,4,8,2,0,0,0,0
gen_03095,4,-7.061,ok,1,0,1,1,4,8,2,0,0,0,0
gen_03095,5,-6.719,ok,0,0,1,0,3,2,2,1,0,0,1
gen_03096,1,-7.4,ok,0,0,0,1,3,6,2,0,0,0,2
gen_03096,2,-7.375,ok,1,0,1,1,4,5,3,0,0,0,1
gen_03096,3,-7.345,ok,0,0,0,1,3,6,3,0,0,0,2
gen_03096,4,-7.326,ok,1,0,0,1,4,6,2,0,0,0,3
gen_03097,1,-7.311,ok,1,1,1,1,4,3,2,0,0,0,0
gen_03097,2,-7.301,ok,1,1,0,1,4,1,2,1,0,0,0
gen_03097,3,-7.293,ok,1,1,0,1,4,1,2,1,0,0,0
gen_03097,4,-7.293,ok,1,1,0,1,4,1,3,0,0,0,0
gen_03098,1,-6.204,ok,1,0,0,1,4,2,1,0,0,0,0
gen_03098,2,-6.203,ok,0,0,0,1,3,2,1,0,0,0,0
gen_03098,3,-6.161,ok,0,0,0,1,3,2,2,0,0,0,0
gen_03098,4,-6.139,ok,0,0,0,1,3,2,2,0,0,0,0
gen_03099,1,-7.121,ok,1,0,1,1,4,5,1,1,0,0,0
gen_03100,1,-7.574,ok,0,0,1,1,0,1,4,1,0,0,0
gen_03100,2,-7.558,ok,0,0,1,1,0,2,4,1,0,0,0
gen_03100,3,-7.537,ok,0,0,1,1,0,1,4,1,0,0,0
gen_03100,4,-7.512,ok,0,0,1,1,0,2,4,1,0,0,0
gen_03100,5,-7.478,ok,0,0,0,1,3,5,4,0,0,0,0
gen_03100,6,-7.463,ok,0,0,0,1,3,5,4,0,0,0,0
gen_03100,7,-7.378,ok,0,0,0,1,0,3,6,0,0,0,0
gen_03101,1,-7.26,ok,1,1,0,1,4,7,2,0,0,0,0
gen_03101,2,-7.195,ok,1,0,0,1,4,6,2,0,0,0,0
gen_03101,3,-7.159,ok,1,0,0,1,4,7,1,0,0,0,0
gen_03102,1,-8.061,ok,1,0,0,1,4,6,4,0,0,0,0
gen_03102,2,-8.043,ok,1,0,1,1,4,6,4,1,0,0,0
gen_03102,3,-8.024,ok,1,0,0,1,4,7,4,0,0,0,0
gen_03102,4,-8.02,ok,1,0,1,1,4,6,4,1,0,0,0
gen_03102,5,-7.981,ok,1,0,0,1,4,7,3,0,0,0,0
gen_03103,1,-8.469,ok,0,0,1,1,3,4,4,1,0,0,0
gen_03103,2,-8.032,ok,1,0,1,1,5,5,5,0,0,0,0
gen_03103,3,-8.002,ok,1,0,1,1,4,5,6,0,0,0,0
gen_03103,4,-8.001,ok,1,0,1,1,5,5,5,0,0,0,0
gen_03103,5,-7.975,ok,1,0,1,1,5,5,6,0,0,0,0
gen_03104,1,-7.583,ok,1,0,1,1,4,6,2,1,0,0,0
gen_03105,1,-8.365,ok,1,0,1,1,5,6,5,0,0,0,0
gen_03105,2,-8.363,ok,1,0,1,1,5,6,5,0,0,0,0
gen_03105,3,-8.316,ok,1,0,0,1,5,6,4,0,0,0,0
gen_03106,1,-7.642,ok,1,0,0,1,5,5,2,0,0,0,0
gen_03106,2,-7.612,ok,1,0,0,1,5,5,2,0,0,0,0
gen_03106,3,-7.52,ok,1,0,0,1,5,5,2,0,0,0,0
gen_03107,1,-7.072,ok,1,0,1,0,4,6,0,1,0,0,0
gen_03107,2,-7.071,ok,1,0,1,0,4,6,0,1,0,0,0
gen_03108,1,-7.586,ok,1,0,0,1,4,6,1,1,0,0,0
gen_03108,2,-7.583,ok,1,0,0,1,4,6,1,1,0,0,0
gen_03108,3,-7.576,ok,1,0,0,1,4,6,1,1,0,0,0
gen_03108,4,-7.572,ok,1,0,0,1,4,6,1,1,0,0,0
gen_03108,5,-7.552,ok,1,0,0,1,4,6,1,1,0,0,0
gen_03108,6,-7.496,ok,1,0,1,1,4,5,3,0,0,0,0
gen_03108,7,-7.494,ok,1,0,1,1,4,5,3,0,0,0,0
gen_03108,8,-7.483,ok,1,0,1,1,4,5,3,0,0,0,0
gen_03109,1,-7.642,ok,1,0,1,1,4,5,2,0,0,0,0
gen_03109,2,-7.625,ok,1,0,1,1,4,5,2,0,0,0,0
gen_03109,3,-7.624,ok,1,0,1,1,4,5,2,0,0,0,0
gen_03110,1,-7.141,ok,1,0,0,1,4,6,1,0,0,0,0
gen_03110,2,-7.135,ok,1,0,0,1,4,5,2,0,0,0,0
gen_03110,3,-7.123,ok,1,0,0,1,4,5,2,0,0,0,0
gen_03111,1,-60.279,ok,0,0,0,0,0,1,0,0,0,0,0
gen_03111,2,-54.662,ok,0,0,0,0,0,0,1,0,0,0,0
gen_03112,1,-7.072,ok,1,0,0,1,5,3,4,0,0,0,0
gen_03112,2,-7.039,ok,1,0,0,1,5,3,4,0,0,0,0
gen_03112,3,-6.938,ok,1,0,0,1,5,3,4,0,0,0,0
gen_03113,1,-6.823,ok,1,0,0,1,5,5,1,0,0,0,0
gen_03113,2,-6.803,ok,1,0,0,1,5,5,1,0,0,0,0
gen_03113,3,-6.759,ok,0,0,0,1,3,3,1,1,1,0,0
gen_03113,4,-6.722,ok,0,0,0,1,3,3,2,2,1,0,0
gen_03113,5,-6.717,ok,1,0,1,0,4,6,0,0,0,0,0
gen_03113,6,-6.711,ok,1,0,1,0,4,6,1,0,0,0,0
gen_03113,7,-6.64,ok,1,0,1,0,4,7,1,0,0,0,1
gen_03114,1,-7.796,ok,1,0,0,1,4,7,2,0,0,0,1
gen_03115,1,-7.806,ok,1,0,1,1,4,7,4,0,0,0,0
gen_03115,2,-7.793,ok,1,0,1,1,4,6,5,0,0,0,0
gen_03115,3,-7.769,ok,1,0,1,1,4,7,6,0,0,0,0
gen_03115,4,-7.739,ok,1,0,1,1,4,6,6,0,0,0,0
gen_03115,5,-7.733,ok,1,0,0,1,4,5,4,0,0,0,0
gen_03115,6,-7.733,ok,1,0,0,1,4,5,4,0,0,0,0
gen_03116,1,-6.923,ok,1,0,1,1,4,6,5,0,0,0,0
gen_03116,2,-6.909,ok,1,0,1,1,4,6,5,0,0,0,0
gen_03116,3,-6.786,ok,1,0,1,1,4,3,4,0,0,0,0
gen_03117,1,-8.475,ok,1,0,0,1,4,8,4,0,0,0,0
gen_03117,2,-8.433,ok,1,0,0,1,5,5,3,0,0,0,0
gen_03117,3,-8.348,ok,1,0,0,1,5,5,3,0,0,0,0
gen_03117,4,-8.289,ok,0,0,0,1,3,4,4,0,0,0,0
gen_03117,5,-7.946,ok,1,0,0,1,4,8,3,0,0,0,0
gen_03117,6,-7.808,ok,1,0,0,1,4,6,3,0,0,0,0
gen_03118,1,-6.179,ok,1,0,0,0,4,6,1,1,0,0,0
gen_03118,2,-6.138,ok,1,0,0,0,4,6,1,1,0,0,0
gen_03119,1,-7.797,ok,1,0,0,1,4,5,2,1,0,0,0
gen_03119,2,-7.793,ok,1,0,0,1,4,6,2,0,0,0,0
gen_03120,1,-7.655,ok,1,0,1,1,4,6,5,0,0,0,0
gen_03120,2,-7.545,ok,1,0,0,1,4,5,6,0,0,0,0
gen_03120,3,-7.538,ok,1,0,0,1,4,6,6,0,0,0,0
gen_03121,1,-7.238,ok,1,0,0,0,4,0,1,0,0,0,1
gen_03121,2,-7.226,ok,0,0,0,1,3,5,2,0,0,0,1
gen_03121,3,-7.22,ok,0,0,0,1,3,5,2,0,0,0,1
gen_03121,4,-7.215,ok,0,0,0,1,3,5,2,0,0,0,1
gen_03121,5,-7.188,ok,0,0,0,1,3,5,2,0,0,0,1
gen_03121,6,-7.183,ok,0,0,0,1,3,5,2,0,0,0,1
gen_03122,1,-7.176,ok,1,0,0,1,5,4,2,0,0,0,0
gen_03122,2,-7.152,ok,1,0,0,1,5,5,2,0,0,0,0
gen_03122,3,-7.11,ok,1,0,0,1,5,3,3,0,0,0,0
gen_03122,4,-7.09,ok,1,0,0,0,5,3,0,0,0,0,0
gen_03122,5,-7.047,ok,1,0,0,0,4,5,0,0,0,0,0
gen_03122,6,-7.041,ok,1,0,0,0,5,5,0,0,0,0,0
gen_03123,1,-7.937,ok,0,0,0,1,0,5,4,0,0,0,0
gen_03123,2,-7.926,ok,0,0,0,1,3,5,4,0,0,0,0
gen_03124,1,-7.455,ok,0,0,0,1,3,8,3,0,0,0,1
gen_03124,2,-7.447,ok,1,0,0,1,4,8,3,0,0,0,1
gen_03124,3,-7.397,ok,0,0,0,1,3,7,3,0,0,0,1
gen_03124,4,-7.319,ok,1,0,0,1,4,7,3,0,0,0,1
gen_03125,1,-8.129,ok,1,0,0,1,4,5,3,0,0,0,0
gen_03125,2,-8.106,ok,1,0,0,1,4,6,2,0,0,0,0
gen_03126,1,-7.907,ok,0,0,1,0,3,6,2,0,0,0,0
gen_03126,2,-7.878,ok,1,0,1,0,4,6,2,0,0,0,0
gen_03126,3,-7.868,ok,1,0,1,0,4,6,2,0,0,0,0
gen_03126,4,-7.579,ok,0,1,1,1,0,3,2,0,1,0,2
gen_03127,1,-8.306,ok,0,0,0,1,3,3,4,0,2,0,0
gen_03127,2,-8.277,ok,0,0,0,1,3,3,4,0,2,0,0
gen_03127,3,-8.072,ok,0,0,0,1,3,3,4,0,1,0,0
gen_03128,1,-7.709,ok,1,0,0,1,4,6,2,0,0,0,0
gen_03128,2,-7.706,ok,1,0,0,1,4,6,2,0,0,0,0
gen_03128,3,-7.703,ok,1,0,0,1,4,6,2,0,0,0,0
gen_03128,4,-7.702,ok,1,0,0,1,4,6,2,0,0,0,0
gen_03128,5,-7.686,ok,1,0,0,1,4,6,2,0,0,0,0
gen_03128,6,-7.661,ok,1,0,0,1,4,6,2,0,0,0,0
gen_03128,7,-7.615,ok,1,0,0,1,4,6,2,0,0,0,0
gen_03128,8,-7.61,ok,1,0,0,1,4,6,2,0,0,0,0
gen_03129,1,-7.411,ok,1,0,1,1,4,0,3,1,0,0,0
gen_03129,2,-7.396,ok,1,0,1,1,4,0,1,1,0,0,0
gen_03129,3,-7.385,ok,1,0,1,0,4,5,1,1,0,0,0
gen_03129,4,-7.319,ok,1,0,1,0,4,4,1,1,0,0,0
gen_03129,5,-7.28,ok,1,0,1,0,4,6,0,1,0,0,0
gen_03129,6,-7.122,ok,1,0,1,0,4,1,2,1,0,0,0
gen_03130,1,-7.786,ok,1,0,1,1,4,6,4,0,0,0,1
gen_03130,2,-7.754,ok,1,0,1,1,4,6,4,0,0,0,1
gen_03131,1,-200.433,ok,0,0,1,1,0,0,2,0,0,0,0
gen_03132,1,-7.808,ok,1,0,1,1,4,5,4,0,0,0,0
gen_03133,1,-7.268,ok,1,0,0,1,4,5,3,0,0,0,0
gen_03133,2,-7.255,ok,1,0,0,1,4,6,3,0,0,0,0
gen_03133,3,-7.236,ok,1,0,0,1,4,6,3,0,0,0,0
gen_03133,4,-7.199,ok,1,0,0,1,4,5,3,0,0,0,0
gen_03133,5,-6.959,ok,1,0,0,1,4,3,3,0,0,0,0
gen_03134,1,-8.358,ok,1,0,0,1,4,6,3,0,0,0,1
gen_03134,2,-8.296,ok,1,0,0,1,4,6,2,0,0,0,1
gen_03134,3,-8.181,ok,1,0,0,1,4,6,1,0,0,0,0
gen_03135,1,-9.044,ok,1,0,1,1,4,5,6,0,0,0,0
gen_03135,2,-8.994,ok,0,0,1,1,3,6,6,0,0,0,0
gen_03135,3,-8.641,ok,0,0,0,1,3,6,7,0,0,0,0
gen_03135,4,-8.615,ok,0,0,1,1,3,6,8,0,0,0,0
gen_03135,5,-8.531,ok,0,0,1,1,3,6,5,0,0,0,0
gen_03136,1,-7.227,ok,1,0,0,1,4,5,1,0,0,0,0
gen_03136,2,-7.221,ok,1,0,1,1,4,5,2,0,0,0,0
gen_03136,3,-7.202,ok,1,0,1,1,4,5,2,0,0,0,0
gen_03136,4,-7.198,ok,1,0,1,1,4,5,2,0,0,0,0
gen_03136,5,-7.183,ok,1,0,1,1,4,5,2,0,0,0,1
gen_03136,6,-7.179,ok,1,0,1,1,4,4,2,0,0,0,0
gen_03136,7,-7.172,ok,1,0,0,1,4,5,1,0,0,0,0
gen_03136,8,-7.151,ok,1,0,1,1,4,5,2,0,0,0,0
gen_03136,9,-7.127,ok,1,0,1,1,4,5,2,0,0,0,0
gen_03136,10,-7.051,ok,1,0,1,1,4,5,2,0,0,0,0
gen_03136,11,-6.981,ok,1,0,1,0,4,7,0,0,0,0,0
gen_03137,1,-7.269,ok,1,0,0,1,4,4,2,0,0,0,0
gen_03138,1,-7.893,ok,1,0,1,1,5,5,2,0,0,0,0
gen_03138,2,-7.868,ok,1,0,1,1,5,5,3,0,0,0,0
gen_03138,3,-7.824,ok,1,0,1,1,5,5,3,0,0,0,0
gen_03138,4,-7.447,ok,1,0,1,1,4,5,3,0,0,0,0
gen_03138,5,-7.374,ok,0,0,1,1,3,7,3,0,0,0,0
gen_03139,1,-6.975,ok,1,0,1,0,4,6,2,0,0,0,0
gen_03139,2,-6.945,ok,1,0,1,0,4,6,2,0,0,0,0
gen_03139,3,-6.937,ok,1,0,1,0,4,5,1,1,0,0,0
gen_03139,4,-6.777,ok,1,0,1,0,4,5,2,0,0,0,0
gen_03139,5,-6.758,ok,1,0,0,0,4,7,0,0,0,0,0
gen_03139,6,-6.721,ok,1,0,1,0,4,5,2,0,0,0,0
gen_03139,7,-6.712,ok,1,0,0,0,4,7,0,0,0,0,0
gen_03139,8,-6.59,ok,1,0,1,0,4,5,0,1,0,0,0
gen_03139,9,-6.557,ok,1,0,1,0,4,7,2,0,0,0,0
gen_03140,1,-8.289,ok,0,0,1,0,3,6,5,0,0,0,0
gen_03140,2,-7.933,ok,1,0,1,1,5,4,3,0,0,0,0
gen_03140,3,-7.932,ok,1,0,1,1,5,4,2,0,0,0,0
gen_03140,4,-7.929,ok,1,0,1,1,5,4,2,0,0,0,0
gen_03140,5,-7.916,ok,1,0,1,0,4,5,2,1,0,0,0
gen_03140,6,-7.894,ok,1,0,1,1,5,4,2,0,0,0,0
gen_03141,1,-7.789,ok,0,0,1,1,3,7,4,0,0,0,0
gen_03141,2,-7.755,ok,0,0,1,1,3,7,4,0,0,0,0
gen_03141,3,-7.748,ok,0,0,1,1,3,7,3,0,0,0,0
gen_03141,4,-7.714,ok,0,0,1,1,3,6,3,0,0,0,0
gen_03141,5,-7.705,ok,0,0,1,1,3,7,3,0,0,0,0
gen_03141,6,-7.281,ok,1,0,0,1,4,6,4,1,1,0,0
gen_03142,1,-7.143,ok,0,0,1,1,3,7,3,0,0,0,0
gen_03142,2,-7.089,ok,1,0,1,1,4,7,2,0,0,0,0
gen_03142,3,-6.994,ok,0,0,1,1,3,6,2,0,0,0,0
gen_03142,4,-6.953,ok,1,0,1,1,4,7,2,0,0,0,0
gen_03142,5,-6.891,ok,1,0,1,1,4,7,2,0,0,0,0
gen_03142,6,-6.772,ok,0,0,1,1,3,5,3,0,0,0,0
gen_03142,7,-6.733,ok,0,0,0,1,3,3,3,0,0,0,1
gen_03142,8,-6.711,ok,0,0,0,1,3,3,3,0,0,0,1
gen_03142,9,-6.688,ok,0,0,0,1,3,3,3,0,0,0,1
gen_03142,10,-6.647,ok,1,0,0,1,4,6,1,1,0,0,0
gen_03142,11,-6.543,ok,1,0,0,1,4,6,1,1,0,0,0
gen_03142,12,-6.479,ok,0,0,0,1,3,2,3,0,0,0,1
gen_03143,1,-8.487,ok,1,0,0,1,4,7,4,0,0,0,0
gen_03143,2,-8.434,ok,1,0,0,1,4,7,5,0,0,0,0
gen_03143,3,-8.309,ok,1,0,0,1,4,6,5,0,0,0,0
gen_03143,4,-8.225,ok,1,0,0,1,4,6,4,0,0,0,0
gen_03144,1,-7.653,ok,1,0,0,1,4,6,2,0,0,0,0
gen_03144,2,-7.617,ok,1,0,0,1,4,5,2,0,0,0,0
gen_03144,3,-7.612,ok,1,0,0,1,4,6,2,0,0,0,0
gen_03144,4,-7.607,ok,1,0,0,1,4,6,2,0,0,0,0
gen_03144,5,-7.607,ok,1,0,0,1,4,5,2,0,0,0,0
gen_03144,6,-7.607,ok,1,0,0,1,4,6,2,0,0,0,0
gen_03144,7,-7.6,ok,1,0,0,1,4,6,2,0,0,0,0
gen_03144,8,-7.588,ok,1,0,0,1,4,4,2,0,0,0,0
gen_03144,9,-7.573,ok,1,0,0,1,4,4,2,0,0,0,0
gen_03144,10,-7.561,ok,1,0,0,1,4,4,2,0,0,0,0
gen_03144,11,-7.558,ok,0,0,1,0,3,5,1,1,0,0,0
gen_03144,12,-7.537,ok,1,0,0,1,4,4,2,0,0,0,0
gen_03145,1,-7.047,ok,1,0,0,1,4,6,1,0,0,0,0
gen_03145,2,-7.01,ok,1,0,0,1,4,6,1,0,0,0,0
gen_03146,1,-6.726,ok,1,0,1,1,4,6,2,0,0,0,0
gen_03146,2,-6.7,ok,1,0,1,1,4,6,2,0,0,0,0
gen_03146,3,-6.657,ok,1,0,1,1,4,6,2,0,0,0,0
gen_03146,4,-6.618,ok,1,0,1,1,4,6,2,0,0,0,0
gen_03146,5,-6.548,ok,1,0,1,1,4,6,1,0,0,0,0
gen_03146,6,-6.491,ok,1,0,1,1,4,6,1,0,0,0,0
gen_03147,1,-7.14,ok,0,0,0,1,0,2,4,0,0,0,0
gen_03147,2,-7.132,ok,1,0,0,1,4,5,1,0,0,0,0
gen_03147,3,-7.119,ok,0,0,0,1,0,2,4,0,0,0,0
gen_03147,4,-7.079,ok,1,0,0,1,4,5,1,0,0,0,0
gen_03148,1,-9.076,ok,1,1,1,1,4,8,4,0,0,0,0
gen_03148,2,-9.068,ok,1,1,1,1,4,9,4,0,0,0,0
gen_03148,3,-8.54,ok,0,0,0,1,3,0,4,0,0,0,1
gen_03149,1,-8.479,ok,1,0,1,0,4,5,0,2,0,0,0
gen_03149,2,-8.473,ok,1,0,1,0,4,5,0,2,0,0,0
gen_03150,1,-6.743,ok,1,0,1,0,4,0,4,0,0,0,0
gen_03150,2,-6.729,ok,1,0,0,1,4,1,1,0,0,0,0
gen_03150,3,-6.728,ok,1,0,1,0,4,0,4,0,0,0,0
gen_03150,4,-6.69,ok,1,0,1,0,4,0,4,0,0,0,0
gen_03151,1,-7.133,ok,1,0,0,1,4,1,3,0,0,0,0
gen_03151,2,-7.107,ok,1,0,0,1,4,0,3,0,0,0,0
gen_03152,1,-6.801,ok,1,0,0,0,4,0,0,0,0,0,0
gen_03152,2,-6.799,ok,1,0,0,1,4,0,1,0,0,0,0
gen_03152,3,-6.776,ok,1,0,0,0,4,0,1,0,0,0,0
gen_03152,4,-6.765,ok,1,0,0,1,4,0,3,0,0,0,0
gen_03152,5,-6.753,ok,1,0,0,1,4,0,2,0,0,0,0
gen_03152,6,-6.743,ok,1,0,0,1,4,0,1,0,0,0,0
gen_03153,1,-7.103,ok,1,0,0,1,4,7,4,0,0,0,0
gen_03154,1,-7.787,ok,1,0,0,1,5,5,2,0,0,0,0
gen_03154,2,-7.736,ok,1,0,0,1,5,5,2,0,0,0,0
gen_03154,3,-7.664,ok,1,0,0,1,5,5,2,0,0,0,0
gen_03154,4,-7.66,ok,1,0,0,1,5,5,2,0,0,0,0
gen_03155,1,-7.475,ok,1,1,0,1,4,7,4,0,0,0,0
gen_03155,2,-7.457,ok,1,1,0,1,4,6,4,0,0,0,0
gen_03155,3,-7.436,ok,1,1,0,1,4,7,4,0,0,0,0
gen_03155,4,-7.393,ok,1,1,0,1,4,7,4,0,0,0,0
gen_03156,1,-7.699,ok,0,0,1,0,3,5,2,0,0,0,0
gen_03156,2,-7.673,ok,0,0,1,0,3,6,2,0,0,0,0
gen_03156,3,-7.64,ok,1,0,0,1,5,4,2,0,0,0,0
gen_03156,4,-7.634,ok,0,0,1,0,3,5,2,0,0,0,0
gen_03156,5,-7.633,ok,1,0,0,1,5,4,2,0,0,0,0
gen_03156,6,-7.62,ok,0,0,1,0,3,6,2,0,0,0,0
gen_03156,7,-7.594,ok,0,0,0,0,3,6,1,0,0,0,2
gen_03156,8,-7.56,ok,0,0,1,0,3,5,2,0,0,0,0
gen_03157,1,-6.521,ok,1,0,0,0,4,5,0,0,1,0,0
gen_03157,2,-6.495,ok,1,0,0,0,4,5,0,0,1,0,0
gen_03157,3,-6.481,ok,1,0,0,0,4,5,0,0,1,0,0
gen_03157,4,-6.438,ok,1,0,1,0,4,6,0,0,0,0,0
gen_03157,5,-6.43,ok,1,0,0,0,4,5,0,0,1,0,0
gen_03157,6,-6.42,ok,1,0,0,0,4,5,0,0,0,0,0
gen_03157,7,-6.376,ok,1,0,0,0,4,5,0,0,1,0,0
gen_03158,1,-7.384,ok,1,0,1,1,5,4,2,1,0,0,0
gen_03158,2,-7.382,ok,1,0,1,1,5,4,1,1,0,0,0
gen_03158,3,-7.243,ok,1,0,1,1,5,4,2,1,0,0,0
gen_03158,4,-7.136,ok,1,0,1,1,5,4,5,0,0,0,0
gen_03158,5,-7.123,ok,1,0,1,1,5,4,4,0,0,0,0
gen_03158,6,-6.918,ok,1,0,1,1,5,4,3,1,0,0,0
gen_03159,1,-7.394,ok,1,0,1,1,5,1,3,0,0,0,0
gen_03159,2,-7.359,ok,1,0,1,1,5,1,3,0,0,0,0
gen_03160,1,-7.083,ok,1,0,0,1,4,5,2,0,0,0,0
gen_03160,2,-7.067,ok,1,0,0,0,4,6,1,0,0,0,0
gen_03160,3,-7.064,ok,1,0,0,0,4,5,1,0,0,0,0
gen_03160,4,-7.058,ok,1,0,0,1,4,5,2,0,0,0,0
gen_03160,5,-7.057,ok,1,0,0,0,4,5,1,0,0,0,0
gen_03160,6,-7.049,ok,1,0,0,0,4,6,1,0,0,0,0
gen_03161,1,-8.011,ok,0,0,1,1,0,2,9,0,0,0,0
gen_03161,2,-8.0,ok,0,0,1,1,0,2,9,0,0,0,0
gen_03162,1,-7.222,ok,0,0,0,1,3,3,5,0,0,0,0
gen_03162,2,-7.221,ok,0,0,0,1,3,3,5,0,0,0,0
gen_03162,3,-7.208,ok,0,0,0,1,3,5,4,0,0,0,0
gen_03162,4,-7.201,ok,0,0,0,1,3,5,3,0,0,0,0
gen_03163,1,-8.157,ok,1,0,1,1,4,6,4,1,0,0,0
gen_03163,2,-8.155,ok,1,0,1,1,4,6,4,1,0,0,0
gen_03163,3,-8.13,ok,1,0,0,1,4,5,3,0,0,0,0
gen_03163,4,-8.104,ok,1,0,0,1,4,5,3,0,0,0,0
gen_03164,1,-7.521,ok,1,0,1,1,4,4,4,0,0,0,0
gen_03164,2,-7.489,ok,1,0,1,1,4,5,4,0,0,0,0
gen_03165,1,-8.034,ok,1,0,0,1,5,3,3,0,0,0,1
gen_03165,2,-8.019,ok,1,0,0,1,5,3,3,0,0,0,1
gen_03165,3,-7.968,ok,1,0,0,1,5,3,3,0,0,0,1
gen_03165,4,-7.907,ok,1,0,0,1,5,3,3,0,0,0,1
gen_03166,1,-7.158,ok,0,0,1,1,3,3,4,0,0,0,0
gen_03166,2,-7.121,ok,0,0,1,1,3,4,4,0,0,0,0
gen_03167,1,-7.764,ok,1,0,0,1,5,3,5,0,0,0,1
gen_03167,2,-7.674,ok,1,0,0,1,5,4,2,0,0,0,0
gen_03167,3,-7.614,ok,1,0,0,1,5,3,5,0,0,0,1
gen_03168,1,-7.535,ok,1,0,1,0,4,7,4,0,0,0,0
gen_03168,2,-7.403,ok,1,0,1,0,4,7,4,0,0,0,0
gen_03168,3,-7.389,ok,1,0,1,0,4,6,4,0,0,0,0
gen_03168,4,-7.307,ok,1,0,0,1,5,4,2,0,0,0,0
gen_03169,1,-8.103,ok,0,0,0,0,3,6,0,0,0,0,0
gen_03170,1,-7.385,ok,1,1,0,1,4,1,2,0,0,0,0
gen_03170,2,-7.339,ok,1,0,1,0,4,2,3,1,0,0,0
gen_03170,3,-7.331,ok,1,0,0,1,4,1,2,0,0,0,0
gen_03170,4,-7.094,ok,0,0,0,0,0,4,0,0,0,0,0
gen_03170,5,-6.965,ok,1,0,1,1,4,1,2,0,0,0,0
gen_03171,1,-7.667,ok,1,0,1,1,4,5,3,0,0,0,0
gen_03171,2,-7.643,ok,1,0,1,1,4,5,3,0,0,0,0
gen_03172,1,-7.397,ok,1,0,1,0,4,7,0,0,0,0,0
gen_03172,2,-7.388,ok,1,0,1,0,4,7,0,0,0,0,0
gen_03172,3,-7.323,ok,1,0,1,1,4,7,1,0,0,0,0
gen_03172,4,-7.322,ok,1,0,1,1,4,9,1,0,0,0,0
gen_03172,5,-7.317,ok,1,0,1,1,4,6,2,0,0,0,0
gen_03172,6,-7.309,ok,1,0,1,1,4,8,1,0,0,0,0
gen_03172,7,-7.302,ok,1,0,1,0,4,8,0,0,0,0,0
gen_03172,8,-7.255,ok,1,0,0,1,4,6,1,0,0,0,0
gen_03172,9,-7.213,ok,1,0,1,0,4,7,1,0,0,0,0
gen_03172,10,-7.2,ok,0,0,0,1,3,2,1,0,0,0,0
gen_03172,11,-7.171,ok,0,0,0,1,3,1,1,0,0,0,0
gen_03173,1,-8.232,ok,0,0,0,1,3,4,3,0,0,0,0
gen_03173,2,-8.212,ok,0,0,0,1,3,2,3,0,0,0,0
gen_03174,1,-7.628,ok,0,0,1,1,3,6,1,0,0,0,0
gen_03174,2,-7.595,ok,0,0,1,1,3,6,1,0,0,0,0
gen_03175,1,-7.597,ok,1,0,1,0,4,7,5,0,0,0,0
gen_03175,2,-7.587,ok,1,0,1,0,4,6,5,0,0,0,0
gen_03175,3,-7.565,ok,1,0,1,0,4,8,5,0,0,0,0
gen_03176,1,-7.542,ok,0,0,0,1,3,7,3,0,0,0,0
gen_03176,2,-7.474,ok,0,1,0,1,3,8,3,0,0,0,0
gen_03176,3,-7.455,ok,0,1,0,1,3,7,3,0,0,0,0
gen_03176,4,-7.416,ok,0,0,0,1,3,5,3,0,0,0,0
gen_03176,5,-7.304,ok,1,0,0,1,4,5,2,0,0,0,0
gen_03177,1,-8.145,ok,1,0,0,1,5,4,3,0,0,0,0
gen_03177,2,-8.054,ok,1,0,0,1,5,4,3,0,0,0,0
gen_03177,3,-7.967,ok,0,0,1,1,3,5,2,0,0,0,0
gen_03177,4,-7.924,ok,0,0,0,1,3,3,3,0,0,0,1
gen_03178,1,-6.869,ok,1,0,0,1,4,6,2,0,0,0,0
gen_03178,2,-6.825,ok,1,0,0,1,4,6,1,0,0,0,0
gen_03179,1,-7.367,ok,0,0,1,1,3,7,2,0,0,0,0
gen_03179,2,-7.293,ok,0,0,1,1,3,6,2,0,0,0,0
gen_03179,3,-7.285,ok,0,0,1,1,3,6,2,0,0,0,0
gen_03180,1,-7.259,ok,1,0,1,1,4,5,1,1,0,0,0
gen_03180,2,-7.252,ok,1,0,1,1,4,5,4,0,0,0,0
gen_03180,3,-7.146,ok,1,0,1,1,4,6,3,0,0,0,0
gen_03181,1,-7.782,ok,1,0,0,1,4,5,3,0,0,0,0
gen_03182,1,-7.114,ok,1,0,1,1,4,7,1,0,0,0,0
gen_03182,2,-7.072,ok,1,0,1,0,4,6,0,0,0,0,0
gen_03182,3,-7.057,ok,1,0,1,0,4,6,0,0,0,0,0
gen_03182,4,-7.043,ok,1,0,1,0,4,7,0,0,0,0,0
gen_03182,5,-7.041,ok,1,0,1,0,4,6,1,0,0,0,0
gen_03182,6,-7.029,ok,1,0,1,0,4,7,1,0,0,0,0
gen_03183,1,-7.43,ok,1,0,0,1,5,3,4,0,0,0,0
gen_03183,2,-7.425,ok,1,0,0,1,5,3,4,0,0,0,0
gen_03184,1,-6.785,ok,1,0,0,1,4,6,2,0,0,0,0
gen_03184,2,-6.768,ok,1,0,0,1,4,6,1,0,0,0,0
gen_03184,3,-6.762,ok,1,0,1,0,4,6,3,0,0,0,0
gen_03184,4,-6.748,ok,1,0,0,1,4,8,2,0,0,0,0
gen_03184,5,-6.707,ok,1,0,0,1,4,7,1,0,0,0,0
gen_03184,6,-6.574,ok,0,0,1,1,3,5,3,0,0,0,0
gen_03185,1,-8.755,ok,1,1,0,1,4,8,4,0,0,0,0
gen_03185,2,-8.755,ok,1,1,0,1,4,8,5,0,0,0,0
gen_03185,3,-8.715,ok,1,1,0,1,4,8,4,0,0,0,0
gen_03185,4,-8.688,ok,1,1,0,1,4,6,4,0,0,0,0
gen_03185,5,-8.596,ok,0,1,0,1,3,9,4,0,0,0,0
gen_03185,6,-8.211,ok,0,0,0,1,0,4,3,0,0,0,0
gen_03185,7,-8.159,ok,0,0,1,1,0,3,4,0,0,0,0
gen_03186,1,-8.082,ok,0,0,0,1,3,6,2,0,0,0,0
gen_03186,2,-8.04,ok,0,0,0,1,3,6,2,0,0,0,0
gen_03186,3,-7.914,ok,1,0,0,1,4,6,2,0,0,0,0
gen_03186,4,-7.899,ok,1,0,1,1,4,6,3,0,0,0,0
gen_03187,1,-7.778,ok,0,0,0,1,3,3,2,0,0,0,0
gen_03188,1,-8.032,ok,1,0,0,0,4,5,1,0,0,0,0
gen_03188,2,-8.026,ok,1,0,0,1,4,6,2,0,0,0,0
gen_03188,3,-8.019,ok,1,0,0,1,4,6,2,0,0,0,0
gen_03188,4,-8.006,ok,1,0,0,0,4,5,1,0,0,0,0
gen_03188,5,-7.992,ok,1,0,0,1,4,6,2,0,0,0,0
gen_03189,1,-8.852,ok,1,0,1,1,4,6,4,1,0,0,1
gen_03189,2,-8.663,ok,1,0,1,1,4,6,4,1,0,0,0
gen_03190,1,-8.028,ok,1,0,0,1,5,5,2,0,0,0,1
gen_03190,2,-8.016,ok,1,0,0,1,5,5,2,0,0,0,1
gen_03191,1,-6.766,ok,0,0,0,1,3,1,2,0,0,0,0
gen_03191,2,-6.733,ok,0,0,0,1,3,1,2,0,0,0,0
gen_03191,3,-6.672,ok,0,0,0,1,3,1,2,0,0,0,0
gen_03191,4,-6.541,ok,1,0,0,1,5,3,1,0,0,0,0
gen_03192,1,-7.631,ok,1,0,0,0,4,5,0,0,0,0,0
gen_03193,1,-7.425,ok,0,0,1,0,3,3,1,1,0,0,0
gen_03193,2,-7.419,ok,0,0,1,0,3,3,1,1,0,0,1
gen_03193,3,-7.398,ok,0,0,1,0,3,3,1,1,0,0,0
gen_03193,4,-7.304,ok,0,0,1,0,3,3,1,1,0,0,0
gen_03193,5,-7.295,ok,0,0,1,0,3,3,1,1,0,0,1
gen_03193,6,-7.278,ok,0,0,1,0,3,3,1,1,0,0,1
gen_03193,7,-7.27,ok,0,0,1,0,3,3,1,1,0,0,1
gen_03193,8,-7.085,ok,1,0,0,1,4,6,3,0,0,0,0
gen_03193,9,-7.084,ok,1,0,0,1,4,6,4,0,0,0,0
gen_03193,10,-7.057,ok,1,0,0,1,4,5,3,0,0,0,0
gen_03194,1,-7.492,ok,0,0,1,1,3,5,4,0,0,0,0
gen_03194,2,-7.46,ok,0,0,1,1,3,5,4,0,0,0,0
gen_03194,3,-7.377,ok,1,0,0,1,4,5,2,0,0,0,0
gen_03195,1,-7.056,ok,1,0,0,1,4,3,3,0,0,0,0
gen_03195,2,-7.022,ok,1,0,0,1,4,3,3,0,0,0,0
gen_03195,3,-7.011,ok,1,0,1,0,4,6,3,0,0,0,0
gen_03195,4,-6.954,ok,0,0,0,1,3,4,3,0,0,0,0
gen_03195,5,-6.898,ok,0,0,0,1,3,4,3,0,0,0,0
gen_03195,6,-6.892,ok,1,0,0,1,4,3,3,0,0,0,0
gen_03196,1,-7.76,ok,0,0,0,1,3,5,4,0,0,0,0
gen_03196,2,-7.702,ok,0,0,0,1,3,4,4,0,0,0,0
gen_03196,3,-7.662,ok,0,0,0,1,3,4,4,0,0,0,0
gen_03196,4,-7.612,ok,0,0,0,1,3,4,4,0,0,0,0
gen_03196,5,-7.386,ok,0,0,0,1,3,1,5,0,0,0,0
gen_03197,1,-6.655,ok,1,0,1,0,4,6,0,0,0,0,0
gen_03198,1,-7.694,ok,1,0,1,0,4,6,1,1,0,0,0
gen_03198,2,-7.647,ok,1,0,1,0,4,6,1,1,0,0,0
gen_03198,3,-7.622,ok,1,0,1,0,4,6,2,1,0,0,0
gen_03198,4,-7.611,ok,1,0,1,0,4,6,2,1,0,0,0
gen_03199,1,-7.535,ok,1,0,0,1,4,6,3,0,0,0,0
gen_03199,2,-7.497,ok,1,0,0,1,4,7,4,0,0,0,0
gen_03199,3,-7.376,ok,1,0,0,1,4,7,3,0,0,0,0
gen_03199,4,-7.34,ok,1,0,0,1,4,7,3,0,0,0,0
gen_03199,5,-7.288,ok,1,0,0,1,4,6,4,0,0,0,0
gen_03200,1,-7.486,ok,1,0,0,1,4,5,2,1,0,0,1
gen_03200,2,-7.461,ok,1,0,0,1,4,6,2,1,0,0,1
gen_03200,3,-7.455,ok,1,0,0,1,4,5,2,1,0,0,1
gen_03200,4,-7.449,ok,1,0,0,1,4,5,2,1,0,0,1
gen_03200,5,-7.436,ok,1,0,0,1,4,6,2,1,0,0,1
gen_03200,6,-7.423,ok,1,0,0,1,4,6,2,1,0,0,1
gen_03200,7,-7.418,ok,1,0,0,1,4,5,2,0,0,0,0
gen_03200,8,-7.376,ok,1,0,0,1,4,5,2,0,0,0,0
gen_03200,9,-7.362,ok,1,0,0,1,4,5,2,1,0,0,0
gen_03201,1,-7.799,ok,1,0,1,0,4,2,3,1,0,0,0
gen_03201,2,-7.74,ok,1,0,1,0,4,2,3,1,0,0,0
gen_03201,3,-7.435,ok,1,0,1,1,4,4,2,0,0,0,0
gen_03202,1,-6.804,ok,1,0,0,0,4,7,0,0,0,0,0
gen_03203,1,-7.767,ok,0,0,1,1,3,7,5,0,0,0,0
gen_03203,2,-7.755,ok,0,0,1,1,3,7,5,0,0,0,0
gen_03204,1,-8.298,ok,1,0,0,1,4,5,2,1,0,0,0
gen_03205,1,-6.747,ok,1,0,0,0,4,5,0,0,0,0,0
gen_03206,1,-6.839,ok,1,0,0,0,4,5,1,0,0,0,0
gen_03206,2,-6.834,ok,1,0,0,0,4,5,1,0,0,0,0
gen_03206,3,-6.817,ok,1,0,0,0,4,5,1,0,0,0,0
gen_03206,4,-6.815,ok,1,0,0,0,4,5,1,0,0,0,0
gen_03207,1,-5.85,ok,0,0,1,1,3,4,2,0,0,0,0
gen_03207,2,-5.818,ok,0,0,1,1,3,5,2,0,0,0,0
gen_03207,3,-5.753,ok,0,0,0,0,3,3,1,0,0,0,0
gen_03207,4,-5.714,ok,0,0,0,0,3,3,1,0,0,0,0
gen_03207,5,-5.672,ok,0,0,0,1,0,3,3,0,0,0,0
gen_03207,6,-5.657,ok,0,0,0,1,0,3,2,0,0,0,0
gen_03208,1,-7.349,ok,1,0,0,1,4,6,5,0,0,0,0
gen_03208,2,-7.339,ok,1,0,0,1,4,5,4,0,0,0,0
gen_03208,3,-7.103,ok,1,0,0,1,4,7,5,0,0,0,0
gen_03209,1,-7.032,ok,1,0,1,1,4,5,3,0,0,0,0
gen_03209,2,-7.023,ok,1,0,0,1,4,5,2,0,0,0,0
gen_03209,3,-6.934,ok,1,0,1,1,4,3,3,0,0,0,0
gen_03209,4,-6.894,ok,1,0,1,1,4,6,2,0,0,0,0
gen_03209,5,-6.796,ok,1,0,0,1,4,6,1,0,0,0,0
gen_03210,1,-7.916,ok,1,0,1,1,4,5,4,0,0,0,0
gen_03210,2,-7.882,ok,1,0,1,1,4,5,2,0,0,0,0
gen_03211,1,-7.951,ok,0,0,0,1,3,5,2,0,0,0,1
gen_03211,2,-7.939,ok,1,0,1,1,4,5,2,0,0,0,0
gen_03211,3,-7.851,ok,1,0,1,1,4,6,1,0,0,0,0
gen_03212,1,-7.508,ok,1,0,0,1,5,3,3,0,0,0,0
gen_03212,2,-7.279,ok,1,0,0,1,4,0,2,0,0,0,0
gen_03212,3,-7.276,ok,1,0,0,1,4,6,3,0,0,0,1
gen_03213,1,-7.136,ok,1,0,0,1,4,5,5,0,0,0,0
gen_03213,2,-7.134,ok,1,0,0,1,4,5,5,0,0,0,0
gen_03213,3,-7.085,ok,1,0,0,1,4,6,5,0,0,0,0
gen_03214,1,-7.613,ok,1,0,1,1,4,6,4,0,1,0,0
gen_03214,2,-7.584,ok,1,0,0,1,4,7,3,0,1,0,0
gen_03214,3,-7.525,ok,0,0,0,1,3,6,4,0,1,0,0
gen_03214,4,-7.466,ok,1,0,0,1,4,5,2,1,1,0,0
gen_03214,5,-7.424,ok,1,0,0,1,4,5,2,1,1,0,0
gen_03215,1,-8.091,ok,0,0,0,0,3,2,2,0,0,0,0
gen_03215,2,-8.011,ok,0,0,0,0,3,2,0,0,0,0,0
gen_03215,3,-8.002,ok,0,0,0,0,3,1,1,0,0,0,0
gen_03215,4,-7.986,ok,0,0,0,0,3,2,0,0,0,0,0
gen_03215,5,-7.941,ok,0,0,0,0,3,2,0,0,0,0,0
gen_03215,6,-7.935,ok,0,0,0,0,3,2,1,0,0,0,0
gen_03215,7,-7.851,ok,0,0,0,1,3,3,4,0,0,0,0
gen_03215,8,-7.819,ok,0,0,0,1,3,2,4,0,0,0,0
gen_03215,9,-7.807,ok,0,0,0,1,3,2,4,0,0,0,0
gen_03216,1,-7.247,ok,1,0,0,1,4,5,3,0,0,0,0
gen_03216,2,-7.239,ok,1,0,0,1,4,4,3,0,0,0,0
gen_03217,1,-7.604,ok,1,0,1,0,4,5,0,1,0,0,0
gen_03217,2,-7.594,ok,1,0,1,1,4,4,1,1,0,0,0
gen_03217,3,-7.47,ok,1,0,1,1,5,3,1,1,0,0,1
gen_03217,4,-7.338,ok,1,0,0,1,5,2,4,0,0,0,1
gen_03217,5,-7.1,ok,0,0,1,1,0,2,3,0,0,0,0
gen_03217,6,-7.009,ok,1,0,1,0,4,3,0,0,0,0,1
gen_03218,1,-8.158,ok,1,0,1,1,4,5,4,0,0,0,0
gen_03219,1,-7.083,ok,1,0,0,1,4,6,3,0,0,0,0
gen_03219,2,-7.052,ok,1,0,0,1,4,6,3,0,0,0,0
gen_03219,3,-7.04,ok,1,0,0,1,4,5,4,0,0,0,0
gen_03219,4,-7.03,ok,1,0,0,1,4,5,3,0,0,0,0
gen_03220,1,-7.006,ok,1,0,0,0,4,5,2,0,0,0,0
gen_03221,1,-7.06,ok,1,0,0,1,4,6,3,1,0,0,0
gen_03221,2,-6.986,ok,1,0,0,1,4,5,3,1,0,0,0
gen_03221,3,-6.959,ok,1,0,0,1,4,5,3,1,0,0,0
gen_03221,4,-6.903,ok,1,0,0,1,4,5,3,1,0,0,0
gen_03221,5,-6.725,ok,1,0,0,1,4,5,3,1,0,0,0
gen_03222,1,-7.897,ok,1,0,0,1,5,4,3,0,0,0,0
gen_03222,2,-7.875,ok,1,0,0,1,5,4,3,0,0,0,0
gen_03223,1,-7.228,ok,1,1,0,1,4,6,3,0,0,0,0
gen_03223,2,-7.179,ok,1,1,0,1,4,6,4,0,0,0,0
gen_03224,1,-7.641,ok,0,0,0,0,3,6,1,0,0,0,0
gen_03224,2,-7.595,ok,0,0,0,0,3,6,1,0,0,0,0
gen_03224,3,-7.553,ok,1,0,0,0,4,5,1,0,0,0,0
gen_03224,4,-7.508,ok,1,0,1,1,4,6,4,0,0,0,0
gen_03224,5,-7.474,ok,1,0,1,1,4,6,4,0,0,0,0
gen_03225,1,-7.548,ok,1,1,0,1,5,6,3,1,0,0,0
gen_03225,2,-7.52,ok,1,1,0,1,5,6,2,1,0,0,0
gen_03226,1,-8.065,ok,1,0,0,1,4,5,4,0,0,0,0
gen_03226,2,-8.026,ok,1,0,0,1,4,5,4,0,0,0,0
gen_03226,3,-7.927,ok,1,0,0,1,4,6,4,0,0,0,0
gen_03226,4,-7.887,ok,1,0,0,1,4,6,4,0,0,0,0
gen_03227,1,-7.305,ok,0,0,1,1,3,3,4,0,1,0,1
gen_03227,2,-7.285,ok,0,0,1,1,3,3,5,0,1,0,1
gen_03227,3,-7.268,ok,0,0,1,1,3,3,5,0,1,0,1
gen_03227,4,-7.218,ok,1,0,0,0,4,6,0,0,0,0,0
gen_03227,5,-7.19,ok,1,0,0,1,4,7,1,0,0,0,1
gen_03227,6,-7.188,ok,1,0,0,0,4,7,1,0,0,0,0
gen_03227,7,-7.15,ok,1,0,0,0,4,7,0,0,0,0,0
gen_03227,8,-7.143,ok,1,0,0,0,4,6,0,0,0,0,0
gen_03227,9,-7.069,ok,1,0,0,1,4,8,1,0,0,0,1
gen_03227,10,-7.049,ok,0,0,1,1,3,3,4,0,1,0,0
gen_03228,1,-8.369,ok,1,0,1,1,5,4,3,0,0,0,0
gen_03228,2,-8.308,ok,1,0,1,1,5,4,3,0,0,0,0
gen_03229,1,-7.151,ok,1,0,0,1,4,6,1,0,0,0,0
gen_03229,2,-7.055,ok,1,0,0,1,4,3,2,0,0,0,0
gen_03229,3,-7.033,ok,1,0,0,1,4,5,2,0,0,0,0
gen_03230,1,-7.809,ok,1,0,1,1,4,3,2,1,0,0,0
gen_03230,2,-7.8,ok,1,0,1,1,4,3,2,1,0,0,0
gen_03230,3,-7.789,ok,1,0,1,1,4,3,2,1,0,0,0
gen_03230,4,-7.773,ok,1,0,1,1,4,3,2,1,0,0,0
gen_03230,5,-7.531,ok,1,0,0,1,4,5,2,0,0,0,0
gen_03230,6,-7.478,ok,1,0,0,1,4,5,2,0,0,0,0
gen_03231,1,-7.129,ok,1,0,0,1,4,6,2,0,0,0,0
gen_03232,1,-7.556,ok,1,0,0,1,4,7,2,0,0,0,0
gen_03233,1,-7.245,ok,1,0,0,1,5,4,4,0,0,0,0
gen_03234,1,-7.358,ok,1,0,0,1,4,7,2,0,0,0,0
gen_03234,2,-7.351,ok,1,0,0,1,4,7,2,0,0,0,0
gen_03234,3,-7.265,ok,0,0,0,1,3,5,4,0,0,0,0
gen_03234,4,-7.232,ok,0,0,0,1,3,5,4,0,0,0,0
gen_03234,5,-7.211,ok,1,0,0,1,4,6,2,0,0,0,0
gen_03234,6,-7.122,ok,1,0,0,1,4,6,5,0,0,0,0
gen_03235,1,-7.379,ok,1,0,1,0,4,5,1,1,0,0,0
gen_03235,2,-7.346,ok,1,0,1,0,4,5,1,1,0,0,0
gen_03235,3,-7.275,ok,1,0,1,0,4,5,1,1,0,0,0
gen_03235,4,-7.268,ok,1,0,1,0,4,5,1,1,0,0,0
gen_03235,5,-7.245,ok,1,0,1,0,4,5,1,1,0,0,0
gen_03235,6,-0.847,ok,1,0,1,0,4,5,1,1,0,0,0
gen_03236,1,-69.365,ok,0,0,0,1,0,0,6,0,0,0,0
gen_03237,1,-7.368,ok,1,0,0,0,4,4,2,0,0,0,0
gen_03237,2,-7.189,ok,1,0,0,0,4,4,2,0,0,0,0
gen_03237,3,-7.12,ok,0,0,1,1,3,1,5,0,0,0,0
gen_03237,4,-7.079,ok,1,0,0,0,4,3,0,0,0,0,0
gen_03237,5,-7.061,ok,0,0,1,1,3,2,4,0,0,0,0
gen_03237,6,-7.042,ok,1,0,1,1,5,2,6,0,0,0,0
gen_03237,7,-6.976,ok,1,0,0,0,4,3,0,0,0,0,0
gen_03237,8,-6.887,ok,0,0,1,1,3,2,4,0,0,0,0
gen_03237,9,-6.868,ok,0,0,1,1,3,2,4,0,0,0,0
gen_03237,10,-6.806,ok,0,0,1,1,3,2,3,0,0,0,0
gen_03238,1,-6.739,ok,1,0,0,0,4,5,1,0,0,0,0
gen_03239,1,-7.9,ok,0,0,1,1,3,5,5,1,0,0,0
gen_03239,2,-7.884,ok,0,0,1,1,3,6,6,1,0,0,0
gen_03239,3,-7.838,ok,1,0,1,1,4,7,5,1,0,0,0
gen_03239,4,-7.821,ok,1,0,1,1,4,7,5,1,0,0,0
gen_03239,5,-7.808,ok,1,0,1,1,4,6,6,1,0,0,0
gen_03239,6,-7.802,ok,0,0,1,1,3,6,4,1,0,0,0
gen_03240,1,-7.741,ok,1,0,0,1,4,6,6,0,0,0,0
gen_03241,1,-7.96,ok,1,0,0,1,4,6,3,0,0,0,0
gen_03241,2,-7.951,ok,1,0,0,1,4,6,3,0,0,0,0
gen_03242,1,-6.586,ok,1,0,0,0,4,6,2,0,0,0,0
gen_03242,2,-6.566,ok,1,0,0,0,4,6,2,0,0,0,0
gen_03243,1,-7.448,ok,1,0,0,1,4,5,2,0,0,0,0
gen_03243,2,-7.439,ok,1,0,0,1,4,5,2,0,0,0,0
gen_03244,1,-7.493,ok,0,0,0,1,3,4,2,1,0,0,0
gen_03244,2,-7.408,ok,1,0,0,1,4,5,2,0,0,0,0
gen_03244,3,-7.311,ok,1,0,0,0,4,5,0,0,0,0,0
gen_03245,1,-8.103,ok,1,1,0,1,4,7,4,0,0,0,1
gen_03245,2,-8.073,ok,1,1,0,1,4,7,4,0,0,0,1
gen_03246,1,-8.059,ok,1,0,0,1,4,3,3,0,0,0,0
gen_03246,2,-7.966,ok,1,0,0,1,4,5,4,0,0,0,0
gen_03246,3,-7.93,ok,1,0,0,1,4,3,4,0,0,0,0
gen_03246,4,-7.848,ok,1,0,0,0,4,3,3,0,0,0,0
gen_03246,5,-7.803,ok,1,0,0,0,4,3,2,0,0,0,0
gen_03246,6,-7.784,ok,1,0,0,1,4,6,4,0,0,0,0
gen_03246,7,-7.765,ok,1,0,1,1,4,6,2,0,0,0,0
gen_03247,1,-7.386,ok,1,0,1,1,4,6,3,0,0,0,0
gen_03247,2,-7.357,ok,1,0,0,1,5,4,3,0,0,0,0
gen_03247,3,-7.274,ok,1,0,1,1,4,7,3,0,0,0,0
gen_03248,1,-6.489,ok,1,0,1,1,4,6,2,2,0,0,0
gen_03248,2,-6.388,ok,0,0,0,1,3,5,1,0,0,0,0
gen_03248,3,-6.359,ok,0,0,0,1,3,5,1,0,0,0,0
gen_03248,4,-6.304,ok,0,0,0,1,3,5,1,0,0,0,0
gen_03248,5,-6.257,ok,0,0,0,1,3,5,1,0,0,0,0
gen_03248,6,-6.248,ok,0,0,1,1,3,7,3,0,0,0,0
gen_03248,7,-6.221,ok,0,0,0,1,3,2,3,0,0,0,0
gen_03248,8,-6.212,ok,0,0,0,1,3,3,4,0,0,0,0
gen_03248,9,-6.118,ok,0,0,1,1,3,3,3,0,0,0,0
gen_03249,1,-8.122,ok,1,0,1,1,5,3,4,1,0,0,0
gen_03250,1,-8.209,ok,1,0,0,1,4,5,3,0,0,0,0
gen_03250,2,-8.183,ok,1,0,0,1,4,5,3,0,0,0,0
gen_03250,3,-8.132,ok,1,0,0,1,4,6,2,0,0,0,0
gen_03251,1,-6.99,ok,0,0,1,1,3,2,2,0,0,0,0
gen_03251,2,-6.986,ok,0,0,1,1,3,3,2,0,0,0,0
gen_03251,3,-6.825,ok,0,0,0,1,3,1,2,0,0,0,0
gen_03251,4,-6.821,ok,1,0,0,1,4,3,2,0,0,0,0
gen_03251,5,-6.726,ok,0,0,0,1,3,1,3,0,0,0,0
gen_03251,6,-6.724,ok,0,0,0,1,0,1,2,0,1,0,0
gen_03251,7,-6.723,ok,0,0,0,1,3,0,2,0,0,0,0
gen_03251,8,-6.674,ok,0,0,0,1,3,4,1,0,0,0,0
gen_03251,9,-6.601,ok,0,0,0,1,3,4,3,0,0,0,0
gen_03252,1,-9.345,ok,1,0,0,1,4,6,5,0,0,0,0
gen_03253,1,-7.955,ok,1,0,1,1,4,1,4,0,1,0,1
gen_03253,2,-7.878,ok,1,0,1,1,4,2,4,0,1,0,1
gen_03254,1,-6.974,ok,1,0,1,1,4,7,3,0,0,0,0
gen_03255,1,-7.414,ok,1,0,0,1,4,2,3,0,0,0,0
gen_03255,2,-7.357,ok,1,0,0,1,4,2,3,0,0,0,0
gen_03255,3,-7.348,ok,1,0,0,1,4,2,3,0,0,0,0
gen_03255,4,-7.325,ok,1,0,1,1,4,3,2,0,0,0,0
gen_03255,5,-7.286,ok,1,0,1,1,4,3,2,0,0,0,0
gen_03255,6,-7.278,ok,1,0,0,1,4,2,3,0,0,0,0
gen_03256,1,-8.035,ok,1,0,0,1,4,2,3,0,0,0,0
gen_03256,2,-8.025,ok,1,0,0,1,4,3,3,0,0,0,0
gen_03256,3,-7.999,ok,1,0,0,1,4,3,3,0,0,0,0
gen_03256,4,-7.974,ok,1,0,0,1,4,2,3,0,0,0,0
gen_03256,5,-7.729,ok,0,0,0,1,3,4,4,0,0,0,0
gen_03256,6,-7.335,ok,0,0,0,0,0,1,3,0,1,0,0
gen_03256,7,-7.31,ok,0,0,0,0,0,1,2,0,1,0,0
gen_03256,8,-7.276,ok,0,0,0,0,0,1,3,0,1,0,0
gen_03257,1,-7.415,ok,1,0,1,0,4,5,2,1,0,0,0
gen_03257,2,-7.397,ok,1,0,1,0,4,6,1,1,0,0,0
gen_03257,3,-7.394,ok,1,0,1,0,4,5,1,1,0,0,0
gen_03257,4,-7.39,ok,1,0,1,0,4,5,1,1,0,0,0
gen_03257,5,-7.387,ok,1,0,1,0,4,5,2,1,0,0,0
gen_03257,6,-7.386,ok,1,0,1,0,4,5,1,1,0,0,0
gen_03257,7,-7.317,ok,1,0,1,0,4,5,2,1,0,0,0
gen_03257,8,-7.312,ok,1,0,1,0,4,6,1,1,0,0,0
gen_03257,9,-7.31,ok,1,0,1,0,4,5,2,1,0,0,0
gen_03258,1,-7.368,ok,1,0,0,1,4,3,3,0,0,0,0
gen_03259,1,-7.597,ok,1,0,1,1,4,5,4,1,0,0,0
gen_03259,2,-7.568,ok,1,0,1,1,4,5,3,0,0,0,0
gen_03259,3,-7.561,ok,1,0,1,1,4,5,4,0,0,0,0
gen_03259,4,-7.517,ok,1,0,1,1,4,6,4,0,0,0,0
gen_03259,5,-7.461,ok,1,0,1,1,4,6,3,1,0,0,0
gen_03259,6,-7.448,ok,1,0,1,1,4,7,4,0,0,0,0
gen_03260,1,-6.189,ok,1,0,0,0,4,6,0,0,0,0,0
gen_03260,2,-6.179,ok,1,0,0,0,4,6,0,0,0,0,0
gen_03260,3,-6.161,ok,1,0,0,0,4,6,0,0,0,0,0
gen_03261,1,-8.537,ok,1,0,0,1,4,6,4,1,0,0,0
gen_03261,2,-8.524,ok,1,0,0,1,4,5,4,1,0,0,0
gen_03261,3,-8.429,ok,1,0,0,1,4,5,3,1,0,0,0
gen_03262,1,-7.571,ok,1,0,1,0,4,6,1,2,0,0,0
gen_03262,2,-7.551,ok,1,0,1,0,4,6,1,2,0,0,0
gen_03262,3,-7.461,ok,1,0,1,0,4,7,2,0,0,0,0
gen_03262,4,-7.454,ok,0,0,1,1,3,4,5,1,0,0,0
gen_03262,5,-7.433,ok,1,0,1,0,4,7,2,0,0,0,0
gen_03262,6,-7.391,ok,0,0,1,1,3,5,5,1,0,0,0
gen_03262,7,-7.381,ok,1,0,1,0,4,6,2,0,0,0,0
gen_03262,8,-7.349,ok,1,0,1,0,4,7,2,0,0,0,0
gen_03263,1,-6.665,ok,0,0,0,1,3,5,1,0,1,0,0
gen_03264,1,-8.333,ok,1,0,1,1,4,7,3,1,0,0,0
gen_03264,2,-8.222,ok,1,0,1,1,4,7,3,1,0,0,0
gen_03264,3,-8.171,ok,1,0,1,1,4,6,3,1,0,0,0
gen_03264,4,-8.126,ok,1,0,1,1,4,2,3,0,0,0,0
gen_03264,5,-8.114,ok,1,0,0,1,4,6,4,1,0,0,0
gen_03264,6,-8.107,ok,1,0,1,1,4,6,3,1,0,0,0
gen_03264,7,-8.099,ok,1,0,1,1,4,7,4,1,0,0,0
gen_03264,8,-7.87,ok,1,0,1,1,4,1,4,0,0,0,0
gen_03264,9,-7.728,ok,1,0,1,1,4,2,3,0,0,0,0
gen_03265,1,-7.688,ok,1,0,0,1,5,4,3,0,0,0,0
gen_03266,1,-8.598,ok,1,0,1,1,4,7,3,0,0,0,0
gen_03266,2,-8.563,ok,1,0,1,1,4,8,3,0,0,0,0
gen_03266,3,-8.387,ok,1,0,1,1,4,7,3,0,0,0,0
gen_03267,1,-8.123,ok,1,0,0,1,4,6,3,1,0,0,0
gen_03267,2,-8.118,ok,1,0,0,1,4,6,3,1,0,0,0
gen_03267,3,-8.095,ok,1,0,0,1,4,6,3,1,0,0,0
gen_03267,4,-8.086,ok,1,0,0,1,4,6,3,1,0,0,0
gen_03267,5,-8.059,ok,1,0,0,1,4,6,3,0,0,0,0
gen_03268,1,-7.46,ok,0,0,0,1,0,5,2,0,0,0,0
gen_03268,2,-7.441,ok,1,0,1,0,4,6,0,1,0,0,0
gen_03268,3,-7.396,ok,1,0,1,0,4,5,0,1,0,0,0
gen_03269,1,-6.859,ok,1,0,0,1,4,7,4,0,0,0,0
gen_03269,2,-6.859,ok,1,0,0,1,4,6,4,0,0,0,0
gen_03269,3,-6.849,ok,1,0,0,1,4,7,4,0,0,0,0
gen_03270,1,-7.637,ok,1,0,1,1,5,3,5,0,0,0,0
gen_03270,2,-7.586,ok,1,0,0,1,5,3,4,0,0,0,0
gen_03270,3,-7.544,ok,1,0,0,1,5,4,4,0,0,0,0
gen_03270,4,-7.496,ok,1,0,1,1,5,3,4,0,0,0,0
gen_03270,5,-7.166,ok,1,0,0,1,4,6,4,0,0,0,0
gen_03271,1,-7.26,ok,1,0,1,0,4,6,0,1,0,0,0
gen_03271,2,-7.234,ok,1,0,1,0,4,5,0,1,0,0,0
gen_03271,3,-7.199,ok,1,0,1,0,4,6,0,1,0,0,0
gen_03271,4,-7.136,ok,1,0,1,0,4,5,0,1,0,0,0
gen_03272,1,-7.927,ok,0,0,1,1,3,5,3,0,0,0,0
gen_03272,2,-7.921,ok,0,0,1,1,3,5,3,0,0,0,0
gen_03272,3,-7.882,ok,0,0,0,1,3,5,2,0,0,0,0
gen_03272,4,-7.871,ok,1,0,1,1,4,5,3,0,0,0,0
gen_03272,5,-7.865,ok,1,0,1,1,4,5,3,0,0,0,0
gen_03272,6,-7.825,ok,1,0,1,1,4,5,3,0,0,0,0
gen_03273,1,-7.338,ok,1,0,1,0,4,6,0,0,0,0,0
gen_03273,2,-7.188,ok,1,0,1,1,4,6,1,0,0,0,0
gen_03274,1,-7.215,ok,1,0,1,1,4,7,2,0,0,0,0
gen_03275,1,-8.83,ok,0,0,1,1,0,6,5,0,0,0,0
gen_03275,2,-8.818,ok,0,0,1,1,3,6,4,1,0,0,0
gen_03275,3,-8.791,ok,0,0,1,1,3,6,3,0,0,0,0
gen_03275,4,-8.743,ok,0,0,1,1,0,6,4,0,0,0,0
gen_03275,5,-8.741,ok,0,0,1,1,0,6,4,0,0,0,0
gen_03275,6,-8.736,ok,0,0,1,1,0,6,3,0,0,0,0
gen_03275,7,-8.03,ok,1,0,0,0,4,6,2,1,0,0,0
gen_03275,8,-7.981,ok,1,0,0,1,4,6,3,0,0,0,0
gen_03275,9,-7.973,ok,1,0,0,1,4,6,4,0,0,0,0
gen_03275,10,-7.848,ok,1,0,0,1,4,5,4,0,0,0,0
gen_03276,1,-8.066,ok,1,0,0,1,4,9,3,0,0,0,0
gen_03276,2,-7.963,ok,1,0,0,1,4,9,3,0,0,0,0
gen_03276,3,-7.86,ok,1,0,0,1,4,8,3,0,0,0,0
gen_03276,4,-7.586,ok,1,0,0,1,5,5,1,0,0,0,0
gen_03277,1,-7.134,ok,1,0,0,1,4,4,2,0,0,0,0
gen_03278,1,-6.939,ok,0,0,1,1,3,5,4,0,0,0,0
gen_03278,2,-6.804,ok,0,0,1,1,3,6,4,0,0,0,0
gen_03279,1,-6.698,ok,1,0,1,0,4,2,0,0,0,0,0
gen_03279,2,-6.648,ok,0,0,1,1,3,5,1,0,1,0,0
gen_03280,1,-6.552,ok,0,0,1,0,0,1,2,1,0,0,0
gen_03280,2,-6.549,ok,0,0,1,0,0,1,3,1,0,0,0
gen_03280,3,-6.544,ok,0,0,1,0,0,2,3,1,0,0,0
gen_03280,4,-6.532,ok,1,0,1,0,4,2,2,1,0,0,0
gen_03280,5,-6.476,ok,0,0,1,0,0,1,3,1,0,0,0
gen_03280,6,-6.474,ok,1,0,1,1,4,6,2,0,0,0,0
gen_03281,1,-6.9,ok,1,0,0,1,5,3,2,0,0,0,0
gen_03281,2,-6.872,ok,1,0,0,1,5,3,2,0,0,0,0
gen_03282,1,-58.937,ok,0,0,0,1,0,1,1,0,0,0,0
gen_03283,1,-7.113,ok,1,0,0,1,4,3,2,0,0,0,0
gen_03283,2,-7.017,ok,1,0,0,1,5,3,2,0,0,0,0
gen_03284,1,-7.853,ok,1,0,0,1,4,5,3,1,0,0,0
gen_03284,2,-7.791,ok,1,0,0,1,4,5,3,1,0,0,0
gen_03285,1,-7.292,ok,1,0,0,1,4,5,3,0,0,0,0
gen_03285,2,-7.284,ok,1,0,0,1,4,5,4,0,0,0,0
gen_03285,3,-7.278,ok,1,0,0,1,4,5,3,0,0,0,0
gen_03286,1,-8.125,ok,1,0,0,1,4,6,4,0,0,0,0
gen_03286,2,-8.023,ok,1,0,0,1,4,6,4,0,0,0,0
gen_03286,3,-8.02,ok,1,0,0,1,4,6,1,1,0,0,0
gen_03286,4,-7.932,ok,1,0,0,1,4,6,3,1,0,0,0
gen_03286,5,-7.81,ok,1,0,0,1,4,5,3,1,0,0,0
gen_03287,1,-7.198,ok,1,0,1,1,4,5,2,0,0,0,0
gen_03287,2,-7.165,ok,1,0,1,1,4,5,2,0,0,0,0
gen_03288,1,-8.032,ok,1,0,1,1,4,5,3,0,0,0,0
gen_03288,2,-8.002,ok,1,0,1,1,4,5,4,0,0,0,0
gen_03288,3,-7.989,ok,1,0,1,1,4,5,3,0,0,0,0
gen_03288,4,-7.976,ok,1,0,1,1,4,5,3,0,0,0,0
gen_03289,1,-7.698,ok,1,0,1,1,5,5,3,0,0,0,1
gen_03289,2,-7.675,ok,1,0,1,1,5,5,3,0,0,0,1
gen_03289,3,-7.653,ok,1,0,0,0,5,5,1,0,1,0,0
gen_03290,1,-7.345,ok,1,0,0,1,4,5,2,0,0,0,0
gen_03290,2,-7.326,ok,1,0,0,1,4,6,2,0,0,0,0
gen_03290,3,-7.314,ok,1,0,0,1,4,6,2,0,0,0,0
gen_03290,4,-7.283,ok,1,0,0,1,4,5,2,0,0,0,0
gen_03291,1,-7.077,ok,1,0,1,1,4,7,2,0,0,0,0
gen_03292,1,-8.111,ok,1,0,1,1,4,5,2,0,0,0,1
gen_03293,1,-7.53,ok,0,0,0,1,3,0,3,0,0,0,1
gen_03293,2,-7.529,ok,0,0,0,1,3,0,3,0,0,0,1
gen_03293,3,-7.498,ok,0,0,0,1,3,0,3,0,0,0,1
gen_03293,4,-7.487,ok,0,0,0,1,3,0,3,0,0,0,1
gen_03293,5,-7.482,ok,0,0,0,1,3,0,3,0,0,0,1
gen_03293,6,-7.001,ok,1,0,1,1,4,4,2,0,0,0,0
gen_03293,7,-6.979,ok,1,0,0,1,4,5,3,1,0,0,0
gen_03293,8,-6.964,ok,1,0,1,1,4,5,3,0,0,0,0
gen_03293,9,-6.9,ok,1,0,1,1,4,5,4,0,0,0,0
gen_03294,1,-6.78,ok,1,0,1,0,4,7,1,0,0,0,0
gen_03294,2,-6.7,ok,1,0,1,0,4,6,1,0,0,0,0
gen_03295,1,-7.253,ok,1,0,1,1,4,6,2,0,0,0,0
gen_03295,2,-7.252,ok,1,0,1,1,4,6,2,0,0,0,0
gen_03295,3,-7.234,ok,1,0,1,1,4,6,2,0,0,0,0
gen_03296,1,-7.968,ok,1,0,0,1,4,6,2,0,0,0,0
gen_03296,2,-7.919,ok,1,0,0,1,4,8,2,0,0,0,0
gen_03296,3,-7.91,ok,1,0,0,1,4,7,5,0,0,0,0
gen_03296,4,-7.827,ok,0,0,0,1,0,5,4,0,0,0,0
gen_03296,5,-7.795,ok,0,0,0,1,0,4,3,0,0,0,0
gen_03297,1,-7.911,ok,0,1,0,1,0,2,2,0,1,0,0
gen_03298,1,-7.309,ok,1,0,1,1,4,7,3,0,0,0,0
gen_03298,2,-7.222,ok,1,0,0,1,5,3,3,0,0,0,0
gen_03298,3,-7.207,ok,1,0,0,1,5,3,2,0,0,0,0
gen_03298,4,-7.201,ok,1,0,1,1,4,6,3,0,0,0,0
gen_03299,1,-6.662,ok,1,0,1,0,4,3,3,1,0,0,0
gen_03299,2,-6.58,ok,1,0,1,0,4,2,4,1,0,0,0
gen_03299,3,-6.567,ok,1,0,1,0,4,2,4,1,0,0,0
gen_03300,1,-8.167,ok,1,1,1,0,4,7,4,0,0,0,0
gen_03300,2,-8.063,ok,1,0,1,0,4,8,4,0,0,0,0
gen_03300,3,-8.035,ok,1,0,1,0,4,8,3,1,0,0,0
gen_03300,4,-8.027,ok,1,0,1,0,4,8,4,0,0,0,0
gen_03300,5,-7.712,ok,0,0,1,1,3,5,4,0,0,0,0
gen_03301,1,-7.955,ok,1,0,0,1,4,6,3,0,0,0,1
gen_03301,2,-7.94,ok,1,0,0,1,4,6,3,0,0,0,1
gen_03301,3,-7.902,ok,1,0,1,1,4,5,5,0,0,0,0
gen_03301,4,-7.889,ok,1,0,1,1,4,5,5,0,0,0,0
gen_03302,1,-7.691,ok,1,0,0,1,4,6,2,0,0,0,0
gen_03302,2,-7.634,ok,1,0,0,1,4,6,2,0,0,0,0
gen_03302,3,-7.609,ok,1,0,0,1,4,5,2,0,0,0,0
gen_03302,4,-7.555,ok,1,0,0,1,4,7,3,0,0,0,0
gen_03302,5,-7.512,ok,1,0,0,1,4,6,1,0,0,0,0
gen_03302,6,-7.464,ok,1,0,0,1,4,6,3,0,0,0,0
gen_03302,7,-7.461,ok,1,0,1,1,4,5,3,0,0,0,0
gen_03302,8,-7.447,ok,1,0,0,1,4,7,3,0,0,0,0
gen_03302,9,-7.446,ok,1,0,0,1,4,6,3,0,0,0,0
gen_03302,10,-7.432,ok,1,0,0,1,4,7,4,0,0,0,0
gen_03302,11,-7.402,ok,1,0,1,1,4,4,4,0,0,0,0
gen_03303,1,-7.672,ok,1,0,1,1,4,4,2,1,0,0,0
gen_03303,2,-7.639,ok,1,0,1,1,4,4,2,1,0,0,0
gen_03303,3,-7.638,ok,1,0,1,1,4,4,2,1,0,0,0
gen_03303,4,-7.58,ok,1,0,1,1,4,4,2,1,0,0,1
gen_03303,5,-7.548,ok,1,0,1,1,4,5,2,1,0,0,1
gen_03303,6,-7.447,ok,1,0,1,1,4,5,2,1,0,0,1
gen_03303,7,-7.441,ok,1,0,1,1,4,4,2,1,0,0,0
gen_03303,8,-7.402,ok,1,0,1,1,4,6,4,0,0,0,0
gen_03303,9,-7.35,ok,1,0,1,1,4,6,3,0,0,0,0
gen_03303,10,-7.298,ok,1,0,1,1,4,5,4,0,0,0,0
gen_03304,1,-7.405,ok,1,0,0,1,5,4,4,0,0,0,0
gen_03304,2,-7.402,ok,1,0,0,1,5,4,4,0,0,0,0
gen_03304,3,-7.354,ok,1,0,0,1,5,4,4,0,0,0,0
gen_03305,1,-7.105,ok,1,0,0,1,4,8,3,0,0,0,0
gen_03306,1,-8.137,ok,1,0,0,1,4,5,5,0,0,0,0
gen_03306,2,-8.096,ok,1,0,0,1,4,6,5,1,0,0,0
gen_03307,1,-7.491,ok,1,0,1,1,4,6,3,0,0,0,0
gen_03307,2,-7.383,ok,1,0,1,1,4,6,2,0,0,0,0
gen_03307,3,-7.271,ok,1,0,1,1,4,5,3,0,0,0,0
gen_03308,1,-8.529,ok,1,0,0,1,4,7,5,0,0,0,0
gen_03309,1,-7.054,ok,1,0,0,1,4,4,1,0,0,0,1
gen_03310,1,-6.933,ok,1,0,0,1,5,4,2,0,0,0,0
gen_03310,2,-6.911,ok,1,0,0,1,5,4,2,0,0,0,0
gen_03310,3,-6.847,ok,1,0,0,1,5,5,2,0,0,0,0
gen_03310,4,-6.813,ok,1,0,0,1,5,5,2,0,0,0,0
gen_03310,5,-6.657,ok,1,0,0,1,4,0,1,0,0,0,0
gen_03311,1,-7.682,ok,1,1,1,1,4,7,2,0,0,0,0
gen_03311,2,-7.61,ok,1,1,1,1,4,7,2,0,0,0,0
gen_03311,3,-7.501,ok,1,1,1,1,4,8,1,1,0,0,0
gen_03311,4,-7.368,ok,0,0,1,1,3,2,3,0,0,0,0
gen_03311,5,-7.358,ok,1,0,1,1,4,2,3,0,0,0,0
gen_03311,6,-7.335,ok,1,0,1,1,4,2,3,0,0,0,0
gen_03311,7,-7.32,ok,1,0,1,1,4,2,3,0,0,0,0
gen_03312,1,-7.079,ok,1,0,0,0,4,7,1,0,2,0,0
gen_03312,2,-6.975,ok,1,0,0,0,4,5,1,0,0,0,0
gen_03312,3,-6.91,ok,0,0,0,0,3,6,2,0,2,0,0
gen_03312,4,-6.821,ok,1,0,0,1,4,2,1,0,0,0,0
gen_03312,5,-6.655,ok,1,0,0,1,5,3,2,0,0,0,0
gen_03313,1,-7.457,ok,1,0,0,0,5,6,1,1,0,0,0
gen_03313,2,-7.422,ok,1,0,0,1,5,6,2,1,0,0,0
gen_03314,1,-7.511,ok,1,0,1,1,4,4,3,0,0,0,0
gen_03314,2,-7.503,ok,1,0,1,1,4,4,3,0,0,0,0
gen_03314,3,-7.499,ok,1,0,1,1,4,4,3,0,0,0,0
gen_03314,4,-7.498,ok,1,0,1,1,4,4,3,0,0,0,0
gen_03314,5,-7.497,ok,1,0,1,1,4,4,3,0,0,0,0
gen_03314,6,-7.495,ok,1,0,1,1,4,4,3,0,0,0,0
gen_03315,1,-6.826,ok,1,0,0,0,4,6,1,0,0,0,1
gen_03315,2,-6.673,ok,1,1,0,1,4,1,3,0,0,0,0
gen_03315,3,-6.658,ok,1,0,0,0,4,5,1,0,0,0,0
gen_03315,4,-6.655,ok,1,0,0,1,4,8,2,0,0,0,0
gen_03316,1,-7.033,ok,1,0,1,1,4,7,3,0,0,0,0
gen_03316,2,-6.991,ok,1,0,1,1,4,7,3,0,0,0,0
gen_03316,3,-6.972,ok,1,0,0,1,4,1,4,0,0,0,0
gen_03316,4,-6.968,ok,1,0,0,1,4,1,4,0,0,0,0
gen_03316,5,-6.966,ok,1,0,0,1,4,1,4,0,0,0,0
gen_03316,6,-6.963,ok,1,0,1,1,4,7,3,0,0,0,0
gen_03316,7,-6.942,ok,1,0,0,1,4,1,4,0,0,0,0
gen_03316,8,-6.915,ok,1,0,0,1,4,1,4,0,0,0,0
gen_03317,1,-7.495,ok,1,0,0,1,4,1,2,0,0,0,0
gen_03317,2,-7.462,ok,1,0,0,1,4,1,2,0,0,0,0
gen_03317,3,-7.448,ok,0,0,0,1,3,1,2,0,0,0,1
gen_03317,4,-7.444,ok,1,0,0,1,4,1,1,0,0,0,0
gen_03317,5,-7.431,ok,1,0,0,1,4,1,2,0,0,0,0
gen_03318,1,-7.563,ok,1,0,1,1,4,7,1,1,0,0,2
gen_03318,2,-7.53,ok,1,0,1,0,4,8,0,1,0,0,2
gen_03318,3,-7.517,ok,1,0,1,1,4,5,2,0,1,0,2
gen_03318,4,-7.51,ok,1,0,1,1,4,8,1,1,0,0,2
gen_03318,5,-7.483,ok,1,0,1,1,4,7,1,1,0,0,2
gen_03319,1,-7.571,ok,1,0,0,1,5,4,4,0,0,0,0
gen_03319,2,-7.555,ok,1,0,0,1,5,5,4,0,0,0,0
gen_03319,3,-7.548,ok,1,1,0,1,5,6,4,0,0,0,0
gen_03319,4,-7.539,ok,1,0,1,1,5,8,5,0,0,0,0
gen_03319,5,-7.528,ok,1,1,1,1,5,8,4,0,0,0,0
gen_03319,6,-7.514,ok,1,0,1,1,5,8,5,0,0,0,0
gen_03319,7,-7.511,ok,1,0,1,1,4,3,4,0,0,0,0
gen_03320,1,-8.248,ok,1,0,0,1,4,6,5,1,0,0,0
gen_03320,2,-8.127,ok,1,0,0,1,4,6,5,1,0,0,0
gen_03320,3,-8.114,ok,1,0,0,1,4,7,5,1,0,0,0
gen_03320,4,-8.084,ok,1,0,0,1,4,7,5,1,0,0,0
gen_03321,1,-85.392,ok,0,0,0,0,0,0,0,0,0,0,0
gen_03322,1,-7.712,ok,0,0,1,1,3,6,3,1,0,0,0
gen_03322,2,-7.62,ok,1,0,0,1,4,5,3,0,0,0,0
gen_03322,3,-7.563,ok,1,0,0,1,4,5,4,0,0,0,0
gen_03323,1,-7.274,ok,1,0,1,1,4,6,2,0,0,0,1
gen_03323,2,-7.257,ok,1,0,1,0,4,7,1,0,0,0,1
gen_03323,3,-7.248,ok,1,0,1,0,4,6,1,0,0,0,1
gen_03323,4,-7.226,ok,1,0,1,0,4,7,2,0,0,0,0
gen_03323,5,-7.22,ok,1,0,1,0,4,6,2,0,0,0,0
gen_03323,6,-7.21,ok,1,0,1,0,4,7,2,0,0,0,0
gen_03323,7,-7.195,ok,1,0,1,0,4,8,1,0,0,0,1
gen_03324,1,-8.601,ok,1,0,0,1,4,7,2,1,0,0,0
gen_03324,2,-8.591,ok,1,0,0,1,4,6,2,1,0,0,0
gen_03325,1,-6.768,ok,1,0,1,0,5,5,1,0,0,0,0
gen_03326,1,-7.647,ok,1,0,0,1,5,6,1,0,0,0,0
gen_03326,2,-7.583,ok,1,0,1,1,4,6,2,0,0,0,0
gen_03326,3,-7.573,ok,1,0,1,1,4,5,2,0,0,0,0
gen_03326,4,-7.469,ok,1,0,0,1,4,5,1,0,0,0,0
gen_03327,1,-7.476,ok,1,0,1,1,5,3,5,0,0,0,0
gen_03327,2,-7.455,ok,1,0,1,1,5,3,4,0,0,0,0
gen_03328,1,-6.51,ok,1,0,1,1,4,5,2,0,0,0,0
gen_03329,1,-7.892,ok,1,0,0,1,4,6,2,0,0,0,0
gen_03329,2,-7.812,ok,1,0,0,1,4,6,2,0,0,0,0
gen_03329,3,-7.793,ok,1,0,0,1,4,6,2,0,0,0,0
gen_03329,4,-7.785,ok,1,0,0,1,4,6,2,0,0,0,0
gen_03329,5,-7.78,ok,1,0,0,1,4,6,3,0,0,0,0
gen_03329,6,-7.639,ok,1,0,1,1,4,6,3,0,0,0,0
gen_03329,7,-7.583,ok,1,0,0,1,4,6,2,0,0,0,0
gen_03330,1,-8.116,ok,1,0,0,1,4,6,2,1,0,0,0
gen_03330,2,-8.116,ok,1,0,1,1,4,2,5,0,0,0,0
gen_03330,3,-8.105,ok,1,0,0,1,4,6,2,1,0,0,0
gen_03330,4,-8.103,ok,1,0,1,1,4,2,5,0,0,0,0
gen_03330,5,-8.078,ok,1,0,0,1,4,2,3,0,0,0,0
gen_03330,6,-8.068,ok,1,0,1,1,4,2,4,0,0,0,0
gen_03331,1,-7.024,ok,1,0,1,0,4,6,1,0,0,0,0
gen_03331,2,-7.007,ok,1,0,1,0,4,7,1,0,0,0,0
gen_03331,3,-6.938,ok,1,0,1,0,4,8,1,0,0,0,0
gen_03332,1,-8.189,ok,1,1,1,1,4,2,3,0,0,0,0
gen_03332,2,-8.188,ok,1,1,1,1,4,2,3,0,0,0,0
gen_03332,3,-8.18,ok,1,1,1,1,4,2,3,0,0,0,0
gen_03332,4,-8.09,ok,0,1,1,1,3,2,3,0,0,0,0
gen_03333,1,-8.636,ok,1,0,0,1,5,6,4,0,0,0,0
gen_03333,2,-8.628,ok,1,0,0,1,5,6,2,0,0,0,0
gen_03333,3,-8.596,ok,1,0,0,1,5,5,4,0,0,0,0
gen_03333,4,-8.594,ok,1,0,0,1,5,6,4,0,0,0,0
gen_03333,5,-8.57,ok,1,0,0,1,5,6,2,0,0,0,1
gen_03333,6,-8.429,ok,1,0,0,1,5,6,3,0,0,0,1
gen_03334,1,-7.263,ok,1,0,1,0,4,5,1,1,0,0,0
gen_03334,2,-7.209,ok,1,0,0,1,5,3,3,0,0,0,1
gen_03334,3,-7.159,ok,1,0,0,1,5,4,3,0,0,0,1
gen_03334,4,-7.119,ok,1,0,0,1,4,4,3,0,0,0,0
gen_03335,1,-7.798,ok,1,0,1,0,4,7,0,1,0,0,0
gen_03335,2,-7.714,ok,1,0,1,0,4,5,2,1,0,0,0
gen_03335,3,-7.695,ok,0,0,0,1,3,6,3,0,0,0,0
gen_03335,4,-7.675,ok,0,0,0,1,3,6,5,0,0,0,0
gen_03335,5,-7.674,ok,1,0,0,1,4,7,6,0,0,0,0
gen_03335,6,-7.664,ok,0,0,0,1,3,6,6,0,0,0,0
gen_03335,7,-7.636,ok,1,0,0,1,4,6,4,0,0,0,0
gen_03335,8,-7.59,ok,1,0,0,1,4,6,3,0,0,0,0
gen_03335,9,-7.534,ok,1,0,1,0,4,6,4,0,0,0,0
gen_03335,10,-7.522,ok,1,0,1,1,4,1,4,0,0,0,0
gen_03335,11,-7.513,ok,0,0,0,1,3,7,4,0,0,0,0
gen_03335,12,-7.498,ok,0,0,0,1,3,6,5,0,0,0,0
gen_03335,13,-7.487,ok,0,0,0,0,3,5,3,0,0,0,0
gen_03335,14,-7.431,ok,1,0,1,1,4,1,4,0,0,0,0
gen_03336,1,-8.273,ok,1,0,1,0,4,5,4,0,0,0,0
gen_03336,2,-8.264,ok,1,0,1,0,4,6,4,0,0,0,0
gen_03337,1,-8.044,ok,1,0,0,1,4,5,2,0,0,0,1
gen_03337,2,-8.041,ok,1,0,0,1,4,5,2,0,0,0,1
gen_03337,3,-8.029,ok,1,0,0,1,4,5,2,0,0,0,1
gen_03337,4,-8.013,ok,1,0,0,1,4,5,2,0,0,0,1
gen_03337,5,-7.961,ok,1,0,1,1,4,5,3,0,0,0,1
gen_03337,6,-7.803,ok,1,0,0,1,4,4,3,0,0,0,0
gen_03337,7,-7.801,ok,1,0,0,1,4,4,3,0,0,0,0
gen_03338,1,-8.526,ok,1,0,0,1,5,3,3,1,0,0,0
gen_03339,1,-7.32,ok,1,0,0,1,4,5,3,0,0,0,1
gen_03339,2,-7.271,ok,1,0,0,1,4,5,1,1,0,0,1
gen_03339,3,-7.265,ok,1,0,0,1,4,5,1,2,0,0,0
gen_03340,1,-8.184,ok,1,0,0,1,5,3,2,0,0,0,2
gen_03340,2,-8.105,ok,1,0,0,1,4,3,1,0,0,0,2
gen_03340,3,-7.961,ok,1,0,0,1,4,6,1,0,0,0,0
gen_03341,1,-7.109,ok,0,0,0,1,3,5,1,0,0,0,0
gen_03341,2,-7.09,ok,1,0,1,0,4,3,1,0,0,0,0
gen_03342,1,-7.048,ok,0,0,0,1,3,2,1,0,0,0,0
gen_03342,2,-6.995,ok,0,0,0,1,3,2,1,0,0,0,0
gen_03343,1,-7.194,ok,1,0,0,1,4,5,1,0,0,0,0
gen_03344,1,-7.985,ok,1,0,0,1,4,4,3,0,0,0,0
gen_03344,2,-7.961,ok,1,0,0,1,4,6,4,0,0,0,0
gen_03344,3,-7.937,ok,1,0,0,1,4,6,4,0,0,0,0
gen_03344,4,-7.827,ok,1,0,0,1,4,6,3,1,0,0,0
gen_03345,1,-8.44,ok,0,0,1,1,3,8,4,0,0,0,0
gen_03345,2,-8.385,ok,0,0,1,1,3,8,4,0,0,0,0
gen_03345,3,-8.284,ok,1,0,0,1,4,5,3,1,1,0,0
gen_03345,4,-8.271,ok,1,0,1,1,4,7,6,0,1,0,0
gen_03345,5,-8.262,ok,0,0,1,1,3,10,4,0,0,0,0
gen_03346,1,-7.153,ok,1,0,1,1,4,6,3,0,0,0,0
gen_03346,2,-7.151,ok,1,0,1,1,4,7,3,0,0,0,0
gen_03346,3,-7.147,ok,1,0,1,1,4,7,3,0,0,0,0
gen_03346,4,-7.145,ok,1,0,1,1,4,6,3,0,0,0,0
gen_03346,5,-7.114,ok,1,0,1,1,4,3,4,0,0,0,0
gen_03346,6,-7.113,ok,1,0,1,1,4,7,2,1,0,0,0
gen_03346,7,-7.109,ok,1,0,1,1,4,3,4,0,0,0,0
gen_03346,8,-7.042,ok,1,0,1,1,4,7,4,0,0,0,0
gen_03347,1,-7.428,ok,1,0,0,1,4,7,2,1,0,0,0
gen_03347,2,-7.386,ok,1,0,0,1,4,5,2,0,0,0,0
gen_03348,1,-6.678,ok,1,0,1,1,4,6,2,0,0,0,0
gen_03348,2,-6.667,ok,1,0,1,1,4,6,2,0,0,0,0
gen_03348,3,-6.593,ok,1,0,1,1,4,7,2,0,0,0,0
gen_03349,1,-7.041,ok,1,0,0,1,4,5,2,1,0,0,0
gen_03349,2,-7.037,ok,1,0,0,1,4,5,3,1,0,0,0
gen_03349,3,-7.025,ok,1,0,0,1,4,5,4,1,0,0,0
gen_03349,4,-7.024,ok,1,0,0,1,4,5,3,1,0,0,0
gen_03349,5,-7.017,ok,1,0,0,1,4,5,2,1,0,0,0
gen_03349,6,-7.012,ok,1,0,0,1,4,5,4,1,0,0,0
gen_03349,7,-7.01,ok,1,0,0,1,4,5,3,1,0,0,0
gen_03349,8,-7.006,ok,1,0,0,1,4,5,4,1,0,0,0
gen_03349,9,-6.981,ok,1,0,0,1,4,5,3,1,0,0,0
gen_03349,10,-6.98,ok,1,0,0,1,4,5,3,1,0,0,0
gen_03349,11,-6.974,ok,1,0,0,1,4,5,3,1,0,0,0
gen_03349,12,-6.954,ok,1,0,0,1,4,6,3,1,0,0,0
gen_03350,1,-7.301,ok,0,0,1,1,3,6,2,0,0,0,0
gen_03350,2,-7.297,ok,0,0,1,1,3,6,2,0,0,0,0
gen_03351,1,-7.103,ok,1,0,0,1,4,6,1,0,0,0,1
gen_03351,2,-7.05,ok,1,0,0,0,4,6,0,0,0,0,1
gen_03352,1,-6.808,ok,1,0,0,1,4,0,1,0,0,0,3
gen_03352,2,-6.797,ok,1,0,0,1,4,0,1,0,0,0,3
gen_03353,1,-7.699,ok,1,0,1,1,4,5,3,1,0,0,0
gen_03353,2,-7.678,ok,1,0,1,1,5,3,4,0,0,0,0
gen_03353,3,-7.627,ok,1,0,1,1,4,1,3,0,0,0,0
gen_03353,4,-7.609,ok,1,0,1,1,4,6,3,1,0,0,0
gen_03353,5,-7.581,ok,1,0,1,1,4,6,3,1,0,0,0
gen_03353,6,-7.577,ok,1,0,1,1,4,6,3,1,0,0,0
gen_03353,7,-7.441,ok,1,0,0,1,5,3,3,0,0,0,0
gen_03354,1,-7.194,ok,0,0,1,1,0,3,2,0,0,0,0
gen_03355,1,-6.353,ok,1,0,0,1,4,6,3,0,0,0,0
gen_03355,2,-6.324,ok,1,0,0,1,4,6,2,0,0,0,0
gen_03355,3,-6.323,ok,1,0,0,1,4,6,2,0,0,0,0
gen_03355,4,-6.292,ok,1,0,0,1,4,5,2,0,0,0,0
gen_03355,5,-6.206,ok,1,0,0,1,4,5,3,0,0,0,0
gen_03356,1,-7.551,ok,1,0,1,1,4,6,3,1,0,0,0
gen_03356,2,-7.539,ok,1,0,1,1,4,6,3,1,0,0,0
gen_03356,3,-7.484,ok,1,0,0,1,4,6,4,0,0,0,0
gen_03356,4,-7.401,ok,1,0,0,1,4,5,4,0,0,0,0
gen_03357,1,-7.198,ok,0,0,0,1,3,4,4,0,1,0,0
gen_03357,2,-7.196,ok,0,0,0,1,3,4,4,0,1,0,0
gen_03358,1,-6.837,ok,1,0,1,1,4,5,4,0,0,0,0
gen_03358,2,-6.826,ok,1,0,1,1,4,5,5,0,0,0,0
gen_03358,3,-6.788,ok,1,0,1,1,4,6,4,0,0,0,0
gen_03359,1,-7.579,ok,1,0,0,0,4,6,0,0,0,0,0
gen_03359,2,-7.546,ok,1,0,0,0,4,6,0,0,0,0,0
gen_03359,3,-7.54,ok,1,0,0,0,4,6,0,0,0,0,0
gen_03359,4,-7.525,ok,1,0,0,0,4,5,0,0,0,0,0
gen_03360,1,-7.639,ok,0,0,1,1,3,6,2,0,0,0,0
gen_03360,2,-7.605,ok,0,0,1,1,3,6,2,0,0,0,0
gen_03360,3,-7.59,ok,1,0,1,1,4,7,2,0,0,0,0
gen_03360,4,-7.567,ok,0,0,1,1,3,6,2,0,0,0,0
gen_03360,5,-7.558,ok,1,0,1,1,4,7,2,0,0,0,0
gen_03360,6,-7.554,ok,1,0,1,1,4,7,2,0,0,0,0
gen_03361,1,-8.529,ok,0,0,1,1,3,10,5,0,0,0,0
gen_03361,2,-8.451,ok,1,0,0,1,5,5,6,0,0,0,0
gen_03361,3,-8.407,ok,1,0,0,1,5,5,6,0,0,0,0
gen_03361,4,-8.368,ok,1,0,0,1,4,5,5,0,0,0,0
gen_03362,1,-7.006,ok,1,0,0,1,4,0,1,0,1,0,2
gen_03362,2,-6.983,ok,1,0,0,1,4,0,1,0,1,0,2
gen_03362,3,-6.983,ok,1,0,0,1,4,0,1,0,1,0,2
gen_03362,4,-6.959,ok,1,0,0,1,4,0,1,0,1,0,2
gen_03362,5,-6.946,ok,1,0,0,1,4,0,1,0,1,0,2
gen_03362,6,-6.945,ok,1,0,0,1,4,0,1,0,1,0,2
gen_03362,7,-6.931,ok,1,0,0,1,4,0,1,0,1,0,2
gen_03363,1,-7.373,ok,1,0,0,1,5,4,1,0,1,0,1
gen_03363,2,-7.349,ok,1,0,0,1,5,4,1,0,1,0,1
gen_03363,3,-7.341,ok,1,0,0,1,5,4,2,0,1,0,1
gen_03364,1,-7.292,ok,1,0,0,1,5,4,3,1,0,0,0
gen_03364,2,-7.264,ok,1,0,0,1,4,7,2,0,0,0,0
gen_03364,3,-7.259,ok,1,0,0,1,4,0,2,0,0,0,0
gen_03364,4,-7.15,ok,1,0,0,1,4,6,2,0,0,0,1
gen_03365,1,-7.454,ok,1,0,0,1,4,5,1,1,0,0,0
gen_03365,2,-7.414,ok,1,0,1,1,4,5,2,1,0,0,0
gen_03365,3,-7.31,ok,1,0,0,1,4,5,3,0,0,0,0
gen_03366,1,-8.327,ok,1,0,0,1,4,4,4,0,0,0,0
gen_03367,1,-7.921,ok,1,0,1,0,4,4,2,1,0,0,0
gen_03367,2,-7.915,ok,1,0,1,0,4,5,2,1,0,0,0
gen_03367,3,-7.862,ok,1,0,1,0,4,5,2,1,0,0,0
gen_03367,4,-7.795,ok,1,0,1,0,4,4,2,1,0,0,0
gen_03368,1,-7.704,ok,0,0,1,1,3,4,3,0,0,0,0
gen_03368,2,-7.63,ok,0,0,1,1,3,4,3,0,0,0,0
gen_03368,3,-7.558,ok,1,0,0,1,4,1,2,0,0,0,0
gen_03368,4,-7.523,ok,1,0,0,1,4,1,2,0,0,0,0
gen_03368,5,-7.515,ok,1,0,0,1,4,1,2,0,0,0,0
gen_03369,1,-6.843,ok,1,0,1,0,4,6,1,0,0,0,0
gen_03369,2,-6.803,ok,1,0,1,0,4,6,1,0,0,0,0
gen_03370,1,-8.421,ok,1,0,0,1,4,4,3,0,0,0,0
gen_03370,2,-8.377,ok,1,0,0,1,4,4,4,0,0,0,0
gen_03370,3,-8.36,ok,1,0,0,1,4,5,3,0,0,0,0
gen_03370,4,-8.313,ok,1,0,0,1,5,4,3,0,0,0,0
gen_03371,1,-8.316,ok,0,1,0,1,3,6,2,0,0,0,0
gen_03371,2,-8.231,ok,1,1,0,0,4,6,1,0,0,0,0
gen_03372,1,-6.824,ok,1,0,0,1,4,7,2,1,0,0,0
gen_03373,1,-7.253,ok,1,0,1,0,4,0,1,0,0,0,0
gen_03373,2,-7.245,ok,1,0,1,0,4,0,1,0,0,0,0
gen_03373,3,-7.167,ok,1,0,0,1,4,6,3,0,0,0,0
gen_03374,1,-7.421,ok,1,1,1,0,4,6,1,0,1,0,0
gen_03374,2,-7.391,ok,1,1,1,0,4,6,1,0,1,0,0
gen_03374,3,-7.357,ok,1,1,1,0,4,7,1,0,1,0,0
gen_03374,4,-7.335,ok,1,1,1,0,4,6,1,0,1,0,0
gen_03374,5,-7.324,ok,1,1,1,0,4,6,1,0,1,0,0
gen_03374,6,-7.319,ok,1,0,0,1,4,7,1,0,1,0,0
gen_03374,7,-7.315,ok,0,1,1,0,3,6,1,0,1,0,0
gen_03374,8,-7.29,ok,0,1,1,0,3,6,1,0,1,0,0
gen_03374,9,-7.285,ok,1,1,1,0,4,6,1,0,1,0,0
gen_03374,10,-7.281,ok,0,1,1,0,3,6,1,0,1,0,0
gen_03374,11,-7.28,ok,1,1,1,0,4,6,1,0,1,0,0
gen_03374,12,-7.241,ok,1,1,1,0,4,6,1,0,1,0,0
gen_03375,1,-6.973,ok,0,0,0,1,3,9,2,0,0,0,0
gen_03375,2,-6.965,ok,0,0,0,1,3,8,2,0,0,0,0
gen_03375,3,-6.963,ok,0,0,0,1,3,9,2,0,0,0,0
gen_03375,4,-6.872,ok,0,0,0,1,3,8,1,0,0,0,0
gen_03375,5,-6.853,ok,0,0,0,1,3,8,2,0,0,0,0
gen_03375,6,-6.689,ok,0,0,0,0,3,8,0,0,0,0,0
gen_03375,7,-6.589,ok,1,0,0,1,4,5,2,0,1,0,0
gen_03375,8,-6.506,ok,1,0,0,1,4,6,4,0,1,0,0
gen_03376,1,-7.346,ok,0,0,1,1,3,4,3,0,0,0,0
gen_03376,2,-7.329,ok,1,0,1,1,4,4,3,0,0,0,0
gen_03377,1,-6.826,ok,1,0,0,1,4,2,4,0,0,0,0
gen_03377,2,-6.753,ok,1,0,0,1,4,3,3,0,0,0,0
gen_03377,3,-6.705,ok,1,0,0,1,4,2,3,0,0,0,0
gen_03377,4,-6.636,ok,1,0,0,1,5,2,3,0,0,0,0
gen_03378,1,-8.437,ok,1,0,0,1,4,4,3,0,1,0,2
gen_03378,2,-8.374,ok,1,0,0,1,4,4,3,0,1,0,2
gen_03379,1,-7.108,ok,1,0,0,1,4,5,3,0,0,0,0
gen_03379,2,-6.971,ok,1,0,0,0,4,5,2,0,0,0,0
gen_03379,3,-6.956,ok,1,0,0,1,4,2,3,0,0,0,0
gen_03380,1,-7.198,ok,1,0,0,1,4,4,4,0,0,0,0
gen_03380,2,-7.156,ok,1,0,0,1,4,4,4,0,0,0,0
gen_03380,3,-7.122,ok,1,0,0,1,4,3,2,0,0,0,0
gen_03381,1,-8.106,ok,1,0,0,1,4,6,3,0,0,0,1
gen_03381,2,-8.088,ok,1,0,0,1,4,6,2,0,0,0,1
gen_03381,3,-8.026,ok,0,0,1,1,0,4,3,0,0,0,0
gen_03381,4,-8.013,ok,0,0,1,1,0,4,3,0,0,0,0
gen_03382,1,-7.152,ok,1,0,0,1,4,4,1,0,0,0,0
gen_03382,2,-7.108,ok,1,0,0,1,4,5,1,0,0,0,0
gen_03383,1,-8.351,ok,1,1,1,1,4,7,3,1,0,0,0
gen_03383,2,-8.295,ok,1,1,1,1,4,7,3,1,0,0,0
gen_03383,3,-8.276,ok,1,1,1,1,4,6,3,1,0,0,0
gen_03383,4,-8.174,ok,1,1,1,1,4,6,6,0,0,0,0
gen_03383,5,-8.107,ok,1,1,1,1,4,7,6,0,0,0,0
gen_03384,1,-7.185,ok,1,0,0,0,4,5,0,0,0,0,0
gen_03384,2,-7.181,ok,1,0,0,0,4,5,0,0,0,0,0
gen_03384,3,-7.169,ok,0,0,1,0,0,6,0,0,0,0,0
gen_03384,4,-7.087,ok,1,0,0,0,4,5,0,0,0,0,0
gen_03384,5,-7.074,ok,1,0,0,0,4,5,0,0,0,0,0
gen_03385,1,-7.37,ok,0,0,0,0,3,6,2,0,0,0,0
gen_03385,2,-7.333,ok,1,0,0,0,4,6,1,0,0,0,0
gen_03385,3,-7.327,ok,0,0,0,1,3,5,2,0,0,0,0
gen_03385,4,-7.243,ok,0,0,0,0,3,6,2,0,0,0,0
gen_03385,5,-7.23,ok,0,0,0,0,3,6,1,0,0,0,0
gen_03385,6,-7.23,ok,0,0,0,0,3,6,2,0,0,0,0
gen_03385,7,-7.132,ok,1,0,0,0,4,6,1,0,0,0,0
gen_03386,1,-8.011,ok,1,0,0,1,4,5,5,0,0,0,0
gen_03387,1,-7.713,ok,1,0,0,1,4,4,2,1,1,0,0
gen_03387,2,-7.696,ok,1,0,0,1,4,4,2,1,1,0,0
gen_03388,1,-7.805,ok,1,0,0,1,4,6,4,0,0,0,0
gen_03388,2,-7.766,ok,1,0,0,1,4,7,4,0,0,0,0
gen_03388,3,-7.763,ok,1,0,0,1,4,5,4,0,0,0,0
gen_03388,4,-7.682,ok,1,0,0,1,4,3,4,0,0,0,0
gen_03388,5,-7.502,ok,1,0,0,1,4,6,4,0,0,0,0
gen_03389,1,-7.703,ok,1,0,1,1,4,7,2,1,0,0,1
gen_03389,2,-7.668,ok,1,0,1,1,4,7,2,1,0,0,1
gen_03389,3,-7.663,ok,0,0,1,1,3,1,5,1,1,0,0
gen_03389,4,-7.656,ok,0,0,1,1,3,1,5,1,1,0,0
gen_03389,5,-7.655,ok,0,0,1,1,3,1,6,0,1,0,0
gen_03389,6,-7.645,ok,0,0,1,1,3,1,5,1,1,0,0
gen_03389,7,-7.577,ok,1,1,1,1,4,6,6,0,0,0,0
gen_03390,1,-7.186,ok,1,0,0,1,4,5,1,0,0,0,0
gen_03390,2,-7.131,ok,1,0,0,1,4,5,1,0,0,0,0
gen_03391,1,-7.988,ok,1,0,0,1,4,5,3,0,0,0,1
gen_03391,2,-7.925,ok,1,0,0,1,4,5,3,0,0,0,1
gen_03391,3,-7.901,ok,1,0,0,1,4,5,3,0,0,0,1
gen_03391,4,-7.853,ok,1,0,0,1,4,6,3,0,0,0,1
gen_03391,5,-7.852,ok,0,0,0,1,3,2,3,0,0,0,0
gen_03391,6,-7.81,ok,0,0,0,1,3,2,3,0,0,0,0
gen_03392,1,-7.545,ok,0,0,1,1,3,6,5,0,0,0,0
gen_03392,2,-7.469,ok,0,0,1,1,3,6,6,0,0,0,0
gen_03392,3,-7.399,ok,0,0,1,1,3,6,4,0,0,0,0
gen_03392,4,-7.118,ok,0,0,1,1,3,6,3,0,0,0,0
gen_03392,5,-6.761,ok,1,0,1,1,4,0,4,0,0,0,0
gen_03393,1,-8.273,ok,1,0,0,1,4,7,2,0,0,0,0
gen_03393,2,-8.228,ok,1,0,0,1,4,7,2,0,0,0,0
gen_03393,3,-8.195,ok,1,0,0,1,4,7,2,0,0,0,0
gen_03393,4,-8.174,ok,1,0,0,1,4,7,2,0,0,0,0
gen_03394,1,-8.007,ok,1,0,0,1,4,7,2,1,0,0,0
gen_03394,2,-7.974,ok,1,0,0,1,4,6,2,1,0,0,0
gen_03395,1,-8.379,ok,1,0,1,1,5,5,4,0,0,0,1
gen_03395,2,-8.249,ok,1,0,1,1,5,4,6,0,0,0,1
gen_03395,3,-8.182,ok,1,0,1,1,5,4,4,0,0,0,0
gen_03396,1,-8.628,ok,1,0,0,1,4,5,4,0,0,0,0
gen_03396,2,-8.606,ok,1,0,0,1,4,5,4,0,0,0,0
gen_03396,3,-8.585,ok,1,0,0,1,4,6,4,0,0,0,0
gen_03396,4,-8.566,ok,1,0,0,1,4,6,4,0,0,0,0
gen_03397,1,-7.876,ok,1,0,0,0,4,5,0,1,0,0,0
gen_03397,2,-7.819,ok,1,0,0,0,4,5,0,1,0,0,0
gen_03398,1,-7.868,ok,1,0,1,1,4,6,5,1,0,0,0
gen_03398,2,-7.817,ok,1,0,1,1,4,6,5,1,0,0,0
gen_03398,3,-7.814,ok,1,0,1,1,4,5,5,1,0,0,0
gen_03398,4,-7.79,ok,1,0,1,1,4,5,5,1,0,0,0
gen_03398,5,-7.775,ok,1,0,1,1,4,5,5,1,0,0,0
gen_03398,6,-7.768,ok,1,0,1,1,4,7,4,0,0,0,0
gen_03398,7,-7.738,ok,1,0,1,1,4,6,4,0,0,0,0
gen_03398,8,-7.665,ok,1,0,0,1,4,6,4,0,0,0,0
gen_03398,9,-7.649,ok,1,0,1,1,4,7,3,0,0,0,0
gen_03399,1,-6.726,ok,1,0,0,1,4,6,4,0,0,0,0
gen_03399,2,-6.638,ok,1,0,0,1,4,5,4,0,0,0,0
gen_03399,3,-6.573,ok,1,0,0,1,4,6,2,0,0,0,0
gen_03399,4,-6.532,ok,1,0,0,1,4,6,3,0,0,0,0
gen_03399,5,-6.318,ok,1,0,0,1,4,6,4,0,0,0,0
gen_03400,1,-7.77,ok,1,0,0,1,5,2,2,1,0,0,0
gen_03400,2,-7.602,ok,1,0,1,1,4,2,2,0,1,0,0
gen_03401,1,-7.446,ok,1,0,0,1,4,5,4,0,0,0,0
gen_03401,2,-7.443,ok,1,0,0,1,4,5,4,0,0,0,0
gen_03402,1,-6.629,ok,1,0,1,1,4,6,2,0,0,0,0
gen_03402,2,-6.619,ok,1,0,0,1,4,4,3,0,0,0,0
gen_03403,1,-7.959,ok,1,0,1,1,5,3,4,0,0,0,0
gen_03404,1,-7.471,ok,1,0,0,0,4,6,2,0,0,0,1
gen_03404,2,-7.469,ok,1,0,0,1,4,6,3,0,0,0,1
gen_03405,1,-7.535,ok,1,0,1,1,4,5,2,2,0,0,0
gen_03405,2,-7.499,ok,1,0,1,1,4,5,2,2,0,0,0
gen_03405,3,-7.444,ok,1,0,1,1,4,6,2,2,0,0,0
gen_03405,4,-7.429,ok,1,0,1,1,4,5,2,1,0,0,0
gen_03405,5,-7.377,ok,1,0,1,1,4,5,2,2,0,0,0
gen_03405,6,-7.334,ok,1,0,0,1,4,6,2,0,0,0,0
gen_03405,7,-7.254,ok,1,0,0,1,4,6,2,0,0,0,0
gen_03405,8,-7.245,ok,1,0,0,1,4,6,3,0,0,0,0
gen_03405,9,-7.232,ok,1,0,0,1,4,6,4,0,0,0,0
gen_03405,10,-7.22,ok,1,0,0,1,4,6,4,0,0,0,0
gen_03405,11,-7.21,ok,1,0,0,1,4,6,4,0,0,0,0
gen_03406,1,-8.059,ok,1,0,0,1,4,7,5,0,0,0,0
gen_03406,2,-8.014,ok,1,0,0,1,4,7,5,0,0,0,0
gen_03407,1,-7.113,ok,1,0,0,0,5,4,1,0,0,0,0
gen_03407,2,-7.112,ok,1,0,0,0,5,5,1,0,0,0,0
gen_03408,1,-7.544,ok,1,0,0,1,4,6,3,0,0,0,0
gen_03409,1,-8.54,ok,0,0,0,1,3,6,4,0,0,0,0
gen_03409,2,-8.463,ok,1,0,0,1,4,5,3,0,0,0,0
gen_03409,3,-8.406,ok,1,0,0,1,4,6,3,0,0,0,0
gen_03410,1,-7.149,ok,1,0,0,0,4,6,1,0,0,0,0
gen_03411,1,-7.113,ok,1,0,0,1,4,5,1,0,0,0,0
gen_03411,2,-7.103,ok,1,0,0,1,4,5,1,0,0,0,0
gen_03411,3,-7.08,ok,1,0,0,1,4,5,1,0,0,0,0
gen_03411,4,-7.044,ok,1,0,0,1,4,5,2,0,0,0,0
gen_03411,5,-6.982,ok,0,0,0,1,0,0,4,0,0,0,0
gen_03411,6,-6.924,ok,0,0,0,1,0,1,1,0,1,0,0
gen_03411,7,-6.921,ok,0,0,0,1,0,0,3,0,0,0,0
gen_03411,8,-6.836,ok,1,0,0,1,4,3,1,0,0,0,0
gen_03411,9,-6.821,ok,0,0,0,1,0,0,2,0,1,0,1
gen_03411,10,-6.797,ok,1,0,0,1,4,3,1,0,0,0,0
gen_03412,1,-7.458,ok,1,0,1,0,4,6,1,0,0,0,0
gen_03412,2,-7.426,ok,1,0,1,1,4,6,2,0,0,0,0
gen_03412,3,-7.41,ok,0,0,0,1,3,3,2,0,0,0,0
gen_03412,4,-7.395,ok,0,0,0,1,3,3,2,0,0,0,0
gen_03412,5,-7.368,ok,0,0,0,1,3,3,1,0,0,0,0
gen_03412,6,-7.341,ok,1,0,1,1,4,5,2,0,0,0,0
gen_03413,1,-7.895,ok,1,0,0,1,4,6,4,0,0,0,0
gen_03413,2,-7.829,ok,1,0,0,1,4,5,4,0,0,0,0
gen_03414,1,-7.658,ok,1,0,0,1,4,6,2,0,0,0,0
gen_03414,2,-7.642,ok,1,0,0,1,4,6,1,0,0,0,0
gen_03414,3,-7.641,ok,1,0,0,1,4,6,2,0,0,0,0
gen_03414,4,-7.531,ok,1,0,0,1,4,7,2,0,0,0,0
gen_03414,5,-7.463,ok,1,0,0,1,4,5,1,0,0,0,0
gen_03414,6,-7.437,ok,1,0,0,1,4,5,1,0,0,0,0
gen_03414,7,-7.309,ok,1,0,0,0,4,6,1,0,0,0,0
gen_03414,8,-7.199,ok,0,0,1,1,3,1,1,0,0,0,0
gen_03415,1,-7.334,ok,0,0,0,1,3,3,2,0,0,0,0
gen_03415,2,-7.293,ok,0,0,0,1,3,3,2,0,0,0,0
gen_03415,3,-7.13,ok,0,0,1,1,3,6,1,1,0,0,0
gen_03415,4,-7.055,ok,0,0,1,1,3,6,3,0,0,0,0
gen_03416,1,-7.657,ok,1,0,1,1,4,6,3,1,0,0,0
gen_03416,2,-7.646,ok,1,0,1,1,4,6,3,1,0,0,0
gen_03416,3,-7.406,ok,1,0,1,1,4,5,3,1,0,0,0
gen_03416,4,-7.368,ok,0,0,1,1,0,2,4,0,0,0,0
gen_03416,5,-7.358,ok,1,0,0,1,4,6,2,0,0,0,0
gen_03417,1,-7.478,ok,0,0,1,0,3,1,1,1,0,0,0
gen_03417,2,-7.465,ok,0,0,1,0,3,1,1,1,0,0,0
gen_03418,1,-7.542,ok,1,0,1,1,4,4,4,0,0,0,0
gen_03418,2,-7.523,ok,1,0,1,1,4,4,4,0,0,0,0
gen_03418,3,-7.453,ok,1,0,0,1,4,7,1,0,0,0,0
gen_03418,4,-7.374,ok,1,0,0,1,4,4,3,0,0,0,0
gen_03418,5,-7.351,ok,1,0,0,1,4,6,1,0,0,0,0
gen_03419,1,-7.53,ok,1,0,1,1,4,8,1,1,0,0,0
gen_03419,2,-7.524,ok,1,0,1,1,4,8,2,1,0,0,0
gen_03420,1,-7.934,ok,1,0,1,0,4,6,4,1,0,0,0
gen_03420,2,-7.856,ok,1,0,0,1,4,4,1,2,0,0,0
gen_03420,3,-7.815,ok,1,0,0,1,4,4,1,2,0,0,0
gen_03420,4,-7.753,ok,1,0,1,0,4,5,3,1,0,0,0
gen_03420,5,-7.751,ok,0,0,1,0,3,6,3,1,0,0,0
gen_03420,6,-7.751,ok,1,0,1,0,4,5,4,1,0,0,0
gen_03421,1,-7.495,ok,0,0,0,1,3,5,2,0,0,0,0
gen_03421,2,-7.453,ok,0,0,0,1,3,5,2,0,0,0,0
gen_03422,1,-6.449,ok,1,0,0,0,4,5,1,0,0,0,0
gen_03422,2,-6.441,ok,1,0,0,0,4,5,1,0,0,0,0
gen_03422,3,-6.399,ok,1,0,0,0,4,5,1,0,0,0,0
gen_03423,1,-7.059,ok,1,0,0,1,5,3,4,0,0,0,0
gen_03423,2,-6.935,ok,1,0,0,1,5,3,4,0,0,0,0
gen_03424,1,-8.729,ok,0,1,1,1,3,7,6,0,0,0,0
gen_03424,2,-8.712,ok,0,1,1,1,3,8,6,0,0,0,0
gen_03425,1,-6.614,ok,0,0,0,1,0,2,1,0,0,0,0
gen_03425,2,-6.608,ok,1,0,0,1,4,0,2,0,2,0,0
gen_03425,3,-6.581,ok,1,0,0,0,4,1,0,0,0,0,0
gen_03425,4,-6.569,ok,0,0,0,1,0,1,1,0,0,0,0
gen_03425,5,-6.566,ok,1,0,0,1,4,0,2,0,2,0,0
gen_03426,1,-6.918,ok,1,0,0,1,4,5,4,0,0,0,0
gen_03426,2,-6.902,ok,1,0,0,1,4,5,4,0,0,0,0
gen_03427,1,-6.871,ok,1,0,1,0,4,5,2,0,0,0,0
gen_03428,1,-7.308,ok,1,0,1,1,4,4,2,1,0,0,1
gen_03428,2,-7.277,ok,1,0,1,1,4,4,3,0,0,0,1
gen_03428,3,-7.275,ok,1,0,1,1,4,4,2,1,0,0,1
gen_03428,4,-7.271,ok,1,0,1,1,4,4,2,1,0,0,1
gen_03428,5,-7.265,ok,1,0,1,1,4,4,2,1,0,0,1
gen_03428,6,-7.264,ok,1,0,1,1,4,4,2,1,0,0,1
gen_03428,7,-7.224,ok,1,0,1,1,4,4,2,1,0,0,1
gen_03429,1,-78.971,ok,0,0,1,0,0,0,0,0,0,0,1
gen_03429,2,-75.405,ok,0,0,0,1,3,0,1,0,0,0,0
gen_03430,1,-8.106,ok,0,0,0,1,3,5,2,0,0,0,0
gen_03430,2,-8.062,ok,1,0,1,1,4,5,5,1,0,0,0
gen_03430,3,-8.044,ok,0,0,1,1,3,6,3,0,0,0,0
gen_03430,4,-8.036,ok,1,0,0,1,4,6,3,0,0,0,0
gen_03430,5,-8.03,ok,1,0,1,1,4,6,2,0,0,0,0
gen_03430,6,-8.023,ok,1,0,1,1,4,7,3,0,0,0,0
gen_03430,7,-8.003,ok,1,0,0,1,4,5,2,0,0,0,0
gen_03430,8,-7.996,ok,1,0,1,1,4,7,3,0,0,0,0
gen_03431,1,-7.843,ok,1,0,0,1,4,1,3,0,0,0,0
gen_03431,2,-7.789,ok,1,0,0,1,5,3,3,0,0,0,1
gen_03432,1,-8.006,ok,1,0,0,1,4,6,3,0,0,0,0
gen_03433,1,-7.034,ok,1,0,0,1,4,5,3,0,0,0,0
gen_03433,2,-7.002,ok,1,0,0,1,4,5,3,0,0,0,0
gen_03434,1,-78.664,ok,0,0,0,0,0,0,0,0,0,0,0
gen_03434,2,-72.752,ok,0,0,1,0,0,1,2,0,0,0,0
gen_03434,3,-72.198,ok,0,0,0,1,3,0,1,0,0,0,0
gen_03434,4,-69.9,ok,0,0,0,1,0,0,1,0,0,0,0
gen_03435,1,-6.95,ok,1,0,1,1,4,0,4,1,0,0,0
gen_03435,2,-6.918,ok,1,0,0,1,4,1,4,0,0,0,0
gen_03435,3,-6.89,ok,1,0,0,1,5,3,3,0,0,0,0
gen_03435,4,-6.884,ok,1,0,0,1,4,1,4,0,0,0,0
gen_03435,5,-6.828,ok,1,0,0,1,4,0,4,0,0,0,0
gen_03435,6,-6.672,ok,1,0,0,1,4,5,4,0,0,0,0
gen_03436,1,-8.267,ok,1,0,0,1,4,6,1,0,0,0,1
gen_03436,2,-8.26,ok,1,0,0,1,4,6,1,0,0,0,1
gen_03436,3,-8.255,ok,1,0,0,1,4,5,1,0,0,0,0
gen_03436,4,-8.253,ok,1,0,0,1,4,6,1,0,0,0,1
gen_03436,5,-8.225,ok,1,0,0,1,4,5,1,0,0,0,0
gen_03436,6,-8.22,ok,1,0,0,1,4,6,1,0,0,0,1
gen_03436,7,-8.187,ok,1,0,0,1,4,5,1,0,0,0,1
gen_03437,1,-7.126,ok,1,0,1,1,4,7,5,0,0,0,0
gen_03437,2,-7.028,ok,1,0,1,1,4,7,5,0,0,0,0
gen_03437,3,-6.954,ok,0,0,1,1,3,6,5,0,0,0,0
gen_03438,1,-6.974,ok,1,0,1,1,4,8,3,0,0,0,0
gen_03438,2,-6.933,ok,1,0,1,1,4,7,1,0,0,0,0
gen_03438,3,-6.87,ok,1,0,1,1,4,7,1,0,0,0,0
gen_03438,4,-6.849,ok,1,0,0,1,4,4,1,0,0,0,0
gen_03439,1,-8.547,ok,1,0,0,1,4,6,4,1,0,0,0
gen_03439,2,-8.48,ok,1,0,0,1,4,7,4,1,0,0,0
gen_03439,3,-8.057,ok,1,0,1,1,4,8,3,1,0,0,0
gen_03439,4,-7.862,ok,0,0,0,1,0,1,4,0,0,0,0
gen_03440,1,-7.79,ok,0,0,1,1,3,7,3,0,0,0,0
gen_03440,2,-7.771,ok,0,0,1,1,3,7,3,0,0,0,0
gen_03440,3,-7.758,ok,0,0,1,1,3,7,3,0,0,0,0
gen_03440,4,-7.727,ok,0,0,1,1,3,5,3,0,0,0,0
gen_03440,5,-7.681,ok,1,0,1,1,4,7,5,1,0,0,0
gen_03440,6,-7.645,ok,1,0,1,1,5,4,4,0,0,0,0
gen_03440,7,-7.634,ok,1,0,1,1,5,4,3,0,0,0,0
gen_03441,1,-6.776,ok,1,0,0,1,4,4,1,0,0,0,0
gen_03442,1,-7.241,ok,1,0,1,1,4,6,4,0,0,0,0
gen_03442,2,-7.222,ok,0,0,1,1,3,4,4,0,0,0,0
gen_03442,3,-7.2,ok,1,0,1,1,4,7,4,0,0,0,0
gen_03442,4,-7.195,ok,0,0,1,1,3,4,4,0,0,0,0
gen_03442,5,-7.194,ok,1,0,1,1,4,6,3,0,0,0,0
gen_03442,6,-7.138,ok,1,0,1,1,4,5,4,0,0,0,0
gen_03443,1,-7.477,ok,1,0,0,1,4,5,2,0,0,0,0
gen_03443,2,-7.437,ok,1,0,0,1,4,5,2,0,0,0,0
gen_03443,3,-7.373,ok,0,0,1,1,3,5,3,0,0,0,0
gen_03444,1,-7.239,ok,1,0,1,1,4,5,2,1,0,0,0
gen_03444,2,-7.234,ok,1,0,1,1,4,6,4,1,0,0,0
gen_03444,3,-7.206,ok,1,0,1,1,4,5,2,1,0,0,0
gen_03444,4,-7.191,ok,1,0,1,1,4,6,2,1,0,0,0
gen_03444,5,-7.168,ok,1,0,1,1,4,5,2,1,0,0,0
gen_03444,6,-7.166,ok,1,0,1,1,4,6,3,1,0,0,0
gen_03444,7,-7.132,ok,1,0,1,1,4,2,3,1,0,0,0
gen_03444,8,-7.1,ok,1,0,1,1,4,4,3,0,0,0,0
gen_03444,9,-7.098,ok,1,0,1,1,4,4,3,0,0,0,0
gen_03445,1,-6.474,ok,1,0,0,1,4,4,3,0,0,0,0
gen_03446,1,-6.835,ok,1,0,0,1,4,0,1,0,0,0,0
gen_03447,1,-7.676,ok,1,0,0,1,4,4,1,0,1,0,0
gen_03448,1,-6.972,ok,1,0,0,1,4,5,3,0,0,0,0
gen_03449,1,-7.053,ok,1,0,1,1,4,4,2,0,0,0,0
gen_03449,2,-7.032,ok,1,0,1,1,4,5,2,0,0,0,0
gen_03450,1,-7.14,ok,1,0,1,0,4,6,0,1,0,0,1
gen_03450,2,-7.115,ok,1,0,1,0,4,6,0,1,0,0,1
gen_03451,1,-7.42,ok,1,0,1,1,4,5,2,0,0,0,1
gen_03452,1,-7.883,ok,1,0,1,1,4,5,5,0,0,0,0
gen_03452,2,-7.851,ok,1,0,0,1,4,3,5,0,0,0,0
gen_03453,1,-6.549,ok,1,1,0,1,4,7,1,0,0,0,0
gen_03454,1,-7.496,ok,1,0,0,1,4,6,3,1,0,0,0
gen_03454,2,-7.478,ok,1,0,1,1,4,6,3,1,0,0,0
gen_03454,3,-7.472,ok,1,0,0,1,4,6,3,1,0,0,0
gen_03454,4,-7.455,ok,1,0,1,1,4,7,4,1,0,0,0
gen_03454,5,-7.445,ok,1,0,0,1,4,5,3,1,0,0,0
gen_03454,6,-7.371,ok,1,0,0,1,4,1,3,0,0,0,0
gen_03454,7,-7.338,ok,1,0,0,1,4,1,4,0,0,0,0
gen_03454,8,-7.328,ok,1,0,0,1,4,2,3,0,0,0,0
gen_03455,1,-7.233,ok,1,0,1,0,4,8,0,0,0,0,0
gen_03455,2,-7.209,ok,1,0,1,0,4,8,0,0,0,0,0
gen_03456,1,-6.633,ok,1,1,1,1,5,6,2,0,0,0,0
gen_03456,2,-6.591,ok,1,0,0,1,5,4,1,0,0,0,0
gen_03456,3,-6.56,ok,1,0,0,0,5,3,1,0,0,0,0
gen_03456,4,-6.539,ok,1,0,1,0,4,4,2,0,0,0,0
gen_03456,5,-6.519,ok,1,1,0,0,4,4,1,0,0,0,0
gen_03456,6,-6.511,ok,1,1,0,0,5,4,1,0,0,0,0
gen_03456,7,-6.51,ok,0,0,1,1,3,3,4,1,0,0,0
gen_03456,8,-6.479,ok,1,1,0,0,4,4,1,0,0,0,0
gen_03456,9,-6.399,ok,1,1,1,1,4,8,3,0,0,0,0
gen_03456,10,-6.373,ok,1,0,1,0,4,4,2,0,0,0,0
gen_03457,1,-6.559,ok,1,0,1,0,4,6,0,1,0,0,0
gen_03457,2,-6.55,ok,1,0,1,0,4,6,0,1,0,0,0
gen_03458,1,-6.789,ok,1,0,1,1,4,0,3,0,0,0,0
gen_03458,2,-6.761,ok,1,0,1,1,4,0,3,0,0,0,0
gen_03459,1,-6.765,ok,1,0,0,1,4,6,1,1,0,0,0
gen_03459,2,-6.704,ok,1,0,0,1,4,5,2,1,0,0,0
gen_03459,3,-6.702,ok,1,0,0,1,4,5,1,1,0,0,0
gen_03459,4,-6.679,ok,1,0,0,1,4,6,1,1,0,0,0
gen_03459,5,-6.607,ok,1,0,0,1,4,5,1,1,0,0,0
gen_03459,6,-6.584,ok,1,0,0,1,4,6,2,1,0,0,0
gen_03459,7,-6.544,ok,1,0,0,1,4,6,1,1,0,0,0
gen_03460,1,-7.669,ok,1,1,1,1,5,6,4,0,0,0,1
gen_03460,2,-7.631,ok,1,1,1,1,5,6,5,0,0,0,1
gen_03460,3,-7.574,ok,1,1,1,1,5,6,3,0,0,0,1
gen_03460,4,-7.563,ok,1,1,1,1,5,6,4,0,0,0,1
gen_03460,5,-7.327,ok,1,0,0,1,4,5,5,0,0,0,0
gen_03461,1,-7.456,ok,0,0,1,1,3,6,2,0,0,0,0
gen_03461,2,-7.447,ok,0,0,1,1,3,6,2,0,0,0,0
gen_03461,3,-7.326,ok,0,0,0,1,3,7,3,0,0,0,0
gen_03462,1,-8.149,ok,0,0,0,1,0,2,3,0,0,0,0
gen_03462,2,-8.109,ok,0,0,0,1,0,3,3,0,0,0,0
gen_03462,3,-8.084,ok,0,0,0,1,0,2,3,0,0,0,0
gen_03462,4,-8.076,ok,0,0,0,1,0,2,3,0,0,0,1
gen_03462,5,-8.071,ok,0,0,0,1,0,2,2,0,0,0,0
gen_03462,6,-8.065,ok,0,0,0,1,0,2,2,0,0,0,0
gen_03462,7,-8.057,ok,0,0,0,1,0,2,3,0,0,0,0
gen_03463,1,-7.023,ok,1,0,0,1,5,3,2,0,0,0,0
gen_03463,2,-6.944,ok,1,0,0,1,5,3,2,0,0,0,0
gen_03464,1,-7.814,ok,1,0,0,1,4,4,4,0,0,0,0
gen_03464,2,-7.781,ok,1,0,0,1,4,5,4,0,0,0,0
gen_03464,3,-7.775,ok,1,0,0,1,4,4,4,0,0,0,0
gen_03464,4,-7.737,ok,1,0,0,1,5,3,5,0,0,0,0
gen_03464,5,-7.722,ok,1,0,0,1,4,4,4,0,0,0,0
gen_03464,6,-7.717,ok,1,0,0,1,5,3,5,0,0,0,0
gen_03465,1,-7.186,ok,0,0,1,0,3,0,0,1,0,0,0
gen_03465,2,-7.146,ok,0,0,1,0,3,0,0,1,0,0,0
gen_03466,1,-76.662,ok,0,0,0,0,0,0,0,0,0,0,0
gen_03466,2,-76.293,ok,0,0,0,1,0,0,1,0,0,0,0
gen_03466,3,-73.171,ok,0,0,0,0,0,0,0,0,0,0,0
gen_03466,4,-67.813,ok,0,0,0,0,0,2,0,0,0,0,0
gen_03467,1,-6.697,ok,0,0,1,0,3,1,4,1,0,0,0
gen_03467,2,-6.679,ok,1,0,1,0,4,2,4,1,0,0,0
gen_03467,3,-6.664,ok,0,0,1,0,3,1,4,1,0,0,0
gen_03467,4,-6.656,ok,1,0,1,0,4,3,4,1,0,0,0
gen_03467,5,-6.642,ok,0,0,0,0,3,5,0,0,0,0,0
gen_03467,6,-6.604,ok,1,0,1,0,4,2,4,1,0,0,0
gen_03467,7,-6.567,ok,0,0,1,0,3,4,1,0,0,0,0
gen_03467,8,-6.525,ok,0,0,1,0,3,2,4,1,0,0,0
gen_03468,1,-7.294,ok,1,0,1,0,4,3,3,1,0,0,0
gen_03468,2,-7.214,ok,1,0,0,1,4,5,2,1,1,0,0
gen_03468,3,-7.195,ok,1,0,0,1,4,5,1,1,1,0,0
gen_03468,4,-7.177,ok,1,1,0,1,4,7,1,1,1,0,0
gen_03468,5,-7.08,ok,1,0,0,1,4,5,1,1,1,0,0
gen_03469,1,-8.233,ok,1,0,0,1,4,4,3,0,0,0,0
gen_03469,2,-8.228,ok,1,0,0,1,4,4,3,0,0,0,0
gen_03469,3,-8.154,ok,1,0,0,1,4,5,3,0,0,0,0
gen_03470,1,-7.79,ok,0,0,0,1,3,4,3,0,0,0,0
gen_03471,1,-8.545,ok,0,0,0,1,3,5,5,0,1,0,0
gen_03471,2,-8.539,ok,0,0,0,1,3,5,5,0,1,0,0
gen_03471,3,-8.508,ok,0,0,0,1,3,7,3,0,1,0,0
gen_03471,4,-8.499,ok,0,0,0,1,3,6,3,0,1,0,0
gen_03471,5,-8.428,ok,0,0,0,1,3,6,3,0,1,0,0
gen_03471,6,-8.421,ok,0,0,0,1,3,6,3,0,1,0,0
gen_03471,7,-8.419,ok,0,0,0,1,3,6,5,0,1,0,0
gen_03472,1,-6.901,ok,1,0,0,1,4,0,1,0,0,0,0
gen_03472,2,-6.861,ok,0,0,0,1,3,0,2,0,0,0,0
gen_03473,1,-7.44,ok,1,0,0,1,4,5,3,1,0,0,0
gen_03473,2,-7.317,ok,1,0,0,1,4,5,3,1,0,0,0
gen_03474,1,-8.48,ok,1,0,1,1,4,5,3,0,0,0,1
gen_03474,2,-8.413,ok,1,0,1,1,4,5,3,0,0,0,1
gen_03475,1,-7.052,ok,1,0,1,1,4,7,2,0,0,0,0
gen_03476,1,-7.347,ok,1,0,1,0,4,1,0,0,0,0,0
gen_03476,2,-7.317,ok,1,0,1,0,4,1,0,0,0,0,0
gen_03477,1,-7.831,ok,1,0,1,0,4,7,1,1,0,0,0
gen_03477,2,-7.82,ok,0,0,1,0,3,5,1,1,0,0,0
gen_03477,3,-7.645,ok,1,0,1,0,4,6,2,1,0,0,0
gen_03477,4,-7.339,ok,1,0,1,1,4,8,1,0,0,0,0
gen_03478,1,-7.548,ok,1,0,1,1,4,5,1,2,0,0,0
gen_03478,2,-7.511,ok,1,0,1,1,4,5,1,2,0,0,0
gen_03478,3,-7.421,ok,1,0,1,1,4,5,1,2,0,0,0
gen_03478,4,-7.341,ok,0,0,1,1,3,5,4,0,0,0,0
gen_03478,5,-7.338,ok,0,0,1,1,3,5,4,0,0,0,0
gen_03479,1,-7.69,ok,1,0,0,1,4,6,2,1,0,0,0
gen_03479,2,-7.671,ok,1,0,0,1,4,5,2,1,0,0,0
gen_03480,1,-7.817,ok,1,0,0,1,4,8,1,1,1,0,0
gen_03480,2,-7.74,ok,1,0,0,1,4,8,2,1,1,0,0
gen_03480,3,-7.702,ok,1,0,0,1,4,7,2,1,1,0,0
gen_03480,4,-7.677,ok,1,0,0,1,4,8,1,1,1,0,0
gen_03480,5,-7.662,ok,1,0,0,1,4,8,2,1,1,0,0
gen_03480,6,-7.654,ok,1,0,0,1,4,6,2,1,1,0,0
gen_03480,7,-7.404,ok,1,0,0,0,4,8,0,0,1,0,0
gen_03481,1,-7.693,ok,0,0,1,1,3,5,2,1,0,0,0
gen_03481,2,-7.633,ok,0,0,1,1,3,5,2,1,0,0,0
gen_03482,1,-7.333,ok,1,0,0,1,4,5,2,1,0,0,0
gen_03482,2,-7.313,ok,1,0,1,1,4,7,4,0,0,0,2
gen_03482,3,-7.296,ok,1,0,1,1,4,7,4,0,0,0,2
gen_03483,1,-6.549,ok,1,0,1,1,4,5,2,0,0,0,0
gen_03483,2,-6.486,ok,1,0,0,0,4,6,1,0,0,0,0
gen_03484,1,-7.173,ok,0,0,1,1,0,4,1,1,0,0,0
gen_03484,2,-7.158,ok,0,0,1,1,0,4,1,1,0,0,0
gen_03485,1,-6.594,ok,1,0,0,1,4,5,1,0,0,0,0
gen_03485,2,-6.555,ok,1,0,0,1,4,5,1,0,0,0,0
gen_03485,3,-6.543,ok,1,0,0,1,4,5,1,0,0,0,0
gen_03486,1,-8.198,ok,1,0,0,1,4,6,3,0,1,0,0
gen_03487,1,-7.106,ok,0,0,0,0,3,1,0,0,0,0,0
gen_03488,1,-7.465,ok,1,0,0,1,5,3,4,0,0,0,0
gen_03488,2,-7.451,ok,1,0,0,1,5,3,4,0,0,0,0
gen_03488,3,-7.45,ok,1,0,0,1,5,3,4,0,0,0,0
gen_03488,4,-7.432,ok,1,0,0,1,5,3,4,0,0,0,0
gen_03488,5,-7.426,ok,1,0,0,1,5,3,4,0,0,0,0
gen_03488,6,-7.424,ok,1,0,0,1,5,3,4,0,0,0,0
gen_03488,7,-7.421,ok,1,0,0,1,5,3,4,0,0,0,0
gen_03489,1,-7.5,ok,0,0,1,1,3,5,2,1,0,0,0
gen_03489,2,-7.465,ok,0,0,1,0,3,5,1,1,0,0,0
gen_03489,3,-7.356,ok,0,0,1,0,0,6,1,1,0,0,0
gen_03489,4,-7.348,ok,0,0,1,0,3,5,1,1,0,0,0
gen_03489,5,-7.33,ok,0,0,1,1,3,5,2,1,0,0,0
gen_03489,6,-7.285,ok,0,0,1,1,3,6,2,0,0,0,0
gen_03489,7,-7.278,ok,0,0,1,1,3,5,2,1,0,0,0
gen_03489,8,-7.143,ok,0,0,1,1,3,6,2,0,0,0,0
gen_03490,1,-6.694,ok,1,0,0,1,4,6,1,1,0,0,0
gen_03490,2,-6.683,ok,1,0,0,1,4,5,1,1,0,0,0
gen_03490,3,-6.679,ok,1,0,0,1,4,6,1,1,0,0,0
gen_03490,4,-6.634,ok,1,0,0,1,4,5,1,1,0,0,0
gen_03491,1,-7.143,ok,1,0,0,1,4,7,2,0,0,0,0
gen_03491,2,-7.137,ok,0,1,0,1,3,6,3,0,0,0,0
gen_03491,3,-7.1,ok,1,0,0,1,4,7,2,0,0,0,0
gen_03491,4,-7.086,ok,1,0,0,1,4,6,2,0,0,0,0
gen_03491,5,-7.07,ok,1,1,0,1,4,6,3,0,0,0,0
gen_03491,6,-7.055,ok,1,1,0,1,4,6,3,0,0,0,0
gen_03491,7,-7.05,ok,1,0,1,1,4,6,3,0,0,0,1
gen_03491,8,-7.008,ok,1,0,1,1,4,6,3,0,0,0,1
gen_03491,9,-7.007,ok,1,0,1,1,4,6,3,0,0,0,1
gen_03491,10,-7.0,ok,1,0,0,1,4,6,2,0,0,0,1
gen_03491,11,-6.959,ok,0,1,0,1,3,6,2,0,0,0,1
gen_03492,1,-8.033,ok,1,0,0,1,4,5,2,0,0,0,0
gen_03492,2,-8.004,ok,1,0,0,1,4,5,2,0,0,0,0
gen_03493,1,-6.58,ok,1,0,0,1,4,6,2,1,0,0,0
gen_03493,2,-6.48,ok,1,0,0,1,4,5,3,0,0,0,0
gen_03494,1,-7.642,ok,1,0,0,1,4,6,3,0,0,0,0
gen_03494,2,-7.603,ok,1,0,0,1,4,6,5,1,0,0,1
gen_03494,3,-7.581,ok,1,0,0,1,4,7,3,0,0,0,0
gen_03494,4,-7.572,ok,1,0,0,1,4,7,3,0,0,0,0
gen_03494,5,-7.567,ok,1,0,0,1,4,6,3,0,0,0,0
gen_03495,1,-6.803,ok,0,0,0,1,3,1,5,0,1,0,0
gen_03495,2,-6.8,ok,0,0,1,1,3,0,6,0,1,0,0
gen_03495,3,-6.746,ok,0,0,1,1,3,0,6,0,1,0,0
gen_03495,4,-6.726,ok,0,0,1,1,3,0,5,0,1,0,0
gen_03495,5,-6.547,ok,1,0,0,1,5,3,4,0,0,0,0
gen_03495,6,-6.503,ok,0,0,0,1,3,0,3,0,1,0,0
gen_03495,7,-6.496,ok,0,0,1,1,3,0,4,0,1,0,0
gen_03495,8,-6.487,ok,1,0,0,1,5,3,3,0,0,0,0
gen_03496,1,-8.113,ok,1,0,0,1,5,1,2,0,0,0,0
gen_03496,2,-8.101,ok,1,0,0,1,5,1,2,0,0,0,0
gen_03496,3,-8.095,ok,1,0,0,1,5,1,2,0,0,0,0
gen_03496,4,-8.085,ok,1,0,0,1,5,1,2,0,0,0,0
gen_03497,1,-7.095,ok,1,0,0,1,4,4,1,1,0,0,0
gen_03497,2,-7.016,ok,1,0,0,1,4,5,1,1,0,0,0
gen_03498,1,-6.739,ok,1,0,1,0,4,3,4,1,0,0,0
gen_03498,2,-6.722,ok,1,0,1,0,4,3,4,1,0,0,0
gen_03498,3,-6.721,ok,1,0,1,0,4,2,4,1,0,0,0
gen_03498,4,-6.72,ok,1,0,1,0,4,3,4,1,0,0,0
gen_03498,5,-6.642,ok,1,0,1,0,4,2,4,1,0,0,0
gen_03499,1,-7.496,ok,1,0,1,0,4,5,3,1,0,0,0
gen_03499,2,-7.486,ok,1,0,1,0,4,3,3,1,0,0,0
gen_03499,3,-7.475,ok,1,0,1,0,4,3,3,1,0,0,0
gen_03499,4,-7.455,ok,1,0,1,0,4,5,3,1,0,0,0
gen_03499,5,-7.381,ok,1,0,1,1,5,3,5,0,0,0,0
gen_03499,6,-7.282,ok,0,0,0,1,3,5,3,0,0,0,0
gen_03499,7,-7.209,ok,1,0,0,1,4,6,3,0,0,0,0
gen_03499,8,-7.176,ok,1,0,0,1,4,6,4,1,0,0,0
gen_03499,9,-7.154,ok,1,0,1,1,4,6,4,1,0,0,0
gen_03499,10,-7.003,ok,1,0,1,1,4,5,4,1,0,0,0
gen_03500,1,-7.449,ok,0,0,0,1,3,5,3,0,0,0,0
gen_03500,2,-7.333,ok,0,0,0,1,0,5,3,0,0,0,0
gen_03500,3,-7.212,ok,0,0,0,1,0,5,3,0,0,0,0
gen_03501,1,-7.824,ok,1,0,0,1,4,6,3,0,0,0,0
gen_03501,2,-7.797,ok,1,0,0,0,4,6,3,0,0,0,0
gen_03501,3,-7.767,ok,1,0,1,0,4,5,1,1,0,0,0
gen_03501,4,-7.712,ok,1,0,0,0,4,5,3,0,0,0,0
gen_03502,1,-7.09,ok,1,0,1,0,4,7,1,0,0,0,0
gen_03502,2,-7.025,ok,1,0,1,0,4,7,2,0,0,0,0
gen_03502,3,-6.993,ok,1,0,1,0,4,7,2,0,0,0,0
gen_03502,4,-6.993,ok,1,0,1,0,4,6,1,0,0,0,0
gen_03503,1,-8.941,ok,1,1,1,1,4,7,2,2,0,0,0
gen_03503,2,-8.88,ok,1,1,1,1,4,6,2,2,0,0,0
gen_03503,3,-8.822,ok,1,1,1,1,4,7,2,2,0,0,0
gen_03503,4,-8.786,ok,1,1,1,1,4,7,2,2,0,0,0
gen_03503,5,-8.623,ok,1,1,1,1,4,6,2,1,1,0,0
gen_03503,6,-8.596,ok,1,1,1,1,4,6,2,1,1,0,0
gen_03503,7,-8.596,ok,1,1,1,1,4,7,2,1,1,0,0
gen_03503,8,-8.581,ok,1,1,1,1,4,7,2,1,1,0,0
gen_03504,1,-7.53,ok,1,0,0,1,4,6,4,0,0,0,0
gen_03504,2,-7.53,ok,1,0,0,1,4,5,4,0,0,0,0
gen_03504,3,-7.526,ok,1,0,0,1,4,5,4,0,0,0,0
gen_03504,4,-7.501,ok,1,0,0,1,4,5,4,0,0,0,0
gen_03504,5,-7.501,ok,1,0,0,1,4,6,3,0,0,0,0
gen_03504,6,-7.479,ok,1,0,0,1,4,5,3,0,0,0,0
gen_03504,7,-7.443,ok,1,0,0,1,4,5,4,0,0,0,0
gen_03504,8,-7.327,ok,1,0,1,1,4,7,2,0,0,0,0
gen_03505,1,-7.815,ok,1,0,0,1,4,2,4,0,0,0,0
gen_03505,2,-7.797,ok,1,0,0,1,4,2,3,0,0,0,0
gen_03505,3,-7.777,ok,1,0,0,1,4,2,1,0,0,0,0
gen_03505,4,-7.728,ok,1,0,1,1,4,5,1,0,0,0,0
gen_03505,5,-7.726,ok,1,0,0,1,4,1,1,0,0,0,0
gen_03505,6,-7.724,ok,1,0,0,1,4,2,3,0,0,0,0
gen_03505,7,-7.719,ok,1,0,0,1,4,3,2,0,0,0,0
gen_03505,8,-7.708,ok,1,0,0,1,4,3,2,0,0,0,0
gen_03505,9,-7.681,ok,1,0,0,1,4,3,2,0,0,0,0
gen_03505,10,-7.673,ok,1,0,0,1,4,2,2,0,0,0,0
gen_03505,11,-7.662,ok,1,0,0,1,4,1,1,0,0,0,0
gen_03506,1,-7.598,ok,0,0,0,1,3,4,5,0,0,0,0
gen_03506,2,-7.595,ok,0,0,0,1,3,5,5,0,0,0,0
gen_03506,3,-7.546,ok,0,0,0,1,3,4,5,0,0,0,0
gen_03506,4,-7.523,ok,0,0,0,1,3,4,5,0,0,0,0
gen_03506,5,-7.449,ok,1,0,0,1,4,6,3,0,0,0,0
gen_03506,6,-7.373,ok,1,0,0,1,4,6,4,0,0,0,0
gen_03506,7,-7.346,ok,1,0,0,1,4,6,4,0,0,0,0
gen_03506,8,-7.256,ok,0,0,0,1,3,0,3,0,0,0,0
gen_03507,1,-7.218,ok,0,0,1,0,3,3,1,1,0,0,0
gen_03507,2,-7.196,ok,0,0,1,0,3,4,1,1,0,0,0
gen_03507,3,-7.196,ok,0,0,1,0,3,4,1,1,0,0,0
gen_03507,4,-7.146,ok,0,0,0,1,3,5,1,0,0,0,0
gen_03507,5,-7.12,ok,0,0,0,1,3,5,1,0,0,0,0
gen_03508,1,-7.307,ok,1,0,0,1,4,3,2,1,0,0,0
gen_03508,2,-7.268,ok,1,0,0,1,4,4,1,1,0,0,0
gen_03509,1,-7.38,ok,1,0,1,0,4,3,3,1,0,0,0
gen_03509,2,-7.234,ok,0,0,0,1,0,1,4,0,0,0,0
gen_03510,1,-7.151,ok,1,0,0,1,4,5,3,0,0,0,0
gen_03510,2,-7.051,ok,1,0,0,1,4,5,3,0,0,0,0
gen_03511,1,-8.135,ok,1,0,1,1,4,6,2,0,0,0,0
gen_03511,2,-8.105,ok,1,0,1,1,4,6,2,0,0,0,0
gen_03512,1,-7.736,ok,1,0,1,1,4,9,3,0,0,0,0
gen_03512,2,-7.514,ok,1,0,0,1,5,4,3,0,0,0,0
gen_03512,3,-7.507,ok,1,0,1,1,4,7,2,0,0,0,0
gen_03512,4,-7.489,ok,1,0,0,1,4,6,4,0,0,0,0
gen_03512,5,-7.483,ok,1,0,0,1,4,7,1,1,0,0,0
gen_03512,6,-7.477,ok,1,0,0,1,4,6,4,0,0,0,0
gen_03512,7,-7.473,ok,1,0,0,1,5,4,3,0,0,0,0
gen_03512,8,-7.451,ok,1,0,0,1,4,6,1,1,0,0,0
gen_03512,9,-7.447,ok,1,0,0,1,5,4,4,0,0,0,0
gen_03512,10,-7.392,ok,1,0,0,1,4,6,4,0,0,0,0
gen_03512,11,-7.371,ok,1,0,0,1,4,7,1,1,0,0,0
gen_03512,12,-7.348,ok,1,0,0,1,4,7,3,0,0,0,0
gen_03513,1,-7.686,ok,0,0,0,1,3,7,1,0,0,0,0
gen_03513,2,-7.659,ok,0,0,1,0,3,4,4,0,0,0,0
gen_03513,3,-7.623,ok,1,0,0,1,4,0,5,0,1,0,0
gen_03513,4,-7.619,ok,0,0,0,1,3,7,1,0,0,0,0
gen_03513,5,-7.616,ok,0,0,0,1,3,7,1,0,0,0,0
gen_03513,6,-7.575,ok,0,0,1,0,3,4,4,0,0,0,0
gen_03513,7,-7.539,ok,0,0,1,0,3,4,5,0,0,0,0
gen_03513,8,-7.523,ok,0,0,1,0,3,4,5,0,0,0,0
gen_03513,9,-7.509,ok,1,0,0,1,4,6,1,0,0,0,0
gen_03514,1,-7.413,ok,1,0,0,1,4,7,3,0,0,0,0
gen_03514,2,-7.347,ok,1,0,0,1,4,6,3,0,0,0,0
gen_03514,3,-7.31,ok,1,0,0,1,4,5,3,0,0,0,0
gen_03514,4,-7.029,ok,1,0,0,1,4,7,3,0,0,0,0
gen_03515,1,-7.29,ok,1,0,0,1,4,5,2,0,0,0,0
gen_03515,2,-7.281,ok,1,0,0,1,4,5,2,0,0,0,0
gen_03515,3,-7.274,ok,1,0,0,1,4,5,2,0,0,0,0
gen_03515,4,-7.233,ok,1,0,0,1,4,5,2,0,0,0,0
gen_03516,1,-7.159,ok,1,0,1,1,5,4,3,0,0,0,0
gen_03516,2,-7.157,ok,1,0,1,1,5,4,3,0,0,0,0
gen_03516,3,-7.142,ok,1,0,1,1,5,3,3,0,0,0,0
gen_03516,4,-7.141,ok,1,0,1,1,5,4,3,0,0,0,0
gen_03516,5,-7.109,ok,1,0,1,1,5,3,2,0,0,0,0
gen_03517,1,-7.443,ok,1,0,0,0,4,7,1,0,0,0,0
gen_03517,2,-7.418,ok,1,1,0,0,4,7,1,0,0,0,0
gen_03517,3,-7.409,ok,1,0,0,0,4,7,0,0,0,0,0
gen_03517,4,-7.406,ok,1,0,0,0,4,7,1,0,0,0,0
gen_03517,5,-7.393,ok,1,0,0,0,4,7,1,0,0,0,0
gen_03518,1,-7.445,ok,1,0,0,1,4,6,2,0,0,0,0
gen_03518,2,-7.439,ok,1,0,0,1,4,6,2,0,0,0,0
gen_03518,3,-7.392,ok,1,0,0,1,5,6,3,0,0,0,0
gen_03518,4,-7.344,ok,1,0,0,1,5,6,2,0,0,0,0
gen_03518,5,-7.319,ok,1,0,0,1,4,5,1,0,0,0,1
gen_03519,1,-6.848,ok,0,0,1,1,3,5,3,0,0,0,0
gen_03519,2,-6.804,ok,0,0,1,1,3,5,4,0,0,0,0
gen_03519,3,-6.658,ok,1,0,0,1,4,6,1,0,0,0,0
gen_03519,4,-6.652,ok,1,0,0,1,4,6,2,0,0,0,0
gen_03519,5,-6.611,ok,1,0,0,1,4,6,2,0,0,0,0
gen_03519,6,-6.589,ok,1,0,0,1,4,6,2,0,0,0,0
gen_03519,7,-6.443,ok,1,0,1,1,4,6,3,0,0,0,0
gen_03520,1,-8.157,ok,1,0,0,1,4,4,4,0,0,0,1
gen_03520,2,-8.149,ok,1,0,0,1,4,5,4,0,0,0,1
gen_03520,3,-8.138,ok,1,0,0,1,4,5,5,0,0,0,1
gen_03520,4,-8.131,ok,1,0,0,1,4,5,4,0,0,0,1
gen_03520,5,-7.176,ok,0,0,0,0,0,2,1,0,0,0,0
gen_03521,1,-8.524,ok,1,0,1,1,4,3,3,0,0,0,0
gen_03521,2,-8.472,ok,0,0,1,1,3,4,4,0,0,0,0
gen_03521,3,-8.456,ok,0,0,1,1,3,3,3,0,0,0,0
gen_03521,4,-8.369,ok,0,0,0,1,3,4,3,0,0,0,0
gen_03521,5,-8.286,ok,1,0,1,1,4,4,3,0,0,0,0
gen_03521,6,-8.256,ok,0,0,0,1,3,4,3,0,0,0,1
gen_03521,7,-8.229,ok,0,0,0,1,3,3,2,0,0,0,0
gen_03521,8,-8.225,ok,1,0,1,1,4,3,4,0,0,0,0
gen_03521,9,-8.206,ok,1,0,1,1,4,3,3,0,0,0,0
gen_03521,10,-8.2,ok,0,0,0,1,3,3,2,0,0,0,0
gen_03521,11,-8.199,ok,1,0,0,1,4,4,3,0,0,0,0
gen_03521,12,-8.163,ok,0,0,0,1,3,3,2,0,0,0,0
gen_03521,13,-8.148,ok,0,0,1,1,3,4,4,0,0,0,2
gen_03521,14,-8.08,ok,0,0,0,1,3,4,3,0,0,0,0
gen_03521,15,-8.056,ok,1,0,1,0,4,7,1,1,0,0,0
gen_03522,1,-7.133,ok,1,0,1,0,4,5,0,1,0,0,0
gen_03522,2,-7.128,ok,1,0,1,0,4,5,0,1,0,0,0
gen_03522,3,-7.114,ok,1,0,1,0,4,5,0,1,0,0,0
gen_03522,4,-7.109,ok,1,0,1,0,4,6,2,0,0,0,0
gen_03522,5,-7.076,ok,1,0,1,0,4,6,1,0,0,0,0
gen_03522,6,-7.042,ok,1,0,1,0,4,5,1,0,0,0,0
gen_03522,7,-7.015,ok,1,0,1,0,4,6,1,0,0,0,0
gen_03522,8,-6.953,ok,1,0,1,0,4,4,2,0,0,0,0
gen_03523,1,-7.338,ok,1,0,1,0,4,5,2,1,0,0,0
gen_03523,2,-7.334,ok,1,0,0,0,4,5,1,2,0,0,0
gen_03523,3,-7.322,ok,1,0,1,0,4,6,2,1,0,0,0
gen_03523,4,-7.283,ok,1,0,1,1,5,3,2,1,0,0,0
gen_03523,5,-7.246,ok,1,0,0,0,4,6,1,2,0,0,0
gen_03524,1,-7.365,ok,1,0,0,1,4,5,4,0,0,0,0
gen_03524,2,-7.331,ok,1,0,0,1,4,5,4,0,0,0,0
gen_03525,1,-7.786,ok,0,0,1,1,3,1,3,0,0,0,0
gen_03525,2,-7.779,ok,0,0,1,1,3,1,3,0,0,0,0
gen_03525,3,-7.767,ok,0,0,1,1,3,2,3,0,0,0,0
gen_03525,4,-7.762,ok,0,0,1,1,3,2,3,0,0,0,0
gen_03526,1,-7.909,ok,0,0,1,1,3,5,1,1,0,0,0
gen_03526,2,-7.846,ok,0,0,1,1,3,5,1,1,0,0,0
gen_03526,3,-7.739,ok,0,0,1,1,3,5,1,1,0,0,0
gen_03526,4,-7.736,ok,1,0,1,1,4,5,2,0,0,0,0
gen_03526,5,-7.694,ok,1,0,0,1,4,4,2,0,0,0,0
gen_03527,1,-7.379,ok,1,0,0,1,4,6,2,0,0,0,0
gen_03527,2,-7.358,ok,1,0,1,1,4,8,2,0,0,0,0
gen_03528,1,-7.534,ok,1,0,0,1,4,6,3,0,0,0,0
gen_03528,2,-7.526,ok,1,0,0,1,4,6,2,0,0,0,0
gen_03528,3,-7.522,ok,1,0,0,1,4,6,3,0,0,0,0
gen_03528,4,-7.448,ok,1,0,0,1,4,7,2,0,0,0,0
gen_03529,1,-7.799,ok,1,0,0,1,5,7,2,0,0,0,0
gen_03530,1,-8.157,ok,1,0,0,0,4,5,0,1,0,0,0
gen_03530,2,-8.019,ok,1,0,0,1,4,6,2,1,0,0,0
gen_03531,1,-6.216,ok,1,0,0,0,4,5,1,0,0,0,0
gen_03532,1,-8.221,ok,1,0,0,1,4,6,3,1,0,0,0
gen_03533,1,-7.108,ok,1,0,0,1,4,6,3,0,0,0,0
gen_03533,2,-7.103,ok,1,0,1,1,4,6,4,1,0,0,0
gen_03533,3,-7.059,ok,1,0,0,1,4,6,3,0,0,0,0
gen_03533,4,-6.997,ok,1,0,0,1,4,5,2,1,0,0,0
gen_03534,1,-8.135,ok,1,0,0,1,4,7,2,1,1,0,0
gen_03534,2,-8.103,ok,1,0,0,1,4,7,2,1,1,0,0
gen_03534,3,-8.049,ok,1,0,0,1,4,8,2,1,2,0,0
gen_03535,1,-7.219,ok,1,0,1,1,4,6,5,0,0,0,0
gen_03535,2,-7.125,ok,1,0,1,1,4,7,4,0,0,0,0
gen_03535,3,-7.005,ok,1,0,1,1,4,6,3,0,0,0,0
gen_03535,4,-6.993,ok,1,0,1,1,4,7,5,0,0,0,0
gen_03536,1,-8.447,ok,0,0,0,1,3,5,2,0,0,0,0
gen_03536,2,-8.363,ok,0,0,0,1,3,5,2,0,0,0,0
gen_03536,3,-8.314,ok,0,0,1,1,3,6,2,0,0,0,1
gen_03537,1,-7.657,ok,1,0,0,1,4,5,3,0,0,0,0
gen_03537,2,-7.582,ok,1,0,0,1,4,5,3,0,0,0,0
gen_03538,1,-6.414,ok,0,0,1,0,3,6,1,0,0,0,0
gen_03538,2,-6.38,ok,1,0,0,0,4,6,1,1,0,0,0
gen_03538,3,-6.362,ok,1,0,1,0,4,4,1,0,0,0,0
gen_03539,1,-7.99,ok,0,0,1,0,3,1,1,0,1,0,0
gen_03539,2,-7.983,ok,0,0,1,0,3,0,1,0,1,0,0
gen_03539,3,-7.935,ok,0,0,1,1,3,0,3,0,1,0,0
gen_03539,4,-7.763,ok,0,0,0,1,3,2,2,0,0,0,0
gen_03540,1,-6.412,ok,1,0,0,1,4,5,2,0,0,0,0
gen_03540,2,-6.249,ok,1,0,0,1,4,4,2,0,0,0,0
gen_03541,1,-8.08,ok,1,0,0,1,5,5,5,0,0,0,0
gen_03541,2,-8.06,ok,1,0,1,1,5,5,6,0,0,0,0
gen_03541,3,-8.043,ok,1,0,0,1,5,5,5,0,0,0,0
gen_03541,4,-8.019,ok,1,0,1,1,5,5,6,0,0,0,0
gen_03541,5,-8.013,ok,1,0,1,1,5,5,6,0,0,0,0
gen_03541,6,-7.883,ok,1,0,0,1,4,5,5,0,0,0,0
gen_03542,1,-7.448,ok,1,0,0,1,5,4,3,0,0,0,0
gen_03542,2,-7.431,ok,1,0,0,1,4,6,5,0,0,0,0
gen_03542,3,-7.417,ok,1,0,0,1,4,6,5,0,0,0,0
gen_03542,4,-7.411,ok,1,0,0,1,4,6,5,0,0,0,0
gen_03542,5,-7.411,ok,1,0,0,1,4,5,4,0,0,0,0
gen_03542,6,-7.398,ok,1,0,0,1,4,6,5,0,0,0,0
gen_03542,7,-7.382,ok,1,0,0,1,5,4,3,0,0,0,0
gen_03542,8,-7.367,ok,1,0,0,1,4,5,5,0,0,0,0
gen_03542,9,-7.365,ok,1,0,0,1,4,5,5,0,0,0,0
gen_03542,10,-7.353,ok,1,0,0,1,4,5,5,0,0,0,0
gen_03543,1,-7.751,ok,1,0,0,1,4,6,1,0,0,0,0
gen_03543,2,-7.675,ok,1,0,0,1,4,7,1,0,0,0,0
gen_03543,3,-7.576,ok,0,0,0,1,3,4,4,0,0,0,0
gen_03543,4,-7.561,ok,0,0,0,1,3,4,4,0,0,0,0
gen_03544,1,-7.382,ok,0,0,0,1,3,5,2,0,0,0,0
gen_03544,2,-7.18,ok,1,0,0,1,4,4,1,0,0,0,0
gen_03545,1,-7.804,ok,1,0,0,1,4,6,2,0,0,0,0
gen_03546,1,-7.51,ok,1,0,0,1,4,4,3,0,0,0,0
gen_03547,1,-6.65,ok,1,0,0,0,4,6,1,0,0,0,0
gen_03548,1,-7.947,ok,1,0,0,1,4,0,5,0,0,0,0
gen_03548,2,-7.921,ok,0,0,0,1,0,1,6,0,0,0,0
gen_03548,3,-7.901,ok,1,0,0,1,4,1,5,0,0,0,0
gen_03548,4,-7.898,ok,1,0,0,1,4,0,4,0,0,0,0
gen_03548,5,-7.894,ok,0,0,0,1,0,0,6,0,0,0,0
gen_03548,6,-7.498,ok,0,0,0,1,3,1,4,0,1,0,0
gen_03548,7,-7.486,ok,0,0,0,1,3,1,3,0,1,0,0
gen_03549,1,-8.075,ok,1,0,1,1,4,5,4,0,0,0,0
gen_03549,2,-7.988,ok,1,0,1,1,4,5,4,0,0,0,0
gen_03550,1,-8.036,ok,1,0,0,1,5,3,3,0,0,0,0
gen_03550,2,-7.969,ok,1,0,0,1,5,3,4,0,0,0,0
gen_03551,1,-7.737,ok,0,0,0,1,3,0,3,0,0,0,0
gen_03551,2,-7.731,ok,0,0,0,1,3,0,2,0,0,0,0
gen_03551,3,-7.731,ok,0,0,0,1,3,0,2,0,0,0,0
gen_03551,4,-7.727,ok,0,0,0,1,3,0,2,0,0,0,0
gen_03551,5,-7.714,ok,0,0,0,1,3,0,2,0,0,0,0
gen_03551,6,-7.713,ok,0,0,0,1,3,0,2,0,0,0,0
gen_03551,7,-7.695,ok,0,0,0,1,3,0,2,0,0,0,0
gen_03552,1,-6.766,ok,1,0,0,1,4,5,2,2,0,0,0
gen_03553,1,-8.269,ok,0,0,1,1,3,6,3,1,0,0,0
gen_03553,2,-8.233,ok,0,0,1,1,3,5,3,1,0,0,0
gen_03553,3,-8.136,ok,1,0,1,1,4,6,3,1,0,0,0
gen_03553,4,-8.122,ok,0,0,1,0,3,6,2,0,0,0,0
gen_03553,5,-8.105,ok,0,0,1,0,3,6,3,0,0,0,0
gen_03553,6,-7.988,ok,1,0,1,1,4,7,4,0,0,0,1
gen_03554,1,-7.77,ok,1,0,0,1,4,5,4,0,0,0,0
gen_03554,2,-7.761,ok,1,0,0,1,4,5,3,0,0,0,0
gen_03554,3,-7.701,ok,1,0,0,1,4,5,3,0,0,0,0
gen_03554,4,-7.579,ok,0,0,1,1,0,0,5,0,0,0,0
gen_03554,5,-7.548,ok,0,0,1,1,0,0,5,0,0,0,0
gen_03554,6,-7.52,ok,0,0,1,1,0,0,5,0,0,0,0
gen_03554,7,-7.516,ok,1,0,0,1,4,6,3,0,0,0,0
gen_03555,1,-8.21,ok,1,0,1,1,4,6,1,1,0,0,0
gen_03555,2,-8.207,ok,1,0,1,1,4,6,1,1,0,0,0
gen_03555,3,-8.144,ok,1,0,1,1,4,6,1,1,0,0,0
gen_03556,1,-8.317,ok,1,0,1,0,4,7,6,1,0,0,1
gen_03556,2,-8.283,ok,1,0,1,0,4,7,5,1,0,0,1
gen_03556,3,-8.24,ok,1,0,1,0,4,8,6,1,0,0,1
gen_03556,4,-8.165,ok,1,0,1,0,4,8,4,1,0,0,0
gen_03556,5,-8.146,ok,1,0,1,0,4,7,6,1,0,0,0
gen_03556,6,-8.122,ok,1,0,1,0,4,7,5,1,0,0,0
gen_03556,7,-8.092,ok,0,0,1,0,3,8,5,1,0,0,1
gen_03556,8,-8.059,ok,1,0,1,0,4,7,5,1,0,0,0
gen_03556,9,-8.033,ok,1,0,1,0,4,6,5,1,0,0,0
gen_03556,10,-8.017,ok,1,0,1,0,4,7,5,1,0,0,0
gen_03556,11,-7.631,ok,0,0,0,1,3,5,2,1,0,0,0
gen_03556,12,-7.512,ok,0,0,0,1,0,3,1,1,1,0,0
gen_03557,1,-7.024,ok,0,0,1,1,3,2,2,0,0,0,0
gen_03558,1,-7.847,ok,1,0,1,1,4,6,4,1,0,0,0
gen_03558,2,-7.796,ok,1,0,1,1,4,5,4,1,0,0,0
gen_03559,1,-7.73,ok,1,0,1,1,5,4,4,0,1,0,0
gen_03559,2,-7.726,ok,1,0,0,1,4,7,2,1,2,0,0
gen_03559,3,-7.72,ok,1,0,0,1,4,7,2,1,2,0,0
gen_03559,4,-7.692,ok,1,0,1,1,5,4,3,0,2,0,0
gen_03559,5,-7.686,ok,1,0,1,1,5,4,4,0,1,0,0
gen_03560,1,-7.251,ok,1,0,1,1,4,7,3,0,0,0,0
gen_03560,2,-7.224,ok,1,0,1,1,4,7,3,0,0,0,0
gen_03561,1,-7.768,ok,1,0,0,1,4,6,1,0,0,0,0
gen_03562,1,-7.198,ok,1,0,1,0,4,5,2,0,0,0,1
gen_03562,2,-7.166,ok,1,0,1,0,4,5,2,0,0,0,1
gen_03562,3,-7.142,ok,1,0,1,0,4,5,2,0,0,0,0
gen_03562,4,-7.126,ok,0,0,0,1,0,2,2,0,0,0,1
gen_03562,5,-7.114,ok,0,0,0,1,0,2,1,1,0,0,1
gen_03562,6,-7.092,ok,1,0,1,0,4,5,2,0,0,0,1
gen_03562,7,-7.077,ok,0,0,0,1,0,2,2,0,0,0,1
gen_03563,1,-7.062,ok,0,0,1,1,3,4,4,0,0,0,0
gen_03563,2,-7.058,ok,1,0,0,1,4,6,1,0,0,0,0
gen_03563,3,-7.058,ok,1,0,1,1,4,6,2,0,0,0,0
gen_03563,4,-7.046,ok,0,0,0,1,0,3,2,0,0,0,0
gen_03563,5,-7.044,ok,1,0,1,1,4,5,2,0,0,0,0
gen_03563,6,-7.031,ok,0,0,0,1,0,2,2,0,0,0,0
gen_03563,7,-7.008,ok,1,0,0,1,4,6,1,0,0,0,0
gen_03563,8,-6.993,ok,1,0,0,0,4,5,1,0,0,0,0
gen_03564,1,-7.891,ok,0,0,1,1,3,5,6,0,0,0,0
gen_03564,2,-7.873,ok,0,0,1,1,3,5,4,0,0,0,0
gen_03564,3,-7.793,ok,0,0,1,1,3,5,5,0,0,0,0
gen_03564,4,-7.742,ok,0,0,1,1,3,5,5,0,0,0,0
gen_03564,5,-7.617,ok,0,0,1,1,3,5,4,0,0,0,0
gen_03564,6,-7.616,ok,0,0,1,1,3,4,3,0,0,0,0
gen_03564,7,-7.61,ok,1,0,0,1,5,4,4,0,0,0,0
gen_03564,8,-7.6,ok,0,0,1,1,3,3,4,0,0,0,0
gen_03564,9,-7.42,ok,1,0,0,1,5,4,4,0,0,0,0
gen_03565,1,-7.439,ok,0,0,0,1,3,5,2,0,0,0,0
gen_03565,2,-7.348,ok,0,0,0,1,3,5,1,0,0,0,0
gen_03565,3,-7.162,ok,0,0,1,1,3,7,4,0,0,0,0
gen_03565,4,-7.145,ok,0,0,1,1,3,7,4,0,0,0,0
gen_03565,5,-7.086,ok,0,0,1,1,3,6,4,0,0,0,0
gen_03565,6,-7.076,ok,1,0,1,1,4,7,4,0,0,0,0
gen_03566,1,-7.082,ok,1,0,0,1,4,4,3,0,0,0,0
gen_03566,2,-7.065,ok,1,0,0,1,4,4,3,0,0,0,0
gen_03566,3,-7.043,ok,1,0,0,1,4,4,3,0,0,0,0
gen_03566,4,-7.028,ok,1,0,0,1,4,4,3,0,0,0,0
gen_03567,1,-7.249,ok,1,0,0,1,5,6,1,0,0,0,0
gen_03568,1,-7.998,ok,1,0,0,1,4,6,4,0,0,0,0
gen_03568,2,-7.834,ok,1,0,0,1,4,5,4,0,0,0,0
gen_03569,1,-7.146,ok,1,0,1,1,4,6,3,0,0,0,0
gen_03569,2,-7.077,ok,1,0,1,1,4,6,3,0,0,0,0
gen_03569,3,-6.997,ok,1,0,1,1,4,6,3,0,0,0,0
gen_03570,1,-7.257,ok,1,0,0,1,4,5,4,0,0,0,0
gen_03571,1,-8.162,ok,1,0,0,1,4,8,2,0,0,0,0
gen_03571,2,-7.871,ok,1,0,0,1,4,8,2,0,0,0,0
gen_03571,3,-7.763,ok,0,0,0,1,3,7,2,0,0,0,0
gen_03571,4,-7.661,ok,0,0,0,1,3,7,2,0,0,0,0
gen_03571,5,-7.511,ok,0,0,0,1,3,4,1,0,1,0,0
gen_03571,6,-7.495,ok,0,0,0,0,3,5,2,0,0,0,0
gen_03571,7,-7.492,ok,0,0,0,1,3,4,1,0,1,0,0
gen_03571,8,-7.46,ok,0,0,0,1,3,4,1,0,1,0,0
gen_03571,9,-7.452,ok,0,0,0,1,3,4,1,0,1,0,0
gen_03572,1,-6.804,ok,1,0,0,1,4,6,3,0,0,0,1
gen_03572,2,-6.755,ok,1,0,0,1,4,6,3,0,0,0,1
gen_03573,1,-8.276,ok,1,0,0,1,5,4,3,0,0,0,0
gen_03573,2,-8.142,ok,1,0,0,1,4,6,4,0,0,0,0
gen_03574,1,-8.04,ok,1,1,0,1,4,7,3,0,0,0,0
gen_03574,2,-7.965,ok,0,0,0,1,3,2,3,0,0,0,0
gen_03575,1,-7.082,ok,1,0,1,1,4,5,5,0,0,0,0
gen_03575,2,-7.08,ok,1,0,0,1,4,5,4,0,0,0,0
gen_03575,3,-6.997,ok,1,0,1,1,4,5,4,0,0,0,0
gen_03575,4,-6.972,ok,1,0,1,1,4,5,4,0,0,0,0
gen_03575,5,-6.961,ok,1,0,1,1,4,5,4,0,0,0,0
gen_03575,6,-6.881,ok,1,0,1,0,4,6,2,0,0,0,0
gen_03575,7,-6.834,ok,1,0,1,0,4,6,2,0,0,0,0
gen_03575,8,-6.82,ok,1,0,1,0,4,5,2,0,0,0,0
gen_03575,9,-6.751,ok,0,0,1,1,3,5,5,0,0,0,0
gen_03575,10,-6.592,ok,1,0,1,1,4,2,6,0,0,0,0
gen_03576,1,-8.485,ok,0,0,1,1,3,8,4,0,0,0,0
gen_03576,2,-8.461,ok,0,0,1,1,3,8,4,0,0,0,0
gen_03577,1,-7.574,ok,0,0,1,0,3,2,3,1,0,0,0
gen_03577,2,-7.388,ok,1,0,1,1,4,7,3,0,0,0,0
gen_03577,3,-7.378,ok,1,0,1,1,4,7,3,0,0,0,0
gen_03577,4,-7.221,ok,1,0,1,1,4,7,2,0,0,0,0
gen_03578,1,-6.825,ok,0,0,0,1,3,5,1,0,0,0,0
gen_03578,2,-6.798,ok,0,0,0,1,3,5,1,0,0,0,0
gen_03578,3,-6.709,ok,0,0,0,0,3,6,1,0,0,0,0
gen_03578,4,-6.688,ok,0,0,0,1,3,6,1,0,0,0,0
gen_03578,5,-6.6,ok,0,0,1,1,3,5,2,0,0,0,0
gen_03578,6,-6.587,ok,0,0,1,1,3,6,2,0,0,0,0
gen_03579,1,-7.479,ok,0,0,0,1,3,6,2,0,0,0,0
gen_03579,2,-7.436,ok,0,0,0,1,3,5,2,0,0,0,0
gen_03579,3,-7.418,ok,0,0,0,1,3,6,2,0,0,0,0
gen_03580,1,-8.217,ok,0,0,0,1,0,3,3,0,1,0,0
gen_03581,1,-7.28,ok,1,0,1,1,4,5,4,0,0,0,0
gen_03581,2,-7.267,ok,1,0,1,1,4,6,4,0,0,0,0
gen_03581,3,-7.264,ok,1,0,1,1,4,6,4,0,0,0,0
gen_03582,1,-7.004,ok,0,0,0,1,0,1,5,0,0,0,0
gen_03582,2,-6.993,ok,0,0,0,1,0,2,5,0,0,0,0
gen_03582,3,-6.987,ok,0,0,0,1,0,2,5,0,0,0,0
gen_03582,4,-6.986,ok,0,0,0,1,0,2,5,0,0,0,0
gen_03582,5,-6.973,ok,0,0,0,1,0,4,4,0,0,0,0
gen_03582,6,-6.962,ok,0,0,0,1,0,4,6,0,0,0,0
gen_03582,7,-6.954,ok,0,0,0,1,0,4,6,0,0,0,0
gen_03582,8,-6.868,ok,0,0,1,1,0,3,5,0,0,0,1
gen_03582,9,-6.848,ok,0,0,1,1,0,4,5,0,0,0,0
gen_03583,1,-6.99,ok,1,0,1,1,4,5,3,0,0,0,0
gen_03584,1,-7.449,ok,0,0,0,1,3,6,2,0,0,0,0
gen_03584,2,-7.43,ok,0,0,0,1,3,4,2,0,0,0,0
gen_03585,1,-6.988,ok,1,0,0,1,5,3,3,1,0,0,0
gen_03585,2,-6.702,ok,1,0,1,0,4,6,1,0,0,0,0
gen_03586,1,-7.356,ok,0,0,0,1,3,7,1,1,0,0,0
gen_03586,2,-7.242,ok,0,0,0,1,3,1,3,0,0,0,0
gen_03586,3,-7.23,ok,0,0,0,1,3,7,2,0,0,0,0
gen_03586,4,-7.222,ok,0,0,0,1,3,1,3,0,0,0,0
gen_03586,5,-7.221,ok,0,0,1,1,3,1,3,0,0,0,0
gen_03586,6,-7.22,ok,0,0,1,1,3,1,3,0,0,0,0
gen_03586,7,-7.208,ok,0,0,1,1,3,1,3,0,0,0,0
gen_03586,8,-7.176,ok,0,0,0,1,3,1,3,0,0,0,0
gen_03586,9,-7.122,ok,0,0,1,1,3,2,2,0,0,0,0
gen_03586,10,-7.107,ok,0,0,1,0,3,4,2,0,0,0,0
gen_03587,1,-8.071,ok,1,0,0,1,5,4,5,0,1,0,0
gen_03588,1,-8.056,ok,1,0,1,1,4,5,4,0,0,0,0
gen_03588,2,-8.049,ok,1,0,1,1,4,5,4,0,0,0,0
gen_03589,1,-7.083,ok,1,0,1,0,4,6,1,0,0,0,0
gen_03589,2,-7.07,ok,1,0,1,0,4,7,1,0,0,0,1
gen_03590,1,-7.446,ok,0,0,0,1,3,1,3,0,0,0,0
gen_03590,2,-7.416,ok,0,0,0,1,3,1,2,0,0,0,0
gen_03590,3,-7.38,ok,0,0,0,1,0,3,1,0,0,0,0
gen_03590,4,-7.362,ok,0,0,0,1,3,2,3,0,0,0,0
gen_03590,5,-7.338,ok,0,0,0,1,3,4,1,0,0,0,0
gen_03590,6,-7.301,ok,1,0,0,1,4,3,2,0,0,0,0
gen_03591,1,-7.723,ok,0,0,0,1,3,5,1,0,0,0,0
gen_03591,2,-7.721,ok,0,0,0,0,3,6,0,1,0,0,0
gen_03592,1,-8.86,ok,1,0,0,1,5,4,3,0,0,0,0
gen_03592,2,-8.727,ok,1,0,0,1,5,3,3,0,0,0,0
gen_03592,3,-8.611,ok,1,0,0,1,5,3,3,0,0,0,0
gen_03592,4,-8.598,ok,1,0,0,1,5,4,3,0,0,0,0
gen_03593,1,-7.755,ok,1,0,0,1,4,4,3,0,0,0,0
gen_03593,2,-7.694,ok,1,0,0,1,4,0,4,0,0,0,0
gen_03593,3,-7.602,ok,0,0,0,1,3,1,3,0,0,0,0
gen_03594,1,-7.799,ok,1,0,0,1,4,6,3,0,0,0,0
gen_03594,2,-7.721,ok,0,0,1,1,3,7,2,0,0,0,0
gen_03594,3,-7.63,ok,0,0,1,1,3,8,1,0,0,0,0
gen_03594,4,-7.621,ok,1,0,1,1,4,7,2,0,0,0,0
gen_03595,1,-7.68,ok,1,0,1,1,5,4,5,0,0,0,0
gen_03595,2,-7.669,ok,1,0,1,1,5,4,5,0,0,0,0
gen_03595,3,-7.664,ok,1,0,0,1,5,4,3,0,0,0,0
gen_03595,4,-7.639,ok,1,0,0,1,5,4,3,0,0,0,0
gen_03596,1,-7.765,ok,0,0,1,1,3,2,2,0,0,0,0
gen_03596,2,-7.693,ok,0,0,0,1,0,2,4,0,0,0,0
gen_03596,3,-7.663,ok,0,0,0,1,0,1,4,0,0,0,0
gen_03597,1,-7.237,ok,1,0,1,1,4,2,2,0,1,0,0
gen_03597,2,-7.203,ok,1,0,1,1,4,2,2,0,1,0,0
gen_03598,1,-8.217,ok,1,1,1,1,4,6,5,0,0,0,1
gen_03598,2,-8.171,ok,1,1,1,1,4,6,5,0,0,0,1
gen_03598,3,-8.122,ok,1,1,1,1,4,6,5,0,0,0,1
gen_03598,4,-8.109,ok,1,1,1,1,4,6,4,0,0,0,1
gen_03598,5,-8.105,ok,1,1,1,1,4,7,5,0,0,0,1
gen_03598,6,-8.097,ok,0,1,1,1,3,6,5,0,0,0,1
gen_03598,7,-8.064,ok,1,1,1,1,4,6,4,0,0,0,1
gen_03598,8,-8.045,ok,1,1,1,1,4,6,6,0,0,0,1
gen_03598,9,-8.042,ok,1,1,1,1,4,6,5,0,0,0,1
gen_03598,10,-7.957,ok,1,0,1,1,4,7,3,0,0,0,0
gen_03598,11,-7.915,ok,1,1,1,1,4,7,4,0,0,0,0
gen_03598,12,-7.89,ok,1,1,1,1,4,7,4,0,0,0,0
gen_03598,13,-7.659,ok,1,1,0,0,4,7,1,0,0,0,1
gen_03598,14,-7.64,ok,0,1,0,0,0,2,1,0,0,0,0
gen_03599,1,-8.071,ok,1,0,1,0,4,5,2,1,0,0,0
gen_03599,2,-8.054,ok,1,0,1,0,4,5,3,1,0,0,0
gen_03599,3,-8.047,ok,1,0,1,0,4,5,3,1,0,0,0
gen_03599,4,-8.033,ok,1,0,1,0,4,5,3,1,0,0,0
gen_03599,5,-7.961,ok,1,0,1,0,4,5,3,1,0,0,0
gen_03599,6,-7.738,ok,1,0,1,0,4,6,3,1,0,0,0
gen_03600,1,-7.739,ok,0,0,0,1,3,5,2,0,0,0,0
gen_03601,1,-7.442,ok,1,0,0,1,4,6,4,1,1,0,0
gen_03601,2,-7.425,ok,1,0,0,1,4,6,4,1,1,0,0
gen_03601,3,-7.419,ok,1,0,0,1,4,6,2,1,1,0,0
gen_03601,4,-7.414,ok,1,0,0,1,4,6,4,1,1,0,0
gen_03601,5,-7.361,ok,1,0,0,1,4,6,4,1,1,0,0
gen_03601,6,-7.355,ok,1,0,0,1,4,6,4,1,1,0,0
gen_03601,7,-7.311,ok,1,0,0,1,4,5,2,1,1,0,0
gen_03602,1,-7.298,ok,1,0,1,0,4,7,0,0,0,0,1
gen_03603,1,-6.65,ok,1,0,0,1,4,5,2,0,0,0,0
gen_03603,2,-6.641,ok,1,0,0,1,4,6,3,0,0,0,0
gen_03603,3,-6.631,ok,1,0,0,1,4,5,1,0,0,0,0
gen_03603,4,-6.622,ok,1,0,0,1,4,4,3,0,0,0,0
gen_03603,5,-6.622,ok,1,0,0,1,4,4,2,0,0,0,0
gen_03603,6,-6.609,ok,1,0,0,1,4,6,2,0,0,0,0
gen_03603,7,-6.569,ok,1,0,0,1,4,7,2,0,0,0,0
gen_03603,8,-6.554,ok,1,0,0,1,4,6,3,0,0,0,0
gen_03604,1,-7.995,ok,1,0,1,1,4,7,2,1,0,0,0
gen_03604,2,-7.874,ok,1,0,1,1,4,6,2,1,0,0,0
gen_03604,3,-7.447,ok,0,0,1,1,3,6,2,1,0,0,0
gen_03604,4,-7.257,ok,1,0,1,1,4,7,2,1,0,0,0
gen_03605,1,-7.988,ok,1,0,0,1,4,5,3,0,0,0,0
gen_03605,2,-7.962,ok,1,0,0,1,4,6,3,0,0,0,0
gen_03605,3,-7.589,ok,1,0,0,1,4,5,3,0,0,0,0
gen_03606,1,-5.832,ok,0,0,1,1,0,2,3,0,1,0,0
gen_03606,2,-5.811,ok,0,0,0,1,3,2,2,0,0,0,0
gen_03606,3,-5.781,ok,0,0,0,0,3,0,1,0,0,0,0
gen_03606,4,-5.739,ok,0,0,0,1,3,2,4,0,0,0,0
gen_03607,1,-7.24,ok,0,0,0,1,0,2,6,0,0,0,0
gen_03607,2,-7.177,ok,0,0,0,1,0,2,4,0,0,0,0
gen_03608,1,-7.179,ok,1,0,0,1,4,4,2,0,0,0,0
gen_03608,2,-7.158,ok,1,0,0,1,4,4,2,0,0,0,0
gen_03608,3,-7.137,ok,1,0,1,1,4,4,3,0,0,0,0
gen_03609,1,-8.056,ok,1,0,0,1,4,5,4,0,0,0,0
gen_03609,2,-8.009,ok,1,0,0,1,4,5,4,0,0,0,0
gen_03609,3,-7.98,ok,1,0,0,1,4,6,4,0,0,0,0
gen_03610,1,-7.094,ok,1,0,1,0,4,5,2,0,0,0,0
gen_03610,2,-7.093,ok,1,0,1,0,4,7,1,0,0,0,0
gen_03610,3,-7.07,ok,1,0,1,0,4,7,1,0,0,0,0
gen_03610,4,-7.069,ok,1,0,1,1,4,5,3,0,0,0,0
gen_03611,1,-8.017,ok,1,0,0,1,5,6,1,1,0,0,0
gen_03611,2,-7.889,ok,1,0,1,1,4,5,3,0,0,0,0
gen_03611,3,-7.837,ok,1,0,1,1,4,5,3,0,0,0,0
gen_03611,4,-7.734,ok,1,0,1,1,4,6,3,0,0,0,0
gen_03612,1,-140.609,ok,0,0,0,0,0,0,0,0,0,0,0
gen_03612,2,-136.199,ok,0,0,0,0,0,0,0,0,0,0,0
gen_03612,3,-133.972,ok,0,0,0,0,0,0,2,0,0,0,0
gen_03613,1,-8.76,ok,1,0,0,1,5,6,3,0,0,0,0
gen_03613,2,-8.736,ok,1,0,0,1,5,6,3,0,0,0,1
gen_03613,3,-8.719,ok,1,0,0,1,5,6,3,0,0,0,1
gen_03613,4,-8.716,ok,1,0,0,1,5,6,3,0,0,0,1
gen_03613,5,-8.716,ok,1,0,0,1,5,6,3,0,0,0,1
gen_03613,6,-8.695,ok,1,0,0,1,5,6,3,0,0,0,0
gen_03613,7,-8.684,ok,1,0,0,1,5,6,3,0,0,0,0
gen_03613,8,-8.665,ok,1,0,0,1,5,6,2,0,0,0,1
gen_03613,9,-8.649,ok,1,0,0,1,5,6,3,0,0,0,0
gen_03613,10,-8.535,ok,1,0,0,1,5,6,3,0,0,0,1
gen_03613,11,-8.458,ok,1,0,0,1,5,6,3,0,0,0,1
gen_03613,12,-8.113,ok,1,0,0,1,4,5,3,0,0,0,0
gen_03613,13,-8.077,ok,1,0,0,1,5,3,3,0,0,0,0
gen_03614,1,-6.583,ok,1,0,0,1,4,7,1,0,0,0,0
gen_03615,1,-8.554,ok,1,0,1,1,5,6,2,1,0,0,0
gen_03616,1,-7.511,ok,1,0,0,1,4,5,5,0,0,0,0
gen_03616,2,-7.387,ok,1,0,0,1,4,5,5,0,0,0,0
gen_03616,3,-7.292,ok,1,0,0,1,4,4,5,0,0,0,0
gen_03616,4,-7.277,ok,1,0,0,1,4,4,5,0,0,0,0
gen_03616,5,-7.246,ok,1,0,0,1,4,4,5,0,0,0,0
gen_03616,6,-7.223,ok,1,0,0,1,4,4,5,0,0,0,0
gen_03616,7,-7.168,ok,1,0,0,1,4,4,5,0,0,0,0
gen_03617,1,-8.597,ok,1,0,0,1,4,5,5,0,0,0,0
gen_03617,2,-8.597,ok,1,0,0,1,4,5,6,0,0,0,0
gen_03617,3,-8.595,ok,1,0,0,1,4,5,5,0,0,0,0
gen_03617,4,-8.587,ok,1,0,0,1,4,5,6,0,0,0,0
gen_03617,5,-8.581,ok,1,0,0,1,4,5,5,0,0,0,0
gen_03617,6,-8.575,ok,1,0,0,1,4,5,6,0,0,0,0
gen_03618,1,-6.912,ok,1,0,1,1,4,1,4,0,0,0,0
gen_03618,2,-6.888,ok,1,0,1,1,4,1,4,0,0,0,0
gen_03618,3,-6.88,ok,1,0,1,1,4,1,3,0,0,0,0
gen_03618,4,-6.866,ok,1,0,1,1,4,1,4,0,0,0,0
gen_03619,1,-7.108,ok,1,0,0,1,4,4,1,0,0,0,0
gen_03619,2,-7.068,ok,1,0,1,1,4,4,2,1,0,0,0
gen_03619,3,-7.053,ok,1,0,0,1,4,2,1,1,0,0,0
gen_03619,4,-7.053,ok,1,0,0,1,4,2,1,1,0,0,0
gen_03619,5,-7.008,ok,1,0,1,1,4,3,2,1,0,0,0
gen_03619,6,-6.863,ok,1,0,1,1,4,4,2,0,0,0,0
gen_03620,1,-8.384,ok,1,0,0,1,4,6,6,0,0,0,0
gen_03620,2,-8.373,ok,1,0,0,1,4,6,5,0,0,0,0
gen_03620,3,-8.321,ok,1,0,0,1,4,6,7,0,0,0,0
gen_03620,4,-8.316,ok,1,0,0,1,4,6,6,0,0,0,0
gen_03621,1,-7.167,ok,1,0,0,1,4,6,2,0,0,0,0
gen_03621,2,-7.159,ok,1,0,0,1,4,5,2,0,0,0,0
gen_03621,3,-7.128,ok,1,0,0,1,4,5,2,0,0,0,0
gen_03621,4,-7.085,ok,0,0,1,1,0,2,2,1,0,0,0
gen_03621,5,-7.063,ok,0,0,1,1,0,2,2,1,0,0,0
gen_03621,6,-7.052,ok,1,0,0,1,4,6,5,0,0,0,0
gen_03621,7,-7.041,ok,0,0,0,1,3,5,5,0,0,0,0
gen_03622,1,-6.902,ok,1,0,1,0,4,6,1,0,0,0,0
gen_03623,1,-7.424,ok,1,0,0,1,4,5,3,1,0,0,0
gen_03623,2,-7.399,ok,1,0,0,1,4,5,3,1,0,0,0
gen_03623,3,-7.328,ok,1,0,0,1,4,6,2,1,0,0,0
gen_03623,4,-7.287,ok,1,0,1,1,4,6,1,1,0,0,0
gen_03623,5,-7.261,ok,0,0,0,1,0,2,3,0,0,0,0
gen_03624,1,-7.142,ok,0,0,1,1,3,2,4,0,0,0,0
gen_03624,2,-7.138,ok,0,0,1,1,3,2,4,0,0,0,0
gen_03625,1,-7.82,ok,1,0,1,1,4,7,5,0,0,0,0
gen_03625,2,-7.583,ok,1,0,1,1,4,6,4,0,0,0,0
gen_03626,1,-6.945,ok,1,0,1,0,4,4,1,1,0,0,0
gen_03626,2,-6.932,ok,1,0,1,0,4,4,1,1,0,0,0
gen_03626,3,-6.886,ok,1,0,1,0,4,4,1,1,0,0,0
gen_03626,4,-6.749,ok,1,1,0,1,4,7,3,0,0,0,0
gen_03627,1,-7.09,ok,0,0,0,1,3,4,2,0,2,0,0
gen_03627,2,-7.062,ok,0,0,0,1,3,4,2,0,2,0,0
gen_03627,3,-7.045,ok,0,0,0,1,3,2,1,0,0,0,0
gen_03627,4,-7.037,ok,0,0,0,1,3,2,1,0,0,0,0
gen_03628,1,-7.678,ok,0,0,0,1,3,0,5,0,0,0,0
gen_03628,2,-7.672,ok,0,0,0,1,3,0,5,0,0,0,0
gen_03628,3,-7.6,ok,1,0,1,0,4,4,3,0,0,0,0
gen_03628,4,-7.583,ok,1,0,1,0,4,5,3,0,0,0,0
gen_03628,5,-7.557,ok,1,0,0,1,4,7,3,0,0,0,0
gen_03628,6,-7.546,ok,1,0,1,1,4,5,4,0,0,0,0
gen_03628,7,-7.545,ok,1,0,1,0,4,5,2,0,0,0,0
gen_03628,8,-7.526,ok,1,0,1,0,4,4,3,0,0,0,0
gen_03628,9,-7.507,ok,1,0,0,1,4,7,2,0,0,0,0
gen_03628,10,-7.49,ok,1,0,0,1,4,7,2,0,0,0,0
gen_03628,11,-7.483,ok,1,0,0,1,4,7,2,0,0,0,0
gen_03628,12,-7.434,ok,1,0,1,0,4,5,3,0,0,0,0
gen_03629,1,-8.074,ok,1,0,1,1,5,3,1,1,0,0,0
gen_03629,2,-8.072,ok,1,0,1,1,5,4,1,1,0,0,0
gen_03629,3,-8.008,ok,1,0,1,1,5,4,2,1,0,0,0
gen_03630,1,-7.757,ok,0,0,0,1,3,4,1,0,0,0,0
gen_03630,2,-7.696,ok,0,0,0,1,3,4,1,0,0,0,0
gen_03630,3,-7.636,ok,0,0,0,1,3,5,1,0,0,0,0
gen_03631,1,-7.819,ok,1,0,1,1,4,4,5,1,0,0,0
gen_03631,2,-7.717,ok,1,0,1,1,4,4,5,1,0,0,0
gen_03631,3,-7.713,ok,1,0,1,1,4,5,5,1,0,0,0
gen_03631,4,-7.54,ok,1,0,0,1,4,5,1,1,0,0,0
gen_03631,5,-7.524,ok,1,0,0,1,4,5,1,1,0,0,0
gen_03631,6,-7.521,ok,1,0,0,1,4,5,1,1,0,0,0
gen_03631,7,-7.503,ok,1,0,0,1,4,5,1,1,0,0,0
gen_03632,1,-7.226,ok,1,0,0,1,4,5,3,0,0,0,0
gen_03632,2,-7.176,ok,1,0,0,1,4,5,3,0,0,0,0
gen_03632,3,-7.118,ok,0,0,0,1,0,0,3,0,1,0,0
gen_03632,4,-7.092,ok,1,0,1,1,4,5,2,0,0,0,1
gen_03632,5,-7.02,ok,1,0,0,1,5,3,2,0,0,0,0
gen_03632,6,-6.941,ok,0,0,0,1,0,2,3,0,0,0,0
gen_03633,1,-7.517,ok,1,1,0,1,4,7,1,1,0,0,0
gen_03634,1,-7.711,ok,1,0,1,0,4,6,3,0,0,0,0
gen_03634,2,-7.562,ok,1,0,1,0,4,6,3,0,0,0,0
gen_03634,3,-7.523,ok,1,0,0,1,4,1,1,0,0,0,0
gen_03634,4,-7.502,ok,1,0,0,1,4,1,3,0,0,0,0
gen_03634,5,-7.502,ok,0,0,0,1,3,2,3,0,0,0,0
gen_03635,1,-7.987,ok,0,0,0,1,0,3,1,0,0,0,0
gen_03635,2,-7.97,ok,0,0,0,1,0,3,2,0,0,0,0
gen_03635,3,-7.97,ok,0,0,0,1,0,3,2,0,0,0,0
gen_03635,4,-7.957,ok,0,0,0,1,0,3,2,0,0,0,0
gen_03636,1,-7.07,ok,1,0,1,0,4,6,2,0,0,0,0
gen_03636,2,-7.067,ok,1,0,1,0,4,6,2,0,0,0,0
gen_03636,3,-7.048,ok,1,0,1,0,4,6,2,0,0,0,0
gen_03637,1,-7.526,ok,1,0,0,1,4,5,5,2,0,0,0
gen_03637,2,-7.517,ok,1,0,0,1,4,5,5,2,0,0,0
gen_03637,3,-7.515,ok,1,0,0,1,4,6,5,2,0,0,0
gen_03637,4,-7.511,ok,1,0,0,1,4,6,5,2,0,0,0
gen_03637,5,-7.421,ok,1,0,0,1,4,5,4,1,0,0,0
gen_03637,6,-7.398,ok,1,0,0,1,4,4,4,1,0,0,0
gen_03638,1,-7.497,ok,0,0,0,1,3,5,2,0,0,0,0
gen_03638,2,-7.488,ok,0,0,0,1,3,5,2,0,0,0,0
gen_03638,3,-7.482,ok,0,0,0,1,3,5,3,0,0,0,0
gen_03638,4,-7.454,ok,0,0,0,1,3,5,4,0,0,0,0
gen_03639,1,-7.139,ok,1,0,0,1,4,6,3,0,0,0,0
gen_03639,2,-7.088,ok,1,0,0,1,4,6,3,0,0,0,0
gen_03640,1,-7.23,ok,1,0,1,1,4,7,2,0,0,0,0
gen_03640,2,-7.181,ok,1,0,1,1,4,7,2,0,0,0,0
gen_03640,3,-7.159,ok,1,0,1,1,4,8,2,0,0,0,0
gen_03640,4,-7.043,ok,1,0,1,1,4,8,2,0,0,0,0
gen_03640,5,-6.951,ok,0,0,0,0,3,5,0,0,0,0,0
gen_03640,6,-6.945,ok,1,0,0,1,4,6,2,0,0,0,0
gen_03641,1,-7.267,ok,1,0,0,1,4,5,2,0,0,0,0
gen_03641,2,-7.234,ok,1,0,0,1,4,5,1,0,0,0,0
gen_03641,3,-7.228,ok,1,0,0,1,4,6,1,0,0,0,0
gen_03641,4,-7.227,ok,1,0,1,1,4,7,2,0,0,0,0
gen_03641,5,-7.194,ok,1,0,0,1,4,6,1,0,0,0,0
gen_03641,6,-7.149,ok,1,0,1,1,4,7,2,0,0,0,0
gen_03641,7,-7.127,ok,1,0,1,1,4,5,2,0,0,0,0
gen_03641,8,-7.117,ok,1,0,1,1,4,6,2,0,0,0,0
gen_03642,1,-7.666,ok,1,0,0,1,4,5,5,0,0,0,0
gen_03642,2,-7.6,ok,1,0,0,1,4,6,4,0,0,0,0
gen_03642,3,-7.55,ok,1,0,0,1,4,5,5,0,0,0,0
gen_03643,1,-7.652,ok,1,0,1,1,4,5,5,0,0,0,0
gen_03643,2,-7.635,ok,1,0,1,1,4,5,4,0,0,0,0
gen_03643,3,-7.628,ok,1,0,1,1,4,5,3,0,0,0,0
gen_03643,4,-7.575,ok,1,0,1,1,4,5,4,0,0,0,0
gen_03643,5,-7.566,ok,1,0,1,1,4,5,5,0,0,0,0
gen_03643,6,-7.544,ok,1,0,1,1,4,5,5,0,0,0,0
gen_03643,7,-7.51,ok,1,0,1,1,4,5,3,0,0,0,0
gen_03644,1,-9.489,ok,1,0,0,1,4,6,5,0,0,0,1
gen_03644,2,-9.404,ok,1,0,0,1,4,5,5,0,0,0,1
gen_03645,1,-7.813,ok,0,0,0,1,0,2,3,0,0,0,0
gen_03645,2,-7.779,ok,0,0,0,1,0,2,3,0,0,0,0
gen_03646,1,-8.132,ok,1,0,0,0,4,5,3,0,1,0,0
gen_03646,2,-8.109,ok,0,0,0,1,3,5,4,0,1,0,0
gen_03646,3,-8.047,ok,0,0,0,1,3,5,4,0,1,0,0
gen_03647,1,-8.135,ok,1,0,0,1,4,0,4,0,0,0,0
gen_03647,2,-8.129,ok,1,0,0,1,4,0,4,0,0,0,0
gen_03647,3,-8.129,ok,1,0,0,1,4,6,5,1,0,0,0
gen_03647,4,-8.074,ok,1,0,0,1,4,6,4,1,0,0,0
gen_03647,5,-8.067,ok,1,0,0,1,4,0,4,0,0,0,0
gen_03647,6,-8.035,ok,1,0,0,1,4,6,8,0,0,0,0
gen_03647,7,-7.993,ok,1,0,0,1,4,0,4,0,0,0,0
gen_03648,1,-6.531,ok,1,0,1,1,4,6,2,0,0,0,1
gen_03648,2,-6.504,ok,1,0,1,1,4,5,2,0,0,0,1
gen_03648,3,-6.486,ok,1,0,1,1,4,5,1,0,0,0,1
gen_03648,4,-6.48,ok,1,0,1,1,4,6,2,0,0,0,1
gen_03649,1,-7.236,ok,1,0,0,1,4,6,3,0,0,0,0
gen_03649,2,-7.226,ok,1,0,0,1,4,6,3,0,0,0,0
gen_03649,3,-7.215,ok,1,0,0,1,4,5,3,0,0,0,0
gen_03649,4,-7.207,ok,1,0,0,1,4,6,3,0,0,0,0
gen_03650,1,-8.14,ok,1,0,1,0,4,5,3,0,0,0,0
gen_03650,2,-8.124,ok,1,0,1,0,4,5,3,0,0,0,0
gen_03651,1,-7.043,ok,1,0,1,0,4,2,1,0,0,0,0
gen_03651,2,-7.026,ok,1,0,0,0,4,1,0,0,0,0,0
gen_03651,3,-7.015,ok,1,0,0,0,4,3,0,0,0,0,0
gen_03651,4,-6.93,ok,1,0,0,0,4,0,1,0,1,0,0
gen_03652,1,-7.79,ok,0,0,0,1,3,6,2,0,0,0,0
gen_03652,2,-7.776,ok,0,0,1,1,3,1,4,0,1,0,0
gen_03652,3,-7.76,ok,0,0,0,0,3,6,0,0,0,0,0
gen_03653,1,-7.328,ok,1,0,0,1,4,6,1,0,0,0,0
gen_03653,2,-7.328,ok,1,0,0,1,4,7,1,0,0,0,0
gen_03653,3,-7.301,ok,1,0,0,1,4,6,4,0,0,0,0
gen_03653,4,-7.298,ok,1,0,0,1,4,5,4,0,0,0,0
gen_03654,1,-6.492,ok,1,0,0,1,4,0,3,0,0,0,0
gen_03654,2,-6.43,ok,1,0,0,1,4,0,3,0,0,0,0
gen_03655,1,-7.266,ok,1,0,0,1,4,9,1,1,0,0,0
gen_03655,2,-7.255,ok,1,0,0,1,4,9,3,1,0,0,0
gen_03655,3,-7.226,ok,1,0,0,1,4,7,1,1,0,0,0
gen_03655,4,-7.211,ok,1,0,0,1,5,8,2,0,0,0,0
gen_03655,5,-7.168,ok,0,0,0,1,3,8,1,0,0,0,0
gen_03655,6,-7.167,ok,1,1,0,1,4,7,2,0,0,0,0
gen_03655,7,-7.139,ok,1,0,1,1,4,8,2,0,0,0,0
gen_03655,8,-7.137,ok,0,0,0,1,3,8,4,0,0,0,0
gen_03655,9,-7.091,ok,1,1,1,1,4,8,2,0,0,0,0
gen_03655,10,-7.04,ok,1,0,1,1,4,8,2,0,0,0,0
gen_03655,11,-6.991,ok,1,1,1,0,4,8,1,0,0,0,0
gen_03655,12,-6.901,ok,0,1,1,0,3,2,0,0,0,0,0
gen_03656,1,-6.619,ok,1,0,0,1,4,4,1,0,0,0,0
gen_03656,2,-6.607,ok,1,0,0,1,4,3,1,0,0,0,0
gen_03656,3,-6.6,ok,1,0,0,1,4,4,1,0,0,0,0
gen_03657,1,-6.557,ok,0,0,0,1,3,7,2,0,0,0,0
gen_03657,2,-6.512,ok,1,0,0,0,4,6,0,0,1,0,0
gen_03657,3,-6.48,ok,1,0,0,0,4,6,0,0,1,0,0
gen_03657,4,-6.444,ok,1,0,0,0,4,5,0,0,1,0,0
gen_03658,1,-7.421,ok,0,0,1,0,0,2,4,1,0,0,0
gen_03658,2,-7.386,ok,0,0,1,0,0,2,4,1,0,0,0
gen_03658,3,-7.348,ok,1,0,1,1,4,3,2,0,0,0,0
gen_03658,4,-7.307,ok,1,0,1,1,4,2,2,0,0,0,0
gen_03659,1,-8.313,ok,1,0,1,0,4,5,0,1,0,0,0
gen_03659,2,-8.145,ok,1,0,1,0,4,6,0,1,0,0,0
gen_03660,1,-7.93,ok,1,0,1,1,4,3,5,0,0,0,0
gen_03660,2,-7.874,ok,1,1,1,1,4,7,1,1,0,0,0
gen_03660,3,-7.854,ok,1,1,1,1,4,7,1,1,0,0,0
gen_03660,4,-7.809,ok,1,1,1,1,4,6,1,1,0,0,0
gen_03660,5,-7.802,ok,1,1,1,1,4,6,1,1,0,0,0
gen_03660,6,-7.73,ok,1,1,1,1,4,7,1,1,0,0,0
gen_03660,7,-7.728,ok,1,1,1,1,4,6,2,1,0,0,0
gen_03660,8,-7.692,ok,1,1,1,1,4,7,1,1,0,0,0
gen_03660,9,-7.674,ok,1,1,1,1,4,6,1,1,0,0,0
gen_03661,1,-6.528,ok,1,0,0,1,5,3,2,0,0,0,0
gen_03661,2,-6.441,ok,1,0,0,1,4,1,1,0,0,0,0
gen_03662,1,-7.75,ok,0,0,0,1,3,5,1,0,0,0,0
gen_03662,2,-7.737,ok,0,0,0,1,3,5,1,0,0,0,0
gen_03663,1,-6.546,ok,1,0,0,1,4,1,3,0,0,0,0
gen_03663,2,-6.546,ok,0,0,1,1,3,1,4,0,0,0,0
gen_03663,3,-6.506,ok,1,0,0,1,4,1,3,0,0,0,0
gen_03663,4,-6.486,ok,1,0,0,1,4,1,2,0,0,0,0
gen_03663,5,-6.425,ok,1,0,0,1,4,1,2,0,0,0,0
gen_03664,1,-7.247,ok,1,0,1,1,4,5,2,1,0,0,0
gen_03664,2,-7.202,ok,1,0,1,1,4,6,2,1,0,0,0
gen_03664,3,-6.933,ok,1,0,1,1,4,5,1,1,0,0,0
gen_03665,1,-6.978,ok,1,0,1,1,4,7,2,0,0,0,0
gen_03665,2,-6.949,ok,1,0,1,1,4,7,2,0,0,0,0
gen_03666,1,-6.959,ok,1,0,0,0,4,6,1,1,0,0,0
gen_03666,2,-6.94,ok,1,0,0,1,4,6,3,0,0,0,0
gen_03666,3,-6.917,ok,1,0,0,0,4,6,1,1,0,0,0
gen_03666,4,-6.914,ok,1,0,0,0,4,6,1,1,0,0,0
gen_03667,1,-8.403,ok,1,0,0,1,4,5,2,0,0,0,0
gen_03667,2,-8.379,ok,1,0,0,1,4,4,3,0,0,0,0
gen_03667,3,-8.297,ok,1,0,0,1,4,5,2,0,0,0,0
gen_03667,4,-7.42,ok,1,0,0,0,4,5,3,0,0,0,0
gen_03668,1,-7.178,ok,1,0,1,1,4,6,4,0,0,0,0
gen_03668,2,-7.124,ok,1,0,0,0,4,6,1,0,0,0,0
gen_03668,3,-7.111,ok,1,0,0,1,4,6,4,0,0,0,0
gen_03669,1,-7.269,ok,1,1,1,1,4,6,4,0,0,0,0
gen_03670,1,-7.239,ok,1,0,0,0,4,6,1,0,0,0,0
gen_03670,2,-7.192,ok,1,0,1,0,4,6,2,0,0,0,0
gen_03670,3,-7.173,ok,0,0,0,1,0,4,1,0,0,0,0
gen_03670,4,-7.163,ok,1,0,1,0,4,6,2,0,0,0,0
gen_03670,5,-7.157,ok,1,0,1,0,4,6,2,0,0,0,0
gen_03670,6,-7.138,ok,1,0,0,1,4,6,2,2,0,0,0
gen_03670,7,-7.13,ok,1,0,1,1,4,5,3,0,0,0,0
gen_03670,8,-7.124,ok,1,0,1,0,4,6,2,0,0,0,0
gen_03670,9,-7.078,ok,1,0,0,0,4,6,1,0,0,0,0
gen_03670,10,-7.033,ok,1,0,1,0,4,6,2,0,0,0,0
gen_03671,1,-8.136,ok,1,0,0,1,4,5,3,0,0,0,0
gen_03671,2,-8.135,ok,1,0,0,1,4,5,2,0,0,0,0
gen_03671,3,-7.952,ok,1,0,0,0,4,5,3,0,0,0,1
gen_03671,4,-7.895,ok,1,0,0,1,4,4,3,0,0,0,1
gen_03672,1,-7.215,ok,1,0,0,1,5,3,3,0,0,0,0
gen_03672,2,-7.199,ok,1,0,0,1,5,3,3,0,0,0,0
gen_03673,1,-7.428,ok,1,0,0,1,5,6,3,0,0,0,0
gen_03674,1,-7.36,ok,1,0,0,1,4,5,3,0,0,0,0
gen_03674,2,-7.262,ok,1,0,0,1,4,5,3,0,0,0,0
gen_03675,1,-8.343,ok,1,0,1,0,4,7,5,0,0,0,0
gen_03675,2,-8.309,ok,1,0,1,0,4,7,5,0,0,0,0
gen_03675,3,-8.121,ok,1,0,0,1,4,6,4,0,0,0,0
gen_03675,4,-8.079,ok,1,0,0,1,4,5,4,0,0,0,0
gen_03675,5,-8.039,ok,1,0,0,1,4,5,4,0,0,0,0
gen_03676,1,-8.145,ok,1,0,0,1,4,3,2,0,0,0,2
gen_03676,2,-8.143,ok,1,0,0,1,4,3,2,0,0,0,2
gen_03676,3,-7.997,ok,1,0,0,1,4,3,2,0,0,0,2
gen_03676,4,-7.865,ok,1,0,0,1,4,3,2,0,0,0,2
gen_03677,1,-7.851,ok,1,0,0,1,4,5,2,2,0,0,0
gen_03677,2,-7.646,ok,0,0,0,1,3,4,2,2,0,0,0
gen_03677,3,-7.457,ok,1,0,1,1,4,5,1,1,0,0,0
gen_03677,4,-7.388,ok,0,0,1,1,0,2,7,0,1,0,0
gen_03677,5,-7.356,ok,0,0,1,1,0,1,6,0,1,0,0
gen_03677,6,-7.31,ok,1,0,0,1,4,6,5,0,0,0,1
gen_03677,7,-7.297,ok,0,0,1,1,0,1,6,0,1,0,0
gen_03677,8,-7.26,ok,1,1,0,1,4,6,3,0,0,0,0
gen_03677,9,-7.236,ok,0,0,1,1,0,2,2,0,0,0,2
gen_03678,1,-8.28,ok,1,0,0,1,4,1,4,0,0,0,0
gen_03678,2,-8.278,ok,1,0,0,1,4,1,3,0,0,0,0
gen_03678,3,-8.235,ok,1,0,0,1,4,1,4,0,0,0,0
gen_03678,4,-8.229,ok,1,0,0,1,4,1,4,0,0,0,0
gen_03679,1,-8.029,ok,1,0,0,0,4,6,1,0,0,0,0
gen_03680,1,-7.759,ok,1,0,1,1,5,5,2,0,0,0,0
gen_03681,1,-7.026,ok,1,0,1,1,4,6,2,1,0,0,0
gen_03681,2,-7.004,ok,0,0,1,1,0,1,2,1,0,0,1
gen_03681,3,-6.995,ok,1,0,1,1,4,6,2,1,0,0,0
gen_03681,4,-6.995,ok,0,0,1,1,0,0,2,1,0,0,0
gen_03681,5,-6.987,ok,0,0,1,1,0,0,2,1,0,0,1
gen_03682,1,-7.21,ok,1,0,0,1,4,5,2,0,0,0,0
gen_03683,1,-6.403,ok,1,0,0,1,5,6,1,0,0,0,0
gen_03683,2,-6.386,ok,1,0,0,1,4,6,1,0,0,0,0
gen_03684,1,-8.191,ok,1,0,1,1,5,4,3,0,0,0,1
gen_03684,2,-8.187,ok,1,0,1,1,5,4,3,0,0,0,1
gen_03684,3,-7.288,ok,0,0,0,1,3,3,1,0,0,0,0
gen_03685,1,-7.477,ok,1,0,0,1,4,5,1,0,0,0,1
gen_03685,2,-7.364,ok,1,0,0,1,4,6,1,0,0,0,0
gen_03686,1,-59.923,ok,0,0,0,0,0,0,0,0,0,0,0
gen_03686,2,-53.878,ok,0,0,0,1,0,0,1,0,0,0,0
gen_03687,1,-7.993,ok,1,0,0,1,4,7,3,1,0,0,0
gen_03687,2,-7.876,ok,1,0,0,1,4,6,3,1,0,0,0
gen_03688,1,-6.624,ok,1,0,0,1,4,7,2,0,0,0,0
gen_03688,2,-6.611,ok,1,0,0,1,4,7,2,0,0,0,0
gen_03688,3,-6.521,ok,1,0,0,1,4,6,2,0,0,0,0
gen_03688,4,-6.496,ok,1,0,0,1,4,6,2,0,0,0,0
gen_03689,1,-7.281,ok,0,0,1,1,3,1,5,0,0,0,0
gen_03689,2,-7.263,ok,0,0,0,1,3,1,2,0,0,0,0
gen_03689,3,-7.226,ok,0,0,0,1,3,1,2,0,0,0,0
gen_03689,4,-7.208,ok,0,0,0,1,3,1,2,0,0,0,0
gen_03689,5,-7.194,ok,0,0,0,1,3,1,2,0,0,0,0
gen_03689,6,-6.807,ok,1,0,0,1,4,1,3,0,1,0,0
gen_03689,7,-6.805,ok,1,0,0,1,4,2,3,0,1,0,0
gen_03689,8,-6.802,ok,1,0,0,1,4,1,2,0,1,0,0
gen_03689,9,-6.758,ok,1,0,0,1,4,2,3,0,1,0,0
gen_03689,10,-6.74,ok,1,0,0,1,4,1,3,0,1,0,0
gen_03690,1,-143.278,ok,0,0,0,0,0,0,0,0,0,0,0
gen_03690,2,-141.836,ok,0,0,0,0,0,0,0,0,0,0,0
gen_03691,1,-6.886,ok,1,0,0,1,4,6,1,2,0,0,0
gen_03691,2,-6.854,ok,1,0,0,1,4,5,1,2,0,0,0
gen_03692,1,-7.069,ok,1,0,1,0,4,6,2,0,0,0,0
gen_03693,1,-7.393,ok,1,0,0,1,5,4,2,0,0,0,0
gen_03693,2,-7.284,ok,1,0,1,0,4,5,2,0,0,0,0
gen_03693,3,-7.267,ok,1,0,0,1,4,1,4,0,0,0,0
gen_03693,4,-7.243,ok,1,0,0,1,4,8,3,0,0,0,0
gen_03693,5,-7.199,ok,1,0,0,1,4,2,4,0,0,0,0
gen_03694,1,-7.627,ok,0,0,0,1,0,6,4,0,0,0,0
gen_03694,2,-7.588,ok,0,0,0,1,0,6,4,0,0,0,0
gen_03694,3,-7.579,ok,0,0,0,1,3,6,4,0,0,0,0
gen_03694,4,-7.399,ok,0,0,0,1,3,5,3,0,0,0,0
gen_03695,1,-7.851,ok,1,0,1,1,4,7,3,1,0,0,0
gen_03695,2,-7.718,ok,1,0,1,1,4,8,4,0,0,0,0
gen_03696,1,-7.82,ok,1,0,1,1,4,5,3,0,0,0,0
gen_03696,2,-7.814,ok,1,0,1,1,4,5,3,0,0,0,0
gen_03696,3,-7.81,ok,1,0,1,1,4,5,3,0,0,0,0
gen_03696,4,-7.808,ok,1,0,1,1,4,5,3,0,0,0,0
gen_03696,5,-7.802,ok,1,0,1,1,4,4,3,0,0,0,0
gen_03696,6,-7.79,ok,1,0,1,1,4,4,3,0,0,0,0
gen_03696,7,-7.738,ok,1,0,1,1,4,5,3,0,0,0,0
gen_03697,1,-7.826,ok,1,0,0,1,4,6,3,0,0,0,0
gen_03697,2,-7.786,ok,1,0,0,1,5,3,2,0,0,0,0
gen_03697,3,-7.696,ok,1,0,0,1,4,6,3,0,0,0,0
gen_03698,1,-7.695,ok,1,0,1,0,4,6,2,1,0,0,0
gen_03698,2,-7.684,ok,1,0,1,0,4,6,2,1,0,0,0
gen_03698,3,-7.682,ok,1,0,1,0,4,6,0,1,0,0,0
gen_03698,4,-7.638,ok,1,0,1,0,4,7,2,1,0,0,0
gen_03698,5,-7.579,ok,1,0,1,1,4,7,5,0,0,0,0
gen_03698,6,-7.571,ok,1,0,1,0,4,7,1,1,0,0,0
gen_03698,7,-7.449,ok,0,0,1,0,3,3,1,1,0,0,0
gen_03698,8,-7.437,ok,1,0,1,0,4,6,2,1,0,0,0
gen_03699,1,-7.93,ok,1,0,1,1,4,7,3,0,0,0,0
gen_03699,2,-7.885,ok,1,0,1,1,4,7,4,0,0,0,0
gen_03699,3,-7.828,ok,1,0,1,1,4,7,4,0,0,0,0
gen_03699,4,-7.758,ok,1,0,1,1,5,6,3,0,0,0,0
gen_03699,5,-7.683,ok,1,0,1,1,5,6,3,0,0,0,0
gen_03699,6,-7.671,ok,1,0,1,1,5,6,4,0,0,0,0
gen_03699,7,-7.625,ok,1,0,1,1,4,5,3,0,0,0,0
gen_03699,8,-7.597,ok,1,0,1,1,4,7,4,0,0,0,0
gen_03699,9,-7.561,ok,1,0,1,1,4,6,3,0,0,0,0
gen_03699,10,-7.54,ok,1,0,1,1,4,6,3,0,0,0,0
gen_03699,11,-7.526,ok,1,0,1,1,4,6,3,0,0,0,0
gen_03700,1,-7.941,ok,0,1,1,1,3,7,4,0,0,0,0
gen_03700,2,-7.914,ok,0,1,1,1,3,7,4,0,0,0,0
gen_03700,3,-7.737,ok,1,1,1,1,4,7,3,0,0,0,0
gen_03700,4,-7.712,ok,0,1,1,1,3,8,4,0,0,0,0
gen_03701,1,-7.274,ok,1,0,1,1,4,6,3,0,0,0,0
gen_03701,2,-7.267,ok,1,0,1,1,4,6,3,0,0,0,0
gen_03701,3,-7.225,ok,1,0,1,1,4,6,3,1,0,0,0
gen_03702,1,-6.803,ok,1,0,0,1,4,1,2,0,0,0,0
gen_03702,2,-6.793,ok,0,0,1,1,0,3,4,0,0,0,0
gen_03703,1,-7.292,ok,1,0,1,1,5,4,6,0,0,0,0
gen_03703,2,-7.248,ok,1,0,1,1,5,4,5,0,0,0,0
gen_03703,3,-7.221,ok,1,0,1,1,5,4,5,0,0,0,0
gen_03703,4,-7.209,ok,1,0,1,0,4,6,1,1,0,0,0
gen_03703,5,-7.188,ok,0,0,1,0,3,6,1,1,0,0,0
gen_03704,1,-6.985,ok,1,0,1,1,4,6,2,1,0,0,0
gen_03704,2,-6.93,ok,1,0,1,1,4,7,3,1,0,0,0
gen_03704,3,-6.908,ok,1,0,1,1,4,5,2,1,0,0,0
gen_03704,4,-6.903,ok,1,0,1,1,4,7,3,1,0,0,0
gen_03704,5,-6.865,ok,1,0,1,1,4,7,2,1,0,0,0
gen_03704,6,-6.864,ok,1,0,1,1,4,7,2,1,0,0,0
gen_03705,1,-8.506,ok,1,0,0,1,4,5,3,0,0,0,0
gen_03705,2,-8.337,ok,1,0,0,1,4,6,4,0,0,0,0
gen_03706,1,-7.389,ok,1,0,0,1,4,1,2,0,0,0,1
gen_03706,2,-7.383,ok,1,0,0,1,4,1,2,0,0,0,1
gen_03707,1,-7.478,ok,0,0,1,0,3,4,2,1,0,0,0
gen_03707,2,-7.477,ok,0,0,1,0,3,4,2,1,0,0,0
gen_03707,3,-7.451,ok,0,0,1,0,3,4,1,1,0,0,0
gen_03707,4,-7.45,ok,0,0,1,0,3,4,2,1,0,0,0
gen_03707,5,-7.445,ok,0,0,1,0,3,4,1,1,0,0,0
gen_03707,6,-7.429,ok,0,0,1,0,3,3,1,1,0,0,0
gen_03707,7,-7.399,ok,0,0,1,0,3,6,1,1,0,0,0
gen_03708,1,-7.078,ok,0,0,0,0,3,5,0,1,0,0,1
gen_03708,2,-7.073,ok,0,0,0,1,3,3,1,1,0,0,1
gen_03708,3,-7.063,ok,0,0,0,1,3,3,1,1,0,0,1
gen_03708,4,-7.055,ok,0,0,0,1,3,3,1,1,0,0,1
gen_03709,1,-7.422,ok,1,0,1,0,4,6,2,0,0,0,2
gen_03709,2,-7.399,ok,1,0,1,1,4,6,3,0,0,0,1
gen_03710,1,-7.39,ok,1,0,1,1,4,6,3,0,0,0,0
gen_03710,2,-7.368,ok,1,0,1,1,4,5,3,0,0,0,0
gen_03710,3,-7.365,ok,1,0,1,1,4,6,3,0,0,0,0
gen_03710,4,-7.35,ok,1,0,1,1,4,5,3,0,0,0,0
gen_03711,1,-8.277,ok,1,0,0,1,4,5,7,0,0,0,0
gen_03711,2,-8.277,ok,1,0,0,1,4,5,7,0,0,0,0
gen_03711,3,-8.232,ok,1,0,0,1,4,6,7,0,0,0,0
gen_03712,1,-7.542,ok,1,0,1,1,4,1,3,0,1,0,1
gen_03712,2,-7.491,ok,1,0,0,0,5,5,0,0,0,0,0
gen_03712,3,-7.483,ok,1,0,0,0,5,6,0,0,0,0,0
gen_03713,1,-7.17,ok,1,0,1,0,4,6,1,0,0,0,0
gen_03713,2,-7.05,ok,1,0,1,0,4,6,1,0,0,0,0
gen_03714,1,-7.572,ok,1,0,0,1,4,7,5,0,0,0,0
gen_03714,2,-7.408,ok,1,0,0,1,4,6,4,0,0,0,0
gen_03714,3,-7.404,ok,1,0,0,1,4,6,5,0,0,0,0
gen_03714,4,-7.367,ok,1,0,0,1,4,3,5,0,0,0,0
gen_03714,5,-7.347,ok,1,0,0,1,4,4,5,0,0,0,0
gen_03714,6,-7.299,ok,1,0,0,1,4,4,4,0,0,0,0
gen_03714,7,-7.285,ok,1,0,0,1,4,4,4,0,0,0,0
gen_03715,1,-7.758,ok,1,0,1,1,4,6,2,1,0,0,0
gen_03715,2,-7.737,ok,1,0,1,1,4,5,2,1,0,0,0
gen_03715,3,-7.577,ok,1,0,1,0,4,6,0,1,0,0,1
gen_03716,1,-7.426,ok,1,0,0,1,5,3,2,1,0,0,0
gen_03716,2,-7.404,ok,1,0,1,1,5,4,3,1,0,0,0
gen_03716,3,-7.401,ok,1,0,0,1,5,3,2,1,0,0,0
gen_03717,1,-8.055,ok,1,0,0,1,5,3,5,0,0,0,0
gen_03717,2,-8.013,ok,1,0,0,1,5,4,6,0,0,0,0
gen_03717,3,-7.959,ok,1,0,0,1,5,4,7,0,0,0,0
gen_03718,1,-6.785,ok,1,0,1,1,4,3,3,0,0,0,0
gen_03718,2,-6.772,ok,1,0,1,1,4,3,3,0,0,0,0
gen_03718,3,-6.689,ok,1,0,1,1,4,3,3,0,0,0,0
gen_03718,4,-6.667,ok,1,0,1,1,4,3,3,0,0,0,0
gen_03718,5,-6.491,ok,1,0,1,1,4,3,2,0,0,0,0
gen_03718,6,-6.482,ok,1,0,1,1,4,3,2,0,0,0,0
gen_03719,1,-7.218,ok,1,1,1,0,4,6,1,0,0,0,0
gen_03719,2,-7.18,ok,1,1,1,0,4,6,1,0,0,0,0
gen_03720,1,-7.34,ok,1,0,1,1,4,4,6,0,0,0,0
gen_03720,2,-7.254,ok,0,0,1,0,3,4,0,1,0,0,0
gen_03720,3,-7.254,ok,1,1,0,1,4,6,3,0,0,0,0
gen_03720,4,-7.247,ok,1,1,0,1,4,6,3,0,0,0,0
gen_03720,5,-7.243,ok,0,0,1,0,3,4,0,1,0,0,0
gen_03720,6,-7.241,ok,1,1,0,1,4,6,3,0,0,0,0
gen_03720,7,-7.24,ok,0,0,1,0,3,4,0,1,0,0,0
gen_03720,8,-7.218,ok,0,0,1,0,3,4,0,1,0,0,0
gen_03721,1,-7.04,ok,1,0,1,1,4,7,3,0,0,0,1
gen_03721,2,-7.038,ok,1,0,1,1,4,8,3,0,0,0,1
gen_03721,3,-7.033,ok,1,0,1,1,4,8,3,0,0,0,1
gen_03721,4,-7.011,ok,1,0,1,1,4,7,3,0,0,0,1
gen_03721,5,-6.945,ok,1,0,1,0,4,7,1,0,1,0,0
gen_03722,1,-7.11,ok,1,0,0,1,5,3,2,0,0,0,0
gen_03722,2,-7.022,ok,1,0,0,1,5,3,2,0,0,0,0
gen_03722,3,-6.978,ok,1,0,0,1,5,3,2,0,0,0,0
gen_03723,1,-7.039,ok,0,0,1,1,3,7,1,0,0,0,0
gen_03723,2,-7.037,ok,0,0,1,1,3,7,1,0,0,0,0
gen_03724,1,-6.959,ok,0,0,0,1,3,5,1,0,0,0,0
gen_03724,2,-6.956,ok,1,0,0,1,4,5,1,0,0,0,0
gen_03724,3,-6.951,ok,0,0,0,1,3,5,1,0,0,0,0
gen_03724,4,-6.948,ok,1,0,1,1,4,6,2,0,0,0,0
gen_03724,5,-6.914,ok,0,0,0,1,3,5,1,0,0,0,0
gen_03725,1,-6.901,ok,1,0,0,1,5,5,1,0,0,0,0
gen_03725,2,-6.858,ok,1,0,0,1,5,5,1,0,0,0,0
gen_03726,1,-7.81,ok,1,0,1,0,4,5,3,1,0,0,0
gen_03726,2,-7.701,ok,1,0,1,0,4,5,2,1,0,0,0
gen_03726,3,-7.606,ok,0,0,1,1,0,4,2,0,0,0,0
gen_03727,1,-8.622,ok,1,0,0,1,4,6,5,1,0,0,1
gen_03727,2,-8.582,ok,1,0,0,1,4,6,5,1,0,0,0
gen_03728,1,-7.339,ok,0,0,1,1,3,5,2,1,0,0,0
gen_03728,2,-7.323,ok,0,0,1,1,3,5,2,1,0,0,0
gen_03728,3,-7.257,ok,0,0,1,1,3,5,2,1,0,0,0
gen_03728,4,-7.197,ok,0,0,1,0,3,4,1,0,0,0,0
gen_03729,1,-8.124,ok,1,0,0,1,4,5,3,1,0,0,0
gen_03729,2,-8.067,ok,1,0,0,1,4,5,2,1,0,0,0
gen_03729,3,-8.049,ok,1,0,0,1,4,5,3,2,0,0,0
gen_03729,4,-8.015,ok,1,0,0,1,4,6,2,1,0,0,0
gen_03729,5,-7.814,ok,1,0,0,1,4,5,4,1,0,0,0
gen_03730,1,-7.163,ok,1,0,1,0,4,6,0,1,0,0,0
gen_03730,2,-7.103,ok,0,0,0,1,3,4,1,2,0,0,0
gen_03730,3,-7.052,ok,1,0,0,1,4,5,2,0,0,0,1
gen_03730,4,-7.01,ok,0,1,0,1,3,4,2,2,0,0,0
gen_03730,5,-7.008,ok,1,0,0,1,4,7,2,0,0,0,1
gen_03730,6,-6.999,ok,0,1,0,1,3,4,1,2,0,0,0
gen_03730,7,-6.955,ok,1,0,0,1,4,5,2,0,0,0,1
gen_03730,8,-6.901,ok,1,0,0,1,4,6,1,0,0,0,1
gen_03730,9,-6.844,ok,1,1,0,1,4,7,2,0,0,0,1
gen_03730,10,-6.798,ok,1,0,0,1,4,6,3,0,0,0,0
gen_03730,11,-6.764,ok,1,0,1,1,4,8,3,0,0,0,1
gen_03731,1,-6.927,ok,1,0,0,1,5,5,3,0,0,0,0
gen_03731,2,-6.839,ok,1,0,0,1,5,5,2,0,0,0,0
gen_03731,3,-6.831,ok,1,0,0,1,5,5,2,0,0,0,0
gen_03732,1,-7.364,ok,0,0,0,1,3,3,2,0,1,0,0
gen_03733,1,-6.46,ok,1,0,0,1,4,5,2,0,0,0,0
gen_03733,2,-6.367,ok,1,0,0,0,4,6,1,0,0,0,0
gen_03734,1,-7.746,ok,1,0,1,0,4,1,2,1,0,0,0
gen_03734,2,-7.675,ok,1,0,1,0,4,2,2,1,0,0,0
gen_03734,3,-7.661,ok,1,0,1,0,4,1,2,1,0,0,0
gen_03734,4,-7.441,ok,1,0,1,0,4,4,3,1,0,0,0
gen_03734,5,-7.432,ok,1,0,1,0,4,1,3,1,0,0,0
gen_03734,6,-7.187,ok,1,0,0,1,4,1,3,0,0,0,0
gen_03735,1,-7.711,ok,1,0,0,1,4,5,3,0,0,0,0
gen_03735,2,-7.697,ok,0,0,0,1,3,4,3,0,0,0,0
gen_03735,3,-7.682,ok,1,0,0,1,4,6,3,0,0,0,0
gen_03735,4,-7.681,ok,1,0,0,1,4,5,3,0,0,0,0
gen_03735,5,-7.677,ok,0,0,0,1,3,4,3,0,0,0,0
gen_03735,6,-7.652,ok,1,0,0,1,4,5,3,0,0,0,0
gen_03735,7,-7.644,ok,0,0,0,1,3,4,3,0,0,0,0
gen_03735,8,-6.947,ok,0,0,0,1,0,2,2,0,1,0,0
gen_03735,9,-6.928,ok,0,0,0,1,0,2,2,0,1,0,0
gen_03735,10,-6.924,ok,0,0,0,1,0,2,2,0,1,0,0
gen_03735,11,-6.909,ok,0,0,0,1,0,2,2,0,1,0,0
gen_03735,12,-6.903,ok,0,0,0,1,0,2,2,0,1,0,0
gen_03736,1,-7.5,ok,0,0,0,1,3,6,2,0,0,0,1
gen_03736,2,-7.496,ok,0,0,0,1,3,6,3,0,0,0,2
gen_03736,3,-7.489,ok,1,0,0,1,4,6,1,0,0,0,1
gen_03736,4,-7.467,ok,1,0,0,1,4,6,1,0,0,0,1
gen_03736,5,-7.441,ok,0,0,0,1,3,6,3,0,0,0,0
gen_03736,6,-7.428,ok,0,0,0,1,3,6,3,0,0,0,0
gen_03736,7,-7.427,ok,0,0,0,1,3,6,3,0,0,0,0
gen_03737,1,-7.559,ok,1,0,0,1,4,7,2,0,0,0,0
gen_03737,2,-7.512,ok,1,0,1,1,4,8,2,0,0,0,0
gen_03737,3,-7.489,ok,1,0,1,1,4,7,2,0,0,0,0
gen_03738,1,-6.668,ok,1,0,0,1,4,1,3,0,0,0,0
gen_03738,2,-6.665,ok,1,0,0,1,4,3,3,0,0,0,0
gen_03739,1,-7.971,ok,1,0,0,1,4,2,1,0,1,0,0
gen_03739,2,-7.927,ok,1,0,0,1,4,2,1,0,1,0,0
gen_03739,3,-7.899,ok,0,0,0,1,3,3,3,0,2,0,0
gen_03739,4,-7.866,ok,0,0,0,1,3,3,3,0,2,0,0
gen_03740,1,-7.574,ok,0,0,0,1,3,5,1,0,0,0,0
gen_03741,1,-6.587,ok,0,0,1,1,3,0,3,0,0,0,0
gen_03741,2,-6.532,ok,0,0,1,1,3,0,3,0,0,0,0
gen_03742,1,-6.94,ok,1,0,0,1,4,0,1,1,0,0,0
gen_03742,2,-6.932,ok,1,0,0,1,4,0,1,1,0,0,0
gen_03742,3,-6.928,ok,1,0,0,1,4,1,1,1,0,0,0
gen_03742,4,-6.927,ok,1,0,0,1,4,0,2,0,0,0,0
gen_03742,5,-6.926,ok,1,0,0,1,4,1,1,1,0,0,0
gen_03742,6,-6.908,ok,1,0,0,0,4,6,1,0,0,0,1
gen_03743,1,-8.104,ok,1,1,0,1,4,6,3,0,0,0,0
gen_03743,2,-8.096,ok,1,1,0,1,4,6,3,0,0,0,0
gen_03743,3,-8.007,ok,1,1,0,1,4,7,3,0,0,0,0
gen_03743,4,-7.955,ok,1,1,0,1,4,6,3,0,0,0,0
gen_03744,1,-7.67,ok,1,0,0,1,4,5,3,0,0,0,0
gen_03744,2,-7.639,ok,1,0,0,1,4,5,3,0,0,0,0
gen_03744,3,-7.629,ok,1,0,0,1,4,5,3,0,0,0,0
gen_03745,1,-7.761,ok,1,0,1,0,4,8,1,0,0,0,0
gen_03745,2,-7.677,ok,1,0,1,0,4,7,0,0,0,0,0
gen_03745,3,-7.658,ok,1,0,1,0,4,8,0,0,0,0,0
gen_03745,4,-7.431,ok,1,0,1,0,4,7,1,0,0,0,0
gen_03745,5,-7.389,ok,1,0,1,1,4,7,2,0,0,0,0
gen_03745,6,-7.011,ok,0,0,0,0,3,3,2,0,1,0,0
gen_03745,7,-6.938,ok,0,0,1,0,3,0,3,0,0,0,0
gen_03746,1,-8.002,ok,0,0,1,1,3,2,3,0,1,0,0
gen_03746,2,-7.973,ok,1,0,1,1,4,2,3,0,1,0,0
gen_03746,3,-7.41,ok,0,0,0,1,3,6,4,0,0,0,0
gen_03747,1,-7.713,ok,1,0,1,1,5,3,3,1,0,0,0
gen_03747,2,-7.711,ok,1,0,1,1,5,3,3,1,0,0,0
gen_03747,3,-7.676,ok,1,0,1,1,5,3,3,1,0,0,0
gen_03747,4,-7.672,ok,1,0,1,1,5,3,3,1,0,0,0
gen_03748,1,-8.681,ok,1,0,0,1,5,4,3,0,0,0,0
gen_03748,2,-8.648,ok,1,0,0,1,5,4,3,0,0,0,0
gen_03748,3,-8.62,ok,1,0,0,1,4,4,6,0,0,0,0
gen_03748,4,-8.573,ok,1,0,0,1,4,6,4,0,0,0,0
gen_03749,1,-7.561,ok,1,0,1,0,4,5,2,1,0,0,0
gen_03749,2,-7.559,ok,1,0,1,0,4,5,2,1,0,0,0
gen_03749,3,-7.509,ok,1,0,1,0,4,4,2,1,0,0,0
gen_03749,4,-7.493,ok,1,0,1,0,4,4,2,1,0,0,0
gen_03749,5,-7.477,ok,1,0,1,0,4,3,2,1,0,0,0
gen_03749,6,-7.475,ok,1,0,1,0,4,3,2,1,0,0,0
gen_03750,1,-7.26,ok,1,0,0,1,4,4,2,0,0,0,0
gen_03751,1,-6.603,ok,0,0,0,1,3,3,1,0,0,0,0
gen_03751,2,-6.602,ok,0,0,0,1,3,3,1,0,0,0,0
gen_03751,3,-6.592,ok,0,0,0,1,3,3,1,0,0,0,0
gen_03751,4,-6.591,ok,0,0,0,1,3,3,1,0,0,0,0
gen_03751,5,-6.588,ok,0,0,0,1,3,3,1,0,0,0,0
gen_03751,6,-6.587,ok,0,0,0,1,3,3,1,0,0,0,0
gen_03751,7,-6.578,ok,0,0,0,1,0,3,2,0,0,0,0
gen_03751,8,-6.567,ok,0,0,0,1,3,3,1,0,0,0,0
gen_03751,9,-6.557,ok,0,0,0,1,3,3,1,0,0,0,0
gen_03752,1,-7.606,ok,1,0,0,1,4,5,4,0,0,0,1
gen_03752,2,-7.56,ok,1,0,0,1,4,6,3,0,0,0,0
gen_03753,1,-7.371,ok,0,0,1,1,3,5,3,0,1,0,0
gen_03753,2,-7.325,ok,0,0,1,1,3,5,3,0,1,0,0
gen_03753,3,-7.28,ok,0,0,1,1,3,5,3,0,1,0,0
gen_03754,1,-7.353,ok,1,0,1,0,4,7,0,0,0,0,1
gen_03754,2,-7.348,ok,1,0,1,0,4,6,0,0,0,0,0
gen_03754,3,-7.347,ok,1,0,1,0,4,6,0,0,0,0,0
gen_03754,4,-7.336,ok,1,0,1,0,4,7,0,0,0,0,1
gen_03754,5,-7.333,ok,1,0,1,0,4,6,0,0,0,0,0
gen_03754,6,-7.325,ok,1,0,1,0,4,7,0,0,0,0,1
gen_03755,1,-6.439,ok,1,0,1,0,4,5,1,0,0,0,0
gen_03755,2,-6.396,ok,1,0,1,0,4,5,1,0,0,0,0
gen_03755,3,-6.313,ok,1,0,0,1,4,7,2,0,0,0,0
gen_03755,4,-6.259,ok,1,0,0,1,4,7,2,0,0,0,0
gen_03756,1,-6.483,ok,1,0,1,1,4,6,2,0,0,0,0
gen_03756,2,-6.463,ok,1,0,1,1,4,6,2,0,0,0,0
gen_03756,3,-6.458,ok,1,0,1,1,4,6,2,0,0,0,0
gen_03756,4,-6.455,ok,1,0,1,1,4,5,2,0,0,0,0
gen_03756,5,-6.443,ok,1,0,1,1,4,8,2,0,0,0,0
gen_03756,6,-6.401,ok,1,0,1,1,4,7,2,0,0,0,0
gen_03756,7,-6.354,ok,1,0,1,1,4,6,2,0,0,0,0
gen_03757,1,-7.054,ok,1,0,1,0,4,6,1,0,0,0,0
gen_03757,2,-7.003,ok,0,0,0,1,0,3,4,0,0,0,0
gen_03758,1,-8.149,ok,1,0,0,1,4,6,2,0,0,0,0
gen_03758,2,-8.052,ok,1,0,0,1,4,7,2,0,0,0,0
gen_03759,1,-7.358,ok,1,0,1,1,4,1,5,0,0,0,0
gen_03760,1,-7.531,ok,1,0,0,1,4,2,1,0,0,0,0
gen_03760,2,-7.496,ok,1,0,0,1,4,2,1,0,0,0,0
gen_03760,3,-7.483,ok,1,0,0,1,4,2,1,0,0,0,0
gen_03760,4,-7.444,ok,1,0,0,1,4,2,1,0,0,0,0
gen_03760,5,-6.962,ok,0,0,0,1,3,3,1,0,1,0,1
gen_03761,1,-7.107,ok,0,0,0,1,3,6,2,0,0,0,0
gen_03761,2,-7.03,ok,0,0,1,1,3,3,3,0,0,0,1
gen_03761,3,-6.831,ok,0,0,0,1,0,3,2,0,0,0,0
gen_03761,4,-6.732,ok,0,0,0,1,3,5,3,0,0,0,1
gen_03761,5,-6.71,ok,0,0,0,1,0,1,2,0,0,0,0
gen_03761,6,-6.635,ok,0,0,0,1,0,2,3,0,0,0,0
gen_03762,1,-7.383,ok,1,0,1,1,4,7,2,0,0,0,0
gen_03762,2,-7.378,ok,1,0,1,1,4,7,2,0,0,0,0
gen_03762,3,-7.378,ok,1,0,1,1,4,7,2,0,0,0,0
gen_03762,4,-7.372,ok,1,0,1,1,4,7,2,0,0,0,0
gen_03763,1,-8.361,ok,0,1,1,1,3,7,3,0,0,0,0
gen_03764,1,-8.578,ok,1,0,1,1,5,4,6,0,0,0,0
gen_03764,2,-8.56,ok,1,0,1,1,5,4,6,0,0,0,0
gen_03764,3,-8.551,ok,1,0,1,1,5,4,6,0,0,0,0
gen_03764,4,-8.466,ok,1,0,0,1,5,3,6,0,0,0,0
gen_03764,5,-8.456,ok,1,0,1,1,4,7,5,0,0,0,0
gen_03764,6,-8.443,ok,0,0,1,1,3,7,5,0,0,0,0
gen_03764,7,-8.411,ok,1,0,1,1,5,4,6,0,0,0,0
gen_03764,8,-8.334,ok,0,0,1,1,3,6,6,0,0,0,0
gen_03764,9,-8.32,ok,0,0,1,1,3,3,3,0,1,0,0
gen_03764,10,-8.252,ok,0,0,1,1,3,3,3,0,1,0,0
gen_03764,11,-8.142,ok,1,0,1,1,5,4,5,0,0,0,0
gen_03764,12,-8.127,ok,0,0,1,1,3,3,2,0,1,0,0
gen_03765,1,-8.003,ok,0,0,0,1,3,5,2,0,2,0,0
gen_03765,2,-7.986,ok,0,0,0,1,3,5,2,0,2,0,0
gen_03765,3,-7.974,ok,0,0,0,1,3,5,2,0,1,0,0
gen_03765,4,-7.965,ok,0,0,0,1,3,5,2,0,1,0,0
gen_03766,1,-8.039,ok,0,0,0,1,3,5,2,0,0,0,1
gen_03766,2,-7.997,ok,0,0,0,1,3,5,2,0,0,0,1
gen_03766,3,-7.976,ok,0,0,0,1,3,5,2,0,0,0,1
gen_03766,4,-7.968,ok,0,0,0,1,3,5,2,0,0,0,1
gen_03766,5,-7.964,ok,0,0,0,1,3,5,2,0,0,0,1
gen_03766,6,-7.96,ok,0,0,0,1,3,5,3,0,0,0,2
gen_03766,7,-7.765,ok,0,0,0,1,0,0,4,0,1,0,0
gen_03766,8,-7.746,ok,0,0,0,1,0,0,4,0,1,0,0
gen_03767,1,-6.42,ok,1,0,0,1,5,5,2,0,0,0,0
gen_03767,2,-6.339,ok,1,0,0,1,5,5,1,0,0,0,0
gen_03767,3,-6.287,ok,1,0,1,1,5,6,2,0,0,0,0
gen_03768,1,-7.198,ok,1,0,1,1,4,2,4,0,0,0,0
gen_03768,2,-7.195,ok,1,0,1,1,4,2,4,0,0,0,0
gen_03768,3,-7.161,ok,1,0,0,1,4,6,3,0,0,0,1
gen_03768,4,-7.139,ok,1,0,1,1,4,2,4,0,0,0,0
gen_03768,5,-7.113,ok,0,0,1,1,3,2,4,0,0,0,2
gen_03768,6,-7.112,ok,1,0,0,1,5,6,3,0,0,0,1
gen_03768,7,-7.063,ok,0,0,1,1,3,2,4,0,0,0,1
gen_03768,8,-7.055,ok,1,0,0,1,4,6,2,0,0,0,1
gen_03768,9,-6.98,ok,0,0,1,1,0,3,2,0,0,0,1
gen_03769,1,-8.208,ok,1,0,1,0,4,5,2,0,0,0,0
gen_03769,2,-8.185,ok,1,0,1,0,4,5,2,0,0,0,0
gen_03769,3,-7.941,ok,0,0,0,1,3,6,3,0,0,0,0
gen_03769,4,-7.933,ok,0,0,0,1,3,6,3,0,0,0,0
gen_03770,1,-8.089,ok,1,0,1,1,4,7,5,0,0,0,0
gen_03770,2,-8.069,ok,1,0,0,1,4,5,6,0,0,0,0
gen_03770,3,-8.045,ok,1,0,0,1,4,5,6,0,0,0,0
gen_03770,4,-8.037,ok,1,0,0,1,4,5,6,0,0,0,0
gen_03770,5,-8.011,ok,1,0,0,1,4,6,6,0,0,0,0
gen_03771,1,-7.913,ok,1,0,1,0,4,6,1,1,0,0,0
gen_03771,2,-7.796,ok,1,0,1,0,4,6,1,1,0,0,0
gen_03771,3,-7.332,ok,1,0,1,1,4,2,2,0,0,0,0
gen_03771,4,-7.289,ok,1,0,1,1,4,2,2,0,0,0,0
gen_03772,1,-6.76,ok,1,0,0,1,4,2,3,0,0,0,0
gen_03773,1,-7.702,ok,1,0,1,1,4,7,4,1,0,0,0
gen_03773,2,-7.696,ok,1,0,1,1,4,7,5,1,0,0,0
gen_03773,3,-7.589,ok,1,0,1,1,4,7,6,1,0,0,0
gen_03774,1,-6.704,ok,1,0,0,1,4,3,2,0,0,0,0
gen_03774,2,-6.635,ok,1,0,0,1,4,4,3,0,0,0,0
gen_03774,3,-6.615,ok,1,0,0,0,4,4,1,0,0,0,0
gen_03774,4,-6.607,ok,1,0,0,1,4,3,3,0,0,0,0
gen_03775,1,-8.359,ok,1,0,1,1,4,8,4,1,0,0,0
gen_03775,2,-8.354,ok,1,0,1,1,4,8,4,1,0,0,0
gen_03775,3,-8.292,ok,1,0,1,1,4,7,5,0,0,0,0
gen_03775,4,-8.265,ok,1,0,1,1,4,7,5,0,0,0,0
gen_03776,1,-6.358,ok,1,0,0,0,4,3,1,0,0,0,0
gen_03776,2,-6.321,ok,1,0,0,0,4,3,1,0,0,0,0
gen_03776,3,-6.303,ok,1,0,0,0,4,2,1,0,0,0,0
gen_03776,4,-6.235,ok,1,0,1,0,4,3,2,0,0,0,0
gen_03777,1,-8.553,ok,1,0,1,1,4,7,3,0,0,0,0
gen_03777,2,-8.453,ok,1,0,1,1,4,7,3,0,0,0,0
gen_03777,3,-8.449,ok,1,0,1,1,4,7,3,0,0,0,0
gen_03777,4,-8.436,ok,1,0,1,1,4,7,3,0,0,0,0
gen_03777,5,-8.406,ok,1,0,1,1,4,8,3,0,0,0,0
gen_03777,6,-8.4,ok,1,0,1,1,4,8,3,0,0,0,0
gen_03777,7,-8.334,ok,1,0,1,1,4,8,3,0,0,0,0
gen_03777,8,-8.306,ok,1,0,1,1,4,8,3,0,0,0,0
gen_03778,1,-7.038,ok,0,0,1,1,3,3,2,0,1,0,0
gen_03778,2,-7.022,ok,0,0,1,1,3,3,3,0,1,0,0
gen_03778,3,-7.007,ok,0,0,1,1,3,3,3,0,1,0,0
gen_03778,4,-7.002,ok,0,0,1,1,3,3,3,0,1,0,0
gen_03778,5,-7.002,ok,0,0,1,1,3,3,3,0,1,0,0
gen_03778,6,-6.998,ok,0,0,1,1,3,3,3,0,1,0,0
gen_03778,7,-6.952,ok,0,0,1,1,3,4,3,0,1,0,0
gen_03778,8,-6.935,ok,0,0,1,1,3,3,3,0,1,0,0
gen_03779,1,-7.724,ok,1,0,0,1,4,5,3,0,0,0,0
gen_03780,1,-7.081,ok,0,0,0,1,0,2,2,0,0,0,1
gen_03780,2,-7.045,ok,0,0,0,1,0,2,2,0,0,0,1
gen_03780,3,-7.042,ok,0,0,0,1,0,2,2,0,0,0,1
gen_03780,4,-7.039,ok,0,0,0,1,0,2,3,0,0,0,1
gen_03781,1,-7.254,ok,1,0,1,0,4,5,2,0,0,0,1
gen_03781,2,-7.232,ok,1,0,1,0,4,5,2,0,0,0,1
gen_03781,3,-7.225,ok,1,0,1,0,4,6,2,0,0,0,1
gen_03781,4,-7.204,ok,1,0,1,0,4,6,2,0,0,0,1
gen_03782,1,-8.102,ok,1,0,0,1,4,7,5,0,0,0,0
gen_03782,2,-8.092,ok,1,0,0,1,4,7,6,0,0,0,0
gen_03782,3,-8.022,ok,1,0,1,1,4,8,3,0,0,0,0
gen_03782,4,-7.95,ok,1,0,1,1,4,7,4,0,0,0,0
gen_03782,5,-7.907,ok,1,0,0,1,4,6,6,0,0,0,0
gen_03783,1,-7.393,ok,0,0,0,1,3,5,1,0,0,0,0
gen_03783,2,-7.344,ok,1,0,0,1,4,4,1,0,0,0,0
gen_03784,1,-8.352,ok,0,0,0,1,3,6,4,0,0,0,0
gen_03784,2,-8.242,ok,0,0,0,1,3,6,4,0,0,0,0
gen_03784,3,-8.201,ok,0,0,0,1,3,6,4,0,0,0,0
gen_03785,1,-8.966,ok,0,0,0,1,3,3,3,0,0,0,0
gen_03785,2,-8.852,ok,0,0,0,1,3,3,3,0,0,0,0
gen_03785,3,-8.668,ok,1,0,0,1,4,7,3,0,0,0,0
gen_03786,1,-8.647,ok,1,0,0,1,5,4,4,0,0,0,1
gen_03787,1,-8.213,ok,1,0,0,1,4,6,3,0,0,0,1
gen_03788,1,-8.178,ok,1,0,0,1,4,4,5,0,0,0,1
gen_03788,2,-8.169,ok,1,0,0,1,4,5,4,0,0,0,0
gen_03788,3,-8.157,ok,1,0,0,1,4,4,4,0,0,0,1
gen_03788,4,-8.107,ok,1,0,0,1,4,5,4,0,0,0,0
gen_03788,5,-8.075,ok,1,0,0,1,4,5,4,0,0,0,1
gen_03788,6,-8.061,ok,1,0,0,1,4,5,5,0,0,0,1
gen_03788,7,-8.048,ok,1,0,0,1,4,5,4,0,0,0,0
gen_03788,8,-7.975,ok,1,0,1,1,4,6,3,1,0,0,0
gen_03788,9,-7.96,ok,1,0,0,0,4,6,1,0,0,0,0
gen_03789,1,-7.723,ok,1,0,0,1,4,6,2,0,0,0,0
gen_03790,1,-163.205,ok,0,0,0,1,0,0,2,0,0,0,0
gen_03790,2,-159.319,ok,0,0,0,0,0,4,0,0,0,0,0
gen_03791,1,-6.951,ok,1,0,0,1,4,7,2,1,0,0,0
gen_03791,2,-6.931,ok,1,0,0,1,4,6,2,1,0,0,0
gen_03792,1,-7.899,ok,1,0,0,1,4,7,4,1,0,0,0
gen_03792,2,-7.872,ok,1,0,0,1,4,7,3,1,0,0,0
gen_03792,3,-7.461,ok,1,0,0,1,4,5,4,0,0,0,0
gen_03793,1,-7.042,ok,1,0,0,1,4,6,2,0,0,0,0
gen_03793,2,-7.024,ok,1,0,0,1,4,6,2,0,0,0,0
gen_03794,1,-8.378,ok,0,0,0,1,3,5,4,0,0,0,1
gen_03794,2,-8.368,ok,0,0,0,1,3,5,4,0,0,0,0
gen_03794,3,-8.349,ok,0,0,0,1,3,5,3,0,0,0,1
gen_03794,4,-7.658,ok,0,0,0,1,3,1,3,0,0,0,1
gen_03795,1,-7.086,ok,1,0,1,1,4,5,3,0,0,0,0
gen_03795,2,-7.07,ok,1,0,1,1,4,5,3,0,0,0,0
gen_03795,3,-7.029,ok,1,0,1,1,4,6,3,0,0,0,0
gen_03796,1,-7.549,ok,0,0,0,1,3,0,3,0,1,0,0
gen_03797,1,-8.249,ok,1,0,0,1,4,5,4,0,0,0,0
gen_03797,2,-8.248,ok,1,0,0,1,4,3,4,0,0,0,0
gen_03797,3,-8.168,ok,1,0,0,1,4,5,4,0,0,0,0
gen_03797,4,-8.15,ok,1,0,0,1,4,3,4,0,0,0,0
gen_03797,5,-8.096,ok,1,0,0,1,4,5,2,0,0,0,0
gen_03797,6,-8.093,ok,1,0,0,1,4,3,3,0,0,0,0
gen_03798,1,-7.822,ok,1,0,0,1,5,3,4,0,0,0,0
gen_03799,1,-8.358,ok,1,0,1,0,4,6,1,1,0,0,0
gen_03799,2,-8.3,ok,1,0,1,0,4,7,1,1,0,0,0
gen_03799,3,-8.28,ok,1,0,1,0,4,7,1,1,0,0,0
gen_03799,4,-8.275,ok,1,0,1,0,4,7,1,1,0,0,0
gen_03799,5,-8.251,ok,1,0,1,0,4,7,1,1,0,0,0
gen_03800,1,-6.87,ok,1,0,1,1,4,1,4,0,0,0,0
gen_03801,1,-7.102,ok,0,0,0,1,3,4,2,0,0,0,0
gen_03801,2,-7.076,ok,0,0,0,1,3,5,2,0,0,0,0
gen_03801,3,-7.032,ok,0,0,0,1,3,5,2,0,0,0,0
gen_03802,1,-7.582,ok,0,0,0,1,3,0,3,0,0,0,0
gen_03802,2,-7.578,ok,0,0,0,1,3,0,3,0,0,0,0
gen_03802,3,-7.572,ok,0,0,0,1,3,0,3,0,0,0,0
gen_03802,4,-7.57,ok,0,0,0,1,3,0,3,0,0,0,0
gen_03803,1,-7.424,ok,0,0,1,0,3,5,1,0,0,0,0
gen_03804,1,-7.515,ok,1,0,1,1,4,5,5,0,0,0,0
gen_03804,2,-7.453,ok,1,0,1,1,4,4,4,0,0,0,0
gen_03804,3,-7.198,ok,1,0,1,1,4,3,4,0,0,0,0
gen_03805,1,-7.779,ok,1,0,1,1,4,8,4,0,0,0,0
gen_03805,2,-7.661,ok,1,0,1,0,4,6,0,1,0,0,0
gen_03806,1,-7.714,ok,1,0,1,1,5,4,4,0,0,0,0
gen_03806,2,-7.713,ok,1,0,1,1,4,7,4,0,0,0,0
gen_03806,3,-7.699,ok,1,0,1,1,5,4,4,0,0,0,0
gen_03806,4,-7.694,ok,1,0,1,1,4,7,4,0,0,0,0
gen_03806,5,-7.671,ok,1,0,1,1,5,4,4,0,0,0,0
gen_03806,6,-7.613,ok,1,0,1,1,5,4,4,0,0,0,0
gen_03807,1,-8.024,ok,1,0,1,0,4,5,2,1,0,0,0
gen_03807,2,-7.795,ok,0,0,1,1,3,4,1,0,0,0,0
gen_03807,3,-7.792,ok,0,0,1,1,3,5,1,0,0,0,0
gen_03808,1,-7.51,ok,1,0,0,1,4,7,2,0,0,0,0
gen_03808,2,-7.46,ok,1,0,0,1,4,7,2,0,0,0,0
gen_03808,3,-7.425,ok,1,0,0,1,5,3,2,0,0,0,0
gen_03808,4,-7.391,ok,1,0,0,1,5,3,2,0,0,0,0
gen_03809,1,-7.934,ok,0,0,1,1,3,4,1,1,0,0,0
gen_03809,2,-7.835,ok,0,0,1,1,3,4,1,1,0,0,0
gen_03810,1,-8.404,ok,1,0,0,1,4,5,5,1,0,0,0
gen_03810,2,-8.291,ok,1,0,0,1,4,5,5,1,0,0,0
gen_03811,1,-7.623,ok,0,0,0,1,3,6,2,0,0,0,1
gen_03811,2,-7.619,ok,0,0,0,1,3,5,2,0,0,0,2
gen_03811,3,-7.587,ok,1,0,1,1,4,5,2,0,0,0,0
gen_03811,4,-7.586,ok,1,0,1,1,4,6,1,1,0,0,0
gen_03811,5,-7.581,ok,1,0,1,1,4,5,2,1,0,0,1
gen_03811,6,-7.551,ok,1,0,1,1,5,4,2,1,0,0,0
gen_03811,7,-7.55,ok,1,0,1,1,5,6,2,0,0,0,0
gen_03811,8,-7.549,ok,1,0,1,1,4,5,2,0,0,0,0
gen_03811,9,-7.537,ok,1,0,1,1,4,4,2,1,0,0,0
gen_03811,10,-7.521,ok,1,0,1,1,4,6,2,0,0,0,0
gen_03811,11,-7.513,ok,0,0,0,1,3,5,2,0,0,0,0
gen_03812,1,-7.406,ok,1,0,1,1,4,4,2,0,0,0,2
gen_03812,2,-7.371,ok,1,0,1,1,4,4,2,0,0,0,2
gen_03812,3,-7.363,ok,1,0,1,1,4,4,2,0,0,0,2
gen_03812,4,-7.288,ok,1,0,1,1,4,4,3,0,0,0,1
gen_03812,5,-7.277,ok,1,0,1,1,4,4,3,0,0,0,1
gen_03813,1,-8.725,ok,1,0,0,1,4,8,2,0,0,0,0
gen_03813,2,-8.691,ok,1,0,1,1,4,8,2,0,0,0,0
gen_03814,1,-8.386,ok,0,0,0,1,3,3,4,0,0,0,0
gen_03814,2,-8.293,ok,0,0,0,1,3,3,4,0,0,0,0
gen_03814,3,-8.27,ok,0,0,0,1,3,3,4,0,0,0,0
gen_03815,1,-7.408,ok,0,0,0,1,3,5,3,0,0,0,0
gen_03815,2,-7.381,ok,0,0,0,1,3,5,3,0,0,0,0
gen_03816,1,-7.886,ok,0,0,0,1,3,7,2,0,0,0,0
gen_03816,2,-7.881,ok,1,0,0,1,4,6,2,0,0,0,0
gen_03817,1,-7.538,ok,1,0,1,1,4,6,3,0,0,0,0
gen_03818,1,-7.327,ok,1,0,1,0,4,5,0,0,0,0,2
gen_03818,2,-7.326,ok,1,0,1,0,4,5,0,0,0,0,2
gen_03818,3,-7.288,ok,1,0,1,0,4,5,0,0,0,0,2
gen_03818,4,-7.254,ok,1,0,1,0,4,6,0,0,0,0,2
gen_03819,1,-6.82,ok,0,0,0,1,3,7,1,0,0,0,0
gen_03819,2,-6.786,ok,1,0,0,1,4,7,1,0,0,0,0
gen_03820,1,-7.612,ok,1,0,0,1,4,5,4,0,0,0,0
gen_03820,2,-7.576,ok,1,0,0,1,4,5,5,0,0,0,0
gen_03821,1,-7.553,ok,1,0,0,1,4,6,1,0,0,0,0
gen_03821,2,-7.541,ok,1,0,0,1,4,7,3,0,0,0,0
gen_03821,3,-7.434,ok,1,0,0,1,4,6,2,0,0,0,0
gen_03821,4,-7.373,ok,1,0,0,1,4,5,3,0,0,0,0
gen_03821,5,-7.37,ok,1,0,0,1,4,5,3,0,0,0,0
gen_03821,6,-7.364,ok,1,0,0,1,4,5,2,0,1,0,0
gen_03821,7,-7.356,ok,1,0,0,0,4,6,1,0,1,0,0
gen_03821,8,-7.338,ok,1,0,0,1,4,6,2,0,1,0,0
gen_03821,9,-7.337,ok,1,0,0,0,4,5,1,0,1,0,0
gen_03821,10,-7.292,ok,1,0,0,0,4,5,1,0,0,0,0
gen_03822,1,-8.012,ok,1,0,0,1,4,6,3,0,0,0,0
gen_03822,2,-8.001,ok,1,0,0,1,4,5,3,0,0,0,0
gen_03822,3,-7.999,ok,1,0,0,1,4,5,2,0,0,0,0
gen_03822,4,-7.963,ok,1,0,0,1,4,5,2,0,0,0,0
gen_03823,1,-7.236,ok,1,0,1,1,4,1,2,0,0,0,0
gen_03823,2,-7.181,ok,1,0,1,1,4,2,2,0,0,0,0
gen_03823,3,-7.122,ok,1,0,0,1,4,0,3,0,1,0,1
gen_03824,1,-7.227,ok,1,0,1,1,4,5,3,0,0,0,0
gen_03824,2,-7.188,ok,1,0,1,1,4,5,3,0,0,0,0
gen_03824,3,-7.067,ok,0,0,1,1,3,6,3,0,0,0,0
gen_03824,4,-7.032,ok,1,0,1,1,4,6,3,0,0,0,0
gen_03824,5,-6.865,ok,0,0,1,0,3,0,3,1,0,0,0
gen_03824,6,-6.832,ok,0,0,1,0,3,0,3,1,0,0,0
gen_03824,7,-6.799,ok,1,0,0,0,4,5,0,0,0,0,0
gen_03825,1,-7.985,ok,1,0,1,1,5,3,4,0,0,0,0
gen_03825,2,-7.981,ok,1,0,1,1,5,3,4,0,0,0,0
gen_03825,3,-7.94,ok,1,0,1,1,5,3,4,0,0,0,0
gen_03825,4,-7.912,ok,1,0,1,1,5,3,4,0,0,0,0
gen_03825,5,-7.887,ok,1,0,1,1,5,3,3,0,0,0,0
gen_03825,6,-7.858,ok,1,0,1,1,5,3,4,0,0,0,0
gen_03825,7,-7.857,ok,1,0,1,1,4,6,3,1,0,0,0
gen_03825,8,-7.855,ok,1,0,1,1,5,3,4,0,0,0,0
gen_03825,9,-7.855,ok,1,0,1,1,5,3,4,0,0,0,0
gen_03825,10,-7.786,ok,1,0,1,1,5,3,4,0,0,0,0
gen_03826,1,-7.81,ok,1,0,0,1,4,1,3,0,0,0,0
gen_03826,2,-7.788,ok,1,0,0,1,4,3,2,0,0,0,0
gen_03826,3,-7.78,ok,1,0,0,1,4,1,3,0,0,0,0
gen_03826,4,-7.776,ok,1,0,0,1,4,2,3,0,0,0,0
gen_03826,5,-7.744,ok,1,0,0,1,4,3,2,0,0,0,0
gen_03826,6,-7.714,ok,0,0,0,1,3,2,2,0,0,0,0
gen_03826,7,-7.659,ok,0,0,0,1,3,1,3,0,0,0,0
gen_03827,1,-7.831,ok,1,0,1,0,4,5,0,1,0,0,0
gen_03827,2,-7.781,ok,1,0,1,1,4,5,1,1,0,0,0
gen_03828,1,-7.543,ok,1,0,0,1,5,3,2,0,0,0,1
gen_03828,2,-7.495,ok,1,0,0,1,5,3,2,0,0,0,1
gen_03828,3,-7.233,ok,0,0,0,1,3,1,1,0,1,0,1
gen_03828,4,-7.227,ok,0,0,0,1,3,1,1,0,1,0,1
gen_03828,5,-7.21,ok,0,0,0,1,3,1,1,0,1,0,1
gen_03828,6,-7.11,ok,1,0,0,0,4,1,0,0,0,0,1
gen_03829,1,-7.254,ok,1,0,0,1,4,5,1,1,1,0,0
gen_03829,2,-7.209,ok,1,0,1,1,4,7,3,0,0,0,0
gen_03829,3,-7.148,ok,1,0,0,0,4,5,0,1,1,0,0
gen_03830,1,-8.258,ok,1,0,0,1,4,7,1,0,0,0,0
gen_03830,2,-8.244,ok,1,0,0,0,4,7,0,0,0,0,0
gen_03830,3,-8.203,ok,1,0,0,0,4,8,0,0,0,0,0
gen_03830,4,-8.197,ok,1,0,0,0,4,7,0,0,0,0,0
gen_03830,5,-8.196,ok,1,0,0,0,4,8,0,0,0,0,0
gen_03830,6,-8.17,ok,1,0,0,0,4,8,0,0,0,0,0
gen_03830,7,-8.167,ok,1,0,0,0,4,8,0,0,0,0,0
gen_03830,8,-8.164,ok,1,0,0,0,4,8,0,0,0,0,0
gen_03830,9,-8.153,ok,1,0,0,0,4,8,1,0,0,0,0
gen_03830,10,-8.14,ok,1,0,0,0,4,8,0,0,0,0,0
gen_03831,1,-8.062,ok,1,0,0,1,4,5,4,0,0,0,0
gen_03831,2,-7.98,ok,1,0,0,1,4,5,4,0,0,0,0
gen_03831,3,-7.973,ok,1,0,0,1,4,5,3,0,0,0,0
gen_03831,4,-7.961,ok,1,0,0,1,4,5,4,0,0,0,0
gen_03832,1,-6.693,ok,1,0,0,0,4,6,0,0,0,0,0
gen_03832,2,-6.64,ok,1,0,1,0,4,6,1,0,0,0,0
gen_03833,1,-7.352,ok,1,0,1,1,4,5,3,0,0,0,0
gen_03833,2,-7.263,ok,1,0,1,1,4,5,4,0,0,0,0
gen_03833,3,-7.238,ok,1,0,1,1,4,5,4,0,0,0,0
gen_03833,4,-7.233,ok,1,0,1,1,4,5,4,0,0,0,0
gen_03833,5,-7.113,ok,1,0,1,0,4,6,3,0,0,0,0
gen_03833,6,-7.108,ok,1,0,1,0,4,6,2,1,0,0,0
gen_03834,1,-7.273,ok,1,1,0,1,4,7,4,0,0,0,0
gen_03834,2,-7.271,ok,0,1,0,1,3,7,4,0,0,0,0
gen_03834,3,-7.15,ok,0,1,0,1,0,5,3,0,0,0,0
gen_03834,4,-7.105,ok,0,1,0,1,0,6,4,0,0,0,0
gen_03834,5,-7.086,ok,0,1,0,1,0,6,3,0,0,0,0
gen_03835,1,-8.019,ok,1,0,0,1,4,7,2,1,0,0,0
gen_03835,2,-8.018,ok,1,0,0,1,4,7,2,1,0,0,0
gen_03836,1,-8.524,ok,1,0,0,1,4,10,3,0,0,0,0
gen_03836,2,-8.398,ok,0,0,0,1,3,8,2,0,0,0,0
gen_03836,3,-8.354,ok,0,0,0,1,3,7,4,0,0,0,0
gen_03836,4,-8.35,ok,1,0,0,1,4,7,3,0,0,0,0
gen_03836,5,-8.325,ok,0,0,0,1,3,7,4,0,0,0,0
gen_03836,6,-8.267,ok,1,0,0,1,4,7,3,0,0,0,0
gen_03836,7,-8.222,ok,1,0,0,1,4,8,2,0,0,0,0
gen_03836,8,-8.151,ok,1,0,0,1,4,10,3,0,0,0,0
gen_03836,9,-2.408,ok,0,0,0,1,3,8,4,0,0,0,0
gen_03837,1,-7.421,ok,1,0,1,1,4,5,2,0,0,0,0
gen_03837,2,-7.401,ok,1,0,1,1,4,4,2,0,0,0,0
gen_03837,3,-7.386,ok,0,0,1,1,0,4,4,0,0,0,0
gen_03837,4,-7.379,ok,1,0,1,1,4,4,2,0,0,0,0
gen_03837,5,-7.35,ok,0,0,1,1,3,4,6,0,0,0,0
gen_03837,6,-7.291,ok,0,0,1,1,3,4,5,0,0,0,0
gen_03838,1,-7.009,ok,0,0,1,1,0,1,2,0,0,0,0
gen_03838,2,-7.007,ok,0,0,1,1,0,1,2,0,0,0,0
gen_03839,1,-93.862,ok,0,0,0,1,0,1,5,0,0,0,0
gen_03840,1,-7.549,ok,1,0,1,1,4,7,3,0,0,0,0
gen_03840,2,-7.506,ok,1,0,1,0,4,7,1,0,0,0,0
gen_03841,1,-6.834,ok,0,0,1,1,3,2,3,0,0,0,0
gen_03841,2,-6.808,ok,0,0,1,1,3,2,3,0,0,0,0
gen_03841,3,-6.794,ok,0,0,1,1,3,2,3,0,0,0,0
gen_03841,4,-6.791,ok,0,0,1,1,3,2,3,0,0,0,0
gen_03841,5,-6.788,ok,0,0,1,1,3,2,3,0,0,0,0
gen_03842,1,-7.449,ok,1,0,0,1,4,5,1,0,0,0,0
gen_03842,2,-7.445,ok,1,0,0,1,4,6,1,0,0,0,0
gen_03842,3,-7.373,ok,1,0,0,1,4,5,1,0,0,0,0
gen_03842,4,-7.369,ok,1,0,0,1,4,6,1,0,0,0,0
gen_03842,5,-7.279,ok,1,0,1,0,4,4,1,0,0,0,0
gen_03842,6,-7.272,ok,1,0,1,0,4,6,1,0,0,0,0
gen_03842,7,-7.196,ok,1,0,1,0,4,7,1,0,0,0,0
gen_03843,1,-7.643,ok,1,0,0,0,4,6,1,0,0,0,0
gen_03843,2,-7.632,ok,1,0,0,0,4,6,1,0,0,0,0
gen_03843,3,-7.579,ok,1,0,0,0,4,6,1,0,0,0,0
gen_03843,4,-7.528,ok,1,0,0,0,4,6,1,0,0,0,0
gen_03843,5,-7.317,ok,0,0,1,1,0,1,5,0,1,0,0
gen_03843,6,-7.275,ok,0,0,0,1,0,1,2,0,0,0,0
gen_03844,1,-7.926,ok,1,0,1,1,4,5,3,1,0,0,0
gen_03844,2,-7.839,ok,1,0,1,1,4,6,3,1,0,0,0
gen_03845,1,-7.378,ok,1,0,1,0,4,1,2,0,0,0,0
gen_03845,2,-7.371,ok,1,0,1,1,4,3,2,0,1,0,0
gen_03845,3,-7.366,ok,1,0,1,0,4,1,2,0,0,0,0
gen_03845,4,-7.336,ok,1,0,1,1,4,3,2,0,1,0,0
gen_03845,5,-7.191,ok,1,0,1,1,4,2,3,0,1,0,0
gen_03846,1,-7.204,ok,1,0,1,1,4,1,3,0,2,0,0
gen_03846,2,-7.187,ok,1,0,1,1,4,1,3,0,2,0,0
gen_03846,3,-7.183,ok,1,0,1,1,4,1,3,0,2,0,0
gen_03846,4,-7.18,ok,1,0,0,1,4,1,2,0,2,0,0
gen_03847,1,-7.064,ok,0,0,0,1,3,3,1,0,0,0,0
gen_03848,1,-7.903,ok,0,0,1,1,3,6,2,2,0,0,0
gen_03848,2,-7.877,ok,1,0,1,1,4,6,3,2,0,0,0
gen_03848,3,-7.865,ok,1,0,1,1,4,6,3,2,0,0,0
gen_03848,4,-7.855,ok,1,0,1,1,4,6,2,2,0,0,0
gen_03848,5,-7.835,ok,1,0,1,1,4,5,1,2,0,0,0
gen_03848,6,-7.834,ok,1,0,1,1,4,5,1,2,0,0,0
gen_03848,7,-7.819,ok,1,0,1,1,4,6,3,2,0,0,0
gen_03848,8,-7.702,ok,1,0,1,1,5,3,2,2,0,0,0
gen_03848,9,-7.605,ok,1,0,1,1,5,3,2,2,0,0,0
gen_03848,10,-7.603,ok,1,0,1,1,5,3,3,2,0,0,0
gen_03848,11,-7.502,ok,1,0,1,1,4,2,3,0,0,0,0
gen_03848,12,-7.461,ok,1,0,1,1,4,1,3,0,0,0,0
gen_03849,1,-6.816,ok,1,0,0,1,4,6,2,0,0,0,0
gen_03849,2,-6.78,ok,1,0,0,1,4,6,3,0,0,0,0
gen_03850,1,-8.161,ok,1,0,1,1,4,6,5,0,0,0,0
gen_03850,2,-8.16,ok,1,0,1,1,4,6,5,0,0,0,0
gen_03850,3,-8.144,ok,1,0,0,1,4,3,5,0,0,0,0
gen_03850,4,-8.122,ok,1,0,0,1,4,3,5,0,0,0,0
gen_03850,5,-8.105,ok,1,0,0,1,4,3,5,0,0,0,0
gen_03850,6,-8.073,ok,1,0,1,1,4,5,4,0,0,0,0
gen_03850,7,-8.071,ok,1,0,0,1,4,3,6,0,0,0,0
gen_03850,8,-8.064,ok,1,0,1,1,4,6,5,0,0,0,0
gen_03850,9,-8.052,ok,1,0,0,1,4,3,5,0,0,0,0
gen_03851,1,-7.976,ok,1,0,1,1,5,3,4,1,0,0,0
gen_03851,2,-7.971,ok,1,0,1,1,5,3,4,1,0,0,0
gen_03851,3,-7.967,ok,1,0,1,1,5,3,4,1,0,0,0
gen_03851,4,-7.956,ok,1,0,1,1,5,3,4,1,0,0,0
gen_03852,1,-7.513,ok,1,0,0,1,4,5,3,1,0,0,0
gen_03852,2,-7.346,ok,1,0,0,1,4,6,1,0,0,0,0
gen_03852,3,-7.269,ok,1,0,1,1,4,5,1,0,0,0,1
gen_03852,4,-7.22,ok,1,0,0,1,4,6,1,0,0,0,0
gen_03852,5,-7.203,ok,1,0,0,1,4,5,1,0,0,0,0
gen_03853,1,-6.909,ok,0,0,1,1,3,5,2,1,0,0,0
gen_03853,2,-6.906,ok,1,0,0,1,4,6,1,0,0,0,0
gen_03853,3,-6.853,ok,0,0,0,1,3,2,2,0,1,0,0
gen_03853,4,-6.835,ok,1,0,0,1,4,7,2,0,0,0,0
gen_03853,5,-6.811,ok,0,0,1,1,3,2,3,0,1,0,0
gen_03853,6,-6.798,ok,0,0,1,1,3,2,3,0,1,0,0
gen_03853,7,-6.765,ok,1,0,0,1,4,7,1,0,0,0,0
gen_03853,8,-6.714,ok,0,0,1,1,3,5,5,0,0,0,0
gen_03853,9,-6.699,ok,0,0,1,1,3,6,5,0,0,0,0
gen_03854,1,-6.921,ok,1,0,1,1,4,7,1,0,0,0,0
gen_03854,2,-6.915,ok,1,0,1,1,4,6,1,0,0,0,0
gen_03854,3,-6.915,ok,1,0,1,1,4,6,1,0,0,0,0
gen_03854,4,-6.905,ok,1,0,1,1,4,7,1,0,0,0,0
gen_03854,5,-6.898,ok,1,0,1,1,4,7,1,0,0,0,0
gen_03854,6,-6.892,ok,1,0,1,1,4,6,1,0,0,0,0
gen_03854,7,-6.884,ok,1,0,1,1,4,7,1,0,0,0,0
gen_03854,8,-6.842,ok,1,0,1,1,4,6,1,0,0,0,0
gen_03854,9,-6.825,ok,1,0,1,1,4,6,1,0,0,0,0
gen_03855,1,-7.385,ok,1,0,1,0,4,5,1,0,0,0,0
gen_03855,2,-7.384,ok,1,0,1,0,4,5,1,0,0,0,0
gen_03855,3,-7.373,ok,1,0,1,0,4,5,1,0,0,0,0
gen_03855,4,-7.37,ok,1,0,1,0,4,5,1,0,0,0,0
gen_03856,1,-7.281,ok,1,0,0,1,4,7,2,0,0,0,0
gen_03856,2,-7.227,ok,1,0,1,1,4,6,1,0,0,0,0
gen_03856,3,-7.147,ok,1,0,0,1,4,5,2,0,0,0,0
gen_03856,4,-7.133,ok,1,0,1,1,4,7,2,0,0,0,0
gen_03856,5,-7.129,ok,1,0,0,1,4,7,1,0,0,0,0
gen_03856,6,-7.123,ok,1,0,0,1,4,7,2,0,0,0,1
gen_03856,7,-7.074,ok,1,0,0,1,4,6,1,0,0,0,0
gen_03856,8,-7.058,ok,1,0,1,1,4,7,2,0,0,0,0
gen_03856,9,-7.037,ok,1,0,0,1,4,6,2,0,0,0,0
gen_03856,10,-7.026,ok,1,0,0,1,4,6,3,0,0,0,1
gen_03856,11,-6.976,ok,1,0,0,1,4,6,2,0,0,0,0
gen_03857,1,-6.185,ok,1,0,1,0,4,5,1,1,0,0,0
gen_03857,2,-6.175,ok,0,0,0,1,3,1,3,0,0,0,0
gen_03857,3,-6.148,ok,0,0,0,1,3,1,3,0,0,0,0
gen_03857,4,-6.144,ok,1,0,1,0,4,5,1,1,0,0,0
gen_03858,1,-6.911,ok,0,0,0,1,3,8,3,0,0,0,0
gen_03858,2,-6.822,ok,1,0,0,1,4,6,2,1,0,0,0
gen_03858,3,-6.795,ok,1,0,0,1,4,8,3,0,0,0,0
gen_03858,4,-6.693,ok,0,0,0,1,3,7,3,0,0,0,0
gen_03858,5,-6.641,ok,0,0,0,1,3,7,3,0,0,0,0
gen_03859,1,-7.41,ok,1,0,1,1,4,1,4,0,0,0,0
gen_03859,2,-7.378,ok,0,0,0,1,0,0,3,0,0,0,0
gen_03859,3,-7.372,ok,1,0,1,1,4,1,4,0,0,0,0
gen_03859,4,-7.368,ok,1,0,1,1,4,0,4,0,0,0,0
gen_03859,5,-7.367,ok,0,0,0,1,0,0,3,0,0,0,0
gen_03859,6,-7.353,ok,0,0,0,1,3,4,1,0,0,0,0
gen_03859,7,-7.285,ok,0,0,0,1,3,4,1,0,0,0,0
gen_03859,8,-7.219,ok,0,0,0,1,0,2,3,0,1,0,0
gen_03860,1,-7.325,ok,1,0,0,1,5,6,1,0,0,0,0
gen_03860,2,-7.299,ok,1,0,0,1,5,6,1,0,0,0,0
gen_03860,3,-7.294,ok,1,0,0,1,5,6,1,0,0,0,0
gen_03860,4,-7.269,ok,1,0,0,1,5,6,1,0,0,0,0
gen_03861,1,-6.768,ok,1,0,0,1,4,6,1,0,0,0,0
gen_03861,2,-6.761,ok,1,0,0,1,4,6,1,0,0,0,0
gen_03862,1,-7.508,ok,1,0,0,1,4,5,2,0,0,0,0
gen_03862,2,-7.497,ok,1,0,0,1,4,5,2,0,0,0,0
gen_03863,1,-6.874,ok,0,0,0,1,3,6,3,0,0,0,0
gen_03863,2,-6.848,ok,0,0,0,1,3,6,3,0,0,0,0
gen_03863,3,-6.796,ok,0,0,0,1,3,6,3,0,0,0,0
gen_03863,4,-6.793,ok,1,0,0,1,4,1,2,0,0,0,0
gen_03863,5,-6.786,ok,1,0,0,1,4,1,2,0,0,0,0
gen_03863,6,-6.777,ok,1,0,0,1,4,1,2,0,0,0,0
gen_03863,7,-6.772,ok,1,0,0,1,4,1,2,0,0,0,0
gen_03863,8,-6.77,ok,0,0,0,1,3,6,3,0,0,0,0
gen_03863,9,-6.766,ok,1,0,0,1,4,1,2,0,0,0,0
gen_03864,1,-7.632,ok,1,0,0,0,5,7,0,0,0,0,0
gen_03864,2,-7.166,ok,1,0,1,0,4,7,2,0,0,0,0
gen_03864,3,-7.144,ok,1,0,1,0,4,6,2,0,0,0,0
gen_03864,4,-7.115,ok,1,0,1,0,4,7,2,0,0,0,0
gen_03864,5,-6.996,ok,1,0,1,0,4,5,2,0,0,0,0
gen_03864,6,-6.973,ok,0,0,1,1,0,1,1,1,0,0,0
gen_03864,7,-6.923,ok,0,0,1,0,0,1,0,1,0,0,0
gen_03865,1,-8.431,ok,1,0,1,1,4,7,3,0,0,0,0
gen_03865,2,-8.424,ok,1,0,1,1,4,6,3,0,0,0,0
gen_03866,1,-7.408,ok,1,0,1,1,4,5,3,0,0,0,0
gen_03866,2,-7.358,ok,1,0,1,1,4,5,3,0,0,0,0
gen_03866,3,-7.22,ok,1,0,1,1,4,8,3,0,0,0,0
gen_03866,4,-7.172,ok,1,0,1,1,4,8,3,0,0,0,0
gen_03866,5,-7.017,ok,1,0,0,1,4,6,3,0,0,0,0
gen_03866,6,-6.999,ok,0,0,1,1,0,5,4,0,0,0,0
gen_03866,7,-6.984,ok,0,0,1,1,0,4,4,0,0,0,0
gen_03866,8,-6.88,ok,0,0,1,1,3,1,1,1,0,0,0
gen_03867,1,-6.832,ok,1,0,1,0,4,5,1,0,0,0,0
gen_03867,2,-6.803,ok,0,0,1,0,3,5,1,0,0,0,0
gen_03867,3,-6.8,ok,1,0,1,0,4,6,1,0,0,0,0
gen_03868,1,-7.319,ok,0,0,0,1,0,3,4,0,0,0,0
gen_03868,2,-7.311,ok,0,0,0,1,0,3,4,0,0,0,0
gen_03868,3,-7.272,ok,0,0,0,1,0,3,3,0,0,0,0
gen_03869,1,-8.242,ok,1,0,1,1,4,7,4,0,0,0,0
gen_03869,2,-8.233,ok,1,0,1,1,4,7,4,0,0,0,0
gen_03870,1,-8.031,ok,1,0,1,0,4,2,3,1,0,0,0
gen_03870,2,-7.916,ok,1,1,1,0,4,5,3,1,0,0,0
gen_03870,3,-7.798,ok,1,0,1,1,4,3,5,0,0,0,0
gen_03871,1,-8.64,ok,1,0,0,1,4,5,6,0,0,0,0
gen_03871,2,-8.608,ok,1,0,0,1,4,5,8,0,0,0,0
gen_03871,3,-8.604,ok,1,0,0,1,5,5,4,0,0,0,0
gen_03871,4,-8.603,ok,1,0,0,1,4,5,5,0,0,0,0
gen_03871,5,-8.569,ok,1,0,0,1,5,5,4,0,0,0,0
gen_03871,6,-8.545,ok,1,0,0,1,5,6,4,0,0,0,0
gen_03871,7,-8.535,ok,1,0,0,1,4,5,6,0,0,0,0
gen_03871,8,-8.512,ok,1,0,0,1,4,5,7,0,0,0,0
gen_03871,9,-8.506,ok,1,0,0,1,5,6,4,0,0,0,0
gen_03871,10,-8.484,ok,1,0,0,1,5,5,4,0,0,0,0
gen_03871,11,-8.477,ok,1,0,0,1,5,5,4,0,0,0,0
gen_03872,1,-7.44,ok,1,0,0,1,4,4,1,0,0,0,0
gen_03872,2,-7.421,ok,1,0,0,1,4,4,1,0,0,0,0
gen_03873,1,-7.631,ok,1,0,0,1,4,9,3,0,0,0,0
gen_03873,2,-7.566,ok,1,0,0,1,4,9,3,0,0,0,0
gen_03873,3,-7.555,ok,0,0,0,1,3,4,2,0,0,0,0
gen_03873,4,-7.551,ok,1,0,0,1,4,7,3,0,0,0,0
gen_03873,5,-7.531,ok,0,0,0,1,3,4,2,0,0,0,0
gen_03873,6,-7.389,ok,1,0,0,1,4,2,2,0,1,0,0
gen_03873,7,-7.319,ok,1,0,0,1,4,3,2,0,1,0,0
gen_03874,1,-7.233,ok,1,0,0,1,4,5,3,0,0,0,0
gen_03874,2,-7.189,ok,1,0,0,1,4,5,3,0,0,0,0
gen_03875,1,-8.001,ok,0,1,1,1,3,6,3,1,0,0,0
gen_03875,2,-7.927,ok,0,1,1,1,3,6,3,1,0,0,0
gen_03875,3,-7.688,ok,0,1,1,1,3,6,3,0,0,0,0
gen_03875,4,-7.669,ok,0,1,1,1,3,6,3,0,0,0,0
gen_03875,5,-7.659,ok,1,0,1,1,4,6,3,0,0,0,0
gen_03875,6,-7.64,ok,1,0,1,1,4,7,2,0,0,0,0
gen_03875,7,-7.636,ok,1,0,1,1,4,7,2,0,0,0,0
gen_03875,8,-7.627,ok,1,0,1,1,4,7,2,0,0,0,0
gen_03875,9,-7.606,ok,1,0,1,1,4,7,2,0,0,0,0
gen_03876,1,-7.268,ok,1,0,1,1,4,5,4,1,0,0,1
gen_03876,2,-7.26,ok,1,0,1,1,4,5,3,1,0,0,0
gen_03876,3,-7.256,ok,1,0,1,1,4,5,3,1,0,0,1
gen_03876,4,-7.14,ok,0,0,1,1,3,5,2,0,0,0,1
gen_03876,5,-7.139,ok,0,0,1,1,3,5,2,0,0,0,1
gen_03876,6,-7.106,ok,0,0,1,1,3,5,2,0,0,0,1
gen_03876,7,-7.08,ok,1,0,0,1,4,3,2,1,0,0,0
gen_03877,1,-6.435,ok,1,1,0,1,5,5,2,0,0,0,0
gen_03877,2,-6.394,ok,1,0,0,1,4,5,2,0,0,0,0
gen_03877,3,-6.366,ok,1,0,0,1,4,6,2,0,0,0,0
gen_03878,1,-8.463,ok,1,0,0,1,5,4,3,0,0,0,0
gen_03878,2,-8.461,ok,1,0,0,1,4,2,4,0,0,0,1
gen_03878,3,-8.459,ok,1,0,0,1,4,4,4,0,0,0,1
gen_03878,4,-8.434,ok,1,0,0,1,5,4,3,0,0,0,0
gen_03879,1,-9.041,ok,1,0,0,1,5,4,1,0,0,0,0
gen_03880,1,-7.155,ok,1,1,1,1,4,4,5,0,0,0,0
gen_03880,2,-7.141,ok,1,1,1,0,4,4,4,0,0,0,0
gen_03880,3,-7.129,ok,1,1,1,1,4,4,5,0,0,0,0
gen_03880,4,-7.083,ok,1,1,1,1,4,4,5,0,0,0,0
gen_03881,1,-8.289,ok,1,0,0,1,5,3,2,0,0,0,0
gen_03881,2,-8.163,ok,0,0,0,1,3,4,1,0,0,0,0
gen_03882,1,-7.17,ok,1,0,0,1,5,3,1,1,0,0,0
gen_03882,2,-7.057,ok,1,0,1,1,4,5,3,0,0,0,0
gen_03883,1,-6.923,ok,1,0,0,1,4,6,2,0,0,0,0
gen_03884,1,-7.476,ok,0,0,0,1,3,5,3,0,0,0,0
gen_03884,2,-7.411,ok,0,0,0,1,3,5,4,0,0,0,0
gen_03885,1,-6.579,ok,1,0,1,0,4,7,0,1,0,0,0
gen_03885,2,-6.556,ok,1,0,1,1,4,8,2,1,0,0,0
gen_03885,3,-6.537,ok,1,0,1,1,4,7,2,0,0,0,0
gen_03885,4,-6.515,ok,1,0,1,1,4,7,2,0,0,0,0
gen_03885,5,-6.508,ok,1,0,1,0,4,6,0,1,0,0,0
gen_03886,1,-6.526,ok,0,1,0,1,0,5,3,0,0,0,0
gen_03886,2,-6.419,ok,1,0,1,1,4,1,3,0,0,0,0
gen_03887,1,-7.679,ok,0,1,1,1,3,6,3,0,0,0,0
gen_03887,2,-7.657,ok,1,1,1,1,4,6,3,0,0,0,0
gen_03887,3,-7.637,ok,1,1,1,1,4,6,2,0,0,0,0
gen_03887,4,-7.552,ok,1,1,1,1,4,6,3,0,0,0,0
gen_03888,1,-7.631,ok,1,0,0,1,4,4,2,1,0,0,0
gen_03888,2,-7.614,ok,0,0,0,1,3,4,4,0,0,0,0
gen_03888,3,-7.612,ok,1,0,0,1,4,5,2,1,0,0,0
gen_03888,4,-7.604,ok,0,0,0,1,3,4,4,0,0,0,0
gen_03889,1,-7.48,ok,0,0,1,1,3,5,3,0,0,0,1
gen_03889,2,-7.394,ok,0,0,1,1,3,4,3,0,0,0,0
gen_03889,3,-7.241,ok,1,0,0,1,4,6,2,0,0,0,0
gen_03889,4,-7.215,ok,1,0,0,1,4,5,1,0,0,0,0
gen_03889,5,-7.213,ok,1,0,0,1,4,6,2,0,0,0,0
gen_03889,6,-7.203,ok,1,0,0,1,4,5,2,0,0,0,0
gen_03889,7,-7.203,ok,1,0,0,1,4,5,2,0,0,0,0
gen_03889,8,-7.195,ok,1,0,0,1,4,5,2,0,0,0,0
gen_03889,9,-7.193,ok,1,0,0,1,4,6,1,0,0,0,0
gen_03889,10,-7.144,ok,1,0,0,1,4,5,2,0,0,0,0
gen_03890,1,-9.077,ok,1,1,1,0,5,8,0,1,0,0,1
gen_03891,1,-7.642,ok,1,0,0,1,4,7,3,0,0,0,0
gen_03891,2,-7.564,ok,1,0,0,1,4,7,2,0,0,0,0
gen_03891,3,-7.551,ok,1,0,0,1,4,7,3,0,0,0,0
gen_03892,1,-8.222,ok,1,0,0,1,4,2,4,0,0,0,0
gen_03892,2,-8.115,ok,1,0,0,1,4,1,3,0,0,0,0
gen_03893,1,-6.744,ok,1,0,0,0,4,6,1,0,0,0,0
gen_03893,2,-6.717,ok,1,0,0,0,4,6,1,0,0,0,0
gen_03894,1,-7.482,ok,1,0,0,1,4,5,3,1,0,0,0
gen_03894,2,-7.439,ok,1,0,0,1,4,6,2,1,0,0,0
gen_03894,3,-7.29,ok,1,0,0,1,4,5,3,0,0,0,0
gen_03894,4,-7.268,ok,1,0,1,1,4,0,3,1,0,0,0
gen_03894,5,-7.097,ok,1,0,1,1,4,6,4,0,0,0,0
gen_03895,1,-8.226,ok,1,0,1,1,4,7,2,0,0,0,0
gen_03895,2,-8.159,ok,1,0,1,1,4,7,2,0,0,0,0
gen_03895,3,-8.133,ok,1,0,1,1,4,8,2,0,0,0,0
gen_03895,4,-8.115,ok,1,0,1,1,4,9,2,0,0,0,0
gen_03895,5,-8.111,ok,1,0,1,0,4,9,1,0,0,0,0
gen_03895,6,-8.079,ok,1,0,1,1,4,2,2,0,1,0,0
gen_03895,7,-8.069,ok,1,0,1,1,4,2,2,0,1,0,0
gen_03895,8,-8.041,ok,1,0,1,1,4,2,2,0,1,0,0
gen_03895,9,-8.013,ok,1,0,1,1,4,2,2,0,1,0,0
gen_03895,10,-7.91,ok,1,0,1,1,4,2,2,0,1,0,0
gen_03896,1,-7.516,ok,1,0,0,1,5,3,4,0,0,0,0
gen_03896,2,-7.393,ok,1,0,0,1,4,3,4,0,0,0,0
gen_03896,3,-7.356,ok,1,0,0,1,5,3,4,0,0,0,0
gen_03897,1,-7.141,ok,0,0,0,0,3,5,1,0,0,0,0
gen_03897,2,-7.129,ok,0,0,0,0,3,5,1,0,0,0,0
gen_03898,1,-7.847,ok,1,0,0,1,4,5,3,0,0,0,0
gen_03898,2,-7.846,ok,1,0,0,1,4,5,3,0,0,0,0
gen_03898,3,-7.8,ok,1,0,0,1,4,5,3,0,0,0,0
gen_03899,1,-6.638,ok,1,0,0,1,4,5,2,0,0,0,0
gen_03900,1,-7.618,ok,1,0,1,1,4,5,3,0,0,0,1
gen_03900,2,-7.568,ok,1,0,1,1,4,5,4,0,0,0,1
gen_03901,1,-7.681,ok,1,0,1,1,4,5,3,1,0,0,2
gen_03901,2,-7.669,ok,1,0,1,1,4,6,3,1,0,0,1
gen_03901,3,-7.663,ok,1,0,1,1,4,5,3,1,0,0,2
gen_03901,4,-7.662,ok,1,0,1,1,4,5,3,1,0,0,1
gen_03901,5,-7.641,ok,1,0,1,1,4,4,3,1,0,0,1
gen_03901,6,-7.638,ok,1,0,1,1,4,5,3,1,0,0,2
gen_03902,1,-8.36,ok,1,0,0,1,4,7,3,1,0,0,0
gen_03902,2,-8.334,ok,1,0,0,1,4,8,4,1,0,0,0
gen_03903,1,-8.012,ok,1,0,0,1,4,5,2,0,0,0,0
gen_03904,1,-7.594,ok,1,0,0,1,4,5,2,0,0,0,0
gen_03904,2,-7.557,ok,1,0,0,1,4,5,1,0,0,0,0
gen_03905,1,-8.754,ok,1,0,1,1,4,3,4,0,0,0,0
gen_03905,2,-8.754,ok,1,0,1,1,4,3,4,0,0,0,0
gen_03905,3,-8.71,ok,1,0,1,1,4,4,4,0,0,0,0
gen_03905,4,-8.665,ok,1,0,1,1,4,3,4,0,0,0,0
gen_03906,1,-7.675,ok,1,0,1,1,4,5,5,0,0,0,0
gen_03906,2,-7.646,ok,1,0,1,1,4,5,6,0,0,0,0
gen_03906,3,-7.632,ok,1,0,1,1,4,6,6,0,0,0,0
gen_03906,4,-7.63,ok,1,0,1,1,4,6,6,0,0,0,0
gen_03906,5,-7.553,ok,1,0,0,1,4,5,3,0,0,0,0
gen_03907,1,-6.278,ok,1,0,0,0,4,5,0,0,0,0,0
gen_03908,1,-8.513,ok,0,0,0,1,3,6,4,0,0,0,0
gen_03908,2,-8.482,ok,0,0,0,0,3,6,2,0,0,0,0
gen_03909,1,-7.763,ok,1,0,1,1,5,3,2,1,0,0,0
gen_03909,2,-7.763,ok,1,0,1,1,5,3,2,1,0,0,0
gen_03910,1,-7.65,ok,0,0,0,1,0,5,1,0,0,0,0
gen_03910,2,-7.636,ok,0,0,0,1,0,5,1,0,0,0,0
gen_03910,3,-7.631,ok,0,0,0,1,0,5,1,0,0,0,0
gen_03910,4,-7.583,ok,0,0,0,0,0,5,0,0,0,0,0
gen_03910,5,-7.575,ok,0,0,0,0,0,5,0,0,0,0,0
gen_03910,6,-7.558,ok,0,0,0,1,0,5,1,0,0,0,0
gen_03910,7,-7.496,ok,1,0,1,1,4,7,2,0,0,0,0
gen_03911,1,-7.922,ok,1,0,0,1,4,6,5,0,0,0,0
gen_03911,2,-7.92,ok,1,0,0,1,4,6,4,0,0,0,0
gen_03911,3,-7.916,ok,1,0,0,1,4,5,5,0,0,0,0
gen_03911,4,-7.908,ok,1,0,0,1,4,5,4,0,0,0,0
gen_03912,1,-7.04,ok,0,0,0,1,3,0,2,0,1,0,0
gen_03912,2,-6.946,ok,1,0,0,1,4,5,1,0,0,0,0
gen_03912,3,-6.854,ok,0,0,1,0,3,0,1,0,0,0,1
gen_03912,4,-6.853,ok,0,0,0,1,3,0,2,0,1,0,0
gen_03912,5,-6.813,ok,0,0,1,0,3,0,1,0,0,0,1
gen_03912,6,-6.72,ok,0,0,0,1,3,0,1,0,1,0,0
gen_03913,1,-7.675,ok,1,0,0,1,4,7,3,1,0,0,0
gen_03913,2,-7.643,ok,1,0,0,1,4,4,3,1,0,0,0
gen_03913,3,-7.523,ok,1,0,0,1,4,6,2,1,0,0,0
gen_03914,1,-8.244,ok,0,0,0,1,0,1,4,0,1,0,0
gen_03914,2,-8.171,ok,1,1,0,1,4,6,3,0,0,0,1
gen_03915,1,-7.44,ok,1,0,1,0,4,2,1,0,0,0,0
gen_03915,2,-7.398,ok,1,0,1,0,4,3,1,0,0,0,0
gen_03915,3,-7.344,ok,1,0,1,0,4,2,1,0,0,0,0
gen_03915,4,-7.307,ok,0,0,1,0,0,1,1,0,0,0,0
gen_03915,5,-7.264,ok,0,0,1,0,0,1,1,0,0,0,0
gen_03916,1,-8.312,ok,1,0,0,1,4,7,4,0,0,0,0
gen_03916,2,-8.278,ok,1,0,0,1,4,5,5,0,0,0,0
gen_03916,3,-8.243,ok,1,0,0,0,4,6,0,0,0,0,0
gen_03916,4,-8.235,ok,1,0,0,1,4,6,4,0,0,0,0
gen_03916,5,-8.232,ok,1,0,0,1,4,6,3,0,0,0,1
gen_03916,6,-8.224,ok,1,0,0,1,4,7,2,0,0,0,0
gen_03916,7,-8.192,ok,1,0,0,1,4,5,4,0,0,0,1
gen_03917,1,-7.701,ok,1,0,0,0,4,6,3,0,0,0,0
gen_03917,2,-7.701,ok,1,0,0,0,4,6,3,0,0,0,0
gen_03917,3,-7.635,ok,1,0,0,0,4,5,3,0,0,0,0
gen_03917,4,-7.625,ok,1,0,0,1,4,6,4,0,0,0,0
gen_03917,5,-7.603,ok,1,0,0,1,4,5,4,0,0,0,0
gen_03917,6,-7.589,ok,1,0,0,1,4,5,4,0,0,0,0
gen_03917,7,-7.366,ok,1,0,0,1,4,6,4,0,0,0,0
gen_03917,8,-7.335,ok,0,0,0,1,3,6,6,0,0,0,0
gen_03917,9,-7.297,ok,1,0,0,0,4,5,2,0,0,0,0
gen_03917,10,-7.27,ok,1,0,0,0,4,5,2,0,0,0,0
gen_03917,11,-7.269,ok,1,0,0,1,4,6,4,0,0,0,0
gen_03917,12,-7.262,ok,0,0,0,1,3,3,6,0,0,0,0
gen_03917,13,-7.238,ok,0,0,0,1,3,6,5,0,0,0,0
gen_03917,14,-7.217,ok,1,0,0,1,4,4,4,0,0,0,0
gen_03917,15,-7.152,ok,0,0,0,1,3,3,6,0,0,0,0
gen_03917,16,-6.982,ok,0,0,0,1,3,5,3,0,0,0,0
gen_03918,1,-7.655,ok,1,0,1,1,4,5,5,0,0,0,0
gen_03918,2,-7.646,ok,1,0,1,1,4,5,5,0,0,0,0
gen_03918,3,-7.614,ok,0,0,1,1,3,4,5,0,0,0,0
gen_03918,4,-7.612,ok,0,0,1,1,3,4,4,0,0,0,0
gen_03918,5,-7.597,ok,0,0,0,1,3,3,4,0,0,0,0
gen_03919,1,-7.739,ok,1,0,0,1,4,1,1,0,0,0,0
gen_03920,1,-7.136,ok,0,0,1,1,3,6,3,0,0,0,0
gen_03920,2,-7.118,ok,1,0,1,1,4,7,2,0,0,0,0
gen_03920,3,-7.059,ok,1,0,1,1,4,7,2,0,0,0,0
gen_03920,4,-7.026,ok,1,0,1,1,4,6,2,0,0,0,0
gen_03920,5,-6.974,ok,1,0,1,1,4,6,2,0,0,0,0
gen_03920,6,-6.967,ok,1,0,1,1,4,6,3,0,0,0,0
gen_03920,7,-6.91,ok,1,0,1,1,4,7,1,0,0,0,1
gen_03920,8,-6.904,ok,1,0,1,0,4,6,3,0,0,0,0
gen_03920,9,-6.803,ok,1,0,1,1,5,4,3,0,0,0,0
gen_03920,10,-6.737,ok,1,0,1,1,5,4,4,0,0,0,0
gen_03921,1,-7.346,ok,1,0,1,0,4,7,1,0,0,0,0
gen_03921,2,-7.305,ok,1,0,1,1,4,6,2,0,0,0,0
gen_03921,3,-7.303,ok,1,0,1,1,4,5,2,0,0,0,0
gen_03921,4,-7.294,ok,1,0,1,0,4,7,1,0,0,0,0
gen_03921,5,-7.254,ok,1,0,1,0,4,6,1,0,0,0,0
gen_03921,6,-7.251,ok,1,0,1,0,4,7,0,0,0,0,0
gen_03921,7,-7.191,ok,1,0,1,0,4,5,1,0,0,0,0
gen_03921,8,-7.155,ok,1,0,0,0,4,6,0,0,0,0,0
gen_03921,9,-7.134,ok,1,0,1,1,5,5,4,0,0,0,0
gen_03921,10,-7.047,ok,1,0,0,1,4,5,2,0,0,0,0
gen_03921,11,-6.992,ok,1,0,1,1,4,6,1,1,0,0,0
gen_03921,12,-6.977,ok,1,0,1,1,4,6,2,0,0,0,0
gen_03921,13,-6.97,ok,1,0,1,1,5,4,2,0,0,0,0
gen_03921,14,-6.963,ok,1,0,0,1,5,3,2,0,0,0,0
gen_03922,1,-7.315,ok,1,0,0,1,4,6,3,1,0,0,0
gen_03922,2,-7.3,ok,1,0,0,1,4,6,3,1,0,0,0
gen_03922,3,-7.28,ok,1,0,0,1,4,5,3,1,0,0,0
gen_03922,4,-7.252,ok,1,0,0,1,4,5,3,1,0,0,0
gen_03923,1,-7.334,ok,1,0,0,1,4,3,3,0,0,0,0
gen_03923,2,-7.292,ok,1,0,0,1,4,3,3,0,0,0,0
gen_03924,1,-7.606,ok,1,0,1,1,4,6,4,0,0,0,0
gen_03924,2,-7.605,ok,1,0,1,1,4,5,4,0,0,0,0
gen_03924,3,-7.495,ok,1,0,0,1,5,3,2,0,0,0,0
gen_03925,1,-7.681,ok,0,0,0,1,3,3,2,0,0,0,1
gen_03926,1,-8.183,ok,0,0,0,1,0,3,1,0,0,0,1
gen_03926,2,-8.18,ok,0,0,0,1,0,3,1,0,0,0,1
gen_03926,3,-8.148,ok,0,0,0,1,0,3,1,0,0,0,1
gen_03926,4,-8.126,ok,0,0,0,1,0,3,1,0,0,0,1
gen_03926,5,-8.122,ok,0,0,0,1,0,3,1,0,0,0,1
gen_03926,6,-8.108,ok,0,0,0,1,0,3,1,0,0,0,1
gen_03926,7,-7.987,ok,0,0,0,1,0,3,1,0,0,0,1
gen_03926,8,-7.959,ok,1,0,0,1,4,6,3,0,0,0,1
gen_03926,9,-7.899,ok,1,0,0,1,4,6,3,0,0,0,1
gen_03926,10,-7.829,ok,0,0,0,1,3,3,2,0,0,0,0
gen_03926,11,-7.813,ok,0,0,0,1,3,3,2,0,0,0,0
gen_03926,12,-7.812,ok,0,0,0,1,3,3,2,0,0,0,0
gen_03926,13,-7.802,ok,0,0,0,1,3,3,2,0,0,0,0
gen_03927,1,-7.767,ok,0,0,1,1,3,7,3,0,0,0,0
gen_03927,2,-7.765,ok,1,0,0,1,4,6,3,1,0,0,0
gen_03927,3,-7.73,ok,1,0,0,1,4,7,2,0,0,0,0
gen_03927,4,-7.709,ok,1,0,0,1,4,7,3,1,0,0,0
gen_03927,5,-7.681,ok,1,0,0,1,4,6,3,0,0,0,0
gen_03927,6,-7.651,ok,1,0,0,1,4,5,3,0,0,0,0
gen_03928,1,-6.963,ok,1,0,0,1,4,1,3,0,0,0,0
gen_03928,2,-6.951,ok,1,0,0,1,4,1,4,0,0,0,0
gen_03929,1,-6.363,ok,0,0,0,1,3,2,2,0,0,0,0
gen_03929,2,-6.354,ok,1,0,1,0,4,6,2,0,0,0,0
gen_03929,3,-6.351,ok,0,0,0,1,3,3,2,0,0,0,0
gen_03929,4,-6.323,ok,1,0,1,0,4,6,2,0,0,0,0
gen_03930,1,-7.327,ok,1,0,0,1,4,7,4,1,0,0,0
gen_03930,2,-7.315,ok,1,1,1,1,4,4,3,0,0,0,1
gen_03930,3,-7.266,ok,0,1,0,1,3,6,3,0,0,0,1
gen_03930,4,-7.26,ok,0,1,0,1,3,6,3,0,0,0,1
gen_03930,5,-7.252,ok,1,1,1,1,4,5,4,0,0,0,1
gen_03930,6,-7.201,ok,1,1,1,1,4,4,4,0,0,0,1
gen_03930,7,-7.006,ok,1,0,1,1,5,4,3,0,0,0,0
gen_03930,8,-6.959,ok,0,0,1,0,3,6,2,0,0,0,0
gen_03931,1,-7.125,ok,1,0,0,1,4,3,4,0,0,0,0
gen_03931,2,-7.123,ok,1,0,0,1,5,3,4,0,0,0,0
gen_03931,3,-7.088,ok,1,0,0,1,5,3,4,0,0,0,0
gen_03932,1,-7.383,ok,1,0,0,1,5,3,3,1,0,0,0
gen_03933,1,-7.833,ok,1,0,1,1,5,3,4,1,0,0,0
gen_03933,2,-7.83,ok,1,0,1,1,5,3,4,1,0,0,0
gen_03933,3,-7.83,ok,1,0,1,1,5,3,4,1,0,0,0
gen_03933,4,-7.8,ok,1,0,1,1,5,3,4,1,0,0,0
gen_03933,5,-7.651,ok,1,0,1,1,5,4,5,1,0,0,0
gen_03933,6,-7.398,ok,1,0,0,1,4,5,2,0,0,0,0
gen_03933,7,-7.334,ok,1,0,0,1,4,5,3,0,0,0,0
gen_03933,8,-7.205,ok,0,0,1,1,0,4,4,1,0,0,0
gen_03933,9,-7.099,ok,1,0,1,1,4,6,4,0,0,0,0
gen_03934,1,-7.896,ok,1,0,0,1,4,8,1,0,0,0,0
gen_03934,2,-7.88,ok,1,0,0,1,4,8,1,0,0,0,0
gen_03934,3,-7.768,ok,1,0,0,1,4,8,1,0,0,0,0
gen_03934,4,-7.684,ok,1,0,0,1,4,8,1,0,0,0,0
gen_03934,5,-7.673,ok,1,0,0,1,4,8,2,0,1,0,0
gen_03934,6,-7.665,ok,1,0,0,1,4,8,1,0,0,0,0
gen_03934,7,-7.663,ok,1,0,0,1,4,8,2,0,1,0,0
gen_03934,8,-7.641,ok,1,0,0,1,4,8,2,0,1,0,0
gen_03934,9,-7.028,ok,0,0,0,1,3,6,2,0,0,0,0
gen_03934,10,-7.02,ok,1,0,0,1,4,7,2,0,0,0,0
gen_03935,1,-6.79,ok,1,0,0,1,4,6,2,0,0,0,0
gen_03935,2,-6.79,ok,1,0,0,1,4,6,2,0,0,0,0
gen_03935,3,-6.772,ok,1,0,0,1,4,6,2,0,0,0,0
gen_03935,4,-6.762,ok,1,0,0,1,4,6,2,0,0,0,0
gen_03935,5,-6.721,ok,1,0,0,1,4,6,1,0,0,0,0
gen_03935,6,-6.694,ok,1,0,0,1,4,5,2,0,0,0,0
gen_03935,7,-6.689,ok,0,0,0,1,0,0,3,0,0,0,1
gen_03935,8,-6.656,ok,0,0,0,1,0,0,3,0,0,0,1
gen_03935,9,-6.654,ok,0,0,0,1,3,5,1,0,0,0,0
gen_03935,10,-6.647,ok,0,0,0,1,0,0,3,0,0,0,1
gen_03935,11,-6.629,ok,0,0,1,1,0,1,2,0,0,0,1
gen_03936,1,-8.335,ok,1,0,1,0,4,2,1,0,0,0,0
gen_03936,2,-8.328,ok,1,0,1,0,4,2,0,0,0,0,0
gen_03936,3,-8.323,ok,1,0,1,0,4,2,1,0,0,0,0
gen_03936,4,-8.285,ok,1,1,1,0,4,3,0,0,0,0,0
gen_03936,5,-8.223,ok,1,0,1,0,4,5,2,0,0,0,1
gen_03937,1,-8.074,ok,1,0,1,0,4,7,0,0,0,0,1
gen_03937,2,-8.011,ok,1,0,1,0,4,7,0,0,0,0,1
gen_03938,1,-8.639,ok,0,0,0,1,3,6,4,0,0,0,0
gen_03938,2,-8.608,ok,1,0,1,1,4,7,6,0,0,0,0
gen_03938,3,-8.607,ok,0,1,0,1,3,7,3,0,0,0,0
gen_03938,4,-8.6,ok,1,0,1,1,4,8,5,0,0,0,0
gen_03938,5,-8.573,ok,0,0,0,1,3,8,3,0,0,0,0
gen_03938,6,-8.569,ok,1,0,0,1,4,7,4,0,0,0,0
gen_03938,7,-8.509,ok,0,0,0,1,3,8,3,0,0,0,0
gen_03938,8,-8.492,ok,1,0,0,1,4,7,5,0,0,0,0
gen_03938,9,-8.464,ok,0,1,0,1,3,8,4,0,0,0,0
gen_03938,10,-8.429,ok,1,0,0,1,4,7,4,0,0,0,0
gen_03939,1,-7.583,ok,1,0,0,1,4,4,5,0,0,0,1
gen_03939,2,-7.571,ok,1,0,0,1,4,4,5,0,0,0,1
gen_03939,3,-7.511,ok,1,0,0,1,4,3,2,0,0,0,0
gen_03940,1,-8.358,ok,0,0,0,1,0,1,5,0,1,0,0
gen_03940,2,-8.336,ok,0,0,0,0,3,1,2,0,1,0,0
gen_03941,1,-8.334,ok,0,0,0,0,3,6,2,0,0,0,0
gen_03941,2,-8.296,ok,0,0,0,0,3,6,2,0,0,0,0
gen_03942,1,-7.186,ok,0,0,0,0,3,4,1,0,0,0,0
gen_03942,2,-7.102,ok,1,0,0,0,4,4,1,0,0,0,0
gen_03942,3,-6.861,ok,0,0,0,1,0,3,1,1,0,0,0
gen_03942,4,-6.847,ok,0,0,0,1,0,3,1,1,0,0,0
gen_03942,5,-6.833,ok,0,0,0,1,0,3,1,1,0,0,0
gen_03942,6,-6.824,ok,0,0,0,1,0,2,2,1,0,0,0
gen_03942,7,-6.811,ok,0,0,0,1,0,2,1,1,0,0,0
gen_03942,8,-6.8,ok,0,0,0,0,0,2,1,1,0,0,0
gen_03942,9,-6.795,ok,0,0,0,1,0,2,1,1,0,0,0
gen_03942,10,-6.745,ok,0,0,0,1,0,2,2,1,0,0,0
gen_03942,11,-6.682,ok,0,0,0,1,0,2,1,1,0,0,0
gen_03943,1,-7.14,ok,1,0,1,1,5,4,3,0,0,0,0
gen_03944,1,-7.661,ok,0,0,1,0,0,1,2,1,0,0,1
gen_03944,2,-7.647,ok,0,0,1,0,0,1,2,1,0,0,1
gen_03944,3,-7.508,ok,0,0,1,0,0,1,2,1,0,0,1
gen_03944,4,-7.475,ok,0,0,1,0,0,0,2,1,0,0,1
gen_03944,5,-7.432,ok,0,0,0,1,3,3,3,0,0,0,1
gen_03944,6,-7.352,ok,0,1,0,1,3,4,1,1,1,0,3
gen_03944,7,-7.349,ok,0,1,0,1,3,4,1,1,1,0,3
gen_03944,8,-7.347,ok,0,0,1,0,0,1,2,1,0,0,1
gen_03944,9,-7.306,ok,0,1,0,1,3,4,1,1,1,0,2
gen_03945,1,-7.151,ok,1,0,1,0,4,6,3,0,0,0,0
gen_03945,2,-7.151,ok,1,0,1,0,4,6,3,0,0,0,0
gen_03945,3,-7.135,ok,1,0,1,0,4,7,3,0,0,0,0
gen_03945,4,-7.133,ok,1,0,1,0,4,7,3,0,0,0,0
gen_03946,1,-7.957,ok,0,0,1,1,3,6,4,0,0,0,0
gen_03946,2,-7.842,ok,0,0,1,1,3,6,3,0,0,0,0
gen_03946,3,-7.841,ok,0,0,0,1,3,6,3,0,0,0,0
gen_03946,4,-7.767,ok,0,0,1,1,3,7,4,0,0,0,0
gen_03946,5,-7.662,ok,0,0,0,1,3,7,3,0,0,0,0
gen_03946,6,-7.462,ok,0,1,1,1,0,7,4,0,0,0,0
gen_03946,7,-7.407,ok,0,1,1,1,0,7,4,0,0,0,0
gen_03947,1,-8.098,ok,0,0,0,1,3,3,5,0,0,0,0
gen_03947,2,-8.09,ok,0,0,0,1,3,3,4,0,0,0,0
gen_03948,1,-7.603,ok,1,0,1,1,4,5,3,1,0,0,0
gen_03948,2,-7.525,ok,1,0,1,1,4,5,3,1,0,0,0
gen_03948,3,-7.51,ok,1,0,0,1,4,5,4,0,0,0,0
gen_03948,4,-7.496,ok,1,0,1,0,4,6,1,1,0,0,0
gen_03949,1,-7.003,ok,1,0,1,1,4,8,1,0,0,0,0
gen_03949,2,-6.904,ok,1,0,1,1,4,7,1,0,0,0,0
gen_03949,3,-6.87,ok,1,0,1,1,4,7,2,0,0,0,0
gen_03949,4,-6.81,ok,1,0,1,1,4,6,1,0,0,0,0
gen_03949,5,-6.579,ok,0,0,0,1,3,3,1,1,0,0,0
gen_03949,6,-6.546,ok,0,1,0,1,3,6,3,0,0,0,0
gen_03949,7,-6.528,ok,0,1,0,1,3,6,3,0,0,0,0
gen_03950,1,-7.834,ok,1,0,0,1,4,4,3,0,0,0,0
gen_03950,2,-7.778,ok,1,0,0,1,5,4,2,0,0,0,0
gen_03950,3,-7.77,ok,1,0,1,1,4,5,3,0,0,0,0
gen_03951,1,-7.739,ok,0,0,1,1,3,5,3,1,0,0,0
gen_03951,2,-7.738,ok,0,0,1,1,3,5,3,1,0,0,0
gen_03951,3,-7.734,ok,0,0,1,1,3,5,3,1,0,0,0
gen_03951,4,-7.721,ok,0,0,1,1,3,5,3,1,0,0,0
gen_03952,1,-7.667,ok,1,0,1,1,4,4,3,0,0,0,0
gen_03952,2,-7.666,ok,1,0,1,1,5,4,3,0,0,0,0
gen_03952,3,-7.655,ok,1,0,1,0,4,4,2,0,0,0,0
gen_03952,4,-7.583,ok,1,0,1,1,5,4,3,0,0,0,0
gen_03952,5,-7.579,ok,1,0,1,0,5,4,2,0,0,0,0
gen_03953,1,-7.045,ok,1,0,1,1,4,7,1,0,0,0,0
gen_03953,2,-6.977,ok,1,0,0,1,4,6,1,0,0,0,0
gen_03954,1,-7.064,ok,1,0,1,1,4,3,3,0,0,0,0
gen_03954,2,-7.061,ok,1,0,1,1,4,3,3,0,0,0,0
gen_03955,1,-7.639,ok,1,0,1,0,4,6,4,0,0,0,0
gen_03955,2,-7.614,ok,1,0,1,0,4,6,3,0,0,0,0
gen_03955,3,-7.541,ok,1,0,1,0,4,6,2,0,0,0,0
gen_03955,4,-7.506,ok,1,0,1,0,4,6,2,0,0,0,0
gen_03955,5,-7.422,ok,1,0,0,0,4,7,1,0,0,0,0
gen_03955,6,-7.414,ok,1,0,0,0,4,7,1,0,0,0,0
gen_03955,7,-7.316,ok,1,0,0,0,4,6,1,0,0,0,0
gen_03955,8,-7.308,ok,1,0,1,1,4,5,1,1,0,0,0
gen_03955,9,-7.307,ok,1,0,1,1,4,8,2,0,0,0,0
gen_03955,10,-7.244,ok,1,0,1,1,4,7,2,0,0,0,0
gen_03955,11,-7.192,ok,1,0,1,1,4,7,3,0,0,0,0
gen_03956,1,-8.271,ok,1,0,1,0,4,6,1,0,0,0,1
gen_03956,2,-8.245,ok,0,0,1,0,3,5,1,0,0,0,1
gen_03956,3,-8.241,ok,1,0,0,1,4,6,2,0,0,0,1
gen_03957,1,-7.138,ok,0,0,0,0,0,2,2,0,0,0,1
gen_03957,2,-7.102,ok,0,0,0,0,0,2,1,0,0,0,1
gen_03957,3,-7.099,ok,0,0,0,0,0,2,2,0,0,0,1
gen_03957,4,-6.965,ok,1,0,0,1,4,0,4,0,0,0,0
gen_03957,5,-6.917,ok,1,0,0,0,4,1,1,0,0,0,0
gen_03958,1,-7.504,ok,1,0,1,1,4,6,2,0,0,0,0
gen_03958,2,-7.47,ok,1,0,1,1,4,7,2,0,0,0,0
gen_03958,3,-7.444,ok,1,0,1,1,4,7,2,0,0,0,0
gen_03958,4,-7.41,ok,1,0,1,1,4,6,2,0,0,0,0
gen_03958,5,-7.235,ok,1,0,1,1,4,6,3,0,0,0,0
gen_03958,6,-7.191,ok,1,0,1,1,4,5,1,1,0,0,0
gen_03958,7,-7.153,ok,1,0,1,1,4,8,3,0,0,0,0
gen_03959,1,-6.323,ok,1,0,0,1,4,5,4,0,0,0,0
gen_03959,2,-6.309,ok,1,0,1,1,4,6,1,1,0,0,0
gen_03960,1,-7.96,ok,1,0,1,1,4,2,1,0,0,0,0
gen_03960,2,-7.943,ok,1,0,1,1,4,2,1,0,0,0,0
gen_03961,1,-6.815,ok,1,0,0,1,4,3,2,0,0,0,0
gen_03961,2,-6.806,ok,1,0,1,1,4,5,2,0,0,0,0
gen_03961,3,-6.783,ok,0,0,0,1,3,2,2,0,0,0,0
gen_03961,4,-6.733,ok,0,0,0,1,3,2,1,0,0,0,0
gen_03962,1,-7.626,ok,1,0,1,1,4,5,2,2,0,0,0
gen_03962,2,-7.597,ok,1,0,1,1,4,5,3,1,0,0,0
gen_03962,3,-7.511,ok,1,0,1,1,4,5,3,1,0,0,0
gen_03962,4,-7.329,ok,1,0,0,1,4,4,3,0,0,0,0
gen_03963,1,-7.067,ok,0,0,1,0,3,5,2,0,0,0,0
gen_03964,1,-7.001,ok,1,0,0,1,4,1,2,0,0,0,0
gen_03964,2,-6.993,ok,1,0,0,1,4,1,2,0,0,0,0
gen_03964,3,-6.978,ok,1,0,0,1,4,0,1,0,0,0,0
gen_03964,4,-6.963,ok,1,0,0,1,4,1,1,0,0,0,0
gen_03965,1,-7.284,ok,1,0,0,1,4,5,6,0,0,0,0
gen_03965,2,-7.267,ok,1,0,1,1,4,6,6,0,0,0,0
gen_03965,3,-7.265,ok,1,0,1,1,4,5,6,0,0,0,0
gen_03965,4,-7.242,ok,1,0,1,1,4,5,6,0,0,0,0
gen_03965,5,-7.179,ok,1,0,1,1,4,6,4,0,0,0,0
gen_03965,6,-7.17,ok,1,0,1,1,4,6,5,0,0,0,0
gen_03965,7,-7.163,ok,1,0,0,1,4,1,2,0,0,0,0
gen_03965,8,-6.956,ok,1,0,0,1,4,3,3,0,0,0,0
gen_03966,1,-8.203,ok,1,0,1,1,4,6,1,0,0,0,0
gen_03966,2,-8.178,ok,1,0,1,1,4,6,1,0,0,0,0
gen_03966,3,-8.016,ok,0,0,1,1,3,6,1,0,0,0,0
gen_03966,4,-7.995,ok,1,0,1,0,4,6,3,0,0,0,0
gen_03966,5,-7.934,ok,1,0,1,1,4,6,1,0,0,0,0
gen_03966,6,-7.743,ok,0,0,0,1,3,3,3,1,0,0,0
gen_03967,1,-7.833,ok,0,0,0,1,3,3,2,0,0,0,2
gen_03967,2,-7.778,ok,0,0,0,1,3,3,2,0,0,0,2
gen_03967,3,-7.769,ok,0,0,0,1,3,3,2,0,0,0,2
gen_03967,4,-7.742,ok,0,0,0,1,3,3,2,0,0,0,2
gen_03968,1,-7.399,ok,1,0,0,1,4,6,2,1,0,0,0
gen_03968,2,-7.374,ok,1,0,0,1,4,5,3,1,0,0,0
gen_03968,3,-7.373,ok,1,0,0,1,4,6,2,1,0,0,0
gen_03968,4,-7.343,ok,1,0,0,1,4,5,3,1,0,0,0
gen_03969,1,-7.801,ok,1,0,0,1,5,6,2,0,0,0,0
gen_03969,2,-7.777,ok,1,0,0,1,5,5,2,0,0,0,0
gen_03970,1,-7.379,ok,1,0,0,1,4,6,1,0,1,0,0
gen_03971,1,-7.867,ok,0,0,1,1,0,4,4,0,0,0,0
gen_03971,2,-7.551,ok,1,0,0,1,4,5,2,0,0,0,0
gen_03971,3,-7.549,ok,0,0,1,1,3,5,4,0,0,0,0
gen_03971,4,-7.502,ok,1,0,0,1,4,4,2,0,0,0,0
gen_03971,5,-7.5,ok,0,0,1,1,0,4,7,0,0,0,0
gen_03971,6,-7.488,ok,1,0,0,1,4,5,2,0,0,0,0
gen_03971,7,-7.411,ok,0,0,1,1,0,4,5,0,0,0,0
gen_03972,1,-6.975,ok,1,0,0,1,4,1,3,0,0,0,0
gen_03972,2,-6.928,ok,0,0,0,1,3,0,3,0,0,0,0
gen_03972,3,-6.761,ok,0,0,0,1,3,1,2,0,0,0,0
gen_03973,1,-7.924,ok,1,1,1,0,4,7,2,0,0,0,0
gen_03973,2,-7.887,ok,1,1,1,0,4,7,1,1,0,0,0
gen_03974,1,-6.845,ok,1,0,0,1,5,3,2,0,0,0,1
gen_03974,2,-6.815,ok,0,0,0,1,3,3,3,0,0,0,0
gen_03974,3,-6.799,ok,0,0,0,1,3,2,3,0,0,0,0
gen_03974,4,-6.795,ok,1,0,1,0,4,4,0,1,0,0,0
gen_03974,5,-6.741,ok,0,0,0,1,3,3,3,0,0,0,0
gen_03974,6,-6.738,ok,0,0,0,1,3,3,3,0,0,0,0
gen_03975,1,-7.321,ok,1,0,1,0,4,3,1,2,0,0,0
gen_03975,2,-7.106,ok,1,0,1,1,4,5,3,0,0,0,0
gen_03975,3,-7.085,ok,0,0,1,1,3,5,3,0,0,0,0
gen_03975,4,-7.019,ok,0,0,1,1,3,6,3,0,0,0,0
gen_03976,1,-6.897,ok,0,0,0,1,3,6,2,0,0,0,0
gen_03976,2,-6.847,ok,1,0,0,1,4,6,2,0,0,0,0
gen_03976,3,-6.757,ok,1,0,0,1,4,0,3,0,0,0,0
gen_03977,1,-7.474,ok,1,0,1,1,5,3,5,0,0,0,0
gen_03977,2,-7.471,ok,1,0,1,1,5,3,6,0,0,0,0
gen_03977,3,-7.407,ok,1,0,0,1,5,3,5,0,0,0,0
gen_03977,4,-7.339,ok,1,0,0,1,5,3,3,0,0,0,0
gen_03977,5,-7.201,ok,1,0,0,1,4,6,3,0,0,0,0
gen_03978,1,-8.372,ok,1,0,1,1,4,7,3,0,1,0,0
gen_03978,2,-8.357,ok,1,0,1,1,4,7,3,0,1,0,0
gen_03978,3,-8.34,ok,1,0,1,1,4,7,2,0,1,0,0
gen_03978,4,-8.3,ok,0,0,1,1,3,7,2,0,1,0,0
gen_03979,1,-7.545,ok,1,1,0,1,4,5,3,0,0,0,0
gen_03979,2,-7.539,ok,1,1,0,1,4,5,3,0,0,0,0
gen_03980,1,-8.081,ok,1,0,1,1,4,7,3,0,0,0,0
gen_03980,2,-8.081,ok,1,0,1,1,4,7,3,0,0,0,0
gen_03981,1,-7.271,ok,1,0,0,1,4,6,2,0,0,0,0
gen_03981,2,-7.267,ok,1,0,0,0,4,6,1,0,0,0,0
gen_03981,3,-7.132,ok,1,0,1,1,4,1,3,0,0,0,0
gen_03981,4,-7.126,ok,1,0,1,1,4,1,3,0,0,0,0
gen_03982,1,-7.439,ok,0,0,0,1,3,5,3,0,0,0,0
gen_03982,2,-7.275,ok,0,0,0,1,3,4,3,0,0,0,0
gen_03983,1,-117.631,ok,0,0,0,1,0,2,2,0,0,0,1
gen_03984,1,-7.597,ok,0,0,1,1,3,6,3,0,0,0,0
gen_03984,2,-7.554,ok,1,0,1,0,4,6,2,0,0,0,0
gen_03984,3,-7.458,ok,1,0,0,1,4,6,1,1,0,0,0
gen_03984,4,-7.422,ok,1,0,0,0,4,6,1,0,0,0,0
gen_03984,5,-7.412,ok,1,0,1,0,4,6,1,0,0,0,0
gen_03984,6,-7.374,ok,1,0,0,0,4,6,0,0,0,0,0
gen_03984,7,-7.32,ok,1,0,1,0,4,5,2,0,2,0,0
gen_03985,1,-7.383,ok,0,0,0,1,3,6,1,0,0,0,0
gen_03985,2,-7.374,ok,0,0,0,1,3,5,2,0,0,0,0
gen_03985,3,-7.332,ok,0,0,0,1,3,5,1,0,0,0,0
gen_03986,1,-7.11,ok,1,0,1,1,4,1,4,0,0,0,0
gen_03986,2,-6.91,ok,1,0,1,1,4,1,4,0,0,0,0
gen_03987,1,-8.01,ok,0,0,1,1,3,6,5,0,0,0,0
gen_03987,2,-7.951,ok,0,0,0,1,0,5,5,0,0,0,0
gen_03987,3,-7.938,ok,0,0,1,1,3,6,4,0,0,0,0
gen_03987,4,-7.938,ok,0,0,1,1,3,6,4,0,0,0,0
gen_03987,5,-7.926,ok,0,0,1,1,3,6,5,0,0,0,0
gen_03988,1,-7.205,ok,1,0,0,1,4,5,3,0,0,0,0
gen_03988,2,-7.197,ok,1,0,0,1,4,6,3,0,0,0,0
gen_03988,3,-7.157,ok,1,0,0,1,5,5,3,0,0,0,0
gen_03988,4,-7.12,ok,1,0,0,1,4,6,1,1,0,0,0
gen_03988,5,-7.093,ok,1,0,0,1,4,5,1,1,0,0,0
gen_03988,6,-7.089,ok,1,0,0,1,4,6,1,1,0,0,0
gen_03988,7,-6.988,ok,1,0,0,1,4,6,1,0,0,0,0
gen_03988,8,-6.92,ok,0,0,0,1,3,7,2,0,0,0,0
gen_03988,9,-6.883,ok,1,0,0,1,4,3,2,0,0,0,0
gen_03988,10,-6.825,ok,1,0,0,1,4,3,2,0,0,0,0
gen_03989,1,-7.789,ok,1,0,0,1,4,6,2,0,0,0,1
gen_03989,2,-7.768,ok,1,0,0,1,4,6,2,0,0,0,1
gen_03990,1,-6.909,ok,1,0,0,0,4,6,0,0,0,0,0
gen_03990,2,-6.811,ok,1,0,0,0,4,6,0,0,0,0,0
gen_03991,1,-8.249,ok,1,0,0,1,4,6,5,1,2,0,0
gen_03991,2,-8.18,ok,1,0,0,1,4,6,5,1,2,0,0
gen_03991,3,-8.17,ok,1,0,0,1,4,4,5,1,2,0,0
gen_03991,4,-8.158,ok,1,0,0,1,4,5,5,1,2,0,0
gen_03991,5,-8.048,ok,1,0,0,1,4,5,4,0,0,0,0
gen_03991,6,-8.04,ok,1,0,0,1,4,4,4,1,2,0,0
gen_03991,7,-8.029,ok,1,0,0,1,4,5,3,0,0,0,0
gen_03992,1,-6.522,ok,1,0,0,0,4,5,1,0,0,0,0
gen_03992,2,-6.517,ok,1,0,0,0,4,6,1,0,0,0,0
gen_03992,3,-6.504,ok,1,0,0,0,4,6,1,0,0,0,0
gen_03992,4,-6.493,ok,1,0,0,0,4,5,1,0,0,0,0
gen_03992,5,-6.35,ok,1,0,0,1,4,6,3,0,0,0,0
gen_03992,6,-6.291,ok,1,0,0,0,4,5,1,0,0,0,0
gen_03992,7,-6.001,ok,1,0,0,1,4,5,4,0,0,0,0
gen_03993,1,-8.568,ok,1,0,1,0,4,6,2,1,0,0,0
gen_03993,2,-8.567,ok,1,0,0,0,4,5,1,1,0,0,0
gen_03993,3,-8.513,ok,1,0,0,0,4,6,1,1,0,0,1
gen_03994,1,-7.691,ok,1,0,0,1,4,5,2,0,0,0,2
gen_03994,2,-7.682,ok,1,0,0,1,4,5,2,0,0,0,2
gen_03995,1,-7.689,ok,0,0,0,1,3,6,1,0,0,0,0
gen_03995,2,-7.677,ok,0,0,0,1,3,6,1,0,0,0,0
gen_03995,3,-7.668,ok,0,0,0,1,3,6,1,0,0,0,0
gen_03995,4,-7.662,ok,0,0,0,1,3,6,1,0,0,0,0
gen_03996,1,-8.929,ok,1,0,1,0,5,4,4,1,0,0,0
gen_03996,2,-8.919,ok,1,0,1,0,5,4,4,1,0,0,0
gen_03997,1,-6.721,ok,1,0,1,1,4,7,3,0,0,0,0
gen_03997,2,-6.709,ok,1,0,1,1,4,7,3,0,0,0,0
gen_03997,3,-6.558,ok,1,0,0,1,4,6,2,0,0,0,0
gen_03998,1,-7.972,ok,1,1,0,1,4,3,3,0,0,0,0
gen_03998,2,-7.921,ok,1,1,0,1,4,3,2,0,0,0,0
gen_03999,1,-6.979,ok,1,0,0,1,4,5,3,0,0,0,0
gen_03999,2,-6.947,ok,1,0,0,1,5,5,2,0,0,0,0
gen_03999,3,-6.935,ok,1,0,0,1,5,5,2,0,0,0,0
gen_03999,4,-6.921,ok,0,1,0,1,0,4,2,0,1,0,0
gen_03999,5,-6.782,ok,0,1,0,0,0,4,1,0,1,0,0
gen_03999,6,-6.778,ok,0,1,0,0,0,4,1,0,1,0,0
gen_04000,1,-7.927,ok,1,0,1,0,4,6,2,1,0,0,0
gen_04000,2,-7.72,ok,1,0,0,1,5,5,3,0,0,0,0
gen_04000,3,-7.719,ok,1,0,0,1,5,5,3,0,0,0,0
gen_04000,4,-7.7,ok,1,0,0,1,5,5,3,0,0,0,0
gen_04000,5,-7.689,ok,1,0,0,1,5,5,3,0,0,0,0
gen_04001,1,-8.562,ok,1,0,0,1,4,5,6,0,0,0,0
gen_04001,2,-8.509,ok,1,0,0,1,4,6,6,0,0,0,0
gen_04001,3,-8.496,ok,1,0,0,1,4,5,5,0,0,0,0
gen_04001,4,-8.492,ok,1,0,0,1,4,6,6,0,0,0,0
gen_04001,5,-8.454,ok,1,0,0,1,4,5,4,0,0,0,0
gen_04001,6,-8.42,ok,1,0,0,1,4,5,4,0,0,0,0
gen_04002,1,-6.998,ok,1,0,0,1,4,5,2,1,0,0,0
gen_04003,1,-7.256,ok,1,0,1,0,4,4,3,0,0,0,0
gen_04003,2,-7.218,ok,1,0,1,0,4,4,3,0,0,0,0
gen_04003,3,-7.194,ok,1,0,1,0,4,4,3,0,0,0,0
gen_04003,4,-7.184,ok,1,0,1,0,4,4,3,0,0,0,0
gen_04003,5,-7.166,ok,1,0,1,0,4,4,3,0,0,0,0
gen_04003,6,-7.162,ok,1,0,1,0,4,5,3,0,0,0,0
gen_04003,7,-7.158,ok,1,0,1,0,4,5,3,0,0,0,0
gen_04004,1,-8.013,ok,0,0,0,1,3,5,2,0,0,0,0
gen_04005,1,-8.046,ok,1,0,1,0,4,6,4,0,0,0,0
gen_04005,2,-8.028,ok,1,0,1,0,4,6,4,0,0,0,0
gen_04005,3,-8.021,ok,1,0,1,0,4,6,4,0,0,0,0
gen_04005,4,-8.001,ok,1,0,1,0,4,6,4,0,0,0,0
gen_04006,1,-7.622,ok,1,0,0,0,4,2,1,0,0,0,0
gen_04007,1,-7.402,ok,1,0,0,0,4,6,1,0,0,0,1
gen_04007,2,-7.393,ok,1,0,0,0,4,6,1,0,0,0,1
gen_04008,1,-8.018,ok,1,0,1,1,4,6,4,0,0,0,0
gen_04009,1,-80.642,ok,0,0,1,1,0,1,4,0,0,0,0
gen_04010,1,-8.293,ok,1,1,1,1,5,5,4,1,0,0,0
gen_04010,2,-8.29,ok,1,1,1,1,5,5,4,1,0,0,0
gen_04010,3,-8.281,ok,1,1,1,1,5,5,4,1,0,0,0
gen_04010,4,-8.245,ok,1,1,1,1,5,5,4,1,0,0,0
gen_04011,1,-7.553,ok,1,0,1,1,4,5,3,0,0,0,0
gen_04011,2,-7.528,ok,1,0,1,1,4,5,4,0,0,0,0
gen_04011,3,-7.517,ok,1,0,1,1,4,5,4,0,0,0,0
gen_04011,4,-7.507,ok,1,0,1,1,4,5,4,0,0,0,0
gen_04011,5,-7.479,ok,1,0,1,1,4,5,4,0,0,0,0
gen_04011,6,-7.474,ok,1,0,1,1,4,5,3,0,0,0,0
gen_04011,7,-7.473,ok,1,0,1,1,4,5,3,0,0,0,0
gen_04011,8,-7.414,ok,1,0,1,1,4,6,5,0,0,0,0
gen_04011,9,-7.386,ok,1,0,1,1,4,5,4,0,0,0,0
gen_04012,1,-8.123,ok,1,0,0,1,4,7,3,0,0,0,0
gen_04012,2,-8.082,ok,1,0,0,1,4,7,3,0,0,0,0
gen_04013,1,-7.17,ok,1,0,0,1,5,2,1,0,0,0,0
gen_04013,2,-7.142,ok,1,0,0,1,5,1,1,0,0,0,0
gen_04014,1,-8.558,ok,1,0,0,1,4,5,3,0,0,0,0
gen_04014,2,-8.551,ok,1,0,0,1,4,5,3,0,0,0,0
gen_04014,3,-8.523,ok,1,0,0,1,4,5,3,0,0,0,0
gen_04014,4,-8.512,ok,1,0,0,1,4,5,3,0,0,0,0
gen_04014,5,-8.468,ok,1,0,0,1,4,6,3,0,0,0,0
gen_04015,1,-7.317,ok,1,0,1,0,4,6,0,1,0,0,0
gen_04016,1,-7.695,ok,1,0,1,1,5,3,2,1,0,0,0
gen_04016,2,-7.655,ok,1,0,1,1,5,3,4,1,0,0,0
gen_04017,1,-8.123,ok,1,0,0,1,4,6,3,1,0,0,0
gen_04018,1,-7.754,ok,1,0,1,1,4,5,2,0,0,0,0
gen_04019,1,-6.868,ok,1,1,1,1,4,3,2,0,0,0,0
gen_04019,2,-6.809,ok,1,1,1,1,4,3,1,0,0,0,0
gen_04020,1,-8.807,ok,0,0,0,0,3,6,2,0,0,0,0
gen_04020,2,-8.807,ok,0,0,0,1,3,6,2,0,0,0,0
gen_04020,3,-8.801,ok,0,0,0,1,3,6,4,0,0,0,0
gen_04020,4,-8.787,ok,0,0,0,1,3,6,4,0,0,0,0
gen_04021,1,-6.516,ok,1,0,0,1,4,6,1,0,0,0,0
gen_04022,1,-7.151,ok,1,0,0,1,4,6,2,1,0,0,0
gen_04022,2,-7.118,ok,1,0,1,1,4,6,3,0,0,0,0
gen_04022,3,-7.074,ok,1,0,0,1,4,5,2,1,0,0,0
gen_04022,4,-6.988,ok,1,0,0,1,4,5,2,1,0,0,0
gen_04022,5,-6.965,ok,1,0,1,1,4,7,2,1,0,0,1
gen_04022,6,-6.783,ok,1,0,1,1,4,8,2,0,0,0,0
gen_04022,7,-6.728,ok,1,0,1,1,4,8,1,0,0,0,0
gen_04023,1,-6.656,ok,0,0,0,1,3,4,1,0,0,0,0
gen_04023,2,-6.623,ok,0,0,0,1,3,4,1,0,0,0,0
gen_04023,3,-6.576,ok,0,0,0,1,3,6,4,0,0,0,0
gen_04023,4,-6.543,ok,0,0,0,1,3,5,1,0,0,0,0
gen_04024,1,-8.055,ok,1,0,0,1,4,6,3,1,0,0,0
gen_04024,2,-8.046,ok,1,0,0,1,4,6,3,1,0,0,0
gen_04024,3,-8.039,ok,1,0,0,1,4,6,3,1,0,0,0
gen_04025,1,-8.206,ok,1,0,0,1,4,5,3,0,0,0,0
gen_04025,2,-8.183,ok,1,0,0,1,4,5,3,0,0,0,0
gen_04025,3,-8.183,ok,1,0,0,1,4,5,3,0,0,0,0
gen_04025,4,-8.157,ok,1,0,0,1,4,5,3,0,0,0,0
gen_04025,5,-8.127,ok,1,0,0,1,4,4,3,0,0,0,0
gen_04026,1,-7.959,ok,1,0,1,0,4,6,2,1,0,0,0
gen_04026,2,-7.958,ok,1,0,1,0,4,6,3,1,0,0,0
gen_04026,3,-7.891,ok,1,0,1,0,4,6,2,1,0,0,0
gen_04026,4,-7.863,ok,1,0,1,0,4,5,2,1,0,0,0
gen_04026,5,-7.8,ok,1,0,1,0,4,5,2,1,0,0,0
gen_04026,6,-7.763,ok,1,0,1,0,4,5,2,1,0,0,0
gen_04026,7,-7.573,ok,1,0,1,0,4,6,3,1,0,0,0
gen_04027,1,-7.977,ok,1,0,1,0,4,5,4,1,0,0,0
gen_04027,2,-7.959,ok,1,0,1,0,4,4,4,1,0,0,0
gen_04027,3,-7.954,ok,1,0,1,0,4,5,4,1,0,0,0
gen_04027,4,-7.916,ok,1,0,1,0,4,4,4,1,0,0,0
gen_04028,1,-8.191,ok,1,0,0,1,4,4,2,0,0,0,0
gen_04028,2,-8.177,ok,1,0,0,1,4,4,2,0,0,0,0
gen_04029,1,-7.925,ok,1,0,1,1,4,5,4,0,0,0,0
gen_04029,2,-7.922,ok,1,0,1,1,4,5,5,0,0,0,0
gen_04029,3,-7.918,ok,1,0,1,1,4,4,5,0,0,0,0
gen_04029,4,-7.906,ok,1,0,1,1,4,5,5,0,0,0,0
gen_04029,5,-7.889,ok,1,0,1,1,4,5,5,0,0,0,0
gen_04029,6,-7.862,ok,1,0,1,1,4,5,5,0,0,0,0
gen_04029,7,-7.823,ok,1,0,1,1,4,5,5,0,0,0,0
gen_04030,1,-8.465,ok,0,0,1,1,3,7,1,1,0,0,0
gen_04030,2,-8.426,ok,0,0,1,1,3,6,1,1,0,0,0
gen_04030,3,-8.422,ok,1,0,1,1,4,4,3,1,0,0,0
gen_04030,4,-8.386,ok,1,0,1,1,4,4,4,1,0,0,0
gen_04030,5,-8.363,ok,1,0,1,1,4,6,2,1,0,0,0
gen_04030,6,-8.361,ok,1,0,1,1,4,4,3,1,0,0,0
gen_04030,7,-8.326,ok,1,0,1,0,4,6,1,1,0,0,0
gen_04030,8,-8.321,ok,1,0,1,1,4,4,4,1,0,0,0
gen_04030,9,-8.318,ok,1,0,1,0,4,6,0,1,0,0,0
gen_04031,1,-6.432,ok,1,0,0,1,4,4,1,0,0,0,0
gen_04031,2,-6.425,ok,1,0,0,1,4,4,1,0,0,0,0
gen_04032,1,-6.678,ok,1,0,0,1,4,1,2,0,0,0,0
gen_04032,2,-6.598,ok,1,0,0,1,4,0,2,0,0,0,0
gen_04032,3,-6.557,ok,1,0,0,1,5,3,2,0,0,0,0
gen_04033,1,-6.853,ok,1,0,0,1,4,6,2,0,0,0,0
gen_04033,2,-6.825,ok,1,0,0,1,4,6,2,0,0,0,0
gen_04033,3,-6.725,ok,1,0,1,0,4,3,1,0,0,0,0
gen_04034,1,-7.64,ok,1,0,0,1,4,6,4,0,0,0,0
gen_04034,2,-7.631,ok,1,0,1,1,4,3,2,1,0,0,0
gen_04034,3,-7.594,ok,1,0,1,1,4,3,2,1,0,0,0
gen_04035,1,-7.528,ok,1,0,0,1,4,5,2,0,0,0,0
gen_04035,2,-7.463,ok,1,0,0,1,4,5,2,0,0,0,0
gen_04036,1,-7.109,ok,1,0,0,1,4,3,2,0,0,0,0
gen_04036,2,-7.097,ok,1,0,0,1,5,3,1,0,0,0,0
gen_04036,3,-7.072,ok,1,0,0,1,4,6,4,0,0,0,0
gen_04036,4,-7.027,ok,1,0,0,1,4,3,3,0,0,0,0
gen_04036,5,-6.881,ok,1,0,0,1,4,6,3,0,1,0,0
gen_04036,6,-6.839,ok,1,0,0,1,4,6,3,0,0,0,0
gen_04037,1,-7.078,ok,1,0,0,1,4,6,4,0,0,0,0
gen_04037,2,-7.074,ok,1,0,0,1,4,6,4,0,0,0,0
gen_04037,3,-7.067,ok,1,0,0,1,4,6,4,0,0,0,0
gen_04037,4,-7.045,ok,1,0,0,1,4,6,4,0,0,0,0
gen_04038,1,-7.056,ok,1,0,0,1,4,0,2,0,0,0,0
gen_04038,2,-7.008,ok,1,0,0,1,4,0,2,0,0,0,0
gen_04039,1,-7.479,ok,1,0,1,1,4,6,2,0,0,0,0
gen_04039,2,-7.461,ok,1,0,1,1,4,6,2,0,0,0,0
gen_04039,3,-7.42,ok,1,0,0,1,4,6,5,0,0,0,0
gen_04040,1,-7.64,ok,1,0,1,0,4,6,2,1,0,0,0
gen_04040,2,-7.612,ok,0,0,1,1,0,3,6,0,0,0,1
gen_04041,1,-8.017,ok,1,0,1,1,4,8,2,0,0,0,0
gen_04042,1,-8.309,ok,1,0,1,0,4,7,0,1,0,0,0
gen_04042,2,-8.309,ok,1,0,1,0,4,7,0,1,0,0,0
gen_04042,3,-8.287,ok,1,0,1,0,4,6,0,1,0,0,0
gen_04042,4,-8.259,ok,1,0,1,0,4,6,0,1,0,0,0
gen_04043,1,-8.074,ok,0,0,0,1,3,5,3,0,0,0,0
gen_04044,1,-7.568,ok,1,0,0,1,4,5,2,0,0,0,0
gen_04044,2,-7.541,ok,1,0,0,1,5,3,2,0,0,0,0
gen_04044,3,-7.499,ok,1,0,0,1,5,3,2,0,0,0,0
gen_04045,1,-7.316,ok,1,0,0,1,4,5,3,0,0,0,1
gen_04045,2,-7.309,ok,1,0,0,1,4,2,2,0,0,0,0
gen_04045,3,-7.244,ok,1,0,0,1,4,2,2,0,0,0,0
gen_04046,1,-7.298,ok,0,0,1,1,3,4,2,0,0,0,0
gen_04046,2,-7.296,ok,0,0,1,1,3,4,2,0,0,0,0
gen_04046,3,-7.276,ok,0,0,1,1,3,4,2,0,0,0,0
gen_04046,4,-7.27,ok,0,0,1,1,0,4,2,0,0,0,0
gen_04046,5,-7.254,ok,0,0,1,1,3,4,2,0,0,0,0
gen_04047,1,-7.72,ok,0,0,0,1,3,0,2,0,0,0,0
gen_04047,2,-7.68,ok,0,0,0,1,3,0,2,0,0,0,0
gen_04048,1,-7.677,ok,1,0,0,1,4,4,3,0,0,0,0
gen_04048,2,-7.651,ok,1,0,1,1,4,4,3,0,0,0,0
gen_04048,3,-7.631,ok,1,0,0,1,4,4,3,0,0,0,0
gen_04048,4,-7.625,ok,1,0,1,1,4,5,4,0,0,0,0
gen_04048,5,-7.592,ok,1,0,1,1,4,5,3,0,0,0,0
gen_04049,1,-7.578,ok,1,0,0,1,4,0,1,0,0,0,0
gen_04049,2,-7.546,ok,1,0,0,0,4,0,0,0,0,0,0
gen_04050,1,-7.859,ok,0,0,0,1,3,2,3,0,0,0,1
gen_04050,2,-7.849,ok,0,0,0,1,3,1,4,0,0,0,1
gen_04050,3,-7.759,ok,1,0,1,1,4,3,4,1,0,0,0
gen_04050,4,-7.696,ok,1,0,1,1,4,3,4,1,0,0,0
gen_04050,5,-7.677,ok,1,0,0,1,4,3,3,1,0,0,0
gen_04050,6,-7.664,ok,1,0,0,1,4,1,3,0,0,0,1
gen_04050,7,-7.633,ok,1,0,0,1,4,2,3,1,0,0,0
gen_04050,8,-7.588,ok,1,0,0,1,4,2,3,1,0,0,0
gen_04050,9,-7.519,ok,1,0,0,1,4,1,3,1,0,0,0
gen_04051,1,-7.176,ok,1,0,1,1,4,4,5,0,0,0,0
gen_04051,2,-7.115,ok,1,0,1,1,4,4,5,0,0,0,0
gen_04051,3,-7.073,ok,1,0,0,1,4,4,3,0,0,0,0
gen_04051,4,-7.063,ok,1,0,1,1,4,4,6,0,0,0,0
gen_04051,5,-7.056,ok,1,0,0,1,4,4,3,0,0,0,0
gen_04051,6,-6.999,ok,1,0,1,1,4,5,4,0,0,0,0
gen_04052,1,-7.291,ok,1,0,1,0,4,5,1,0,0,0,0
gen_04052,2,-7.213,ok,1,0,1,0,4,6,1,0,0,0,0
gen_04053,1,-6.822,ok,1,0,1,0,4,5,2,1,0,0,0
gen_04053,2,-6.777,ok,1,0,1,0,4,7,2,1,0,0,0
gen_04053,3,-6.73,ok,1,0,0,1,5,3,2,0,0,0,0
gen_04053,4,-6.726,ok,1,0,0,1,5,3,2,0,0,0,0
gen_04054,1,-7.923,ok,1,0,0,1,4,6,3,0,0,0,0
gen_04054,2,-7.908,ok,1,0,0,1,4,6,3,0,0,0,0
gen_04055,1,-6.763,ok,1,0,0,1,4,5,2,0,0,0,0
gen_04056,1,-7.049,ok,1,0,1,1,4,7,3,0,0,0,0
gen_04056,2,-7.043,ok,1,0,1,1,4,7,3,0,0,0,0
gen_04056,3,-7.041,ok,1,0,1,1,4,7,3,0,0,0,0
gen_04056,4,-7.039,ok,1,0,1,1,4,6,3,0,0,0,0
gen_04056,5,-7.033,ok,1,0,1,1,4,6,3,0,0,0,0
gen_04056,6,-7.032,ok,1,0,1,1,4,6,3,0,0,0,0
gen_04057,1,-7.371,ok,1,0,0,1,4,4,2,1,0,0,0
gen_04057,2,-7.364,ok,1,0,0,1,4,3,2,1,0,0,0
gen_04057,3,-7.347,ok,1,0,0,1,4,2,2,1,0,0,0
gen_04057,4,-7.344,ok,1,0,0,1,4,3,2,1,0,0,0
gen_04057,5,-7.199,ok,1,0,1,0,4,4,1,1,0,0,0
gen_04057,6,-7.163,ok,1,0,1,0,4,3,2,1,0,0,0
gen_04057,7,-7.097,ok,1,0,1,1,4,8,4,0,0,0,0
gen_04057,8,-6.864,ok,1,0,0,1,4,2,1,0,1,0,0
gen_04058,1,-7.794,ok,0,0,0,1,3,5,3,0,0,0,1
gen_04059,1,-7.281,ok,1,0,0,1,4,7,1,0,0,0,0
gen_04059,2,-7.237,ok,1,0,0,1,4,7,1,0,0,0,0
gen_04059,3,-7.209,ok,1,0,0,1,4,6,1,0,0,0,0
gen_04059,4,-7.197,ok,1,0,0,1,4,6,1,0,0,0,0
gen_04059,5,-7.089,ok,1,0,1,0,4,6,0,1,0,0,0
gen_04059,6,-7.062,ok,1,0,1,1,5,5,4,0,0,0,0
gen_04059,7,-7.052,ok,1,0,0,1,4,7,1,0,0,0,0
gen_04059,8,-7.043,ok,1,0,1,0,4,6,0,1,0,0,0
gen_04059,9,-7.036,ok,1,0,0,1,4,7,1,1,0,0,0
gen_04059,10,-7.024,ok,1,0,1,0,4,5,0,1,0,0,0
gen_04059,11,-6.855,ok,1,0,0,1,4,6,1,0,0,0,0
gen_04060,1,-7.095,ok,1,0,1,1,4,6,2,0,0,0,0
gen_04060,2,-7.052,ok,1,0,1,1,4,7,3,0,0,0,0
gen_04060,3,-7.028,ok,1,0,1,1,4,8,3,0,0,0,0
gen_04060,4,-7.008,ok,1,0,1,1,4,7,2,0,0,0,0
gen_04061,1,-7.692,ok,1,0,1,1,4,4,4,0,0,0,0
gen_04061,2,-7.673,ok,1,0,0,1,4,3,3,0,0,0,0
gen_04061,3,-7.642,ok,1,0,0,1,4,4,5,0,0,0,0
gen_04061,4,-7.574,ok,1,0,0,1,4,4,4,0,0,0,0
gen_04061,5,-7.54,ok,1,0,1,1,4,4,4,0,0,0,0
gen_04061,6,-7.513,ok,0,0,1,1,3,4,3,0,0,0,0
gen_04062,1,-7.482,ok,1,0,1,1,4,6,2,0,0,0,0
gen_04062,2,-7.429,ok,1,0,1,1,4,5,2,0,0,0,0
gen_04062,3,-7.32,ok,1,0,1,1,4,5,2,0,0,0,0
gen_04062,4,-7.309,ok,1,0,1,1,4,6,2,0,0,0,0
gen_04062,5,-7.29,ok,1,0,1,1,4,7,3,0,0,0,0
gen_04063,1,-7.916,ok,1,0,1,1,4,6,1,0,0,0,1
gen_04063,2,-7.851,ok,1,0,1,1,4,7,1,0,0,0,1
gen_04063,3,-7.782,ok,1,0,0,1,4,6,2,0,0,0,1
gen_04064,1,-7.611,ok,1,0,0,0,5,3,0,0,0,0,0
gen_04064,2,-7.563,ok,1,0,0,0,5,3,0,0,0,0,0
gen_04064,3,-7.523,ok,1,0,0,1,4,0,2,0,0,0,1
gen_04064,4,-7.481,ok,1,0,0,1,4,0,3,0,0,0,2
gen_04064,5,-7.452,ok,1,0,0,1,4,0,2,0,0,0,1
gen_04065,1,-7.967,ok,1,0,0,1,4,0,4,0,0,0,0
gen_04065,2,-7.946,ok,1,0,0,1,4,0,4,0,0,0,0
gen_04065,3,-7.94,ok,1,0,0,1,4,0,4,0,0,0,0
gen_04065,4,-7.936,ok,1,0,0,1,4,0,4,0,0,0,0
gen_04066,1,-7.663,ok,1,0,0,1,5,4,5,0,0,0,0
gen_04066,2,-7.655,ok,1,0,0,1,5,4,5,0,0,0,0
gen_04066,3,-7.63,ok,1,0,0,1,5,4,5,0,0,0,0
gen_04067,1,-7.233,ok,1,0,0,1,4,3,5,0,0,0,0
gen_04067,2,-7.203,ok,1,0,0,1,4,3,3,0,0,0,0
gen_04067,3,-7.188,ok,1,0,0,1,4,3,2,0,0,0,0
gen_04067,4,-7.163,ok,1,0,1,1,4,4,3,0,0,0,0
gen_04067,5,-7.156,ok,1,0,0,1,5,3,3,0,0,0,0
gen_04067,6,-7.152,ok,1,0,0,1,5,4,3,0,0,0,0
gen_04067,7,-7.151,ok,1,0,0,1,5,3,3,0,0,0,0
gen_04067,8,-7.148,ok,1,0,0,1,5,4,3,0,0,0,0
gen_04067,9,-7.133,ok,1,0,0,1,5,4,3,0,0,0,0
gen_04067,10,-7.126,ok,1,0,0,1,5,4,3,0,0,0,0
gen_04068,1,-7.544,ok,0,0,1,1,3,7,1,0,1,0,1
gen_04068,2,-7.525,ok,0,0,1,1,3,6,1,0,1,0,1
gen_04068,3,-7.503,ok,0,0,1,1,3,7,1,0,1,0,1
gen_04068,4,-7.503,ok,0,0,1,1,3,6,1,0,1,0,1
gen_04068,5,-7.465,ok,0,0,1,1,3,6,2,0,1,0,1
gen_04069,1,-7.699,ok,1,0,0,1,4,4,3,0,0,0,0
gen_04069,2,-7.698,ok,1,0,0,1,4,4,3,0,0,0,0
gen_04069,3,-7.693,ok,1,0,0,1,4,4,3,0,0,0,0
gen_04069,4,-7.686,ok,1,0,0,1,4,4,3,0,0,0,0
gen_04070,1,-7.72,ok,1,0,1,1,4,6,4,0,0,0,0
gen_04070,2,-7.711,ok,0,0,1,1,3,5,3,0,0,0,0
gen_04071,1,-7.879,ok,1,0,1,1,4,4,3,0,0,0,0
gen_04072,1,-7.549,ok,0,0,1,1,0,3,4,0,0,0,0
gen_04072,2,-7.534,ok,0,0,1,1,0,3,4,0,0,0,0
gen_04073,1,-6.973,ok,1,0,1,1,4,1,3,1,0,0,0
gen_04073,2,-6.959,ok,1,0,1,1,4,1,3,1,0,0,0
gen_04073,3,-6.951,ok,1,0,1,1,4,1,3,1,0,0,0
gen_04073,4,-6.945,ok,1,0,1,1,4,1,3,1,0,0,0
gen_04073,5,-6.926,ok,1,0,1,1,4,1,3,1,0,0,0
gen_04073,6,-6.888,ok,1,0,1,1,4,1,4,1,0,0,0
gen_04073,7,-6.881,ok,1,0,1,1,4,1,4,1,0,0,0
gen_04073,8,-6.863,ok,1,0,1,1,4,1,4,1,0,0,0
gen_04073,9,-6.86,ok,1,0,1,1,4,1,3,1,0,0,0
gen_04073,10,-6.828,ok,1,0,1,1,4,2,3,1,0,0,0
gen_04073,11,-6.769,ok,1,0,1,1,4,3,4,1,0,0,0
gen_04074,1,-6.61,ok,0,0,0,1,0,1,1,0,0,0,0
gen_04074,2,-6.584,ok,0,0,0,1,0,1,1,0,0,0,0
gen_04074,3,-6.568,ok,0,0,0,1,0,0,1,0,0,0,0
gen_04074,4,-6.517,ok,0,0,0,1,0,0,1,0,0,0,0
gen_04075,1,-7.483,ok,1,0,1,0,4,5,0,1,0,0,0
gen_04075,2,-7.477,ok,1,0,1,0,4,5,0,1,0,0,0
gen_04075,3,-7.475,ok,1,0,1,0,4,5,0,1,0,0,0
gen_04076,1,-8.114,ok,1,0,1,1,5,5,3,0,0,0,1
gen_04076,2,-8.065,ok,1,0,1,1,5,5,3,0,0,0,1
gen_04077,1,-7.95,ok,0,0,1,1,3,1,6,0,0,0,0
gen_04077,2,-7.947,ok,0,0,0,1,3,0,6,0,0,0,0
gen_04077,3,-7.935,ok,0,0,0,1,3,0,6,0,0,0,0
gen_04077,4,-7.93,ok,0,0,0,1,3,2,6,0,0,0,0
gen_04077,5,-7.929,ok,0,0,0,1,3,0,6,0,0,0,0
gen_04077,6,-7.92,ok,0,0,0,1,3,0,6,0,0,0,0
gen_04077,7,-7.906,ok,0,0,1,1,3,1,5,0,0,0,0
gen_04078,1,-7.409,ok,0,0,0,1,3,3,2,0,0,0,0
gen_04078,2,-7.401,ok,0,0,0,1,3,5,2,0,0,0,0
gen_04078,3,-7.256,ok,0,0,0,1,3,6,2,1,0,0,0
gen_04078,4,-7.166,ok,1,0,1,1,4,2,3,0,0,0,0
gen_04079,1,-7.806,ok,1,0,0,1,4,5,1,0,0,0,0
gen_04079,2,-7.779,ok,1,0,0,1,4,5,1,0,0,0,0
gen_04079,3,-7.731,ok,1,0,0,1,4,6,1,0,0,0,0
gen_04079,4,-7.73,ok,1,0,0,1,4,6,1,0,0,0,0
gen_04080,1,-7.496,ok,1,0,0,1,4,5,2,0,0,0,0
gen_04080,2,-7.492,ok,1,0,0,1,4,5,2,0,0,0,0
gen_04081,1,-8.279,ok,1,0,0,1,4,6,5,0,0,0,0
gen_04081,2,-8.187,ok,1,0,0,1,4,6,4,0,0,0,0
gen_04082,1,-7.47,ok,1,0,0,1,5,3,3,0,0,0,0
gen_04083,1,-106.265,ok,0,0,0,0,0,1,0,0,0,0,0
gen_04083,2,-103.171,ok,0,0,1,0,0,1,1,2,0,0,0
gen_04083,3,-102.919,ok,0,0,0,0,0,2,1,0,0,0,0
gen_04084,1,-7.521,ok,1,0,1,1,4,5,6,0,1,0,0
gen_04084,2,-7.393,ok,1,0,1,1,4,5,4,0,1,0,0
gen_04085,1,-7.93,ok,0,0,0,1,3,6,2,0,0,0,0
gen_04085,2,-7.915,ok,0,0,0,1,3,6,2,0,0,0,0
gen_04085,3,-7.854,ok,1,0,0,1,4,4,4,0,0,0,0
gen_04086,1,-7.746,ok,1,0,0,1,4,6,2,0,0,0,0
gen_04086,2,-7.692,ok,1,0,0,1,4,5,3,0,0,0,0
gen_04086,3,-7.616,ok,1,0,0,0,4,6,3,0,0,0,0
gen_04086,4,-7.61,ok,1,0,0,0,4,7,2,0,0,0,0
gen_04087,1,-8.751,ok,1,0,0,1,4,5,5,1,0,0,0
gen_04087,2,-8.71,ok,1,0,0,1,4,5,5,1,0,0,0
gen_04088,1,-7.16,ok,1,0,1,1,4,7,3,1,0,0,0
gen_04088,2,-7.138,ok,1,0,1,1,4,6,2,1,0,0,0
gen_04088,3,-7.138,ok,1,0,1,1,4,7,3,1,0,0,0
gen_04088,4,-7.137,ok,1,0,1,1,4,7,3,1,0,0,0
gen_04088,5,-7.133,ok,1,0,1,1,4,6,2,1,0,0,0
gen_04088,6,-7.123,ok,1,0,1,1,4,7,2,1,0,0,0
gen_04088,7,-7.072,ok,1,0,1,1,4,7,2,1,0,0,0
gen_04089,1,-7.112,ok,0,0,1,1,3,4,3,0,1,0,0
gen_04089,2,-7.046,ok,0,0,1,1,3,3,4,0,1,0,0
gen_04089,3,-6.949,ok,1,0,1,1,4,7,4,0,0,0,0
gen_04089,4,-6.923,ok,1,0,1,1,4,1,6,0,0,0,0
gen_04089,5,-6.899,ok,1,0,1,1,4,1,5,0,0,0,0
gen_04089,6,-6.892,ok,1,0,1,1,4,1,5,0,0,0,0
gen_04089,7,-6.89,ok,1,0,1,1,4,1,5,0,0,0,0
gen_04089,8,-6.859,ok,1,0,1,1,4,7,7,0,0,0,0
gen_04089,9,-6.855,ok,1,0,1,1,4,1,4,0,0,0,0
gen_04090,1,-7.183,ok,0,1,0,1,0,2,1,0,0,0,0
gen_04090,2,-7.179,ok,0,0,0,1,0,1,1,0,0,0,0
gen_04090,3,-7.174,ok,0,0,0,1,0,1,1,0,0,0,0
gen_04090,4,-7.168,ok,0,1,0,1,0,2,1,0,0,0,0
gen_04090,5,-7.166,ok,0,0,0,1,0,1,1,0,0,0,0
gen_04091,1,-8.674,ok,1,0,0,1,5,6,4,0,1,0,0
gen_04091,2,-8.659,ok,1,0,0,1,5,6,4,0,1,0,0
gen_04091,3,-8.526,ok,1,0,0,1,4,6,3,0,2,0,0
gen_04091,4,-8.509,ok,1,0,0,1,4,6,3,0,2,0,0
gen_04091,5,-8.493,ok,1,0,0,1,4,6,3,0,2,0,0
gen_04091,6,-8.489,ok,1,0,0,1,4,7,3,0,2,0,0
gen_04091,7,-8.424,ok,1,0,0,1,5,6,4,0,1,0,0
gen_04091,8,-8.391,ok,1,0,0,1,5,5,4,0,1,0,0
gen_04092,1,-8.73,ok,0,0,0,1,3,6,2,0,0,0,0
gen_04092,2,-8.524,ok,1,0,0,1,4,7,2,0,0,0,0
gen_04093,1,-7.085,ok,1,0,0,1,4,1,4,0,0,0,0
gen_04093,2,-7.033,ok,1,0,0,1,4,1,4,0,0,0,0
gen_04093,3,-6.868,ok,1,0,0,1,4,2,4,0,0,0,0
gen_04093,4,-6.832,ok,1,0,0,1,4,2,2,0,0,0,0
gen_04093,5,-6.779,ok,1,0,1,0,4,5,2,0,0,0,0
gen_04094,1,-6.979,ok,1,0,1,0,4,5,2,1,0,0,0
gen_04094,2,-6.965,ok,1,0,1,0,4,5,2,1,0,0,0
gen_04095,1,-7.363,ok,0,0,1,1,3,7,2,0,0,0,0
gen_04096,1,-8.063,ok,0,1,0,1,3,5,5,0,0,0,0
gen_04097,1,-7.313,ok,1,0,0,1,5,4,3,0,0,0,0
gen_04097,2,-6.837,ok,0,0,0,1,3,3,2,0,1,0,0
gen_04097,3,-6.816,ok,0,0,0,1,3,2,2,0,1,0,0
gen_04097,4,-6.796,ok,0,0,0,1,3,1,1,0,1,0,0
gen_04097,5,-6.727,ok,0,0,0,1,3,3,2,0,1,0,0
gen_04097,6,-6.724,ok,0,0,0,1,3,1,1,0,1,0,0
gen_04097,7,-6.671,ok,0,0,0,1,3,3,2,0,1,0,0
gen_04098,1,-7.15,ok,1,0,1,1,4,4,3,0,0,0,0
gen_04098,2,-7.125,ok,1,0,1,1,4,4,3,0,0,0,0
gen_04098,3,-7.044,ok,1,0,1,1,4,4,3,0,0,0,0
gen_04098,4,-7.014,ok,1,0,1,1,4,4,2,0,0,0,0
gen_04098,5,-6.723,ok,1,0,1,0,4,6,1,0,0,0,0
gen_04098,6,-6.717,ok,1,0,1,1,4,6,3,0,0,0,0
gen_04098,7,-6.696,ok,1,0,1,1,4,6,3,0,0,0,0
gen_04098,8,-6.639,ok,1,0,1,1,4,5,2,0,0,0,0
gen_04099,1,-7.188,ok,1,0,0,1,5,3,4,0,0,0,0
gen_04099,2,-7.157,ok,1,0,0,1,5,3,4,0,0,0,0
gen_04100,1,-7.914,ok,1,0,1,1,4,5,5,1,0,0,0
gen_04100,2,-7.904,ok,1,0,1,1,4,5,5,1,0,0,0
gen_04100,3,-7.828,ok,1,0,1,1,4,5,5,0,0,0,0
gen_04100,4,-7.822,ok,1,0,1,1,4,5,5,0,0,0,0
gen_04101,1,-6.708,ok,0,0,0,0,3,3,1,1,1,0,3
gen_04101,2,-6.696,ok,0,0,0,0,3,3,0,1,1,0,2
gen_04101,3,-6.695,ok,0,0,0,0,3,3,0,1,1,0,3
gen_04101,4,-6.665,ok,0,0,0,0,3,3,1,1,1,0,1
gen_04101,5,-6.617,ok,0,0,0,0,3,3,1,1,1,0,2
gen_04102,1,-7.19,ok,0,0,1,1,0,3,5,0,1,0,0
gen_04102,2,-7.187,ok,0,0,1,1,0,3,5,0,1,0,0
gen_04102,3,-7.162,ok,0,0,1,1,0,3,5,0,1,0,0
gen_04102,4,-7.113,ok,0,0,1,1,0,3,5,0,1,0,0
gen_04102,5,-7.042,ok,0,0,1,1,0,3,5,0,1,0,0
gen_04103,1,-7.475,ok,1,0,0,1,4,5,2,0,0,0,0
gen_04103,2,-7.456,ok,1,0,0,1,4,6,2,0,0,0,0
gen_04103,3,-7.389,ok,1,0,0,0,4,5,1,0,0,0,0
gen_04103,4,-7.328,ok,1,0,0,0,4,6,1,0,0,0,0
gen_04103,5,-7.192,ok,1,0,0,1,4,5,2,0,0,0,0
gen_04104,1,-7.716,ok,1,0,0,0,5,4,0,2,0,0,0
gen_04104,2,-7.659,ok,1,0,0,1,5,4,1,2,0,0,0
gen_04104,3,-7.558,ok,1,0,0,1,5,4,1,2,0,0,0
gen_04105,1,-7.873,ok,0,0,1,0,3,7,0,1,0,0,0
gen_04105,2,-7.865,ok,0,0,1,0,3,6,0,1,0,0,0
gen_04105,3,-7.826,ok,1,0,1,0,4,3,0,1,0,0,0
gen_04105,4,-7.775,ok,1,0,1,0,4,4,0,1,0,0,0
gen_04105,5,-7.757,ok,1,0,1,0,4,4,0,1,0,0,0
gen_04105,6,-7.754,ok,1,0,1,0,4,4,0,1,0,0,0
gen_04105,7,-7.711,ok,1,0,1,0,4,3,0,1,0,0,0
gen_04106,1,-7.779,ok,1,0,0,1,4,1,3,0,0,0,0
gen_04106,2,-7.689,ok,0,0,0,1,3,0,4,0,0,0,0
gen_04106,3,-7.685,ok,1,0,0,1,4,1,2,0,0,0,0
gen_04106,4,-7.68,ok,0,0,0,1,0,1,3,0,1,0,0
gen_04106,5,-7.669,ok,0,0,0,1,0,1,3,0,1,0,0
gen_04106,6,-7.666,ok,0,0,0,1,0,1,3,0,1,0,0
gen_04107,1,-7.976,ok,1,0,0,1,4,6,4,0,0,0,0
gen_04108,1,-8.327,ok,1,0,0,1,4,8,2,1,0,0,0
gen_04108,2,-8.261,ok,1,0,0,1,4,7,1,1,0,0,0
gen_04108,3,-8.236,ok,1,0,0,1,4,8,2,1,0,0,0
gen_04108,4,-8.219,ok,1,0,0,1,4,7,2,1,0,0,0
gen_04108,5,-8.217,ok,1,0,0,1,4,7,2,1,0,0,0
gen_04108,6,-8.164,ok,1,0,0,1,4,8,2,1,0,0,0
gen_04108,7,-8.096,ok,1,0,0,1,4,8,1,1,0,0,0
gen_04108,8,-8.06,ok,1,0,0,1,4,6,3,0,1,0,0
gen_04108,9,-7.996,ok,1,0,0,1,4,6,4,0,0,0,0
gen_04108,10,-7.794,ok,1,0,1,1,4,8,5,0,2,0,0
gen_04109,1,-7.559,ok,0,0,1,0,3,7,2,0,0,0,0
gen_04109,2,-7.494,ok,0,0,1,0,3,7,2,0,0,0,0
gen_04109,3,-7.401,ok,0,0,1,0,3,7,2,0,0,0,0
gen_04109,4,-7.395,ok,0,0,1,0,3,6,2,0,0,0,0
gen_04109,5,-7.272,ok,0,0,1,0,3,7,2,0,0,0,0
gen_04110,1,-7.801,ok,1,0,0,1,4,5,4,1,0,0,0
gen_04110,2,-7.796,ok,1,0,0,1,4,5,4,2,0,0,0
gen_04110,3,-7.793,ok,1,0,0,1,4,5,4,1,0,0,0
gen_04110,4,-7.789,ok,1,0,0,1,4,5,4,2,0,0,0
gen_04110,5,-7.754,ok,1,0,0,1,4,5,4,1,0,0,0
gen_04110,6,-7.738,ok,1,0,0,1,4,5,5,2,0,0,0
gen_04110,7,-7.731,ok,1,0,0,1,4,5,5,2,0,0,0
gen_04111,1,-7.267,ok,0,0,0,1,0,0,4,0,2,0,0
gen_04112,1,-7.025,ok,0,0,0,1,0,5,3,0,1,0,0
gen_04112,2,-6.976,ok,1,0,0,0,4,5,1,0,0,0,0
gen_04112,3,-6.965,ok,1,0,1,1,4,6,1,1,0,0,0
gen_04113,1,-8.499,ok,1,0,0,1,4,6,2,1,0,0,0
gen_04113,2,-8.49,ok,1,0,0,1,4,5,2,1,0,0,0
gen_04113,3,-8.391,ok,1,0,0,1,4,5,3,0,0,0,0
gen_04114,1,-7.344,ok,1,0,0,1,4,6,2,0,0,0,1
gen_04114,2,-7.08,ok,1,0,0,1,4,5,2,0,0,0,1
gen_04115,1,-7.977,ok,1,0,1,0,4,5,2,0,0,0,0
gen_04115,2,-7.97,ok,1,0,1,0,4,5,0,1,0,0,0
gen_04115,3,-7.922,ok,1,0,1,0,4,6,2,0,0,0,0
gen_04115,4,-7.877,ok,1,0,1,1,4,5,1,1,0,0,0
gen_04115,5,-7.779,ok,1,0,1,1,4,5,3,0,0,0,0
gen_04115,6,-7.775,ok,1,0,1,1,4,5,4,0,0,0,0
gen_04116,1,-7.811,ok,0,0,0,1,3,1,2,0,1,0,0
gen_04116,2,-7.782,ok,0,0,0,1,3,1,2,0,1,0,0
gen_04116,3,-7.757,ok,0,0,0,1,3,1,2,0,1,0,0
gen_04116,4,-7.65,ok,0,0,0,1,3,0,3,0,1,0,0
gen_04116,5,-7.62,ok,0,0,0,1,3,0,3,0,1,0,0
gen_04116,6,-7.561,ok,0,0,0,1,3,0,3,0,0,0,1
gen_04116,7,-7.555,ok,0,0,0,1,3,0,3,0,0,0,1
gen_04117,1,-8.197,ok,1,0,0,1,5,4,6,0,0,0,0
gen_04117,2,-8.179,ok,1,0,0,1,4,4,6,0,0,0,0
gen_04117,3,-8.113,ok,1,0,0,1,4,4,6,0,0,0,0
gen_04117,4,-8.002,ok,1,0,0,1,5,4,5,0,0,0,0
gen_04117,5,-7.494,ok,1,0,0,0,4,5,4,0,0,0,0
gen_04117,6,-7.488,ok,1,0,0,1,4,6,5,1,0,0,0
gen_04118,1,-6.751,ok,1,0,0,1,4,4,2,0,0,0,1
gen_04118,2,-6.742,ok,1,0,0,1,4,4,2,0,0,0,1
gen_04119,1,-7.518,ok,1,0,1,1,4,7,2,1,0,0,0
gen_04119,2,-7.516,ok,1,0,0,1,4,6,2,1,0,0,0
gen_04119,3,-7.464,ok,1,0,1,1,4,7,2,1,0,0,0
gen_04119,4,-7.463,ok,1,0,0,1,4,5,2,1,0,0,0
gen_04119,5,-7.455,ok,1,0,0,1,4,4,3,0,0,0,0
gen_04119,6,-7.445,ok,1,0,0,1,4,5,2,1,0,0,0
gen_04119,7,-7.358,ok,1,0,0,1,4,3,3,0,0,0,0
gen_04120,1,-7.625,ok,1,0,1,1,4,5,4,0,0,0,0
gen_04120,2,-7.592,ok,1,0,1,1,4,5,4,0,0,0,0
gen_04121,1,-8.291,ok,1,0,0,1,4,6,2,0,0,0,0
gen_04121,2,-8.281,ok,1,0,0,1,4,7,2,0,0,0,0
gen_04121,3,-8.212,ok,1,0,0,1,4,5,2,0,0,0,0
gen_04121,4,-8.159,ok,1,0,0,1,4,5,2,0,0,0,0
gen_04121,5,-8.043,ok,0,0,1,1,3,4,1,0,0,0,0
gen_04122,1,-6.86,ok,0,0,1,1,0,4,3,0,0,0,0
gen_04122,2,-6.844,ok,0,0,1,1,0,4,3,0,0,0,0
gen_04122,3,-6.836,ok,0,0,1,1,0,4,3,0,0,0,0
gen_04123,1,-6.506,ok,1,0,0,1,4,6,3,0,0,0,0
gen_04123,2,-6.427,ok,1,0,0,1,4,7,3,0,0,0,0
gen_04124,1,-7.878,ok,1,0,0,1,4,5,6,0,0,0,0
gen_04124,2,-7.839,ok,1,0,0,1,4,5,6,0,0,0,0
gen_04124,3,-7.747,ok,1,0,0,1,4,5,5,0,0,0,0
gen_04125,1,-7.081,ok,1,0,1,0,4,5,2,0,0,0,0
gen_04125,2,-7.034,ok,1,0,0,1,4,5,2,2,0,0,0
gen_04126,1,-7.989,ok,0,0,1,1,3,10,3,0,0,0,0
gen_04126,2,-7.973,ok,0,0,1,1,3,10,3,0,0,0,0
gen_04126,3,-7.973,ok,0,0,1,1,3,10,3,0,0,0,0
gen_04126,4,-7.891,ok,0,0,1,1,3,9,3,0,0,0,0
gen_04126,5,-7.84,ok,0,0,1,1,3,9,2,0,0,0,0
gen_04127,1,-7.784,ok,0,0,0,0,3,5,3,0,0,0,0
gen_04127,2,-7.715,ok,0,0,0,1,3,5,4,0,0,0,0
gen_04127,3,-7.703,ok,0,0,0,1,3,5,4,0,0,0,0
gen_04127,4,-7.669,ok,0,0,0,1,3,5,4,0,0,0,0
gen_04127,5,-7.667,ok,0,0,0,1,3,2,3,0,0,0,0
gen_04127,6,-7.566,ok,0,0,0,1,3,2,3,0,0,0,0
gen_04127,7,-7.328,ok,0,0,0,1,3,3,2,0,0,0,0
gen_04127,8,-6.816,ok,0,0,0,1,0,1,3,0,2,0,0
gen_04127,9,-6.788,ok,0,0,0,1,0,1,3,0,2,0,0
gen_04127,10,-6.687,ok,0,0,0,1,0,0,2,0,2,0,0
gen_04127,11,-6.624,ok,0,0,0,1,0,2,1,1,0,0,0
gen_04127,12,-6.523,ok,0,0,0,1,0,3,2,0,2,0,0
gen_04128,1,-8.126,ok,1,0,0,1,4,1,3,0,0,0,0
gen_04128,2,-8.109,ok,1,0,0,1,4,1,3,0,0,0,0
gen_04128,3,-8.091,ok,1,0,0,1,4,1,3,0,0,0,0
gen_04128,4,-8.038,ok,1,0,0,1,4,1,3,0,0,0,0
gen_04129,1,-7.455,ok,1,0,0,1,4,0,3,0,0,0,0
gen_04129,2,-7.441,ok,1,0,0,1,4,1,3,0,0,0,0
gen_04130,1,-6.999,ok,1,0,0,0,4,6,0,0,0,0,0
gen_04130,2,-6.847,ok,1,0,0,0,4,6,0,0,0,0,0
gen_04131,1,-7.338,ok,0,0,0,1,3,5,4,0,0,0,0
gen_04131,2,-7.331,ok,1,0,0,1,4,6,3,0,0,0,0
gen_04131,3,-7.322,ok,0,0,0,1,3,6,3,0,0,0,0
gen_04131,4,-7.272,ok,0,0,0,1,3,5,4,0,0,0,0
gen_04132,1,-7.424,ok,1,0,0,1,4,5,3,0,0,0,0
gen_04132,2,-7.314,ok,1,0,0,1,4,4,4,0,0,0,0
gen_04132,3,-7.313,ok,1,0,0,1,5,5,2,0,0,0,0
gen_04132,4,-7.278,ok,1,0,0,1,5,3,4,0,0,0,0
gen_04132,5,-7.237,ok,1,0,0,1,5,4,3,0,0,0,0
gen_04133,1,-7.874,ok,1,0,1,1,4,6,4,0,0,0,0
gen_04133,2,-7.854,ok,1,0,1,1,4,6,4,0,0,0,0
gen_04133,3,-7.707,ok,1,0,1,1,4,7,4,0,0,0,0
gen_04134,1,-7.493,ok,1,0,0,1,4,5,5,0,0,0,0
gen_04134,2,-7.489,ok,1,0,0,1,4,6,4,0,0,0,0
gen_04134,3,-7.446,ok,1,0,0,1,4,6,5,0,0,0,0
gen_04134,4,-7.427,ok,1,0,0,1,4,5,5,0,0,0,0
gen_04134,5,-7.394,ok,1,0,0,1,4,5,4,0,0,0,0
gen_04134,6,-7.368,ok,1,0,0,1,4,5,2,0,0,0,0
gen_04134,7,-7.34,ok,1,0,0,1,4,6,4,0,0,0,0
gen_04134,8,-7.301,ok,1,0,0,1,4,6,3,0,0,0,0
gen_04135,1,-7.989,ok,0,1,1,1,3,7,3,0,0,0,0
gen_04135,2,-7.986,ok,1,0,0,1,5,4,4,0,1,0,0
gen_04135,3,-7.964,ok,1,0,0,1,5,4,4,0,1,0,0
gen_04135,4,-7.941,ok,1,0,0,1,5,4,4,0,1,0,0
gen_04135,5,-7.931,ok,0,0,0,1,3,6,4,0,1,0,0
gen_04135,6,-7.904,ok,1,0,0,1,5,4,4,0,1,0,0
gen_04136,1,-6.931,ok,1,0,0,1,4,3,2,0,0,0,0
gen_04136,2,-6.928,ok,1,0,0,1,4,3,2,0,0,0,0
gen_04136,3,-6.923,ok,1,0,0,1,4,3,2,0,0,0,0
gen_04136,4,-6.778,ok,0,0,1,1,3,5,3,0,0,0,0
gen_04136,5,-6.747,ok,0,0,1,1,3,5,3,0,0,0,0
gen_04137,1,-8.081,ok,1,0,1,1,5,4,3,0,0,0,0
gen_04137,2,-8.024,ok,1,0,1,1,5,4,3,0,0,0,0
gen_04138,1,-8.131,ok,1,0,1,0,4,6,5,1,0,0,0
gen_04138,2,-8.037,ok,1,0,1,0,4,6,4,1,0,0,0
gen_04138,3,-8.026,ok,1,0,1,0,4,5,3,1,0,0,0
gen_04138,4,-7.956,ok,1,0,1,0,4,5,4,1,0,0,0
gen_04138,5,-7.945,ok,1,0,1,0,4,6,5,1,0,0,0
gen_04138,6,-7.906,ok,1,0,1,0,4,6,5,1,0,0,0
gen_04138,7,-7.376,ok,1,0,1,0,4,5,3,0,0,0,0
gen_04139,1,-8.034,ok,1,0,0,1,4,5,3,0,0,0,0
gen_04139,2,-8.024,ok,1,0,0,1,4,5,3,0,0,0,0
gen_04140,1,-6.771,ok,1,0,1,0,4,6,2,0,0,0,0
gen_04140,2,-6.768,ok,1,0,1,0,4,6,2,0,0,0,0
gen_04141,1,-7.083,ok,1,0,1,0,4,5,0,1,0,0,1
gen_04141,2,-6.971,ok,1,0,1,0,4,5,0,1,0,0,0
gen_04141,3,-6.762,ok,1,0,1,0,4,8,0,1,0,0,0
gen_04142,1,-8.284,ok,1,0,0,1,5,3,3,0,1,0,0
gen_04142,2,-8.244,ok,1,0,0,1,5,4,3,1,0,0,0
gen_04142,3,-8.236,ok,1,0,0,1,4,4,1,1,0,0,0
gen_04142,4,-8.205,ok,1,0,0,1,5,3,3,0,1,0,0
gen_04142,5,-8.186,ok,1,0,0,1,4,4,1,1,0,0,0
gen_04143,1,-6.976,ok,0,0,0,1,3,4,2,0,0,0,3
gen_04143,2,-6.972,ok,0,0,0,1,3,5,1,0,0,0,2
gen_04143,3,-6.957,ok,0,0,0,1,0,0,2,1,1,0,0
gen_04143,4,-6.952,ok,0,0,0,1,3,5,2,0,0,0,1
gen_04143,5,-6.932,ok,0,0,0,1,3,5,2,0,0,0,1
gen_04144,1,-7.324,ok,0,0,0,1,3,4,3,0,0,0,0
gen_04144,2,-7.316,ok,0,0,0,1,3,5,3,0,0,0,0
gen_04144,3,-7.279,ok,0,0,0,1,3,3,4,0,0,0,0
gen_04144,4,-7.234,ok,0,0,0,1,3,0,4,0,0,0,0
gen_04145,1,-7.087,ok,0,0,0,1,3,4,3,0,0,0,0
gen_04145,2,-7.046,ok,0,0,0,1,3,5,4,0,0,0,0
gen_04145,3,-7.034,ok,1,0,1,1,4,3,1,1,0,0,0
gen_04145,4,-7.021,ok,0,0,0,1,3,5,4,0,0,0,0
gen_04145,5,-6.93,ok,0,0,0,1,3,4,4,0,0,0,0
gen_04146,1,-8.182,ok,1,0,1,1,4,6,4,0,0,0,1
gen_04146,2,-8.119,ok,1,0,1,1,4,6,3,0,0,0,1
gen_04146,3,-7.939,ok,1,0,0,1,4,6,2,0,0,0,0
gen_04146,4,-7.765,ok,1,0,1,1,4,3,2,0,0,0,0
gen_04146,5,-7.753,ok,1,0,1,1,4,3,2,0,0,0,0
gen_04147,1,-7.067,ok,1,0,0,1,4,6,3,2,0,0,0
gen_04147,2,-7.052,ok,1,0,0,1,4,6,3,2,0,0,0
gen_04148,1,-7.798,ok,1,0,0,1,5,2,3,0,0,0,0
gen_04148,2,-7.776,ok,1,0,0,1,5,2,3,0,0,0,0
gen_04148,3,-7.718,ok,1,0,0,1,5,2,4,0,0,0,0
gen_04148,4,-7.636,ok,1,0,0,1,4,2,3,0,0,0,0
gen_04148,5,-7.625,ok,1,0,0,1,4,1,4,0,0,0,0
gen_04148,6,-7.617,ok,1,0,0,1,4,2,4,0,0,0,0
gen_04148,7,-7.615,ok,1,0,0,1,4,2,3,0,0,0,0
gen_04148,8,-7.599,ok,1,0,0,1,4,1,4,0,0,0,0
gen_04149,1,-7.796,ok,1,0,0,0,5,5,3,0,0,0,0
gen_04149,2,-7.656,ok,1,0,0,1,5,5,2,0,0,0,0
gen_04150,1,-7.272,ok,0,0,1,1,3,6,1,0,0,0,0
gen_04150,2,-7.235,ok,0,0,1,1,3,6,1,0,0,0,0
gen_04150,3,-7.221,ok,0,0,1,1,3,6,1,0,0,0,0
gen_04151,1,-8.168,ok,0,0,0,1,3,5,3,0,0,0,0
gen_04151,2,-8.12,ok,0,0,0,1,3,4,4,0,0,0,0
gen_04151,3,-8.115,ok,0,0,0,1,3,6,2,0,0,0,0
gen_04152,1,-9.193,ok,1,0,1,0,5,4,1,1,0,0,0
gen_04152,2,-9.168,ok,1,0,1,0,4,5,1,1,0,0,0
gen_04152,3,-9.128,ok,1,0,1,0,5,4,3,1,0,0,0
gen_04152,4,-7.831,ok,1,0,1,0,4,4,2,0,0,0,1
gen_04153,1,-7.594,ok,1,0,0,1,4,5,4,0,0,0,0
gen_04153,2,-7.581,ok,1,0,0,1,4,5,4,0,0,0,0
gen_04154,1,-7.348,ok,1,0,0,1,4,5,3,0,0,0,0
gen_04154,2,-7.267,ok,1,0,0,1,4,6,3,0,0,0,0
gen_04154,3,-7.165,ok,1,0,1,1,4,7,4,0,0,0,0
gen_04154,4,-7.133,ok,1,0,0,0,4,6,2,0,0,0,0
gen_04154,5,-7.072,ok,1,0,1,1,4,6,4,0,0,0,0
gen_04155,1,-8.063,ok,0,0,1,1,3,7,2,1,0,0,0
gen_04155,2,-8.046,ok,0,0,1,1,3,6,3,1,0,0,0
gen_04155,3,-8.037,ok,0,0,1,1,3,5,2,1,0,0,0
gen_04155,4,-8.0,ok,0,0,1,1,3,7,3,1,0,0,0
gen_04155,5,-7.899,ok,0,0,1,1,3,5,3,1,0,0,0
gen_04155,6,-7.843,ok,0,0,0,1,3,6,3,0,0,0,0
gen_04156,1,-8.054,ok,1,0,0,1,5,5,2,0,0,0,0
gen_04157,1,-7.742,ok,0,0,1,1,3,2,5,0,0,0,0
gen_04157,2,-7.332,ok,0,0,1,1,0,3,2,0,1,0,0
gen_04157,3,-7.227,ok,0,0,1,1,0,3,3,0,2,0,0
gen_04157,4,-7.1,ok,0,0,1,1,0,3,2,0,0,0,0
gen_04158,1,-7.204,ok,1,0,0,1,4,6,1,0,0,0,0
gen_04159,1,-7.236,ok,1,0,0,1,4,5,2,2,0,0,0
gen_04159,2,-7.203,ok,1,0,0,1,4,5,1,2,0,0,0
gen_04159,3,-7.12,ok,1,0,1,1,4,6,4,0,0,0,0
gen_04159,4,-7.112,ok,1,0,0,1,4,6,1,2,0,0,0
gen_04159,5,-7.085,ok,1,0,1,1,4,5,3,2,0,0,0
gen_04159,6,-7.064,ok,1,0,1,1,4,7,2,0,0,0,0
gen_04159,7,-7.057,ok,1,0,1,1,4,6,2,0,0,0,0
gen_04159,8,-7.011,ok,1,0,1,1,4,5,4,0,0,0,0
gen_04159,9,-6.981,ok,1,0,1,1,4,5,4,0,0,0,0
gen_04159,10,-6.776,ok,1,0,0,1,4,5,2,2,0,0,0
gen_04160,1,-7.783,ok,1,0,1,1,4,6,2,1,0,0,0
gen_04160,2,-7.645,ok,1,0,1,1,4,7,3,1,0,0,0
gen_04160,3,-7.579,ok,1,0,0,1,4,4,3,0,1,0,0
gen_04160,4,-7.559,ok,1,0,0,1,4,5,4,0,1,0,0
gen_04160,5,-7.559,ok,1,0,0,1,4,4,4,0,1,0,0
gen_04160,6,-7.55,ok,1,0,0,1,4,4,4,0,1,0,0
gen_04161,1,-8.459,ok,1,0,0,1,4,7,3,0,0,0,0
gen_04162,1,-7.983,ok,0,0,0,1,0,3,4,0,0,0,0
gen_04162,2,-7.979,ok,0,0,1,1,3,3,5,0,0,0,0
gen_04162,3,-7.975,ok,0,0,1,1,3,3,5,0,0,0,0
gen_04162,4,-7.957,ok,0,0,0,1,0,3,4,0,0,0,0
gen_04162,5,-7.948,ok,0,0,1,1,3,3,5,0,0,0,0
gen_04162,6,-7.729,ok,1,0,0,1,4,5,4,0,0,0,0
gen_04162,7,-7.719,ok,1,0,0,1,4,4,5,0,0,0,0
gen_04162,8,-7.707,ok,1,0,0,1,4,4,4,0,0,0,0
gen_04163,1,-8.167,ok,1,0,0,1,4,7,4,1,0,0,0
gen_04163,2,-8.165,ok,1,0,0,1,4,8,4,1,0,0,0
gen_04164,1,-7.698,ok,1,0,0,0,4,5,1,1,0,0,0
gen_04164,2,-7.691,ok,1,0,0,0,4,5,1,1,0,0,0
gen_04165,1,-7.562,ok,0,0,0,1,3,6,3,0,0,0,0
gen_04165,2,-7.554,ok,0,0,0,1,3,6,3,0,0,0,0
gen_04165,3,-7.499,ok,0,0,0,1,3,6,3,0,0,0,0
gen_04165,4,-7.294,ok,0,0,0,1,0,5,3,0,0,0,0
gen_04166,1,-8.152,ok,1,0,0,0,5,4,4,0,0,0,0
gen_04166,2,-8.148,ok,1,0,0,1,5,6,2,0,0,0,0
gen_04166,3,-8.142,ok,1,0,0,1,5,6,3,0,0,0,0
gen_04166,4,-8.137,ok,1,0,0,0,5,5,2,0,0,0,0
gen_04166,5,-8.132,ok,1,0,0,0,5,5,4,0,0,0,0
gen_04166,6,-8.088,ok,1,0,0,1,5,6,2,0,0,0,0
gen_04166,7,-8.074,ok,1,0,0,1,5,4,4,0,0,0,0
gen_04166,8,-8.072,ok,1,0,0,1,4,5,3,0,0,0,0
gen_04166,9,-8.069,ok,1,0,0,1,5,5,3,0,0,0,0
gen_04166,10,-8.036,ok,1,0,0,1,5,6,3,0,0,0,0
gen_04166,11,-8.036,ok,1,0,0,1,5,7,2,0,0,0,0
gen_04167,1,-8.257,ok,1,0,0,1,5,4,6,0,0,0,0
gen_04167,2,-7.968,ok,1,0,0,1,4,6,3,1,0,0,0
gen_04167,3,-7.964,ok,1,0,1,1,4,5,1,1,1,0,0
gen_04167,4,-7.938,ok,1,0,0,1,4,6,5,1,0,0,0
gen_04167,5,-7.917,ok,1,0,0,1,4,6,5,1,0,0,0
gen_04167,6,-7.9,ok,1,0,0,1,4,5,3,1,0,0,0
gen_04168,1,-8.044,ok,0,0,0,1,3,6,4,0,0,0,0
gen_04168,2,-8.02,ok,0,0,1,1,3,7,6,0,0,0,0
gen_04168,3,-8.005,ok,0,0,1,1,3,7,5,0,0,0,0
gen_04168,4,-7.983,ok,0,0,1,1,3,7,5,0,0,0,0
gen_04168,5,-7.979,ok,0,0,1,1,3,6,4,0,0,0,0
gen_04168,6,-7.897,ok,0,0,0,1,3,5,3,0,0,0,0
gen_04168,7,-7.805,ok,0,0,0,1,3,6,3,0,0,0,0
gen_04168,8,-7.799,ok,0,0,0,1,3,5,3,0,0,0,0
gen_04168,9,-7.729,ok,0,0,0,1,3,5,3,0,0,0,0
gen_04169,1,-7.3,ok,1,0,1,1,4,5,3,0,0,0,0
gen_04170,1,-8.924,ok,1,0,1,1,4,3,5,0,0,0,0
gen_04170,2,-8.924,ok,1,0,1,1,4,3,5,0,0,0,0
gen_04170,3,-8.874,ok,1,0,1,1,4,3,5,0,0,0,0
gen_04170,4,-8.742,ok,1,0,1,1,4,3,5,0,0,0,0
gen_04170,5,-8.388,ok,1,0,0,1,4,5,5,0,0,0,0
gen_04170,6,-8.354,ok,1,0,0,1,4,5,5,0,0,0,0
gen_04170,7,-8.339,ok,1,0,0,1,4,5,5,0,0,0,0
gen_04170,8,-8.202,ok,1,0,0,1,4,6,5,0,0,0,0
gen_04171,1,-7.381,ok,1,0,0,1,4,6,2,1,0,0,0
gen_04171,2,-7.358,ok,1,0,0,1,4,5,2,0,0,0,0
gen_04171,3,-7.33,ok,1,0,0,1,4,5,2,0,0,0,0
gen_04171,4,-7.316,ok,1,0,0,1,4,5,2,0,0,0,0
gen_04171,5,-7.304,ok,1,0,0,1,4,6,2,1,0,0,0
gen_04171,6,-7.233,ok,1,0,0,1,4,5,2,0,0,0,0
gen_04171,7,-7.153,ok,1,0,0,1,4,5,2,0,0,0,0
gen_04172,1,-80.52,ok,0,0,0,1,0,2,2,0,0,0,0
gen_04172,2,-76.945,ok,0,0,0,1,0,0,1,0,0,0,0
gen_04172,3,-76.304,ok,0,0,1,0,0,0,1,0,0,0,0
gen_04173,1,-7.223,ok,1,0,0,1,4,6,3,0,0,0,0
gen_04173,2,-7.215,ok,1,0,0,1,4,6,3,0,0,0,0
gen_04173,3,-7.205,ok,1,0,0,1,4,6,3,0,0,0,0
gen_04174,1,-8.025,ok,1,0,0,1,4,6,3,0,1,0,0
gen_04174,2,-7.992,ok,1,0,0,1,4,6,3,1,1,0,0
gen_04174,3,-7.97,ok,1,0,0,1,4,5,3,1,1,0,0
gen_04175,1,-7.6,ok,1,1,1,1,5,8,2,0,0,0,0
gen_04175,2,-7.541,ok,1,1,1,1,5,7,3,0,0,0,0
gen_04175,3,-7.53,ok,1,1,1,1,5,7,2,0,0,0,0
gen_04175,4,-7.503,ok,1,1,0,1,5,6,2,0,0,0,0
gen_04175,5,-7.477,ok,1,0,1,1,5,5,4,0,0,0,0
gen_04175,6,-7.465,ok,1,0,0,1,5,5,3,0,0,0,0
gen_04175,7,-7.443,ok,1,0,1,1,5,5,3,0,0,0,0
gen_04175,8,-7.435,ok,1,1,1,1,5,7,2,0,0,0,0
gen_04176,1,-6.407,ok,1,0,0,1,4,0,2,0,0,0,0
gen_04177,1,-6.373,ok,1,0,0,1,4,6,2,1,0,0,0
gen_04178,1,-8.878,ok,1,0,0,1,5,5,1,0,0,0,0
gen_04178,2,-8.861,ok,1,0,0,1,5,6,1,0,0,0,0
gen_04178,3,-8.825,ok,1,0,0,1,5,5,1,0,0,0,0
gen_04178,4,-8.652,ok,1,0,0,1,5,6,2,0,0,0,0
gen_04178,5,-8.603,ok,1,0,0,1,5,5,1,0,0,0,0
gen_04178,6,-8.59,ok,1,0,1,0,5,4,2,1,0,0,0
gen_04178,7,-8.586,ok,1,0,1,0,5,5,1,0,0,0,0
gen_04178,8,-8.536,ok,1,0,0,0,5,5,0,0,0,0,0
gen_04179,1,-7.281,ok,1,0,0,1,4,6,3,1,0,0,0
gen_04179,2,-7.265,ok,1,0,0,1,4,6,3,1,0,0,0
gen_04179,3,-7.224,ok,1,0,0,1,4,6,2,1,0,0,0
gen_04179,4,-7.19,ok,1,0,0,1,4,6,2,1,0,0,0
gen_04179,5,-7.133,ok,1,0,1,1,4,6,4,1,0,0,0
gen_04180,1,-7.742,ok,1,0,0,1,4,5,4,0,0,0,0
gen_04180,2,-7.737,ok,1,0,0,1,4,5,4,0,0,0,0
gen_04180,3,-7.722,ok,1,0,1,1,4,5,5,0,0,0,0
gen_04181,1,-7.442,ok,0,0,1,1,3,6,3,0,0,0,0
gen_04181,2,-7.416,ok,0,0,1,1,3,6,3,0,0,0,0
gen_04181,3,-7.412,ok,0,0,1,1,3,6,3,0,0,0,0
gen_04181,4,-7.385,ok,0,1,1,1,0,4,4,0,1,0,0
gen_04181,5,-7.29,ok,0,0,1,1,3,6,3,0,0,0,0
gen_04182,1,-7.225,ok,1,0,1,0,4,6,0,1,0,0,0
gen_04182,2,-7.19,ok,1,0,1,0,4,6,0,1,0,0,0
gen_04182,3,-7.151,ok,1,0,1,0,4,6,0,1,0,0,0
gen_04182,4,-7.116,ok,1,0,1,0,4,5,0,1,0,0,0
gen_04183,1,-7.949,ok,0,0,1,0,3,4,0,2,0,0,0
gen_04183,2,-7.938,ok,1,0,1,1,4,5,3,0,0,0,0
gen_04183,3,-7.915,ok,0,0,1,0,3,4,0,2,0,0,0
gen_04183,4,-7.907,ok,1,0,1,1,4,5,3,0,0,0,0
gen_04183,5,-7.905,ok,0,0,1,1,3,6,4,0,0,0,0
gen_04183,6,-7.904,ok,0,0,1,1,3,6,4,0,0,0,0
gen_04183,7,-7.866,ok,1,0,1,1,4,6,3,0,0,0,0
gen_04183,8,-7.865,ok,1,0,1,1,4,5,3,0,0,0,0
gen_04183,9,-7.854,ok,1,0,1,1,4,6,3,0,0,0,0
gen_04183,10,-7.843,ok,1,0,1,1,4,5,3,0,0,0,0
gen_04183,11,-7.831,ok,1,0,1,1,4,6,3,0,0,0,0
gen_04184,1,-7.416,ok,1,0,0,1,4,6,3,0,0,0,0
gen_04184,2,-7.343,ok,1,0,0,1,4,6,2,0,0,0,0
gen_04184,3,-7.256,ok,0,0,0,1,0,1,4,0,0,0,0
gen_04184,4,-7.185,ok,1,0,0,0,4,6,2,0,0,0,0
gen_04184,5,-7.085,ok,1,0,1,1,4,1,2,1,0,0,0
gen_04184,6,-7.077,ok,0,0,1,1,3,1,3,1,0,0,0
gen_04184,7,-7.076,ok,0,0,1,1,3,1,4,1,0,0,0
gen_04185,1,-8.175,ok,0,0,0,1,3,0,4,0,0,0,0
gen_04185,2,-8.157,ok,0,0,0,1,3,0,4,0,0,0,0
gen_04185,3,-8.133,ok,0,0,0,1,3,1,4,0,0,0,0
gen_04185,4,-8.052,ok,1,0,0,1,4,4,4,0,0,0,0
gen_04185,5,-8.039,ok,1,0,0,1,4,4,4,0,0,0,0
gen_04185,6,-7.75,ok,0,0,0,1,0,2,5,0,0,0,0
gen_04185,7,-7.711,ok,0,0,0,1,0,2,3,0,0,0,0
gen_04185,8,-7.691,ok,0,0,0,1,0,2,3,0,1,0,0
gen_04185,9,-7.685,ok,0,0,0,1,0,1,3,0,1,0,0
gen_04185,10,-7.681,ok,0,0,0,1,0,1,4,0,1,0,0
gen_04185,11,-7.674,ok,0,0,0,1,0,2,4,0,0,0,0
gen_04186,1,-6.759,ok,1,0,1,0,4,3,4,1,0,0,0
gen_04186,2,-6.758,ok,1,0,1,0,4,4,3,1,0,0,0
gen_04186,3,-6.747,ok,1,0,1,0,4,3,4,1,0,0,0
gen_04186,4,-6.72,ok,1,0,1,0,4,3,3,1,0,0,0
gen_04186,5,-6.714,ok,1,0,1,0,4,3,3,1,0,0,0
gen_04186,6,-6.711,ok,1,0,1,0,4,3,3,1,0,0,0
gen_04186,7,-6.687,ok,1,0,1,0,4,3,3,1,0,0,0
gen_04187,1,-7.903,ok,1,0,0,1,4,6,4,0,1,0,0
gen_04187,2,-7.882,ok,1,0,0,1,4,6,4,0,1,0,0
gen_04187,3,-7.88,ok,1,0,0,1,4,6,4,0,1,0,0
gen_04187,4,-7.871,ok,1,0,0,1,4,6,4,0,1,0,0
gen_04188,1,-6.653,ok,1,0,0,1,4,6,2,0,0,0,0
gen_04188,2,-6.619,ok,1,0,0,1,4,6,2,0,0,0,0
gen_04189,1,-6.758,ok,1,0,0,1,4,0,4,0,0,0,0
gen_04189,2,-6.757,ok,1,0,0,1,4,0,4,0,0,0,0
gen_04189,3,-6.742,ok,1,0,1,1,4,0,4,0,0,0,0
gen_04190,1,-6.894,ok,1,0,0,1,4,6,5,0,0,0,0
gen_04190,2,-6.854,ok,1,0,0,1,4,6,5,0,0,0,0
gen_04190,3,-6.835,ok,1,0,0,1,4,7,4,0,0,0,0
gen_04190,4,-6.677,ok,0,0,0,1,0,2,2,0,0,0,0
gen_04190,5,-6.613,ok,0,0,0,1,0,2,2,0,0,0,0
gen_04190,6,-6.6,ok,0,0,0,1,0,2,2,0,0,0,0
gen_04191,1,-7.469,ok,0,0,1,1,3,7,3,0,0,0,0
gen_04191,2,-7.462,ok,0,0,1,1,3,7,3,0,0,0,0
gen_04191,3,-7.457,ok,0,0,1,1,3,7,3,0,0,0,0
gen_04191,4,-7.454,ok,0,0,1,1,3,7,3,0,0,0,0
gen_04191,5,-7.396,ok,1,0,0,1,4,4,2,0,0,0,0
gen_04191,6,-7.376,ok,1,0,0,1,4,4,2,0,0,0,0
gen_04192,1,-6.962,ok,1,0,0,1,4,5,2,0,0,0,0
gen_04192,2,-6.916,ok,1,0,0,1,4,5,2,0,0,0,0
gen_04192,3,-6.868,ok,1,0,0,1,4,5,2,0,0,0,0
gen_04193,1,-6.625,ok,1,0,1,1,4,5,2,1,0,0,0
gen_04193,2,-6.591,ok,1,0,1,1,4,5,2,1,0,0,0
gen_04194,1,-6.915,ok,1,0,0,1,4,4,1,0,0,0,0
gen_04194,2,-6.901,ok,1,0,0,1,4,4,1,0,0,0,0
gen_04195,1,-8.435,ok,1,0,1,1,4,6,2,1,0,0,0
gen_04196,1,-8.188,ok,1,0,1,1,4,7,5,1,0,0,0
gen_04196,2,-8.056,ok,1,0,0,1,4,5,4,1,0,0,0
gen_04196,3,-7.989,ok,1,0,0,1,4,5,4,1,0,0,0
gen_04196,4,-7.924,ok,1,0,0,1,4,7,3,0,0,0,0
gen_04196,5,-7.859,ok,1,0,0,1,4,7,3,0,0,0,0
gen_04197,1,-7.067,ok,1,0,1,0,4,5,0,1,0,0,0
gen_04197,2,-7.059,ok,1,0,1,0,4,5,0,1,0,0,0
gen_04197,3,-7.035,ok,1,0,1,0,4,5,0,1,0,0,0
gen_04197,4,-7.018,ok,1,0,1,1,4,5,3,0,0,0,0
gen_04197,5,-7.016,ok,1,0,0,1,4,6,2,0,0,0,0
gen_04197,6,-7.014,ok,1,0,1,1,4,5,3,0,0,0,0
gen_04197,7,-7.007,ok,1,0,1,0,4,5,0,1,0,0,0
gen_04197,8,-7.006,ok,1,0,1,1,4,6,3,0,0,0,0
gen_04198,1,-7.755,ok,1,0,1,1,4,7,4,0,0,0,0
gen_04198,2,-7.755,ok,1,0,1,1,4,7,4,0,0,0,0
gen_04199,1,-7.215,ok,1,0,1,0,5,5,0,0,0,0,0
gen_04199,2,-6.971,ok,0,0,0,1,3,3,2,0,1,0,0
gen_04200,1,-7.57,ok,1,0,0,1,4,5,2,0,0,0,0
gen_04200,2,-7.544,ok,1,0,0,1,4,6,1,0,0,0,1
gen_04200,3,-7.515,ok,1,0,1,1,4,3,3,0,0,0,0
gen_04200,4,-7.499,ok,1,0,1,1,4,3,3,0,0,0,0
gen_04200,5,-7.489,ok,1,0,0,1,4,3,2,0,0,0,0
gen_04200,6,-7.457,ok,1,0,0,1,4,6,2,0,0,0,0
gen_04200,7,-7.439,ok,1,0,0,1,4,3,2,0,0,0,0
gen_04200,8,-7.406,ok,1,0,1,1,4,3,3,0,0,0,0
gen_04200,9,-7.401,ok,1,0,0,1,4,6,2,0,0,0,0
gen_04201,1,-8.294,ok,1,0,1,1,4,6,6,0,0,0,0
gen_04201,2,-8.277,ok,1,0,1,1,4,5,5,0,0,0,0
gen_04201,3,-8.256,ok,1,0,1,1,4,6,5,0,0,0,0
gen_04201,4,-8.209,ok,1,0,0,1,4,6,4,0,0,0,0
gen_04201,5,-8.177,ok,1,0,0,1,4,6,4,0,0,0,0
gen_04201,6,-8.166,ok,1,0,1,1,4,5,5,0,0,0,0
gen_04201,7,-8.136,ok,1,0,1,1,4,5,5,0,0,0,0
gen_04201,8,-8.123,ok,1,0,1,1,4,5,5,0,0,0,0
gen_04201,9,-8.119,ok,1,0,1,1,4,5,5,0,0,0,0
gen_04201,10,-8.044,ok,1,0,1,1,4,6,5,0,0,0,0
gen_04201,11,-7.978,ok,1,0,0,1,4,6,4,0,0,0,0
gen_04201,12,-7.852,ok,1,0,1,1,4,6,5,0,0,0,0
gen_04201,13,-7.808,ok,1,0,1,1,4,6,6,0,0,0,0
gen_04202,1,-7.665,ok,1,0,1,1,5,4,4,0,0,0,0
gen_04203,1,-7.76,ok,1,0,0,1,4,5,4,0,0,0,0
gen_04203,2,-7.746,ok,1,0,0,1,4,6,3,0,0,0,0
gen_04203,3,-7.712,ok,1,0,0,1,4,6,4,0,0,0,0
gen_04203,4,-7.711,ok,1,0,0,1,4,5,4,0,0,0,0
gen_04203,5,-7.604,ok,1,0,1,1,4,5,4,0,0,0,1
gen_04203,6,-7.543,ok,1,0,1,1,4,5,1,1,0,0,0
gen_04204,1,-8.226,ok,1,0,1,1,4,7,5,0,0,0,0
gen_04204,2,-8.223,ok,1,0,1,1,4,7,5,0,0,0,0
gen_04204,3,-8.198,ok,1,0,1,1,4,8,5,0,0,0,0
gen_04204,4,-8.193,ok,1,0,1,1,4,8,5,0,0,0,0
gen_04205,1,-6.865,ok,0,0,0,1,3,3,2,0,0,0,0
gen_04205,2,-6.854,ok,0,0,0,1,3,3,2,0,0,0,0
gen_04205,3,-6.818,ok,0,0,0,1,3,3,2,0,0,0,0
gen_04206,1,-7.226,ok,0,0,0,1,3,4,2,0,0,0,0
gen_04206,2,-7.193,ok,1,0,1,0,4,6,0,1,0,0,0
gen_04206,3,-7.147,ok,1,0,1,0,4,6,0,1,0,0,0
gen_04207,1,-7.595,ok,1,0,0,1,4,6,3,0,0,0,0
gen_04208,1,-7.325,ok,1,0,1,1,4,0,6,0,0,0,0
gen_04208,2,-7.314,ok,1,0,1,1,4,0,6,0,0,0,0
gen_04208,3,-7.303,ok,1,0,1,1,4,0,6,0,0,0,0
gen_04208,4,-7.285,ok,1,0,1,1,4,0,6,0,0,0,0
gen_04209,1,-7.121,ok,1,0,0,1,4,3,4,0,0,0,1
gen_04209,2,-7.12,ok,0,0,1,1,0,1,4,0,0,0,2
gen_04209,3,-7.113,ok,1,0,0,1,4,3,3,0,0,0,1
gen_04209,4,-7.107,ok,0,0,1,1,0,3,4,0,0,0,2
gen_04209,5,-7.107,ok,0,0,1,1,0,1,4,0,0,0,2
gen_04209,6,-7.089,ok,1,0,0,1,5,3,3,0,0,0,1
gen_04209,7,-7.083,ok,0,0,1,1,0,3,4,0,0,0,2
gen_04209,8,-7.049,ok,0,0,1,1,0,2,4,0,0,0,1
gen_04209,9,-6.992,ok,1,0,0,1,4,3,3,0,0,0,1
gen_04209,10,-6.98,ok,1,0,0,0,5,5,0,0,0,0,1
gen_04209,11,-6.975,ok,1,0,0,0,5,5,0,0,0,0,1
gen_04210,1,-7.791,ok,0,0,1,1,3,2,4,0,0,0,2
gen_04210,2,-7.766,ok,0,0,1,1,3,2,4,0,0,0,2
gen_04210,3,-7.728,ok,0,0,1,1,3,2,4,0,0,0,2
gen_04210,4,-7.099,ok,1,0,0,1,4,0,2,0,1,0,1
gen_04210,5,-7.059,ok,1,0,0,1,4,0,2,0,1,0,1
gen_04210,6,-7.029,ok,1,0,0,1,4,0,2,0,1,0,1
gen_04210,7,-7.011,ok,1,0,0,1,4,0,2,0,1,0,1
gen_04210,8,-6.987,ok,1,0,0,1,4,0,2,0,1,0,1
gen_04210,9,-6.977,ok,1,0,0,1,4,0,2,0,1,0,1
gen_04210,10,-6.932,ok,1,0,0,1,4,0,2,0,1,0,1
gen_04211,1,-7.595,ok,0,0,1,1,3,3,1,0,0,0,1
gen_04211,2,-7.553,ok,0,0,1,1,3,4,1,0,0,0,1
gen_04211,3,-7.452,ok,1,0,1,1,5,4,2,0,1,0,0
gen_04212,1,-7.153,ok,1,1,1,1,4,8,2,1,0,0,0
gen_04212,2,-7.145,ok,1,1,1,1,4,8,3,0,0,0,0
gen_04212,3,-7.104,ok,1,1,1,1,4,9,1,0,0,0,0
gen_04212,4,-7.06,ok,1,1,1,1,4,8,3,0,0,0,0
gen_04212,5,-7.049,ok,1,1,1,1,4,9,3,0,0,0,0
gen_04212,6,-7.042,ok,1,1,1,1,4,10,2,0,0,0,0
gen_04212,7,-7.041,ok,0,0,0,1,3,4,3,0,1,0,0
gen_04212,8,-7.035,ok,1,1,1,1,4,11,2,0,0,0,0
gen_04212,9,-7.007,ok,0,0,0,1,3,4,3,0,1,0,0
gen_04212,10,-7.004,ok,1,1,1,1,4,9,2,1,0,0,0
gen_04212,11,-6.991,ok,1,1,1,1,4,11,1,0,0,0,0
gen_04213,1,-7.988,ok,1,0,0,1,4,5,4,0,0,0,0
gen_04213,2,-7.974,ok,1,0,0,1,4,5,3,0,0,0,0
gen_04213,3,-7.96,ok,1,0,0,1,4,5,4,0,0,0,0
gen_04213,4,-7.932,ok,1,0,0,1,4,5,3,0,0,0,0
gen_04214,1,-7.249,ok,1,0,0,1,4,6,2,0,0,0,1
gen_04214,2,-7.206,ok,1,0,0,1,4,6,1,0,0,0,1
gen_04215,1,-7.49,ok,1,0,0,1,4,5,2,0,0,0,0
gen_04215,2,-7.486,ok,1,0,0,1,4,5,2,0,0,0,0
gen_04215,3,-7.452,ok,1,0,1,1,4,5,1,1,0,0,0
gen_04215,4,-7.446,ok,1,0,1,1,4,5,1,1,0,0,0
gen_04216,1,-7.104,ok,1,0,1,1,4,4,2,1,0,0,0
gen_04216,2,-7.043,ok,1,0,1,1,4,4,2,1,0,0,0
gen_04216,3,-6.902,ok,1,0,1,1,4,3,2,1,0,0,0
gen_04217,1,-7.527,ok,0,0,0,1,3,6,3,0,0,0,0
gen_04217,2,-7.478,ok,0,0,0,1,3,6,4,0,0,0,0
gen_04218,1,-9.417,ok,1,0,0,1,4,7,5,1,0,0,0
gen_04218,2,-9.351,ok,1,0,0,1,4,7,4,1,0,0,0
gen_04218,3,-9.335,ok,1,0,0,1,4,7,5,1,0,0,0
gen_04218,4,-9.332,ok,1,0,0,1,4,8,4,1,0,0,0
gen_04218,5,-9.285,ok,1,0,0,1,4,7,5,1,0,0,0
gen_04219,1,-8.025,ok,0,0,1,0,3,4,3,1,0,0,0
gen_04219,2,-7.838,ok,0,0,1,0,3,3,3,1,0,0,0
gen_04219,3,-7.825,ok,0,0,1,0,3,5,3,1,0,0,0
gen_04219,4,-7.818,ok,0,0,1,0,3,5,3,1,0,0,0
gen_04219,5,-7.805,ok,0,0,1,0,3,2,3,1,0,0,0
gen_04219,6,-7.785,ok,0,0,1,0,3,5,3,1,0,0,0
gen_04219,7,-7.524,ok,0,0,1,0,3,1,3,1,0,0,0
gen_04220,1,-7.337,ok,0,0,1,1,0,1,3,0,1,0,0
gen_04220,2,-7.319,ok,0,0,1,1,0,1,3,0,1,0,0
gen_04220,3,-7.312,ok,0,0,1,1,0,1,3,0,1,0,0
gen_04220,4,-7.304,ok,0,0,1,1,0,1,3,0,1,0,0
gen_04220,5,-7.276,ok,0,0,1,0,0,1,2,0,1,0,0
gen_04220,6,-7.272,ok,0,0,1,0,0,1,2,0,1,0,0
gen_04220,7,-7.062,ok,0,0,0,1,3,2,1,0,0,0,0
gen_04220,8,-7.054,ok,0,0,0,1,3,2,1,0,0,0,0
gen_04220,9,-7.028,ok,0,0,0,1,3,2,1,0,0,0,0
gen_04220,10,-6.488,ok,0,0,0,1,3,2,1,0,2,0,0
gen_04221,1,-7.526,ok,1,0,0,1,4,7,2,0,0,0,1
gen_04222,1,-7.508,ok,1,0,0,1,4,6,2,0,0,0,0
gen_04222,2,-7.482,ok,1,0,1,1,4,7,3,0,0,0,0
gen_04222,3,-7.479,ok,1,0,0,1,4,6,2,0,0,0,0
gen_04222,4,-7.247,ok,1,0,1,1,5,4,3,1,0,0,0
gen_04222,5,-7.218,ok,1,0,0,0,4,4,1,0,0,0,0
gen_04223,1,-7.954,ok,1,0,0,1,4,3,2,0,0,0,0
gen_04223,2,-7.789,ok,0,0,0,1,3,3,3,0,0,0,0
gen_04223,3,-7.521,ok,1,0,0,1,4,6,2,0,0,0,0
gen_04223,4,-7.458,ok,1,0,0,1,4,5,2,0,0,0,0
gen_04223,5,-7.419,ok,1,0,0,1,4,5,1,0,0,0,0
gen_04223,6,-7.352,ok,0,0,1,1,3,1,2,0,0,0,0
gen_04224,1,-7.926,ok,1,0,0,1,5,3,5,0,0,0,0
gen_04224,2,-7.919,ok,1,0,0,1,5,3,5,0,0,0,0
gen_04224,3,-7.777,ok,1,0,0,1,5,3,5,0,0,0,0
gen_04225,1,-7.289,ok,0,0,1,1,3,4,2,0,0,0,0
gen_04225,2,-7.276,ok,0,0,1,1,3,3,2,0,0,0,0
gen_04225,3,-7.27,ok,0,0,1,1,3,5,2,0,0,0,0
gen_04225,4,-7.266,ok,0,0,1,1,3,3,2,0,0,0,0
gen_04225,5,-7.24,ok,0,0,1,1,3,3,2,0,0,0,0
gen_04225,6,-7.218,ok,0,0,1,1,0,5,2,0,0,0,0
gen_04225,7,-7.212,ok,0,0,1,1,3,3,2,0,0,0,0
gen_04225,8,-7.199,ok,0,0,1,1,0,5,2,0,0,0,0
gen_04225,9,-7.132,ok,0,0,1,1,3,3,2,0,0,0,0
gen_04226,1,-8.193,ok,1,0,1,1,5,4,4,0,0,0,0
gen_04226,2,-8.153,ok,1,0,1,1,5,4,3,0,0,0,0
gen_04227,1,-7.075,ok,1,0,1,1,4,5,4,0,0,0,0
gen_04227,2,-7.054,ok,1,0,1,1,4,5,4,0,0,0,0
gen_04227,3,-6.995,ok,1,0,1,1,4,5,3,0,0,0,0
gen_04227,4,-6.945,ok,1,0,1,1,4,6,3,0,0,0,0
gen_04227,5,-6.875,ok,1,0,1,1,4,6,3,0,0,0,1
gen_04227,6,-6.804,ok,1,0,0,1,4,6,2,0,0,0,0
gen_04228,1,-7.321,ok,1,0,1,1,4,6,2,0,0,0,0
gen_04228,2,-7.293,ok,1,0,1,1,4,6,2,0,0,0,0
gen_04228,3,-7.266,ok,1,0,1,1,4,8,2,0,0,0,0
gen_04228,4,-7.245,ok,1,0,1,1,4,6,2,0,0,0,0
gen_04228,5,-7.169,ok,1,0,1,1,4,8,2,0,0,0,0
gen_04228,6,-7.112,ok,1,0,1,0,4,8,0,0,0,0,0
gen_04228,7,-7.075,ok,1,0,1,0,4,7,0,0,0,0,0
gen_04229,1,-7.753,ok,1,0,0,1,4,5,1,0,0,0,0
gen_04230,1,-7.677,ok,1,0,1,1,4,1,1,0,0,0,0
gen_04230,2,-7.63,ok,1,0,1,1,4,1,1,0,0,0,0
gen_04230,3,-7.625,ok,1,0,0,0,4,0,0,0,0,0,0
gen_04231,1,-6.712,ok,1,0,1,0,4,1,1,2,0,0,0
gen_04231,2,-6.694,ok,1,0,1,0,4,1,1,2,0,0,0
gen_04231,3,-6.686,ok,1,0,1,0,4,1,1,2,0,0,0
gen_04231,4,-6.684,ok,1,0,1,0,4,2,1,2,0,0,0
gen_04231,5,-6.66,ok,1,0,1,0,4,1,1,2,0,0,0
gen_04231,6,-6.65,ok,1,0,0,1,5,4,3,0,0,0,0
gen_04231,7,-6.614,ok,1,0,1,0,5,2,1,1,0,0,0
gen_04231,8,-6.606,ok,1,0,1,0,5,2,1,1,0,0,0
gen_04231,9,-6.598,ok,1,0,1,0,5,2,2,1,0,0,0
gen_04232,1,-7.899,ok,1,0,1,1,4,6,2,0,0,0,0
gen_04232,2,-7.856,ok,1,0,1,1,4,6,2,0,0,0,0
gen_04232,3,-7.836,ok,1,0,1,0,4,6,1,0,0,0,0
gen_04232,4,-7.829,ok,1,0,1,0,4,6,1,0,0,0,0
gen_04232,5,-7.782,ok,1,0,1,1,4,7,2,0,0,0,0
gen_04232,6,-7.751,ok,1,0,1,1,4,7,3,0,0,0,0
gen_04233,1,-7.161,ok,1,0,0,1,4,7,1,1,0,0,0
gen_04233,2,-7.148,ok,1,0,0,1,4,7,1,1,0,0,0
gen_04234,1,-8.341,ok,1,0,0,0,4,7,2,0,0,0,1
gen_04234,2,-8.302,ok,1,0,0,0,4,7,2,0,0,0,1
gen_04234,3,-8.266,ok,1,0,0,0,4,8,2,0,0,0,1
gen_04234,4,-8.26,ok,1,0,0,0,4,7,2,0,0,0,1
gen_04234,5,-8.246,ok,1,0,0,0,4,7,2,0,0,0,1
gen_04235,1,-7.862,ok,1,0,0,1,4,7,2,0,0,0,0
gen_04235,2,-7.839,ok,1,0,0,1,4,7,1,0,0,0,0
gen_04235,3,-7.838,ok,1,0,0,1,4,7,1,0,0,0,0
gen_04235,4,-7.829,ok,1,0,0,1,4,7,2,0,0,0,0
gen_04235,5,-7.785,ok,1,0,0,1,4,7,2,0,0,0,0
gen_04235,6,-7.769,ok,1,0,0,1,4,8,2,0,0,0,0
gen_04235,7,-7.74,ok,1,0,0,1,4,8,2,0,0,0,0
gen_04235,8,-7.553,ok,1,0,0,1,4,7,1,0,0,0,0
gen_04236,1,-7.189,ok,0,0,0,1,3,3,2,0,0,0,3
gen_04236,2,-7.178,ok,0,0,0,1,3,4,2,0,0,0,3
gen_04236,3,-7.148,ok,0,0,0,1,3,4,2,0,0,0,3
gen_04237,1,-7.427,ok,0,0,0,1,0,3,4,0,0,0,0
gen_04237,2,-7.354,ok,0,0,0,1,0,3,5,0,0,0,0
gen_04238,1,-6.991,ok,0,0,1,0,0,1,1,1,0,0,0
gen_04238,2,-6.97,ok,0,0,1,0,0,1,1,1,0,0,0
gen_04239,1,-7.409,ok,1,0,0,1,5,6,1,0,0,0,0
gen_04239,2,-7.408,ok,1,0,0,1,5,6,1,0,0,0,0
gen_04239,3,-7.407,ok,1,0,0,1,5,6,1,0,0,0,0
gen_04239,4,-7.389,ok,1,0,0,1,5,6,1,0,0,0,0
gen_04240,1,-7.309,ok,1,0,0,0,4,6,1,0,0,0,0
gen_04240,2,-7.294,ok,1,0,0,1,4,2,3,0,0,0,0
gen_04240,3,-7.276,ok,1,0,0,1,4,2,3,0,0,0,0
gen_04240,4,-7.226,ok,1,0,0,1,4,1,2,0,0,0,0
gen_04241,1,-7.467,ok,1,0,1,0,4,6,2,0,0,0,0
gen_04241,2,-7.463,ok,1,0,1,0,4,6,2,0,0,0,0
gen_04242,1,-7.577,ok,0,0,0,1,3,5,1,0,0,0,0
gen_04242,2,-7.466,ok,1,0,0,1,4,8,1,0,0,0,0
gen_04243,1,-7.066,ok,1,0,0,1,4,5,4,0,0,0,0
gen_04244,1,-7.186,ok,1,0,0,1,5,3,3,1,0,0,0
gen_04244,2,-7.073,ok,1,0,1,1,5,4,3,1,0,0,0
gen_04245,1,-6.73,ok,1,0,0,1,4,4,2,0,0,0,0
gen_04245,2,-6.717,ok,1,0,0,1,4,4,2,0,0,0,0
gen_04246,1,-7.018,ok,1,0,0,0,4,6,0,0,0,0,0
gen_04246,2,-6.966,ok,1,0,0,0,4,5,0,0,0,0,0
gen_04247,1,-6.982,ok,1,0,0,1,4,5,1,0,0,0,1
gen_04247,2,-6.955,ok,1,0,0,1,4,6,1,0,0,0,1
gen_04248,1,-8.476,ok,1,0,0,1,4,5,4,0,0,0,1
gen_04248,2,-8.474,ok,1,0,0,1,4,5,4,0,0,0,1
gen_04249,1,-6.97,ok,1,0,0,1,4,4,2,0,0,0,0
gen_04249,2,-6.795,ok,1,0,0,1,4,5,2,0,0,0,0
gen_04250,1,-7.43,ok,1,0,1,0,4,4,1,1,0,0,0
gen_04250,2,-7.38,ok,1,0,1,0,4,4,1,1,0,0,0
gen_04251,1,-6.747,ok,1,0,0,1,4,5,2,1,0,0,0
gen_04251,2,-6.71,ok,1,0,0,1,4,5,2,1,0,0,0
gen_04251,3,-6.68,ok,1,0,0,1,4,6,2,1,0,0,0
gen_04251,4,-6.665,ok,1,0,0,1,4,6,1,1,0,0,0
gen_04252,1,-8.172,ok,1,0,1,1,4,6,2,0,0,0,0
gen_04253,1,-7.212,ok,0,0,1,0,0,3,1,0,0,0,0
gen_04253,2,-7.2,ok,0,0,1,0,0,3,1,0,0,0,0
gen_04253,3,-7.164,ok,0,0,1,1,0,2,2,0,0,0,0
gen_04253,4,-7.096,ok,0,0,1,1,0,3,1,0,0,0,0
gen_04254,1,-7.414,ok,1,0,1,0,4,5,2,0,0,0,1
gen_04254,2,-7.172,ok,1,0,0,1,4,6,2,0,0,0,0
gen_04255,1,-135.542,ok,0,0,1,1,0,1,2,0,0,0,0
gen_04256,1,-7.43,ok,1,0,0,1,4,5,2,0,0,0,0
gen_04257,1,-7.187,ok,1,0,1,0,4,0,1,0,0,0,0
gen_04257,2,-7.168,ok,1,0,1,0,4,0,1,0,0,0,0
gen_04258,1,-7.413,ok,1,0,1,1,4,6,4,0,0,0,0
gen_04258,2,-7.399,ok,1,0,1,1,4,6,4,0,0,0,0
gen_04258,3,-7.358,ok,1,0,1,1,4,6,5,1,0,0,0
gen_04258,4,-7.336,ok,1,0,1,1,4,8,3,0,0,0,0
gen_04258,5,-7.242,ok,1,0,1,1,4,7,4,0,0,0,0
gen_04259,1,-7.422,ok,1,0,0,1,4,5,2,0,0,0,1
gen_04259,2,-7.386,ok,1,0,1,1,4,5,4,0,0,0,0
gen_04259,3,-7.351,ok,1,0,1,1,4,6,4,0,0,0,0
gen_04260,1,-9.097,ok,1,0,1,0,4,6,5,1,0,0,0
gen_04260,2,-9.062,ok,1,0,1,0,4,6,4,1,0,0,0
gen_04260,3,-8.61,ok,0,0,1,0,3,5,4,1,0,0,0
gen_04260,4,-8.429,ok,0,0,0,1,3,5,4,0,0,0,0
gen_04260,5,-8.422,ok,0,0,0,1,3,4,4,0,0,0,0
gen_04260,6,-8.415,ok,1,0,0,1,4,5,4,0,0,0,0
gen_04260,7,-8.409,ok,1,0,0,1,4,5,4,0,0,0,0
gen_04261,1,-7.844,ok,1,0,1,1,4,5,4,0,0,0,1
gen_04262,1,-6.779,ok,1,1,0,0,4,5,0,0,0,0,0
gen_04262,2,-6.778,ok,1,0,1,1,4,5,2,0,0,0,0
gen_04262,3,-6.758,ok,1,0,0,1,4,5,1,0,0,0,0
gen_04263,1,-7.26,ok,0,0,0,1,0,2,5,0,0,0,0
gen_04263,2,-7.198,ok,0,0,0,1,0,1,2,0,0,0,0
gen_04263,3,-7.155,ok,0,0,0,1,0,2,5,0,0,0,0
gen_04263,4,-7.105,ok,0,0,0,1,0,1,2,0,0,0,0
gen_04263,5,-7.096,ok,0,0,0,1,0,1,2,0,0,0,0
gen_04263,6,-7.093,ok,1,0,1,1,5,4,2,0,0,0,0
gen_04263,7,-7.063,ok,1,0,1,1,5,4,2,0,0,0,0
gen_04263,8,-7.032,ok,1,0,1,1,5,4,2,0,0,0,0
gen_04263,9,-6.984,ok,1,0,1,0,5,4,1,0,0,0,0
gen_04264,1,-7.785,ok,0,0,0,1,3,5,2,0,0,0,0
gen_04264,2,-7.737,ok,0,0,0,1,3,5,2,0,0,0,0
gen_04265,1,-7.146,ok,1,0,0,1,5,5,2,0,0,0,0
gen_04265,2,-7.065,ok,1,0,0,1,5,4,3,0,0,0,0
gen_04265,3,-7.05,ok,1,0,0,1,4,5,2,0,0,0,0
gen_04265,4,-6.962,ok,1,0,0,1,4,5,2,0,0,0,0
gen_04266,1,-8.382,ok,1,0,1,0,4,6,2,1,0,0,0
gen_04266,2,-8.361,ok,1,0,1,0,4,6,2,1,0,0,0
gen_04266,3,-8.29,ok,1,0,1,0,4,6,2,1,0,0,0
gen_04266,4,-8.254,ok,1,0,1,0,4,5,2,1,0,0,0
gen_04266,5,-8.113,ok,1,0,1,0,4,5,2,1,0,0,0
gen_04266,6,-7.648,ok,1,0,1,0,4,1,2,1,0,0,1
gen_04266,7,-7.49,ok,1,0,1,0,4,5,2,1,0,0,1
gen_04266,8,-7.283,ok,0,0,1,0,0,4,2,0,0,0,1
gen_04266,9,-7.283,ok,0,0,1,0,0,4,1,0,0,0,1
gen_04266,10,-7.259,ok,0,0,1,0,0,5,1,0,0,0,0
gen_04266,11,-7.251,ok,1,0,0,1,4,7,2,1,0,0,0
gen_04266,12,-7.225,ok,0,0,1,0,0,4,1,0,0,0,1
gen_04266,13,-7.195,ok,0,0,1,0,0,4,1,0,0,0,1
gen_04267,1,-77.941,ok,0,0,0,0,0,0,0,0,0,0,0
gen_04267,2,-75.775,ok,0,0,0,0,0,0,0,0,0,0,0
gen_04267,3,-73.819,ok,0,0,0,1,0,0,1,0,0,0,1
gen_04267,4,-73.245,ok,0,0,0,0,0,0,0,0,0,0,0
gen_04267,5,-73.074,ok,0,0,1,0,3,4,1,0,0,0,0
gen_04267,6,-69.512,ok,0,0,0,1,0,0,1,0,0,0,1
gen_04268,1,-6.488,ok,1,0,1,1,4,8,2,0,0,0,0
gen_04268,2,-6.451,ok,1,0,1,1,4,7,2,0,0,0,0
gen_04268,3,-6.409,ok,0,0,1,1,3,5,3,0,0,0,0
gen_04268,4,-6.398,ok,1,0,1,1,4,6,2,0,0,0,0
gen_04268,5,-6.393,ok,1,0,1,1,4,6,1,0,0,0,0
gen_04268,6,-6.347,ok,0,0,1,1,3,6,2,0,0,0,0
gen_04268,7,-6.2,ok,1,0,1,1,4,6,4,0,0,0,0
gen_04268,8,-6.151,ok,1,0,1,1,4,6,4,0,0,0,0
gen_04268,9,-6.03,ok,1,0,0,1,4,5,1,0,0,0,0
gen_04268,10,-6.007,ok,0,0,1,1,3,4,1,1,0,0,0
gen_04268,11,-6.001,ok,1,0,1,1,4,6,2,0,0,0,0
gen_04269,1,-7.048,ok,1,0,0,1,4,3,3,0,0,0,0
gen_04269,2,-7.019,ok,0,0,0,1,3,3,3,1,0,0,0
gen_04269,3,-7.007,ok,0,0,0,1,3,3,3,1,0,0,1
gen_04270,1,-7.954,ok,1,0,0,1,4,5,1,0,0,0,1
gen_04270,2,-7.917,ok,1,0,1,1,4,6,2,0,0,0,1
gen_04270,3,-7.902,ok,1,0,1,1,4,6,2,0,0,0,1
gen_04271,1,-7.214,ok,1,0,0,1,4,3,3,0,0,0,0
gen_04271,2,-7.108,ok,1,0,0,1,4,6,3,0,0,0,0
gen_04271,3,-7.089,ok,1,0,0,1,4,3,3,0,0,0,0
gen_04271,4,-7.08,ok,1,0,1,1,4,3,3,0,0,0,1
gen_04271,5,-7.028,ok,1,0,0,1,5,3,3,0,0,0,0
gen_04271,6,-7.014,ok,1,0,0,1,4,3,3,0,0,0,0
gen_04271,7,-7.011,ok,1,0,0,1,4,3,4,0,0,0,0
gen_04272,1,-7.481,ok,1,0,0,1,4,6,3,0,0,0,0
gen_04272,2,-7.48,ok,1,0,0,1,4,7,2,0,0,0,0
gen_04272,3,-7.467,ok,1,0,0,1,4,6,3,0,0,0,0
gen_04272,4,-7.465,ok,1,0,1,1,4,8,2,0,0,0,0
gen_04272,5,-7.458,ok,1,0,0,1,4,6,3,0,0,0,0
gen_04272,6,-7.422,ok,1,0,0,1,4,6,3,0,0,0,0
gen_04273,1,-7.471,ok,1,0,1,0,5,5,1,1,0,0,0
gen_04274,1,-7.059,ok,1,0,0,1,4,4,1,0,1,0,0
gen_04274,2,-7.048,ok,0,0,0,1,3,5,2,0,1,0,0
gen_04274,3,-7.039,ok,1,0,0,1,4,4,1,0,1,0,0
gen_04275,1,-7.66,ok,0,0,0,0,0,3,1,0,0,0,1
gen_04275,2,-7.584,ok,0,0,0,1,3,3,2,0,0,0,1
gen_04275,3,-7.554,ok,0,0,0,0,0,3,1,0,0,0,1
gen_04275,4,-7.517,ok,0,0,0,0,0,3,1,0,0,0,1
gen_04276,1,-7.756,ok,1,0,0,1,4,5,2,1,0,0,0
gen_04277,1,-7.024,ok,1,0,0,1,4,5,1,0,0,0,1
gen_04277,2,-7.019,ok,1,0,0,1,4,5,1,0,0,0,1
gen_04277,3,-7.012,ok,1,0,0,1,4,5,1,0,0,0,0
gen_04277,4,-6.999,ok,1,0,0,1,4,5,1,0,0,0,1
gen_04278,1,-6.974,ok,1,1,1,0,4,7,1,1,0,0,0
gen_04279,1,-7.431,ok,0,0,1,1,3,6,4,0,0,0,0
gen_04279,2,-7.352,ok,0,0,1,1,3,6,3,0,0,0,0
gen_04279,3,-7.317,ok,1,0,1,1,4,6,2,0,0,0,0
gen_04279,4,-7.308,ok,1,0,0,1,4,6,3,0,0,0,0
gen_04280,1,-6.687,ok,1,0,0,1,4,1,3,0,0,0,0
gen_04280,2,-6.675,ok,1,0,0,1,4,1,3,0,0,0,0
gen_04280,3,-6.668,ok,1,0,0,1,4,1,3,0,0,0,0
gen_04280,4,-6.65,ok,1,0,0,1,4,1,3,0,0,0,0
gen_04281,1,-7.638,ok,1,0,0,1,4,6,3,0,0,0,0
gen_04281,2,-7.631,ok,1,0,0,1,4,6,3,0,0,0,0
gen_04281,3,-7.619,ok,1,0,0,1,4,6,3,0,0,0,0
gen_04281,4,-7.617,ok,1,0,0,1,4,6,3,0,0,0,0
gen_04281,5,-7.589,ok,0,0,0,1,3,5,3,0,0,0,0
gen_04282,1,-7.873,ok,0,0,1,1,3,5,4,0,0,0,0
gen_04282,2,-7.739,ok,0,0,1,1,3,5,4,0,0,0,0
gen_04282,3,-7.735,ok,0,0,0,1,3,5,1,0,0,0,0
gen_04282,4,-7.724,ok,0,0,0,1,0,2,2,0,0,0,0
gen_04282,5,-7.662,ok,0,0,1,1,3,5,4,0,0,0,0
gen_04282,6,-7.653,ok,0,0,0,1,3,5,2,0,0,0,0
gen_04283,1,-7.159,ok,1,0,0,1,4,5,1,0,0,0,0
gen_04284,1,-7.612,ok,0,0,0,1,0,0,4,0,0,0,1
gen_04285,1,-7.271,ok,1,0,0,0,4,4,2,0,0,0,0
gen_04285,2,-7.251,ok,0,0,0,1,3,5,2,0,0,0,0
gen_04285,3,-7.247,ok,0,0,0,1,3,5,2,0,0,0,0
gen_04285,4,-7.23,ok,1,0,0,1,4,4,3,0,0,0,0
gen_04286,1,-7.537,ok,1,0,0,1,4,3,1,0,0,0,0
gen_04286,2,-7.508,ok,1,0,0,1,4,3,1,0,0,0,0
gen_04286,3,-7.35,ok,0,0,0,1,3,3,2,0,0,0,1
gen_04286,4,-7.101,ok,0,0,1,1,0,3,2,0,0,0,0
gen_04286,5,-7.097,ok,0,0,1,1,0,3,2,0,0,0,0
gen_04287,1,-5.991,ok,1,0,0,1,4,3,1,0,0,0,0
gen_04287,2,-5.975,ok,1,0,0,1,4,5,1,1,0,0,0
gen_04287,3,-5.974,ok,1,0,0,1,4,3,1,0,0,0,0
gen_04287,4,-5.953,ok,1,0,0,1,4,5,1,0,0,0,0
gen_04287,5,-5.935,ok,1,0,0,1,4,6,2,0,0,0,0
gen_04288,1,-7.558,ok,0,0,0,1,3,3,2,0,0,0,0
gen_04288,2,-7.496,ok,0,0,0,1,3,3,2,0,0,0,0
gen_04288,3,-7.49,ok,0,0,0,1,0,3,2,0,0,0,0
gen_04288,4,-7.456,ok,0,0,0,1,3,3,2,0,0,0,0
gen_04289,1,-7.826,ok,1,1,1,1,4,7,6,0,0,0,0
gen_04289,2,-7.801,ok,1,1,1,1,4,6,5,0,0,0,0
gen_04290,1,-8.091,ok,1,0,0,1,5,3,5,0,0,0,0
gen_04290,2,-8.065,ok,1,0,0,1,5,3,4,0,0,0,0
gen_04290,3,-8.032,ok,1,0,0,1,5,3,4,0,0,0,0
gen_04290,4,-8.026,ok,1,0,0,1,4,3,4,0,0,0,0
gen_04290,5,-8.021,ok,1,0,0,1,4,3,4,0,0,0,0
gen_04290,6,-8.017,ok,1,0,0,1,4,3,4,0,0,0,0
gen_04291,1,-7.601,ok,1,0,0,1,4,0,6,0,0,0,0
gen_04291,2,-7.537,ok,1,0,0,1,4,5,3,0,0,0,0
gen_04291,3,-7.499,ok,1,0,0,1,4,4,3,0,0,0,0
gen_04291,4,-7.497,ok,1,0,0,0,4,3,3,0,0,0,0
gen_04291,5,-7.457,ok,1,0,0,1,4,3,4,0,0,0,0
gen_04291,6,-7.433,ok,1,0,0,1,4,3,4,0,0,0,0
gen_04291,7,-7.427,ok,1,0,0,1,4,0,6,0,0,0,0
gen_04291,8,-7.424,ok,1,0,0,1,4,2,5,0,0,0,0
gen_04291,9,-7.423,ok,1,0,0,1,4,1,5,0,0,0,0
gen_04291,10,-7.412,ok,1,0,0,1,4,0,5,0,0,0,0
gen_04292,1,-7.64,ok,1,0,0,1,4,4,5,0,0,0,0
gen_04292,2,-7.605,ok,1,0,0,1,4,4,5,0,0,0,0
gen_04292,3,-7.586,ok,1,0,0,1,4,4,5,0,0,0,0
gen_04293,1,-7.63,ok,1,0,1,1,4,4,4,0,0,0,0
gen_04293,2,-7.628,ok,1,0,1,1,4,4,5,0,0,0,0
gen_04293,3,-7.611,ok,1,0,1,1,4,5,4,0,0,0,0
gen_04293,4,-7.566,ok,1,0,1,1,4,5,2,0,0,0,0
gen_04293,5,-7.566,ok,1,0,1,1,4,5,4,0,0,0,0
gen_04293,6,-7.555,ok,1,0,1,1,4,5,2,0,0,0,0
gen_04293,7,-7.533,ok,1,0,1,1,4,5,4,0,0,0,0
gen_04293,8,-7.532,ok,1,0,0,1,4,5,1,0,0,0,0
gen_04293,9,-7.524,ok,1,0,1,1,4,5,4,0,0,0,0
gen_04294,1,-6.866,ok,1,0,1,1,5,6,3,1,0,0,0
gen_04294,2,-6.834,ok,1,0,1,1,5,6,4,1,0,0,0
gen_04294,3,-6.827,ok,1,0,0,1,5,5,5,0,0,0,0
gen_04294,4,-6.792,ok,1,0,0,1,5,5,5,0,0,0,0
gen_04294,5,-6.75,ok,1,0,0,1,5,5,3,1,0,0,0
gen_04295,1,-6.598,ok,1,0,0,1,4,5,2,0,0,0,0
gen_04295,2,-6.419,ok,1,0,0,1,4,5,2,0,0,0,0
gen_04295,3,-6.348,ok,1,0,0,1,4,5,4,0,0,0,0
gen_04295,4,-6.346,ok,1,0,0,1,4,4,4,0,0,0,0
gen_04295,5,-6.135,ok,0,0,0,1,3,5,2,0,0,0,0
gen_04295,6,-6.124,ok,0,0,0,1,0,1,2,0,0,0,0
gen_04296,1,-7.965,ok,1,1,0,1,4,6,3,0,0,0,0
gen_04296,2,-7.955,ok,1,1,1,1,4,6,3,0,0,0,1
gen_04296,3,-7.948,ok,1,1,0,1,4,6,3,0,0,0,1
gen_04296,4,-7.845,ok,1,1,0,1,4,6,3,0,0,0,1
gen_04296,5,-7.721,ok,1,1,1,1,4,7,4,0,0,0,1
gen_04296,6,-7.686,ok,1,1,0,1,4,6,3,0,0,0,0
gen_04296,7,-7.525,ok,1,1,1,1,4,7,3,0,0,0,0
gen_04297,1,-6.886,ok,1,0,1,1,5,4,3,0,0,0,0
gen_04297,2,-6.883,ok,1,0,1,1,4,4,3,0,0,0,0
gen_04298,1,-7.524,ok,0,0,1,1,3,4,5,0,1,0,0
gen_04298,2,-7.519,ok,0,0,1,1,3,4,5,0,1,0,0
gen_04299,1,-6.747,ok,1,0,0,1,4,3,4,0,0,0,0
gen_04300,1,-8.312,ok,1,0,1,1,4,5,4,1,0,0,0
gen_04300,2,-8.292,ok,1,0,1,1,4,5,3,1,0,0,0
gen_04300,3,-8.261,ok,1,0,1,1,4,5,4,1,0,0,0
gen_04300,4,-8.161,ok,1,0,1,1,4,5,3,1,0,0,0
gen_04300,5,-8.115,ok,1,0,1,1,4,5,3,1,0,0,0
gen_04300,6,-7.965,ok,1,0,1,1,5,5,3,1,0,0,0
gen_04300,7,-7.831,ok,1,0,0,1,4,5,2,0,0,0,0
gen_04300,8,-7.822,ok,1,0,0,1,4,5,2,0,0,0,0
gen_04300,9,-7.809,ok,1,0,1,1,4,5,6,0,0,0,0
gen_04300,10,-7.789,ok,1,0,1,1,4,5,6,0,0,0,0
gen_04300,11,-7.774,ok,1,0,1,1,4,5,6,0,0,0,0
gen_04301,1,-7.537,ok,1,0,1,1,5,3,3,1,0,0,0
gen_04301,2,-7.496,ok,1,0,1,1,4,0,3,1,0,0,0
gen_04301,3,-7.455,ok,1,0,1,1,4,0,3,1,0,0,0
gen_04301,4,-7.427,ok,1,0,1,1,4,0,3,1,0,0,0
gen_04302,1,-7.996,ok,1,0,0,1,4,5,2,1,0,0,0
gen_04302,2,-7.989,ok,1,0,0,1,4,5,2,1,0,0,0
gen_04303,1,-6.894,ok,0,0,0,1,3,5,2,0,0,0,0
gen_04303,2,-6.788,ok,1,1,1,1,4,7,4,0,0,0,0
gen_04303,3,-6.722,ok,1,0,0,1,4,5,2,0,0,0,0
gen_04303,4,-6.71,ok,0,0,0,1,3,5,1,0,0,0,0
gen_04303,5,-6.683,ok,1,1,1,1,4,7,4,0,0,0,0
gen_04303,6,-6.596,ok,0,0,0,1,3,5,1,0,0,0,0
gen_04304,1,-7.008,ok,1,0,0,1,4,5,1,0,0,0,1
gen_04304,2,-6.99,ok,1,0,0,1,4,5,1,0,0,0,1
gen_04304,3,-6.966,ok,1,0,0,1,4,5,1,0,0,0,1
gen_04305,1,-7.539,ok,1,0,1,0,4,7,2,0,0,0,0
gen_04305,2,-7.493,ok,1,0,1,1,4,6,2,0,0,0,0
gen_04306,1,-7.786,ok,0,0,1,1,0,4,2,1,1,0,0
gen_04306,2,-7.783,ok,1,0,1,1,4,7,1,1,0,0,0
gen_04306,3,-7.769,ok,1,0,1,1,4,7,1,1,0,0,0
gen_04307,1,-7.081,ok,1,0,1,1,4,6,2,0,1,0,0
gen_04307,2,-7.073,ok,1,0,1,0,4,5,3,0,0,0,0
gen_04307,3,-7.071,ok,1,0,1,0,4,5,3,0,0,0,0
gen_04307,4,-7.07,ok,1,0,1,1,4,6,2,0,1,0,0
gen_04307,5,-7.053,ok,1,0,1,1,4,6,2,0,1,0,0
gen_04307,6,-6.981,ok,1,0,1,1,4,6,2,0,1,0,0
gen_04308,1,-7.472,ok,0,0,1,1,3,6,2,0,0,0,0
gen_04308,2,-7.424,ok,0,0,1,1,3,5,3,0,0,0,0
gen_04309,1,-6.688,ok,1,0,1,1,5,4,2,1,0,0,0
gen_04309,2,-6.677,ok,1,0,1,1,5,4,3,1,0,0,0
gen_04309,3,-6.665,ok,1,0,1,1,5,5,2,1,0,0,0
gen_04309,4,-6.594,ok,1,0,1,1,5,5,4,0,0,0,0
gen_04309,5,-6.579,ok,1,0,1,1,4,7,1,1,0,0,0
gen_04309,6,-6.561,ok,0,0,0,1,0,0,2,0,0,0,0
gen_04309,7,-6.55,ok,1,0,0,1,4,5,4,0,0,0,0
gen_04309,8,-6.522,ok,1,0,1,1,4,6,1,1,0,0,0
gen_04309,9,-6.52,ok,1,0,0,1,4,6,4,0,0,0,0
gen_04309,10,-6.504,ok,1,0,0,1,4,5,4,0,0,0,0
gen_04310,1,-7.707,ok,0,0,1,1,0,6,3,2,0,0,0
gen_04310,2,-7.686,ok,0,0,1,1,0,6,3,2,0,0,0
gen_04310,3,-7.656,ok,0,0,1,1,0,6,3,2,0,0,0
gen_04310,4,-7.637,ok,0,0,1,1,0,6,5,1,0,0,0
gen_04310,5,-7.533,ok,0,0,1,1,3,5,4,1,0,0,0
gen_04310,6,-7.356,ok,0,0,1,1,3,4,3,2,0,0,0
gen_04310,7,-7.128,ok,0,0,0,1,3,5,2,0,0,0,0
gen_04310,8,-7.055,ok,1,0,0,1,4,5,1,0,0,0,0
gen_04310,9,-6.942,ok,1,0,0,1,4,5,2,0,0,0,0
gen_04310,10,-6.937,ok,1,0,0,1,4,5,2,0,0,0,0
gen_04311,1,-7.635,ok,1,0,1,1,4,5,3,0,0,0,0
gen_04311,2,-7.615,ok,1,0,1,0,4,6,1,0,0,0,1
gen_04311,3,-7.612,ok,1,0,1,1,4,5,3,0,0,0,0
gen_04311,4,-7.6,ok,1,0,1,1,4,5,2,0,0,0,1
gen_04311,5,-7.59,ok,1,0,1,1,4,5,2,0,0,0,1
gen_04312,1,-7.828,ok,1,0,0,1,4,6,2,0,0,0,0
gen_04312,2,-7.801,ok,1,0,0,1,4,6,2,0,0,0,0
gen_04312,3,-7.721,ok,1,0,0,1,4,6,2,0,0,0,0
gen_04313,1,-7.447,ok,0,0,0,1,3,5,2,0,0,0,0
gen_04313,2,-7.391,ok,0,0,0,1,3,5,2,0,0,0,0
gen_04314,1,-7.695,ok,0,0,0,1,3,2,3,0,1,0,0
gen_04314,2,-7.681,ok,0,0,0,1,3,2,3,0,1,0,0
gen_04314,3,-7.66,ok,0,0,0,1,3,3,3,0,1,0,0
gen_04314,4,-7.646,ok,0,0,0,1,3,3,3,0,1,0,0
gen_04315,1,-7.511,ok,1,0,1,1,4,2,2,0,0,0,0
gen_04315,2,-7.383,ok,1,0,1,1,4,2,2,0,0,0,0
gen_04315,3,-7.314,ok,1,0,1,1,4,2,3,0,0,0,0
gen_04316,1,-7.916,ok,1,0,1,0,4,6,2,1,0,0,0
gen_04316,2,-7.824,ok,1,0,1,0,4,5,2,1,0,0,0
gen_04317,1,-7.654,ok,0,0,0,1,3,4,3,0,0,0,0
gen_04317,2,-7.647,ok,0,0,0,1,3,4,3,0,0,0,0
gen_04317,3,-7.63,ok,0,0,0,1,3,4,3,0,0,0,0
gen_04318,1,-7.114,ok,1,0,0,1,4,4,3,0,0,0,0
gen_04318,2,-7.026,ok,1,0,0,1,4,3,3,0,0,0,0
gen_04319,1,-8.114,ok,1,0,0,1,4,7,3,0,0,0,0
gen_04320,1,-7.303,ok,0,0,1,0,3,1,3,1,0,0,0
gen_04320,2,-7.301,ok,0,0,1,0,3,0,3,1,0,0,0
gen_04320,3,-7.214,ok,1,0,1,1,4,7,3,1,0,0,0
gen_04321,1,-7.364,ok,1,0,1,1,5,4,4,1,0,0,1
gen_04321,2,-7.335,ok,1,0,1,1,5,2,4,1,0,0,1
gen_04321,3,-7.296,ok,1,0,1,1,5,3,4,1,0,0,1
gen_04321,4,-7.024,ok,0,0,0,0,0,4,1,0,0,0,0
gen_04322,1,-7.187,ok,1,0,0,1,5,3,2,1,0,0,0
gen_04322,2,-7.176,ok,1,0,0,1,5,3,2,1,0,0,0
gen_04323,1,-7.289,ok,1,0,0,1,4,2,1,0,1,0,0
gen_04323,2,-7.264,ok,1,0,0,1,4,2,1,0,1,0,0
gen_04323,3,-7.243,ok,1,0,0,1,4,2,1,0,1,0,0
gen_04323,4,-7.24,ok,1,0,0,1,4,2,1,0,1,0,0
gen_04323,5,-7.236,ok,1,0,0,1,4,2,1,0,1,0,0
gen_04323,6,-7.211,ok,1,0,0,1,4,3,1,0,1,0,0
gen_04324,1,-7.823,ok,1,0,0,1,4,6,1,0,0,0,0
gen_04324,2,-7.822,ok,1,0,0,1,4,6,3,0,0,0,0
gen_04324,3,-7.788,ok,1,0,0,1,4,7,2,0,0,0,0
gen_04324,4,-7.547,ok,1,0,0,1,4,6,2,0,0,0,0
gen_04324,5,-7.41,ok,1,0,0,1,4,1,2,0,0,0,0
gen_04324,6,-7.374,ok,1,0,0,1,4,6,1,0,0,0,0
gen_04324,7,-7.353,ok,1,0,0,1,4,1,2,0,1,0,0
gen_04325,1,-8.353,ok,1,0,0,1,4,5,6,0,2,0,0
gen_04325,2,-8.346,ok,1,0,0,1,4,6,6,0,2,0,0
gen_04325,3,-8.317,ok,1,0,0,1,4,6,6,0,2,0,0
gen_04325,4,-8.309,ok,1,0,0,1,4,6,6,0,2,0,0
gen_04326,1,-7.981,ok,0,0,1,1,3,9,1,0,0,0,0
gen_04326,2,-7.977,ok,0,0,1,1,3,9,1,0,0,0,0
gen_04327,1,-6.393,ok,1,0,0,1,4,6,2,1,0,0,0
gen_04327,2,-6.319,ok,1,0,0,1,4,6,2,0,0,0,0
gen_04328,1,-7.945,ok,0,0,0,1,3,6,6,0,0,0,0
gen_04328,2,-7.91,ok,0,0,0,1,3,6,6,0,0,0,0
gen_04329,1,-6.467,ok,1,0,0,0,4,7,0,0,0,0,0
gen_04329,2,-6.465,ok,1,0,0,1,4,5,1,0,0,0,0
gen_04330,1,-8.27,ok,1,0,1,1,4,7,3,0,0,0,1
gen_04331,1,-7.611,ok,1,0,0,1,5,3,4,0,0,0,1
gen_04331,2,-7.599,ok,1,0,0,1,5,3,4,0,0,0,1
gen_04331,3,-7.597,ok,1,0,0,1,5,3,4,0,0,0,1
gen_04331,4,-7.587,ok,1,0,0,1,5,3,4,0,0,0,1
gen_04332,1,-8.14,ok,1,0,0,1,4,9,6,0,0,0,0
gen_04332,2,-8.089,ok,1,0,0,1,4,8,5,0,0,0,0
gen_04332,3,-8.061,ok,1,0,1,1,4,10,5,0,0,0,0
gen_04332,4,-8.047,ok,1,0,0,1,4,7,2,0,0,0,0
gen_04332,5,-8.008,ok,1,0,1,1,4,10,5,0,0,0,0
gen_04332,6,-8.004,ok,1,0,1,1,4,7,4,0,0,0,1
gen_04332,7,-7.979,ok,1,0,0,1,4,8,5,0,0,0,0
gen_04332,8,-7.942,ok,1,0,1,1,4,8,4,0,0,0,1
gen_04332,9,-7.937,ok,1,0,0,1,4,6,5,0,1,0,0
gen_04332,10,-7.884,ok,1,0,0,1,4,5,7,0,1,0,0
gen_04332,11,-7.856,ok,1,0,0,1,4,6,2,0,0,0,0
gen_04332,12,-7.852,ok,1,0,0,1,5,6,5,0,0,0,0
gen_04332,13,-7.845,ok,0,0,1,1,3,4,6,0,1,0,0
gen_04333,1,-7.092,ok,1,0,1,1,4,6,3,0,0,0,0
gen_04333,2,-7.039,ok,1,0,1,1,4,6,3,0,0,0,0
gen_04333,3,-7.03,ok,1,0,1,1,4,6,3,0,0,0,0
gen_04333,4,-7.026,ok,1,0,1,1,4,6,3,0,0,0,0
gen_04334,1,-124.14,ok,0,0,1,1,0,4,2,0,0,0,0
gen_04335,1,-7.901,ok,1,0,1,1,4,6,3,0,0,0,0
gen_04335,2,-7.889,ok,1,0,1,1,4,7,3,0,0,0,0
gen_04335,3,-7.788,ok,1,0,1,1,4,7,3,0,0,0,0
gen_04335,4,-7.765,ok,1,0,1,1,4,7,3,0,0,0,0
gen_04335,5,-7.629,ok,0,0,1,1,3,9,3,0,0,0,0
gen_04335,6,-7.569,ok,0,0,1,1,3,6,3,0,0,0,0
gen_04335,7,-7.551,ok,1,0,1,1,4,8,3,0,0,0,0
gen_04335,8,-7.507,ok,0,0,1,1,3,6,3,0,0,0,0
gen_04335,9,-7.481,ok,1,0,1,1,4,6,3,0,0,0,0
gen_04335,10,-7.415,ok,0,1,1,1,3,8,3,0,0,0,0
gen_04335,11,-7.327,ok,1,0,1,1,4,6,3,0,0,0,0
gen_04335,12,-7.093,ok,1,0,1,1,4,6,4,0,0,0,0
gen_04336,1,-7.745,ok,1,0,0,1,4,4,2,0,0,0,0
gen_04336,2,-7.743,ok,1,0,0,1,4,4,2,0,0,0,0
gen_04337,1,-7.51,ok,1,0,0,1,5,4,3,0,0,0,0
gen_04338,1,-7.376,ok,1,0,0,1,4,7,1,0,1,0,0
gen_04338,2,-7.293,ok,1,0,1,1,4,7,2,0,1,0,0
gen_04338,3,-7.21,ok,1,0,0,0,4,8,0,0,1,0,0
gen_04338,4,-7.173,ok,1,0,0,1,4,9,1,0,1,0,0
gen_04338,5,-7.141,ok,1,0,0,1,4,7,2,0,1,0,0
gen_04339,1,-7.405,ok,1,0,1,1,4,6,5,0,0,0,0
gen_04339,2,-7.4,ok,1,0,1,1,4,6,5,0,0,0,0
gen_04339,3,-7.37,ok,1,0,1,1,4,6,5,0,0,0,0
gen_04339,4,-7.299,ok,1,0,1,1,4,3,3,1,0,0,0
gen_04339,5,-7.279,ok,1,0,1,1,4,3,3,1,0,0,0
gen_04340,1,-8.062,ok,1,0,0,1,5,4,3,0,0,0,0
gen_04340,2,-7.95,ok,1,0,0,1,5,4,3,0,0,0,0
gen_04340,3,-7.822,ok,1,0,0,1,5,4,3,0,0,0,0
gen_04340,4,-7.714,ok,1,0,0,1,4,0,2,0,0,0,0
gen_04341,1,-7.579,ok,1,0,0,1,4,2,1,0,0,0,0
gen_04341,2,-7.558,ok,1,0,0,1,4,2,1,0,0,0,0
gen_04341,3,-7.549,ok,1,0,0,1,4,2,1,0,0,0,0
gen_04341,4,-7.53,ok,1,0,0,1,4,2,2,0,0,0,0
gen_04341,5,-7.524,ok,1,0,0,1,4,2,1,0,0,0,0
gen_04341,6,-7.489,ok,1,0,0,1,4,2,1,0,0,0,0
gen_04341,7,-7.437,ok,1,0,0,1,4,2,2,0,0,0,0
gen_04341,8,-7.435,ok,1,0,0,1,4,2,2,0,0,0,0
gen_04341,9,-7.422,ok,1,0,0,1,4,2,2,0,0,0,0
gen_04342,1,-8.154,ok,1,0,1,1,4,5,3,1,0,0,0
gen_04342,2,-8.152,ok,0,0,0,1,3,6,3,0,0,0,0
gen_04342,3,-8.098,ok,1,0,1,1,4,5,1,2,0,0,0
gen_04342,4,-8.093,ok,1,0,1,1,4,5,3,1,0,0,0
gen_04342,5,-8.039,ok,1,0,1,1,4,5,4,0,0,0,0
gen_04343,1,-7.8,ok,1,0,0,1,4,6,3,1,0,0,0
gen_04343,2,-7.799,ok,1,0,0,1,4,5,4,0,0,0,0
gen_04343,3,-7.793,ok,1,0,0,1,4,5,4,0,0,0,0
gen_04343,4,-7.768,ok,1,0,0,1,4,5,3,0,0,0,0
gen_04344,1,-7.661,ok,1,0,0,1,5,4,3,0,0,0,0
gen_04344,2,-7.574,ok,1,0,0,1,5,4,3,0,0,0,0
gen_04345,1,-7.374,ok,1,0,1,0,4,6,1,0,0,0,0
gen_04345,2,-7.357,ok,1,0,1,0,4,6,1,0,0,0,0
gen_04345,3,-7.333,ok,1,0,1,1,4,6,1,0,0,0,0
gen_04346,1,-7.612,ok,1,0,1,1,4,6,3,0,0,0,1
gen_04346,2,-7.582,ok,1,0,1,1,4,6,3,0,0,0,1
gen_04346,3,-7.58,ok,1,0,0,1,4,6,3,0,0,0,0
gen_04346,4,-7.461,ok,1,0,0,1,4,5,3,0,0,0,0
gen_04347,1,-7.892,ok,1,0,0,1,4,9,3,0,1,0,0
gen_04347,2,-7.792,ok,1,0,0,1,4,7,2,0,1,0,0
gen_04347,3,-7.769,ok,1,0,0,1,4,8,3,0,1,0,0
gen_04347,4,-7.757,ok,1,0,0,1,4,6,2,0,1,0,0
gen_04347,5,-7.755,ok,1,0,0,1,4,6,3,0,1,0,0
gen_04347,6,-7.714,ok,1,0,0,1,4,7,2,0,1,0,0
gen_04348,1,-6.568,ok,1,0,1,1,4,5,4,0,1,0,0
gen_04348,2,-6.567,ok,1,0,1,1,4,5,4,0,1,0,0
gen_04348,3,-6.54,ok,1,0,0,0,4,6,0,0,0,0,0
gen_04348,4,-6.527,ok,1,0,1,1,4,6,4,0,1,0,0
gen_04348,5,-6.522,ok,1,0,0,0,4,6,0,0,0,0,0
gen_04348,6,-6.515,ok,1,0,1,1,4,5,4,0,1,0,0
gen_04348,7,-6.493,ok,1,0,0,1,4,6,3,0,1,0,0
gen_04348,8,-6.479,ok,1,0,0,0,4,6,0,0,0,0,0
gen_04348,9,-6.443,ok,1,0,1,1,4,6,4,0,1,0,0
gen_04348,10,-6.417,ok,1,0,0,1,5,5,3,0,0,0,0
gen_04349,1,-7.116,ok,1,0,0,0,4,5,1,1,0,0,0
gen_04349,2,-7.11,ok,1,0,1,1,5,4,1,1,0,0,0
gen_04349,3,-7.108,ok,1,0,1,1,5,4,1,1,0,0,0
gen_04349,4,-6.949,ok,1,0,1,1,5,4,1,1,0,0,0
gen_04350,1,-8.938,ok,0,0,1,1,3,4,5,0,0,0,0
gen_04350,2,-8.911,ok,0,0,1,1,3,4,5,0,0,0,0
gen_04350,3,-8.891,ok,0,0,1,1,3,4,5,0,0,0,0
gen_04350,4,-8.88,ok,0,0,1,1,3,4,5,0,0,0,0
gen_04350,5,-8.858,ok,0,0,0,1,3,5,5,0,0,0,0
gen_04350,6,-8.825,ok,0,0,0,1,3,5,5,0,0,0,0
gen_04351,1,-7.989,ok,1,0,0,0,4,6,0,1,0,0,0
gen_04351,2,-7.98,ok,1,0,0,0,4,5,1,1,0,0,0
gen_04352,1,-7.571,ok,1,0,0,1,4,6,2,0,0,0,0
gen_04352,2,-7.57,ok,1,0,0,1,4,6,2,0,0,0,0
gen_04352,3,-7.536,ok,1,0,0,1,4,6,2,0,0,0,0
gen_04352,4,-7.533,ok,1,0,0,1,4,6,2,0,0,0,1
gen_04352,5,-7.524,ok,1,0,0,1,4,6,2,0,0,0,0
gen_04352,6,-7.475,ok,1,0,0,1,4,6,2,0,0,0,2
gen_04353,1,-6.993,ok,0,0,0,1,3,5,2,0,0,0,0
gen_04353,2,-6.947,ok,0,0,0,1,3,5,4,0,0,0,0
gen_04353,3,-6.928,ok,1,0,0,1,4,6,2,0,0,0,0
gen_04353,4,-6.91,ok,1,0,0,1,4,3,2,0,0,0,0
gen_04353,5,-6.809,ok,1,0,0,1,4,6,3,0,0,0,0
gen_04354,1,-7.651,ok,1,0,0,1,4,6,2,0,0,0,0
gen_04354,2,-7.437,ok,1,0,0,1,4,4,4,0,0,0,0
gen_04355,1,-7.498,ok,1,0,1,1,4,7,2,0,0,0,0
gen_04355,2,-7.487,ok,1,0,0,1,4,8,1,0,0,0,0
gen_04356,1,-7.937,ok,0,0,0,1,3,3,3,0,0,0,0
gen_04356,2,-7.899,ok,0,0,0,1,3,3,3,0,0,0,0
gen_04357,1,-7.103,ok,1,1,1,1,4,7,3,0,0,0,0
gen_04357,2,-7.089,ok,1,1,1,1,4,7,3,0,0,0,0
gen_04357,3,-7.083,ok,1,1,1,1,4,7,3,0,0,0,0
gen_04358,1,-7.186,ok,1,0,0,1,4,5,2,0,0,0,1
gen_04358,2,-7.184,ok,1,0,0,1,4,5,2,0,0,0,1
gen_04358,3,-7.175,ok,1,0,0,1,4,5,2,0,0,0,1
gen_04358,4,-7.152,ok,1,0,0,1,4,4,2,0,0,0,1
gen_04358,5,-7.104,ok,1,0,0,1,4,5,1,0,0,0,0
gen_04358,6,-7.091,ok,1,0,0,1,4,4,2,0,0,0,1
gen_04358,7,-7.059,ok,1,0,1,1,5,6,1,0,0,0,1
gen_04358,8,-7.041,ok,1,0,0,1,4,5,1,0,0,0,0
gen_04358,9,-7.031,ok,1,0,1,1,5,6,1,0,0,0,1
gen_04358,10,-6.99,ok,1,0,0,1,4,4,1,0,0,0,1
gen_04358,11,-6.979,ok,1,0,0,1,5,4,1,0,0,0,0
gen_04359,1,-8.119,ok,1,0,1,1,5,5,2,0,0,0,0
gen_04359,2,-8.026,ok,1,0,0,1,5,5,4,0,0,0,0
gen_04360,1,-8.701,ok,1,0,1,0,4,7,5,1,0,0,0
gen_04360,2,-8.629,ok,1,0,1,0,4,7,4,1,0,0,0
gen_04360,3,-8.528,ok,1,0,1,0,4,5,4,1,0,0,0
gen_04360,4,-8.383,ok,1,0,1,0,4,5,1,2,0,0,0
gen_04361,1,-6.971,ok,1,0,0,1,4,6,1,0,0,0,0
gen_04361,2,-6.881,ok,1,0,0,1,4,6,3,0,0,0,0
gen_04362,1,-8.025,ok,1,0,0,1,4,5,5,0,0,0,0
gen_04362,2,-7.952,ok,1,0,0,1,4,5,6,0,0,0,0
gen_04362,3,-7.94,ok,1,0,1,1,4,5,2,1,0,0,0
gen_04362,4,-7.935,ok,1,0,0,1,4,4,5,0,0,0,0
gen_04362,5,-7.934,ok,1,0,1,1,4,3,2,1,0,0,0
gen_04362,6,-7.792,ok,1,0,1,1,4,5,2,1,0,0,0
gen_04363,1,-8.03,ok,1,0,0,1,4,6,4,0,0,0,0
gen_04363,2,-8.027,ok,1,0,0,1,4,5,4,0,0,0,0
gen_04363,3,-8.017,ok,1,0,0,1,4,6,4,0,0,0,0
gen_04363,4,-7.989,ok,1,0,0,1,4,6,4,0,0,0,0
gen_04363,5,-7.982,ok,1,0,0,1,4,5,4,0,0,0,0
gen_04363,6,-7.966,ok,1,0,0,1,4,7,4,0,0,0,0
gen_04363,7,-7.849,ok,1,0,0,1,5,4,2,0,0,0,0
gen_04363,8,-7.837,ok,1,0,0,1,5,4,2,0,0,0,0
gen_04364,1,-7.008,ok,1,0,1,1,4,6,1,0,0,0,0
gen_04364,2,-6.989,ok,1,0,0,1,4,5,2,0,0,0,0
gen_04365,1,-6.73,ok,1,0,0,1,4,6,3,0,0,0,0
gen_04365,2,-6.728,ok,1,0,0,1,4,6,3,0,0,0,0
gen_04365,3,-6.71,ok,1,0,0,1,4,5,2,0,0,0,0
gen_04365,4,-6.544,ok,1,0,1,1,4,5,4,0,0,0,0
gen_04365,5,-6.542,ok,1,0,1,1,4,5,4,0,0,0,0
gen_04366,1,-8.213,ok,1,0,0,1,4,6,4,0,0,0,0
gen_04366,2,-8.203,ok,1,0,0,1,4,7,3,0,0,0,0
gen_04366,3,-8.2,ok,1,0,0,1,4,6,3,0,0,0,0
gen_04366,4,-8.17,ok,1,0,0,1,4,7,3,0,0,0,0
gen_04367,1,-6.514,ok,1,0,1,1,4,1,2,0,0,0,1
gen_04367,2,-6.494,ok,1,0,1,1,4,1,2,0,0,0,1
gen_04367,3,-6.403,ok,1,0,1,1,4,1,2,0,0,0,1
gen_04367,4,-6.397,ok,1,0,0,0,4,6,1,0,0,0,0
gen_04367,5,-6.329,ok,1,0,1,1,4,1,2,0,0,0,1
gen_04368,1,-6.535,ok,1,0,1,0,4,5,1,0,0,0,0
gen_04368,2,-6.517,ok,1,0,1,0,4,5,1,0,0,0,0
gen_04368,3,-6.514,ok,1,0,1,0,4,5,1,0,0,0,0
gen_04368,4,-6.505,ok,1,0,1,0,4,5,1,0,0,0,0
gen_04368,5,-6.493,ok,1,0,1,0,4,6,1,0,0,0,0
gen_04368,6,-6.49,ok,0,0,1,1,3,0,3,0,0,0,1
gen_04368,7,-6.465,ok,1,0,0,1,4,1,3,0,0,0,0
gen_04368,8,-6.462,ok,1,0,1,1,4,2,3,0,0,0,0
gen_04368,9,-6.454,ok,1,0,1,0,4,5,1,0,0,0,0
gen_04368,10,-6.43,ok,1,0,1,0,4,5,1,0,0,0,0
gen_04369,1,-7.435,ok,1,0,1,1,4,4,3,0,0,0,0
gen_04370,1,-8.092,ok,1,0,1,1,4,7,3,1,0,0,1
gen_04370,2,-8.091,ok,1,0,1,1,4,7,3,1,0,0,1
gen_04370,3,-8.071,ok,1,0,1,1,4,6,3,1,0,0,1
gen_04370,4,-8.026,ok,1,0,1,1,4,6,3,1,0,0,1
gen_04370,5,-7.897,ok,1,0,1,1,4,5,4,0,0,0,1
gen_04370,6,-7.727,ok,0,0,0,1,3,5,2,0,1,0,0
gen_04370,7,-7.675,ok,0,1,1,0,3,6,3,1,0,0,0
gen_04370,8,-7.652,ok,0,0,1,1,3,6,4,0,0,0,0
gen_04370,9,-7.624,ok,0,0,1,1,3,8,5,0,0,0,0
gen_04370,10,-7.615,ok,0,0,1,1,3,6,4,0,0,0,0
gen_04370,11,-7.526,ok,0,0,0,1,3,5,3,0,0,0,0
gen_04370,12,-7.45,ok,1,0,1,1,4,3,4,0,0,0,0
gen_04371,1,-7.441,ok,1,0,1,1,4,6,2,0,0,0,0
gen_04371,2,-7.439,ok,1,0,1,1,4,5,2,0,0,0,0
gen_04371,3,-7.391,ok,1,0,1,0,4,6,2,0,0,0,0
gen_04371,4,-7.335,ok,1,0,1,0,4,0,2,0,0,0,0
gen_04372,1,-8.385,ok,1,0,0,1,4,1,4,0,0,0,0
gen_04372,2,-8.345,ok,1,0,0,1,4,1,4,0,0,0,0
gen_04372,3,-8.281,ok,1,0,0,1,4,1,4,0,0,0,0
gen_04372,4,-8.255,ok,1,0,0,1,4,1,4,0,0,0,0
gen_04372,5,-8.204,ok,1,0,0,1,4,1,4,0,0,0,0
gen_04372,6,-8.141,ok,1,0,0,1,4,1,4,0,0,0,0
gen_04372,7,-8.113,ok,1,0,0,0,5,4,3,0,0,0,0
gen_04372,8,-8.098,ok,1,0,0,1,5,4,4,0,0,0,0
gen_04372,9,-8.076,ok,0,0,1,1,3,2,2,0,0,0,0
gen_04372,10,-8.025,ok,1,0,0,1,4,5,4,0,0,0,0
gen_04372,11,-8.02,ok,1,0,0,1,5,4,3,0,0,0,0
gen_04373,1,-7.038,ok,1,0,0,1,4,6,2,0,0,0,0
gen_04374,1,-8.442,ok,1,0,1,0,4,6,2,1,0,0,1
gen_04374,2,-8.438,ok,1,0,1,0,4,6,2,1,0,0,1
gen_04374,3,-8.42,ok,1,0,1,0,4,6,2,1,0,0,1
gen_04374,4,-8.364,ok,1,0,1,0,4,6,2,1,0,0,1
gen_04374,5,-8.335,ok,1,0,1,0,4,6,2,1,0,0,0
gen_04374,6,-7.907,ok,1,0,1,0,4,5,2,1,0,0,0
gen_04375,1,-6.452,ok,1,0,0,1,4,6,1,1,0,0,0
gen_04375,2,-6.404,ok,1,0,0,1,4,6,1,1,0,0,0
gen_04375,3,-6.393,ok,1,0,0,1,4,6,1,1,0,0,0
gen_04375,4,-6.373,ok,1,0,0,1,4,6,1,1,0,0,0
gen_04376,1,-6.858,ok,0,0,0,1,3,3,1,0,0,0,0
gen_04376,2,-6.807,ok,0,0,0,1,0,3,1,0,0,0,0
gen_04376,3,-6.719,ok,0,0,1,1,0,1,7,0,1,0,0
gen_04376,4,-6.711,ok,0,0,1,1,0,1,6,0,1,0,0
gen_04377,1,-7.239,ok,1,0,0,1,4,4,3,0,0,0,0
gen_04378,1,-7.937,ok,0,1,1,1,3,6,4,0,0,0,0
gen_04378,2,-7.926,ok,0,1,1,1,3,7,4,0,0,0,0
gen_04378,3,-7.908,ok,0,1,1,1,3,6,4,0,0,0,0
gen_04378,4,-7.899,ok,0,1,1,1,3,7,4,0,0,0,0
gen_04378,5,-7.874,ok,0,1,1,1,3,6,4,0,0,0,0
gen_04378,6,-7.83,ok,1,1,1,1,4,7,4,0,0,0,0
gen_04378,7,-7.799,ok,0,1,1,1,3,7,4,0,0,0,0
gen_04378,8,-7.798,ok,1,1,1,1,4,7,4,0,0,0,0
gen_04378,9,-7.697,ok,1,1,1,1,4,6,4,0,0,0,0
gen_04378,10,-7.669,ok,0,1,1,1,3,6,3,0,0,0,0
gen_04378,11,-7.454,ok,0,1,1,1,3,7,2,0,0,0,0
gen_04379,1,-7.102,ok,1,0,0,1,4,6,2,0,0,0,0
gen_04379,2,-7.099,ok,1,0,1,1,4,5,2,0,0,0,0
gen_04379,3,-7.068,ok,1,0,0,1,4,6,2,0,0,0,0
gen_04380,1,-6.968,ok,1,0,0,1,4,6,4,0,0,0,1
gen_04380,2,-6.951,ok,1,0,0,1,4,6,4,0,0,0,1
gen_04380,3,-6.946,ok,1,0,0,1,4,6,4,0,0,0,1
gen_04380,4,-6.941,ok,1,0,0,1,4,6,4,0,0,0,1
gen_04381,1,-7.847,ok,1,0,1,1,4,6,4,0,0,0,0
gen_04382,1,-7.61,ok,0,0,1,1,3,6,4,0,0,0,0
gen_04382,2,-7.607,ok,0,0,1,1,3,6,4,0,0,0,0
gen_04383,1,-7.685,ok,1,0,0,1,4,7,4,0,0,0,0
gen_04383,2,-7.666,ok,1,0,0,1,4,6,3,0,0,0,0
gen_04384,1,-7.193,ok,1,0,0,0,4,6,0,0,0,0,0
gen_04384,2,-7.185,ok,1,0,0,0,4,6,0,0,0,0,0
gen_04384,3,-7.184,ok,1,0,0,0,4,6,0,0,0,0,0
gen_04384,4,-7.145,ok,1,0,0,0,4,5,0,0,0,0,0
gen_04384,5,-7.133,ok,1,0,0,0,4,5,0,0,0,0,0
gen_04384,6,-7.084,ok,1,0,0,0,4,6,0,0,0,0,0
gen_04384,7,-7.064,ok,1,0,0,0,4,6,0,0,0,0,0
gen_04384,8,-6.933,ok,1,0,0,0,4,7,0,0,0,0,0
gen_04385,1,-87.358,ok,0,0,0,0,0,0,1,0,0,0,0
gen_04385,2,-80.354,ok,0,0,0,1,0,1,3,0,1,0,0
gen_04386,1,-7.666,ok,0,0,1,1,3,5,3,1,0,0,0
gen_04386,2,-7.637,ok,0,0,1,1,3,5,3,1,0,0,0
gen_04386,3,-7.6,ok,1,0,1,1,4,5,3,1,0,0,0
gen_04386,4,-7.579,ok,0,0,0,1,3,6,2,0,0,0,0
gen_04386,5,-7.562,ok,0,0,0,1,3,3,3,0,2,0,0
gen_04386,6,-7.544,ok,0,0,0,1,3,3,3,0,2,0,0
gen_04387,1,-8.058,ok,1,0,0,1,4,6,2,0,0,0,0
gen_04387,2,-7.94,ok,1,0,0,1,4,6,2,0,0,0,0
gen_04387,3,-7.852,ok,1,0,0,1,4,6,3,0,0,0,1
gen_04388,1,-7.108,ok,1,0,0,1,4,5,2,0,1,0,0
gen_04388,2,-7.082,ok,1,0,0,1,4,5,2,0,1,0,0
gen_04388,3,-7.062,ok,1,0,0,1,4,6,2,0,1,0,0
gen_04388,4,-7.06,ok,1,0,0,1,4,6,2,0,1,0,0
gen_04388,5,-7.02,ok,1,0,0,1,4,6,2,0,1,0,0
gen_04388,6,-7.001,ok,1,0,0,1,4,5,3,0,1,0,0
gen_04388,7,-6.987,ok,1,0,0,1,4,6,2,0,1,0,0
gen_04388,8,-6.961,ok,1,0,0,1,4,6,3,0,1,0,0
gen_04388,9,-6.957,ok,1,0,1,1,4,5,2,0,1,0,1
gen_04388,10,-6.924,ok,1,0,0,1,4,5,2,0,1,0,0
gen_04389,1,-8.125,ok,0,0,0,1,3,6,2,0,1,0,0
gen_04389,2,-8.081,ok,0,0,0,1,3,5,2,0,0,0,0
gen_04390,1,-7.372,ok,1,0,0,1,4,5,4,1,0,0,0
gen_04390,2,-7.359,ok,1,0,0,1,4,5,4,1,0,0,0
gen_04390,3,-7.335,ok,1,0,0,1,4,5,4,1,0,0,0
gen_04390,4,-7.327,ok,1,0,0,1,4,6,4,1,0,0,0
gen_04390,5,-7.288,ok,1,0,0,1,4,5,2,1,0,0,0
gen_04391,1,-7.6,ok,1,0,1,1,4,6,7,0,0,0,0
gen_04391,2,-7.55,ok,1,0,1,1,4,7,5,0,0,0,0
gen_04391,3,-7.5,ok,1,0,0,1,5,4,4,1,0,0,0
gen_04391,4,-7.492,ok,1,0,0,1,5,4,4,1,0,0,0
gen_04391,5,-7.224,ok,1,0,0,1,4,6,5,1,0,0,0
gen_04392,1,-7.57,ok,0,0,0,1,3,6,3,0,0,0,0
gen_04392,2,-7.556,ok,0,0,0,1,3,5,3,0,0,0,0
gen_04393,1,-7.256,ok,1,0,1,0,4,3,3,1,0,0,0
gen_04393,2,-7.252,ok,1,0,1,0,4,3,3,1,0,0,0
gen_04393,3,-7.25,ok,1,0,1,0,4,3,3,1,0,0,0
gen_04393,4,-7.146,ok,1,0,1,0,4,3,3,1,0,0,0
gen_04393,5,-7.14,ok,1,0,1,0,4,2,3,1,0,0,0
gen_04393,6,-7.078,ok,1,0,1,0,5,4,3,1,0,0,0
gen_04394,1,-7.173,ok,1,0,1,1,4,4,4,0,0,0,0
gen_04394,2,-7.167,ok,1,0,1,1,4,4,3,0,0,0,0
gen_04394,3,-7.139,ok,1,0,1,1,4,4,3,0,0,0,0
gen_04394,4,-7.137,ok,1,0,1,1,4,4,4,0,0,0,0
gen_04394,5,-7.087,ok,1,0,1,1,4,5,4,0,0,0,0
gen_04394,6,-6.992,ok,1,0,0,0,4,5,2,0,0,0,0
gen_04395,1,-7.259,ok,1,1,1,0,4,6,1,1,0,0,0
gen_04395,2,-7.217,ok,1,1,1,0,4,6,2,1,0,0,0
gen_04395,3,-7.187,ok,1,1,1,0,4,6,1,1,0,0,0
gen_04395,4,-7.008,ok,1,1,1,0,4,7,2,1,0,0,0
gen_04395,5,-6.987,ok,1,1,1,0,4,7,2,1,0,0,0
gen_04395,6,-6.969,ok,1,1,1,0,4,7,1,1,0,0,0
gen_04395,7,-6.677,ok,0,0,0,1,3,3,5,0,0,0,0
gen_04396,1,-6.392,ok,1,0,0,0,4,6,2,0,0,0,0
gen_04396,2,-6.379,ok,1,0,0,0,4,6,2,0,0,0,0
gen_04397,1,-7.9,ok,1,0,1,1,4,8,1,0,0,0,0
gen_04397,2,-7.812,ok,1,0,1,1,4,7,1,1,0,0,0
gen_04398,1,-7.411,ok,1,0,1,1,4,6,3,0,0,0,0
gen_04398,2,-7.393,ok,1,0,1,1,4,6,3,0,0,0,0
gen_04399,1,-7.906,ok,1,0,0,1,4,8,2,1,0,0,1
gen_04399,2,-7.741,ok,1,0,0,1,4,9,1,1,0,0,0
gen_04400,1,-7.388,ok,1,0,0,1,4,5,1,0,0,0,0
gen_04401,1,-6.837,ok,1,0,0,1,4,5,1,0,0,0,0
gen_04401,2,-6.817,ok,1,0,0,1,4,5,1,0,0,0,0
gen_04401,3,-6.79,ok,1,0,0,1,4,5,3,0,0,0,1
gen_04401,4,-6.77,ok,1,0,0,1,4,5,2,0,0,0,1
gen_04402,1,-6.572,ok,1,0,1,0,4,4,2,1,0,0,0
gen_04402,2,-6.568,ok,1,0,1,1,4,6,3,0,0,0,0
gen_04402,3,-6.567,ok,1,0,1,1,4,6,3,0,0,0,0
gen_04402,4,-6.551,ok,1,0,1,0,4,3,2,2,0,0,0
gen_04402,5,-6.545,ok,1,0,1,1,4,6,3,0,0,0,0
gen_04402,6,-6.544,ok,1,0,1,0,4,3,2,1,0,0,0
gen_04403,1,-6.584,ok,0,0,0,1,3,2,1,0,0,0,0
gen_04403,2,-6.53,ok,0,0,0,1,3,2,1,0,0,0,0
gen_04403,3,-6.441,ok,0,0,0,1,3,3,1,0,0,0,0
gen_04404,1,-7.848,ok,1,0,1,1,5,4,3,0,0,0,0
gen_04405,1,-174.355,ok,0,0,0,1,0,2,2,0,1,0,0
gen_04406,1,-7.366,ok,1,0,1,1,4,6,4,0,0,0,0
gen_04406,2,-7.191,ok,1,0,1,1,4,5,4,0,0,0,0
gen_04407,1,-7.646,ok,1,0,0,1,4,5,4,0,0,0,0
gen_04407,2,-7.626,ok,1,0,0,1,4,5,4,0,0,0,0
gen_04408,1,-7.891,ok,1,0,0,0,4,5,1,0,0,0,0
gen_04409,1,-7.155,ok,1,0,1,1,4,1,2,0,0,0,1
gen_04410,1,-7.61,ok,0,1,0,1,3,7,1,0,0,0,0
gen_04410,2,-7.605,ok,0,1,0,1,3,6,1,0,0,0,0
gen_04410,3,-7.439,ok,1,1,0,1,4,5,2,0,0,0,0
gen_04411,1,-7.862,ok,1,0,0,1,4,7,4,0,0,0,0
gen_04411,2,-7.788,ok,1,0,0,1,4,6,2,0,0,0,0
gen_04412,1,-7.674,ok,1,0,0,1,4,5,4,0,0,0,0
gen_04413,1,-7.077,ok,1,0,0,0,4,6,2,0,1,0,1
gen_04414,1,-8.302,ok,1,0,0,1,4,6,3,0,0,0,0
gen_04414,2,-8.245,ok,0,0,1,1,3,6,4,0,0,0,0
gen_04414,3,-8.228,ok,0,0,1,1,3,5,3,0,0,0,0
gen_04415,1,-7.654,ok,1,0,0,1,4,5,3,0,0,0,1
gen_04415,2,-7.638,ok,1,0,0,1,4,5,3,0,0,0,1
gen_04415,3,-7.633,ok,1,0,0,1,5,3,3,0,0,0,1
gen_04415,4,-7.613,ok,1,0,0,1,4,5,3,0,0,0,1
gen_04415,5,-7.582,ok,1,0,0,1,4,4,3,0,0,0,1
gen_04416,1,-7.826,ok,1,0,1,0,4,5,0,2,0,0,0
gen_04416,2,-7.77,ok,1,0,1,0,4,5,0,2,0,0,0
gen_04416,3,-7.671,ok,1,0,1,1,5,4,4,0,0,0,0
gen_04416,4,-0.942,ok,1,0,1,0,4,5,0,2,0,0,0
gen_04416,5,-0.814,ok,1,0,1,0,4,5,0,2,0,0,0
gen_04417,1,-7.766,ok,1,0,1,1,4,6,2,0,0,0,0
gen_04417,2,-7.752,ok,1,0,1,1,4,7,2,0,0,0,0
gen_04417,3,-7.741,ok,1,0,1,1,4,7,3,0,0,0,0
gen_04417,4,-7.635,ok,1,0,1,1,4,6,4,0,0,0,0
gen_04417,5,-7.528,ok,1,0,0,1,4,4,3,0,0,0,0
gen_04418,1,-7.225,ok,1,0,1,0,4,5,1,1,0,0,0
gen_04418,2,-7.193,ok,1,0,1,0,4,5,1,1,0,0,0
gen_04418,3,-7.183,ok,1,0,0,1,4,3,6,0,0,0,0
gen_04418,4,-7.137,ok,1,0,0,1,4,3,4,0,0,0,0
gen_04418,5,-7.136,ok,1,0,0,1,4,3,6,0,0,0,0
gen_04418,6,-7.128,ok,1,0,0,1,4,3,4,0,0,0,0
gen_04418,7,-7.123,ok,1,0,0,1,4,3,6,0,0,0,0
gen_04418,8,-7.054,ok,1,0,0,1,4,3,6,0,0,0,0
gen_04418,9,-7.008,ok,0,0,0,1,3,3,6,0,0,0,0
gen_04419,1,-6.976,ok,1,0,1,1,4,6,3,0,0,0,0
gen_04419,2,-6.943,ok,1,0,1,1,4,6,3,0,0,0,0
gen_04419,3,-6.885,ok,1,0,1,1,4,5,3,0,0,0,0
gen_04420,1,-6.285,ok,1,0,0,1,4,6,2,0,0,0,0
gen_04420,2,-6.234,ok,1,0,0,1,4,4,3,0,0,0,0
gen_04420,3,-6.229,ok,1,0,0,1,4,5,1,0,0,0,0
gen_04420,4,-6.205,ok,1,0,0,1,4,3,3,0,0,0,0
gen_04420,5,-6.201,ok,1,0,0,1,4,6,1,0,0,0,0
gen_04420,6,-6.172,ok,1,0,0,1,5,4,2,0,0,0,0
gen_04420,7,-6.153,ok,1,0,0,1,4,5,1,1,0,0,0
gen_04421,1,-7.235,ok,0,0,0,1,3,5,4,0,0,0,0
gen_04421,2,-7.117,ok,0,0,0,1,0,5,3,0,0,0,0
gen_04421,3,-7.112,ok,0,1,0,1,3,5,3,0,0,0,0
gen_04421,4,-7.044,ok,0,0,0,1,3,5,4,0,0,0,0
gen_04422,1,-7.881,ok,1,0,0,1,4,0,1,0,0,0,0
gen_04422,2,-7.878,ok,1,0,0,1,4,0,1,0,0,0,0
gen_04422,3,-7.844,ok,0,0,0,1,0,1,2,0,0,0,0
gen_04422,4,-7.83,ok,0,0,0,1,0,1,2,0,0,0,0
gen_04422,5,-7.741,ok,1,0,0,1,4,1,2,0,0,0,0
gen_04423,1,-8.012,ok,1,0,0,1,4,7,3,0,0,0,0
gen_04423,2,-7.714,ok,1,0,0,1,4,6,3,0,0,0,0
gen_04423,3,-7.653,ok,1,0,1,1,4,6,3,0,0,0,0
gen_04423,4,-7.573,ok,1,0,1,1,4,7,3,0,0,0,0
gen_04423,5,-7.526,ok,1,0,1,1,4,6,2,0,0,0,0
gen_04424,1,-8.016,ok,1,0,0,1,4,6,3,0,0,0,0
gen_04424,2,-7.921,ok,1,0,0,0,4,6,1,0,0,0,0
gen_04425,1,-7.25,ok,1,0,0,1,4,5,2,2,0,0,0
gen_04425,2,-7.217,ok,1,0,0,1,4,5,2,2,0,0,0
gen_04426,1,-8.069,ok,1,0,0,1,4,5,6,0,0,0,0
gen_04426,2,-8.037,ok,1,0,0,1,4,6,6,0,0,0,0
gen_04426,3,-7.953,ok,1,0,0,1,4,6,4,0,0,0,0
gen_04426,4,-7.95,ok,1,0,0,1,4,6,5,0,0,0,0
gen_04426,5,-7.94,ok,1,0,0,1,4,5,6,0,0,0,0
gen_04427,1,-7.406,ok,1,0,0,1,4,5,3,1,1,0,0
gen_04427,2,-7.335,ok,1,0,0,1,4,5,3,1,1,0,0
gen_04427,3,-7.313,ok,1,0,0,1,4,5,3,1,1,0,0
gen_04428,1,-7.193,ok,1,0,1,0,4,5,1,0,0,0,0
gen_04428,2,-7.153,ok,1,1,0,1,4,6,1,1,0,0,0
gen_04428,3,-7.076,ok,0,0,1,1,3,6,3,0,0,0,0
gen_04428,4,-6.972,ok,1,0,1,1,4,6,3,0,0,0,0
gen_04428,5,-6.854,ok,1,0,1,1,4,5,3,0,0,0,0
gen_04429,1,-7.016,ok,1,0,1,1,4,5,5,0,0,0,0
gen_04429,2,-6.949,ok,1,0,1,1,4,5,4,0,0,0,0
gen_04429,3,-6.909,ok,1,0,1,1,4,6,5,0,0,0,0
gen_04429,4,-6.891,ok,1,0,1,1,4,4,5,0,0,0,0
gen_04429,5,-6.886,ok,1,0,1,1,4,5,4,0,0,0,0
gen_04429,6,-6.882,ok,1,0,1,1,4,5,4,0,0,0,0
gen_04429,7,-6.813,ok,1,0,0,0,5,5,1,0,0,0,0
gen_04429,8,-6.777,ok,1,0,1,1,4,4,4,0,0,0,0
gen_04429,9,-6.698,ok,1,0,0,0,5,5,1,0,0,0,0
gen_04429,10,-6.686,ok,1,0,0,0,5,5,0,0,0,0,0
gen_04430,1,-8.592,ok,1,0,1,1,4,7,5,0,0,0,0
gen_04430,2,-8.569,ok,1,0,1,1,4,7,5,0,0,0,0
gen_04431,1,-7.226,ok,1,0,1,1,4,7,2,0,0,0,0
gen_04431,2,-7.007,ok,0,0,1,1,0,1,2,0,0,0,0
gen_04431,3,-6.989,ok,0,0,1,1,0,1,2,0,0,0,0
gen_04432,1,-7.55,ok,1,0,1,1,4,3,3,0,0,0,0
gen_04432,2,-7.54,ok,0,0,1,1,3,2,3,0,0,0,0
gen_04432,3,-7.507,ok,0,0,1,1,3,1,3,0,0,0,0
gen_04433,1,-7.519,ok,1,0,0,1,5,4,2,0,0,0,0
gen_04433,2,-7.509,ok,1,0,0,1,5,4,2,0,0,0,0
gen_04434,1,-116.746,ok,0,0,0,1,0,1,1,0,0,0,0
gen_04435,1,-8.145,ok,1,0,0,1,5,4,6,0,0,0,0
gen_04435,2,-8.127,ok,1,0,0,1,5,3,5,0,0,0,0
gen_04435,3,-8.113,ok,1,0,0,1,5,4,6,0,0,0,0
gen_04436,1,-7.856,ok,1,0,1,0,4,6,1,1,0,0,0
gen_04436,2,-7.826,ok,1,0,1,0,4,6,2,1,0,0,0
gen_04436,3,-7.782,ok,1,0,1,0,4,6,2,1,0,0,0
gen_04436,4,-7.694,ok,0,0,1,1,3,4,4,0,0,0,0
gen_04436,5,-7.61,ok,0,0,1,1,3,4,4,0,0,0,0
gen_04437,1,-8.509,ok,1,0,0,1,4,3,3,0,0,0,0
gen_04437,2,-8.486,ok,1,0,0,1,4,3,2,0,0,0,0
gen_04437,3,-8.466,ok,1,0,1,1,4,4,4,0,0,0,0
gen_04437,4,-7.953,ok,1,0,1,1,4,1,4,0,0,0,0
gen_04438,1,-6.899,ok,1,0,0,1,4,7,1,0,0,0,0
gen_04438,2,-6.884,ok,1,0,0,1,4,6,1,0,0,0,0
gen_04438,3,-6.859,ok,1,0,0,1,4,7,2,0,0,0,0
gen_04439,1,-8.584,ok,1,0,1,1,4,7,3,0,1,0,0
gen_04439,2,-8.58,ok,1,0,0,1,4,7,3,0,0,0,0
gen_04439,3,-8.517,ok,1,0,0,1,4,7,4,0,0,0,0
gen_04439,4,-8.444,ok,1,0,0,1,4,7,4,0,0,0,0
gen_04439,5,-8.397,ok,0,0,1,1,3,7,3,0,1,0,0
gen_04439,6,-8.362,ok,1,0,0,1,5,6,2,0,0,0,0
gen_04439,7,-8.335,ok,1,0,0,1,5,6,4,0,1,0,0
gen_04440,1,-6.931,ok,1,0,0,0,4,7,0,0,0,0,0
gen_04440,2,-6.919,ok,1,0,0,1,4,5,2,0,0,0,1
gen_04440,3,-6.917,ok,1,0,0,1,4,6,2,0,0,0,1
gen_04440,4,-6.898,ok,1,0,0,0,4,7,0,0,0,0,0
gen_04441,1,-6.445,ok,1,0,0,1,4,1,2,0,0,0,0
gen_04442,1,-6.931,ok,1,0,0,1,4,5,2,0,0,0,0
gen_04443,1,-7.416,ok,1,0,1,1,4,5,3,0,0,0,0
gen_04443,2,-7.339,ok,1,0,1,1,4,5,3,0,0,0,0
gen_04444,1,-6.504,ok,1,0,1,0,4,2,4,1,0,0,0
gen_04444,2,-6.503,ok,1,0,1,0,4,2,4,1,0,0,0
gen_04444,3,-6.479,ok,1,0,1,0,4,2,3,1,0,0,0
gen_04444,4,-6.469,ok,1,0,1,0,4,2,4,1,0,0,0
gen_04445,1,-6.222,ok,1,0,0,1,4,1,1,0,0,0,0
gen_04446,1,-8.639,ok,0,0,0,1,3,3,2,0,0,0,0
gen_04446,2,-8.636,ok,0,0,0,1,3,3,2,0,0,0,0
gen_04446,3,-8.573,ok,0,0,0,1,3,2,2,0,0,0,0
gen_04446,4,-8.495,ok,0,0,0,1,3,2,2,0,0,0,0
gen_04447,1,-6.676,ok,0,0,1,1,0,2,6,0,2,0,0
gen_04447,2,-6.64,ok,0,0,1,1,0,2,4,0,2,0,0
gen_04447,3,-6.425,ok,1,0,1,1,4,1,3,0,0,0,0
gen_04447,4,-6.383,ok,1,0,1,1,4,1,3,0,0,0,0
gen_04448,1,-6.647,ok,1,0,1,0,4,5,0,1,0,0,0
gen_04449,1,-7.906,ok,0,0,1,1,3,4,2,1,0,0,0
gen_04449,2,-7.84,ok,0,0,1,1,3,4,2,1,0,0,0
gen_04449,3,-7.746,ok,1,0,1,1,4,3,1,1,0,0,0
gen_04449,4,-7.723,ok,0,0,1,1,3,3,2,1,0,0,0
gen_04449,5,-7.705,ok,1,0,1,1,4,2,3,1,0,0,0
gen_04449,6,-7.695,ok,1,0,1,1,4,1,2,1,0,0,0
gen_04449,7,-7.494,ok,1,0,1,1,4,2,3,1,0,0,1
gen_04450,1,-7.819,ok,1,0,0,1,4,6,2,0,0,0,0
gen_04450,2,-7.665,ok,1,0,1,1,4,5,5,0,0,0,0
gen_04451,1,-7.09,ok,1,0,1,1,4,8,3,0,0,0,0
gen_04451,2,-7.081,ok,1,0,1,1,4,7,3,0,0,0,0
gen_04451,3,-7.06,ok,1,0,1,1,4,8,4,0,0,0,0
gen_04451,4,-7.054,ok,1,0,1,1,4,7,3,0,0,0,0
gen_04451,5,-7.042,ok,1,0,1,1,4,6,3,0,0,0,0
gen_04451,6,-7.022,ok,1,0,1,1,4,8,4,1,0,0,0
gen_04451,7,-6.953,ok,1,0,1,1,4,6,3,0,0,0,0
gen_04452,1,-6.376,ok,1,0,1,0,4,5,3,0,0,0,0
gen_04452,2,-6.359,ok,1,0,1,0,4,5,3,0,0,0,0
gen_04452,3,-6.316,ok,1,0,1,0,4,5,2,0,0,0,0
gen_04452,4,-6.29,ok,1,0,1,0,4,5,2,0,0,0,0
gen_04452,5,-6.268,ok,1,0,1,0,4,5,2,0,0,0,0
gen_04452,6,-6.173,ok,0,0,0,1,0,0,3,0,0,0,0
gen_04453,1,-7.099,ok,0,0,0,1,0,2,3,0,0,0,1
gen_04453,2,-7.085,ok,0,0,1,1,0,3,3,0,0,0,1
gen_04453,3,-7.073,ok,0,0,1,1,0,3,3,0,0,0,1
gen_04453,4,-7.066,ok,0,0,1,1,0,3,3,0,0,0,1
gen_04453,5,-7.062,ok,0,0,1,1,0,3,3,0,0,0,1
gen_04453,6,-7.061,ok,0,0,1,1,0,3,3,0,0,0,1
gen_04454,1,-7.578,ok,1,0,1,1,5,6,3,0,0,0,0
gen_04454,2,-7.574,ok,1,0,1,1,5,6,4,0,0,0,0
gen_04454,3,-7.566,ok,1,0,1,1,5,6,4,0,0,0,0
gen_04454,4,-7.564,ok,0,0,1,1,3,6,3,0,0,0,0
gen_04454,5,-7.558,ok,1,0,1,1,4,6,4,0,0,0,0
gen_04454,6,-7.539,ok,1,0,1,1,4,6,3,0,0,0,0
gen_04454,7,-7.535,ok,1,0,1,1,5,6,4,0,0,0,0
gen_04454,8,-7.533,ok,0,0,1,1,3,6,3,0,0,0,0
gen_04454,9,-7.498,ok,1,0,1,1,5,6,4,0,0,0,0
gen_04454,10,-7.496,ok,1,0,1,1,5,6,3,0,0,0,0
gen_04454,11,-7.283,ok,0,0,1,1,3,6,2,0,0,0,1
gen_04454,12,-7.216,ok,1,0,1,1,4,5,3,0,0,0,0
gen_04454,13,-7.213,ok,0,0,1,1,3,6,2,0,0,0,1
gen_04455,1,-7.772,ok,0,0,1,1,3,2,2,1,0,0,0
gen_04455,2,-7.752,ok,0,0,1,1,3,2,2,1,0,0,0
gen_04456,1,-7.815,ok,1,0,0,0,4,7,1,0,0,0,0
gen_04456,2,-7.775,ok,1,0,0,1,4,7,3,0,0,0,0
gen_04456,3,-7.715,ok,1,0,0,1,4,6,3,0,0,0,0
gen_04456,4,-7.67,ok,1,0,0,1,4,5,1,1,0,0,1
gen_04456,5,-7.62,ok,1,0,0,0,4,6,1,0,0,0,0
gen_04457,1,-7.484,ok,1,0,0,1,4,6,3,0,0,0,0
gen_04458,1,-7.956,ok,1,0,0,1,4,5,3,0,0,0,0
gen_04458,2,-7.956,ok,1,0,0,1,4,5,3,0,0,0,0
gen_04459,1,-7.076,ok,1,0,0,1,4,3,2,0,0,0,0
gen_04460,1,-8.114,ok,1,0,0,1,4,6,4,1,0,0,0
gen_04460,2,-7.955,ok,1,0,0,1,4,6,4,0,0,0,0
gen_04461,1,-7.815,ok,1,0,0,1,4,5,5,0,0,0,0
gen_04461,2,-7.78,ok,0,1,0,1,3,7,4,0,0,0,0
gen_04461,3,-7.703,ok,1,0,1,1,4,6,4,1,0,0,0
gen_04462,1,-7.21,ok,1,0,1,0,4,7,2,0,0,0,0
gen_04463,1,-7.514,ok,0,0,0,1,3,1,3,0,0,0,0
gen_04463,2,-7.499,ok,0,0,0,1,3,0,4,0,0,0,0
gen_04463,3,-7.482,ok,0,0,0,1,3,2,4,0,0,0,0
gen_04463,4,-7.478,ok,0,0,0,1,3,0,3,0,0,0,0
gen_04463,5,-7.362,ok,0,0,0,1,3,1,3,0,0,0,0
gen_04463,6,-7.345,ok,0,0,0,1,3,1,3,0,0,0,0
gen_04463,7,-7.233,ok,0,0,0,1,3,0,2,0,0,0,0
gen_04463,8,-7.133,ok,0,0,0,1,3,2,2,0,1,0,0
gen_04463,9,-7.107,ok,0,0,0,1,3,1,3,0,1,0,0
gen_04464,1,-7.462,ok,0,0,0,1,3,1,4,0,0,0,0
gen_04464,2,-7.45,ok,0,0,0,1,0,1,5,0,0,0,0
gen_04464,3,-7.442,ok,0,0,0,1,0,1,4,0,0,0,0
gen_04464,4,-7.438,ok,0,0,0,1,0,1,3,0,0,0,0
gen_04464,5,-7.437,ok,0,0,0,1,0,3,5,0,0,0,0
gen_04464,6,-7.415,ok,0,0,0,1,0,2,4,0,0,0,0
gen_04464,7,-7.396,ok,0,0,0,1,3,1,4,0,0,0,0
gen_04464,8,-7.395,ok,1,0,1,1,4,4,3,1,0,0,1
gen_04464,9,-7.385,ok,0,0,0,1,0,2,5,0,0,0,0
gen_04465,1,-7.019,ok,1,0,0,1,4,2,2,0,0,0,0
gen_04465,2,-7.003,ok,1,0,0,1,4,1,2,0,0,0,0
gen_04465,3,-6.976,ok,1,0,0,1,4,1,2,0,0,0,0
gen_04465,4,-6.959,ok,1,0,0,1,4,2,2,0,0,0,0
gen_04466,1,-7.627,ok,1,0,0,1,4,6,3,0,0,0,0
gen_04467,1,-6.723,ok,1,0,0,1,4,5,4,1,0,0,0
gen_04467,2,-6.707,ok,1,0,0,1,4,5,4,1,0,0,0
gen_04468,1,-7.871,ok,0,0,1,1,3,4,3,1,0,0,0
gen_04468,2,-7.848,ok,0,0,1,1,3,4,3,1,0,0,0
gen_04468,3,-7.834,ok,0,0,1,1,3,4,3,1,0,0,0
gen_04468,4,-7.821,ok,0,0,1,1,3,4,3,1,0,0,0
gen_04468,5,-7.811,ok,0,0,1,1,3,4,3,1,0,0,0
gen_04468,6,-7.8,ok,0,0,1,1,3,4,3,1,0,0,0
gen_04468,7,-7.576,ok,1,0,1,1,4,7,3,0,0,0,0
gen_04469,1,-7.799,ok,0,0,0,1,3,6,2,0,0,0,1
gen_04469,2,-7.791,ok,0,0,0,1,3,6,1,0,0,0,1
gen_04469,3,-7.779,ok,0,0,0,1,3,6,2,0,0,0,1
gen_04469,4,-7.776,ok,0,0,0,1,3,6,2,0,0,0,1
gen_04469,5,-7.774,ok,0,0,0,1,3,6,2,0,0,0,1
gen_04469,6,-7.773,ok,0,0,0,1,3,6,2,0,0,0,1
gen_04469,7,-7.747,ok,0,0,0,1,3,6,1,0,0,0,1
gen_04469,8,-7.712,ok,1,0,0,1,4,6,2,0,0,0,1
gen_04469,9,-7.687,ok,1,0,0,1,4,5,2,0,0,0,1
gen_04469,10,-7.677,ok,1,0,0,1,4,5,2,0,0,0,1
gen_04469,11,-7.675,ok,1,0,0,1,4,5,2,0,0,0,1
gen_04470,1,-8.038,ok,1,0,1,1,4,7,3,0,0,0,0
gen_04470,2,-8.017,ok,1,0,1,0,4,6,3,0,0,0,0
gen_04470,3,-7.868,ok,0,0,1,1,3,6,3,0,0,0,0
gen_04470,4,-7.842,ok,1,0,1,0,4,7,2,0,0,0,0
gen_04470,5,-7.803,ok,1,0,0,0,4,6,1,0,0,0,0
gen_04471,1,-7.938,ok,1,0,0,1,4,6,6,0,0,0,0
gen_04471,2,-7.907,ok,1,0,0,1,4,5,5,0,0,0,0
gen_04472,1,-6.854,ok,1,0,1,0,4,5,1,1,0,0,0
gen_04472,2,-6.853,ok,1,0,1,0,4,4,1,1,0,0,0
gen_04472,3,-6.621,ok,0,0,1,1,3,0,3,0,0,0,0
gen_04472,4,-6.596,ok,0,0,1,1,3,0,3,0,0,0,0
gen_04473,1,-8.153,ok,1,0,1,0,5,5,0,1,0,0,0
gen_04473,2,-8.099,ok,1,0,1,0,5,5,0,1,0,0,0
gen_04474,1,-8.624,ok,1,0,0,1,4,6,4,0,1,0,0
gen_04474,2,-8.467,ok,1,0,0,1,4,5,4,0,1,0,0
gen_04474,3,-8.411,ok,1,0,0,0,4,6,2,0,1,0,0
gen_04474,4,-8.383,ok,1,0,0,0,4,5,2,0,1,0,0
gen_04474,5,-8.328,ok,1,0,0,1,4,5,4,1,1,0,0
gen_04475,1,-8.039,ok,1,0,0,1,4,6,4,0,0,0,0
gen_04476,1,-7.174,ok,1,0,0,1,4,6,4,0,0,0,0
gen_04476,2,-7.17,ok,1,0,0,1,4,5,4,0,0,0,0
gen_04476,3,-7.162,ok,1,0,0,1,4,6,4,0,0,0,0
gen_04476,4,-7.131,ok,1,0,0,1,4,5,4,0,0,0,0
gen_04476,5,-7.101,ok,1,0,0,1,4,6,4,0,0,0,0
gen_04476,6,-7.08,ok,1,0,0,1,4,5,4,0,0,0,0
gen_04477,1,-6.82,ok,1,0,0,1,4,1,1,0,0,0,0
gen_04477,2,-6.806,ok,1,0,0,1,4,1,1,0,0,0,0
gen_04478,1,-7.966,ok,1,0,1,0,4,5,1,0,0,0,0
gen_04478,2,-7.886,ok,1,0,0,0,4,5,0,0,0,0,0
gen_04478,3,-7.882,ok,1,0,0,0,4,6,0,0,0,0,0
gen_04478,4,-7.854,ok,1,0,0,0,4,6,0,0,0,0,0
gen_04479,1,-7.613,ok,0,0,0,1,0,0,3,1,0,0,2
gen_04479,2,-7.603,ok,0,0,0,1,0,0,3,1,0,0,2
gen_04479,3,-7.601,ok,1,0,0,0,4,5,0,1,0,0,0
gen_04479,4,-7.585,ok,0,0,0,1,0,1,3,1,0,0,2
gen_04479,5,-7.559,ok,0,0,0,1,0,0,3,1,0,0,2
gen_04479,6,-7.559,ok,0,0,0,1,0,0,3,1,0,0,2
gen_04479,7,-7.529,ok,1,0,0,1,4,5,2,0,0,0,0
gen_04479,8,-7.529,ok,1,0,1,1,4,3,3,0,0,0,0
gen_04480,1,-8.713,ok,1,0,1,1,4,8,4,0,0,0,0
gen_04480,2,-8.669,ok,1,0,0,1,4,7,4,0,0,0,0
gen_04480,3,-8.568,ok,1,0,1,1,4,9,2,0,0,0,0
gen_04480,4,-8.485,ok,1,0,1,1,4,6,4,0,0,0,0
gen_04481,1,-6.931,ok,1,0,0,1,4,2,2,0,0,0,1
gen_04481,2,-6.928,ok,1,0,0,1,4,2,2,0,0,0,1
gen_04481,3,-6.782,ok,1,0,0,1,4,2,2,0,0,0,0
gen_04481,4,-6.674,ok,1,0,0,1,4,2,2,0,0,0,1
gen_04481,5,-6.673,ok,1,0,0,1,4,2,2,0,0,0,0
gen_04482,1,-6.669,ok,1,0,0,0,4,6,1,1,0,0,0
gen_04483,1,-7.921,ok,1,0,0,1,4,5,3,0,0,0,1
gen_04484,1,-7.265,ok,1,0,0,1,4,2,3,0,0,0,1
gen_04484,2,-7.248,ok,1,0,0,1,4,2,3,0,0,0,1
gen_04484,3,-7.246,ok,1,0,0,1,4,2,3,0,0,0,1
gen_04484,4,-7.242,ok,1,0,0,1,4,2,3,0,0,0,1
gen_04485,1,-6.829,ok,1,0,0,1,4,3,3,0,0,0,0
gen_04485,2,-6.774,ok,1,0,0,1,4,2,2,0,0,0,0
gen_04485,3,-6.747,ok,1,0,0,1,4,2,2,0,0,0,0
gen_04486,1,-6.43,ok,1,0,1,1,4,6,1,0,0,0,0
gen_04486,2,-6.414,ok,1,0,1,0,4,6,0,0,0,0,0
gen_04487,1,-8.495,ok,1,0,0,1,4,6,5,1,0,0,0
gen_04487,2,-8.37,ok,1,0,0,1,4,4,6,0,0,0,0
gen_04488,1,-7.276,ok,0,0,1,1,3,6,1,0,0,0,0
gen_04488,2,-7.272,ok,0,0,1,1,3,6,1,0,0,0,0
gen_04488,3,-7.26,ok,0,0,1,1,3,6,1,0,0,0,0
gen_04489,1,-7.007,ok,1,0,1,1,4,0,3,0,0,0,0
gen_04489,2,-7.003,ok,1,0,1,1,4,1,3,0,0,0,0
gen_04489,3,-6.975,ok,1,0,1,1,4,0,3,0,0,0,0
gen_04489,4,-6.932,ok,1,0,1,1,4,1,3,0,0,0,0
gen_04489,5,-6.907,ok,1,0,1,1,4,1,3,0,0,0,0
gen_04490,1,-7.622,ok,0,0,1,1,3,1,2,0,0,0,0
gen_04490,2,-7.618,ok,0,0,1,1,3,1,2,0,0,0,0
gen_04490,3,-7.606,ok,0,0,1,1,3,1,2,0,0,0,0
gen_04490,4,-7.602,ok,0,0,1,1,3,1,2,0,0,0,0
gen_04490,5,-7.599,ok,0,0,1,1,3,1,2,0,0,0,0
gen_04491,1,-6.94,ok,0,0,1,0,3,6,2,0,0,0,0
gen_04491,2,-6.937,ok,0,0,1,0,3,5,2,0,0,0,0
gen_04491,3,-6.81,ok,1,0,1,1,4,5,3,1,0,0,0
gen_04491,4,-6.803,ok,1,0,1,0,4,7,2,1,0,0,0
gen_04491,5,-6.79,ok,1,0,1,0,4,6,2,1,0,0,0
gen_04492,1,-6.701,ok,1,0,1,1,4,4,5,0,0,0,0
gen_04492,2,-6.691,ok,1,0,1,1,4,4,5,0,0,0,0
gen_04493,1,-7.581,ok,0,0,1,1,3,4,3,0,0,0,0
gen_04493,2,-7.491,ok,0,0,1,1,3,4,3,0,0,0,0
gen_04493,3,-7.428,ok,0,0,1,1,0,4,5,1,0,0,0
gen_04494,1,-7.661,ok,0,0,0,1,3,4,2,0,0,0,0
gen_04494,2,-7.579,ok,0,0,0,1,3,3,2,0,0,0,0
gen_04495,1,-7.264,ok,1,0,0,0,4,5,0,0,1,0,0
gen_04495,2,-7.261,ok,1,0,0,0,4,5,0,0,1,0,0
gen_04496,1,-8.047,ok,1,1,0,1,4,6,5,0,0,0,0
gen_04496,2,-8.024,ok,1,1,0,1,4,6,5,0,0,0,0
gen_04496,3,-8.015,ok,1,1,0,1,4,6,4,0,0,0,0
gen_04496,4,-7.996,ok,1,1,0,1,4,6,3,0,0,0,0
gen_04497,1,-69.823,ok,0,0,0,1,0,0,5,0,1,0,0
gen_04497,2,-65.581,ok,0,0,0,1,0,1,2,0,2,0,0
gen_04498,1,-7.395,ok,0,0,0,1,3,5,1,0,0,0,0
gen_04498,2,-7.346,ok,0,0,0,1,3,2,2,0,0,0,0
gen_04498,3,-7.313,ok,0,0,0,1,3,5,1,0,0,0,0
gen_04498,4,-7.305,ok,0,0,0,1,3,2,2,0,0,0,0
gen_04498,5,-7.245,ok,1,0,1,1,4,5,3,0,0,0,0
gen_04498,6,-7.232,ok,0,0,1,1,3,6,2,0,0,0,0
gen_04499,1,-7.732,ok,1,0,0,1,5,2,1,0,0,0,0
gen_04499,2,-7.711,ok,1,0,0,0,5,1,0,0,0,0,0
gen_04499,3,-7.71,ok,1,0,0,0,5,3,0,0,0,0,0
gen_04499,4,-7.083,ok,0,0,0,1,0,1,3,0,1,0,0
gen_04499,5,-7.069,ok,1,0,0,1,4,4,1,0,2,0,0
gen_04499,6,-7.062,ok,0,0,0,1,0,1,3,0,1,0,0
gen_04499,7,-7.018,ok,1,0,0,1,4,4,1,0,2,0,0
gen_04500,1,-7.93,ok,1,0,0,1,4,6,2,0,0,0,0
gen_04500,2,-7.928,ok,1,0,0,1,4,6,2,0,0,0,0
gen_04500,3,-7.928,ok,1,0,0,1,4,6,2,0,0,0,0
gen_04500,4,-7.896,ok,1,0,0,1,4,7,2,0,0,0,0
gen_04501,1,-7.904,ok,0,0,0,1,3,7,3,0,0,0,0
gen_04501,2,-7.813,ok,0,0,0,1,3,6,3,0,0,0,0
gen_04501,3,-7.572,ok,1,0,0,1,4,6,3,0,0,0,0
gen_04502,1,-7.503,ok,0,0,1,1,3,6,3,0,0,0,0
gen_04503,1,-7.876,ok,1,0,1,1,4,7,2,1,0,0,0
gen_04503,2,-7.858,ok,1,0,1,1,4,7,3,1,0,0,0
gen_04504,1,-7.11,ok,1,0,1,0,4,6,0,0,0,0,0
gen_04504,2,-7.082,ok,1,0,1,0,4,7,0,0,0,0,0
gen_04504,3,-7.025,ok,0,0,1,1,3,8,2,0,0,0,0
gen_04504,4,-6.977,ok,1,0,1,1,4,3,2,0,0,0,0
gen_04504,5,-6.961,ok,1,0,1,0,4,6,1,1,0,0,0
gen_04504,6,-6.878,ok,1,0,1,1,4,1,2,0,0,0,0
gen_04504,7,-6.84,ok,0,0,1,0,3,6,0,0,0,0,0
gen_04504,8,-6.836,ok,1,0,1,1,4,8,2,0,0,0,0
gen_04505,1,-126.503,ok,0,0,0,0,0,0,1,0,0,0,0
gen_04505,2,-122.253,ok,0,0,1,1,0,1,2,0,0,0,0
gen_04506,1,-7.295,ok,1,0,1,0,4,6,0,1,0,0,0
gen_04506,2,-7.257,ok,1,0,1,0,4,5,0,1,0,0,0
gen_04506,3,-7.249,ok,1,0,1,0,4,5,0,1,0,0,0
gen_04506,4,-7.248,ok,1,0,1,0,4,6,0,1,0,0,0
gen_04506,5,-7.242,ok,1,0,1,0,4,5,0,1,0,0,0
gen_04506,6,-7.225,ok,1,0,1,0,4,6,0,1,0,0,0
gen_04506,7,-7.222,ok,1,0,1,0,4,5,0,1,0,0,0
gen_04507,1,-8.705,ok,1,0,0,1,4,5,6,0,0,0,0
gen_04507,2,-8.697,ok,1,0,0,1,4,5,6,0,0,0,0
gen_04507,3,-8.691,ok,1,0,0,1,4,5,6,0,0,0,0
gen_04507,4,-8.577,ok,1,0,0,1,4,5,6,0,0,0,0
gen_04508,1,-7.651,ok,1,0,1,1,4,6,5,0,0,0,0
gen_04508,2,-7.644,ok,1,0,1,1,4,6,5,0,0,0,0
gen_04508,3,-7.596,ok,1,0,1,1,4,6,5,0,0,0,0
gen_04509,1,-7.736,ok,0,0,1,1,3,5,4,0,0,0,0
gen_04509,2,-7.698,ok,0,0,1,1,3,5,5,0,0,0,0
gen_04509,3,-7.692,ok,0,0,1,1,3,5,4,0,0,0,0
gen_04509,4,-7.681,ok,0,0,0,1,3,2,5,0,0,0,0
gen_04509,5,-7.636,ok,0,0,0,1,3,2,5,0,0,0,0
gen_04509,6,-7.615,ok,0,0,1,1,3,4,5,0,0,0,0
gen_04509,7,-7.562,ok,0,0,0,1,3,2,6,0,1,0,0
gen_04509,8,-7.499,ok,0,0,1,1,3,3,5,0,0,0,0
gen_04510,1,-7.075,ok,0,0,1,0,0,3,3,1,0,0,0
gen_04510,2,-7.053,ok,0,0,1,0,0,3,3,1,0,0,0
gen_04510,3,-6.951,ok,1,0,0,1,5,3,3,0,0,0,0
gen_04510,4,-6.942,ok,1,0,0,1,5,3,3,0,0,0,0
gen_04510,5,-6.895,ok,1,0,0,1,5,3,3,0,0,0,0
gen_04511,1,-7.82,ok,1,0,0,1,5,3,2,0,0,0,0
gen_04511,2,-7.815,ok,1,0,0,1,5,3,2,0,0,0,0
gen_04511,3,-7.654,ok,0,0,0,1,3,4,1,0,0,0,0
gen_04511,4,-7.627,ok,0,0,0,1,3,5,3,0,0,0,0
gen_04512,1,-7.897,ok,1,0,1,0,4,6,3,2,0,0,0
gen_04512,2,-7.895,ok,1,0,1,1,4,7,4,0,0,0,0
gen_04512,3,-7.864,ok,1,0,1,0,4,6,3,2,0,0,0
gen_04512,4,-7.834,ok,1,0,1,1,4,7,5,0,0,0,0
gen_04512,5,-7.818,ok,1,0,0,1,4,6,4,0,0,0,0
gen_04512,6,-7.785,ok,1,0,1,1,4,7,5,0,0,0,0
gen_04512,7,-7.783,ok,1,0,0,1,4,6,4,0,0,0,0
gen_04512,8,-7.721,ok,1,0,1,1,4,7,5,0,0,0,0
gen_04512,9,-7.63,ok,1,0,1,1,4,7,4,0,0,0,0
gen_04512,10,-7.57,ok,1,0,1,1,4,4,5,0,0,0,0
gen_04513,1,-7.707,ok,1,0,0,1,4,6,2,0,0,0,1
