smiles,label,molecular_weight,logP,hydrogen_bond_acceptors,hydrogen_bond_donors,Lipinski,QED,stereo_centers,tpsa,PAINS_alert,BRENK_alert,NIH_alert,AMES,BBB_Martins,Bioavailability_Ma,CYP1A2_Veith,CYP2C19_Veith,CYP2C9_Substrate_CarbonMangels,CYP2C9_Veith,CYP2D6_Substrate_CarbonMangels,CYP2D6_Veith,CYP3A4_Substrate_CarbonMangels,CYP3A4_Veith,Carcinogens_Lagunin,ClinTox,DILI,HIA_Hou,NR-AR-LBD,NR-AR,NR-AhR,NR-Aromatase,NR-ER-LBD,NR-ER,NR-PPAR-gamma,PAMPA_NCATS,Pgp_Broccatelli,SR-ARE,SR-ATAD5,SR-HSE,SR-MMP,SR-p53,Skin_Reaction,hERG,Caco2_Wang,Clearance_Hepatocyte_AZ,Clearance_Microsome_AZ,Half_Life_Obach,HydrationFreeEnergy_FreeSolv,LD50_Zhu,Lipophilicity_AstraZeneca,PPBR_AZ,Solubility_AqSolDB,VDss_Lombardo,molecular_weight_drugbank_approved_percentile,logP_drugbank_approved_percentile,hydrogen_bond_acceptors_drugbank_approved_percentile,hydrogen_bond_donors_drugbank_approved_percentile,Lipinski_drugbank_approved_percentile,QED_drugbank_approved_percentile,stereo_centers_drugbank_approved_percentile,tpsa_drugbank_approved_percentile,PAINS_alert_drugbank_approved_percentile,BRENK_alert_drugbank_approved_percentile,NIH_alert_drugbank_approved_percentile,AMES_drugbank_approved_percentile,BBB_Martins_drugbank_approved_percentile,Bioavailability_Ma_drugbank_approved_percentile,CYP1A2_Veith_drugbank_approved_percentile,CYP2C19_Veith_drugbank_approved_percentile,CYP2C9_Substrate_CarbonMangels_drugbank_approved_percentile,CYP2C9_Veith_drugbank_approved_percentile,CYP2D6_Substrate_CarbonMangels_drugbank_approved_percentile,CYP2D6_Veith_drugbank_approved_percentile,CYP3A4_Substrate_CarbonMangels_drugbank_approved_percentile,CYP3A4_Veith_drugbank_approved_percentile,Carcinogens_Lagunin_drugbank_approved_percentile,ClinTox_drugbank_approved_percentile,DILI_drugbank_approved_percentile,HIA_Hou_drugbank_approved_percentile,NR-AR-LBD_drugbank_approved_percentile,NR-AR_drugbank_approved_percentile,NR-AhR_drugbank_approved_percentile,NR-Aromatase_drugbank_approved_percentile,NR-ER-LBD_drugbank_approved_percentile,NR-ER_drugbank_approved_percentile,NR-PPAR-gamma_drugbank_approved_percentile,PAMPA_NCATS_drugbank_approved_percentile,Pgp_Broccatelli_drugbank_approved_percentile,SR-ARE_drugbank_approved_percentile,SR-ATAD5_drugbank_approved_percentile,SR-HSE_drugbank_approved_percentile,SR-MMP_drugbank_approved_percentile,SR-p53_drugbank_approved_percentile,Skin_Reaction_drugbank_approved_percentile,hERG_drugbank_approved_percentile,Caco2_Wang_drugbank_approved_percentile,Clearance_Hepatocyte_AZ_drugbank_approved_percentile,Clearance_Microsome_AZ_drugbank_approved_percentile,Half_Life_Obach_drugbank_approved_percentile,HydrationFreeEnergy_FreeSolv_drugbank_approved_percentile,LD50_Zhu_drugbank_approved_percentile,Lipophilicity_AstraZeneca_drugbank_approved_percentile,PPBR_AZ_drugbank_approved_percentile,Solubility_AqSolDB_drugbank_approved_percentile,VDss_Lombardo_drugbank_approved_percentile
Cc1ccc(-c2ccc(-c3c[nH]c4sc(C(=O)O)cc4c3=O)s2)cc1,gen_00013,367.4510000000001,4.991720000000003,4,2,4.0,0.5357020861334488,0,70.16,0,0,0,0.4680353,0.16670716,0.7749658,0.45759153,0.24583748,0.23999795,0.38607407,0.03257785,0.02320228,0.42278022,0.09287452,0.40183812,0.06896605,0.99257755,0.99116725,0.044293724,0.04051704,0.66598874,0.15764472,0.133189,0.28014675,0.35848027,0.7120529,0.7090502,0.78542435,0.23925705,0.15507285,0.86970043,0.43611377,0.7032348,0.32348722,-4.9253435,41.96717,30.327866,39.103363,-12.175291,2.6946044,1.6403897,106.43335,-5.16904,-7.1425467,57.750439367311074,88.50615114235502,48.55887521968366,61.37082601054482,63.44463971880493,51.07205623901582,22.601054481546576,46.924428822495614,47.59226713532514,25.869947275922673,37.188049209138846,76.37961335676626,11.388400702987699,45.76449912126538,79.57820738137083,69.49033391915643,77.99648506151144,85.20210896309315,23.936731107205627,37.434094903339194,48.1195079086116,57.08260105448155,87.76801405975397,40.14059753954306,98.66432337434095,40.38664323374341,81.86291739894553,69.63093145869948,96.41476274165203,82.56590509666081,89.66608084358525,89.45518453427066,98.03163444639719,44.67486818980668,85.72934973637962,96.2390158172232,95.18453427065027,89.56063268892795,98.17223198594026,94.83304042179263,73.35676625659052,52.16168717047452,50.86115992970124,58.558875219683664,54.41124780316345,75.46572934973639,53.602811950790866,65.51845342706503,55.782073813708266,97.22319859402461,11.985940246045695,1.4411247803163445
CC(C)(C)c1cc(C(=O)O)[nH]c1Cc1cccc2ccc(F)cc12,gen_00014,325.38300000000004,4.893500000000003,1,2,4.0,0.7198698624878024,0,53.089999999999996,0,0,0,0.03626927,0.44915694,0.91296136,0.37182674,0.31029063,0.5231561,0.3191046,0.162966,0.074776396,0.54822385,0.026184123,0.40984502,0.10794574,0.8330048,0.9895004,0.005722024,0.015972905,0.09669155,0.07735827,0.086835235,0.18013649,0.27815175,0.74094886,0.34935918,0.25742346,0.024721002,0.03513553,0.47955856,0.076546356,0.37158254,0.36250034,-4.7908726,34.814995,26.61674,8.596559,-9.8189335,2.8117204,2.1476083,104.85956,-5.213005,-5.4480076,48.04920913884008,87.69771528998243,6.854130052724078,61.37082601054482,63.44463971880493,77.82073813708261,22.601054481546576,33.07557117750439,47.59226713532514,25.869947275922673,37.188049209138846,9.560632688927944,29.209138840070302,83.55008787346222,75.81722319859404,74.90333919156416,98.73462214411249,81.96836555360282,62.84710017574693,55.50087873462215,60.98418277680141,42.95254833040422,88.11950790861161,52.72407732864675,75.32513181019333,39.43760984182777,31.177504393673114,32.54833040421793,70.72056239015818,71.24780316344464,84.88576449912128,80.8084358523726,96.55536028119509,46.85413005272408,71.24780316344464,67.17047451669596,67.38137082601055,64.71001757469244,87.1353251318102,68.18980667838314,30.333919156414765,55.36028119507909,60.281195079086125,52.86467486818981,51.17750439367312,37.39894551845343,72.02108963093147,72.51318101933217,64.92091388400704,95.88752196836556,11.458699472759228,2.776801405975396
O=C(O)c1cc(OCC(O)Cc2ccc(C3CCCC3)cc2F)c2ccccc2n1,gen_00031,409.4570000000001,4.712100000000004,4,2,4.0,0.5906790122708722,1,79.65,0,0,0,0.028392721,0.35088786,0.9180807,0.102277376,0.23559651,0.5919256,0.37026408,0.0978066,0.059084892,0.54785955,0.03272734,0.41185427,0.14860433,0.9172975,0.98642254,0.006642364,0.019345317,0.05540681,0.09422668,0.06460399,0.16767767,0.429885,0.557185,0.55807346,0.2677239,0.023103105,0.03627574,0.38519272,0.09188094,0.27191982,0.40096822,-4.93921,31.55631,21.6416,1.927644,-11.568244,2.835066,1.7112681,103.83302,-4.889283,-6.109433,67.59226713532514,86.0456942003515,48.55887521968366,61.37082601054482,63.44463971880493,58.840070298769774,55.32513181019333,53.70826010544816,47.59226713532514,25.869947275922673,37.188049209138846,7.6625659050966615,22.24956063268893,85.3427065026362,55.95782073813709,68.50615114235501,99.6133567662566,84.67486818980669,47.100175746924435,51.739894551845346,60.98418277680141,45.061511423550094,88.33040421792619,61.82776801405976,85.23725834797892,37.750439367311074,35.782073813708266,39.22671353251319,64.11247803163445,74.23550087873463,80.35149384885766,78.87521968365554,98.69947275922672,36.44991212653779,79.82425307557118,68.15465729349737,66.46748681898067,65.37785588752197,83.05799648506152,71.81019332161688,17.715289982425308,57.71528998242531,49.701230228471005,49.94727592267136,46.25659050966608,25.27240773286468,58.277680140597546,74.0597539543058,56.94200351493849,94.90333919156416,16.2390158172232,2.1441124780316345
O=C(O)c1[nH]c2cccc(-c3cccc(F)c3)c2c1O,gen_00032,271.24699999999996,3.377800000000001,2,3,4.0,0.6686000108531585,0,73.32,0,0,0,0.26198384,0.4781313,0.83412915,0.620397,0.22176552,0.29630104,0.27557632,0.042294793,0.05489732,0.28247136,0.027147392,0.50916827,0.187749,0.9409121,0.9675635,0.013466595,0.032805316,0.56930315,0.03446839,0.078112796,0.19180834,0.116557956,0.47691402,0.11446591,0.42503762,0.08435778,0.043479852,0.4095555,0.13897087,0.5492323,0.20939867,-4.89471,18.252132,-1.4329323,11.24657,-12.782766,2.3985882,0.31222436,97.07296,-4.14954,-3.9266815,32.513181019332166,66.95957820738138,17.10017574692443,78.20738137082601,63.44463971880493,69.87697715289983,22.601054481546576,49.10369068541301,47.59226713532514,25.869947275922673,37.188049209138846,55.95782073813709,31.282952548330407,59.156414762741655,84.81546572934974,67.41652021089631,86.92442882249561,79.89455184534272,27.521968365553604,50.54481546572936,36.063268892794376,43.374340949033396,93.95430579964851,68.2249560632689,88.99824253075572,33.286467486818985,55.289982425307564,60.31634446397189,94.51669595782074,57.750439367311074,83.16344463971882,82.42530755711776,89.73637961335677,33.11072056239016,54.41124780316345,79.0158172231986,83.55008787346222,69.49033391915643,84.11247803163445,78.73462214411248,53.88400702987698,43.2688927943761,52.79437609841828,34.93848857644991,23.02284710017575,42.1792618629174,49.03339191564148,47.065026362038665,34.86818980667839,83.23374340949034,29.138840070298773,5.940246045694201
O=C(O)c1cc(CC(Nc2ccccc2)C(=O)O)c2ccc(Cl)c(Cl)c2c1,gen_00044,404.2490000000002,4.952600000000002,3,3,4.0,0.5411841026065184,1,86.63000000000001,0,0,0,0.058423173,0.22766888,0.8655726,0.20520952,0.17798893,0.36527935,0.28896493,0.021002041,0.05414083,0.2181704,0.023694139,0.5358519,0.19327247,0.92127407,0.842039,0.0048998594,0.035586692,0.15040399,0.017517533,0.033491395,0.10210218,0.08723669,0.1456948,0.060061287,0.123165466,0.020215744,0.009037788,0.0689162,0.039438613,0.27731457,0.1685375,-5.327565,0.9764763,-5.722285,59.518444,-16.601559,2.7199523,-0.37044168,102.072586,-4.748644,-4.196822,66.15114235500879,88.15465729349737,32.653778558875224,78.20738137082601,63.44463971880493,52.12653778558876,55.32513181019333,59.03339191564148,47.59226713532514,25.869947275922673,37.188049209138846,15.887521968365554,14.868189806678384,67.38137082601055,66.18629173989456,62.98769771528999,93.39191564147629,80.42179261862918,18.172231985940247,50.50966608084359,28.892794376098422,41.792618629173994,94.86818980667839,69.20913884007031,85.83479789103691,23.90158172231986,27.346221441124783,64.39367311072057,77.11775043936731,48.26010544815466,65.97539543057997,57.85588752196837,86.39718804920915,19.543057996485064,47.76801405975396,49.384885764499124,64.49912126537787,39.12126537785589,59.367311072056246,55.922671353251324,18.418277680140598,39.12126537785589,29.630931458699475,15.571177504393674,18.453427065026364,85.65905096660809,26.959578207381373,67.41652021089631,25.166959578207383,92.16168717047452,18.031634446397188,5.2021089630931465
O=C(O)C(Oc1ccc(Cl)cc1)C(O)(c1ccccc1)c1cc(F)ccc1F,gen_00113,404.7960000000001,4.386300000000002,3,2,4.0,0.6392734186047287,2,66.76,0,0,0,0.016802888,0.28560787,0.92606133,0.053610288,0.44444793,0.5840157,0.5095293,0.032340243,0.025351057,0.4825306,0.046642978,0.40907946,0.040148158,0.9315382,0.99488485,0.0027173494,0.013775593,0.020993087,0.06303879,0.043884974,0.14014225,0.3860762,0.5329347,0.35932153,0.18195991,0.009679508,0.025337856,0.35733348,0.06863414,0.25041375,0.24000998,-4.8829055,24.689043,10.623177,17.724432,-10.79129,2.7236757,1.0571623,101.214066,-4.2843537,-5.1663756,66.50263620386644,82.2847100175747,32.653778558875224,61.37082601054482,63.44463971880493,65.16695957820738,69.84182776801407,44.56942003514939,47.59226713532514,25.869947275922673,37.188049209138846,4.499121265377856,18.242530755711776,88.43585237258348,47.557117750439375,83.09314586994728,99.47275922671353,90.19332161687171,23.866432337434098,39.015817223198596,53.77855887521969,48.85764499121266,88.11950790861161,26.29173989455185,87.20562390158173,44.11247803163445,15.922671353251319,27.732864674868193,49.77152899824254,68.2249560632689,72.61862917398946,72.16168717047452,98.38312829525483,35.50087873462215,71.70474516695958,59.367311072056246,50.333919156414765,59.22671353251319,81.86291739894553,65.86994727592268,15.53602811950791,45.58875219683656,53.743409490333924,43.33919156414763,34.27065026362039,54.235500878734626,64.56942003514939,67.69771528998243,46.18629173989456,90.93145869947277,26.678383128295255,3.163444639718805
O=C(O)Cc1ccc(OC(Cn2c(O)c3c(c2O)C2CCC3C2)c2ccccc2)cc1,gen_00142,419.47700000000015,4.711400000000004,4,3,4.0,0.5157756341257025,3,91.92,0,0,0,0.12272851,0.17915745,0.7524098,0.20368297,0.47786704,0.36687627,0.5548296,0.043524668,0.13262412,0.57410544,0.21087947,0.35542846,0.064039916,0.76580465,0.9904815,0.01912715,0.022048697,0.070534624,0.22511406,0.3365609,0.47235432,0.5016818,0.51100415,0.5094219,0.5348455,0.094842,0.29592052,0.7457419,0.34739408,0.5237028,0.46457347,-5.432265,25.159777,22.003197,-29.524158,-16.269493,2.9966476,1.4106755,95.25878,-4.0599113,-5.476394,69.98242530755712,86.01054481546574,48.55887521968366,78.20738137082601,63.44463971880493,48.33040421792619,76.60808435852373,62.70650263620387,47.59226713532514,25.869947275922673,37.188049209138846,32.4780316344464,12.231985940246046,41.12478031634447,66.11599297012303,84.14762741652022,93.49736379613357,91.56414762741653,27.908611599297014,65.27240773286468,64.14762741652022,68.57644991212655,83.55008787346222,38.4182776801406,70.08787346221442,39.96485061511424,64.71001757469244,44.21792618629174,67.38137082601055,88.11950790861161,96.02811950790861,95.00878734622145,99.15641476274166,34.692442882249566,78.10193321616872,85.79964850615114,84.99121265377856,95.21968365553603,95.18453427065027,92.37258347978911,50.36906854130053,60.702987697715294,25.65905096660809,43.690685413005276,46.643233743409496,0.562390158172232,28.189806678383132,81.82776801405976,51.77504393673111,79.33216168717048,31.107205623901585,2.671353251318102
O=C(O)c1cc(-c2nc(C(F)(F)F)cs2)c2c(c1)C(O)(C(=O)O)c1ccccc1-2,gen_00158,421.35200000000015,3.828000000000002,5,3,4.0,0.5934228793199782,1,107.72000000000001,0,0,0,0.1247028,0.12092757,0.7615495,0.074304566,0.080448076,0.16228828,0.18286629,0.002801736,0.009659201,0.092093594,0.004758036,0.5954579,0.10817679,0.97740746,0.5776677,0.0030259145,0.0252599,0.11602718,0.008048476,0.026064094,0.07676741,0.034338154,0.036902327,0.021851752,0.18404959,0.015687717,0.008005919,0.062315654,0.04641518,0.3598269,0.043732576,-5.8427672,-13.526906,-2.2370753,67.629845,-17.237087,2.5415847,-1.8347418,89.71931,-3.0045388,-2.5223935,70.29876977152901,74.34094903339192,61.880492091388405,78.20738137082601,63.44463971880493,59.191564147627425,55.32513181019333,72.44288224956064,47.59226713532514,25.869947275922673,37.188049209138846,33.00527240773287,9.138840070298771,42.882249560632694,51.31810193321618,48.154657293497365,60.281195079086125,74.37609841827769,6.9244288224956065,24.639718804920918,14.481546572934976,28.681898066783834,96.69595782073814,52.75922671353252,95.18453427065027,16.836555360281196,17.855887521968366,49.45518453427066,73.00527240773287,36.73110720562391,60.281195079086125,43.40949033391916,75.11423550087873,12.33743409490334,39.08611599297013,59.613356766256594,60.21089630931459,36.59050966608085,57.85588752196837,59.050966608084366,28.717047451669597,22.56590509666081,16.695957820738137,7.205623901581723,21.757469244288227,88.57644991212655,24.49912126537786,55.95782073813709,9.701230228471003,69.06854130052724,52.68892794376099,13.075571177504395
O=C(Cc1ccc(C(=O)O)cc1)NC(Cc1ccc(OCCc2ccccc2)cc1)C(=O)O,gen_00170,447.4870000000002,3.3609000000000018,4,3,4.0,0.41548442840210403,1,112.93000000000002,0,0,0,0.033555098,0.1350098,0.8553604,0.025564563,0.17693207,0.35955137,0.23318002,0.015169931,0.038280517,0.2720747,0.04347331,0.4929645,0.12816036,0.8761226,0.7805464,0.006413286,0.035708338,0.013020979,0.021586573,0.048760507,0.14554879,0.17142884,0.08732579,0.10900662,0.09873823,0.012715951,0.009031131,0.039579563,0.026666027,0.2607603,0.16714226,-5.8204103,8.60961,15.853279,12.383405,-17.86554,2.6879697,-0.6949583,99.70603,-4.3497114,-8.9267845,75.1493848857645,66.6432337434095,48.55887521968366,78.20738137082601,63.44463971880493,35.18453427065027,55.32513181019333,75.46572934973639,47.59226713532514,25.869947275922673,37.188049209138846,9.068541300527242,9.701230228471003,64.74516695957821,39.57820738137083,62.95254833040423,92.93497363796135,77.68014059753955,15.289982425307558,45.026362038664324,35.18453427065027,48.08435852372584,93.42706502636204,57.50439367311073,79.5079086115993,21.93321616871705,34.86818980667839,64.49912126537787,43.58523725834798,51.21265377855888,74.76274165202109,73.14586994727593,93.28646748681899,16.731107205623903,53.919156414762746,43.8664323374341,56.379613356766264,39.08611599297013,51.739894551845346,48.01405975395431,16.520210896309315,38.98066783831283,17.082601054481547,23.97188049209139,40.105448154657296,44.39367311072056,22.284710017574696,65.20210896309315,21.124780316344467,88.43585237258348,25.37785588752197,0.7732864674868191
Cc1cccc(C(O)C(Cc2cccc(OCc3ccccc3)c2)C(=O)O)c1,gen_00179,376.45200000000006,4.550920000000004,3,2,4.0,0.6051776142264282,2,66.76,0,0,0,0.023375422,0.45671096,0.89541376,0.067731634,0.5363553,0.57360166,0.58508515,0.124021605,0.069211304,0.6774719,0.19834499,0.24028778,0.063054524,0.7897797,0.9991121,0.0030408371,0.013293596,0.030228743,0.094316304,0.06714028,0.2023964,0.3185174,0.77811176,0.7491086,0.25207844,0.009830186,0.039137956,0.51374996,0.05166807,0.33247894,0.5546309,-5.1545744,39.314404,22.761427,-16.67335,-12.493788,2.6873405,1.8522221,102.58031,-4.404648,-6.937857,59.89455184534271,84.28822495606327,32.653778558875224,61.37082601054482,63.44463971880493,60.84358523725835,69.84182776801407,44.56942003514939,47.59226713532514,25.869947275922673,37.188049209138846,6.362038664323375,29.771528998242534,77.15289982425308,50.4042179261863,86.57293497363797,99.40246045694201,92.47803163444641,54.09490333919157,54.235500878734626,77.64499121265379,67.48681898066785,66.78383128295255,37.78558875219684,71.59929701230229,57.29349736379614,17.996485061511425,26.46748681898067,55.7469244288225,74.23550087873463,80.84358523725835,83.72583479789104,97.5395430579965,49.84182776801406,87.31107205623903,66.81898066783832,50.72056239015818,67.45166959578208,88.50615114235502,60.98418277680141,25.166959578207383,65.79964850615114,37.926186291739896,56.344463971880494,47.381370826010546,3.0579964850615116,51.03690685413006,65.20210896309315,59.26186291739895,93.00527240773287,24.18277680140598,1.5817223198594026
O=C(O)C(Cc1ccccc1F)Nc1ccc(Cc2ccc(C(F)(F)F)cc2)nn1,gen_00186,419.37800000000004,4.3331000000000035,4,2,4.0,0.5577942754825176,1,75.11,0,0,0,0.053368073,0.35970896,0.93672466,0.044694293,0.34471953,0.52683085,0.39761052,0.10033159,0.040708035,0.66801864,0.31027585,0.29222542,0.14874046,0.9134618,0.9912273,0.010969855,0.034417458,0.048100792,0.108096994,0.035667695,0.11034312,0.22952309,0.71166533,0.5352261,0.24993265,0.024269488,0.019381132,0.27627856,0.08452026,0.19685742,0.45748153,-5.339283,-0.68628997,0.3539955,21.693344,-12.903887,2.9898012,1.0592166,97.64816,-4.18883,-5.202159,69.94727592267137,81.82776801405976,48.55887521968366,61.37082601054482,63.44463971880493,54.55184534270651,55.32513181019333,50.650263620386646,47.59226713532514,25.869947275922673,37.188049209138846,14.200351493848858,22.70650263620387,91.91564147627417,45.659050966608085,77.39894551845343,98.76977152899825,85.69420035149386,47.732864674868196,46.0456942003515,76.52021089630932,74.69244288224957,75.99297012302286,61.82776801405976,84.63971880492092,40.421792618629176,49.84182776801406,62.601054481546576,62.108963093145874,76.2390158172232,67.59226713532514,61.6871704745167,95.43057996485062,44.67486818980668,79.12126537785589,66.67838312829527,67.17047451669596,54.27065026362039,77.89103690685414,70.15817223198594,10.93145869947276,60.421792618629176,29.068541300527244,14.797891036906856,24.710017574692444,60.246045694200355,48.36555360281196,81.47627416520211,46.29173989455185,84.18277680140598,28.330404217926187,3.0579964850615116
O=C(O)Cc1c(C(O)(Cc2ccccc2)c2ccccc2)[nH]c(=O)n1COCc1ccccc1F,gen_00196,476.50400000000025,3.595500000000002,4,3,4.0,0.3245173757016041,1,104.55,0,0,0,0.062801585,0.28287554,0.8300608,0.016936436,0.38354325,0.4414609,0.49677223,0.03874766,0.09570008,0.60482997,0.29354668,0.47559652,0.13250656,0.8555849,0.9662236,0.013791474,0.02258994,0.01569381,0.10072948,0.058513653,0.16261035,0.46309584,0.41253787,0.7214823,0.33086038,0.025609782,0.06306212,0.30396396,0.11338802,0.28591222,0.5461445,-5.4059563,24.16714,21.915619,-25.53808,-15.593454,2.8152392,0.9361906,96.94128,-3.9247737,-7.8740325,79.82425307557118,70.96660808435853,48.55887521968366,78.20738137082601,63.44463971880493,23.33919156414763,55.32513181019333,70.597539543058,47.59226713532514,25.869947275922673,37.188049209138846,17.012302284710017,17.996485061511425,58.066783831282955,35.21968365553603,79.92970123022847,96.80140597539544,89.66608084358525,26.01054481546573,59.71880492091389,68.18980667838314,73.60281195079087,92.30228471001759,58.699472759226715,77.08260105448156,33.04042179261863,56.27416520210897,45.237258347978916,46.115992970123024,75.21968365553603,78.66432337434095,78.06678383128296,99.0158172231986,30.404217926186295,86.18629173989456,72.86467486818981,67.7328646748682,76.69595782073814,79.29701230228471,75.07908611599298,19.332161687170476,65.3427065026362,26.256590509666083,42.81195079086116,46.5377855887522,1.0193321616871707,31.528998242530758,72.65377855887523,44.78031634446398,82.98769771528998,33.77855887521969,1.195079086115993
O=C(O)CNCc1c(-c2ccc(F)cc2)ncn1-c1ccc(F)cc1,gen_00204,343.3330000000001,2.9917000000000016,3,2,4.0,0.722028825617378,0,67.15,0,0,0,0.3269505,0.7558358,0.93588066,0.6538853,0.28667116,0.40635294,0.20210834,0.20814624,0.16277537,0.45393914,0.17253433,0.4641408,0.45347232,0.8824064,0.9819702,0.024190005,0.054196678,0.45843464,0.036181115,0.020629376,0.15226233,0.030491468,0.64069587,0.10883608,0.14063898,0.06688966,0.011055129,0.04233377,0.0763249,0.2869037,0.52807367,-5.1838017,1.3479828,-7.078418,-6.9522867,-13.541933,2.7629793,0.15978494,88.01585,-3.2935715,-4.786313,52.26713532513182,61.195079086115996,32.653778558875224,61.37082601054482,63.44463971880493,78.10193321616872,22.601054481546576,44.8506151142355,47.59226713532514,25.869947275922673,37.188049209138846,62.98769771528999,53.39191564147628,91.66959578207383,85.94024604569421,73.28646748681899,95.50087873462215,75.78207381370827,68.92794376098419,68.68189806678383,50.72056239015818,65.58875219683657,91.77504393673111,90.08787346221442,80.1054481546573,36.62565905096661,70.96660808435853,79.29701230228471,91.84534270650265,58.59402460456943,55.149384885764505,75.21968365553603,73.67311072056239,40.52724077328647,53.88400702987698,52.61862917398946,80.66783831282953,42.95254833040422,52.37258347978911,68.04920913884007,19.507908611599298,64.42882249560633,36.69595782073814,16.063268892794376,16.94200351493849,11.107205623901583,44.39367311072056,69.66608084358525,33.18101933216169,66.22144112478033,46.010544815465735,3.655536028119508
O=C(O)CC(O)CC(O)CCn1cc(-c2ccc(F)cc2)c(-c2ccncc2)c(C2CC2c2ccccc2)c1=O,gen_00210,542.6070000000002,4.964200000000004,5,3,3.0,0.24690385496730494,4,112.65,0,0,0,0.038414367,0.19143887,0.82085884,0.056323875,0.68838817,0.5123839,0.85968125,0.05779026,0.31056467,0.627079,0.7996083,0.45974588,0.2936908,0.9313477,0.978327,0.013076553,0.03186239,0.09732298,0.30456084,0.07501802,0.15043847,0.36769682,0.428099,0.8719986,0.46822053,0.05113878,0.11442666,0.4305819,0.18670678,0.14315188,0.800162,-5.5861306,-7.8220315,-2.5161762,25.910076,-19.340208,3.3037808,1.1710284,92.235275,-4.118361,-0.686981,85.97539543057998,88.2249560632689,61.880492091388405,78.20738137082601,20.0,14.833040421792619,81.28295254833041,74.90333919156416,47.59226713532514,25.869947275922673,37.188049209138846,10.298769771528999,12.829525483304044,55.57117750439368,48.189806678383135,91.45869947275924,98.5237258347979,97.4340949033392,33.145869947275926,77.68014059753955,70.7908611599297,91.35325131810194,91.493848857645,78.6291739894552,87.1353251318102,35.606326889279444,54.48154657293498,59.08611599297013,70.7908611599297,92.40773286467487,82.49560632688929,74.79789103690686,98.17223198594026,31.07205623901582,92.40773286467487,81.82776801405976,77.89103690685414,85.86994727592268,84.92091388400704,83.16344463971882,6.783831282952549,78.87521968365554,22.03866432337434,10.087873462214413,21.61687170474517,65.16695957820738,18.101933216168717,90.43936731107206,47.978910369068544,73.11072056239017,29.736379613356767,28.717047451669597
O=C(O)c1ccc(NC(c2ccccc2)c2ccnc(-c3ccc4c(c3)OCO4)c2)cn1,gen_00228,425.44400000000024,4.772000000000003,6,2,4.0,0.45945144892715106,1,93.57000000000001,0,0,0,0.03217157,0.14389814,0.91058224,0.12203324,0.28454506,0.5197774,0.535648,0.036824264,0.10712705,0.36074352,0.22141552,0.4733861,0.40096125,0.9735792,0.9460225,0.007627327,0.046296563,0.18264055,0.10176947,0.04033127,0.13453184,0.12743504,0.26668817,0.3550586,0.2307812,0.053174686,0.02065081,0.20360827,0.1277302,0.11055887,0.4652719,-5.336717,25.42481,13.237468,36.771282,-15.867966,2.3767633,1.3576665,100.12614,-4.7253904,-3.096519,71.07205623901582,86.67838312829527,72.46045694200352,61.37082601054482,63.44463971880493,41.40597539543058,55.32513181019333,63.8664323374341,47.59226713532514,25.869947275922673,37.188049209138846,8.646748681898067,10.333919156414764,82.7768014059754,58.91036906854131,73.11072056239017,98.69947275922672,90.93145869947277,25.342706502636204,61.6871704745167,42.49560632688928,69.13884007029877,92.23198594024605,86.50263620386644,94.2706502636204,30.544815465729354,39.789103690685415,74.34094903339192,79.78910369068542,75.39543057996485,70.68541300527241,70.68541300527241,90.50966608084359,25.096660808435853,71.66959578207381,65.30755711775045,78.34797891036908,55.67662565905097,74.23550087873463,76.94200351493849,4.288224956063269,60.702987697715294,29.209138840070302,44.04217926186292,37.46924428822496,73.81370826010546,30.087873462214414,45.553602811950796,51.03690685413006,89.20913884007031,18.277680140597543,9.420035149384887
O=C(O)CC1CCC(Cc2ccc3c(c2)OCC3)C(Cc2ccc(C(F)(F)F)cc2)C1O,gen_00232,448.4810000000001,4.903500000000006,3,2,4.0,0.6595812141564095,4,66.76,0,0,0,0.04212185,0.5863212,0.77183735,0.03083922,0.33406934,0.3654046,0.42672476,0.13667369,0.1412259,0.7815801,0.5331001,0.17762147,0.09276761,0.58150876,0.9987236,0.012486791,0.015582738,0.019777909,0.18844008,0.09645542,0.16700405,0.3091213,0.79947716,0.8865323,0.51138145,0.014632961,0.16539915,0.6548077,0.1612093,0.43041164,0.77729726,-5.093091,20.173325,16.611944,12.759204,-11.198916,3.2846153,2.5785742,102.01582,-4.8416443,-2.7504158,75.28998242530757,87.80316344463972,32.653778558875224,61.37082601054482,63.44463971880493,68.50615114235501,81.28295254833041,44.56942003514939,47.59226713532514,25.869947275922673,37.188049209138846,11.107205623901583,39.26186291739895,45.061511423550094,41.335676625659055,76.30931458699473,93.39191564147629,86.88927943760984,58.03163444639719,66.32688927943761,90.68541300527241,83.72583479789104,53.427065026362044,48.7170474516696,59.29701230228471,54.13005272407733,53.39191564147628,31.739894551845346,49.03339191564148,85.37785588752197,86.1511423550088,78.80492091388402,97.3286467486819,51.95079086115994,93.1810193321617,84.14762741652022,58.80492091388401,90.26362038664324,92.68892794376099,80.98418277680142,38.03163444639719,77.3286467486819,40.63268892794377,37.644991212653785,40.73813708260106,45.13181019332162,61.335676625659055,90.01757469244289,72.44288224956064,92.05623901581723,16.801405975395433,11.388400702987699
COc1ccc(C(O)(CC(=O)O)c2cccc(OCc3ccc4ccccc4n3)c2)cc1,gen_00269,429.47200000000015,4.533000000000003,5,2,4.0,0.42773248832919786,1,88.88000000000001,0,0,0,0.08137544,0.23152976,0.9239229,0.08438494,0.4210659,0.60433114,0.6031021,0.10657306,0.04986197,0.6305185,0.30979687,0.36277097,0.18826358,0.94874984,0.9860077,0.011275333,0.04153172,0.12815554,0.1690748,0.067122065,0.17109485,0.37325516,0.5941402,0.73101616,0.30423892,0.0639543,0.042326592,0.43479452,0.14529727,0.19871895,0.52728885,-5.276298,39.218285,22.471958,-15.416769,-14.2501955,2.3405218,1.0784117,100.53733,-4.1107473,-6.850196,72.12653778558875,84.14762741652022,61.880492091388405,61.37082601054482,63.44463971880493,36.76625659050967,55.32513181019333,60.421792618629176,47.59226713532514,25.869947275922673,37.188049209138846,23.09314586994728,15.079086115992972,87.59226713532514,53.145869947275926,82.2847100175747,99.68365553602813,92.89982425307558,49.13884007029878,48.99824253075572,71.14235500878735,74.6572934973638,84.14762741652022,68.36555360281196,90.29876977152901,37.68014059753955,50.50966608084359,70.33391915641477,74.6572934973638,83.55008787346222,80.84358523725835,79.40246045694201,98.27768014059755,37.85588752196837,86.5377855887522,70.75571177504395,80.28119507908612,68.89279437609842,85.0615114235501,79.36731107205624,11.072056239015819,64.32337434094904,31.739894551845346,56.27416520210897,47.1353251318102,3.725834797891037,39.613356766256594,43.374340949033396,46.643233743409496,90.12302284710019,29.876977152899826,1.616871704745167
O=C(O)c1cc(=O)n2[nH]c(-c3ccc(-c4ccccc4)cc3)cc2c1,gen_00324,330.3430000000001,3.6598000000000015,2,2,4.0,0.6018343026490346,0,74.57,0,0,0,0.26303843,0.4148671,0.83621585,0.48675543,0.22507937,0.37173003,0.27462977,0.03406555,0.04177173,0.2571122,0.026291464,0.52121186,0.22691286,0.9832595,0.9685671,0.017031146,0.06400965,0.5477567,0.06486206,0.09850313,0.32601875,0.11894286,0.41802558,0.32368642,0.40137464,0.13826239,0.025132325,0.4683918,0.1415005,0.41835618,0.28741425,-5.177452,13.364202,-1.1892086,37.750816,-15.590088,2.3487942,0.25820786,99.59883,-4.834115,-7.166293,49.13884007029878,71.91564147627417,17.10017574692443,61.37082601054482,63.44463971880493,60.456942003514946,22.601054481546576,49.5079086115993,47.59226713532514,25.869947275922673,37.188049209138846,56.20386643233744,26.713532513181022,59.75395430579965,80.63268892794378,67.59226713532514,93.84885764499123,79.89455184534272,24.534270650263622,46.50263620386644,33.18101933216169,42.95254833040422,94.48154657293499,72.89982425307558,96.37961335676627,33.53251318101933,62.03866432337435,83.69068541300528,94.30579964850617,68.47100175746925,86.46748681898067,91.91564147627417,89.87697715289983,30.650263620386646,69.8066783831283,77.75043936731107,90.08787346221442,59.015817223198596,86.5377855887522,79.05096660808437,36.41476274165203,49.52548330404218,36.90685413005273,29.525483304042183,23.12829525483304,74.6572934973638,31.564147627416524,43.79613356766257,34.059753954305805,88.08435852372584,17.012302284710017,1.4411247803163445
O=C(O)c1ccc(-c2ccc(CCc3nc(CCc4ccccc4)c[nH]3)cc2)[nH]1,gen_00338,385.4669999999999,4.673400000000003,2,3,4.0,0.41204863874940806,0,81.76999999999998,0,0,0,0.06979076,0.30810943,0.8609959,0.2509271,0.36788782,0.45344034,0.45561385,0.13051283,0.33601055,0.50244856,0.20461497,0.4476369,0.35615993,0.7977716,0.9442563,0.012783943,0.03689485,0.15787706,0.14436199,0.08832927,0.1954762,0.20819092,0.42158562,0.4784895,0.26960835,0.04202702,0.04951675,0.25064847,0.106901005,0.26876011,0.6294018,-5.438729,31.97662,19.182465,5.1206064,-15.771597,2.3812797,1.5327488,104.73765,-5.16018,-8.479239,62.03866432337435,85.58875219683657,17.10017574692443,78.20738137082601,63.44463971880493,34.41124780316345,22.601054481546576,55.53602811950791,47.59226713532514,25.869947275922673,37.188049209138846,19.156414762741655,19.789103690685415,66.08084358523726,69.52548330404218,78.87521968365554,97.04745166959579,88.29525483304043,56.379613356766264,79.19156414762742,56.098418277680146,68.2249560632689,90.61511423550088,83.47978910369069,72.12653778558875,30.36906854130053,53.95430579964851,66.01054481546574,77.85588752196837,81.12478031634447,85.13181019332163,82.98769771528998,94.83304042179263,30.896309314586997,76.90685413005274,68.40070298769773,74.72759226713534,72.26713532513182,76.87170474516697,74.34094903339192,17.3286467486819,68.78734622144113,25.51845342706503,50.333919156414765,43.93673110720563,31.247803163444644,30.615114235500883,45.72934973637962,54.13005272407733,95.78207381370827,12.056239015817225,0.8435852372583481
O=C(O)CCCNc1ccccc1Cc1ccc(F)cc1,gen_00345,287.334,3.6932000000000027,2,2,4.0,0.763481572927593,0,49.33,0,1,0,0.121704295,0.7204209,0.86948335,0.26020816,0.30201066,0.5012775,0.25066972,0.25827622,0.25009578,0.5759937,0.112497315,0.33237964,0.2590527,0.535389,0.987559,0.019425277,0.03328526,0.08501041,0.070050254,0.06903811,0.19220391,0.20122309,0.70843333,0.29234117,0.21027759,0.026508868,0.055528603,0.18442757,0.07332508,0.5426587,0.52007866,-4.7228823,45.00104,13.390979,-11.936814,-9.806825,2.338437,1.3654829,92.99298,-3.6596825,-0.3509056,36.62565905096661,72.26713532513182,17.10017574692443,61.37082601054482,63.44463971880493,83.93673110720563,22.601054481546576,30.087873462214414,47.59226713532514,66.52021089630932,37.188049209138846,32.337434094903344,50.22847100175748,68.50615114235501,70.33391915641477,74.41124780316345,98.31282952548331,78.69947275922672,73.91915641476275,74.37609841827769,64.3585237258348,59.824253075571185,81.195079086116,75.81722319859404,57.11775043936731,38.45342706502637,65.13181019332163,60.98418277680141,69.3145869947276,69.42003514938489,81.33567662565906,82.46045694200352,94.58699472759227,44.463971880492096,68.43585237258348,62.7768014059754,68.36555360281196,74.30579964850615,72.72407732864676,67.17047451669596,52.75922671353252,63.90158172231987,64.9560632688928,60.281195079086125,37.609841827768015,6.1862917398945525,72.091388400703,43.16344463971881,51.14235500878735,74.51669595782074,39.19156414762742,32.337434094903344
O=C(O)c1ccc(CNC(O)c2cc(O)n(-c3ccc(Cl)cc3)c2)cc1,gen_00355,372.8080000000001,3.315200000000001,4,4,4.0,0.4978627993641247,1,94.72,0,1,1,0.08373529,0.35611027,0.65077674,0.19774874,0.08487942,0.073314264,0.052074473,0.059016477,0.26168135,0.15778963,0.013474159,0.27368748,0.3184256,0.41182345,0.69881755,0.009093432,0.055119842,0.16031979,0.016592037,0.03478266,0.115853176,0.004787174,0.10882391,0.021871444,0.07250132,0.010845402,0.0049394094,0.041158713,0.02158771,0.26312542,0.3126865,-5.7313895,20.809444,5.7253523,10.674021,-18.721088,2.1313465,-0.017765021,89.194336,-3.8207765,-0.22070113,59.367311072056246,66.11599297012303,48.55887521968366,86.90685413005274,63.44463971880493,46.0456942003515,55.32513181019333,64.2530755711775,47.59226713532514,66.52021089630932,83.09314586994728,23.65553602811951,22.530755711775047,27.135325131810195,65.41300527240774,49.10369068541301,28.892794376098422,55.95782073813709,33.602811950790866,75.46572934973639,22.460456942003518,37.22319859402461,73.0755711775044,80.98418277680142,50.333919156414765,19.578207381370827,44.63971880492092,79.89455184534272,78.10193321616872,47.557117750439375,67.02987697715291,64.3585237258348,44.74516695957821,17.715289982425308,39.156414762741655,35.465729349736385,53.11072056239016,27.803163444639722,52.196836555360285,43.62038664323375,16.766256590509666,51.3884007029877,18.804920913884008,38.4182776801406,29.595782073813712,41.511423550087876,19.68365553602812,30.263620386643236,30.298769771529003,68.08435852372584,35.746924428822496,33.21616871704745
CCc1cc(Cc2cc(C(=O)O)[nH]n2)c2ccc(C)nc2c1O,gen_00358,311.34100000000007,2.8233200000000003,4,3,4.0,0.6878104103245875,0,99.1,0,0,0,0.16839692,0.27619347,0.7858151,0.073563784,0.09163297,0.2492861,0.14525586,0.0241099,0.030865923,0.20036459,0.016560605,0.43397468,0.27904168,0.89453286,0.7487629,0.012885494,0.042308167,0.147364,0.016977131,0.03629909,0.08885722,0.042177413,0.1057899,0.024000674,0.16905436,0.03545313,0.023661051,0.06083689,0.07480243,0.3246583,0.10744375,-5.502953,21.338093,9.113356,-10.674239,-15.795972,2.2244973,-0.11589746,90.78892,-3.3827915,-1.2482574,44.04217926186292,58.558875219683664,48.55887521968366,78.20738137082601,63.44463971880493,73.04042179261863,22.601054481546576,66.99472759226714,47.59226713532514,25.869947275922673,37.188049209138846,40.91388400702988,17.539543057996486,47.873462214411255,51.21265377855888,50.43936731107206,79.75395430579965,71.21265377855889,19.82425307557118,41.37082601054482,26.713532513181022,38.73462214411248,89.77152899824254,77.5395430579965,82.10896309314587,20.984182776801408,54.09490333919157,71.0017574692443,77.01230228471002,48.01405975395431,68.18980667838314,50.4042179261863,77.96133567662567,17.504393673110723,39.89455184534271,57.53954305799649,72.16168717047452,58.101933216168725,57.36379613356767,67.66256590509667,24.3585237258348,32.23198594024605,23.72583479789104,39.156414762741655,32.653778558875224,7.627416520210897,30.509666080843587,36.41476274165203,28.681898066783834,70.896309314587,44.3585237258348,24.04217926186292
O=C(O)c1ccc(Cn2cc(C(=O)O)c(Nc3ccccc3)c2O)s1,gen_00408,358.37500000000006,3.4435000000000016,5,4,4.0,0.5369512062865509,0,111.79,0,0,0,0.102843665,0.14058965,0.6726398,0.07064916,0.12225362,0.16121528,0.23389764,0.006512426,0.028401535,0.12041251,0.014422478,0.53785884,0.192933,0.9200905,0.52328265,0.0039992654,0.037353046,0.18126975,0.009520048,0.04106439,0.10281561,0.02411361,0.035734776,0.017123148,0.1637179,0.02495863,0.013046401,0.06001983,0.03834272,0.3728065,0.0850667,-5.566903,12.752884,5.883063,13.967361,-16.855625,2.0675383,-1.6638069,89.91809,-3.1414783,-0.2580021,55.465729349736385,68.2249560632689,61.880492091388405,86.90685413005274,63.44463971880493,51.247803163444644,22.601054481546576,74.58699472759227,47.59226713532514,25.869947275922673,37.188049209138846,28.119507908611602,10.193321616871705,29.595782073813712,50.82601054481547,55.53602811950791,60.00000000000001,77.68014059753955,10.650263620386644,40.49209138840071,18.312829525483306,37.78558875219684,94.86818980667839,69.13884007029877,85.69420035149386,15.85237258347979,22.56590509666081,66.5377855887522,79.64850615114236,39.43760984182777,70.96660808435853,58.31282952548331,70.68541300527241,12.267135325131811,37.25834797891037,56.73110720562391,67.45166959578208,46.151142355008794,57.08260105448155,55.39543057996485,30.474516695957824,29.771528998242534,22.31985940246046,28.892794376098422,29.806678383128297,47.34622144112478,26.22144112478032,26.60808435852373,10.966608084358525,69.38488576449913,49.560632688927946,32.970123022847105
O=C(O)c1cccnc1Nc1cccc(C(F)(F)F)c1,gen_00417,282.221,3.542200000000001,3,2,4.0,0.9034245288795607,0,62.22,0,0,0,0.07351944,0.46598125,0.9213543,0.47391915,0.21780331,0.41827893,0.22102396,0.07733346,0.060875446,0.3218723,0.02897118,0.37522623,0.22682872,0.9247093,0.9888199,0.008718172,0.03782188,0.35049707,0.04724448,0.048636585,0.18337376,0.055122115,0.58586687,0.1142298,0.21265979,0.05125445,0.019299975,0.3086238,0.08549048,0.2704508,0.24933103,-4.8109226,20.51363,2.39808,15.723727,-10.312912,2.3772683,1.0080206,94.273476,-4.042105,-1.0637653,35.32513181019333,69.94727592267137,32.653778558875224,61.37082601054482,63.44463971880493,99.22671353251319,22.601054481546576,40.03514938488577,47.59226713532514,25.869947275922673,37.188049209138846,20.351493848857647,30.36906854130053,86.5377855887522,80.21089630931459,67.02987697715291,95.85237258347979,76.94200351493849,40.49209138840071,52.26713532513182,39.43760984182777,43.93673110720563,85.48330404217927,72.89982425307558,86.29173989455185,38.840070298769774,43.30404217926187,66.92442882249561,88.96309314586996,62.425307557117755,74.76274165202109,81.26537785588754,81.37082601054482,37.644991212653785,54.41124780316345,63.12829525483305,77.9261862917399,54.20035149384886,79.43760984182778,70.26362038664324,17.574692442882252,46.25659050966608,58.34797891036907,38.242530755711776,26.5377855887522,50.36906854130053,68.01405975395431,45.58875219683656,45.553602811950796,77.15289982425308,31.599297012302287,25.06151142355009
O=C(O)C(c1cc(Cl)cc(Cl)c1)C(O)c1ccccc1C(F)(F)F,gen_00437,379.16100000000006,4.914000000000003,2,2,4.0,0.7935549287536131,2,57.53,0,0,0,0.015301226,0.363029,0.8988538,0.095612824,0.22855541,0.47277078,0.23748598,0.054560088,0.04473034,0.47373122,0.02975433,0.36556357,0.055532753,0.77858067,0.98593295,0.005147457,0.014827172,0.016359482,0.057695247,0.06532618,0.12211026,0.3028735,0.57147706,0.13024099,0.20134854,0.007857004,0.054418616,0.2559748,0.10444562,0.3676935,0.19316292,-4.8799887,-3.2050712,-11.902119,63.206337,-11.120011,3.4038715,2.13226,96.20382,-4.3646517,2.6905856,60.49209138840071,87.83831282952549,17.10017574692443,61.37082601054482,63.44463971880493,88.18980667838314,69.84182776801407,36.063268892794376,47.59226713532514,25.869947275922673,37.188049209138846,4.007029876977153,22.81195079086116,78.31282952548331,54.833040421792624,68.04920913884007,97.75043936731107,77.82073813708261,31.77504393673111,47.45166959578208,52.86467486818981,44.11247803163445,84.42882249560634,34.44639718804921,70.82601054481547,37.609841827768015,28.787346221441126,30.017574692442885,46.5377855887522,66.57293497363797,80.42179261862918,66.92442882249561,97.25834797891038,36.836555360281196,56.13356766256591,61.75746924428823,46.0456942003515,74.0597539543058,77.01230228471002,74.0597539543058,29.841827768014063,41.6871704745167,53.95430579964851,12.970123022847101,13.49736379613357,87.17047451669596,61.6871704745167,93.04042179261863,64.63971880492092,81.15992970123024,25.06151142355009,60.38664323374341
O=C(O)c1ccc(-c2cc3cc(C4(O)CCC(=O)c5ccccc54)ccc3[nH]2)cc1,gen_00440,397.43,4.745500000000003,3,3,4.0,0.4654753296540449,1,90.38999999999999,0,0,0,0.35624483,0.2229602,0.79344475,0.23369038,0.2092057,0.28718615,0.26860398,0.03795784,0.047066648,0.33576617,0.0416078,0.3686346,0.22081117,0.9579695,0.9564554,0.025710788,0.06677331,0.34938428,0.09207209,0.1277705,0.32639712,0.108428955,0.32074624,0.3402344,0.32953683,0.121641144,0.034522444,0.4395795,0.17151752,0.43802327,0.36562735,-5.2918158,23.898172,15.109059,44.15804,-17.387745,2.5453143,1.4192988,102.58501,-5.4754486,-6.462532,64.92091388400704,86.46748681898067,32.653778558875224,78.20738137082601,63.44463971880493,42.03866432337434,55.32513181019333,61.511423550087876,47.59226713532514,25.869947275922673,37.188049209138846,66.22144112478033,14.762741652021091,49.384885764499124,68.33040421792619,66.29173989455185,85.79964850615114,79.7188049209139,25.799648506151144,48.1195079086116,40.52724077328647,47.521968365553604,84.78031634446398,72.33743409490334,91.56414762741653,31.423550087873465,71.9859402460457,84.78031634446398,88.85764499121267,74.0597539543058,89.13884007029878,91.91564147627417,88.96309314586996,26.959578207381373,70.7908611599297,72.79437609841828,88.54130052724078,64.32337434094904,85.16695957820738,81.93321616871705,38.94551845342707,55.57117750439368,31.107205623901585,42.49560632688928,39.29701230228471,78.4182776801406,24.007029876977153,56.239015817223205,51.91564147627417,93.00527240773287,8.752196836555362,1.7574692442882252
O=C(O)C(Cc1ccc(-n2cccn2)cc1)Nc1ccccc1,gen_00447,307.35300000000007,2.980100000000001,3,2,4.0,0.734472485075767,1,67.14999999999999,0,0,0,0.06067521,0.45579657,0.91491747,0.09418553,0.26602927,0.5155202,0.2581253,0.09866629,0.07077735,0.37789693,0.07648449,0.32013163,0.25854534,0.84008694,0.98340684,0.009417717,0.036071453,0.124343656,0.043692373,0.03658618,0.1528681,0.083335154,0.42505878,0.1484662,0.1123441,0.027429113,0.01798692,0.07700553,0.039866187,0.2367545,0.3080542,-5.4048395,5.8008165,-8.767333,5.09142,-15.552997,2.4587638,0.08764963,90.6963,-3.6227295,-1.6955831,42.741652021089635,61.019332161687174,32.653778558875224,61.37082601054482,63.44463971880493,79.89455184534272,55.32513181019333,44.81546572934974,47.59226713532514,25.869947275922673,37.188049209138846,16.485061511423552,29.771528998242534,84.21792618629175,54.62214411247804,71.45869947275924,98.6291739894552,79.12126537785589,47.416520210896316,54.55184534270651,44.07732864674868,54.516695957820744,79.54305799648508,75.7469244288225,75.78207381370827,36.871704745166966,45.62390158172232,65.02636203866433,74.02460456942003,61.15992970123023,68.57644991212655,75.39543057996485,85.90509666080844,31.00175746924429,57.85588752196837,47.45166959578208,68.78734622144113,52.68892794376099,60.562390158172235,56.098418277680146,14.516695957820739,51.00175746924429,26.432337434094904,20.738137082601057,15.887521968365554,31.247803163444644,31.739894551845346,51.3884007029877,32.196836555360285,70.61511423550088,39.789103690685415,19.894551845342708
O=C(O)C(Cc1ccccc1)n1c(O)c2c(c1O)CC=CC2,gen_00453,299.3260000000001,2.4225000000000003,3,3,4.0,0.7571820311735364,1,82.69,0,1,0,0.058759797,0.38483983,0.82840663,0.173457,0.28495288,0.37757108,0.30069008,0.043619372,0.057969283,0.3341299,0.05674536,0.28087232,0.06285696,0.63963854,0.9834148,0.008092302,0.02107531,0.05997736,0.032910652,0.09032023,0.20229545,0.14684685,0.43309513,0.07187367,0.17939797,0.023842338,0.059960343,0.18149102,0.056216575,0.48067766,0.15186295,-5.420063,21.600601,12.550919,-32.083138,-14.3135395,2.6202593,0.319425,81.35503,-2.803149,-3.2901864,40.14059753954306,50.896309314587,32.653778558875224,78.20738137082601,63.44463971880493,83.23374340949034,55.32513181019333,55.95782073813709,47.59226713532514,66.52021089630932,37.188049209138846,15.992970123022848,24.28822495606327,57.53954305799649,63.198594024604574,73.14586994727593,94.13005272407733,81.0896309314587,28.049209138840073,51.564147627416524,40.421792618629176,51.35325131810194,74.34094903339192,37.750439367311074,62.35500878734623,36.871704745166966,41.26537785588753,42.70650263620387,65.30755711775045,57.012302284710024,85.41300527240774,83.72583479789104,91.84534270650265,31.247803163444644,49.560632688927946,58.94551845342707,66.92442882249561,75.85237258347979,72.40773286467487,62.07381370826011,44.3585237258348,37.644991212653785,25.940246045694202,39.613356766256594,36.62565905096661,0.351493848857645,39.12126537785589,61.37082601054482,35.008787346221446,57.188049209138846,56.098418277680146,8.365553602811952
O=C(O)CNC1Cc2cc(C(=O)O)ccc2C1c1ccc(Cl)c(Cl)c1,gen_00457,380.2270000000001,3.4224000000000014,3,3,4.0,0.7401398372731114,2,86.63000000000001,0,0,0,0.18696852,0.39205652,0.7685606,0.46610174,0.37295812,0.2032923,0.3544078,0.039645754,0.27535385,0.24049595,0.09745774,0.5589939,0.3530624,0.7549578,0.5967962,0.015735153,0.055647455,0.18503658,0.029991278,0.043306153,0.12188661,0.038836792,0.12741566,0.03473603,0.14036644,0.031131268,0.011475118,0.04014612,0.058321018,0.32524142,0.3008125,-5.586672,-9.010492,-9.663027,28.506443,-17.964518,2.7484949,-0.8515903,91.78459,-3.8531716,-2.5750203,60.66783831282953,67.83831282952549,32.653778558875224,78.20738137082601,63.44463971880493,80.91388400702988,69.84182776801407,59.03339191564148,47.59226713532514,25.869947275922673,37.188049209138846,44.71001757469244,24.956063268892798,44.39367311072056,79.92970123022847,79.05096660808437,70.57996485061513,84.00702987697716,26.29173989455185,76.09841827768015,31.77504393673111,57.785588752196844,95.74692442882251,83.30404217926187,69.56063268892795,17.117750439367313,60.105448154657296,80.14059753954307,79.85940246045695,55.67662565905097,72.30228471001759,66.88927943760984,76.8365553602812,18.66432337434095,42.63620386643234,52.5834797891037,70.36906854130054,43.72583479789104,51.91564147627417,62.882249560632694,24.463971880492092,50.36906854130053,22.03866432337434,9.490333919156416,15.079086115992972,67.41652021089631,21.652021089630935,68.92794376098419,19.36731107205624,72.44288224956064,35.04393673110721,12.583479789103691
CCCc1cccc(Oc2nc3ccccc3nc2NC(C)C(=O)O)c1OC,gen_00472,381.43200000000013,4.268200000000002,6,2,4.0,0.6016999035093825,1,93.57000000000002,0,0,0,0.09135444,0.37206084,0.8914086,0.38596988,0.5780439,0.5632763,0.70097166,0.14308667,0.120453335,0.56837857,0.284267,0.44434118,0.27047366,0.95584744,0.9816786,0.026471475,0.053680003,0.40411577,0.22493644,0.07691364,0.20134103,0.36467192,0.70231473,0.66103333,0.4406367,0.16161737,0.07809858,0.43546143,0.23105836,0.21224335,0.55150044,-5.1286945,12.633959,7.586644,5.532762,-12.618898,2.726481,0.75163615,97.51887,-3.8314261,-2.2830853,61.019332161687174,81.0896309314587,72.46045694200352,61.37082601054482,63.44463971880493,60.456942003514946,55.32513181019333,63.8664323374341,47.59226713532514,25.869947275922673,37.188049209138846,25.623901581722322,23.33919156414763,75.78207381370827,76.3444639718805,88.04920913884008,99.40246045694201,94.69244288224957,59.12126537785589,63.55008787346222,63.58523725834799,73.04042179261863,90.36906854130054,76.59050966608085,91.07205623901582,36.48506151142355,72.54833040421794,78.87521968365554,90.47451669595783,88.08435852372584,82.8822495606327,83.72583479789104,98.13708260105449,44.21792618629174,83.55008787346222,80.14059753954307,91.70474516695958,80.14059753954307,85.09666080843586,86.67838312829527,12.548330404217927,65.58875219683657,39.332161687170476,28.752196836555363,31.423550087873465,31.845342706502638,50.474516695957824,67.94376098418279,42.35500878734622,84.04217926186293,35.53602811950791,14.973637961335678
O=C(O)c1ccc(-c2cccc(OCc3cccc(C(F)(F)F)c3)c2C(=O)O)[nH]1,gen_00478,405.32800000000003,4.675900000000002,3,3,4.0,0.5532288852755961,0,99.62,0,0,0,0.04835908,0.1772826,0.8984152,0.11999826,0.1862728,0.3700345,0.30310175,0.016694576,0.028002527,0.21799707,0.012112198,0.53339165,0.1304179,0.9595033,0.9294611,0.0037529413,0.025890479,0.08061207,0.024879292,0.042901557,0.12665002,0.102528825,0.17221248,0.08743898,0.1391328,0.019684412,0.009418591,0.13359246,0.051823962,0.2341826,0.12251155,-5.310255,6.8763514,7.215612,43.192036,-13.833499,2.5050335,-0.6359352,101.1025,-4.433481,-5.848172,66.57293497363797,85.62390158172232,32.653778558875224,78.20738137082601,63.44463971880493,54.1652021089631,22.601054481546576,67.59226713532514,47.59226713532514,25.869947275922673,37.188049209138846,12.934973637961336,12.09138840070299,78.17223198594026,58.59402460456943,63.76098418277681,93.74340949033393,81.26537785588754,16.028119507908613,40.45694200351494,28.857644991212656,36.098418277680146,94.72759226713534,58.13708260105449,91.84534270650265,28.681898066783834,21.300527240773288,50.474516695957824,68.85764499121267,53.32161687170475,72.16168717047452,68.40070298769773,88.26010544815466,20.91388400702988,51.423550087873465,52.337434094903344,63.971880492091394,40.03514938488577,68.04920913884007,61.019332161687174,14.340949033391917,33.77855887521969,30.298769771529003,21.968365553602816,31.036906854130056,77.68014059753955,42.63620386643234,54.09490333919157,21.968365553602816,90.72056239015818,23.866432337434098,2.249560632688928
O=C(O)c1ccc2c(=O)n(CCc3ccccc3)c(=O)[nH]c2c1,gen_00509,310.30899999999997,1.6306999999999998,3,2,4.0,0.7658361997074848,0,92.16,0,0,0,0.07695869,0.4509644,0.9006356,0.07707232,0.0754769,0.48740202,0.14545248,0.031388618,0.019529607,0.19588743,0.0077736983,0.52280164,0.15940408,0.95352924,0.9438306,0.009771476,0.046111338,0.07187916,0.013042169,0.022689397,0.1304179,0.0669618,0.22587714,0.07304831,0.098689064,0.025259558,0.010341107,0.045440912,0.040751815,0.3238443,0.094785295,-5.0633116,29.577465,10.044011,-14.513089,-15.412188,2.0347826,-0.21162407,91.66555,-4.291452,-5.943561,43.7609841827768,39.57820738137083,32.653778558875224,61.37082601054482,63.44463971880493,84.25307557117752,22.601054481546576,62.741652021089635,47.59226713532514,25.869947275922673,37.188049209138846,21.757469244288227,29.349736379613358,79.22671353251319,51.91564147627417,47.205623901581724,98.06678383128296,71.21265377855889,23.374340949033392,34.62214411247803,26.326889279437612,32.61862917398946,94.48154657293499,63.79613356766257,90.82601054481547,30.298769771529003,46.85413005272408,74.1652021089631,67.66256590509667,44.18277680140598,57.785588752196844,69.49033391915643,83.58523725834799,23.374340949033392,49.63093145869948,43.8664323374341,67.6274165202109,42.00351493848858,53.5676625659051,56.44991212653779,24.323374340949037,31.00175746924429,41.6871704745167,48.01405975395431,33.5676625659051,4.323374340949034,32.89982425307557,25.13181019332162,27.17047451669596,72.30228471001759,26.5377855887522,2.179261862917399
O=C(O)c1ccccc1CNCc1ccc(Cl)c(Cl)c1,gen_00511,310.17999999999995,3.9814000000000025,2,2,4.0,0.8779450204879184,0,49.33,0,0,0,0.11259109,0.66753066,0.85279083,0.49034494,0.31641024,0.34713596,0.20249179,0.2349048,0.5602817,0.48291522,0.089669965,0.41613778,0.29595968,0.5336138,0.9740604,0.017078616,0.030820314,0.14122026,0.0679528,0.039446183,0.11209242,0.07562347,0.64210284,0.16155638,0.17655173,0.018139964,0.033875674,0.16568193,0.07823258,0.4682792,0.5844661,-4.763007,36.544743,6.946641,7.4574127,-11.103678,2.4158144,0.9659521,87.867516,-3.3287177,2.6124294,43.72583479789104,76.90685413005274,17.10017574692443,61.37082601054482,63.44463971880493,97.57469244288225,22.601054481546576,30.087873462214414,47.59226713532514,25.869947275922673,37.188049209138846,30.298769771529003,45.72934973637962,64.28822495606327,80.8084358523726,75.32513181019333,92.091388400703,75.78207381370827,71.56414762741653,86.88927943760984,53.77855887521969,56.660808435852374,88.68189806678384,78.84007029876977,57.04745166959579,34.376098418277685,62.17926186291741,57.71528998242531,76.59050966608085,69.03339191564149,70.05272407732865,62.46045694200352,84.85061511423551,40.702987697715294,59.050966608084366,58.34797891036907,62.67135325131811,64.11247803163445,71.0017574692443,68.6115992970123,42.7768014059754,66.95957820738138,62.14411247803164,54.376098418277685,30.861159929701234,35.254833040421794,61.75746924428823,48.08435852372584,45.237258347978916,65.97539543057997,45.377855887521974,59.71880492091389
CC(c1cccc(C(=O)O)c1)c1ccc2ccccc2c1O,gen_00561,292.33400000000006,4.395400000000003,2,2,4.0,0.7521164365753359,1,57.53,0,0,0,0.0788755,0.26594424,0.820432,0.36367312,0.28661546,0.37986284,0.33867112,0.054576956,0.070675805,0.3443752,0.03135198,0.3628549,0.08782605,0.8218994,0.984536,0.009110478,0.030740598,0.15024737,0.057896446,0.19682744,0.34629136,0.187963,0.4579299,0.17675453,0.28834945,0.048842013,0.053898774,0.49624485,0.10289228,0.492886,0.23925462,-4.864608,46.898224,23.23418,-7.337453,-11.599188,2.4559789,1.6100128,101.47324,-4.618491,-5.857476,38.20738137082601,82.42530755711776,17.10017574692443,61.37082601054482,63.44463971880493,82.56590509666081,55.32513181019333,36.063268892794376,47.59226713532514,25.869947275922673,37.188049209138846,22.35500878734622,16.590509666080845,55.43057996485062,75.50087873462215,73.28646748681899,94.23550087873463,82.98769771528998,31.77504393673111,54.55184534270651,41.335676625659055,44.8506151142355,84.14762741652022,47.381370826010546,74.34094903339192,37.01230228471002,44.63971880492092,57.68014059753955,77.11775043936731,66.67838312829527,93.11072056239017,92.68892794376099,94.13005272407733,32.23198594024605,60.140597539543066,69.701230228471,77.15289982425308,73.74340949033393,87.59226713532514,73.81370826010546,45.41300527240774,45.51845342706503,54.93848857644992,61.335676625659055,47.697715289982426,10.685413005272409,57.961335676625666,51.21265377855888,55.289982425307564,91.28295254833041,20.52724077328647,2.249560632688928
O=C(O)c1ccn(CCOc2ccc(C(O)c3cccc(-c4ccccn4)c3)c(Cl)c2)c(=O)c1,gen_00563,476.9160000000002,4.422600000000004,5,2,4.0,0.3900370724001975,1,101.65,0,0,0,0.08230056,0.15060154,0.82062024,0.17009966,0.3808303,0.45667583,0.55877775,0.040083546,0.14276278,0.3738804,0.16342145,0.52955043,0.22040908,0.94575405,0.9200875,0.0178277,0.052277304,0.15111339,0.19894877,0.13267471,0.2493536,0.3088222,0.291362,0.4408384,0.35372105,0.08488594,0.0750127,0.4325419,0.23728207,0.2450484,0.40765887,-5.3878336,31.71374,13.8072,9.097508,-16.689178,2.1266198,0.25579727,95.26698,-3.9931645,-3.4877136,79.82425307557118,82.8822495606327,61.880492091388405,61.37082601054482,63.44463971880493,32.02108963093146,55.32513181019333,69.06854130052724,47.59226713532514,25.869947275922673,37.188049209138846,23.33919156414763,10.755711775043938,55.43057996485062,63.02284710017575,79.6133567662566,97.25834797891038,91.66959578207383,26.643233743409493,66.46748681898067,43.55008787346222,64.88576449912127,94.72759226713534,72.33743409490334,89.87697715289983,27.87346221441125,63.16344463971881,78.13708260105449,77.18804920913885,86.29173989455185,89.59578207381372,87.6274165202109,97.3286467486819,25.940246045694202,75.3602811950791,74.6572934973638,83.83128295254834,79.29701230228471,84.99121265377856,87.1353251318102,15.149384885764501,58.03163444639719,27.17047451669596,50.08787346221442,37.99648506151143,38.10193321616872,26.572934973637963,29.947275922671356,34.059753954305805,79.33216168717048,32.61862917398946,7.521968365553604
O=C(O)C(Cc1ccc(OCc2ccccc2)cc1)OCCCCc1c[nH]cn1,gen_00581,394.47100000000023,4.023900000000003,4,2,4.0,0.45331252839999614,1,84.44000000000001,0,1,0,0.029727796,0.2714972,0.89003325,0.15607694,0.74655175,0.5375152,0.82533467,0.106236376,0.16824055,0.634205,0.6065185,0.29783335,0.17475745,0.9110044,0.997287,0.0065184534,0.01986398,0.15684077,0.25659093,0.060425602,0.14806601,0.2507956,0.6680316,0.6951249,0.3480011,0.030995756,0.07067067,0.36839062,0.08010461,0.18709716,0.59476465,-5.42,42.34776,17.980116,-23.606915,-15.146585,2.2599986,0.95053685,94.58925,-3.5712047,-1.504019,64.53427065026362,77.5395430579965,48.55887521968366,61.37082601054482,63.44463971880493,40.14059753954306,55.32513181019333,57.644991212653785,47.59226713532514,66.52021089630932,37.188049209138846,7.978910369068542,17.012302284710017,75.2548330404218,61.968365553602816,93.04042179261863,99.0158172231986,96.90685413005274,49.068541300527244,69.3145869947276,71.77504393673111,85.79964850615114,76.73110720562391,66.29173989455185,84.18277680140598,48.822495606326896,35.289982425307564,40.105448154657296,77.78558875219684,89.94727592267137,79.33216168717048,73.84885764499121,96.06326889279438,42.03866432337434,85.13181019332163,74.20035149384887,70.26362038664324,78.55887521968366,82.53075571177506,69.13884007029877,10.017574692442883,67.20562390158173,25.940246045694202,58.840070298769774,42.425307557117755,1.335676625659051,34.44639718804921,38.55887521968366,45.026362038664324,77.96133567662567,40.84358523725835,21.898066783831286
CC(Cc1ccc(F)c(C(F)(F)F)c1)C(Cc1cscn1)C(O)C(=O)O,gen_00612,391.386,3.784000000000003,4,2,4.0,0.7049940221900778,3,70.42,0,0,0,0.04556876,0.537332,0.8947977,0.15180995,0.39754492,0.42088518,0.39512667,0.18886852,0.16552424,0.663333,0.47580728,0.29595065,0.19121692,0.6884279,0.989813,0.013938012,0.027394092,0.059957553,0.09079975,0.027556624,0.072530985,0.138429,0.82495946,0.3659256,0.22075197,0.015878808,0.03787387,0.13040367,0.06492902,0.36795372,0.51373005,-5.317425,10.518073,2.8808417,7.0707,-12.208679,2.706004,0.9579546,88.515854,-2.9546766,0.8724597,63.55008787346222,73.81370826010546,48.55887521968366,61.37082601054482,63.44463971880493,75.99297012302286,76.60808435852373,46.99472759226714,47.59226713532514,25.869947275922673,37.188049209138846,12.372583479789105,35.430579964850615,77.01230228471002,61.546572934973646,80.87873462214412,95.92267135325133,85.62390158172232,66.29173989455185,68.96309314586995,75.88752196836556,81.65202108963094,76.37961335676626,68.92794376098419,65.02636203866433,39.64850615114236,56.62565905096661,52.54833040421793,65.27240773286468,73.81370826010546,61.72231985940247,40.91388400702988,91.28295254833041,54.41124780316345,72.091388400703,64.07732864674868,60.38664323374341,66.78383128295255,67.80316344463972,64.74516695957821,29.841827768014063,63.55008787346222,30.017574692442885,26.643233743409493,26.959578207381373,34.692442882249566,53.32161687170475,66.25659050966608,45.13181019332162,67.06502636203867,53.63796133567663,44.32337434094904
O=C(O)C(Oc1cccnc1)C(O)(c1ccccc1)c1cccc(OCc2ccccc2)c1,gen_00624,441.4830000000002,4.428700000000004,5,2,4.0,0.39953637682698734,2,88.88000000000001,0,0,0,0.0075899535,0.14528391,0.924854,0.016423194,0.40748268,0.5799892,0.64049804,0.029392144,0.028981995,0.4693869,0.21593419,0.32097432,0.08936372,0.9521036,0.9962889,0.0024725248,0.017420117,0.024652755,0.08262758,0.041831262,0.13355713,0.27179345,0.3730692,0.58208,0.18615624,0.009398011,0.028532919,0.2654241,0.0491874,0.10379811,0.37836024,-5.3572283,32.48977,21.798168,-8.067763,-13.505511,2.440042,0.6552246,102.164,-4.076136,-6.9404783,74.20035149384887,82.98769771528998,61.880492091388405,61.37082601054482,63.44463971880493,33.00527240773287,69.84182776801407,60.421792618629176,47.59226713532514,25.869947275922673,37.188049209138846,2.0738137082601056,10.404217926186293,88.04920913884008,35.07908611599297,81.47627416520211,99.43760984182778,93.67311072056239,22.42530755711775,40.80843585237259,52.5834797891037,68.92794376098419,79.75395430579965,47.978910369068544,90.68541300527241,46.57293497363796,14.868189806678384,35.67662565905097,52.40773286467487,72.30228471001759,71.59929701230229,70.36906854130054,96.48506151142355,29.068541300527244,80.52724077328648,59.824253075571185,49.98242530755712,61.08963093145871,77.39894551845343,60.07029876977153,3.760984182776802,56.27416520210897,28.189806678383132,50.93145869947276,46.432337434094904,9.771528998242532,44.604569420035155,49.701230228471005,40.98418277680141,92.40773286467487,30.720562390158175,1.5817223198594026
Cc1noc(CCC(O)CC(O)CC(=O)O)c1Cc1ccc(COc2ccccc2)c2ccccc12,gen_00653,489.5680000000002,4.825220000000003,6,3,4.0,0.261324248141979,2,113.02000000000001,0,0,0,0.18572815,0.413413,0.81813926,0.1999036,0.62565905,0.5481002,0.6748973,0.14331226,0.23335251,0.7533632,0.51836354,0.48568612,0.22178173,0.84473354,0.9796958,0.027255017,0.023280282,0.12701409,0.28496042,0.111910835,0.19325235,0.5643563,0.64285356,0.79018444,0.50084627,0.08097951,0.18634719,0.48854637,0.2755457,0.433971,0.7428484,-5.3182707,21.63615,12.286516,6.1967893,-15.59299,3.0683424,1.9272509,101.50398,-4.484146,-3.653399,81.15992970123024,86.95957820738138,72.46045694200352,78.20738137082601,63.44463971880493,16.30931458699473,69.84182776801407,75.53602811950792,47.59226713532514,25.869947275922673,37.188049209138846,44.49912126537786,26.60808435852373,54.72759226713533,65.76449912126539,89.45518453427066,99.22671353251319,94.23550087873463,59.191564147627425,73.46221441124781,87.55711775043937,83.2688927943761,92.9701230228471,72.54833040421794,76.20386643233743,35.887521968365554,73.39191564147627,46.5377855887522,74.55184534270651,91.24780316344464,87.6274165202109,82.56590509666081,99.40246045694201,40.73813708260106,89.10369068541301,83.51493848857646,83.02284710017575,91.24780316344464,87.34622144112478,89.56063268892795,38.45342706502637,74.90333919156416,30.017574692442885,39.68365553602812,36.30931458699473,33.145869947275926,31.528998242530758,84.78031634446398,61.05448154657294,91.31810193321617,22.987697715289986,6.748681898066785
O=C(O)Cc1ccc(CNCc2nc(-c3ccc(C(F)(F)F)cc3)c[nH]2)c(F)c1,gen_00698,407.36699999999996,4.151500000000002,3,3,4.0,0.5144320457753476,0,78.00999999999999,0,0,0,0.22560994,0.39105538,0.8510534,0.36393794,0.29124072,0.2638544,0.27841058,0.17623177,0.32801387,0.46823305,0.3881619,0.3691512,0.51127017,0.768777,0.920323,0.03538911,0.069952056,0.30524197,0.11162355,0.04854703,0.14062938,0.045616366,0.42976135,0.22664133,0.21796021,0.058817614,0.031368274,0.107398584,0.14593211,0.26953632,0.70115477,-5.326797,2.0775094,0.49440652,13.678836,-14.3878765,2.948096,0.95137054,95.53483,-4.354905,-4.020678,67.17047451669596,78.94551845342707,32.653778558875224,78.20738137082601,63.44463971880493,48.2249560632689,22.601054481546576,52.75922671353252,47.59226713532514,25.869947275922673,37.188049209138846,50.966608084358526,24.780316344463973,63.90158172231987,75.50087873462215,73.67311072056239,82.67135325131811,80.03514938488577,64.67486818980669,78.73462214411248,52.513181019332166,78.27768014059755,84.99121265377856,93.00527240773287,70.22847100175747,27.94376098418278,78.10193321616872,85.62390158172232,87.06502636203867,76.66080843585237,74.69244288224957,72.16168717047452,78.84007029876977,31.142355008787348,64.07732864674868,63.8664323374341,79.29701230228471,62.91739894551846,65.30755711775045,79.5079086115993,17.398945518453427,71.95079086115993,29.666080843585238,16.449912126537786,24.780316344463973,46.85413005272408,38.76977152899825,79.75395430579965,45.061511423550094,79.78910369068542,25.27240773286468,5.764499121265378
O=C(O)c1ccc(-c2nc3ccc(-c4ccccc4)nc3[nH]2)cc1,gen_00701,315.33200000000005,3.9901000000000018,3,2,4.0,0.5989128462039373,0,78.87,0,0,0,0.32229334,0.3183675,0.7713531,0.55455685,0.15168408,0.14946103,0.15797499,0.021415327,0.057556577,0.2231723,0.052220963,0.41348872,0.3455786,0.9873012,0.97026885,0.038499393,0.08456417,0.8332199,0.113882944,0.12040831,0.3906616,0.07291486,0.42360553,0.29291013,0.5874732,0.2613725,0.03502558,0.652634,0.2848471,0.39217773,0.3918112,-5.1186514,30.32224,14.706711,25.64595,-14.818596,2.2563705,1.3297873,101.73013,-5.135305,-7.2533464,45.58875219683656,76.90685413005274,32.653778558875224,61.37082601054482,63.44463971880493,59.929701230228474,22.601054481546576,53.32161687170475,47.59226713532514,25.869947275922673,37.188049209138846,62.425307557117755,20.316344463971884,44.99121265377856,82.46045694200352,59.75395430579965,55.57117750439368,72.26713532513182,18.312829525483306,51.493848857645,29.806678383128297,50.4042179261863,88.47100175746925,82.81195079086116,97.50439367311073,33.743409490333924,79.26186291739896,88.85764499121267,98.5237258347979,77.04745166959579,88.47100175746925,93.70826010544816,84.60456942003516,30.931458699472763,68.43585237258348,89.06854130052724,95.88752196836556,64.67486818980669,92.5834797891037,89.77152899824254,32.86467486818981,57.25834797891037,39.64850615114236,48.99824253075572,39.015817223198596,64.85061511423551,36.203866432337435,38.34797891036907,50.61511423550088,91.66959578207383,12.40773286467487,1.4411247803163445
O=C(O)C1CC(C(=O)O)c2cc(-c3ccc(Cl)cc3)n(Cc3ccccc3F)c2N1,gen_00711,428.84700000000015,4.432900000000003,3,3,4.0,0.5587282836994106,2,91.56,0,0,0,0.019338263,0.26900616,0.8772394,0.103323005,0.34544438,0.37340623,0.4146511,0.014672239,0.09390248,0.21919668,0.016310012,0.57282573,0.22704461,0.8891323,0.8348733,0.0022358117,0.026947308,0.047100898,0.019617157,0.038925655,0.12734397,0.1157616,0.08486055,0.081357546,0.10756852,0.010404878,0.0050539873,0.05097723,0.023869867,0.17454694,0.1949359,-5.712346,-28.943151,-17.953587,52.00063,-17.506922,3.354276,-0.4592151,93.53847,-3.7507534,-5.9421053,72.02108963093147,83.05799648506152,32.653778558875224,78.20738137082601,63.44463971880493,54.6572934973638,69.84182776801407,62.35500878734623,47.59226713532514,25.869947275922673,37.188049209138846,5.413005272407734,16.731107205623903,70.57996485061513,56.20386643233744,77.4340949033392,93.95430579964851,86.29173989455185,15.008787346221443,59.332161687170476,28.998242530755714,38.699472759226715,96.20386643233745,72.89982425307558,81.30052724077329,23.690685413005273,13.04042179261863,51.880492091388405,61.792618629173994,49.94727592267136,69.8066783831283,68.64674868189807,89.701230228471,16.485061511423552,50.650263620386646,46.0456942003515,51.9859402460457,28.330404217926187,55.07908611599297,45.41300527240774,9.068541300527242,41.86291739894552,19.191564147627417,3.5149384885764503,9.771528998242532,82.46045694200352,23.690685413005273,91.84534270650265,24.21792618629174,75.67662565905097,37.3286467486819,2.179261862917399
O=C(O)C(CCc1ccc(CCCc2ccccc2)cn1)CC1CCC(O)CC1,gen_00718,395.54300000000023,4.8315000000000055,3,2,4.0,0.6043124955195689,1,70.42,0,0,0,0.026701327,0.6620613,0.7925125,0.015400651,0.15078062,0.34221253,0.22404698,0.22819611,0.23787375,0.67084503,0.23749194,0.18988645,0.17258266,0.37130508,0.99840224,0.005079406,0.014776762,0.009694145,0.079289705,0.047659285,0.11832242,0.12769446,0.79826003,0.7612752,0.24830608,0.0032598856,0.05592028,0.25704598,0.031279497,0.4508752,0.72050077,-5.0859385,61.94747,35.08741,-18.14563,-11.725315,2.2822003,2.1134467,94.734474,-3.927454,-1.520647,64.63971880492092,87.06502636203867,32.653778558875224,61.37082601054482,63.44463971880493,60.702987697715294,55.32513181019333,46.99472759226714,47.59226713532514,25.869947275922673,37.188049209138846,7.029876977152901,45.09666080843586,49.244288224956065,34.76274165202109,59.54305799648507,91.81019332161688,77.22319859402461,71.14235500878735,73.67311072056239,76.80140597539544,70.40421792618629,56.48506151142355,66.08084358523726,48.01405975395431,52.23198594024605,28.365553602811953,29.982425307557122,38.87521968365554,71.66959578207381,74.09490333919157,65.58875219683657,90.50966608084359,51.81019332161688,87.7328646748682,66.6432337434095,31.353251318101936,74.44639718804922,77.04745166959579,51.45869947275923,40.45694200351494,73.53251318101934,40.84358523725835,70.896309314587,58.24253075571178,2.460456942003515,57.188049209138846,39.75395430579965,64.3585237258348,78.27768014059755,33.67311072056239,21.72231985940246
Cc1occc1C(=O)NC(CC(=O)O)Cc1ccccc1,gen_00730,287.315,2.4038200000000005,3,2,4.0,0.8546827617288065,1,79.54,0,0,0,0.07124962,0.55041265,0.9027845,0.007129187,0.06794634,0.43227512,0.048442315,0.055092085,0.014935335,0.28047895,0.016525503,0.3481167,0.13563919,0.6987078,0.97141933,0.012103511,0.03395883,0.011684908,0.0077983933,0.012193179,0.08356381,0.04570862,0.330355,0.038676076,0.047684677,0.006399116,0.008344767,0.0055429046,0.014950735,0.37228388,0.10407903,-5.1314454,10.245839,-2.041896,-15.404165,-13.757006,2.5248413,-0.018540477,77.18722,-2.7165482,-3.1360173,36.62565905096661,50.72056239015818,32.653778558875224,61.37082601054482,63.44463971880493,95.60632688927944,55.32513181019333,53.67311072056239,47.59226713532514,25.869947275922673,37.188049209138846,19.648506151142357,36.62565905096661,80.07029876977154,27.592267135325134,45.41300527240774,96.41476274165203,55.04393673110721,31.985940246045697,30.615114235500883,36.02811950790861,38.73462214411248,82.98769771528998,59.472759226713535,65.83479789103691,33.919156414762746,52.5834797891037,62.00351493848858,42.14411247803164,36.27416520210897,41.0896309314587,47.31107205623902,78.84007029876977,27.24077328646749,43.40949033391916,26.045694200351495,42.63620386643234,37.53954305799649,29.912126537785593,36.37961335676626,30.474516695957824,32.09138840070299,39.22671353251319,26.362038664323375,22.00351493848858,3.725834797891037,43.12829525483304,55.39543057996485,30.298769771529003,53.145869947275926,57.188049209138846,9.173989455184534
O=C(O)c1ccccc1C(=O)NCc1ccc(Cc2ccc(Cl)cc2F)cc1,gen_00758,397.83299999999997,4.698100000000004,2,2,4.0,0.6332905780592241,0,66.39999999999999,0,0,0,0.06501741,0.3364995,0.8645236,0.25647962,0.65922165,0.508468,0.7188234,0.08132328,0.16810843,0.5779498,0.4013229,0.39709577,0.11819424,0.9165087,0.9934112,0.017201068,0.032869607,0.12834431,0.22447014,0.11326592,0.23452623,0.35618037,0.63980025,0.66307324,0.4191211,0.055960584,0.09079262,0.6647059,0.26645413,0.32988682,0.54096246,-4.7003336,44.613914,24.239643,22.721155,-10.650286,2.4566312,2.0774972,100.241844,-4.966138,-3.8739612,65.02636203866433,85.90509666080844,17.10017574692443,61.37082601054482,63.44463971880493,64.4639718804921,22.601054481546576,43.62038664323375,47.59226713532514,25.869947275922673,37.188049209138846,17.926186291739896,21.40597539543058,67.1353251318102,70.15817223198594,90.57996485061513,98.48857644991213,94.97363796133568,41.968365553602816,69.3145869947276,64.63971880492092,78.84007029876977,87.45166959578208,55.43057996485062,85.0615114235501,42.49560632688928,62.284710017574696,60.49209138840071,74.69244288224957,88.08435852372584,87.83831282952549,86.4323374340949,98.03163444639719,40.45694200351494,83.62038664323376,78.69947275922672,78.76977152899825,82.1792618629174,92.86467486818981,88.96309314586996,24.88576449912127,64.9560632688928,66.67838312829527,60.07029876977153,48.506151142355016,61.47627416520211,65.65905096660809,51.247803163444644,63.79613356766257,89.42003514938489,15.043936731107207,6.080843585237259
O=C(O)C(Cc1cccc(C(F)(F)F)c1Cl)NCc1ccccc1,gen_00773,357.759,4.144300000000002,2,2,4.0,0.8163862626034261,1,49.33,0,0,0,0.052069776,0.6475895,0.8966505,0.22132798,0.4280397,0.43323928,0.24374983,0.25851563,0.38449293,0.60426813,0.23485431,0.34626204,0.21457593,0.5501606,0.99582326,0.008562064,0.022205483,0.058537066,0.05658234,0.026548933,0.10597483,0.08048376,0.8272559,0.34523264,0.15709272,0.0074062063,0.022315081,0.12581773,0.035907306,0.4360466,0.59086055,-5.137969,20.54436,8.539252,1.948911,-10.755569,2.6589694,1.2580383,95.41255,-3.671695,-2.2468562,55.36028119507909,78.87521968365554,17.10017574692443,61.37082601054482,63.44463971880493,91.28295254833041,55.32513181019333,30.087873462214414,47.59226713532514,25.869947275922673,37.188049209138846,13.708260105448156,44.11247803163445,77.60984182776802,67.31107205623903,82.49560632688929,96.4499121265378,78.17223198594026,73.95430579964851,80.91388400702988,68.11950790861161,70.22847100175747,82.53075571177506,71.59929701230229,57.57469244288225,45.834797891036914,42.84710017574693,44.56942003514939,64.85061511423551,66.29173989455185,60.84358523725835,59.648506151142364,85.65905096660809,54.76274165202109,71.10720562390159,55.64147627416521,45.026362038664324,57.04745166959579,67.41652021089631,53.88400702987698,38.73462214411248,67.1353251318102,38.87521968365554,38.242530755711776,32.196836555360285,25.4481546572935,64.81546572934974,63.47978910369069,49.279437609841835,79.57820738137083,38.94551845342707,15.079086115992972
O=C(O)c1cc(Cc2ccc(C(=O)O)[nH]c2=O)cc(-c2cccs2)c1,gen_00780,355.37100000000004,3.090600000000001,4,3,4.0,0.6517613344962807,0,107.45999999999998,0,0,0,0.06468717,0.17925042,0.70541537,0.039997764,0.053334545,0.15939376,0.13587968,0.0030099025,0.014152303,0.07434224,0.0024055487,0.5946516,0.18111034,0.9437562,0.45267,0.002530178,0.027079111,0.07512223,0.002751834,0.017162947,0.05998999,0.012543465,0.016931402,0.006861222,0.11247406,0.009398568,0.0051639182,0.015777137,0.020376448,0.3207746,0.028271046,-5.568746,15.377518,7.3441825,25.84097,-18.04237,2.1222184,-1.3907179,98.3134,-4.20054,-5.2557364,54.692442882249566,62.53075571177505,48.55887521968366,78.20738137082601,63.44463971880493,67.17047451669596,22.601054481546576,72.40773286467487,47.59226713532514,25.869947275922673,37.188049209138846,17.820738137082603,12.231985940246046,34.13005272407733,44.25307557117751,40.94903339191565,59.29701230228471,70.26362038664324,7.205623901581723,29.912126537785593,12.196836555360282,23.33919156414763,96.66080843585237,67.20562390158173,89.45518453427066,14.903339191564148,15.184534270650264,52.02108963093146,68.15465729349737,22.31985940246046,50.22847100175748,30.755711775043938,61.61687170474517,9.384885764499122,29.982425307557122,47.48681898066784,49.98242530755712,28.717047451669597,40.0,42.56590509666081,24.04217926186292,17.398945518453427,22.31985940246046,31.634446397188054,31.177504393673114,65.06151142355009,21.511423550087876,29.736379613356767,13.251318101933217,85.48330404217927,28.119507908611602,3.0228471001757473
O=C(O)C(Cc1ccc(-c2cc(=O)n3cn[nH]c3n2)cc1)Nc1ccccc1,gen_00825,375.38800000000003,2.1924,5,3,4.0,0.4762032289134283,1,112.38000000000001,0,0,0,0.060224593,0.23520546,0.8828405,0.025174042,0.036147274,0.33576208,0.116925135,0.010789728,0.011401589,0.14566544,0.015280237,0.3788051,0.3599077,0.98651314,0.8600255,0.0065758624,0.037287466,0.11703739,0.018599272,0.012953721,0.10020747,0.019803476,0.06864068,0.031821314,0.090422474,0.03452152,0.0060073216,0.022342488,0.074261345,0.11189041,0.13632861,-5.993034,-0.105984494,-10.761561,40.110214,-22.582403,2.095399,-0.7630914,92.42375,-4.4760604,-2.4924636,59.648506151142364,47.31107205623902,61.880492091388405,78.20738137082601,63.44463971880493,43.198594024604574,55.32513181019333,74.86818980667839,47.59226713532514,25.869947275922673,37.188049209138846,16.414762741652023,15.184534270650264,72.75922671353251,39.36731107205624,34.797891036906854,91.24780316344464,67.87346221441125,13.42706502636204,26.713532513181022,21.265377855887525,38.13708260105449,85.72934973637962,83.8664323374341,97.39894551845343,24.463971880492092,35.36028119507909,66.4323374340949,73.14586994727593,49.13884007029878,43.057996485061516,56.94200351493849,67.83831282952549,15.184534270650264,41.75746924428823,41.37082601054482,71.81019332161688,31.177504393673114,43.93673110720563,67.38137082601055,4.393673110720563,35.887521968365554,14.13005272407733,15.114235500878737,14.340949033391917,75.81722319859404,12.231985940246046,28.119507908611602,20.351493848857647,73.49736379613357,23.057996485061512,13.286467486818982
O=C(O)c1nnn(Cc2ccccc2)c1C(=O)NCc1ccncc1,gen_00829,337.3390000000001,1.3495999999999995,5,2,4.0,0.7024120730108011,0,109.99999999999999,0,0,0,0.02235423,0.34070507,0.89560974,0.0650356,0.41393527,0.6348518,0.6438206,0.025975903,0.055420995,0.32697278,0.1534119,0.5817349,0.15564713,0.9831753,0.9601372,0.003382758,0.014729306,0.04717119,0.04125061,0.014475015,0.086818926,0.065268144,0.29437304,0.18055204,0.1821267,0.012094046,0.013263735,0.036403697,0.03609716,0.18795827,0.19454822,-5.3632054,9.823369,3.4409466,-13.185537,-14.079982,2.2029548,-0.94695854,78.12987,-2.4888504,-1.065354,50.72056239015818,35.922671353251324,61.880492091388405,61.37082601054482,63.44463971880493,75.53602811950792,22.601054481546576,73.56766256590511,47.59226713532514,25.869947275922673,37.188049209138846,6.115992970123023,21.687170474516698,77.3286467486819,49.94727592267136,81.792618629174,99.82425307557119,93.74340949033393,20.949033391915645,50.61511423550088,39.929701230228474,64.07732864674868,96.3444639718805,63.12829525483305,96.3444639718805,32.16168717047452,19.613356766256594,29.876977152899826,61.792618629173994,60.31634446397189,46.010544815465735,49.244288224956065,83.30404217926187,26.186291739894553,60.49209138840071,59.40246045694201,55.50087873462215,46.39718804920914,50.61511423550088,53.98945518453428,10.017574692442883,41.82776801405976,27.94376098418278,25.69420035149385,27.697715289982426,5.131810193321617,40.80843585237259,34.97363796133568,18.277680140597543,54.059753954305805,61.652021089630935,25.026362038664324
O=C(O)C(Cc1cccc2ccccc12)NC(=O)C(Cc1ccccc1)OC(C(=O)O)c1ccccc1,gen_00840,497.54700000000025,4.4055000000000035,4,3,4.0,0.2830533676224655,3,112.93000000000002,0,0,0,0.06301581,0.20290962,0.88908756,0.026171308,0.29074633,0.4459424,0.31215706,0.012759115,0.02430916,0.2803183,0.035200197,0.6029866,0.13241556,0.9375243,0.86605275,0.0032983355,0.018771637,0.01738217,0.017665366,0.032096997,0.14618383,0.24417531,0.10197995,0.16915426,0.105776116,0.018549178,0.0086803455,0.03245004,0.02379186,0.29596698,0.20073783,-6.032623,-2.7975402,10.923605,24.279888,-18.16745,3.00722,-0.5155437,97.4342,-3.5526848,-7.8594713,82.00351493848858,82.60105448154658,48.55887521968366,78.20738137082601,63.44463971880493,18.172231985940247,76.60808435852373,75.46572934973639,47.59226713532514,25.869947275922673,37.188049209138846,17.047451669595784,13.602811950790862,74.83304042179263,39.85940246045695,73.60281195079087,96.87170474516697,81.72231985940246,14.094903339191566,38.20738137082601,35.95782073813709,45.694200351493855,96.94200351493849,58.66432337434095,88.40070298769773,24.639718804920918,19.156414762741655,38.066783831282955,47.48681898066784,48.43585237258348,65.48330404217927,73.28646748681899,95.81722319859404,17.434094903339194,59.75395430579965,45.48330404217926,63.09314586994728,38.242530755711776,48.75219683655536,45.342706502636204,20.70298769771529,42.39015817223199,13.532513181019333,13.251318101933217,34.72759226713533,63.09314586994728,21.0896309314587,82.1792618629174,23.620386643233747,83.90158172231986,41.23022847100176,1.195079086115993
O=C(O)CCCc1ncccc1-c1ccc(Cc2sc(=O)[nH]c2O)cc1,gen_00848,370.43000000000006,3.2021000000000015,5,3,4.0,0.592492310847917,0,103.27999999999999,0,0,0,0.07778792,0.2833868,0.83810455,0.0773509,0.095418006,0.4134658,0.18437067,0.034617662,0.02703939,0.2237281,0.028993094,0.43857294,0.25407714,0.89336187,0.7940639,0.01773258,0.054370563,0.09152124,0.0294929,0.03864079,0.109486006,0.09266098,0.12932087,0.050035764,0.12859258,0.030694699,0.023841344,0.033036895,0.07571605,0.2890932,0.11803009,-5.620703,12.696971,0.9750309,-13.454165,-17.584366,2.3912337,-0.52029276,88.813545,-3.3692958,-3.6359444,58.523725834797894,64.3585237258348,61.880492091388405,78.20738137082601,63.44463971880493,59.050966608084366,22.601054481546576,69.73637961335677,47.59226713532514,25.869947275922673,37.188049209138846,22.00351493848858,18.066783831282955,59.929701230228474,52.09138840070299,50.82601054481547,95.67662565905097,74.51669595782074,24.639718804920918,39.96485061511424,29.876977152899826,43.93673110720563,89.98242530755712,75.3602811950791,82.03866432337435,22.39015817223199,63.057996485061516,79.33216168717048,70.43936731107206,55.289982425307564,69.701230228471,61.26537785588753,86.99472759226714,18.804920913884008,45.90509666080844,50.43936731107206,70.12302284710019,58.20738137082601,49.13884007029878,67.87346221441125,19.718804920913886,33.391915641476274,21.15992970123023,28.787346221441126,25.20210896309315,4.815465729349737,23.444639718804922,46.326889279437616,23.550087873462218,67.55711775043937,44.53427065026362,6.783831282952549
O=C(Cc1ccc(Cl)cc1)Nc1ccccc1-c1ccc(C(=O)O)cn1,gen_00862,366.80400000000014,4.281400000000003,3,2,4.0,0.705878580184348,0,79.29,0,0,0,0.08604756,0.31007963,0.86750984,0.33107656,0.38373965,0.43616694,0.45421028,0.039938595,0.1096099,0.30462158,0.053202987,0.5394295,0.22202137,0.9593504,0.9549767,0.010374321,0.051909614,0.31989694,0.07660374,0.07754521,0.24415104,0.15976663,0.36681172,0.29361647,0.2874321,0.07243995,0.02734505,0.39645314,0.12228372,0.30077928,0.32508388,-4.999933,14.787565,-0.54052544,29.900269,-13.760508,2.580766,0.8537507,96.725525,-4.587237,-4.311681,57.60984182776802,81.33567662565906,32.653778558875224,61.37082601054482,63.44463971880493,76.09841827768015,22.601054481546576,53.602811950790866,47.59226713532514,25.869947275922673,37.188049209138846,24.147627416520212,19.789103690685415,67.76801405975397,74.23550087873463,79.92970123022847,96.62565905096662,88.26010544815466,26.60808435852373,61.89806678383129,37.961335676625666,50.54481546572936,94.97363796133568,72.54833040421794,91.81019332161688,31.247803163444644,48.40070298769772,77.99648506151144,87.76801405975397,71.0017574692443,82.98769771528998,87.34622144112478,92.5834797891037,28.892794376098422,68.47100175746925,69.66608084358525,81.61687170474518,60.456942003514946,83.65553602811951,76.02811950790861,21.40597539543058,52.196836555360285,45.48330404217926,31.142355008787348,23.760984182776802,68.6115992970123,43.12829525483304,58.76977152899825,43.58523725834798,82.39015817223199,21.0896309314587,4.815465729349737
Cc1ccc(OC(C(=O)O)c2cc(-c3ccc(F)cc3)ccc2O)cc1,gen_00922,352.36100000000005,4.711420000000004,3,2,4.0,0.6976991379696909,1,66.76,0,0,0,0.10719083,0.2979271,0.91244125,0.16305678,0.36326498,0.5135886,0.3770956,0.056848027,0.013574339,0.47074762,0.02942774,0.3241389,0.061856944,0.9517876,0.99474925,0.005438528,0.024378072,0.12669118,0.07564072,0.12594952,0.3131512,0.3376218,0.5872735,0.40871754,0.2804563,0.07333234,0.03806425,0.5582546,0.13858804,0.36943808,0.24842617,-4.950204,30.801098,16.288734,0.9941002,-11.213625,2.8924136,1.6197186,102.76741,-4.4172397,-6.5292206,53.84885764499122,86.01054481546574,32.653778558875224,61.37082601054482,63.44463971880493,74.93848857644991,55.32513181019333,44.56942003514939,47.59226713532514,25.869947275922673,37.188049209138846,28.998242530755714,19.156414762741655,83.30404217926187,62.7768014059754,78.59402460456943,98.59402460456943,85.02636203866433,32.79437609841828,29.173989455184536,52.653778558875224,44.00702987697716,80.21089630931459,37.293497363796135,90.65026362038665,44.04217926186292,29.982425307557122,48.43585237258348,74.48154657293497,70.72056239015818,88.89279437609842,91.21265377855889,97.92618629173991,37.68014059753955,74.0597539543058,69.3145869947276,81.82776801405976,66.85413005272409,89.9121265377856,78.6291739894552,30.193321616871707,46.25659050966608,48.927943760984185,49.384885764499124,40.45694200351494,24.11247803163445,61.12478031634447,77.18804920913885,55.53602811950791,93.28646748681899,24.007029876977153,1.7574692442882252
O=C(O)c1cc(CO)cc(Nc2nc(-c3ccccc3)nc3ccc(F)cc23)c1,gen_00942,389.3860000000001,4.370000000000002,5,3,4.0,0.4691362278405301,0,95.34,0,0,0,0.39131847,0.21683326,0.7516514,0.514483,0.15593731,0.1257079,0.17261913,0.023653438,0.085394055,0.28401858,0.10738782,0.39737982,0.39545766,0.98926747,0.9644972,0.05405094,0.08378854,0.87078476,0.19934411,0.11213827,0.3429888,0.10217068,0.4755466,0.49505585,0.6652169,0.33703202,0.05761844,0.75054854,0.4224767,0.36658397,0.53061223,-5.0951524,34.35485,17.596743,28.72797,-14.385378,2.25347,1.4419582,101.70244,-5.051662,-5.89177,62.882249560632694,82.21441124780317,61.880492091388405,78.20738137082601,63.44463971880493,42.31985940246046,22.601054481546576,64.92091388400704,47.59226713532514,25.869947275922673,37.188049209138846,69.45518453427066,14.481546572934976,41.019332161687174,81.37082601054482,60.21089630931459,48.2249560632689,73.42706502636204,19.578207381370827,57.469244288224964,36.41476274165203,59.191564147627425,87.45166959578208,86.01054481546574,97.82073813708261,32.86467486818981,84.78031634446398,88.7170474516696,98.94551845342707,86.29173989455185,87.66256590509667,92.54833040421794,88.2249560632689,33.11072056239016,77.71528998242532,92.5834797891037,97.22319859402461,75.21968365553603,95.2548330404218,94.48154657293499,29.630931458699475,64.49912126537787,40.52724077328647,52.40773286467487,41.89806678383129,67.6274165202109,38.76977152899825,38.17223198594025,52.5834797891037,91.59929701230229,13.567662565905097,2.2144112478031635
O=C(O)c1ccc(Nc2ccc(Cl)cc2C(F)(F)F)cn1,gen_00947,316.666,4.195600000000001,3,2,4.0,0.890722360678081,0,62.22,0,0,0,0.014544879,0.46785688,0.9402817,0.16239813,0.07416768,0.4711253,0.1039113,0.050992597,0.029384682,0.2246778,0.0023949703,0.46147126,0.15734144,0.92794955,0.97824156,0.0023343624,0.01993944,0.06880682,0.008319404,0.01503587,0.07001337,0.03972561,0.43042618,0.03595238,0.08117169,0.0072453134,0.0052537443,0.062190793,0.020465394,0.21124169,0.097665936,-4.8963118,19.231037,1.3876228,44.744038,-10.929919,2.4780517,1.3758658,97.66849,-4.4060364,0.74842346,46.08084358523726,79.85940246045695,32.653778558875224,61.37082601054482,63.44463971880493,98.5237258347979,22.601054481546576,40.03514938488577,47.59226713532514,25.869947275922673,37.188049209138846,3.760984182776802,30.474516695957824,93.25131810193322,62.7768014059754,46.81898066783832,97.68014059753955,66.25659050966608,30.579964850615116,40.94903339191565,30.052724077328648,23.2688927943761,91.70474516695958,63.30404217926187,86.5377855887522,35.606326889279444,13.778558875219685,40.38664323374341,67.10017574692444,37.3286467486819,46.889279437609844,39.26186291739895,77.08260105448156,31.142355008787348,42.84710017574693,38.91036906854131,44.67486818980668,29.138840070298773,57.785588752196844,42.63620386643234,12.442882249560634,31.282952548330407,52.79437609841828,36.37961335676626,25.623901581722322,78.87521968365554,63.47978910369069,52.61862917398946,51.28295254833041,84.25307557117752,24.18277680140598,43.09314586994728
O=C(O)c1ccnc(CCCCc2ccc3[nH]c(CCCc4ccccc4)nc3c2)n1,gen_00969,414.5090000000001,4.791800000000004,4,2,4.0,0.3640382672207762,0,91.75999999999999,0,1,0,0.021005135,0.33659267,0.89089155,0.2599158,0.46560216,0.5852534,0.6765352,0.10417242,0.28724426,0.4910677,0.25714195,0.56468314,0.3649411,0.9328562,0.95914954,0.014113383,0.038762208,0.16529289,0.15644602,0.054636337,0.14759263,0.2943545,0.49007297,0.530809,0.29374856,0.04260103,0.05069059,0.20756583,0.11493198,0.17268434,0.57215023,-5.5078645,31.676289,21.641602,-1.4728909,-14.805133,2.4546838,1.3116324,101.74635,-4.4616156,-4.564813,68.78734622144113,86.85413005272409,48.55887521968366,61.37082601054482,63.44463971880493,28.506151142355012,22.601054481546576,62.56590509666081,47.59226713532514,66.52021089630932,37.188049209138846,5.869947275922672,21.40597539543058,75.50087873462215,70.33391915641477,83.83128295254834,99.5079086115993,94.2706502636204,48.506151142355016,76.4499121265378,54.86818980667839,71.38840070298771,95.92267135325133,84.28822495606327,87.55711775043937,31.845342706502638,57.188049209138846,68.01405975395431,78.55887521968366,82.46045694200352,77.18804920913885,73.74340949033393,97.15289982425308,33.743409490333924,78.91036906854131,69.98242530755712,74.90333919156416,72.82952548330405,74.34094903339192,75.18453427065027,8.963093145869948,66.4323374340949,23.58523725834798,50.08787346221442,46.25659050966608,19.82425307557118,36.41476274165203,51.17750439367312,50.08787346221442,91.70474516695958,23.304042179261867,4.1124780316344465
O=C(O)c1ccncc1NCc1ccccc1-c1cccnc1,gen_00978,305.337,3.4539000000000017,4,2,4.0,0.7548147915144064,0,75.11,0,0,0,0.046866264,0.31187892,0.9051139,0.51041967,0.4315606,0.32431704,0.44516578,0.05521051,0.26635006,0.32016617,0.6658581,0.2497569,0.316399,0.9364684,0.99908984,0.008162202,0.031653546,0.5159397,0.19775262,0.04459849,0.14803568,0.023848161,0.483813,0.16046734,0.2738982,0.06785905,0.059479795,0.20725624,0.09386287,0.13864778,0.5264396,-5.2304826,28.868402,10.238124,-10.885852,-14.067438,2.104098,0.19557993,88.41986,-3.4890602,-1.8515438,42.1792618629174,68.40070298769773,48.55887521968366,61.37082601054482,63.44463971880493,82.84710017574693,22.601054481546576,50.650263620386646,47.59226713532514,25.869947275922673,37.188049209138846,12.548330404217927,19.964850615114237,80.87873462214412,81.26537785588754,82.56590509666081,90.08787346221442,87.83831282952549,32.02108963093146,75.67662565905097,39.29701230228471,87.31107205623903,68.6115992970123,80.77328646748683,88.29525483304043,57.08260105448155,41.511423550087876,58.80492091388401,93.70826010544816,86.25659050966608,72.9701230228471,73.84885764499121,70.57996485061513,33.49736379613357,58.98066783831283,68.7170474516696,81.01933216168717,75.7469244288225,74.34094903339192,72.23198594024605,6.32688927943761,64.28822495606327,34.16520210896309,47.31107205623902,33.81370826010545,7.451669595782074,40.878734622144115,28.611599297012305,33.427065026362044,66.85413005272409,42.31985940246046,18.769771528998245
O=C(O)c1cc(CCO)n2nc(-c3ccccc3)ccc12,gen_01001,282.29900000000004,2.2343,3,2,4.0,0.7692070442952755,0,74.83,0,0,0,0.15465128,0.39506793,0.88687027,0.07327674,0.09674739,0.39408058,0.12214687,0.030925598,0.017050054,0.19717944,0.004402765,0.4914779,0.16724607,0.93445796,0.9287013,0.011228924,0.03815437,0.116994694,0.018561257,0.033112552,0.14898077,0.08096425,0.19808155,0.062815465,0.1213675,0.03285082,0.012639585,0.06524487,0.043794226,0.3279038,0.10062496,-5.1695585,22.894888,1.2986743,-2.8810728,-13.773852,2.0614142,-0.29569316,88.9858,-3.2063498,-1.1621282,35.36028119507909,48.1195079086116,32.653778558875224,61.37082601054482,63.44463971880493,84.63971880492092,22.601054481546576,50.50966608084359,47.59226713532514,25.869947275922673,37.188049209138846,38.73462214411248,25.166959578207383,73.95430579964851,51.107205623901585,51.31810193321618,95.11423550087875,68.57644991212655,23.19859402460457,32.829525483304046,26.502636203866434,28.119507908611602,93.21616871704747,65.27240773286468,87.97891036906854,28.57644991212654,50.4042179261863,67.38137082601055,73.14586994727593,49.13884007029878,65.79964850615114,74.13005272407733,85.69420035149386,22.214411247803167,48.08435852372584,48.927943760984185,71.21265377855889,45.659050966608085,58.523725834797894,57.85588752196837,24.710017574692444,31.669595782073817,37.188049209138846,41.12478031634447,25.553602811950793,17.434094903339194,42.98769771528999,26.326889279437612,26.045694200351495,67.76801405975397,47.76801405975396,24.60456942003515
O=C(O)CC(Oc1ccccc1)C(=O)NCc1ccc2c(c1)Oc1ccccc1O2,gen_01010,405.4060000000002,4.123100000000003,5,2,4.0,0.4803154412088781,1,94.09,0,0,0,0.13088909,0.62396985,0.8893668,0.28489065,0.6533296,0.6291841,0.607062,0.126201,0.18014051,0.5549735,0.24331672,0.49650392,0.24030569,0.90258884,0.9840654,0.018611997,0.03704422,0.17625745,0.113033794,0.061089743,0.20080042,0.3688352,0.63214725,0.5317235,0.29897976,0.07847259,0.051422376,0.23779471,0.11751658,0.36418527,0.53710485,-4.6011386,-2.0370693,-9.278257,53.1782,-12.477382,3.9960952,2.2604768,102.87119,-5.1473417,-2.3614783,66.60808435852373,78.66432337434095,61.880492091388405,61.37082601054482,63.44463971880493,43.40949033391916,55.32513181019333,64.00702987697716,47.59226713532514,25.869947275922673,37.188049209138846,34.13005272407733,42.108963093145874,75.1493848857645,71.70474516695958,90.43936731107206,99.82425307557119,93.00527240773287,54.692442882249566,70.12302284710019,62.00351493848858,70.75571177504395,93.63796133567664,74.23550087873463,83.12829525483305,36.977152899824254,64.14762741652022,66.18629173989456,79.40246045694201,76.87170474516697,79.54305799648508,83.65553602811951,98.20738137082601,39.96485061511424,78.94551845342707,70.43936731107206,82.70650263620388,73.0755711775044,76.02811950790861,75.64147627416521,29.384885764499124,64.85061511423551,73.91915641476275,13.884007029876978,15.289982425307558,82.81195079086116,51.28295254833041,98.34797891036908,66.67838312829527,93.39191564147629,12.267135325131811,14.551845342706503
O=C(O)c1ccc(-c2cccc(CNC(Cc3ccc(F)cc3)C(=O)O)c2)s1,gen_01013,399.44300000000004,4.037900000000002,4,3,4.0,0.5322524980966796,1,86.63000000000001,0,0,0,0.18278632,0.34942192,0.86538994,0.24108227,0.25692087,0.33033633,0.29095235,0.06751361,0.14184196,0.28669032,0.06612307,0.5066218,0.35975692,0.82856214,0.83396757,0.017064428,0.05283429,0.16824909,0.028591508,0.03804467,0.136616,0.07532962,0.20565493,0.07750482,0.11458603,0.032589547,0.01281772,0.042488627,0.048256237,0.30184507,0.30593127,-5.5632606,9.1962805,9.10432,13.977709,-15.701297,2.6340933,-0.6571361,97.566605,-3.8557782,-5.385289,65.3427065026362,77.68014059753955,48.55887521968366,78.20738137082601,63.44463971880493,50.75571177504394,55.32513181019333,59.03339191564148,47.59226713532514,25.869947275922673,37.188049209138846,43.79613356766257,22.1792618629174,67.34622144112478,68.89279437609842,70.50966608084359,90.68541300527241,80.597539543058,36.555360281195085,66.39718804920915,36.62565905096661,53.04042179261863,93.88400702987698,83.8664323374341,74.97363796133568,23.65553602811951,62.108963093145874,78.45342706502637,78.84007029876977,54.97363796133568,69.45518453427066,71.28295254833041,84.85061511423551,22.42530755711775,50.12302284710018,47.838312829525485,71.07205623901582,45.799648506151144,52.44288224956064,59.57820738137083,21.61687170474517,50.82601054481547,22.35500878734622,24.780316344463973,32.653778558875224,47.381370826010546,30.896309314586997,62.03866432337435,21.581722319859406,84.07732864674868,35.04393673110721,2.81195079086116
O=C(O)c1cccc(C(O)C2CCCCC2CC(=O)c2ccco2)c1,gen_01036,342.391,4.090600000000004,4,2,4.0,0.7720381078470239,3,87.74,0,0,0,0.03242269,0.4111781,0.81450194,0.078322716,0.24383359,0.41240937,0.30849525,0.08668025,0.1830728,0.42160314,0.052002538,0.33358097,0.15858749,0.654586,0.98211956,0.010141181,0.027066346,0.03685697,0.07620238,0.096438676,0.21742363,0.19273856,0.43465558,0.26573384,0.18964353,0.014318226,0.053965427,0.27290136,0.06265919,0.39026722,0.33779445,-5.0546103,37.32475,27.177639,-18.940151,-13.69782,2.5825703,0.9731754,94.6536,-4.297982,-4.0437675,52.16168717047452,78.20738137082601,48.55887521968366,61.37082601054482,63.44463971880493,85.23725834797892,76.60808435852373,59.8066783831283,47.59226713532514,25.869947275922673,37.188049209138846,8.717047451669597,26.432337434094904,53.81370826010545,52.23198594024605,69.3145869947276,95.64147627416521,81.61687170474518,43.79613356766257,70.40421792618629,48.01405975395431,50.4042179261863,81.44112478031636,63.62038664323375,63.057996485061516,36.62565905096661,47.76801405975396,52.02108963093146,58.066783831282955,70.86115992970123,86.1511423550088,85.23725834797892,94.20035149384887,31.247803163444644,66.78383128295255,60.140597539543066,58.34797891036907,73.77855887521969,77.78558875219684,64.00702987697716,32.58347978910369,53.602811950790866,42.108963093145874,54.86818980667839,51.564147627416524,2.3550087873462218,43.40949033391916,58.840070298769774,45.237258347978916,78.13708260105449,26.29173989455185,5.729349736379614
O=C(O)Cc1ccnc(-c2cc(C3(c4ccc(O)cc4)CCC3)ccc2O)c1,gen_01060,375.42400000000015,4.2569000000000035,4,3,4.0,0.6199041988796888,0,90.65,0,0,0,0.08501457,0.087835744,0.67960626,0.1418372,0.27029222,0.19150074,0.35765368,0.019503757,0.101370074,0.3152179,0.12373944,0.20901403,0.13448468,0.75149024,0.94858694,0.012614502,0.049397405,0.109397754,0.10613191,0.3555839,0.5112203,0.08957933,0.17049451,0.14959326,0.326977,0.07201371,0.09857165,0.45055658,0.19067982,0.3736865,0.30269146,-5.493127,22.361952,12.461672,-5.917199,-16.461395,2.8176227,1.2639245,97.07824,-4.2078958,-3.3177993,59.68365553602813,80.84358523725835,48.55887521968366,78.20738137082601,63.44463971880493,62.95254833040423,22.601054481546576,61.66959578207382,47.59226713532514,25.869947275922673,37.188049209138846,23.866432337434098,7.065026362038665,30.474516695957824,60.66783831282953,71.84534270650265,67.83831282952549,84.14762741652022,17.469244288224957,60.52724077328647,38.98066783831283,60.84358523725835,61.26537785588753,59.156414762741655,69.24428822495607,30.720562390158175,53.77855887521969,76.16871704745168,72.30228471001759,76.06326889279438,96.20386643233745,95.60632688927944,86.6432337434095,20.84358523725835,58.101933216168725,72.61862917398946,81.54657293497364,83.62038664323376,85.65905096660809,83.72583479789104,30.544815465729354,50.54481546572936,24.077328646748683,40.77328646748682,36.520210896309315,12.618629173989456,27.451669595782075,72.75922671353251,49.384885764499124,83.23374340949034,27.908611599297014,8.260105448154658
O=C(O)c1nc(CCCc2ccc(-c3ccccc3)cc2)oc1O,gen_01061,323.34800000000007,3.9207000000000023,4,2,4.0,0.718065578087266,0,83.56,0,0,0,0.08241223,0.43484512,0.909304,0.32165363,0.3598502,0.6037296,0.47313443,0.047692012,0.025748491,0.3430833,0.016988382,0.6040515,0.09490914,0.97538245,0.97264415,0.006968344,0.024597034,0.1509873,0.045569785,0.05972565,0.19446042,0.32919362,0.45581883,0.24499245,0.2589611,0.050060354,0.023102593,0.27734452,0.08733626,0.3742205,0.1679385,-5.0496264,33.39837,16.481085,-7.053256,-11.17272,2.5240436,0.5963732,102.683334,-4.038995,-5.4881644,47.416520210896316,75.95782073813709,48.55887521968366,61.37082601054482,63.44463971880493,77.57469244288225,22.601054481546576,57.012302284710024,47.59226713532514,25.869947275922673,37.188049209138846,23.33919156414763,28.084358523725836,82.49560632688929,73.88400702987698,78.45342706502637,99.68365553602813,88.99824253075572,29.384885764499124,39.36731107205624,41.30052724077329,38.91036906854131,96.97715289982426,49.244288224956065,94.76274165202109,34.09490333919157,36.836555360281196,48.787346221441126,77.18804920913885,61.89806678383129,79.05096660808437,82.74165202108964,97.60984182776802,32.196836555360285,65.27240773286468,67.27592267135326,77.68014059753955,57.750439367311074,77.89103690685414,70.82601054481547,30.650263620386646,39.05096660808436,42.49560632688928,51.739894551845346,40.63268892794377,11.00175746924429,61.511423550087876,55.39543057996485,40.14059753954306,93.14586994727593,31.634446397188054,2.671353251318102
O=C(O)c1c(-c2ccncc2)nn2c1NCCC21CC1,gen_01087,270.29200000000003,1.9479999999999997,4,2,4.0,0.87143876276503,0,80.03999999999999,0,0,0,0.02165972,0.5477377,0.91242343,0.037952196,0.11373566,0.42808264,0.18546972,0.07647374,0.055212222,0.2921153,0.029543718,0.24317536,0.28679618,0.82804334,0.9938114,0.007262683,0.02935062,0.043903776,0.02010046,0.014381431,0.074231066,0.021889767,0.41479445,0.048920713,0.075977005,0.009609213,0.010369735,0.025904838,0.021881444,0.15141909,0.175899,-5.1871343,1.6196915,-12.257502,0.5272423,-13.891347,1.9791139,-1.1444584,64.38411,-2.512057,-0.26570272,32.196836555360285,43.90158172231986,48.55887521968366,61.37082601054482,63.44463971880493,97.15289982425308,22.601054481546576,53.84885764499122,47.59226713532514,25.869947275922673,37.188049209138846,5.975395430579965,36.41476274165203,83.30404217926187,43.7609841827768,53.98945518453428,96.2390158172232,74.51669595782074,40.14059753954306,50.57996485061512,36.90685413005273,44.00702987697716,67.45166959578208,78.27768014059755,74.86818980667839,42.95254833040422,38.34797891036907,55.50087873462215,60.52724077328647,50.333919156414765,45.799648506151144,42.24956063268893,69.59578207381371,30.509666080843587,45.659050966608085,37.04745166959579,50.26362038664324,42.00351493848858,45.694200351493855,43.93673110720563,7.627416520210897,39.82425307557118,36.555360281195085,16.168717047451672,13.286467486818982,23.163444639718808,42.1792618629174,22.70650263620387,15.992970123022848,40.38664323374341,61.40597539543059,32.89982425307557
Cc1ccccc1OCC(O)Cn1c2ccccc2c2cc3cc(C(=O)O)ccc3nc21,gen_01097,426.4720000000002,4.789220000000004,4,2,4.0,0.4078526462841175,1,84.58,0,0,0,0.36278397,0.34590852,0.81889945,0.4077425,0.4878398,0.3792131,0.5023991,0.08663441,0.14500086,0.50666475,0.13698725,0.5128617,0.317318,0.9654616,0.9775456,0.053431727,0.05021762,0.5479036,0.3188342,0.134437,0.3367029,0.41109848,0.58321714,0.82665986,0.612626,0.25682893,0.13964786,0.70008147,0.39638552,0.3913116,0.6701071,-5.1645117,27.527155,21.113358,30.520786,-14.794934,2.7671528,1.7655939,105.38497,-5.2150755,-9.881912,71.28295254833041,86.85413005272409,48.55887521968366,61.37082601054482,63.44463971880493,33.919156414762746,55.32513181019333,57.750439367311074,47.59226713532514,25.869947275922673,37.188049209138846,66.74868189806679,21.968365553602816,55.008787346221446,77.64499121265379,84.60456942003516,94.1652021089631,89.9121265377856,43.79613356766257,66.85413005272409,56.8365553602812,62.49560632688929,94.13005272407733,80.87873462214412,93.00527240773287,35.39543057996485,84.67486818980669,76.90685413005274,94.30579964850617,93.14586994727593,89.87697715289983,92.40773286467487,98.59402460456943,37.57469244288225,90.57996485061513,90.26362038664324,95.67662565905097,88.40070298769773,93.74340949033393,93.77855887521969,32.68892794376099,70.75571177504395,37.36379613356767,45.9402460456942,45.799648506151144,68.8224956063269,36.44991212653779,69.9121265377856,57.89103690685413,96.30931458699473,11.458699472759228,0.6326889279437611
Cc1ccc(Cc2cc(O)n(-c3ccc(C(=O)O)cc3)c2)cc1Cl,gen_01109,341.7940000000001,4.433720000000003,2,2,4.0,0.7373453004057676,0,62.46000000000001,0,0,0,0.12795624,0.16147742,0.8112375,0.33464155,0.40587932,0.36334997,0.44972262,0.04907345,0.09912291,0.43072343,0.14102647,0.33991367,0.099083744,0.8894622,0.98554385,0.011677833,0.03595428,0.20538929,0.16031429,0.23371153,0.36224347,0.22027364,0.48880783,0.3758908,0.42254978,0.08768894,0.10467428,0.6946891,0.25739437,0.44778055,0.36575344,-5.0119987,51.71409,27.567327,4.745459,-12.620856,2.2279518,1.6095756,102.43862,-4.8194094,-4.858862,52.02108963093146,83.05799648506152,17.10017574692443,61.37082601054482,63.44463971880493,80.49209138840071,22.601054481546576,40.31634446397189,47.59226713532514,25.869947275922673,37.188049209138846,33.602811950790866,11.24780316344464,53.04042179261863,74.34094903339192,81.40597539543059,93.25131810193322,88.01405975395431,29.736379613356767,60.246045694200355,48.75219683655536,62.91739894551846,82.1792618629174,50.474516695957824,81.30052724077329,37.293497363796135,51.493848857645,64.88576449912127,81.30052724077329,82.91739894551846,94.30579964850617,93.14586994727593,95.07908611599298,33.708260105448154,72.61862917398946,78.76977152899825,84.18277680140598,84.60456942003516,93.63796133567664,88.33040421792619,40.03514938488577,55.57117750439368,44.67486818980668,65.27240773286468,51.91564147627417,30.615114235500883,50.474516695957824,36.59050966608085,55.289982425307564,92.79437609841828,17.082601054481547,3.5500878734622145
Cc1ccc(CNC(=O)Cc2cc(Cl)sc2C(=O)O)cc1,gen_01126,323.80100000000004,3.2670200000000014,3,2,4.0,0.8871356112705031,0,66.4,0,0,0,0.15942371,0.39126328,0.8673192,0.12428486,0.39825502,0.43547335,0.40815625,0.06778927,0.04218393,0.47636876,0.17848289,0.35126436,0.09424664,0.8968484,0.9758291,0.024715947,0.03129941,0.09192459,0.06653361,0.04281955,0.116815075,0.2149801,0.59745073,0.19549385,0.23258105,0.054797985,0.043995284,0.16405079,0.12836832,0.43411312,0.20692857,-4.9338303,30.493275,20.616474,-2.0169506,-11.292386,2.6258209,0.84589255,95.03973,-3.5552795,-1.9261925,47.557117750439375,65.48330404217927,32.653778558875224,61.37082601054482,63.44463971880493,98.27768014059755,22.601054481546576,43.79613356766257,47.59226713532514,25.869947275922673,37.188049209138846,39.26186291739895,24.81546572934974,67.7328646748682,59.12126537785589,80.91388400702988,96.59050966608085,86.0456942003515,36.62565905096661,46.643233743409496,53.11072056239016,66.0456942003515,83.23374340949034,49.10369068541301,82.56590509666081,34.692442882249566,71.38840070298771,58.31282952548331,70.43936731107206,68.8224956063269,72.12653778558875,64.74516695957821,95.04393673110721,38.066783831282955,61.89806678383129,65.41300527240774,78.59402460456943,69.701230228471,70.86115992970123,76.97715289982426,38.45342706502637,42.98769771528999,50.12302284710018,49.13884007029878,45.4481546572935,18.804920913884008,60.702987697715294,61.61687170474517,43.55008787346222,78.91036906854131,41.195079086115996,17.996485061511425
O=C(O)c1ccccc1CNC1CCN(C(=O)OCc2ccc(OC(F)(F)F)cc2)CC1,gen_01140,452.42900000000014,4.1742000000000035,5,2,4.0,0.6556706460227681,0,88.10000000000001,0,0,0,0.080288954,0.5316671,0.8915041,0.05080189,0.20014493,0.31961173,0.16809013,0.12103319,0.22167423,0.48042908,0.058094967,0.3245147,0.36884248,0.719495,0.97341216,0.011401649,0.038520955,0.033021502,0.027727047,0.03300215,0.15180025,0.058509022,0.51960063,0.25990996,0.11756866,0.009255971,0.008570222,0.08711003,0.036578618,0.30935216,0.49984378,-5.106431,20.738636,17.58486,-1.0220267,-11.860084,2.8480964,1.2330363,92.80812,-3.7335134,-0.26403898,76.09841827768015,79.36731107205624,61.880492091388405,61.37082601054482,63.44463971880493,67.97891036906854,22.601054481546576,59.89455184534271,47.59226713532514,25.869947275922673,37.188049209138846,22.847100175746927,35.18453427065027,75.78207381370827,46.99472759226714,65.09666080843586,89.34973637961336,73.0755711775044,53.427065026362044,72.82952548330405,53.63796133567663,51.66959578207382,80.28119507908612,84.49912126537787,67.02987697715291,34.16520210896309,50.650263620386646,67.83831282952549,56.660808435852374,54.692442882249566,65.79964850615114,75.1493848857645,82.00351493848858,34.86818980667839,66.39718804920915,48.40070298769772,49.595782073813716,37.99648506151143,62.46045694200352,54.235500878734626,22.530755711775047,62.81195079086117,40.03514938488577,38.383128295254835,41.82776801405976,20.38664323374341,56.02811950790861,74.76274165202109,48.85764499121266,74.13005272407733,37.644991212653785,32.89982425307557
O=C(O)CNCc1cc2c(Cl)c(-c3ccccc3F)ccc2s1,gen_01160,349.814,4.535000000000002,3,2,4.0,0.710860841889233,0,49.33,0,0,0,0.59259117,0.7690314,0.8735732,0.87116367,0.5082573,0.4150997,0.41224408,0.27607006,0.35378218,0.5811545,0.3113137,0.5780366,0.4324073,0.8629676,0.9665769,0.10321274,0.052341323,0.64467704,0.15351678,0.055314224,0.15872163,0.24287853,0.77932894,0.33831543,0.4321587,0.18408427,0.09055491,0.22398086,0.30178905,0.5278523,0.6703023,-4.8918595,16.174627,5.4725413,13.267619,-12.452377,3.06567,1.2575935,99.7624,-4.4246826,-5.7506,53.53251318101934,84.21792618629175,32.653778558875224,61.37082601054482,63.44463971880493,76.73110720562391,22.601054481546576,30.087873462214414,47.59226713532514,25.869947275922673,37.188049209138846,85.51845342706504,54.235500878734626,69.56063268892795,93.70826010544816,85.62390158172232,95.71177504393674,86.1511423550088,75.18453427065027,79.96485061511424,65.02636203866433,74.79789103690686,96.30931458699473,88.50615114235502,77.96133567662567,33.145869947275926,90.08787346221442,78.13708260105449,95.95782073813709,82.24956063268894,77.29349736379613,77.08260105448156,95.74692442882251,49.98242530755712,70.61511423550088,79.57820738137083,93.11072056239017,82.10896309314587,75.28998242530757,90.61511423550088,50.896309314587,70.75571177504395,53.11072056239016,32.61862917398946,29.384885764499124,46.0456942003515,51.423550087873465,84.67486818980669,49.279437609841835,88.54130052724078,23.90158172231986,2.4956063268892796
O=C(Nc1cc(C(=O)O)nn1-c1ccccc1)c1cccc(-c2ccccc2)c1,gen_01165,383.4070000000001,4.4898000000000025,3,2,4.0,0.5317850889597312,0,84.22,0,0,0,0.07099143,0.38154227,0.9528246,0.23425886,0.1973539,0.6071964,0.37757143,0.020677427,0.009442901,0.22990294,0.0059814686,0.63001645,0.097461715,0.9964303,0.984649,0.002297425,0.024517179,0.24529362,0.020204905,0.022352794,0.17367528,0.12836376,0.3843392,0.29284453,0.17720398,0.034585882,0.0043000584,0.26129955,0.038548477,0.27343848,0.16977137,-5.044197,32.919716,17.153788,25.701822,-13.979886,2.1722817,1.0883123,103.27547,-5.162569,-10.315779,61.40597539543059,83.72583479789104,32.653778558875224,61.37082601054482,63.44463971880493,50.72056239015818,22.601054481546576,57.57469244288225,47.59226713532514,25.869947275922673,37.188049209138846,19.43760984182777,24.147627416520212,96.48506151142355,68.36555360281196,64.71001757469244,99.7188049209139,85.02636203866433,17.996485061511425,24.3585237258348,30.861159929701234,30.861159929701234,97.60984182776802,50.017574692442885,99.40246045694201,37.01230228471002,13.637961335676627,48.68189806678384,84.32337434094904,50.36906854130053,57.434094903339194,79.7188049209139,90.57996485061513,29.455184534270654,68.43585237258348,58.418277680140605,71.81019332161688,24.956063268892798,77.18804920913885,55.465729349736385,17.961335676625662,39.156414762741655,42.7768014059754,51.35325131810194,41.23022847100176,64.88576449912127,41.511423550087876,32.89982425307557,46.748681898066785,94.23550087873463,12.02108963093146,0.6326889279437611
CC1(C2CC(c3ccccc3Cl)Cc3[nH]nc(C(=O)O)c32)CC1,gen_01171,330.8150000000001,4.3750000000000036,2,2,4.0,0.8774986279093129,2,65.98,0,0,0,0.026676899,0.47597218,0.8884474,0.084481575,0.34238085,0.525947,0.41052896,0.094684325,0.11520095,0.5800939,0.040065493,0.38895768,0.115051985,0.8269704,0.9909822,0.0062874286,0.01369936,0.025966924,0.08649667,0.08194168,0.16775066,0.39571485,0.69287074,0.47998872,0.29428193,0.013371587,0.05062727,0.42408395,0.08129042,0.4071916,0.3848928,-4.8632298,13.06354,4.8159018,12.321802,-11.5172825,3.000692,1.5224581,99.4124,-4.737565,-3.1101685,49.279437609841835,82.2847100175747,17.10017574692443,61.37082601054482,63.44463971880493,97.46924428822497,69.84182776801407,43.514938488576455,47.59226713532514,25.869947275922673,37.188049209138846,7.029876977152901,31.00175746924429,74.69244288224957,53.18101933216169,77.18804920913885,98.76977152899825,86.11599297012303,45.72934973637962,62.84710017574693,64.92091388400704,47.100175746924435,86.81898066783832,54.48154657293498,74.83304042179263,40.28119507908612,34.235500878734626,27.592267135325134,53.18101933216169,72.93497363796135,83.8664323374341,78.91036906854131,98.48857644991213,43.58523725834798,76.94200351493849,70.08787346221442,57.04745166959579,72.79437609841828,84.60456942003516,69.34973637961336,34.86818980667839,56.871704745166966,55.04393673110721,29.314586994727595,28.892794376098422,44.32337434094904,58.734622144112485,82.00351493848858,53.95430579964851,87.66256590509667,18.137082601054484,9.279437609841828
Cn1cc(-c2cc(C(F)(F)F)c(C(=O)O)[nH]2)c2ccccc21,gen_01173,308.259,3.8904000000000014,1,2,4.0,0.7543026428103361,0,58.02,0,0,0,0.2823838,0.58624196,0.91649455,0.3102848,0.09459875,0.36409622,0.08395238,0.08716653,0.03354628,0.33176047,0.013302403,0.39728817,0.26030812,0.9141914,0.9803871,0.01723728,0.030838331,0.28980023,0.030390045,0.03307426,0.13740703,0.0716991,0.5455264,0.0921302,0.20499043,0.055471353,0.023631256,0.14984716,0.11185324,0.3922167,0.20148101,-4.9158187,21.407022,9.924009,31.469433,-11.240504,2.5693698,1.5122769,98.07405,-4.411246,-2.244709,43.02284710017575,75.43057996485062,6.854130052724078,61.37082601054482,63.44463971880493,82.81195079086116,22.601054481546576,36.520210896309315,47.59226713532514,25.869947275922673,37.188049209138846,58.277680140597546,39.26186291739895,84.92091388400704,72.9701230228471,50.790861159929705,93.32161687170475,63.23374340949034,43.8664323374341,42.84710017574693,40.21089630931459,37.01230228471002,87.45166959578208,75.92267135325133,84.78031634446398,36.098418277680146,62.284710017574696,57.71528998242531,86.46748681898067,55.81722319859403,65.79964850615114,71.66959578207381,84.39367311072057,35.922671353251324,52.056239015817226,62.108963093145874,78.73462214411248,58.101933216168725,69.66608084358525,74.97363796133568,32.86467486818981,42.46045694200352,51.564147627416524,39.26186291739895,33.53251318101933,69.52548330404218,61.019332161687174,57.961335676625666,53.67311072056239,85.09666080843586,24.11247803163445,15.114235500878737
O=C(O)COc1[nH]nc2ccc(Cc3cccc(C(F)(F)F)c3)cc12,gen_01193,350.29600000000005,3.635900000000002,3,2,4.0,0.7367165843848401,0,75.21000000000001,0,0,0,0.06309563,0.43360347,0.9389614,0.15900016,0.22287741,0.5724374,0.2991628,0.10075615,0.037014417,0.46906552,0.09313142,0.35759243,0.20116055,0.9223877,0.98018265,0.013212131,0.041085433,0.0835507,0.070546396,0.035480283,0.12101861,0.18410169,0.60557187,0.23573789,0.18072926,0.03330285,0.022450916,0.11658474,0.0847918,0.2568915,0.25866917,-5.1290846,12.015352,5.3196673,23.391323,-11.292797,2.6617858,0.6538159,100.19437,-4.1593103,-3.585807,53.53251318101934,71.52899824253076,32.653778558875224,61.37082601054482,63.44463971880493,80.38664323374341,22.601054481546576,50.68541300527241,47.59226713532514,25.869947275922673,37.188049209138846,17.082601054481547,28.084358523725836,92.86467486818981,62.319859402460466,67.45166959578208,99.40246045694201,80.98418277680142,47.80316344463972,44.463971880492096,52.5834797891037,57.08260105448155,83.69068541300528,70.12302284710019,85.94024604569421,35.99297012302285,54.97363796133568,70.01757469244289,69.13884007029877,69.42003514938489,67.45166959578208,66.6432337434095,93.95430579964851,38.59402460456943,64.60456942003516,59.22671353251319,71.35325131810194,57.188049209138846,66.36203866432338,70.15817223198594,16.168717047451672,47.31107205623902,39.29701230228471,27.94376098418278,29.103690685413007,62.07381370826011,60.702987697715294,63.58523725834799,40.98418277680141,89.3145869947276,29.068541300527244,6.889279437609843
Cc1cc(OCCC(C)(C)C)ccc1Cc1ccc(CC(CO)C(=O)O)cc1,gen_01202,384.51600000000013,4.636420000000005,3,2,4.0,0.6610699613382104,1,66.76,0,0,0,0.05632203,0.41377825,0.8336452,0.06759125,0.1848549,0.402327,0.25319308,0.2540657,0.08088814,0.8178545,0.33240265,0.2578469,0.11998417,0.54345125,0.9893371,0.009800131,0.010858521,0.022174323,0.16588141,0.10480557,0.14429429,0.32910407,0.8424942,0.748365,0.4293754,0.012751254,0.1520516,0.5019256,0.13859132,0.53404695,0.69647884,-4.9553103,58.523804,41.985516,5.537193,-9.97551,2.611197,2.5808182,104.92839,-4.954559,-2.0112605,61.792618629173994,85.23725834797892,32.653778558875224,61.37082601054482,63.44463971880493,68.7170474516696,55.32513181019333,44.56942003514939,47.59226713532514,25.869947275922673,37.188049209138846,15.184534270650264,26.60808435852373,58.98066783831283,50.4042179261863,63.58523725834799,95.39543057996485,78.73462214411248,73.39191564147627,56.48506151142355,94.79789103690686,75.81722319859404,70.12302284710019,55.782073813708266,57.469244288224964,39.29701230228471,46.924428822495614,20.246045694200355,50.790861159929705,83.2688927943761,87.06502636203867,73.00527240773287,97.60984182776802,56.62565905096661,87.2407732864675,79.43760984182778,56.41476274165203,89.24428822495607,87.87346221441126,78.6291739894552,51.66959578207382,71.81019332161688,48.646748681898075,69.59578207381371,63.16344463971881,31.845342706502638,71.03690685413005,60.878734622144115,72.47803163444641,95.88752196836556,15.149384885764501,17.223198594024606
O=C(O)c1ccc(OCC(O)CN2CCC(Cc3ccccc3)CC2)cc1,gen_01236,369.46100000000007,3.079200000000002,4,2,4.0,0.7483230533161455,1,70.0,0,0,0,0.023686234,0.7462815,0.7448623,0.05799406,0.10431568,0.18608144,0.060801826,0.23549888,0.6085799,0.39348084,0.011431238,0.26676056,0.32197356,0.16472057,0.9456436,0.00518398,0.023699721,0.012160446,0.02192863,0.037180632,0.16587064,0.02512593,0.42032498,0.26207957,0.09334104,0.0017712824,0.009119878,0.07208044,0.0091795465,0.46941486,0.6527977,-5.3056107,24.252234,6.978724,-11.146059,-14.001848,2.3793483,0.26469347,85.5797,-3.5286095,-0.51224834,58.277680140597546,62.319859402460466,48.55887521968366,61.37082601054482,63.44463971880493,82.00351493848858,55.32513181019333,46.67838312829526,47.59226713532514,25.869947275922673,37.188049209138846,6.4323374340949035,52.68892794376099,40.105448154657296,48.54130052724078,52.54833040421793,66.81898066783832,58.101933216168725,71.70474516695958,87.90861159929702,45.51845342706503,35.50087873462215,72.16168717047452,81.195079086116,30.052724077328648,30.474516695957824,28.96309314586995,47.34622144112478,42.53075571177505,51.564147627416524,68.99824253075572,78.55887521968366,70.96660808435853,30.790861159929705,66.57293497363797,42.1792618629174,22.530755711775047,39.332161687170476,59.75395430579965,28.57644991212654,43.02284710017575,70.08787346221442,30.579964850615116,42.882249560632694,30.896309314586997,7.135325131810194,41.335676625659055,45.58875219683656,34.09490333919157,62.00351493848858,41.61687170474517,30.544815465729354
COc1ccc(C2CCc3c(cc(C)c(C(Cc4ccc5c(c4)OCO5)C(=O)O)c3O)O2)cc1,gen_01252,462.4980000000002,4.915120000000005,6,2,4.0,0.5372067033306481,2,94.45000000000002,0,0,0,0.03680903,0.19510047,0.86101454,0.065057024,0.6618008,0.41121283,0.7311528,0.07112338,0.1218522,0.69525915,0.6594373,0.19150104,0.10036912,0.90197116,0.9983492,0.007788468,0.021273743,0.10975884,0.31814337,0.09898825,0.19807462,0.36185792,0.664128,0.8827566,0.5532334,0.045929782,0.1668123,0.75616705,0.31855673,0.19347209,0.69768316,-5.0744805,25.021723,24.442171,1.5266224,-13.98941,3.4481368,2.2553997,102.96565,-4.76232,-6.062045,77.68014059753955,87.83831282952549,72.46045694200352,61.37082601054482,63.44463971880493,51.35325131810194,69.84182776801407,64.21792618629175,47.59226713532514,25.869947275922673,37.188049209138846,9.701230228471003,13.005272407732866,66.08084358523726,49.94727592267136,90.65026362038665,95.60632688927944,95.28998242530757,37.99648506151143,63.65553602811951,79.96485061511424,87.20562390158173,56.80140597539543,50.86115992970124,83.05799648506152,52.02108963093146,40.52724077328647,42.91739894551846,72.37258347978911,93.0755711775044,86.5377855887522,83.3743409490334,98.06678383128296,41.82776801405976,92.89982425307558,86.95957820738138,76.02811950790861,90.36906854130054,95.39543057996485,91.17750439367312,10.685413005272409,71.81019332161688,41.195079086115996,43.62038664323375,48.75219683655536,24.850615114235502,41.44112478031635,93.63796133567664,66.57293497363797,93.49736379613357,17.926186291739896,2.1441124780316345
COCCn1cc(C(O)NC(Cc2ccc(-c3ccccc3)cc2)C(=O)O)cc1O,gen_01267,410.4700000000001,2.7835000000000005,5,4,4.0,0.38335486027461696,2,103.95,0,1,1,0.13488999,0.30671138,0.78407866,0.13384123,0.17363635,0.16894817,0.1327255,0.12749863,0.17297275,0.32225955,0.14850011,0.25125128,0.27497578,0.50317514,0.79958075,0.017217688,0.06857991,0.12387393,0.027873453,0.04238987,0.15074734,0.015519318,0.22643442,0.09908807,0.077562556,0.017706694,0.008222115,0.032825463,0.02529023,0.28856397,0.4928336,-6.0943313,17.362343,16.383862,-12.200293,-20.327158,2.4409425,0.28956965,84.72195,-3.2160537,-2.4369454,67.80316344463972,58.101933216168725,61.880492091388405,86.90685413005274,63.44463971880493,30.931458699472763,69.84182776801407,70.08787346221442,47.59226713532514,66.52021089630932,83.09314586994728,34.97363796133568,19.648506151142357,47.48681898066784,59.824253075571185,62.35500878734623,62.24956063268893,70.05272407732865,55.50087873462215,69.73637961335677,39.43760984182777,63.58523725834799,68.8224956063269,77.15289982425308,55.85237258347979,22.601054481546576,62.284710017574696,85.30755711775045,73.98945518453428,54.72759226713533,71.9859402460457,74.79789103690686,64.42882249560633,23.40949033391916,52.829525483304046,37.644991212653785,62.17926186291741,37.22319859402461,49.068541300527244,46.71353251318102,19.648506151142357,62.35500878734623,12.618629173989456,33.95430579964851,40.49209138840071,5.905096660808437,16.203866432337435,49.73637961335677,34.44639718804921,60.913884007029885,47.6274165202109,13.708260105448156
O=C(O)c1ccc(C2(O)CC=CC(C(O)c3ccc(Cc4ccccc4)cc3)C2)cc1,gen_01306,414.50100000000015,4.863000000000004,3,3,4.0,0.5034051877734286,3,77.76,0,1,0,0.033362668,0.15305524,0.78209317,0.020237135,0.1527928,0.2782433,0.21088576,0.044891097,0.061781924,0.45918703,0.032234386,0.18041296,0.07389372,0.59234315,0.9882326,0.004346594,0.019431394,0.014465312,0.07601623,0.22113013,0.3862251,0.1439392,0.27138814,0.33700594,0.20880981,0.012702504,0.045655124,0.53033936,0.067563996,0.32507923,0.38817453,-5.403491,26.777456,21.90526,-5.723542,-15.52832,2.7905216,1.65434,99.62937,-4.8572135,-5.1699877,68.78734622144113,87.34622144112478,32.653778558875224,78.20738137082601,63.44463971880493,46.924428822495614,76.60808435852373,52.53075571177505,47.59226713532514,66.52021089630932,37.188049209138846,9.068541300527242,10.86115992970123,47.205623901581724,37.188049209138846,59.85940246045695,84.28822495606327,76.37961335676626,28.506151142355012,52.40773286467487,51.31810193321618,44.9560632688928,54.09490333919157,42.108963093145874,60.140597539543066,38.73462214411248,24.92091388400703,39.40246045694201,45.13181019332162,70.86115992970123,93.91915641476275,93.70826010544816,91.66959578207383,25.27240773286468,70.54481546572936,62.67135325131811,56.30931458699473,70.65026362038665,89.10369068541301,65.5536028119508,24.42882249560633,57.012302284710024,26.46748681898067,45.27240773286468,46.5377855887522,12.759226713532515,31.985940246045697,71.35325131810194,55.95782073813709,88.2249560632689,16.520210896309315,3.163444639718805
O=C(O)Cc1cccc(-n2cc3ccnc(C(=O)O)c3c2O)c1,gen_01315,312.281,2.0564,4,3,4.0,0.6793945005658095,0,112.65,0,0,0,0.09985806,0.28555804,0.6668941,0.0371731,0.038266897,0.124350116,0.08333382,0.003382013,0.014410995,0.077103175,0.0015710106,0.5798683,0.3140568,0.94750583,0.43356007,0.0030703172,0.027100861,0.13825019,0.0029630288,0.019760216,0.07492895,0.009434898,0.016332898,0.0054796254,0.13890336,0.016269289,0.005409059,0.016869295,0.028285185,0.33950487,0.03561801,-5.750619,-5.387066,-8.612864,19.630564,-18.528915,2.0488002,-2.3861465,77.041214,-2.9164279,-2.177537,44.39367311072056,45.48330404217926,48.55887521968366,78.20738137082601,63.44463971880493,71.84534270650265,22.601054481546576,74.90333919156416,47.59226713532514,25.869947275922673,37.188049209138846,27.381370826010546,18.242530755711776,28.787346221441126,43.58523725834798,35.95782073813709,47.27592267135326,63.12829525483305,7.6625659050966615,30.123022847100177,12.72407732864675,21.054481546572937,96.3444639718805,80.52724077328648,90.08787346221442,14.657293497363797,18.207381370826013,52.056239015817226,76.20386643233743,23.09314586994728,54.20035149384886,42.53075571177505,57.04745166959579,9.279437609841828,27.662565905096663,52.337434094903344,60.84358523725835,29.525483304042183,40.73813708260106,49.279437609841835,25.623901581722322,20.035149384885766,18.34797891036907,11.528998242530756,15.992970123022848,57.328646748681905,20.281195079086118,25.799648506151144,6.080843585237259,53.04042179261863,54.44639718804921,15.85237258347979
O=C(O)c1ccc2cc(C(=O)NC(Cc3ccccc3)C(=O)O)ccc2c1,gen_01380,363.3690000000001,2.963700000000001,3,3,4.0,0.6246105822908822,1,103.7,0,0,0,0.06807302,0.29597273,0.83280134,0.025877824,0.044137336,0.25321287,0.06545806,0.009467254,0.0140071865,0.0903471,0.0020762389,0.48599547,0.23718134,0.8792596,0.6804432,0.0046630157,0.03922608,0.044556506,0.003890474,0.018675914,0.10352757,0.017866489,0.031985857,0.010143809,0.045473933,0.011586254,0.0031347559,0.0068493225,0.013148187,0.2640056,0.052916992,-5.784022,-1.819204,-0.9688522,41.94108,-18.702274,2.301638,-1.6557996,94.10728,-3.9832077,-5.8632455,56.97715289982426,60.597539543058005,32.653778558875224,78.20738137082601,63.44463971880493,63.55008787346222,55.32513181019333,69.94727592267137,47.59226713532514,25.869947275922673,37.188049209138846,18.73462214411248,19.121265377855888,58.699472759226715,39.64850615114236,38.4182776801406,80.45694200351494,59.43760984182777,12.513181019332162,29.841827768014063,14.305799648506152,22.56590509666081,93.00527240773287,73.81370826010546,79.78910369068542,19.121265377855888,26.256590509666083,68.57644991212655,60.702987697715294,26.502636203866434,52.93497363796134,58.66432337434095,66.22144112478033,11.669595782073815,33.25131810193322,24.780316344463973,54.6572934973638,20.281195079086118,32.02108963093146,34.58699472759227,16.766256590509666,24.956063268892798,17.574692442882252,14.059753954305801,23.33919156414763,76.87170474516697,19.718804920913886,40.84358523725835,11.00175746924429,76.8365553602812,32.79437609841828,2.249560632688928
O=C(O)c1ccc(CNC2c3ccccc3CC2OCCF)cc1,gen_01381,329.3710000000001,3.126500000000002,3,2,4.0,0.8192952151424773,2,58.56,0,0,0,0.34960416,0.53341496,0.8258783,0.12164812,0.12876992,0.25353158,0.07717426,0.14554946,0.19753976,0.40016222,0.03122817,0.3385252,0.40070516,0.5913822,0.9234271,0.028409356,0.051196717,0.12754926,0.04328192,0.057201155,0.18975364,0.052574795,0.3549179,0.11922176,0.13636115,0.041767072,0.025186118,0.08802974,0.07473038,0.44061333,0.43006888,-5.317289,6.554885,4.8726096,-15.619794,-13.783572,2.9355679,-0.1363217,71.72398,-3.0107481,-2.285809,49.03339191564148,62.95254833040423,32.653778558875224,61.37082601054482,63.44463971880493,91.52899824253076,69.84182776801407,37.188049209138846,47.59226713532514,25.869947275922673,37.188049209138846,65.41300527240774,35.21968365553603,56.90685413005273,58.80492091388401,56.555360281195085,80.49209138840071,61.93321616871705,59.613356766256594,71.17750439367312,46.010544815465735,44.67486818980668,82.03866432337435,86.46748681898067,60.105448154657296,28.084358523725836,74.2706502636204,77.64499121265379,74.62214411247804,60.98418277680141,78.17223198594026,82.10896309314587,80.63268892794378,28.295254833040424,54.93848857644992,51.84534270650264,74.62214411247804,59.12126537785589,62.70650263620387,67.6274165202109,39.29701230228471,59.08611599297013,30.017574692442885,21.54657293497364,28.892794376098422,3.4797891036906856,42.882249560632694,79.22671353251319,28.295254833040424,47.838312829525485,52.4780316344464,14.973637961335678
O=C(O)c1cccc(CNc2c[nH]c3ccc4cnnc4c3c2)c1,gen_01415,318.33600000000007,3.421400000000001,4,3,4.0,0.5361256501929552,0,90.9,0,0,0,0.33833236,0.23723952,0.6622797,0.44948563,0.23980601,0.12505986,0.26972198,0.027310481,0.21135251,0.24683842,0.26844138,0.39107713,0.4883408,0.9478547,0.91821766,0.0515198,0.089836404,0.75945354,0.20220044,0.12781005,0.28308526,0.06053164,0.26800552,0.16946842,0.54125845,0.25389308,0.08830992,0.5418989,0.39892554,0.37731677,0.4496637,-5.4626074,30.79977,16.794476,30.250305,-17.902674,2.0967078,1.0909127,96.146385,-4.714055,-1.395058,46.432337434094904,67.83831282952549,48.55887521968366,78.20738137082601,63.44463971880493,51.107205623901585,22.601054481546576,61.9859402460457,47.59226713532514,25.869947275922673,37.188049209138846,64.2530755711775,15.289982425307558,28.295254833040424,79.26186291739896,68.92794376098419,47.76801405975396,79.78910369068542,21.54657293497364,71.8804920913884,32.12653778558875,72.05623901581723,86.95957820738138,91.77504393673111,90.19332161687171,27.803163444639722,84.21792618629175,89.8066783831283,97.85588752196837,86.60808435852374,89.13884007029878,89.56063268892795,82.46045694200352,25.166959578207383,59.789103690685415,86.0456942003515,95.50087873462215,81.6871704745167,89.45518453427066,93.81370826010546,31.00175746924429,60.281195079086125,24.780316344463973,49.384885764499124,40.84358523725835,68.7170474516696,22.073813708260108,28.189806678383132,46.783831282952555,81.0896309314587,18.523725834797894,22.70650263620387
O=C(O)Cn1nccc1C1(c2ccc(C(O)(C3CCC(C(=O)O)CC3)C(F)(F)F)cc2)CC1,gen_01431,466.45600000000024,3.688500000000002,4,3,4.0,0.5738617049042988,1,112.64999999999999,0,0,0,0.013256015,0.13030323,0.7757679,0.0041769305,0.110495135,0.17676963,0.17128241,0.008097406,0.03425265,0.27564487,0.048239578,0.26753384,0.108775064,0.60583174,0.64955443,0.007259241,0.03384109,0.0020649494,0.018169126,0.03897602,0.11905892,0.08328098,0.07359898,0.10043774,0.14764614,0.004038374,0.012843115,0.017352525,0.027013898,0.2400678,0.09999051,-5.8314705,-23.093796,-4.3047543,12.856212,-18.083181,3.093474,-0.9946146,85.01309,-3.7484298,-6.109241,78.24253075571178,72.23198594024605,48.55887521968366,78.20738137082601,63.44463971880493,56.8365553602812,55.32513181019333,74.90333919156416,47.59226713532514,25.869947275922673,37.188049209138846,3.4094903339191567,9.630931458699473,46.010544815465735,23.2688927943761,53.46221441124781,64.28822495606327,73.32161687170475,11.810193321616874,43.23374340949034,35.67662565905097,49.17398945518454,72.23198594024605,52.970123022847105,60.66783831282953,18.34797891036907,38.34797891036907,61.82776801405976,14.657293497363797,48.822495606326896,69.8066783831283,65.90509666080844,85.90509666080844,15.641476274165203,53.00527240773287,54.09490333919157,35.149384885764505,45.834797891036914,41.0896309314587,48.189806678383135,14.868189806678384,31.669595782073817,16.871704745166962,4.569420035149386,19.648506151142357,45.30755711775044,21.370826010544818,85.4481546572935,17.609841827768015,61.335676625659055,37.3286467486819,2.1441124780316345
O=C(O)c1cccc2c1CC(NS(=O)(=O)c1ccccc1)C2c1ccc(Cl)c(Cl)c1,gen_01489,462.35400000000016,4.726700000000004,3,2,4.0,0.574669483971986,2,83.47,0,0,0,0.09184541,0.25646853,0.8836177,0.31013972,0.7420737,0.5832258,0.8419366,0.053747166,0.16863136,0.5665525,0.43009725,0.60261995,0.08019641,0.9735198,0.99108255,0.011794696,0.020652791,0.12854019,0.22841926,0.06545669,0.17062153,0.36832896,0.6196782,0.6572336,0.3857332,0.029526914,0.068883605,0.6532714,0.20967634,0.34439635,0.47215623,-5.0743685,20.665134,18.89085,45.541767,-14.41189,2.9575915,2.0297418,100.800316,-4.811512,-4.4331207,77.68014059753955,86.25659050966608,32.653778558875224,61.37082601054482,63.44463971880493,56.90685413005273,69.84182776801407,56.57293497363796,47.59226713532514,25.869947275922673,37.188049209138846,25.65905096660809,15.922671353251319,72.89982425307558,72.9701230228471,92.82952548330405,99.47275922671353,97.22319859402461,31.599297012302287,69.3145869947276,63.26889279437611,79.82425307557118,96.94200351493849,44.42882249560633,94.2706502636204,40.31634446397189,51.70474516695958,41.72231985940246,74.72759226713534,88.33040421792619,80.42179261862918,79.40246045694201,98.20738137082601,39.156414762741655,83.51493848857646,77.11775043936731,69.701230228471,78.24253075571178,92.61862917398946,85.51845342706504,26.326889279437612,61.15992970123023,41.23022847100176,38.34797891036907,43.47978910369069,79.08611599297014,38.55887521968366,80.1054481546573,63.09314586994728,90.47451669595783,17.188049209138843,4.463971880492092
O=C(O)c1cc(=O)c2cc(NC3CCN(Cc4ccc(C(F)(F)F)nc4)C3)ccc2[nH]1,gen_01492,432.40200000000004,3.326500000000002,5,3,4.0,0.572282121172034,1,98.32,0,0,0,0.27553406,0.46717802,0.8352043,0.22537497,0.16157314,0.22404459,0.15652075,0.08459658,0.2807623,0.3278413,0.05684622,0.4384641,0.6688708,0.8316444,0.8462623,0.027076695,0.061505415,0.19089377,0.051612653,0.040377107,0.1624899,0.030642275,0.24777749,0.11502059,0.16126326,0.05037386,0.01547041,0.07264054,0.11413536,0.25341955,0.5170443,-5.7563744,-14.220911,-13.742777,53.68102,-18.906025,2.5222785,-0.10186465,85.53938,-3.836031,4.110325,72.68892794376099,66.22144112478033,61.880492091388405,78.20738137082601,63.44463971880493,56.660808435852374,55.32513181019333,66.81898066783832,47.59226713532514,25.869947275922673,37.188049209138846,57.71528998242531,30.404217926186295,59.367311072056246,67.59226713532514,60.98418277680141,74.6572934973638,72.12653778558875,43.02284710017575,76.27416520210897,40.0,51.3884007029877,89.98242530755712,97.4340949033392,75.1493848857645,24.04217926186292,73.14586994727593,82.70650263620388,80.28119507908612,63.971880492091394,70.68541300527241,78.03163444639719,73.81370826010546,24.147627416520212,54.516695957820744,56.27416520210897,77.71528998242532,49.49033391915642,59.789103690685415,75.11423550087873,15.957820738137084,63.65553602811951,18.207381370826013,6.959578207381371,12.442882249560634,83.05799648506152,18.910369068541304,55.21968365553603,28.96309314586995,61.93321616871705,35.36028119507909,69.701230228471
O=C(OC(Cc1ccc(Oc2ccc3ccccc3c2)cc1)C(=O)O)c1ccc[nH]1,gen_01516,401.41800000000006,4.8129000000000035,4,2,4.0,0.4338528247824566,1,88.62,0,0,0,0.16821267,0.36476392,0.8940501,0.30111906,0.5584678,0.61243844,0.64116967,0.077616766,0.04586836,0.48877102,0.12124696,0.46970424,0.106955625,0.9648716,0.98297775,0.014259294,0.038529716,0.21188183,0.1312448,0.1079127,0.288663,0.44798216,0.59149206,0.538482,0.35940227,0.12655076,0.060103793,0.45943266,0.18388253,0.39038548,0.3259756,-4.9634123,38.37818,20.70438,9.411459,-12.306411,2.551146,1.2165434,106.527504,-4.737929,-7.7193832,65.65905096660809,86.88927943760984,48.55887521968366,61.37082601054482,63.44463971880493,37.57469244288225,55.32513181019333,60.246045694200355,47.59226713532514,25.869947275922673,37.188049209138846,40.91388400702988,22.95254833040422,76.66080843585237,72.51318101933217,87.34622144112478,99.78910369068542,93.67311072056239,40.63268892794377,47.80316344463972,54.58699472759227,60.66783831282953,92.02108963093147,52.5834797891037,92.89982425307558,36.73110720562391,57.469244288224964,67.83831282952549,81.82776801405976,79.85940246045695,87.20562390158173,89.87697715289983,98.94551845342707,37.750439367311074,79.19156414762742,75.04393673110721,88.96309314586996,75.88752196836556,86.0456942003515,83.02284710017575,32.61862917398946,52.337434094903344,48.01405975395431,55.606326889279444,45.51845342706503,38.91036906854131,52.44288224956064,56.62565905096661,48.40070298769772,97.25834797891038,18.137082601054484,1.3005272407732866
O=C(O)c1ccc2nc(CCc3ccccc3)n(CCC(O)c3ccccc3)c2c1,gen_01518,400.4780000000001,4.643400000000003,3,2,4.0,0.4516592123150258,1,75.35,0,0,0,0.033861265,0.40864572,0.825809,0.07736991,0.2742223,0.428407,0.33536986,0.107624516,0.2614542,0.5018414,0.055217765,0.4044594,0.1972056,0.6979054,0.9792943,0.008061148,0.024238458,0.044432484,0.0957409,0.104501285,0.26936463,0.24073131,0.41931397,0.53470594,0.23102331,0.017450202,0.046899818,0.35332546,0.06909891,0.33890256,0.5719218,-5.2540402,43.042183,26.64787,-11.127604,-13.534376,2.3354506,1.2504919,100.26805,-4.349562,-6.2705984,65.4481546572935,85.3427065026362,32.653778558875224,61.37082601054482,63.44463971880493,39.85940246045695,55.32513181019333,51.03690685413006,47.59226713532514,25.869947275922673,37.188049209138846,9.068541300527242,26.256590509666083,56.90685413005273,52.09138840070299,72.19683655536029,96.2390158172232,82.63620386643234,49.45518453427066,75.46572934973639,55.95782073813709,51.00175746924429,87.83831282952549,69.45518453427066,65.79964850615114,35.81722319859403,41.23022847100176,48.33040421792619,60.702987697715294,74.62214411247804,87.06502636203867,88.96309314586996,95.71177504393674,30.755711775043938,79.12126537785589,65.3427065026362,62.03866432337435,71.17750439367312,81.6871704745167,66.18629173989456,25.58875219683656,66.39718804920915,33.25131810193322,59.156414762741655,51.17750439367312,7.205623901581723,44.42882249560633,42.98769771528999,49.10369068541301,89.52548330404218,25.37785588752197,1.9332161687170477
O=C(O)c1nc(=O)c2c(-c3cccc(C(F)(F)F)c3)cc(-c3cccnc3)nc2[nH]1,gen_01525,412.32700000000006,3.7641000000000018,5,2,4.0,0.5303775999877784,0,108.82999999999998,0,0,0,0.040663365,0.2628421,0.90854675,0.3003147,0.06940511,0.4117406,0.24977839,0.025765944,0.037591368,0.23670271,0.05982948,0.5852643,0.4449958,0.9965892,0.95345145,0.010806508,0.047755778,0.39778876,0.059465162,0.02112477,0.13011281,0.05743579,0.32930377,0.23038368,0.287971,0.09900783,0.01214292,0.20916057,0.16744599,0.10530541,0.3787796,-5.485841,-3.3213363,-6.115548,67.524155,-16.271133,2.4344509,0.06983884,97.58777,-4.441241,-5.3272605,68.18980667838314,73.42706502636204,61.880492091388405,61.37082601054482,63.44463971880493,50.50966608084359,22.601054481546576,73.21616871704745,47.59226713532514,25.869947275922673,37.188049209138846,10.896309314586995,16.414762741652023,82.31985940246047,72.51318101933217,45.90509666080844,95.64147627416521,78.6291739894552,20.77328646748682,44.74516695957821,31.493848857644995,52.02108963093146,96.41476274165203,89.63093145869948,99.40246045694201,31.177504393673114,49.34973637961336,75.2548330404218,90.29876977152901,66.95957820738138,55.88752196836556,69.42003514938489,81.82776801405976,27.205623901581724,64.3585237258348,69.701230228471,85.69420035149386,44.78031634446398,74.48154657293497,81.61687170474518,3.9718804920913886,56.344463971880494,24.11247803163445,12.899824253075572,17.996485061511425,88.54130052724078,28.189806678383132,49.3145869947276,32.02108963093146,84.07732864674868,23.690685413005273,2.9173989455184537
O=C(O)c1ccc(C(O)(Cn2cnc3c(Cl)ncnc32)c2ccc(F)cc2)cc1,gen_01530,412.80800000000005,3.2531000000000017,5,2,4.0,0.4878264972933722,1,101.13,0,0,0,0.18145539,0.16438943,0.8460657,0.02351958,0.07918614,0.27511454,0.19700822,0.008264397,0.023013987,0.19166742,0.0260563,0.51343274,0.24317753,0.9851655,0.7158752,0.011946073,0.03533607,0.07125186,0.046589755,0.026705686,0.11779325,0.04524604,0.075380564,0.07027749,0.20009136,0.037952997,0.016799416,0.10984645,0.12857184,0.27165276,0.13899863,-5.4559336,23.545158,16.137276,0.06685505,-16.478052,2.3077273,0.31132838,92.233185,-4.035433,-2.966248,68.43585237258348,65.23725834797892,61.880492091388405,61.37082601054482,63.44463971880493,44.53427065026362,55.32513181019333,68.78734622144113,47.59226713532514,25.869947275922673,37.188049209138846,43.40949033391916,11.353251318101934,62.17926186291741,38.73462214411248,47.873462214411255,83.90158172231986,75.3602811950791,11.915641476274166,37.3286467486819,25.83479789103691,42.91739894551846,94.23550087873463,74.55184534270651,96.97715289982426,20.035149384885766,52.02108963093146,64.00702987697716,67.59226713532514,62.17926186291741,60.913884007029885,65.3427065026362,78.80492091388402,15.782073813708262,49.34973637961336,61.61687170474517,73.42706502636204,51.423550087873465,65.48330404217927,77.01230228471002,17.715289982425308,36.098418277680146,24.92091388400703,42.1792618629174,40.45694200351494,22.49560632688928,27.31107205623902,41.335676625659055,34.86818980667839,73.11072056239017,31.739894551845346,10.052724077328648
O=C(O)c1ccc(NC(=O)c2ccc(C(F)(F)F)nc2C(F)(F)F)cn1,gen_01549,379.216,3.4647000000000006,4,2,4.0,0.7972273552371999,0,92.18,0,0,0,0.020846631,0.32591194,0.9327575,0.06708218,0.054418407,0.4423121,0.10801665,0.017703403,0.010732542,0.16505818,0.0016847722,0.5384917,0.115471505,0.9838397,0.9346118,0.0028617806,0.02400175,0.042461198,0.006962736,0.011713478,0.07298219,0.027771464,0.22092953,0.02698876,0.08945921,0.008623516,0.0033846733,0.03596639,0.02650467,0.1930622,0.04743319,-5.2391586,2.5459983,0.21829835,41.092216,-12.5186,2.3880713,0.21803474,90.74211,-3.7798386,-0.34445977,60.49209138840071,68.57644991212655,48.55887521968366,61.37082601054482,63.44463971880493,88.68189806678384,22.601054481546576,62.741652021089635,47.59226713532514,25.869947275922673,37.188049209138846,5.869947275922672,20.84358523725835,90.96660808435853,50.26362038664324,41.23022847100176,96.80140597539544,66.81898066783832,16.695957820738137,25.940246045694202,23.09314586994728,21.441124780316347,94.93848857644993,54.6572934973638,96.80140597539544,29.209138840070302,16.906854130052725,47.94376098418278,60.140597539543066,34.6572934973638,39.89455184534271,41.335676625659055,72.58347978910369,23.09314586994728,40.597539543058,40.94903339191565,47.697715289982426,21.124780316344467,50.333919156414765,47.838312829525485,10.685413005272409,23.58523725834798,33.77855887521969,16.94200351493849,24.639718804920918,76.3444639718805,50.896309314587,46.08084358523726,33.708260105448154,70.68541300527241,36.69595782073814,32.40773286467487
O=C(O)CCCNc1ncnc2c1nc(Br)n2Cc1ccccc1,gen_01613,390.2410000000001,2.913800000000001,5,2,4.0,0.4761416671654351,0,92.93,0,1,0,0.46937647,0.6157047,0.87475556,0.46818027,0.24806316,0.4085331,0.29718396,0.07481601,0.085653566,0.46943322,0.11455655,0.5683362,0.3545298,0.9780658,0.97521985,0.024980254,0.025018722,0.4362014,0.08303388,0.043948054,0.187276,0.10232703,0.5980774,0.20143291,0.43630758,0.16955635,0.06251661,0.19054694,0.24880198,0.46573514,0.3984046,-5.294357,20.743488,15.55603,-5.320845,-14.625438,2.62176,0.8924484,91.23114,-3.6718376,0.16911507,63.16344463971881,60.03514938488577,61.880492091388405,61.37082601054482,63.44463971880493,43.16344463971881,22.601054481546576,63.40949033391916,47.59226713532514,66.52021089630932,37.188049209138846,76.48506151142355,41.40597539543058,69.94727592267137,80.03514938488577,69.8066783831283,95.53602811950792,80.87873462214412,39.5079086115993,57.50439367311073,52.61862917398946,59.929701230228474,96.02811950790861,83.44463971880492,95.3602811950791,34.58699472759227,71.59929701230229,49.279437609841835,91.35325131810194,72.40773286467487,72.65377855887523,81.86291739894553,88.2249560632689,38.066783831282955,62.284710017574696,79.75395430579965,92.30228471001759,76.62565905096662,73.14586994727593,87.83831282952549,42.39015817223199,57.53954305799649,30.966608084358526,38.383128295254835,39.82425307557118,13.532513181019333,37.39894551845343,61.40597539543059,44.11247803163445,71.63444639718806,38.94551845342707,36.76625659050967
O=C(O)CC(O)(c1ccc(-c2cccnc2)cc1)c1cccn1Cc1cccc(Cl)c1,gen_01616,432.90700000000015,4.962400000000003,3,2,4.0,0.43238099445410927,1,75.35,0,0,0,0.0209784,0.22689155,0.8725066,0.17004491,0.71902496,0.5403222,0.8371498,0.08037998,0.41802993,0.58804274,0.7043947,0.3953414,0.256088,0.89043015,0.9889945,0.00910458,0.028951686,0.11493766,0.33803782,0.08737349,0.15688024,0.3338967,0.5229298,0.7609254,0.44032845,0.031172907,0.1260463,0.504135,0.17626198,0.1706959,0.7433787,-5.45315,16.703663,2.4517334,20.319576,-15.480177,2.6248913,1.2111205,96.020035,-3.872359,-2.0999062,72.79437609841828,88.2249560632689,32.653778558875224,61.37082601054482,63.44463971880493,37.434094903339194,55.32513181019333,51.03690685413006,47.59226713532514,25.869947275922673,37.188049209138846,5.869947275922672,14.833040421792619,69.20913884007031,63.02284710017575,92.40773286467487,99.05096660808437,97.15289982425308,41.72231985940246,82.67135325131811,66.15114235500879,88.40070298769773,87.34622144112478,75.60632688927944,81.58172231985941,38.98066783831283,44.63971880492092,54.93848857644992,72.93497363796135,93.84885764499123,84.99121265377856,76.55536028119509,97.75043936731107,35.07908611599297,87.7328646748682,80.1054481546573,70.36906854130054,87.20562390158173,87.90861159929702,82.39015817223199,8.822495606326891,74.90333919156416,24.956063268892798,33.21616871704745,26.5377855887522,58.418277680140605,32.37258347978911,61.61687170474517,48.40070298769772,80.7029876977153,34.797891036906854,16.55536028119508
O=C(O)c1cccc(Nc2ncc3ccc(-c4cccc(OC(F)(F)F)c4)n3n2)c1,gen_01631,414.3430000000001,4.736700000000002,5,2,4.0,0.490616655465109,0,88.75,0,0,0,0.15289524,0.22473112,0.86770946,0.42625913,0.3540646,0.30902064,0.40327483,0.031740915,0.08490734,0.32494715,0.08229866,0.42479715,0.280145,0.99029386,0.9801509,0.015210872,0.055096775,0.6491785,0.22234926,0.09524338,0.3456106,0.13065417,0.5435559,0.5653679,0.54000103,0.23847988,0.044801034,0.73652774,0.30475342,0.23250106,0.5019816,-4.990712,17.146065,18.484598,64.41535,-13.009577,2.889928,2.5499673,105.13637,-6.002041,-7.5936556,68.57644991212655,86.36203866432338,61.880492091388405,61.37082601054482,63.44463971880493,45.026362038664324,22.601054481546576,60.281195079086125,47.59226713532514,25.869947275922673,37.188049209138846,38.45342706502637,14.762741652021091,67.90861159929702,78.5237258347979,78.06678383128296,88.40070298769773,85.90509666080844,23.550087873462218,57.328646748681905,39.789103690685415,55.50087873462215,89.3145869947276,77.60984182776802,98.06678383128296,35.99297012302285,59.22671353251319,79.89455184534272,95.99297012302286,87.90861159929702,86.0456942003515,92.65377855887523,90.75571177504395,35.746924428822496,80.03514938488577,86.0456942003515,95.18453427065027,70.29876977152901,94.93848857644993,90.68541300527241,14.235500878734623,62.882249560632694,46.25659050966608,33.67311072056239,43.02284710017575,87.55711775043937,47.978910369068544,77.04745166959579,72.02108963093147,96.09841827768015,3.9367311072056244,1.3708260105448156
O=C(O)C1CC(c2cccnc2)C(Cc2ccccc2-c2ccc(F)cn2)C1O,gen_01655,392.4300000000001,3.690600000000003,4,2,4.0,0.6919320852489091,4,83.31,0,0,0,0.006857568,0.31536433,0.9166258,0.05294902,0.4235325,0.56587595,0.5929848,0.07006291,0.15046379,0.45600253,0.29353443,0.2693177,0.2370677,0.8402442,0.9951493,0.003367728,0.01961091,0.054591935,0.11942115,0.04085213,0.101728335,0.13724864,0.5203227,0.42386085,0.1941067,0.01123566,0.033878427,0.19901317,0.04206692,0.12013097,0.48881087,-5.5281267,-4.744686,-3.5816727,-6.9740386,-16.057142,3.123298,0.67435086,85.507515,-3.0894303,-1.4902228,63.79613356766257,72.23198594024605,48.55887521968366,61.37082601054482,63.44463971880493,73.74340949033393,81.28295254833041,56.344463971880494,47.59226713532514,25.869947275922673,37.188049209138846,1.8629173989455186,20.14059753954306,84.9560632688928,47.381370826010546,82.35500878734622,99.40246045694201,92.5834797891037,37.53954305799649,67.5219683655536,51.07205623901582,73.60281195079087,72.47803163444641,73.74340949033393,75.78207381370827,44.71001757469244,19.472759226713535,39.57820738137083,63.93673110720563,78.10193321616872,70.86115992970123,57.68014059753955,91.24780316344464,34.86818980667839,74.76274165202109,60.80843585237259,53.81370826010545,64.14762741652022,73.95430579964851,57.08260105448155,4.850615114235501,62.17926186291741,23.19859402460457,11.739894551845344,20.52724077328647,11.072056239015819,29.279437609841832,86.29173989455185,41.195079086115996,61.86291739894553,50.75571177504394,22.03866432337434
O=C(O)c1cc(O)n(-c2nc(-c3ccc(Oc4ccccc4)cc3)cs2)c1,gen_01681,378.409,4.796900000000002,5,2,4.0,0.5211809557200389,0,84.58,0,0,0,0.24220781,0.18624763,0.80335075,0.49046564,0.4072879,0.29678455,0.4808322,0.0255815,0.04985666,0.31447166,0.06316917,0.48621884,0.09857252,0.9829815,0.9857806,0.016559232,0.046725564,0.5886615,0.14839496,0.19405146,0.4111394,0.25853854,0.5066509,0.5733082,0.6436184,0.19413814,0.09089787,0.80715036,0.2979985,0.52777773,0.3416826,-4.968878,42.601776,18.082294,2.4505177,-12.795811,2.2482696,1.0123936,103.50985,-4.686269,-7.0596895,60.281195079086125,86.85413005272409,61.880492091388405,61.37082601054482,63.44463971880493,49.244288224956065,22.601054481546576,57.750439367311074,47.59226713532514,25.869947275922673,37.188049209138846,53.46221441124781,12.548330404217927,51.45869947275923,80.8084358523726,81.47627416520211,87.02987697715291,89.34973637961336,20.738137082601057,48.99824253075572,38.91036906854131,52.37258347978911,93.00527240773287,50.333919156414765,96.3444639718805,37.46924428822496,61.47627416520211,74.6572934973638,94.93848857644993,81.58172231985941,93.00527240773287,93.91915641476275,96.30931458699473,34.55184534270651,80.24604569420036,91.63444639718806,93.56766256590511,82.24956063268894,96.87170474516697,90.33391915641477,50.896309314587,54.09490333919157,47.76801405975396,59.015817223198596,42.63620386643234,26.22144112478032,49.03339191564148,37.78558875219684,45.553602811950796,94.30579964850617,19.086115992970125,1.4762741652021092
O=C(O)C(Cc1ccccc1)CC(O)CCn1c(-c2ccccc2F)nnc1C1CC1,gen_01703,423.48800000000017,4.046200000000003,4,2,4.0,0.5137141185737043,2,88.24,0,0,0,0.100849986,0.6934371,0.85403645,0.00416769,0.15993463,0.35409588,0.15725157,0.10981803,0.07914778,0.631746,0.3143012,0.25645643,0.19541857,0.5961781,0.9957959,0.012009957,0.025496313,0.009678485,0.02076285,0.011005366,0.06778714,0.06117444,0.7245096,0.4296476,0.12972263,0.004576196,0.016995404,0.035264652,0.017704163,0.39150625,0.5292872,-5.239992,13.51607,8.772394,-21.05274,-14.493637,2.889743,0.9119762,85.688545,-3.6399913,-4.4635673,70.72056239015818,77.78558875219684,48.55887521968366,61.37082601054482,63.44463971880493,48.1195079086116,69.84182776801407,59.929701230228474,47.59226713532514,25.869947275922673,37.188049209138846,27.662565905096663,47.557117750439375,64.49912126537787,23.233743409490337,60.77328646748683,92.54833040421794,72.12653778558875,50.19332161687171,56.06326889279438,71.42355008787347,74.97363796133568,69.94727592267137,69.3145869947276,60.35149384885765,45.799648506151144,52.26713532513182,49.876977152899826,38.87521968365554,50.82601054481547,38.66432337434095,37.25834797891037,82.53075571177506,45.659050966608085,74.86818980667839,50.75571177504394,37.3286467486819,51.66959578207382,50.08787346221442,39.472759226713535,32.72407732864675,64.4639718804921,33.77855887521969,29.666080843585238,32.44288224956063,1.7574692442882252,38.13708260105449,77.04745166959579,44.463971880492096,62.21441124780317,39.54305799648507,4.358523725834798
CCCc1cc(O)cc2c1C(O)(Cc1ccc(F)c(F)c1)C(C1CCC(C)(C(=O)O)C1)C(=O)O2,gen_01710,474.5000000000003,4.479400000000003,5,3,4.0,0.42137591691229637,4,104.06000000000002,0,1,0,0.050282955,0.24496472,0.8180359,0.052024603,0.4832484,0.38002652,0.63985425,0.061389394,0.07557695,0.6736164,0.55050474,0.22692743,0.09564574,0.8515011,0.99108285,0.016759261,0.033251874,0.068961084,0.20785613,0.10829208,0.18913077,0.33770552,0.6558373,0.70436126,0.42926973,0.042910427,0.116996184,0.633078,0.22809164,0.25802213,0.5220589,-5.02588,40.21059,37.574806,-9.594225,-14.096006,3.0185287,2.0235238,99.53166,-4.463877,-2.1018918,79.40246045694201,83.58523725834799,61.880492091388405,78.20738137082601,63.44463971880493,35.85237258347979,81.28295254833041,70.14059753954307,47.59226713532514,66.52021089630932,37.188049209138846,13.391915641476276,15.430579964850617,54.72759226713533,47.27592267135326,84.3585237258348,94.23550087873463,93.67311072056239,34.09490333919157,55.57117750439368,77.22319859402461,84.39367311072057,64.92091388400704,49.34973637961336,76.73110720562391,40.31634446397189,61.61687170474517,60.94903339191565,67.1353251318102,86.99472759226714,87.34622144112478,82.07381370826012,97.92618629173991,41.23022847100176,85.48330404217927,79.43760984182778,75.00878734622145,86.22144112478033,92.02108963093147,86.5377855887522,16.2390158172232,64.04217926186293,43.79613356766257,57.15289982425308,60.105448154657296,8.1195079086116,40.80843585237259,82.81195079086116,62.91739894551846,87.97891036906854,23.304042179261867,16.520210896309315
O=C(O)C1(c2ccc3ncccc3c2)CNC(c2ccccc2)C1,gen_01730,318.3760000000001,3.291800000000002,3,2,4.0,0.7777045605904773,2,62.22,0,0,0,0.17676954,0.6256775,0.8724192,0.09542877,0.13619246,0.3592525,0.109966956,0.13841474,0.13805258,0.334445,0.04364574,0.35444337,0.37987906,0.6516517,0.9614929,0.015857853,0.045886196,0.10851679,0.027209634,0.029224772,0.12697865,0.038967572,0.33563405,0.077258095,0.097070165,0.022592312,0.017320536,0.03669966,0.039380558,0.3300012,0.34725755,-5.632354,-0.38240433,-2.8434734,-6.7702737,-15.93098,2.9288673,0.3829913,80.70117,-2.900185,-3.2648182,46.50263620386644,65.83479789103691,32.653778558875224,61.37082601054482,63.44463971880493,85.90509666080844,69.84182776801407,40.03514938488577,47.59226713532514,25.869947275922673,37.188049209138846,42.35500878734622,42.24956063268893,69.20913884007031,54.79789103690686,57.53954305799649,92.89982425307558,67.10017574692444,58.24253075571178,66.0456942003515,40.421792618629176,48.08435852372584,83.47978910369069,85.23725834797892,62.95254833040423,32.337434094903344,60.281195079086125,74.09490333919157,72.19683655536029,54.30579964850616,62.7768014059754,68.54130052724078,76.90685413005274,27.55711775043937,50.12302284710018,43.44463971880492,66.08084358523726,52.056239015817226,50.68541300527241,55.922671353251324,24.88576449912127,54.34094903339192,20.808435852372586,15.008787346221443,21.370826010544818,11.353251318101934,29.876977152899826,78.91036906854131,36.239015817223205,56.52021089630932,54.6572934973638,8.471001757469246
CCC(O)(C(=O)O)c1cc(C(F)(F)F)nc2ccc(F)cc12,gen_01732,317.238,3.0749000000000013,3,2,4.0,0.8536298802086272,1,70.42,0,0,0,0.16640419,0.6585612,0.8923875,0.3958568,0.19823799,0.46683106,0.17596984,0.1327529,0.069817364,0.39581293,0.031660967,0.43696532,0.18165699,0.8350617,0.96854126,0.027794993,0.03840124,0.1475795,0.062735155,0.043634187,0.12110659,0.16224453,0.6256646,0.085069954,0.22733481,0.044906177,0.04413851,0.122669175,0.12387882,0.43463597,0.1756396,-5.1409373,3.5966907,-9.021754,7.699525,-11.620427,2.398666,0.12261353,76.981384,-2.13235,-0.09473033,46.151142355008794,62.319859402460466,32.653778558875224,61.37082601054482,63.44463971880493,95.53602811950792,55.32513181019333,46.99472759226714,47.59226713532514,25.869947275922673,37.188049209138846,40.597539543058,44.8506151142355,76.02811950790861,77.01230228471002,64.78031634446398,97.5395430579965,73.63796133567664,57.08260105448155,54.34094903339192,45.72934973637962,44.88576449912127,89.87697715289983,67.24077328646749,75.50087873462215,33.53251318101933,73.67311072056239,67.55711775043937,77.01230228471002,68.15465729349737,72.47803163444641,66.67838312829527,92.72407732864676,39.613356766256594,51.107205623901585,64.92091388400704,75.71177504393674,69.84182776801407,67.06502636203867,76.4499121265378,38.523725834797894,39.789103690685415,38.62917398945519,17.996485061511425,15.571177504393674,35.746924428822496,57.82073813708261,47.065026362038665,32.68892794376099,52.93497363796134,68.7170474516696,34.340949033391915
COc1cccc2cc(C(=O)NCc3cccc(-c4ccc(C(=O)O)[nH]4)c3)ccc12,gen_01734,400.4340000000001,4.471700000000002,3,3,4.0,0.4452523062506364,0,91.41999999999999,0,0,0,0.22607522,0.44309038,0.9013008,0.47508222,0.2724999,0.44203296,0.34275016,0.08460372,0.10300245,0.37447104,0.09636398,0.52359265,0.376944,0.9607145,0.9550082,0.01694518,0.05753532,0.46678585,0.06521095,0.04606713,0.1804404,0.1076888,0.46628174,0.29218295,0.25192356,0.09634935,0.019595757,0.22639528,0.12161414,0.2921875,0.4322517,-5.2876167,28.546528,20.418148,34.35632,-16.552906,2.267595,1.3768384,103.35791,-5.4098153,-9.775122,65.41300527240774,83.47978910369069,32.653778558875224,78.20738137082601,63.44463971880493,38.91036906854131,22.601054481546576,62.35500878734623,47.59226713532514,25.869947275922673,37.188049209138846,51.00175746924429,28.471001757469246,79.47275922671353,80.28119507908612,72.091388400703,96.80140597539544,83.33919156414764,43.02284710017575,60.84358523725835,43.58523725834798,57.57469244288225,94.51669595782074,84.88576449912128,92.091388400703,31.247803163444644,61.82776801405976,81.12478031634447,92.16168717047452,68.54130052724078,73.53251318101934,80.84358523725835,88.89279437609842,32.653778558875224,68.43585237258348,66.81898066783832,85.23725834797892,54.58699472759227,75.46572934973639,75.92267135325133,20.210896309314588,59.191564147627425,31.247803163444644,47.100175746924435,45.41300527240774,71.70474516695958,27.17047451669596,39.12126537785589,51.28295254833041,94.23550087873463,9.384885764499122,0.6678383128295255
Cc1ccccc1-c1nc(=O)c2c(Cl)cc(C(=O)O)cc2[nH]1,gen_01746,314.728,3.25012,3,2,4.0,0.7602676497849284,0,83.05000000000001,0,0,0,0.13994864,0.3335857,0.8394412,0.15542047,0.059671856,0.2735272,0.12895083,0.02149466,0.01694414,0.17649037,0.009437327,0.48374766,0.21134524,0.97335464,0.92189944,0.0099028675,0.0492061,0.31066427,0.015029393,0.029247265,0.12627661,0.04813913,0.24708188,0.0708674,0.20765173,0.04680199,0.014503747,0.1541757,0.07515448,0.35104483,0.12034784,-4.9737597,27.406311,10.391867,23.754168,-14.501169,2.0396485,0.0530982,98.76698,-4.6395864,-5.1381025,45.48330404217926,65.20210896309315,32.653778558875224,61.37082601054482,63.44463971880493,83.65553602811951,22.601054481546576,56.098418277680146,47.59226713532514,25.869947275922673,37.188049209138846,36.098418277680146,21.195079086115996,60.105448154657296,61.93321616871705,42.95254833040422,83.69068541300528,69.52548330404218,18.312829525483306,32.58347978910369,24.253075571177508,34.059753954305805,92.86467486818981,71.31810193321617,94.23550087873463,27.978910369068544,47.205623901581724,76.02811950790861,87.38137082601055,46.36203866432338,62.81195079086117,68.29525483304043,79.57820738137083,24.147627416520212,49.42003514938489,62.53075571177505,76.37961335676626,48.295254833040424,69.9121265377856,67.76801405975397,27.451669595782075,33.5676625659051,47.59226713532514,45.799648506151144,33.919156414762746,62.425307557117755,38.10193321616872,25.342706502636204,31.669595782073817,86.4323374340949,20.07029876977153,3.233743409490334
O=C(O)c1ccc(NS(=O)(=O)c2ccc(Cc3ccccc3)nn2)cc1,gen_01781,369.402,2.5664000000000007,5,2,4.0,0.6910527655519466,0,109.25,0,0,0,0.008077188,0.22260468,0.94881976,0.010982366,0.0654098,0.5890862,0.16099206,0.0109152,0.008808268,0.1352413,0.004851155,0.62811214,0.0652506,0.9813439,0.9408251,0.0032186538,0.024220122,0.0058117127,0.006079353,0.0076403706,0.072626434,0.024905201,0.12927015,0.03257065,0.042378265,0.0019444358,0.0015834293,0.015224369,0.007499124,0.18239485,0.04002466,-5.30562,33.16747,24.424795,8.661394,-14.910944,2.1444893,0.44807616,100.20002,-4.44453,-7.492284,58.20738137082601,53.67311072056239,61.880492091388405,61.37082601054482,63.44463971880493,73.49736379613357,22.601054481546576,73.25131810193322,47.59226713532514,25.869947275922673,37.188049209138846,2.1089630931458703,14.762741652021091,95.50087873462215,31.282952548330407,44.604569420035155,99.57820738137083,72.54833040421794,13.462214411247805,23.690685413005273,20.0,28.857644991212656,97.5395430579965,39.015817223198596,95.95782073813709,29.876977152899826,18.945518453427066,48.295254833040424,29.595782073813712,32.337434094903344,27.838312829525485,41.019332161687174,70.896309314587,18.769771528998245,41.86291739894552,23.163444639718808,23.58523725834798,12.196836555360282,39.82425307557118,25.623901581722322,9.666080843585238,21.511423550087876,30.579964850615116,51.493848857645,48.75219683655536,37.50439367311073,35.606326889279444,31.07205623901582,37.3286467486819,89.34973637961336,23.65553602811951,1.3708260105448156
O=C(NC(Cc1ccccc1)C(=O)O)c1cc(Cc2n[nH]c(=O)c3ccccc23)ccc1F,gen_01798,445.4500000000001,3.0787000000000013,4,3,4.0,0.40479166644009845,1,112.15,0,0,0,0.030484522,0.24563377,0.8923888,0.008763291,0.17007296,0.51946574,0.343552,0.02941913,0.017721651,0.37215883,0.23986022,0.33454245,0.10705356,0.9632937,0.9753839,0.009788913,0.042383134,0.03587273,0.030754557,0.013023841,0.07240702,0.09068186,0.25974244,0.35142714,0.123269916,0.014092523,0.00938044,0.03743666,0.03682966,0.14857882,0.2135948,-5.6871147,6.135419,2.9010334,14.707579,-19.290073,2.3852112,-0.46459788,94.853645,-4.302124,-7.4109955,74.83304042179263,62.319859402460466,48.55887521968366,78.20738137082601,63.44463971880493,33.53251318101933,55.32513181019333,74.83304042179263,47.59226713532514,25.869947275922673,37.188049209138846,8.1195079086116,15.430579964850617,76.02811950790861,29.244288224956065,62.03866432337435,98.69947275922672,83.3743409490334,22.42530755711775,33.35676625659051,43.40949033391916,70.54481546572936,81.54657293497364,52.5834797891037,92.65377855887523,34.62214411247803,46.85413005272408,71.03690685413005,57.750439367311074,55.99297012302285,43.12829525483304,40.878734622144115,86.74868189806679,24.67486818980668,71.38840070298771,49.42003514938489,58.03163444639719,39.929701230228474,51.07205623901582,54.30579964850616,7.311072056239016,43.62038664323375,19.82425307557118,21.265377855887525,26.99472759226714,48.7170474516696,18.137082601054484,45.9402460456942,24.147627416520212,78.45342706502637,26.256590509666083,1.40597539543058
CC(C)(C)c1[nH]ncc1Cc1ccc(CC(NCc2ccccc2Cl)C(=O)O)cc1,gen_01830,425.96000000000004,4.736900000000003,3,3,4.0,0.48686083093890853,1,78.01,0,0,0,0.055543073,0.27493227,0.80794775,0.18196668,0.78894496,0.3637262,0.7955022,0.16410263,0.3830252,0.7476994,0.8413502,0.31631482,0.2118851,0.7496315,0.9950779,0.009159878,0.013924989,0.13807558,0.27489465,0.07551401,0.113797665,0.14054066,0.8212522,0.7436377,0.39856067,0.01738566,0.09312623,0.41309327,0.08089034,0.28475198,0.79679924,-5.534957,17.91384,20.863935,-1.8523407,-15.1955185,2.8342328,1.4351677,97.63731,-4.0867844,-1.0799271,71.24780316344464,86.36203866432338,32.653778558875224,78.20738137082601,63.44463971880493,44.39367311072056,55.32513181019333,52.75922671353252,47.59226713532514,25.869947275922673,37.188049209138846,14.938488576449913,17.363796133567664,52.40773286467487,63.93673110720563,94.34094903339192,93.28646748681899,96.37961335676627,62.98769771528999,80.87873462214412,87.02987697715291,92.61862917398946,79.19156414762742,71.42355008787347,69.17398945518454,44.53427065026362,44.81546572934974,28.119507908611602,76.16871704745168,90.86115992970124,82.63620386643234,63.09314586994728,91.38840070298771,53.81370826010545,87.1353251318102,77.64499121265379,61.86291739894553,82.46045694200352,84.21792618629175,69.24428822495607,19.191564147627417,78.73462214411248,23.02284710017575,34.58699472759227,45.659050966608085,19.297012302284713,34.13005272407733,74.02460456942003,52.30228471001758,84.18277680140598,30.404217926186295,24.92091388400703
O=C(O)c1ccc(CN=c2sc(O)cn2Cc2ccc(Cl)cc2)cc1,gen_01838,374.84900000000005,3.756000000000002,4,2,4.0,0.7136532340513909,0,74.82,0,0,0,0.06928639,0.14719269,0.72161686,0.6086966,0.7202145,0.27495915,0.7208222,0.03227668,0.36566618,0.37691927,0.21941598,0.4360292,0.08346126,0.85163194,0.98436403,0.013589176,0.020012826,0.26581746,0.23435572,0.3003648,0.39552492,0.32075232,0.48040324,0.3089362,0.62281704,0.10819137,0.23726194,0.81200933,0.330796,0.53799045,0.395116,-5.2207446,48.852257,25.246353,-5.5953097,-14.302206,2.2335348,1.2618544,101.567604,-4.513884,-3.9174492,59.613356766256594,73.35676625659052,48.55887521968366,61.37082601054482,63.44463971880493,77.04745166959579,22.601054481546576,50.50966608084359,47.59226713532514,25.869947275922673,37.188049209138846,19.086115992970125,10.509666080843585,36.16871704745167,84.21792618629175,92.47803163444641,83.83128295254834,94.97363796133568,23.760984182776802,80.42179261862918,43.971880492091394,69.03339191564149,89.84182776801407,45.76449912126538,76.73110720562391,37.01230228471002,55.67662565905097,40.597539543058,85.48330404217927,88.54130052724078,95.43057996485062,93.77855887521969,97.57469244288225,33.25131810193322,69.17398945518454,90.47451669595783,87.06502636203867,93.46221441124781,97.01230228471003,91.70474516695958,52.09138840070299,57.36379613356767,34.692442882249566,63.057996485061516,49.84182776801406,12.970123022847101,39.156414762741655,36.977152899824254,49.34973637961336,91.45869947275924,22.42530755711775,5.975395430579965
O=C(O)c1cnn(-c2nc3ccc(-c4ccccc4)nc3[nH]2)c1,gen_01855,305.297,2.5088,4,2,4.0,0.6059226651825071,0,96.69,0,0,0,0.19283694,0.5318125,0.8296517,0.39861462,0.07775445,0.22961982,0.13370651,0.013244818,0.033276223,0.16334008,0.014820506,0.62311065,0.39216918,0.9945491,0.9029225,0.0072409064,0.03885752,0.60535204,0.025560042,0.022886317,0.20337935,0.020508517,0.23021789,0.0611948,0.3016171,0.09537365,0.008713853,0.19780998,0.13639913,0.2458745,0.22778463,-5.3347464,16.782305,2.6781,19.439987,-16.081327,2.0633802,0.025288414,96.21476,-4.4461966,-5.170974,42.1792618629174,52.5834797891037,48.55887521968366,61.37082601054482,63.44463971880493,60.98418277680141,22.601054481546576,65.86994727592268,47.59226713532514,25.869947275922673,37.188049209138846,45.553602811950796,35.21968365553603,57.9261862917399,77.18804920913885,47.48681898066784,75.85237258347979,70.15817223198594,14.481546572934976,42.741652021089635,22.987697715289986,37.99648506151143,97.46924428822497,85.79964850615114,98.94551845342707,26.432337434094904,38.20738137082601,68.11950790861161,95.28998242530757,53.63796133567663,57.85588752196837,83.9718804920914,68.50615114235501,23.550087873462218,47.873462214411255,70.61511423550088,85.0615114235501,38.277680140597546,73.81370826010546,78.31282952548331,15.184534270650264,44.99121265377856,29.279437609841832,33.32161687170475,26.713532513181022,57.04745166959579,29.173989455184536,26.432337434094904,31.107205623901585,81.23022847100177,23.620386643233747,3.163444639718805
O=C(O)Cc1cc2cc(-c3cnco3)ccc2c(=O)[nH]1,gen_01863,270.24399999999997,1.8102,4,2,4.0,0.7561905887210539,0,96.19,0,0,0,0.10177406,0.3366689,0.8067961,0.034802165,0.022672407,0.28153652,0.055405866,0.020827606,0.009612268,0.14247027,0.021352176,0.35739982,0.33507457,0.94573575,0.8808589,0.017403197,0.04772055,0.14150599,0.019011756,0.019924972,0.083980486,0.020346764,0.09986328,0.015094491,0.12248651,0.035909772,0.024977256,0.020263543,0.09519873,0.23156814,0.065227196,-5.4149833,2.326088,-13.104437,3.3972828,-17.836279,2.274957,-0.7365371,82.83939,-3.500383,-3.544616,32.196836555360285,41.792618629173994,48.55887521968366,61.37082601054482,63.44463971880493,83.09314586994728,22.601054481546576,65.69420035149385,47.59226713532514,25.869947275922673,37.188049209138846,27.908611599297014,21.40597539543058,52.12653778558876,42.81195079086116,27.275922671353253,84.88576449912128,56.695957820738144,18.066783831282955,24.534270650263622,20.949033391915645,40.98418277680141,83.65553602811951,82.14411247803164,89.8066783831283,25.58875219683656,62.46045694200352,75.2548330404218,76.59050966608085,49.42003514938489,54.30579964850616,47.521968365553604,68.29525483304043,17.363796133567664,36.30931458699473,49.2091388400703,72.51318101933217,58.98066783831283,42.63620386643234,72.40773286467487,14.200351493848858,27.24077328646749,26.08084358523726,16.766256590509666,12.759226713532515,28.119507908611602,22.39015817223199,39.40246045694201,20.667838312829527,58.875219683655544,41.968365553602816,7.135325131810194
O=C(O)c1ccc(NC(=O)c2cnccc2CCc2ccccc2)cc1,gen_01866,346.38599999999997,3.817300000000003,3,2,4.0,0.7110652089680413,0,79.29,0,0,0,0.024574097,0.20093748,0.89136124,0.13544896,0.43192655,0.4990851,0.6057323,0.04063958,0.08762451,0.3303474,0.11668742,0.37776396,0.13602388,0.9450644,0.9881738,0.0074910196,0.042211533,0.114119746,0.09646778,0.10677602,0.28845447,0.18240435,0.39490888,0.4073325,0.24202533,0.042491533,0.035195757,0.4319479,0.099197075,0.2097383,0.32998195,-5.068322,46.58999,26.574112,2.1050236,-13.910013,2.046341,1.283243,99.88126,-4.8746433,-6.390348,52.829525483304046,74.13005272407733,32.653778558875224,61.37082601054482,63.44463971880493,76.80140597539544,22.601054481546576,53.602811950790866,47.59226713532514,25.869947275922673,37.188049209138846,6.643233743409491,13.462214411247805,75.78207381370827,60.17574692442883,82.56590509666081,98.31282952548331,93.00527240773287,26.85413005272408,57.99648506151143,40.105448154657296,60.105448154657296,85.65905096660809,59.613356766256594,89.701230228471,38.73462214411248,39.332161687170476,70.896309314587,72.86467486818981,74.76274165202109,87.17047451669596,89.8066783831283,93.88400702987698,29.947275922671356,74.02460456942003,66.15114235500879,74.79789103690686,64.78031634446398,84.92091388400704,73.04042179261863,12.161687170474519,52.72407732864675,41.44112478031635,61.26537785588753,51.17750439367312,25.623901581722322,42.07381370826011,25.65905096660809,49.63093145869948,88.8224956063269,16.30931458699473,1.7574692442882252
O=C(Nc1ccc(C(=O)O)c(F)c1)c1cccc(-c2ccc(F)c(OC(F)(F)F)c2)n1,gen_01903,438.30800000000005,4.8759000000000015,4,2,4.0,0.5549259901126955,0,88.52000000000001,0,0,0,0.15167108,0.25490087,0.9156027,0.27036434,0.14889641,0.44444332,0.28873998,0.03320674,0.016889583,0.30582038,0.020645853,0.5539355,0.1386848,0.9935789,0.97322255,0.008412054,0.04313469,0.3838843,0.05369544,0.0391428,0.17392674,0.11772291,0.46688098,0.36904868,0.32095736,0.07014003,0.014497464,0.43810076,0.13963127,0.3050996,0.24083814,-4.6373963,20.836466,23.542807,63.828194,-10.71483,3.212626,2.8237479,103.93233,-6.1294556,-5.4296103,73.67311072056239,87.45166959578208,48.55887521968366,61.37082601054482,63.44463971880493,54.41124780316345,22.601054481546576,60.140597539543066,47.59226713532514,25.869947275922673,37.188049209138846,38.31282952548331,15.922671353251319,84.3585237258348,71.07205623901582,59.29701230228471,96.83655536028121,80.38664323374341,24.28822495606327,32.4780316344464,38.03163444639719,40.421792618629176,95.32513181019333,60.00000000000001,98.76977152899825,34.16520210896309,42.284710017574696,71.81019332161688,89.94727592267137,64.99121265377856,69.94727592267137,79.78910369068542,89.8066783831283,32.68892794376099,72.30228471001759,72.23198594024605,81.33567662565906,48.295254833040424,85.16695957820738,78.80492091388402,21.968365553602816,45.62390158172232,71.14235500878735,38.45342706502637,47.94376098418278,87.27592267135326,65.13181019332163,88.6115992970123,76.48506151142355,95.04393673110721,3.19859402460457,2.81195079086116
Cc1nccn1-c1ccc(Cc2c(O)c(C(=O)O)c3ccc(Cl)cn23)cc1,gen_01905,381.819,4.081420000000003,3,2,4.0,0.5578422644843773,0,79.75999999999999,0,0,0,0.10473666,0.2643821,0.8895572,0.21256442,0.29326692,0.4279403,0.43192488,0.07057383,0.13440995,0.43151897,0.27656847,0.36385024,0.3604076,0.92605287,0.9609146,0.019160505,0.0625915,0.27050528,0.11821201,0.061267268,0.15225182,0.11972024,0.41449532,0.29058176,0.26968467,0.076052524,0.037547663,0.2504812,0.17264001,0.22375889,0.4590625,-5.1875353,13.0087,1.0426201,19.990091,-14.585658,2.6274562,0.5791794,93.754326,-3.972747,-1.7062099,61.08963093145871,78.06678383128296,32.653778558875224,61.37082601054482,63.44463971880493,54.55184534270651,22.601054481546576,53.743409490333924,47.59226713532514,25.869947275922673,37.188049209138846,28.471001757469246,16.55536028119508,75.1493848857645,66.57293497363797,73.88400702987698,96.2390158172232,87.20562390158173,37.82073813708261,65.62390158172232,48.822495606326896,72.61862917398946,84.14762741652022,83.9718804920914,86.4323374340949,32.337434094903344,64.74516695957821,83.12829525483305,85.72934973637962,77.89103690685414,79.54305799648508,75.21968365553603,89.9121265377856,30.509666080843587,68.36555360281196,68.40070298769773,82.35500878734622,66.4323374340949,76.87170474516697,82.03866432337435,13.532513181019333,60.52724077328647,36.48506151142355,29.314586994727595,25.237258347978912,57.785588752196844,37.609841827768015,61.72231985940247,39.82425307557118,76.20386643233743,33.00527240773287,19.82425307557118
O=C(O)c1ccccc1Cn1cccc1CC1CNCC(C(=O)O)C1=O,gen_01909,356.3780000000001,1.2664,4,3,4.0,0.6727338819740241,2,108.63,0,1,0,0.054695733,0.2806111,0.66419727,0.004411516,0.042669322,0.10086258,0.03089181,0.01032423,0.058033146,0.085654095,0.0037648298,0.3613275,0.24518085,0.41772264,0.3584808,0.005815341,0.042081792,0.0074257366,0.0025937515,0.017142095,0.09665473,0.0050360877,0.013186607,0.0039993725,0.033754162,0.0034228475,0.0026728895,0.0014849475,0.0077510267,0.2859767,0.06136149,-6.1929483,-21.395508,-12.972054,3.071277,-21.345942,2.4735417,-2.1893082,56.42196,-2.3356726,-3.52753,54.86818980667839,34.797891036906854,48.55887521968366,78.20738137082601,63.44463971880493,70.72056239015818,69.84182776801407,73.11072056239017,47.59226713532514,66.52021089630932,37.188049209138846,14.657293497363797,17.891036906854133,28.471001757469246,23.550087873462218,37.89103690685413,37.46924428822496,48.471001757469246,13.005272407732866,51.564147627416524,13.74340949033392,27.205623901581724,84.00702987697716,74.62214411247804,50.86115992970124,13.145869947275925,31.634446397188054,70.7908611599297,34.024604569420035,21.47627416520211,50.22847100175748,55.04393673110721,45.58875219683656,8.471001757469246,25.483304042179263,18.66432337434095,32.12653778558875,17.891036906854133,16.133567662565905,26.01054481546573,19.332161687170476,26.60808435852373,11.353251318101934,4.92091388400703,12.864674868189807,27.346221441124783,14.235500878734623,52.30228471001758,7.451669595782074,33.18101933216169,64.88576449912127,7.240773286467488
O=C(O)c1ccc2c(c1)CC1CC(O)(C(F)(F)F)C(C(=O)OCc3ccccc3)CC1O2,gen_01946,450.40900000000016,3.7513000000000023,5,2,4.0,0.689657630826335,4,93.06,0,0,0,0.04468756,0.36075503,0.8956226,0.08539288,0.479706,0.55034727,0.5333506,0.055474795,0.04204943,0.5221983,0.06837293,0.37954074,0.07115041,0.9254624,0.9920295,0.007826323,0.02313573,0.05212619,0.1087049,0.09574628,0.23637052,0.38201976,0.61133766,0.4893942,0.2846282,0.029628655,0.0409978,0.50879484,0.10596424,0.33522922,0.28622425,-5.0215683,5.3423777,25.893742,5.203209,-12.488389,3.9211528,2.0550606,99.93239,-4.65961,-4.923047,75.64147627416521,73.25131810193322,61.880492091388405,61.37082601054482,63.44463971880493,73.28646748681899,81.28295254833041,63.65553602811951,47.59226713532514,25.869947275922673,37.188049209138846,11.985940246045695,22.70650263620387,77.3286467486819,53.32161687170475,84.21792618629175,99.26186291739896,90.86115992970124,32.16168717047452,46.60808435852373,58.277680140597546,53.32161687170475,85.79964850615114,40.878734622144115,86.39718804920915,41.195079086115996,40.597539543058,46.22144112478032,63.16344463971881,76.37961335676626,86.11599297012303,86.57293497363797,98.34797891036908,38.80492091388401,77.4340949033392,69.56063268892795,69.84182776801407,68.11950790861161,88.29525483304043,74.23550087873463,25.37785588752197,49.49033391915642,44.11247803163445,19.964850615114237,50.43936731107206,31.45869947275923,51.107205623901585,97.92618629173991,63.47978910369069,88.92794376098419,19.718804920913886,3.4446397188049214
O=C(O)CCc1ccc(-c2ccc(Oc3ccccc3)cc2)[nH]c1=O,gen_01964,335.35900000000004,3.8514000000000026,3,2,4.0,0.7169067798710324,0,79.39,0,0,0,0.18368363,0.47455987,0.89766943,0.19958925,0.21442032,0.53375655,0.25179675,0.0809807,0.030369312,0.36700433,0.028514985,0.40940753,0.18972331,0.93123853,0.97274315,0.017185498,0.05575929,0.17266198,0.053486753,0.07843439,0.26753378,0.19600056,0.42866927,0.23770256,0.1949819,0.07696621,0.0239699,0.17792368,0.09790498,0.36377037,0.23942383,-4.9076653,31.47705,2.9070556,-6.696083,-14.090413,2.2681904,0.8471182,98.68976,-4.427863,-6.0136228,50.333919156414765,74.62214411247804,32.653778558875224,61.37082601054482,63.44463971880493,77.36379613356767,22.601054481546576,53.63796133567663,47.59226713532514,25.869947275922673,37.188049209138846,44.07732864674868,30.896309314586997,77.78558875219684,65.69420035149385,66.74868189806679,98.91036906854131,78.73462214411248,41.792618629173994,41.26537785588753,43.02284710017575,43.79613356766257,88.11950790861161,68.64674868189807,87.1353251318102,34.09490333919157,62.284710017574696,80.17574692442884,79.15641476274166,64.85061511423551,83.19859402460457,88.8224956063269,94.37609841827769,31.107205623901585,64.63971880492092,60.84358523725835,82.53075571177506,58.31282952548331,72.05623901581723,72.82952548330405,29.384885764499124,45.51845342706503,52.26713532513182,49.912126537785596,26.99472759226714,11.458699472759228,40.80843585237259,39.12126537785589,43.55008787346222,86.32688927943762,23.90158172231986,2.179261862917399
O=C(O)CC1(NCc2ccc(C(=O)O)cc2)C2CCC(C(=O)c3ccc(Cl)c(Cl)c3)CC21,gen_01975,476.3560000000002,4.923700000000004,4,3,4.0,0.4674598614532775,4,103.70000000000002,0,0,0,0.1182459,0.23562148,0.72661066,0.13297585,0.29663405,0.27149025,0.3884477,0.045951806,0.33979768,0.43289733,0.28136086,0.44786024,0.39171237,0.70661306,0.67984027,0.0255254,0.05935546,0.065219894,0.08171562,0.08398451,0.16362447,0.14933375,0.15850367,0.22575395,0.20013447,0.0349952,0.035719655,0.11029923,0.10557975,0.30731392,0.50064844,-5.3793783,-0.4304329,-1.6302971,23.311533,-17.421396,2.9120643,-0.2971057,95.85248,-4.394769,-2.7658024,79.78910369068542,87.83831282952549,48.55887521968366,78.20738137082601,63.44463971880493,42.21441124780317,81.28295254833041,69.94727592267137,47.59226713532514,25.869947275922673,37.188049209138846,31.739894551845346,15.184534270650264,37.152899824253076,59.75395430579965,74.0597539543058,83.44463971880492,85.27240773286468,28.998242530755714,79.36731107205624,48.927943760984185,72.82952548330405,90.61511423550088,85.76449912126539,66.22144112478033,19.121265377855888,71.84534270650265,81.6871704745167,66.50263620386644,72.12653778558875,84.14762741652022,78.20738137082601,92.16168717047452,20.246045694200355,63.93673110720563,61.61687170474517,71.91564147627417,65.09666080843586,65.48330404217927,74.20035149384887,22.1792618629174,62.84710017574693,27.346221441124783,15.008787346221443,22.601054481546576,62.03866432337435,23.936731107205627,78.34797891036908,25.940246045694202,80.31634446397189,24.42882249560633,11.282952548330405
O=C(O)c1ccc(CCc2ncc3cccc(OCc4cccc(O)c4F)c3n2)cc1,gen_01993,418.4240000000001,4.536900000000004,5,2,4.0,0.4578988355601164,0,92.54,0,0,0,0.09437489,0.17121148,0.8132659,0.2966208,0.4185113,0.3394521,0.48363715,0.044197854,0.1769011,0.3728149,0.18567818,0.38731602,0.22992083,0.9214152,0.9725529,0.014115499,0.05365961,0.34540004,0.19405442,0.17028522,0.33906174,0.18016744,0.3963233,0.44121867,0.42091313,0.121565044,0.07930005,0.58824325,0.2384816,0.29968652,0.4739088,-5.1702905,44.923496,31.583492,-17.719456,-14.334271,2.6453185,1.6382358,102.77986,-4.810665,-8.199277,69.8066783831283,84.21792618629175,61.880492091388405,61.37082601054482,63.44463971880493,41.26537785588753,22.601054481546576,63.16344463971881,47.59226713532514,25.869947275922673,37.188049209138846,26.22144112478032,11.915641476274166,53.427065026362044,72.47803163444641,82.10896309314587,91.45869947275924,89.45518453427066,28.330404217926187,69.84182776801407,43.44463971880492,66.5377855887522,86.57293497363797,73.04042179261863,85.83479789103691,34.09490333919157,57.188049209138846,78.87521968365554,88.75219683655537,85.90509666080844,92.19683655536029,92.51318101933217,93.77855887521969,30.017574692442885,75.43057996485062,78.73462214411248,88.54130052724078,80.42179261862918,90.96660808435853,87.2407732864675,21.265377855887525,61.335676625659055,37.11775043936731,60.246045694200355,55.39543057996485,2.6362038664323375,39.08611599297013,62.91739894551846,55.782073813708266,93.28646748681899,17.188049209138843,1.0544815465729351
Cc1ccc(-c2cc(-c3cncs3)ccn2)cc1C(=O)Nc1ccc(C(=O)O)nc1,gen_02009,416.46200000000016,4.526020000000003,6,2,4.0,0.4953305333418162,0,105.07000000000001,0,0,0,0.0558837,0.11998,0.8534317,0.20204702,0.06427375,0.29128012,0.21964815,0.015753532,0.037567258,0.20341726,0.19940218,0.4789136,0.42369595,0.9957059,0.9223177,0.012428818,0.062122274,0.57093906,0.068503164,0.028374042,0.12190058,0.041819267,0.18587653,0.12736754,0.33878013,0.12124002,0.02038192,0.2072268,0.2330708,0.12083645,0.31627733,-5.464025,18.294788,8.600332,37.99635,-17.813828,2.1583037,0.40502816,96.04698,-4.494939,-5.3301897,69.3145869947276,84.11247803163445,72.46045694200352,61.37082601054482,63.44463971880493,45.799648506151144,22.601054481546576,70.96660808435853,47.59226713532514,25.869947275922673,37.188049209138846,15.114235500878737,9.068541300527242,64.4639718804921,65.90509666080844,44.39367311072056,86.29173989455185,76.8365553602812,15.395430579964852,44.74516695957821,26.99472759226714,67.59226713532514,92.44288224956064,87.76801405975397,99.12126537785589,28.014059753954307,53.35676625659051,82.95254833040423,94.51669595782074,69.03339191564149,62.319859402460466,66.88927943760984,77.85588752196837,21.652021089630935,55.7469244288225,73.42706502636204,88.54130052724078,55.53602811950791,74.34094903339192,86.81898066783832,4.885764499121266,51.63444639718806,24.74516695957821,35.008787346221446,32.26713532513181,74.72759226713534,22.49560632688928,32.196836555360285,36.62565905096661,80.77328646748683,22.81195079086116,2.9173989455184537
O=C(O)CC(Cn1c(O)c(Cc2ccc(OCc3ccccc3)cc2)[nH]c1=O)c1ccccc1,gen_02061,458.51400000000007,4.310300000000003,4,3,4.0,0.3284986316350758,1,104.54999999999998,0,0,0,0.05441337,0.1963151,0.80837727,0.052933484,0.5248592,0.47279572,0.68126905,0.03962432,0.105843425,0.6058811,0.3980467,0.4331661,0.08561998,0.87289447,0.9861642,0.011909073,0.020816926,0.037073053,0.15216348,0.14434312,0.26925683,0.5219975,0.46509305,0.67177474,0.41267365,0.050155807,0.12739691,0.5252924,0.19349375,0.3292479,0.5129899,-5.368637,28.818747,16.24321,-29.753475,-16.4694,2.798277,1.3715631,100.76556,-4.6607394,-9.517632,77.22319859402461,81.61687170474518,48.55887521968366,78.20738137082601,63.44463971880493,24.04217926186292,55.32513181019333,70.47451669595783,47.59226713532514,25.869947275922673,37.188049209138846,14.516695957820739,13.11072056239016,52.44288224956064,47.381370826010546,86.22144112478033,97.75043936731107,94.34094903339192,26.29173989455185,61.44112478031635,68.26010544815466,78.69947275922672,89.73637961335677,46.57293497363796,79.22671353251319,37.68014059753955,51.84534270650264,42.07381370826011,58.101933216168725,82.00351493848858,90.82601054481547,88.96309314586996,99.22671353251319,32.58347978910369,84.07732864674868,78.48857644991213,77.68014059753955,87.27592267135326,88.85764499121267,84.04217926186293,24.81546572934974,63.55008787346222,27.768014059753956,47.27592267135326,40.45694200351494,0.5272407732864676,27.346221441124783,71.81019332161688,51.17750439367312,90.4042179261863,19.718804920913886,0.6678383128295255
O=C(O)CCC(O)c1cccc(-c2ccc(Oc3ccccc3)cc2)n1,gen_02103,349.386,4.439100000000003,4,2,4.0,0.6590883685774847,1,79.65,0,0,0,0.09969734,0.6083625,0.90872973,0.37790123,0.36844027,0.5973296,0.35010263,0.12456232,0.06517029,0.43493348,0.022230253,0.43594036,0.19219406,0.90082437,0.9853171,0.0090871155,0.034020446,0.19174741,0.06601173,0.084784314,0.28662884,0.2585948,0.56288254,0.32643154,0.21167675,0.061801016,0.02377626,0.2507937,0.078532286,0.3272265,0.33227268,-4.992664,32.736614,2.6451805,-6.644307,-12.996376,2.3397775,1.0707617,97.764786,-3.874396,-3.7447364,53.25131810193322,83.12829525483305,48.55887521968366,61.37082601054482,63.44463971880493,68.40070298769773,55.32513181019333,53.70826010544816,47.59226713532514,25.869947275922673,37.188049209138846,27.381370826010546,40.80843585237259,82.35500878734622,76.06326889279438,78.87521968365554,99.64850615114236,83.72583479789104,54.235500878734626,53.35676625659051,49.10369068541301,41.40597539543058,89.84182776801407,69.03339191564149,82.91739894551846,37.188049209138846,44.56942003514939,62.07381370826011,80.42179261862918,68.7170474516696,84.32337434094904,89.701230228471,96.30931458699473,36.62565905096661,69.98242530755712,62.98769771528999,79.89455184534272,58.13708260105449,76.87170474516697,68.64674868189807,24.639718804920918,52.970123022847105,46.08084358523726,51.247803163444644,26.678383128295255,11.493848857644993,48.04920913884008,43.30404217926187,46.467486818980674,84.53427065026362,34.797891036906854,6.608084358523726
CCC(CC(Nc1cnn(Cc2cccc(CC(=O)O)c2)c1)c1ccc(Cl)cc1)C(=O)O,gen_02107,455.9420000000001,4.866000000000003,4,3,4.0,0.3808715055849198,2,104.45,0,0,0,0.041747592,0.123564914,0.87300825,0.064198,0.4193797,0.42610383,0.58820105,0.031148147,0.1321185,0.4215296,0.363411,0.4613495,0.27063248,0.91195023,0.84695184,0.009350454,0.033873275,0.065849915,0.0817904,0.038499705,0.10402051,0.16941461,0.18194112,0.24600002,0.16740772,0.019366188,0.024520228,0.084439516,0.06915233,0.19628635,0.37189132,-5.5831213,9.733536,1.703199,15.859342,-18.043941,2.6487193,0.49796754,96.016335,-4.3084154,-0.0033266544,76.80140597539544,87.34622144112478,48.55887521968366,78.20738137082601,63.44463971880493,30.720562390158175,69.84182776801407,70.36906854130054,47.59226713532514,25.869947275922673,37.188049209138846,11.107205623901583,9.314586994727593,69.38488576449913,49.77152899824254,82.1792618629174,96.09841827768015,92.51318101933217,23.2688927943761,65.27240773286468,48.01405975395431,77.29349736379613,91.66959578207383,76.62565905096662,84.28822495606327,24.04217926186292,45.342706502636204,61.89806678383129,66.60808435852373,72.16168717047452,69.59578207381371,58.840070298769774,93.25131810193322,21.511423550087876,65.30755711775045,57.36379613356767,63.72583479789104,58.699472759226715,62.108963093145874,66.25659050966608,10.93145869947276,55.922671353251324,22.10896309314587,25.553602811950793,25.940246045694202,50.790861159929705,21.511423550087876,63.02284710017575,38.523725834797894,80.7029876977153,26.186291739894553,34.97363796133568
O=C(O)c1cccc(CNc2ccc3ncc(C4CC4)cc3c2)c1,gen_02147,318.37600000000003,4.422500000000003,3,2,4.0,0.7306498594762748,0,62.22,0,0,0,0.2810978,0.4212823,0.84659004,0.4026286,0.26373446,0.35825765,0.25474522,0.122065306,0.15680987,0.39406252,0.11058198,0.33784565,0.39306635,0.8720412,0.9687603,0.038188674,0.07453468,0.42804822,0.14696722,0.10286139,0.2668858,0.12150085,0.5208622,0.30390826,0.3257085,0.15244707,0.06112356,0.36383605,0.21383607,0.3580933,0.4623948,-5.1223416,34.86914,20.117502,20.08725,-13.536901,2.415004,1.7267008,99.7616,-4.8173804,-2.1962535,46.50263620386644,82.8822495606327,32.653778558875224,61.37082601054482,63.44463971880493,79.15641476274166,22.601054481546576,40.03514938488577,47.59226713532514,25.869947275922673,37.188049209138846,58.20738137082601,27.24077328646749,62.35500878734623,77.29349736379613,71.24780316344464,92.86467486818981,78.80492091388402,53.602811950790866,68.18980667838314,45.58875219683656,59.57820738137083,82.00351493848858,85.79964850615114,79.19156414762742,33.5676625659051,79.15641476274166,86.74868189806679,91.10720562390159,81.47627416520211,86.92442882249561,88.8224956063269,90.08787346221442,34.97363796133568,69.03339191564149,72.51318101933217,91.21265377855889,76.20386643233743,82.24956063268894,85.76449912126539,28.330404217926187,60.597539543058005,39.5079086115993,52.89982425307558,45.27240773286468,57.89103690685413,44.42882249560633,48.08435852372584,57.04745166959579,88.54130052724078,17.082601054481547,15.711775043936733
O=C(O)C(Cc1ccccc1)NCc1nc(CCc2ccccc2)no1,gen_02172,351.40600000000006,2.6403000000000008,5,2,4.0,0.616080834352447,1,88.25,0,0,0,0.17504553,0.67465717,0.92155933,0.029308442,0.31154972,0.45061183,0.24598646,0.119834565,0.054111212,0.5937968,0.30752152,0.42454013,0.1856961,0.81609356,0.998682,0.0057777264,0.01662362,0.033211846,0.012751083,0.0064777434,0.070996635,0.036261585,0.7563455,0.21931648,0.07637304,0.006703491,0.0075922073,0.007638159,0.010281337,0.3406736,0.44952363,-5.519906,26.852219,19.784225,-27.827795,-14.202907,2.6201973,0.8237268,95.29592,-3.723641,-5.8198485,53.67311072056239,55.289982425307564,61.880492091388405,61.37082601054482,63.44463971880493,62.17926186291741,55.32513181019333,59.929701230228474,47.59226713532514,25.869947275922673,37.188049209138846,42.14411247803164,46.29173989455185,86.6432337434095,40.98418277680141,75.04393673110721,96.94200351493849,78.34797891036908,53.0755711775044,50.50966608084359,66.88927943760984,74.51669595782074,89.3145869947276,67.87346221441125,73.91915641476275,53.84885764499122,31.493848857644995,34.09490333919157,56.695957820738144,43.79613356766257,23.866432337434098,39.82425307557118,75.78207381370827,48.08435852372584,63.47978910369069,37.188049209138846,43.30404217926187,35.39543057996485,33.18101933216169,29.982425307557122,25.90509666080844,60.281195079086125,23.374340949033392,45.27240773286468,44.81546572934974,0.7381370826010546,40.0,61.37082601054482,43.198594024604574,79.40246045694201,37.78558875219684,2.460456942003515
O=C(O)C(Cc1ccccc1Cc1ccccc1)ONc1ccccc1,gen_02214,347.41400000000004,4.316800000000003,3,2,4.0,0.596036938361053,1,58.56,0,1,0,0.18142495,0.5551394,0.8686104,0.19555175,0.723038,0.52825356,0.64172757,0.118999064,0.18179652,0.62841856,0.2107342,0.38627762,0.14000008,0.84533536,0.99823827,0.008139079,0.016914861,0.11664544,0.16046147,0.12713541,0.3224417,0.3851171,0.70378745,0.6953055,0.4072327,0.049603786,0.09224411,0.5915249,0.1402643,0.49111477,0.5953407,-4.968548,41.046284,22.938484,-9.582606,-10.775963,2.644614,2.0629134,102.94881,-4.5173717,-6.4378953,52.93497363796134,81.6871704745167,32.653778558875224,61.37082601054482,63.44463971880493,59.40246045694201,55.32513181019333,37.188049209138846,47.59226713532514,66.52021089630932,37.188049209138846,43.40949033391916,37.04745166959579,68.26010544815466,65.13181019332163,92.51318101933217,98.80492091388402,93.70826010544816,52.75922671353252,70.36906854130054,70.82601054481547,68.54130052724078,86.4323374340949,60.246045694200355,76.2390158172232,51.564147627416524,41.44112478031635,34.93848857644991,73.0755711775044,82.95254833040423,88.96309314586996,91.77504393673111,98.38312829525483,44.3585237258348,85.13181019332163,78.13708260105449,77.60984182776802,82.39015817223199,91.0017574692443,78.87521968365554,45.20210896309315,67.24077328646749,47.76801405975396,57.750439367311074,47.59226713532514,8.1195079086116,64.74516695957821,62.84710017574693,63.65553602811951,93.42706502636204,22.39015817223199,1.7574692442882252
O=C(O)Cc1ccc(NC(Cc2ccc(-c3ccccc3)cc2)C(=O)O)cc1,gen_02229,375.4240000000001,4.0885000000000025,3,3,4.0,0.5520382233399478,1,86.63000000000001,0,0,0,0.08696904,0.23159897,0.8863591,0.04389692,0.12836428,0.34217685,0.15836734,0.01922383,0.01852686,0.19851378,0.007986369,0.42541784,0.19820435,0.89423496,0.84900266,0.0054117995,0.03673981,0.04559287,0.0110397665,0.034201007,0.14608613,0.07155826,0.07798964,0.04071164,0.06574683,0.0166511,0.00498481,0.02072989,0.020738779,0.25779727,0.120459095,-5.644191,-5.9118667,-8.252787,30.77005,-17.681927,2.7857664,-0.60615516,97.9132,-4.38061,-7.3454885,59.68365553602813,78.17223198594026,32.653778558875224,78.20738137082601,63.44463971880493,53.95430579964851,55.32513181019333,59.03339191564148,47.59226713532514,25.869947275922673,37.188049209138846,24.323374340949037,15.079086115992972,73.77855887521969,45.342706502636204,56.379613356766264,91.81019332161688,72.26713532513182,17.3286467486819,33.88400702987698,26.60808435852373,32.93497363796134,89.34973637961336,69.66608084358525,82.10896309314587,24.18277680140598,29.736379613356767,65.72934973637962,61.195079086115996,41.6871704745167,66.60808435852373,73.28646748681899,84.3585237258348,15.992970123022848,43.971880492091394,33.25131810193322,61.15992970123023,28.049209138840073,42.95254833040422,42.882249560632694,16.203866432337435,33.602811950790866,20.597539543057998,11.24780316344464,16.203866432337435,68.85764499121267,23.19859402460457,70.86115992970123,22.671353251318102,84.78031634446398,24.74516695957821,1.40597539543058
O=C(O)C(Cc1c[nH]c(=O)c(Br)n1)OCCc1ccc(Br)cc1,gen_02239,446.09500000000014,2.549900000000001,4,2,4.0,0.6826751033451993,1,92.28,0,0,0,0.19367726,0.4243936,0.8846127,0.104571894,0.28879037,0.4848984,0.31538922,0.038174257,0.03414858,0.39004046,0.05100875,0.5207057,0.10224316,0.9550187,0.9112331,0.015188093,0.022848072,0.046814356,0.050289672,0.028378284,0.10321216,0.20651254,0.42301956,0.11828095,0.23027699,0.046470042,0.028261548,0.074659936,0.11349901,0.46459404,0.1271475,-5.481662,6.8933816,-1.8430191,4.989164,-16.237345,2.579528,-0.14409879,89.133316,-3.0869205,0.26709184,74.86818980667839,53.25131810193322,48.55887521968366,61.37082601054482,63.44463971880493,72.33743409490334,55.32513181019333,62.81195079086117,47.59226713532514,25.869947275922673,37.188049209138846,45.72934973637962,27.31107205623902,73.21616871704745,56.30931458699473,73.39191564147627,97.96133567662567,81.8980667838313,25.869947275922673,43.23374340949034,45.09666080843586,49.98242530755712,94.44639718804922,51.3884007029877,91.0017574692443,27.24077328646749,59.191564147627425,45.799648506151144,61.72231985940247,63.690685413005276,62.319859402460466,58.558875219683664,94.76274165202109,30.931458699472763,54.72759226713533,65.30755711775045,76.20386643233743,60.94903339191565,60.140597539543066,75.07908611599298,42.284710017574696,34.72759226713533,24.18277680140598,21.968365553602816,22.284710017574696,31.036906854130056,28.400702987697716,58.66432337434095,28.119507908611602,68.01405975395431,50.86115992970124,37.68014059753955
COc1ccc(CCn2c(=S)[nH]c3cc(C(=O)O)ccc3c2=O)cc1OC,gen_02271,386.42900000000014,3.017190000000001,5,2,4.0,0.6327555395400273,0,93.55,0,1,0,0.20194674,0.16174969,0.87189996,0.080640376,0.20742635,0.40944582,0.43315512,0.04909184,0.02842845,0.45164353,0.24388508,0.3257408,0.1358312,0.97635233,0.9632651,0.026003107,0.07091168,0.19262147,0.11983635,0.05244463,0.13747132,0.18289897,0.46963835,0.47992715,0.33016405,0.11554656,0.04701914,0.38666576,0.22124052,0.3116561,0.29310676,-5.2356515,25.681894,16.565075,-14.97883,-16.862942,2.2123523,-0.32427964,90.001854,-4.3790216,-5.932564,62.108963093145874,61.546572934973646,61.880492091388405,61.37082601054482,63.44463971880493,64.42882249560633,22.601054481546576,63.8664323374341,47.59226713532514,66.52021089630932,37.188049209138846,47.240773286467494,11.24780316344464,69.06854130052724,52.653778558875224,66.01054481546574,95.57117750439369,87.27592267135326,29.736379613356767,40.52724077328647,50.50966608084359,70.7908611599297,80.42179261862918,59.507908611599305,95.00878734622145,32.4780316344464,72.19683655536029,85.83479789103691,80.49209138840071,78.10193321616872,76.27416520210897,71.66959578207381,93.91915641476275,32.75922671353251,76.94200351493849,72.86467486818981,87.97891036906854,71.21265377855889,83.12829525483305,86.08084358523726,22.70650263620387,49.912126537785596,33.98945518453427,44.25307557117751,40.702987697715294,4.007029876977153,26.186291739894553,35.53602811950791,25.65905096660809,69.49033391915643,24.850615114235502,2.179261862917399
Cc1ccccc1CC(Nc1ccc(C(=O)O)cc1)C(=O)O,gen_02282,299.326,2.8010200000000003,3,3,4.0,0.7632446226921773,1,86.63000000000001,0,0,0,0.03469858,0.29157463,0.85067874,0.021444513,0.06247093,0.2602672,0.06858418,0.018003615,0.022652637,0.13652703,0.0026265085,0.3597608,0.17266569,0.7038231,0.82851,0.0031274229,0.028108561,0.02756856,0.0043416796,0.024160067,0.1038046,0.020342276,0.060239453,0.01225959,0.037839822,0.0053491667,0.0032363522,0.010731755,0.008039227,0.23472111,0.07066187,-5.6145988,3.5104682,0.15254669,21.206554,-16.856998,2.2940917,-1.2274882,92.152435,-3.81803,-2.722303,40.14059753954306,58.383128295254835,32.653778558875224,78.20738137082601,63.44463971880493,83.93673110720563,55.32513181019333,59.03339191564148,47.59226713532514,25.869947275922673,37.188049209138846,9.244288224956064,18.73462214411248,63.690685413005276,37.750439367311074,43.7609841827768,81.93321616871705,60.140597539543066,16.836555360281196,37.08260105448155,20.246045694200355,24.077328646748683,83.8664323374341,66.08084358523726,66.15114235500879,23.47978910369069,18.594024604569423,53.63796133567663,54.235500878734626,28.119507908611602,58.875219683655544,58.76977152899825,68.26010544815466,14.762741652021091,34.86818980667839,20.808435852372586,39.54305799648507,20.738137082601057,36.30931458699473,26.326889279437612,14.340949033391917,27.803163444639722,21.370826010544818,17.891036906854133,24.60456942003515,59.57820738137083,26.22144112478032,40.35149384885765,15.149384885764501,72.89982425307558,35.81722319859403,11.458699472759228
Cc1cccc(COc2ccc3c(c2)OC(O)(C(=O)O)CC3=O)c1,gen_02291,328.3200000000001,2.3124200000000004,5,2,4.0,0.8944893155400018,1,93.06,0,0,0,0.16806188,0.64813167,0.896842,0.29083377,0.4715476,0.5762538,0.4186879,0.13565479,0.07940542,0.5386812,0.11762267,0.44449252,0.18120316,0.89758044,0.9750131,0.020457799,0.04777067,0.14529732,0.09007376,0.053123087,0.16925919,0.31552625,0.68452996,0.3769173,0.26982182,0.07408039,0.03663505,0.24498077,0.108237386,0.3849529,0.32506,-5.4865236,10.875078,5.0718393,22.97401,-14.352182,2.4329648,-0.49762893,93.195786,-2.8657157,-1.6413395,48.75219683655536,48.89279437609842,61.880492091388405,61.37082601054482,63.44463971880493,98.76977152899825,55.32513181019333,63.65553602811951,47.59226713532514,25.869947275922673,37.188049209138846,40.84358523725835,44.147627416520216,77.68014059753955,72.12653778558875,84.00702987697716,99.43760984182778,86.50263620386644,57.82073813708261,56.16871704745167,59.824253075571185,60.17574692442883,90.36906854130054,67.24077328646749,82.63620386643234,34.55184534270651,66.71353251318102,75.28998242530757,76.8365553602812,73.81370826010546,76.55536028119509,79.15641476274166,97.4340949033392,42.95254833040422,72.65377855887523,68.43585237258348,82.03866432337435,65.83479789103691,76.55536028119509,74.41124780316345,31.845342706502638,52.196836555360285,24.11247803163445,26.92442882249561,28.927943760984185,61.61687170474517,38.98066783831283,49.279437609841835,23.690685413005273,74.93848857644991,55.149384885764505,20.492091388400706
CCOc1ccccc1OCCCC(=O)Nc1cccc(C(=O)O)c1,gen_02318,343.379,3.5812000000000017,4,2,4.0,0.6798734139482103,0,84.86,0,1,0,0.058641292,0.3884878,0.89286774,0.24927917,0.3368067,0.5220448,0.37558615,0.1048638,0.08507471,0.44058976,0.05741313,0.37484458,0.15567125,0.88603437,0.98003626,0.016869169,0.043185346,0.1600081,0.079797894,0.0796833,0.22377098,0.2248199,0.5686848,0.2949538,0.21773453,0.052799493,0.03993391,0.30604106,0.10323672,0.33331612,0.31129953,-4.862111,45.24752,24.010544,-15.961164,-12.904187,2.1931088,0.64992636,97.50649,-4.2948813,-4.471874,52.26713532513182,70.68541300527241,48.55887521968366,61.37082601054482,63.44463971880493,71.8804920913884,22.601054481546576,57.9261862917399,47.59226713532514,66.52021089630932,37.188049209138846,15.922671353251319,24.49912126537786,76.20386643233743,69.34973637961336,76.66080843585237,98.73462214411249,84.88576449912128,48.68189806678384,57.328646748681905,49.595782073813716,51.564147627416524,85.41300527240774,63.12829525483305,80.66783831282953,35.922671353251324,61.792618629173994,71.84534270650265,78.10193321616872,71.81019332161688,83.47978910369069,85.76449912126539,95.28998242530757,36.76625659050967,68.47100175746925,63.8664323374341,78.27768014059755,67.7328646748682,79.36731107205624,73.84885764499121,25.237258347978912,51.247803163444644,55.04393673110721,60.52724077328647,48.36555360281196,3.3743409490333924,48.36555360281196,34.27065026362039,40.94903339191565,83.9718804920914,26.502636203866434,4.288224956063269
Cc1cccc(CNc2cnccc2C(=O)O)c1C,gen_02345,256.305,3.0087400000000013,3,2,4.0,0.882312231511116,0,62.22,0,0,0,0.06682683,0.45772117,0.91568154,0.5594437,0.5467137,0.4611291,0.5359041,0.14750531,0.19266024,0.46536908,0.31399864,0.28155175,0.2785235,0.8709257,0.9952428,0.011625093,0.037721492,0.38137403,0.1357938,0.06354894,0.18939433,0.07223316,0.7254526,0.256868,0.24209094,0.06760853,0.04127426,0.34088778,0.098116845,0.23541121,0.47085243,-5.008054,48.254322,25.335684,-14.749173,-11.199072,1.942586,0.7523035,93.27521,-3.5979125,-0.9318584,28.927943760984185,61.47627416520211,32.653778558875224,61.37082601054482,63.44463971880493,97.99648506151144,22.601054481546576,40.03514938488577,47.59226713532514,25.869947275922673,37.188049209138846,18.277680140597543,29.806678383128297,84.39367311072057,82.56590509666081,86.88927943760984,97.39894551845343,90.93145869947277,59.964850615114244,70.96660808435853,52.02108963093146,74.90333919156416,74.37609841827769,77.50439367311073,79.0158172231986,44.8506151142355,51.28295254833041,66.85413005272409,89.77152899824254,80.24604569420036,80.14059753954307,82.10896309314587,84.49912126537787,45.659050966608085,66.22144112478033,66.15114235500879,80.8084358523726,68.26010544815466,80.87873462214412,72.82952548330405,14.411247803163446,61.08963093145871,44.920913884007035,62.741652021089635,49.98242530755712,4.2179261862917405,61.335676625659055,20.84358523725835,42.35500878734622,75.2548330404218,40.28119507908612,26.186291739894553
O=C(O)c1c(-c2ccc(Cl)cc2Cl)[nH]c(NCCCc2ccccc2)nc1=O,gen_02350,418.2800000000002,4.486600000000003,4,3,4.0,0.4918705166827575,0,95.07999999999998,0,1,0,0.039542265,0.44431043,0.92305183,0.41231552,0.5644817,0.5794007,0.6371583,0.08207506,0.21401067,0.4737583,0.101119116,0.6245558,0.22420701,0.9668419,0.98045444,0.009334562,0.026640499,0.18657205,0.09884484,0.037265483,0.14214826,0.2873,0.61811876,0.5454723,0.27489677,0.034724507,0.022104722,0.32891926,0.11840464,0.24864443,0.4918085,-5.020672,20.867298,7.263223,48.729916,-14.267466,2.411503,0.79656714,101.759315,-5.0662737,-2.734694,69.701230228471,83.69068541300528,48.55887521968366,78.20738137082601,63.44463971880493,45.20210896309315,22.601054481546576,64.81546572934974,47.59226713532514,66.52021089630932,37.188049209138846,10.474516695957822,28.541300527240775,87.27592267135326,77.82073813708261,87.48681898066785,99.43760984182778,93.56766256590511,42.21441124780317,72.02108963093147,52.86467486818981,58.383128295254835,97.50439367311073,72.65377855887523,93.35676625659052,36.13356766256591,45.27240773286468,51.423550087873465,80.0,75.04393673110721,68.99824253075572,72.54833040421794,96.87170474516697,39.05096660808436,79.43760984182778,68.8224956063269,71.81019332161688,57.04745166959579,80.49209138840071,75.64147627416521,15.360281195079088,62.35500878734623,44.18277680140598,38.48857644991213,31.036906854130056,80.77328646748683,39.43760984182777,47.94376098418278,42.84710017574693,91.70474516695958,13.42706502636204,11.423550087873464
Cn1cc(-c2ccc(CC(NC(CCc3ccccc3)CC(F)(F)F)C(=O)O)cc2)cn1,gen_02360,445.4850000000001,4.6262000000000025,3,2,4.0,0.4777461957953826,2,67.15,0,0,0,0.055198707,0.48737964,0.9106382,0.12176516,0.4631849,0.44130045,0.51648843,0.23459807,0.26292747,0.6847466,0.6471686,0.26449746,0.3467749,0.783188,0.99822795,0.00823282,0.027640939,0.10854387,0.062419485,0.020771975,0.088529125,0.05076447,0.7916686,0.600677,0.13928366,0.012047304,0.016653169,0.088009775,0.028740406,0.24015936,0.7705289,-5.6466494,14.89815,17.194813,1.9586653,-15.327031,2.8657305,1.643988,96.68327,-4.072319,-1.9892279,74.83304042179263,85.09666080843586,32.653778558875224,61.37082601054482,63.44463971880493,43.2688927943761,69.84182776801407,44.8506151142355,47.59226713532514,25.869947275922673,37.188049209138846,14.797891036906856,31.985940246045697,82.8822495606327,58.91036906854131,83.76098418277681,96.80140597539544,90.47451669595783,71.56414762741653,75.50087873462215,78.76977152899825,86.74868189806679,71.66959578207381,82.84710017574693,71.14235500878735,51.423550087873465,41.72231985940246,52.93497363796134,72.19683655536029,68.04920913884007,55.36028119507909,50.22847100175748,80.21089630931459,51.07205623901582,81.195079086116,52.37258347978911,55.2548330404218,51.35325131810194,62.70650263620387,49.77152899824254,14.868189806678384,76.66080843585237,20.597539543057998,31.212653778558877,41.26537785588753,25.4481546572935,33.391915641476274,75.7469244288225,55.782073813708266,82.21441124780317,30.790861159929705,17.469244288224957
O=C(O)C(O)c1ccc(CC(C(=O)O)c2cccc(-c3ccccn3)c2)c(Cl)c1,gen_02373,411.8410000000001,3.930900000000003,4,3,4.0,0.5432982287909527,2,107.72,0,0,0,0.016565027,0.17722061,0.843382,0.022568623,0.08319624,0.2962702,0.15239537,0.006857184,0.015449418,0.11893244,0.0066690706,0.4333209,0.18916287,0.8709501,0.66308326,0.0030718793,0.03038619,0.021791792,0.008180971,0.021451632,0.07738797,0.045879267,0.02937212,0.014883476,0.052678835,0.0077454085,0.0050819023,0.0069372742,0.018464288,0.16762589,0.051564235,-5.9332504,-15.846991,-16.343313,34.26921,-19.493183,2.690617,-1.3520114,87.87563,-3.1124008,-3.3997474,68.18980667838314,76.16871704745168,48.55887521968366,78.20738137082601,63.44463971880493,52.4780316344464,69.84182776801407,72.44288224956064,47.59226713532514,25.869947275922673,37.188049209138846,4.428822495606327,12.09138840070299,61.335676625659055,38.31282952548331,48.7170474516696,86.92442882249561,71.59929701230229,11.107205623901583,31.142355008787348,18.172231985940247,31.45869947275923,89.73637961335677,68.57644991212655,79.0158172231986,18.699472759226715,18.207381370826013,57.22319859402461,50.4042179261863,37.04745166959579,56.27416520210897,43.79613356766257,78.87521968365554,11.17750439367311,36.16871704745167,28.681898066783834,45.72934973637962,28.471001757469246,32.12653778558875,40.14059753954306,8.646748681898067,24.710017574692444,15.149384885764501,6.537785588752198,10.826010544815468,71.70474516695958,17.680140597539545,65.27240773286468,13.848857644991213,65.97539543057997,50.26362038664324,7.768014059753955
CC(Cc1ccc(-c2ccc(C(=O)O)cc2)cc1)C(=O)Nc1ccccc1C(=O)O,gen_02400,403.4340000000001,4.567300000000002,3,3,4.0,0.5361958161620284,1,103.7,0,0,0,0.07633201,0.12185377,0.8078292,0.120389774,0.17877097,0.28288406,0.31485143,0.009999676,0.025033396,0.1619691,0.017400792,0.5587798,0.16271657,0.9586638,0.8001796,0.0041401596,0.043066714,0.14410356,0.021612806,0.06263524,0.17698386,0.05225054,0.08047317,0.075319394,0.14732972,0.028601598,0.00895374,0.12223729,0.04037717,0.28206202,0.15255976,-5.2499566,10.358663,8.10499,23.00202,-15.822367,2.6332211,-0.36340842,101.51763,-4.9579706,-8.686384,66.01054481546574,84.49912126537787,32.653778558875224,78.20738137082601,63.44463971880493,51.107205623901585,55.32513181019333,69.94727592267137,47.59226713532514,25.869947275922673,37.188049209138846,21.54657293497364,9.244288224956064,52.37258347978911,58.734622144112485,63.057996485061516,84.99121265377856,81.8980667838313,12.864674868189807,38.59402460456943,22.81195079086116,39.156414762741655,95.74692442882251,64.14762741652022,91.70474516695958,22.601054481546576,23.72583479789104,71.77504393673111,76.73110720562391,51.21265377855888,79.89455184534272,80.28119507908612,80.56239015817224,16.2390158172232,49.876977152899826,54.02460456942004,69.34973637961336,38.91036906854131,67.02987697715291,56.27416520210897,19.086115992970125,37.750439367311074,33.427065026362044,26.39718804920914,31.810193321616875,61.61687170474517,30.36906854130053,62.03866432337435,25.27240773286468,91.35325131810194,15.079086115992972,0.8084358523725835
O=C(O)c1ccccc1C(=O)NCCc1cc(-c2ccc(C(F)(F)F)cc2)no1,gen_02402,404.344,4.031100000000002,4,2,4.0,0.647203322925304,0,92.42999999999999,0,0,0,0.120852545,0.3858097,0.91689813,0.3471455,0.44435644,0.58325416,0.56856465,0.09340911,0.04986518,0.48886698,0.12456723,0.4934012,0.119200945,0.9755435,0.98569405,0.018894553,0.043739446,0.21583521,0.13421251,0.058882404,0.18807256,0.28711343,0.6661376,0.46318197,0.32653242,0.08744953,0.03853225,0.42378888,0.18808858,0.30502287,0.31088966,-4.940711,22.100414,14.096509,17.78137,-11.144585,2.621386,1.2543019,98.60879,-4.3929596,-4.7893143,66.18629173989456,77.68014059753955,48.55887521968366,61.37082601054482,63.44463971880493,66.39718804920915,22.601054481546576,62.98769771528999,47.59226713532514,25.869947275922673,37.188049209138846,32.12653778558875,24.3585237258348,84.9560632688928,74.86818980667839,83.09314586994728,99.47275922671353,91.9859402460457,45.342706502636204,48.99824253075572,54.58699472759227,61.05448154657294,93.49736379613357,55.606326889279444,94.76274165202109,37.39894551845343,64.4639718804921,72.54833040421794,82.03866432337435,80.03514938488577,78.73462214411248,81.8980667838313,96.87170474516697,41.86291739894552,76.30931458699473,72.54833040421794,84.14762741652022,67.06502636203867,84.56942003514939,83.2688927943761,21.968365553602816,51.17750439367312,49.66608084358524,40.21089630931459,38.277680140597546,54.27065026362039,61.546572934973646,61.40597539543059,49.244288224956065,86.22144112478033,24.534270650263622,3.655536028119508
O=C(O)c1ccc(-c2ccc(-c3ccccc3)c(NC(C(=O)O)C3CCC3)c2)cn1,gen_02421,402.4500000000002,4.7790000000000035,4,3,4.0,0.5259638707406782,1,99.52000000000001,0,0,0,0.07328065,0.2386826,0.8679682,0.08649723,0.14035907,0.32528287,0.26850817,0.012164874,0.027815986,0.14589716,0.010792425,0.51839125,0.3779634,0.96931684,0.7739792,0.0054477756,0.0480246,0.15853533,0.016880006,0.028304422,0.12895235,0.04412224,0.0587318,0.051612854,0.09429755,0.02608833,0.005180024,0.035958994,0.03646647,0.18439129,0.15178615,-5.555104,-2.798201,-1.8079929,40.8446,-16.92384,2.701161,-0.4644381,98.84947,-4.4397836,-5.898774,65.83479789103691,86.78383128295256,48.55887521968366,78.20738137082601,63.44463971880493,49.8066783831283,55.32513181019333,67.41652021089631,47.59226713532514,25.869947275922673,37.188049209138846,20.316344463971884,15.325131810193323,67.97891036906854,53.427065026362044,58.31282952548331,90.26362038664324,79.7188049209139,14.024604569420037,40.31634446397189,21.265377855887525,35.07908611599297,94.44639718804922,85.0615114235501,93.63796133567664,21.86291739894552,30.017574692442885,75.3602811950791,77.89103690685414,47.76801405975396,62.24956063268893,69.03339191564149,78.45342706502637,14.481546572934976,46.151142355008794,42.53075571177505,68.15465729349737,28.752196836555363,50.333919156414765,54.1652021089631,9.806678383128297,37.609841827768015,22.601054481546576,13.251318101933217,22.31985940246046,76.27416520210897,25.799648506151144,65.94024604569421,24.147627416520212,86.60808435852374,23.72583479789104,2.2144112478031635
CCCCCCc1c(Cc2cccc(F)c2)[nH]c(C(=O)O)cc1=O,gen_02425,331.3870000000001,3.9258000000000024,2,2,4.0,0.7201892097391216,0,70.16,0,1,0,0.045513697,0.42150998,0.8684238,0.24592257,0.3484202,0.58004564,0.51602566,0.09493836,0.07699653,0.5579443,0.102691926,0.4512484,0.09743523,0.86325043,0.9795672,0.015704922,0.024992842,0.05681617,0.09293187,0.094594195,0.1683551,0.509855,0.6564577,0.36243975,0.30253255,0.03579061,0.073120035,0.32176203,0.132246,0.44567028,0.2843899,-4.866371,35.6304,15.189339,-3.2043839,-10.797728,2.282889,1.0026567,98.824265,-4.4162335,-2.7526364,49.49033391915642,76.02811950790861,17.10017574692443,61.37082601054482,63.44463971880493,77.85588752196837,22.601054481546576,46.924428822495614,47.59226713532514,66.52021089630932,37.188049209138846,12.33743409490334,27.275922671353253,68.18980667838314,69.10369068541301,77.71528998242532,99.43760984182778,90.47451669595783,45.86994727592268,55.88752196836556,62.21441124780317,58.66432337434095,90.82601054481547,49.98242530755712,78.03163444639719,35.85237258347979,60.07029876977153,49.13884007029878,64.3585237258348,74.09490333919157,85.97539543057998,79.0158172231986,99.22671353251319,41.23022847100176,72.05623901581723,70.61511423550088,72.47803163444641,78.98066783831284,80.0,77.71528998242532,39.89455184534271,49.3145869947276,54.833040421792624,53.46221441124781,39.43760984182777,16.836555360281196,64.42882249560633,39.82425307557118,45.4481546572935,86.50263620386644,24.077328646748683,11.353251318101934
O=C(O)c1cc2c(o1)C(O)(C(F)(F)F)c1ccccc1C2,gen_02427,298.216,2.6802,3,2,4.0,0.8488734764921735,1,70.67,0,0,0,0.0764258,0.5111946,0.92178375,0.08562408,0.113703296,0.50944936,0.1415308,0.037061445,0.0110062035,0.23083177,0.0021729048,0.48702097,0.067653194,0.925056,0.9750484,0.005508629,0.017303202,0.039237533,0.010723007,0.022995006,0.10592006,0.1066034,0.40291995,0.04296701,0.107133485,0.015981784,0.010845171,0.054663636,0.03209043,0.3511353,0.044527233,-4.897769,10.12949,-1.2439617,-1.4268337,-9.955853,2.5091841,-0.20210285,86.74098,-2.5497959,-1.4714426,39.71880492091389,56.02811950790861,32.653778558875224,61.37082601054482,63.44463971880493,95.00878734622145,55.32513181019333,47.11775043936731,47.59226713532514,25.869947275922673,37.188049209138846,21.581722319859406,33.5676625659051,86.67838312829527,53.32161687170475,53.98945518453428,98.5237258347979,70.96660808435853,25.342706502636204,26.256590509666083,30.861159929701234,22.74165202108963,93.14586994727593,39.75395430579965,86.29173989455185,34.55184534270651,30.263620386643236,35.571177504393674,58.91036906854131,41.23022847100176,57.89103690685413,59.648506151142364,88.7170474516696,30.158172231985944,44.49912126537786,45.9402460456942,60.49209138840071,42.63620386643234,55.99297012302285,51.81019332161688,27.451669595782075,22.95254833040422,52.75922671353252,26.186291739894553,23.12829525483304,19.859402460456945,71.17750439367312,54.27065026362039,27.381370826010546,63.93673110720563,60.597539543058005,22.1792618629174
O=C(O)c1cccc(C(=O)c2cc(-c3ccccc3)cc(-c3ccccc3CCO)c2)n1,gen_02436,423.4680000000002,4.879600000000004,4,2,4.0,0.41382473764603006,0,87.49,0,0,1,0.1193864,0.27220696,0.92549324,0.24285646,0.24086718,0.54764575,0.42059478,0.031410135,0.0197914,0.34624138,0.015161598,0.6326941,0.11078312,0.99319303,0.9830953,0.006526746,0.026696663,0.24007234,0.052426614,0.04941551,0.19684024,0.27807042,0.45706135,0.5361214,0.3087307,0.054004896,0.015542755,0.44202584,0.1015477,0.3252615,0.2721724,-5.0054975,31.999165,21.886297,48.598953,-13.777931,2.9059234,1.9595149,106.35008,-5.2976837,-7.391103,70.68541300527241,87.48681898066785,48.55887521968366,61.37082601054482,63.44463971880493,34.86818980667839,22.601054481546576,59.648506151142364,47.59226713532514,25.869947275922673,83.09314586994728,31.880492091388405,17.117750439367313,88.29525483304043,68.99824253075572,68.96309314586995,99.22671353251319,86.6432337434095,23.40949033391916,34.76274165202109,41.511423550087876,38.03163444639719,97.60984182776802,53.67311072056239,98.73462214411249,36.80140597539543,35.289982425307564,51.45869947275923,83.93673110720563,64.49912126537787,75.07908611599298,83.30404217926187,96.55536028119509,32.23198594024605,79.12126537785589,71.14235500878735,78.48857644991213,49.595782073813716,85.16695957820738,73.53251318101934,24.463971880492092,48.40070298769772,45.061511423550094,50.36906854130053,46.50263620386644,80.77328646748683,42.95254833040422,77.99648506151144,61.75746924428823,97.15289982425308,10.61511423550088,1.40597539543058
Cc1ncc2cc(-c3cc(C(C)C)cc(C(F)(F)F)c3)c(NCC(=O)O)nc2n1,gen_02504,404.3920000000001,4.638920000000003,5,2,4.0,0.6442225824487363,0,88.0,0,0,0,0.21532655,0.6279152,0.97199285,0.65096915,0.088494785,0.34003976,0.06890173,0.24684854,0.091392584,0.6277245,0.18911366,0.3973028,0.55908906,0.97080404,0.994342,0.0234534,0.04275215,0.44680247,0.062222056,0.018073577,0.15624936,0.021631282,0.8686005,0.19637474,0.24605039,0.12023167,0.008691689,0.09423861,0.15353248,0.15024863,0.7037008,-5.5059404,1.9911778,8.679948,28.431873,-13.528482,2.6761427,0.41028795,95.9776,-3.8073761,-2.510324,66.18629173989456,85.23725834797892,61.880492091388405,61.37082601054482,63.44463971880493,65.97539543057997,22.601054481546576,59.85940246045695,47.59226713532514,25.869947275922673,37.188049209138846,49.279437609841835,42.39015817223199,99.36731107205625,85.94024604569421,49.77152899824254,91.63444639718806,60.17574692442883,72.75922671353251,58.875219683655544,70.7908611599297,66.78383128295255,87.45166959578208,94.2706502636204,93.77855887521969,43.40949033391916,69.98242530755712,71.31810193321617,91.56414762741653,68.04920913884007,51.84534270650264,76.3444639718805,69.34973637961336,59.824253075571185,61.93321616871705,66.50263620386644,88.33040421792619,38.242530755711776,63.47978910369069,80.14059753954307,7.486818980667839,72.05623901581723,23.620386643233747,16.379613356766257,32.37258347978911,67.34622144112478,44.42882249560633,64.3585237258348,36.90685413005273,80.66783831282953,35.922671353251324,13.145869947275925
O=C(O)c1cccc(OCC(O)CCc2cccc(C(O)c3ccccn3)c2)c1,gen_02519,393.439,3.2340000000000018,5,3,4.0,0.5161129480144243,2,99.88000000000001,0,0,0,0.008072973,0.2101995,0.8823665,0.017659763,0.07377771,0.36312523,0.12106793,0.039358713,0.04915716,0.22823238,0.009453672,0.32700565,0.14308612,0.7203506,0.9462284,0.0028687841,0.023355652,0.0151860025,0.016648773,0.028465498,0.10659213,0.040874504,0.15340017,0.069695614,0.054939516,0.003291982,0.0059310035,0.04379708,0.010328548,0.1600987,0.14462139,-5.4408693,42.384983,19.632093,-15.5314,-16.05954,1.8828762,0.09678719,91.80467,-3.6753871,-2.3922462,64.18277680140598,64.74516695957821,61.880492091388405,78.20738137082601,63.44463971880493,48.43585237258348,69.84182776801407,67.83831282952549,47.59226713532514,25.869947275922673,37.188049209138846,2.1089630931458703,14.059753954305801,72.58347978910369,35.782073813708266,46.71353251318102,93.21616871704747,68.40070298769773,26.115992970123024,48.85764499121266,30.579964850615116,34.059753954305805,80.49209138840071,60.878734622144115,67.10017574692444,30.579964850615116,16.906854130052725,46.57293497363796,45.799648506151144,47.59226713532514,62.35500878734623,59.824253075571185,77.4340949033392,19.82425307557118,49.2091388400703,29.666080843585238,31.45869947275923,30.896309314586997,52.86467486818981,30.123022847100177,8.154657293497365,36.69595782073814,25.4481546572935,58.875219683655544,44.604569420035155,3.5149384885764503,29.279437609841832,17.996485061511425,32.26713532513181,72.47803163444641,38.91036906854131,14.094903339191566
O=C(O)CCc1ccc(COc2ccccc2)cc1NC(Cc1ccccc1)C(=O)O,gen_02536,419.47700000000015,4.390600000000003,4,3,4.0,0.4265986691512688,1,95.86,0,0,0,0.025544044,0.27758625,0.8926895,0.031955607,0.14627908,0.43942508,0.19341183,0.0472844,0.064691454,0.37719375,0.031007875,0.39154115,0.19608295,0.75791234,0.92964494,0.0048759026,0.027673114,0.019399991,0.018814359,0.040714435,0.14933011,0.16446169,0.17738266,0.14933905,0.08172673,0.006990213,0.008584772,0.033277143,0.018310215,0.2613213,0.27815986,-5.5651445,13.055609,9.3713045,5.600628,-16.387417,2.6578672,-0.33140266,101.00574,-4.2743554,-7.3919306,69.98242530755712,82.35500878734622,48.55887521968366,78.20738137082601,63.44463971880493,36.59050966608085,55.32513181019333,65.27240773286468,47.59226713532514,25.869947275922673,37.188049209138846,6.9244288224956065,17.715289982425308,76.13356766256591,41.75746924428823,59.191564147627425,96.69595782073814,75.04393673110721,29.349736379613358,53.32161687170475,44.00702987697716,44.56942003514939,86.99472759226714,69.38488576449913,69.73637961335677,28.681898066783834,27.205623901581724,52.970123022847105,48.927943760984185,49.279437609841835,70.7908611599297,74.30579964850615,92.86467486818981,21.265377855887525,58.066783831282955,39.08611599297013,43.90158172231986,37.99648506151143,49.244288224956065,39.96485061511424,16.62565905096661,48.89279437609842,22.31985940246046,29.314586994727595,32.86467486818981,32.056239015817226,27.697715289982426,63.40949033391916,25.58875219683656,90.61511423550088,26.85413005272408,1.40597539543058
O=C(O)C1C2CCC(CC1(O)c1cc(Cc3ccccc3)cc(-c3ccccc3)c1)O2,gen_02550,414.5010000000001,4.784100000000004,3,2,4.0,0.6303257139277764,4,66.76,0,0,0,0.09559983,0.31972235,0.9084368,0.026492935,0.27304503,0.53478134,0.31318355,0.05585466,0.024731014,0.532709,0.035595804,0.35593122,0.105933905,0.91893566,0.9881636,0.0059449137,0.02225613,0.0342179,0.07299418,0.08435193,0.22161074,0.41879454,0.4491511,0.56117076,0.24834165,0.034220666,0.029818196,0.3963345,0.07954597,0.30001745,0.33659998,-5.181183,10.800676,9.557276,17.072832,-13.386641,3.3753028,2.151954,102.54195,-4.763964,-5.5445356,68.78734622144113,86.78383128295256,32.653778558875224,61.37082601054482,63.44463971880493,64.14762741652022,81.28295254833041,44.56942003514939,47.59226713532514,25.869947275922673,37.188049209138846,26.432337434094904,20.351493848857647,82.2847100175747,39.929701230228474,72.091388400703,98.94551845342707,81.82776801405976,32.23198594024605,38.55887521968366,59.332161687170476,45.9402460456942,83.55008787346222,52.30228471001758,85.51845342706504,38.73462214411248,32.40773286467487,44.67486818980668,57.012302284710024,69.94727592267137,84.28822495606327,85.48330404217927,98.6291739894552,32.056239015817226,79.89455184534272,66.6432337434095,71.63444639718806,62.00351493848858,83.65553602811951,68.99824253075572,21.33567662565905,53.49736379613357,36.80140597539543,26.889279437609844,33.11072056239016,53.0755711775044,45.30755711775044,92.30228471001759,64.99121265377856,92.9701230228471,17.926186291739896,2.6010544815465733
O=C(O)c1nc(Nc2cccc(Cl)c2)cnc1-c1ccccc1,gen_02578,325.75500000000005,4.238800000000002,4,2,4.0,0.750093990383057,0,75.11,0,0,0,0.14440331,0.48196682,0.92584074,0.70890844,0.3453815,0.4327849,0.39945644,0.04356912,0.059603713,0.33826694,0.03769695,0.5238079,0.19347057,0.9926425,0.9926823,0.006827389,0.031126702,0.69471824,0.069092445,0.04334069,0.23852058,0.13778096,0.6925835,0.38250932,0.45544457,0.121184684,0.024390996,0.6284369,0.15533867,0.3710692,0.33787107,-4.88151,33.34675,7.033305,33.806797,-11.962694,2.112648,1.0727384,99.3235,-4.3801746,-2.2547271,48.26010544815466,80.49209138840071,48.55887521968366,61.37082601054482,63.44463971880493,82.21441124780317,22.601054481546576,50.650263620386646,47.59226713532514,25.869947275922673,37.188049209138846,36.76625659050967,31.45869947275923,88.36555360281196,87.94376098418279,77.4340949033392,96.41476274165203,85.72934973637962,28.049209138840073,51.9859402460457,40.94903339191565,46.67838312829526,94.51669595782074,69.20913884007031,98.66432337434095,41.75746924428823,36.30931458699473,58.20738137082601,96.87170474516697,69.17398945518454,72.33743409490334,86.74868189806679,91.24780316344464,43.58523725834798,72.93497363796135,81.12478031634447,88.54130052724078,58.523725834797894,91.95079086115994,80.31634446397189,30.298769771529003,53.602811950790866,53.88400702987698,51.70474516695958,30.931458699472763,71.42355008787347,55.21968365553603,29.349736379613358,46.5377855887522,87.45166959578208,24.850615114235502,15.043936731107207
O=C(O)Cc1cc2c(Cc3ccccc3)cc(-c3ccccc3)cc2c(=O)[nH]1,gen_02598,369.4200000000001,4.413000000000004,2,2,4.0,0.5472695787760682,0,70.16,0,0,0,0.22900455,0.33461803,0.901482,0.17762962,0.3064754,0.5605523,0.46515664,0.062125407,0.024668707,0.4214,0.06846206,0.47260422,0.11481893,0.9749196,0.9811376,0.024587281,0.051089596,0.14084207,0.081208654,0.09393737,0.2525005,0.36088166,0.5045967,0.523067,0.29930615,0.09811381,0.04296823,0.35201925,0.16688636,0.37452036,0.27917367,-5.0633326,19.940002,4.799617,24.044579,-14.53443,2.8574984,1.7249368,104.75041,-5.3382044,-9.985561,58.24253075571178,82.67135325131811,17.10017574692443,61.37082601054482,63.44463971880493,52.970123022847105,22.601054481546576,46.924428822495614,47.59226713532514,25.869947275922673,37.188049209138846,51.423550087873465,21.23022847100176,79.57820738137083,63.58523725834799,74.6572934973638,99.36731107205625,88.7170474516696,34.30579964850615,38.55887521968366,48.01405975395431,53.35676625659051,92.19683655536029,54.41124780316345,94.65729349736381,36.37961335676626,71.28295254833041,77.5395430579965,76.52021089630932,72.05623901581723,85.86994727592268,87.80316344463972,98.06678383128296,34.44639718804921,78.80492091388402,70.47451669595783,85.58875219683657,69.24428822495607,81.47627416520211,81.61687170474518,30.650263620386646,48.927943760984185,41.6871704745167,37.3286467486819,28.892794376098422,62.70650263620387,37.99648506151143,75.21968365553603,57.04745166959579,95.78207381370827,10.123022847100177,0.6326889279437611
O=C(O)c1cc2c(cc1NCc1ccc(F)cc1)-c1ccccc1C2,gen_02622,333.362,4.707200000000003,2,2,4.0,0.5686403666046123,0,49.33,0,0,0,0.41865665,0.4706784,0.88495696,0.47940153,0.3808406,0.4299891,0.3474289,0.114971995,0.07983585,0.49835315,0.08270998,0.3913235,0.21442547,0.94275224,0.99156034,0.030679652,0.047754526,0.43560705,0.14666924,0.11384249,0.32847697,0.2505475,0.67519903,0.60136044,0.42953068,0.17503247,0.0635776,0.61294717,0.25337175,0.4824671,0.4963264,-4.761433,46.800495,30.66567,26.584385,-10.437821,2.619306,2.3828685,102.83386,-5.3240385,-4.6047115,49.912126537785596,85.97539543057998,17.10017574692443,61.37082601054482,63.44463971880493,56.13356766256591,22.601054481546576,30.087873462214414,47.59226713532514,25.869947275922673,37.188049209138846,71.77504393673111,30.720562390158175,73.35676625659052,80.42179261862918,79.6133567662566,96.30931458699473,83.55008787346222,51.59929701230229,56.20386643233744,55.7469244288225,55.606326889279444,86.95957820738138,71.59929701230229,89.38488576449913,40.77328646748682,75.71177504393674,75.2548330404218,91.35325131810194,81.47627416520211,87.97891036906854,92.05623901581723,96.02811950790861,42.425307557117755,81.23022847100177,79.43760984182778,92.5834797891037,76.80140597539544,91.493848857645,88.04920913884008,44.53427065026362,62.741652021089635,62.21441124780317,61.30052724077329,54.90333919156415,65.72934973637962,67.10017574692444,61.37082601054482,68.47100175746925,93.39191564147629,10.22847100175747,4.042179261862918
O=C(O)c1cc(=O)c2cc(-c3cccc(Cc4ccccc4)c3)sc2[nH]1,gen_02634,361.422,4.545600000000002,3,2,4.0,0.5603070489290337,0,70.16,0,0,0,0.28039667,0.28133625,0.84243524,0.4101344,0.30937093,0.4251864,0.4769699,0.046331428,0.050865628,0.3743087,0.066230126,0.5559486,0.14185257,0.98019373,0.96148187,0.027782341,0.041891206,0.37820405,0.10930878,0.13103539,0.2693562,0.3841043,0.50304025,0.51151884,0.50408995,0.15796065,0.103751875,0.5644468,0.27778503,0.4913968,0.3203388,-4.9428306,33.025894,15.282277,35.383064,-12.679013,2.640902,1.7731403,107.54659,-5.452897,-9.2134075,56.48506151142355,84.21792618629175,32.653778558875224,61.37082601054482,63.44463971880493,55.008787346221446,22.601054481546576,46.924428822495614,47.59226713532514,25.869947275922673,37.188049209138846,58.03163444639719,17.926186291739896,61.08963093145871,77.75043936731107,74.90333919156416,96.06326889279438,89.17398945518454,29.138840070298773,49.34973637961336,43.55008787346222,53.04042179261863,95.43057996485062,60.49209138840071,95.64147627416521,32.337434094903344,73.67311072056239,70.68541300527241,89.701230228471,76.41476274165203,89.3145869947276,88.96309314586996,98.34797891036908,34.41124780316345,78.20738137082601,83.83128295254834,91.63444639718806,84.42882249560634,90.12302284710019,89.63093145869948,45.237258347978916,51.880492091388405,49.560632688927946,51.423550087873465,39.613356766256594,72.65377855887523,49.94727592267136,62.56590509666081,57.99648506151143,98.17223198594026,9.103690685413007,0.70298769771529
O=C(O)CCc1cc(CCc2cc3cc(-c4ccccc4)cnc3cn2)c[nH]1,gen_02665,371.44000000000005,4.427300000000003,3,2,4.0,0.503724746369265,0,78.87,0,0,0,0.09198425,0.4118063,0.9036085,0.20335174,0.15913172,0.5065131,0.27268177,0.13344623,0.12612894,0.4293023,0.20148087,0.35070184,0.5274183,0.9008896,0.95462644,0.026799833,0.06681509,0.22545259,0.083085656,0.04406037,0.14744142,0.11017839,0.43735814,0.25923288,0.18417764,0.07174554,0.030782763,0.071563296,0.113852225,0.18393984,0.4838728,-5.402334,25.406443,9.831026,-3.6957245,-15.297808,2.518087,1.1052824,97.4644,-4.0859575,-3.8905118,59.015817223198596,82.95254833040423,32.653778558875224,61.37082601054482,63.44463971880493,46.95957820738138,22.601054481546576,53.32161687170475,47.59226713532514,25.869947275922673,37.188049209138846,25.69420035149385,26.46748681898067,80.28119507908612,66.08084358523726,60.597539543058005,98.4182776801406,79.89455184534272,57.15289982425308,64.32337434094904,48.57644991212654,67.83831282952549,83.19859402460457,93.46221441124781,82.91739894551846,31.247803163444644,72.79437609841828,84.78031634446398,82.63620386643234,72.40773286467487,72.68892794376099,73.70826010544816,89.13884007029878,31.3884007029877,66.32688927943761,59.613356766256594,81.54657293497364,62.7768014059754,59.71880492091389,75.11423550087873,9.806678383128297,61.82776801405976,26.5377855887522,43.971880492091394,33.35676625659051,16.203866432337435,33.67311072056239,54.76274165202109,47.100175746924435,83.93673110720563,30.439367311072058,6.045694200351495
O=C(O)C(O)Cn1c(CC2CCOCC2)nc2c1CCCC2Cc1ccccc1,gen_02686,398.50300000000016,2.960300000000001,4,2,4.0,0.7490766679877643,2,84.58,0,0,0,0.03691246,0.67501837,0.83210087,0.0086593125,0.10847722,0.2786488,0.10782276,0.19002584,0.29419398,0.59904087,0.18149714,0.2511264,0.2956625,0.35574472,0.98082066,0.007691282,0.029446611,0.0059625604,0.028413648,0.02851006,0.088329494,0.09125579,0.67977655,0.50063926,0.19885756,0.0032964628,0.017315697,0.05897487,0.024636438,0.4563054,0.62995857,-5.5964937,10.577332,7.192206,-15.3237915,-14.751396,2.665729,0.4017561,85.423584,-2.9849834,-3.119473,65.23725834797892,60.597539543058005,48.55887521968366,61.37082601054482,63.44463971880493,82.07381370826012,69.84182776801407,57.750439367311074,47.59226713532514,25.869947275922673,37.188049209138846,9.736379613356767,46.29173989455185,58.523725834797894,29.244288224956065,53.11072056239016,84.32337434094904,66.71353251318102,66.60808435852373,76.94200351493849,67.6274165202109,66.15114235500879,68.8224956063269,78.84007029876977,46.95957820738138,36.239015817223205,40.0,55.7469244288225,29.982425307557122,54.93848857644992,62.35500878734623,50.19332161687171,86.78383128295256,42.741652021089635,77.89103690685414,61.44112478031635,31.45869947275923,52.056239015817226,56.94200351493849,46.151142355008794,41.30052724077329,68.78734622144113,21.757469244288227,26.678383128295255,31.036906854130056,3.760984182776802,36.69595782073814,63.76098418277681,36.555360281195085,61.72231985940247,53.11072056239016,9.244288224956064
O=C(O)CCCCCCCNc1ccnc2cc(Cl)ccc12,gen_02705,320.82000000000005,4.725300000000003,3,2,4.0,0.6558449947217181,0,62.22,0,1,0,0.15508634,0.74536264,0.8366011,0.6414479,0.23329337,0.43096668,0.20125446,0.29235387,0.35737312,0.5080106,0.09237662,0.39986268,0.5134646,0.6813393,0.96177816,0.055144947,0.054635722,0.3496696,0.123546496,0.07625705,0.17817244,0.19242671,0.68538904,0.2806126,0.32561344,0.083781004,0.10027774,0.19376768,0.20380719,0.46711463,0.5591932,-4.8354316,36.46219,5.4884186,43.132008,-11.968766,2.3897648,1.6874292,93.56422,-4.0208654,11.573244,47.205623901581724,86.25659050966608,32.653778558875224,61.37082601054482,63.44463971880493,67.97891036906854,22.601054481546576,40.03514938488577,47.59226713532514,66.52021089630932,37.188049209138846,38.80492091388401,52.61862917398946,59.75395430579965,85.62390158172232,68.36555360281196,96.37961335676627,75.67662565905097,76.3444639718805,80.14059753954307,56.871704745166966,57.08260105448155,87.59226713532514,93.14586994727593,64.71001757469244,32.40773286467487,84.9560632688928,79.7188049209139,88.85764499121267,78.80492091388402,82.81195079086116,80.42179261862918,94.20035149384887,43.02284710017575,67.7328646748682,72.51318101933217,83.47978910369069,83.9718804920914,73.39191564147627,85.09666080843586,42.6713532513181,65.94024604569421,56.62565905096661,54.30579964850616,29.384885764499124,77.60984182776802,55.18453427065027,46.18629173989456,56.555360281195085,75.78207381370827,32.16168717047452,92.30228471001759
O=C(O)c1ccc(NCc2ccccc2C#Cc2ccccc2)cc1,gen_02710,327.38300000000004,4.396700000000003,2,2,4.0,0.6985028144314781,0,49.33,0,1,0,0.19447987,0.24987388,0.7955112,0.47140536,0.365009,0.40457168,0.44028726,0.06990813,0.09480903,0.4533928,0.10958968,0.40820137,0.09225392,0.8906611,0.9817916,0.031953774,0.041347448,0.22638614,0.13833244,0.22059827,0.34701484,0.38829452,0.5703991,0.37413162,0.49536124,0.13947184,0.160804,0.6364232,0.30588084,0.59359455,0.3564504,-4.6049,45.517555,16.41817,42.776283,-11.932522,2.6730387,2.6748483,105.31869,-5.844255,-3.2978463,48.57644991212654,82.42530755711776,17.10017574692443,61.37082601054482,63.44463971880493,75.00878734622145,22.601054481546576,30.087873462214414,47.59226713532514,66.52021089630932,37.188049209138846,45.799648506151144,15.746924428822497,49.84182776801406,80.17574692442884,78.73462214411248,95.43057996485062,87.69771528998243,37.434094903339194,59.57820738137083,50.650263620386646,59.507908611599305,88.01405975395431,48.646748681898075,81.61687170474518,36.520210896309315,76.20386643233743,70.12302284710019,82.70650263620388,80.49209138840071,93.91915641476275,92.68892794376099,98.38312829525483,36.836555360281196,72.51318101933217,83.23374340949034,90.08787346221442,89.9121265377856,92.19683655536029,90.75571177504395,59.648506151142364,55.04393673110721,73.63796133567664,60.702987697715294,40.49209138840071,77.4340949033392,55.53602811950791,64.21792618629175,74.09490333919157,96.27416520210897,5.272407732864675,8.330404217926187
COc1ccccc1-c1ccc2cnc(Nc3ccc(C(=O)O)cc3)nc2c1,gen_02713,371.39600000000013,4.747200000000003,5,2,4.0,0.5267302048448599,0,84.34,0,0,0,0.27795166,0.21195109,0.8381244,0.47503003,0.14830682,0.16866389,0.12918423,0.028920274,0.09056118,0.32015103,0.13832313,0.34615016,0.4248984,0.98691636,0.9772517,0.030497465,0.08121594,0.845436,0.18974037,0.11262945,0.37161604,0.084452525,0.49724168,0.46669108,0.6124879,0.36688608,0.041747406,0.7254275,0.3872966,0.25890237,0.5881551,-5.0348854,38.385307,25.820889,29.843374,-14.812876,2.3977976,2.0221653,104.701614,-5.7291884,-8.793436,58.98066783831283,86.50263620386644,61.880492091388405,61.37082601054482,63.44463971880493,49.94727592267136,22.601054481546576,57.60984182776802,47.59226713532514,25.869947275922673,37.188049209138846,57.85588752196837,14.094903339191566,59.964850615114244,80.28119507908612,59.29701230228471,62.17926186291741,69.56063268892795,22.31985940246046,58.62917398945519,39.29701230228471,62.67135325131811,82.53075571177506,87.83831282952549,97.46924428822497,35.21968365553603,75.64147627416521,88.15465729349737,98.69947275922672,85.5536028119508,87.69771528998243,93.28646748681899,86.08084358523726,34.09490333919157,76.59050966608085,90.26362038664324,97.89103690685414,68.50615114235501,94.30579964850617,93.56766256590511,16.344463971880494,67.02987697715291,43.23374340949034,55.606326889279444,50.4042179261863,68.6115992970123,36.239015817223205,46.99472759226714,62.84710017574693,95.78207381370827,6.080843585237259,0.8084358523725835
O=C(O)c1cc(-c2ccc(C(Cc3cncc4c3CCO4)C(=O)O)cc2)c[nH]1,gen_02748,378.38400000000007,3.1207000000000003,4,3,4.0,0.6074553112720773,1,112.51000000000002,0,0,0,0.01873653,0.121879384,0.83253443,0.030610448,0.07863947,0.26715183,0.21279132,0.005586793,0.018327447,0.09570724,0.011161701,0.44957823,0.28896278,0.9384783,0.57478964,0.003194707,0.0359698,0.046931054,0.0075547025,0.015964262,0.06373035,0.01941621,0.021527458,0.0116285505,0.057063103,0.00979927,0.0046016164,0.00862463,0.023531418,0.13282552,0.056385875,-5.765957,-10.36857,-7.2138495,23.918304,-19.344593,2.7208152,-1.2568903,91.82036,-4.074766,-5.9883037,60.246045694200355,62.882249560632694,48.55887521968366,78.20738137082601,63.44463971880493,61.15992970123023,55.32513181019333,74.90333919156416,47.59226713532514,25.869947275922673,37.188049209138846,5.272407732864675,9.244288224956064,58.523725834797894,41.335676625659055,47.697715289982426,83.09314586994728,76.4499121265378,9.771528998242532,33.708260105448154,14.762741652021091,35.430579964850615,90.7908611599297,78.38312829525483,88.64674868189807,16.766256590509666,18.73462214411248,64.92091388400704,61.792618629173994,35.95782073813709,48.40070298769772,33.84885764499121,67.45166959578208,10.123022847100177,34.27065026362039,30.615114235500883,50.68541300527241,26.186291739894553,34.516695957820744,45.13181019332162,5.62390158172232,25.76449912126538,18.066783831282955,8.611599297012303,16.94200351493849,62.636203866432346,18.066783831282955,67.45166959578208,14.797891036906856,72.47803163444641,30.720562390158175,2.179261862917399
NC1(C(=O)O)CC(c2ccccc2)C(c2ccccc2)C1,gen_02767,281.3550000000001,3.129900000000001,2,2,4.0,0.9081709564003296,2,63.32000000000001,0,0,0,0.1082173,0.8845851,0.89622134,0.26180413,0.5223105,0.50701594,0.3521622,0.27250212,0.26252213,0.5802323,0.077717364,0.363992,0.16387525,0.517476,0.9976829,0.004923227,0.017496984,0.046278708,0.04158336,0.032710694,0.17233138,0.12732263,0.86165696,0.3713925,0.1430186,0.010058807,0.019869115,0.18201105,0.018555395,0.5148252,0.5608311,-5.40296,19.591105,8.668449,-18.56784,-13.466684,2.81921,1.4131781,84.88877,-2.8834267,-3.704055,35.149384885764505,62.98769771528999,17.10017574692443,61.37082601054482,63.44463971880493,99.5079086115993,69.84182776801407,41.07205623901582,47.59226713532514,25.869947275922673,37.188049209138846,29.384885764499124,66.57293497363797,77.46924428822496,70.57996485061513,86.1511423550088,98.48857644991213,83.83128295254834,74.97363796133568,75.50087873462215,64.92091388400704,54.692442882249566,84.18277680140598,64.42882249560633,56.27416520210897,49.45518453427066,27.416520210896312,35.782073813708266,61.47627416520211,60.35149384885765,65.72934973637962,79.5079086115993,90.50966608084359,58.98066783831283,72.37258347978911,53.18101933216169,51.21265377855888,54.90333919156415,72.44288224956064,40.246045694200355,48.927943760984185,66.01054481546574,26.46748681898067,36.69595782073814,32.37258347978911,2.3550087873462218,44.74516695957821,72.93497363796135,51.84534270650264,61.195079086115996,54.833040421792624,6.608084358523726
O=C(O)c1sccc1-c1cc2cc(-c3ccccn3)cnc2[nH]1,gen_02772,321.361,4.051600000000002,4,2,4.0,0.5963976620500858,0,78.87,0,0,0,0.2363842,0.26389098,0.82857686,0.34362695,0.05424289,0.18666197,0.07832588,0.025262255,0.030911911,0.20958874,0.09128251,0.3511702,0.35540876,0.9861685,0.97109574,0.030100506,0.069732346,0.72801703,0.08393982,0.06982149,0.23306653,0.05979433,0.3737432,0.09635322,0.43885368,0.22983024,0.04582744,0.3199477,0.30588406,0.28739777,0.24144563,-5.176587,17.487127,3.505951,32.320164,-14.677493,2.2730434,0.4030775,94.47943,-3.9511552,-2.8034751,47.27592267135326,77.89103690685414,48.55887521968366,61.37082601054482,63.44463971880493,59.43760984182777,22.601054481546576,53.32161687170475,47.59226713532514,25.869947275922673,37.188049209138846,52.40773286467487,16.55536028119508,57.60984182776802,74.72759226713534,41.195079086115996,66.85413005272409,62.17926186291741,20.597539543057998,41.44112478031635,27.662565905096663,56.97715289982426,83.23374340949034,83.47978910369069,97.25834797891038,33.84885764499121,75.43057996485062,85.58875219683657,97.29349736379615,72.51318101933217,81.51142355008788,86.29173989455185,82.31985940246047,29.103690685413007,52.4780316344464,80.03514938488577,94.93848857644993,70.65026362038665,79.92970123022847,90.75571177504395,19.507908611599298,45.76449912126538,36.94200351493849,34.024604569420035,27.732864674868193,70.15817223198594,37.152899824253076,39.36731107205624,36.59050966608085,77.64499121265379,33.391915641476274,11.107205623901583
O=C(O)C1Cc2cc(Cl)c(O)cc2C(c2ccc(F)cc2)N1,gen_02777,321.735,2.873,3,3,4.0,0.7952593249493848,2,69.56,0,0,0,0.1323433,0.32269675,0.8206733,0.23481289,0.35958877,0.25361806,0.3270586,0.06054477,0.09478993,0.31562862,0.0760165,0.32181072,0.20154643,0.74559474,0.9324821,0.009032588,0.03876975,0.21414742,0.0448753,0.06748696,0.18442729,0.057716798,0.26773283,0.07946905,0.15424553,0.039534364,0.01886757,0.14475718,0.055944014,0.2919415,0.27364433,-5.5603704,12.008648,-0.5310005,-12.546337,-15.958374,2.542513,0.27229565,85.11018,-2.6991153,0.71363413,47.27592267135326,59.40246045694201,32.653778558875224,78.20738137082601,63.44463971880493,88.40070298769773,69.84182776801407,46.30931458699473,47.59226713532514,25.869947275922673,37.188049209138846,34.376098418277685,20.632688927943764,55.465729349736385,68.36555360281196,78.45342706502637,80.49209138840071,82.21441124780317,33.919156414762746,59.57820738137083,38.98066783831283,54.376098418277685,79.78910369068542,70.26362038664324,68.78734622144113,28.927943760984185,44.42882249560633,68.01405975395431,81.93321616871705,61.72231985940247,80.98418277680142,81.54657293497364,81.8980667838313,25.166959578207383,50.36906854130053,55.2548330404218,73.95430579964851,53.743409490333924,69.13884007029877,62.07381370826011,20.210896309314588,48.54130052724078,22.42530755711775,27.908611599297014,23.760984182776802,5.659050966608085,29.701230228471005,56.13356766256591,34.30579964850615,61.40597539543059,57.60984182776802,42.601054481546576
Cc1ccc(C(=O)O)nc1Oc1ccccc1C(C)(C)O,gen_02791,287.315,3.1079200000000013,4,2,4.0,0.9028202847320755,0,79.65,0,0,0,0.0148981735,0.51267993,0.9460379,0.049956642,0.04373616,0.4175737,0.048713215,0.05176719,0.013285078,0.19478384,0.0006054056,0.40933305,0.08935591,0.8634702,0.98058164,0.0018026888,0.015624334,0.018935839,0.003299103,0.009886175,0.072591424,0.021418642,0.3897299,0.018374845,0.036150243,0.0030442534,0.0023464947,0.019059556,0.0059628165,0.2140688,0.042111985,-4.801,28.825275,3.4108021,-12.761215,-11.001221,2.1084065,-0.007218504,86.91508,-3.1004148,-1.6223589,36.62565905096661,62.7768014059754,48.55887521968366,61.37082601054482,63.44463971880493,99.19156414762743,22.601054481546576,53.70826010544816,47.59226713532514,25.869947275922673,37.188049209138846,3.8664323374340954,33.67311072056239,94.69244288224957,46.81898066783832,38.31282952548331,95.85237258347979,55.11423550087874,30.896309314586997,28.857644991212656,26.115992970123024,15.043936731107207,88.11950790861161,47.978910369068544,78.10193321616872,36.13356766256591,10.685413005272409,31.77504393673111,48.646748681898075,24.60456942003515,35.254833040421794,40.98418277680141,69.17398945518454,29.701230228471005,37.71528998242531,19.929701230228474,30.404217926186295,16.379613356766257,42.21441124780317,22.56590509666081,12.759226713532515,22.214411247803167,59.26186291739895,47.27592267135326,27.662565905096663,5.518453427065027,62.601054481546576,28.96309314586995,30.509666080843587,64.14762741652022,50.54481546572936,20.667838312829527
O=C(O)Cc1ccc(NC(Cc2ccccc2)c2ccoc2)cc1,gen_02806,321.37600000000003,4.3026000000000035,3,2,4.0,0.6807562435885061,1,62.47,0,0,0,0.062880486,0.27372557,0.8588144,0.09222303,0.47701058,0.4726891,0.5470251,0.07641616,0.16403618,0.5154744,0.22184706,0.3573179,0.17408322,0.79877913,0.98673105,0.013947984,0.03329936,0.07292518,0.12977889,0.13571906,0.26911268,0.30095187,0.4594705,0.42905694,0.2846784,0.037756395,0.09640217,0.3509183,0.1253024,0.3301874,0.45238715,-5.0725765,20.227,4.2499495,3.2830956,-13.75633,2.7930627,1.4533978,96.37649,-4.33467,-2.3664107,47.27592267135326,81.47627416520211,32.653778558875224,61.37082601054482,63.44463971880493,71.9859402460457,55.32513181019333,40.31634446397189,47.59226713532514,25.869947275922673,37.188049209138846,17.047451669595784,17.258347978910372,65.48330404217927,54.376098418277685,84.14762741652022,97.75043936731107,91.28295254833041,40.105448154657296,68.7170474516696,57.68014059753955,69.13884007029877,83.65553602811951,66.29173989455185,72.19683655536029,37.961335676625666,56.62565905096661,61.05448154657294,67.80316344463972,79.64850615114236,90.12302284710019,88.96309314586996,97.25834797891038,32.23198594024605,74.83304042179263,69.56063268892795,73.39191564147627,83.30404217926187,81.47627416520211,76.76625659050967,24.956063268892798,60.35149384885765,41.26537785588753,37.750439367311074,28.295254833040424,27.908611599297014,43.12829525483304,71.45869947275924,52.68892794376099,81.65202108963094,25.58875219683656,14.481546572934976
O=C(O)c1cccc(C(O)(c2cc(=Nc3cc(C(F)F)ccn3)ss2)C(F)(F)F)c1,gen_02807,462.421,4.871000000000002,6,2,4.0,0.4187190734320614,1,82.78,0,0,0,0.10572193,0.101534046,0.775829,0.3360426,0.56668353,0.39847654,0.7578145,0.03852195,0.07770382,0.4471388,0.22115152,0.51643884,0.0547613,0.9768897,0.9663085,0.022522688,0.025424764,0.23791043,0.333254,0.13639121,0.19722983,0.48443538,0.5531297,0.4675899,0.6034411,0.14410777,0.24222812,0.76740944,0.48021108,0.41739607,0.26503688,-5.145402,24.924393,17.19167,11.966979,-12.528048,2.676804,1.0261055,98.206894,-4.171866,-3.006169,77.68014059753955,87.45166959578208,72.46045694200352,61.37082601054482,63.44463971880493,35.430579964850615,55.32513181019333,55.95782073813709,47.59226713532514,25.869947275922673,37.188049209138846,28.752196836555363,7.732864674868191,46.010544815465735,74.48154657293497,87.59226713532514,95.18453427065027,95.74692442882251,25.97539543057997,55.922671353251324,50.22847100175748,69.13884007029877,94.37609841827769,34.059753954305805,95.07908611599298,33.07557117750439,69.10369068541301,49.73637961335677,83.69068541300528,93.56766256590511,90.19332161687171,83.30404217926187,99.08611599297014,36.203866432337435,76.59050966608085,89.87697715289983,90.43936731107206,93.63796133567664,95.67662565905097,95.92267135325133,36.37961335676626,47.873462214411255,38.45342706502637,43.514938488576455,41.26537785588753,43.690685413005276,50.896309314587,64.42882249560633,45.694200351493855,85.23725834797892,28.681898066783834,9.736379613356767
O=C(O)c1cc2ccc(Br)cc2c2c1[nH]c1ccccc12,gen_02812,340.176,4.935000000000002,1,2,4.0,0.5158959883696725,0,53.089999999999996,0,0,0,0.43037757,0.46293697,0.77589095,0.81779224,0.2601574,0.24190767,0.31016815,0.05078705,0.08427792,0.3545505,0.05325023,0.5017098,0.17709067,0.9649889,0.98443663,0.052586697,0.04282216,0.7344402,0.09190978,0.12426076,0.2094783,0.34507766,0.7170852,0.31615028,0.70819217,0.17788167,0.1432368,0.74051774,0.36479208,0.7481041,0.32426083,-4.736332,29.718899,11.281433,98.13411,-11.903748,2.6918807,2.3265634,103.6447,-5.772235,-2.7803273,51.59929701230229,88.01405975395431,6.854130052724078,61.37082601054482,63.44463971880493,48.36555360281196,22.601054481546576,33.07557117750439,47.59226713532514,25.869947275922673,37.188049209138846,72.72407732864676,30.263620386643236,46.010544815465735,91.8804920913884,70.896309314587,78.24253075571178,81.61687170474518,30.509666080843587,57.22319859402461,42.03866432337434,50.54481546572936,93.81370826010546,66.50263620386644,92.93497363796135,37.01230228471002,84.42882249560634,71.49384885764499,97.39894551845343,74.0597539543058,88.78734622144113,84.53427065026362,97.96133567662567,45.16695957820738,69.56063268892795,93.98945518453428,92.75922671353253,88.7170474516696,94.93848857644993,92.89982425307558,78.66432337434095,52.16168717047452,63.971880492091394,48.08435852372584,35.149384885764505,94.09490333919157,55.71177504393673,65.3427065026362,67.66256590509667,94.69244288224957,5.834797891036907,11.24780316344464
O=C(O)c1cc(CNc2cnn(Cc3ccccc3C(F)(F)F)c2)ccc1F,gen_02815,393.34000000000003,4.399600000000002,3,2,4.0,0.6095109283116834,0,67.15,0,0,0,0.091359936,0.29999548,0.9203045,0.15558602,0.54623795,0.48768306,0.60333097,0.10157295,0.14086193,0.5711625,0.3586021,0.3463779,0.2699882,0.9306736,0.9932858,0.010370655,0.028060962,0.1778799,0.1561234,0.0469472,0.13874769,0.10724473,0.63848656,0.48532718,0.26377913,0.036839735,0.025737852,0.33579504,0.10288401,0.16351236,0.5693256,-5.079705,38.07836,31.204264,15.272415,-11.7654085,2.5400062,2.088986,100.37228,-4.825664,-2.7161002,64.11247803163445,82.42530755711776,32.653778558875224,61.37082601054482,63.44463971880493,61.30052724077329,22.601054481546576,44.8506151142355,47.59226713532514,25.869947275922673,37.188049209138846,25.623901581722322,19.261862917398947,86.08084358523726,61.93321616871705,86.88927943760984,98.06678383128296,92.93497363796135,47.90861159929702,66.32688927943761,63.79613356766257,77.08260105448156,82.53075571177506,76.55536028119509,86.95957820738138,42.31985940246046,48.40070298769772,53.602811950790866,79.47275922671353,82.42530755711776,73.91915641476275,71.95079086115993,88.7170474516696,40.35149384885765,77.29349736379613,67.80316344463972,72.93497363796135,59.75395430579965,80.66783831282953,73.81370826010546,8.400702987697716,66.25659050966608,40.94903339191565,55.465729349736385,55.149384885764505,49.45518453427066,56.97715289982426,55.922671353251324,63.8664323374341,89.66608084358525,17.047451669595784,11.458699472759228
O=C(O)c1sccc1Nc1ccnc2ncccc12,gen_02849,271.30100000000004,3.1331000000000007,5,2,4.0,0.7650714687022625,0,75.11,0,0,0,0.20386419,0.31495947,0.8018401,0.16981764,0.03199,0.16933407,0.06115191,0.021967286,0.015921786,0.18149693,0.039542865,0.3323925,0.2905942,0.9708969,0.9503204,0.019174647,0.052615978,0.5434745,0.034021992,0.03593472,0.14502718,0.023203457,0.2668398,0.02522702,0.3165694,0.10384371,0.03464912,0.18543592,0.19530699,0.32657832,0.11751106,-5.083923,14.329944,-3.6225948,10.364761,-13.690855,2.297744,-0.05339074,86.55231,-3.2088535,0.6461013,32.513181019332166,63.02284710017575,61.880492091388405,61.37082601054482,63.44463971880493,84.14762741652022,22.601054481546576,50.650263620386646,47.59226713532514,25.869947275922673,37.188049209138846,47.557117750439375,20.14059753954306,50.896309314587,63.02284710017575,32.93497363796134,62.35500878734623,58.20738137082601,18.629173989455186,31.669595782073817,24.81546572934974,46.95957820738138,81.195079086116,78.4182776801406,93.77855887521969,31.036906854130056,64.78031634446398,78.31282952548331,94.23550087873463,57.53954305799649,67.87346221441125,73.11072056239017,70.22847100175747,25.13181019332162,40.07029876977153,71.70474516695958,86.39718804920915,64.39367311072057,72.79437609841828,84.25307557117752,24.60456942003515,33.32161687170475,40.84358523725835,30.509666080843587,20.52724077328647,40.878734622144115,43.47978910369069,40.702987697715294,29.876977152899826,63.65553602811951,47.76801405975396,41.89806678383129
O=C(O)c1cccnc1Nc1ccc(F)c(F)c1,gen_02891,250.20399999999998,2.8016000000000005,3,2,4.0,0.8787757967174822,0,62.22,0,0,0,0.114874005,0.4711477,0.88046277,0.32698023,0.13226941,0.30677733,0.14173266,0.043694846,0.043676965,0.23040378,0.020135686,0.38988858,0.25045776,0.91943616,0.9736983,0.009780384,0.04486924,0.44154826,0.026328161,0.034989733,0.14312574,0.030827755,0.3948045,0.053525425,0.21380062,0.050084263,0.018440342,0.20872872,0.07696105,0.34086445,0.15780215,-4.55518,20.238533,-4.467467,2.5463657,-10.903025,2.4040534,0.48112234,83.56404,-3.3283417,-0.6454778,27.17047451669596,58.383128295254835,32.653778558875224,61.37082601054482,63.44463971880493,97.57469244288225,22.601054481546576,40.03514938488577,47.59226713532514,25.869947275922673,37.188049209138846,31.107205623901585,30.790861159929705,71.70474516695958,74.13005272407733,57.012302284710024,88.18980667838314,71.03690685413005,28.049209138840073,46.95957820738138,30.861159929701234,40.17574692442883,86.88927943760984,75.07908611599298,85.5536028119508,34.27065026362039,46.85413005272408,73.42706502636204,91.42355008787347,54.02460456942004,67.17047451669596,72.86467486818981,73.91915641476275,29.947275922671356,46.5377855887522,63.198594024604574,77.68014059753955,53.25131810193322,74.41124780316345,68.29525483304043,25.90509666080844,38.17223198594025,77.64499121265379,37.78558875219684,19.472759226713535,26.432337434094904,63.690685413005276,47.416520210896316,38.20738137082601,59.824253075571185,45.377855887521974,29.173989455184536
O=C(O)C(Cc1ccccc1)CC(CCc1ccc2c(c1)OCO2)NC(Cc1ccccc1)C(=O)O,gen_02908,489.5680000000002,4.335600000000003,5,3,4.0,0.3281056021328517,3,105.09000000000002,0,0,0,0.04000272,0.39596486,0.8413359,0.12141267,0.49369687,0.40872455,0.59003294,0.14262734,0.62934387,0.63907397,0.73248243,0.39193663,0.34295022,0.66387546,0.9916743,0.0062978705,0.016062478,0.06034372,0.04953947,0.018165778,0.07646463,0.06935894,0.5271292,0.6487443,0.15398724,0.00497581,0.020259708,0.055360727,0.022360751,0.31195003,0.82019407,-5.808652,28.751865,24.92681,-19.633703,-17.77158,2.628257,0.6232184,100.84546,-4.3191085,-7.671978,81.15992970123024,81.8980667838313,61.880492091388405,78.20738137082601,63.44463971880493,23.83128295254833,76.60808435852373,70.96660808435853,47.59226713532514,25.869947275922673,37.188049209138846,10.685413005272409,25.37785588752197,60.66783831282953,58.80492091388401,84.99121265377856,95.53602811950792,92.54833040421794,59.08611599297013,88.18980667838314,72.40773286467487,89.27943760984184,86.99472759226714,82.67135325131811,63.690685413005276,40.84358523725835,34.235500878734626,32.79437609841828,65.37785588752197,63.47978910369069,51.91564147627417,43.16344463971881,84.11247803163445,35.18453427065027,83.23374340949034,55.2548330404218,38.277680140597546,55.36028119507909,56.098418277680146,44.3585237258348,22.74165202108963,80.63268892794378,17.398945518453427,47.27592267135326,49.42003514938489,2.2144112478031635,22.63620386643234,61.792618629173994,40.52724077328647,90.47451669595783,25.940246045694202,1.3005272407732866
O=C(O)C(c1ccc(OCc2ccccc2)cc1)C(O)CN1CCC2(CCc3ccccc32)CC1,gen_02913,471.59700000000043,4.774700000000005,4,2,4.0,0.4951090914306342,2,70.0,0,0,0,0.091879085,0.65938276,0.75236046,0.023998382,0.09536664,0.28925568,0.095984414,0.2285817,0.3435853,0.6621391,0.0569053,0.22304527,0.39735967,0.31698674,0.97802496,0.009946256,0.019230418,0.014579603,0.07492598,0.08381711,0.20437019,0.18698475,0.5329623,0.69903165,0.26198953,0.009073013,0.054078855,0.2604265,0.056742467,0.47109264,0.8069588,-5.498314,7.9611716,10.867914,1.0816724,-15.341539,3.312589,1.9023157,95.882545,-4.010833,-2.7653286,78.87521968365554,86.74868189806679,48.55887521968366,61.37082601054482,63.44463971880493,45.76449912126538,69.84182776801407,46.67838312829526,47.59226713532514,25.869947275922673,37.188049209138846,25.69420035149385,44.88576449912127,41.12478031634447,38.87521968365554,50.82601054481547,86.0456942003515,65.27240773286468,71.17750439367312,79.54305799648508,75.85237258347979,51.45869947275923,64.18277680140598,86.1511423550088,44.39367311072056,35.50087873462215,47.240773286467494,38.98066783831283,45.30755711775044,70.54481546572936,84.11247803163445,84.00702987697716,93.98945518453428,35.50087873462215,85.27240773286468,67.7328646748682,49.13884007029878,73.88400702987698,77.15289982425308,62.21441124780317,43.12829525483304,79.89455184534272,23.90158172231986,23.09314586994728,34.72759226713533,24.323374340949037,33.391915641476274,90.54481546572936,60.421792618629176,80.49209138840071,32.23198594024605,11.282952548330405
O=C(O)COc1ccc(Cl)cc1CNCc1cnc(-c2ccc(C(F)(F)F)nc2)s1,gen_02934,457.86100000000005,4.630500000000002,6,2,4.0,0.5127827605667314,0,84.34,0,0,0,0.094061255,0.51655936,0.92958593,0.59611833,0.3871823,0.49816242,0.3792501,0.16139416,0.3387,0.5456294,0.20663467,0.6034603,0.47167358,0.9247657,0.9600228,0.025110623,0.040991046,0.26867077,0.09671912,0.030138735,0.114931345,0.1239051,0.6682759,0.27000183,0.2766984,0.052472062,0.027404496,0.09923105,0.18120296,0.25270742,0.61176115,-5.3904166,-1.6125267,0.81982195,26.708029,-13.364191,2.9362245,0.11366415,93.34087,-3.3980126,0.077083156,77.18804920913885,85.16695957820738,72.46045694200352,61.37082601054482,63.44463971880493,48.04920913884008,22.601054481546576,57.60984182776802,47.59226713532514,25.869947275922673,37.188049209138846,26.186291739894553,33.84885764499121,89.73637961335677,83.72583479789104,80.1054481546573,98.31282952548331,85.0615114235501,62.741652021089635,79.26186291739896,60.66783831282953,68.33040421792619,96.97715289982426,90.93145869947277,86.29173989455185,32.16168717047452,71.63444639718806,69.98242530755712,85.65905096660809,74.79789103690686,63.514938488576455,63.79613356766257,90.26362038664324,42.03866432337434,67.06502636203867,68.89279437609842,78.20738137082601,60.49209138840071,64.28822495606327,82.74165202108964,15.887521968365554,68.08435852372584,27.029876977152902,14.270650263620388,25.026362038664324,65.79964850615114,45.48330404217926,79.22671353251319,32.61862917398946,75.39543057996485,44.18277680140598,35.81722319859403
O=C(O)c1ccc(CNc2ccc(Cl)c3c2ccn3S(=O)(=O)c2ccccc2)cc1,gen_03004,440.90800000000013,4.842000000000003,4,2,4.0,0.4474572607196829,0,88.4,0,0,0,0.040550876,0.23356576,0.91116875,0.3372112,0.58443856,0.6028642,0.7644279,0.055012137,0.22556417,0.420288,0.3057426,0.65618646,0.13528612,0.9759037,0.9820241,0.010560179,0.033549376,0.113489196,0.14992282,0.0512423,0.16737735,0.18042304,0.4837975,0.5638264,0.268846,0.018616503,0.023828603,0.49527392,0.11301379,0.26300365,0.46235052,-5.110859,45.74042,39.9668,64.038734,-15.169873,2.3652606,2.0173557,104.958824,-5.5628815,-5.902871,74.02460456942003,87.20562390158173,48.55887521968366,61.37082601054482,63.44463971880493,39.19156414762742,22.601054481546576,59.929701230228474,47.59226713532514,25.869947275922673,37.188049209138846,10.86115992970123,15.114235500878737,82.95254833040423,74.48154657293497,88.15465729349737,99.68365553602813,95.88752196836556,31.985940246045697,72.9701230228471,47.978910369068544,74.41124780316345,97.96133567662567,59.43760984182777,94.97363796133568,36.62565905096661,48.57644991212654,61.44112478031635,72.82952548330405,81.72231985940246,75.85237258347979,78.84007029876977,93.77855887521969,33.49736379613357,79.96485061511424,68.29525483304043,63.12829525483305,58.17223198594025,87.59226713532514,75.07908611599298,16.766256590509666,60.597539543058005,39.85940246045695,60.878734622144115,61.75746924428823,87.41652021089632,34.235500878734626,44.78031634446398,62.81195079086117,95.95782073813709,7.592267135325132,2.2144112478031635
CC1CC(CCCc2ccccc2)CC1c1cc(=O)cc(C(=O)O)[nH]1,gen_03012,339.43500000000006,4.2257000000000025,2,2,4.0,0.8273685868427253,3,70.16,0,0,0,0.019963406,0.46429467,0.85844105,0.123011515,0.386479,0.5513056,0.5391826,0.09080295,0.13598362,0.55311394,0.06669551,0.4242093,0.10819483,0.7978857,0.98784196,0.005350276,0.015623555,0.028209362,0.09774077,0.10341819,0.2094104,0.43567666,0.6572026,0.5271596,0.28367278,0.012829694,0.06987591,0.4334484,0.07302927,0.43083358,0.4041966,-5.170405,34.195618,17.071949,-4.8072367,-12.320175,2.261759,1.0581968,100.40956,-4.621282,-4.3028746,51.35325131810194,80.31634446397189,17.10017574692443,61.37082601054482,63.44463971880493,92.47803163444641,76.60808435852373,46.924428822495614,47.59226713532514,25.869947275922673,37.188049209138846,5.588752196836555,30.333919156414765,65.41300527240774,59.015817223198596,80.03514938488577,99.29701230228471,91.14235500878735,44.67486818980668,65.72934973637962,61.72231985940247,53.11072056239016,89.3145869947276,52.75922671353252,72.12653778558875,38.59402460456943,29.490333919156416,31.77504393673111,54.44639718804921,74.83304042179263,86.95957820738138,84.53427065026362,98.76977152899825,41.40597539543058,78.84007029876977,69.52548330404218,56.48506151142355,78.45342706502637,85.02636203866433,67.10017574692444,38.066783831282955,57.961335676625666,37.11775043936731,52.26713532513182,41.195079086115996,14.235500878734623,52.30228471001758,38.66432337434095,46.25659050966608,89.77152899824254,20.45694200351494,4.815465729349737
O=C(O)c1[nH]nc(CCc2ccccc2)c1Cc1cccc(Br)c1F,gen_03035,403.25100000000003,4.385500000000003,2,2,4.0,0.6419712114000697,0,65.97999999999999,0,0,0,0.0658703,0.42280865,0.8876125,0.27820072,0.6895162,0.6039525,0.7410886,0.07976274,0.13673878,0.62769943,0.20706418,0.5153471,0.08527963,0.920241,0.99031526,0.012106284,0.016749335,0.081540264,0.15736246,0.0854429,0.17934074,0.5674906,0.7022141,0.5682418,0.3998485,0.037252076,0.07763111,0.5210561,0.17842099,0.41871634,0.4410728,-4.7705355,40.96441,23.048302,-0.2543276,-10.634914,2.6618278,1.8239715,103.462265,-4.846495,-6.288412,66.01054481546574,82.2847100175747,17.10017574692443,61.37082601054482,63.44463971880493,65.58875219683657,22.601054481546576,43.514938488576455,47.59226713532514,25.869947275922673,37.188049209138846,18.137082601054484,27.31107205623902,74.20035149384887,71.38840070298771,91.493848857645,99.68365553602813,95.43057996485062,41.40597539543058,65.86994727592268,70.7908611599297,68.33040421792619,94.34094903339192,46.50263620386644,85.72934973637962,39.89455184534271,52.61862917398946,34.481546572934974,68.92794376098419,82.53075571177506,84.4639718804921,80.63268892794378,99.40246045694201,44.21792618629174,80.1054481546573,77.68014059753955,73.00527240773287,80.0,88.8224956063269,82.49560632688929,36.520210896309315,59.824253075571185,61.72231985940247,57.644991212653785,47.59226713532514,21.652021089630935,65.76449912126539,63.58523725834799,58.94551845342707,94.23550087873463,16.660808435852374,1.9332161687170477
CC(C)(C)c1ccc(CN2C3CCC2C(CO)C(c2ccc(C(=O)O)cc2)C3)cc1,gen_03050,407.55400000000014,4.811300000000005,3,2,4.0,0.7465879244236149,4,60.769999999999996,0,0,0,0.008082489,0.5908205,0.6818655,0.014992312,0.09697674,0.1220213,0.047942977,0.22603492,0.59161997,0.4801001,0.006748558,0.21967569,0.14027423,0.096949324,0.9506218,0.001081064,0.0073326356,0.0032596798,0.04819768,0.046970747,0.13476393,0.026408117,0.55357015,0.47133726,0.14580128,0.0004734878,0.014384168,0.3322584,0.006580616,0.48452625,0.7441896,-5.452126,25.615255,24.285137,1.7487829,-14.398981,2.7400887,1.3496904,95.67136,-4.4286427,-0.2545375,67.24077328646749,86.88927943760984,32.653778558875224,61.37082601054482,63.44463971880493,81.792618629174,81.28295254833041,39.43760984182777,47.59226713532514,25.869947275922673,37.188049209138846,2.1089630931458703,39.472759226713535,31.00175746924429,34.481546572934974,51.35325131810194,46.18629173989456,54.90333919156415,70.96660808435853,87.59226713532514,53.5676625659051,31.493848857644995,63.44463971880493,60.246045694200355,18.453427065026364,31.036906854130056,5.975395430579965,11.95079086115993,20.77328646748682,62.741652021089635,73.95430579964851,70.72056239015818,71.8804920913884,36.203866432337435,76.62565905096662,53.63796133567663,8.576449912126538,48.1195079086116,80.56239015817224,23.866432337434098,44.71001757469244,75.04393673110721,24.956063268892798,44.18277680140598,48.611599297012305,24.99121265377856,38.62917398945519,68.54130052724078,50.966608084358526,79.96485061511424,23.90158172231986,32.970123022847105
O=C(O)C=Cc1cc(Br)cc(-c2csc(Nc3ccc(C(=O)O)cc3)n2)n1,gen_03061,446.28200000000015,4.507200000000003,6,3,4.0,0.4779479610456917,0,112.41000000000001,0,1,0,0.17675972,0.08501668,0.49482894,0.1828849,0.119191095,0.083870314,0.33037215,0.0030137277,0.031051714,0.15462093,0.026978765,0.61499405,0.23251836,0.98333293,0.3908825,0.0049756006,0.03745525,0.50572693,0.022170534,0.06293828,0.089347295,0.04377169,0.05653577,0.038153827,0.6068371,0.076636,0.031796835,0.3171124,0.15400131,0.5214673,0.13153704,-5.357791,4.124305,-2.84695,61.458733,-17.036419,2.3739095,-0.5551975,100.60033,-4.706801,-3.4370193,74.90333919156416,83.9718804920914,72.46045694200352,78.20738137082601,63.44463971880493,43.30404217926187,22.601054481546576,74.90333919156416,47.59226713532514,66.52021089630932,37.188049209138846,42.35500878734622,6.9244288224956065,16.766256590509666,63.93673110720563,54.93848857644992,31.985940246045697,82.31985940246047,7.205623901581723,41.47627416520211,22.10896309314587,43.23374340949034,97.25834797891038,73.28646748681899,96.4499121265378,13.848857644991213,27.662565905096663,66.67838312829527,93.53251318101934,51.81019332161688,80.0,50.75571177504394,78.4182776801406,14.13005272407733,43.374340949033396,89.98242530755712,82.39015817223199,63.12829525483305,79.85940246045695,80.17574692442884,50.05272407732865,35.18453427065027,28.154657293497365,18.73462214411248,21.370826010544818,86.39718804920915,25.553602811950793,45.20210896309315,23.19859402460457,90.22847100175748,18.629173989455186,7.6625659050966615
O=C(O)c1ccccc1-c1ccccc1CNC(CCc1cccc(F)c1)C(=O)O,gen_03122,407.44100000000014,4.366500000000003,3,3,4.0,0.49047003917057697,1,86.63000000000001,0,0,0,0.12954459,0.42039576,0.8677227,0.20577331,0.29883203,0.3735796,0.29739904,0.089252286,0.24569969,0.35811815,0.10175161,0.4892115,0.36790296,0.7411157,0.9008517,0.013445647,0.04484027,0.11693206,0.03250751,0.039066106,0.1517433,0.07941127,0.24039128,0.14510389,0.104680255,0.019809913,0.013214147,0.047474626,0.03418276,0.33215976,0.4269225,-5.5652757,18.128859,12.630643,-0.7355877,-15.716695,2.3768258,-0.51707965,94.380905,-3.7969232,-4.8735604,67.20562390158173,82.21441124780317,32.653778558875224,78.20738137082601,63.44463971880493,44.88576449912127,55.32513181019333,59.03339191564148,47.59226713532514,25.869947275922673,37.188049209138846,33.919156414762746,27.10017574692443,67.90861159929702,66.25659050966608,74.1652021089631,93.95430579964851,80.91388400702988,44.25307557117751,74.13005272407733,42.284710017574696,58.59402460456943,93.21616871704747,84.49912126537787,68.36555360281196,26.256590509666083,55.289982425307564,73.39191564147627,73.11072056239017,56.94200351493849,69.94727592267137,75.11423550087873,85.58875219683657,23.936731107205627,57.469244288224964,45.30755711775044,64.21792618629175,46.36203866432338,54.059753954305805,52.75922671353252,25.166959578207383,58.80492091388401,22.31985940246046,34.76274165202109,36.62565905096661,20.738137082601057,30.826010544815468,45.553602811950796,23.58523725834798,77.29349736379613,36.30931458699473,3.4797891036906856
O=C(O)c1ccc(Cc2ccccc2)cc1Cc1nc(=O)s[nH]1,gen_03133,326.377,2.7112000000000007,4,2,4.0,0.7549784257921616,0,83.04999999999998,0,0,0,0.10308671,0.21447209,0.8805281,0.038839366,0.13256781,0.41086134,0.22414899,0.018099183,0.013846981,0.22704251,0.03688397,0.40172797,0.098005414,0.9512974,0.84980166,0.011250014,0.04275071,0.03559665,0.020423338,0.018780967,0.092312306,0.07323578,0.12995155,0.08456555,0.102475286,0.015222399,0.011377389,0.033000663,0.045831334,0.29978576,0.080209516,-5.367955,17.60824,7.570596,-6.182688,-15.253133,2.3191233,-0.33913976,95.95445,-3.982325,-5.109592,48.295254833040424,56.59050966608085,48.55887521968366,61.37082601054482,63.44463971880493,82.84710017574693,22.601054481546576,56.06326889279438,47.59226713532514,25.869947275922673,37.188049209138846,28.154657293497365,14.340949033391917,71.73989455184535,43.971880492091394,57.012302284710024,95.60632688927944,77.22319859402461,16.836555360281196,29.490333919156416,30.36906854130053,46.467486818980674,87.76801405975397,50.26362038664324,90.61511423550088,24.28822495606327,50.474516695957824,71.31810193321617,57.60984182776802,50.57996485061512,53.145869947275926,52.44288224956064,84.63971880492092,18.840070298769774,51.07205623901582,44.8506151142355,59.57820738137083,43.514938488576455,49.13884007029878,58.80492091388401,21.300527240773288,29.173989455184536,27.768014059753956,34.13005272407733,31.3884007029877,12.161687170474519,33.919156414762746,41.89806678383129,25.413005272407734,80.63268892794378,32.79437609841828,3.268892794376099
O=C(O)c1nccnc1CNc1ccc(Oc2ccccc2F)cc1,gen_03141,339.326,3.718300000000002,5,2,4.0,0.7119476407467017,0,84.34,0,0,0,0.09284068,0.5480081,0.95609254,0.2639209,0.23235185,0.5911652,0.29574504,0.0655125,0.029304057,0.34973305,0.027546728,0.49342394,0.22887608,0.98240405,0.98440206,0.0054626074,0.029542625,0.24306726,0.025154611,0.017930921,0.13016418,0.07158831,0.51491034,0.13159691,0.13810486,0.047515105,0.007727377,0.076229855,0.050893057,0.21474472,0.23748454,-4.885986,25.84632,-0.58967245,4.730813,-12.641226,2.1905732,0.40589252,93.58488,-3.8019557,-1.0925809,51.21265377855888,72.65377855887523,61.880492091388405,61.37082601054482,63.44463971880493,76.90685413005274,22.601054481546576,57.60984182776802,47.59226713532514,25.869947275922673,37.188049209138846,25.83479789103691,36.41476274165203,97.3286467486819,70.68541300527241,68.2249560632689,99.57820738137083,80.8084358523726,35.465729349736385,40.91388400702988,41.6871704745167,43.47978910369069,93.49736379613357,72.9701230228471,96.27416520210897,37.01230228471002,30.052724077328648,55.85237258347979,84.04217926186293,53.39191564147628,51.52899824253076,69.45518453427066,84.39367311072057,34.76274165202109,56.27416520210897,52.12653778558876,76.52021089630932,35.67662565905097,60.421792618629176,60.597539543058005,12.79437609841828,45.51845342706503,53.53251318101934,44.49912126537786,23.72583479789104,30.615114235500883,50.22847100175748,34.09490333919157,36.660808435852374,75.85237258347979,36.16871704745167,24.850615114235502
Cc1ccc(C(CC(=O)O)NC(=O)c2cccc(-c3cccs3)n2)cc1,gen_03144,366.44200000000006,4.064320000000002,4,2,4.0,0.689297554037016,1,79.29,0,0,0,0.19747913,0.39388713,0.911868,0.26558357,0.37778544,0.60571647,0.5271733,0.08532165,0.04515105,0.4468862,0.13731422,0.5320418,0.19962874,0.96955717,0.95532095,0.017705176,0.04460916,0.22986993,0.0862485,0.042751994,0.14776206,0.27421743,0.5076673,0.3580308,0.2622447,0.08148093,0.031189892,0.19638626,0.13083617,0.343846,0.31069377,-5.1513815,33.542675,19.275764,-11.082341,-13.620245,2.4448225,1.2747505,98.29099,-4.0877333,-5.508888,57.50439367311073,77.9261862917399,48.55887521968366,61.37082601054482,63.44463971880493,73.25131810193322,55.32513181019333,53.602811950790866,47.59226713532514,25.869947275922673,37.188049209138846,46.5377855887522,25.096660808435853,83.12829525483305,70.82601054481547,79.26186291739896,99.68365553602813,90.65026362038665,43.374340949033396,47.59226713532514,50.22847100175748,62.56590509666081,94.72759226713534,69.9121265377856,93.67311072056239,31.247803163444644,63.02284710017575,73.25131810193322,83.12829525483305,72.89982425307558,72.091388400703,73.77855887521969,96.52021089630932,34.55184534270651,71.70474516695958,67.7328646748682,83.02284710017575,62.91739894551846,73.70826010544816,77.46924428822496,26.29173989455185,51.14235500878735,38.13708260105449,51.91564147627417,44.04217926186292,7.205623901581723,44.00702987697716,50.298769771529,49.52548330404218,85.41300527240774,30.333919156414765,2.6362038664323375
O=C(O)CCC(=O)Nc1ccccc1Cc1cccs1,gen_03177,289.356,3.1422000000000017,3,2,4.0,0.8581874800478468,0,66.39999999999999,0,0,0,0.13488646,0.6757328,0.8372801,0.08762197,0.102432415,0.42927176,0.07916114,0.107347235,0.07537253,0.3583436,0.023763878,0.39136958,0.26203352,0.5393149,0.9189889,0.042258114,0.041338965,0.04542906,0.024129124,0.042170916,0.115829445,0.14632176,0.3905599,0.04239676,0.15263984,0.03645139,0.049893223,0.026796553,0.07255844,0.5161096,0.17877504,-4.8766227,35.34046,4.2609468,-22.993546,-11.348266,2.0548809,0.035352804,83.73362,-2.5902433,-1.8549713,37.293497363796135,63.16344463971881,32.653778558875224,61.37082601054482,63.44463971880493,96.02811950790861,22.601054481546576,43.62038664323375,47.59226713532514,25.869947275922673,37.188049209138846,34.97363796133568,46.326889279437616,59.85940246045695,53.602811950790866,52.337434094903344,96.2390158172232,62.319859402460466,49.34973637961336,55.57117750439368,42.284710017574696,41.86291739894552,86.99472759226714,76.02811950790861,57.25834797891037,27.87346221441125,81.30052724077329,70.08787346221442,61.12478031634447,52.93497363796134,71.77504393673111,64.32337434094904,91.81019332161688,29.701230228471005,44.39367311072056,55.008787346221446,72.68892794376099,72.40773286467487,46.0456942003515,66.99472759226714,49.2091388400703,40.31634446397189,54.20035149384886,53.286467486818985,28.295254833040424,1.40597539543058,60.456942003514946,26.115992970123024,31.318101933216173,60.07029876977153,60.00000000000001,18.769771528998245
CC(=O)Nc1cc(-c2ccc(-c3ccccc3)s2)ccc1C(=O)O,gen_03195,337.4000000000001,4.738700000000002,3,2,4.0,0.722509058595762,0,66.4,0,0,0,0.35980937,0.33355606,0.8557432,0.51939285,0.29831204,0.38386083,0.3753017,0.053504188,0.041344978,0.37400085,0.061927177,0.48752826,0.14194034,0.9775319,0.9808078,0.031537056,0.052359212,0.5504559,0.10506274,0.11070122,0.2988815,0.25876293,0.60376793,0.4838291,0.51129377,0.17822672,0.06904734,0.63596207,0.25300178,0.5338032,0.329675,-4.764798,36.80784,17.572927,19.079885,-12.222702,2.5970054,1.64838,102.881165,-5.0609217,-6.9807777,50.86115992970124,86.39718804920915,32.653778558875224,61.37082601054482,63.44463971880493,78.13708260105449,22.601054481546576,43.79613356766257,47.59226713532514,25.869947275922673,37.188049209138846,66.4323374340949,21.195079086115996,64.81546572934974,81.54657293497364,74.1652021089631,94.48154657293499,84.81546572934974,31.528998242530758,46.326889279437616,43.55008787346222,52.16168717047452,93.14586994727593,60.49209138840071,95.21968365553603,36.203866432337435,76.06326889279438,78.17223198594026,94.34094903339192,75.95782073813709,87.59226713532514,90.54481546572936,96.30931458699473,38.4182776801406,77.25834797891038,84.14762741652022,92.75922671353253,78.27768014059755,92.19683655536029,88.04920913884008,51.66959578207382,52.68892794376099,62.07381370826011,54.6572934973638,41.792618629173994,56.379613356766264,53.25131810193322,59.89455184534271,55.85237258347979,93.39191564147629,13.462214411247805,1.5817223198594026
CCCc1nc2cnccc2n1Cc1ccc(NC(=O)Cc2ncc(C(=O)O)s2)cc1F,gen_03225,453.4990000000002,3.9071000000000025,6,2,4.0,0.4186316144824562,0,110.00000000000001,0,0,0,0.028411046,0.13793658,0.8411725,0.07603736,0.40534586,0.46467447,0.7644368,0.032859214,0.10915401,0.45038837,0.64098465,0.42200565,0.27019,0.97974855,0.9721672,0.01387086,0.03663571,0.15237093,0.14871415,0.02555653,0.07083969,0.12069465,0.2943283,0.4397946,0.30950752,0.049865067,0.0392511,0.13152759,0.1632355,0.08845872,0.45234448,-5.5048594,7.136508,4.4464197,6.797757,-16.094252,2.4614265,-0.36502188,88.36825,-3.2278786,-1.1225103,76.3444639718805,75.64147627416521,72.46045694200352,61.37082601054482,63.44463971880493,35.430579964850615,22.601054481546576,73.56766256590511,47.59226713532514,25.869947275922673,37.188049209138846,7.6625659050966615,10.017574692442883,60.597539543058005,51.739894551845346,81.40597539543059,97.50439367311073,95.88752196836556,24.077328646748683,61.792618629173994,50.43936731107206,86.67838312829527,88.99824253075572,76.55536028119509,95.53602811950792,33.95430579964851,56.44991212653779,65.65905096660809,77.29349736379613,81.61687170474518,60.03514938488577,39.789103690685415,90.01757469244289,26.186291739894553,75.2548330404218,71.21265377855889,77.64499121265379,67.45166959578208,67.87346221441125,81.195079086116,2.8471001757469248,60.35149384885765,23.65553602811951,22.1792618629174,28.435852372583483,34.376098418277685,29.103690685413007,51.564147627416524,25.20210896309315,66.85413005272409,47.31107205623902,24.74516695957821
O=C(O)c1ccc(C(=O)Nc2ccc3oc(-c4ccncc4)nc3c2)c(Cl)c1,gen_03226,393.78600000000006,4.493700000000001,5,2,4.0,0.5287034670527468,0,105.32,0,0,0,0.092899516,0.08742638,0.704921,0.24117637,0.22491881,0.18381977,0.4591638,0.012931717,0.09939844,0.2068508,0.29771572,0.36688894,0.29566744,0.98889685,0.93200445,0.020103995,0.09891317,0.64293826,0.18217151,0.098120786,0.23130476,0.09227711,0.25589737,0.3689691,0.58371705,0.20100728,0.0718068,0.63746035,0.36574826,0.25335246,0.35774046,-5.1013184,20.43014,4.6651053,59.47213,-16.33339,2.3228073,0.95570695,97.07362,-4.9016876,-3.1672928,64.39367311072057,83.76098418277681,61.880492091388405,61.37082601054482,63.44463971880493,50.19332161687171,22.601054481546576,71.0017574692443,47.59226713532514,25.869947275922673,37.188049209138846,25.83479789103691,7.065026362038665,34.059753954305805,68.89279437609842,67.59226713532514,66.25659050966608,88.36555360281196,14.235500878734623,60.281195079086125,27.381370826010546,73.88400702987698,84.53427065026362,78.84007029876977,97.71528998242532,28.857644991212656,66.22144112478033,91.0017574692443,95.88752196836556,84.71001757469244,86.4323374340949,86.11599297012303,86.95957820738138,24.49912126537786,72.26713532513182,88.85764499121267,93.81370826010546,78.73462214411248,92.19683655536029,92.93497363796135,15.957820738137084,55.11423550087874,40.28119507908612,38.03163444639719,28.64674868189807,85.62390158172232,27.94376098418278,42.24956063268893,45.09666080843586,83.23374340949034,16.063268892794376,9.033391915641477
O=C(O)Cc1c[nH]c(-c2ccc(-c3cc(C(F)(F)F)nn3-c3cccc(F)c3)cn2)n1,gen_03229,431.34900000000005,4.109400000000002,4,2,4.0,0.46385354940745555,0,96.69,0,0,0,0.07868639,0.33512762,0.93117857,0.36674705,0.32279783,0.5442318,0.53621054,0.04988697,0.04836411,0.379265,0.1342986,0.5261264,0.29235587,0.9926981,0.9706799,0.011320723,0.037397783,0.39459243,0.13721739,0.0327929,0.15859869,0.14893603,0.51513565,0.38739735,0.359654,0.09273926,0.022316165,0.28626597,0.1859074,0.1528055,0.38171357,-5.3448033,-5.5017676,-4.821062,29.621365,-14.810367,2.7358582,0.5726802,92.65698,-3.943224,-3.9723504,72.54833040421794,78.45342706502637,48.55887521968366,61.37082601054482,63.44463971880493,41.792618629173994,22.601054481546576,65.86994727592268,47.59226713532514,25.869947275922673,37.188049209138846,22.31985940246046,21.265377855887525,90.33391915641477,75.57117750439367,75.60632688927944,99.15641476274166,90.96660808435853,30.193321616871707,48.68189806678384,44.21792618629174,62.21441124780317,94.55184534270651,78.48857644991213,98.66432337434095,33.77855887521969,50.61511423550088,66.60808435852373,90.22847100175748,80.45694200351494,65.76449912126539,77.04745166959579,92.16168717047452,34.76274165202109,73.14586994727593,75.04393673110721,84.78031634446398,57.04745166959579,78.27768014059755,83.12829525483305,7.6625659050966615,56.59050966608085,28.822495606326893,11.458699472759228,19.261862917398947,68.47100175746925,36.30931458699473,68.36555360281196,39.789103690685415,73.95430579964851,33.427065026362044,5.834797891036907
CC(Nc1ccc(C(=O)O)cc1)C(O)c1cccc(Cc2ccc(O)cc2)c1,gen_03247,377.44000000000017,4.215200000000002,4,4,4.0,0.49508748889342274,2,89.79,0,0,0,0.02819781,0.08341952,0.7110459,0.066424824,0.23261675,0.17944285,0.27797347,0.027803898,0.1261633,0.29433477,0.06393498,0.18693557,0.10816698,0.59989846,0.95866096,0.0038292743,0.029883882,0.05777522,0.05915468,0.2011235,0.37292582,0.03977991,0.14046797,0.1363068,0.15226166,0.01667149,0.027171567,0.3161888,0.049803156,0.26100785,0.33988938,-5.5279274,36.31643,17.519766,13.639841,-17.782085,2.2046757,1.4192038,97.74602,-4.623155,0.35760742,60.140597539543066,80.14059753954307,48.55887521968366,86.90685413005274,63.44463971880493,45.76449912126538,69.84182776801407,61.05448154657294,47.59226713532514,25.869947275922673,37.188049209138846,7.592267135325132,6.889279437609843,34.692442882249566,50.12302284710018,68.26010544815466,65.13181019332163,79.96485061511424,21.79261862917399,64.32337434094904,37.188049209138846,52.5834797891037,55.67662565905097,52.75922671353252,60.52724077328647,31.845342706502638,21.61687170474517,56.30931458699473,64.56942003514939,66.88927943760984,93.39191564147629,93.35676625659052,77.08260105448156,19.36731107205624,56.73110720562391,54.86818980667839,61.195079086115996,60.38664323374341,79.85940246045695,60.105448154657296,16.520210896309315,53.81370826010545,23.19859402460457,54.1652021089631,41.72231985940246,46.748681898066785,22.63620386643234,35.149384885764505,51.91564147627417,84.42882249560634,20.45694200351494,38.73462214411248
O=C(O)c1ccc(C=Cc2sc(Cl)nc2O)cc1,gen_03249,281.71999999999997,3.3707000000000003,4,2,4.0,0.9047546981385541,0,70.42,0,0,0,0.20069651,0.19067116,0.64821106,0.21925838,0.09597701,0.18033393,0.20253411,0.012932584,0.021351865,0.187903,0.018146265,0.50497234,0.09329857,0.921137,0.7400435,0.013521247,0.03165943,0.2305922,0.015866032,0.07867911,0.098988645,0.07391224,0.1698008,0.022320429,0.45874566,0.06300706,0.06451734,0.19621821,0.13016358,0.66180956,0.0653888,-5.0268903,28.970074,8.506116,-0.73198664,-13.225479,2.2878692,0.14786105,96.71947,-3.7851849,-1.8571377,35.32513181019333,66.85413005272409,48.55887521968366,61.37082601054482,63.44463971880493,99.26186291739896,22.601054481546576,46.99472759226714,47.59226713532514,25.869947275922673,37.188049209138846,47.100175746924435,12.72407732864675,26.748681898066785,67.17047451669596,51.07205623901582,65.3427065026362,75.78207381370827,14.235500878734623,35.95782073813709,25.553602811950793,39.57820738137083,93.88400702987698,48.822495606326896,85.79964850615114,20.738137082601057,55.57117750439368,58.840070298769774,83.19859402460457,46.95957820738138,83.19859402460457,56.344463971880494,84.63971880492092,20.84358523725835,39.26186291739895,81.23022847100177,80.21089630931459,77.15289982425308,73.67311072056239,77.36379613356767,68.54130052724078,27.275922671353253,43.7609841827768,47.381370826010546,32.16168717047452,20.738137082601057,46.50263620386644,39.96485061511424,33.00527240773287,82.39015817223199,36.660808435852374,18.73462214411248
Cc1cn(C2CCC=CC2C(=O)O)c(=O)c(Nc2ccccc2)n1,gen_03274,325.368,2.88722,4,2,4.0,0.8444897341476619,2,84.22,0,1,0,0.09836944,0.32690665,0.9075529,0.023338526,0.05333097,0.38504207,0.09091318,0.029312491,0.012320535,0.22306924,0.011183873,0.30468532,0.2733004,0.95019376,0.94023025,0.007385985,0.043261252,0.10557274,0.014596885,0.01818058,0.12932868,0.026973426,0.1700063,0.055752955,0.08158086,0.029006854,0.007242033,0.036909875,0.046240438,0.21033618,0.1431659,-5.3902164,5.940557,2.1931102,-15.926611,-15.781522,2.7190604,0.33400774,82.67424,-3.5507424,-2.6773212,48.01405975395431,59.648506151142364,48.55887521968366,61.37082601054482,63.44463971880493,94.48154657293499,69.84182776801407,57.57469244288225,47.59226713532514,66.52021089630932,37.188049209138846,26.959578207381373,20.949033391915645,82.07381370826012,38.59402460456943,40.94903339191565,94.55184534270651,64.39367311072057,22.42530755711775,27.592267135325134,29.806678383128297,35.430579964850615,77.71528998242532,76.94200351493849,90.50966608084359,29.771528998242534,38.94551845342707,71.8804920913884,71.8804920913884,45.799648506151144,51.95079086115994,69.03339191564149,72.23198594024605,20.84358523725835,47.065026362038665,39.015817223198596,69.52548330404218,34.72759226713533,50.82601054481547,59.015817223198596,12.231985940246046,36.555360281195085,27.029876977152902,20.878734622144115,26.432337434094904,3.4094903339191567,30.544815465729354,67.27592267135326,35.21968365553603,58.699472759226715,41.335676625659055,11.775043936731109
CCc1cc(-c2cnc(-c3ccnn3C)cn2)ccc1C(O)C1CCC(C(=O)O)CC1,gen_03306,420.51300000000026,4.030900000000003,5,2,4.0,0.6243110085360882,1,101.13000000000001,0,0,0,0.0362171,0.33658567,0.93991995,0.01546669,0.03150578,0.39873445,0.072626404,0.080389336,0.026432734,0.42336935,0.054675303,0.17074522,0.521934,0.9209895,0.9839443,0.0077912,0.038344625,0.056761563,0.03113012,0.011085162,0.06509458,0.02483112,0.41348347,0.09652991,0.09986937,0.02215555,0.0072527095,0.022510165,0.060508,0.08506392,0.36405557,-5.4974346,20.289059,18.546906,-2.1988678,-16.56495,2.5932705,1.0885389,92.011566,-4.029288,-0.47102636,70.15817223198594,77.68014059753955,61.880492091388405,61.37082601054482,63.44463971880493,63.47978910369069,55.32513181019333,68.78734622144113,47.59226713532514,25.869947275922673,37.188049209138846,9.560632688927944,21.40597539543058,93.04042179261863,34.833040421792624,32.72407732864675,95.18453427065027,61.05448154657294,41.72231985940246,39.71880492091389,48.154657293497365,50.896309314587,51.95079086115994,93.28646748681899,85.79964850615114,36.977152899824254,40.52724077328647,67.48681898066785,64.3585237258348,56.098418277680146,38.73462214411248,34.90333919156415,70.896309314587,30.474516695957824,52.4780316344464,44.25307557117751,65.79964850615114,34.72759226713533,44.147627416520216,63.374340949033396,2.6010544815465733,55.53602811950791,23.90158172231986,37.82073813708261,43.057996485061516,18.453427065026364,27.10017574692443,59.507908611599305,46.748681898066785,72.75922671353251,31.950790861159934,30.896309314586997
O=C(O)C(O)c1ccc2[nH]c(Cc3ccccc3Cl)nc2c1,gen_03332,316.744,2.9251000000000014,3,3,4.0,0.6904685654851428,1,86.21,0,0,0,0.05385704,0.3653987,0.8347378,0.13801602,0.17557837,0.35274482,0.21149811,0.04324121,0.0783177,0.22013554,0.032720067,0.4190609,0.27829528,0.78000915,0.8150445,0.012576806,0.054308325,0.11606991,0.025448909,0.03521868,0.11312058,0.07855446,0.15558295,0.04517989,0.11359501,0.02500298,0.018031482,0.038709898,0.048964597,0.2515606,0.15460977,-5.618586,3.4545312,-10.7315035,11.909602,-17.332916,2.3873296,-0.26732478,88.330284,-3.041484,-0.27861238,46.08084358523726,60.246045694200355,32.653778558875224,78.20738137082601,63.44463971880493,73.39191564147627,55.32513181019333,58.840070298769774,47.59226713532514,25.869947275922673,37.188049209138846,14.340949033391917,22.95254833040422,59.29701230228471,60.456942003514946,62.84710017574693,92.44288224956064,76.37961335676626,27.768014059753956,55.922671353251324,29.068541300527244,45.061511423550094,88.8224956063269,77.50439367311073,71.0017574692443,22.95254833040422,53.602811950790866,79.29701230228471,73.04042179261863,53.602811950790866,67.34622144112478,62.95254833040423,85.27240773286468,19.964850615114237,44.8506151142355,47.66256590509666,67.48681898066785,52.79437609841828,51.59929701230229,59.89455184534271,15.711775043936733,37.961335676625666,21.195079086115996,17.785588752196837,14.340949033391917,43.55008787346222,24.21792618629174,46.010544815465735,26.432337434094904,66.78383128295255,51.84534270650264,32.79437609841828
O=C(O)c1cccc(NC(=O)c2nc(-c3ccnc(C(F)(F)F)c3)ccc2C2CC2)c1,gen_03347,427.3820000000001,4.990300000000002,4,2,4.0,0.5985531324382661,0,92.18,0,0,0,0.27879533,0.23626502,0.86784995,0.31274718,0.2968799,0.38531506,0.43269914,0.0436354,0.054839708,0.38092756,0.08922932,0.49889588,0.1891243,0.98668325,0.9771406,0.023855012,0.048691932,0.43040258,0.19608602,0.08834155,0.25441474,0.21389642,0.54047906,0.6060904,0.51849586,0.1486008,0.06623222,0.6959187,0.31164503,0.38376492,0.39226636,-5.1077952,8.881731,11.367314,45.685772,-13.850485,2.929521,1.7256492,99.94403,-5.297934,-5.565807,71.56414762741653,88.50615114235502,48.55887521968366,61.37082601054482,63.44463971880493,59.824253075571185,22.601054481546576,62.741652021089635,47.59226713532514,25.869947275922673,37.188049209138846,57.89103690685413,15.184534270650264,67.90861159929702,73.0755711775044,74.09490333919157,94.55184534270651,87.20562390158173,28.049209138840073,50.54481546572936,44.39367311072056,56.52021089630932,93.74340949033393,68.57644991212655,97.4340949033392,35.114235500878735,70.47451669595783,75.81722319859404,91.24780316344464,86.18629173989456,85.13181019332163,87.90861159929702,94.97363796133568,35.67662565905097,81.44112478031636,84.67486818980669,90.86115992970124,77.50439367311073,93.70826010544816,90.93145869947277,31.669595782073817,57.25834797891037,40.0,24.253075571177508,35.289982425307564,79.15641476274166,42.53075571177505,78.98066783831284,57.04745166959579,88.92794376098419,10.61511423550088,2.6010544815465733
O=C(O)Cn1cccc(NCc2cccc(-c3ccc(Cl)cc3)n2)c1=O,gen_03354,369.8080000000001,3.2604000000000015,4,2,4.0,0.6963196726959369,0,84.22,0,0,0,0.08710445,0.5421222,0.924955,0.2604499,0.29304704,0.5800282,0.35264906,0.085090026,0.06796773,0.36284512,0.06424812,0.52728254,0.27091366,0.95308065,0.9611532,0.011878814,0.03967803,0.19824028,0.038408082,0.025368929,0.13427855,0.12445067,0.4548475,0.17727363,0.1684189,0.046325006,0.0154862255,0.07295071,0.07879294,0.26542634,0.29667243,-5.2321653,10.045761,-7.7714553,16.796356,-14.583662,2.3342185,-0.15873644,92.48297,-3.4542804,-0.786793,58.383128295254835,65.30755711775045,48.55887521968366,61.37082601054482,63.44463971880493,74.79789103690686,22.601054481546576,57.57469244288225,47.59226713532514,25.869947275922673,37.188049209138846,24.323374340949037,35.887521968365554,88.08435852372584,70.36906854130054,73.84885764499121,99.43760984182778,83.8664323374341,43.33919156414763,53.81370826010545,42.601054481546576,52.75922671353252,94.62214411247804,76.66080843585237,90.75571177504395,32.337434094903344,51.739894551845346,68.85764499121267,80.94903339191565,59.191564147627425,59.89455184534271,70.68541300527241,90.26362038664324,32.196836555360285,60.140597539543066,57.53954305799649,76.16871704745168,49.52548330404218,59.824253075571185,68.64674868189807,16.836555360281196,50.22847100175748,34.059753954305805,25.97539543057997,16.485061511423552,52.513181019332166,37.609841827768015,42.95254833040422,27.94376098418278,73.53251318101934,43.16344463971881,27.55711775043937
O=C(O)c1ccc(C(O)(c2ccc(COc3ccc(F)c(F)c3)cc2)C(F)(F)F)nc1,gen_03394,439.336,4.435200000000002,4,2,4.0,0.5557191023634225,1,79.65,0,0,0,0.060572904,0.15103135,0.89306414,0.11655613,0.36352307,0.5238395,0.5307258,0.042866286,0.030409789,0.46402287,0.08776154,0.4209761,0.084686205,0.95705396,0.9709857,0.00938945,0.0348702,0.07779211,0.15374449,0.094969295,0.19774453,0.35105142,0.45757684,0.41640115,0.29693907,0.041916765,0.04498543,0.5206283,0.18580781,0.26544738,0.24947342,-4.8710313,21.777514,12.94144,3.8444161,-11.0819435,2.8334808,1.2614348,97.47775,-4.331523,-4.5817018,73.74340949033393,83.09314586994728,48.55887521968366,61.37082601054482,63.44463971880493,54.48154657293498,55.32513181019333,53.70826010544816,47.59226713532514,25.869947275922673,37.188049209138846,16.485061511423552,10.755711775043938,76.27416520210897,58.277680140597546,78.59402460456943,98.76977152899825,90.75571177504395,27.732864674868193,41.26537785588753,51.77504393673111,56.239015817223205,88.96309314586996,46.29173989455185,91.31810193321617,33.84885764499121,45.51845342706503,63.09314586994728,68.54130052724078,82.24956063268894,86.0456942003515,83.30404217926187,97.99648506151144,32.23198594024605,74.37609841827769,70.33391915641477,74.6572934973638,70.47451669595783,88.8224956063269,83.12829525483305,16.836555360281196,46.29173989455185,54.48154657293498,39.89455184534271,36.977152899824254,28.927943760984185,61.86291739894553,74.02460456942003,49.34973637961336,83.93673110720563,25.58875219683656,4.077328646748683
O=C(O)C(Cc1ccc(F)cc1)c1n[nH]c(=O)c2cc(Cl)ccc12,gen_03406,346.74500000000006,3.126500000000002,3,2,4.0,0.7599357131971347,1,83.04999999999998,0,0,0,0.020619923,0.3864167,0.93452036,0.08013858,0.19362935,0.60724,0.3118406,0.038345926,0.02027707,0.29335633,0.027253192,0.44469777,0.090897225,0.9544657,0.9750292,0.007000682,0.03532214,0.04657357,0.022738287,0.017156782,0.085567124,0.13825554,0.37971193,0.111216545,0.09794183,0.0142014725,0.008576154,0.05326447,0.039266534,0.22905639,0.10572465,-5.024842,6.869915,-8.068621,24.260712,-14.72298,2.6848595,0.615978,97.538795,-4.562463,-5.046052,52.829525483304046,62.95254833040423,32.653778558875224,61.37082601054482,63.44463971880493,83.55008787346222,55.32513181019333,56.06326889279438,47.59226713532514,25.869947275922673,37.188049209138846,5.729349736379614,24.3585237258348,91.45869947275924,52.5834797891037,64.39367311072057,99.7188049209139,81.72231985940246,25.90509666080844,35.149384885764505,37.08260105448155,43.374340949033396,90.36906854130054,48.36555360281196,90.93145869947277,34.55184534270651,37.01230228471002,63.971880492091394,61.61687170474517,52.23198594024605,50.22847100175748,48.295254833040424,91.24780316344464,29.314586994727595,54.13005272407733,43.7609841827768,58.17223198594025,37.99648506151143,55.67662565905097,55.81722319859403,13.848857644991213,32.196836555360285,43.8664323374341,21.968365553602816,16.274165202108964,63.02284710017575,36.836555360281196,64.99121265377856,40.49209138840071,84.04217926186293,21.441124780316347,3.304042179261863
O=C(O)c1cccc(-n2c(O)cc(Cc3cccc4ccccc34)c2O)c1,gen_03419,359.38100000000003,4.330700000000002,3,3,4.0,0.506390377958754,0,82.69,0,0,0,0.14164934,0.15942448,0.764224,0.35276327,0.29774648,0.26628217,0.35417026,0.023864603,0.08969578,0.28044504,0.059918858,0.35352755,0.118642785,0.8854472,0.96771944,0.008429585,0.046217196,0.29397526,0.06395816,0.19647147,0.3658109,0.09225437,0.28534132,0.17576486,0.32594696,0.06940092,0.048747405,0.50794435,0.12813815,0.48538667,0.30380043,-5.309735,37.050446,20.084896,-8.812273,-14.791463,2.3351216,0.731789,100.277985,-4.421769,-6.607154,55.81722319859403,81.82776801405976,32.653778558875224,78.20738137082601,63.44463971880493,47.240773286467494,22.601054481546576,55.95782073813709,47.59226713532514,25.869947275922673,37.188049209138846,36.37961335676626,11.17750439367311,43.58523725834798,75.00878734622145,74.1652021089631,82.91739894551846,84.00702987697716,19.718804920913886,58.34797891036907,36.02811950790861,52.02108963093146,83.40949033391917,55.43057996485062,80.597539543058,33.32161687170475,42.39015817223199,74.2706502636204,86.71353251318102,68.40070298769773,93.0755711775044,93.14586994727593,86.95957820738138,25.76449912126538,60.07029876977153,72.51318101933217,81.30052724077329,71.84534270650265,88.26010544815466,76.94200351493849,44.74516695957821,50.61511423550088,30.333919156414765,54.76274165202109,45.237258347978916,8.857644991212654,36.48506151142355,42.98769771528999,41.968365553602816,89.52548330404218,23.97188049209139,1.7223198594024607
O=C(O)C1CCC(NCc2cccc(-n3cnc(C(F)(F)F)c3)c2)CC1,gen_03427,367.3710000000001,3.624100000000002,3,2,4.0,0.8470313508939866,0,67.15,0,0,0,0.034518424,0.7172764,0.8884697,0.08626388,0.03448917,0.2203861,0.02033019,0.26306006,0.40982,0.30072665,0.0071712225,0.26300523,0.41742712,0.35114914,0.9729312,0.0045917835,0.027359206,0.029091116,0.008486556,0.011267351,0.08833261,0.0045869825,0.508355,0.040328026,0.045386426,0.0022077211,0.0043273782,0.0147756655,0.009745369,0.33816996,0.41752738,-5.6156464,-10.15072,-11.950785,0.28518447,-14.972661,2.6288612,-0.5341042,62.595898,-2.506505,-0.32554823,57.71528998242531,71.42355008787347,32.653778558875224,61.37082601054482,63.44463971880493,94.76274165202109,22.601054481546576,44.8506151142355,47.59226713532514,25.869947275922673,37.188049209138846,9.173989455184534,49.84182776801406,74.72759226713534,53.35676625659051,33.98945518453427,74.13005272407733,41.54657293497364,74.1652021089631,82.39015817223199,37.609841827768015,31.950790861159934,71.31810193321617,87.45166959578208,46.783831282952555,34.13005272407733,25.869947275922673,52.513181019332166,54.833040421792624,37.53954305799649,39.12126537785589,50.19332161687171,43.831282952548335,34.58699472759227,43.831282952548335,24.74516695957821,25.20210896309315,25.166959578207383,39.5079086115993,29.490333919156416,25.51845342706503,58.418277680140605,21.33567662565905,8.787346221441126,13.42706502636204,22.847100175746927,35.39543057996485,61.82776801405976,23.47978910369069,38.66432337434095,61.47627416520211,32.513181019332166
O=C(O)c1ccc(CSc2nc(=O)cc(Cc3ccccc3)[nH]2)o1,gen_03437,342.376,2.9442000000000013,5,2,4.0,0.5280292559892721,0,96.18999999999998,0,0,0,0.09822372,0.24918723,0.87521684,0.02186841,0.10060674,0.45222902,0.18091987,0.018605886,0.012298328,0.1948542,0.012698188,0.5056889,0.09991815,0.9377004,0.8096875,0.012549972,0.032044962,0.022716343,0.013605611,0.020955892,0.08467827,0.07558669,0.1253765,0.036206394,0.10008492,0.016738718,0.014234466,0.016694278,0.040993102,0.33092698,0.05236268,-5.2218094,20.79549,3.4737515,-7.324338,-14.747174,2.1065767,-0.6657127,93.330864,-3.3866787,-2.807777,52.16168717047452,60.35149384885765,61.880492091388405,61.37082601054482,63.44463971880493,50.08787346221442,22.601054481546576,65.69420035149385,47.59226713532514,25.869947275922673,37.188049209138846,26.92442882249561,15.676625659050968,70.08787346221442,37.961335676625666,51.9859402460457,97.01230228471003,74.0597539543058,17.082601054481547,27.592267135325134,26.115992970123024,36.76625659050967,93.88400702987698,50.790861159929705,88.40070298769773,22.88224956063269,53.5676625659051,59.367311072056246,51.14235500878735,44.81546572934974,55.67662565905097,47.732864674868196,84.85061511423551,18.523725834797894,42.84710017574693,44.32337434094904,61.37082601054482,47.94376098418278,40.597539543058,56.59050966608085,25.06151142355009,24.780316344463973,34.58699472759227,38.383128295254835,27.732864674868193,10.685413005272409,36.69595782073814,28.752196836555363,21.370826010544818,75.32513181019333,44.32337434094904,11.107205623901583
O=C(O)c1ccc(NC(=O)c2cccc(Oc3cccc(C(F)(F)F)n3)c2)cc1,gen_03465,402.32800000000003,4.843200000000002,4,2,4.0,0.6374103735435943,0,88.52000000000001,0,0,0,0.08268445,0.2079912,0.8886895,0.29714274,0.3011009,0.43875843,0.42199498,0.031064933,0.03611851,0.2981344,0.03669497,0.47710437,0.094865724,0.9795418,0.97986305,0.006866264,0.044357195,0.24971361,0.073510036,0.09449314,0.27995485,0.14200155,0.4451759,0.32038462,0.31346112,0.060031854,0.025896024,0.56317455,0.1339482,0.33524325,0.22886439,-4.979944,19.33024,3.63697,44.701107,-13.53961,2.3835433,1.2579706,99.27952,-5.0990877,-4.7253847,65.83479789103691,87.20562390158173,48.55887521968366,61.37082601054482,63.44463971880493,64.81546572934974,22.601054481546576,60.140597539543066,47.59226713532514,25.869947275922673,37.188049209138846,23.374340949033392,13.919156414762742,74.79789103690686,72.47803163444641,74.37609841827769,96.69595782073814,86.71353251318102,23.2688927943761,44.18277680140598,37.3286467486819,46.39718804920914,92.44288224956064,49.244288224956065,95.50087873462215,35.887521968365554,36.48506151142355,73.14586994727593,84.60456942003516,70.19332161687171,85.97539543057998,89.42003514938489,91.45869947275924,31.810193321616875,69.73637961335677,71.56414762741653,79.47275922671353,59.89455184534271,90.12302284710019,78.10193321616872,25.37785588752197,44.99121265377856,47.0298769771529,36.555360281195085,27.87346221441125,78.80492091388402,44.39367311072056,45.834797891036914,49.279437609841835,87.34622144112478,12.864674868189807,3.8312829525483307
O=C(O)Cc1c(C(=O)O)[nH]c(-c2ccccc2)c1-c1ccccc1,gen_03476,321.33200000000005,3.674000000000002,2,3,4.0,0.6684579354340137,0,90.38999999999999,0,0,0,0.09566726,0.32037535,0.88374215,0.067541756,0.11530964,0.3917051,0.19824412,0.009676564,0.010360174,0.13863656,0.003559819,0.58052766,0.13477251,0.96005344,0.87288886,0.0033405584,0.020681052,0.068547115,0.0056642373,0.023219826,0.100988805,0.07722803,0.08325817,0.037066646,0.10951392,0.015153053,0.0061865235,0.029734945,0.024341816,0.33683616,0.05088211,-5.198286,-0.749733,-4.236795,23.144672,-13.826477,2.647155,-1.2003503,95.224014,-3.5232856,-6.4705977,47.240773286467494,72.05623901581723,17.10017574692443,78.20738137082601,63.44463971880493,69.84182776801407,22.601054481546576,61.511423550087876,47.59226713532514,25.869947275922673,37.188049209138846,26.432337434094904,20.421792618629176,72.9701230228471,50.4042179261863,54.20035149384886,95.04393673110721,75.43057996485062,12.688927943760985,25.483304042179263,20.52724077328647,26.60808435852373,96.3444639718805,59.22671353251319,91.8804920913884,25.06151142355009,19.332161687170476,41.792618629173994,67.10017574692444,31.634446397188054,57.99648506151143,57.36379613356767,85.16695957820738,16.344463971880494,42.95254833040422,46.467486818980674,59.472759226713535,31.528998242530758,47.416520210896316,45.76449912126538,25.483304042179263,24.534270650263622,35.95782073813709,14.762741652021091,19.718804920913886,61.89806678383129,42.6713532513181,62.95254833040423,15.571177504393674,79.29701230228471,41.72231985940246,1.7574692442882252
O=C(O)CC1CCC2(CCS(=O)(=O)C3=Cc4ccccc4CC3)CCC(O)CC12,gen_03477,418.55500000000023,3.8107000000000033,4,2,4.0,0.7329106441654044,4,91.67,0,0,0,0.212587,0.62105834,0.63918763,0.0073374724,0.04368025,0.18705282,0.045476828,0.13115217,0.13639872,0.5621209,0.045721013,0.18138325,0.25722796,0.16332087,0.94132745,0.065700345,0.04424871,0.006307762,0.06965685,0.14254978,0.25297374,0.20570807,0.4553441,0.30828112,0.2911244,0.02782236,0.13259248,0.13092676,0.12100518,0.64073974,0.40265313,-5.196195,28.2928,18.63408,-17.459343,-14.387079,2.576635,0.8033727,86.04909,-3.8295727,-5.119214,69.87697715289983,73.98945518453428,48.55887521968366,61.37082601054482,63.44463971880493,79.68365553602813,81.28295254833041,62.425307557117755,47.59226713532514,25.869947275922673,37.188049209138846,48.611599297012305,41.89806678383129,26.045694200351495,27.87346221441125,38.277680140597546,66.99472759226714,54.27065026362039,56.62565905096661,65.86994727592268,62.84710017574693,48.75219683655536,54.27065026362039,75.64147627416521,29.771528998242534,29.912126537785593,86.6432337434095,73.04042179261863,30.68541300527241,69.34973637961336,90.7908611599297,87.80316344463972,94.69244288224957,32.196836555360285,69.13884007029877,69.8066783831283,68.99824253075572,87.7328646748682,67.83831282952549,75.88752196836556,66.32688927943761,57.85588752196837,36.063268892794376,46.85413005272408,43.09314586994728,2.671353251318102,38.76977152899825,58.45342706502637,42.882249560632694,62.7768014059754,35.53602811950791,3.233743409490334
Cc1c(Br)c(-c2ccc(-c3ccccc3)cc2)nn1CC(C)(O)CC(=O)O,gen_03487,429.31400000000025,4.513720000000005,3,2,4.0,0.6046698910926444,1,75.35,0,0,0,0.33325672,0.5399881,0.85002744,0.47670317,0.6960295,0.5633167,0.6815343,0.13966146,0.13552287,0.6102714,0.22901091,0.54506826,0.17504857,0.92238843,0.96508026,0.036485743,0.033850588,0.29114264,0.2137086,0.12046579,0.23341891,0.499971,0.6865641,0.5256951,0.46205288,0.16033633,0.11916673,0.45412245,0.2463371,0.51617473,0.49281806,-5.015902,18.66472,9.725268,15.147659,-13.574893,3.0228705,1.7953469,100.644226,-4.519738,-4.0825777,72.12653778558875,84.04217926186293,32.653778558875224,61.37082601054482,63.44463971880493,60.702987697715294,55.32513181019333,51.03690685413006,47.59226713532514,25.869947275922673,37.188049209138846,63.690685413005276,35.782073813708266,63.30404217926187,80.35149384885766,91.70474516695958,99.40246045694201,94.34094903339192,58.699472759226715,65.69420035149385,68.78734622144113,69.66608084358525,95.04393673110721,66.32688927943761,85.94024604569421,32.970123022847105,78.55887521968366,61.82776801405976,86.60808435852374,87.34622144112478,88.47100175746925,86.32688927943762,99.15641476274166,43.16344463971881,78.84007029876977,81.44112478031636,91.66959578207383,86.46748681898067,85.72934973637962,87.7328646748682,49.2091388400703,62.35500878734623,44.53427065026362,35.53602811950791,33.32161687170475,49.3145869947276,44.288224956063274,82.95254833040423,58.383128295254835,90.29876977152901,22.39015817223199,5.62390158172232
O=C(O)c1ccc(C(=O)Nc2ccc(Cc3ccccc3)cc2)o1,gen_03491,321.332,3.8209000000000026,3,2,4.0,0.7484388658130271,0,79.53999999999999,0,0,0,0.19765547,0.30449218,0.874674,0.20702596,0.31098503,0.45727,0.40617213,0.035441533,0.04877366,0.3262413,0.034348086,0.53980553,0.11668923,0.96503484,0.9669676,0.011867356,0.03559325,0.15281919,0.060464866,0.09580836,0.27287254,0.23159623,0.39885527,0.26615575,0.30977243,0.07245523,0.037777822,0.37770042,0.12741394,0.45923996,0.22769983,-4.969077,32.231087,12.504537,12.142846,-12.087507,2.2241483,0.74249154,98.73846,-4.2390776,-4.6248655,47.240773286467494,74.23550087873463,32.653778558875224,61.37082601054482,63.44463971880493,82.03866432337435,22.601054481546576,53.67311072056239,47.59226713532514,25.869947275922673,37.188049209138846,46.57293497363796,19.648506151142357,69.9121265377856,66.32688927943761,74.97363796133568,97.25834797891038,86.01054481546574,24.850615114235502,48.85764499121266,39.89455184534271,45.51845342706503,94.97363796133568,55.07908611599297,92.93497363796135,33.21616871704745,51.739894551845346,64.39367311072057,77.29349736379613,67.38137082601055,86.11599297012303,89.17398945518454,95.46572934973639,30.087873462214414,66.81898066783832,71.24780316344464,81.61687170474518,66.71353251318102,82.84710017574693,76.90685413005274,41.6871704745167,44.920913884007035,47.76801405975396,50.68541300527241,36.62565905096661,43.93673110720563,54.27065026362039,36.41476274165203,42.21441124780317,86.4323374340949,27.31107205623902,3.9718804920913886
O=C(O)c1ccccc1CCc1ccc(-c2ccnc3ccccc23)cc1CO,gen_03514,383.4470000000001,4.877500000000005,3,2,4.0,0.49791999810917587,0,70.42,0,0,0,0.22366174,0.3372432,0.8401758,0.3612085,0.43677014,0.4310378,0.46842217,0.09945932,0.18114282,0.48714438,0.1766858,0.4163707,0.2811752,0.9048699,0.97926605,0.03768465,0.050821625,0.30417496,0.23253043,0.15210657,0.28620592,0.35588893,0.5473464,0.6006991,0.45942956,0.14821276,0.12864202,0.55370486,0.31651574,0.39275455,0.5532814,-5.0762153,53.943188,36.627846,2.4056475,-13.4325285,2.4945948,2.2171996,103.04079,-4.889199,-6.577138,61.47627416520211,87.48681898066785,32.653778558875224,61.37082601054482,63.44463971880493,46.08084358523726,22.601054481546576,46.99472759226714,47.59226713532514,25.869947275922673,37.188049209138846,50.57996485061512,21.47627416520211,60.31634446397189,75.39543057996485,82.7768014059754,96.37961335676627,88.92794376098419,47.59226713532514,70.29876977152901,54.30579964850616,65.83479789103691,88.68189806678384,77.78558875219684,83.2688927943761,35.746924428822496,78.98066783831284,77.46924428822496,86.92442882249561,88.50615114235502,91.38840070298771,89.701230228471,98.03163444639719,35.99297012302285,81.195079086116,81.37082601054482,90.86115992970124,87.27592267135326,89.701230228471,91.03690685413007,32.86467486818981,65.76449912126539,41.05448154657294,66.60808435852373,59.26186291739895,26.15114235500879,45.061511423550094,53.49736379613357,66.0456942003515,93.63796133567664,16.2390158172232,1.7574692442882252
CCc1c(Cc2ccc3ccc(C)cc3c2)[nH]c(SCC(=O)O)nc1=O,gen_03526,368.45800000000014,3.561420000000001,4,2,4.0,0.5133811987099691,0,83.05000000000001,0,0,0,0.22305198,0.40046984,0.90811235,0.120518066,0.122189105,0.49777335,0.19971013,0.07607781,0.012782933,0.4053577,0.07322646,0.4181458,0.14754231,0.9375246,0.92187774,0.028283387,0.045765746,0.09014307,0.03620653,0.024360482,0.08456142,0.16755334,0.4403143,0.12635799,0.17559329,0.050454706,0.023685837,0.041598182,0.10847604,0.3963759,0.13265668,-5.2052994,24.876837,12.559112,-3.7069278,-13.192647,2.3140318,0.25253838,98.30818,-3.6555119,-4.99466,57.961335676625666,70.40421792618629,48.55887521968366,61.37082601054482,63.44463971880493,48.1195079086116,22.601054481546576,56.098418277680146,47.59226713532514,25.869947275922673,37.188049209138846,50.50966608084359,25.69420035149385,82.1792618629174,58.76977152899825,55.53602811950791,98.31282952548331,75.50087873462215,40.07029876977153,28.154657293497365,46.67838312829526,53.98945518453428,88.8224956063269,61.6871704745167,88.40070298769773,27.978910369068544,74.20035149384887,73.98945518453428,70.22847100175747,58.59402460456943,59.12126537785589,47.697715289982426,93.00527240773287,31.528998242530758,55.71177504393673,58.277680140597546,77.71528998242532,58.101933216168725,52.30228471001758,74.48154657293497,33.32161687170475,35.32513181019333,35.53602811950791,43.44463971880492,36.62565905096661,16.168717047451672,46.81898066783832,41.72231985940246,33.98945518453427,85.48330404217927,39.26186291739895,3.3391915641476277
O=C(O)C(Cc1ccc2ccccc2n1)NCc1ccc(F)cc1,gen_03528,324.355,3.1594000000000015,3,2,4.0,0.731014162027751,1,62.22,0,0,0,0.17154428,0.7086221,0.94026023,0.29941738,0.20859036,0.47395763,0.1530005,0.21973903,0.12545103,0.4387378,0.061564874,0.38655892,0.35695976,0.76022416,0.9895991,0.012222016,0.03773143,0.17643043,0.017956031,0.01754512,0.122771606,0.038973816,0.6464044,0.09646858,0.0786509,0.022866776,0.01029212,0.026668131,0.029259484,0.3344846,0.40788984,-5.3100066,19.697311,2.8557224,-15.666347,-13.224844,2.4385672,0.41016206,88.431564,-3.0199199,-2.4923508,47.59226713532514,63.62038664323375,32.653778558875224,61.37082601054482,63.44463971880493,79.22671353251319,55.32513181019333,40.03514938488577,47.59226713532514,25.869947275922673,37.188049209138846,41.44112478031635,49.13884007029878,93.1810193321617,72.51318101933217,66.18629173989456,97.75043936731107,71.70474516695958,70.15817223198594,64.14762741652022,49.384885764499124,52.12653778558876,86.46748681898067,83.58523725834799,69.9121265377856,39.54305799648507,52.829525483304046,66.85413005272409,79.43760984182778,48.611599297012305,50.896309314587,67.10017574692444,76.90685413005274,40.98418277680141,52.4780316344464,38.13708260105449,66.29173989455185,41.89806678383129,46.010544815465735,50.4042179261863,25.342706502636204,58.03163444639719,30.333919156414765,36.76625659050967,26.889279437609844,3.4797891036906856,46.50263620386644,49.63093145869948,36.90685413005273,66.88927943760984,52.40773286467487,13.286467486818982
CCCc1oc(CC(=O)Nc2cc(C)ccc2C)c(C(=O)O)c1CC,gen_03550,343.4230000000001,4.290740000000003,3,2,4.0,0.7857369278650949,0,79.54,0,0,0,0.14383504,0.27739018,0.8740405,0.031020623,0.31119737,0.3897805,0.37602624,0.08325167,0.02095854,0.65705144,0.28969687,0.21049544,0.08785543,0.91883385,0.99241006,0.026801456,0.037747048,0.06780815,0.12479401,0.062146645,0.13046512,0.28416318,0.7141283,0.54664147,0.3174961,0.06274728,0.07302765,0.42141604,0.20284764,0.3272062,0.3415671,-4.691765,56.061546,48.048344,-1.9372517,-9.917367,2.634449,2.0079036,98.976425,-4.367831,-1.8819752,52.26713532513182,81.33567662565906,32.653778558875224,61.37082601054482,63.44463971880493,87.10017574692444,22.601054481546576,53.67311072056239,47.59226713532514,25.869947275922673,37.188049209138846,36.73110720562391,17.680140597539545,69.8066783831283,41.37082601054482,75.00878734622145,94.90333919156416,84.92091388400704,42.63620386643234,35.746924428822496,74.97363796133568,73.39191564147627,61.72231985940247,47.381370826010546,85.51845342706504,41.61687170474517,72.79437609841828,66.85413005272409,67.02987697715291,78.98066783831284,79.78910369068542,69.52548330404218,96.80140597539544,44.78031634446398,79.5079086115993,71.73989455184535,80.1054481546573,78.98066783831284,84.4639718804921,84.9560632688928,24.639718804920918,54.09490333919157,67.34622144112478,67.83831282952549,67.31107205623903,19.05096660808436,71.45869947275924,62.03866432337435,62.636203866432346,86.85413005272409,24.956063268892798,18.488576449912127
O=C(O)C(O)c1cn(-c2ccccc2)c2cc(CCc3ccccc3)ccc12,gen_03554,371.4360000000001,4.533700000000003,2,2,4.0,0.5232478359222484,1,62.46,0,0,0,0.073728696,0.48933798,0.90017927,0.21956027,0.41916734,0.6137837,0.4526411,0.10861802,0.08670573,0.52684027,0.04190888,0.529857,0.17203519,0.9054263,0.986419,0.008779111,0.02767598,0.104140595,0.09605667,0.092034444,0.24646251,0.4660222,0.5381374,0.5771755,0.26740947,0.044880025,0.039279193,0.35503253,0.09949675,0.34968436,0.44243398,-5.4192963,18.741304,9.991343,15.997131,-13.7259245,2.7315507,1.109165,101.24526,-4.03544,-6.7438927,59.015817223198596,84.14762741652022,17.10017574692443,61.37082601054482,63.44463971880493,49.42003514938489,55.32513181019333,40.28119507908612,47.59226713532514,25.869947275922673,37.188049209138846,20.38664323374341,32.09138840070299,79.08611599297014,67.17047451669596,82.1792618629174,99.82425307557119,88.15465729349737,49.77152899824254,57.82073813708261,58.734622144112485,47.59226713532514,94.72759226713534,65.97539543057997,83.40949033391917,37.750439367311074,43.47978910369069,52.970123022847105,71.66959578207381,74.69244288224957,85.65905096660809,87.41652021089632,99.0158172231986,35.64147627416521,80.35149384885766,68.04920913884007,75.67662565905097,67.45166959578208,81.72231985940246,73.11072056239017,27.17047451669596,59.964850615114244,25.97539543057997,35.64147627416521,33.5676625659051,51.3884007029877,43.198594024604574,68.15465729349737,47.1353251318102,90.96660808435853,31.739894551845346,1.616871704745167
O=C(O)C=Cc1c(C(=O)O)[nH]c2cccc(Oc3ccc(F)cc3Cl)c12,gen_03566,375.7390000000001,4.548700000000001,3,3,4.0,0.567997568164089,0,99.61999999999999,0,1,0,0.17759903,0.15617453,0.68360066,0.26602808,0.16983286,0.19749184,0.31959906,0.00922446,0.036666512,0.22375233,0.020342413,0.5748444,0.1212161,0.9464917,0.7015254,0.006707537,0.02075893,0.22274351,0.017123206,0.08051722,0.09714009,0.13326177,0.14497164,0.038152732,0.47265252,0.06322379,0.04425176,0.23027642,0.122589506,0.58506215,0.10155915,-4.9712296,2.8999481,-9.657478,56.534924,-14.814529,2.367374,-0.97523576,99.445114,-4.504056,-3.9508681,59.71880492091389,84.21792618629175,32.653778558875224,78.20738137082601,63.44463971880493,55.95782073813709,22.601054481546576,67.59226713532514,47.59226713532514,66.52021089630932,37.188049209138846,42.601054481546576,11.072056239015819,31.177504393673114,70.82601054481547,62.00351493848858,68.99824253075572,81.96836555360282,12.442882249560634,44.32337434094904,29.876977152899826,40.28119507908612,96.2390158172232,55.95782073813709,89.94727592267137,19.718804920913886,35.887521968365554,41.93321616871705,82.49560632688929,48.189806678383135,83.62038664323376,55.32513181019333,91.07205623901582,19.507908611599298,43.374340949033396,82.00351493848858,80.21089630931459,69.9121265377856,75.57117750439367,76.20386643233743,58.277680140597546,31.77504393673111,47.697715289982426,17.152899824253076,15.079086115992972,84.25307557117752,36.239015817223205,44.920913884007035,17.961335676625662,87.76801405975397,22.671353251318102,5.869947275922672
Cc1ccc(-c2nn(-c3ccccc3)cc2C(CC(=O)O)Nc2cccnc2)cc1,gen_03569,398.4660000000001,4.870620000000002,4,2,4.0,0.46418256578589917,1,80.04,0,0,0,0.028536519,0.2244629,0.9178608,0.09808352,0.67335236,0.6110219,0.836709,0.067636296,0.10054588,0.5431968,0.5591637,0.3361555,0.24466746,0.9686054,0.9949722,0.005948608,0.033448692,0.2104855,0.18269408,0.051697284,0.16678932,0.21708545,0.5393025,0.72699815,0.30875167,0.061664395,0.0344858,0.36046848,0.100731924,0.10011933,0.5973043,-5.387169,20.851507,16.438156,17.4846,-15.697838,2.6759887,1.8733737,98.863266,-4.5185766,-3.3876786,65.16695957820738,87.45166959578208,48.55887521968366,61.37082601054482,63.44463971880493,41.86291739894552,55.32513181019333,53.84885764499122,47.59226713532514,25.869947275922673,37.188049209138846,7.697715289982426,14.762741652021091,85.30755711775045,55.32513181019333,91.03690685413007,99.75395430579965,97.11775043936731,36.59050966608085,60.38664323374341,60.31634446397189,84.53427065026362,81.75746924428823,74.62214411247804,93.60281195079087,44.32337434094904,32.40773286467487,61.30052724077329,81.75746924428823,84.81546572934974,76.09841827768015,78.73462214411248,95.04393673110721,35.67662565905097,86.25659050966608,71.14235500878735,79.85940246045695,64.32337434094904,82.1792618629174,73.32161687170475,3.620386643233744,67.27592267135326,27.17047451669596,38.45342706502637,40.597539543058,53.81370826010545,30.966608084358526,64.3585237258348,59.75395430579965,86.60808435852374,22.39015817223199,7.838312829525484
O=C(O)Cn1cccc(NCc2ccc(F)cc2Cl)c1=O,gen_03602,310.71200000000005,2.3375000000000004,3,2,4.0,0.8889484994863829,0,71.33,0,0,0,0.09781637,0.52309823,0.883937,0.12573941,0.21348484,0.48000854,0.20527577,0.07056281,0.051091302,0.3360015,0.053239733,0.42919928,0.17251205,0.8437339,0.93158305,0.017245892,0.032665856,0.0725405,0.030730784,0.028357524,0.11027734,0.09893588,0.3986367,0.06982646,0.14593187,0.026692953,0.024828132,0.04833696,0.07164455,0.38693494,0.15842323,-5.0191374,9.225458,-13.107015,3.7274773,-13.170076,2.1493351,-0.7410821,80.50442,-2.4281828,1.3423493,44.00702987697716,49.3145869947276,32.653778558875224,61.37082601054482,63.44463971880493,98.4182776801406,22.601054481546576,47.48681898066784,47.59226713532514,25.869947275922673,37.188049209138846,26.85413005272408,34.481546572934974,73.00527240773287,59.191564147627425,66.60808435852373,97.82073813708261,75.92267135325133,37.82073813708261,49.49033391915642,40.52724077328647,50.54481546572936,89.49033391915643,66.0456942003515,76.13356766256591,28.822495606326893,62.319859402460466,60.03514938488577,67.69771528998243,55.99297012302285,62.319859402460466,61.6871704745167,87.7328646748682,30.087873462214414,49.244288224956065,53.67311072056239,68.40070298769773,58.80492091388401,54.34094903339192,66.85413005272409,32.056239015817226,38.242530755711776,44.32337434094904,24.92091388400703,12.759226713532515,28.752196836555363,46.924428822495614,31.528998242530758,20.667838312829527,56.239015817223205,62.81195079086117,49.94727592267136
CCC1(CC)CC(O)CC1Oc1ccc(C(=O)O)cc1,gen_03620,278.34799999999996,3.093300000000001,3,2,4.0,0.8682068355198582,2,66.76,0,0,0,0.029442728,0.46515012,0.84256756,0.054642428,0.17534974,0.36421323,0.17879638,0.09694039,0.06431016,0.40524894,0.010916623,0.2860971,0.09123687,0.55540997,0.97645617,0.0069450014,0.024667783,0.021619575,0.042955115,0.078951225,0.18001314,0.12442617,0.50419843,0.1472533,0.12833561,0.00920937,0.028526891,0.1922266,0.03093429,0.39647943,0.20398977,-4.739297,51.123985,22.714474,-2.778516,-10.768969,2.0581257,0.8757145,88.665565,-3.8311214,1.1312482,34.340949033391915,62.56590509666081,32.653778558875224,61.37082601054482,63.44463971880493,96.97715289982426,69.84182776801407,44.56942003514939,47.59226713532514,25.869947275922673,37.188049209138846,7.873462214411249,30.36906854130053,61.08963093145871,47.80316344463972,62.84710017574693,93.35676625659052,73.88400702987698,46.643233743409496,53.25131810193322,46.643233743409496,35.254833040421794,75.04393673110721,48.43585237258348,57.89103690685413,34.833040421792624,36.76625659050967,48.822495606326896,50.26362038664324,60.878734622144115,83.30404217926187,80.8084358523726,90.26362038664324,34.44639718804921,57.68014059753955,50.43936731107206,49.595782073813716,61.08963093145871,73.25131810193322,51.31810193321618,33.35676625659051,42.81195079086116,63.79613356766257,64.85061511423551,47.34622144112478,17.574692442882252,64.74516695957821,26.256590509666083,43.7609841827768,67.31107205623903,35.53602811950791,47.1353251318102
O=C(Cc1ccc(Cl)c(Cl)c1)NCC1(c2ccccc2)CCC(C(=O)O)CC1,gen_03646,420.33600000000024,4.864900000000003,2,2,4.0,0.7012754464643941,0,66.4,0,0,0,0.02760962,0.5457015,0.8275722,0.09562157,0.37294835,0.4586739,0.4363346,0.13748796,0.29645523,0.6688755,0.32388294,0.32177737,0.20293672,0.6088708,0.98584783,0.01803438,0.030754039,0.02558366,0.108209826,0.07347789,0.15231745,0.35667646,0.7179673,0.55818015,0.32002348,0.015014981,0.06319137,0.31255126,0.10345632,0.36333963,0.6008062,-4.909334,18.528008,9.309606,10.941702,-12.635941,3.1803546,2.1048539,97.32732,-4.4976053,-0.3276803,70.01757469244289,87.34622144112478,17.10017574692443,61.37082601054482,63.44463971880493,75.39543057996485,22.601054481546576,43.79613356766257,47.59226713532514,25.869947275922673,37.188049209138846,7.381370826010546,36.344463971880494,57.36379613356767,54.833040421792624,79.05096660808437,97.3286467486819,87.38137082601055,58.20738137082601,77.11775043936731,76.55536028119509,75.2548330404218,79.78910369068542,70.29876977152901,60.878734622144115,37.53954305799649,63.58523725834799,57.71528998242531,52.89982425307558,76.30931458699473,82.14411247803164,75.21968365553603,98.03163444639719,45.20210896309315,79.82425307557118,72.05623901581723,59.29701230228471,76.76625659050967,79.6133567662566,73.84885764499121,29.314586994727595,67.34622144112478,52.02108963093146,35.32513181019333,32.72407732864675,41.86291739894552,50.298769771529,87.6274165202109,64.21792618629175,83.65553602811951,22.776801405975398,32.513181019332166
O=C(O)c1ccc(CCCC2Cc3ccccc3C2=O)[nH]1,gen_03684,283.327,3.0908000000000015,2,2,4.0,0.8854721257883479,1,70.16,0,0,0,0.06794034,0.4784453,0.8692867,0.25649306,0.24059498,0.49844843,0.3211984,0.07393853,0.07997781,0.33347422,0.031423572,0.49649277,0.16090646,0.8316536,0.95131063,0.014958384,0.028125796,0.091098644,0.033083387,0.054699253,0.13456155,0.21013062,0.40784097,0.08384073,0.18258426,0.031160364,0.03753606,0.09489675,0.068174385,0.41323656,0.16766697,-5.069146,21.521091,1.7626107,-11.787124,-13.481671,2.2940898,0.19757882,92.01784,-3.8046963,-3.5288498,35.465729349736385,62.53075571177505,17.10017574692443,61.37082601054482,63.44463971880493,98.17223198594026,55.32513181019333,46.924428822495614,47.59226713532514,25.869947275922673,37.188049209138846,18.699472759226715,31.318101933216173,68.36555360281196,70.15817223198594,68.92794376098419,98.31282952548331,82.03866432337435,39.19156414762742,56.239015817223205,40.35149384885765,44.8506151142355,93.63796133567664,63.8664323374341,75.1493848857645,31.07205623901582,58.91036906854131,53.77855887521969,70.33391915641477,57.188049209138846,77.18804920913885,70.72056239015818,94.83304042179263,30.298769771529003,51.00175746924429,59.43760984182777,70.36906854130054,66.36203866432338,63.55008787346222,65.79964850615114,35.85237258347979,39.015817223198596,41.37082601054482,39.43760984182777,26.01054481546573,6.32688927943761,44.63971880492092,40.35149384885765,33.46221441124781,72.75922671353251,36.063268892794376,7.240773286467488
O=C(O)C(Cc1ccc(-c2ccc(OCc3ccccc3)cc2)nc1)NC1CCC1,gen_03685,402.49400000000014,4.465400000000003,4,2,4.0,0.5527156584490376,1,71.45,0,0,0,0.19336835,0.516312,0.90533066,0.14890988,0.3540604,0.465079,0.3322312,0.22328067,0.17958966,0.61535037,0.21235704,0.32186952,0.45720157,0.8211996,0.98775196,0.019008268,0.04908853,0.17087086,0.091951214,0.051605053,0.19339186,0.14690733,0.63397217,0.614316,0.19944367,0.051343508,0.025686339,0.19105494,0.08661189,0.29039335,0.69640195,-5.418858,19.250881,7.505615,-4.4892564,-14.73286,2.7554843,1.2758461,98.381454,-4.300582,-4.3536386,65.90509666080844,83.3743409490334,48.55887521968366,61.37082601054482,63.44463971880493,54.02460456942004,55.32513181019333,47.557117750439375,47.59226713532514,25.869947275922673,37.188049209138846,45.659050966608085,33.84885764499121,80.94903339191565,61.26537785588753,78.06678383128296,97.5395430579965,82.49560632688929,70.57996485061513,70.08787346221442,69.34973637961336,68.68189806678383,79.78910369068542,90.26362038664324,74.30579964850615,38.55887521968366,64.53427065026362,75.99297012302286,79.05096660808437,74.0597539543058,76.02811950790861,82.56590509666081,91.84534270650265,40.17574692442883,81.792618629174,61.546572934973646,77.96133567662567,59.648506151142364,73.1810193321617,70.54481546572936,20.035149384885766,71.81019332161688,25.97539543057997,36.41476274165203,31.353251318101936,14.797891036906856,36.76625659050967,69.20913884007031,49.52548330404218,85.58875219683657,26.256590509666083,4.6045694200351495
O=C(O)CCNC(=O)c1ccc(C(O)(Cn2cccn2)c2cccs2)cc1,gen_03692,385.44500000000005,2.085199999999999,5,3,4.0,0.5507182378752582,1,104.45,0,0,0,0.06300833,0.21348946,0.8143481,0.0072489628,0.049812358,0.25691208,0.06287108,0.02785654,0.047770835,0.20457515,0.023348123,0.35972172,0.23947449,0.66295844,0.7399146,0.017530752,0.041177325,0.012137087,0.010964761,0.021856286,0.09621264,0.022775855,0.069201484,0.017293964,0.05373155,0.0067222333,0.010236385,0.004784881,0.024937663,0.2675834,0.105682135,-5.728717,17.49208,7.5354323,-19.527275,-19.128681,2.0829492,-0.6841277,70.75199,-2.7002065,-0.57455605,62.03866432337435,46.010544815465735,61.880492091388405,78.20738137082601,63.44463971880493,53.70826010544816,55.32513181019333,70.36906854130054,47.59226713532514,25.869947275922673,37.188049209138846,17.047451669595784,14.200351493848858,53.81370826010545,27.732864674868193,40.03514938488577,81.23022847100177,58.66432337434095,21.86291739894552,48.33040421792619,27.065026362038665,41.75746924428823,83.8664323374341,74.13005272407733,63.58523725834799,20.70298769771529,62.70650263620387,70.01757469244289,42.53075571177505,41.61687170474517,56.73110720562391,54.86818980667839,70.05272407732865,15.219683655536029,37.3286467486819,29.173989455184536,43.30404217926187,41.82776801405976,28.295254833040424,46.467486818980674,17.152899824253076,32.196836555360285,18.840070298769774,34.024604569420035,31.3884007029877,2.2144112478031635,18.34797891036907,27.521968365553604,21.300527240773288,46.643233743409496,57.60984182776802,30.087873462214414
O=C(O)c1ccc(-c2ccc3c(c2)C(O)(C(F)(F)F)c2ccccc2-3)cn1,gen_03719,371.314,4.225400000000002,3,2,4.0,0.707484510907391,1,70.42,0,0,0,0.14034393,0.39785406,0.9031838,0.27553767,0.1311152,0.45007667,0.2288979,0.036922473,0.022765256,0.23211415,0.0096793845,0.59254116,0.24904402,0.982607,0.9457494,0.008553919,0.03995807,0.2997776,0.03247304,0.032219626,0.14324111,0.09071471,0.3157773,0.12693378,0.1975322,0.051297493,0.011226022,0.15112795,0.07904835,0.2663468,0.16721836,-5.087547,10.161051,4.83466,24.898705,-12.322771,2.7882042,0.8130927,97.29882,-4.1756234,-6.3218584,58.91036906854131,80.28119507908612,32.653778558875224,61.37082601054482,63.44463971880493,76.30931458699473,55.32513181019333,46.99472759226714,47.59226713532514,25.869947275922673,37.188049209138846,36.16871704745167,25.483304042179263,80.17574692442884,71.28295254833041,56.871704745166966,96.94200351493849,77.57469244288225,25.342706502636204,37.22319859402461,31.07205623901582,34.376098418277685,96.59050966608085,74.97363796133568,96.30931458699473,30.474516695957824,42.81195079086116,69.3145869947276,86.81898066783832,56.90685413005273,65.51845342706503,72.86467486818981,86.74868189806679,26.818980667838314,55.7469244288225,61.12478031634447,77.9261862917399,43.2688927943761,69.701230228471,68.75219683655537,17.047451669595784,38.98066783831283,40.84358523725835,26.22144112478032,28.892794376098422,64.04217926186293,52.26713532513182,71.14235500878735,43.09314586994728,83.58523725834799,28.57644991212654,1.827768014059754
O=C(O)c1c(C(F)(F)F)ccn(Cc2ccc(NC(CCCCc3ccccc3)C(=O)O)cc2)c1=O,gen_03728,502.4890000000003,4.891700000000004,4,3,3.0,0.32232178307381487,1,108.63,0,1,0,0.039139923,0.16374415,0.8698679,0.05113983,0.34670967,0.47420806,0.5340012,0.03314697,0.068265736,0.5320508,0.22516203,0.5440289,0.15143988,0.9354561,0.9295225,0.009595827,0.033206858,0.031746406,0.09820116,0.061951697,0.1512112,0.39441025,0.29630327,0.5518727,0.26421148,0.027847115,0.034535516,0.23791306,0.110461034,0.24343006,0.4347655,-5.7075844,4.0093765,6.7224503,42.1652,-16.278025,2.560907,-0.35016176,96.970436,-4.1379724,-2.533141,82.70650263620388,87.66256590509667,48.55887521968366,78.20738137082601,20.0,23.057996485061512,55.32513181019333,73.11072056239017,47.59226713532514,66.52021089630932,37.188049209138846,10.439367311072058,11.24780316344464,68.6115992970123,47.0298769771529,77.60984182776802,97.75043936731107,90.896309314587,24.21792618629174,53.98945518453428,59.29701230228471,69.34973637961336,95.04393673110721,62.14411247803164,88.15465729349737,28.681898066783834,46.08084358523726,60.84358523725835,56.41476274165203,74.90333919156416,79.6133567662566,74.93848857644991,98.45342706502637,26.256590509666083,79.6133567662566,67.80316344463972,68.99824253075572,64.32337434094904,76.02811950790861,74.76274165202109,15.114235500878737,59.57820738137083,19.36731107205624,18.558875219683657,30.579964850615116,77.01230228471002,28.189806678383132,57.25834797891037,25.37785588752197,82.98769771528998,29.384885764499124,13.005272407732866
O=C(O)Cc1ccc(CC(O)CCCCc2ccccc2)c(C(=O)O)c1,gen_03734,356.41800000000006,3.3283000000000014,3,3,4.0,0.5677156942961814,1,94.83,0,1,0,0.04374696,0.23744723,0.8286158,0.024048652,0.10967896,0.33274597,0.14867184,0.020186532,0.032796565,0.26026756,0.011805074,0.4473831,0.12804124,0.7303069,0.8354764,0.006201434,0.023049286,0.0110849645,0.015102766,0.048866786,0.13936102,0.14608312,0.10247253,0.05492732,0.089661255,0.008468813,0.014548865,0.027702708,0.023307981,0.35066637,0.119091034,-5.440668,24.231762,12.915451,-9.596165,-14.95151,2.2184265,-0.63214904,91.5863,-3.717093,-4.6015167,54.90333919156415,66.32688927943761,32.653778558875224,78.20738137082601,63.44463971880493,55.95782073813709,55.32513181019333,64.56942003514939,47.59226713532514,66.52021089630932,37.188049209138846,11.63444639718805,15.325131810193323,57.60984182776802,38.94551845342707,53.35676625659051,90.93145869947277,71.42355008787347,17.891036906854133,42.35500878734622,33.67311072056239,35.782073813708266,90.57996485061513,57.469244288224964,67.66256590509667,23.760984182776802,33.67311072056239,46.0456942003515,41.30052724077329,46.36203866432338,74.79789103690686,72.12653778558875,91.77504393673111,17.504393673110723,46.85413005272408,41.019332161687174,47.381370826010546,48.33040421792619,46.432337434094904,44.99121265377856,27.346221441124783,33.427065026362044,25.4481546572935,42.882249560632694,36.94200351493849,8.084358523725836,35.50087873462215,36.13356766256591,22.00351493848858,72.23198594024605,37.85588752196837,4.042179261862918
O=C(O)c1cccc(Cc2ccccc2Cc2ccccc2C(O)c2ccccc2C(=O)O)n1,gen_03736,453.49400000000014,4.741300000000004,4,3,4.0,0.35565214460738026,1,107.72,0,0,0,0.011547479,0.120062195,0.8895953,0.03551682,0.25705603,0.4461917,0.46662283,0.008274565,0.043813284,0.21676874,0.016156847,0.5948616,0.13804172,0.9478203,0.89726657,0.0016804676,0.020483531,0.021625105,0.02252249,0.039903484,0.12764165,0.14796618,0.07761331,0.12753925,0.09854399,0.0067094364,0.0062692575,0.08562848,0.022168128,0.17511304,0.16164653,-5.504793,24.30692,19.704178,4.4424143,-15.668951,2.4486258,-0.19225056,101.17522,-4.3057137,-7.0671625,76.3444639718805,86.39718804920915,48.55887521968366,78.20738137082601,63.44463971880493,27.346221441124783,55.32513181019333,72.44288224956064,47.59226713532514,25.869947275922673,37.188049209138846,2.9876977152899826,9.068541300527242,75.1493848857645,43.09314586994728,70.54481546572936,96.87170474516697,88.75219683655537,11.915641476274166,47.0298769771529,28.64674868189807,38.66432337434095,96.69595782073814,59.964850615114244,90.19332161687171,26.115992970123024,9.947275922671354,41.37082601054482,50.26362038664324,51.9859402460457,70.47451669595783,68.64674868189807,92.05623901581723,15.992970123022848,55.7469244288225,43.8664323374341,43.30404217926187,31.810193321616875,62.35500878734623,44.25307557117751,9.138840070298771,38.4182776801406,23.65553602811951,42.882249560632694,44.71001757469244,30.087873462214414,31.036906854130056,50.650263620386646,27.48681898066784,90.86115992970124,26.22144112478032,1.4762741652021092
Cc1[nH]nc(C(=O)O)c1Cc1cccc(Cc2ccc(OC(F)(F)F)cc2)c1,gen_03773,390.361,4.496520000000003,3,2,4.0,0.6500625809888603,0,75.21000000000001,0,0,0,0.059200138,0.2471189,0.9269948,0.068681225,0.3569501,0.56528634,0.5467003,0.05948163,0.02905574,0.5783702,0.18516524,0.3599332,0.07944908,0.95599985,0.9877653,0.010152504,0.029731423,0.04743141,0.112656035,0.052915167,0.13984069,0.3570885,0.638554,0.54875314,0.2807417,0.026730979,0.030424854,0.38917023,0.13057515,0.27085465,0.29684472,-4.9584866,17.891285,14.277222,28.024277,-10.096014,2.950412,2.0342236,103.74353,-5.1245995,-6.177516,63.23374340949034,83.8664323374341,32.653778558875224,61.37082601054482,63.44463971880493,66.78383128295255,22.601054481546576,50.68541300527241,47.59226713532514,25.869947275922673,37.188049209138846,16.098418277680143,15.465729349736382,88.75219683655537,50.50966608084359,78.20738137082601,99.40246045694201,91.28295254833041,33.67311072056239,40.84358523725835,64.67486818980669,66.46748681898067,83.8664323374341,43.93673110720563,91.07205623901582,38.55887521968366,47.76801405975396,56.06326889279438,61.792618629173994,76.80140597539544,76.4499121265378,72.16168717047452,98.03163444639719,40.35149384885765,79.54305799648508,69.34973637961336,68.43585237258348,62.49560632688929,83.2688927943761,77.36379613356767,17.609841827768015,50.26362038664324,48.189806678383135,34.55184534270651,38.523725834797894,66.92442882249561,69.94727592267137,79.82425307557118,63.198594024604574,94.72759226713534,12.618629173989456,2.1089630931458703
O=C(O)C1CC(O)C(Cc2cccc(-c3ccccc3-c3ccccc3)c2F)CN1,gen_03775,405.4690000000001,4.125800000000003,3,3,4.0,0.5971567581045669,3,69.56,0,0,0,0.14734435,0.57065105,0.8562086,0.40700006,0.46278873,0.35706693,0.37702608,0.21603373,0.36533338,0.49842948,0.1824697,0.3815122,0.31101674,0.7050258,0.9467314,0.016580041,0.047820482,0.19981761,0.08970241,0.04552046,0.16770554,0.11785178,0.51229584,0.478642,0.20956688,0.031638734,0.020418052,0.14014515,0.054555677,0.3385407,0.6715822,-5.547221,7.9763284,2.6159904,-0.5987724,-16.272568,2.9409602,1.094988,94.6992,-4.0094767,-5.2225356,66.71353251318102,78.66432337434095,32.653778558875224,78.20738137082601,63.44463971880493,59.648506151142364,76.60808435852373,46.30931458699473,47.59226713532514,25.869947275922673,37.188049209138846,37.22319859402461,38.34797891036907,65.02636203866433,77.60984182776802,83.76098418277681,92.75922671353253,85.02636203866433,69.77152899824253,80.42179261862918,55.7469244288225,66.29173989455185,85.90509666080844,80.28119507908612,66.15114235500879,30.615114235500883,61.511423550087876,75.32513181019333,81.05448154657294,73.70826010544816,73.25131810193322,78.87521968365554,89.8066783831283,34.72759226713533,76.90685413005274,62.67135325131811,70.65026362038665,55.57117750439368,68.8224956063269,61.86291739894553,25.51845342706503,70.75571177504395,22.74165202108963,23.163444639718808,26.643233743409493,20.984182776801408,28.189806678383132,79.40246045694201,46.889279437609844,78.17223198594026,32.23198594024605,3.0579964850615116
O=C(O)Cc1cccc(CNCCc2cccs2)c1,gen_03790,275.373,2.7075000000000014,3,2,4.0,0.763862692111236,0,49.33,0,1,0,0.2417738,0.6915644,0.76313275,0.13486245,0.08713388,0.22080903,0.04898734,0.20977378,0.44190732,0.35756657,0.030382002,0.4175036,0.32092208,0.22894502,0.8813518,0.0316942,0.03407649,0.042473774,0.021699158,0.032231756,0.10320594,0.04091711,0.37688407,0.041040193,0.11936784,0.015544628,0.032502722,0.019932207,0.04506976,0.62391394,0.43020648,-5.135731,17.40636,-5.255964,-18.532223,-12.534357,2.3814845,-0.6664645,67.49166,-2.291713,-3.2693973,33.46221441124781,56.555360281195085,32.653778558875224,61.37082601054482,63.44463971880493,83.9718804920914,22.601054481546576,30.087873462214414,47.59226713532514,66.52021089630932,37.188049209138846,53.39191564147628,47.45166959578208,43.30404217926187,60.00000000000001,49.595782073813716,74.13005272407733,55.11423550087874,69.17398945518454,83.23374340949034,42.21441124780317,44.288224956063274,88.78734622144113,81.12478031634447,37.293497363796135,25.623901581722322,76.13356766256591,62.17926186291741,60.140597539543066,51.28295254833041,65.51845342706503,58.558875219683664,77.46924428822496,29.209138840070302,44.07732864674868,48.787346221441126,60.07029876977153,63.374340949033396,42.46045694200352,58.34797891036907,63.58523725834799,59.08611599297013,39.05096660808436,33.95430579964851,18.910369068541304,2.4253075571177507,50.86115992970124,45.76449912126538,21.370826010544818,43.374340949033396,65.76449912126539,8.400702987697716
COC(=O)C1=CCCc2cn(CCC(=O)O)c(O)c21,gen_03803,265.265,1.1709999999999998,4,2,4.0,0.7976559901329802,0,88.76,0,0,0,0.1340954,0.5298349,0.81109554,0.027900781,0.03358528,0.25718886,0.03366654,0.046987556,0.01669683,0.20862858,0.0043333448,0.31743065,0.17492583,0.52686906,0.83824235,0.02239209,0.032438435,0.028241962,0.0059715877,0.024285316,0.07457582,0.028681323,0.17566052,0.007982249,0.08663775,0.017042855,0.018968122,0.00727749,0.03685993,0.439099,0.045248933,-5.0070977,45.886726,22.934757,-32.228424,-13.144159,1.8639748,-0.73403704,66.90442,-2.2087357,-2.9657886,31.00175746924429,33.84885764499121,48.55887521968366,61.37082601054482,63.44463971880493,88.7170474516696,22.601054481546576,60.31634446397189,47.59226713532514,25.869947275922673,37.188049209138846,34.86818980667839,34.90333919156415,53.00527240773287,40.49209138840071,33.708260105448154,81.30052724077329,49.52548330404218,29.279437609841832,32.23198594024605,27.521968365553604,28.049209138840073,79.19156414762742,66.32688927943761,56.660808435852374,23.83128295254833,68.92794376098419,59.71880492091389,54.44639718804921,32.16168717047452,59.015817223198596,42.35500878734622,72.89982425307558,21.0896309314587,31.282952548330407,40.35149384885765,61.61687170474517,53.88400702987698,32.68892794376099,54.30579964850616,39.12126537785589,23.163444639718808,44.99121265377856,60.94903339191565,47.59226713532514,0.351493848857645,47.17047451669596,16.766256590509666,20.70298769771529,42.95254833040422,67.38137082601055,10.052724077328648
O=C(O)C(Cc1csc(-c2cccs2)n1)NCc1ccc2ccccc2c1,gen_03823,394.5210000000002,4.810300000000003,5,2,4.0,0.47213910552893895,1,62.22,0,0,0,0.5911239,0.6700207,0.8434814,0.7749842,0.627109,0.45971522,0.60786974,0.24017362,0.35225597,0.64671195,0.5167819,0.5324689,0.40754595,0.9086382,0.97962713,0.09567218,0.04186625,0.6344501,0.24577622,0.0721627,0.1699041,0.35605308,0.7790796,0.5539735,0.5246196,0.25692755,0.16649297,0.34205908,0.35249683,0.50462055,0.7104088,-5.435416,30.400015,16.664804,-6.960379,-14.084231,2.5447345,1.1166071,98.81256,-3.6413074,-3.5885017,64.53427065026362,86.85413005272409,61.880492091388405,61.37082601054482,63.44463971880493,42.741652021089635,55.32513181019333,40.03514938488577,47.59226713532514,25.869947275922673,37.188049209138846,85.48330404217927,46.0456942003515,61.37082601054482,90.26362038664324,89.56063268892795,97.36379613356767,93.0755711775044,72.16168717047452,79.82425307557118,73.39191564147627,83.2688927943761,94.72759226713534,86.95957820738138,83.8664323374341,35.85237258347979,89.87697715289983,70.65026362038665,95.74692442882251,89.42003514938489,81.8980667838313,79.26186291739896,98.03163444639719,49.94727592267136,79.68365553602813,84.9560632688928,95.67662565905097,90.36906854130054,80.87873462214412,92.51318101933217,47.27592267135326,72.58347978910369,25.553602811950793,49.068541300527244,40.77328646748682,11.072056239015819,40.80843585237259,56.239015817223205,47.27592267135326,86.50263620386644,39.5079086115993,6.854130052724078
O=C(O)C(NCc1cc(C(F)(F)F)no1)c1ccc(OCc2ccccc2)cc1,gen_03824,406.3600000000001,4.187900000000003,5,2,4.0,0.5837109651046901,1,84.59,0,0,0,0.08527391,0.4213373,0.93652713,0.10488945,0.3641665,0.5333017,0.3781679,0.093476266,0.042423815,0.55576193,0.17055608,0.40272123,0.14720401,0.91753435,0.983576,0.013701911,0.03627695,0.069768265,0.060283016,0.032143634,0.124888286,0.19309089,0.63685304,0.3278641,0.18755357,0.030109715,0.015482759,0.11058158,0.073142916,0.26683468,0.32415336,-5.379753,13.457517,13.83781,-4.4818387,-13.054402,2.9925468,1.4743506,96.14984,-3.8264115,-4.531926,66.92442882249561,79.7188049209139,61.880492091388405,61.37082601054482,63.44463971880493,58.101933216168725,55.32513181019333,57.750439367311074,47.59226713532514,25.869947275922673,37.188049209138846,23.90158172231986,27.24077328646749,91.8804920913884,56.379613356766264,78.66432337434095,98.91036906854131,85.02636203866433,45.342706502636204,46.71353251318102,62.03866432337435,65.4481546572935,87.80316344463972,61.652021089630935,85.30755711775045,36.90685413005273,56.20386643233744,65.13181019332163,67.24077328646749,67.31107205623903,65.48330404217927,67.87346221441125,94.23550087873463,40.246045694200355,70.01757469244289,59.929701230228474,69.94727592267137,49.52548330404218,65.51845342706503,67.10017574692444,17.082601054481547,52.16168717047452,27.346221441124783,29.630931458699475,38.066783831282955,14.833040421792619,47.732864674868196,81.54657293497364,53.21616871704746,81.0896309314587,35.606326889279444,4.147627416520211
CCOc1ccc2ncc(CNC3CCC(C(=O)O)(c4ccccc4)C3)cc2c1,gen_03873,390.48300000000006,4.298200000000003,4,2,4.0,0.6293980393503336,2,71.45,0,0,0,0.089093015,0.55287343,0.9143526,0.09442659,0.1653524,0.41494188,0.18821044,0.20759535,0.18152174,0.4952579,0.10178218,0.27864644,0.4628982,0.7439538,0.9797934,0.012852589,0.045684997,0.09733744,0.03457872,0.02767255,0.12350564,0.054847945,0.5405389,0.25336227,0.10992773,0.018986763,0.014792879,0.07581494,0.043458257,0.26101074,0.564459,-5.4091115,13.507393,3.7488894,-1.2980301,-14.466452,2.717194,0.7589672,89.92926,-3.3567898,0.024603844,63.33919156414763,81.44112478031636,48.55887521968366,61.37082601054482,63.44463971880493,64.11247803163445,69.84182776801407,47.557117750439375,47.59226713532514,25.869947275922673,37.188049209138846,24.99121265377856,36.90685413005273,84.04217926186293,54.6572934973638,61.26537785588753,95.71177504393674,74.76274165202109,68.8224956063269,70.33391915641477,55.39543057996485,58.59402460456943,74.02460456942003,90.50966608084359,68.57644991212655,35.887521968365554,54.09490333919157,73.98945518453428,70.7908611599297,57.82073813708261,61.75746924428823,67.20562390158173,81.23022847100177,35.67662565905097,65.72934973637962,46.60808435852373,63.30404217926187,48.54130052724078,60.31634446397189,57.68014059753955,16.520210896309315,66.08084358523726,26.22144112478032,29.630931458699475,27.978910369068544,20.0,38.242530755711776,66.99472759226714,42.425307557117755,69.38488576449913,44.71001757469244,35.289982425307564
O=C(O)C(Cc1ccnc2ccc(OCc3ccccc3)cc12)NS(=O)(=O)c1ccc2ccccc2c1,gen_03893,512.5870000000002,4.941200000000004,5,2,3.0,0.2898110789728549,1,105.59,0,0,0,0.26413575,0.41990614,0.8968021,0.21105412,0.6306355,0.6424748,0.76037574,0.12392992,0.1310293,0.60408497,0.5326976,0.5545434,0.24282214,0.9720381,0.98981416,0.024524713,0.04149424,0.22915784,0.19050907,0.05000045,0.17231375,0.30858058,0.61274636,0.78377646,0.37647873,0.09550543,0.0440117,0.32773274,0.15088888,0.25077015,0.5825085,-5.6193514,25.17178,27.84679,38.173744,-15.703089,2.570594,1.5536267,104.50881,-4.253321,-10.474021,83.58523725834799,88.04920913884008,61.880492091388405,61.37082601054482,20.0,18.840070298769774,55.32513181019333,71.07205623901582,47.59226713532514,25.869947275922673,37.188049209138846,56.27416520210897,27.029876977152902,77.68014059753955,66.4323374340949,89.701230228471,99.82425307557119,95.85237258347979,54.059753954305805,65.16695957820738,68.08435852372584,83.72583479789104,95.32513181019333,74.51669595782074,93.95430579964851,39.64850615114236,71.28295254833041,70.29876977152901,83.05799648506152,85.72934973637962,75.28998242530757,79.5079086115993,97.3286467486819,38.840070298769774,88.7170474516696,76.52021089630932,85.0615114235501,69.701230228471,80.38664323374341,79.96485061511424,15.571177504393674,66.88927943760984,21.195079086115996,43.690685413005276,52.23198594024605,74.86818980667839,30.861159929701234,58.101933216168725,54.516695957820744,95.64147627416521,27.065026362038665,0.6326889279437611
Cc1cc(-c2cccnc2)c2cc(-c3ccc(CCC(=O)O)[nH]3)ccc2n1,gen_03929,357.413,4.6175200000000025,3,2,4.0,0.5462428412023328,0,78.86999999999999,0,0,0,0.33575854,0.38758555,0.85863066,0.51065326,0.13006309,0.26719078,0.1266877,0.10082251,0.1716837,0.3786962,0.4649922,0.34330145,0.60697496,0.9443474,0.968482,0.093778946,0.10882195,0.7258254,0.21340053,0.08013222,0.20698647,0.0987445,0.45562515,0.26375994,0.4284014,0.2826949,0.07968562,0.20925097,0.3885168,0.23284459,0.6125138,-5.4610662,5.0099535,-6.763152,23.396982,-16.605993,2.5639706,0.5873784,91.01742,-3.7067306,-0.7058238,55.21968365553603,85.0615114235501,32.653778558875224,61.37082601054482,63.44463971880493,52.89982425307558,22.601054481546576,53.286467486818985,47.59226713532514,25.869947275922673,37.188049209138846,63.8664323374341,24.42882249560633,65.41300527240774,81.26537785588754,56.695957820738144,83.09314586994728,69.06854130052724,47.838312829525485,69.66608084358525,44.11247803163445,81.23022847100177,82.31985940246047,96.06326889279438,89.56063268892795,33.53251318101933,89.73637961335677,91.91564147627417,97.25834797891038,87.34622144112478,83.51493848857646,84.21792618629175,87.69771528998243,32.196836555360285,66.67838312829527,79.40246045694201,96.41476274165203,80.45694200351494,74.48154657293497,93.63796133567664,14.305799648506152,68.11950790861161,24.780316344463973,19.613356766256594,17.363796133567664,62.07381370826011,26.85413005272408,57.57469244288225,40.03514938488577,71.31810193321617,38.10193321616872,28.365553602811953
O=C(O)CCCNC(=O)c1cc(Cc2ccccc2)ccc1-c1ccccc1C(=O)O,gen_03944,417.4610000000002,4.237200000000003,3,3,4.0,0.4520106534215193,0,103.7,0,1,0,0.07499773,0.22703609,0.8690346,0.057777096,0.1669729,0.41322327,0.26911458,0.02443346,0.036595747,0.2372365,0.029718075,0.51999056,0.21044424,0.913541,0.84857625,0.009209119,0.041689057,0.050271142,0.023483835,0.042855654,0.1436706,0.118241176,0.11076335,0.08754228,0.09705459,0.018654164,0.0111442655,0.04405985,0.033941314,0.2699167,0.16283402,-5.446046,19.51166,11.359598,1.7902896,-16.157974,2.2089558,-0.740939,93.62023,-3.929709,-5.4178724,69.63093145869948,80.49209138840071,32.653778558875224,78.20738137082601,63.44463971880493,39.929701230228474,22.601054481546576,69.94727592267137,47.59226713532514,66.52021089630932,37.188049209138846,20.91388400702988,14.833040421792619,68.33040421792619,48.506151142355016,61.61687170474517,95.67662565905097,79.7188049209139,20.035149384885766,44.32337434094904,31.564147627416524,44.11247803163445,94.44639718804922,71.10720562390159,84.71001757469244,24.18277680140598,44.920913884007035,70.50966608084359,62.636203866432346,52.513181019332166,72.16168717047452,72.89982425307558,89.84182776801407,17.820738137082603,51.423550087873465,43.44463971880492,63.12829525483305,43.12829525483304,52.93497363796134,52.61862917398946,17.539543057996486,38.55887521968366,25.237258347978912,36.69595782073814,35.254833040421794,25.026362038664324,28.857644991212656,35.465729349736385,20.667838312829527,75.88752196836556,33.602811950790866,2.81195079086116
Cc1ccc(C(Nc2cccc(C(=O)O)c2)c2ccc(C(=O)O)cc2)nn1,gen_03958,363.3730000000001,3.3829200000000004,5,3,4.0,0.6151738955403501,1,112.41000000000001,0,0,0,0.05256801,0.11780994,0.7894782,0.0053568906,0.02530601,0.14226726,0.04508058,0.0034584433,0.008780385,0.07025316,0.002184223,0.31971845,0.18034951,0.90928364,0.5555938,0.003089682,0.042270724,0.023236247,0.0032821584,0.013762439,0.08369163,0.0040708003,0.013393983,0.0058659855,0.035380315,0.0044048247,0.0017886979,0.0094794035,0.012117313,0.19129658,0.033365764,-5.780843,7.1213303,0.4951996,19.601454,-19.072788,2.0543644,-1.4991925,86.77785,-3.7359643,-0.5217148,56.97715289982426,67.06502636203867,61.880492091388405,78.20738137082601,63.44463971880493,62.17926186291741,55.32513181019333,74.90333919156416,47.59226713532514,25.869947275922673,37.188049209138846,13.884007029876978,8.892794376098418,48.68189806678384,25.06151142355009,28.717047451669597,53.49736379613357,54.1652021089631,7.803163444639719,23.65553602811951,11.669595782073815,22.74165202108963,79.43760984182778,67.06502636203867,83.9718804920914,16.485061511423552,18.277680140597543,70.96660808435853,51.493848857645,24.534270650263622,44.88576449912127,47.416520210896316,41.792618629173994,8.471001757469246,28.365553602811953,19.43760984182777,36.76625659050967,13.462214411247805,35.289982425307564,33.25131810193322,10.509666080843585,19.472759226713535,17.644991212653782,22.1792618629174,24.780316344463973,57.328646748681905,18.488576449912127,26.115992970123024,12.442882249560634,63.971880492091394,37.609841827768015,30.474516695957824
CCn1cc(C(=O)O)c(=O)c2cc(CO)c(-n3ccnc3-c3ccc(Cl)cc3)cc21,gen_03965,423.85600000000005,3.7180000000000017,4,2,4.0,0.5095585530122,0,97.35000000000001,0,0,0,0.28836912,0.23714916,0.8611395,0.12932166,0.10593255,0.29521734,0.18712494,0.033565305,0.053626426,0.30408075,0.06970112,0.45481187,0.39263088,0.9794911,0.89627725,0.025939772,0.07256876,0.32000232,0.07926272,0.037229083,0.1423227,0.07891529,0.25579196,0.25817305,0.27310508,0.105256975,0.020300593,0.23271754,0.20787545,0.25794813,0.373302,-5.2109175,12.951322,1.5877377,49.66154,-16.01794,2.4512486,0.57645404,92.56518,-4.193567,1.1571344,70.72056239015818,72.65377855887523,48.55887521968366,61.37082601054482,63.44463971880493,47.416520210896316,22.601054481546576,66.0456942003515,47.59226713532514,25.869947275922673,37.188049209138846,59.050966608084366,15.254833040421794,66.08084358523726,59.507908611599305,52.72407732864675,86.88927943760984,74.69244288224957,24.3585237258348,50.36906854130053,37.961335676625666,53.602811950790866,91.17750439367312,85.79964850615114,95.50087873462215,26.115992970123024,72.19683655536029,86.22144112478033,87.76801405975397,71.63444639718806,68.99824253075572,72.54833040421794,85.37785588752197,24.463971880492092,66.22144112478033,68.7170474516696,86.50263620386644,55.39543057996485,75.78207381370827,85.41300527240774,16.2390158172232,55.95782073813709,35.21968365553603,29.244288224956065,25.799648506151144,81.47627416520211,29.490333919156416,50.86115992970124,39.789103690685415,73.63796133567664,28.154657293497365,47.66256590509666
O=C(O)Cc1cccc2ccc(Cc3cc[nH]c(=O)c3)cc12,gen_04003,293.322,2.7460000000000004,2,2,4.0,0.7767477572386239,0,70.16,0,0,0,0.16400519,0.3289803,0.8661679,0.047097526,0.07076502,0.4330408,0.113045596,0.04559114,0.017992174,0.26070014,0.02832608,0.35592666,0.19838443,0.8632728,0.8994278,0.029876646,0.058578372,0.05712331,0.029068697,0.042784482,0.12772396,0.1213308,0.20460165,0.06272225,0.122785926,0.037748132,0.03172206,0.03634892,0.083793685,0.37029597,0.09997681,-5.0166736,20.988949,-4.9119368,-1.1592938,-14.50088,2.3766124,0.59457314,94.63951,-4.1468954,-5.054472,38.277680140597546,57.469244288224964,17.10017574692443,61.37082601054482,63.44463971880493,85.83479789103691,22.601054481546576,46.924428822495614,47.59226713532514,25.869947275922673,37.188049209138846,39.929701230228474,20.984182776801408,67.5219683655536,46.22144112478032,46.18629173989456,96.4499121265378,67.41652021089631,28.857644991212656,33.46221441124781,33.708260105448154,43.7609841827768,83.55008787346222,69.66608084358525,78.03163444639719,26.22144112478032,75.32513181019333,81.30052724077329,64.42882249560633,55.149384885764505,72.091388400703,68.7170474516696,90.05272407732865,22.39015817223199,48.08435852372584,49.279437609841835,73.39191564147627,63.09314586994728,50.61511423550088,69.94727592267137,30.298769771529003,31.669595782073817,44.49912126537786,38.699472759226715,19.226713532513184,20.175746924428825,38.10193321616872,45.51845342706503,40.14059753954306,78.10193321616872,29.138840070298773,3.304042179261863
O=C(O)c1cccc(NCc2ccc3[nH]c(C(=O)O)c(-c4ccccc4)c3c2)c1,gen_04012,386.4070000000001,4.843400000000002,3,4,4.0,0.3795774440662153,0,102.42,0,0,0,0.10570534,0.21925862,0.814095,0.18813387,0.1525934,0.2492871,0.2805982,0.011769942,0.047292925,0.16607673,0.0156140495,0.5495089,0.26698244,0.95414144,0.84629047,0.004437109,0.035257272,0.27735263,0.014521822,0.03911911,0.13961165,0.036860116,0.095218286,0.057803083,0.16215919,0.024496835,0.007897542,0.116456054,0.04142914,0.2963109,0.17464018,-5.47815,17.327496,9.672638,42.401512,-17.38526,2.1280181,-0.60852724,101.831375,-4.9486685,-6.887716,62.108963093145874,87.20562390158173,32.653778558875224,86.90685413005274,63.44463971880493,30.474516695957824,22.601054481546576,69.52548330404218,47.59226713532514,25.869947275922673,37.188049209138846,28.752196836555363,14.586994727592268,53.743409490333924,64.2530755711775,59.85940246045695,79.75395430579965,80.14059753954307,13.919156414762742,48.154657293497365,23.233743409490337,38.34797891036907,95.1493848857645,76.30931458699473,90.93145869947277,24.04217926186292,25.483304042179263,63.8664323374341,86.0456942003515,45.694200351493855,69.94727592267137,72.16168717047452,76.06326889279438,17.223198594024606,47.381370826010546,56.44991212653779,67.27592267135326,36.27416520210897,66.36203866432338,56.871704745166966,20.738137082601057,39.71880492091389,24.3585237258348,33.88400702987698,33.18101933216169,77.11775043936731,24.007029876977153,30.052724077328648,22.56590509666081,91.81019332161688,15.254833040421794,1.5817223198594026
O=CC(CC(=O)O)NC(=O)c1ccc(-c2cnc(-c3ccccc3)s2)cc1,gen_04039,380.42500000000007,3.249100000000002,5,2,4.0,0.613521842465545,1,96.36,0,1,1,0.41574344,0.4044096,0.7516929,0.2824149,0.22539227,0.3947124,0.30401713,0.050657403,0.07252627,0.29233944,0.09125376,0.6025225,0.313487,0.9498808,0.70625734,0.057242222,0.06634466,0.29801446,0.08684709,0.07364269,0.14679527,0.23415093,0.26614636,0.1675565,0.3924384,0.17135803,0.07783578,0.15555003,0.22188547,0.49502867,0.23971848,-5.222405,12.235488,3.8798344,13.038366,-15.253746,2.702964,0.6710517,98.38489,-4.1852765,-5.892844,60.77328646748683,65.16695957820738,61.880492091388405,61.37082601054482,63.44463971880493,61.6871704745167,55.32513181019333,65.83479789103691,47.59226713532514,66.52021089630932,83.09314586994728,71.63444639718806,26.01054481546573,41.019332161687174,71.56414762741653,67.6274165202109,95.11423550087875,81.37082601054482,30.509666080843587,54.93848857644992,36.94200351493849,56.97715289982426,96.94200351493849,80.49209138840071,90.50966608084359,19.859402460456945,85.30755711775045,84.49912126537787,86.81898066783832,73.04042179261863,82.1792618629174,73.60281195079087,95.53602811950792,25.026362038664324,59.507908611599305,77.36379613356767,92.44288224956064,80.07029876977154,70.08787346221442,86.11599297012303,45.58875219683656,45.553602811950796,34.58699472759227,28.084358523725836,28.119507908611602,45.62390158172232,33.919156414762746,66.11599297012303,41.12478031634447,85.58875219683657,28.365553602811953,2.2144112478031635
CC(C)(O)c1ccccc1CCC(CC(=O)O)CC(O)Cc1ccccc1,gen_04052,370.48900000000003,3.931200000000003,3,3,4.0,0.5920709873939908,2,77.76,0,0,0,0.017848881,0.5251149,0.80403644,0.033910412,0.19612114,0.36300305,0.18313889,0.15571928,0.31764662,0.57685363,0.07589011,0.3113516,0.096051015,0.26154158,0.98528624,0.0026094876,0.008858362,0.0059817713,0.04481136,0.04769292,0.13137385,0.14166328,0.66649723,0.40863794,0.15045428,0.0018791748,0.036510002,0.18529093,0.016988143,0.5571839,0.6006661,-5.128577,35.93038,19.476578,-20.185352,-13.1009035,2.657387,1.3393415,84.65804,-3.4272957,-2.7979286,58.558875219683664,76.16871704745168,32.653778558875224,78.20738137082601,63.44463971880493,58.94551845342707,69.84182776801407,52.53075571177505,47.59226713532514,25.869947275922673,37.188049209138846,4.780316344463972,34.55184534270651,51.84534270650264,42.49560632688928,64.56942003514939,93.21616871704747,74.41124780316345,61.546572934973646,78.06678383128296,64.4639718804921,54.30579964850616,78.59402460456943,49.49033391915642,40.31634446397189,37.188049209138846,15.395430579964852,15.430579964850617,30.017574692442885,61.72231985940247,74.13005272407733,69.87697715289983,91.45869947275924,41.86291739894552,74.0597539543058,54.58699472759227,23.304042179261867,65.62390158172232,72.75922671353251,38.699472759226715,54.97363796133568,67.31107205623903,39.332161687170476,53.70826010544816,44.39367311072056,2.0386643233743413,47.34622144112478,63.40949033391916,50.75571177504394,60.878734622144115,43.79613356766257,11.142355008787348
Cc1ccccc1COc1ccc2c(c1)Cc1cccc(C(CO)C(=O)O)c1-2,gen_04059,374.43600000000015,4.305720000000004,3,2,4.0,0.527865948481896,1,66.76,0,0,0,0.3152042,0.43778282,0.85739154,0.3737416,0.47219405,0.5359126,0.5128348,0.1376329,0.08586247,0.6477124,0.19826457,0.46663675,0.14806056,0.8873143,0.9822612,0.037484504,0.03125412,0.18605384,0.22962551,0.1481318,0.23711729,0.5789816,0.6816982,0.6006382,0.48726043,0.14586428,0.19383495,0.5468077,0.34904858,0.5142426,0.49870458,-5.014737,8.1180525,0.9119198,15.8574705,-12.742361,3.2722378,1.5821376,99.38129,-4.3595405,-5.772049,59.507908611599305,81.51142355008788,32.653778558875224,61.37082601054482,63.44463971880493,50.08787346221442,55.32513181019333,44.56942003514939,47.59226713532514,25.869947275922673,37.188049209138846,61.86291739894553,28.224956063268895,65.20210896309315,75.88752196836556,84.04217926186293,99.0158172231986,90.4042179261863,58.20738137082601,57.57469244288225,73.46221441124781,67.48681898066785,91.84534270650265,61.75746924428823,80.91388400702988,36.62565905096661,78.91036906854131,58.31282952548331,79.89455184534272,88.40070298769773,91.07205623901582,86.60808435852374,99.40246045694201,42.84710017574693,81.15992970123024,82.8822495606327,90.57996485061513,91.81019332161688,89.56063268892795,92.40773286467487,48.89279437609842,62.81195079086117,44.63971880492092,23.374340949033392,25.13181019332162,50.75571177504394,49.3145869947276,89.87697715289983,54.86818980667839,87.55711775043937,25.237258347978912,2.4956063268892796
CC(NS(=O)(=O)c1ccc(C(=O)O)nc1)c1cccc(OCc2ccccc2)c1,gen_04061,412.46700000000016,3.3983000000000025,5,2,4.0,0.5874371349644244,1,105.59,0,0,0,0.01139326,0.30597165,0.9568925,0.08191804,0.2317017,0.7005142,0.44020206,0.030787032,0.035494197,0.28803653,0.023522248,0.6695916,0.11172302,0.97810763,0.97077847,0.0028667948,0.018972252,0.019942746,0.01751561,0.01638719,0.104733564,0.10417459,0.34398013,0.12943673,0.07868137,0.0046651317,0.00374628,0.05024035,0.0144977495,0.1819189,0.1277112,-5.4369383,32.120518,25.03403,7.511647,-14.714991,2.1352346,0.31053782,96.73741,-3.6421025,-4.578998,68.2249560632689,67.41652021089631,61.880492091388405,61.37082601054482,63.44463971880493,58.62917398945519,55.32513181019333,71.07205623901582,47.59226713532514,25.869947275922673,37.188049209138846,2.9876977152899826,19.648506151142357,97.57469244288225,52.75922671353252,68.2249560632689,99.96485061511424,87.69771528998243,23.02284710017575,43.8664323374341,36.69595782073814,41.75746924428823,98.13708260105449,53.95430579964851,95.3602811950791,33.81370826010545,16.906854130052725,38.383128295254835,49.03339191564148,48.26010544815466,49.068541300527244,59.156414762741655,88.40070298769773,27.838312829525485,55.99297012302285,38.13708260105449,37.50439367311073,22.74165202108963,54.97363796133568,35.67662565905097,9.666080843585238,34.76274165202109,25.51845342706503,50.57996485061512,49.63093145869948,35.39543057996485,36.836555360281196,30.333919156414765,34.833040421792624,82.49560632688929,39.5079086115993,4.077328646748683
O=C(NC(CCc1ccc(Cl)cc1)C(=O)O)c1ccc2ccc(F)cc2c1,gen_04083,385.82200000000006,4.448100000000003,2,2,4.0,0.6584767685730288,1,66.4,0,0,0,0.22829561,0.64097345,0.8972208,0.39784747,0.509459,0.5987881,0.47498947,0.15152124,0.10219078,0.56638664,0.15033792,0.48456144,0.20364504,0.90192354,0.98207223,0.027396029,0.04434672,0.18784828,0.118058875,0.066296145,0.19823992,0.39341182,0.6887018,0.46434444,0.30964398,0.10001154,0.048661955,0.31869042,0.17371194,0.4169785,0.44125146,-5.069626,11.559861,-4.62809,40.740025,-13.160647,2.7061253,1.1843746,100.54894,-4.481345,-4.1701417,62.108963093145874,83.19859402460457,17.10017574692443,61.37082601054482,63.44463971880493,68.26010544815466,55.32513181019333,43.79613356766257,47.59226713532514,25.869947275922673,37.188049209138846,51.3884007029877,43.55008787346222,77.71528998242532,77.15289982425308,85.62390158172232,99.64850615114236,89.06854130052724,60.77328646748683,60.77328646748683,63.26889279437611,63.72583479789104,92.86467486818981,70.36906854130054,83.05799648506152,36.62565905096661,73.53251318101934,73.14586994727593,80.1054481546573,77.89103690685414,80.7029876977153,83.3743409490334,98.45342706502637,43.30404217926187,76.3444639718805,71.21265377855889,85.76449912126539,71.84534270650265,79.92970123022847,82.1792618629174,36.37961335676626,59.85940246045695,41.335676625659055,27.416520210896312,19.332161687170476,76.2390158172232,46.95957820738138,66.25659050966608,47.978910369068544,90.12302284710019,22.987697715289986,5.342706502636204
O=C(NC(CCc1ccccc1)C(=O)O)c1ccc(Cc2ccccc2)cc1,gen_04094,373.4520000000001,4.093200000000003,2,2,4.0,0.6248588846075551,1,66.4,0,0,0,0.085418716,0.5120934,0.8717824,0.037444927,0.30966237,0.530485,0.35702932,0.08148394,0.043474026,0.5460361,0.13960806,0.34698173,0.10589284,0.79232514,0.99375486,0.014791991,0.034834728,0.02326999,0.057788264,0.083125785,0.23823842,0.37955564,0.58769214,0.5432974,0.24319191,0.032428402,0.04690098,0.250134,0.078789264,0.38243032,0.40491524,-5.237633,22.238583,9.280597,1.3588097,-12.677042,2.5293646,0.96156025,100.21694,-4.1129494,-6.0684476,59.43760984182777,78.24253075571178,17.10017574692443,61.37082601054482,63.44463971880493,63.65553602811951,55.32513181019333,43.79613356766257,47.59226713532514,25.869947275922673,37.188049209138846,23.97188049209139,33.602811950790866,69.06854130052724,43.65553602811951,74.90333919156416,98.84007029876977,84.07732864674868,41.968365553602816,46.95957820738138,60.73813708260106,62.741652021089635,82.81195079086116,52.26713532513182,71.63444639718806,42.882249560632694,58.418277680140605,63.09314586994728,51.493848857645,66.6432337434095,84.07732864674868,86.71353251318102,98.34797891036908,37.68014059753955,79.40246045694201,66.22144112478033,71.07205623901582,71.17750439367312,76.87170474516697,68.64674868189807,31.564147627416524,57.99648506151143,33.77855887521969,40.562390158172235,32.72407732864675,24.639718804920918,49.94727592267136,55.50087873462215,45.237258347978916,89.42003514938489,29.771528998242534,2.1441124780316345
Cn1cc(-c2ccnc(Nc3cccc(C(=O)O)c3)n2)c(-c2ccc(F)cc2)n1,gen_04116,389.3900000000001,4.125000000000003,5,2,4.0,0.5332498279644472,0,92.93,0,0,0,0.3336193,0.21652856,0.8464383,0.4496867,0.124985136,0.1544023,0.11998633,0.023369238,0.08767672,0.30306625,0.14046948,0.38175923,0.43332785,0.99158573,0.9733381,0.027307108,0.06859175,0.84642965,0.18207559,0.07990809,0.3455074,0.057079732,0.45990115,0.36276817,0.5760131,0.35190353,0.03357545,0.6792722,0.3948527,0.2285649,0.58051425,-5.0642877,28.806665,17.137379,27.82969,-14.649246,2.3908556,1.5829253,99.65056,-5.154745,-5.293467,62.91739894551846,78.66432337434095,61.880492091388405,61.37082601054482,63.44463971880493,50.896309314587,22.601054481546576,63.40949033391916,47.59226713532514,25.869947275922673,37.188049209138846,63.690685413005276,14.411247803163446,62.284710017574696,79.26186291739896,55.922671353251324,57.39894551845343,68.18980667838314,19.43760984182777,57.99648506151143,37.926186291739896,62.882249560632694,85.97539543057998,88.6115992970123,98.48857644991213,34.16520210896309,73.39191564147627,85.30755711775045,98.69947275922672,84.71001757469244,83.51493848857646,92.65377855887523,81.72231985940246,32.26713532513181,72.05623901581723,88.2249560632689,97.5395430579965,63.90158172231987,93.14586994727593,93.74340949033393,13.848857644991213,66.78383128295255,41.652021089630935,47.27592267135326,41.195079086115996,66.78383128295255,37.36379613356767,46.25659050966608,54.86818980667839,88.33040421792619,12.161687170474519,2.9525483304042184
O=C(O)c1nc(=O)c2c(-c3ccccc3)ccc(Oc3ccccc3F)c2[nH]1,gen_04118,376.3430000000001,4.219700000000001,4,2,4.0,0.5563297386968336,0,92.28,0,0,0,0.07950236,0.40018934,0.9159962,0.3355379,0.19968891,0.49954048,0.35784847,0.028986633,0.022095714,0.23797429,0.0130514605,0.6333467,0.13813443,0.99176514,0.970646,0.005608964,0.036663823,0.3101406,0.02919983,0.033071276,0.16312462,0.16175427,0.42440835,0.28990692,0.25270766,0.056164555,0.0116997585,0.29166144,0.07131813,0.29908925,0.17990199,-4.894887,16.539127,-0.019696046,32.43441,-13.654521,2.4980788,0.63826996,102.52193,-4.9153748,-8.834786,59.85940246045695,80.21089630931459,48.55887521968366,61.37082601054482,63.44463971880493,54.516695957820744,22.601054481546576,62.81195079086117,47.59226713532514,25.869947275922673,37.188049209138846,22.49560632688928,25.65905096660809,84.4639718804921,74.48154657293497,65.06151142355009,98.31282952548331,84.14762741652022,22.35500878734622,36.555360281195085,31.564147627416524,36.977152899824254,97.60984182776802,59.964850615114244,98.48857644991213,33.77855887521969,30.509666080843587,65.65905096660809,87.38137082601055,55.18453427065027,65.79964850615114,78.10193321616872,92.68892794376099,30.931458699472763,68.33040421792619,66.85413005272409,78.80492091388402,44.07732864674868,78.69947275922672,66.81898066783832,21.195079086115996,40.421792618629176,52.79437609841828,33.07557117750439,24.3585237258348,70.22847100175747,43.65553602811951,53.743409490333924,40.77328646748682,92.9701230228471,15.817223198594027,0.8084358523725835
O=C(O)c1ccc(Nc2cc(C(=O)c3ccccc3)nc3ccccc23)cc1,gen_04127,368.39200000000005,4.907600000000002,4,2,4.0,0.4895191148060152,0,79.29,0,0,1,0.20169277,0.20446405,0.85449964,0.38710433,0.24313864,0.33637246,0.38789207,0.02543884,0.032214608,0.3014408,0.043412652,0.45698094,0.1335069,0.9916652,0.98618805,0.011319541,0.055776425,0.57736087,0.076510996,0.099779405,0.33625543,0.12143882,0.4826221,0.5472592,0.4592072,0.118286654,0.02695725,0.6987228,0.16641912,0.43966395,0.36345276,-4.9434686,39.391518,22.98406,53.03129,-14.318707,2.4304214,2.004952,103.9601,-5.5363197,-5.6157084,57.961335676625666,87.80316344463972,48.55887521968366,61.37082601054482,63.44463971880493,44.8506151142355,22.601054481546576,53.602811950790866,47.59226713532514,25.869947275922673,83.09314586994728,47.205623901581724,13.673110720562391,64.67486818980669,76.4499121265378,69.24428822495607,91.28295254833041,85.27240773286468,20.70298769771529,42.07381370826011,37.71528998242531,48.04920913884008,91.31810193321617,58.875219683655544,98.48857644991213,37.68014059753955,50.61511423550088,80.17574692442884,94.62214411247804,70.93145869947277,86.6432337434095,92.40773286467487,90.08787346221442,33.391915641476274,79.5079086115993,81.30052724077329,88.2249560632689,60.21089630931459,93.74340949033393,81.54657293497364,39.19156414762742,55.43057996485062,49.560632688927946,56.379613356766264,47.59226713532514,82.70650263620388,39.12126537785589,49.13884007029878,62.601054481546576,95.07908611599298,8.014059753954307,2.5659050966608086
O=C(O)CCCNCc1ccc2c(c1)C(O)(C(F)(F)F)c1ccccc1-2,gen_04128,365.35100000000006,3.4196000000000017,3,3,4.0,0.6863847468356864,1,69.56,0,1,0,0.36844698,0.72336453,0.8549941,0.280773,0.09863835,0.2569425,0.057266176,0.24666278,0.2191093,0.36297458,0.0320607,0.36160865,0.39283964,0.47965997,0.90586394,0.040625736,0.05734093,0.1257498,0.027284782,0.03359543,0.13328919,0.03722008,0.44513112,0.053068064,0.11197199,0.024686623,0.022991398,0.035454135,0.062507935,0.52983654,0.3806903,-5.346176,5.9463477,-4.2752485,-4.034348,-13.796526,2.4936252,-0.038753916,69.90518,-2.61127,-0.75886416,57.22319859402461,67.83831282952549,32.653778558875224,78.20738137082601,63.44463971880493,72.82952548330405,55.32513181019333,46.30931458699473,47.59226713532514,66.52021089630932,37.188049209138846,67.1353251318102,50.50966608084359,64.71001757469244,71.49384885764499,51.66959578207382,81.23022847100177,57.04745166959579,72.75922671353251,72.30228471001759,42.63620386643234,44.9560632688928,84.07732864674868,85.79964850615114,54.72759226713533,26.678383128295255,80.63268892794378,81.01933216168717,74.23550087873463,54.34094903339192,66.0456942003515,70.29876977152901,76.13356766256591,31.810193321616875,46.467486818980674,47.240773286467494,67.34622144112478,57.68014059753955,50.158172231985944,63.971880492091394,51.21265377855888,56.52021089630932,28.717047451669597,20.878734622144115,19.648506151142357,15.817223198594027,42.741652021089635,53.49736379613357,29.982425307557122,45.694200351493855,59.613356766256594,27.838312829525485
O=C(O)c1ccc(OCc2cccc(Cc3[nH]ncc3-c3ccccc3)c2)cc1,gen_04142,384.43500000000006,4.944700000000004,3,2,4.0,0.4729583021854886,0,75.21000000000001,0,0,0,0.05658437,0.21053341,0.8863824,0.2420348,0.6792892,0.5211177,0.76965153,0.07145141,0.15692869,0.5179475,0.5017928,0.32098612,0.15406705,0.9346305,0.9946893,0.012329835,0.041460566,0.18839303,0.28260177,0.1445821,0.29719192,0.30756563,0.5698702,0.6985775,0.42251387,0.08388541,0.09062977,0.6410936,0.21049765,0.22256339,0.54909337,-5.0432734,47.913555,31.293692,2.7725685,-13.990057,2.5325286,2.258844,107.216324,-5.70421,-9.985776,61.6871704745167,88.04920913884008,32.653778558875224,61.37082601054482,63.44463971880493,42.882249560632694,22.601054481546576,50.68541300527241,47.59226713532514,25.869947275922673,37.188049209138846,15.254833040421794,14.059753954305801,73.77855887521969,68.96309314586995,91.21265377855889,98.69947275922672,96.02811950790861,38.17223198594025,68.18980667838314,57.99648506151143,82.63620386643234,79.75395430579965,62.81195079086117,88.01405975395431,44.00702987697716,53.0755711775044,70.26362038664324,80.14059753954307,91.17750439367312,90.82601054481547,90.4042179261863,97.3286467486819,36.836555360281196,85.27240773286468,78.76977152899825,83.51493848857646,82.10896309314587,92.26713532513182,85.5536028119508,13.462214411247805,65.48330404217927,42.7768014059754,62.425307557117755,55.149384885764505,26.748681898066785,41.40597539543058,55.71177504393673,66.6432337434095,97.78558875219684,6.221441124780317,0.6326889279437611
CC(C)(C)OC(=O)N1CCc2c(-c3ccc(C(O)CCC(=O)O)c(F)c3)ccc(F)c2C1,gen_04146,447.47800000000024,4.823200000000004,4,2,4.0,0.6861052841057176,1,87.07000000000001,0,0,0,0.09139775,0.41046843,0.87084675,0.17836006,0.32857695,0.48935908,0.30463788,0.13135281,0.08776958,0.5949298,0.050618805,0.39193544,0.20388731,0.8057294,0.9546587,0.013949352,0.027987724,0.07940979,0.113188885,0.104162596,0.20089538,0.33563584,0.6280011,0.37776005,0.28280717,0.03482888,0.047244895,0.30026194,0.11665889,0.36796507,0.38965094,-4.8624773,13.667607,22.980808,2.111865,-12.188742,3.5700493,1.7578369,93.96684,-3.8445003,-1.2933735,75.1493848857645,86.92442882249561,48.55887521968366,61.37082601054482,63.44463971880493,72.79437609841828,55.32513181019333,59.507908611599305,47.59226713532514,25.869947275922673,37.188049209138846,25.623901581722322,26.432337434094904,68.78734622144113,63.690685413005276,75.92267135325133,98.13708260105449,81.40597539543059,56.76625659050967,58.03163444639719,66.99472759226714,49.84182776801406,86.99472759226714,70.36906854130054,72.79437609841828,31.247803163444644,56.62565905096661,53.427065026362044,68.7170474516696,76.90685413005274,86.99472759226714,83.65553602811951,97.85588752196837,39.82425307557118,72.75922671353251,69.38488576449913,71.8804920913884,71.28295254833041,79.19156414762742,75.43057996485062,29.841827768014063,57.15289982425308,55.04393673110721,29.841827768014063,47.59226713532514,25.65905096660809,53.427065026362044,95.32513181019333,57.71528998242531,76.62565905096662,35.18453427065027,23.690685413005273
O=C(O)CNC(=O)c1cc2cc(Cc3ccc(F)cc3)cnc2n(Cc2cccc(F)c2)c1=O,gen_04177,463.44000000000017,3.1282000000000014,4,2,4.0,0.4386578272124949,0,101.28999999999999,0,0,0,0.11722598,0.41210112,0.90365267,0.08083779,0.41506758,0.5633874,0.66072744,0.09483758,0.083742104,0.60030156,0.5493759,0.50290835,0.26876155,0.974681,0.97838867,0.023309598,0.05055665,0.10159683,0.11364029,0.026422644,0.10469475,0.2507921,0.5967046,0.74749625,0.35891092,0.065005705,0.02463469,0.2070938,0.14929374,0.22483249,0.5830844,-5.2806425,4.08187,0.75010645,19.054964,-14.683966,2.5940611,0.06932251,95.83656,-4.0535984,-6.097445,77.75043936731107,62.95254833040423,48.55887521968366,61.37082601054482,63.44463971880493,38.17223198594025,22.601054481546576,68.85764499121267,47.59226713532514,25.869947275922673,37.188049209138846,31.599297012302287,26.46748681898067,80.28119507908612,52.68892794376099,81.792618629174,99.40246045694201,94.02460456942005,45.76449912126538,57.08260105448155,67.80316344463972,84.3585237258348,93.81370826010546,76.48506151142355,94.62214411247804,35.606326889279444,69.8066783831283,77.3286467486819,71.28295254833041,77.01230228471002,60.702987697715294,59.12126537785589,96.06326889279438,38.03163444639719,87.17047451669596,74.97363796133568,80.42179261862918,58.699472759226715,74.34094903339192,79.75395430579965,13.637961335676627,66.92442882249561,31.634446397188054,18.66432337434095,25.026362038664324,56.379613356766264,37.11775043936731,59.613356766256594,32.02108963093146,80.31634446397189,31.318101933216173,2.1441124780316345
CC(CCc1ccccc1)NC(=O)CN(CC(=O)O)c1cc(Cl)ccc1CO,gen_04196,404.8940000000001,2.8608000000000007,4,3,4.0,0.5661798386038221,1,89.87,0,0,0,0.062704444,0.53448933,0.7580193,0.09364905,0.5422193,0.3593362,0.39423913,0.09092997,0.50935376,0.573487,0.31481558,0.50976217,0.20631543,0.47379678,0.9558226,0.017499978,0.015285231,0.017943164,0.050919045,0.04604414,0.12515306,0.20826371,0.5293676,0.29483193,0.23532443,0.010591264,0.05158543,0.060801666,0.050638504,0.5381922,0.6346242,-5.323416,26.535542,10.520811,-3.2604575,-14.288541,2.2267547,-0.0092304945,87.75946,-2.7695923,1.547497,66.5377855887522,59.29701230228471,48.55887521968366,78.20738137082601,63.44463971880493,55.7469244288225,55.32513181019333,61.12478031634447,47.59226713532514,25.869947275922673,37.188049209138846,16.977152899824254,35.36028119507909,42.21441124780317,54.55184534270651,86.78383128295256,92.89982425307558,85.58875219683657,44.71001757469244,85.62390158172232,64.00702987697716,74.97363796133568,93.98945518453428,70.68541300527241,54.41124780316345,31.318101933216173,62.67135325131811,31.177504393673114,47.76801405975396,63.831282952548335,73.49736379613357,67.87346221441125,94.83304042179263,35.289982425307564,68.47100175746925,65.72934973637962,52.513181019332166,73.1810193321617,57.36379613356767,60.49209138840071,52.16168717047452,69.13884007029877,29.806678383128297,45.09666080843586,34.09490333919157,16.766256590509666,39.26186291739895,36.59050966608085,30.509666080843587,65.76449912126539,56.41476274165203,51.81019332161688
O=C(Cc1ccc(C(=O)c2ccccc2)s1)c1cc(C(=O)O)[nH]n1,gen_04212,340.36000000000007,2.825800000000001,5,2,4.0,0.6721427200767067,0,100.11999999999999,0,0,0,0.14528978,0.34310466,0.87910235,0.18258424,0.19119525,0.4635479,0.350849,0.020185355,0.02708604,0.24246077,0.022673007,0.66362035,0.098541476,0.9840854,0.85018027,0.008214782,0.029886957,0.1276311,0.017817313,0.023917899,0.08567673,0.11824163,0.2201672,0.07270394,0.21995744,0.034157746,0.01620436,0.08929162,0.06327824,0.43990535,0.08524163,-5.051265,17.13024,6.9432983,11.009539,-14.686017,2.575037,-0.049456596,98.030876,-4.040171,-4.2587266,51.63444639718806,58.59402460456943,61.880492091388405,61.37082601054482,63.44463971880493,70.43936731107206,22.601054481546576,67.90861159929702,47.59226713532514,25.869947275922673,37.188049209138846,36.94200351493849,21.827768014059757,71.21265377855889,63.93673110720563,64.32337434094904,97.46924428822497,83.76098418277681,17.891036906854133,40.0,31.845342706502638,41.58172231985941,97.96133567662567,50.333919156414765,96.83655536028121,24.28822495606327,41.6871704745167,56.344463971880494,74.62214411247804,48.54130052724078,58.76977152899825,48.43585237258348,89.84182776801407,23.02284710017575,49.595782073813716,64.04217926186293,71.59929701230229,50.82601054481547,62.91739894551846,64.07732864674868,39.19156414762742,29.771528998242534,42.425307557117755,33.67311072056239,30.861159929701234,42.00351493848858,37.08260105448155,58.31282952548331,29.876977152899826,85.02636203866433,31.599297012302287,4.92091388400703
CCCN(C)c1ncc(S(=O)(=O)Nc2cc(-c3ccccc3)cc3cccnc23)cc1C(=O)O,gen_04233,476.55800000000016,4.642000000000003,6,2,4.0,0.38081534787374927,0,112.49,0,0,0,0.039947998,0.15491474,0.9052579,0.21897335,0.41631737,0.5870315,0.70589954,0.036833193,0.10733203,0.3159161,0.21056347,0.6724808,0.25898516,0.98957384,0.9300319,0.012099039,0.055587023,0.19752221,0.12702231,0.039317,0.1388934,0.14573297,0.2867167,0.42842403,0.23982665,0.051479954,0.020148864,0.2600151,0.12080653,0.16278449,0.395886,-5.340715,37.60587,44.164124,56.606457,-15.597273,2.2918916,1.3361006,106.45481,-5.1663084,-8.399264,79.82425307557118,85.3427065026362,72.46045694200352,61.37082601054482,63.44463971880493,30.68541300527241,22.601054481546576,74.90333919156416,47.59226713532514,25.869947275922673,37.188049209138846,10.685413005272409,10.93145869947276,80.91388400702988,67.17047451669596,81.86291739894553,99.54305799648508,94.83304042179263,25.342706502636204,61.6871704745167,39.015817223198596,68.54130052724078,98.17223198594026,75.81722319859404,97.92618629173991,28.681898066783834,52.5834797891037,80.1054481546573,80.94903339191565,79.22671353251319,69.98242530755712,71.9859402460457,91.70474516695958,25.76449912126538,74.79789103690686,66.01054481546574,77.96133567662567,55.2548330404218,77.11775043936731,75.88752196836556,8.365553602811952,57.36379613356767,28.96309314586995,55.07908611599297,64.60456942003516,84.28822495606327,31.493848857644995,40.28119507908612,50.68541300527241,97.22319859402461,12.02108963093146,0.8787346221441126
O=C(O)C(Oc1ccccn1)C(O)c1ccc(-c2ccccc2)cc1F,gen_04272,353.34900000000005,3.4533000000000023,4,2,4.0,0.7094613779382503,2,79.65,0,0,0,0.01488663,0.44125462,0.9490002,0.046127524,0.110727295,0.60659236,0.15194058,0.03228298,0.009248664,0.21902747,0.0031047584,0.42638326,0.13306436,0.9502161,0.97521985,0.0024437509,0.021720007,0.03929464,0.0103142215,0.016485201,0.10176811,0.098230615,0.26164222,0.06018586,0.057015635,0.010724221,0.0041797506,0.029188925,0.015892703,0.17377195,0.08004987,-5.1392,12.25292,1.6299655,1.7521527,-12.487728,2.7123516,0.2173686,96.35491,-3.4120827,-4.330738,54.1652021089631,68.40070298769773,48.55887521968366,61.37082601054482,63.44463971880493,76.66080843585237,69.84182776801407,53.70826010544816,47.59226713532514,25.869947275922673,37.188049209138846,3.8664323374340954,28.330404217926187,95.60632688927944,46.010544815465735,53.49736379613357,99.7188049209139,71.59929701230229,23.760984182776802,24.077328646748683,28.96309314586995,25.37785588752197,89.38488576449913,58.76977152899825,90.50966608084359,34.58699472759227,14.622144112478033,43.58523725834798,58.91036906854131,40.80843585237259,49.244288224956065,57.68014059753955,87.6274165202109,24.850615114235502,47.76801405975396,30.579964850615116,52.86467486818981,24.710017574692444,47.065026362038665,37.71528998242531,8.998242530755713,29.173989455184536,38.76977152899825,28.084358523725836,25.799648506151144,24.99121265377856,51.14235500878735,66.57293497363797,33.708260105448154,81.61687170474518,44.00702987697716,4.674868189806679
O=C(O)c1cccc(NCc2ccc(Br)cc2-c2ccncc2)c1,gen_04318,383.24500000000006,4.821400000000003,3,2,4.0,0.6631859987004185,0,62.22,0,0,0,0.07411109,0.36549103,0.8508056,0.7508875,0.77854794,0.3206025,0.7110014,0.08927801,0.6772106,0.41426548,0.6460086,0.29460964,0.3025385,0.8756275,0.997616,0.01925683,0.046487838,0.5664658,0.3876144,0.13617991,0.25286627,0.14091828,0.65428877,0.53424615,0.5475598,0.11875472,0.14729962,0.7161807,0.2906195,0.30588406,0.67760634,-5.0477724,28.482264,7.444823,38.71463,-13.625383,2.3766103,1.4284098,97.26582,-4.5402265,-0.35748616,61.335676625659055,86.92442882249561,32.653778558875224,61.37082601054482,63.44463971880493,69.13884007029877,22.601054481546576,40.03514938488577,47.59226713532514,25.869947275922673,37.188049209138846,20.492091388400706,22.987697715289986,63.79613356766257,89.10369068541301,94.02460456942005,89.49033391915643,94.90333919156416,44.25307557117751,89.66608084358525,47.697715289982426,86.71353251318102,76.2390158172232,79.36731107205624,79.43760984182778,49.3145869947276,64.85061511423551,74.41124780316345,94.48154657293499,95.99297012302286,90.12302284710019,87.80316344463972,91.42355008787347,41.23022847100176,79.08611599297014,86.46748681898067,88.2249560632689,88.99824253075572,94.09490333919157,90.08787346221442,22.03866432337434,71.07205623901582,42.56590509666081,46.99472759226714,31.353251318101936,75.32513181019333,43.971880492091394,45.51845342706503,52.196836555360285,83.55008787346222,21.93321616871705,32.30228471001758
O=C(O)Cc1c[nH]c(Cc2ccc(OCc3ccccc3)cc2)nc1=O,gen_04331,350.3740000000001,2.5668000000000006,4,2,4.0,0.68313926928775,0,92.28,0,0,0,0.12474561,0.3655669,0.88593596,0.0364487,0.17583652,0.508991,0.23441796,0.050215315,0.033833355,0.3701267,0.08521509,0.40974426,0.1680039,0.9115985,0.92209613,0.022678278,0.06094113,0.040431518,0.046775483,0.036610987,0.13465448,0.17513335,0.3094838,0.21991105,0.16678225,0.039064527,0.023757976,0.05900814,0.07925146,0.30968785,0.17475726,-5.4000254,9.952942,-3.7960486,-15.26712,-15.812482,2.4837003,-0.24386235,89.73489,-3.6063392,-5.719107,53.53251318101934,53.67311072056239,48.55887521968366,61.37082601054482,63.44463971880493,72.44288224956064,22.601054481546576,62.81195079086117,47.59226713532514,25.869947275922673,37.188049209138846,33.00527240773287,23.02284710017575,73.63796133567664,43.33919156414763,62.882249560632694,98.5237258347979,77.71528998242532,30.36906854130053,43.02284710017575,43.198594024604574,55.88752196836556,88.11950790861161,65.30755711775045,84.21792618629175,27.978910369068544,69.3145869947276,82.53075571177506,59.367311072056246,62.24956063268893,68.6115992970123,70.72056239015818,93.49736379613357,26.643233743409493,63.514938488576455,57.29349736379614,73.67311072056239,58.13708260105449,56.94200351493849,68.78734622144113,22.601054481546576,39.71880492091389,26.748681898066785,25.869947275922673,20.351493848857647,3.8312829525483307,30.36906854130053,52.86467486818981,26.713532513181022,69.06854130052724,40.07029876977153,2.5307557117750443
O=C(O)CC1OC(C(=O)O)CC(Cc2ccc(Cc3cccc(C(F)(F)F)c3)cc2)C1O,gen_04402,452.425,3.5326000000000026,4,3,4.0,0.5939145754142787,4,104.06,0,0,0,0.076900885,0.23517501,0.8519002,0.021992603,0.24596469,0.2850934,0.24851656,0.01624834,0.075870015,0.36159056,0.0436263,0.46375886,0.17881769,0.86691874,0.8032328,0.005125682,0.021168744,0.011691112,0.0401595,0.055318456,0.14112471,0.18469915,0.13248864,0.16561961,0.19823316,0.016023124,0.015099587,0.0736336,0.04792673,0.30528158,0.19714761,-5.858122,-4.0565133,-0.26088905,25.546154,-16.157946,2.73041,-0.3191647,92.971855,-3.3675976,-3.530004,76.09841827768015,69.87697715289983,48.55887521968366,78.20738137082601,63.44463971880493,59.191564147627425,81.28295254833041,70.08787346221442,47.59226713532514,25.869947275922673,37.188049209138846,21.72231985940246,15.184534270650264,64.14762741652022,37.99648506151143,69.52548330404218,85.27240773286468,78.45342706502637,15.676625659050968,55.64147627416521,42.56590509666081,48.08435852372584,91.77504393673111,66.78383128295255,78.5237258347979,22.70650263620387,28.681898066783834,42.81195079086116,42.14411247803164,59.929701230228474,77.29349736379613,72.30228471001759,93.95430579964851,18.910369068541304,59.367311072056246,61.30052724077329,60.52724077328647,48.99824253075572,59.964850615114244,59.54305799648507,21.968365553602816,42.03866432337434,16.485061511423552,12.40773286467487,24.077328646748683,64.81546572934974,28.857644991212656,68.11950790861161,25.729349736379614,74.51669595782074,44.63971880492092,7.240773286467488
O=C(O)COc1cccc(C(O)(CCCc2ccccc2)Cc2ccccc2C(=O)O)c1,gen_04413,434.4880000000001,4.301400000000004,4,3,4.0,0.4156631384904446,1,104.06000000000002,0,0,0,0.020719778,0.21862754,0.85501784,0.029343694,0.1956212,0.43656436,0.32509273,0.023834392,0.05728395,0.3566622,0.025872152,0.50495183,0.14702748,0.83076876,0.90840244,0.004725053,0.022710772,0.012704434,0.031773426,0.05606491,0.15286803,0.26453236,0.14120808,0.18362713,0.12091322,0.008750553,0.01740178,0.0678378,0.030615112,0.2662019,0.23659281,-5.572228,20.510126,23.56324,-3.365148,-15.710675,2.593668,-0.6584669,101.17061,-4.2776384,-6.8664093,72.9701230228471,81.44112478031636,48.55887521968366,78.20738137082601,63.44463971880493,35.18453427065027,55.32513181019333,70.14059753954307,47.59226713532514,25.869947275922673,37.188049209138846,5.799648506151143,14.551845342706503,64.71001757469244,40.98418277680141,64.49912126537787,96.62565905096662,82.21441124780317,19.648506151142357,51.423550087873465,42.21441124780317,42.84710017574693,93.88400702987698,61.61687170474517,75.1493848857645,26.889279437609844,26.60808435852373,45.4481546572935,43.09314586994728,56.52021089630932,77.50439367311073,75.39543057996485,96.41476274165203,19.43760984182777,60.73813708260106,48.927943760984185,47.94376098418278,52.09138840070299,58.98066783831283,51.07205623901582,17.012302284710017,45.51845342706503,22.31985940246046,38.242530755711776,47.94376098418278,16.62565905096661,30.826010544815468,59.54305799648507,21.511423550087876,90.82601054481547,26.818980667838314,1.5817223198594026
O=C(O)c1ccc(OCCn2cc(CC(O)CCc3ccccc3)c3ccccc32)cc1,gen_04484,429.5160000000001,4.954700000000004,3,2,4.0,0.3739814860335333,1,71.69,0,0,0,0.06731098,0.36172205,0.79256165,0.22711639,0.62529534,0.46918797,0.6365093,0.09448625,0.29698455,0.6381923,0.23445483,0.42408532,0.11169014,0.78513193,0.9967364,0.011537336,0.01585619,0.08730592,0.28819022,0.21437316,0.39910573,0.47394648,0.58087623,0.83403254,0.5317891,0.04410217,0.21208318,0.74915457,0.27530196,0.4651645,0.72745866,-5.066279,57.062073,42.60549,-4.620989,-13.364392,2.616516,2.396404,106.96132,-5.2990756,-8.226341,72.12653778558875,88.18980667838314,32.653778558875224,61.37082601054482,63.44463971880493,29.912126537785593,55.32513181019333,47.6274165202109,47.59226713532514,25.869947275922673,37.188049209138846,18.383128295254835,22.776801405975398,49.244288224956065,67.80316344463972,89.45518453427066,97.60984182776802,93.56766256590511,45.58875219683656,77.11775043936731,72.30228471001759,70.19332161687171,89.3145869947276,53.95430579964851,71.24780316344464,47.381370826010546,51.03690685413006,32.37258347978911,69.63093145869948,91.493848857645,93.67311072056239,93.77855887521969,99.05096660808437,37.36379613356767,90.86115992970124,85.5536028119508,75.39543057996485,92.5834797891037,95.21968365553603,89.52548330404218,42.39015817223199,73.88400702987698,41.54657293497364,68.57644991212655,63.8664323374341,14.586994727592268,45.48330404217926,61.230228471001766,68.8224956063269,97.46924428822497,10.61511423550088,1.0544815465729351
O=C(O)Cc1ccc(CNC(=O)c2ccc(Cc3cnc4ccccc4c3)cc2)cc1,gen_04494,410.47300000000007,4.382700000000003,3,2,4.0,0.47381244555624996,0,79.29,0,0,0,0.15221055,0.24418695,0.90547866,0.05577925,0.1383113,0.48651248,0.2530915,0.056767266,0.033919107,0.38196525,0.1009743,0.37805924,0.25650787,0.9403284,0.9461465,0.022859076,0.074025616,0.071530886,0.05955224,0.053037353,0.1759623,0.16193226,0.28429148,0.2806027,0.15448423,0.052751504,0.020675786,0.097532466,0.10217182,0.2547659,0.29292944,-5.239246,27.91355,16.767454,-2.151097,-14.827555,2.5911582,1.5532563,99.64624,-4.675439,-8.632493,67.80316344463972,82.2847100175747,32.653778558875224,61.37082601054482,63.44463971880493,43.09314586994728,22.601054481546576,53.602811950790866,47.59226713532514,25.869947275922673,37.188049209138846,38.34797891036907,15.430579964850617,81.01933216168717,48.01405975395431,57.89103690685413,98.06678383128296,78.73462214411248,32.72407732864675,43.09314586994728,44.42882249560633,58.383128295254835,85.69420035149386,75.64147627416521,88.92794376098419,30.579964850615116,69.42003514938489,86.67838312829527,67.59226713532514,66.99472759226714,76.4499121265378,80.17574692442884,92.68892794376099,25.65905096660809,67.7328646748682,55.39543057996485,78.27768014059755,55.71177504393673,64.11247803163445,73.70826010544816,15.992970123022848,49.912126537785596,33.77855887521969,46.467486818980674,40.84358523725835,18.558875219683657,36.16871704745167,59.43760984182777,54.516695957820744,88.33040421792619,19.297012302284713,0.8084358523725835
O=C(O)c1cc(C(O)c2cccnc2Cl)ccn1,gen_04564,264.668,1.9098999999999997,4,2,4.0,0.8276039302330123,1,83.31,0,1,0,0.014193351,0.36699328,0.8640089,0.0014699316,0.0051483447,0.23279774,0.008946724,0.0066794017,0.0029141628,0.048045434,0.00010355562,0.45015407,0.14495021,0.829339,0.84084797,0.0016088961,0.01525986,0.00565925,0.0005737984,0.0036117346,0.03362865,0.0028255105,0.02575497,0.0011904271,0.01768782,0.0009659714,0.0015621617,0.0011487756,0.0036513824,0.16727573,0.007378506,-5.3840213,9.318846,-9.583322,-1.6255996,-14.996028,1.9096642,-1.4104435,61.207092,-1.6526546,1.1420174,30.896309314586997,43.2688927943761,48.55887521968366,61.37082601054482,63.44463971880493,92.54833040421794,55.32513181019333,56.344463971880494,47.59226713532514,66.52021089630932,37.188049209138846,3.655536028119508,23.057996485061512,67.02987697715291,16.168717047451672,8.857644991212654,76.55536028119509,29.912126537785593,10.896309314586995,9.033391915641477,8.471001757469246,5.237258347978911,90.7908611599297,61.30052724077329,75.11423550087873,23.90158172231986,9.420035149384887,31.177504393673114,29.209138840070302,7.135325131810194,12.759226713532515,8.471001757469246,35.32513181019333,11.036906854130054,15.676625659050968,8.189806678383128,15.219683655536029,12.09138840070299,13.989455184534272,16.344463971880494,8.646748681898067,4.534270650263621,27.275922671353253,25.06151142355009,15.079086115992972,19.578207381370827,35.289982425307564,19.402460456942006,12.934973637961336,37.04745166959579,75.50087873462215,47.34622144112478
O=C(Cc1ccc(CCCc2ccccc2)s1)Nc1cccc(C(=O)O)n1,gen_04581,380.4690000000001,4.197800000000003,4,2,4.0,0.6138384116246011,0,79.29,0,0,0,0.06363252,0.2828259,0.8686074,0.34906068,0.53687775,0.55978376,0.66455173,0.053621512,0.1112916,0.44300205,0.06869471,0.61643267,0.12822248,0.9635774,0.9640686,0.013378987,0.02578117,0.15728387,0.15054777,0.10815854,0.237916,0.50503576,0.49482504,0.43735474,0.39836773,0.069403805,0.08796419,0.47130632,0.20867541,0.3941994,0.33716232,-4.9745717,50.124775,32.869045,-9.006669,-11.270613,2.4197607,1.662669,102.70351,-4.568881,-6.3640695,60.84358523725835,79.85940246045695,48.55887521968366,61.37082601054482,63.44463971880493,61.72231985940247,22.601054481546576,53.602811950790866,47.59226713532514,25.869947275922673,37.188049209138846,17.3286467486819,17.996485061511425,68.26010544815466,74.86818980667839,86.57293497363797,99.36731107205625,94.09490333919157,31.564147627416524,62.14411247803164,49.84182776801406,53.35676625659051,97.29349736379615,57.50439367311073,92.72407732864676,32.653778558875224,55.149384885764505,50.333919156414765,77.78558875219684,81.72231985940246,87.34622144112478,86.67838312829527,99.19156414762743,33.919156414762746,75.11423550087873,77.64499121265379,81.30052724077329,81.6871704745167,86.74868189806679,85.48330404217927,32.93497363796134,53.49736379613357,47.48681898066784,63.90158172231987,56.20386643233744,8.576449912126538,60.77328646748683,48.36555360281196,55.99297012302285,93.21616871704747,21.265377855887525,1.827768014059754
Cc1ccccc1-c1ccc(=O)n(C2OC(C(=O)O)C(O)C2O)c1,gen_04601,331.324,0.5275199999999993,5,3,4.0,0.7567909892810112,4,108.99000000000001,0,0,0,0.07204455,0.39045686,0.8456419,0.0207455,0.16696787,0.26400396,0.11855278,0.012020657,0.020117952,0.14858142,0.008214522,0.37374434,0.203608,0.89334583,0.73052204,0.004205061,0.034362167,0.037385724,0.010572955,0.018652976,0.10563059,0.029954508,0.061332066,0.028896412,0.08432218,0.017315518,0.0045180325,0.01585276,0.02375753,0.19207688,0.07847966,-5.9858375,-10.199444,-9.460025,6.9986367,-20.024536,2.4877045,-0.8840992,68.06642,-1.9377487,-1.1161878,49.384885764499124,27.416520210896312,61.880492091388405,78.20738137082601,63.44463971880493,83.16344463971882,81.28295254833041,73.21616871704745,47.59226713532514,25.869947275922673,37.188049209138846,19.894551845342708,24.710017574692444,62.03866432337435,37.36379613356767,61.61687170474517,82.70650263620388,68.11950790861161,13.954305799648507,35.04393673110721,21.72231985940246,33.145869947275926,85.37785588752197,70.33391915641477,82.03866432337435,20.316344463971884,24.04217926186292,62.49560632688929,58.20738137082601,41.05448154657294,52.93497363796134,59.54305799648507,73.49736379613357,14.833040421792619,41.23022847100176,40.03514938488577,61.82776801405976,26.01054481546573,40.03514938488577,45.342706502636204,10.579964850615115,28.998242530755714,14.270650263620388,8.752196836555362,15.184534270650264,34.62214411247803,17.152899824253076,53.21616871704746,19.015817223198596,43.8664323374341,72.30228471001759,24.74516695957821
CCC(CC)(CC(=O)Nc1cccc(-c2ccn(CC3CCCC3)n2)c1)C(=O)O,gen_04604,397.51900000000023,4.959900000000003,3,2,4.0,0.6262413229326279,0,84.22,0,0,0,0.19810785,0.63760704,0.76780355,0.29445428,0.590726,0.39670098,0.6979388,0.20924242,0.3054101,0.7080155,0.70693994,0.2922532,0.3797441,0.78461593,0.9946314,0.05672068,0.05304625,0.29755968,0.2488561,0.09519938,0.1724886,0.21431156,0.79368675,0.6939335,0.48514313,0.10315168,0.17062263,0.36439842,0.2007026,0.35888514,0.7308618,-4.916937,66.813965,57.67469,9.34778,-12.274388,2.474072,2.7524495,98.20513,-4.669694,3.0905392,64.99121265377856,88.2249560632689,32.653778558875224,61.37082601054482,63.44463971880493,63.831282952548335,22.601054481546576,57.57469244288225,47.59226713532514,25.869947275922673,37.188049209138846,46.60808435852373,43.30404217926187,44.25307557117751,72.26713532513182,88.29525483304043,95.1493848857645,94.62214411247804,69.06854130052724,77.4340949033392,81.86291739894553,88.6115992970123,75.99297012302286,85.20210896309315,71.17750439367312,43.93673110720563,85.23725834797892,78.55887521968366,86.78383128295256,89.63093145869948,86.0456942003515,79.5079086115993,94.97363796133568,51.28295254833041,85.13181019332163,82.74165202108964,86.25659050966608,90.72056239015818,82.35500878734622,84.67486818980669,28.471001757469246,74.02460456942003,51.45869947275923,73.42706502636204,73.67311072056239,38.73462214411248,52.72407732864675,52.30228471001758,75.43057996485062,85.20210896309315,19.43760984182777,63.47978910369069
O=C(NC(Cc1c[nH]c2ccccc12)C(=O)O)c1cc2ccccc2cn1,gen_04605,359.3850000000001,3.141800000000001,3,3,4.0,0.510068553506513,1,95.08,0,0,0,0.15220253,0.5675604,0.91065466,0.2017678,0.13331948,0.5259947,0.17912057,0.06825215,0.03977402,0.29212564,0.055071175,0.46023536,0.30927864,0.942232,0.95410717,0.013688734,0.041577242,0.25095838,0.022180248,0.020530764,0.12458551,0.060678184,0.34228453,0.10179975,0.117611766,0.046515923,0.014217548,0.038827572,0.06318946,0.30407065,0.24859628,-5.554122,2.99477,-3.527333,21.722597,-16.973799,2.4917247,-0.050537776,94.516846,-3.832749,-4.7805443,55.81722319859403,63.12829525483305,32.653778558875224,78.20738137082601,63.44463971880493,47.48681898066784,55.32513181019333,64.81546572934974,47.59226713532514,25.869947275922673,37.188049209138846,38.34797891036907,38.066783831282955,82.8822495606327,65.90509666080844,57.11775043936731,98.76977152899825,73.88400702987698,36.836555360281196,45.72934973637962,36.90685413005273,50.896309314587,91.493848857645,80.1054481546573,89.3145869947276,31.177504393673114,56.13356766256591,70.40421792618629,84.74516695957821,51.81019332161688,55.07908611599297,67.76801405975397,82.49560632688929,27.768014059753956,53.11072056239016,48.40070298769772,76.2390158172232,47.90861159929702,51.66959578207382,64.04217926186293,21.827768014059757,46.25659050966608,22.601054481546576,17.223198594024606,20.562390158172235,60.31634446397189,25.729349736379614,53.35676625659051,29.876977152899826,77.75043936731107,35.465729349736385,3.690685413005273
O=C(O)c1ccc(NCc2cccc(NC(=O)c3cnc4ccccc4c3)c2)cc1,gen_04613,397.4340000000001,4.797400000000002,4,3,4.0,0.4347915386186474,0,91.32000000000001,0,0,0,0.14128365,0.23697701,0.8464967,0.2918804,0.2445925,0.31917796,0.3326748,0.03765195,0.094681576,0.29479483,0.083635375,0.40992633,0.3067904,0.9691148,0.9565283,0.013142802,0.07578728,0.4606031,0.08320005,0.08044618,0.28114313,0.07216662,0.34391433,0.36938626,0.29793677,0.11123332,0.023308497,0.44376844,0.13685259,0.2793037,0.4531425,-5.3273554,36.5178,21.28684,44.599434,-17.251436,2.0272167,1.5662794,100.608665,-5.391738,-5.3159347,64.92091388400704,86.85413005272409,48.55887521968366,78.20738137082601,63.44463971880493,37.68014059753955,22.601054481546576,62.35500878734623,47.59226713532514,25.869947275922673,37.188049209138846,36.27416520210897,15.254833040421794,62.284710017574696,72.19683655536029,69.42003514938489,89.3145869947276,82.49560632688929,25.65905096660809,59.507908611599305,37.188049209138846,55.67662565905097,88.11950790861161,79.92970123022847,93.63796133567664,31.423550087873465,54.76274165202109,87.02987697715291,91.9859402460457,72.44288224956064,83.62038664323376,89.45518453427066,84.4639718804921,27.838312829525485,72.30228471001759,70.43936731107206,87.55711775043937,57.9261862917399,85.3427065026362,78.45342706502637,18.699472759226715,60.35149384885765,29.630931458699475,54.34094903339192,45.86994727592268,78.69947275922672,24.463971880492092,24.780316344463973,54.62214411247804,90.22847100175748,9.52548330404218,2.9525483304042184
O=C(O)Cc1ccc(NC(C(=O)O)c2cc3ccccc3o2)c(Cc2ccccc2)c1,gen_04635,415.44500000000016,4.888500000000003,4,3,4.0,0.37893959397190874,1,99.77000000000001,0,0,0,0.08574334,0.16271982,0.8797884,0.032277662,0.18032643,0.37943855,0.2796029,0.014621563,0.0210169,0.2600015,0.032125413,0.47629255,0.11140531,0.9327173,0.85207224,0.007658069,0.032570302,0.028379332,0.02275123,0.040508665,0.13887341,0.17088966,0.10289595,0.10925193,0.11439822,0.022112764,0.016168153,0.045507424,0.046948027,0.29303145,0.1401742,-5.422603,0.13772583,-0.80204964,21.955864,-15.867849,3.0884202,0.26173848,101.65877,-4.4256563,-8.934375,68.96309314586995,87.6274165202109,48.55887521968366,78.20738137082601,63.44463971880493,30.36906854130053,55.32513181019333,67.69771528998243,47.59226713532514,25.869947275922673,37.188049209138846,24.11247803163445,11.24780316344464,71.49384885764499,41.86291739894552,63.09314586994728,94.20035149384887,80.1054481546573,15.008787346221443,35.81722319859403,33.5676625659051,44.9560632688928,92.40773286467487,53.88400702987698,87.5219683655536,24.28822495606327,39.89455184534271,59.964850615114244,54.48154657293498,52.23198594024605,70.68541300527241,71.95079086115993,93.28646748681899,17.504393673110723,53.919156414762746,47.76801405975396,65.79964850615114,50.790861159929705,53.5676625659051,59.26186291739895,20.351493848857647,36.239015817223205,25.83479789103691,15.254833040421794,23.40949033391916,60.702987697715294,30.087873462214414,85.3427065026362,34.09490333919157,91.52899824253076,23.90158172231986,0.7381370826010546
Cn1c(-c2cc(CC(O)C3CCCCC3C(=O)O)ccn2)nc2cc(F)ccc21,gen_04649,397.45,3.568800000000002,4,2,4.0,0.687177154057908,3,88.24000000000001,0,0,0,0.057562828,0.40283784,0.9205885,0.049308274,0.0743658,0.45427075,0.14659785,0.10523365,0.045613524,0.40698212,0.049512256,0.22247703,0.41007033,0.86977214,0.9735422,0.013224289,0.051115625,0.09618564,0.04113705,0.023349073,0.10302017,0.08012162,0.4226202,0.19879806,0.12669356,0.03216284,0.014428252,0.067163505,0.06980807,0.1627183,0.33731976,-5.236655,3.9958603,-1.804937,-0.9045092,-14.572912,2.8428998,0.8389667,87.58606,-3.5147598,-0.16706991,64.92091388400704,70.54481546572936,48.55887521968366,61.37082601054482,63.44463971880493,72.89982425307558,76.60808435852373,59.929701230228474,47.59226713532514,25.869947275922673,37.188049209138846,15.606326889279439,25.869947275922673,86.1511423550088,46.71353251318102,46.924428822495614,97.11775043936731,71.24780316344464,48.787346221441126,47.732864674868196,46.924428822495614,49.384885764499124,64.11247803163445,87.06502636203867,78.84007029876977,34.20035149384886,54.97363796133568,77.5395430579965,70.72056239015818,60.281195079086125,58.17223198594025,58.45342706502637,85.58875219683657,30.931458699472763,62.17926186291741,50.22847100175748,70.896309314587,48.189806678383135,58.875219683655544,66.4323374340949,8.365553602811952,53.49736379613357,33.98945518453427,18.523725834797894,22.31985940246046,20.492091388400706,37.71528998242531,74.55184534270651,43.374340949033396,65.4481546572935,41.792618629173994,33.88400702987698
O=C(O)CC(O)CC(O)CCc1ccc(-c2ccc(Br)cc2)c(-c2ncccn2)c1,gen_04672,471.35100000000006,4.0923000000000025,5,3,4.0,0.4345117563932545,2,103.54,0,0,0,0.05309511,0.41929182,0.8539532,0.2830556,0.41500434,0.48872828,0.44708577,0.104055956,0.38069052,0.43927938,0.20488822,0.47924623,0.51564246,0.8489237,0.89746886,0.019333635,0.048331145,0.19093373,0.15009472,0.061322927,0.14375457,0.16624656,0.35936674,0.3119999,0.24499588,0.046204675,0.038138542,0.15318829,0.12464242,0.2117488,0.5738561,-5.473145,3.7841713,-9.073059,28.949463,-16.96496,2.7233038,0.8578706,92.53651,-3.799832,1.8718827,78.73462214411248,78.24253075571178,61.880492091388405,78.20738137082601,63.44463971880493,37.68014059753955,69.84182776801407,69.9121265377856,47.59226713532514,25.869947275922673,37.188049209138846,14.165202108963094,26.959578207381373,64.49912126537787,71.59929701230229,81.792618629174,98.13708260105449,87.90861159929702,48.506151142355016,80.8084358523726,49.42003514938489,68.26010544815466,92.47803163444641,93.25131810193322,76.48506151142355,26.15114235500879,65.06151142355009,75.64147627416521,80.31634446397189,81.72231985940246,79.57820738137083,72.93497363796135,92.89982425307558,28.400702987697716,69.3145869947276,66.4323374340949,76.09841827768015,66.85413005272409,69.87697715289983,76.55536028119509,12.513181019332162,66.50263620386644,24.534270650263622,18.172231985940247,15.53602811950791,67.76801405975397,25.76449912126538,67.66256590509667,43.62038664323375,73.60281195079087,36.27416520210897,54.20035149384886
O=C(O)Cc1cccc(-c2oc3cccc(OCCCOc4cccc(F)c4)c3c(=O)c2O)c1,gen_04699,464.4450000000002,4.779700000000005,6,2,4.0,0.34347351245192675,0,106.2,0,1,0,0.21336031,0.23347259,0.83617973,0.27814507,0.54095805,0.43958116,0.66143596,0.053135406,0.0526326,0.5407604,0.12672326,0.49002194,0.09487887,0.98247707,0.9895166,0.02258601,0.026747543,0.34912676,0.23164892,0.11862204,0.2938399,0.577892,0.625596,0.84155065,0.6437063,0.1671459,0.17033127,0.7616848,0.40546742,0.4476432,0.46934825,-4.8002744,26.436901,9.833626,15.696783,-13.626643,3.1571019,1.5420568,106.1776,-5.1729827,-7.6482086,77.96133567662567,86.78383128295256,72.46045694200352,61.37082601054482,63.44463971880493,25.483304042179263,22.601054481546576,71.28295254833041,47.59226713532514,66.52021089630932,37.188049209138846,48.787346221441126,15.114235500878737,59.75395430579965,71.38840070298771,86.67838312829527,96.69595782073814,94.0597539543058,31.353251318101936,49.98242530755712,60.105448154657296,61.195079086115996,93.21616871704747,49.244288224956065,96.27416520210897,39.43760984182777,69.17398945518454,51.52899824253076,88.85764499121267,88.47100175746925,88.40070298769773,90.15817223198594,99.40246045694201,39.613356766256594,91.10720562390159,91.63444639718806,92.16168717047452,90.72056239015818,95.53602811950792,94.13005272407733,39.96485061511424,60.98418277680141,59.332161687170476,45.061511423550094,33.35676625659051,50.333919156414765,43.971880492091394,87.27592267135326,54.34094903339192,97.01230228471003,11.880492091388401,1.335676625659051
Cc1ccncc1-c1ccc2[nH]c(-c3occc3CC(=O)O)nc2c1,gen_04711,333.34700000000004,3.820420000000002,4,2,4.0,0.5921265912278533,0,92.01,0,0,0,0.19464102,0.28677997,0.82939184,0.40216717,0.2161876,0.27681166,0.33221987,0.059529632,0.11984529,0.35273015,0.50786865,0.3196168,0.4644064,0.96122587,0.9757061,0.048917398,0.08356706,0.6390165,0.22880065,0.083812006,0.18902314,0.117981836,0.4479169,0.29125512,0.49016085,0.2518588,0.10639749,0.29980913,0.37603378,0.21873704,0.48968935,-5.176088,0.21531372,-6.0316515,16.555368,-15.696684,2.8479054,0.59511614,92.32239,-4.025131,-3.8312125,49.912126537785596,74.23550087873463,48.55887521968366,61.37082601054482,63.44463971880493,58.94551845342707,22.601054481546576,62.741652021089635,47.59226713532514,25.869947275922673,37.188049209138846,45.90509666080844,18.312829525483306,57.89103690685413,77.29349736379613,66.95957820738138,84.07732864674868,82.49560632688929,33.67311072056239,63.47978910369069,41.792618629173994,82.8822495606327,79.43760984182778,90.61511423550088,92.19683655536029,34.6572934973638,83.3743409490334,88.64674868189807,95.74692442882251,88.36555360281196,84.11247803163445,82.07381370826012,89.84182776801407,32.02108963093146,68.43585237258348,83.02284710017575,95.50087873462215,84.92091388400704,79.19156414762742,93.32161687170475,13.145869947275925,62.21441124780317,36.94200351493849,15.254833040421794,18.207381370826013,52.26713532513182,30.966608084358526,74.76274165202109,40.14059753954306,73.28646748681899,32.056239015817226,6.256590509666081
O=C(O)c1ccc(NC(Cc2ccc(OC(=O)c3ccc(Cl)s3)cc2)C(=O)O)cc1,gen_04714,445.8800000000001,4.426700000000003,6,3,4.0,0.3470007287051506,1,112.92999999999999,0,1,0,0.08268173,0.10749521,0.7729237,0.13259403,0.19467194,0.26995283,0.3710981,0.0100998115,0.040296532,0.196412,0.039002027,0.568457,0.12340931,0.94938886,0.5903585,0.0064050304,0.03953432,0.11799763,0.024114002,0.05267164,0.113010526,0.097170785,0.07949637,0.051956344,0.19081518,0.035866864,0.016077498,0.09130244,0.062020533,0.36053142,0.13139008,-5.4954023,5.4718695,4.7888722,42.67992,-17.954906,2.7351482,-0.59139574,103.11896,-4.691909,-5.185164,74.86818980667839,82.95254833040423,72.46045694200352,78.20738137082601,63.44463971880493,26.186291739894553,55.32513181019333,75.46572934973639,47.59226713532514,66.52021089630932,37.188049209138846,23.374340949033392,8.084358523725836,45.27240773286468,59.71880492091389,64.42882249560633,83.30404217926187,84.74516695957821,12.899824253075572,45.86994727592268,26.39718804920914,46.924428822495614,96.02811950790861,56.555360281195085,90.4042179261863,17.012302284710017,34.692442882249566,68.75219683655537,73.32161687170475,52.93497363796134,76.41476274165203,62.882249560632694,87.48681898066785,16.098418277680143,46.22144112478032,60.35149384885765,72.51318101933217,50.650263620386646,63.09314586994728,63.8664323374341,28.787346221441126,35.18453427065027,23.97188049209139,20.175746924428825,28.892794376098422,77.3286467486819,21.757469244288227,68.36555360281196,22.81195079086116,93.77855887521969,18.945518453427066,3.0931458699472762
O=C(O)Cc1ccc(CCC(Nc2ccccc2Cc2ccccc2)C(=O)O)cc1,gen_04720,403.4780000000001,4.402400000000003,3,3,4.0,0.4670014061949617,1,86.63000000000001,0,0,0,0.079096824,0.2164648,0.84755266,0.03765408,0.2110879,0.39384705,0.28644267,0.036949445,0.07712897,0.39648435,0.08412199,0.45873675,0.19773677,0.78928006,0.87972915,0.011727726,0.035691686,0.028352614,0.041502636,0.07230486,0.17770031,0.24986276,0.15556474,0.18073209,0.14971589,0.022199046,0.029537056,0.06395315,0.051225234,0.32537818,0.30005765,-5.5691643,7.308721,3.2046616,10.238964,-15.6673155,2.689982,-0.21388221,98.93474,-4.156352,-6.6364136,66.0456942003515,82.49560632688929,32.653778558875224,78.20738137082601,63.44463971880493,42.21441124780317,55.32513181019333,59.03339191564148,47.59226713532514,25.869947275922673,37.188049209138846,22.42530755711775,14.411247803163446,62.84710017574693,43.65553602811951,66.46748681898067,95.11423550087875,80.31634446397189,25.342706502636204,55.88752196836556,45.834797891036914,55.71177504393673,91.42355008787347,69.59578207381371,71.52899824253076,25.51845342706503,51.59929701230229,64.49912126537787,54.48154657293498,60.31634446397189,81.8980667838313,80.35149384885766,96.02811950790861,19.964850615114237,60.49209138840071,54.516695957820744,65.83479789103691,61.72231985940247,58.31282952548331,60.878734622144115,24.463971880492092,50.36906854130053,22.31985940246046,22.39015817223199,27.346221441124783,40.45694200351494,31.036906854130056,65.27240773286468,27.135325131810195,86.78383128295256,29.068541300527244,1.6871704745166962
O=C(O)c1ccc(-n2nc(C(F)(F)F)cc2-c2ccccc2)cc1O,gen_04738,348.28000000000003,3.961900000000002,3,2,4.0,0.7511671481208941,0,75.35,0,0,0,0.10005699,0.2905181,0.88338053,0.5112165,0.5594942,0.49734193,0.6074177,0.050547015,0.07291965,0.37626213,0.07562375,0.47233456,0.09271119,0.9626686,0.99062693,0.01021039,0.037236813,0.3520159,0.14748698,0.14976685,0.35817796,0.2665202,0.59299374,0.47497272,0.41851434,0.08790103,0.059486795,0.71179974,0.18215933,0.37517396,0.32320777,-5.1186266,17.384762,12.4816265,4.84533,-11.917501,2.77167,0.9828227,95.86449,-3.9491947,-4.2383695,52.970123022847105,76.69595782073814,32.653778558875224,61.37082601054482,63.44463971880493,82.35500878734622,22.601054481546576,51.03690685413006,47.59226713532514,25.869947275922673,37.188049209138846,27.416520210896312,18.629173989455186,72.86467486818981,81.26537785588754,87.41652021089632,98.27768014059755,93.04042179261863,30.439367311072058,55.04393673110721,43.831282952548335,54.30579964850616,92.19683655536029,48.7170474516696,92.47803163444641,40.0,47.94376098418278,66.4323374340949,88.96309314586996,81.54657293497364,91.21265377855889,93.00527240773287,96.41476274165203,37.85588752196837,76.73110720562391,78.66432337434095,84.18277680140598,75.7469244288225,93.91915641476275,82.81195079086116,30.755711775043938,52.16168717047452,39.64850615114236,33.95430579964851,36.555360281195085,30.755711775043938,55.64147627416521,70.15817223198594,45.342706502636204,80.45694200351494,33.391915641476274,4.991212653778559
O=C(O)C1CCCCC1C(=O)NCc1c(F)c(F)c(F)c(F)c1C(F)(F)F,gen_04747,401.278,3.769000000000003,2,2,4.0,0.45872632419635523,2,66.39999999999999,0,2,0,0.040746942,0.55504733,0.87757874,0.027807686,0.07830322,0.32333347,0.043880645,0.069298655,0.02119427,0.41091076,0.017516002,0.23754327,0.09433572,0.6476062,0.9496204,0.015969563,0.034943912,0.0079004485,0.023944806,0.029047936,0.08655187,0.08958554,0.58631366,0.064500175,0.13713375,0.008907641,0.01616012,0.040887147,0.05884248,0.36498088,0.11293074,-4.5783153,10.01639,2.8977852,7.5372963,-8.861013,2.800753,1.1841655,83.405914,-3.4682312,-2.2451522,65.62390158172232,73.56766256590511,17.10017574692443,61.37082601054482,63.44463971880493,41.37082601054482,69.84182776801407,43.62038664323375,47.59226713532514,87.9261862917399,37.188049209138846,10.966608084358525,37.04745166959579,70.65026362038665,40.49209138840071,47.66256590509666,89.9121265377856,53.77855887521969,37.188049209138846,35.922671353251324,47.381370826010546,39.26186291739895,66.39718804920915,49.13884007029878,62.84710017574693,30.861159929701234,60.38664323374341,63.26889279437611,35.04393673110721,52.829525483304046,62.636203866432346,48.99824253075572,86.6432337434095,37.68014059753955,48.36555360281196,52.02108963093146,48.43585237258348,50.790861159929705,52.12653778558876,62.95254833040423,29.525483304042183,32.93497363796134,75.81722319859404,25.940246045694202,26.99472759226714,35.50087873462215,77.46924428822496,71.9859402460457,47.978910369068544,59.68365553602813,42.81195079086116,15.114235500878737
CC(=O)Nc1cc(-c2ccc(Cl)cc2Br)sc1C(=O)O,gen_04748,374.6430000000001,4.487600000000001,3,2,4.0,0.831713778501126,0,66.4,0,0,0,0.13121352,0.37397596,0.8862302,0.5596051,0.30161366,0.42321134,0.43159786,0.05468551,0.02997749,0.39465943,0.048804544,0.4555305,0.056335747,0.97850275,0.98422956,0.014555949,0.029089648,0.34681588,0.05055063,0.04607464,0.11644828,0.26969957,0.7310926,0.21191838,0.41773862,0.071896195,0.048172064,0.47010413,0.20159945,0.5251566,0.14354774,-4.6019287,26.723715,6.9527717,54.64142,-10.646743,2.5988283,1.2532829,96.7679,-4.3340364,0.99518377,59.613356766256594,83.72583479789104,32.653778558875224,61.37082601054482,63.44463971880493,93.04042179261863,22.601054481546576,43.79613356766257,47.59226713532514,25.869947275922673,37.188049209138846,34.16520210896309,23.690685413005273,73.74340949033393,82.56590509666081,74.37609841827769,95.92267135325133,87.20562390158173,31.77504393673111,41.0896309314587,45.62390158172232,49.279437609841835,91.24780316344464,34.797891036906854,95.43057996485062,37.01230228471002,58.101933216168725,55.149384885764505,88.78734622144113,63.72583479789104,73.53251318101934,64.56942003514939,96.48506151142355,46.25659050966608,63.198594024604574,78.66432337434095,81.54657293497364,71.63444639718806,86.6432337434095,84.85061511423551,50.50966608084359,36.555360281195085,73.84885764499121,45.27240773286468,30.896309314586997,83.44463971880492,65.65905096660809,60.00000000000001,49.2091388400703,82.56590509666081,25.58875219683656,45.553602811950796
O=C(COC(=O)C1CCC(CNc2ccccc2Br)(C(=O)O)CC1)c1ccccc1,gen_04750,474.35100000000017,4.548300000000003,5,2,4.0,0.431030983784165,0,92.7,0,0,0,0.11809595,0.7026145,0.86130536,0.23258877,0.5678948,0.5374023,0.5859404,0.16290274,0.13345535,0.6564999,0.38025004,0.38125557,0.20075771,0.84692323,0.9917596,0.030113945,0.046654824,0.120750144,0.11815605,0.06365836,0.18280676,0.3410232,0.7935669,0.6463529,0.34966585,0.052216947,0.056711324,0.32806516,0.13386299,0.38530928,0.56563467,-4.8066735,76.019424,59.106678,-9.7925205,-12.744768,2.5093749,2.2781796,102.86111,-4.50644,-0.75796014,79.40246045694201,84.21792618629175,61.880492091388405,61.37082601054482,63.44463971880493,37.188049209138846,22.601054481546576,63.26889279437611,47.59226713532514,25.869947275922673,37.188049209138846,31.739894551845346,48.40070298769772,66.08084358523726,68.29525483304043,87.6274165202109,99.0158172231986,92.47803163444641,62.84710017574693,65.4481546572935,74.79789103690686,77.99648506151144,85.86994727592268,70.05272407732865,76.30931458699473,40.98418277680141,75.43057996485062,74.62214411247804,73.74340949033393,77.89103690685414,80.14059753954307,81.23022847100177,97.96133567662567,51.28295254833041,83.16344463971882,74.34094903339192,78.13708260105449,74.90333919156416,80.42179261862918,78.10193321616872,31.950790861159934,66.15114235500879,58.66432337434095,77.99648506151144,74.34094903339192,7.978910369068542,49.3145869947276,54.27065026362039,67.1353251318102,93.39191564147629,22.56590509666081,27.838312829525485
O=C(O)c1cc(-c2cccs2)nn1CCc1c[nH]c2ccc(F)cc12,gen_04758,355.394,4.172900000000002,3,2,4.0,0.5642719719394282,0,70.91,0,0,0,0.17300694,0.44804254,0.8846551,0.5869372,0.5664698,0.52640426,0.6137348,0.08307176,0.18233675,0.45890722,0.16895398,0.57556444,0.23198421,0.9532501,0.9594822,0.02017957,0.03152327,0.43874484,0.13446069,0.06544363,0.1697672,0.32636774,0.58296484,0.36567193,0.42757338,0.09654926,0.070710674,0.40224257,0.19912484,0.42038456,0.41381392,-4.984851,34.880524,16.780453,11.606482,-12.842333,2.4295154,1.1932818,98.72827,-4.273004,-2.2167094,54.72759226713533,79.36731107205624,32.653778558875224,61.37082601054482,63.44463971880493,55.57117750439368,22.601054481546576,47.205623901581724,47.59226713532514,25.869947275922673,37.188049209138846,41.75746924428823,29.033391915641477,73.25131810193322,83.3743409490334,87.55711775043937,98.76977152899825,93.21616871704747,42.601054481546576,70.40421792618629,51.28295254833041,65.30755711775045,96.27416520210897,73.25131810193322,90.75571177504395,32.02108963093146,66.25659050966608,58.59402460456943,91.42355008787347,80.03514938488577,80.42179261862918,79.26186291739896,97.57469244288225,37.57469244288225,72.091388400703,79.33216168717048,85.27240773286468,78.55887521968366,83.90158172231986,84.67486818980669,36.76625659050967,58.277680140597546,46.643233743409496,52.89982425307558,40.84358523725835,42.91739894551846,48.89279437609842,48.963093145869955,48.1195079086116,86.39718804920915,26.85413005272408,15.465729349736382
COc1cccc(Nc2ccc(C(=O)O)cc2OC(=O)c2cc(Cl)ccc2O)c1,gen_04771,413.8130000000001,4.715200000000003,6,3,4.0,0.39648172012505273,0,105.09000000000002,0,1,0,0.12466929,0.0992807,0.7977001,0.4616385,0.4474039,0.24699202,0.5826952,0.02082592,0.076697536,0.34037292,0.17181607,0.37027192,0.08944065,0.9744791,0.98747885,0.00887934,0.048229076,0.562196,0.145523,0.15454896,0.32903135,0.13508554,0.49801588,0.46690583,0.5657955,0.13265213,0.074453495,0.82619417,0.2754792,0.46981844,0.33903527,-4.9187574,76.858864,59.462646,29.835566,-13.861829,2.2742226,2.4565024,108.50425,-5.8603697,-4.52943,68.57644991212655,86.08084358523726,72.46045694200352,78.20738137082601,63.44463971880493,32.58347978910369,22.601054481546576,70.96660808435853,47.59226713532514,66.52021089630932,37.188049209138846,33.00527240773287,7.6625659050966615,50.12302284710018,79.7188049209139,83.12829525483305,79.08611599297014,92.40773286467487,18.066783831282955,55.88752196836556,41.15992970123023,65.5536028119508,85.09666080843586,48.01405975395431,94.51669595782074,38.4182776801406,43.72583479789104,75.53602811950792,94.41124780316345,81.26537785588754,91.493848857645,92.16168717047452,91.17750439367312,34.13005272407733,76.59050966608085,87.76801405975397,89.59578207381372,79.22671353251319,97.15289982425308,89.56063268892795,43.02284710017575,53.743409490333924,51.35325131810194,78.45342706502637,74.62214411247804,68.6115992970123,42.425307557117755,39.36731107205624,70.01757469244289,98.48857644991213,5.166959578207382,4.147627416520211
O=C(O)c1cccc(C(O)c2cc(Cc3ccc(F)cc3)nc(C(F)(F)F)c2)n1,gen_04788,406.33500000000004,4.005200000000002,4,2,4.0,0.6260289302615093,1,83.31,0,0,0,0.009806659,0.2461466,0.9511548,0.04366111,0.12521768,0.563009,0.27073723,0.030935016,0.018839244,0.2890261,0.008667847,0.49273315,0.08737951,0.964564,0.96876395,0.00233986,0.022428673,0.02191614,0.018800553,0.019393256,0.09236516,0.082307495,0.3394634,0.11637676,0.090678684,0.0049468647,0.0039610243,0.07992075,0.018714823,0.16317573,0.1079149,-5.1947145,20.056469,10.463142,4.9876237,-11.831766,2.5248058,0.888851,94.386795,-3.6985593,-3.2262542,66.88927943760984,77.18804920913885,48.55887521968366,61.37082601054482,63.44463971880493,63.76098418277681,55.32513181019333,56.344463971880494,47.59226713532514,25.869947275922673,37.188049209138846,2.706502636203867,15.430579964850617,96.06326889279438,45.237258347978916,56.02811950790861,99.40246045694201,79.78910369068542,23.233743409490337,34.09490333919157,36.69595782073814,33.53251318101933,93.39191564147629,47.31107205623902,92.82952548330405,33.5676625659051,13.884007029876978,44.9560632688928,50.57996485061512,49.279437609841835,53.743409490333924,52.44288224956064,85.79964850615114,27.662565905096663,54.55184534270651,41.37082601054482,38.242530755711776,23.936731107205627,61.30052724077329,40.31634446397189,8.365553602811952,32.26713532513181,36.13356766256591,37.46924428822496,34.059753954305805,31.036906854130056,56.27416520210897,55.39543057996485,44.04217926186292,77.3286467486819,38.383128295254835,8.646748681898067
O=C(O)CC(O)(c1ccccc1)c1ccc2c(c1)-c1ccccc1C2(O)C(F)(F)F,gen_04810,414.3790000000001,4.175800000000002,3,3,4.0,0.598803675228312,2,77.76,0,0,0,0.10916047,0.28318346,0.896382,0.11892219,0.22714344,0.49918357,0.3304223,0.06262834,0.03881121,0.43136325,0.060251225,0.45207843,0.12864138,0.8935887,0.96067065,0.012525712,0.033467684,0.06683214,0.07595442,0.06519417,0.17411627,0.28072652,0.38683504,0.2483652,0.17893407,0.030703694,0.033520322,0.22097802,0.086303845,0.34518313,0.23916903,-5.317813,15.784433,9.990517,3.8405807,-13.751123,2.6439843,0.89950734,94.2694,-3.733296,-5.5159435,68.6115992970123,79.40246045694201,32.653778558875224,78.20738137082601,63.44463971880493,59.85940246045695,69.84182776801407,52.53075571177505,47.59226713532514,25.869947275922673,37.188049209138846,29.525483304042183,18.066783831282955,77.57469244288225,58.523725834797894,67.80316344463972,98.31282952548331,82.31985940246047,34.481546572934974,45.30755711775044,48.787346221441126,52.09138840070299,90.96660808435853,57.57469244288225,82.07381370826012,32.30228471001758,53.46221441124781,61.37082601054482,66.81898066783832,70.82601054481547,80.42179261862918,79.89455184534272,96.76625659050967,29.525483304042183,65.48330404217927,58.734622144112485,70.12302284710019,63.79613356766257,75.04393673110721,70.47451669595783,26.39718804920914,45.51845342706503,30.017574692442885,32.12653778558875,33.5676625659051,28.927943760984185,43.16344463971881,62.7768014059754,44.288224956063274,77.11775043936731,37.644991212653785,2.6362038664323375
O=C(O)c1ccc(CNc2ccc3ncc(-c4ccc(-c5cn[nH]c5)cc4)n3n2)cc1,gen_04833,410.43700000000007,4.096700000000002,5,3,4.0,0.3889844386179593,0,108.2,0,0,0,0.15623766,0.1184361,0.7133814,0.369457,0.23889096,0.096804455,0.28056884,0.011529983,0.2119867,0.20685327,0.40692306,0.34427366,0.51215744,0.981744,0.9271485,0.02975306,0.064743206,0.7674024,0.29572228,0.09968772,0.2863829,0.031730436,0.18975139,0.16949622,0.5416948,0.30506712,0.06531705,0.55529857,0.44730073,0.15476072,0.54948604,-5.6220965,26.324148,23.146875,44.342445,-20.435778,2.233998,1.6108048,101.18121,-5.5080976,-6.4354424,67.7328646748682,78.31282952548331,61.880492091388405,78.20738137082601,63.44463971880493,31.845342706502638,22.601054481546576,72.79437609841828,47.59226713532514,25.869947275922673,37.188049209138846,39.015817223198596,8.927943760984183,35.04393673110721,75.64147627416521,68.85764499121267,36.30931458699473,80.14059753954307,13.81370826010545,71.95079086115993,27.381370826010546,79.12126537785589,82.35500878734622,93.11072056239017,96.09841827768015,28.365553602811953,75.18453427065027,84.00702987697716,97.96133567662567,91.77504393673111,86.6432337434095,89.701230228471,74.1652021089631,21.757469244288227,59.789103690685415,86.0456942003515,96.73110720562391,77.36379613356767,89.8066783831283,95.04393673110721,7.803163444639719,65.48330404217927,21.15992970123023,44.920913884007035,47.66256590509666,78.5237258347979,16.028119507908613,36.977152899824254,55.36028119507909,90.86115992970124,8.435852372583481,1.7574692442882252
CCc1cc(Cc2ccc(CCc3ccc(-c4ccccn4)nc3)s2)c(=O)[nH]c1CC(=O)O,gen_04839,459.57100000000014,4.458900000000003,5,2,4.0,0.38528340259891675,0,95.94000000000001,0,0,0,0.062521465,0.16325347,0.8678505,0.057011865,0.32986885,0.51566523,0.59321415,0.058985125,0.062817,0.5477832,0.48492137,0.36166346,0.1867537,0.9523247,0.95491123,0.032563917,0.060614467,0.07811229,0.19454557,0.0621262,0.11497726,0.43348163,0.44354662,0.590322,0.38765806,0.072961904,0.10051553,0.25516492,0.25063148,0.21193838,0.39704347,-5.209971,34.900715,19.596188,-15.62915,-14.176872,2.4742038,1.17176,100.34895,-4.1935396,-5.756271,77.4340949033392,83.2688927943761,61.880492091388405,61.37082601054482,63.44463971880493,31.212653778558877,22.601054481546576,65.65905096660809,47.59226713532514,25.869947275922673,37.188049209138846,16.871704745166962,11.24780316344464,67.90861159929702,48.36555360281196,76.09841827768015,98.6291739894552,92.5834797891037,33.5676625659051,52.79437609841828,60.98418277680141,82.07381370826012,84.07732864674868,68.04920913884007,90.72056239015818,31.247803163444644,76.41476274165203,82.35500878734622,68.64674868189807,85.94024604569421,79.78910369068542,63.79613356766257,98.76977152899825,31.70474516695958,80.7029876977153,77.15289982425308,81.72231985940246,83.9718804920914,76.90685413005274,87.97891036906854,12.548330404217927,57.39894551845343,35.21968365553603,52.93497363796134,44.53427065026362,3.4797891036906856,40.21089630931459,52.30228471001758,47.978910369068544,89.59578207381372,28.154657293497365,2.4956063268892796
Cc1ccc2c(c1)C(O)(c1ccccc1)c1cc(C(=O)O)ccc1CO2,gen_04849,346.3820000000001,3.8698200000000025,3,2,4.0,0.7391455654995132,1,66.76,0,0,0,0.16540489,0.25106332,0.8737787,0.14556757,0.25529113,0.39232317,0.2881356,0.052787326,0.038509052,0.40555248,0.036945775,0.3375691,0.11905302,0.90567493,0.9814769,0.009172337,0.035413966,0.10979209,0.08051213,0.13181928,0.32460278,0.1711077,0.427641,0.31483492,0.23817977,0.057883214,0.033531547,0.47968882,0.11118364,0.35293597,0.29639795,-5.072034,44.097504,28.54401,-5.3060274,-12.67948,2.3460908,1.1915591,100.51712,-4.3705864,-5.8176436,52.829525483304046,74.93848857644991,32.653778558875224,61.37082601054482,63.44463971880493,80.77328646748683,55.32513181019333,44.56942003514939,47.59226713532514,25.869947275922673,37.188049209138846,40.38664323374341,15.782073813708262,69.63093145869948,60.84358523725835,70.40421792618629,95.04393673110721,80.35149384885766,31.142355008787348,45.13181019332162,46.71353251318102,46.50263620386644,81.93321616871705,55.57117750439368,83.47978910369069,36.44991212653779,44.8506151142355,64.04217926186293,72.37258347978911,71.91564147627417,89.45518453427066,91.8804920913884,93.28646748681899,31.07205623901582,69.52548330404218,65.90509666080844,79.15641476274166,63.8664323374341,87.1353251318102,74.83304042179263,27.732864674868193,50.19332161687171,41.26537785588753,59.89455184534271,53.04042179261863,13.532513181019333,49.94727592267136,43.65553602811951,48.1195079086116,90.01757469244289,24.92091388400703,2.460456942003515
O=C(O)C(O)(Cc1ccccc1)CC(CCn1cc(-c2ccccc2)nn1)c1ccccc1,gen_04858,441.5310000000001,4.567500000000004,4,2,4.0,0.37644139363908463,2,88.24,0,0,0,0.06940107,0.67768675,0.84380114,0.063005984,0.8602921,0.5460533,0.8753823,0.08719124,0.20055833,0.7458584,0.62135655,0.38743407,0.14075315,0.9073973,0.9990562,0.0050805314,0.015815143,0.060260426,0.14986286,0.04146254,0.16026866,0.37122655,0.804331,0.92003,0.41747576,0.020310566,0.043543853,0.4384429,0.055164605,0.30234772,0.7591101,-5.4993453,30.115128,30.409687,-13.143171,-15.042227,2.9475307,2.1556811,101.15497,-4.1779833,-6.5125136,74.23550087873463,84.49912126537787,48.55887521968366,61.37082601054482,63.44463971880493,30.193321616871707,69.84182776801407,59.929701230228474,47.59226713532514,25.869947275922673,37.188049209138846,19.086115992970125,46.432337434094904,61.40597539543059,49.52548330404218,96.41476274165203,99.22671353251319,97.71528998242532,43.8664323374341,71.31810193321617,86.74868189806679,86.25659050966608,86.6432337434095,60.38664323374341,83.62038664323376,56.8365553602812,28.365553602811953,32.30228471001758,65.3427065026362,81.72231985940246,71.28295254833041,77.3286467486819,98.24253075571178,52.337434094903344,94.62214411247804,78.6291739894552,64.67486818980669,69.49033391915643,85.16695957820738,61.93321616871705,21.652021089630935,75.95782073813709,23.866432337434098,48.646748681898075,54.62214411247804,5.166959578207382,35.149384885764505,79.7188049209139,65.06151142355009,90.7908611599297,28.57644991212654,1.7574692442882252
O=C(O)c1ccc(CNc2ncc3ccc(C(O)c4ccccc4)n3n2)cc1,gen_04901,374.40000000000003,3.1213000000000015,5,3,4.0,0.47948964779594655,1,99.75,0,0,0,0.050626397,0.2305053,0.7786414,0.08626111,0.21213765,0.21625967,0.22934918,0.021802966,0.16352132,0.17397392,0.02165001,0.4254962,0.37926587,0.86965024,0.84047574,0.008378123,0.044763483,0.13710448,0.04787703,0.059605163,0.22213435,0.028369177,0.11922903,0.06900526,0.13644874,0.034123912,0.013577146,0.13378283,0.0571671,0.16043048,0.2714464,-5.596873,37.72048,30.492123,-4.505571,-17.5283,2.0749888,0.8932608,97.10761,-4.604929,-6.02073,59.507908611599305,62.882249560632694,61.880492091388405,78.20738137082601,63.44463971880493,43.374340949033396,55.32513181019333,67.66256590509667,47.59226713532514,25.869947275922673,37.188049209138846,13.462214411247805,15.008787346221443,46.39718804920914,53.35676625659051,66.5377855887522,73.49736379613357,77.57469244288225,18.523725834797894,68.7170474516696,23.97188049209139,41.0896309314587,89.34973637961336,85.16695957820738,78.84007029876977,23.866432337434098,42.1792618629174,73.32161687170475,76.06326889279438,62.67135325131811,79.0158172231986,85.51845342706504,72.79437609841828,18.242530755711776,49.068541300527244,51.880492091388405,71.59929701230229,46.924428822495614,68.04920913884007,62.319859402460466,8.154657293497365,48.33040421792619,21.757469244288227,55.149384885764505,54.833040421792624,14.762741652021091,23.65553602811951,27.10017574692443,44.11247803163445,83.2688927943761,20.70298769771529,2.179261862917399
NC(=O)c1cc(-c2cccc(F)c2)cc2cc(CNCCc3ccc(C(=O)O)cc3)sc12,gen_04946,448.5190000000002,4.836800000000003,4,3,4.0,0.3365328092263765,0,92.42,0,1,0,0.4830738,0.4528938,0.7611138,0.5578338,0.29097632,0.2646311,0.29665306,0.102664754,0.35968393,0.42567658,0.13890402,0.560923,0.47003803,0.86945134,0.8594901,0.085190326,0.06973964,0.4150765,0.18502983,0.093861096,0.21274507,0.17890158,0.41056928,0.38852054,0.39058375,0.16582473,0.08302164,0.30139074,0.27010408,0.46749187,0.6449767,-5.144515,20.282652,13.215899,32.10093,-15.714894,2.738202,1.1783043,101.61663,-5.3391886,-8.23688,75.28998242530757,87.1353251318102,48.55887521968366,78.20738137082601,63.44463971880493,24.88576449912127,22.601054481546576,62.970123022847105,47.59226713532514,66.52021089630932,37.188049209138846,77.5395430579965,29.525483304042183,42.81195079086116,82.56590509666081,73.63796133567664,82.81195079086116,80.84358523725835,48.2249560632689,80.24604569420036,48.36555360281196,62.741652021089635,95.78207381370827,90.86115992970124,78.80492091388402,24.42882249560633,89.24428822495607,85.58875219683657,90.96660808435853,85.02636203866433,85.86994727592268,84.88576449912128,93.70826010544816,30.36906854130053,73.1810193321617,77.3286467486819,92.02108963093147,80.87873462214412,79.19156414762742,89.17398945518454,42.6713532513181,69.66608084358525,38.55887521968366,37.82073813708261,37.46924428822496,69.94727592267137,30.826010544815468,68.43585237258348,47.978910369068544,91.493848857645,10.123022847100177,0.9490333919156415
CNC(CCC=Cc1ccc(-c2cccc(Cl)c2)s1)C(=O)O,gen_04975,335.85600000000005,4.534500000000003,3,2,4.0,0.7808964815502958,1,49.33,0,0,0,0.501904,0.7492417,0.85069287,0.8829521,0.6435298,0.4697308,0.5486177,0.29943088,0.38271135,0.6504426,0.37578505,0.4933316,0.3281238,0.8042792,0.9716628,0.089069895,0.037322216,0.5530793,0.20505317,0.07738191,0.16837767,0.34167928,0.83410245,0.3637866,0.45436087,0.19643989,0.15012288,0.3212507,0.29624927,0.6116713,0.6296076,-5.075911,22.817608,0.38274726,21.690058,-13.318959,2.8082314,1.7821276,98.62238,-4.1918573,1.4731423,50.474516695957824,84.14762741652022,32.653778558875224,61.37082601054482,63.44463971880493,86.32688927943762,55.32513181019333,30.087873462214414,47.59226713532514,25.869947275922673,37.188049209138846,79.22671353251319,52.970123022847105,63.72583479789104,94.20035149384887,90.12302284710019,97.60984182776802,91.31810193321617,76.8365553602812,80.87873462214412,73.95430579964851,77.78558875219684,93.49736379613357,81.54657293497364,72.72407732864676,33.95430579964851,89.49033391915643,66.50263620386644,94.37609841827769,86.81898066783832,82.95254833040423,79.0158172231986,97.96133567662567,55.32513181019333,72.091388400703,81.0896309314587,93.67311072056239,89.20913884007031,79.96485061511424,90.22847100175748,62.49560632688929,68.78734622144113,41.0896309314587,41.0896309314587,24.710017574692444,60.246045694200355,45.659050966608085,72.33743409490334,58.17223198594025,86.22144112478033,28.224956063268895,51.28295254833041
Cc1ccsc1CNc1nccc(CC(=O)O)n1,gen_04977,263.322,2.0857199999999994,5,2,4.0,0.8635325319261639,0,75.11,0,0,0,0.08955093,0.6050629,0.87417305,0.1016827,0.094769344,0.30469286,0.077057555,0.07801509,0.096697554,0.28699303,0.016638711,0.40311766,0.36711058,0.68016964,0.93962795,0.01359154,0.024868917,0.08929185,0.014117256,0.022858161,0.082135394,0.022859951,0.33236367,0.016004223,0.09930177,0.02164744,0.019724134,0.016786557,0.05217712,0.30652583,0.17141438,-5.0880632,30.41904,7.7163696,-23.723877,-12.9544525,2.0481155,-0.15646124,84.35219,-2.7450037,-1.2735008,30.474516695957824,46.08084358523726,61.880492091388405,61.37082601054482,63.44463971880493,96.76625659050967,22.601054481546576,50.650263620386646,47.59226713532514,25.869947275922673,37.188049209138846,25.096660808435853,40.597539543058,69.8066783831283,55.85237258347979,50.82601054481547,88.01405975395431,61.86291739894553,40.73813708260106,59.85940246045695,36.62565905096661,38.73462214411248,87.80316344463972,84.49912126537787,64.63971880492092,29.701230228471005,55.67662565905097,49.068541300527244,69.9121265377856,45.30755711775044,57.85588752196837,46.71353251318102,70.08787346221442,27.416520210896312,36.836555360281196,44.00702987697716,65.51845342706503,54.72759226713533,40.702987697715294,61.12478031634447,22.144112478031637,39.40246045694201,40.77328646748682,49.068541300527244,31.564147627416524,1.335676625659051,48.295254833040424,25.799648506151144,27.978910369068544,60.562390158172235,56.871704745166966,23.79613356766257
O=C(O)c1cc(-c2cccnc2)cc2cc(-c3ccc(C(F)(F)F)cc3)[nH]c(=O)c12,gen_04979,410.35100000000006,4.974100000000003,3,2,4.0,0.49938467948653603,0,83.04999999999998,0,0,0,0.17109069,0.20503047,0.88095915,0.32497036,0.23832874,0.36664894,0.40475273,0.043821286,0.04569991,0.36227468,0.17110832,0.3895062,0.2986889,0.9910682,0.9871176,0.029654875,0.07241346,0.55805504,0.23991248,0.10375796,0.29643404,0.19951202,0.56287915,0.73600835,0.5451946,0.25251055,0.06516926,0.69733965,0.37499756,0.22419545,0.51802546,-5.17365,10.1256275,1.9411491,75.071335,-14.320902,2.4739144,1.0125234,100.78063,-5.0851717,-5.96437,67.66256590509667,88.33040421792619,32.653778558875224,61.37082601054482,63.44463971880493,46.326889279437616,22.601054481546576,56.06326889279438,47.59226713532514,25.869947275922673,37.188049209138846,41.40597539543058,13.708260105448156,71.84534270650265,74.09490333919157,68.8224956063269,93.46221441124781,85.94024604569421,28.154657293497365,47.732864674868196,42.601054481546576,65.48330404217927,86.88927943760984,78.94551845342707,98.38312829525483,38.242530755711776,75.04393673110721,86.22144112478033,94.41124780316345,89.06854130052724,86.95957820738138,90.4042179261863,94.55184534270651,36.62565905096661,86.81898066783832,86.29173989455185,95.50087873462215,77.3286467486819,93.74340949033393,93.25131810193322,13.602811950790862,63.79613356766257,37.01230228471002,26.186291739894553,26.22144112478032,90.86115992970124,39.12126537785589,52.30228471001758,45.58875219683656,90.43936731107206,13.04042179261863,2.179261862917399
O=C(O)c1c[nH]c(-c2ccnc(-c3ccc(C4CCCCC4)cc3)n2)c1,gen_05001,347.4180000000001,4.884600000000003,3,2,4.0,0.7044692445173059,0,78.86999999999999,0,0,0,0.15014556,0.3497526,0.84934425,0.326065,0.29108867,0.35938916,0.28839087,0.086244985,0.13106437,0.4108774,0.064025044,0.36094213,0.40023446,0.9326304,0.9801556,0.032610483,0.06267109,0.4116496,0.27803788,0.16233902,0.38963658,0.23417702,0.5222143,0.5996069,0.49197325,0.22407648,0.09125598,0.65337944,0.30732396,0.26617604,0.5583909,-5.0441008,23.543499,16.860514,25.448236,-12.638414,2.6398416,1.7520329,103.85506,-5.5017204,-6.421809,52.93497363796134,87.55711775043937,32.653778558875224,61.37082601054482,63.44463971880493,75.92267135325133,22.601054481546576,53.286467486818985,47.59226713532514,25.869947275922673,37.188049209138846,37.926186291739896,22.1792618629174,63.26889279437611,74.13005272407733,73.63796133567664,92.89982425307558,80.35149384885766,43.690685413005276,65.16695957820738,47.34622144112478,52.68892794376099,83.90158172231986,86.4323374340949,87.5219683655536,35.99297012302285,76.41476274165203,83.16344463971882,90.86115992970124,91.03690685413007,91.81019332161688,93.70826010544816,95.53602811950792,35.04393673110721,81.12478031634447,83.12829525483305,94.72759226713534,82.2847100175747,92.61862917398946,90.7908611599297,16.977152899824254,65.90509666080844,42.7768014059754,42.1792618629174,40.91388400702988,64.67486818980669,50.26362038664324,62.46045694200352,57.57469244288225,94.90333919156416,8.506151142355009,1.7574692442882252
O=C(O)C1CCC(CCC(O)Cc2ccc(F)c(F)c2)CC1,gen_05016,312.3560000000001,3.5394000000000023,2,2,4.0,0.8444825701188633,1,57.53,0,0,0,0.010695427,0.7339459,0.8916383,0.03926337,0.04983171,0.36698502,0.046973795,0.19919994,0.09428704,0.4465846,0.0068443343,0.19270353,0.10454202,0.30580813,0.99368894,0.002645786,0.0148609,0.004072824,0.01056363,0.021569997,0.08771366,0.07300046,0.74509746,0.11945538,0.06547848,0.0012708498,0.010593437,0.060569536,0.008131744,0.45802101,0.23018606,-4.60272,33.909645,1.3000119,-10.175168,-9.6137085,2.2654958,1.0685012,80.08342,-3.310157,-2.5893204,44.39367311072056,69.9121265377856,17.10017574692443,61.37082601054482,63.44463971880493,94.48154657293499,55.32513181019333,36.063268892794376,47.59226713532514,25.869947275922673,37.188049209138846,2.9173989455184537,51.493848857645,75.81722319859404,44.07732864674868,40.07029876977153,93.49736379613357,54.6572934973638,67.76801405975397,59.367311072056246,50.22847100175748,31.599297012302287,57.22319859402461,51.880492091388405,43.690685413005276,42.84710017574693,15.571177504393674,30.087873462214414,24.253075571177508,41.05448154657294,56.44991212653779,49.77152899824254,84.60456942003516,47.240773286467494,54.93848857644992,33.145869947275926,18.137082601054484,42.35500878734622,57.25834797891037,26.502636203866434,41.47627416520211,45.09666080843586,73.81370826010546,52.12653778558876,25.553602811950793,7.803163444639719,73.00527240773287,38.98066783831283,46.467486818980674,55.85237258347979,45.72934973637962,12.442882249560634
O=C(O)C1(Cc2ccccc2)OCC(Cc2ccccc2)(Cc2ccccc2)C1O,gen_05042,402.49000000000007,3.915400000000003,3,2,4.0,0.6287496200656191,2,66.76,0,0,0,0.03422777,0.6301697,0.7970426,0.020134468,0.6776241,0.45161575,0.74624294,0.057026982,0.11206232,0.6927533,0.42081016,0.26601893,0.048798982,0.75412667,0.9998196,0.0035521467,0.010313125,0.017425764,0.10627729,0.07009954,0.22764583,0.33941182,0.77695054,0.90462095,0.40894184,0.009499388,0.07235966,0.5508112,0.05320678,0.369792,0.67577606,-5.3885026,33.341644,28.59609,-13.647494,-12.583872,2.757785,1.6697378,100.28914,-3.6643014,-5.2020755,65.90509666080844,75.78207381370827,32.653778558875224,61.37082601054482,63.44463971880493,64.07732864674868,69.84182776801407,44.56942003514939,47.59226713532514,25.869947275922673,37.188049209138846,9.103690685413007,42.601054481546576,50.05272407732865,37.11775043936731,91.17750439367312,96.97715289982426,95.46572934973639,32.86467486818981,62.21441124780317,79.68365553602813,79.68365553602813,72.05623901581723,31.564147627416524,69.52548330404218,69.98242530755712,20.562390158172235,18.945518453427066,47.48681898066784,76.09841827768015,81.61687170474518,85.94024604569421,97.96133567662567,49.66608084358524,93.98945518453428,78.27768014059755,50.12302284710018,78.73462214411248,89.63093145869948,61.335676625659055,30.298769771529003,70.96660808435853,27.10017574692443,51.70474516695958,53.0755711775044,4.780316344463972,50.61511423550088,69.38488576449913,56.098418277680146,89.52548330404218,39.05096660808436,3.0579964850615116
O=C(O)c1ccc(NC(=O)c2coc(-c3cc4c(c5ccccc35)OCO4)n2)cc1,gen_05050,402.3620000000001,4.174000000000003,6,2,4.0,0.5268353182563011,0,110.89000000000001,0,0,0,0.2728073,0.19882412,0.78734744,0.38502496,0.15168443,0.23175049,0.3077181,0.018646367,0.06531691,0.2719316,0.096169814,0.5694112,0.2997522,0.9935182,0.92802525,0.018384974,0.060713064,0.7147927,0.09251189,0.052429944,0.18088719,0.11483145,0.3831541,0.4600404,0.5970861,0.14776427,0.044261593,0.61975306,0.2727558,0.44409934,0.3817772,-4.8509574,35.876305,22.937601,47.4463,-15.0802965,2.5728288,1.80739,106.29427,-6.097505,-9.936557,65.83479789103691,79.36731107205624,72.46045694200352,61.37082601054482,63.44463971880493,49.94727592267136,22.601054481546576,74.20035149384887,47.59226713532514,25.869947275922673,37.188049209138846,57.434094903339194,13.321616871704746,48.189806678383135,76.30931458699473,59.75395430579965,76.4499121265378,81.58172231985941,17.152899824253076,53.39191564147628,35.149384885764505,57.53954305799649,96.06326889279438,79.0158172231986,98.76977152899825,28.506151142355012,63.8664323374341,82.39015817223199,96.97715289982426,74.0597539543058,76.27416520210897,80.91388400702988,89.63093145869948,29.349736379613358,76.2390158172232,89.77152899824254,90.75571177504395,69.9121265377856,91.63444639718806,89.38488576449913,39.68365553602812,56.59050966608085,55.67662565905097,53.70826010544816,47.59226713532514,80.24604569420036,34.833040421792624,58.17223198594025,58.62917398945519,97.11775043936731,3.5149384885764503,0.6326889279437611
O=C(O)c1cccc(Oc2ccc3c(c2)CC(c2ccc(C(F)(F)F)cc2)C(O)C3O)n1,gen_05051,445.39300000000003,4.325100000000004,5,3,4.0,0.5530894504492153,3,99.88000000000001,0,0,0,0.06616302,0.18303113,0.9209776,0.052158274,0.15354773,0.43044,0.2445705,0.030448522,0.02386716,0.38051942,0.015859937,0.41119274,0.15846142,0.95735663,0.9577855,0.0038213145,0.023951437,0.05453681,0.04977994,0.03975852,0.14009944,0.13691247,0.27638078,0.23594467,0.15413627,0.019355,0.010058595,0.2041616,0.060976557,0.20163584,0.23499577,-5.381978,9.083833,1.4824657,23.771936,-15.398173,2.8288188,1.1807915,98.32212,-4.426188,-3.940389,74.83304042179263,81.75746924428823,61.880492091388405,78.20738137082601,63.44463971880493,54.059753954305805,76.60808435852373,67.83831282952549,47.59226713532514,25.869947275922673,37.188049209138846,18.207381370826013,12.372583479789105,86.32688927943762,47.31107205623902,60.00000000000001,96.30931458699473,78.20738137082601,22.776801405975398,37.99648506151143,44.3585237258348,38.48857644991213,88.26010544815466,63.62038664323375,91.38840070298771,31.493848857644995,21.54657293497364,47.838312829525485,63.90158172231987,63.55008787346222,70.36906854130054,72.16168717047452,91.24780316344464,25.4481546572935,64.60456942003516,55.2548330404218,63.690685413005276,41.54657293497364,74.23550087873463,63.514938488576455,11.353251318101934,45.4481546572935,27.275922671353253,24.67486818980668,25.729349736379614,62.46045694200352,32.93497363796134,73.70826010544816,47.978910369068544,85.51845342706504,23.90158172231986,5.869947275922672
COc1ccc(Cc2ccc(C(=O)O)s2)cc1C(O)c1cnnc(Cl)c1,gen_05085,390.84800000000007,3.570800000000002,6,2,4.0,0.6679929156916238,1,92.54,0,0,0,0.16543765,0.15319335,0.86783564,0.054420657,0.1386435,0.36108842,0.21017523,0.029168183,0.025575459,0.33309922,0.08920282,0.3698733,0.120722294,0.94750273,0.89048994,0.021340521,0.039714586,0.054265857,0.06359302,0.032843452,0.091507465,0.12998042,0.24124737,0.109355114,0.18900073,0.03952955,0.030807635,0.118712544,0.12633821,0.3122806,0.13441703,-5.390692,20.061987,14.016855,2.3903115,-14.673581,2.4957168,0.031279422,92.52437,-3.2913651,-0.38508424,63.44463971880493,70.54481546572936,72.46045694200352,61.37082601054482,63.44463971880493,69.8066783831283,55.32513181019333,63.16344463971881,47.59226713532514,25.869947275922673,37.188049209138846,40.38664323374341,10.86115992970123,67.90861159929702,47.732864674868196,57.99648506151143,93.04042179261863,76.30931458699473,22.35500878734622,39.12126537785589,40.35149384885765,56.52021089630932,85.0615114235501,55.88752196836556,90.08787346221442,25.869947275922673,67.6274165202109,68.92794376098419,63.8664323374341,68.36555360281196,65.79964850615114,51.91564147627417,90.75571177504395,23.97188049209139,53.919156414762746,60.105448154657296,73.95430579964851,62.7768014059754,66.60808435852373,76.8365553602812,22.776801405975398,35.571177504393674,27.029876977152902,37.46924428822496,38.20738137082601,26.115992970123024,37.22319859402461,53.5676625659051,31.282952548330407,73.60281195079087,46.010544815465735,32.09138840070299
CCCCCCCCCc1cccc2nc3n(c12)C(O)C(C(=O)O)C3,gen_05097,344.4550000000001,4.077200000000003,3,2,4.0,0.6722483266708928,2,75.35,0,1,1,0.03718199,0.6065524,0.7812606,0.29351303,0.23036309,0.5038465,0.27568167,0.1926166,0.1390242,0.6115254,0.052434523,0.35960713,0.15213495,0.66745365,0.9768001,0.018890614,0.027573358,0.055089362,0.13763928,0.12796344,0.20640497,0.521313,0.685408,0.47899643,0.33911586,0.03132503,0.1305278,0.37100047,0.15264703,0.5297109,0.42053786,-5.241222,28.451977,21.65125,10.307495,-11.798335,2.6855812,1.6772568,98.94623,-4.248535,-0.32215,52.513181019332166,78.06678383128296,32.653778558875224,61.37082601054482,63.44463971880493,70.47451669595783,69.84182776801407,51.03690685413006,47.59226713532514,66.52021089630932,83.09314586994728,9.876977152899824,40.63268892794377,47.100175746924435,72.19683655536029,68.15465729349737,98.38312829525483,79.89455184534272,66.99472759226714,66.18629173989456,68.92794376098419,50.474516695957824,83.8664323374341,62.319859402460466,63.831282952548335,35.008787346221446,64.4639718804921,52.75922671353252,64.00702987697716,80.45694200351494,89.17398945518454,84.14762741652022,99.22671353251319,43.02284710017575,76.90685413005274,73.42706502636204,70.43936731107206,87.41652021089632,82.60105448154658,80.14059753954307,51.21265377855888,58.45342706502637,33.743409490333924,46.99472759226714,46.29173989455185,40.66783831282953,56.555360281195085,65.02636203866433,56.379613356766264,86.78383128295256,27.17047451669596,32.54833040421793
Nn1c(SCc2ccc(C(=O)O)cc2)nnc1-c1ccncc1,gen_05150,327.369,2.0444,6,2,4.0,0.5452232198521865,0,106.92,0,0,0,0.19582935,0.26854798,0.79118603,0.07297898,0.11924269,0.27816194,0.16474052,0.020651098,0.053914316,0.22533457,0.08815542,0.40496153,0.24040942,0.94114894,0.91107255,0.021959279,0.032559067,0.1490252,0.055045195,0.03454476,0.1139233,0.024100233,0.14799474,0.028388757,0.21867311,0.039534744,0.0382963,0.08108207,0.12640795,0.36013946,0.13203263,-5.310563,16.111471,0.9150013,-7.728424,-14.929512,2.0636284,-0.6614057,83.7116,-3.318882,-0.9878588,48.54130052724078,45.342706502636204,72.46045694200352,61.37082601054482,63.44463971880493,52.75922671353252,22.601054481546576,71.73989455184535,47.59226713532514,25.869947275922673,37.188049209138846,46.25659050966608,16.62565905096661,48.927943760984185,51.107205623901585,54.93848857644992,84.25307557117752,72.9701230228471,17.996485061511425,50.43936731107206,30.158172231985944,56.30931458699473,87.83831282952549,74.23550087873463,89.03339191564149,27.24077328646749,68.50615114235501,59.929701230228474,77.04745166959579,65.58875219683657,66.78383128295255,63.16344463971881,70.68541300527241,19.648506151142357,41.05448154657294,63.93673110720563,73.95430579964851,67.02987697715291,61.546572934973646,76.87170474516697,28.752196836555363,35.254833040421794,30.298769771529003,32.58347978910369,25.13181019332162,10.123022847100177,35.53602811950791,26.432337434094904,21.47627416520211,60.07029876977153,45.553602811950796,25.76449912126538
O=C(O)c1ccc(NCc2cccc(Oc3ccccn3)c2)cn1,gen_05183,321.336,3.579200000000001,5,2,4.0,0.72169473223843,0,84.34,0,0,0,0.011545083,0.40306848,0.9477398,0.03682642,0.039017476,0.48132005,0.076640405,0.029818093,0.01422597,0.15599726,0.0031327703,0.40707174,0.23222546,0.94622725,0.9779232,0.0020514715,0.021697048,0.04922407,0.0044287825,0.008906308,0.074281655,0.012683725,0.2202464,0.014922989,0.033394106,0.006434402,0.0026766914,0.012377372,0.009596338,0.121026024,0.07984932,-5.080882,34.356495,7.3672447,0.20816974,-13.495613,1.9774096,0.41347808,95.37028,-3.900977,-2.058468,47.240773286467494,70.65026362038665,61.880492091388405,61.37082601054482,63.44463971880493,78.06678383128296,22.601054481546576,57.60984182776802,47.59226713532514,25.869947275922673,37.188049209138846,2.9876977152899826,25.90509666080844,95.1493848857645,43.47978910369069,36.27416520210897,97.89103690685414,61.792618629173994,22.530755711775047,29.947275922671356,22.214411247803167,25.4481546572935,88.01405975395431,73.28646748681899,89.87697715289983,35.465729349736385,11.810193321616874,43.55008787346222,62.46045694200352,28.541300527240775,32.23198594024605,42.24956063268893,61.792618629173994,23.02284710017575,36.16871704745167,18.558875219683657,42.70650263620387,17.926186291739896,37.57469244288225,29.349736379613358,4.92091388400703,29.173989455184536,40.91388400702988,52.40773286467487,31.247803163444644,22.671353251318102,44.63971880492092,22.601054481546576,36.94200351493849,79.5079086115993,34.20035149384886,17.012302284710017
O=C(O)c1cnc(Cc2cc(Cc3ccc[nH]3)c(Cc3cccc(F)c3)cn2)s1,gen_05192,407.4700000000001,4.475900000000003,4,2,4.0,0.47357259092402315,0,78.86999999999999,0,0,0,0.05635371,0.22279939,0.9002287,0.03771917,0.43035656,0.52423924,0.66258836,0.047080807,0.040993117,0.5239148,0.46378002,0.35855246,0.12436124,0.9629711,0.9873584,0.012016945,0.031144414,0.06404035,0.09813993,0.032479636,0.09378503,0.19843337,0.45883983,0.4988129,0.2502064,0.03029947,0.031136185,0.16747919,0.094685666,0.18164666,0.3320803,-5.1914377,14.590019,0.30382842,12.066261,-13.473257,2.5990446,0.45707902,95.17837,-3.7724652,-1.3614829,67.20562390158173,83.47978910369069,48.55887521968366,61.37082601054482,63.44463971880493,42.98769771528999,22.601054481546576,53.286467486818985,47.59226713532514,25.869947275922673,37.188049209138846,15.184534270650264,14.762741652021091,79.12126537785589,43.65553602811951,82.56590509666081,98.76977152899825,94.09490333919157,29.279437609841832,46.151142355008794,58.45342706502637,81.23022847100177,83.79613356766258,56.8365553602812,92.51318101933217,38.4182776801406,52.26713532513182,58.20738137082601,66.15114235500879,74.90333919156416,65.62390158172232,53.5676625659051,94.41124780316345,32.23198594024605,77.82073813708261,66.67838312829527,69.98242530755712,62.882249560632694,71.21265377855889,72.40773286467487,9.666080843585238,52.93497363796134,36.239015817223205,30.861159929701234,24.710017574692444,43.90158172231986,44.67486818980668,60.00000000000001,37.644991212653785,79.19156414762742,36.80140597539543,22.95254833040422
O=C(NC(Cc1ccccc1)C(=O)O)c1ccc(Cl)cc1Cl,PANEL_A1AFA,338.19000000000005,3.419100000000002,2,2,4.0,0.8778882140919705,1,66.4,0,0,0,0.03978338,0.53809845,0.91424674,0.05834984,0.16019574,0.5435797,0.13999903,0.06758914,0.024150247,0.35718328,0.025411647,0.38879848,0.09601353,0.8246521,0.9810085,0.010679152,0.026361823,0.026258778,0.01716079,0.01921472,0.08965363,0.153416,0.5280339,0.08390418,0.09594528,0.012943727,0.013099167,0.03675093,0.03343523,0.351744,0.13592377,-5.113511,7.1907363,-9.370798,22.342798,-13.194588,2.3636878,-0.18482769,91.34218,-3.1725774,-0.95692986,51.03690685413006,67.83831282952549,17.10017574692443,61.37082601054482,63.44463971880493,97.57469244288225,55.32513181019333,43.79613356766257,47.59226713532514,25.869947275922673,37.188049209138846,10.650263620386644,35.50087873462215,84.00702987697716,48.646748681898075,60.84358523725835,99.12126537785589,70.7908611599297,36.555360281195085,38.17223198594025,42.21441124780317,42.53075571177505,86.78383128295256,49.49033391915642,74.55184534270651,36.30931458699473,48.89279437609842,50.966608084358526,53.35676625659051,48.189806678383135,53.67311072056239,50.86115992970124,92.23198594024605,35.254833040421794,51.03690685413006,43.16344463971881,56.59050966608085,46.29173989455185,50.68541300527241,52.513181019332166,27.48681898066784,35.782073813708266,39.789103690685415,22.214411247803167,15.254833040421794,61.15992970123023,46.81898066783832,44.63971880492092,27.521968365553604,71.81019332161688,48.7170474516696,26.045694200351495
CC1(C(=O)NC(CCCCCCCc2ccc3c(n2)NCCC3)C(=O)O)CCOCC1,PANEL_PLN-1474,431.5770000000003,3.7089000000000025,5,3,4.0,0.46194640713831103,1,100.55000000000001,0,1,0,0.066680804,0.45107812,0.8375546,0.004127846,0.0405936,0.20478527,0.043722156,0.13501032,0.113982,0.5244528,0.13821805,0.17295447,0.32930923,0.45515722,0.97025764,0.01744527,0.042046215,0.009317568,0.01899251,0.027193371,0.090409495,0.037438646,0.5247103,0.21357843,0.15827265,0.0074400418,0.0212208,0.020787168,0.039293356,0.37983608,0.39169374,-5.585849,17.163713,12.486142,-10.418027,-15.22421,2.3929348,0.16409719,82.4641,-3.3688374,-0.46095553,72.61862917398946,72.44288224956064,61.880492091388405,78.20738137082601,63.44463971880493,41.6871704745167,55.32513181019333,68.11950790861161,47.59226713532514,66.52021089630932,37.188049209138846,18.242530755711776,29.349736379613358,59.85940246045695,23.12829525483304,36.94200351493849,70.96660808435853,53.743409490333924,57.71528998242531,62.636203866432346,58.48857644991213,62.67135325131811,52.337434094903344,81.6871704745167,53.00527240773287,33.743409490333924,62.56590509666081,70.7908611599297,38.4182776801406,49.42003514938489,61.47627416520211,51.17750439367312,76.2390158172232,35.114235500878735,63.30404217926187,55.922671353251324,45.09666080843586,56.27416520210897,42.98769771528999,55.85237258347979,31.423550087873465,57.25834797891037,22.03866432337434,33.67311072056239,36.59050966608085,7.768014059753955,33.98945518453427,46.39718804920914,33.21616871704745,58.418277680140605,44.53427065026362,30.966608084358526
COCCN(CCCCc1ccc2c(n1)NCCC2)CCC(Nc1ncnc2ccccc12)C(=O)O,PANEL_bexotegrast,492.62400000000025,3.6094000000000017,8,3,4.0,0.2905240617309166,1,112.50000000000001,0,1,0,0.17453633,0.42602053,0.7436694,0.0047915764,0.019212453,0.065340936,0.013429371,0.19753858,0.14246808,0.31749812,0.087903805,0.1867917,0.51836777,0.3304375,0.93053615,0.014346778,0.037773423,0.049116187,0.00931376,0.015359658,0.07427097,0.002449563,0.277121,0.048796825,0.07570795,0.009409601,0.008311866,0.0055902144,0.03428591,0.34323484,0.6721024,-6.1760745,1.7873867,10.732041,24.378809,-21.242746,2.4662042,-0.27846223,70.86981,-2.581241,12.600664,81.58172231985941,71.10720562390159,84.51669595782074,78.20738137082601,63.44463971880493,18.910369068541304,55.32513181019333,74.90333919156416,47.59226713532514,66.52021089630932,37.188049209138846,42.07381370826011,27.381370826010546,39.929701230228474,24.077328646748683,24.74516695957821,26.46748681898067,36.02811950790861,67.41652021089631,66.46748681898067,39.08611599297013,56.30931458699473,55.606326889279444,93.28646748681899,45.27240773286468,28.717047451669597,57.68014059753955,66.88927943760984,62.39015817223199,38.87521968365554,47.416520210896316,42.24956063268893,32.58347978910369,25.483304042179263,45.659050966608085,36.90685413005273,50.017574692442885,37.46924428822496,29.982425307557122,52.79437609841828,26.186291739894553,70.75571177504395,11.458699472759228,16.274165202108964,34.55184534270651,63.30404217926187,14.305799648506152,51.66959578207382,26.39718804920914,46.85413005272408,60.105448154657296,93.53251318101934
CCNC(=O)Nc1cnnc(-c2ccc(CC(NC(=O)c3c(Cl)cccc3Cl)C(=O)O)cc2)c1,PANEL_CHEMBL4649232,502.3580000000002,4.017500000000003,5,4,3.0,0.36791043130062656,1,133.30999999999997,0,0,0,0.06286688,0.13831656,0.8860323,0.048666608,0.09930082,0.41391382,0.23098989,0.02492971,0.02403244,0.25620493,0.08709844,0.44156972,0.21304162,0.97987336,0.832691,0.012172776,0.051993113,0.09303391,0.03668812,0.017527062,0.08037328,0.067394525,0.15242103,0.1131904,0.12795283,0.029701516,0.010120313,0.04139818,0.096639045,0.18292636,0.17670071,-5.8027925,-2.738704,-0.67660296,46.23954,-19.91749,2.1795778,-0.6025325,88.92155,-3.579864,-2.012813,82.70650263620388,77.4340949033392,61.880492091388405,86.90685413005274,20.0,28.998242530755714,55.32513181019333,82.2847100175747,47.59226713532514,25.869947275922673,37.188049209138846,17.047451669595784,10.017574692442883,73.74340949033393,46.57293497363796,51.739894551845346,95.67662565905097,77.64499121265379,20.421792618629176,38.10193321616872,33.04042179261863,56.06326889279438,90.22847100175748,71.56414762741653,95.57117750439369,23.65553602811951,52.68892794376099,77.99648506151144,70.47451669595783,58.76977152899825,50.82601054481547,45.659050966608085,83.65553602811951,19.82425307557118,54.30579964850616,50.333919156414765,69.84182776801407,41.58172231985941,52.26713532513182,72.61862917398946,9.736379613356767,39.929701230228474,17.504393673110723,13.251318101933217,23.65553602811951,79.54305799648508,17.223198594024606,33.35676625659051,22.671353251318102,67.6274165202109,40.66783831282953,17.223198594024606
