label,n_poses,n_passing_poses,geometry_pass,best_affinity,best_passing_affinity,affinity_pass,plip_metal_any_passing,plip_hbond_any_passing,min_ca_dist,min_donor_dist
CONTROL_crystal,4,4,True,-6.92,-6.92,True,True,True,2.725,2.886
gen_00001,7,0,False,-6.922,,False,False,False,2.716,inf
gen_00002,10,0,False,-7.006,,False,False,False,2.199,inf
gen_00003,13,0,False,-8.203,,False,False,False,2.35,inf
gen_00004,15,0,False,-6.912,,False,False,False,2.551,5.319
gen_00005,7,0,False,-6.886,,False,False,False,2.849,inf
gen_00006,6,0,False,-7.682,,False,False,False,7.543,2.819
gen_00007,3,0,False,-7.537,,False,False,False,2.758,inf
gen_00008,4,0,False,-6.635,,False,False,False,2.722,inf
gen_00009,11,0,False,-7.784,,False,False,False,2.469,4.247
gen_00010,4,0,False,-6.812,,False,False,False,2.678,inf
gen_00011,4,0,False,-8.512,,False,False,False,2.531,inf
gen_00012,6,0,False,-6.95,,False,False,False,2.403,inf
gen_00013,6,4,True,-7.046,-7.046,True,True,False,2.273,3.346
gen_00014,5,4,True,-7.318,-7.318,True,True,True,2.414,2.932
gen_00015,2,0,False,-7.849,,False,False,False,2.682,inf
gen_00016,13,0,False,-7.37,,False,False,False,2.215,inf
gen_00017,2,0,False,-7.584,,False,False,False,2.464,inf
gen_00018,6,0,False,-7.355,,False,False,False,2.256,inf
gen_00019,10,0,False,-8.024,,False,False,False,2.5,inf
gen_00020,16,0,False,-8.593,,False,False,False,2.531,inf
gen_00021,3,0,False,-7.196,,False,False,False,2.168,inf
gen_00022,7,0,False,-6.475,,False,False,False,2.695,5.448
gen_00023,3,0,False,-8.136,,False,False,False,2.809,inf
gen_00024,6,0,False,-7.753,,False,False,False,2.332,2.857
gen_00025,1,0,False,-7.785,,False,False,False,2.844,3.667
gen_00026,2,0,False,-7.692,,False,False,False,2.773,inf
gen_00027,1,0,False,-7.655,,False,False,False,2.508,inf
gen_00028,4,0,False,-8.339,,False,False,False,2.453,inf
gen_00029,10,0,False,-8.169,,False,False,False,2.745,2.962
gen_00030,9,0,False,-6.955,,False,False,False,2.755,inf
gen_00031,11,5,True,-7.627,-7.627,True,True,True,2.428,3.03
gen_00032,1,1,True,-6.758,-6.758,False,True,False,2.769,2.662
gen_00033,1,0,False,-7.993,,False,False,False,2.678,inf
gen_00034,10,0,False,-5.711,,False,False,False,2.313,inf
gen_00035,9,0,False,-7.383,,False,False,False,2.557,inf
gen_00036,4,0,False,-7.136,,False,False,False,2.736,inf
gen_00037,9,0,False,-7.256,,False,False,False,2.66,inf
gen_00038,9,0,False,-7.571,,False,False,False,2.513,inf
gen_00039,2,0,False,-8.179,,False,False,False,3.399,2.841
gen_00040,11,0,False,-7.826,,False,False,False,2.578,inf
gen_00041,7,0,False,-7.066,,False,False,False,2.724,inf
gen_00042,2,0,False,-7.375,,False,False,False,2.309,5.621
gen_00043,6,0,False,-8.003,,False,False,False,2.333,inf
gen_00044,5,1,True,-7.927,-7.788,True,True,True,2.601,3.24
gen_00045,13,0,False,-7.689,,False,False,False,2.678,inf
gen_00046,3,0,False,-7.966,,False,False,False,2.201,4.709
gen_00047,5,0,False,-6.986,,False,False,False,2.63,inf
gen_00048,8,0,False,-7.037,,False,False,False,2.368,inf
gen_00049,11,0,False,-7.839,,False,False,False,2.746,inf
gen_00050,3,0,False,-8.186,,False,False,False,2.342,10.252
gen_00051,3,0,False,-8.155,,False,False,False,2.723,inf
gen_00052,6,0,False,-7.172,,False,False,False,15.058,4.801
gen_00053,3,0,False,-8.146,,False,False,False,12.911,5.008
gen_00054,4,0,False,-7.308,,False,False,False,2.207,inf
gen_00055,6,0,False,-6.904,,False,False,False,2.579,inf
gen_00056,2,0,False,-7.226,,False,False,False,3.106,inf
gen_00057,2,0,False,-7.397,,False,False,False,2.681,inf
gen_00058,5,0,False,-6.926,,False,False,False,2.768,inf
gen_00059,9,0,False,-7.493,,False,False,False,2.736,inf
gen_00060,10,0,False,-7.422,,False,False,False,2.636,inf
gen_00061,8,0,False,-7.282,,False,False,False,2.483,inf
gen_00062,5,0,False,-8.005,,False,False,False,2.72,inf
gen_00063,4,0,False,-7.274,,False,False,False,2.787,inf
gen_00064,4,0,False,-7.984,,False,False,False,2.473,inf
gen_00065,10,0,False,-7.859,,False,False,False,2.472,inf
gen_00066,7,0,False,-8.238,,False,False,False,2.764,inf
gen_00067,2,0,False,-7.282,,False,False,False,2.383,inf
gen_00068,14,0,False,-6.128,,False,False,False,2.606,inf
gen_00069,13,0,False,-7.053,,False,False,False,2.664,inf
gen_00070,2,0,False,-7.036,,False,False,False,2.669,inf
gen_00071,9,0,False,-7.103,,False,False,False,4.455,4.074
gen_00072,13,0,False,-6.934,,False,False,False,2.683,inf
gen_00073,2,0,False,-7.692,,False,False,False,2.814,inf
gen_00074,7,0,False,-7.759,,False,False,False,2.532,inf
gen_00075,8,0,False,-7.666,,False,False,False,2.681,inf
gen_00076,10,0,False,-7.472,,False,False,False,2.753,inf
gen_00077,9,0,False,-7.179,,False,False,False,6.682,5.448
gen_00078,5,0,False,-7.985,,False,False,False,2.749,inf
gen_00079,2,0,False,-8.157,,False,False,False,2.747,inf
gen_00080,9,0,False,-8.961,,False,False,False,2.78,inf
gen_00081,3,0,False,-6.675,,False,False,False,4.07,inf
gen_00082,5,0,False,-7.398,,False,False,False,2.689,inf
gen_00083,5,0,False,-7.812,,False,False,False,2.194,inf
gen_00084,9,0,False,-8.196,,False,False,False,2.439,inf
gen_00085,13,0,False,-7.002,,False,False,False,2.633,inf
gen_00086,2,0,False,-8.004,,False,False,False,2.799,inf
gen_00087,2,0,False,-7.192,,False,False,False,13.488,inf
gen_00088,6,0,False,-8.458,,False,False,False,2.697,inf
gen_00089,5,0,False,-7.676,,False,False,False,2.438,inf
gen_00090,7,0,False,-7.355,,False,False,False,2.719,inf
gen_00091,14,0,False,-6.6,,False,False,False,2.27,inf
gen_00092,3,0,False,-7.115,,False,False,False,2.657,inf
gen_00093,7,0,False,-7.604,,False,False,False,2.527,4.01
gen_00094,11,0,False,-7.3,,False,False,False,2.204,inf
gen_00095,2,0,False,-7.341,,False,False,False,3.471,3.114
gen_00096,9,0,False,-7.397,,False,False,False,2.694,inf
gen_00097,11,0,False,-7.17,,False,False,False,2.648,inf
gen_00098,2,0,False,-7.492,,False,False,False,2.605,inf
gen_00099,13,0,False,-6.928,,False,False,False,3.621,inf
gen_00100,10,0,False,-6.634,,False,False,False,2.742,inf
gen_00101,10,0,False,-7.58,,False,False,False,2.342,inf
gen_00102,7,0,False,-6.613,,False,False,False,2.835,inf
gen_00103,1,1,True,-6.446,-6.446,False,True,True,2.691,3.091
gen_00104,3,0,False,-8.284,,False,False,False,2.722,inf
gen_00106,6,0,False,-6.977,,False,False,False,2.612,inf
gen_00107,6,0,False,-7.547,,False,False,False,2.709,inf
gen_00108,9,0,False,-7.699,,False,False,False,2.28,inf
gen_00109,6,0,False,-7.095,,False,False,False,2.204,2.841
gen_00110,12,0,False,-6.979,,False,False,False,2.632,inf
gen_00111,2,0,False,-6.747,,False,False,False,2.61,inf
gen_00112,7,0,False,-7.487,,False,False,False,2.752,2.969
gen_00113,1,1,True,-7.301,-7.301,True,True,True,2.714,2.933
gen_00114,6,0,False,-8.706,,False,False,False,14.045,inf
gen_00115,2,0,False,-8.348,,False,False,False,2.736,inf
gen_00116,10,0,False,-8.234,,False,False,False,2.672,inf
gen_00117,1,0,False,-6.657,,False,False,False,2.694,inf
gen_00118,3,0,False,-7.215,,False,False,False,2.721,inf
gen_00119,5,0,False,-8.032,,False,False,False,2.599,inf
gen_00120,6,0,False,-8.267,,False,False,False,2.747,inf
gen_00121,6,0,False,-6.311,,False,False,False,2.696,inf
gen_00122,2,0,False,-6.001,,False,False,False,6.592,inf
gen_00123,4,0,False,-6.551,,False,False,False,7.743,inf
gen_00124,2,0,False,-7.582,,False,False,False,2.787,inf
gen_00125,5,0,False,-7.887,,False,False,False,2.659,inf
gen_00126,12,0,False,-8.099,,False,False,False,2.375,inf
gen_00127,4,0,False,-7.804,,False,False,False,2.778,inf
gen_00128,2,0,False,-7.037,,False,False,False,2.745,inf
gen_00129,12,4,True,-7.438,-7.335,True,True,True,2.622,3.254
gen_00130,9,0,False,-6.262,,False,False,False,2.58,inf
gen_00131,13,0,False,-7.331,,False,False,False,2.28,inf
gen_00132,7,0,False,-8.335,,False,False,False,2.554,inf
gen_00133,4,0,False,-7.632,,False,False,False,2.545,inf
gen_00134,8,0,False,-7.492,,False,False,False,2.469,4.547
gen_00135,12,0,False,-8.454,,False,False,False,2.649,inf
gen_00136,11,0,False,-7.303,,False,False,False,2.739,inf
gen_00137,10,0,False,-8.381,,False,False,False,2.206,inf
gen_00138,3,0,False,-7.546,,False,False,False,2.537,inf
gen_00139,5,0,False,-6.809,,False,False,False,2.72,inf
gen_00140,7,0,False,-7.108,,False,False,False,15.135,inf
gen_00141,4,0,False,-7.426,,False,False,False,2.804,inf
gen_00142,11,0,False,-7.476,,False,False,False,2.626,2.839
gen_00143,7,0,False,-6.241,,False,False,False,2.647,inf
gen_00144,5,0,False,-6.75,,False,False,False,2.744,3.699
gen_00145,11,0,False,-6.718,,False,False,False,2.461,inf
gen_00146,1,0,False,-8.313,,False,False,False,2.7,6.963
gen_00147,5,0,False,-8.865,,False,False,False,2.627,inf
gen_00148,12,0,False,-6.969,,False,False,False,2.205,inf
gen_00149,11,0,False,-8.044,,False,False,False,2.291,inf
gen_00150,2,0,False,-8.315,,False,False,False,2.565,inf
gen_00151,1,0,False,-8.122,,False,False,False,3.128,inf
gen_00152,8,0,False,-7.692,,False,False,False,2.437,inf
gen_00153,13,0,False,-7.835,,False,False,False,2.568,inf
gen_00154,3,0,False,-7.856,,False,False,False,2.681,inf
gen_00155,8,0,False,-8.562,,False,False,False,2.843,inf
gen_00156,2,0,False,-7.629,,False,False,False,2.793,inf
gen_00157,8,0,False,-5.941,,False,False,False,2.232,inf
gen_00158,6,0,False,-7.699,,False,False,False,2.822,5.641
gen_00159,8,0,False,-8.378,,False,False,False,2.359,4.877
gen_00160,6,0,False,-8.062,,False,False,False,2.673,inf
gen_00161,7,0,False,-7.363,,False,False,False,2.714,inf
gen_00162,2,0,False,-7.918,,False,False,False,2.734,inf
gen_00163,14,0,False,-8.18,,False,False,False,2.264,inf
gen_00164,5,0,False,-7.836,,False,False,False,2.774,inf
gen_00165,7,0,False,-6.939,,False,False,False,2.641,inf
gen_00166,11,0,False,-7.759,,False,False,False,2.584,inf
gen_00167,6,0,False,-7.846,,False,False,False,2.222,inf
gen_00168,2,0,False,-7.249,,False,False,False,2.657,inf
gen_00169,2,0,False,-6.944,,False,False,False,2.743,inf
gen_00170,12,6,True,-7.353,-7.353,True,True,True,2.699,2.833
gen_00171,11,0,False,-7.347,,False,False,False,2.523,inf
gen_00172,3,0,False,-7.638,,False,False,False,2.236,inf
gen_00173,10,0,False,-7.777,,False,False,False,2.695,inf
gen_00174,8,0,False,-7.432,,False,False,False,2.461,inf
gen_00175,12,0,False,-7.525,,False,False,False,2.679,inf
gen_00176,8,0,False,-8.327,,False,False,False,2.491,inf
gen_00177,14,0,False,-7.244,,False,False,False,7.556,4.796
gen_00178,9,0,False,-8.467,,False,False,False,2.62,inf
gen_00179,3,3,True,-6.982,-6.982,True,True,False,2.518,2.773
gen_00180,7,0,False,-7.813,,False,False,False,2.709,inf
gen_00181,6,0,False,-7.1,,False,False,False,2.478,inf
gen_00182,4,0,False,-8.023,,False,False,False,14.944,inf
gen_00183,4,0,False,-7.039,,False,False,False,2.684,inf
gen_00184,3,0,False,-8.376,,False,False,False,5.056,3.009
gen_00185,3,0,False,-7.254,,False,False,False,2.772,4.444
gen_00186,14,14,True,-8.115,-8.115,True,True,False,2.477,2.865
gen_00187,16,0,False,-7.255,,False,False,False,2.35,inf
gen_00188,8,0,False,-8.333,,False,False,False,2.369,inf
gen_00189,4,0,False,-7.125,,False,False,False,8.025,9.754
gen_00190,7,0,False,-7.482,,False,False,False,2.385,inf
gen_00191,5,0,False,-7.279,,False,False,False,2.687,inf
gen_00192,10,0,False,-6.791,,False,False,False,12.154,inf
gen_00193,4,0,False,-7.72,,False,False,False,2.687,4.707
gen_00194,5,0,False,-7.677,,False,False,False,2.623,inf
gen_00195,9,0,False,-7.809,,False,False,False,2.228,inf
gen_00196,13,13,True,-7.527,-7.527,True,True,True,2.578,2.668
gen_00197,9,0,False,-7.762,,False,False,False,2.661,inf
gen_00198,5,0,False,-7.355,,False,False,False,2.792,inf
gen_00199,13,0,False,-7.14,,False,False,False,2.454,4.404
gen_00200,9,0,False,-6.873,,False,False,False,2.672,inf
gen_00201,7,0,False,-8.48,,False,False,False,2.643,inf
gen_00202,6,0,False,-8.003,,False,False,False,2.663,inf
gen_00203,9,0,False,-7.534,,False,False,False,2.818,inf
gen_00204,5,5,True,-6.836,-6.836,True,True,False,2.775,2.973
gen_00205,2,0,False,-8.225,,False,False,False,3.782,inf
gen_00206,4,0,False,-55.844,,False,False,False,7.084,inf
gen_00207,13,0,False,-7.551,,False,False,False,2.588,inf
gen_00208,4,0,False,-7.422,,False,False,False,4.55,inf
gen_00209,3,0,False,-7.934,,False,False,False,2.692,inf
gen_00210,15,4,True,-7.942,-7.942,True,True,True,2.342,2.704
gen_00211,15,0,False,-7.354,,False,False,False,2.415,inf
gen_00212,10,0,False,-7.189,,False,False,False,2.316,inf
gen_00213,4,0,False,-7.481,,False,False,False,2.692,inf
gen_00214,11,0,False,-7.876,,False,False,False,2.666,4.244
gen_00215,6,0,False,-8.155,,False,False,False,2.774,inf
gen_00216,2,0,False,-6.912,,False,False,False,2.678,inf
gen_00217,4,0,False,-7.164,,False,False,False,2.788,inf
gen_00218,3,0,False,-8.229,,False,False,False,2.232,inf
gen_00219,4,0,False,-8.58,,False,False,False,2.781,inf
gen_00220,13,0,False,-7.183,,False,False,False,2.583,inf
gen_00221,16,0,False,-7.768,,False,False,False,2.723,3.154
gen_00222,13,0,False,-7.609,,False,False,False,2.567,4.727
gen_00223,12,0,False,-6.916,,False,False,False,2.446,inf
gen_00224,6,0,False,-7.791,,False,False,False,2.635,inf
gen_00225,2,0,False,-7.367,,False,False,False,2.734,inf
gen_00226,2,0,False,-7.459,,False,False,False,3.544,3.997
gen_00227,5,0,False,-8.375,,False,False,False,2.166,inf
gen_00228,7,1,True,-8.128,-8.07,True,True,True,2.201,3.18
gen_00229,13,0,False,-7.261,,False,False,False,2.118,inf
gen_00230,5,0,False,-7.499,,False,False,False,2.763,inf
gen_00231,2,0,False,-6.947,,False,False,False,2.683,inf
gen_00232,4,4,True,-6.682,-6.682,False,True,True,2.734,2.988
gen_00233,4,0,False,-7.436,,False,False,False,2.652,inf
gen_00234,5,0,False,-6.899,,False,False,False,2.459,inf
gen_00235,8,0,False,-6.659,,False,False,False,2.326,4.197
gen_00236,14,0,False,-8.242,,False,False,False,2.568,inf
gen_00237,7,0,False,-6.655,,False,False,False,2.2,inf
gen_00238,6,0,False,-8.34,,False,False,False,2.267,inf
gen_00239,11,0,False,-7.985,,False,False,False,2.682,inf
gen_00240,2,0,False,-6.92,,False,False,False,2.755,inf
gen_00241,2,0,False,-9.044,,False,False,False,2.83,inf
gen_00242,11,0,False,-7.285,,False,False,False,2.604,5.553
gen_00243,6,0,False,-7.828,,False,False,False,2.221,5.704
gen_00244,2,0,False,-7.583,,False,False,False,14.748,inf
gen_00245,8,0,False,-7.201,,False,False,False,2.64,inf
gen_00246,5,0,False,-7.626,,False,False,False,2.805,inf
gen_00247,16,1,True,-5.957,-5.301,False,True,True,2.197,2.834
gen_00248,4,0,False,-7.842,,False,False,False,2.316,inf
gen_00249,6,0,False,-6.595,,False,False,False,2.658,inf
gen_00250,2,0,False,-7.024,,False,False,False,2.489,inf
gen_00251,11,0,False,-7.533,,False,False,False,2.798,inf
gen_00252,14,0,False,-7.414,,False,False,False,2.514,inf
gen_00253,3,0,False,-7.441,,False,False,False,2.333,inf
gen_00254,2,0,False,-7.085,,False,False,False,2.755,inf
gen_00255,3,0,False,-7.381,,False,False,False,2.776,inf
gen_00256,11,0,False,-7.163,,False,False,False,2.379,inf
gen_00257,7,0,False,-8.241,,False,False,False,3.507,inf
gen_00258,2,0,False,-6.727,,False,False,False,2.791,inf
gen_00259,7,0,False,-6.305,,False,False,False,2.217,inf
gen_00260,1,0,False,-6.221,,False,False,False,2.737,inf
gen_00261,11,0,False,-7.072,,False,False,False,2.512,inf
gen_00262,5,0,False,-6.846,,False,False,False,4.258,inf
gen_00263,5,0,False,-9.099,,False,False,False,2.566,5.718
gen_00264,14,0,False,-6.556,,False,False,False,2.229,inf
gen_00265,9,0,False,-7.369,,False,False,False,2.684,inf
gen_00266,4,0,False,-6.799,,False,False,False,2.357,inf
gen_00267,1,0,False,-8.468,,False,False,False,2.747,4.644
gen_00268,1,0,False,-7.898,,False,False,False,2.672,inf
gen_00269,10,5,True,-7.87,-7.732,True,True,True,2.597,2.81
gen_00270,5,0,False,-7.749,,False,False,False,7.134,inf
gen_00271,2,0,False,-7.389,,False,False,False,2.545,inf
gen_00272,8,0,False,-7.826,,False,False,False,2.304,inf
gen_00273,2,0,False,-6.901,,False,False,False,2.414,inf
gen_00274,15,0,False,-7.995,,False,False,False,2.469,4.671
gen_00275,3,0,False,-7.502,,False,False,False,2.661,inf
gen_00276,6,0,False,-8.939,,False,False,False,2.351,inf
gen_00277,2,0,False,-7.043,,False,False,False,2.443,inf
gen_00278,15,0,False,-8.035,,False,False,False,2.669,inf
gen_00279,8,0,False,-8.321,,False,False,False,3.251,inf
gen_00280,1,0,False,-8.666,,False,False,False,2.523,inf
gen_00281,16,0,False,-7.434,,False,False,False,2.658,inf
gen_00282,10,0,False,-7.355,,False,False,False,2.568,inf
gen_00283,5,0,False,-7.963,,False,False,False,2.634,inf
gen_00284,12,0,False,-6.425,,False,False,False,2.467,inf
gen_00285,13,0,False,-7.918,,False,False,False,2.68,inf
gen_00286,16,0,False,-7.91,,False,False,False,2.414,inf
gen_00287,5,0,False,-7.704,,False,False,False,2.686,inf
gen_00288,4,0,False,-6.793,,False,False,False,2.677,inf
gen_00289,14,0,False,-6.88,,False,False,False,2.429,inf
gen_00290,8,0,False,-6.804,,False,False,False,2.657,inf
gen_00291,15,0,False,-7.957,,False,False,False,2.676,inf
gen_00292,2,0,False,-8.364,,False,False,False,2.406,inf
gen_00293,11,0,False,-7.32,,False,False,False,2.314,inf
gen_00294,5,0,False,-6.489,,False,False,False,2.673,inf
gen_00295,4,0,False,-8.381,,False,False,False,2.776,5.689
gen_00296,1,0,False,-7.976,,False,False,False,2.789,inf
gen_00297,5,0,False,-7.493,,False,False,False,2.284,inf
gen_00298,2,0,False,-7.691,,False,False,False,2.748,inf
gen_00299,2,0,False,-7.744,,False,False,False,2.661,inf
gen_00300,4,2,True,-6.26,-6.26,False,True,True,2.768,2.797
gen_00301,12,0,False,-7.164,,False,False,False,2.631,inf
gen_00302,10,0,False,-7.636,,False,False,False,2.365,4.809
gen_00303,3,0,False,-6.709,,False,False,False,2.783,8.773
gen_00304,6,0,False,-7.754,,False,False,False,2.45,inf
gen_00305,15,0,False,-6.527,,False,False,False,2.51,inf
gen_00306,6,0,False,-8.292,,False,False,False,15.349,inf
gen_00307,12,0,False,-8.183,,False,False,False,2.337,inf
gen_00308,6,0,False,-7.736,,False,False,False,2.445,inf
gen_00309,2,0,False,-7.336,,False,False,False,6.709,3.895
gen_00310,16,0,False,-7.005,,False,False,False,2.7,inf
gen_00311,6,0,False,-8.408,,False,False,False,10.212,inf
gen_00312,7,0,False,-8.346,,False,False,False,2.671,4.655
gen_00313,16,0,False,-7.31,,False,False,False,2.393,inf
gen_00314,4,0,False,-7.414,,False,False,False,2.701,inf
gen_00315,4,0,False,-7.769,,False,False,False,2.788,inf
gen_00316,9,0,False,-6.683,,False,False,False,2.791,inf
gen_00317,2,0,False,-7.972,,False,False,False,3.01,inf
gen_00318,3,0,False,-7.429,,False,False,False,2.827,inf
gen_00319,2,0,False,-7.295,,False,False,False,8.856,6.452
gen_00320,4,0,False,-7.664,,False,False,False,2.581,inf
gen_00321,10,0,False,-8.334,,False,False,False,2.229,inf
gen_00322,12,0,False,-7.422,,False,False,False,2.421,inf
gen_00323,11,0,False,-8.074,,False,False,False,2.31,inf
gen_00324,4,4,True,-7.499,-7.499,True,True,True,2.207,2.93
gen_00325,9,0,False,-6.798,,False,False,False,2.65,2.924
gen_00326,1,0,False,-6.932,,False,False,False,2.798,inf
gen_00327,12,0,False,-7.599,,False,False,False,2.497,inf
gen_00328,11,0,False,-7.197,,False,False,False,2.409,inf
gen_00329,1,0,False,-7.138,,False,False,False,2.724,inf
gen_00330,8,0,False,-7.783,,False,False,False,2.558,inf
gen_00331,4,0,False,-7.512,,False,False,False,2.678,inf
gen_00332,10,0,False,-7.951,,False,False,False,2.686,inf
gen_00333,7,0,False,-8.361,,False,False,False,2.696,inf
gen_00334,6,0,False,-7.832,,False,False,False,2.588,inf
gen_00335,11,0,False,-8.327,,False,False,False,3.746,5.312
gen_00336,15,0,False,-7.194,,False,False,False,2.393,inf
gen_00337,4,0,False,-7.169,,False,False,False,2.768,inf
gen_00338,14,7,True,-8.167,-8.167,True,True,True,2.533,2.934
gen_00339,13,0,False,-7.857,,False,False,False,2.597,inf
gen_00340,4,0,False,-8.041,,False,False,False,2.444,5.924
gen_00341,7,0,False,-7.03,,False,False,False,2.631,3.973
gen_00342,12,2,True,-7.584,-7.584,True,True,True,2.519,3.385
gen_00343,5,0,False,-7.624,,False,False,False,3.378,inf
gen_00344,11,0,False,-6.079,,False,False,False,2.488,inf
gen_00345,12,11,True,-6.271,-6.271,False,True,True,2.692,2.763
gen_00346,4,0,False,-7.18,,False,False,False,2.82,inf
gen_00347,2,0,False,-7.508,,False,False,False,2.784,inf
gen_00348,4,0,False,-6.692,,False,False,False,2.336,inf
gen_00349,15,0,False,-6.563,,False,False,False,2.664,inf
gen_00350,13,0,False,-8.088,,False,False,False,2.197,inf
gen_00351,5,0,False,-6.999,,False,False,False,2.474,inf
gen_00352,5,0,False,-7.446,,False,False,False,2.6,inf
gen_00353,12,0,False,-8.558,,False,False,False,2.327,inf
gen_00354,4,0,False,-7.28,,False,False,False,4.286,inf
gen_00355,7,7,True,-7.51,-7.51,True,True,True,2.191,2.933
gen_00356,8,0,False,-8.508,,False,False,False,2.684,inf
gen_00357,4,0,False,-8.175,,False,False,False,2.725,inf
gen_00358,5,5,True,-6.935,-6.935,True,True,False,2.268,3.178
gen_00359,6,0,False,-8.452,,False,False,False,2.48,7.624
gen_00360,4,0,False,-8.023,,False,False,False,2.755,inf
gen_00361,1,0,False,-6.761,,False,False,False,2.483,inf
gen_00362,8,0,False,-7.533,,False,False,False,2.659,inf
gen_00363,13,0,False,-8.159,,False,False,False,2.583,inf
gen_00364,6,0,False,-7.404,,False,False,False,2.683,inf
gen_00365,3,0,False,-8.014,,False,False,False,2.729,inf
gen_00366,1,0,False,-7.232,,False,False,False,2.468,inf
gen_00367,7,0,False,-5.941,,False,False,False,2.479,3.782
gen_00368,2,0,False,-7.468,,False,False,False,2.706,inf
gen_00369,6,0,False,-7.729,,False,False,False,2.666,inf
gen_00370,16,0,False,-6.56,,False,False,False,2.675,inf
gen_00371,8,0,False,-7.513,,False,False,False,2.471,inf
gen_00372,2,0,False,-8.992,,False,False,False,2.637,inf
gen_00373,5,0,False,-6.937,,False,False,False,12.149,inf
gen_00374,6,0,False,-7.472,,False,False,False,2.67,inf
gen_00375,6,0,False,-7.775,,False,False,False,2.585,inf
gen_00376,9,1,True,-7.342,-7.133,True,True,False,2.556,2.984
gen_00377,11,0,False,-6.897,,False,False,False,2.389,inf
gen_00378,8,0,False,-7.643,,False,False,False,2.704,inf
gen_00379,10,0,False,-7.711,,False,False,False,2.202,inf
gen_00380,13,0,False,-6.999,,False,False,False,2.201,inf
gen_00381,4,0,False,-8.348,,False,False,False,2.732,inf
gen_00382,3,0,False,-6.69,,False,False,False,2.193,inf
gen_00383,7,0,False,-7.777,,False,False,False,3.641,inf
gen_00384,3,0,False,-6.695,,False,False,False,2.464,inf
gen_00385,4,0,False,-7.256,,False,False,False,2.78,inf
gen_00386,8,0,False,-7.664,,False,False,False,2.679,inf
gen_00387,6,0,False,-9.058,,False,False,False,2.347,inf
gen_00388,7,0,False,-6.841,,False,False,False,2.651,inf
gen_00389,9,0,False,-8.224,,False,False,False,2.738,5.492
gen_00390,14,2,True,-6.618,-6.259,False,True,True,2.225,3.051
gen_00391,12,0,False,-7.172,,False,False,False,2.243,inf
gen_00392,7,0,False,-7.794,,False,False,False,2.783,inf
gen_00393,4,0,False,-6.875,,False,False,False,2.365,inf
gen_00394,4,0,False,-7.433,,False,False,False,2.728,inf
gen_00395,14,0,False,-7.373,,False,False,False,2.463,inf
gen_00396,2,0,False,-6.311,,False,False,False,2.78,inf
gen_00397,6,0,False,-7.51,,False,False,False,2.696,inf
gen_00398,9,0,False,-7.554,,False,False,False,2.235,inf
gen_00399,3,0,False,-7.302,,False,False,False,2.754,4.174
gen_00400,15,0,False,-7.894,,False,False,False,2.714,inf
gen_00401,2,0,False,-7.266,,False,False,False,2.735,inf
gen_00402,2,0,False,-8.303,,False,False,False,2.768,inf
gen_00403,3,0,False,-7.649,,False,False,False,2.552,inf
gen_00404,5,0,False,-7.581,,False,False,False,2.774,inf
gen_00405,10,0,False,-7.073,,False,False,False,2.246,inf
gen_00406,10,0,False,-7.139,,False,False,False,2.758,inf
gen_00407,3,0,False,-9.012,,False,False,False,2.731,inf
gen_00408,6,5,True,-7.3,-7.3,True,True,False,2.74,3.155
gen_00409,8,0,False,-8.176,,False,False,False,2.408,inf
gen_00410,13,0,False,-7.434,,False,False,False,2.712,inf
gen_00411,2,0,False,-7.679,,False,False,False,2.37,inf
gen_00412,4,0,False,-7.472,,False,False,False,2.609,inf
gen_00413,11,0,False,-7.557,,False,False,False,2.542,inf
gen_00414,10,0,False,-6.535,,False,False,False,2.642,inf
gen_00415,1,0,False,-153.905,,False,False,False,10.223,inf
gen_00416,14,0,False,-7.019,,False,False,False,2.735,inf
gen_00417,3,3,True,-7.138,-7.138,True,True,True,2.727,2.88
gen_00418,6,0,False,-7.078,,False,False,False,2.724,inf
gen_00419,6,0,False,-7.448,,False,False,False,2.321,inf
gen_00420,4,0,False,-8.523,,False,False,False,2.724,inf
gen_00421,7,0,False,-6.523,,False,False,False,2.732,3.602
gen_00422,10,0,False,-7.707,,False,False,False,4.426,inf
gen_00423,3,0,False,-7.41,,False,False,False,10.281,inf
gen_00424,9,0,False,-7.256,,False,False,False,2.275,inf
gen_00425,3,0,False,-7.511,,False,False,False,3.187,inf
gen_00426,5,0,False,-8.888,,False,False,False,2.583,5.459
gen_00427,4,0,False,-6.951,,False,False,False,6.078,inf
gen_00428,4,0,False,-7.741,,False,False,False,2.743,inf
gen_00429,6,0,False,-8.073,,False,False,False,2.636,inf
gen_00430,7,0,False,-7.859,,False,False,False,2.542,inf
gen_00431,4,0,False,-7.852,,False,False,False,3.077,inf
gen_00432,6,0,False,-7.568,,False,False,False,2.729,inf
gen_00433,11,0,False,-7.753,,False,False,False,2.872,inf
gen_00434,4,0,False,-7.531,,False,False,False,2.526,inf
gen_00435,5,0,False,-8.166,,False,False,False,2.66,inf
gen_00436,12,0,False,-8.29,,False,False,False,2.691,inf
gen_00437,5,5,True,-7.289,-7.289,True,True,True,2.745,2.669
gen_00438,9,0,False,-7.023,,False,False,False,2.206,inf
gen_00439,4,0,False,-7.677,,False,False,False,5.482,inf
gen_00440,1,1,True,-7.856,-7.856,True,True,True,2.201,2.936
gen_00441,5,0,False,-6.733,,False,False,False,2.398,inf
gen_00442,9,0,False,-7.057,,False,False,False,2.159,inf
gen_00443,1,0,False,-7.249,,False,False,False,2.53,inf
gen_00444,12,0,False,-7.615,,False,False,False,2.618,3.889
gen_00445,8,0,False,-7.498,,False,False,False,2.391,inf
gen_00446,13,0,False,-7.472,,False,False,False,2.644,inf
gen_00447,10,8,True,-7.198,-7.198,True,True,True,2.714,2.816
gen_00448,6,0,False,-7.689,,False,False,False,9.17,inf
gen_00449,2,0,False,-7.988,,False,False,False,2.615,4.398
gen_00450,1,0,False,-7.391,,False,False,False,7.892,2.806
gen_00451,6,0,False,-7.537,,False,False,False,2.442,inf
gen_00452,8,0,False,-9.163,,False,False,False,2.63,inf
gen_00453,1,1,True,-7.027,-7.027,True,True,False,2.675,2.901
gen_00454,1,0,False,-8.134,,False,False,False,2.491,inf
gen_00455,12,0,False,-7.674,,False,False,False,2.521,inf
gen_00456,5,0,False,-7.046,,False,False,False,2.752,inf
gen_00457,3,3,True,-7.767,-7.767,True,True,True,2.723,2.847
gen_00458,3,0,False,-7.318,,False,False,False,2.431,7.109
gen_00459,9,0,False,-7.864,,False,False,False,2.4,inf
gen_00460,2,0,False,-8.148,,False,False,False,2.838,inf
gen_00461,4,0,False,-7.844,,False,False,False,2.737,inf
gen_00462,14,0,False,-8.0,,False,False,False,2.23,inf
gen_00463,4,0,False,-8.804,,False,False,False,2.684,inf
gen_00464,13,0,False,-7.432,,False,False,False,2.443,inf
gen_00465,8,0,False,-6.723,,False,False,False,2.734,inf
gen_00466,9,0,False,-7.767,,False,False,False,2.164,inf
gen_00467,10,0,False,-8.273,,False,False,False,2.534,5.636
gen_00468,10,0,False,-7.179,,False,False,False,2.453,inf
gen_00469,8,0,False,-8.056,,False,False,False,2.327,inf
gen_00470,5,0,False,-7.382,,False,False,False,2.573,inf
gen_00471,6,0,False,-7.306,,False,False,False,2.714,inf
gen_00472,12,3,True,-6.672,-6.665,False,True,True,2.304,3.258
gen_00473,13,0,False,-6.837,,False,False,False,2.774,inf
gen_00474,4,0,False,-7.916,,False,False,False,2.637,inf
gen_00475,3,0,False,-6.915,,False,False,False,2.714,inf
gen_00476,12,0,False,-7.679,,False,False,False,2.642,inf
gen_00477,6,0,False,-8.704,,False,False,False,2.841,inf
gen_00478,13,12,True,-8.511,-8.511,True,True,True,2.536,2.937
gen_00479,5,0,False,-7.371,,False,False,False,2.55,inf
gen_00480,8,0,False,-7.315,,False,False,False,2.682,inf
gen_00481,1,0,False,-7.382,,False,False,False,2.41,inf
gen_00482,11,0,False,-7.47,,False,False,False,2.407,inf
gen_00483,10,0,False,-7.568,,False,False,False,2.641,inf
gen_00484,2,0,False,-8.172,,False,False,False,2.743,inf
gen_00485,9,0,False,-7.35,,False,False,False,5.246,inf
gen_00486,2,0,False,-7.087,,False,False,False,2.24,inf
gen_00487,6,0,False,-7.382,,False,False,False,2.642,2.717
gen_00488,2,0,False,-6.392,,False,False,False,2.738,inf
gen_00489,8,0,False,-7.279,,False,False,False,2.704,inf
gen_00490,8,0,False,-7.051,,False,False,False,2.216,inf
gen_00491,5,0,False,-7.373,,False,False,False,2.739,inf
gen_00492,9,0,False,-7.539,,False,False,False,2.692,inf
gen_00493,4,0,False,-7.162,,False,False,False,2.729,inf
gen_00494,7,0,False,-7.703,,False,False,False,2.647,inf
gen_00495,1,0,False,-7.271,,False,False,False,2.709,inf
gen_00496,1,0,False,-7.568,,False,False,False,2.669,6.783
gen_00497,2,0,False,-8.755,,False,False,False,2.719,inf
gen_00498,2,0,False,-8.298,,False,False,False,2.519,inf
gen_00499,2,0,False,-7.181,,False,False,False,2.769,inf
gen_00500,13,0,False,-7.958,,False,False,False,2.651,inf
gen_00501,5,0,False,-7.406,,False,False,False,2.741,inf
gen_00502,4,0,False,-7.803,,False,False,False,2.716,3.908
gen_00503,1,0,False,-7.529,,False,False,False,3.318,inf
gen_00504,2,0,False,-8.785,,False,False,False,2.668,inf
gen_00505,14,2,True,-7.357,-7.357,True,True,True,2.666,3.0
gen_00506,13,0,False,-7.966,,False,False,False,2.501,2.806
gen_00507,8,0,False,-7.824,,False,False,False,2.308,inf
gen_00508,10,0,False,-7.139,,False,False,False,2.591,inf
gen_00509,2,2,True,-7.346,-7.346,True,True,False,2.69,2.953
gen_00510,10,0,False,-8.13,,False,False,False,2.621,inf
gen_00511,8,2,True,-6.258,-6.16,False,True,True,2.7,3.054
gen_00512,1,0,False,-7.367,,False,False,False,9.815,4.603
gen_00513,4,0,False,-6.954,,False,False,False,3.002,inf
gen_00514,2,0,False,-6.607,,False,False,False,2.65,inf
gen_00515,14,0,False,-7.364,,False,False,False,2.686,inf
gen_00516,2,0,False,-6.907,,False,False,False,2.606,inf
gen_00517,11,0,False,-7.554,,False,False,False,2.701,inf
gen_00518,2,0,False,-8.355,,False,False,False,2.748,inf
gen_00519,14,0,False,-7.068,,False,False,False,2.517,inf
gen_00520,5,0,False,-6.568,,False,False,False,2.724,inf
gen_00521,7,0,False,-7.463,,False,False,False,3.21,inf
gen_00522,2,0,False,-7.52,,False,False,False,2.627,inf
gen_00523,8,0,False,-7.619,,False,False,False,2.365,inf
gen_00524,6,0,False,-8.083,,False,False,False,2.34,inf
gen_00525,12,0,False,-7.632,,False,False,False,2.727,inf
gen_00526,7,0,False,-7.23,,False,False,False,4.802,3.28
gen_00527,12,0,False,-6.319,,False,False,False,2.709,inf
gen_00528,4,0,False,-6.862,,False,False,False,2.658,5.233
gen_00529,5,0,False,-7.274,,False,False,False,2.645,inf
gen_00530,11,0,False,-6.944,,False,False,False,2.643,4.21
gen_00531,6,0,False,-8.516,,False,False,False,2.68,6.945
gen_00532,8,0,False,-8.149,,False,False,False,2.63,inf
gen_00533,11,0,False,-7.815,,False,False,False,2.678,3.952
gen_00534,9,0,False,-7.452,,False,False,False,2.455,inf
gen_00535,6,0,False,-7.638,,False,False,False,2.67,5.254
gen_00536,10,0,False,-7.043,,False,False,False,2.687,inf
gen_00537,4,0,False,-8.269,,False,False,False,2.22,inf
gen_00538,3,0,False,-7.528,,False,False,False,2.497,inf
gen_00539,6,0,False,-8.175,,False,False,False,2.797,inf
gen_00540,8,0,False,-8.15,,False,False,False,2.738,2.957
gen_00541,12,0,False,-6.429,,False,False,False,2.512,inf
gen_00542,10,0,False,-7.441,,False,False,False,2.441,4.98
gen_00543,8,0,False,-7.877,,False,False,False,2.764,inf
gen_00544,9,0,False,-8.196,,False,False,False,2.665,inf
gen_00545,2,0,False,-8.556,,False,False,False,2.672,inf
gen_00546,2,0,False,-7.751,,False,False,False,2.812,inf
gen_00547,13,0,False,-8.029,,False,False,False,2.441,inf
gen_00548,5,0,False,-7.988,,False,False,False,2.768,inf
gen_00549,16,0,False,-7.717,,False,False,False,2.535,inf
gen_00550,3,0,False,-7.446,,False,False,False,2.811,inf
gen_00551,4,0,False,-7.842,,False,False,False,2.586,inf
gen_00552,4,0,False,-7.152,,False,False,False,2.31,inf
gen_00553,7,0,False,-7.17,,False,False,False,2.757,inf
gen_00554,8,0,False,-7.716,,False,False,False,2.773,inf
gen_00555,10,0,False,-7.614,,False,False,False,6.834,inf
gen_00556,7,0,False,-8.522,,False,False,False,2.737,inf
gen_00557,10,0,False,-7.717,,False,False,False,2.757,inf
gen_00558,3,0,False,-7.11,,False,False,False,2.693,inf
gen_00559,11,0,False,-8.439,,False,False,False,2.672,5.071
gen_00560,4,0,False,-7.708,,False,False,False,2.753,4.388
gen_00561,1,1,True,-7.411,-7.411,True,True,True,2.821,3.233
gen_00562,5,0,False,-7.606,,False,False,False,2.201,inf
gen_00563,13,1,True,-8.225,-7.927,True,True,False,2.195,2.748
gen_00564,6,0,False,-7.379,,False,False,False,2.562,2.877
gen_00565,3,0,False,-8.331,,False,False,False,2.7,inf
gen_00566,8,0,False,-7.714,,False,False,False,2.277,inf
gen_00567,4,0,False,-6.643,,False,False,False,2.306,inf
gen_00568,11,0,False,-7.252,,False,False,False,2.634,inf
gen_00569,2,0,False,-8.708,,False,False,False,2.496,inf
gen_00570,1,0,False,-7.275,,False,False,False,2.599,5.948
gen_00571,10,0,False,-6.226,,False,False,False,2.713,inf
gen_00572,8,0,False,-8.166,,False,False,False,2.657,inf
gen_00573,4,0,False,-6.9,,False,False,False,2.413,inf
gen_00574,6,0,False,-6.984,,False,False,False,2.738,inf
gen_00575,3,0,False,-7.646,,False,False,False,2.66,inf
gen_00576,5,0,False,-6.801,,False,False,False,2.74,inf
gen_00577,10,0,False,-8.056,,False,False,False,2.646,inf
gen_00578,4,0,False,-7.78,,False,False,False,10.337,inf
gen_00579,4,0,False,-7.899,,False,False,False,14.212,6.078
gen_00580,2,0,False,-7.939,,False,False,False,2.761,inf
gen_00581,14,3,True,-7.346,-7.146,True,True,True,2.727,2.932
gen_00582,6,0,False,-8.275,,False,False,False,2.348,inf
gen_00583,2,0,False,-6.882,,False,False,False,2.65,5.671
gen_00584,9,0,False,-7.58,,False,False,False,2.657,inf
gen_00585,3,0,False,-7.484,,False,False,False,3.269,6.113
gen_00586,5,0,False,-6.547,,False,False,False,2.611,inf
gen_00587,8,0,False,-7.614,,False,False,False,2.722,inf
gen_00588,13,0,False,-7.566,,False,False,False,2.328,inf
gen_00589,2,0,False,-8.167,,False,False,False,2.773,inf
gen_00590,3,0,False,-8.087,,False,False,False,2.543,inf
gen_00591,10,0,False,-6.772,,False,False,False,2.638,inf
gen_00592,2,0,False,-7.058,,False,False,False,2.765,inf
gen_00593,10,0,False,-8.117,,False,False,False,2.27,inf
gen_00594,1,0,False,-7.71,,False,False,False,2.57,inf
gen_00595,8,0,False,-7.188,,False,False,False,2.201,inf
gen_00596,4,0,False,-7.281,,False,False,False,3.852,inf
gen_00597,1,0,False,-7.135,,False,False,False,2.77,4.439
gen_00598,10,0,False,-6.972,,False,False,False,2.301,inf
gen_00599,7,0,False,-7.262,,False,False,False,2.565,inf
gen_00600,11,0,False,-7.728,,False,False,False,2.541,inf
gen_00601,13,0,False,-7.407,,False,False,False,2.639,inf
gen_00602,1,0,False,-7.649,,False,False,False,2.677,7.074
gen_00603,12,0,False,-7.286,,False,False,False,2.664,4.819
gen_00604,13,0,False,-8.684,,False,False,False,2.613,inf
gen_00605,7,0,False,-7.952,,False,False,False,2.162,3.968
gen_00606,13,0,False,-7.118,,False,False,False,2.823,4.051
gen_00607,1,0,False,-148.62,,False,False,False,6.466,inf
gen_00608,5,0,False,-8.232,,False,False,False,8.53,2.861
gen_00609,5,0,False,-7.449,,False,False,False,2.76,inf
gen_00610,7,0,False,-7.791,,False,False,False,2.416,inf
gen_00611,2,0,False,-6.748,,False,False,False,2.817,9.679
gen_00612,7,7,True,-7.549,-7.549,True,True,True,2.72,2.972
gen_00613,4,0,False,-6.945,,False,False,False,2.206,inf
gen_00614,4,0,False,-7.061,,False,False,False,2.365,inf
gen_00615,4,0,False,-7.486,,False,False,False,2.561,5.714
gen_00616,2,0,False,-6.633,,False,False,False,2.249,4.552
gen_00617,2,0,False,-6.838,,False,False,False,2.653,inf
gen_00618,14,0,False,-7.331,,False,False,False,2.416,inf
gen_00619,7,0,False,-7.492,,False,False,False,2.473,inf
gen_00620,3,0,False,-6.731,,False,False,False,2.686,inf
gen_00621,6,0,False,-7.369,,False,False,False,10.593,inf
gen_00622,13,0,False,-7.329,,False,False,False,2.62,inf
gen_00623,10,0,False,-7.672,,False,False,False,2.682,inf
gen_00624,8,4,True,-8.01,-7.888,True,True,True,2.708,2.925
gen_00625,6,0,False,-8.287,,False,False,False,2.737,inf
gen_00626,7,0,False,-7.785,,False,False,False,2.718,inf
gen_00627,5,0,False,-7.715,,False,False,False,2.762,inf
gen_00628,5,0,False,-8.068,,False,False,False,2.719,inf
gen_00629,14,0,False,-7.232,,False,False,False,2.257,inf
gen_00630,11,0,False,-8.153,,False,False,False,2.606,inf
gen_00631,13,0,False,-7.056,,False,False,False,2.207,inf
gen_00632,14,0,False,-6.515,,False,False,False,2.637,inf
gen_00633,6,0,False,-7.373,,False,False,False,2.286,inf
gen_00634,9,0,False,-7.032,,False,False,False,2.369,inf
gen_00635,5,0,False,-7.479,,False,False,False,2.69,inf
gen_00636,5,0,False,-7.487,,False,False,False,2.288,inf
gen_00637,2,0,False,-7.046,,False,False,False,2.709,5.207
gen_00638,4,0,False,-8.171,,False,False,False,3.279,inf
gen_00639,5,0,False,-7.557,,False,False,False,2.63,inf
gen_00640,7,0,False,-6.643,,False,False,False,2.705,inf
gen_00641,9,0,False,-8.625,,False,False,False,2.228,inf
gen_00642,8,0,False,-8.049,,False,False,False,2.673,inf
gen_00643,9,0,False,-8.354,,False,False,False,2.768,inf
gen_00644,2,0,False,-7.006,,False,False,False,2.7,inf
gen_00645,1,0,False,-7.837,,False,False,False,2.367,inf
gen_00646,2,0,False,-7.601,,False,False,False,2.649,inf
gen_00647,2,0,False,-8.33,,False,False,False,2.289,4.661
gen_00648,4,0,False,-8.51,,False,False,False,2.244,inf
gen_00649,4,0,False,-8.59,,False,False,False,2.721,5.735
gen_00650,3,0,False,-7.729,,False,False,False,2.567,inf
gen_00651,1,0,False,-7.218,,False,False,False,2.693,inf
gen_00652,4,0,False,-7.727,,False,False,False,2.736,inf
gen_00653,15,3,True,-7.847,-7.847,True,True,True,2.223,2.689
gen_00654,3,0,False,-7.882,,False,False,False,2.207,inf
gen_00655,11,0,False,-7.151,,False,False,False,2.652,inf
gen_00656,10,0,False,-7.942,,False,False,False,2.692,inf
gen_00657,4,0,False,-9.008,,False,False,False,2.49,5.192
gen_00658,3,0,False,-8.131,,False,False,False,2.355,inf
gen_00659,8,0,False,-8.007,,False,False,False,2.494,inf
gen_00660,5,0,False,-7.456,,False,False,False,2.604,inf
gen_00661,4,0,False,-7.163,,False,False,False,2.754,inf
gen_00662,12,0,False,-7.293,,False,False,False,2.449,4.195
gen_00663,2,0,False,-7.268,,False,False,False,2.802,inf
gen_00664,1,0,False,-7.664,,False,False,False,2.75,inf
gen_00665,6,0,False,-7.091,,False,False,False,2.683,inf
gen_00666,3,0,False,-7.33,,False,False,False,2.677,inf
gen_00667,12,0,False,-7.636,,False,False,False,2.629,inf
gen_00668,3,0,False,-6.801,,False,False,False,2.202,inf
gen_00669,4,0,False,-6.956,,False,False,False,2.756,inf
gen_00670,12,0,False,-5.844,,False,False,False,2.653,inf
gen_00671,8,0,False,-7.242,,False,False,False,2.502,inf
gen_00672,5,0,False,-7.462,,False,False,False,4.426,inf
gen_00673,5,0,False,-8.082,,False,False,False,2.201,inf
gen_00674,2,0,False,-8.119,,False,False,False,2.92,inf
gen_00675,9,0,False,-6.638,,False,False,False,2.76,inf
gen_00676,7,0,False,-8.358,,False,False,False,2.679,inf
gen_00677,2,0,False,-7.355,,False,False,False,2.612,inf
gen_00678,12,0,False,-7.804,,False,False,False,2.432,inf
gen_00679,5,0,False,-6.893,,False,False,False,2.245,inf
gen_00680,10,0,False,-7.622,,False,False,False,2.588,inf
gen_00681,4,0,False,-8.147,,False,False,False,2.714,inf
gen_00682,6,0,False,-8.012,,False,False,False,2.486,inf
gen_00683,9,0,False,-8.394,,False,False,False,2.697,4.768
gen_00684,6,0,False,-7.804,,False,False,False,2.672,inf
gen_00685,9,0,False,-6.87,,False,False,False,2.718,inf
gen_00686,8,0,False,-7.952,,False,False,False,2.707,inf
gen_00687,6,0,False,-7.425,,False,False,False,2.206,7.025
gen_00688,7,0,False,-6.96,,False,False,False,2.731,inf
gen_00689,1,0,False,-7.461,,False,False,False,2.754,inf
gen_00690,9,0,False,-7.993,,False,False,False,2.512,inf
gen_00691,5,0,False,-7.07,,False,False,False,2.315,inf
gen_00692,1,0,False,-7.898,,False,False,False,2.76,inf
gen_00693,6,0,False,-8.246,,False,False,False,2.764,inf
gen_00694,8,0,False,-6.246,,False,False,False,2.577,inf
gen_00695,15,0,False,-7.429,,False,False,False,7.689,7.537
gen_00696,1,0,False,-6.942,,False,False,False,2.795,inf
gen_00697,6,0,False,-8.147,,False,False,False,3.409,inf
gen_00698,15,10,True,-7.716,-7.716,True,True,True,2.203,2.811
gen_00699,10,0,False,-6.705,,False,False,False,2.725,inf
gen_00700,6,0,False,-7.695,,False,False,False,2.758,inf
gen_00701,4,4,True,-7.175,-7.175,True,True,False,2.299,2.974
gen_00702,9,0,False,-6.542,,False,False,False,2.481,inf
gen_00703,8,0,False,-7.454,,False,False,False,2.43,inf
gen_00704,12,0,False,-6.928,,False,False,False,2.433,inf
gen_00705,2,0,False,-8.907,,False,False,False,2.76,inf
gen_00706,14,0,False,-8.68,,False,False,False,2.2,inf
gen_00707,2,0,False,-8.146,,False,False,False,14.345,inf
gen_00708,5,0,False,-7.697,,False,False,False,2.74,5.514
gen_00709,5,0,False,-6.641,,False,False,False,2.199,inf
gen_00710,8,0,False,-7.851,,False,False,False,2.715,inf
gen_00711,4,4,True,-7.916,-7.916,True,True,True,2.727,2.912
gen_00712,13,0,False,-8.181,,False,False,False,2.665,inf
gen_00713,3,0,False,-6.275,,False,False,False,2.239,inf
gen_00714,13,0,False,-6.841,,False,False,False,2.671,inf
gen_00715,3,0,False,-6.987,,False,False,False,2.748,inf
gen_00716,8,0,False,-7.665,,False,False,False,2.7,inf
gen_00717,3,0,False,-6.503,,False,False,False,2.796,inf
gen_00718,14,6,True,-7.656,-7.656,True,True,True,2.647,2.95
gen_00719,2,0,False,-8.365,,False,False,False,2.264,inf
gen_00720,1,0,False,-7.848,,False,False,False,7.679,inf
gen_00721,3,0,False,-7.651,,False,False,False,2.199,3.673
gen_00722,1,0,False,-7.533,,False,False,False,4.367,inf
gen_00723,2,0,False,-6.906,,False,False,False,10.142,inf
gen_00724,5,0,False,-7.455,,False,False,False,2.821,inf
gen_00725,3,0,False,-7.191,,False,False,False,2.293,inf
gen_00726,12,1,True,-6.141,-5.675,False,True,True,2.339,2.848
gen_00727,7,0,False,-7.244,,False,False,False,2.765,10.522
gen_00728,4,0,False,-7.864,,False,False,False,2.638,inf
gen_00729,1,0,False,-8.167,,False,False,False,2.591,inf
gen_00730,4,0,False,-6.499,,False,False,False,2.83,3.535
gen_00731,9,0,False,-7.545,,False,False,False,2.387,inf
gen_00732,7,0,False,-7.22,,False,False,False,2.493,inf
gen_00733,1,0,False,-6.842,,False,False,False,3.682,2.959
gen_00734,6,0,False,-7.103,,False,False,False,2.446,inf
gen_00735,2,0,False,-7.926,,False,False,False,2.621,inf
gen_00736,6,0,False,-7.552,,False,False,False,2.654,inf
gen_00737,7,0,False,-7.546,,False,False,False,2.672,inf
gen_00738,10,0,False,-7.144,,False,False,False,2.551,inf
gen_00739,9,0,False,-8.004,,False,False,False,2.686,inf
gen_00740,6,0,False,-8.675,,False,False,False,2.669,5.34
gen_00741,1,0,False,-7.437,,False,False,False,3.807,inf
gen_00742,12,0,False,-7.157,,False,False,False,2.534,inf
gen_00743,16,0,False,-6.3,,False,False,False,2.389,inf
gen_00744,4,0,False,-6.541,,False,False,False,2.196,inf
gen_00745,13,3,True,-7.351,-7.351,True,True,True,2.253,3.101
gen_00746,4,0,False,-7.212,,False,False,False,2.806,inf
gen_00747,2,0,False,-7.619,,False,False,False,2.794,7.562
gen_00748,10,0,False,-7.358,,False,False,False,2.605,inf
gen_00749,2,0,False,-8.489,,False,False,False,2.691,4.909
gen_00750,2,0,False,-7.866,,False,False,False,2.702,inf
gen_00751,13,0,False,-6.818,,False,False,False,2.583,inf
gen_00752,10,0,False,-7.636,,False,False,False,2.62,inf
gen_00753,2,0,False,-7.076,,False,False,False,2.606,6.021
gen_00754,1,0,False,-7.336,,False,False,False,2.706,11.503
gen_00755,3,0,False,-6.699,,False,False,False,2.688,inf
gen_00756,3,0,False,-7.038,,False,False,False,2.425,inf
gen_00757,2,0,False,-7.878,,False,False,False,9.494,inf
gen_00758,8,8,True,-8.516,-8.516,True,True,True,2.707,2.843
gen_00759,10,0,False,-6.525,,False,False,False,2.699,4.043
gen_00760,5,0,False,-7.157,,False,False,False,2.708,inf
gen_00761,4,0,False,-7.147,,False,False,False,3.145,inf
gen_00762,4,0,False,-6.586,,False,False,False,2.703,inf
gen_00763,13,0,False,-6.887,,False,False,False,2.299,inf
gen_00764,12,0,False,-7.331,,False,False,False,2.547,inf
gen_00765,8,0,False,-7.558,,False,False,False,2.633,inf
gen_00766,7,0,False,-7.788,,False,False,False,2.204,4.012
gen_00767,3,0,False,-8.628,,False,False,False,2.72,inf
gen_00768,8,0,False,-7.787,,False,False,False,2.207,inf
gen_00769,2,0,False,-7.818,,False,False,False,2.716,inf
gen_00770,7,0,False,-8.014,,False,False,False,15.393,inf
gen_00771,8,0,False,-7.171,,False,False,False,2.417,inf
gen_00772,2,0,False,-7.573,,False,False,False,2.801,inf
gen_00773,8,8,True,-5.954,-5.954,False,True,True,2.385,2.887
gen_00774,7,0,False,-7.596,,False,False,False,2.676,4.658
gen_00775,4,0,False,-6.199,,False,False,False,2.706,inf
gen_00776,2,0,False,-7.164,,False,False,False,2.753,inf
gen_00777,8,0,False,-7.61,,False,False,False,2.7,inf
gen_00778,4,0,False,-7.03,,False,False,False,2.757,inf
gen_00779,2,0,False,-7.011,,False,False,False,2.755,inf
gen_00780,7,3,True,-7.38,-7.341,True,True,True,2.703,2.985
gen_00781,14,0,False,-7.766,,False,False,False,2.684,inf
gen_00782,6,0,False,-7.49,,False,False,False,2.761,6.052
gen_00783,3,0,False,-7.301,,False,False,False,2.758,inf
gen_00784,15,0,False,-7.231,,False,False,False,8.689,8.195
gen_00785,10,0,False,-7.261,,False,False,False,2.476,inf
gen_00786,13,0,False,-7.21,,False,False,False,4.338,inf
gen_00787,6,0,False,-8.012,,False,False,False,2.556,inf
gen_00788,4,0,False,-7.942,,False,False,False,2.735,inf
gen_00789,14,0,False,-8.061,,False,False,False,2.202,inf
gen_00790,2,0,False,-7.818,,False,False,False,2.705,inf
gen_00791,8,0,False,-7.49,,False,False,False,2.695,inf
gen_00792,12,0,False,-7.347,,False,False,False,2.327,inf
gen_00793,2,0,False,-6.965,,False,False,False,2.813,inf
gen_00794,7,0,False,-7.607,,False,False,False,2.768,inf
gen_00795,8,0,False,-7.229,,False,False,False,2.583,inf
gen_00796,4,0,False,-7.521,,False,False,False,2.351,inf
gen_00797,5,0,False,-7.214,,False,False,False,2.482,inf
gen_00798,7,0,False,-6.75,,False,False,False,2.649,inf
gen_00799,11,0,False,-6.559,,False,False,False,2.356,inf
gen_00800,2,0,False,-7.44,,False,False,False,14.663,inf
gen_00801,4,0,False,-7.13,,False,False,False,2.427,inf
gen_00802,8,0,False,-8.048,,False,False,False,2.755,inf
gen_00803,9,0,False,-7.008,,False,False,False,2.719,3.87
gen_00804,11,0,False,-8.405,,False,False,False,2.627,inf
gen_00805,11,0,False,-7.729,,False,False,False,2.39,inf
gen_00806,10,0,False,-7.783,,False,False,False,2.361,3.114
gen_00807,9,0,False,-7.764,,False,False,False,2.401,inf
gen_00808,6,0,False,-7.099,,False,False,False,2.75,inf
gen_00809,15,0,False,-6.883,,False,False,False,2.669,4.152
gen_00810,7,0,False,-7.096,,False,False,False,2.193,inf
gen_00811,7,0,False,-6.89,,False,False,False,2.202,inf
gen_00812,12,0,False,-7.701,,False,False,False,2.542,inf
gen_00813,8,0,False,-7.665,,False,False,False,4.339,inf
gen_00814,5,0,False,-7.423,,False,False,False,2.621,inf
gen_00815,3,0,False,-6.987,,False,False,False,3.018,5.216
gen_00816,8,0,False,-7.089,,False,False,False,2.482,inf
gen_00817,9,0,False,-7.172,,False,False,False,2.199,4.68
gen_00818,8,0,False,-8.214,,False,False,False,2.57,inf
gen_00819,13,0,False,-8.139,,False,False,False,2.332,inf
gen_00820,4,0,False,-7.377,,False,False,False,2.802,7.654
gen_00821,7,0,False,-8.372,,False,False,False,2.73,5.181
gen_00822,13,0,False,-6.627,,False,False,False,2.657,4.478
gen_00823,7,0,False,-6.758,,False,False,False,7.801,5.657
gen_00824,7,0,False,-8.409,,False,False,False,2.468,inf
gen_00825,10,3,True,-8.038,-7.988,True,True,True,2.717,2.868
gen_00826,3,0,False,-6.969,,False,False,False,2.772,inf
gen_00827,4,0,False,-8.952,,False,False,False,2.657,inf
gen_00828,5,0,False,-8.045,,False,False,False,2.328,inf
gen_00829,4,0,False,-6.831,,False,False,False,2.183,4.392
gen_00830,3,0,False,-86.237,,False,False,False,5.365,5.829
gen_00831,2,0,False,-6.206,,False,False,False,2.783,inf
gen_00832,3,0,False,-7.381,,False,False,False,2.802,inf
gen_00833,4,0,False,-7.396,,False,False,False,2.807,7.74
gen_00834,3,0,False,-9.038,,False,False,False,2.714,inf
gen_00835,7,0,False,-6.855,,False,False,False,2.673,inf
gen_00836,3,0,False,-7.506,,False,False,False,2.795,inf
gen_00837,4,1,True,-7.875,-7.752,True,True,False,2.325,3.383
gen_00838,7,0,False,-8.454,,False,False,False,2.567,6.478
gen_00839,3,0,False,-7.453,,False,False,False,2.27,inf
gen_00840,13,0,False,-7.319,,False,False,False,2.53,3.813
gen_00841,4,0,False,-6.988,,False,False,False,2.303,inf
gen_00842,3,0,False,-7.585,,False,False,False,2.212,5.06
gen_00843,5,0,False,-8.222,,False,False,False,2.684,inf
gen_00844,2,0,False,-7.011,,False,False,False,2.669,inf
gen_00845,6,0,False,-7.889,,False,False,False,2.528,inf
gen_00846,7,0,False,-6.698,,False,False,False,4.978,inf
gen_00847,6,0,False,-6.329,,False,False,False,2.611,inf
gen_00848,7,5,True,-7.148,-7.148,True,True,True,2.636,2.887
gen_00849,1,0,False,-7.175,,False,False,False,2.575,5.405
gen_00850,1,0,False,-6.847,,False,False,False,2.761,inf
gen_00851,6,0,False,-8.055,,False,False,False,2.658,5.013
gen_00852,12,0,False,-8.128,,False,False,False,2.201,inf
gen_00853,3,0,False,-7.308,,False,False,False,2.815,inf
gen_00854,6,0,False,-8.459,,False,False,False,2.722,5.593
gen_00855,7,0,False,-7.41,,False,False,False,2.65,5.875
gen_00856,14,0,False,-6.505,,False,False,False,2.541,inf
gen_00857,12,0,False,-6.696,,False,False,False,2.419,inf
gen_00858,6,0,False,-6.427,,False,False,False,2.203,inf
gen_00859,8,0,False,-7.554,,False,False,False,2.68,inf
gen_00860,7,0,False,-7.893,,False,False,False,2.307,inf
gen_00861,4,0,False,-7.155,,False,False,False,2.656,inf
gen_00862,7,7,True,-7.184,-7.184,True,True,True,2.198,3.318
gen_00863,15,0,False,-7.377,,False,False,False,2.534,inf
gen_00864,3,0,False,-8.23,,False,False,False,14.598,9.731
gen_00865,16,0,False,-7.548,,False,False,False,2.388,5.253
gen_00866,7,0,False,-7.493,,False,False,False,9.715,inf
gen_00867,2,0,False,-7.578,,False,False,False,3.027,inf
gen_00868,5,0,False,-7.109,,False,False,False,2.507,inf
gen_00869,12,0,False,-7.345,,False,False,False,2.542,inf
gen_00870,4,0,False,-7.086,,False,False,False,2.53,3.399
gen_00871,12,0,False,-8.101,,False,False,False,2.662,inf
gen_00872,4,0,False,-7.027,,False,False,False,2.294,inf
gen_00873,12,0,False,-7.919,,False,False,False,2.658,inf
gen_00874,1,0,False,-8.104,,False,False,False,2.48,inf
gen_00875,1,0,False,-7.486,,False,False,False,2.757,inf
gen_00876,8,0,False,-7.14,,False,False,False,2.513,inf
gen_00877,5,0,False,-7.571,,False,False,False,2.799,inf
gen_00878,10,0,False,-7.201,,False,False,False,2.232,inf
gen_00879,7,0,False,-8.114,,False,False,False,2.645,inf
gen_00880,4,0,False,-7.38,,False,False,False,2.646,inf
gen_00881,4,0,False,-7.849,,False,False,False,13.334,inf
gen_00882,4,0,False,-7.38,,False,False,False,2.729,inf
gen_00883,14,0,False,-7.923,,False,False,False,2.667,inf
gen_00884,10,0,False,-6.957,,False,False,False,2.786,inf
gen_00885,13,0,False,-7.122,,False,False,False,2.454,inf
gen_00886,15,0,False,-7.174,,False,False,False,2.359,inf
gen_00887,10,0,False,-7.408,,False,False,False,2.843,inf
gen_00888,14,0,False,-6.406,,False,False,False,2.221,inf
gen_00889,3,0,False,-6.934,,False,False,False,2.717,inf
gen_00890,3,0,False,-7.372,,False,False,False,2.722,inf
gen_00891,11,0,False,-7.07,,False,False,False,8.007,3.895
gen_00892,2,0,False,-6.863,,False,False,False,2.791,inf
gen_00893,6,0,False,-6.7,,False,False,False,2.46,inf
gen_00894,9,0,False,-8.408,,False,False,False,2.474,inf
gen_00895,4,0,False,-8.069,,False,False,False,10.1,inf
gen_00896,2,0,False,-8.202,,False,False,False,2.758,inf
gen_00897,4,0,False,-6.873,,False,False,False,2.702,inf
gen_00898,1,0,False,-6.989,,False,False,False,2.262,inf
gen_00899,8,0,False,-6.733,,False,False,False,2.45,inf
gen_00900,9,0,False,-8.32,,False,False,False,2.503,inf
gen_00901,2,0,False,-7.225,,False,False,False,2.707,inf
gen_00902,4,0,False,-6.995,,False,False,False,2.604,inf
gen_00903,10,0,False,-8.459,,False,False,False,2.666,inf
gen_00904,7,0,False,-7.228,,False,False,False,2.407,inf
gen_00905,10,0,False,-7.574,,False,False,False,15.115,inf
gen_00906,2,0,False,-8.491,,False,False,False,2.707,4.764
gen_00907,8,0,False,-6.948,,False,False,False,2.75,inf
gen_00908,6,0,False,-8.451,,False,False,False,2.798,inf
gen_00909,12,0,False,-7.774,,False,False,False,2.813,inf
gen_00910,6,0,False,-6.983,,False,False,False,2.46,inf
gen_00911,5,0,False,-7.632,,False,False,False,2.755,inf
gen_00912,6,0,False,-7.306,,False,False,False,2.639,inf
gen_00913,11,0,False,-6.844,,False,False,False,2.541,inf
gen_00914,7,0,False,-6.943,,False,False,False,2.25,inf
gen_00915,4,0,False,-8.729,,False,False,False,2.906,inf
gen_00916,5,0,False,-7.404,,False,False,False,2.692,inf
gen_00917,3,0,False,-6.77,,False,False,False,2.727,inf
gen_00918,13,0,False,-7.269,,False,False,False,2.615,inf
gen_00919,4,0,False,-7.467,,False,False,False,2.671,inf
gen_00920,14,0,False,-6.705,,False,False,False,2.647,inf
gen_00921,2,0,False,-7.004,,False,False,False,2.666,inf
gen_00922,2,2,True,-7.941,-7.941,True,False,True,3.098,2.853
gen_00923,5,0,False,-7.064,,False,False,False,2.716,3.839
gen_00924,16,0,False,-6.748,,False,False,False,2.32,3.197
gen_00925,10,0,False,-8.574,,False,False,False,2.689,inf
gen_00926,4,0,False,-7.915,,False,False,False,8.619,8.292
gen_00927,9,0,False,-8.909,,False,False,False,2.205,inf
gen_00928,7,0,False,-7.845,,False,False,False,2.769,inf
gen_00929,13,0,False,-7.044,,False,False,False,2.641,4.503
gen_00930,11,0,False,-7.782,,False,False,False,9.705,inf
gen_00931,8,0,False,-8.362,,False,False,False,2.699,5.052
gen_00932,9,0,False,-7.408,,False,False,False,2.413,inf
gen_00933,13,0,False,-7.787,,False,False,False,2.741,inf
gen_00934,6,0,False,-7.671,,False,False,False,2.717,inf
gen_00935,2,0,False,-7.724,,False,False,False,4.583,11.354
gen_00936,2,0,False,-8.0,,False,False,False,2.993,inf
gen_00937,9,0,False,-7.417,,False,False,False,2.299,inf
gen_00938,2,0,False,-6.489,,False,False,False,2.713,inf
gen_00939,6,0,False,-7.45,,False,False,False,3.349,4.515
gen_00940,6,0,False,-7.71,,False,False,False,2.647,inf
gen_00941,11,0,False,-6.53,,False,False,False,2.555,2.679
gen_00942,8,4,True,-7.541,-7.541,True,True,True,2.314,2.955
gen_00943,4,0,False,-7.976,,False,False,False,2.233,inf
gen_00944,10,0,False,-7.476,,False,False,False,2.317,inf
gen_00945,9,0,False,-7.235,,False,False,False,2.784,inf
gen_00946,11,0,False,-7.069,,False,False,False,2.755,inf
gen_00947,6,4,True,-6.471,-6.471,False,True,True,2.38,2.957
gen_00948,10,0,False,-7.006,,False,False,False,2.207,inf
gen_00949,2,0,False,-7.809,,False,False,False,16.08,5.433
gen_00950,9,0,False,-6.572,,False,False,False,2.691,inf
gen_00951,6,0,False,-8.372,,False,False,False,2.261,inf
gen_00952,8,0,False,-8.185,,False,False,False,2.626,inf
gen_00953,4,0,False,-8.244,,False,False,False,2.707,inf
gen_00954,2,0,False,-6.868,,False,False,False,2.515,inf
gen_00955,9,0,False,-8.4,,False,False,False,2.719,inf
gen_00956,6,0,False,-7.865,,False,False,False,2.765,inf
gen_00957,4,0,False,-7.558,,False,False,False,2.387,inf
gen_00958,4,0,False,-6.295,,False,False,False,2.68,inf
gen_00959,3,0,False,-7.102,,False,False,False,2.692,inf
gen_00960,3,0,False,-9.436,,False,False,False,2.582,inf
gen_00961,11,0,False,-7.734,,False,False,False,2.328,7.583
gen_00962,6,0,False,-7.238,,False,False,False,2.796,inf
gen_00963,4,0,False,-8.404,,False,False,False,2.762,inf
gen_00964,4,0,False,-7.609,,False,False,False,2.781,inf
gen_00965,5,0,False,-7.303,,False,False,False,2.36,inf
gen_00966,11,0,False,-7.613,,False,False,False,2.495,inf
gen_00967,10,0,False,-6.487,,False,False,False,2.463,inf
gen_00968,13,0,False,-7.51,,False,False,False,2.205,inf
gen_00969,16,2,True,-7.687,-7.4,True,True,True,2.415,3.038
gen_00970,2,0,False,-7.634,,False,False,False,2.662,inf
gen_00971,7,0,False,-7.605,,False,False,False,2.37,3.838
gen_00972,5,0,False,-7.023,,False,False,False,2.604,inf
gen_00973,2,0,False,-6.937,,False,False,False,6.031,inf
gen_00974,7,0,False,-7.73,,False,False,False,2.668,6.822
gen_00975,6,0,False,-7.669,,False,False,False,8.016,4.737
gen_00976,11,0,False,-7.533,,False,False,False,2.423,inf
gen_00977,3,0,False,-6.475,,False,False,False,2.757,inf
gen_00978,2,2,True,-7.122,-7.122,True,True,False,2.781,2.804
gen_00979,2,0,False,-8.604,,False,False,False,2.662,5.718
gen_00980,10,0,False,-6.935,,False,False,False,2.632,inf
gen_00981,9,0,False,-7.026,,False,False,False,2.713,inf
gen_00982,3,0,False,-8.122,,False,False,False,2.173,6.757
gen_00983,3,0,False,-7.431,,False,False,False,2.827,inf
gen_00984,13,0,False,-7.33,,False,False,False,2.618,inf
gen_00985,9,0,False,-7.165,,False,False,False,2.734,inf
gen_00986,14,0,False,-7.589,,False,False,False,2.435,inf
gen_00987,7,0,False,-8.134,,False,False,False,2.788,inf
gen_00988,10,0,False,-7.894,,False,False,False,2.507,inf
gen_00989,1,0,False,-8.583,,False,False,False,15.03,3.211
gen_00990,9,0,False,-7.448,,False,False,False,2.676,inf
gen_00991,4,0,False,-7.35,,False,False,False,14.821,inf
gen_00992,12,0,False,-7.838,,False,False,False,2.574,inf
gen_00993,3,0,False,-7.78,,False,False,False,2.327,inf
gen_00994,14,0,False,-7.436,,False,False,False,2.202,inf
gen_00995,4,0,False,-7.589,,False,False,False,2.424,5.237
gen_00996,6,0,False,-7.32,,False,False,False,2.565,inf
gen_00997,2,0,False,-7.399,,False,False,False,2.192,inf
gen_00998,16,0,False,-7.344,,False,False,False,2.302,inf
gen_00999,6,0,False,-7.159,,False,False,False,10.934,inf
gen_01000,5,0,False,-7.143,,False,False,False,2.757,inf
gen_01001,4,2,True,-6.585,-6.585,False,True,False,2.619,3.109
gen_01002,8,0,False,-7.146,,False,False,False,2.76,5.312
gen_01003,1,0,False,-7.289,,False,False,False,2.709,inf
gen_01004,7,0,False,-7.173,,False,False,False,2.529,inf
gen_01005,3,0,False,-7.526,,False,False,False,2.639,inf
gen_01006,2,0,False,-7.693,,False,False,False,2.651,inf
gen_01007,12,0,False,-8.193,,False,False,False,2.392,4.129
gen_01008,6,0,False,-7.329,,False,False,False,2.272,6.727
gen_01009,4,0,False,-7.929,,False,False,False,2.702,inf
gen_01010,10,0,False,-7.755,,False,False,False,2.616,3.015
gen_01011,5,0,False,-7.0,,False,False,False,5.227,inf
gen_01012,15,0,False,-7.686,,False,False,False,2.544,inf
gen_01013,11,7,True,-6.719,-6.715,False,True,True,2.241,2.851
gen_01014,15,0,False,-7.652,,False,False,False,2.204,inf
gen_01015,2,0,False,-6.836,,False,False,False,3.106,inf
gen_01016,10,0,False,-7.039,,False,False,False,2.592,inf
gen_01017,5,0,False,-6.589,,False,False,False,2.731,inf
gen_01018,13,0,False,-7.201,,False,False,False,2.745,inf
gen_01019,4,0,False,-7.924,,False,False,False,3.234,inf
gen_01020,6,0,False,-8.643,,False,False,False,9.163,inf
gen_01021,6,0,False,-8.117,,False,False,False,2.419,inf
gen_01022,4,0,False,-7.336,,False,False,False,2.686,inf
gen_01023,2,0,False,-7.659,,False,False,False,2.707,inf
gen_01024,12,0,False,-7.896,,False,False,False,2.213,4.36
gen_01025,4,0,False,-8.039,,False,False,False,2.384,inf
gen_01026,8,0,False,-7.6,,False,False,False,3.871,inf
gen_01027,4,0,False,-8.221,,False,False,False,2.705,3.075
gen_01028,2,0,False,-6.859,,False,False,False,2.665,inf
gen_01029,11,0,False,-7.47,,False,False,False,13.211,4.187
gen_01030,4,0,False,-7.939,,False,False,False,2.834,6.136
gen_01031,7,0,False,-7.284,,False,False,False,2.667,inf
gen_01032,2,0,False,-7.96,,False,False,False,2.57,inf
gen_01033,6,0,False,-7.728,,False,False,False,2.692,inf
gen_01034,1,0,False,-7.453,,False,False,False,2.621,inf
gen_01035,5,0,False,-7.808,,False,False,False,2.804,inf
gen_01036,2,2,True,-7.318,-7.318,True,True,True,2.802,2.791
gen_01037,13,0,False,-8.012,,False,False,False,2.176,inf
gen_01038,4,0,False,-6.908,,False,False,False,2.591,inf
gen_01039,6,0,False,-7.469,,False,False,False,2.694,inf
gen_01040,5,0,False,-6.737,,False,False,False,2.243,inf
gen_01041,6,0,False,-6.645,,False,False,False,2.32,2.702
gen_01042,3,0,False,-7.302,,False,False,False,3.54,3.087
gen_01043,2,0,False,-6.403,,False,False,False,2.554,inf
gen_01044,5,0,False,-7.142,,False,False,False,2.65,inf
gen_01045,4,0,False,-8.02,,False,False,False,2.496,inf
gen_01046,4,0,False,-8.704,,False,False,False,2.817,inf
gen_01047,8,0,False,-7.6,,False,False,False,2.662,inf
gen_01048,7,0,False,-7.721,,False,False,False,10.109,3.386
gen_01049,2,0,False,-7.956,,False,False,False,2.756,inf
gen_01050,13,0,False,-7.287,,False,False,False,2.356,inf
gen_01051,7,0,False,-6.694,,False,False,False,2.678,inf
gen_01052,8,0,False,-7.281,,False,False,False,2.66,inf
gen_01053,3,0,False,-7.458,,False,False,False,2.648,inf
gen_01054,11,0,False,-7.208,,False,False,False,2.427,3.939
gen_01055,12,0,False,-7.023,,False,False,False,2.763,inf
gen_01056,5,0,False,-7.921,,False,False,False,2.388,inf
gen_01057,8,0,False,-7.023,,False,False,False,2.566,3.88
gen_01058,6,0,False,-8.083,,False,False,False,2.39,inf
gen_01059,4,0,False,-8.523,,False,False,False,2.653,inf
gen_01060,6,3,True,-8.237,-8.207,True,True,True,2.73,3.093
gen_01061,15,7,True,-7.647,-7.647,True,True,True,2.225,2.908
gen_01062,7,0,False,-7.971,,False,False,False,2.708,inf
gen_01063,9,0,False,-7.05,,False,False,False,2.208,inf
gen_01064,9,0,False,-7.943,,False,False,False,2.6,inf
gen_01065,9,0,False,-8.157,,False,False,False,2.253,inf
gen_01066,9,1,True,-7.36,-7.133,True,True,True,2.743,2.995
gen_01067,5,0,False,-7.47,,False,False,False,2.679,inf
gen_01068,3,0,False,-7.635,,False,False,False,2.709,inf
gen_01069,15,0,False,-7.106,,False,False,False,2.214,inf
gen_01070,6,0,False,-7.725,,False,False,False,13.617,inf
gen_01071,5,0,False,-7.179,,False,False,False,2.733,inf
gen_01072,8,0,False,-7.116,,False,False,False,2.758,5.631
gen_01073,2,0,False,-7.603,,False,False,False,2.767,inf
gen_01074,13,0,False,-7.127,,False,False,False,2.694,inf
gen_01075,16,0,False,-6.744,,False,False,False,2.235,inf
gen_01076,9,0,False,-7.54,,False,False,False,3.472,inf
gen_01077,2,0,False,-98.968,,False,False,False,10.807,inf
gen_01078,3,0,False,-8.045,,False,False,False,2.748,4.95
gen_01079,3,0,False,-6.237,,False,False,False,2.766,inf
gen_01080,3,0,False,-7.379,,False,False,False,2.262,4.425
gen_01081,4,0,False,-7.536,,False,False,False,2.766,inf
gen_01082,7,0,False,-7.702,,False,False,False,2.677,inf
gen_01083,8,0,False,-7.531,,False,False,False,2.548,inf
gen_01084,8,0,False,-7.903,,False,False,False,2.666,inf
gen_01085,1,0,False,-8.049,,False,False,False,2.827,inf
gen_01086,9,0,False,-7.756,,False,False,False,2.38,inf
gen_01087,2,2,True,-7.14,-7.14,True,True,False,2.798,2.966
gen_01088,4,0,False,-7.532,,False,False,False,2.789,inf
gen_01089,12,0,False,-7.522,,False,False,False,2.479,inf
gen_01090,8,0,False,-7.197,,False,False,False,2.44,inf
gen_01091,8,0,False,-7.157,,False,False,False,2.249,inf
gen_01092,9,0,False,-7.841,,False,False,False,2.563,inf
gen_01093,6,0,False,-7.305,,False,False,False,2.639,inf
gen_01094,15,0,False,-6.93,,False,False,False,2.634,inf
gen_01095,8,0,False,-7.035,,False,False,False,2.372,inf
gen_01096,2,0,False,-7.027,,False,False,False,4.762,inf
gen_01097,4,2,True,-6.874,-6.874,True,True,True,2.458,3.035
gen_01098,5,0,False,-6.787,,False,False,False,2.719,inf
gen_01099,2,0,False,-7.595,,False,False,False,2.498,inf
gen_01100,3,0,False,-7.802,,False,False,False,5.318,inf
gen_01101,15,0,False,-7.254,,False,False,False,2.643,5.591
gen_01102,5,0,False,-7.253,,False,False,False,2.707,2.863
gen_01103,4,0,False,-6.859,,False,False,False,2.629,inf
gen_01104,1,0,False,-8.853,,False,False,False,2.698,inf
gen_01105,6,0,False,-8.507,,False,False,False,6.893,inf
gen_01106,13,0,False,-7.598,,False,False,False,2.31,inf
gen_01107,2,0,False,-7.77,,False,False,False,2.459,inf
gen_01108,10,0,False,-7.13,,False,False,False,2.195,inf
gen_01109,5,0,False,-7.34,,False,False,False,2.792,5.948
gen_01110,4,0,False,-7.668,,False,False,False,2.636,inf
gen_01111,4,0,False,-6.776,,False,False,False,2.757,inf
gen_01112,1,0,False,-7.311,,False,False,False,2.407,inf
gen_01113,2,0,False,-8.112,,False,False,False,2.23,inf
gen_01114,7,0,False,-7.821,,False,False,False,2.654,5.844
gen_01115,14,0,False,-6.12,,False,False,False,2.372,inf
gen_01116,13,0,False,-7.42,,False,False,False,2.443,inf
gen_01117,8,0,False,-7.493,,False,False,False,2.716,inf
gen_01118,9,0,False,-7.078,,False,False,False,2.689,inf
gen_01119,11,0,False,-7.113,,False,False,False,2.185,inf
gen_01120,10,0,False,-7.861,,False,False,False,2.59,inf
gen_01121,6,0,False,-6.549,,False,False,False,2.499,inf
gen_01122,13,0,False,-7.267,,False,False,False,2.622,inf
gen_01123,2,0,False,-6.559,,False,False,False,2.704,inf
gen_01124,1,0,False,-7.199,,False,False,False,3.72,inf
gen_01125,9,0,False,-8.062,,False,False,False,2.696,inf
gen_01126,4,4,True,-6.841,-6.841,True,True,True,2.789,3.078
gen_01127,5,0,False,-7.964,,False,False,False,2.576,6.161
gen_01128,7,0,False,-6.313,,False,False,False,2.488,inf
gen_01129,15,0,False,-6.03,,False,False,False,2.677,inf
gen_01130,5,0,False,-6.702,,False,False,False,2.763,inf
gen_01131,14,0,False,-7.103,,False,False,False,2.191,inf
gen_01132,9,0,False,-6.852,,False,False,False,2.613,inf
gen_01133,5,0,False,-7.399,,False,False,False,2.752,inf
gen_01134,4,0,False,-162.561,,False,False,False,4.659,7.884
gen_01135,12,0,False,-6.622,,False,False,False,2.635,inf
gen_01136,14,0,False,-8.672,,False,False,False,2.355,inf
gen_01137,2,0,False,-8.912,,False,False,False,2.757,5.06
gen_01138,6,0,False,-7.639,,False,False,False,2.304,inf
gen_01139,3,0,False,-8.018,,False,False,False,2.712,10.653
gen_01140,14,4,True,-7.962,-7.806,True,True,True,2.693,3.173
gen_01141,4,0,False,-7.285,,False,False,False,2.195,inf
gen_01142,4,0,False,-7.6,,False,False,False,2.323,inf
gen_01143,2,0,False,-7.233,,False,False,False,2.742,inf
gen_01144,3,0,False,-8.588,,False,False,False,2.198,9.005
gen_01145,10,0,False,-7.637,,False,False,False,2.613,inf
gen_01146,1,0,False,-8.57,,False,False,False,6.713,inf
gen_01147,2,0,False,-8.282,,False,False,False,2.783,inf
gen_01148,4,0,False,-8.002,,False,False,False,2.575,8.37
gen_01149,4,0,False,-6.965,,False,False,False,2.623,inf
gen_01150,3,0,False,-6.707,,False,False,False,2.721,inf
gen_01151,6,0,False,-8.219,,False,False,False,2.716,5.859
gen_01152,11,0,False,-7.654,,False,False,False,10.382,3.036
gen_01153,2,0,False,-7.637,,False,False,False,2.39,inf
gen_01154,8,0,False,-7.816,,False,False,False,2.26,7.377
gen_01155,4,0,False,-7.323,,False,False,False,2.647,inf
gen_01156,1,0,False,-7.049,,False,False,False,2.975,inf
gen_01157,9,0,False,-7.389,,False,False,False,2.213,inf
gen_01158,4,0,False,-6.933,,False,False,False,2.704,inf
gen_01159,6,0,False,-7.08,,False,False,False,2.301,inf
gen_01160,5,4,True,-7.312,-7.312,True,True,True,2.731,3.063
gen_01161,9,0,False,-7.868,,False,False,False,2.6,inf
gen_01162,3,0,False,-8.088,,False,False,False,6.057,inf
gen_01163,6,0,False,-7.563,,False,False,False,2.286,inf
gen_01164,6,0,False,-7.191,,False,False,False,2.779,inf
gen_01165,3,3,True,-8.291,-8.291,True,True,True,2.479,2.82
gen_01166,3,0,False,-8.295,,False,False,False,2.778,inf
gen_01167,16,0,False,-7.236,,False,False,False,2.542,inf
gen_01168,6,0,False,-7.798,,False,False,False,7.797,2.918
gen_01169,16,0,False,-8.319,,False,False,False,2.698,inf
gen_01170,4,0,False,-7.133,,False,False,False,3.622,inf
gen_01171,1,1,True,-7.421,-7.421,True,True,False,2.771,3.385
gen_01172,14,0,False,-7.733,,False,False,False,2.197,6.294
gen_01173,3,3,True,-7.055,-7.055,True,True,False,2.76,2.944
gen_01174,9,0,False,-7.114,,False,False,False,2.273,inf
gen_01175,3,0,False,-8.178,,False,False,False,2.754,6.027
gen_01176,7,0,False,-8.737,,False,False,False,2.735,inf
gen_01177,6,0,False,-8.413,,False,False,False,2.824,inf
gen_01178,3,0,False,-7.004,,False,False,False,4.554,inf
gen_01179,1,0,False,-7.585,,False,False,False,2.873,inf
gen_01180,4,0,False,-7.247,,False,False,False,4.204,inf
gen_01181,4,0,False,-7.086,,False,False,False,2.946,inf
gen_01182,1,0,False,-7.607,,False,False,False,2.64,inf
gen_01183,4,0,False,-7.503,,False,False,False,2.332,2.698
gen_01184,5,0,False,-7.878,,False,False,False,2.818,inf
gen_01185,6,0,False,-6.992,,False,False,False,2.603,5.284
gen_01186,4,0,False,-8.733,,False,False,False,2.436,inf
gen_01187,3,0,False,-8.144,,False,False,False,2.346,inf
gen_01188,2,0,False,-6.389,,False,False,False,2.454,inf
gen_01189,8,0,False,-7.844,,False,False,False,2.741,inf
gen_01190,2,0,False,-6.633,,False,False,False,2.22,inf
gen_01191,1,0,False,-7.435,,False,False,False,12.487,5.124
gen_01192,7,0,False,-7.5,,False,False,False,2.712,inf
gen_01193,10,2,True,-7.369,-7.339,True,True,True,2.687,3.161
gen_01194,2,0,False,-111.14,,False,False,False,6.935,inf
gen_01195,11,0,False,-6.951,,False,False,False,2.216,4.814
gen_01196,6,0,False,-7.871,,False,False,False,14.492,inf
gen_01197,1,0,False,-6.769,,False,False,False,3.297,3.005
gen_01198,16,0,False,-7.406,,False,False,False,2.507,3.941
gen_01199,13,0,False,-7.159,,False,False,False,2.75,inf
gen_01200,4,0,False,-7.388,,False,False,False,2.638,inf
gen_01201,11,0,False,-7.656,,False,False,False,2.707,4.703
gen_01202,13,0,False,-7.138,,False,False,False,2.182,3.795
gen_01203,2,0,False,-7.064,,False,False,False,2.702,inf
gen_01204,9,0,False,-7.099,,False,False,False,5.869,inf
gen_01205,7,0,False,-7.194,,False,False,False,2.794,inf
gen_01206,9,0,False,-7.567,,False,False,False,2.52,5.523
gen_01207,14,0,False,-7.502,,False,False,False,2.259,4.467
gen_01208,10,0,False,-7.715,,False,False,False,2.311,inf
gen_01209,2,0,False,-8.686,,False,False,False,2.653,inf
gen_01210,4,0,False,-8.604,,False,False,False,2.897,inf
gen_01211,3,0,False,-7.203,,False,False,False,2.304,inf
gen_01212,14,0,False,-7.421,,False,False,False,9.99,inf
gen_01213,3,0,False,-7.446,,False,False,False,2.704,inf
gen_01214,2,0,False,-7.354,,False,False,False,2.871,3.897
gen_01215,9,0,False,-7.937,,False,False,False,2.768,inf
gen_01216,4,0,False,-7.065,,False,False,False,2.692,10.248
gen_01217,1,0,False,-7.77,,False,False,False,2.756,inf
gen_01218,12,0,False,-7.707,,False,False,False,2.201,inf
gen_01219,2,0,False,-7.473,,False,False,False,2.659,inf
gen_01220,13,0,False,-7.775,,False,False,False,2.555,inf
gen_01221,2,0,False,-7.809,,False,False,False,11.354,inf
gen_01222,5,0,False,-7.516,,False,False,False,2.646,inf
gen_01223,4,0,False,-5.823,,False,False,False,11.98,inf
gen_01224,12,0,False,-8.028,,False,False,False,2.4,2.937
gen_01225,8,0,False,-7.712,,False,False,False,2.32,inf
gen_01226,9,0,False,-7.006,,False,False,False,2.644,inf
gen_01227,2,0,False,-7.38,,False,False,False,3.781,inf
gen_01228,4,0,False,-7.514,,False,False,False,2.654,8.691
gen_01229,5,0,False,-7.659,,False,False,False,2.565,inf
gen_01230,5,0,False,-7.049,,False,False,False,2.454,inf
gen_01231,4,0,False,-7.437,,False,False,False,2.735,inf
gen_01232,4,0,False,-7.821,,False,False,False,2.629,4.163
gen_01233,9,0,False,-7.454,,False,False,False,2.262,inf
gen_01234,12,0,False,-6.481,,False,False,False,2.618,inf
gen_01235,10,0,False,-8.097,,False,False,False,2.688,inf
gen_01236,14,7,True,-6.447,-6.176,False,True,True,2.201,2.971
gen_01237,3,0,False,-7.055,,False,False,False,2.717,inf
gen_01238,7,0,False,-6.688,,False,False,False,2.208,inf
gen_01239,14,0,False,-8.112,,False,False,False,2.295,inf
gen_01240,6,0,False,-6.843,,False,False,False,2.797,inf
gen_01241,6,0,False,-7.724,,False,False,False,2.648,inf
gen_01242,7,0,False,-7.368,,False,False,False,2.753,inf
gen_01243,12,0,False,-7.093,,False,False,False,2.635,inf
gen_01244,3,0,False,-7.551,,False,False,False,2.749,inf
gen_01245,2,0,False,-7.172,,False,False,False,2.201,inf
gen_01246,2,0,False,-8.41,,False,False,False,10.657,3.031
gen_01247,6,0,False,-8.449,,False,False,False,2.474,inf
gen_01248,12,0,False,-8.155,,False,False,False,2.41,inf
gen_01249,1,0,False,-7.502,,False,False,False,2.541,inf
gen_01250,2,0,False,-100.617,,False,False,False,5.484,inf
gen_01251,1,0,False,-8.597,,False,False,False,2.829,inf
gen_01252,4,2,True,-7.209,-7.079,True,True,False,2.708,2.701
gen_01253,4,0,False,-8.072,,False,False,False,2.588,5.078
gen_01254,3,0,False,-7.078,,False,False,False,2.611,4.248
gen_01255,4,0,False,-8.266,,False,False,False,2.739,inf
gen_01256,10,0,False,-7.058,,False,False,False,2.467,inf
gen_01257,2,0,False,-7.35,,False,False,False,2.799,5.93
gen_01258,11,0,False,-7.018,,False,False,False,2.421,inf
gen_01259,2,0,False,-7.469,,False,False,False,2.78,inf
gen_01260,13,0,False,-7.55,,False,False,False,2.646,inf
gen_01261,3,0,False,-6.721,,False,False,False,2.588,inf
gen_01262,5,0,False,-8.351,,False,False,False,2.634,inf
gen_01263,11,0,False,-6.898,,False,False,False,2.38,inf
gen_01264,4,0,False,-8.095,,False,False,False,2.215,inf
gen_01265,4,0,False,-7.464,,False,False,False,2.767,inf
gen_01266,7,0,False,-7.399,,False,False,False,2.689,inf
gen_01267,12,8,True,-7.152,-7.136,True,True,True,2.59,2.906
gen_01268,16,0,False,-7.278,,False,False,False,2.597,inf
gen_01269,10,0,False,-7.513,,False,False,False,2.683,6.933
gen_01270,11,0,False,-7.847,,False,False,False,2.278,4.198
gen_01271,8,0,False,-7.493,,False,False,False,2.754,inf
gen_01272,2,0,False,-7.712,,False,False,False,2.731,inf
gen_01273,9,0,False,-8.397,,False,False,False,2.707,inf
gen_01274,8,0,False,-7.363,,False,False,False,2.574,inf
gen_01275,5,0,False,-7.209,,False,False,False,2.776,inf
gen_01276,10,0,False,-7.952,,False,False,False,2.572,inf
gen_01277,5,0,False,-7.293,,False,False,False,2.224,inf
gen_01278,3,0,False,-8.173,,False,False,False,2.768,inf
gen_01279,9,0,False,-7.972,,False,False,False,2.702,inf
gen_01280,1,0,False,-7.564,,False,False,False,2.74,inf
gen_01281,9,0,False,-7.366,,False,False,False,2.828,inf
gen_01282,4,0,False,-6.544,,False,False,False,2.407,inf
gen_01283,2,0,False,-8.692,,False,False,False,12.984,6.419
gen_01284,7,0,False,-7.707,,False,False,False,2.208,3.883
gen_01285,9,0,False,-8.291,,False,False,False,2.71,inf
gen_01286,5,0,False,-7.037,,False,False,False,2.721,inf
gen_01287,5,0,False,-7.824,,False,False,False,2.351,inf
gen_01288,11,0,False,-8.188,,False,False,False,2.348,inf
gen_01289,2,0,False,-7.286,,False,False,False,2.662,inf
gen_01290,6,0,False,-8.041,,False,False,False,2.301,inf
gen_01291,5,0,False,-7.686,,False,False,False,2.704,inf
gen_01292,6,0,False,-7.345,,False,False,False,2.7,inf
gen_01293,7,0,False,-6.865,,False,False,False,2.648,inf
gen_01294,5,0,False,-6.656,,False,False,False,2.854,inf
gen_01295,2,0,False,-7.978,,False,False,False,2.356,inf
gen_01296,8,0,False,-7.417,,False,False,False,2.478,4.116
gen_01297,8,0,False,-7.699,,False,False,False,2.769,inf
gen_01298,13,0,False,-6.983,,False,False,False,2.589,inf
gen_01299,6,0,False,-7.98,,False,False,False,2.706,inf
gen_01300,1,0,False,-6.926,,False,False,False,2.85,inf
gen_01301,1,0,False,-7.627,,False,False,False,2.781,inf
gen_01302,6,0,False,-7.861,,False,False,False,2.708,inf
gen_01303,2,0,False,-7.612,,False,False,False,7.72,inf
gen_01304,5,0,False,-7.083,,False,False,False,2.496,inf
gen_01305,7,0,False,-8.432,,False,False,False,2.509,4.434
gen_01306,4,4,True,-8.491,-8.491,True,True,True,2.216,2.746
gen_01307,7,0,False,-7.348,,False,False,False,6.561,4.946
gen_01308,8,0,False,-6.961,,False,False,False,2.513,3.841
gen_01309,12,0,False,-7.106,,False,False,False,2.355,inf
gen_01310,12,0,False,-7.2,,False,False,False,2.342,inf
gen_01311,4,0,False,-6.824,,False,False,False,2.743,inf
gen_01312,10,0,False,-7.211,,False,False,False,2.537,inf
gen_01313,3,0,False,-7.791,,False,False,False,2.329,inf
gen_01314,7,0,False,-7.164,,False,False,False,3.622,7.167
gen_01315,4,1,True,-7.059,-7.059,True,True,False,2.673,2.838
gen_01316,15,0,False,-6.863,,False,False,False,2.259,inf
gen_01317,10,0,False,-6.292,,False,False,False,2.592,inf
gen_01318,14,7,True,-7.113,-7.044,True,True,True,2.527,2.914
gen_01319,2,0,False,-7.601,,False,False,False,2.729,11.356
gen_01320,6,0,False,-6.723,,False,False,False,2.693,inf
gen_01321,6,0,False,-7.552,,False,False,False,2.204,4.972
gen_01322,3,0,False,-6.998,,False,False,False,2.777,inf
gen_01323,4,0,False,-8.066,,False,False,False,2.658,inf
gen_01324,8,0,False,-7.818,,False,False,False,2.67,inf
gen_01325,4,0,False,-7.393,,False,False,False,2.451,inf
gen_01326,6,0,False,-7.756,,False,False,False,2.603,inf
gen_01327,2,0,False,-7.507,,False,False,False,2.45,7.869
gen_01328,8,0,False,-6.651,,False,False,False,2.686,inf
gen_01329,5,0,False,-7.456,,False,False,False,2.791,inf
gen_01330,13,0,False,-8.705,,False,False,False,2.367,inf
gen_01331,10,0,False,-7.491,,False,False,False,2.287,inf
gen_01332,6,0,False,-7.001,,False,False,False,2.701,inf
gen_01333,6,0,False,-7.834,,False,False,False,2.689,inf
gen_01334,6,0,False,-7.019,,False,False,False,2.654,inf
gen_01335,10,0,False,-7.659,,False,False,False,2.196,inf
gen_01336,4,0,False,-8.381,,False,False,False,4.02,inf
gen_01337,9,0,False,-6.952,,False,False,False,2.39,inf
gen_01338,9,0,False,-7.999,,False,False,False,2.461,inf
gen_01339,1,0,False,-7.411,,False,False,False,12.922,inf
gen_01340,4,0,False,-7.564,,False,False,False,2.784,inf
gen_01341,9,0,False,-7.221,,False,False,False,2.697,inf
gen_01342,5,0,False,-7.264,,False,False,False,2.732,5.387
gen_01343,2,0,False,-8.021,,False,False,False,2.401,inf
gen_01344,2,0,False,-7.653,,False,False,False,2.772,4.032
gen_01345,5,0,False,-7.452,,False,False,False,2.643,6.357
gen_01346,2,0,False,-7.329,,False,False,False,2.311,inf
gen_01347,14,0,False,-7.719,,False,False,False,2.507,inf
gen_01348,13,0,False,-6.67,,False,False,False,2.541,inf
gen_01349,13,0,False,-7.435,,False,False,False,2.496,inf
gen_01350,12,0,False,-7.809,,False,False,False,2.682,inf
gen_01351,9,0,False,-7.734,,False,False,False,2.353,inf
gen_01352,6,0,False,-7.017,,False,False,False,2.7,inf
gen_01353,3,0,False,-6.639,,False,False,False,2.555,inf
gen_01354,2,0,False,-6.353,,False,False,False,2.712,inf
gen_01355,3,0,False,-7.985,,False,False,False,2.202,inf
gen_01356,1,0,False,-6.997,,False,False,False,2.294,inf
gen_01357,5,0,False,-7.203,,False,False,False,2.873,4.01
gen_01358,9,0,False,-8.029,,False,False,False,2.687,inf
gen_01359,14,0,False,-7.601,,False,False,False,2.556,inf
gen_01360,10,0,False,-7.023,,False,False,False,2.748,inf
gen_01361,2,0,False,-7.277,,False,False,False,2.724,8.202
gen_01362,9,0,False,-8.068,,False,False,False,2.696,inf
gen_01363,3,0,False,-8.834,,False,False,False,2.698,inf
gen_01364,4,0,False,-7.069,,False,False,False,13.071,inf
gen_01365,6,0,False,-8.343,,False,False,False,5.842,inf
gen_01366,4,0,False,-7.823,,False,False,False,5.165,inf
gen_01367,8,0,False,-7.587,,False,False,False,2.563,inf
gen_01368,5,0,False,-8.378,,False,False,False,2.76,6.647
gen_01369,14,0,False,-7.32,,False,False,False,2.701,inf
gen_01370,2,0,False,-7.728,,False,False,False,2.742,inf
gen_01371,11,0,False,-8.0,,False,False,False,2.296,inf
gen_01372,5,0,False,-7.458,,False,False,False,2.711,inf
gen_01373,5,0,False,-7.702,,False,False,False,2.329,inf
gen_01374,6,0,False,-6.99,,False,False,False,2.706,6.551
gen_01375,4,0,False,-7.107,,False,False,False,14.478,inf
gen_01376,7,0,False,-7.912,,False,False,False,2.215,inf
gen_01377,1,0,False,-155.102,,False,False,False,10.762,inf
gen_01378,1,0,False,-7.353,,False,False,False,2.205,inf
gen_01379,8,0,False,-6.521,,False,False,False,2.648,inf
gen_01380,9,5,True,-7.752,-7.752,True,True,True,2.644,2.963
gen_01381,8,3,True,-6.291,-6.291,False,True,True,2.315,3.047
gen_01382,6,0,False,-7.365,,False,False,False,2.623,inf
gen_01383,9,0,False,-7.565,,False,False,False,2.705,inf
gen_01384,6,0,False,-6.92,,False,False,False,7.185,inf
gen_01385,13,0,False,-7.571,,False,False,False,2.634,inf
gen_01386,2,0,False,-8.412,,False,False,False,2.554,inf
gen_01387,5,0,False,-8.061,,False,False,False,2.582,8.083
gen_01388,7,0,False,-8.305,,False,False,False,2.203,inf
gen_01389,4,0,False,-7.282,,False,False,False,2.79,inf
gen_01390,10,0,False,-7.728,,False,False,False,2.364,inf
gen_01391,3,0,False,-7.381,,False,False,False,2.282,inf
gen_01392,1,0,False,-6.789,,False,False,False,2.759,inf
gen_01393,3,0,False,-8.914,,False,False,False,2.464,8.572
gen_01394,5,0,False,-7.608,,False,False,False,12.024,inf
gen_01395,13,0,False,-8.108,,False,False,False,2.748,inf
gen_01396,9,0,False,-7.465,,False,False,False,2.673,inf
gen_01397,6,0,False,-8.338,,False,False,False,8.555,4.731
gen_01398,9,0,False,-7.159,,False,False,False,2.375,inf
gen_01399,13,0,False,-7.298,,False,False,False,2.663,inf
gen_01400,8,0,False,-8.411,,False,False,False,2.522,inf
gen_01401,8,0,False,-7.134,,False,False,False,2.658,inf
gen_01402,11,0,False,-7.85,,False,False,False,2.209,inf
gen_01403,6,0,False,-6.432,,False,False,False,2.711,inf
gen_01404,1,0,False,-7.194,,False,False,False,11.836,5.699
gen_01405,2,0,False,-7.182,,False,False,False,2.68,inf
gen_01406,5,0,False,-7.28,,False,False,False,2.463,inf
gen_01407,2,0,False,-6.078,,False,False,False,2.738,inf
gen_01408,7,0,False,-8.116,,False,False,False,2.757,inf
gen_01409,7,1,True,-6.622,-6.449,False,True,True,2.654,3.14
gen_01410,3,0,False,-7.72,,False,False,False,2.593,inf
gen_01411,9,0,False,-7.203,,False,False,False,2.256,inf
gen_01412,12,0,False,-7.822,,False,False,False,2.296,inf
gen_01413,4,0,False,-7.594,,False,False,False,2.717,inf
gen_01414,4,0,False,-6.823,,False,False,False,2.709,inf
gen_01415,2,2,True,-8.054,-8.054,True,True,True,2.665,3.176
gen_01416,2,0,False,-8.457,,False,False,False,3.24,inf
gen_01417,4,0,False,-8.494,,False,False,False,2.698,inf
gen_01418,8,0,False,-8.223,,False,False,False,2.301,inf
gen_01419,4,0,False,-7.739,,False,False,False,13.183,inf
gen_01420,5,0,False,-8.526,,False,False,False,2.842,inf
gen_01421,6,0,False,-7.249,,False,False,False,2.67,inf
gen_01422,7,0,False,-7.827,,False,False,False,2.52,inf
gen_01423,14,0,False,-7.75,,False,False,False,2.391,inf
gen_01424,14,0,False,-7.095,,False,False,False,2.729,inf
gen_01425,1,0,False,-7.352,,False,False,False,2.505,inf
gen_01426,7,0,False,-8.572,,False,False,False,2.216,inf
gen_01427,5,0,False,-8.004,,False,False,False,2.596,inf
gen_01428,8,0,False,-7.728,,False,False,False,2.703,inf
gen_01429,3,0,False,-7.795,,False,False,False,3.459,inf
gen_01430,11,0,False,-7.603,,False,False,False,2.648,inf
gen_01431,10,10,True,-8.04,-8.04,True,True,True,2.66,2.779
gen_01432,3,0,False,-6.595,,False,False,False,2.404,inf
gen_01433,1,0,False,-6.435,,False,False,False,3.671,inf
gen_01434,2,0,False,-6.836,,False,False,False,2.785,inf
gen_01435,9,0,False,-6.723,,False,False,False,2.463,inf
gen_01436,13,0,False,-6.435,,False,False,False,2.379,inf
gen_01437,3,0,False,-7.05,,False,False,False,2.795,inf
gen_01438,10,0,False,-6.49,,False,False,False,2.253,inf
gen_01439,2,0,False,-8.451,,False,False,False,2.599,inf
gen_01440,4,0,False,-8.459,,False,False,False,2.351,inf
gen_01441,4,0,False,-7.7,,False,False,False,14.531,7.092
gen_01442,4,0,False,-8.066,,False,False,False,5.131,inf
gen_01443,4,0,False,-7.896,,False,False,False,2.792,inf
gen_01444,5,0,False,-8.406,,False,False,False,2.821,4.001
gen_01445,5,0,False,-7.316,,False,False,False,14.818,4.815
gen_01446,6,0,False,-6.942,,False,False,False,2.778,inf
gen_01447,7,0,False,-7.361,,False,False,False,2.201,inf
gen_01448,12,0,False,-7.414,,False,False,False,2.463,inf
gen_01449,3,0,False,-5.891,,False,False,False,2.643,inf
gen_01450,1,0,False,-6.46,,False,False,False,2.546,6.093
gen_01451,7,0,False,-7.875,,False,False,False,2.545,inf
gen_01452,3,0,False,-7.637,,False,False,False,2.416,inf
gen_01453,6,0,False,-6.866,,False,False,False,2.416,inf
gen_01454,4,0,False,-7.769,,False,False,False,2.66,7.263
gen_01455,13,0,False,-7.72,,False,False,False,2.575,inf
gen_01456,3,0,False,-7.021,,False,False,False,2.721,inf
gen_01457,9,0,False,-7.558,,False,False,False,2.659,inf
gen_01458,4,0,False,-7.354,,False,False,False,14.616,inf
gen_01459,12,0,False,-8.877,,False,False,False,3.279,3.557
gen_01460,5,0,False,-7.455,,False,False,False,2.851,inf
gen_01461,5,0,False,-6.844,,False,False,False,2.813,inf
gen_01462,5,0,False,-7.991,,False,False,False,2.708,inf
gen_01463,5,0,False,-7.058,,False,False,False,2.619,inf
gen_01464,13,0,False,-7.168,,False,False,False,2.332,inf
gen_01465,8,0,False,-8.065,,False,False,False,2.72,inf
gen_01466,2,0,False,-7.258,,False,False,False,2.792,inf
gen_01467,4,0,False,-8.05,,False,False,False,2.387,inf
gen_01468,13,0,False,-6.237,,False,False,False,2.643,inf
gen_01469,1,0,False,-7.435,,False,False,False,4.418,4.22
gen_01470,13,0,False,-7.203,,False,False,False,2.288,inf
gen_01471,9,0,False,-6.525,,False,False,False,2.672,inf
gen_01472,4,0,False,-8.071,,False,False,False,2.237,inf
gen_01473,12,0,False,-7.566,,False,False,False,2.804,inf
gen_01474,1,0,False,-6.378,,False,False,False,10.604,2.495
gen_01475,2,0,False,-6.733,,False,False,False,2.728,5.394
gen_01476,7,0,False,-8.068,,False,False,False,2.46,7.031
gen_01477,2,0,False,-86.896,,False,False,False,8.268,inf
gen_01478,8,0,False,-8.089,,False,False,False,4.79,inf
gen_01479,2,0,False,-6.65,,False,False,False,2.859,inf
gen_01480,2,0,False,-6.285,,False,False,False,2.725,inf
gen_01481,12,0,False,-7.421,,False,False,False,2.44,inf
gen_01482,4,0,False,-7.555,,False,False,False,2.754,inf
gen_01483,5,0,False,-6.885,,False,False,False,2.711,inf
gen_01484,2,0,False,-6.675,,False,False,False,2.402,inf
gen_01485,5,0,False,-6.679,,False,False,False,2.773,inf
gen_01486,6,0,False,-7.942,,False,False,False,13.861,inf
gen_01487,12,0,False,-7.142,,False,False,False,2.556,inf
gen_01488,5,0,False,-6.832,,False,False,False,2.64,inf
gen_01489,4,4,True,-7.475,-7.475,True,True,True,2.291,2.807
gen_01490,2,0,False,-7.376,,False,False,False,2.762,inf
gen_01491,4,0,False,-6.923,,False,False,False,2.371,inf
gen_01492,10,4,True,-8.293,-8.056,True,True,True,2.198,2.823
gen_01493,3,1,True,-7.643,-7.643,True,True,True,2.372,3.459
gen_01494,8,0,False,-8.225,,False,False,False,2.604,4.722
gen_01495,6,0,False,-7.217,,False,False,False,2.809,inf
gen_01496,8,0,False,-8.149,,False,False,False,2.5,3.545
gen_01497,3,0,False,-8.795,,False,False,False,2.733,inf
gen_01498,4,0,False,-6.908,,False,False,False,2.225,inf
gen_01499,14,0,False,-7.878,,False,False,False,2.344,inf
gen_01500,12,0,False,-6.744,,False,False,False,2.711,inf
gen_01501,7,0,False,-7.026,,False,False,False,2.623,inf
gen_01502,5,0,False,-6.082,,False,False,False,3.858,2.939
gen_01503,10,0,False,-6.912,,False,False,False,2.402,inf
gen_01504,1,0,False,-6.955,,False,False,False,2.686,6.234
gen_01505,2,0,False,-7.453,,False,False,False,2.729,inf
gen_01506,5,0,False,-6.427,,False,False,False,2.702,inf
gen_01507,3,0,False,-8.682,,False,False,False,2.732,4.21
gen_01508,2,0,False,-7.01,,False,False,False,2.702,inf
gen_01509,6,0,False,-6.838,,False,False,False,2.548,inf
gen_01510,10,0,False,-6.734,,False,False,False,2.568,inf
gen_01511,11,0,False,-7.889,,False,False,False,2.75,inf
gen_01512,11,0,False,-7.264,,False,False,False,2.662,inf
gen_01513,12,0,False,-6.173,,False,False,False,2.692,inf
gen_01514,3,0,False,-6.89,,False,False,False,2.793,5.24
gen_01515,1,0,False,-7.456,,False,False,False,7.869,5.832
gen_01516,9,5,True,-7.996,-7.996,True,True,True,2.535,2.798
gen_01517,2,0,False,-7.777,,False,False,False,2.559,inf
gen_01518,15,5,True,-6.793,-6.793,False,True,False,2.352,3.07
gen_01519,6,0,False,-7.187,,False,False,False,2.66,inf
gen_01520,8,0,False,-7.779,,False,False,False,2.585,inf
gen_01521,2,0,False,-8.087,,False,False,False,2.644,inf
gen_01522,14,0,False,-7.448,,False,False,False,2.497,inf
gen_01523,5,0,False,-7.926,,False,False,False,2.746,inf
gen_01524,3,0,False,-7.232,,False,False,False,4.656,inf
gen_01525,4,4,True,-8.522,-8.522,True,True,True,2.678,3.008
gen_01526,14,0,False,-6.354,,False,False,False,10.091,inf
gen_01527,5,0,False,-7.407,,False,False,False,2.485,5.355
gen_01528,5,0,False,-7.261,,False,False,False,15.228,inf
gen_01529,11,0,False,-6.759,,False,False,False,2.205,inf
gen_01530,4,4,True,-7.205,-7.205,True,True,True,2.231,2.695
gen_01531,9,0,False,-7.095,,False,False,False,9.591,inf
gen_01532,10,0,False,-7.756,,False,False,False,3.687,inf
gen_01533,8,0,False,-7.58,,False,False,False,2.765,inf
gen_01534,5,0,False,-7.509,,False,False,False,2.073,inf
gen_01535,8,0,False,-8.081,,False,False,False,2.299,inf
gen_01536,5,0,False,-6.498,,False,False,False,2.706,inf
gen_01537,3,0,False,-6.876,,False,False,False,2.727,inf
gen_01538,6,0,False,-7.309,,False,False,False,2.748,inf
gen_01539,13,0,False,-6.076,,False,False,False,2.466,inf
gen_01540,7,0,False,-7.838,,False,False,False,5.386,inf
gen_01541,4,0,False,-7.93,,False,False,False,2.467,inf
gen_01542,6,0,False,-6.92,,False,False,False,2.606,3.874
gen_01543,5,0,False,-9.117,,False,False,False,3.055,5.886
gen_01544,15,0,False,-7.439,,False,False,False,3.624,inf
gen_01545,15,0,False,-7.02,,False,False,False,2.708,inf
gen_01546,3,0,False,-6.993,,False,False,False,2.767,inf
gen_01547,4,0,False,-8.223,,False,False,False,2.702,6.688
gen_01548,3,0,False,-7.411,,False,False,False,2.735,inf
gen_01549,4,4,True,-7.518,-7.518,True,True,True,2.353,3.13
gen_01550,8,0,False,-8.024,,False,False,False,2.733,inf
gen_01551,3,0,False,-6.702,,False,False,False,2.687,3.987
gen_01552,12,0,False,-7.1,,False,False,False,2.711,inf
gen_01553,3,0,False,-6.504,,False,False,False,7.23,inf
gen_01554,11,0,False,-7.547,,False,False,False,2.363,inf
gen_01555,10,0,False,-7.951,,False,False,False,2.514,inf
gen_01556,3,0,False,-7.161,,False,False,False,3.266,5.336
gen_01557,11,0,False,-7.051,,False,False,False,2.775,inf
gen_01558,3,0,False,-7.909,,False,False,False,2.58,inf
gen_01559,8,0,False,-7.726,,False,False,False,2.671,3.763
gen_01560,6,0,False,-8.408,,False,False,False,4.55,inf
gen_01561,2,0,False,-91.664,,False,False,False,6.143,inf
gen_01562,13,0,False,-7.492,,False,False,False,2.691,inf
gen_01563,9,0,False,-7.479,,False,False,False,3.144,inf
gen_01564,5,0,False,-7.306,,False,False,False,3.081,inf
gen_01565,14,0,False,-7.372,,False,False,False,2.438,inf
gen_01566,11,0,False,-7.224,,False,False,False,2.568,inf
gen_01567,4,0,False,-8.04,,False,False,False,2.324,inf
gen_01568,12,0,False,-6.773,,False,False,False,2.734,inf
gen_01569,5,0,False,-7.674,,False,False,False,2.227,5.507
gen_01570,2,0,False,-7.084,,False,False,False,2.308,inf
gen_01571,5,0,False,-7.58,,False,False,False,2.743,inf
gen_01572,5,0,False,-7.003,,False,False,False,2.693,5.226
gen_01573,5,0,False,-8.417,,False,False,False,2.587,inf
gen_01574,14,0,False,-8.329,,False,False,False,2.747,inf
gen_01575,16,0,False,-6.764,,False,False,False,2.251,inf
gen_01576,2,0,False,-6.934,,False,False,False,2.725,inf
gen_01577,3,0,False,-7.39,,False,False,False,2.969,inf
gen_01578,6,0,False,-8.04,,False,False,False,2.502,inf
gen_01579,6,0,False,-8.627,,False,False,False,2.723,inf
gen_01580,4,0,False,-6.841,,False,False,False,2.664,inf
gen_01581,7,0,False,-7.515,,False,False,False,2.723,inf
gen_01582,3,0,False,-6.428,,False,False,False,2.203,inf
gen_01583,9,0,False,-6.365,,False,False,False,2.628,inf
gen_01584,10,0,False,-6.848,,False,False,False,2.446,inf
gen_01585,2,0,False,-7.885,,False,False,False,2.235,inf
gen_01586,4,0,False,-8.028,,False,False,False,2.749,5.179
gen_01587,10,0,False,-8.086,,False,False,False,16.445,5.774
gen_01588,7,0,False,-8.452,,False,False,False,2.162,inf
gen_01589,6,0,False,-6.177,,False,False,False,2.726,5.873
gen_01590,3,0,False,-7.199,,False,False,False,4.385,2.805
gen_01591,5,0,False,-8.105,,False,False,False,3.332,inf
gen_01592,3,0,False,-7.447,,False,False,False,2.706,inf
gen_01593,12,0,False,-7.492,,False,False,False,2.543,inf
gen_01594,1,0,False,-8.5,,False,False,False,2.828,4.581
gen_01595,2,0,False,-7.074,,False,False,False,2.659,inf
gen_01596,14,0,False,-7.638,,False,False,False,2.366,inf
gen_01597,9,0,False,-7.32,,False,False,False,2.54,inf
gen_01598,4,0,False,-6.628,,False,False,False,2.215,inf
gen_01599,10,0,False,-7.464,,False,False,False,2.681,inf
gen_01600,3,0,False,-7.397,,False,False,False,2.745,inf
gen_01601,5,0,False,-7.309,,False,False,False,2.719,inf
gen_01602,8,0,False,-7.688,,False,False,False,2.678,inf
gen_01603,7,0,False,-6.692,,False,False,False,2.589,inf
gen_01604,2,0,False,-7.208,,False,False,False,2.607,inf
gen_01605,12,0,False,-7.38,,False,False,False,2.346,inf
gen_01606,9,0,False,-6.826,,False,False,False,2.225,2.846
gen_01607,7,0,False,-8.004,,False,False,False,3.402,inf
gen_01608,9,0,False,-7.028,,False,False,False,2.631,inf
gen_01609,4,0,False,-7.978,,False,False,False,2.739,5.181
gen_01610,8,0,False,-7.426,,False,False,False,2.653,inf
gen_01611,6,0,False,-8.201,,False,False,False,2.395,inf
gen_01612,8,0,False,-7.712,,False,False,False,2.686,inf
gen_01613,6,6,True,-7.308,-7.308,True,True,True,2.585,2.876
gen_01614,3,0,False,-71.081,,False,False,False,6.865,inf
gen_01615,9,0,False,-8.445,,False,False,False,2.697,inf
gen_01616,6,5,True,-6.542,-6.542,False,True,False,2.624,2.572
gen_01617,3,1,True,-8.355,-8.236,True,True,False,2.613,3.464
gen_01618,13,0,False,-8.269,,False,False,False,3.664,inf
gen_01619,13,0,False,-7.363,,False,False,False,2.463,inf
gen_01620,7,0,False,-7.092,,False,False,False,2.483,inf
gen_01621,5,0,False,-6.964,,False,False,False,2.607,inf
gen_01622,3,0,False,-7.454,,False,False,False,2.733,inf
gen_01623,5,0,False,-7.384,,False,False,False,4.834,inf
gen_01624,9,0,False,-7.884,,False,False,False,2.615,inf
gen_01625,10,0,False,-6.593,,False,False,False,2.688,2.775
gen_01626,4,0,False,-7.964,,False,False,False,2.751,inf
gen_01627,9,0,False,-8.202,,False,False,False,2.343,inf
gen_01628,2,0,False,-44.586,,False,False,False,5.852,7.503
gen_01629,2,0,False,-7.961,,False,False,False,2.41,inf
gen_01630,8,0,False,-6.827,,False,False,False,4.117,inf
gen_01631,14,8,True,-8.3,-8.3,True,True,True,2.619,3.146
gen_01632,12,0,False,-7.499,,False,False,False,2.606,inf
gen_01633,3,0,False,-8.199,,False,False,False,2.577,inf
gen_01634,7,0,False,-7.685,,False,False,False,2.753,inf
gen_01635,12,0,False,-7.153,,False,False,False,2.658,inf
gen_01636,2,0,False,-6.923,,False,False,False,2.769,inf
gen_01637,4,0,False,-6.529,,False,False,False,2.743,inf
gen_01638,6,0,False,-7.786,,False,False,False,3.363,inf
gen_01639,9,0,False,-7.431,,False,False,False,2.218,7.653
gen_01640,7,0,False,-7.406,,False,False,False,5.354,7.926
gen_01641,6,0,False,-6.774,,False,False,False,2.198,inf
gen_01642,4,0,False,-6.246,,False,False,False,2.642,inf
gen_01643,6,0,False,-7.92,,False,False,False,2.715,inf
gen_01644,6,0,False,-7.65,,False,False,False,2.557,inf
gen_01645,2,0,False,-7.53,,False,False,False,5.096,inf
gen_01646,8,0,False,-7.703,,False,False,False,2.582,inf
gen_01647,9,0,False,-7.128,,False,False,False,2.557,inf
gen_01648,2,0,False,-7.164,,False,False,False,2.357,inf
gen_01649,4,0,False,-7.283,,False,False,False,2.762,inf
gen_01650,1,0,False,-7.576,,False,False,False,10.375,inf
gen_01651,6,0,False,-6.525,,False,False,False,2.658,inf
gen_01652,2,0,False,-7.319,,False,False,False,2.746,inf
gen_01653,4,0,False,-7.961,,False,False,False,2.72,8.076
gen_01654,2,0,False,-7.541,,False,False,False,2.736,inf
gen_01655,2,2,True,-7.492,-7.492,True,True,True,2.196,2.814
gen_01656,4,0,False,-8.03,,False,False,False,2.587,4.578
gen_01657,2,0,False,-6.653,,False,False,False,2.638,inf
gen_01658,2,0,False,-119.04,,False,False,False,4.948,inf
gen_01659,6,0,False,-7.171,,False,False,False,2.302,inf
gen_01660,4,0,False,-7.309,,False,False,False,9.92,inf
gen_01661,4,0,False,-7.211,,False,False,False,2.673,inf
gen_01662,13,0,False,-6.831,,False,False,False,2.246,inf
gen_01663,9,0,False,-8.47,,False,False,False,2.379,inf
gen_01664,5,0,False,-8.097,,False,False,False,2.738,4.395
gen_01665,5,0,False,-8.059,,False,False,False,2.735,inf
gen_01666,6,0,False,-7.314,,False,False,False,2.74,4.446
gen_01667,10,0,False,-7.54,,False,False,False,2.2,inf
gen_01668,5,0,False,-8.034,,False,False,False,14.846,2.848
gen_01669,10,0,False,-8.876,,False,False,False,2.675,inf
gen_01670,7,0,False,-8.787,,False,False,False,2.23,7.065
gen_01671,6,0,False,-8.667,,False,False,False,2.199,inf
gen_01672,9,0,False,-7.107,,False,False,False,2.358,inf
gen_01673,5,0,False,-7.005,,False,False,False,2.334,inf
gen_01674,11,0,False,-7.339,,False,False,False,3.441,inf
gen_01675,7,0,False,-5.841,,False,False,False,2.758,inf
gen_01676,14,0,False,-7.737,,False,False,False,2.273,inf
gen_01677,7,0,False,-7.999,,False,False,False,2.219,inf
gen_01678,15,4,True,-8.06,-7.251,True,True,True,2.78,3.118
gen_01679,1,0,False,-7.658,,False,False,False,2.748,inf
gen_01680,1,0,False,-7.092,,False,False,False,2.731,inf
gen_01681,5,5,True,-7.955,-7.955,True,True,False,2.243,2.793
gen_01682,6,0,False,-7.761,,False,False,False,2.726,3.988
gen_01683,13,0,False,-6.674,,False,False,False,2.622,8.327
gen_01684,14,0,False,-7.081,,False,False,False,2.557,inf
gen_01685,12,0,False,-6.985,,False,False,False,2.296,inf
gen_01686,15,0,False,-7.607,,False,False,False,2.539,inf
gen_01687,14,0,False,-7.59,,False,False,False,2.204,inf
gen_01688,2,0,False,-8.104,,False,False,False,2.716,inf
gen_01689,2,0,False,-6.789,,False,False,False,2.599,inf
gen_01690,7,0,False,-6.875,,False,False,False,2.734,inf
gen_01691,11,0,False,-7.89,,False,False,False,2.631,inf
gen_01692,4,0,False,-7.94,,False,False,False,2.66,inf
gen_01693,5,0,False,-7.371,,False,False,False,2.338,inf
gen_01694,11,0,False,-8.233,,False,False,False,2.498,inf
gen_01695,12,0,False,-7.559,,False,False,False,2.2,inf
gen_01696,5,0,False,-7.605,,False,False,False,2.564,inf
gen_01697,15,0,False,-7.004,,False,False,False,2.629,inf
gen_01698,7,0,False,-8.138,,False,False,False,2.68,inf
gen_01699,4,0,False,-6.963,,False,False,False,2.554,inf
gen_01700,11,0,False,-7.439,,False,False,False,2.153,inf
gen_01701,6,0,False,-7.241,,False,False,False,2.703,inf
gen_01702,1,0,False,-7.513,,False,False,False,2.278,inf
gen_01703,8,5,True,-7.145,-7.145,True,True,True,2.672,3.158
gen_01704,2,0,False,-8.244,,False,False,False,2.666,inf
gen_01705,11,0,False,-6.359,,False,False,False,2.533,inf
gen_01706,5,0,False,-8.329,,False,False,False,2.547,inf
gen_01707,13,0,False,-7.335,,False,False,False,2.618,4.851
gen_01708,2,0,False,-7.031,,False,False,False,2.469,inf
gen_01709,5,0,False,-6.659,,False,False,False,2.77,inf
gen_01710,8,2,True,-7.533,-7.533,True,True,False,2.243,2.822
gen_01711,13,0,False,-6.539,,False,False,False,2.681,inf
gen_01712,5,0,False,-6.78,,False,False,False,2.216,4.466
gen_01713,5,0,False,-9.01,,False,False,False,2.738,inf
gen_01714,1,0,False,-7.002,,False,False,False,2.825,inf
gen_01715,4,0,False,-7.054,,False,False,False,2.358,inf
gen_01716,14,0,False,-7.606,,False,False,False,2.256,inf
gen_01717,3,0,False,-8.393,,False,False,False,2.317,inf
gen_01718,2,0,False,-51.289,,False,False,False,6.656,inf
gen_01719,10,0,False,-6.96,,False,False,False,13.979,inf
gen_01720,12,0,False,-5.954,,False,False,False,2.694,inf
gen_01721,8,0,False,-7.584,,False,False,False,2.651,3.803
gen_01722,11,0,False,-7.317,,False,False,False,2.574,inf
gen_01723,3,0,False,-7.491,,False,False,False,2.237,inf
gen_01724,10,0,False,-7.719,,False,False,False,2.633,inf
gen_01725,8,0,False,-7.952,,False,False,False,2.373,inf
gen_01726,5,0,False,-7.667,,False,False,False,3.499,8.648
gen_01727,2,0,False,-7.764,,False,False,False,2.75,inf
gen_01728,3,0,False,-6.491,,False,False,False,2.738,inf
gen_01729,13,0,False,-7.503,,False,False,False,2.647,inf
gen_01730,2,2,True,-7.808,-7.808,True,True,True,2.571,3.062
gen_01731,6,0,False,-7.408,,False,False,False,2.347,inf
gen_01732,3,3,True,-7.099,-7.099,True,True,True,2.353,2.78
gen_01733,3,0,False,-7.223,,False,False,False,2.802,inf
gen_01734,8,2,True,-8.586,-8.416,True,True,True,2.237,3.419
gen_01735,10,0,False,-7.101,,False,False,False,2.724,inf
gen_01736,7,0,False,-7.77,,False,False,False,2.201,inf
gen_01737,8,0,False,-7.641,,False,False,False,2.604,inf
gen_01738,5,0,False,-7.328,,False,False,False,2.805,inf
gen_01739,3,0,False,-7.384,,False,False,False,2.816,inf
gen_01740,2,0,False,-7.685,,False,False,False,2.205,inf
gen_01741,2,0,False,-7.259,,False,False,False,2.701,inf
gen_01742,14,0,False,-7.672,,False,False,False,2.228,inf
gen_01743,3,0,False,-7.596,,False,False,False,2.645,inf
gen_01744,10,0,False,-7.937,,False,False,False,2.667,inf
gen_01745,2,0,False,-7.391,,False,False,False,2.649,inf
gen_01746,2,2,True,-7.212,-7.212,True,True,True,2.653,3.227
gen_01747,3,0,False,-6.821,,False,False,False,2.713,inf
gen_01748,7,0,False,-8.697,,False,False,False,2.777,inf
gen_01749,1,0,False,-6.758,,False,False,False,2.652,6.438
gen_01750,12,0,False,-8.331,,False,False,False,2.2,inf
gen_01751,5,0,False,-7.673,,False,False,False,2.761,inf
gen_01752,9,0,False,-7.142,,False,False,False,2.211,inf
gen_01753,9,0,False,-8.27,,False,False,False,2.772,inf
gen_01754,9,0,False,-6.959,,False,False,False,2.637,inf
gen_01755,3,0,False,-8.455,,False,False,False,2.685,inf
gen_01756,9,0,False,-7.803,,False,False,False,2.853,inf
gen_01757,7,0,False,-7.735,,False,False,False,10.116,inf
gen_01758,3,0,False,-6.649,,False,False,False,3.627,inf
gen_01759,2,0,False,-7.704,,False,False,False,2.783,inf
gen_01760,6,0,False,-8.435,,False,False,False,2.744,inf
gen_01761,3,0,False,-7.996,,False,False,False,2.728,inf
gen_01762,1,0,False,-6.961,,False,False,False,2.472,inf
gen_01763,1,0,False,-6.995,,False,False,False,2.751,inf
gen_01764,7,0,False,-7.503,,False,False,False,2.534,inf
gen_01765,15,0,False,-7.691,,False,False,False,2.259,inf
gen_01766,4,0,False,-7.856,,False,False,False,2.64,inf
gen_01767,5,0,False,-7.506,,False,False,False,2.192,inf
gen_01768,6,0,False,-8.142,,False,False,False,2.281,inf
gen_01769,8,0,False,-8.015,,False,False,False,2.814,inf
gen_01770,5,0,False,-6.834,,False,False,False,2.204,inf
gen_01771,6,0,False,-6.869,,False,False,False,2.762,inf
gen_01772,4,0,False,-7.594,,False,False,False,2.771,inf
gen_01773,15,0,False,-6.264,,False,False,False,2.567,inf
gen_01774,9,0,False,-7.619,,False,False,False,3.466,inf
gen_01775,7,0,False,-7.9,,False,False,False,2.653,inf
gen_01776,7,0,False,-8.64,,False,False,False,2.597,inf
gen_01777,11,0,False,-7.312,,False,False,False,3.22,inf
gen_01778,8,0,False,-8.502,,False,False,False,2.46,inf
gen_01779,6,0,False,-7.634,,False,False,False,2.739,inf
gen_01780,8,0,False,-7.624,,False,False,False,2.211,inf
gen_01781,7,2,True,-7.46,-7.365,True,True,False,2.205,2.842
gen_01782,1,0,False,-7.265,,False,False,False,2.83,inf
gen_01783,2,0,False,-7.183,,False,False,False,2.676,6.955
gen_01784,3,0,False,-6.034,,False,False,False,2.44,inf
gen_01785,9,0,False,-7.684,,False,False,False,2.465,inf
gen_01786,4,0,False,-7.759,,False,False,False,2.788,inf
gen_01787,9,0,False,-6.87,,False,False,False,3.259,inf
gen_01788,5,0,False,-7.696,,False,False,False,2.799,3.834
gen_01789,8,0,False,-7.692,,False,False,False,2.51,inf
gen_01790,10,0,False,-8.165,,False,False,False,2.602,inf
gen_01791,2,0,False,-6.785,,False,False,False,2.566,inf
gen_01792,2,0,False,-7.425,,False,False,False,2.634,inf
gen_01793,1,0,False,-7.873,,False,False,False,2.745,inf
gen_01794,7,0,False,-7.651,,False,False,False,2.339,inf
gen_01795,6,0,False,-6.658,,False,False,False,2.719,inf
gen_01796,10,0,False,-7.604,,False,False,False,2.69,inf
gen_01797,5,0,False,-8.164,,False,False,False,2.337,inf
gen_01798,9,5,True,-8.759,-8.759,True,True,True,2.711,2.867
gen_01799,4,0,False,-7.599,,False,False,False,2.788,inf
gen_01800,9,0,False,-7.656,,False,False,False,2.23,inf
gen_01801,8,0,False,-8.221,,False,False,False,14.757,6.251
gen_01802,7,0,False,-7.302,,False,False,False,2.338,inf
gen_01803,8,0,False,-8.319,,False,False,False,13.998,6.377
gen_01804,3,0,False,-7.365,,False,False,False,2.468,inf
gen_01805,8,0,False,-7.429,,False,False,False,2.761,inf
gen_01806,10,0,False,-7.454,,False,False,False,2.291,inf
gen_01807,8,0,False,-8.33,,False,False,False,2.353,inf
gen_01808,2,0,False,-7.414,,False,False,False,2.752,inf
gen_01809,6,0,False,-8.638,,False,False,False,2.451,inf
gen_01810,2,0,False,-6.696,,False,False,False,9.387,4.065
gen_01811,7,0,False,-7.126,,False,False,False,2.599,inf
gen_01812,6,0,False,-7.259,,False,False,False,2.531,8.491
gen_01813,3,0,False,-7.737,,False,False,False,2.718,inf
gen_01814,3,0,False,-8.045,,False,False,False,2.518,inf
gen_01815,2,0,False,-7.807,,False,False,False,2.787,inf
gen_01816,14,0,False,-8.17,,False,False,False,7.709,7.226
gen_01817,2,0,False,-6.935,,False,False,False,2.301,inf
gen_01818,2,0,False,-7.437,,False,False,False,2.638,inf
gen_01819,9,0,False,-7.443,,False,False,False,2.214,inf
gen_01820,12,0,False,-7.762,,False,False,False,2.246,inf
gen_01821,6,0,False,-6.017,,False,False,False,2.393,inf
gen_01822,15,0,False,-7.803,,False,False,False,2.493,inf
gen_01823,5,0,False,-7.146,,False,False,False,2.312,inf
gen_01824,10,0,False,-7.536,,False,False,False,2.605,inf
gen_01825,4,0,False,-7.158,,False,False,False,2.71,inf
gen_01826,6,0,False,-6.799,,False,False,False,2.771,inf
gen_01827,3,0,False,-7.185,,False,False,False,2.748,inf
gen_01828,6,0,False,-8.236,,False,False,False,8.596,inf
gen_01829,5,0,False,-7.806,,False,False,False,2.688,inf
gen_01830,12,4,True,-6.69,-6.69,False,True,True,2.523,3.038
gen_01831,3,0,False,-7.424,,False,False,False,2.778,inf
gen_01832,7,0,False,-7.392,,False,False,False,2.681,inf
gen_01833,7,0,False,-7.117,,False,False,False,2.693,inf
gen_01834,6,0,False,-7.81,,False,False,False,2.694,inf
gen_01835,9,0,False,-6.89,,False,False,False,2.692,inf
gen_01836,2,0,False,-7.56,,False,False,False,2.243,inf
gen_01837,5,0,False,-7.245,,False,False,False,2.61,inf
gen_01838,10,1,True,-6.772,-6.209,False,True,False,2.219,3.044
gen_01839,6,0,False,-7.186,,False,False,False,14.597,inf
gen_01840,7,0,False,-8.012,,False,False,False,2.311,inf
gen_01841,6,0,False,-7.545,,False,False,False,2.571,3.739
gen_01842,7,0,False,-7.53,,False,False,False,2.66,4.298
gen_01843,1,0,False,-7.598,,False,False,False,2.793,inf
gen_01844,6,0,False,-7.632,,False,False,False,2.711,inf
gen_01845,10,0,False,-8.235,,False,False,False,2.615,inf
gen_01846,3,0,False,-7.045,,False,False,False,2.346,inf
gen_01847,15,0,False,-7.904,,False,False,False,2.808,inf
gen_01848,5,0,False,-6.738,,False,False,False,2.188,inf
gen_01849,3,0,False,-8.499,,False,False,False,2.88,inf
gen_01850,6,0,False,-8.297,,False,False,False,2.201,inf
gen_01851,9,0,False,-6.139,,False,False,False,2.638,inf
gen_01852,3,0,False,-7.886,,False,False,False,2.506,inf
gen_01853,8,0,False,-7.918,,False,False,False,2.493,inf
gen_01854,3,0,False,-8.229,,False,False,False,2.793,inf
gen_01855,4,0,False,-7.564,,False,False,False,7.545,6.455
gen_01856,2,0,False,-8.229,,False,False,False,2.666,inf
gen_01857,10,0,False,-7.79,,False,False,False,2.67,inf
gen_01858,2,0,False,-7.664,,False,False,False,2.417,inf
gen_01859,2,0,False,-7.239,,False,False,False,2.736,6.777
gen_01860,3,0,False,-7.437,,False,False,False,2.458,6.477
gen_01861,2,0,False,-7.868,,False,False,False,2.766,inf
gen_01862,7,0,False,-7.075,,False,False,False,2.455,inf
gen_01863,2,2,True,-7.32,-7.32,True,True,True,2.353,2.861
gen_01864,14,0,False,-7.584,,False,False,False,5.92,8.746
gen_01865,6,0,False,-8.022,,False,False,False,2.648,inf
gen_01866,10,4,True,-6.88,-6.88,True,True,True,2.256,3.181
gen_01867,3,0,False,-7.884,,False,False,False,2.744,inf
gen_01868,3,0,False,-8.145,,False,False,False,2.645,inf
gen_01869,1,0,False,-7.975,,False,False,False,8.513,inf
gen_01870,8,0,False,-8.288,,False,False,False,2.333,inf
gen_01871,9,0,False,-7.176,,False,False,False,2.483,inf
gen_01872,13,0,False,-7.442,,False,False,False,2.682,4.422
gen_01873,2,0,False,-7.473,,False,False,False,2.868,inf
gen_01874,10,0,False,-8.181,,False,False,False,2.455,inf
gen_01875,9,0,False,-7.869,,False,False,False,2.223,inf
gen_01876,11,0,False,-6.957,,False,False,False,2.22,inf
gen_01877,5,0,False,-7.716,,False,False,False,2.684,inf
gen_01878,2,0,False,-7.323,,False,False,False,2.728,5.537
gen_01879,3,0,False,-8.289,,False,False,False,2.623,inf
gen_01880,2,0,False,-7.905,,False,False,False,2.807,inf
gen_01881,6,0,False,-7.589,,False,False,False,2.639,inf
gen_01882,10,0,False,-8.093,,False,False,False,2.663,inf
gen_01883,9,2,True,-8.167,-7.952,True,True,True,2.255,3.157
gen_01884,9,0,False,-7.345,,False,False,False,2.718,4.171
gen_01885,2,0,False,-6.676,,False,False,False,2.484,inf
gen_01886,1,0,False,-7.619,,False,False,False,2.828,inf
gen_01887,12,0,False,-8.285,,False,False,False,2.674,inf
gen_01888,13,0,False,-7.068,,False,False,False,2.235,inf
gen_01889,3,0,False,-8.332,,False,False,False,2.573,inf
gen_01890,11,0,False,-7.157,,False,False,False,2.611,inf
gen_01891,6,0,False,-7.395,,False,False,False,2.773,inf
gen_01892,10,0,False,-8.36,,False,False,False,2.66,inf
gen_01893,11,0,False,-7.94,,False,False,False,2.558,inf
gen_01894,5,0,False,-7.746,,False,False,False,2.684,inf
gen_01895,8,0,False,-6.929,,False,False,False,2.58,inf
gen_01896,6,0,False,-6.458,,False,False,False,2.645,inf
gen_01897,1,0,False,-6.816,,False,False,False,2.703,inf
gen_01898,6,0,False,-6.29,,False,False,False,5.301,inf
gen_01899,2,0,False,-7.685,,False,False,False,2.67,inf
gen_01900,5,0,False,-8.017,,False,False,False,2.291,inf
gen_01901,12,0,False,-6.82,,False,False,False,2.71,inf
gen_01902,6,0,False,-6.851,,False,False,False,8.774,inf
gen_01903,3,3,True,-8.329,-8.329,True,True,False,2.21,3.438
gen_01904,12,0,False,-7.688,,False,False,False,2.616,inf
gen_01905,2,2,True,-7.509,-7.509,True,False,False,3.128,2.708
gen_01906,13,0,False,-7.425,,False,False,False,2.461,inf
gen_01907,2,0,False,-7.488,,False,False,False,3.013,inf
gen_01908,2,0,False,-7.548,,False,False,False,2.659,inf
gen_01909,4,4,True,-7.283,-7.283,True,True,True,2.662,3.168
gen_01910,2,0,False,-7.575,,False,False,False,2.665,inf
gen_01911,7,0,False,-7.151,,False,False,False,2.271,4.933
gen_01912,4,0,False,-7.214,,False,False,False,3.357,inf
gen_01913,2,0,False,-7.747,,False,False,False,16.625,6.784
gen_01914,4,0,False,-8.001,,False,False,False,2.231,inf
gen_01915,3,0,False,-7.867,,False,False,False,2.726,5.298
gen_01916,3,0,False,-7.26,,False,False,False,2.678,inf
gen_01917,4,2,True,-6.454,-6.454,False,True,True,2.66,3.084
gen_01918,3,0,False,-6.554,,False,False,False,2.418,inf
gen_01919,9,0,False,-7.121,,False,False,False,2.664,4.773
gen_01920,12,0,False,-6.862,,False,False,False,2.197,inf
gen_01921,16,0,False,-7.037,,False,False,False,2.241,inf
gen_01922,7,0,False,-8.152,,False,False,False,8.106,4.434
gen_01923,13,0,False,-6.803,,False,False,False,2.419,inf
gen_01924,12,0,False,-7.743,,False,False,False,2.344,inf
gen_01925,7,0,False,-8.005,,False,False,False,2.715,inf
gen_01926,8,0,False,-7.933,,False,False,False,2.451,4.554
gen_01927,7,0,False,-7.252,,False,False,False,2.769,inf
gen_01928,4,0,False,-7.468,,False,False,False,2.741,inf
gen_01929,2,0,False,-7.745,,False,False,False,2.743,inf
gen_01930,4,0,False,-6.974,,False,False,False,7.47,inf
gen_01931,4,0,False,-7.389,,False,False,False,8.476,inf
gen_01932,4,0,False,-7.834,,False,False,False,9.017,inf
gen_01933,11,0,False,-8.075,,False,False,False,2.781,inf
gen_01934,5,0,False,-7.238,,False,False,False,2.63,inf
gen_01935,5,0,False,-8.443,,False,False,False,2.705,inf
gen_01936,12,0,False,-6.18,,False,False,False,2.192,inf
gen_01937,5,0,False,-8.095,,False,False,False,2.255,inf
gen_01938,1,0,False,-86.954,,False,False,False,4.287,inf
gen_01939,8,0,False,-6.77,,False,False,False,2.436,inf
gen_01940,4,0,False,-6.954,,False,False,False,2.643,2.969
gen_01941,9,0,False,-7.22,,False,False,False,14.375,3.067
gen_01942,9,0,False,-8.094,,False,False,False,2.615,inf
gen_01943,1,0,False,-7.554,,False,False,False,2.748,inf
gen_01944,6,0,False,-6.904,,False,False,False,2.383,inf
gen_01945,16,0,False,-7.518,,False,False,False,2.296,inf
gen_01946,11,0,False,-7.931,,False,False,False,2.605,4.121
gen_01947,6,0,False,-8.519,,False,False,False,2.201,inf
gen_01948,3,0,False,-7.381,,False,False,False,2.774,inf
gen_01949,2,0,False,-49.862,,False,False,False,8.829,inf
gen_01950,8,0,False,-6.971,,False,False,False,2.737,inf
gen_01951,14,0,False,-6.599,,False,False,False,2.676,3.994
gen_01952,9,0,False,-6.881,,False,False,False,2.701,inf
gen_01953,4,0,False,-8.111,,False,False,False,2.69,inf
gen_01954,2,0,False,-6.503,,False,False,False,4.257,inf
gen_01955,4,0,False,-7.666,,False,False,False,2.511,inf
gen_01956,6,0,False,-7.499,,False,False,False,2.604,4.606
gen_01957,9,0,False,-6.78,,False,False,False,2.34,inf
gen_01958,10,0,False,-7.13,,False,False,False,2.707,inf
gen_01959,7,0,False,-7.48,,False,False,False,2.448,inf
gen_01960,12,0,False,-7.194,,False,False,False,2.453,inf
gen_01961,1,0,False,-6.57,,False,False,False,2.698,inf
gen_01962,4,0,False,-8.443,,False,False,False,2.652,inf
gen_01963,3,0,False,-7.514,,False,False,False,2.799,inf
gen_01964,8,8,True,-7.662,-7.662,True,True,True,2.459,2.978
gen_01965,5,0,False,-8.017,,False,False,False,2.732,inf
gen_01966,3,0,False,-6.294,,False,False,False,2.472,inf
gen_01967,4,0,False,-7.703,,False,False,False,2.679,inf
gen_01968,1,0,False,-6.815,,False,False,False,7.598,6.947
gen_01969,6,0,False,-7.623,,False,False,False,2.197,7.727
gen_01970,7,0,False,-7.29,,False,False,False,2.645,inf
gen_01971,4,0,False,-7.269,,False,False,False,2.193,6.045
gen_01972,4,0,False,-7.608,,False,False,False,2.633,9.278
gen_01973,3,0,False,-7.477,,False,False,False,2.769,inf
gen_01974,7,0,False,-6.941,,False,False,False,2.71,inf
gen_01975,11,7,True,-7.878,-7.874,True,True,True,2.222,2.75
gen_01976,12,0,False,-7.143,,False,False,False,2.69,inf
gen_01977,10,0,False,-7.989,,False,False,False,2.661,inf
gen_01978,3,0,False,-7.758,,False,False,False,3.106,inf
gen_01979,8,0,False,-7.319,,False,False,False,2.939,inf
gen_01980,9,0,False,-7.82,,False,False,False,2.619,inf
gen_01981,5,0,False,-7.444,,False,False,False,2.765,4.358
gen_01982,6,0,False,-7.848,,False,False,False,2.639,inf
gen_01983,5,0,False,-7.479,,False,False,False,11.318,inf
gen_01984,10,0,False,-7.043,,False,False,False,2.508,inf
gen_01985,1,0,False,-6.458,,False,False,False,2.799,inf
gen_01986,8,0,False,-7.501,,False,False,False,2.728,inf
gen_01987,8,0,False,-7.746,,False,False,False,2.704,inf
gen_01988,1,0,False,-8.169,,False,False,False,2.853,inf
gen_01989,14,0,False,-8.148,,False,False,False,2.751,inf
gen_01990,3,0,False,-7.247,,False,False,False,2.64,inf
gen_01991,6,0,False,-7.415,,False,False,False,2.475,inf
gen_01992,6,0,False,-7.857,,False,False,False,2.406,inf
gen_01993,9,3,True,-7.132,-7.129,True,True,False,2.149,2.837
gen_01994,5,0,False,-7.954,,False,False,False,6.205,11.99
gen_01995,10,0,False,-6.738,,False,False,False,2.807,3.862
gen_01996,3,0,False,-8.34,,False,False,False,2.828,inf
gen_01997,11,0,False,-6.795,,False,False,False,2.678,inf
gen_01998,8,0,False,-6.425,,False,False,False,2.832,inf
gen_01999,5,0,False,-7.016,,False,False,False,2.487,inf
gen_02000,5,0,False,-7.361,,False,False,False,2.226,inf
gen_02001,12,0,False,-7.112,,False,False,False,2.718,inf
gen_02002,3,0,False,-8.379,,False,False,False,2.49,5.609
gen_02003,4,0,False,-7.346,,False,False,False,2.53,inf
gen_02004,3,0,False,-7.588,,False,False,False,2.641,inf
gen_02005,3,0,False,-8.379,,False,False,False,2.189,inf
gen_02006,14,0,False,-8.058,,False,False,False,2.198,inf
gen_02007,13,0,False,-7.847,,False,False,False,2.283,inf
gen_02008,2,0,False,-8.094,,False,False,False,2.722,inf
gen_02009,2,2,True,-7.772,-7.772,True,True,True,2.202,3.171
gen_02010,4,0,False,-7.385,,False,False,False,5.38,inf
gen_02011,4,0,False,-6.987,,False,False,False,2.276,inf
gen_02012,4,0,False,-7.994,,False,False,False,2.745,inf
gen_02013,13,0,False,-7.527,,False,False,False,2.606,3.605
gen_02014,2,0,False,-6.937,,False,False,False,2.793,inf
gen_02015,6,0,False,-7.814,,False,False,False,2.46,inf
gen_02016,11,0,False,-7.167,,False,False,False,2.599,inf
gen_02017,3,0,False,-8.201,,False,False,False,5.402,inf
gen_02018,6,0,False,-8.03,,False,False,False,2.794,inf
gen_02019,5,0,False,-7.337,,False,False,False,2.638,inf
gen_02020,6,0,False,-7.11,,False,False,False,2.797,inf
gen_02021,8,0,False,-6.858,,False,False,False,2.264,inf
gen_02022,1,0,False,-6.434,,False,False,False,2.801,inf
gen_02023,2,0,False,-7.395,,False,False,False,2.74,inf
gen_02024,3,0,False,-6.93,,False,False,False,2.723,inf
gen_02025,5,0,False,-7.368,,False,False,False,2.872,inf
gen_02026,15,0,False,-7.136,,False,False,False,2.206,9.141
gen_02027,10,0,False,-5.621,,False,False,False,2.347,8.056
gen_02028,2,0,False,-70.396,,False,False,False,6.326,inf
gen_02029,4,0,False,-7.368,,False,False,False,2.734,inf
gen_02030,3,0,False,-7.953,,False,False,False,2.2,4.609
gen_02031,3,0,False,-6.919,,False,False,False,2.725,inf
gen_02032,8,0,False,-6.832,,False,False,False,2.686,inf
gen_02033,2,0,False,-7.296,,False,False,False,2.652,5.251
gen_02034,9,0,False,-7.438,,False,False,False,2.203,3.948
gen_02035,7,0,False,-8.207,,False,False,False,2.724,inf
gen_02036,6,0,False,-7.596,,False,False,False,2.308,inf
gen_02037,5,0,False,-6.887,,False,False,False,2.753,inf
gen_02038,4,0,False,-7.197,,False,False,False,2.376,inf
gen_02039,2,0,False,-7.127,,False,False,False,2.815,inf
gen_02040,9,0,False,-6.853,,False,False,False,2.682,inf
gen_02041,7,0,False,-7.858,,False,False,False,2.357,inf
gen_02042,9,0,False,-7.053,,False,False,False,2.658,inf
gen_02043,4,0,False,-7.845,,False,False,False,2.714,inf
gen_02044,5,0,False,-7.721,,False,False,False,2.772,inf
gen_02045,2,0,False,-6.764,,False,False,False,2.714,inf
gen_02046,4,0,False,-7.962,,False,False,False,2.531,4.531
gen_02047,4,0,False,-6.8,,False,False,False,2.752,inf
gen_02048,9,0,False,-7.586,,False,False,False,2.198,inf
gen_02049,5,0,False,-7.343,,False,False,False,2.586,inf
gen_02050,1,0,False,-8.052,,False,False,False,2.77,inf
gen_02051,3,0,False,-8.416,,False,False,False,2.709,inf
gen_02052,15,0,False,-6.978,,False,False,False,2.205,inf
gen_02053,6,0,False,-8.28,,False,False,False,2.708,inf
gen_02054,6,0,False,-6.777,,False,False,False,9.698,inf
gen_02055,5,0,False,-7.266,,False,False,False,2.485,inf
gen_02056,10,0,False,-8.147,,False,False,False,2.532,inf
gen_02057,5,0,False,-6.882,,False,False,False,2.733,inf
gen_02058,7,0,False,-6.176,,False,False,False,2.331,inf
gen_02059,5,0,False,-7.583,,False,False,False,2.625,inf
gen_02060,5,0,False,-8.548,,False,False,False,2.271,inf
gen_02061,15,11,True,-7.565,-7.565,True,True,True,2.202,2.768
gen_02062,9,0,False,-8.495,,False,False,False,2.634,4.456
gen_02063,4,0,False,-7.709,,False,False,False,2.432,inf
gen_02064,2,0,False,-6.425,,False,False,False,2.51,inf
gen_02065,14,0,False,-6.132,,False,False,False,2.606,6.15
gen_02066,8,0,False,-7.713,,False,False,False,2.634,inf
gen_02067,12,0,False,-6.571,,False,False,False,2.701,inf
gen_02068,6,0,False,-6.984,,False,False,False,2.684,inf
gen_02069,7,0,False,-6.806,,False,False,False,2.3,inf
gen_02070,9,0,False,-8.36,,False,False,False,2.307,5.3
gen_02071,16,0,False,-7.249,,False,False,False,2.2,inf
gen_02072,5,0,False,-7.612,,False,False,False,2.679,5.276
gen_02073,14,0,False,-7.872,,False,False,False,2.255,inf
gen_02074,5,0,False,-8.882,,False,False,False,2.743,inf
gen_02075,3,0,False,-7.701,,False,False,False,5.069,inf
gen_02076,1,0,False,-8.741,,False,False,False,2.526,inf
gen_02077,3,0,False,-6.774,,False,False,False,2.856,inf
gen_02078,3,0,False,-7.557,,False,False,False,3.315,7.984
gen_02079,14,0,False,-7.169,,False,False,False,2.464,inf
gen_02080,8,0,False,-7.989,,False,False,False,2.221,4.986
gen_02081,11,0,False,-7.955,,False,False,False,2.706,inf
gen_02082,3,0,False,-7.317,,False,False,False,3.11,inf
gen_02083,2,0,False,-8.149,,False,False,False,2.731,4.605
gen_02084,16,0,False,-6.868,,False,False,False,2.276,inf
gen_02085,2,0,False,-7.474,,False,False,False,2.736,inf
gen_02086,8,1,True,-6.965,-6.69,False,True,True,2.396,3.33
gen_02087,5,0,False,-7.682,,False,False,False,2.209,inf
gen_02088,3,0,False,-8.045,,False,False,False,2.819,inf
gen_02089,3,0,False,-8.134,,False,False,False,2.54,inf
gen_02090,5,0,False,-7.523,,False,False,False,2.671,inf
gen_02091,4,0,False,-8.271,,False,False,False,2.566,5.514
gen_02092,6,0,False,-7.776,,False,False,False,2.733,inf
gen_02093,4,0,False,-7.618,,False,False,False,2.799,inf
gen_02094,2,0,False,-8.562,,False,False,False,2.639,inf
gen_02095,2,0,False,-7.041,,False,False,False,2.692,inf
gen_02096,5,0,False,-6.952,,False,False,False,2.593,inf
gen_02097,11,0,False,-8.03,,False,False,False,3.607,inf
gen_02098,10,7,True,-6.888,-6.888,True,True,True,2.714,3.294
gen_02099,10,0,False,-8.041,,False,False,False,3.849,inf
gen_02100,16,0,False,-7.124,,False,False,False,2.66,inf
gen_02101,14,0,False,-6.039,,False,False,False,2.592,inf
gen_02102,8,0,False,-6.555,,False,False,False,2.206,inf
gen_02103,9,9,True,-7.789,-7.789,True,True,True,2.739,2.773
gen_02104,5,0,False,-7.573,,False,False,False,2.758,inf
gen_02105,2,0,False,-6.808,,False,False,False,2.692,inf
gen_02106,4,0,False,-6.538,,False,False,False,2.728,inf
gen_02107,15,10,True,-7.798,-7.798,True,True,True,2.577,2.938
gen_02108,1,0,False,-7.57,,False,False,False,2.824,inf
gen_02109,4,0,False,-6.638,,False,False,False,2.721,4.956
gen_02110,4,0,False,-8.212,,False,False,False,2.649,3.741
gen_02111,8,0,False,-8.228,,False,False,False,2.612,inf
gen_02112,14,0,False,-7.297,,False,False,False,2.549,inf
gen_02113,11,0,False,-7.568,,False,False,False,2.708,inf
gen_02114,1,0,False,-6.724,,False,False,False,2.802,inf
gen_02115,9,0,False,-6.94,,False,False,False,2.752,inf
gen_02116,9,0,False,-7.249,,False,False,False,2.729,inf
gen_02117,9,0,False,-7.577,,False,False,False,2.684,inf
gen_02118,6,0,False,-8.401,,False,False,False,2.636,inf
gen_02119,8,0,False,-6.191,,False,False,False,9.37,inf
gen_02120,5,0,False,-7.342,,False,False,False,2.681,inf
gen_02121,3,0,False,-6.335,,False,False,False,2.644,inf
gen_02122,4,0,False,-7.234,,False,False,False,2.544,inf
gen_02123,7,0,False,-7.352,,False,False,False,4.151,4.906
gen_02124,3,0,False,-6.518,,False,False,False,2.63,inf
gen_02125,4,0,False,-7.885,,False,False,False,2.371,inf
gen_02126,2,0,False,-7.869,,False,False,False,2.515,inf
gen_02127,2,0,False,-8.112,,False,False,False,2.576,inf
gen_02128,10,0,False,-7.266,,False,False,False,2.58,inf
gen_02129,2,0,False,-7.151,,False,False,False,2.608,inf
gen_02130,7,0,False,-7.394,,False,False,False,2.64,inf
gen_02131,3,0,False,-7.779,,False,False,False,2.205,5.653
gen_02132,8,0,False,-7.883,,False,False,False,2.757,inf
gen_02133,11,0,False,-7.936,,False,False,False,2.674,inf
gen_02134,14,0,False,-6.928,,False,False,False,2.758,inf
gen_02135,12,0,False,-7.333,,False,False,False,2.563,inf
gen_02136,8,0,False,-6.665,,False,False,False,2.64,inf
gen_02137,7,0,False,-8.218,,False,False,False,2.6,inf
gen_02138,7,0,False,-7.062,,False,False,False,2.436,inf
gen_02139,8,0,False,-6.556,,False,False,False,2.729,inf
gen_02140,11,0,False,-7.681,,False,False,False,2.402,inf
gen_02141,6,0,False,-7.179,,False,False,False,2.51,inf
gen_02142,3,0,False,-6.839,,False,False,False,2.512,inf
gen_02143,2,0,False,-7.731,,False,False,False,2.739,inf
gen_02144,4,0,False,-7.552,,False,False,False,2.647,inf
gen_02145,13,0,False,-8.12,,False,False,False,2.481,inf
gen_02146,2,0,False,-7.491,,False,False,False,2.584,inf
gen_02147,2,2,True,-7.88,-7.88,True,True,False,2.804,3.169
gen_02148,11,0,False,-7.763,,False,False,False,2.7,inf
gen_02149,4,0,False,-7.837,,False,False,False,2.357,inf
gen_02150,3,0,False,-7.666,,False,False,False,2.697,4.528
gen_02151,1,0,False,-7.894,,False,False,False,2.721,inf
gen_02152,6,0,False,-8.349,,False,False,False,3.247,inf
gen_02153,7,0,False,-7.835,,False,False,False,2.769,inf
gen_02154,6,0,False,-8.081,,False,False,False,2.628,inf
gen_02155,4,0,False,-7.565,,False,False,False,2.701,4.519
gen_02156,12,0,False,-6.346,,False,False,False,2.667,inf
gen_02157,3,0,False,-7.557,,False,False,False,2.783,inf
gen_02158,2,0,False,-8.484,,False,False,False,2.759,inf
gen_02159,5,0,False,-6.829,,False,False,False,2.4,inf
gen_02160,6,0,False,-7.225,,False,False,False,2.731,inf
gen_02161,2,0,False,-8.088,,False,False,False,14.467,4.929
gen_02162,6,0,False,-7.372,,False,False,False,2.759,inf
gen_02163,2,0,False,-6.509,,False,False,False,2.749,inf
gen_02164,3,0,False,-6.87,,False,False,False,2.699,inf
gen_02165,7,0,False,-7.265,,False,False,False,2.297,inf
gen_02166,6,0,False,-7.219,,False,False,False,2.349,inf
gen_02167,6,0,False,-6.986,,False,False,False,2.472,inf
gen_02168,12,0,False,-7.038,,False,False,False,2.626,inf
gen_02169,9,0,False,-8.081,,False,False,False,16.065,inf
gen_02170,10,0,False,-8.658,,False,False,False,2.338,inf
gen_02171,7,0,False,-7.512,,False,False,False,2.57,4.561
gen_02172,15,12,True,-6.491,-6.491,False,True,True,2.432,2.931
gen_02173,8,0,False,-7.437,,False,False,False,2.561,inf
gen_02174,9,0,False,-7.078,,False,False,False,2.443,inf
gen_02175,2,0,False,-7.278,,False,False,False,2.769,inf
gen_02176,6,0,False,-6.96,,False,False,False,2.763,inf
gen_02177,5,0,False,-7.147,,False,False,False,2.507,inf
gen_02178,8,0,False,-7.312,,False,False,False,2.346,inf
gen_02179,3,0,False,-8.436,,False,False,False,2.533,inf
gen_02180,2,0,False,-6.653,,False,False,False,2.673,inf
gen_02181,3,0,False,-7.465,,False,False,False,2.715,inf
gen_02182,11,0,False,-7.461,,False,False,False,2.726,inf
gen_02183,5,0,False,-6.481,,False,False,False,2.693,inf
gen_02184,2,0,False,-6.92,,False,False,False,2.432,inf
gen_02185,12,0,False,-8.311,,False,False,False,2.502,inf
gen_02186,8,0,False,-8.623,,False,False,False,2.737,inf
gen_02187,2,0,False,-7.696,,False,False,False,2.243,inf
gen_02188,3,0,False,-6.81,,False,False,False,2.86,inf
gen_02189,11,0,False,-7.222,,False,False,False,2.619,inf
gen_02190,12,0,False,-7.72,,False,False,False,2.65,inf
gen_02191,4,0,False,-7.808,,False,False,False,2.73,inf
gen_02192,12,0,False,-6.875,,False,False,False,2.221,inf
gen_02193,12,0,False,-7.585,,False,False,False,2.704,inf
gen_02194,10,0,False,-7.637,,False,False,False,2.668,inf
gen_02195,1,0,False,-7.328,,False,False,False,2.754,inf
gen_02196,10,0,False,-7.243,,False,False,False,2.349,inf
gen_02197,4,0,False,-7.35,,False,False,False,2.748,inf
gen_02198,11,0,False,-7.658,,False,False,False,2.675,7.655
gen_02199,10,0,False,-7.18,,False,False,False,2.701,inf
gen_02200,2,0,False,-6.893,,False,False,False,2.776,inf
gen_02201,14,0,False,-8.72,,False,False,False,2.228,5.319
gen_02202,11,0,False,-6.983,,False,False,False,2.5,inf
gen_02203,14,0,False,-6.958,,False,False,False,2.203,inf
gen_02204,2,0,False,-7.697,,False,False,False,2.736,inf
gen_02205,5,0,False,-7.343,,False,False,False,2.531,inf
gen_02206,1,0,False,-8.021,,False,False,False,2.856,inf
gen_02207,9,0,False,-8.053,,False,False,False,2.365,inf
gen_02208,13,0,False,-7.548,,False,False,False,2.463,inf
gen_02209,3,0,False,-5.968,,False,False,False,2.585,inf
gen_02210,9,0,False,-7.682,,False,False,False,2.667,inf
gen_02211,4,0,False,-7.062,,False,False,False,2.361,inf
gen_02212,4,0,False,-7.229,,False,False,False,2.857,inf
gen_02213,8,0,False,-7.611,,False,False,False,2.629,inf
gen_02214,8,2,True,-6.448,-6.448,False,True,False,2.402,2.894
gen_02215,1,0,False,-8.031,,False,False,False,2.531,inf
gen_02216,8,0,False,-7.754,,False,False,False,2.779,inf
gen_02217,13,0,False,-7.444,,False,False,False,2.661,inf
gen_02218,3,0,False,-6.229,,False,False,False,2.736,inf
gen_02219,2,0,False,-7.122,,False,False,False,2.546,inf
gen_02220,2,0,False,-5.675,,False,False,False,2.204,inf
gen_02221,7,0,False,-6.542,,False,False,False,3.539,4.388
gen_02222,10,0,False,-7.926,,False,False,False,2.351,inf
gen_02223,6,0,False,-6.874,,False,False,False,2.698,inf
gen_02224,5,0,False,-7.574,,False,False,False,2.611,inf
gen_02225,8,0,False,-7.788,,False,False,False,2.496,5.517
gen_02226,9,0,False,-6.769,,False,False,False,2.813,inf
gen_02227,4,0,False,-6.207,,False,False,False,4.157,inf
gen_02228,9,0,False,-7.175,,False,False,False,2.294,inf
gen_02229,12,6,True,-7.431,-7.431,True,True,True,2.453,3.092
gen_02230,3,0,False,-8.695,,False,False,False,2.621,inf
gen_02231,2,0,False,-7.081,,False,False,False,2.679,inf
gen_02232,3,0,False,-8.135,,False,False,False,2.977,inf
gen_02233,5,0,False,-7.756,,False,False,False,2.478,inf
gen_02234,13,0,False,-8.145,,False,False,False,2.66,inf
gen_02235,12,0,False,-7.205,,False,False,False,2.764,inf
gen_02236,13,0,False,-7.319,,False,False,False,2.228,inf
gen_02237,1,0,False,-8.65,,False,False,False,2.772,inf
gen_02238,5,0,False,-7.011,,False,False,False,2.751,inf
gen_02239,11,2,True,-6.929,-6.838,True,True,False,2.683,3.199
gen_02240,11,0,False,-7.312,,False,False,False,2.513,inf
gen_02241,8,0,False,-8.068,,False,False,False,2.643,inf
gen_02242,10,0,False,-7.074,,False,False,False,12.735,inf
gen_02243,15,0,False,-7.164,,False,False,False,2.661,inf
gen_02244,15,0,False,-7.203,,False,False,False,2.656,inf
gen_02245,4,0,False,-7.166,,False,False,False,2.207,inf
gen_02246,7,0,False,-7.438,,False,False,False,2.532,inf
gen_02247,13,0,False,-7.85,,False,False,False,2.553,inf
gen_02248,2,0,False,-174.363,,False,False,False,6.95,inf
gen_02249,3,0,False,-7.3,,False,False,False,2.742,inf
gen_02250,15,0,False,-8.013,,False,False,False,2.278,inf
gen_02251,2,0,False,-7.621,,False,False,False,2.664,inf
gen_02252,6,0,False,-7.383,,False,False,False,2.727,inf
gen_02253,9,0,False,-8.019,,False,False,False,2.653,inf
gen_02254,5,0,False,-8.007,,False,False,False,3.296,inf
gen_02255,3,0,False,-8.257,,False,False,False,5.13,inf
gen_02256,8,0,False,-8.066,,False,False,False,2.479,inf
gen_02257,11,0,False,-7.127,,False,False,False,2.584,inf
gen_02258,3,0,False,-7.766,,False,False,False,3.516,inf
gen_02259,8,0,False,-7.908,,False,False,False,2.253,inf
gen_02260,9,0,False,-6.755,,False,False,False,2.579,inf
gen_02261,3,0,False,-7.105,,False,False,False,2.589,3.841
gen_02262,9,0,False,-7.767,,False,False,False,2.754,inf
gen_02263,4,0,False,-7.653,,False,False,False,2.456,inf
gen_02264,3,0,False,-7.771,,False,False,False,3.476,inf
gen_02265,5,0,False,-7.748,,False,False,False,2.213,inf
gen_02266,13,0,False,-8.101,,False,False,False,2.373,4.309
gen_02267,9,0,False,-8.058,,False,False,False,2.238,inf
gen_02268,1,0,False,-8.055,,False,False,False,3.717,inf
gen_02269,10,0,False,-6.954,,False,False,False,2.784,7.769
gen_02270,1,0,False,-8.144,,False,False,False,2.722,inf
gen_02271,6,4,True,-7.239,-7.211,True,True,False,2.46,3.079
gen_02272,3,0,False,-7.26,,False,False,False,2.516,inf
gen_02273,15,0,False,-6.667,,False,False,False,2.202,inf
gen_02274,7,0,False,-8.398,,False,False,False,2.51,4.605
gen_02275,7,0,False,-7.413,,False,False,False,2.734,4.596
gen_02276,2,0,False,-6.697,,False,False,False,2.526,inf
gen_02277,3,0,False,-7.403,,False,False,False,2.642,inf
gen_02278,1,0,False,-7.249,,False,False,False,14.072,inf
gen_02279,4,0,False,-7.737,,False,False,False,2.733,inf
gen_02280,6,0,False,-7.729,,False,False,False,2.676,inf
gen_02281,4,0,False,-6.496,,False,False,False,2.363,inf
gen_02282,4,0,False,-7.526,,False,False,False,3.388,4.046
gen_02283,7,0,False,-7.601,,False,False,False,15.446,2.712
gen_02284,14,0,False,-7.135,,False,False,False,2.373,inf
gen_02285,4,0,False,-6.899,,False,False,False,2.577,3.671
gen_02286,2,0,False,-7.998,,False,False,False,2.73,inf
gen_02287,7,0,False,-7.385,,False,False,False,2.717,inf
gen_02288,2,0,False,-7.62,,False,False,False,2.347,inf
gen_02289,8,0,False,-7.391,,False,False,False,2.353,inf
gen_02290,3,0,False,-7.803,,False,False,False,2.823,inf
gen_02291,8,3,True,-7.626,-7.626,True,True,True,2.692,3.013
gen_02292,10,0,False,-7.322,,False,False,False,2.388,inf
gen_02293,12,0,False,-7.647,,False,False,False,2.572,inf
gen_02294,8,0,False,-8.66,,False,False,False,2.622,inf
gen_02295,6,0,False,-8.079,,False,False,False,2.715,inf
gen_02296,2,0,False,-7.342,,False,False,False,2.848,inf
gen_02297,4,0,False,-7.981,,False,False,False,2.769,inf
gen_02298,12,0,False,-8.184,,False,False,False,8.804,inf
gen_02299,1,0,False,-6.9,,False,False,False,2.671,inf
gen_02300,1,0,False,-6.504,,False,False,False,9.895,5.793
gen_02301,7,0,False,-6.93,,False,False,False,2.745,inf
gen_02302,6,0,False,-7.54,,False,False,False,2.606,inf
gen_02303,8,0,False,-6.838,,False,False,False,2.557,inf
gen_02304,5,0,False,-7.063,,False,False,False,8.803,inf
gen_02305,2,0,False,-6.142,,False,False,False,2.208,inf
gen_02306,4,0,False,-7.042,,False,False,False,2.876,5.593
gen_02307,12,0,False,-7.654,,False,False,False,2.75,inf
gen_02308,10,0,False,-7.657,,False,False,False,2.302,inf
gen_02309,13,0,False,-7.329,,False,False,False,2.781,inf
gen_02310,9,0,False,-8.646,,False,False,False,2.379,5.71
gen_02311,4,0,False,-6.92,,False,False,False,2.643,inf
gen_02312,5,0,False,-7.007,,False,False,False,2.738,inf
gen_02313,9,0,False,-7.7,,False,False,False,2.714,inf
gen_02314,2,0,False,-7.254,,False,False,False,2.686,inf
gen_02315,10,0,False,-7.374,,False,False,False,2.47,inf
gen_02316,2,0,False,-6.952,,False,False,False,2.681,inf
gen_02317,6,0,False,-7.462,,False,False,False,2.806,inf
gen_02318,11,3,True,-7.041,-7.041,True,True,False,2.619,3.131
gen_02319,5,0,False,-8.346,,False,False,False,2.817,inf
gen_02320,14,0,False,-6.83,,False,False,False,2.744,inf
gen_02321,9,0,False,-8.355,,False,False,False,2.861,inf
gen_02322,4,0,False,-7.67,,False,False,False,3.017,inf
gen_02323,3,0,False,-7.966,,False,False,False,3.361,6.447
gen_02324,2,0,False,-6.849,,False,False,False,2.713,inf
gen_02325,4,0,False,-6.61,,False,False,False,2.704,inf
gen_02326,7,0,False,-8.472,,False,False,False,2.391,inf
gen_02327,12,0,False,-7.371,,False,False,False,2.349,inf
gen_02328,7,0,False,-7.999,,False,False,False,2.46,inf
gen_02329,4,0,False,-7.759,,False,False,False,2.757,6.384
gen_02330,2,0,False,-8.23,,False,False,False,5.58,4.007
gen_02331,6,0,False,-6.832,,False,False,False,4.458,3.998
gen_02332,15,0,False,-7.653,,False,False,False,2.748,3.939
gen_02333,5,0,False,-6.965,,False,False,False,2.292,inf
gen_02334,9,0,False,-7.377,,False,False,False,2.242,inf
gen_02335,7,0,False,-8.068,,False,False,False,2.648,inf
gen_02336,13,0,False,-7.735,,False,False,False,2.45,3.025
gen_02337,13,0,False,-7.337,,False,False,False,2.519,inf
gen_02338,1,0,False,-6.231,,False,False,False,2.778,inf
gen_02339,5,0,False,-7.217,,False,False,False,2.279,inf
gen_02340,4,0,False,-8.179,,False,False,False,2.797,inf
gen_02341,5,0,False,-8.048,,False,False,False,2.759,inf
gen_02342,11,0,False,-7.764,,False,False,False,2.396,inf
gen_02343,5,0,False,-7.873,,False,False,False,2.822,inf
gen_02344,7,0,False,-7.622,,False,False,False,2.623,inf
gen_02345,2,2,True,-7.048,-7.048,True,True,True,2.732,2.895
gen_02346,9,0,False,-8.042,,False,False,False,3.247,inf
gen_02347,5,0,False,-7.561,,False,False,False,13.062,inf
gen_02348,10,0,False,-7.43,,False,False,False,2.667,inf
gen_02349,3,0,False,-7.033,,False,False,False,2.783,7.469
gen_02350,7,2,True,-6.96,-6.96,True,True,True,2.63,2.984
gen_02351,10,0,False,-7.654,,False,False,False,2.464,3.758
gen_02352,3,0,False,-7.393,,False,False,False,2.717,inf
gen_02353,11,0,False,-6.849,,False,False,False,2.567,inf
gen_02354,14,0,False,-7.889,,False,False,False,2.499,inf
gen_02355,11,0,False,-6.965,,False,False,False,2.451,inf
gen_02356,11,0,False,-7.557,,False,False,False,2.601,inf
gen_02357,4,0,False,-7.39,,False,False,False,2.675,inf
gen_02358,16,0,False,-7.591,,False,False,False,2.724,inf
gen_02359,3,0,False,-7.804,,False,False,False,2.677,inf
gen_02360,11,11,True,-6.631,-6.631,False,True,True,2.76,2.86
gen_02361,5,0,False,-6.421,,False,False,False,6.16,inf
gen_02362,11,0,False,-7.756,,False,False,False,2.296,inf
gen_02363,13,0,False,-6.267,,False,False,False,2.681,inf
gen_02364,13,0,False,-7.138,,False,False,False,2.387,inf
gen_02365,3,0,False,-7.981,,False,False,False,2.108,inf
gen_02366,13,0,False,-6.383,,False,False,False,2.717,inf
gen_02367,7,0,False,-6.814,,False,False,False,2.307,inf
gen_02368,7,0,False,-7.057,,False,False,False,2.682,7.235
gen_02369,10,0,False,-7.156,,False,False,False,2.737,2.784
gen_02370,14,0,False,-7.837,,False,False,False,2.714,inf
gen_02371,3,0,False,-7.351,,False,False,False,2.584,inf
gen_02372,5,0,False,-7.213,,False,False,False,2.41,inf
gen_02373,7,2,True,-7.562,-7.547,True,True,False,2.411,3.112
gen_02374,4,0,False,-7.783,,False,False,False,2.525,inf
gen_02375,8,0,False,-6.384,,False,False,False,2.361,inf
gen_02376,3,0,False,-8.563,,False,False,False,2.593,inf
gen_02377,2,0,False,-7.856,,False,False,False,2.392,inf
gen_02378,3,0,False,-8.115,,False,False,False,2.793,inf
gen_02379,8,0,False,-7.626,,False,False,False,2.681,inf
gen_02380,7,0,False,-7.226,,False,False,False,2.241,inf
gen_02381,9,0,False,-7.825,,False,False,False,2.149,inf
gen_02382,5,0,False,-6.614,,False,False,False,2.52,inf
gen_02383,3,0,False,-8.135,,False,False,False,2.453,inf
gen_02384,5,0,False,-7.27,,False,False,False,2.668,inf
gen_02385,6,0,False,-7.091,,False,False,False,5.416,6.621
gen_02386,3,0,False,-7.878,,False,False,False,2.723,inf
gen_02387,14,0,False,-6.515,,False,False,False,2.684,inf
gen_02388,7,0,False,-7.808,,False,False,False,12.002,inf
gen_02389,1,0,False,-41.677,,False,False,False,8.125,inf
gen_02390,9,0,False,-6.698,,False,False,False,2.26,inf
gen_02391,2,0,False,-7.293,,False,False,False,2.846,4.045
gen_02392,2,0,False,-8.401,,False,False,False,2.568,8.161
gen_02393,14,0,False,-7.012,,False,False,False,2.492,inf
gen_02394,9,0,False,-7.6,,False,False,False,4.04,inf
gen_02395,4,0,False,-8.005,,False,False,False,3.716,inf
gen_02396,7,0,False,-7.431,,False,False,False,2.848,inf
gen_02397,4,0,False,-7.277,,False,False,False,14.905,inf
gen_02398,3,0,False,-7.132,,False,False,False,2.705,inf
gen_02399,7,0,False,-7.862,,False,False,False,2.702,inf
gen_02400,16,4,True,-8.268,-8.22,True,True,True,2.459,3.214
gen_02401,11,0,False,-7.401,,False,False,False,2.618,inf
gen_02402,9,9,True,-9.107,-9.107,True,True,True,2.75,2.899
gen_02403,8,0,False,-7.952,,False,False,False,2.246,inf
gen_02404,15,0,False,-8.063,,False,False,False,2.192,inf
gen_02405,4,0,False,-7.474,,False,False,False,2.608,inf
gen_02406,12,0,False,-7.106,,False,False,False,2.319,inf
gen_02407,7,0,False,-7.927,,False,False,False,2.632,inf
gen_02408,5,0,False,-7.71,,False,False,False,2.484,inf
gen_02409,8,0,False,-7.132,,False,False,False,2.356,inf
gen_02410,4,0,False,-7.416,,False,False,False,2.787,inf
gen_02411,2,0,False,-7.409,,False,False,False,2.56,inf
gen_02412,8,0,False,-6.475,,False,False,False,2.452,inf
gen_02413,16,0,False,-6.731,,False,False,False,2.516,inf
gen_02414,10,0,False,-7.728,,False,False,False,2.663,5.324
gen_02415,4,0,False,-6.835,,False,False,False,2.328,inf
gen_02416,7,0,False,-7.805,,False,False,False,2.696,inf
gen_02417,9,0,False,-7.8,,False,False,False,2.713,inf
gen_02418,5,0,False,-7.207,,False,False,False,2.369,inf
gen_02419,11,0,False,-7.66,,False,False,False,2.661,2.976
gen_02420,7,0,False,-8.402,,False,False,False,2.687,inf
gen_02421,7,4,True,-8.023,-8.023,True,True,False,2.698,2.91
gen_02422,11,0,False,-7.282,,False,False,False,2.709,inf
gen_02423,7,0,False,-6.636,,False,False,False,2.205,inf
gen_02424,6,0,False,-7.322,,False,False,False,2.643,inf
gen_02425,16,6,True,-5.781,-5.781,False,True,True,2.199,2.958
gen_02426,3,0,False,-7.0,,False,False,False,2.4,inf
gen_02427,2,2,True,-7.518,-7.518,True,True,False,2.698,3.018
gen_02428,4,0,False,-7.725,,False,False,False,2.666,inf
gen_02429,3,0,False,-6.665,,False,False,False,2.687,inf
gen_02430,5,0,False,-7.904,,False,False,False,2.769,inf
gen_02431,12,0,False,-8.006,,False,False,False,2.471,inf
gen_02432,2,0,False,-6.819,,False,False,False,2.802,inf
gen_02433,8,0,False,-7.328,,False,False,False,2.704,inf
gen_02434,2,0,False,-6.622,,False,False,False,2.362,inf
gen_02435,3,0,False,-7.225,,False,False,False,2.682,inf
gen_02436,4,4,True,-8.259,-8.259,True,True,True,2.783,2.717
gen_02437,13,0,False,-7.735,,False,False,False,2.226,inf
gen_02438,4,0,False,-7.798,,False,False,False,2.369,inf
gen_02439,3,0,False,-8.664,,False,False,False,2.46,inf
gen_02440,6,0,False,-9.398,,False,False,False,11.292,inf
gen_02441,14,0,False,-7.342,,False,False,False,2.304,inf
gen_02442,2,0,False,-7.539,,False,False,False,2.379,inf
gen_02443,5,0,False,-7.781,,False,False,False,2.65,inf
gen_02444,11,0,False,-8.079,,False,False,False,2.489,inf
gen_02445,2,0,False,-6.959,,False,False,False,13.786,5.585
gen_02446,8,0,False,-7.589,,False,False,False,2.617,inf
gen_02447,1,0,False,-7.745,,False,False,False,2.792,inf
gen_02448,5,0,False,-7.552,,False,False,False,2.671,3.298
gen_02449,11,0,False,-7.283,,False,False,False,2.199,inf
gen_02450,3,0,False,-6.649,,False,False,False,2.711,inf
gen_02451,15,0,False,-7.292,,False,False,False,2.703,7.506
gen_02452,2,2,True,-7.469,-7.469,True,True,True,2.591,3.3
gen_02453,3,0,False,-6.898,,False,False,False,10.218,7.45
gen_02454,9,0,False,-7.193,,False,False,False,2.594,inf
gen_02455,8,0,False,-6.502,,False,False,False,2.56,inf
gen_02456,4,0,False,-7.246,,False,False,False,2.825,inf
gen_02457,4,0,False,-7.552,,False,False,False,2.561,inf
gen_02458,3,0,False,-7.555,,False,False,False,2.498,inf
gen_02459,3,0,False,-7.828,,False,False,False,2.816,inf
gen_02460,9,0,False,-7.816,,False,False,False,2.579,inf
gen_02461,6,0,False,-7.373,,False,False,False,2.57,inf
gen_02462,10,1,True,-7.402,-7.402,True,True,True,2.745,3.093
gen_02463,2,0,False,-7.504,,False,False,False,2.569,inf
gen_02464,4,0,False,-6.807,,False,False,False,2.403,inf
gen_02465,2,0,False,-7.763,,False,False,False,3.044,inf
gen_02466,4,0,False,-7.423,,False,False,False,2.769,4.238
gen_02467,14,0,False,-6.588,,False,False,False,2.697,inf
gen_02468,14,0,False,-7.674,,False,False,False,2.465,inf
gen_02469,2,0,False,-7.26,,False,False,False,2.718,4.034
gen_02470,10,0,False,-7.244,,False,False,False,2.725,inf
gen_02471,5,0,False,-7.193,,False,False,False,2.682,inf
gen_02472,5,0,False,-7.566,,False,False,False,13.487,5.324
gen_02473,15,0,False,-8.201,,False,False,False,2.698,inf
gen_02474,7,0,False,-7.694,,False,False,False,2.544,4.746
gen_02475,11,0,False,-7.47,,False,False,False,2.643,inf
gen_02476,10,0,False,-8.018,,False,False,False,2.499,3.811
gen_02477,14,0,False,-6.497,,False,False,False,2.656,inf
gen_02478,11,0,False,-7.286,,False,False,False,2.725,inf
gen_02479,3,0,False,-7.135,,False,False,False,2.709,inf
gen_02480,1,0,False,-6.61,,False,False,False,10.042,inf
gen_02481,12,0,False,-7.403,,False,False,False,2.495,inf
gen_02482,8,0,False,-8.185,,False,False,False,2.723,inf
gen_02483,3,0,False,-7.426,,False,False,False,2.855,6.063
gen_02484,5,0,False,-7.033,,False,False,False,2.666,inf
gen_02485,5,0,False,-8.151,,False,False,False,13.603,inf
gen_02486,8,0,False,-7.518,,False,False,False,2.594,3.922
gen_02487,6,0,False,-7.91,,False,False,False,2.759,inf
gen_02488,3,0,False,-8.252,,False,False,False,2.215,inf
gen_02489,12,0,False,-7.815,,False,False,False,7.416,inf
gen_02490,9,0,False,-8.286,,False,False,False,3.433,inf
gen_02491,9,0,False,-7.877,,False,False,False,2.638,inf
gen_02492,9,0,False,-6.885,,False,False,False,2.753,inf
gen_02493,8,0,False,-7.63,,False,False,False,2.508,7.66
gen_02494,4,0,False,-6.763,,False,False,False,2.37,inf
gen_02495,7,0,False,-7.8,,False,False,False,2.66,inf
gen_02496,6,0,False,-8.351,,False,False,False,2.529,inf
gen_02497,9,0,False,-6.866,,False,False,False,2.568,inf
gen_02498,11,0,False,-7.82,,False,False,False,2.716,inf
gen_02499,2,0,False,-6.821,,False,False,False,2.423,inf
gen_02500,11,0,False,-8.066,,False,False,False,2.277,inf
gen_02501,14,0,False,-7.738,,False,False,False,2.584,3.824
gen_02502,2,0,False,-7.196,,False,False,False,2.829,5.064
gen_02503,13,0,False,-7.251,,False,False,False,2.717,inf
gen_02504,13,9,True,-7.292,-7.292,True,True,True,2.337,3.075
gen_02505,11,0,False,-7.872,,False,False,False,2.522,inf
gen_02506,2,0,False,-7.3,,False,False,False,2.608,inf
gen_02507,10,0,False,-6.679,,False,False,False,2.558,inf
gen_02508,8,0,False,-7.856,,False,False,False,2.722,inf
gen_02509,4,0,False,-7.784,,False,False,False,2.736,inf
gen_02510,3,0,False,-6.599,,False,False,False,2.709,inf
gen_02511,10,0,False,-7.125,,False,False,False,2.542,5.197
gen_02512,6,0,False,-7.888,,False,False,False,2.507,inf
gen_02513,4,0,False,-7.342,,False,False,False,2.488,inf
gen_02514,12,0,False,-6.844,,False,False,False,2.541,inf
gen_02515,2,0,False,-7.483,,False,False,False,2.675,inf
gen_02516,5,0,False,-7.374,,False,False,False,2.528,inf
gen_02517,8,0,False,-7.249,,False,False,False,2.678,inf
gen_02518,14,0,False,-7.134,,False,False,False,2.453,inf
gen_02519,13,6,True,-7.102,-7.102,True,True,True,2.646,2.756
gen_02520,2,0,False,-7.688,,False,False,False,7.912,inf
gen_02521,13,0,False,-8.017,,False,False,False,2.33,inf
gen_02522,4,0,False,-8.146,,False,False,False,2.594,inf
gen_02523,3,0,False,-7.121,,False,False,False,2.723,inf
gen_02524,4,0,False,-8.719,,False,False,False,4.133,inf
gen_02525,2,0,False,-6.922,,False,False,False,2.757,inf
gen_02526,2,0,False,-7.492,,False,False,False,2.767,inf
gen_02527,3,0,False,-7.135,,False,False,False,2.787,inf
gen_02528,5,0,False,-7.219,,False,False,False,3.797,inf
gen_02529,2,0,False,-112.435,,False,False,False,3.815,5.297
gen_02530,2,0,False,-7.383,,False,False,False,2.878,inf
gen_02531,1,0,False,-7.298,,False,False,False,2.746,5.599
gen_02532,2,0,False,-7.496,,False,False,False,2.699,inf
gen_02533,12,0,False,-7.451,,False,False,False,2.679,inf
gen_02534,4,0,False,-8.108,,False,False,False,2.779,inf
gen_02535,9,0,False,-7.411,,False,False,False,2.628,inf
gen_02536,16,12,True,-7.385,-7.385,True,True,False,2.209,2.854
gen_02537,10,0,False,-7.86,,False,False,False,2.538,inf
gen_02538,3,0,False,-7.009,,False,False,False,2.669,4.963
gen_02539,5,0,False,-7.133,,False,False,False,2.805,inf
gen_02540,6,0,False,-6.413,,False,False,False,2.745,inf
gen_02541,2,0,False,-6.936,,False,False,False,2.404,inf
gen_02542,8,0,False,-7.285,,False,False,False,2.655,inf
gen_02543,5,0,False,-7.494,,False,False,False,2.446,inf
gen_02544,8,0,False,-8.23,,False,False,False,2.22,inf
gen_02545,10,0,False,-7.3,,False,False,False,2.363,inf
gen_02546,3,0,False,-8.15,,False,False,False,2.269,inf
gen_02547,5,0,False,-6.533,,False,False,False,2.776,inf
gen_02548,14,0,False,-7.656,,False,False,False,2.76,inf
gen_02549,12,0,False,-8.074,,False,False,False,2.347,inf
gen_02550,8,5,True,-8.405,-8.383,True,True,True,2.651,2.884
gen_02551,4,0,False,-7.37,,False,False,False,2.835,inf
gen_02552,4,0,False,-6.71,,False,False,False,11.759,inf
gen_02553,4,0,False,-7.531,,False,False,False,2.568,inf
gen_02554,4,0,False,-6.254,,False,False,False,8.049,inf
gen_02555,3,0,False,-7.626,,False,False,False,2.813,inf
gen_02556,11,0,False,-6.629,,False,False,False,2.276,inf
gen_02557,7,0,False,-6.897,,False,False,False,2.719,inf
gen_02558,14,0,False,-7.484,,False,False,False,2.747,inf
gen_02559,3,0,False,-7.125,,False,False,False,2.773,inf
gen_02560,3,0,False,-8.14,,False,False,False,2.652,inf
gen_02561,6,0,False,-7.351,,False,False,False,2.742,inf
gen_02562,13,0,False,-7.115,,False,False,False,3.231,inf
gen_02563,7,0,False,-7.764,,False,False,False,2.665,inf
gen_02564,5,0,False,-8.092,,False,False,False,2.566,inf
gen_02565,7,0,False,-7.252,,False,False,False,2.185,inf
gen_02566,1,0,False,-7.66,,False,False,False,2.613,inf
gen_02567,5,0,False,-7.826,,False,False,False,2.307,inf
gen_02568,7,0,False,-7.802,,False,False,False,2.746,inf
gen_02569,5,0,False,-7.431,,False,False,False,2.784,inf
gen_02570,11,0,False,-8.176,,False,False,False,2.339,inf
gen_02571,4,0,False,-7.235,,False,False,False,2.665,inf
gen_02572,2,0,False,-8.171,,False,False,False,2.815,inf
gen_02573,6,0,False,-8.127,,False,False,False,2.221,inf
gen_02574,1,0,False,-7.717,,False,False,False,2.775,inf
gen_02575,9,0,False,-7.411,,False,False,False,2.27,inf
gen_02576,6,0,False,-6.276,,False,False,False,2.766,inf
gen_02577,7,0,False,-6.941,,False,False,False,2.335,inf
gen_02578,6,6,True,-6.825,-6.825,True,True,False,2.616,2.862
gen_02579,4,0,False,-6.76,,False,False,False,2.632,inf
gen_02580,3,1,True,-7.375,-7.252,True,True,False,2.752,3.463
gen_02581,3,0,False,-6.972,,False,False,False,2.603,inf
gen_02582,8,0,False,-7.762,,False,False,False,2.469,inf
gen_02583,8,0,False,-7.817,,False,False,False,2.58,inf
gen_02584,13,0,False,-7.914,,False,False,False,10.202,inf
gen_02585,7,0,False,-7.32,,False,False,False,2.625,inf
gen_02586,5,0,False,-7.11,,False,False,False,2.809,inf
gen_02587,7,0,False,-7.035,,False,False,False,2.214,inf
gen_02588,8,0,False,-7.28,,False,False,False,2.703,inf
gen_02589,10,0,False,-7.79,,False,False,False,2.623,8.089
gen_02590,5,0,False,-7.567,,False,False,False,2.54,inf
gen_02591,15,0,False,-6.508,,False,False,False,2.271,inf
gen_02592,5,0,False,-7.49,,False,False,False,2.737,inf
gen_02593,3,0,False,-6.861,,False,False,False,2.725,inf
gen_02594,4,0,False,-7.405,,False,False,False,2.418,3.044
gen_02595,12,0,False,-6.927,,False,False,False,2.426,inf
gen_02596,7,0,False,-8.207,,False,False,False,3.64,inf
gen_02597,6,0,False,-7.578,,False,False,False,2.559,inf
gen_02598,12,1,True,-7.59,-7.58,True,True,True,2.2,3.429
gen_02599,7,0,False,-7.862,,False,False,False,2.642,inf
gen_02600,10,0,False,-7.806,,False,False,False,2.239,inf
gen_02601,5,0,False,-7.544,,False,False,False,2.474,inf
gen_02602,3,0,False,-6.871,,False,False,False,2.581,inf
gen_02603,6,0,False,-7.424,,False,False,False,2.207,inf
gen_02604,6,0,False,-7.806,,False,False,False,2.724,6.308
gen_02605,14,0,False,-6.734,,False,False,False,2.611,inf
gen_02606,5,0,False,-8.428,,False,False,False,3.004,inf
gen_02607,2,0,False,-6.218,,False,False,False,2.641,inf
gen_02608,8,0,False,-7.742,,False,False,False,2.488,inf
gen_02609,10,0,False,-7.695,,False,False,False,2.573,inf
gen_02610,2,0,False,-7.997,,False,False,False,2.692,inf
gen_02611,8,0,False,-7.695,,False,False,False,2.424,inf
gen_02612,13,0,False,-7.097,,False,False,False,2.344,4.292
gen_02613,3,0,False,-7.804,,False,False,False,2.813,inf
gen_02614,7,0,False,-8.396,,False,False,False,2.252,inf
gen_02615,11,0,False,-6.717,,False,False,False,2.748,6.864
gen_02616,9,0,False,-7.096,,False,False,False,2.779,inf
gen_02617,4,0,False,-7.611,,False,False,False,2.203,inf
gen_02618,6,0,False,-7.938,,False,False,False,2.704,inf
gen_02619,5,0,False,-7.13,,False,False,False,2.545,inf
gen_02620,10,0,False,-7.273,,False,False,False,2.205,inf
gen_02621,10,0,False,-7.17,,False,False,False,2.598,inf
gen_02622,2,2,True,-7.618,-7.618,True,True,False,2.811,2.857
gen_02623,4,0,False,-7.518,,False,False,False,2.684,inf
gen_02624,1,0,False,-6.872,,False,False,False,3.021,inf
gen_02625,5,0,False,-6.675,,False,False,False,2.481,inf
gen_02626,13,0,False,-8.608,,False,False,False,2.719,inf
gen_02627,3,0,False,-6.896,,False,False,False,2.56,inf
gen_02628,3,0,False,-7.401,,False,False,False,2.652,inf
gen_02629,11,0,False,-7.706,,False,False,False,4.486,inf
gen_02630,10,0,False,-7.194,,False,False,False,5.494,inf
gen_02631,6,0,False,-7.069,,False,False,False,2.751,inf
gen_02632,12,0,False,-7.249,,False,False,False,2.785,inf
gen_02633,3,0,False,-7.313,,False,False,False,2.725,inf
gen_02634,2,2,True,-8.278,-8.278,True,True,False,2.771,3.049
gen_02635,10,0,False,-6.261,,False,False,False,2.632,inf
gen_02636,3,0,False,-6.957,,False,False,False,2.589,inf
gen_02637,5,0,False,-7.077,,False,False,False,2.651,inf
gen_02638,5,0,False,-7.974,,False,False,False,2.689,inf
gen_02639,4,0,False,-7.165,,False,False,False,2.476,inf
gen_02640,7,0,False,-8.266,,False,False,False,2.202,inf
gen_02641,3,0,False,-8.166,,False,False,False,2.509,inf
gen_02642,8,0,False,-7.486,,False,False,False,2.66,inf
gen_02643,4,0,False,-8.534,,False,False,False,2.529,inf
gen_02644,1,0,False,-7.52,,False,False,False,2.215,inf
gen_02645,11,0,False,-7.371,,False,False,False,14.225,3.844
gen_02646,5,0,False,-6.605,,False,False,False,2.734,inf
gen_02647,4,0,False,-7.145,,False,False,False,2.383,inf
gen_02648,8,0,False,-8.638,,False,False,False,2.421,inf
gen_02649,7,0,False,-8.084,,False,False,False,2.736,3.7
gen_02650,2,0,False,-7.558,,False,False,False,2.811,inf
gen_02651,2,0,False,-7.026,,False,False,False,2.505,inf
gen_02652,5,0,False,-7.499,,False,False,False,2.714,inf
gen_02653,3,0,False,-7.046,,False,False,False,2.725,inf
gen_02654,8,0,False,-7.883,,False,False,False,2.694,inf
gen_02655,10,0,False,-8.101,,False,False,False,2.754,inf
gen_02656,5,0,False,-7.535,,False,False,False,2.705,inf
gen_02657,12,0,False,-6.568,,False,False,False,2.21,inf
gen_02658,13,0,False,-7.224,,False,False,False,2.692,inf
gen_02659,6,0,False,-6.46,,False,False,False,2.596,inf
gen_02660,7,0,False,-8.015,,False,False,False,2.204,inf
gen_02661,5,0,False,-8.411,,False,False,False,2.626,inf
gen_02662,6,0,False,-7.61,,False,False,False,2.624,inf
gen_02663,12,0,False,-7.403,,False,False,False,2.554,inf
gen_02664,10,0,False,-7.07,,False,False,False,2.315,inf
gen_02665,11,3,True,-7.777,-7.777,True,True,True,2.257,2.97
gen_02666,3,0,False,-7.813,,False,False,False,2.761,inf
gen_02667,4,0,False,-7.481,,False,False,False,2.59,inf
gen_02668,13,0,False,-6.926,,False,False,False,2.202,inf
gen_02669,2,0,False,-6.256,,False,False,False,2.204,inf
gen_02670,7,0,False,-7.772,,False,False,False,2.487,inf
gen_02671,10,0,False,-8.025,,False,False,False,2.649,inf
gen_02672,2,0,False,-7.136,,False,False,False,2.683,inf
gen_02673,5,0,False,-7.62,,False,False,False,2.777,inf
gen_02674,10,0,False,-7.593,,False,False,False,2.678,5.447
gen_02675,5,0,False,-7.822,,False,False,False,12.818,2.781
gen_02676,8,0,False,-8.018,,False,False,False,2.205,7.732
gen_02677,5,0,False,-7.815,,False,False,False,2.77,inf
gen_02678,14,0,False,-7.517,,False,False,False,2.618,inf
gen_02679,11,0,False,-7.547,,False,False,False,2.72,inf
gen_02680,7,0,False,-7.077,,False,False,False,2.732,inf
gen_02681,12,0,False,-7.656,,False,False,False,2.703,inf
gen_02682,16,0,False,-7.73,,False,False,False,2.619,inf
gen_02683,4,0,False,-8.317,,False,False,False,2.704,inf
gen_02684,3,0,False,-6.872,,False,False,False,2.754,inf
gen_02685,7,0,False,-6.627,,False,False,False,2.418,inf
gen_02686,10,4,True,-7.152,-7.077,True,True,True,2.267,2.858
gen_02687,3,0,False,-7.533,,False,False,False,2.264,inf
gen_02688,5,0,False,-8.416,,False,False,False,2.726,inf
gen_02689,3,0,False,-7.523,,False,False,False,2.49,inf
gen_02690,6,0,False,-7.81,,False,False,False,2.208,inf
gen_02691,4,0,False,-7.261,,False,False,False,2.274,inf
gen_02692,12,0,False,-7.558,,False,False,False,2.491,inf
gen_02693,13,0,False,-6.146,,False,False,False,2.396,inf
gen_02694,5,0,False,-7.831,,False,False,False,2.265,inf
gen_02695,4,0,False,-6.895,,False,False,False,2.741,inf
gen_02696,4,0,False,-7.768,,False,False,False,2.827,10.438
gen_02697,1,0,False,-6.894,,False,False,False,2.744,inf
gen_02698,1,0,False,-7.666,,False,False,False,2.454,inf
gen_02699,2,0,False,-7.152,,False,False,False,2.735,inf
gen_02700,7,0,False,-6.441,,False,False,False,2.717,inf
gen_02701,8,0,False,-7.237,,False,False,False,2.827,inf
gen_02702,2,0,False,-7.404,,False,False,False,2.2,inf
gen_02703,6,0,False,-8.269,,False,False,False,2.255,8.287
gen_02704,6,0,False,-7.093,,False,False,False,2.866,6.513
gen_02705,16,0,False,-5.463,,False,False,False,2.422,4.496
gen_02706,1,0,False,-8.107,,False,False,False,3.522,inf
gen_02707,10,0,False,-6.664,,False,False,False,2.569,7.192
gen_02708,16,0,False,-7.58,,False,False,False,2.219,2.681
gen_02709,10,0,False,-7.224,,False,False,False,2.246,inf
gen_02710,5,2,True,-7.02,-6.81,True,True,False,2.316,3.155
gen_02711,8,0,False,-7.88,,False,False,False,6.965,inf
gen_02712,8,0,False,-8.137,,False,False,False,2.687,inf
gen_02713,1,1,True,-7.924,-7.924,True,True,False,2.23,3.263
gen_02714,1,0,False,-150.308,,False,False,False,13.484,inf
gen_02715,8,0,False,-7.961,,False,False,False,2.492,inf
gen_02716,2,0,False,-7.3,,False,False,False,2.712,inf
gen_02717,2,0,False,-7.963,,False,False,False,11.897,3.337
gen_02718,11,0,False,-7.408,,False,False,False,2.82,4.534
gen_02719,12,0,False,-7.306,,False,False,False,2.301,4.117
gen_02720,9,0,False,-8.844,,False,False,False,2.475,inf
gen_02721,7,0,False,-8.01,,False,False,False,2.463,inf
gen_02722,7,0,False,-7.498,,False,False,False,2.727,inf
gen_02723,4,0,False,-7.259,,False,False,False,8.66,inf
gen_02724,1,0,False,-6.401,,False,False,False,2.29,inf
gen_02725,8,0,False,-6.851,,False,False,False,2.622,inf
gen_02726,6,0,False,-7.459,,False,False,False,2.198,inf
gen_02727,2,0,False,-149.579,,False,False,False,5.754,inf
gen_02728,3,0,False,-7.708,,False,False,False,2.244,inf
gen_02729,4,0,False,-8.254,,False,False,False,2.613,inf
gen_02730,6,0,False,-7.954,,False,False,False,2.656,inf
gen_02731,5,0,False,-7.993,,False,False,False,2.74,inf
gen_02732,10,0,False,-7.423,,False,False,False,2.667,5.232
gen_02733,1,0,False,-8.062,,False,False,False,2.725,inf
gen_02734,12,0,False,-8.083,,False,False,False,2.669,inf
gen_02735,3,0,False,-7.206,,False,False,False,2.497,inf
gen_02736,3,0,False,-7.624,,False,False,False,2.709,inf
gen_02737,7,0,False,-8.153,,False,False,False,2.57,inf
gen_02738,2,0,False,-7.759,,False,False,False,5.66,inf
gen_02739,6,0,False,-6.957,,False,False,False,2.706,inf
gen_02740,3,0,False,-7.027,,False,False,False,6.62,inf
gen_02741,5,0,False,-7.689,,False,False,False,2.793,6.354
gen_02742,8,0,False,-7.236,,False,False,False,2.8,4.876
gen_02743,2,0,False,-8.41,,False,False,False,2.715,inf
gen_02744,16,0,False,-7.34,,False,False,False,2.677,inf
gen_02745,5,0,False,-8.384,,False,False,False,15.465,inf
gen_02746,2,0,False,-7.939,,False,False,False,4.118,inf
gen_02747,5,0,False,-8.171,,False,False,False,2.294,inf
gen_02748,10,8,True,-7.48,-7.48,True,True,True,2.694,2.872
gen_02749,8,0,False,-7.079,,False,False,False,2.58,inf
gen_02750,5,0,False,-8.777,,False,False,False,2.736,inf
gen_02751,6,0,False,-6.458,,False,False,False,2.474,inf
gen_02752,4,0,False,-8.005,,False,False,False,3.25,inf
gen_02753,4,0,False,-6.677,,False,False,False,2.611,inf
gen_02754,11,0,False,-7.719,,False,False,False,2.656,5.113
gen_02755,3,0,False,-6.591,,False,False,False,2.55,inf
gen_02756,4,0,False,-6.775,,False,False,False,2.317,inf
gen_02757,9,0,False,-6.878,,False,False,False,2.623,inf
gen_02758,2,0,False,-7.207,,False,False,False,2.744,inf
gen_02759,15,0,False,-7.435,,False,False,False,2.299,inf
gen_02760,5,0,False,-8.84,,False,False,False,2.684,inf
gen_02761,4,0,False,-7.035,,False,False,False,2.663,inf
gen_02762,7,0,False,-7.086,,False,False,False,2.4,inf
gen_02763,1,0,False,-98.717,,False,False,False,9.177,inf
gen_02764,10,0,False,-8.083,,False,False,False,2.202,inf
gen_02765,3,0,False,-6.713,,False,False,False,2.699,inf
gen_02766,4,0,False,-7.696,,False,False,False,2.818,inf
gen_02767,1,1,True,-7.289,-7.289,True,True,True,2.501,3.349
gen_02768,9,0,False,-7.281,,False,False,False,2.409,inf
gen_02769,10,0,False,-7.435,,False,False,False,2.533,inf
gen_02770,1,0,False,-7.376,,False,False,False,8.448,inf
gen_02771,3,0,False,-7.296,,False,False,False,2.344,5.55
gen_02772,1,1,True,-7.09,-7.09,True,True,False,2.713,3.281
gen_02773,9,0,False,-6.817,,False,False,False,2.706,inf
gen_02774,4,0,False,-7.432,,False,False,False,2.695,inf
gen_02775,4,0,False,-7.117,,False,False,False,2.579,inf
gen_02776,3,0,False,-121.918,,False,False,False,7.401,inf
gen_02777,2,2,True,-7.064,-7.064,True,True,True,2.668,2.924
gen_02778,4,0,False,-7.747,,False,False,False,2.416,inf
gen_02779,9,0,False,-7.926,,False,False,False,2.331,inf
gen_02780,8,0,False,-7.807,,False,False,False,2.546,inf
gen_02781,13,0,False,-7.388,,False,False,False,2.666,inf
gen_02782,14,0,False,-7.333,,False,False,False,2.206,inf
gen_02783,5,0,False,-7.549,,False,False,False,3.187,inf
gen_02784,2,0,False,-6.956,,False,False,False,2.741,inf
gen_02785,5,0,False,-7.041,,False,False,False,2.356,inf
gen_02786,4,0,False,-6.696,,False,False,False,13.334,inf
gen_02787,3,0,False,-7.769,,False,False,False,2.682,inf
gen_02788,6,0,False,-7.063,,False,False,False,2.776,inf
gen_02789,11,0,False,-7.971,,False,False,False,2.444,inf
gen_02790,1,0,False,-7.586,,False,False,False,2.63,inf
gen_02791,2,0,False,-6.657,,False,False,False,2.755,5.435
gen_02792,7,0,False,-7.283,,False,False,False,2.747,inf
gen_02793,11,0,False,-7.073,,False,False,False,2.648,inf
gen_02794,12,5,True,-6.506,-6.498,False,True,True,2.293,3.076
gen_02795,4,0,False,-7.968,,False,False,False,2.475,inf
gen_02796,9,0,False,-7.557,,False,False,False,2.363,inf
gen_02797,14,0,False,-7.7,,False,False,False,2.233,4.91
gen_02798,2,0,False,-6.193,,False,False,False,2.7,inf
gen_02799,4,0,False,-7.802,,False,False,False,15.899,3.326
gen_02800,5,0,False,-7.527,,False,False,False,2.747,inf
gen_02801,9,0,False,-7.274,,False,False,False,2.781,inf
gen_02802,4,0,False,-7.95,,False,False,False,2.282,inf
gen_02803,3,0,False,-7.327,,False,False,False,2.752,inf
gen_02804,5,0,False,-8.009,,False,False,False,2.651,inf
gen_02805,16,0,False,-6.491,,False,False,False,2.37,inf
gen_02806,14,1,True,-6.654,-6.484,False,True,False,2.21,3.115
gen_02807,6,6,True,-8.703,-8.703,True,True,True,2.676,2.757
gen_02808,12,0,False,-7.309,,False,False,False,2.362,inf
gen_02809,12,0,False,-7.769,,False,False,False,2.208,inf
gen_02810,4,0,False,-8.951,,False,False,False,2.684,inf
gen_02811,11,0,False,-7.47,,False,False,False,2.678,3.665
gen_02812,1,1,True,-7.521,-7.521,True,True,True,2.791,2.879
gen_02813,11,0,False,-7.642,,False,False,False,2.727,4.284
gen_02814,6,0,False,-7.552,,False,False,False,2.529,inf
gen_02815,12,12,True,-8.429,-8.429,True,True,True,2.696,2.919
gen_02816,3,0,False,-8.086,,False,False,False,2.792,inf
gen_02817,2,0,False,-6.545,,False,False,False,3.072,inf
gen_02818,6,0,False,-6.703,,False,False,False,2.6,inf
gen_02819,13,0,False,-8.02,,False,False,False,2.362,inf
gen_02820,3,0,False,-7.862,,False,False,False,4.906,inf
gen_02821,4,0,False,-8.014,,False,False,False,14.727,inf
gen_02822,2,0,False,-7.609,,False,False,False,2.644,inf
gen_02823,2,0,False,-7.957,,False,False,False,2.774,inf
gen_02824,7,0,False,-6.244,,False,False,False,2.263,inf
gen_02825,5,0,False,-7.247,,False,False,False,2.282,inf
gen_02826,3,0,False,-7.23,,False,False,False,2.766,inf
gen_02827,10,0,False,-7.309,,False,False,False,2.592,inf
gen_02828,12,0,False,-7.768,,False,False,False,2.525,inf
gen_02829,13,0,False,-8.202,,False,False,False,2.313,inf
gen_02830,15,0,False,-7.367,,False,False,False,2.438,inf
gen_02831,5,0,False,-8.064,,False,False,False,2.708,inf
gen_02832,8,0,False,-6.506,,False,False,False,2.488,inf
gen_02833,6,0,False,-7.359,,False,False,False,2.691,inf
gen_02834,13,0,False,-7.227,,False,False,False,2.295,inf
gen_02835,4,0,False,-7.254,,False,False,False,2.482,inf
gen_02836,16,0,False,-7.11,,False,False,False,2.266,inf
gen_02837,10,0,False,-8.0,,False,False,False,2.199,inf
gen_02838,5,0,False,-7.969,,False,False,False,3.0,2.698
gen_02839,12,0,False,-7.244,,False,False,False,2.684,inf
gen_02840,9,0,False,-7.297,,False,False,False,12.208,4.444
gen_02841,2,0,False,-8.242,,False,False,False,2.818,inf
gen_02842,6,0,False,-7.98,,False,False,False,2.666,inf
gen_02843,7,0,False,-8.218,,False,False,False,13.329,inf
gen_02844,12,0,False,-7.557,,False,False,False,2.623,inf
gen_02845,5,0,False,-6.755,,False,False,False,2.385,inf
gen_02846,7,0,False,-8.162,,False,False,False,2.686,6.247
gen_02847,2,0,False,-7.826,,False,False,False,2.196,inf
gen_02848,9,0,False,-7.853,,False,False,False,2.635,inf
gen_02849,1,1,True,-6.854,-6.854,True,True,True,2.811,2.852
gen_02850,10,0,False,-8.373,,False,False,False,2.62,inf
gen_02851,9,0,False,-6.888,,False,False,False,2.688,inf
gen_02852,5,0,False,-7.451,,False,False,False,2.715,inf
gen_02853,2,0,False,-8.207,,False,False,False,14.726,2.993
gen_02854,7,0,False,-7.702,,False,False,False,2.574,inf
gen_02855,5,0,False,-6.329,,False,False,False,2.222,inf
gen_02856,11,0,False,-8.165,,False,False,False,3.226,3.131
gen_02857,14,0,False,-7.941,,False,False,False,2.695,inf
gen_02858,4,0,False,-7.736,,False,False,False,3.262,inf
gen_02859,2,0,False,-7.18,,False,False,False,2.866,inf
gen_02860,6,0,False,-7.053,,False,False,False,2.483,inf
gen_02861,11,0,False,-7.73,,False,False,False,2.55,inf
gen_02862,12,0,False,-7.723,,False,False,False,2.384,inf
gen_02863,4,0,False,-8.384,,False,False,False,4.049,inf
gen_02864,5,0,False,-7.655,,False,False,False,2.498,inf
gen_02865,9,0,False,-6.35,,False,False,False,2.171,inf
gen_02866,9,0,False,-7.892,,False,False,False,2.277,inf
gen_02867,4,0,False,-6.466,,False,False,False,2.788,inf
gen_02868,3,0,False,-7.215,,False,False,False,3.531,inf
gen_02869,10,0,False,-7.298,,False,False,False,2.644,inf
gen_02870,5,0,False,-8.163,,False,False,False,2.799,inf
gen_02871,2,0,False,-7.501,,False,False,False,2.681,inf
gen_02872,8,0,False,-8.267,,False,False,False,2.253,inf
gen_02873,8,0,False,-7.13,,False,False,False,2.617,inf
gen_02874,7,0,False,-7.012,,False,False,False,2.728,4.817
gen_02875,10,0,False,-7.336,,False,False,False,2.56,inf
gen_02876,12,0,False,-7.614,,False,False,False,2.342,inf
gen_02877,8,0,False,-7.779,,False,False,False,2.46,inf
gen_02878,2,0,False,-7.902,,False,False,False,2.633,inf
gen_02879,11,0,False,-7.96,,False,False,False,2.678,inf
gen_02880,5,0,False,-8.117,,False,False,False,2.698,inf
gen_02881,10,0,False,-7.72,,False,False,False,2.763,inf
gen_02882,14,0,False,-7.61,,False,False,False,2.347,inf
gen_02883,2,0,False,-6.958,,False,False,False,2.855,inf
gen_02884,7,0,False,-7.322,,False,False,False,2.369,5.497
gen_02885,2,0,False,-7.531,,False,False,False,3.175,6.199
gen_02886,4,0,False,-7.764,,False,False,False,9.094,inf
gen_02887,7,0,False,-7.298,,False,False,False,2.751,inf
gen_02888,10,0,False,-7.92,,False,False,False,2.219,4.853
gen_02889,4,0,False,-8.046,,False,False,False,5.651,inf
gen_02890,16,0,False,-7.879,,False,False,False,2.534,3.8
gen_02891,1,1,True,-7.038,-7.038,True,True,True,2.684,2.905
gen_02892,3,0,False,-7.576,,False,False,False,13.809,3.314
gen_02893,5,0,False,-8.452,,False,False,False,2.731,inf
gen_02894,3,0,False,-6.799,,False,False,False,2.712,inf
gen_02895,6,0,False,-7.617,,False,False,False,2.204,inf
gen_02896,4,0,False,-76.508,,False,False,False,8.692,5.595
gen_02897,4,0,False,-8.186,,False,False,False,2.754,inf
gen_02898,2,0,False,-7.385,,False,False,False,2.826,inf
gen_02899,6,0,False,-7.453,,False,False,False,2.551,inf
gen_02900,14,0,False,-7.174,,False,False,False,2.39,5.576
gen_02901,14,0,False,-6.409,,False,False,False,2.596,inf
gen_02902,12,0,False,-7.14,,False,False,False,2.433,inf
gen_02903,5,0,False,-8.583,,False,False,False,2.699,inf
gen_02904,9,0,False,-7.048,,False,False,False,2.268,inf
gen_02905,4,0,False,-8.792,,False,False,False,2.687,inf
gen_02906,3,0,False,-6.448,,False,False,False,2.75,inf
gen_02907,5,0,False,-7.271,,False,False,False,2.349,inf
gen_02908,9,8,True,-7.554,-7.554,True,True,True,2.206,2.955
gen_02909,1,0,False,-6.145,,False,False,False,2.373,inf
gen_02910,3,0,False,-8.146,,False,False,False,2.644,inf
gen_02911,13,0,False,-7.998,,False,False,False,2.426,inf
gen_02912,6,0,False,-6.933,,False,False,False,2.731,inf
gen_02913,13,5,True,-7.01,-6.846,True,True,True,2.455,2.822
gen_02914,3,0,False,-7.076,,False,False,False,2.6,inf
gen_02915,3,0,False,-7.628,,False,False,False,2.659,5.55
gen_02916,12,0,False,-8.13,,False,False,False,2.324,inf
gen_02917,6,0,False,-7.679,,False,False,False,2.584,inf
gen_02918,4,0,False,-7.028,,False,False,False,7.212,inf
gen_02919,5,0,False,-7.975,,False,False,False,2.68,8.045
gen_02920,4,0,False,-6.506,,False,False,False,2.236,inf
gen_02921,9,0,False,-6.788,,False,False,False,2.304,inf
gen_02922,9,0,False,-6.818,,False,False,False,2.709,inf
gen_02923,8,0,False,-8.197,,False,False,False,2.759,inf
gen_02924,8,0,False,-7.969,,False,False,False,2.538,inf
gen_02925,2,0,False,-66.842,,False,False,False,15.169,5.221
gen_02926,3,0,False,-7.472,,False,False,False,2.741,10.081
gen_02927,6,0,False,-7.152,,False,False,False,2.273,4.213
gen_02928,15,0,False,-6.901,,False,False,False,2.578,inf
gen_02929,9,0,False,-6.412,,False,False,False,2.702,inf
gen_02930,6,0,False,-9.014,,False,False,False,2.64,4.632
gen_02931,15,0,False,-7.009,,False,False,False,2.309,3.119
gen_02932,8,0,False,-7.614,,False,False,False,8.424,inf
gen_02933,5,0,False,-6.936,,False,False,False,2.705,inf
gen_02934,13,7,True,-7.35,-7.35,True,True,True,2.669,3.138
gen_02935,12,0,False,-7.031,,False,False,False,2.649,5.008
gen_02936,6,0,False,-7.355,,False,False,False,2.248,inf
gen_02937,1,0,False,-100.113,,False,False,False,5.144,inf
gen_02938,14,0,False,-7.218,,False,False,False,2.691,inf
gen_02939,9,0,False,-8.21,,False,False,False,2.624,inf
gen_02940,2,0,False,-7.795,,False,False,False,2.76,inf
gen_02941,13,0,False,-7.745,,False,False,False,2.216,inf
gen_02942,7,0,False,-7.185,,False,False,False,5.337,inf
gen_02943,4,0,False,-7.848,,False,False,False,2.774,inf
gen_02944,6,0,False,-7.262,,False,False,False,2.734,4.591
gen_02945,6,0,False,-6.713,,False,False,False,2.414,inf
gen_02946,2,0,False,-7.15,,False,False,False,2.811,inf
gen_02947,8,0,False,-8.282,,False,False,False,5.629,inf
gen_02948,11,0,False,-6.666,,False,False,False,2.564,inf
gen_02949,2,0,False,-6.502,,False,False,False,2.738,inf
gen_02950,1,0,False,-6.69,,False,False,False,2.622,inf
gen_02951,5,0,False,-7.727,,False,False,False,2.671,inf
gen_02952,12,0,False,-8.003,,False,False,False,2.724,inf
gen_02953,4,0,False,-6.86,,False,False,False,2.661,4.33
gen_02954,2,0,False,-7.916,,False,False,False,8.064,7.166
gen_02955,6,0,False,-7.804,,False,False,False,2.369,inf
gen_02956,9,0,False,-7.264,,False,False,False,2.512,inf
gen_02957,3,0,False,-7.578,,False,False,False,13.91,inf
gen_02958,2,0,False,-7.091,,False,False,False,2.71,inf
gen_02959,4,0,False,-7.127,,False,False,False,3.104,inf
gen_02960,4,0,False,-7.927,,False,False,False,2.761,inf
gen_02961,7,0,False,-7.854,,False,False,False,2.66,inf
gen_02962,15,0,False,-5.71,,False,False,False,2.703,inf
gen_02963,13,0,False,-6.804,,False,False,False,2.742,4.591
gen_02964,9,0,False,-7.478,,False,False,False,2.967,inf
gen_02965,11,0,False,-7.869,,False,False,False,2.243,inf
gen_02966,12,0,False,-7.589,,False,False,False,2.479,inf
gen_02967,4,0,False,-8.293,,False,False,False,2.73,inf
gen_02968,7,0,False,-7.868,,False,False,False,2.484,inf
gen_02969,2,0,False,-7.788,,False,False,False,2.785,5.997
gen_02970,2,0,False,-7.515,,False,False,False,3.594,inf
gen_02971,12,0,False,-7.703,,False,False,False,2.217,inf
gen_02972,4,0,False,-8.237,,False,False,False,13.974,inf
gen_02973,3,0,False,-7.947,,False,False,False,3.089,inf
gen_02974,3,0,False,-8.134,,False,False,False,2.728,inf
gen_02975,3,0,False,-7.823,,False,False,False,2.696,inf
gen_02976,2,0,False,-6.694,,False,False,False,2.716,inf
gen_02977,1,0,False,-7.299,,False,False,False,2.494,inf
gen_02978,5,3,True,-7.636,-7.636,True,True,True,2.462,3.135
gen_02979,6,0,False,-7.81,,False,False,False,2.698,inf
gen_02980,8,0,False,-7.86,,False,False,False,2.34,inf
gen_02981,7,0,False,-7.895,,False,False,False,2.715,inf
gen_02982,15,0,False,-7.744,,False,False,False,2.644,5.189
gen_02983,7,0,False,-7.614,,False,False,False,2.738,inf
gen_02984,3,0,False,-6.734,,False,False,False,2.703,inf
gen_02985,10,0,False,-7.181,,False,False,False,2.386,inf
gen_02986,1,0,False,-129.633,,False,False,False,13.988,inf
gen_02987,5,0,False,-6.942,,False,False,False,2.62,inf
gen_02988,5,0,False,-6.822,,False,False,False,2.683,inf
gen_02989,14,0,False,-6.589,,False,False,False,2.62,inf
gen_02990,3,0,False,-7.012,,False,False,False,2.659,inf
gen_02991,1,0,False,-8.36,,False,False,False,2.685,inf
gen_02992,14,0,False,-7.932,,False,False,False,2.192,inf
gen_02993,7,0,False,-7.489,,False,False,False,2.27,4.263
gen_02994,3,0,False,-6.818,,False,False,False,2.838,inf
gen_02995,7,0,False,-7.524,,False,False,False,2.68,4.68
gen_02996,14,0,False,-7.543,,False,False,False,2.524,inf
gen_02997,5,0,False,-7.774,,False,False,False,2.764,inf
gen_02998,2,0,False,-7.809,,False,False,False,2.719,inf
gen_02999,5,0,False,-7.299,,False,False,False,2.736,inf
gen_03000,5,0,False,-7.669,,False,False,False,2.202,inf
gen_03001,4,0,False,-7.044,,False,False,False,2.678,inf
gen_03002,12,0,False,-7.222,,False,False,False,2.775,inf
gen_03003,2,0,False,-8.021,,False,False,False,2.687,inf
gen_03004,9,0,False,-8.364,,False,False,False,2.61,4.223
gen_03005,7,0,False,-6.228,,False,False,False,2.657,inf
gen_03006,2,0,False,-7.809,,False,False,False,2.664,inf
gen_03007,2,0,False,-8.261,,False,False,False,2.697,5.706
gen_03008,2,0,False,-7.218,,False,False,False,2.419,inf
gen_03009,16,0,False,-6.719,,False,False,False,2.709,inf
gen_03010,6,0,False,-6.659,,False,False,False,14.37,inf
gen_03011,6,0,False,-7.713,,False,False,False,2.43,inf
gen_03012,11,11,True,-7.816,-7.816,True,True,True,2.616,3.001
gen_03013,1,0,False,-6.448,,False,False,False,2.669,inf
gen_03014,6,0,False,-7.361,,False,False,False,2.507,inf
gen_03015,15,0,False,-6.839,,False,False,False,2.649,inf
gen_03016,2,0,False,-7.083,,False,False,False,2.58,inf
gen_03017,4,0,False,-6.612,,False,False,False,2.2,inf
gen_03018,14,0,False,-7.968,,False,False,False,2.301,inf
gen_03019,7,0,False,-7.506,,False,False,False,5.715,inf
gen_03020,13,0,False,-8.231,,False,False,False,2.537,inf
gen_03021,14,0,False,-7.942,,False,False,False,9.757,inf
gen_03022,6,0,False,-7.24,,False,False,False,2.398,inf
gen_03023,10,0,False,-7.162,,False,False,False,2.488,7.598
gen_03024,2,0,False,-7.407,,False,False,False,2.706,4.631
gen_03025,4,0,False,-8.001,,False,False,False,2.72,inf
gen_03026,2,0,False,-6.846,,False,False,False,2.32,inf
gen_03027,6,0,False,-7.312,,False,False,False,2.725,inf
gen_03028,11,0,False,-6.759,,False,False,False,8.568,inf
gen_03029,3,0,False,-7.787,,False,False,False,2.575,inf
gen_03030,12,0,False,-6.958,,False,False,False,2.513,inf
gen_03031,8,0,False,-7.761,,False,False,False,2.643,inf
gen_03032,1,0,False,-7.27,,False,False,False,2.774,inf
gen_03033,4,0,False,-7.71,,False,False,False,2.481,inf
gen_03034,3,0,False,-89.934,,False,False,False,5.341,inf
gen_03035,4,4,True,-6.89,-6.89,True,True,False,2.726,3.199
gen_03036,13,0,False,-8.08,,False,False,False,2.382,inf
gen_03037,11,0,False,-7.778,,False,False,False,2.713,3.742
gen_03038,2,0,False,-87.93,,False,False,False,15.75,2.805
gen_03039,13,0,False,-7.259,,False,False,False,2.498,inf
gen_03040,11,0,False,-7.186,,False,False,False,1.936,inf
gen_03041,2,0,False,-8.017,,False,False,False,2.819,inf
gen_03042,9,0,False,-7.7,,False,False,False,2.657,inf
gen_03043,15,0,False,-7.12,,False,False,False,2.245,inf
gen_03044,11,0,False,-7.624,,False,False,False,6.116,inf
gen_03045,14,0,False,-7.453,,False,False,False,2.226,inf
gen_03046,15,0,False,-7.583,,False,False,False,2.408,inf
gen_03047,2,0,False,-7.992,,False,False,False,2.767,4.614
gen_03048,6,0,False,-7.628,,False,False,False,2.631,4.69
gen_03049,3,0,False,-7.448,,False,False,False,14.546,inf
gen_03050,7,7,True,-7.729,-7.729,True,True,True,2.192,2.738
gen_03051,2,0,False,-6.36,,False,False,False,2.269,inf
gen_03052,4,0,False,-7.202,,False,False,False,2.583,inf
gen_03053,4,0,False,-6.771,,False,False,False,2.753,inf
gen_03054,3,0,False,-7.65,,False,False,False,2.398,inf
gen_03055,10,0,False,-8.1,,False,False,False,14.313,inf
gen_03056,2,0,False,-7.605,,False,False,False,2.247,inf
gen_03057,6,0,False,-7.601,,False,False,False,2.383,inf
gen_03058,2,0,False,-7.818,,False,False,False,2.643,inf
gen_03059,3,0,False,-7.553,,False,False,False,2.79,inf
gen_03060,1,0,False,-8.167,,False,False,False,2.696,inf
gen_03061,6,4,True,-7.66,-7.66,True,True,True,2.21,3.07
gen_03062,2,0,False,-7.549,,False,False,False,2.765,inf
gen_03063,3,0,False,-7.006,,False,False,False,2.738,5.892
gen_03064,4,0,False,-6.822,,False,False,False,2.361,inf
gen_03065,5,0,False,-7.93,,False,False,False,2.694,inf
gen_03066,10,0,False,-7.335,,False,False,False,2.213,inf
gen_03067,7,0,False,-8.632,,False,False,False,2.763,inf
gen_03068,11,0,False,-7.638,,False,False,False,2.465,inf
gen_03069,14,0,False,-7.045,,False,False,False,2.418,inf
gen_03070,12,0,False,-6.943,,False,False,False,2.213,6.543
gen_03071,6,0,False,-8.134,,False,False,False,2.396,inf
gen_03072,1,0,False,-7.442,,False,False,False,2.7,inf
gen_03073,5,0,False,-6.599,,False,False,False,2.303,inf
gen_03074,9,0,False,-7.785,,False,False,False,9.822,inf
gen_03075,9,0,False,-8.215,,False,False,False,2.659,4.094
gen_03076,7,0,False,-7.023,,False,False,False,2.655,5.965
gen_03077,4,0,False,-7.753,,False,False,False,2.699,inf
gen_03078,8,4,True,-7.046,-6.686,False,True,True,2.772,3.062
gen_03079,10,0,False,-7.67,,False,False,False,2.582,inf
gen_03080,1,0,False,-71.281,,False,False,False,6.18,inf
gen_03081,1,0,False,-7.261,,False,False,False,3.809,inf
gen_03082,7,0,False,-7.295,,False,False,False,2.758,inf
gen_03083,4,0,False,-6.888,,False,False,False,2.782,inf
gen_03084,12,0,False,-7.759,,False,False,False,2.638,4.204
gen_03085,5,0,False,-8.281,,False,False,False,2.687,4.08
gen_03086,4,0,False,-7.38,,False,False,False,2.638,inf
gen_03087,3,0,False,-7.838,,False,False,False,2.408,9.953
gen_03088,9,0,False,-7.568,,False,False,False,9.958,6.557
gen_03089,6,0,False,-8.192,,False,False,False,2.386,inf
gen_03090,15,0,False,-7.302,,False,False,False,2.658,inf
gen_03091,5,0,False,-8.065,,False,False,False,2.913,inf
gen_03092,4,0,False,-6.775,,False,False,False,2.414,inf
gen_03093,8,0,False,-7.653,,False,False,False,2.172,inf
gen_03094,14,0,False,-7.0,,False,False,False,2.369,inf
gen_03095,13,0,False,-7.846,,False,False,False,2.811,5.825
gen_03096,3,0,False,-6.696,,False,False,False,5.657,inf
gen_03097,3,0,False,-6.554,,False,False,False,3.371,3.276
gen_03098,7,0,False,-7.325,,False,False,False,2.554,inf
gen_03099,3,0,False,-6.963,,False,False,False,3.087,inf
gen_03100,4,0,False,-7.269,,False,False,False,2.747,inf
gen_03101,2,0,False,-7.891,,False,False,False,6.803,inf
gen_03102,6,0,False,-8.049,,False,False,False,9.021,inf
gen_03103,9,0,False,-8.014,,False,False,False,2.673,inf
gen_03104,8,0,False,-7.727,,False,False,False,2.393,inf
gen_03105,8,0,False,-6.868,,False,False,False,2.609,inf
gen_03106,2,0,False,-6.994,,False,False,False,2.697,inf
gen_03107,7,0,False,-7.808,,False,False,False,2.208,inf
gen_03108,6,0,False,-8.708,,False,False,False,2.349,inf
gen_03109,7,0,False,-7.072,,False,False,False,2.376,inf
gen_03110,6,0,False,-7.462,,False,False,False,2.629,12.168
gen_03111,4,0,False,-7.382,,False,False,False,9.825,inf
gen_03112,1,0,False,-7.954,,False,False,False,2.606,inf
gen_03113,2,0,False,-6.747,,False,False,False,3.363,inf
gen_03114,2,0,False,-7.685,,False,False,False,11.72,inf
gen_03115,3,0,False,-6.508,,False,False,False,2.217,inf
gen_03116,15,0,False,-7.018,,False,False,False,2.537,inf
gen_03117,6,0,False,-7.579,,False,False,False,2.627,inf
gen_03118,10,0,False,-6.378,,False,False,False,2.515,inf
gen_03119,5,0,False,-7.341,,False,False,False,2.755,4.961
gen_03120,11,0,False,-7.892,,False,False,False,2.579,inf
gen_03121,9,0,False,-7.558,,False,False,False,2.618,inf
gen_03122,8,7,True,-6.614,-6.614,False,True,True,2.616,2.902
gen_03123,11,0,False,-7.656,,False,False,False,2.287,inf
gen_03124,5,0,False,-7.297,,False,False,False,2.8,inf
gen_03125,11,0,False,-7.49,,False,False,False,10.259,inf
gen_03126,11,0,False,-7.31,,False,False,False,2.574,inf
gen_03127,4,0,False,-8.014,,False,False,False,14.439,6.032
gen_03128,5,0,False,-6.155,,False,False,False,2.817,inf
gen_03129,15,0,False,-7.477,,False,False,False,2.633,2.918
gen_03130,9,0,False,-6.608,,False,False,False,2.326,inf
gen_03131,5,0,False,-6.737,,False,False,False,2.789,inf
gen_03132,1,0,False,-7.732,,False,False,False,2.695,5.841
gen_03133,4,4,True,-7.141,-7.141,True,True,True,2.709,3.188
gen_03134,4,0,False,-7.745,,False,False,False,2.604,inf
gen_03135,4,0,False,-7.167,,False,False,False,2.806,5.9
gen_03136,2,0,False,-7.312,,False,False,False,2.697,inf
gen_03137,10,0,False,-8.65,,False,False,False,10.436,2.849
gen_03138,13,0,False,-8.053,,False,False,False,3.93,inf
gen_03139,1,0,False,-6.376,,False,False,False,2.653,inf
gen_03140,10,0,False,-7.423,,False,False,False,2.391,inf
gen_03141,7,3,True,-7.429,-7.429,True,True,False,2.748,2.867
gen_03142,4,0,False,-7.261,,False,False,False,2.188,4.655
gen_03143,8,0,False,-7.445,,False,False,False,2.202,inf
gen_03144,3,3,True,-7.278,-7.278,True,True,False,2.787,3.102
gen_03145,9,0,False,-7.202,,False,False,False,2.748,5.129
gen_03146,5,0,False,-6.912,,False,False,False,2.196,5.634
gen_03147,5,0,False,-7.803,,False,False,False,2.728,inf
gen_03148,3,0,False,-8.437,,False,False,False,2.291,inf
gen_03149,4,0,False,-7.493,,False,False,False,2.71,inf
gen_03150,7,0,False,-6.811,,False,False,False,2.333,inf
gen_03151,10,0,False,-7.338,,False,False,False,2.322,inf
gen_03152,4,0,False,-6.793,,False,False,False,2.374,inf
gen_03153,5,0,False,-6.971,,False,False,False,2.411,inf
gen_03154,2,0,False,-7.443,,False,False,False,2.359,inf
gen_03155,7,0,False,-7.249,,False,False,False,2.76,inf
gen_03156,2,0,False,-6.005,,False,False,False,2.761,inf
gen_03157,6,0,False,-7.478,,False,False,False,2.65,inf
gen_03158,15,0,False,-7.739,,False,False,False,2.579,inf
gen_03159,2,0,False,-8.31,,False,False,False,2.741,inf
gen_03160,5,0,False,-8.411,,False,False,False,5.425,2.849
gen_03161,5,0,False,-7.957,,False,False,False,2.43,3.806
gen_03162,4,0,False,-7.132,,False,False,False,3.663,inf
gen_03163,4,0,False,-7.562,,False,False,False,2.352,inf
gen_03164,3,0,False,-7.198,,False,False,False,2.777,inf
gen_03165,9,0,False,-7.639,,False,False,False,2.633,inf
gen_03166,1,0,False,-7.302,,False,False,False,2.656,inf
gen_03167,16,0,False,-8.388,,False,False,False,2.631,inf
gen_03168,15,0,False,-7.581,,False,False,False,2.582,inf
gen_03169,2,0,False,-6.81,,False,False,False,2.619,inf
gen_03170,1,0,False,-6.78,,False,False,False,2.801,inf
gen_03171,3,0,False,-7.658,,False,False,False,2.683,inf
gen_03172,1,0,False,-6.526,,False,False,False,2.569,inf
gen_03173,3,0,False,-7.289,,False,False,False,2.645,4.569
gen_03174,5,0,False,-7.516,,False,False,False,3.766,inf
gen_03175,3,0,False,-7.333,,False,False,False,2.701,inf
gen_03176,5,0,False,-7.391,,False,False,False,2.755,inf
gen_03177,2,2,True,-6.255,-6.255,False,True,True,2.246,3.095
gen_03178,2,0,False,-9.115,,False,False,False,12.53,inf
gen_03179,10,0,False,-6.967,,False,False,False,2.719,inf
gen_03180,5,0,False,-8.377,,False,False,False,2.686,inf
gen_03181,11,0,False,-7.935,,False,False,False,2.705,inf
gen_03182,14,0,False,-7.851,,False,False,False,2.463,4.393
gen_03183,14,0,False,-7.356,,False,False,False,2.211,inf
gen_03184,5,0,False,-7.79,,False,False,False,2.406,inf
gen_03185,10,0,False,-7.42,,False,False,False,2.669,inf
gen_03186,2,0,False,-7.92,,False,False,False,2.791,inf
gen_03187,2,0,False,-6.845,,False,False,False,2.784,inf
gen_03188,2,0,False,-7.733,,False,False,False,4.272,inf
gen_03189,7,0,False,-7.727,,False,False,False,2.625,inf
gen_03190,1,0,False,-6.981,,False,False,False,2.856,inf
gen_03191,3,0,False,-7.716,,False,False,False,10.69,inf
gen_03192,2,0,False,-8.167,,False,False,False,2.611,inf
gen_03193,3,0,False,-7.663,,False,False,False,2.706,inf
gen_03194,3,0,False,-6.816,,False,False,False,2.684,inf
gen_03195,2,2,True,-7.572,-7.572,True,True,True,2.746,3.091
gen_03196,6,0,False,-7.849,,False,False,False,2.759,4.847
gen_03197,1,0,False,-6.665,,False,False,False,2.659,inf
gen_03198,1,0,False,-7.41,,False,False,False,2.701,4.846
gen_03199,13,0,False,-6.797,,False,False,False,2.736,inf
gen_03200,4,0,False,-6.836,,False,False,False,2.2,inf
gen_03201,2,0,False,-7.694,,False,False,False,2.386,inf
gen_03202,2,0,False,-8.347,,False,False,False,2.794,inf
gen_03203,3,0,False,-7.389,,False,False,False,2.358,inf
gen_03204,2,0,False,-7.798,,False,False,False,2.765,inf
gen_03205,8,0,False,-7.737,,False,False,False,2.64,4.526
gen_03206,10,0,False,-7.493,,False,False,False,2.832,inf
gen_03207,3,0,False,-7.527,,False,False,False,2.732,4.699
gen_03208,12,0,False,-7.672,,False,False,False,2.289,inf
gen_03209,4,0,False,-7.238,,False,False,False,2.806,inf
gen_03210,10,0,False,-7.655,,False,False,False,2.602,3.764
gen_03211,8,0,False,-8.173,,False,False,False,2.728,inf
gen_03212,10,0,False,-7.422,,False,False,False,2.485,inf
gen_03213,12,0,False,-8.002,,False,False,False,2.287,inf
gen_03214,5,0,False,-7.115,,False,False,False,2.651,inf
gen_03215,4,0,False,-7.438,,False,False,False,2.797,inf
gen_03216,8,0,False,-8.308,,False,False,False,2.588,inf
gen_03217,3,0,False,-7.756,,False,False,False,2.266,inf
gen_03218,8,0,False,-8.061,,False,False,False,2.497,inf
gen_03219,6,0,False,-6.317,,False,False,False,2.533,inf
gen_03220,8,0,False,-7.508,,False,False,False,2.705,inf
gen_03221,2,0,False,-6.929,,False,False,False,2.304,inf
gen_03222,8,0,False,-8.284,,False,False,False,2.767,7.014
gen_03223,2,0,False,-7.26,,False,False,False,2.625,inf
gen_03224,8,0,False,-8.725,,False,False,False,2.444,inf
gen_03225,6,0,False,-7.817,,False,False,False,2.712,4.55
gen_03226,8,2,True,-7.168,-7.102,True,True,True,2.335,3.075
gen_03227,12,0,False,-6.424,,False,False,False,2.458,inf
gen_03228,10,0,False,-7.289,,False,False,False,2.689,inf
gen_03229,3,3,True,-8.069,-8.069,True,True,False,2.722,3.059
gen_03230,3,0,False,-8.018,,False,False,False,10.924,5.402
gen_03231,11,0,False,-7.991,,False,False,False,3.478,inf
gen_03232,4,0,False,-7.256,,False,False,False,2.704,inf
gen_03233,14,0,False,-7.588,,False,False,False,2.233,inf
gen_03234,4,0,False,-6.908,,False,False,False,2.746,inf
gen_03235,10,0,False,-7.884,,False,False,False,2.329,inf
gen_03236,15,0,False,-6.621,,False,False,False,2.425,inf
gen_03237,15,0,False,-7.797,,False,False,False,2.502,inf
gen_03238,2,0,False,-7.005,,False,False,False,10.059,inf
gen_03239,11,0,False,-8.244,,False,False,False,2.592,inf
gen_03240,5,0,False,-7.553,,False,False,False,2.79,inf
gen_03241,2,0,False,-120.979,,False,False,False,6.306,inf
gen_03242,5,0,False,-7.852,,False,False,False,2.582,4.921
gen_03243,8,0,False,-7.816,,False,False,False,2.748,inf
gen_03244,1,0,False,-7.53,,False,False,False,2.805,inf
gen_03245,11,0,False,-7.56,,False,False,False,2.501,inf
gen_03246,4,0,False,-8.073,,False,False,False,2.288,inf
gen_03247,3,3,True,-8.309,-8.309,True,True,True,2.202,2.863
gen_03248,4,0,False,-7.277,,False,False,False,2.654,inf
gen_03249,1,1,True,-6.115,-6.115,False,True,True,2.726,3.107
gen_03250,4,0,False,-7.96,,False,False,False,2.5,inf
gen_03251,7,0,False,-7.258,,False,False,False,2.701,inf
gen_03252,12,0,False,-7.659,,False,False,False,2.676,4.718
gen_03253,8,0,False,-7.298,,False,False,False,2.764,3.96
gen_03254,2,0,False,-6.994,,False,False,False,2.808,inf
gen_03255,1,0,False,-134.985,,False,False,False,5.003,inf
gen_03256,4,0,False,-8.386,,False,False,False,2.745,inf
gen_03257,4,0,False,-7.107,,False,False,False,2.367,inf
gen_03258,9,0,False,-6.881,,False,False,False,2.31,inf
gen_03259,3,0,False,-6.894,,False,False,False,3.586,8.864
gen_03260,7,1,True,-7.446,-7.438,True,False,False,2.49,2.752
gen_03261,4,0,False,-7.784,,False,False,False,3.202,inf
gen_03262,3,0,False,-111.675,,False,False,False,8.785,inf
gen_03263,10,0,False,-7.211,,False,False,False,2.748,inf
gen_03264,12,0,False,-7.067,,False,False,False,2.306,inf
gen_03265,6,0,False,-7.212,,False,False,False,2.731,inf
gen_03266,12,0,False,-7.952,,False,False,False,2.452,inf
gen_03267,5,0,False,-8.231,,False,False,False,2.177,inf
gen_03268,5,0,False,-7.361,,False,False,False,8.373,inf
gen_03269,1,0,False,-128.334,,False,False,False,11.897,inf
gen_03270,10,0,False,-6.831,,False,False,False,2.59,inf
gen_03271,3,0,False,-7.403,,False,False,False,2.217,inf
gen_03272,16,0,False,-7.075,,False,False,False,2.45,inf
gen_03273,13,0,False,-6.572,,False,False,False,2.338,inf
gen_03274,1,1,True,-7.395,-7.395,True,True,True,2.715,3.083
gen_03275,3,0,False,-7.469,,False,False,False,2.451,5.943
gen_03276,4,0,False,-8.204,,False,False,False,2.718,inf
gen_03277,5,0,False,-7.948,,False,False,False,2.709,inf
gen_03278,4,0,False,-6.946,,False,False,False,14.737,4.189
gen_03279,3,0,False,-7.342,,False,False,False,2.357,inf
gen_03280,6,0,False,-7.177,,False,False,False,2.62,inf
gen_03281,13,0,False,-8.126,,False,False,False,2.533,inf
gen_03282,5,0,False,-7.423,,False,False,False,2.634,inf
gen_03283,5,0,False,-7.818,,False,False,False,2.705,inf
gen_03284,8,0,False,-7.978,,False,False,False,2.641,inf
gen_03285,3,0,False,-7.906,,False,False,False,6.501,inf
gen_03286,3,0,False,-7.283,,False,False,False,2.791,inf
gen_03287,6,0,False,-6.351,,False,False,False,2.706,inf
gen_03288,9,0,False,-7.395,,False,False,False,2.649,inf
gen_03289,1,0,False,-7.382,,False,False,False,2.871,inf
gen_03290,3,0,False,-7.898,,False,False,False,2.592,8.368
gen_03291,6,0,False,-7.755,,False,False,False,2.716,6.929
gen_03292,9,0,False,-7.832,,False,False,False,2.74,inf
gen_03293,3,0,False,-7.212,,False,False,False,2.633,inf
gen_03294,3,0,False,-8.097,,False,False,False,8.159,inf
gen_03295,2,0,False,-6.878,,False,False,False,3.351,4.157
gen_03296,11,0,False,-8.137,,False,False,False,2.635,inf
gen_03297,4,0,False,-7.802,,False,False,False,2.774,inf
gen_03298,2,0,False,-7.688,,False,False,False,2.601,4.336
gen_03299,5,0,False,-7.223,,False,False,False,2.639,inf
gen_03300,7,0,False,-8.343,,False,False,False,2.233,inf
gen_03301,1,0,False,-7.247,,False,False,False,2.646,inf
gen_03302,1,0,False,-7.247,,False,False,False,2.733,inf
gen_03303,4,0,False,-7.203,,False,False,False,2.719,inf
gen_03304,15,0,False,-7.834,,False,False,False,2.239,inf
gen_03305,2,0,False,-7.539,,False,False,False,3.681,inf
gen_03306,6,3,True,-7.35,-7.176,True,True,True,2.367,2.9
gen_03307,5,0,False,-7.066,,False,False,False,2.743,inf
gen_03308,15,0,False,-7.37,,False,False,False,2.217,2.793
gen_03309,2,0,False,-7.577,,False,False,False,2.764,inf
gen_03310,2,0,False,-6.883,,False,False,False,2.751,inf
gen_03311,7,0,False,-6.871,,False,False,False,2.28,inf
gen_03312,5,0,False,-7.758,,False,False,False,2.744,inf
gen_03313,5,0,False,-7.429,,False,False,False,2.778,inf
gen_03314,4,0,False,-7.359,,False,False,False,8.439,inf
gen_03315,10,0,False,-6.377,,False,False,False,2.681,inf
gen_03316,10,0,False,-7.143,,False,False,False,2.296,inf
gen_03317,4,0,False,-7.732,,False,False,False,2.73,inf
gen_03318,9,0,False,-7.652,,False,False,False,2.621,inf
gen_03319,7,0,False,-8.184,,False,False,False,2.822,inf
gen_03320,2,0,False,-7.429,,False,False,False,2.754,5.597
gen_03321,2,0,False,-7.088,,False,False,False,2.766,inf
gen_03322,9,5,True,-7.834,-7.834,True,True,True,2.584,3.134
gen_03323,2,0,False,-7.034,,False,False,False,2.697,inf
gen_03324,15,0,False,-6.195,,False,False,False,2.664,inf
gen_03325,6,0,False,-6.705,,False,False,False,2.409,inf
gen_03326,15,0,False,-8.106,,False,False,False,2.197,inf
gen_03327,15,0,False,-7.158,,False,False,False,2.724,inf
gen_03328,8,0,False,-7.798,,False,False,False,2.221,3.699
gen_03329,8,0,False,-7.756,,False,False,False,2.469,inf
gen_03330,6,0,False,-7.643,,False,False,False,2.787,inf
gen_03331,10,0,False,-8.039,,False,False,False,2.204,inf
gen_03332,6,3,True,-6.923,-6.923,True,True,True,2.596,2.742
gen_03333,3,0,False,-6.899,,False,False,False,2.776,inf
gen_03334,6,0,False,-7.223,,False,False,False,2.761,inf
gen_03335,10,0,False,-7.532,,False,False,False,2.651,inf
gen_03336,1,0,False,-7.323,,False,False,False,2.381,inf
gen_03337,9,0,False,-7.618,,False,False,False,2.727,inf
gen_03338,2,0,False,-6.532,,False,False,False,2.731,inf
gen_03339,3,0,False,-7.484,,False,False,False,2.775,inf
gen_03340,2,0,False,-7.532,,False,False,False,2.768,inf
gen_03341,8,0,False,-7.84,,False,False,False,2.941,5.469
gen_03342,5,0,False,-7.964,,False,False,False,2.63,4.28
gen_03343,11,0,False,-7.977,,False,False,False,2.584,inf
gen_03344,2,0,False,-7.798,,False,False,False,2.723,inf
gen_03345,13,0,False,-7.185,,False,False,False,2.654,inf
gen_03346,3,0,False,-7.309,,False,False,False,2.713,inf
gen_03347,4,4,True,-8.542,-8.542,True,True,True,2.275,3.131
gen_03348,4,0,False,-7.636,,False,False,False,2.701,inf
gen_03349,10,0,False,-7.329,,False,False,False,2.795,inf
gen_03350,8,0,False,-7.589,,False,False,False,2.728,inf
gen_03351,8,0,False,-6.632,,False,False,False,2.271,inf
gen_03352,3,0,False,-7.669,,False,False,False,2.782,5.143
gen_03353,3,0,False,-6.894,,False,False,False,2.728,inf
gen_03354,14,1,True,-7.176,-7.142,True,True,True,2.402,3.119
gen_03355,9,0,False,-7.698,,False,False,False,2.748,inf
gen_03356,9,0,False,-7.033,,False,False,False,2.739,inf
gen_03357,7,0,False,-7.119,,False,False,False,2.704,inf
gen_03358,8,0,False,-7.951,,False,False,False,2.452,inf
gen_03359,2,0,False,-8.106,,False,False,False,2.805,5.499
gen_03360,3,0,False,-8.283,,False,False,False,2.791,inf
gen_03361,13,0,False,-7.676,,False,False,False,2.386,inf
gen_03362,4,0,False,-8.026,,False,False,False,4.35,inf
gen_03363,5,0,False,-6.478,,False,False,False,2.658,inf
gen_03364,8,0,False,-7.433,,False,False,False,2.434,inf
gen_03365,12,0,False,-6.669,,False,False,False,2.244,inf
gen_03366,5,0,False,-7.024,,False,False,False,2.387,inf
gen_03367,6,0,False,-7.13,,False,False,False,2.322,5.691
gen_03368,7,0,False,-7.661,,False,False,False,2.797,inf
gen_03369,8,0,False,-7.353,,False,False,False,2.683,inf
gen_03370,7,0,False,-7.861,,False,False,False,2.409,inf
gen_03372,9,0,False,-7.717,,False,False,False,2.349,inf
gen_03373,2,0,False,-6.747,,False,False,False,2.755,3.885
gen_03374,4,0,False,-8.383,,False,False,False,2.594,inf
gen_03375,11,0,False,-7.945,,False,False,False,2.345,5.487
gen_03376,10,0,False,-7.947,,False,False,False,2.616,inf
gen_03377,10,0,False,-7.405,,False,False,False,2.484,inf
gen_03378,8,0,False,-7.318,,False,False,False,2.707,inf
gen_03379,6,0,False,-7.506,,False,False,False,2.669,inf
gen_03380,7,0,False,-6.77,,False,False,False,2.296,inf
gen_03381,16,0,False,-7.428,,False,False,False,2.323,4.491
gen_03382,3,0,False,-8.106,,False,False,False,2.705,inf
gen_03383,6,0,False,-6.162,,False,False,False,2.63,inf
gen_03384,8,0,False,-7.83,,False,False,False,2.598,inf
gen_03385,7,0,False,-7.538,,False,False,False,2.611,inf
gen_03386,5,0,False,-6.083,,False,False,False,2.353,inf
gen_03387,5,0,False,-8.221,,False,False,False,2.33,inf
gen_03388,3,0,False,-6.862,,False,False,False,2.722,inf
gen_03389,2,0,False,-7.484,,False,False,False,2.527,inf
gen_03390,16,0,False,-6.626,,False,False,False,2.656,inf
gen_03391,4,0,False,-8.061,,False,False,False,2.76,inf
gen_03392,8,0,False,-7.878,,False,False,False,2.205,inf
gen_03393,6,0,False,-7.324,,False,False,False,2.796,inf
gen_03394,12,6,True,-8.397,-8.397,True,True,True,2.52,3.209
gen_03395,9,0,False,-7.489,,False,False,False,2.623,inf
gen_03396,8,0,False,-6.954,,False,False,False,2.704,inf
gen_03397,4,0,False,-7.808,,False,False,False,2.788,inf
gen_03398,9,0,False,-7.836,,False,False,False,2.674,inf
gen_03399,3,0,False,-7.364,,False,False,False,2.758,inf
gen_03400,11,0,False,-7.991,,False,False,False,2.678,inf
gen_03401,2,0,False,-7.696,,False,False,False,2.53,inf
gen_03402,1,0,False,-6.86,,False,False,False,3.793,inf
gen_03403,7,0,False,-7.643,,False,False,False,4.746,inf
gen_03404,1,0,False,-51.406,,False,False,False,8.136,inf
gen_03405,5,0,False,-8.148,,False,False,False,2.704,4.774
gen_03406,4,4,True,-7.569,-7.569,True,True,False,2.596,3.114
gen_03407,8,0,False,-7.741,,False,False,False,2.232,5.192
gen_03408,4,0,False,-7.485,,False,False,False,2.736,inf
gen_03409,11,0,False,-7.353,,False,False,False,2.668,inf
gen_03410,5,0,False,-8.327,,False,False,False,4.428,5.709
gen_03411,2,0,False,-6.918,,False,False,False,8.123,inf
gen_03412,4,0,False,-8.133,,False,False,False,2.177,inf
gen_03413,11,0,False,-7.68,,False,False,False,2.721,inf
gen_03414,2,0,False,-6.825,,False,False,False,2.357,inf
gen_03415,13,0,False,-7.829,,False,False,False,2.148,inf
gen_03416,11,0,False,-7.947,,False,False,False,2.546,inf
gen_03417,2,0,False,-6.326,,False,False,False,2.726,inf
gen_03418,3,0,False,-8.863,,False,False,False,2.568,inf
gen_03419,2,2,True,-8.352,-8.352,True,True,False,2.786,3.005
gen_03420,6,0,False,-6.894,,False,False,False,2.735,inf
gen_03421,9,0,False,-7.65,,False,False,False,2.245,inf
gen_03422,5,0,False,-8.05,,False,False,False,2.702,5.454
gen_03423,12,0,False,-6.746,,False,False,False,2.454,inf
gen_03424,7,0,False,-8.02,,False,False,False,2.372,inf
gen_03425,6,0,False,-8.4,,False,False,False,2.704,inf
gen_03426,11,0,False,-7.228,,False,False,False,2.709,inf
gen_03427,13,3,True,-7.491,-7.174,True,True,True,2.415,2.801
gen_03428,3,0,False,-6.98,,False,False,False,2.813,inf
gen_03429,7,0,False,-7.557,,False,False,False,2.701,inf
gen_03430,14,0,False,-5.915,,False,False,False,2.796,inf
gen_03431,11,0,False,-7.424,,False,False,False,2.336,inf
gen_03432,16,0,False,-6.29,,False,False,False,2.47,inf
gen_03433,5,0,False,-7.795,,False,False,False,8.323,inf
gen_03434,3,0,False,-8.109,,False,False,False,2.496,inf
gen_03435,1,0,False,-7.413,,False,False,False,2.239,inf
gen_03436,6,0,False,-7.249,,False,False,False,2.677,inf
gen_03437,15,1,True,-6.938,-6.938,True,True,True,2.453,3.403
gen_03438,12,0,False,-7.56,,False,False,False,2.559,inf
gen_03439,2,0,False,-8.252,,False,False,False,14.515,4.027
gen_03440,7,0,False,-7.771,,False,False,False,2.686,inf
gen_03441,4,0,False,-6.865,,False,False,False,2.705,inf
gen_03442,8,0,False,-7.476,,False,False,False,2.606,inf
gen_03443,4,0,False,-7.891,,False,False,False,2.654,inf
gen_03444,13,0,False,-8.622,,False,False,False,2.521,inf
gen_03445,6,0,False,-8.1,,False,False,False,2.479,inf
gen_03446,1,0,False,-6.544,,False,False,False,2.866,inf
gen_03447,8,0,False,-7.692,,False,False,False,2.721,inf
gen_03448,7,0,False,-6.814,,False,False,False,2.751,inf
gen_03449,10,0,False,-7.558,,False,False,False,2.404,inf
gen_03450,6,0,False,-7.34,,False,False,False,2.768,inf
gen_03451,9,0,False,-7.593,,False,False,False,2.209,inf
gen_03452,2,0,False,-6.581,,False,False,False,2.712,inf
gen_03453,9,0,False,-7.669,,False,False,False,2.667,inf
gen_03454,2,0,False,-6.32,,False,False,False,2.526,inf
gen_03455,5,0,False,-6.802,,False,False,False,2.756,inf
gen_03456,8,0,False,-7.219,,False,False,False,2.614,inf
gen_03457,4,0,False,-7.794,,False,False,False,3.307,6.106
gen_03458,4,0,False,-7.284,,False,False,False,2.731,inf
gen_03459,14,0,False,-6.63,,False,False,False,2.624,inf
gen_03460,13,0,False,-6.94,,False,False,False,2.472,inf
gen_03461,9,0,False,-7.547,,False,False,False,2.206,inf
gen_03462,7,0,False,-6.95,,False,False,False,2.707,inf
gen_03463,2,0,False,-7.399,,False,False,False,2.639,inf
gen_03464,7,0,False,-7.905,,False,False,False,2.63,inf
gen_03465,6,1,True,-8.315,-7.648,True,True,False,2.2,3.317
gen_03466,3,0,False,-108.227,,False,False,False,9.523,inf
gen_03467,2,0,False,-8.16,,False,False,False,2.719,inf
gen_03468,7,0,False,-7.455,,False,False,False,2.397,inf
gen_03469,10,0,False,-7.926,,False,False,False,2.583,inf
gen_03470,11,0,False,-7.595,,False,False,False,2.461,inf
gen_03471,6,0,False,-8.449,,False,False,False,2.67,inf
gen_03472,10,0,False,-8.04,,False,False,False,2.511,inf
gen_03473,14,0,False,-7.611,,False,False,False,2.54,inf
gen_03474,4,0,False,-7.552,,False,False,False,2.3,4.201
gen_03475,4,0,False,-7.566,,False,False,False,2.445,4.254
gen_03476,4,4,True,-8.03,-8.03,True,True,False,2.693,3.24
gen_03477,4,3,True,-7.436,-7.436,True,True,True,2.37,3.176
gen_03478,9,0,False,-8.336,,False,False,False,2.668,inf
gen_03479,9,0,False,-6.599,,False,False,False,2.223,inf
gen_03480,4,0,False,-8.069,,False,False,False,2.508,inf
gen_03481,7,0,False,-7.463,,False,False,False,4.916,2.962
gen_03482,2,0,False,-8.336,,False,False,False,14.678,5.695
gen_03483,13,0,False,-8.143,,False,False,False,2.318,inf
gen_03484,6,0,False,-7.696,,False,False,False,2.639,inf
gen_03485,4,0,False,-8.151,,False,False,False,2.636,8.168
gen_03486,6,0,False,-7.207,,False,False,False,3.253,inf
gen_03487,10,4,True,-7.531,-7.531,True,True,False,2.219,2.986
gen_03488,4,0,False,-7.661,,False,False,False,2.852,3.694
gen_03489,6,0,False,-8.234,,False,False,False,14.362,8.316
gen_03490,6,0,False,-6.523,,False,False,False,2.762,inf
gen_03491,7,7,True,-8.129,-8.129,True,True,True,2.609,3.038
gen_03492,10,0,False,-8.101,,False,False,False,2.716,inf
gen_03493,14,0,False,-7.311,,False,False,False,2.255,inf
gen_03494,10,0,False,-7.089,,False,False,False,2.822,inf
gen_03495,6,0,False,-7.502,,False,False,False,2.576,inf
gen_03496,5,0,False,-7.671,,False,False,False,2.591,inf
gen_03497,5,0,False,-6.94,,False,False,False,2.69,inf
gen_03498,12,0,False,-7.423,,False,False,False,2.632,inf
gen_03499,14,0,False,-7.432,,False,False,False,2.54,inf
gen_03500,2,0,False,-7.227,,False,False,False,2.648,inf
gen_03501,9,0,False,-8.005,,False,False,False,2.736,inf
gen_03502,13,0,False,-7.001,,False,False,False,2.376,inf
gen_03503,7,0,False,-6.992,,False,False,False,2.332,inf
gen_03504,8,0,False,-7.952,,False,False,False,2.557,inf
gen_03505,8,0,False,-6.378,,False,False,False,2.414,inf
gen_03506,2,0,False,-7.152,,False,False,False,2.794,inf
gen_03507,5,0,False,-7.42,,False,False,False,2.416,inf
gen_03508,8,0,False,-8.338,,False,False,False,2.747,4.717
gen_03509,4,0,False,-7.619,,False,False,False,2.665,inf
gen_03510,2,0,False,-6.882,,False,False,False,2.59,7.016
gen_03511,1,0,False,-7.655,,False,False,False,14.194,6.082
gen_03512,7,0,False,-8.151,,False,False,False,7.618,inf
gen_03513,3,0,False,-6.404,,False,False,False,2.674,inf
gen_03514,5,5,True,-8.178,-8.178,True,True,True,2.815,2.996
gen_03515,6,0,False,-7.428,,False,False,False,2.809,inf
gen_03516,2,0,False,-7.446,,False,False,False,2.677,inf
gen_03517,11,6,True,-6.963,-6.963,True,True,True,2.201,3.037
gen_03518,7,0,False,-7.369,,False,False,False,2.624,inf
gen_03519,7,0,False,-7.066,,False,False,False,2.422,inf
gen_03520,3,0,False,-6.291,,False,False,False,4.912,inf
gen_03521,4,0,False,-7.408,,False,False,False,2.478,inf
gen_03522,6,0,False,-6.566,,False,False,False,2.519,inf
gen_03523,4,0,False,-7.841,,False,False,False,2.44,inf
gen_03524,11,0,False,-6.258,,False,False,False,2.623,inf
gen_03525,7,0,False,-7.905,,False,False,False,2.715,inf
gen_03526,10,3,True,-7.671,-7.468,True,True,True,2.636,2.957
gen_03527,2,0,False,-7.552,,False,False,False,3.469,inf
gen_03528,4,2,True,-7.975,-7.913,True,True,True,2.64,2.989
gen_03529,6,0,False,-7.518,,False,False,False,2.782,inf
gen_03530,2,0,False,-8.265,,False,False,False,2.635,inf
gen_03531,8,0,False,-7.763,,False,False,False,7.59,4.796
gen_03532,14,0,False,-7.213,,False,False,False,2.539,4.021
gen_03533,4,0,False,-7.477,,False,False,False,2.5,inf
gen_03534,3,0,False,-6.656,,False,False,False,2.704,inf
gen_03535,8,0,False,-7.612,,False,False,False,2.517,inf
gen_03536,3,0,False,-8.038,,False,False,False,2.823,inf
gen_03537,8,0,False,-6.822,,False,False,False,2.356,inf
gen_03538,5,0,False,-7.309,,False,False,False,2.521,inf
gen_03539,4,0,False,-7.58,,False,False,False,2.484,inf
gen_03540,12,0,False,-8.03,,False,False,False,2.527,inf
gen_03541,11,0,False,-7.748,,False,False,False,14.955,inf
gen_03542,6,0,False,-8.519,,False,False,False,2.463,4.974
gen_03543,9,0,False,-7.204,,False,False,False,2.495,inf
gen_03544,1,0,False,-6.936,,False,False,False,2.755,6.43
gen_03545,4,0,False,-7.35,,False,False,False,2.871,inf
gen_03546,6,0,False,-8.09,,False,False,False,2.572,5.971
gen_03547,1,0,False,-6.967,,False,False,False,2.759,inf
gen_03548,5,0,False,-7.95,,False,False,False,2.512,inf
gen_03549,3,0,False,-7.342,,False,False,False,2.219,inf
gen_03550,5,2,True,-6.814,-6.698,False,True,True,2.779,3.084
gen_03551,4,0,False,-7.353,,False,False,False,2.632,inf
gen_03552,10,0,False,-8.104,,False,False,False,2.31,inf
gen_03553,4,0,False,-7.243,,False,False,False,2.2,inf
gen_03554,9,2,True,-7.761,-7.691,True,True,False,2.791,2.879
gen_03555,8,0,False,-7.232,,False,False,False,8.843,inf
gen_03556,5,0,False,-8.097,,False,False,False,2.613,5.963
gen_03557,3,0,False,-7.716,,False,False,False,2.747,inf
gen_03558,12,0,False,-7.094,,False,False,False,2.565,inf
gen_03559,7,0,False,-7.589,,False,False,False,2.78,inf
gen_03560,7,0,False,-7.489,,False,False,False,2.583,inf
gen_03561,2,0,False,-7.762,,False,False,False,2.931,inf
gen_03562,9,0,False,-6.472,,False,False,False,2.604,inf
gen_03563,8,0,False,-7.488,,False,False,False,2.473,inf
gen_03564,12,0,False,-7.215,,False,False,False,2.405,6.153
gen_03565,2,0,False,-7.285,,False,False,False,4.752,inf
gen_03566,3,3,True,-7.6,-7.6,True,True,True,2.494,3.026
gen_03567,1,0,False,-7.603,,False,False,False,3.045,inf
gen_03568,5,0,False,-6.849,,False,False,False,2.629,4.114
gen_03569,6,6,True,-7.344,-7.344,True,True,True,2.722,2.746
gen_03570,13,0,False,-7.099,,False,False,False,2.571,inf
gen_03571,8,0,False,-6.67,,False,False,False,2.464,inf
gen_03572,4,0,False,-7.921,,False,False,False,2.297,inf
gen_03573,13,0,False,-7.433,,False,False,False,2.717,4.492
gen_03574,4,0,False,-7.249,,False,False,False,2.595,4.496
gen_03575,5,0,False,-7.354,,False,False,False,2.687,4.334
gen_03576,3,0,False,-7.417,,False,False,False,2.21,9.956
gen_03577,7,0,False,-6.7,,False,False,False,2.553,inf
gen_03578,3,0,False,-8.01,,False,False,False,2.645,inf
gen_03579,9,0,False,-6.555,,False,False,False,2.736,inf
gen_03580,6,0,False,-7.917,,False,False,False,2.683,inf
gen_03581,12,0,False,-7.876,,False,False,False,2.275,inf
gen_03582,10,0,False,-8.012,,False,False,False,2.668,inf
gen_03583,9,0,False,-7.95,,False,False,False,2.197,inf
gen_03584,7,0,False,-7.44,,False,False,False,2.735,inf
gen_03585,5,0,False,-7.4,,False,False,False,2.752,inf
gen_03586,5,0,False,-6.945,,False,False,False,2.339,inf
gen_03587,3,0,False,-7.108,,False,False,False,2.676,inf
gen_03588,2,0,False,-6.836,,False,False,False,6.031,5.731
gen_03589,9,0,False,-7.071,,False,False,False,2.591,inf
gen_03590,3,0,False,-7.901,,False,False,False,2.628,inf
gen_03591,4,0,False,-6.992,,False,False,False,2.572,inf
gen_03592,4,0,False,-7.583,,False,False,False,2.747,inf
gen_03593,15,0,False,-7.612,,False,False,False,2.596,4.272
gen_03594,5,0,False,-7.007,,False,False,False,2.335,inf
gen_03595,11,0,False,-8.8,,False,False,False,2.754,inf
gen_03596,3,0,False,-7.487,,False,False,False,2.736,inf
gen_03597,2,0,False,-7.655,,False,False,False,2.398,inf
gen_03598,8,0,False,-7.59,,False,False,False,3.142,inf
gen_03599,11,0,False,-6.674,,False,False,False,2.333,inf
gen_03600,11,0,False,-7.879,,False,False,False,5.379,inf
gen_03601,5,0,False,-6.906,,False,False,False,2.666,inf
gen_03602,6,2,True,-6.43,-6.415,False,True,False,2.666,3.343
gen_03603,9,0,False,-7.26,,False,False,False,2.705,inf
gen_03604,3,0,False,-7.752,,False,False,False,3.062,inf
gen_03605,8,0,False,-7.505,,False,False,False,2.73,inf
gen_03606,9,0,False,-7.436,,False,False,False,2.493,inf
gen_03607,6,0,False,-7.173,,False,False,False,2.257,inf
gen_03608,3,0,False,-7.648,,False,False,False,2.767,inf
gen_03609,5,0,False,-7.794,,False,False,False,2.661,inf
gen_03610,7,0,False,-7.346,,False,False,False,14.047,inf
gen_03611,1,0,False,-6.459,,False,False,False,2.321,inf
gen_03612,5,0,False,-8.616,,False,False,False,2.657,inf
gen_03613,5,0,False,-7.919,,False,False,False,2.689,inf
gen_03614,10,0,False,-7.607,,False,False,False,2.678,inf
gen_03615,4,0,False,-7.332,,False,False,False,2.69,inf
gen_03616,2,0,False,-8.838,,False,False,False,2.748,inf
gen_03617,9,0,False,-7.296,,False,False,False,2.675,5.43
gen_03618,9,0,False,-6.948,,False,False,False,2.499,inf
gen_03619,9,0,False,-6.282,,False,False,False,2.746,inf
gen_03620,2,2,True,-6.117,-6.117,False,True,True,2.237,2.875
gen_03621,6,0,False,-7.291,,False,False,False,14.115,inf
gen_03622,14,0,False,-7.575,,False,False,False,2.666,inf
gen_03623,3,0,False,-7.612,,False,False,False,2.677,inf
gen_03624,3,0,False,-7.339,,False,False,False,2.538,inf
gen_03625,10,0,False,-7.922,,False,False,False,2.69,inf
gen_03626,8,0,False,-7.933,,False,False,False,2.154,inf
gen_03627,1,0,False,-7.628,,False,False,False,2.929,6.124
gen_03628,4,0,False,-7.154,,False,False,False,6.025,2.906
gen_03629,2,0,False,-7.276,,False,False,False,2.744,inf
gen_03630,8,0,False,-7.66,,False,False,False,2.57,inf
gen_03631,7,0,False,-7.241,,False,False,False,2.206,inf
gen_03632,6,0,False,-7.76,,False,False,False,2.82,6.069
gen_03633,4,0,False,-7.099,,False,False,False,2.724,inf
gen_03634,6,0,False,-6.955,,False,False,False,2.283,inf
gen_03635,13,0,False,-7.983,,False,False,False,2.322,inf
gen_03636,2,0,False,-7.021,,False,False,False,2.627,inf
gen_03637,6,0,False,-7.62,,False,False,False,2.611,inf
gen_03638,5,0,False,-8.127,,False,False,False,2.591,inf
gen_03639,2,0,False,-6.373,,False,False,False,2.816,inf
gen_03640,3,0,False,-7.264,,False,False,False,2.808,inf
gen_03641,14,0,False,-7.894,,False,False,False,2.629,inf
gen_03642,9,0,False,-7.091,,False,False,False,2.702,inf
gen_03643,5,0,False,-8.258,,False,False,False,2.708,inf
gen_03644,6,0,False,-6.653,,False,False,False,12.039,inf
gen_03645,13,0,False,-7.61,,False,False,False,2.203,inf
gen_03646,11,2,True,-7.479,-7.249,True,True,True,2.266,2.761
gen_03647,8,0,False,-6.916,,False,False,False,2.67,inf
gen_03648,3,0,False,-7.593,,False,False,False,2.721,inf
gen_03649,2,0,False,-7.311,,False,False,False,2.696,inf
gen_03650,10,0,False,-7.753,,False,False,False,2.432,3.29
gen_03651,3,0,False,-6.943,,False,False,False,3.638,3.196
gen_03652,2,0,False,-8.342,,False,False,False,2.625,inf
gen_03653,2,0,False,-7.988,,False,False,False,2.463,4.863
gen_03654,7,0,False,-7.188,,False,False,False,2.529,inf
gen_03655,9,0,False,-7.264,,False,False,False,2.641,inf
gen_03656,14,0,False,-7.748,,False,False,False,2.846,inf
gen_03657,2,0,False,-7.36,,False,False,False,14.819,3.257
gen_03658,4,0,False,-8.482,,False,False,False,2.195,6.285
gen_03659,2,0,False,-6.794,,False,False,False,2.6,5.827
gen_03660,12,0,False,-8.016,,False,False,False,2.202,inf
gen_03661,5,0,False,-8.326,,False,False,False,2.658,inf
gen_03662,6,0,False,-6.901,,False,False,False,3.307,2.968
gen_03663,12,0,False,-7.631,,False,False,False,2.664,inf
gen_03664,8,0,False,-7.904,,False,False,False,2.678,inf
gen_03665,6,0,False,-8.629,,False,False,False,2.679,inf
gen_03666,2,0,False,-7.091,,False,False,False,2.775,6.72
gen_03667,3,0,False,-6.808,,False,False,False,2.699,inf
gen_03668,8,0,False,-7.535,,False,False,False,2.729,inf
gen_03669,8,2,True,-7.47,-7.322,True,True,True,2.578,3.202
gen_03670,4,0,False,-6.712,,False,False,False,2.753,5.086
gen_03671,2,0,False,-7.947,,False,False,False,2.545,inf
gen_03672,15,0,False,-6.791,,False,False,False,2.577,inf
gen_03673,9,1,True,-7.042,-6.979,True,True,False,2.201,3.256
gen_03674,11,0,False,-7.895,,False,False,False,2.621,inf
gen_03675,3,0,False,-6.636,,False,False,False,2.703,inf
gen_03676,2,0,False,-7.379,,False,False,False,2.777,inf
gen_03677,6,0,False,-7.454,,False,False,False,2.636,inf
gen_03678,8,0,False,-7.413,,False,False,False,2.634,inf
gen_03679,5,0,False,-8.569,,False,False,False,2.287,inf
gen_03680,6,0,False,-7.939,,False,False,False,2.508,inf
gen_03681,7,0,False,-8.134,,False,False,False,14.107,inf
gen_03682,2,0,False,-6.404,,False,False,False,2.74,inf
gen_03683,4,0,False,-6.429,,False,False,False,2.795,inf
gen_03684,8,6,True,-6.182,-6.182,False,True,True,2.661,2.834
gen_03685,10,10,True,-7.772,-7.772,True,True,True,2.601,3.177
gen_03686,5,0,False,-7.746,,False,False,False,2.417,3.235
gen_03687,4,0,False,-7.499,,False,False,False,3.183,inf
gen_03688,4,0,False,-7.703,,False,False,False,2.764,inf
gen_03689,3,0,False,-173.81,,False,False,False,4.397,inf
gen_03690,2,0,False,-7.921,,False,False,False,2.778,inf
gen_03691,7,0,False,-7.652,,False,False,False,2.635,inf
gen_03692,14,9,True,-6.768,-6.721,False,True,True,2.723,3.02
gen_03693,5,0,False,-8.724,,False,False,False,2.769,inf
gen_03694,3,0,False,-7.474,,False,False,False,2.383,inf
gen_03695,11,0,False,-6.627,,False,False,False,2.753,inf
gen_03696,6,0,False,-6.816,,False,False,False,2.318,inf
gen_03697,2,0,False,-7.693,,False,False,False,2.737,inf
gen_03698,8,0,False,-8.362,,False,False,False,2.778,inf
gen_03699,12,0,False,-7.089,,False,False,False,2.725,inf
gen_03700,6,0,False,-7.164,,False,False,False,2.381,inf
gen_03701,3,0,False,-7.104,,False,False,False,2.411,inf
gen_03702,3,0,False,-8.023,,False,False,False,2.274,inf
gen_03703,6,0,False,-7.048,,False,False,False,3.501,inf
gen_03704,8,0,False,-8.325,,False,False,False,2.841,inf
gen_03705,1,0,False,-58.215,,False,False,False,5.729,inf
gen_03706,4,0,False,-7.534,,False,False,False,2.264,4.327
gen_03707,11,0,False,-6.493,,False,False,False,2.759,inf
gen_03708,4,0,False,-7.179,,False,False,False,2.718,inf
gen_03709,4,0,False,-8.474,,False,False,False,2.466,inf
gen_03710,3,0,False,-7.047,,False,False,False,10.243,5.072
gen_03711,13,0,False,-6.524,,False,False,False,2.563,inf
gen_03712,10,0,False,-7.511,,False,False,False,7.14,inf
gen_03713,11,0,False,-8.307,,False,False,False,2.341,inf
gen_03714,16,0,False,-6.848,,False,False,False,2.26,inf
gen_03715,10,0,False,-7.494,,False,False,False,2.604,inf
gen_03716,16,0,False,-7.083,,False,False,False,2.774,inf
gen_03717,7,0,False,-8.138,,False,False,False,2.739,inf
gen_03718,5,0,False,-6.929,,False,False,False,2.498,inf
gen_03719,3,3,True,-7.586,-7.586,True,True,True,2.432,3.001
gen_03720,11,0,False,-7.253,,False,False,False,2.731,5.244
gen_03721,4,0,False,-7.727,,False,False,False,2.435,inf
gen_03722,11,0,False,-7.671,,False,False,False,2.426,inf
gen_03723,11,0,False,-7.908,,False,False,False,10.343,inf
gen_03724,3,0,False,-7.747,,False,False,False,2.693,10.138
gen_03725,4,0,False,-7.169,,False,False,False,2.609,inf
gen_03726,4,0,False,-6.894,,False,False,False,2.639,inf
gen_03727,1,0,False,-7.904,,False,False,False,2.297,4.237
gen_03728,13,7,True,-7.447,-7.408,True,True,True,2.72,3.166
gen_03729,3,0,False,-7.181,,False,False,False,5.825,inf
gen_03730,5,0,False,-7.151,,False,False,False,2.589,inf
gen_03731,2,0,False,-7.278,,False,False,False,2.681,inf
gen_03732,6,0,False,-6.818,,False,False,False,2.795,inf
gen_03733,14,0,False,-6.59,,False,False,False,2.438,inf
gen_03734,11,4,True,-6.08,-6.007,False,True,True,2.703,3.06
gen_03735,3,0,False,-7.275,,False,False,False,2.482,inf
gen_03736,12,5,True,-7.381,-7.381,True,True,True,2.207,2.67
gen_03737,5,0,False,-8.182,,False,False,False,2.671,inf
gen_03738,14,0,False,-6.9,,False,False,False,2.63,inf
gen_03739,4,0,False,-7.457,,False,False,False,2.744,inf
gen_03740,3,0,False,-7.199,,False,False,False,2.203,inf
gen_03741,7,0,False,-7.298,,False,False,False,2.259,inf
gen_03742,7,0,False,-6.675,,False,False,False,2.336,inf
gen_03743,2,0,False,-7.991,,False,False,False,2.708,inf
gen_03744,9,0,False,-8.178,,False,False,False,2.214,inf
gen_03745,6,0,False,-6.724,,False,False,False,2.255,inf
gen_03746,5,0,False,-9.673,,False,False,False,2.331,4.87
gen_03747,5,0,False,-7.236,,False,False,False,2.455,5.114
gen_03748,10,0,False,-7.988,,False,False,False,2.641,inf
gen_03749,1,0,False,-7.354,,False,False,False,2.361,inf
gen_03750,8,0,False,-8.131,,False,False,False,2.715,9.08
gen_03751,16,0,False,-7.262,,False,False,False,2.21,inf
gen_03752,7,0,False,-8.037,,False,False,False,2.535,inf
gen_03753,13,0,False,-7.565,,False,False,False,2.214,inf
gen_03754,12,0,False,-7.797,,False,False,False,2.2,inf
gen_03755,1,0,False,-7.589,,False,False,False,4.545,3.3
gen_03756,1,0,False,-7.271,,False,False,False,2.801,inf
gen_03757,9,0,False,-7.529,,False,False,False,2.514,inf
gen_03758,6,0,False,-8.223,,False,False,False,2.575,inf
gen_03759,1,0,False,-7.029,,False,False,False,2.478,inf
gen_03760,2,0,False,-7.127,,False,False,False,12.746,inf
gen_03761,6,0,False,-7.037,,False,False,False,2.714,inf
gen_03762,14,0,False,-7.548,,False,False,False,2.651,inf
gen_03763,2,0,False,-6.883,,False,False,False,2.494,inf
gen_03764,8,0,False,-7.614,,False,False,False,2.198,inf
gen_03765,6,0,False,-7.905,,False,False,False,2.728,inf
gen_03766,12,0,False,-8.126,,False,False,False,2.368,4.473
gen_03767,7,0,False,-6.852,,False,False,False,6.655,inf
gen_03768,7,0,False,-8.765,,False,False,False,2.239,inf
gen_03769,1,0,False,-5.764,,False,False,False,3.063,inf
gen_03770,12,0,False,-7.948,,False,False,False,2.485,8.689
gen_03771,1,0,False,-6.674,,False,False,False,2.741,inf
gen_03772,3,0,False,-8.511,,False,False,False,2.373,inf
gen_03773,9,5,True,-8.232,-8.232,True,True,False,2.787,3.359
gen_03774,4,0,False,-6.879,,False,False,False,2.475,inf
gen_03775,6,1,True,-8.011,-7.473,True,True,True,2.241,3.158
gen_03776,1,0,False,-7.663,,False,False,False,2.386,inf
gen_03777,9,0,False,-7.641,,False,False,False,2.715,inf
gen_03778,7,0,False,-7.04,,False,False,False,2.309,inf
gen_03779,2,0,False,-7.532,,False,False,False,2.741,inf
gen_03780,14,0,False,-7.041,,False,False,False,2.306,inf
gen_03781,10,0,False,-8.051,,False,False,False,2.587,inf
gen_03782,4,0,False,-8.029,,False,False,False,2.706,4.902
gen_03783,5,0,False,-8.484,,False,False,False,2.2,inf
gen_03784,8,0,False,-7.831,,False,False,False,2.646,inf
gen_03785,1,0,False,-123.322,,False,False,False,12.839,inf
gen_03786,11,0,False,-7.065,,False,False,False,2.284,4.413
gen_03787,14,0,False,-6.984,,False,False,False,2.64,inf
gen_03788,2,0,False,-7.125,,False,False,False,2.283,inf
gen_03789,2,0,False,-7.693,,False,False,False,2.519,inf
gen_03790,12,8,True,-5.693,-5.687,False,True,True,2.446,3.038
gen_03791,6,0,False,-8.489,,False,False,False,2.347,3.878
gen_03792,6,0,False,-7.366,,False,False,False,2.684,inf
gen_03793,1,0,False,-7.666,,False,False,False,2.705,inf
gen_03794,14,0,False,-7.272,,False,False,False,2.247,inf
gen_03795,12,0,False,-8.266,,False,False,False,2.215,6.379
gen_03796,4,0,False,-6.594,,False,False,False,2.298,4.297
gen_03797,10,0,False,-7.11,,False,False,False,2.696,inf
gen_03798,7,0,False,-6.923,,False,False,False,2.573,inf
gen_03799,8,0,False,-7.274,,False,False,False,2.285,inf
gen_03800,4,0,False,-7.958,,False,False,False,2.699,inf
gen_03801,6,0,False,-7.379,,False,False,False,2.367,inf
gen_03802,11,0,False,-7.258,,False,False,False,2.797,inf
gen_03803,3,3,True,-6.337,-6.337,False,True,True,2.208,2.739
gen_03804,5,0,False,-8.598,,False,False,False,2.344,3.769
gen_03805,2,0,False,-7.286,,False,False,False,2.728,4.568
gen_03806,3,0,False,-6.689,,False,False,False,2.488,inf
gen_03807,11,0,False,-6.99,,False,False,False,2.205,inf
gen_03808,7,0,False,-7.213,,False,False,False,2.665,inf
gen_03809,10,0,False,-7.526,,False,False,False,2.719,8.742
gen_03810,8,0,False,-7.209,,False,False,False,2.409,inf
gen_03811,2,0,False,-8.355,,False,False,False,2.772,inf
gen_03812,13,0,False,-6.122,,False,False,False,2.655,4.248
gen_03813,6,0,False,-6.92,,False,False,False,2.37,5.088
gen_03814,7,0,False,-7.665,,False,False,False,2.717,inf
gen_03815,13,0,False,-6.009,,False,False,False,2.463,inf
gen_03816,14,0,False,-7.522,,False,False,False,2.606,inf
gen_03817,4,0,False,-9.07,,False,False,False,2.753,inf
gen_03818,3,0,False,-6.905,,False,False,False,2.297,inf
gen_03819,2,0,False,-8.452,,False,False,False,10.942,inf
gen_03820,2,0,False,-7.636,,False,False,False,2.519,inf
gen_03821,2,0,False,-8.387,,False,False,False,2.212,inf
gen_03822,3,0,False,-8.015,,False,False,False,2.787,inf
gen_03823,8,3,True,-7.589,-7.589,True,True,True,2.325,3.007
gen_03824,14,0,False,-8.155,,False,False,False,2.72,3.31
gen_03825,6,0,False,-7.242,,False,False,False,2.442,inf
gen_03826,4,0,False,-6.812,,False,False,False,2.797,inf
gen_03827,6,0,False,-7.345,,False,False,False,2.617,inf
gen_03828,12,0,False,-7.016,,False,False,False,2.362,inf
gen_03829,11,0,False,-7.672,,False,False,False,2.727,inf
gen_03830,11,0,False,-8.086,,False,False,False,2.625,3.647
gen_03831,8,0,False,-7.152,,False,False,False,2.372,inf
gen_03832,1,0,False,-7.207,,False,False,False,4.248,inf
gen_03833,14,0,False,-7.729,,False,False,False,2.607,inf
gen_03834,1,0,False,-8.314,,False,False,False,3.226,inf
gen_03835,1,0,False,-8.612,,False,False,False,2.764,inf
gen_03836,6,0,False,-7.332,,False,False,False,2.759,4.858
gen_03837,8,0,False,-7.488,,False,False,False,2.498,inf
gen_03838,9,0,False,-7.938,,False,False,False,5.457,4.971
gen_03839,7,0,False,-8.449,,False,False,False,2.466,inf
gen_03840,2,0,False,-7.058,,False,False,False,2.377,inf
gen_03841,10,0,False,-7.697,,False,False,False,2.303,inf
gen_03842,9,0,False,-7.625,,False,False,False,2.604,inf
gen_03843,2,0,False,-8.416,,False,False,False,6.592,4.58
gen_03844,10,0,False,-7.779,,False,False,False,2.586,inf
gen_03845,8,0,False,-7.338,,False,False,False,2.717,inf
gen_03846,6,0,False,-7.885,,False,False,False,2.787,4.707
gen_03847,7,0,False,-8.35,,False,False,False,2.443,inf
gen_03848,6,0,False,-7.838,,False,False,False,2.374,inf
gen_03849,14,0,False,-7.055,,False,False,False,2.284,inf
gen_03850,11,0,False,-8.289,,False,False,False,2.606,inf
gen_03851,3,0,False,-7.644,,False,False,False,2.712,inf
gen_03852,4,0,False,-8.785,,False,False,False,3.006,inf
gen_03853,10,0,False,-7.452,,False,False,False,2.192,inf
gen_03854,2,0,False,-7.398,,False,False,False,3.336,inf
gen_03855,12,0,False,-7.044,,False,False,False,2.45,2.895
gen_03856,2,0,False,-6.676,,False,False,False,3.799,inf
gen_03857,2,0,False,-8.531,,False,False,False,2.675,inf
gen_03858,2,0,False,-6.353,,False,False,False,2.791,inf
gen_03859,2,0,False,-7.773,,False,False,False,2.666,inf
gen_03860,5,0,False,-7.34,,False,False,False,2.718,inf
gen_03861,8,0,False,-7.003,,False,False,False,2.685,4.471
gen_03862,3,0,False,-63.233,,False,False,False,8.22,6.579
gen_03863,6,0,False,-6.977,,False,False,False,2.75,inf
gen_03864,1,0,False,-7.154,,False,False,False,2.404,inf
gen_03865,5,0,False,-6.88,,False,False,False,2.703,inf
gen_03866,5,0,False,-7.912,,False,False,False,2.625,inf
gen_03867,5,0,False,-7.456,,False,False,False,2.507,inf
gen_03868,6,0,False,-7.381,,False,False,False,2.688,inf
gen_03869,3,0,False,-7.548,,False,False,False,2.662,inf
gen_03870,3,0,False,-6.999,,False,False,False,3.843,inf
gen_03871,6,0,False,-7.3,,False,False,False,2.546,inf
gen_03872,3,0,False,-7.296,,False,False,False,2.762,inf
gen_03873,5,5,True,-7.915,-7.915,True,True,True,2.733,3.118
gen_03874,6,0,False,-7.093,,False,False,False,2.351,inf
gen_03875,16,0,False,-6.151,,False,False,False,2.608,inf
gen_03876,5,0,False,-7.566,,False,False,False,9.515,inf
gen_03877,11,0,False,-8.137,,False,False,False,2.215,4.54
gen_03878,10,0,False,-6.585,,False,False,False,2.69,inf
gen_03879,5,0,False,-6.281,,False,False,False,2.687,inf
gen_03880,4,0,False,-6.816,,False,False,False,2.597,inf
gen_03881,12,0,False,-8.142,,False,False,False,2.756,4.392
gen_03882,15,0,False,-6.187,,False,False,False,2.615,5.565
gen_03883,4,0,False,-7.876,,False,False,False,2.661,inf
gen_03884,3,0,False,-8.15,,False,False,False,2.639,5.628
gen_03885,7,0,False,-7.448,,False,False,False,2.646,inf
gen_03886,4,0,False,-8.037,,False,False,False,2.737,inf
gen_03887,4,0,False,-7.828,,False,False,False,2.786,4.031
gen_03888,7,0,False,-7.705,,False,False,False,2.676,inf
gen_03889,4,0,False,-7.187,,False,False,False,2.582,inf
gen_03890,3,0,False,-6.733,,False,False,False,9.02,inf
gen_03891,7,0,False,-6.517,,False,False,False,2.759,inf
gen_03892,5,0,False,-7.726,,False,False,False,2.516,inf
gen_03893,4,4,True,-8.003,-8.003,True,True,False,2.757,3.189
gen_03894,11,0,False,-6.928,,False,False,False,2.632,inf
gen_03895,10,0,False,-7.737,,False,False,False,2.27,inf
gen_03896,4,0,False,-8.094,,False,False,False,9.748,3.162
gen_03897,7,0,False,-7.437,,False,False,False,2.719,inf
gen_03898,2,0,False,-6.5,,False,False,False,2.438,inf
gen_03899,7,0,False,-8.352,,False,False,False,2.748,inf
gen_03900,7,0,False,-8.069,,False,False,False,2.341,inf
gen_03901,6,0,False,-7.628,,False,False,False,10.528,6.808
gen_03902,11,0,False,-8.064,,False,False,False,13.476,3.784
gen_03903,6,0,False,-8.515,,False,False,False,2.225,inf
gen_03904,4,0,False,-7.524,,False,False,False,2.553,6.399
gen_03905,2,0,False,-6.728,,False,False,False,2.622,inf
gen_03906,3,0,False,-7.408,,False,False,False,3.139,inf
gen_03907,2,0,False,-7.773,,False,False,False,2.782,inf
gen_03908,9,0,False,-7.953,,False,False,False,2.296,inf
gen_03909,10,0,False,-7.005,,False,False,False,2.723,inf
gen_03910,4,0,False,-7.63,,False,False,False,2.8,inf
gen_03911,4,0,False,-7.245,,False,False,False,2.719,inf
gen_03912,5,0,False,-7.214,,False,False,False,2.802,3.984
gen_03913,11,0,False,-6.347,,False,False,False,2.599,inf
gen_03914,5,0,False,-8.634,,False,False,False,3.111,inf
gen_03915,3,0,False,-8.36,,False,False,False,2.545,9.974
gen_03916,4,0,False,-6.903,,False,False,False,2.592,inf
gen_03917,4,0,False,-8.607,,False,False,False,3.116,6.959
gen_03918,11,0,False,-7.693,,False,False,False,2.232,inf
gen_03919,5,0,False,-7.202,,False,False,False,2.76,inf
gen_03920,3,0,False,-6.838,,False,False,False,6.679,inf
gen_03921,5,0,False,-7.687,,False,False,False,2.291,8.229
gen_03922,6,0,False,-7.456,,False,False,False,2.725,inf
gen_03923,8,0,False,-6.995,,False,False,False,2.668,4.502
gen_03924,8,0,False,-7.857,,False,False,False,2.396,inf
gen_03925,4,0,False,-8.626,,False,False,False,15.892,inf
gen_03926,11,0,False,-7.319,,False,False,False,2.344,inf
gen_03927,6,0,False,-8.816,,False,False,False,2.711,inf
gen_03928,10,0,False,-7.584,,False,False,False,2.647,inf
gen_03929,4,4,True,-7.695,-7.695,True,True,True,2.809,2.776
gen_03930,15,0,False,-7.133,,False,False,False,2.367,inf
gen_03931,5,0,False,-6.84,,False,False,False,2.747,4.62
gen_03932,10,0,False,-7.373,,False,False,False,2.694,inf
gen_03933,2,0,False,-7.752,,False,False,False,2.376,inf
gen_03934,14,0,False,-7.403,,False,False,False,2.752,inf
gen_03935,2,0,False,-6.212,,False,False,False,2.212,inf
gen_03936,7,0,False,-7.841,,False,False,False,2.59,inf
gen_03937,8,0,False,-7.353,,False,False,False,2.673,inf
gen_03938,4,0,False,-7.274,,False,False,False,2.632,inf
gen_03939,13,0,False,-8.475,,False,False,False,2.635,inf
gen_03940,7,0,False,-7.596,,False,False,False,2.805,inf
gen_03941,9,0,False,-6.778,,False,False,False,2.517,5.388
gen_03942,11,0,False,-7.77,,False,False,False,6.515,6.857
gen_03943,3,0,False,-8.384,,False,False,False,2.712,5.082
gen_03944,5,5,True,-7.898,-7.898,True,True,True,2.795,2.881
gen_03945,9,0,False,-7.902,,False,False,False,2.534,inf
gen_03946,8,0,False,-7.368,,False,False,False,2.606,7.554
gen_03947,3,0,False,-8.474,,False,False,False,2.686,inf
gen_03948,3,0,False,-8.212,,False,False,False,2.721,inf
gen_03949,13,0,False,-6.808,,False,False,False,2.641,inf
gen_03950,13,0,False,-8.085,,False,False,False,2.337,inf
gen_03951,9,0,False,-7.722,,False,False,False,2.208,inf
gen_03952,3,0,False,-7.232,,False,False,False,2.73,inf
gen_03953,4,0,False,-6.87,,False,False,False,3.349,inf
gen_03954,2,0,False,-8.376,,False,False,False,4.18,inf
gen_03955,3,0,False,-7.156,,False,False,False,2.3,inf
gen_03956,8,0,False,-7.822,,False,False,False,13.638,inf
gen_03957,5,0,False,-7.651,,False,False,False,2.307,inf
gen_03958,4,4,True,-7.889,-7.889,True,True,False,2.649,3.277
gen_03959,11,0,False,-7.045,,False,False,False,2.607,inf
gen_03960,5,0,False,-7.662,,False,False,False,2.566,inf
gen_03961,4,0,False,-8.576,,False,False,False,2.766,inf
gen_03962,5,0,False,-7.005,,False,False,False,2.804,inf
gen_03963,1,0,False,-7.109,,False,False,False,2.199,inf
gen_03964,3,0,False,-7.037,,False,False,False,2.515,inf
gen_03965,2,2,True,-7.469,-7.469,True,True,False,2.207,2.83
gen_03966,3,0,False,-6.944,,False,False,False,2.423,inf
gen_03967,10,0,False,-7.627,,False,False,False,13.424,inf
gen_03968,3,0,False,-7.31,,False,False,False,2.707,inf
gen_03969,12,0,False,-6.601,,False,False,False,2.202,inf
gen_03970,5,0,False,-7.678,,False,False,False,2.733,inf
gen_03971,2,0,False,-9.147,,False,False,False,2.58,6.105
gen_03972,3,0,False,-6.985,,False,False,False,2.57,inf
gen_03973,7,0,False,-7.368,,False,False,False,2.732,inf
gen_03974,14,0,False,-7.387,,False,False,False,2.723,inf
gen_03975,9,0,False,-7.52,,False,False,False,2.531,inf
gen_03976,6,0,False,-7.729,,False,False,False,5.598,inf
gen_03977,2,0,False,-119.046,,False,False,False,8.445,inf
gen_03978,5,0,False,-8.194,,False,False,False,2.198,5.004
gen_03979,1,0,False,-6.888,,False,False,False,2.673,inf
gen_03980,8,0,False,-6.761,,False,False,False,2.668,inf
gen_03981,13,0,False,-7.771,,False,False,False,2.707,inf
gen_03982,1,0,False,-7.65,,False,False,False,2.596,6.415
gen_03983,8,0,False,-6.807,,False,False,False,2.654,inf
gen_03984,15,0,False,-7.673,,False,False,False,6.884,inf
gen_03985,5,0,False,-6.69,,False,False,False,2.595,inf
gen_03986,5,0,False,-7.334,,False,False,False,2.652,inf
gen_03987,11,0,False,-7.513,,False,False,False,2.285,inf
gen_03988,3,0,False,-7.305,,False,False,False,2.78,inf
gen_03989,3,0,False,-8.429,,False,False,False,2.393,inf
gen_03990,2,0,False,-7.459,,False,False,False,2.518,inf
gen_03991,5,0,False,-7.953,,False,False,False,2.763,inf
gen_03992,8,0,False,-7.228,,False,False,False,2.297,inf
gen_03993,5,0,False,-8.437,,False,False,False,2.629,inf
gen_03994,2,0,False,-7.449,,False,False,False,3.27,4.002
gen_03995,13,0,False,-8.415,,False,False,False,2.588,inf
gen_03996,4,0,False,-7.523,,False,False,False,3.227,inf
gen_03997,2,0,False,-6.306,,False,False,False,2.454,inf
gen_03998,5,0,False,-7.516,,False,False,False,2.772,5.824
gen_03999,16,0,False,-7.142,,False,False,False,2.414,inf
gen_04000,10,0,False,-7.903,,False,False,False,2.422,inf
gen_04001,8,0,False,-8.685,,False,False,False,2.678,inf
gen_04002,3,0,False,-7.263,,False,False,False,2.788,inf
gen_04003,4,3,True,-7.489,-7.489,True,True,False,2.665,3.082
gen_04004,2,0,False,-126.279,,False,False,False,10.014,inf
gen_04005,16,1,True,-7.601,-7.304,True,True,True,2.479,3.253
gen_04006,2,0,False,-6.699,,False,False,False,2.322,inf
gen_04007,4,0,False,-7.023,,False,False,False,2.657,inf
gen_04008,8,0,False,-8.068,,False,False,False,2.619,inf
gen_04009,12,0,False,-7.239,,False,False,False,2.204,inf
gen_04010,4,0,False,-8.272,,False,False,False,3.156,6.009
gen_04011,8,0,False,-7.284,,False,False,False,2.718,inf
gen_04012,10,1,True,-8.363,-8.149,True,True,True,2.646,3.251
gen_04013,13,1,True,-6.469,-6.361,False,True,True,2.267,3.371
gen_04014,5,0,False,-7.187,,False,False,False,2.851,inf
gen_04015,11,0,False,-7.867,,False,False,False,2.258,inf
gen_04016,12,0,False,-7.272,,False,False,False,2.599,inf
gen_04017,1,0,False,-6.687,,False,False,False,2.839,inf
gen_04018,8,0,False,-8.442,,False,False,False,2.335,inf
gen_04019,14,0,False,-6.59,,False,False,False,2.633,inf
gen_04020,10,0,False,-7.603,,False,False,False,2.424,inf
gen_04021,10,0,False,-7.459,,False,False,False,2.628,inf
gen_04022,7,0,False,-7.783,,False,False,False,2.655,inf
gen_04023,4,0,False,-7.721,,False,False,False,2.224,inf
gen_04024,4,0,False,-7.594,,False,False,False,2.663,4.107
gen_04025,10,0,False,-6.989,,False,False,False,2.198,inf
gen_04026,14,0,False,-7.718,,False,False,False,2.626,inf
gen_04027,3,0,False,-6.449,,False,False,False,2.676,inf
gen_04028,4,0,False,-6.719,,False,False,False,2.68,inf
gen_04029,2,0,False,-7.415,,False,False,False,2.562,inf
gen_04030,10,0,False,-7.532,,False,False,False,2.647,inf
gen_04031,14,0,False,-6.263,,False,False,False,2.659,inf
gen_04032,3,0,False,-6.673,,False,False,False,2.647,inf
gen_04033,7,0,False,-7.847,,False,False,False,2.32,inf
gen_04034,10,0,False,-6.779,,False,False,False,2.772,inf
gen_04035,2,0,False,-6.968,,False,False,False,2.685,inf
gen_04036,3,0,False,-7.012,,False,False,False,2.716,inf
gen_04037,12,0,False,-8.597,,False,False,False,2.629,inf
gen_04038,8,2,True,-7.014,-6.907,True,True,True,2.29,3.023
gen_04039,12,0,False,-6.621,,False,False,False,2.356,3.739
gen_04040,14,0,False,-7.503,,False,False,False,2.471,inf
gen_04041,1,0,False,-7.915,,False,False,False,2.367,inf
gen_04042,8,0,False,-8.154,,False,False,False,2.363,inf
gen_04043,6,0,False,-6.774,,False,False,False,2.726,inf
gen_04044,2,0,False,-55.901,,False,False,False,2.154,inf
gen_04045,1,0,False,-6.921,,False,False,False,8.327,8.703
gen_04046,5,0,False,-6.506,,False,False,False,2.492,inf
gen_04047,6,0,False,-8.502,,False,False,False,2.235,inf
gen_04048,1,0,False,-8.142,,False,False,False,3.025,9.353
gen_04049,6,0,False,-7.374,,False,False,False,2.657,inf
gen_04050,1,0,False,-7.33,,False,False,False,2.846,inf
gen_04051,3,0,False,-7.341,,False,False,False,2.776,inf
gen_04052,12,4,True,-6.405,-6.268,False,True,True,2.372,2.783
gen_04053,4,0,False,-6.315,,False,False,False,11.499,3.079
gen_04054,4,0,False,-7.277,,False,False,False,2.736,inf
gen_04055,3,0,False,-8.046,,False,False,False,2.617,inf
gen_04056,9,0,False,-7.133,,False,False,False,2.68,inf
gen_04057,5,0,False,-6.633,,False,False,False,2.96,6.414
gen_04058,2,0,False,-7.334,,False,False,False,2.737,inf
gen_04059,6,1,True,-7.994,-7.667,True,True,False,2.789,3.132
gen_04060,5,0,False,-8.101,,False,False,False,2.679,8.24
gen_04061,14,2,True,-7.944,-7.525,True,True,False,2.195,2.81
gen_04062,6,0,False,-6.729,,False,False,False,2.532,inf
gen_04063,11,0,False,-7.377,,False,False,False,2.273,inf
gen_04064,12,0,False,-7.766,,False,False,False,2.281,inf
gen_04065,9,0,False,-7.755,,False,False,False,2.613,inf
gen_04066,5,0,False,-7.323,,False,False,False,2.659,inf
gen_04067,11,0,False,-7.289,,False,False,False,2.712,inf
gen_04068,3,0,False,-8.123,,False,False,False,2.474,inf
gen_04069,4,0,False,-7.53,,False,False,False,2.653,inf
gen_04070,1,0,False,-6.374,,False,False,False,2.759,8.268
gen_04071,6,0,False,-7.9,,False,False,False,8.266,inf
gen_04072,3,0,False,-6.965,,False,False,False,2.693,inf
gen_04073,8,0,False,-7.975,,False,False,False,2.402,inf
gen_04074,8,0,False,-8.635,,False,False,False,2.674,2.768
gen_04075,8,0,False,-8.031,,False,False,False,3.275,inf
gen_04076,3,0,False,-7.149,,False,False,False,2.788,inf
gen_04077,9,0,False,-7.361,,False,False,False,2.615,inf
gen_04078,8,0,False,-8.149,,False,False,False,2.193,inf
gen_04079,1,0,False,-7.427,,False,False,False,9.684,inf
gen_04080,8,0,False,-8.15,,False,False,False,2.327,inf
gen_04081,15,0,False,-7.39,,False,False,False,2.222,inf
gen_04082,7,0,False,-7.731,,False,False,False,2.711,inf
gen_04083,3,3,True,-8.064,-8.064,True,True,True,2.685,3.192
gen_04084,6,0,False,-7.815,,False,False,False,2.706,inf
gen_04085,4,0,False,-7.701,,False,False,False,3.092,3.783
gen_04086,10,0,False,-7.744,,False,False,False,2.728,inf
gen_04087,7,0,False,-7.102,,False,False,False,2.33,inf
gen_04088,8,0,False,-8.148,,False,False,False,2.672,inf
gen_04089,5,0,False,-7.38,,False,False,False,2.621,inf
gen_04090,3,0,False,-6.957,,False,False,False,2.231,inf
gen_04091,2,0,False,-6.426,,False,False,False,2.282,inf
gen_04092,2,0,False,-6.755,,False,False,False,2.349,inf
gen_04093,8,0,False,-7.779,,False,False,False,2.74,inf
gen_04094,11,6,True,-7.717,-7.717,True,True,True,2.715,2.917
gen_04095,4,0,False,-8.393,,False,False,False,2.788,8.115
gen_04096,7,0,False,-7.976,,False,False,False,2.763,inf
gen_04097,4,0,False,-8.051,,False,False,False,2.767,inf
gen_04098,7,0,False,-7.302,,False,False,False,2.4,inf
gen_04099,8,0,False,-7.027,,False,False,False,2.724,inf
gen_04100,5,0,False,-7.809,,False,False,False,2.387,inf
gen_04101,10,0,False,-8.588,,False,False,False,2.69,inf
gen_04102,8,0,False,-6.638,,False,False,False,2.387,inf
gen_04103,6,0,False,-7.97,,False,False,False,2.651,inf
gen_04104,9,0,False,-7.618,,False,False,False,2.621,inf
gen_04105,1,0,False,-8.171,,False,False,False,2.691,inf
gen_04106,9,0,False,-6.935,,False,False,False,2.739,4.255
gen_04107,2,0,False,-8.122,,False,False,False,2.2,inf
gen_04108,13,0,False,-7.22,,False,False,False,2.523,inf
gen_04109,9,0,False,-7.694,,False,False,False,2.33,inf
gen_04110,6,0,False,-7.191,,False,False,False,2.512,inf
gen_04111,7,0,False,-6.543,,False,False,False,2.654,5.146
gen_04112,2,0,False,-5.794,,False,False,False,2.734,5.919
gen_04113,4,0,False,-7.043,,False,False,False,2.506,inf
gen_04114,3,0,False,-7.241,,False,False,False,2.661,inf
gen_04115,7,0,False,-6.977,,False,False,False,10.049,inf
gen_04116,7,2,True,-8.361,-8.361,True,True,False,2.701,3.339
gen_04117,9,0,False,-7.956,,False,False,False,2.554,inf
gen_04118,1,1,True,-8.351,-8.351,True,True,True,2.737,3.285
gen_04119,3,0,False,-7.544,,False,False,False,2.288,inf
gen_04120,5,0,False,-6.535,,False,False,False,3.067,inf
gen_04121,7,0,False,-8.181,,False,False,False,2.694,inf
gen_04122,10,0,False,-7.621,,False,False,False,2.813,inf
gen_04123,6,0,False,-7.578,,False,False,False,2.617,inf
gen_04124,4,0,False,-7.383,,False,False,False,2.683,inf
gen_04125,4,0,False,-6.652,,False,False,False,2.753,inf
gen_04126,4,0,False,-7.027,,False,False,False,3.121,inf
gen_04127,6,5,True,-7.795,-7.649,True,True,False,2.329,2.694
gen_04128,14,12,True,-7.458,-7.458,True,True,True,2.628,2.776
gen_04129,9,0,False,-7.61,,False,False,False,2.622,inf
gen_04130,6,0,False,-7.134,,False,False,False,2.294,inf
gen_04131,11,0,False,-7.582,,False,False,False,2.672,inf
gen_04132,3,0,False,-7.968,,False,False,False,8.853,3.803
gen_04133,6,0,False,-7.27,,False,False,False,2.796,inf
gen_04134,11,0,False,-8.097,,False,False,False,2.764,inf
gen_04135,4,0,False,-7.76,,False,False,False,2.429,inf
gen_04136,2,0,False,-7.474,,False,False,False,2.199,inf
gen_04137,4,0,False,-7.442,,False,False,False,2.226,inf
gen_04138,5,0,False,-7.608,,False,False,False,2.492,inf
gen_04139,4,0,False,-8.411,,False,False,False,2.821,inf
gen_04140,6,0,False,-8.621,,False,False,False,2.608,4.014
gen_04141,2,0,False,-7.901,,False,False,False,2.519,inf
gen_04142,13,2,True,-7.413,-7.413,True,True,False,2.279,3.203
gen_04143,13,0,False,-7.027,,False,False,False,2.44,inf
gen_04144,7,0,False,-8.417,,False,False,False,2.202,3.059
gen_04145,12,0,False,-8.091,,False,False,False,2.409,inf
gen_04146,9,5,True,-7.271,-7.271,True,True,True,2.211,2.893
gen_04147,11,0,False,-7.176,,False,False,False,2.69,inf
gen_04148,10,0,False,-7.454,,False,False,False,2.667,inf
gen_04149,5,0,False,-7.904,,False,False,False,2.715,inf
gen_04150,10,0,False,-6.978,,False,False,False,2.232,inf
gen_04151,16,0,False,-7.655,,False,False,False,2.674,inf
gen_04152,2,0,False,-6.863,,False,False,False,2.739,inf
gen_04153,2,0,False,-6.26,,False,False,False,2.207,inf
gen_04154,9,0,False,-7.245,,False,False,False,2.77,8.526
gen_04155,8,0,False,-6.901,,False,False,False,2.293,inf
gen_04156,6,0,False,-7.749,,False,False,False,6.925,4.746
gen_04157,6,0,False,-6.841,,False,False,False,2.557,inf
gen_04158,4,0,False,-8.205,,False,False,False,2.837,inf
gen_04159,1,0,False,-6.882,,False,False,False,2.801,inf
gen_04160,3,0,False,-7.459,,False,False,False,2.782,2.893
gen_04161,8,0,False,-7.976,,False,False,False,2.635,inf
gen_04162,5,0,False,-6.455,,False,False,False,2.65,inf
gen_04163,4,0,False,-7.723,,False,False,False,2.484,inf
gen_04164,5,0,False,-8.163,,False,False,False,7.985,3.065
gen_04165,7,0,False,-7.114,,False,False,False,2.765,inf
gen_04166,3,0,False,-6.824,,False,False,False,6.947,inf
gen_04167,12,0,False,-8.664,,False,False,False,14.113,3.675
gen_04168,1,0,False,-7.032,,False,False,False,2.691,inf
gen_04169,1,0,False,-7.572,,False,False,False,2.792,inf
gen_04170,2,0,False,-6.89,,False,False,False,2.722,inf
gen_04171,4,0,False,-6.316,,False,False,False,2.763,inf
gen_04172,2,0,False,-7.172,,False,False,False,2.802,inf
gen_04173,11,0,False,-8.123,,False,False,False,2.534,inf
gen_04174,4,0,False,-7.91,,False,False,False,2.354,inf
gen_04175,12,0,False,-6.778,,False,False,False,2.678,inf
gen_04176,8,0,False,-6.616,,False,False,False,2.708,inf
gen_04177,9,9,True,-8.02,-8.02,True,True,True,2.373,3.096
gen_04178,2,0,False,-7.096,,False,False,False,2.643,inf
gen_04179,2,0,False,-7.324,,False,False,False,2.769,inf
gen_04180,4,0,False,-8.308,,False,False,False,2.659,inf
gen_04181,7,0,False,-8.135,,False,False,False,6.166,inf
gen_04182,6,0,False,-7.531,,False,False,False,2.692,6.72
gen_04183,6,0,False,-7.554,,False,False,False,5.927,inf
gen_04184,11,0,False,-6.999,,False,False,False,2.556,inf
gen_04185,12,0,False,-7.779,,False,False,False,2.729,8.616
gen_04186,2,0,False,-6.145,,False,False,False,2.733,inf
gen_04187,10,0,False,-8.116,,False,False,False,2.628,inf
gen_04188,10,0,False,-6.766,,False,False,False,2.754,inf
gen_04189,9,0,False,-7.042,,False,False,False,2.473,inf
gen_04190,8,0,False,-8.424,,False,False,False,2.493,inf
gen_04191,15,0,False,-8.058,,False,False,False,6.279,inf
gen_04192,7,0,False,-7.149,,False,False,False,2.684,inf
gen_04193,3,0,False,-7.432,,False,False,False,2.694,inf
gen_04194,7,0,False,-6.859,,False,False,False,2.634,inf
gen_04195,5,0,False,-7.941,,False,False,False,2.741,inf
gen_04196,6,4,True,-7.174,-7.174,True,True,True,2.661,2.923
gen_04197,2,0,False,-7.062,,False,False,False,2.329,inf
gen_04198,12,0,False,-7.938,,False,False,False,2.71,4.682
gen_04199,7,0,False,-7.245,,False,False,False,2.613,inf
gen_04200,4,0,False,-7.881,,False,False,False,2.727,inf
gen_04201,2,0,False,-6.969,,False,False,False,2.32,inf
gen_04202,7,0,False,-7.973,,False,False,False,2.219,inf
gen_04203,2,0,False,-7.682,,False,False,False,2.833,inf
gen_04204,7,0,False,-7.39,,False,False,False,2.201,inf
gen_04205,9,0,False,-6.935,,False,False,False,2.48,inf
gen_04206,11,0,False,-8.538,,False,False,False,2.206,inf
gen_04207,12,0,False,-7.077,,False,False,False,2.174,inf
gen_04208,6,0,False,-7.404,,False,False,False,2.637,inf
gen_04209,3,0,False,-8.847,,False,False,False,3.201,inf
gen_04210,6,0,False,-7.991,,False,False,False,2.2,inf
gen_04211,2,0,False,-6.758,,False,False,False,2.744,inf
gen_04212,10,3,True,-7.66,-7.516,True,True,False,2.215,3.289
gen_04213,8,0,False,-7.739,,False,False,False,2.631,inf
gen_04214,6,0,False,-7.649,,False,False,False,2.667,inf
gen_04215,4,0,False,-6.638,,False,False,False,2.767,5.334
gen_04216,5,0,False,-8.129,,False,False,False,2.561,inf
gen_04217,11,0,False,-7.357,,False,False,False,2.725,inf
gen_04218,6,0,False,-7.853,,False,False,False,2.67,inf
gen_04219,10,0,False,-7.838,,False,False,False,2.414,inf
gen_04220,6,0,False,-6.605,,False,False,False,2.727,inf
gen_04221,7,0,False,-7.264,,False,False,False,2.717,inf
gen_04222,14,0,False,-6.383,,False,False,False,2.684,inf
gen_04223,9,0,False,-7.018,,False,False,False,2.648,inf
gen_04224,2,0,False,-8.206,,False,False,False,2.771,inf
gen_04225,12,0,False,-7.376,,False,False,False,2.308,4.712
gen_04226,3,0,False,-7.684,,False,False,False,2.636,inf
gen_04227,9,0,False,-7.947,,False,False,False,2.647,inf
gen_04228,4,0,False,-7.336,,False,False,False,2.727,inf
gen_04229,6,0,False,-7.119,,False,False,False,2.651,5.286
gen_04230,14,0,False,-8.075,,False,False,False,2.306,inf
gen_04231,2,0,False,-6.886,,False,False,False,2.677,inf
gen_04232,10,0,False,-7.348,,False,False,False,2.392,inf
gen_04233,4,1,True,-7.665,-7.575,True,True,True,2.607,3.155
gen_04234,5,0,False,-6.822,,False,False,False,2.201,inf
gen_04235,8,0,False,-7.687,,False,False,False,2.383,inf
gen_04236,8,0,False,-7.688,,False,False,False,3.749,inf
gen_04237,8,0,False,-7.151,,False,False,False,2.486,inf
gen_04238,6,0,False,-7.572,,False,False,False,4.29,inf
gen_04239,2,0,False,-7.346,,False,False,False,2.697,6.044
gen_04240,2,0,False,-7.73,,False,False,False,4.503,inf
gen_04241,6,0,False,-8.369,,False,False,False,2.736,inf
gen_04242,6,0,False,-7.555,,False,False,False,2.71,inf
gen_04243,4,0,False,-7.533,,False,False,False,2.764,4.739
gen_04244,13,0,False,-7.466,,False,False,False,2.706,inf
gen_04245,7,0,False,-6.764,,False,False,False,2.69,4.29
gen_04246,4,0,False,-7.137,,False,False,False,2.791,inf
gen_04247,4,0,False,-7.022,,False,False,False,2.753,4.943
gen_04248,3,0,False,-6.285,,False,False,False,3.419,7.173
gen_04249,9,0,False,-7.934,,False,False,False,2.66,inf
gen_04250,2,0,False,-7.184,,False,False,False,2.66,inf
gen_04251,8,0,False,-8.372,,False,False,False,2.545,inf
gen_04252,5,0,False,-9.061,,False,False,False,2.553,inf
gen_04253,8,0,False,-7.238,,False,False,False,2.52,inf
gen_04254,1,0,False,-6.526,,False,False,False,2.723,inf
gen_04255,13,0,False,-8.28,,False,False,False,2.63,inf
gen_04256,3,0,False,-8.383,,False,False,False,2.466,inf
gen_04257,9,0,False,-7.85,,False,False,False,2.364,4.25
gen_04258,6,0,False,-7.549,,False,False,False,2.683,inf
gen_04259,7,0,False,-7.968,,False,False,False,2.714,inf
gen_04260,6,0,False,-8.299,,False,False,False,2.453,inf
gen_04261,4,0,False,-7.382,,False,False,False,2.597,inf
gen_04262,2,0,False,-6.882,,False,False,False,2.708,inf
gen_04263,9,0,False,-7.986,,False,False,False,2.506,inf
gen_04264,5,0,False,-8.476,,False,False,False,2.668,inf
gen_04265,1,0,False,-6.917,,False,False,False,2.824,inf
gen_04266,9,0,False,-7.466,,False,False,False,2.703,inf
gen_04267,5,0,False,-7.779,,False,False,False,2.417,inf
gen_04268,8,0,False,-6.016,,False,False,False,2.628,inf
gen_04269,14,0,False,-6.97,,False,False,False,2.442,inf
gen_04270,4,0,False,-8.095,,False,False,False,2.258,inf
gen_04271,11,0,False,-7.305,,False,False,False,2.667,inf
gen_04272,4,2,True,-7.707,-7.707,True,True,True,2.707,2.877
gen_04273,3,0,False,-6.157,,False,False,False,2.738,inf
gen_04274,4,0,False,-7.641,,False,False,False,2.344,inf
gen_04275,6,0,False,-8.04,,False,False,False,2.653,inf
gen_04276,12,0,False,-7.564,,False,False,False,2.758,inf
gen_04277,5,0,False,-7.714,,False,False,False,2.735,inf
gen_04278,14,0,False,-7.258,,False,False,False,2.747,3.838
gen_04279,5,0,False,-7.15,,False,False,False,2.371,inf
gen_04280,15,0,False,-7.205,,False,False,False,2.347,inf
gen_04281,1,0,False,-7.993,,False,False,False,2.725,4.433
gen_04282,4,0,False,-8.126,,False,False,False,2.639,inf
gen_04283,3,0,False,-7.236,,False,False,False,2.795,inf
gen_04284,16,0,False,-6.407,,False,False,False,2.467,inf
gen_04285,13,0,False,-8.027,,False,False,False,2.674,inf
gen_04286,1,0,False,-7.13,,False,False,False,2.708,inf
gen_04287,7,0,False,-7.229,,False,False,False,2.35,inf
gen_04288,2,0,False,-6.929,,False,False,False,2.705,inf
gen_04289,6,0,False,-7.266,,False,False,False,2.256,inf
gen_04290,4,0,False,-7.123,,False,False,False,2.196,inf
gen_04291,8,0,False,-6.313,,False,False,False,2.641,inf
gen_04292,15,0,False,-6.773,,False,False,False,2.585,inf
gen_04293,2,0,False,-7.032,,False,False,False,2.732,inf
gen_04294,14,0,False,-7.459,,False,False,False,2.398,inf
gen_04295,2,0,False,-7.42,,False,False,False,2.773,inf
gen_04296,13,0,False,-8.308,,False,False,False,2.383,inf
gen_04297,15,0,False,-7.89,,False,False,False,2.401,inf
gen_04298,8,0,False,-7.384,,False,False,False,2.546,inf
gen_04299,10,0,False,-7.62,,False,False,False,2.7,inf
gen_04300,2,0,False,-8.121,,False,False,False,2.681,inf
gen_04301,3,0,False,-6.771,,False,False,False,2.406,inf
gen_04302,9,0,False,-7.395,,False,False,False,2.24,inf
gen_04303,12,0,False,-6.135,,False,False,False,2.671,inf
gen_04304,4,0,False,-8.092,,False,False,False,2.671,6.672
gen_04305,2,0,False,-7.606,,False,False,False,2.391,inf
gen_04306,3,0,False,-7.221,,False,False,False,2.684,inf
gen_04307,5,0,False,-7.242,,False,False,False,3.155,2.944
gen_04308,1,0,False,-8.236,,False,False,False,2.727,inf
gen_04309,5,0,False,-7.691,,False,False,False,2.724,inf
gen_04310,1,0,False,-145.954,,False,False,False,17.394,inf
gen_04311,4,0,False,-8.171,,False,False,False,2.2,inf
gen_04312,6,0,False,-6.785,,False,False,False,2.756,inf
gen_04313,4,0,False,-7.657,,False,False,False,15.216,4.625
gen_04314,5,0,False,-8.26,,False,False,False,2.755,inf
gen_04315,6,0,False,-8.486,,False,False,False,2.389,inf
gen_04316,10,0,False,-7.971,,False,False,False,5.683,5.608
gen_04317,4,0,False,-8.947,,False,False,False,2.396,4.438
gen_04318,9,3,True,-7.077,-7.042,True,True,True,2.678,3.135
gen_04319,2,0,False,-8.205,,False,False,False,2.789,4.066
gen_04320,13,0,False,-6.65,,False,False,False,2.476,inf
gen_04321,5,0,False,-7.662,,False,False,False,2.328,inf
gen_04322,2,0,False,-8.508,,False,False,False,8.843,inf
gen_04323,8,0,False,-6.646,,False,False,False,2.588,inf
gen_04324,1,0,False,-8.015,,False,False,False,2.605,5.237
gen_04325,3,0,False,-7.653,,False,False,False,3.627,inf
gen_04326,4,0,False,-7.456,,False,False,False,2.685,inf
gen_04327,4,0,False,-8.528,,False,False,False,2.499,inf
gen_04328,4,0,False,-7.055,,False,False,False,2.712,inf
gen_04329,2,0,False,-6.469,,False,False,False,4.141,5.503
gen_04330,8,0,False,-7.756,,False,False,False,2.663,4.209
gen_04331,11,0,False,-7.807,,False,False,False,2.219,4.723
gen_04332,3,0,False,-7.002,,False,False,False,2.542,inf
gen_04333,4,0,False,-7.445,,False,False,False,2.754,inf
gen_04334,9,0,False,-7.54,,False,False,False,2.816,inf
gen_04335,3,0,False,-7.438,,False,False,False,2.74,4.56
gen_04336,3,0,False,-7.654,,False,False,False,2.732,6.016
gen_04337,2,0,False,-7.981,,False,False,False,2.782,inf
gen_04338,7,0,False,-6.785,,False,False,False,2.656,inf
gen_04339,12,0,False,-6.637,,False,False,False,2.273,4.466
gen_04340,6,0,False,-6.588,,False,False,False,2.728,inf
gen_04341,3,0,False,-7.203,,False,False,False,2.689,inf
gen_04342,2,0,False,-7.486,,False,False,False,2.632,inf
gen_04343,5,0,False,-6.638,,False,False,False,2.199,inf
gen_04344,1,0,False,-7.888,,False,False,False,2.776,inf
gen_04345,6,0,False,-7.539,,False,False,False,2.623,inf
gen_04346,1,0,False,-7.094,,False,False,False,2.746,inf
gen_04347,10,0,False,-7.15,,False,False,False,2.516,inf
gen_04348,9,0,False,-7.185,,False,False,False,2.551,inf
gen_04349,13,0,False,-7.404,,False,False,False,2.205,inf
gen_04350,6,0,False,-8.164,,False,False,False,13.753,inf
gen_04351,3,0,False,-7.223,,False,False,False,2.612,5.203
gen_04352,9,0,False,-7.548,,False,False,False,2.291,inf
gen_04353,4,0,False,-6.355,,False,False,False,2.761,inf
gen_04354,4,0,False,-8.029,,False,False,False,2.775,4.684
gen_04355,11,0,False,-7.187,,False,False,False,2.75,inf
gen_04356,11,0,False,-6.803,,False,False,False,2.341,4.964
gen_04357,12,0,False,-6.448,,False,False,False,2.562,inf
gen_04358,5,0,False,-7.235,,False,False,False,2.248,inf
gen_04359,9,0,False,-7.453,,False,False,False,2.465,inf
gen_04360,4,0,False,-6.925,,False,False,False,8.492,2.793
gen_04361,7,0,False,-6.922,,False,False,False,13.514,inf
gen_04362,16,0,False,-7.793,,False,False,False,2.499,inf
gen_04363,6,0,False,-7.009,,False,False,False,2.679,inf
gen_04364,15,0,False,-6.776,,False,False,False,2.647,inf
gen_04365,10,0,False,-6.733,,False,False,False,2.504,inf
gen_04366,5,0,False,-8.072,,False,False,False,6.593,inf
gen_04367,5,0,False,-8.019,,False,False,False,2.717,4.077
gen_04368,9,0,False,-7.949,,False,False,False,2.763,inf
gen_04369,4,0,False,-8.239,,False,False,False,3.17,inf
gen_04370,9,0,False,-6.856,,False,False,False,2.552,inf
gen_04371,3,0,False,-6.044,,False,False,False,2.472,inf
gen_04372,11,0,False,-7.556,,False,False,False,2.249,inf
gen_04373,10,0,False,-6.502,,False,False,False,2.634,inf
gen_04374,2,0,False,-7.914,,False,False,False,2.329,inf
gen_04375,9,0,False,-7.284,,False,False,False,2.63,inf
gen_04376,9,0,False,-7.339,,False,False,False,2.71,inf
gen_04377,6,0,False,-7.774,,False,False,False,2.192,inf
gen_04378,7,0,False,-7.504,,False,False,False,2.769,inf
gen_04379,3,0,False,-6.117,,False,False,False,2.473,inf
gen_04380,9,0,False,-7.268,,False,False,False,2.322,3.721
gen_04381,3,0,False,-7.041,,False,False,False,2.661,inf
gen_04382,9,0,False,-6.923,,False,False,False,2.646,inf
gen_04383,2,0,False,-7.536,,False,False,False,2.748,inf
gen_04384,1,0,False,-6.265,,False,False,False,2.589,inf
gen_04385,3,0,False,-7.713,,False,False,False,2.201,inf
gen_04386,11,0,False,-8.34,,False,False,False,2.488,4.099
gen_04387,5,0,False,-8.457,,False,False,False,2.205,8.246
gen_04388,6,0,False,-7.01,,False,False,False,14.644,inf
gen_04389,11,0,False,-6.396,,False,False,False,2.735,inf
gen_04390,7,0,False,-7.059,,False,False,False,2.649,inf
gen_04391,4,1,True,-7.044,-6.955,True,True,False,2.192,3.14
gen_04392,1,0,False,-7.555,,False,False,False,2.815,inf
gen_04393,13,0,False,-7.408,,False,False,False,2.607,inf
gen_04394,1,0,False,-7.204,,False,False,False,2.689,inf
gen_04395,3,0,False,-7.864,,False,False,False,2.326,inf
gen_04396,3,0,False,-8.786,,False,False,False,2.631,inf
gen_04397,11,0,False,-7.71,,False,False,False,2.676,inf
gen_04398,10,0,False,-7.378,,False,False,False,2.25,inf
gen_04399,14,0,False,-6.705,,False,False,False,2.499,inf
gen_04400,6,0,False,-7.953,,False,False,False,2.577,inf
gen_04401,3,0,False,-8.338,,False,False,False,2.765,inf
gen_04402,7,7,True,-8.425,-8.425,True,True,True,2.422,3.108
gen_04403,1,0,False,-7.494,,False,False,False,2.782,inf
gen_04404,2,0,False,-7.521,,False,False,False,2.779,inf
gen_04405,6,0,False,-7.592,,False,False,False,2.689,inf
gen_04406,8,0,False,-8.37,,False,False,False,2.746,inf
gen_04407,4,0,False,-7.03,,False,False,False,2.385,inf
gen_04408,3,0,False,-7.29,,False,False,False,2.704,4.87
gen_04409,3,0,False,-7.13,,False,False,False,2.738,inf
gen_04410,13,0,False,-7.69,,False,False,False,2.661,inf
gen_04411,3,0,False,-7.51,,False,False,False,2.852,inf
gen_04412,10,0,False,-7.597,,False,False,False,2.469,inf
gen_04413,14,4,True,-6.911,-6.819,True,True,True,2.538,2.798
gen_04414,11,0,False,-8.151,,False,False,False,3.423,inf
gen_04415,9,0,False,-8.546,,False,False,False,2.469,inf
gen_04416,2,0,False,-8.033,,False,False,False,2.77,inf
gen_04417,2,0,False,-7.298,,False,False,False,2.804,inf
gen_04418,4,0,False,-6.318,,False,False,False,2.427,inf
gen_04419,10,0,False,-7.779,,False,False,False,2.231,inf
gen_04420,9,0,False,-8.057,,False,False,False,2.584,inf
gen_04421,8,0,False,-6.631,,False,False,False,2.67,inf
gen_04422,12,0,False,-8.056,,False,False,False,2.684,inf
gen_04423,1,0,False,-7.053,,False,False,False,2.801,inf
gen_04424,8,0,False,-7.007,,False,False,False,2.459,inf
gen_04425,13,0,False,-7.036,,False,False,False,2.25,inf
gen_04426,4,0,False,-7.901,,False,False,False,2.687,inf
gen_04427,3,0,False,-7.202,,False,False,False,2.679,inf
gen_04428,2,0,False,-7.408,,False,False,False,2.339,inf
gen_04429,4,0,False,-7.727,,False,False,False,2.494,inf
gen_04430,4,0,False,-8.369,,False,False,False,2.326,inf
gen_04431,15,0,False,-6.188,,False,False,False,2.221,inf
gen_04432,10,0,False,-7.884,,False,False,False,2.626,inf
gen_04433,7,0,False,-7.286,,False,False,False,2.625,inf
gen_04434,1,0,False,-9.192,,False,False,False,2.794,inf
gen_04435,6,0,False,-6.882,,False,False,False,2.698,inf
gen_04436,2,0,False,-7.081,,False,False,False,2.745,5.942
gen_04437,9,0,False,-7.586,,False,False,False,2.533,inf
gen_04438,8,0,False,-7.523,,False,False,False,2.679,inf
gen_04439,12,0,False,-7.448,,False,False,False,2.198,inf
gen_04440,2,0,False,-8.039,,False,False,False,2.721,inf
gen_04441,3,0,False,-7.882,,False,False,False,14.871,inf
gen_04442,2,0,False,-7.174,,False,False,False,2.703,inf
gen_04443,3,0,False,-7.323,,False,False,False,2.456,4.825
gen_04444,3,0,False,-7.786,,False,False,False,2.561,3.616
gen_04445,11,0,False,-7.953,,False,False,False,2.185,3.842
gen_04446,6,0,False,-7.32,,False,False,False,2.618,6.87
gen_04447,3,0,False,-7.092,,False,False,False,2.738,inf
gen_04448,12,0,False,-7.096,,False,False,False,2.58,inf
gen_04449,11,0,False,-6.776,,False,False,False,4.743,inf
gen_04450,7,0,False,-6.042,,False,False,False,2.728,inf
gen_04451,2,0,False,-6.786,,False,False,False,2.556,inf
gen_04452,8,0,False,-7.927,,False,False,False,2.165,inf
gen_04453,4,0,False,-7.166,,False,False,False,2.643,inf
gen_04454,14,0,False,-7.778,,False,False,False,2.678,inf
gen_04455,5,0,False,-7.309,,False,False,False,2.624,inf
gen_04456,7,0,False,-6.628,,False,False,False,3.11,inf
gen_04457,6,0,False,-8.168,,False,False,False,2.214,inf
gen_04458,3,0,False,-7.287,,False,False,False,2.659,5.681
gen_04459,2,0,False,-7.694,,False,False,False,2.724,inf
gen_04460,5,0,False,-7.462,,False,False,False,2.599,5.838
gen_04461,11,0,False,-7.251,,False,False,False,2.261,inf
gen_04462,4,0,False,-7.457,,False,False,False,2.205,6.913
gen_04463,11,0,False,-7.939,,False,False,False,2.691,inf
gen_04464,4,0,False,-7.715,,False,False,False,2.664,5.647
gen_04465,7,0,False,-7.364,,False,False,False,2.646,inf
gen_04466,4,0,False,-7.914,,False,False,False,2.612,inf
gen_04467,6,0,False,-7.542,,False,False,False,2.765,inf
gen_04468,11,0,False,-8.128,,False,False,False,2.453,3.698
gen_04469,12,0,False,-8.956,,False,False,False,2.244,inf
gen_04470,9,1,True,-7.459,-7.459,True,True,False,2.572,2.92
gen_04471,2,0,False,-7.592,,False,False,False,2.788,6.33
gen_04472,2,0,False,-79.017,,False,False,False,9.961,inf
gen_04473,12,0,False,-8.038,,False,False,False,2.666,inf
gen_04474,5,0,False,-7.411,,False,False,False,2.748,inf
gen_04475,9,0,False,-8.026,,False,False,False,2.603,inf
gen_04476,2,0,False,-6.946,,False,False,False,2.47,inf
gen_04477,1,0,False,-8.297,,False,False,False,3.333,inf
gen_04478,5,0,False,-7.346,,False,False,False,2.432,inf
gen_04479,5,0,False,-6.566,,False,False,False,2.6,inf
gen_04480,5,0,False,-7.666,,False,False,False,2.589,inf
gen_04481,7,0,False,-6.123,,False,False,False,2.205,4.536
gen_04482,2,0,False,-7.498,,False,False,False,14.563,8.042
gen_04483,14,0,False,-7.88,,False,False,False,2.655,inf
gen_04484,15,0,False,-7.536,,False,False,False,2.498,5.682
gen_04485,10,0,False,-8.069,,False,False,False,2.401,inf
gen_04486,11,0,False,-7.764,,False,False,False,2.202,inf
gen_04487,13,0,False,-7.325,,False,False,False,2.762,inf
gen_04488,12,0,False,-7.468,,False,False,False,2.679,inf
gen_04489,12,0,False,-8.442,,False,False,False,3.125,3.84
gen_04490,13,0,False,-7.672,,False,False,False,2.622,inf
gen_04491,4,0,False,-7.476,,False,False,False,2.557,inf
gen_04492,12,0,False,-8.281,,False,False,False,2.2,inf
gen_04493,2,0,False,-7.929,,False,False,False,2.717,inf
gen_04494,12,1,True,-7.94,-7.481,True,True,True,2.39,3.373
gen_04495,14,0,False,-7.402,,False,False,False,3.343,inf
gen_04496,10,0,False,-8.369,,False,False,False,2.713,3.767
gen_04497,2,0,False,-7.711,,False,False,False,2.826,inf
gen_04498,4,0,False,-7.294,,False,False,False,2.571,4.821
gen_04499,3,0,False,-6.959,,False,False,False,2.656,inf
gen_04500,3,0,False,-8.57,,False,False,False,2.218,inf
gen_04501,7,0,False,-7.949,,False,False,False,2.356,inf
gen_04502,6,0,False,-7.92,,False,False,False,15.067,inf
gen_04503,6,0,False,-6.442,,False,False,False,2.538,inf
gen_04504,11,0,False,-7.513,,False,False,False,2.622,4.485
gen_04505,10,0,False,-7.556,,False,False,False,2.497,5.262
gen_04506,8,0,False,-7.573,,False,False,False,2.295,3.67
gen_04507,5,0,False,-6.189,,False,False,False,2.755,inf
gen_04508,4,0,False,-7.449,,False,False,False,2.834,4.543
gen_04509,6,0,False,-7.305,,False,False,False,2.417,inf
gen_04510,4,0,False,-7.255,,False,False,False,2.766,inf
gen_04511,3,0,False,-7.18,,False,False,False,2.732,inf
gen_04512,5,0,False,-7.049,,False,False,False,2.617,5.884
gen_04513,14,0,False,-7.513,,False,False,False,8.107,4.662
gen_04514,5,0,False,-7.315,,False,False,False,2.195,inf
gen_04515,5,0,False,-7.637,,False,False,False,2.757,inf
gen_04516,13,0,False,-7.347,,False,False,False,2.685,3.385
gen_04517,2,0,False,-8.495,,False,False,False,2.455,inf
gen_04518,6,0,False,-7.408,,False,False,False,2.798,inf
gen_04519,7,0,False,-7.344,,False,False,False,2.729,inf
gen_04520,10,0,False,-7.714,,False,False,False,2.768,inf
gen_04521,9,0,False,-7.996,,False,False,False,2.595,inf
gen_04522,9,0,False,-7.269,,False,False,False,2.752,inf
gen_04523,10,0,False,-8.245,,False,False,False,2.65,inf
gen_04524,7,0,False,-6.642,,False,False,False,2.766,inf
gen_04525,13,0,False,-7.767,,False,False,False,2.392,inf
gen_04526,14,0,False,-6.699,,False,False,False,2.688,inf
gen_04527,3,0,False,-7.584,,False,False,False,9.923,inf
gen_04528,11,0,False,-7.444,,False,False,False,2.727,inf
gen_04529,6,0,False,-7.472,,False,False,False,3.183,inf
gen_04530,5,0,False,-7.282,,False,False,False,2.748,inf
gen_04531,6,0,False,-8.454,,False,False,False,2.29,inf
gen_04532,5,0,False,-7.116,,False,False,False,2.432,4.16
gen_04533,2,0,False,-7.586,,False,False,False,2.736,inf
gen_04534,6,0,False,-6.873,,False,False,False,2.564,inf
gen_04535,5,0,False,-8.036,,False,False,False,2.759,7.368
gen_04536,4,0,False,-8.708,,False,False,False,2.626,inf
gen_04537,3,0,False,-8.279,,False,False,False,2.789,inf
gen_04538,8,0,False,-8.548,,False,False,False,2.416,inf
gen_04539,14,0,False,-7.554,,False,False,False,2.447,4.031
gen_04540,3,0,False,-7.91,,False,False,False,2.368,inf
gen_04541,1,0,False,-67.572,,False,False,False,3.712,inf
gen_04542,2,0,False,-6.819,,False,False,False,3.055,inf
gen_04543,10,0,False,-7.224,,False,False,False,2.524,inf
gen_04544,9,0,False,-7.114,,False,False,False,2.521,inf
gen_04545,7,0,False,-7.356,,False,False,False,3.13,inf
gen_04546,4,0,False,-7.439,,False,False,False,3.473,3.137
gen_04547,16,0,False,-8.223,,False,False,False,2.342,inf
gen_04548,11,0,False,-8.23,,False,False,False,2.82,inf
gen_04549,14,0,False,-7.789,,False,False,False,2.2,inf
gen_04550,7,0,False,-6.126,,False,False,False,2.685,inf
gen_04551,7,0,False,-7.203,,False,False,False,2.731,inf
gen_04552,6,0,False,-6.952,,False,False,False,2.597,inf
gen_04553,10,0,False,-7.975,,False,False,False,2.607,inf
gen_04554,9,0,False,-7.748,,False,False,False,2.646,inf
gen_04555,4,0,False,-6.799,,False,False,False,2.79,inf
gen_04556,2,0,False,-8.12,,False,False,False,2.691,5.212
gen_04557,6,0,False,-7.555,,False,False,False,2.201,inf
gen_04558,7,0,False,-7.064,,False,False,False,2.565,inf
gen_04559,7,0,False,-7.314,,False,False,False,2.313,inf
gen_04560,7,0,False,-7.074,,False,False,False,2.752,inf
gen_04561,15,0,False,-7.575,,False,False,False,2.283,inf
gen_04562,1,0,False,-7.772,,False,False,False,9.359,5.394
gen_04563,2,0,False,-7.299,,False,False,False,3.091,inf
gen_04564,1,1,True,-6.362,-6.362,False,True,True,2.759,2.997
gen_04565,4,0,False,-7.715,,False,False,False,2.784,inf
gen_04566,4,0,False,-7.091,,False,False,False,2.519,inf
gen_04567,4,0,False,-8.368,,False,False,False,2.803,inf
gen_04568,1,0,False,-7.964,,False,False,False,2.781,inf
gen_04569,6,0,False,-7.461,,False,False,False,2.726,inf
gen_04570,8,0,False,-6.953,,False,False,False,9.338,inf
gen_04571,5,0,False,-7.966,,False,False,False,2.668,inf
gen_04572,10,0,False,-7.252,,False,False,False,2.442,inf
gen_04573,1,0,False,-76.055,,False,False,False,11.926,inf
gen_04574,3,0,False,-6.278,,False,False,False,8.284,5.633
gen_04575,8,0,False,-7.453,,False,False,False,2.38,inf
gen_04576,1,0,False,-7.35,,False,False,False,2.718,inf
gen_04577,9,0,False,-7.598,,False,False,False,2.614,5.595
gen_04578,12,0,False,-7.655,,False,False,False,2.383,inf
gen_04579,9,0,False,-8.448,,False,False,False,2.538,inf
gen_04580,7,0,False,-7.615,,False,False,False,2.692,inf
gen_04581,15,4,True,-7.266,-7.115,True,True,True,2.568,3.005
gen_04582,1,0,False,-7.398,,False,False,False,2.796,6.505
gen_04583,2,0,False,-6.492,,False,False,False,2.791,4.995
gen_04584,11,0,False,-7.496,,False,False,False,2.621,inf
gen_04585,7,0,False,-6.865,,False,False,False,2.203,inf
gen_04586,4,0,False,-7.661,,False,False,False,2.761,inf
gen_04587,7,0,False,-8.513,,False,False,False,2.447,inf
gen_04588,7,0,False,-7.423,,False,False,False,2.312,inf
gen_04589,4,0,False,-7.427,,False,False,False,2.698,8.436
gen_04590,2,0,False,-8.004,,False,False,False,2.785,inf
gen_04591,3,0,False,-6.456,,False,False,False,2.678,inf
gen_04592,9,0,False,-7.477,,False,False,False,2.202,inf
gen_04593,12,0,False,-7.325,,False,False,False,2.758,3.971
gen_04594,13,0,False,-6.855,,False,False,False,2.597,inf
gen_04595,1,0,False,-7.147,,False,False,False,8.707,3.957
gen_04596,5,0,False,-8.85,,False,False,False,2.462,inf
gen_04597,11,0,False,-7.615,,False,False,False,2.598,inf
gen_04598,9,0,False,-8.386,,False,False,False,2.425,inf
gen_04599,8,0,False,-7.723,,False,False,False,2.739,inf
gen_04600,2,0,False,-7.392,,False,False,False,2.785,inf
gen_04601,1,1,True,-7.158,-7.158,True,True,False,2.39,2.97
gen_04602,6,0,False,-6.922,,False,False,False,2.69,5.693
gen_04603,2,0,False,-7.89,,False,False,False,2.739,inf
gen_04604,7,7,True,-7.846,-7.846,True,True,True,2.633,2.807
gen_04605,4,3,True,-7.936,-7.84,True,True,True,2.553,3.021
gen_04606,3,0,False,-6.902,,False,False,False,2.716,inf
gen_04607,3,0,False,-8.654,,False,False,False,2.21,inf
gen_04608,2,0,False,-7.769,,False,False,False,6.437,inf
gen_04609,3,0,False,-8.214,,False,False,False,12.111,8.742
gen_04610,7,0,False,-6.284,,False,False,False,2.343,inf
gen_04611,5,0,False,-7.823,,False,False,False,2.23,4.391
gen_04612,8,0,False,-7.975,,False,False,False,2.78,inf
gen_04613,15,4,True,-8.399,-7.955,True,True,True,2.191,2.861
gen_04614,6,0,False,-7.47,,False,False,False,2.395,inf
gen_04615,4,0,False,-6.775,,False,False,False,2.576,inf
gen_04616,9,2,True,-7.72,-7.711,True,False,True,3.01,3.416
gen_04617,4,0,False,-6.998,,False,False,False,2.376,inf
gen_04618,5,0,False,-6.824,,False,False,False,2.651,inf
gen_04619,6,0,False,-7.741,,False,False,False,15.774,3.922
gen_04620,8,0,False,-7.215,,False,False,False,2.658,inf
gen_04621,11,0,False,-5.993,,False,False,False,2.208,inf
gen_04622,6,0,False,-7.201,,False,False,False,2.451,inf
gen_04623,8,0,False,-7.386,,False,False,False,2.668,inf
gen_04624,2,0,False,-6.371,,False,False,False,2.727,inf
gen_04625,13,0,False,-6.182,,False,False,False,2.229,inf
gen_04626,3,0,False,-7.153,,False,False,False,15.08,5.551
gen_04627,6,0,False,-7.564,,False,False,False,2.657,inf
gen_04628,8,0,False,-7.295,,False,False,False,2.726,inf
gen_04629,10,0,False,-6.672,,False,False,False,2.57,inf
gen_04630,5,0,False,-7.343,,False,False,False,2.71,4.44
gen_04631,7,0,False,-8.257,,False,False,False,2.656,inf
gen_04632,7,0,False,-7.609,,False,False,False,2.231,inf
gen_04633,3,0,False,-7.304,,False,False,False,2.657,inf
gen_04634,3,0,False,-7.653,,False,False,False,2.321,inf
gen_04635,12,3,True,-6.988,-6.988,True,True,True,2.517,3.221
gen_04636,1,0,False,-7.39,,False,False,False,2.752,6.622
gen_04637,4,0,False,-7.734,,False,False,False,2.461,inf
gen_04638,8,0,False,-7.727,,False,False,False,2.647,4.656
gen_04639,6,0,False,-8.904,,False,False,False,2.387,inf
gen_04640,6,0,False,-7.265,,False,False,False,2.654,5.189
gen_04641,5,0,False,-7.389,,False,False,False,3.688,inf
gen_04642,3,0,False,-6.578,,False,False,False,2.707,inf
gen_04643,1,0,False,-7.129,,False,False,False,2.723,inf
gen_04644,7,0,False,-7.172,,False,False,False,2.537,4.556
gen_04645,1,0,False,-7.871,,False,False,False,2.818,9.648
gen_04646,2,0,False,-6.603,,False,False,False,2.763,inf
gen_04647,10,0,False,-7.763,,False,False,False,2.175,inf
gen_04648,3,0,False,-6.87,,False,False,False,2.658,inf
gen_04649,5,1,True,-7.71,-7.71,True,False,False,2.653,2.937
gen_04650,5,0,False,-7.242,,False,False,False,2.783,inf
gen_04651,1,0,False,-7.35,,False,False,False,2.662,inf
gen_04652,3,0,False,-8.23,,False,False,False,2.736,inf
gen_04653,3,0,False,-178.439,,False,False,False,9.047,5.176
gen_04654,3,0,False,-7.854,,False,False,False,2.312,inf
gen_04655,2,0,False,-7.481,,False,False,False,2.67,inf
gen_04656,2,0,False,-6.335,,False,False,False,2.424,inf
gen_04657,8,0,False,-6.322,,False,False,False,2.72,inf
gen_04658,4,0,False,-6.632,,False,False,False,2.73,5.366
gen_04659,3,0,False,-7.527,,False,False,False,2.875,inf
gen_04660,13,0,False,-8.662,,False,False,False,2.717,inf
gen_04661,3,0,False,-6.978,,False,False,False,2.792,inf
gen_04662,12,0,False,-7.449,,False,False,False,2.546,inf
gen_04663,7,0,False,-7.175,,False,False,False,2.755,inf
gen_04664,5,0,False,-7.221,,False,False,False,2.703,inf
gen_04665,2,0,False,-7.758,,False,False,False,2.579,inf
gen_04666,5,0,False,-7.094,,False,False,False,2.591,inf
gen_04667,5,0,False,-6.933,,False,False,False,2.859,inf
gen_04668,13,0,False,-7.569,,False,False,False,2.35,inf
gen_04669,4,0,False,-6.892,,False,False,False,6.482,6.444
gen_04670,1,0,False,-7.942,,False,False,False,2.941,inf
gen_04671,4,0,False,-7.44,,False,False,False,2.843,inf
gen_04672,11,0,False,-7.012,,False,False,False,2.685,2.84
gen_04673,7,0,False,-7.677,,False,False,False,2.435,inf
gen_04674,13,0,False,-7.456,,False,False,False,2.411,inf
gen_04675,15,0,False,-6.661,,False,False,False,2.723,inf
gen_04676,12,0,False,-7.371,,False,False,False,2.661,inf
gen_04677,9,0,False,-6.958,,False,False,False,2.558,inf
gen_04678,3,0,False,-8.429,,False,False,False,2.357,inf
gen_04679,12,0,False,-7.755,,False,False,False,2.747,inf
gen_04680,3,0,False,-132.742,,False,False,False,12.564,1.165
gen_04681,5,0,False,-8.78,,False,False,False,13.489,inf
gen_04682,7,0,False,-7.115,,False,False,False,2.562,inf
gen_04683,3,0,False,-74.995,,False,False,False,10.116,inf
gen_04684,10,0,False,-7.445,,False,False,False,2.626,inf
gen_04685,11,0,False,-6.872,,False,False,False,2.595,inf
gen_04686,2,0,False,-7.852,,False,False,False,2.651,inf
gen_04687,3,0,False,-7.61,,False,False,False,4.737,inf
gen_04688,8,0,False,-7.762,,False,False,False,2.702,6.769
gen_04689,4,0,False,-7.606,,False,False,False,2.647,inf
gen_04690,9,0,False,-8.526,,False,False,False,2.588,inf
gen_04691,3,0,False,-7.26,,False,False,False,2.418,inf
gen_04692,7,0,False,-7.665,,False,False,False,2.739,inf
gen_04693,10,0,False,-7.188,,False,False,False,2.367,inf
gen_04694,6,0,False,-8.213,,False,False,False,2.674,inf
gen_04695,4,0,False,-7.699,,False,False,False,5.342,5.633
gen_04696,5,0,False,-7.584,,False,False,False,2.677,inf
gen_04697,13,0,False,-6.567,,False,False,False,2.213,inf
gen_04698,3,0,False,-6.517,,False,False,False,2.754,inf
gen_04699,14,7,True,-7.716,-7.716,True,True,True,2.668,2.706
gen_04700,7,0,False,-7.561,,False,False,False,2.752,5.266
gen_04701,14,0,False,-7.409,,False,False,False,2.606,inf
gen_04702,2,0,False,-7.84,,False,False,False,2.737,inf
gen_04703,5,0,False,-7.3,,False,False,False,2.677,9.674
gen_04704,7,0,False,-7.659,,False,False,False,2.592,inf
gen_04705,2,0,False,-7.376,,False,False,False,2.386,inf
gen_04706,14,0,False,-7.615,,False,False,False,2.652,inf
gen_04707,2,0,False,-6.902,,False,False,False,10.197,8.695
gen_04708,3,0,False,-7.724,,False,False,False,10.013,inf
gen_04709,4,0,False,-7.077,,False,False,False,2.379,inf
gen_04710,7,0,False,-6.433,,False,False,False,2.534,5.088
gen_04711,7,1,True,-7.424,-7.309,True,True,False,2.714,3.26
gen_04712,8,0,False,-7.629,,False,False,False,8.648,inf
gen_04713,1,0,False,-6.861,,False,False,False,2.771,inf
gen_04714,13,7,True,-7.724,-7.724,True,True,True,2.693,2.795
gen_04715,4,0,False,-7.276,,False,False,False,2.716,inf
gen_04716,5,0,False,-6.848,,False,False,False,14.966,inf
gen_04717,2,0,False,-7.666,,False,False,False,2.544,inf
gen_04718,9,0,False,-7.785,,False,False,False,2.502,inf
gen_04719,6,0,False,-7.906,,False,False,False,2.532,inf
gen_04720,13,2,True,-6.655,-6.453,False,True,False,2.334,2.902
gen_04721,15,0,False,-8.199,,False,False,False,2.201,inf
gen_04722,1,0,False,-7.765,,False,False,False,3.039,inf
gen_04723,3,0,False,-8.002,,False,False,False,2.81,inf
gen_04724,11,0,False,-8.071,,False,False,False,5.417,5.956
gen_04725,10,0,False,-8.424,,False,False,False,3.121,2.863
gen_04726,8,0,False,-7.007,,False,False,False,2.628,inf
gen_04727,7,0,False,-8.045,,False,False,False,2.663,inf
gen_04728,8,0,False,-8.045,,False,False,False,2.769,inf
gen_04729,8,0,False,-8.278,,False,False,False,2.602,inf
gen_04730,4,0,False,-7.388,,False,False,False,6.067,inf
gen_04731,10,0,False,-7.826,,False,False,False,2.29,4.149
gen_04732,9,0,False,-7.033,,False,False,False,2.602,inf
gen_04733,4,0,False,-8.784,,False,False,False,2.655,inf
gen_04734,3,0,False,-7.752,,False,False,False,2.708,inf
gen_04735,6,0,False,-8.596,,False,False,False,2.375,inf
gen_04736,10,0,False,-7.593,,False,False,False,2.429,inf
gen_04737,5,0,False,-7.758,,False,False,False,2.721,6.303
gen_04738,2,2,True,-7.043,-7.043,True,True,True,2.675,3.026
gen_04739,3,0,False,-7.392,,False,False,False,2.786,inf
gen_04740,9,0,False,-7.758,,False,False,False,2.31,inf
gen_04741,8,0,False,-7.53,,False,False,False,2.714,inf
gen_04742,2,0,False,-7.856,,False,False,False,2.752,inf
gen_04743,4,0,False,-7.095,,False,False,False,2.659,inf
gen_04744,5,0,False,-7.599,,False,False,False,2.56,inf
gen_04745,5,0,False,-6.827,,False,False,False,2.552,inf
gen_04746,16,0,False,-7.759,,False,False,False,2.373,2.702
gen_04747,6,3,True,-7.086,-7.064,True,True,True,2.673,3.274
gen_04748,1,1,True,-6.693,-6.693,False,True,True,2.719,2.998
gen_04749,10,0,False,-7.352,,False,False,False,2.632,6.702
gen_04750,14,7,True,-6.746,-6.731,False,True,True,2.156,2.805
gen_04751,5,0,False,-7.366,,False,False,False,2.812,inf
gen_04752,5,0,False,-8.021,,False,False,False,2.579,inf
gen_04753,2,0,False,-6.432,,False,False,False,2.673,inf
gen_04754,8,0,False,-7.25,,False,False,False,2.515,inf
gen_04755,14,0,False,-7.926,,False,False,False,2.661,6.55
gen_04756,2,0,False,-6.877,,False,False,False,2.625,inf
gen_04757,4,0,False,-7.125,,False,False,False,2.314,inf
gen_04758,6,1,True,-7.582,-7.543,True,True,False,2.792,2.88
gen_04759,11,0,False,-7.21,,False,False,False,2.571,inf
gen_04760,6,0,False,-7.732,,False,False,False,2.721,inf
gen_04761,7,0,False,-7.595,,False,False,False,2.109,inf
gen_04762,9,0,False,-7.097,,False,False,False,2.635,inf
gen_04763,5,0,False,-7.364,,False,False,False,2.766,inf
gen_04764,10,0,False,-8.339,,False,False,False,3.082,inf
gen_04765,4,0,False,-6.64,,False,False,False,2.54,inf
gen_04766,11,0,False,-7.427,,False,False,False,2.364,inf
gen_04767,9,0,False,-7.55,,False,False,False,2.654,inf
gen_04768,12,0,False,-7.686,,False,False,False,2.377,inf
gen_04769,12,0,False,-8.106,,False,False,False,2.614,inf
gen_04770,3,0,False,-8.02,,False,False,False,2.54,inf
gen_04771,2,2,True,-7.118,-7.118,True,True,True,2.47,2.702
gen_04772,1,0,False,-7.558,,False,False,False,2.78,inf
gen_04773,14,0,False,-7.983,,False,False,False,2.34,inf
gen_04774,8,0,False,-7.292,,False,False,False,2.643,inf
gen_04775,8,0,False,-6.345,,False,False,False,2.201,4.908
gen_04776,10,0,False,-7.904,,False,False,False,2.201,inf
gen_04777,3,0,False,-7.77,,False,False,False,2.477,inf
gen_04778,4,0,False,-6.323,,False,False,False,2.767,inf
gen_04779,4,0,False,-6.844,,False,False,False,2.709,inf
gen_04780,3,0,False,-7.602,,False,False,False,15.5,inf
gen_04781,7,0,False,-8.432,,False,False,False,2.233,inf
gen_04782,9,0,False,-6.852,,False,False,False,2.741,3.898
gen_04783,2,0,False,-7.594,,False,False,False,2.747,inf
gen_04784,5,0,False,-7.857,,False,False,False,2.664,inf
gen_04785,13,0,False,-7.298,,False,False,False,2.487,inf
gen_04786,7,0,False,-7.738,,False,False,False,2.752,inf
gen_04787,7,0,False,-7.887,,False,False,False,2.621,inf
gen_04788,8,5,True,-8.45,-8.45,True,True,True,2.727,2.908
gen_04789,3,0,False,-8.049,,False,False,False,2.645,inf
gen_04790,5,0,False,-8.625,,False,False,False,2.883,5.846
gen_04791,11,0,False,-7.356,,False,False,False,2.76,3.809
gen_04792,9,0,False,-7.352,,False,False,False,2.637,inf
gen_04793,5,0,False,-8.254,,False,False,False,2.426,inf
gen_04794,6,0,False,-7.686,,False,False,False,2.397,inf
gen_04795,3,0,False,-7.174,,False,False,False,2.789,inf
gen_04796,5,0,False,-7.996,,False,False,False,2.572,inf
gen_04797,2,0,False,-6.802,,False,False,False,2.707,inf
gen_04798,4,0,False,-8.352,,False,False,False,4.62,5.906
gen_04799,3,0,False,-7.118,,False,False,False,2.696,inf
gen_04800,3,0,False,-7.474,,False,False,False,2.748,inf
gen_04801,4,0,False,-7.94,,False,False,False,2.641,inf
gen_04802,5,1,True,-7.683,-7.55,True,True,True,2.699,3.197
gen_04803,6,0,False,-7.099,,False,False,False,2.406,inf
gen_04804,11,0,False,-7.281,,False,False,False,2.661,inf
gen_04805,3,0,False,-7.522,,False,False,False,2.776,inf
gen_04806,4,0,False,-6.955,,False,False,False,2.704,inf
gen_04807,10,2,True,-7.646,-7.646,True,True,False,2.201,3.157
gen_04808,5,0,False,-8.485,,False,False,False,2.563,inf
gen_04809,1,0,False,-8.098,,False,False,False,3.054,inf
gen_04810,6,6,True,-8.006,-8.006,True,True,True,2.722,3.062
gen_04811,9,0,False,-7.568,,False,False,False,2.429,inf
gen_04812,5,0,False,-7.393,,False,False,False,2.698,inf
gen_04813,9,0,False,-7.492,,False,False,False,2.458,5.478
gen_04814,4,0,False,-6.947,,False,False,False,2.351,inf
gen_04815,7,0,False,-8.085,,False,False,False,2.184,4.217
gen_04816,2,0,False,-106.149,,False,False,False,9.4,inf
gen_04817,4,0,False,-7.132,,False,False,False,2.197,inf
gen_04818,1,0,False,-6.603,,False,False,False,2.33,inf
gen_04819,12,0,False,-8.409,,False,False,False,2.606,inf
gen_04820,8,0,False,-7.958,,False,False,False,2.749,inf
gen_04821,2,0,False,-6.507,,False,False,False,2.62,inf
gen_04822,2,0,False,-7.609,,False,False,False,2.674,inf
gen_04823,2,0,False,-8.122,,False,False,False,2.456,inf
gen_04824,14,0,False,-7.373,,False,False,False,2.465,inf
gen_04825,2,0,False,-6.972,,False,False,False,2.7,inf
gen_04826,15,0,False,-7.144,,False,False,False,2.723,inf
gen_04827,7,0,False,-8.21,,False,False,False,2.187,inf
gen_04828,3,0,False,-7.554,,False,False,False,2.547,inf
gen_04829,7,0,False,-7.322,,False,False,False,2.768,inf
gen_04830,13,0,False,-7.471,,False,False,False,2.803,4.14
gen_04831,2,0,False,-7.61,,False,False,False,2.407,inf
gen_04832,10,0,False,-7.763,,False,False,False,2.564,inf
gen_04833,7,1,True,-8.312,-8.312,True,True,True,2.364,3.069
gen_04834,3,0,False,-7.059,,False,False,False,2.186,inf
gen_04835,10,0,False,-7.689,,False,False,False,2.704,5.706
gen_04836,2,0,False,-6.982,,False,False,False,2.532,inf
gen_04837,12,0,False,-7.502,,False,False,False,2.636,3.797
gen_04838,15,4,True,-7.436,-7.401,True,True,True,2.69,2.849
gen_04839,14,1,True,-7.748,-7.484,True,False,False,2.388,3.053
gen_04840,12,0,False,-7.362,,False,False,False,2.589,inf
gen_04841,6,0,False,-7.603,,False,False,False,2.768,inf
gen_04842,7,0,False,-8.401,,False,False,False,2.301,inf
gen_04843,10,0,False,-9.144,,False,False,False,2.359,inf
gen_04844,6,0,False,-7.769,,False,False,False,2.239,inf
gen_04845,4,0,False,-7.461,,False,False,False,4.134,2.961
gen_04846,13,0,False,-8.204,,False,False,False,2.666,inf
gen_04847,1,0,False,-5.558,,False,False,False,2.776,inf
gen_04848,13,0,False,-6.609,,False,False,False,2.633,inf
gen_04849,2,2,True,-7.626,-7.626,True,True,False,2.806,2.603
gen_04850,2,0,False,-8.247,,False,False,False,2.678,inf
gen_04851,9,0,False,-5.848,,False,False,False,2.646,inf
gen_04852,5,0,False,-8.214,,False,False,False,2.687,inf
gen_04853,14,0,False,-7.422,,False,False,False,2.271,inf
gen_04854,15,0,False,-8.433,,False,False,False,2.599,4.207
gen_04855,10,0,False,-8.258,,False,False,False,2.3,inf
gen_04856,2,0,False,-6.45,,False,False,False,2.72,inf
gen_04857,1,0,False,-7.353,,False,False,False,2.528,inf
gen_04858,9,9,True,-8.201,-8.201,True,True,True,2.735,2.776
gen_04859,14,0,False,-7.743,,False,False,False,2.573,inf
gen_04860,5,0,False,-8.143,,False,False,False,2.738,inf
gen_04861,5,0,False,-7.359,,False,False,False,2.511,inf
gen_04862,15,0,False,-6.481,,False,False,False,2.486,inf
gen_04863,9,0,False,-7.255,,False,False,False,2.568,inf
gen_04864,5,0,False,-7.816,,False,False,False,2.425,inf
gen_04865,6,0,False,-7.435,,False,False,False,2.687,3.718
gen_04866,12,0,False,-7.603,,False,False,False,2.68,inf
gen_04867,2,0,False,-7.932,,False,False,False,2.699,inf
gen_04868,4,0,False,-7.078,,False,False,False,2.644,inf
gen_04869,4,0,False,-8.53,,False,False,False,2.694,inf
gen_04870,13,0,False,-7.753,,False,False,False,3.399,4.638
gen_04871,7,0,False,-6.972,,False,False,False,2.202,inf
gen_04872,4,0,False,-7.727,,False,False,False,2.246,inf
gen_04873,1,0,False,-7.761,,False,False,False,2.934,7.006
gen_04874,7,0,False,-7.974,,False,False,False,14.66,inf
gen_04875,6,0,False,-7.375,,False,False,False,2.744,5.774
gen_04876,13,0,False,-7.505,,False,False,False,2.707,4.141
gen_04877,14,0,False,-7.473,,False,False,False,2.251,inf
gen_04878,12,0,False,-8.313,,False,False,False,2.209,inf
gen_04879,11,0,False,-7.272,,False,False,False,2.472,inf
gen_04880,9,0,False,-7.489,,False,False,False,2.775,inf
gen_04881,6,0,False,-6.785,,False,False,False,2.799,inf
gen_04882,3,0,False,-7.897,,False,False,False,3.926,inf
gen_04883,3,0,False,-7.024,,False,False,False,9.411,inf
gen_04884,8,0,False,-8.315,,False,False,False,2.456,inf
gen_04885,11,0,False,-7.892,,False,False,False,2.635,inf
gen_04886,5,0,False,-7.835,,False,False,False,15.528,4.274
gen_04887,3,0,False,-8.337,,False,False,False,2.847,inf
gen_04888,15,0,False,-7.067,,False,False,False,2.686,inf
gen_04889,2,0,False,-6.697,,False,False,False,2.534,inf
gen_04890,7,0,False,-8.099,,False,False,False,2.34,6.173
gen_04891,9,3,True,-8.45,-8.45,True,True,True,2.272,3.221
gen_04892,13,0,False,-7.343,,False,False,False,2.334,inf
gen_04893,12,0,False,-7.615,,False,False,False,2.202,inf
gen_04894,8,0,False,-7.569,,False,False,False,2.744,inf
gen_04895,12,0,False,-7.466,,False,False,False,2.647,inf
gen_04896,11,0,False,-6.896,,False,False,False,2.548,inf
gen_04897,4,0,False,-7.531,,False,False,False,9.228,10.246
gen_04898,12,0,False,-7.042,,False,False,False,2.736,inf
gen_04899,4,0,False,-7.225,,False,False,False,2.251,inf
gen_04900,11,0,False,-8.514,,False,False,False,2.391,inf
gen_04901,10,6,True,-7.919,-7.919,True,True,False,2.753,2.703
gen_04902,2,0,False,-7.554,,False,False,False,2.758,inf
gen_04903,8,0,False,-6.591,,False,False,False,2.618,inf
gen_04904,4,0,False,-7.079,,False,False,False,9.247,5.987
gen_04905,13,0,False,-7.387,,False,False,False,2.643,inf
gen_04906,9,0,False,-6.783,,False,False,False,2.814,3.939
gen_04907,10,0,False,-7.766,,False,False,False,2.68,inf
gen_04908,4,0,False,-7.533,,False,False,False,2.756,inf
gen_04909,8,0,False,-8.376,,False,False,False,2.709,inf
gen_04910,2,0,False,-8.154,,False,False,False,2.812,2.865
gen_04911,4,0,False,-6.981,,False,False,False,2.507,inf
gen_04912,12,0,False,-7.62,,False,False,False,2.715,inf
gen_04913,12,0,False,-7.571,,False,False,False,2.416,inf
gen_04914,2,0,False,-6.785,,False,False,False,2.697,inf
gen_04915,10,0,False,-7.49,,False,False,False,2.3,6.11
gen_04916,3,0,False,-8.14,,False,False,False,3.385,inf
gen_04917,9,0,False,-7.313,,False,False,False,2.542,inf
gen_04918,7,0,False,-8.009,,False,False,False,2.191,inf
gen_04919,7,0,False,-8.083,,False,False,False,2.471,inf
gen_04920,5,0,False,-7.659,,False,False,False,2.772,inf
gen_04921,11,0,False,-7.473,,False,False,False,2.731,3.979
gen_04922,4,0,False,-6.565,,False,False,False,2.74,inf
gen_04923,7,0,False,-6.346,,False,False,False,2.751,inf
gen_04924,4,0,False,-7.758,,False,False,False,2.673,inf
gen_04925,2,0,False,-7.268,,False,False,False,2.466,inf
gen_04926,5,0,False,-8.101,,False,False,False,2.804,4.014
gen_04927,12,0,False,-7.991,,False,False,False,2.559,inf
gen_04928,3,0,False,-8.529,,False,False,False,3.552,inf
gen_04929,11,0,False,-8.606,,False,False,False,2.361,inf
gen_04930,6,0,False,-7.773,,False,False,False,12.634,inf
gen_04931,5,0,False,-8.274,,False,False,False,2.497,inf
gen_04932,1,0,False,-85.291,,False,False,False,9.793,inf
gen_04933,12,0,False,-7.66,,False,False,False,2.651,6.725
gen_04934,1,0,False,-7.522,,False,False,False,2.479,inf
gen_04935,3,0,False,-8.978,,False,False,False,2.751,inf
gen_04936,7,0,False,-7.493,,False,False,False,2.728,inf
gen_04937,10,0,False,-9.445,,False,False,False,2.354,5.23
gen_04938,1,0,False,-7.578,,False,False,False,3.15,inf
gen_04939,2,0,False,-7.862,,False,False,False,3.127,inf
gen_04940,11,0,False,-7.821,,False,False,False,2.68,inf
gen_04941,11,0,False,-8.186,,False,False,False,2.705,inf
gen_04942,13,0,False,-7.389,,False,False,False,2.67,inf
gen_04943,11,0,False,-7.914,,False,False,False,2.748,inf
gen_04944,4,0,False,-6.567,,False,False,False,2.707,inf
gen_04945,4,0,False,-7.25,,False,False,False,2.207,inf
gen_04946,13,0,False,-7.09,,False,False,False,2.607,3.228
gen_04947,2,0,False,-7.685,,False,False,False,2.656,inf
gen_04948,4,0,False,-7.594,,False,False,False,5.224,inf
gen_04949,10,0,False,-7.176,,False,False,False,2.399,inf
gen_04950,5,0,False,-7.265,,False,False,False,2.655,inf
gen_04951,5,0,False,-7.957,,False,False,False,9.747,5.339
gen_04952,16,0,False,-7.874,,False,False,False,2.333,inf
gen_04953,13,0,False,-6.608,,False,False,False,2.606,inf
gen_04954,1,0,False,-121.264,,False,False,False,8.156,inf
gen_04955,6,0,False,-6.742,,False,False,False,2.59,inf
gen_04956,6,0,False,-8.664,,False,False,False,2.523,inf
gen_04957,6,0,False,-7.885,,False,False,False,2.362,4.866
gen_04958,12,0,False,-7.707,,False,False,False,2.417,inf
gen_04959,7,0,False,-8.993,,False,False,False,6.813,inf
gen_04960,2,0,False,-8.429,,False,False,False,2.663,inf
gen_04961,2,0,False,-8.169,,False,False,False,2.751,inf
gen_04962,5,0,False,-7.741,,False,False,False,2.738,inf
gen_04963,2,0,False,-107.73,,False,False,False,9.15,7.017
gen_04964,10,0,False,-8.16,,False,False,False,2.667,inf
gen_04965,5,0,False,-7.996,,False,False,False,2.585,inf
gen_04966,4,0,False,-6.875,,False,False,False,5.813,inf
gen_04967,12,0,False,-7.673,,False,False,False,2.253,inf
gen_04968,10,0,False,-7.204,,False,False,False,2.654,6.518
gen_04969,15,3,True,-7.665,-7.366,True,True,True,2.412,2.976
gen_04970,3,0,False,-110.218,,False,False,False,8.119,9.146
gen_04971,9,0,False,-7.924,,False,False,False,2.697,inf
gen_04972,4,0,False,-7.621,,False,False,False,2.711,inf
gen_04973,14,0,False,-8.186,,False,False,False,2.71,inf
gen_04974,1,0,False,-7.884,,False,False,False,2.823,inf
gen_04975,12,1,True,-7.085,-6.853,True,True,True,2.617,3.003
gen_04976,5,0,False,-6.805,,False,False,False,2.751,inf
gen_04977,9,2,True,-5.908,-5.801,False,True,True,2.731,3.256
gen_04978,4,0,False,-7.515,,False,False,False,2.681,4.329
gen_04979,4,3,True,-8.312,-8.312,True,True,False,2.645,2.943
gen_04980,8,0,False,-6.92,,False,False,False,2.67,inf
gen_04981,1,0,False,-6.971,,False,False,False,2.796,inf
gen_04982,2,0,False,-6.92,,False,False,False,2.716,inf
gen_04983,7,0,False,-7.582,,False,False,False,2.571,inf
gen_04984,8,0,False,-7.133,,False,False,False,2.691,inf
gen_04985,10,0,False,-7.469,,False,False,False,2.198,inf
gen_04986,2,0,False,-6.334,,False,False,False,4.341,inf
gen_04987,1,0,False,-50.03,,False,False,False,12.854,inf
gen_04988,2,0,False,-6.882,,False,False,False,2.775,5.918
gen_04989,4,0,False,-8.216,,False,False,False,2.69,inf
gen_04990,6,0,False,-7.809,,False,False,False,2.466,6.261
gen_04991,4,0,False,-8.173,,False,False,False,2.749,inf
gen_04992,10,0,False,-6.331,,False,False,False,2.248,inf
gen_04993,3,0,False,-7.242,,False,False,False,2.307,inf
gen_04994,3,0,False,-7.958,,False,False,False,2.696,9.434
gen_04995,2,0,False,-7.526,,False,False,False,6.106,inf
gen_04996,9,0,False,-8.204,,False,False,False,2.66,inf
gen_04997,3,0,False,-8.273,,False,False,False,2.459,inf
gen_04998,5,0,False,-6.957,,False,False,False,2.426,inf
gen_04999,12,0,False,-7.969,,False,False,False,2.646,4.313
gen_05000,7,0,False,-8.315,,False,False,False,12.923,inf
gen_05001,4,1,True,-8.129,-7.81,True,True,True,2.221,3.199
gen_05002,3,0,False,-8.076,,False,False,False,2.582,inf
gen_05003,7,0,False,-8.045,,False,False,False,3.244,inf
gen_05004,12,0,False,-7.976,,False,False,False,2.602,inf
gen_05005,6,0,False,-7.577,,False,False,False,2.801,4.334
gen_05006,3,0,False,-7.255,,False,False,False,2.981,inf
gen_05007,8,0,False,-7.209,,False,False,False,2.753,inf
gen_05008,4,0,False,-8.143,,False,False,False,2.788,inf
gen_05009,10,0,False,-6.34,,False,False,False,2.659,inf
gen_05010,4,0,False,-7.253,,False,False,False,2.627,inf
gen_05011,5,0,False,-7.436,,False,False,False,2.489,inf
gen_05012,9,0,False,-7.972,,False,False,False,2.44,inf
gen_05013,5,0,False,-7.782,,False,False,False,12.41,inf
gen_05014,6,0,False,-7.199,,False,False,False,5.821,inf
gen_05015,8,0,False,-8.433,,False,False,False,2.531,inf
gen_05016,12,1,True,-6.31,-5.724,False,True,True,2.576,3.491
gen_05017,2,0,False,-7.799,,False,False,False,2.405,inf
gen_05018,4,0,False,-7.92,,False,False,False,2.743,inf
gen_05019,2,0,False,-6.699,,False,False,False,2.848,inf
gen_05020,4,0,False,-7.491,,False,False,False,2.708,3.922
gen_05021,11,0,False,-6.744,,False,False,False,2.709,inf
gen_05022,9,0,False,-7.671,,False,False,False,2.296,inf
gen_05023,13,0,False,-7.197,,False,False,False,2.2,inf
gen_05024,2,0,False,-7.326,,False,False,False,2.827,inf
gen_05025,4,0,False,-6.927,,False,False,False,2.8,inf
gen_05026,8,0,False,-6.59,,False,False,False,2.727,inf
gen_05027,4,0,False,-7.479,,False,False,False,2.769,inf
gen_05028,7,0,False,-8.541,,False,False,False,2.691,inf
gen_05029,3,0,False,-7.373,,False,False,False,2.368,inf
gen_05030,4,0,False,-6.991,,False,False,False,2.771,inf
gen_05031,13,0,False,-7.837,,False,False,False,2.338,inf
gen_05032,5,0,False,-7.818,,False,False,False,2.545,inf
gen_05033,4,0,False,-7.978,,False,False,False,2.635,inf
gen_05034,7,0,False,-6.908,,False,False,False,2.666,inf
gen_05035,12,0,False,-6.807,,False,False,False,2.494,inf
gen_05036,3,0,False,-7.213,,False,False,False,2.981,5.996
gen_05037,8,0,False,-7.89,,False,False,False,2.535,5.503
gen_05038,8,0,False,-7.58,,False,False,False,2.203,inf
gen_05039,6,0,False,-9.184,,False,False,False,3.537,inf
gen_05040,4,0,False,-7.482,,False,False,False,2.665,inf
gen_05041,13,0,False,-7.322,,False,False,False,2.254,4.224
gen_05042,2,2,True,-7.601,-7.601,True,True,True,2.751,2.744
gen_05043,6,0,False,-7.765,,False,False,False,2.635,3.246
gen_05044,1,0,False,-7.696,,False,False,False,3.448,4.016
gen_05045,6,0,False,-7.16,,False,False,False,2.715,4.148
gen_05046,5,0,False,-7.658,,False,False,False,2.767,inf
gen_05047,8,0,False,-6.79,,False,False,False,2.211,inf
gen_05048,8,0,False,-7.372,,False,False,False,2.322,inf
gen_05049,11,0,False,-8.554,,False,False,False,2.203,inf
gen_05050,7,4,True,-8.213,-8.213,True,True,True,2.203,2.898
gen_05051,3,3,True,-8.451,-8.451,True,False,False,3.182,2.942
gen_05052,1,0,False,-7.312,,False,False,False,2.692,inf
gen_05053,5,0,False,-7.665,,False,False,False,2.626,inf
gen_05054,3,3,True,-6.481,-6.481,False,True,True,2.243,2.817
gen_05055,4,0,False,-8.052,,False,False,False,2.87,5.308
gen_05056,2,0,False,-8.584,,False,False,False,2.701,inf
gen_05057,8,0,False,-7.421,,False,False,False,2.197,inf
gen_05058,12,0,False,-8.105,,False,False,False,2.6,inf
gen_05059,10,0,False,-7.686,,False,False,False,2.71,inf
gen_05060,4,0,False,-8.055,,False,False,False,2.694,inf
gen_05061,2,0,False,-6.809,,False,False,False,2.756,inf
gen_05062,5,0,False,-8.596,,False,False,False,2.632,inf
gen_05063,8,0,False,-7.755,,False,False,False,5.09,inf
gen_05064,13,0,False,-7.743,,False,False,False,2.218,inf
gen_05065,8,0,False,-8.01,,False,False,False,2.226,3.988
gen_05066,4,0,False,-7.317,,False,False,False,2.696,inf
gen_05067,4,0,False,-7.631,,False,False,False,2.564,inf
gen_05068,5,0,False,-0.16,,False,False,False,5.332,5.855
gen_05069,6,0,False,-7.977,,False,False,False,2.472,inf
gen_05070,5,0,False,-7.813,,False,False,False,7.291,inf
gen_05071,5,0,False,-7.701,,False,False,False,2.638,inf
gen_05072,4,0,False,-7.713,,False,False,False,2.766,inf
gen_05073,6,0,False,-7.656,,False,False,False,2.739,inf
gen_05074,9,0,False,-7.754,,False,False,False,2.68,3.014
gen_05075,8,0,False,-7.24,,False,False,False,2.376,inf
gen_05076,13,0,False,-7.851,,False,False,False,2.343,inf
gen_05077,6,0,False,-7.55,,False,False,False,2.636,inf
gen_05078,8,0,False,-8.265,,False,False,False,2.281,inf
gen_05079,10,0,False,-6.305,,False,False,False,2.297,inf
gen_05080,5,0,False,-7.239,,False,False,False,14.425,inf
gen_05081,6,0,False,-7.494,,False,False,False,2.714,inf
gen_05082,9,0,False,-7.016,,False,False,False,2.597,inf
gen_05083,7,0,False,-6.919,,False,False,False,15.2,5.223
gen_05084,2,0,False,-7.505,,False,False,False,2.77,inf
gen_05085,13,2,True,-7.308,-6.864,True,True,False,2.481,2.775
gen_05086,2,0,False,-7.769,,False,False,False,2.723,inf
gen_05087,13,0,False,-7.936,,False,False,False,2.303,inf
gen_05088,11,0,False,-7.834,,False,False,False,2.487,inf
gen_05089,1,0,False,-7.112,,False,False,False,5.591,inf
gen_05090,4,0,False,-7.513,,False,False,False,2.766,inf
gen_05091,9,0,False,-8.087,,False,False,False,2.719,inf
gen_05092,4,0,False,-7.485,,False,False,False,2.577,inf
gen_05093,1,0,False,-6.734,,False,False,False,2.788,inf
gen_05094,2,0,False,-7.592,,False,False,False,2.881,inf
gen_05095,6,0,False,-7.213,,False,False,False,2.672,inf
gen_05096,2,0,False,-8.292,,False,False,False,2.741,inf
gen_05097,15,11,True,-5.709,-5.709,False,True,True,2.306,2.793
gen_05098,8,0,False,-6.845,,False,False,False,2.272,4.847
gen_05099,2,0,False,-7.695,,False,False,False,2.582,inf
gen_05100,3,0,False,-7.899,,False,False,False,2.721,6.01
gen_05101,1,0,False,-6.972,,False,False,False,3.601,inf
gen_05102,4,0,False,-8.101,,False,False,False,2.619,inf
gen_05103,7,0,False,-6.555,,False,False,False,11.201,inf
gen_05104,3,0,False,-8.136,,False,False,False,2.686,inf
gen_05105,8,0,False,-7.305,,False,False,False,2.72,inf
gen_05106,4,0,False,-6.988,,False,False,False,2.436,inf
gen_05107,7,0,False,-7.241,,False,False,False,2.677,inf
gen_05108,7,0,False,-7.725,,False,False,False,3.471,inf
gen_05109,7,0,False,-7.758,,False,False,False,2.616,inf
gen_05110,6,0,False,-7.782,,False,False,False,2.532,inf
gen_05111,1,0,False,-6.778,,False,False,False,2.461,inf
gen_05112,11,0,False,-7.619,,False,False,False,2.563,inf
gen_05113,2,0,False,-7.139,,False,False,False,2.719,inf
gen_05114,8,0,False,-7.892,,False,False,False,2.75,inf
gen_05115,7,0,False,-6.704,,False,False,False,2.777,inf
gen_05116,4,0,False,-7.275,,False,False,False,2.415,inf
gen_05117,6,0,False,-7.069,,False,False,False,2.642,4.189
gen_05118,2,0,False,-7.566,,False,False,False,8.946,inf
gen_05119,8,0,False,-8.088,,False,False,False,2.65,inf
gen_05120,7,0,False,-7.806,,False,False,False,2.745,inf
gen_05121,4,0,False,-7.484,,False,False,False,2.769,inf
gen_05122,4,0,False,-8.322,,False,False,False,2.772,inf
gen_05123,15,0,False,-7.624,,False,False,False,2.213,inf
gen_05124,10,0,False,-7.478,,False,False,False,2.456,inf
gen_05125,9,0,False,-7.117,,False,False,False,2.467,inf
gen_05126,5,0,False,-7.87,,False,False,False,2.572,inf
gen_05127,2,0,False,-7.701,,False,False,False,2.829,inf
gen_05128,6,0,False,-6.943,,False,False,False,2.652,6.064
gen_05129,2,0,False,-7.741,,False,False,False,2.489,inf
gen_05130,2,0,False,-6.948,,False,False,False,2.696,inf
gen_05131,15,0,False,-7.06,,False,False,False,2.687,inf
gen_05132,5,0,False,-7.089,,False,False,False,2.352,inf
gen_05133,9,0,False,-7.571,,False,False,False,2.33,inf
gen_05134,3,0,False,-6.699,,False,False,False,4.777,inf
gen_05135,4,0,False,-6.781,,False,False,False,2.679,inf
gen_05136,11,0,False,-8.066,,False,False,False,2.388,inf
gen_05137,2,0,False,-8.001,,False,False,False,2.444,inf
gen_05138,1,0,False,-8.255,,False,False,False,2.773,9.117
gen_05139,2,0,False,-7.998,,False,False,False,2.314,inf
gen_05140,5,0,False,-7.008,,False,False,False,2.629,inf
gen_05141,5,0,False,-8.076,,False,False,False,2.698,inf
gen_05142,13,0,False,-7.652,,False,False,False,2.505,inf
gen_05143,8,0,False,-7.168,,False,False,False,2.511,inf
gen_05144,7,0,False,-7.354,,False,False,False,2.42,5.665
gen_05145,5,0,False,-7.72,,False,False,False,2.661,inf
gen_05146,3,0,False,-7.285,,False,False,False,2.617,inf
gen_05147,4,0,False,-7.478,,False,False,False,2.604,inf
gen_05148,9,0,False,-7.044,,False,False,False,2.2,4.113
gen_05149,11,0,False,-7.006,,False,False,False,2.381,inf
gen_05150,6,5,True,-7.102,-7.102,True,True,True,2.61,3.142
gen_05151,14,0,False,-8.012,,False,False,False,2.599,inf
gen_05152,15,0,False,-6.379,,False,False,False,10.101,inf
gen_05153,1,0,False,-7.993,,False,False,False,2.753,inf
gen_05154,9,0,False,-7.299,,False,False,False,9.757,inf
gen_05155,8,0,False,-7.684,,False,False,False,2.716,inf
gen_05156,1,0,False,-7.374,,False,False,False,2.833,inf
gen_05157,9,0,False,-7.889,,False,False,False,2.411,8.273
gen_05158,7,0,False,-7.216,,False,False,False,10.532,inf
gen_05159,12,0,False,-7.403,,False,False,False,2.595,inf
gen_05160,4,0,False,-7.668,,False,False,False,2.714,inf
gen_05161,11,0,False,-7.157,,False,False,False,2.481,inf
gen_05162,5,0,False,-7.057,,False,False,False,2.711,inf
gen_05163,5,0,False,-6.892,,False,False,False,6.458,inf
gen_05164,13,0,False,-7.065,,False,False,False,2.418,inf
gen_05165,9,0,False,-8.052,,False,False,False,2.358,inf
gen_05166,2,0,False,-66.927,,False,False,False,11.199,inf
gen_05167,3,0,False,-8.458,,False,False,False,2.541,5.396
gen_05168,10,0,False,-7.356,,False,False,False,2.682,inf
gen_05169,4,0,False,-8.407,,False,False,False,2.779,inf
gen_05170,4,0,False,-7.366,,False,False,False,2.754,inf
gen_05171,3,0,False,-6.993,,False,False,False,2.718,inf
gen_05172,8,0,False,-7.129,,False,False,False,2.728,inf
gen_05173,2,0,False,-7.179,,False,False,False,2.735,inf
gen_05174,7,0,False,-7.681,,False,False,False,2.699,3.256
gen_05175,10,0,False,-7.193,,False,False,False,2.704,inf
gen_05176,12,0,False,-7.17,,False,False,False,2.556,inf
gen_05177,11,0,False,-7.771,,False,False,False,2.697,inf
gen_05178,4,0,False,-6.934,,False,False,False,2.505,inf
gen_05179,2,0,False,-8.342,,False,False,False,2.757,inf
gen_05180,3,0,False,-7.323,,False,False,False,4.666,6.011
gen_05181,4,0,False,-7.627,,False,False,False,3.027,inf
gen_05182,2,0,False,-6.534,,False,False,False,2.711,inf
gen_05183,14,1,True,-7.329,-6.692,False,True,True,2.232,3.051
gen_05184,8,0,False,-7.776,,False,False,False,2.726,inf
gen_05185,4,0,False,-6.78,,False,False,False,2.695,4.439
gen_05186,2,0,False,-7.551,,False,False,False,2.708,inf
gen_05187,16,0,False,-7.611,,False,False,False,2.702,inf
gen_05188,9,0,False,-7.303,,False,False,False,2.747,inf
gen_05189,11,0,False,-7.018,,False,False,False,2.359,inf
gen_05190,4,0,False,-6.964,,False,False,False,2.445,inf
gen_05191,13,0,False,-6.803,,False,False,False,2.439,inf
gen_05192,9,9,True,-8.676,-8.676,True,True,True,2.352,2.983
gen_05193,5,0,False,-7.56,,False,False,False,2.687,inf
gen_05194,6,0,False,-7.022,,False,False,False,2.774,inf
gen_05195,3,0,False,-7.263,,False,False,False,2.636,inf
gen_05196,8,0,False,-7.995,,False,False,False,2.273,inf
gen_05197,12,0,False,-7.808,,False,False,False,2.321,inf
gen_05198,3,0,False,-7.612,,False,False,False,2.739,inf
gen_05199,8,0,False,-7.742,,False,False,False,2.716,inf
gen_05200,9,0,False,-8.043,,False,False,False,2.552,inf
gen_05201,10,0,False,-6.877,,False,False,False,2.339,inf
gen_05202,8,0,False,-7.193,,False,False,False,2.634,inf
gen_05203,8,0,False,-7.101,,False,False,False,2.703,inf
gen_05204,7,0,False,-6.833,,False,False,False,2.764,inf
gen_05205,4,0,False,-7.553,,False,False,False,4.042,4.427
gen_05206,4,0,False,-6.75,,False,False,False,2.711,inf
gen_05207,3,0,False,-8.522,,False,False,False,2.645,inf
gen_05208,7,0,False,-7.354,,False,False,False,2.693,inf
gen_05209,5,0,False,-7.666,,False,False,False,4.272,inf
gen_05210,4,0,False,-7.542,,False,False,False,3.101,inf
gen_05211,7,0,False,-8.031,,False,False,False,2.381,inf
gen_05212,3,0,False,-7.376,,False,False,False,2.759,inf
gen_05213,9,0,False,-7.618,,False,False,False,2.681,inf
