label,poses,best_affinity
CONTROL_crystal,4,-6.92
gen_00001,7,-6.922
gen_00002,10,-7.006
gen_00003,13,-8.203
gen_00004,15,-6.912
gen_00005,7,-6.886
gen_00006,6,-7.682
gen_00007,3,-7.537
gen_00008,4,-6.635
gen_00009,11,-7.784
gen_00010,4,-6.812
gen_00011,4,-8.512
gen_00012,6,-6.95
gen_00013,6,-7.046
gen_00014,5,-7.318
gen_00015,2,-7.849
gen_00016,13,-7.37
gen_00017,2,-7.584
gen_00018,6,-7.355
gen_00019,10,-8.024
gen_00020,16,-8.593
gen_00021,3,-7.196
gen_00022,7,-6.475
gen_00023,3,-8.136
gen_00024,6,-7.753
gen_00025,1,-7.785
gen_00026,2,-7.692
gen_00027,1,-7.655
gen_00028,4,-8.339
gen_00029,10,-8.169
gen_00030,9,-6.955
gen_00031,11,-7.627
gen_00032,1,-6.758
gen_00033,1,-7.993
gen_00034,10,-5.711
gen_00035,9,-7.383
gen_00036,4,-7.136
gen_00037,9,-7.256
gen_00038,9,-7.571
gen_00039,2,-8.179
gen_00040,11,-7.826
gen_00041,7,-7.066
gen_00042,2,-7.375
gen_00043,6,-8.003
gen_00044,5,-7.927
gen_00045,13,-7.689
gen_00046,3,-7.966
gen_00047,5,-6.986
gen_00048,8,-7.037
gen_00049,11,-7.839
gen_00050,3,-8.186
gen_00051,3,-8.155
gen_00052,6,-7.172
gen_00053,3,-8.146
gen_00054,4,-7.308
gen_00055,6,-6.904
gen_00056,2,-7.226
gen_00057,2,-7.397
gen_00058,5,-6.926
gen_00059,9,-7.493
gen_00060,10,-7.422
gen_00061,8,-7.282
gen_00062,5,-8.005
gen_00063,4,-7.274
gen_00064,4,-7.984
gen_00065,10,-7.859
gen_00066,7,-8.238
gen_00067,2,-7.282
gen_00068,14,-6.128
gen_00069,13,-7.053
gen_00070,2,-7.036
gen_00071,9,-7.103
gen_00072,13,-6.934
gen_00073,2,-7.692
gen_00074,7,-7.759
gen_00075,8,-7.666
gen_00076,10,-7.472
gen_00077,9,-7.179
gen_00078,5,-7.985
gen_00079,2,-8.157
gen_00080,9,-8.961
gen_00081,3,-6.675
gen_00082,5,-7.398
gen_00083,5,-7.812
gen_00084,9,-8.196
gen_00085,13,-7.002
gen_00086,2,-8.004
gen_00087,2,-7.192
gen_00088,6,-8.458
gen_00089,5,-7.676
gen_00090,7,-7.355
gen_00091,14,-6.6
gen_00092,3,-7.115
gen_00093,7,-7.604
gen_00094,11,-7.3
gen_00095,2,-7.341
gen_00096,9,-7.397
gen_00097,11,-7.17
gen_00098,2,-7.492
gen_00099,13,-6.928
gen_00100,10,-6.634
gen_00101,10,-7.58
gen_00102,7,-6.613
gen_00103,1,-6.446
gen_00104,3,-8.284
gen_00106,6,-6.977
gen_00107,6,-7.547
gen_00108,9,-7.699
gen_00109,6,-7.095
gen_00110,12,-6.979
gen_00111,2,-6.747
gen_00112,7,-7.487
gen_00113,1,-7.301
gen_00114,6,-8.706
gen_00115,2,-8.348
gen_00116,10,-8.234
gen_00117,1,-6.657
gen_00118,3,-7.215
gen_00119,5,-8.032
gen_00120,6,-8.267
gen_00121,6,-6.311
gen_00122,2,-6.001
gen_00123,4,-6.551
gen_00124,2,-7.582
gen_00125,5,-7.887
gen_00126,12,-8.099
gen_00127,4,-7.804
gen_00128,2,-7.037
gen_00129,12,-7.438
gen_00130,9,-6.262
gen_00131,13,-7.331
gen_00132,7,-8.335
gen_00133,4,-7.632
gen_00134,8,-7.492
gen_00135,12,-8.454
gen_00136,11,-7.303
gen_00137,10,-8.381
gen_00138,3,-7.546
gen_00139,5,-6.809
gen_00140,7,-7.108
gen_00141,4,-7.426
gen_00142,11,-7.476
gen_00143,7,-6.241
gen_00144,5,-6.75
gen_00145,11,-6.718
gen_00146,1,-8.313
gen_00147,5,-8.865
gen_00148,12,-6.969
gen_00149,11,-8.044
gen_00150,2,-8.315
gen_00151,1,-8.122
gen_00152,8,-7.692
gen_00153,13,-7.835
gen_00154,3,-7.856
gen_00155,8,-8.562
gen_00156,2,-7.629
gen_00157,8,-5.941
gen_00158,6,-7.699
gen_00159,8,-8.378
gen_00160,6,-8.062
gen_00161,7,-7.363
gen_00162,2,-7.918
gen_00163,14,-8.18
gen_00164,5,-7.836
gen_00165,7,-6.939
gen_00166,11,-7.759
gen_00167,6,-7.846
gen_00168,2,-7.249
gen_00169,2,-6.944
gen_00170,12,-7.353
gen_00171,11,-7.347
gen_00172,3,-7.638
gen_00173,10,-7.777
gen_00174,8,-7.432
gen_00175,12,-7.525
gen_00176,8,-8.327
gen_00177,14,-7.244
gen_00178,9,-8.467
gen_00179,3,-6.982
gen_00180,7,-7.813
gen_00181,6,-7.1
gen_00182,4,-8.023
gen_00183,4,-7.039
gen_00184,3,-8.376
gen_00185,3,-7.254
gen_00186,14,-8.115
gen_00187,16,-7.255
gen_00188,8,-8.333
gen_00189,4,-7.125
gen_00190,7,-7.482
gen_00191,5,-7.279
gen_00192,10,-6.791
gen_00193,4,-7.72
gen_00194,5,-7.677
gen_00195,9,-7.809
gen_00196,13,-7.527
gen_00197,9,-7.762
gen_00198,5,-7.355
gen_00199,13,-7.14
gen_00200,9,-6.873
gen_00201,7,-8.48
gen_00202,6,-8.003
gen_00203,9,-7.534
gen_00204,5,-6.836
gen_00205,2,-8.225
gen_00206,4,-55.844
gen_00207,13,-7.551
gen_00208,4,-7.422
gen_00209,3,-7.934
gen_00210,15,-7.942
gen_00211,15,-7.354
gen_00212,10,-7.189
gen_00213,4,-7.481
gen_00214,11,-7.876
gen_00215,6,-8.155
gen_00216,2,-6.912
gen_00217,4,-7.164
gen_00218,3,-8.229
gen_00219,4,-8.58
gen_00220,13,-7.183
gen_00221,16,-7.768
gen_00222,13,-7.609
gen_00223,12,-6.916
gen_00224,6,-7.791
gen_00225,2,-7.367
gen_00226,2,-7.459
gen_00227,5,-8.375
gen_00228,7,-8.128
gen_00229,13,-7.261
gen_00230,5,-7.499
gen_00231,2,-6.947
gen_00232,4,-6.682
gen_00233,4,-7.436
gen_00234,5,-6.899
gen_00235,8,-6.659
gen_00236,14,-8.242
gen_00237,7,-6.655
gen_00238,6,-8.34
gen_00239,11,-7.985
gen_00240,2,-6.92
gen_00241,2,-9.044
gen_00242,11,-7.285
gen_00243,6,-7.828
gen_00244,2,-7.583
gen_00245,8,-7.201
gen_00246,5,-7.626
gen_00247,16,-5.957
gen_00248,4,-7.842
gen_00249,6,-6.595
gen_00250,2,-7.024
gen_00251,11,-7.533
gen_00252,14,-7.414
gen_00253,3,-7.441
gen_00254,2,-7.085
gen_00255,3,-7.381
gen_00256,11,-7.163
gen_00257,7,-8.241
gen_00258,2,-6.727
gen_00259,7,-6.305
gen_00260,1,-6.221
gen_00261,11,-7.072
gen_00262,5,-6.846
gen_00263,5,-9.099
gen_00264,14,-6.556
gen_00265,9,-7.369
gen_00266,4,-6.799
gen_00267,1,-8.468
gen_00268,1,-7.898
gen_00269,10,-7.87
gen_00270,5,-7.749
gen_00271,2,-7.389
gen_00272,8,-7.826
gen_00273,2,-6.901
gen_00274,15,-7.995
gen_00275,3,-7.502
gen_00276,6,-8.939
gen_00277,2,-7.043
gen_00278,15,-8.035
gen_00279,8,-8.321
gen_00280,1,-8.666
gen_00281,16,-7.434
gen_00282,10,-7.355
gen_00283,5,-7.963
gen_00284,12,-6.425
gen_00285,13,-7.918
gen_00286,16,-7.91
gen_00287,5,-7.704
gen_00288,4,-6.793
gen_00289,14,-6.88
gen_00290,8,-6.804
gen_00291,15,-7.957
gen_00292,2,-8.364
gen_00293,11,-7.32
gen_00294,5,-6.489
gen_00295,4,-8.381
gen_00296,1,-7.976
gen_00297,5,-7.493
gen_00298,2,-7.691
gen_00299,2,-7.744
gen_00300,4,-6.26
gen_00301,12,-7.164
gen_00302,10,-7.636
gen_00303,3,-6.709
gen_00304,6,-7.754
gen_00305,15,-6.527
gen_00306,6,-8.292
gen_00307,12,-8.183
gen_00308,6,-7.736
gen_00309,2,-7.336
gen_00310,16,-7.005
gen_00311,6,-8.408
gen_00312,7,-8.346
gen_00313,16,-7.31
gen_00314,4,-7.414
gen_00315,4,-7.769
gen_00316,9,-6.683
gen_00317,2,-7.972
gen_00318,3,-7.429
gen_00319,2,-7.295
gen_00320,4,-7.664
gen_00321,10,-8.334
gen_00322,12,-7.422
gen_00323,11,-8.074
gen_00324,4,-7.499
gen_00325,9,-6.798
gen_00326,1,-6.932
gen_00327,12,-7.599
gen_00328,11,-7.197
gen_00329,1,-7.138
gen_00330,8,-7.783
gen_00331,4,-7.512
gen_00332,10,-7.951
gen_00333,7,-8.361
gen_00334,6,-7.832
gen_00335,11,-8.327
gen_00336,15,-7.194
gen_00337,4,-7.169
gen_00338,14,-8.167
gen_00339,13,-7.857
gen_00340,4,-8.041
gen_00341,7,-7.03
gen_00342,12,-7.584
gen_00343,5,-7.624
gen_00344,11,-6.079
gen_00345,12,-6.271
gen_00346,4,-7.18
gen_00347,2,-7.508
gen_00348,4,-6.692
gen_00349,15,-6.563
gen_00350,13,-8.088
gen_00351,5,-6.999
gen_00352,5,-7.446
gen_00353,12,-8.558
gen_00354,4,-7.28
gen_00355,7,-7.51
gen_00356,8,-8.508
gen_00357,4,-8.175
gen_00358,5,-6.935
gen_00359,6,-8.452
gen_00360,4,-8.023
gen_00361,1,-6.761
gen_00362,8,-7.533
gen_00363,13,-8.159
gen_00364,6,-7.404
gen_00365,3,-8.014
gen_00366,1,-7.232
gen_00367,7,-5.941
gen_00368,2,-7.468
gen_00369,6,-7.729
gen_00370,16,-6.56
gen_00371,8,-7.513
gen_00372,2,-8.992
gen_00373,5,-6.937
gen_00374,6,-7.472
gen_00375,6,-7.775
gen_00376,9,-7.342
gen_00377,11,-6.897
gen_00378,8,-7.643
gen_00379,10,-7.711
gen_00380,13,-6.999
gen_00381,4,-8.348
gen_00382,3,-6.69
gen_00383,7,-7.777
gen_00384,3,-6.695
gen_00385,4,-7.256
gen_00386,8,-7.664
gen_00387,6,-9.058
gen_00388,7,-6.841
gen_00389,9,-8.224
gen_00390,14,-6.618
gen_00391,12,-7.172
gen_00392,7,-7.794
gen_00393,4,-6.875
gen_00394,4,-7.433
gen_00395,14,-7.373
gen_00396,2,-6.311
gen_00397,6,-7.51
gen_00398,9,-7.554
gen_00399,3,-7.302
gen_00400,15,-7.894
gen_00401,2,-7.266
gen_00402,2,-8.303
gen_00403,3,-7.649
gen_00404,5,-7.581
gen_00405,10,-7.073
gen_00406,10,-7.139
gen_00407,3,-9.012
gen_00408,6,-7.3
gen_00409,8,-8.176
gen_00410,13,-7.434
gen_00411,2,-7.679
gen_00412,4,-7.472
gen_00413,11,-7.557
gen_00414,10,-6.535
gen_00415,1,-153.905
gen_00416,14,-7.019
gen_00417,3,-7.138
gen_00418,6,-7.078
gen_00419,6,-7.448
gen_00420,4,-8.523
gen_00421,7,-6.523
gen_00422,10,-7.707
gen_00423,3,-7.41
gen_00424,9,-7.256
gen_00425,3,-7.511
gen_00426,5,-8.888
gen_00427,4,-6.951
gen_00428,4,-7.741
gen_00429,6,-8.073
gen_00430,7,-7.859
gen_00431,4,-7.852
gen_00432,6,-7.568
gen_00433,11,-7.753
gen_00434,4,-7.531
gen_00435,5,-8.166
gen_00436,12,-8.29
gen_00437,5,-7.289
gen_00438,9,-7.023
gen_00439,4,-7.677
gen_00440,1,-7.856
gen_00441,5,-6.733
gen_00442,9,-7.057
gen_00443,1,-7.249
gen_00444,12,-7.615
gen_00445,8,-7.498
gen_00446,13,-7.472
gen_00447,10,-7.198
gen_00448,6,-7.689
gen_00449,2,-7.988
gen_00450,1,-7.391
gen_00451,6,-7.537
gen_00452,8,-9.163
gen_00453,1,-7.027
gen_00454,1,-8.134
gen_00455,12,-7.674
gen_00456,5,-7.046
gen_00457,3,-7.767
gen_00458,3,-7.318
gen_00459,9,-7.864
gen_00460,2,-8.148
gen_00461,4,-7.844
gen_00462,14,-8.0
gen_00463,4,-8.804
gen_00464,13,-7.432
gen_00465,8,-6.723
gen_00466,9,-7.767
gen_00467,10,-8.273
gen_00468,10,-7.179
gen_00469,8,-8.056
gen_00470,5,-7.382
gen_00471,6,-7.306
gen_00472,12,-6.672
gen_00473,13,-6.837
gen_00474,4,-7.916
gen_00475,3,-6.915
gen_00476,12,-7.679
gen_00477,6,-8.704
gen_00478,13,-8.511
gen_00479,5,-7.371
gen_00480,8,-7.315
gen_00481,1,-7.382
gen_00482,11,-7.47
gen_00483,10,-7.568
gen_00484,2,-8.172
gen_00485,9,-7.35
gen_00486,2,-7.087
gen_00487,6,-7.382
gen_00488,2,-6.392
gen_00489,8,-7.279
gen_00490,8,-7.051
gen_00491,5,-7.373
gen_00492,9,-7.539
gen_00493,4,-7.162
gen_00494,7,-7.703
gen_00495,1,-7.271
gen_00496,1,-7.568
gen_00497,2,-8.755
gen_00498,2,-8.298
gen_00499,2,-7.181
gen_00500,13,-7.958
gen_00501,5,-7.406
gen_00502,4,-7.803
gen_00503,1,-7.529
gen_00504,2,-8.785
gen_00505,14,-7.357
gen_00506,13,-7.966
gen_00507,8,-7.824
gen_00508,10,-7.139
gen_00509,2,-7.346
gen_00510,10,-8.13
gen_00511,8,-6.258
gen_00512,1,-7.367
gen_00513,4,-6.954
gen_00514,2,-6.607
gen_00515,14,-7.364
gen_00516,2,-6.907
gen_00517,11,-7.554
gen_00518,2,-8.355
gen_00519,14,-7.068
gen_00520,5,-6.568
gen_00521,7,-7.463
gen_00522,2,-7.52
gen_00523,8,-7.619
gen_00524,6,-8.083
gen_00525,12,-7.632
gen_00526,7,-7.23
gen_00527,12,-6.319
gen_00528,4,-6.862
gen_00529,5,-7.274
gen_00530,11,-6.944
gen_00531,6,-8.516
gen_00532,8,-8.149
gen_00533,11,-7.815
gen_00534,9,-7.452
gen_00535,6,-7.638
gen_00536,10,-7.043
gen_00537,4,-8.269
gen_00538,3,-7.528
gen_00539,6,-8.175
gen_00540,8,-8.15
gen_00541,12,-6.429
gen_00542,10,-7.441
gen_00543,8,-7.877
gen_00544,9,-8.196
gen_00545,2,-8.556
gen_00546,2,-7.751
gen_00547,13,-8.029
gen_00548,5,-7.988
gen_00549,16,-7.717
gen_00550,3,-7.446
gen_00551,4,-7.842
gen_00552,4,-7.152
gen_00553,7,-7.17
gen_00554,8,-7.716
gen_00555,10,-7.614
gen_00556,7,-8.522
gen_00557,10,-7.717
gen_00558,3,-7.11
gen_00559,11,-8.439
gen_00560,4,-7.708
gen_00561,1,-7.411
gen_00562,5,-7.606
gen_00563,13,-8.225
gen_00564,6,-7.379
gen_00565,3,-8.331
gen_00566,8,-7.714
gen_00567,4,-6.643
gen_00568,11,-7.252
gen_00569,2,-8.708
gen_00570,1,-7.275
gen_00571,10,-6.226
gen_00572,8,-8.166
gen_00573,4,-6.9
gen_00574,6,-6.984
gen_00575,3,-7.646
gen_00576,5,-6.801
gen_00577,10,-8.056
gen_00578,4,-7.78
gen_00579,4,-7.899
gen_00580,2,-7.939
gen_00581,14,-7.346
gen_00582,6,-8.275
gen_00583,2,-6.882
gen_00584,9,-7.58
gen_00585,3,-7.484
gen_00586,5,-6.547
gen_00587,8,-7.614
gen_00588,13,-7.566
gen_00589,2,-8.167
gen_00590,3,-8.087
gen_00591,10,-6.772
gen_00592,2,-7.058
gen_00593,10,-8.117
gen_00594,1,-7.71
gen_00595,8,-7.188
gen_00596,4,-7.281
gen_00597,1,-7.135
gen_00598,10,-6.972
gen_00599,7,-7.262
gen_00600,11,-7.728
gen_00601,13,-7.407
gen_00602,1,-7.649
gen_00603,12,-7.286
gen_00604,13,-8.684
gen_00605,7,-7.952
gen_00606,13,-7.118
gen_00607,1,-148.62
gen_00608,5,-8.232
gen_00609,5,-7.449
gen_00610,7,-7.791
gen_00611,2,-6.748
gen_00612,7,-7.549
gen_00613,4,-6.945
gen_00614,4,-7.061
gen_00615,4,-7.486
gen_00616,2,-6.633
gen_00617,2,-6.838
gen_00618,14,-7.331
gen_00619,7,-7.492
gen_00620,3,-6.731
gen_00621,6,-7.369
gen_00622,13,-7.329
gen_00623,10,-7.672
gen_00624,8,-8.01
gen_00625,6,-8.287
gen_00626,7,-7.785
gen_00627,5,-7.715
gen_00628,5,-8.068
gen_00629,14,-7.232
gen_00630,11,-8.153
gen_00631,13,-7.056
gen_00632,14,-6.515
gen_00633,6,-7.373
gen_00634,9,-7.032
gen_00635,5,-7.479
gen_00636,5,-7.487
gen_00637,2,-7.046
gen_00638,4,-8.171
gen_00639,5,-7.557
gen_00640,7,-6.643
gen_00641,9,-8.625
gen_00642,8,-8.049
gen_00643,9,-8.354
gen_00644,2,-7.006
gen_00645,1,-7.837
gen_00646,2,-7.601
gen_00647,2,-8.33
gen_00648,4,-8.51
gen_00649,4,-8.59
gen_00650,3,-7.729
gen_00651,1,-7.218
gen_00652,4,-7.727
gen_00653,15,-7.847
gen_00654,3,-7.882
gen_00655,11,-7.151
gen_00656,10,-7.942
gen_00657,4,-9.008
gen_00658,3,-8.131
gen_00659,8,-8.007
gen_00660,5,-7.456
gen_00661,4,-7.163
gen_00662,12,-7.293
gen_00663,2,-7.268
gen_00664,1,-7.664
gen_00665,6,-7.091
gen_00666,3,-7.33
gen_00667,12,-7.636
gen_00668,3,-6.801
gen_00669,4,-6.956
gen_00670,12,-5.844
gen_00671,8,-7.242
gen_00672,5,-7.462
gen_00673,5,-8.082
gen_00674,2,-8.119
gen_00675,9,-6.638
gen_00676,7,-8.358
gen_00677,2,-7.355
gen_00678,12,-7.804
gen_00679,5,-6.893
gen_00680,10,-7.622
gen_00681,4,-8.147
gen_00682,6,-8.012
gen_00683,9,-8.394
gen_00684,6,-7.804
gen_00685,9,-6.87
gen_00686,8,-7.952
gen_00687,6,-7.425
gen_00688,7,-6.96
gen_00689,1,-7.461
gen_00690,9,-7.993
gen_00691,5,-7.07
gen_00692,1,-7.898
gen_00693,6,-8.246
gen_00694,8,-6.246
gen_00695,15,-7.429
gen_00696,1,-6.942
gen_00697,6,-8.147
gen_00698,15,-7.716
gen_00699,10,-6.705
gen_00700,6,-7.695
gen_00701,4,-7.175
gen_00702,9,-6.542
gen_00703,8,-7.454
gen_00704,12,-6.928
gen_00705,2,-8.907
gen_00706,14,-8.68
gen_00707,2,-8.146
gen_00708,5,-7.697
gen_00709,5,-6.641
gen_00710,8,-7.851
gen_00711,4,-7.916
gen_00712,13,-8.181
gen_00713,3,-6.275
gen_00714,13,-6.841
gen_00715,3,-6.987
gen_00716,8,-7.665
gen_00717,3,-6.503
gen_00718,14,-7.656
gen_00719,2,-8.365
gen_00720,1,-7.848
gen_00721,3,-7.651
gen_00722,1,-7.533
gen_00723,2,-6.906
gen_00724,5,-7.455
gen_00725,3,-7.191
gen_00726,12,-6.141
gen_00727,7,-7.244
gen_00728,4,-7.864
gen_00729,1,-8.167
gen_00730,4,-6.499
gen_00731,9,-7.545
gen_00732,7,-7.22
gen_00733,1,-6.842
gen_00734,6,-7.103
gen_00735,2,-7.926
gen_00736,6,-7.552
gen_00737,7,-7.546
gen_00738,10,-7.144
gen_00739,9,-8.004
gen_00740,6,-8.675
gen_00741,1,-7.437
gen_00742,12,-7.157
gen_00743,16,-6.3
gen_00744,4,-6.541
gen_00745,13,-7.351
gen_00746,4,-7.212
gen_00747,2,-7.619
gen_00748,10,-7.358
gen_00749,2,-8.489
gen_00750,2,-7.866
gen_00751,13,-6.818
gen_00752,10,-7.636
gen_00753,2,-7.076
gen_00754,1,-7.336
gen_00755,3,-6.699
gen_00756,3,-7.038
gen_00757,2,-7.878
gen_00758,8,-8.516
gen_00759,10,-6.525
gen_00760,5,-7.157
gen_00761,4,-7.147
gen_00762,4,-6.586
gen_00763,13,-6.887
gen_00764,12,-7.331
gen_00765,8,-7.558
gen_00766,7,-7.788
gen_00767,3,-8.628
gen_00768,8,-7.787
gen_00769,2,-7.818
gen_00770,7,-8.014
gen_00771,8,-7.171
gen_00772,2,-7.573
gen_00773,8,-5.954
gen_00774,7,-7.596
gen_00775,4,-6.199
gen_00776,2,-7.164
gen_00777,8,-7.61
gen_00778,4,-7.03
gen_00779,2,-7.011
gen_00780,7,-7.38
gen_00781,14,-7.766
gen_00782,6,-7.49
gen_00783,3,-7.301
gen_00784,15,-7.231
gen_00785,10,-7.261
gen_00786,13,-7.21
gen_00787,6,-8.012
gen_00788,4,-7.942
gen_00789,14,-8.061
gen_00790,2,-7.818
gen_00791,8,-7.49
gen_00792,12,-7.347
gen_00793,2,-6.965
gen_00794,7,-7.607
gen_00795,8,-7.229
gen_00796,4,-7.521
gen_00797,5,-7.214
gen_00798,7,-6.75
gen_00799,11,-6.559
gen_00800,2,-7.44
gen_00801,4,-7.13
gen_00802,8,-8.048
gen_00803,9,-7.008
gen_00804,11,-8.405
gen_00805,11,-7.729
gen_00806,10,-7.783
gen_00807,9,-7.764
gen_00808,6,-7.099
gen_00809,15,-6.883
gen_00810,7,-7.096
gen_00811,7,-6.89
gen_00812,12,-7.701
gen_00813,8,-7.665
gen_00814,5,-7.423
gen_00815,3,-6.987
gen_00816,8,-7.089
gen_00817,9,-7.172
gen_00818,8,-8.214
gen_00819,13,-8.139
gen_00820,4,-7.377
gen_00821,7,-8.372
gen_00822,13,-6.627
gen_00823,7,-6.758
gen_00824,7,-8.409
gen_00825,10,-8.038
gen_00826,3,-6.969
gen_00827,4,-8.952
gen_00828,5,-8.045
gen_00829,4,-6.831
gen_00830,3,-86.237
gen_00831,2,-6.206
gen_00832,3,-7.381
gen_00833,4,-7.396
gen_00834,3,-9.038
gen_00835,7,-6.855
gen_00836,3,-7.506
gen_00837,4,-7.875
gen_00838,7,-8.454
gen_00839,3,-7.453
gen_00840,13,-7.319
gen_00841,4,-6.988
gen_00842,3,-7.585
gen_00843,5,-8.222
gen_00844,2,-7.011
gen_00845,6,-7.889
gen_00846,7,-6.698
gen_00847,6,-6.329
gen_00848,7,-7.148
gen_00849,1,-7.175
gen_00850,1,-6.847
gen_00851,6,-8.055
gen_00852,12,-8.128
gen_00853,3,-7.308
gen_00854,6,-8.459
gen_00855,7,-7.41
gen_00856,14,-6.505
gen_00857,12,-6.696
gen_00858,6,-6.427
gen_00859,8,-7.554
gen_00860,7,-7.893
gen_00861,4,-7.155
gen_00862,7,-7.184
gen_00863,15,-7.377
gen_00864,3,-8.23
gen_00865,16,-7.548
gen_00866,7,-7.493
gen_00867,2,-7.578
gen_00868,5,-7.109
gen_00869,12,-7.345
gen_00870,4,-7.086
gen_00871,12,-8.101
gen_00872,4,-7.027
gen_00873,12,-7.919
gen_00874,1,-8.104
gen_00875,1,-7.486
gen_00876,8,-7.14
gen_00877,5,-7.571
gen_00878,10,-7.201
gen_00879,7,-8.114
gen_00880,4,-7.38
gen_00881,4,-7.849
gen_00882,4,-7.38
gen_00883,14,-7.923
gen_00884,10,-6.957
gen_00885,13,-7.122
gen_00886,15,-7.174
gen_00887,10,-7.408
gen_00888,14,-6.406
gen_00889,3,-6.934
gen_00890,3,-7.372
gen_00891,11,-7.07
gen_00892,2,-6.863
gen_00893,6,-6.7
gen_00894,9,-8.408
gen_00895,4,-8.069
gen_00896,2,-8.202
gen_00897,4,-6.873
gen_00898,1,-6.989
gen_00899,8,-6.733
gen_00900,9,-8.32
gen_00901,2,-7.225
gen_00902,4,-6.995
gen_00903,10,-8.459
gen_00904,7,-7.228
gen_00905,10,-7.574
gen_00906,2,-8.491
gen_00907,8,-6.948
gen_00908,6,-8.451
gen_00909,12,-7.774
gen_00910,6,-6.983
gen_00911,5,-7.632
gen_00912,6,-7.306
gen_00913,11,-6.844
gen_00914,7,-6.943
gen_00915,4,-8.729
gen_00916,5,-7.404
gen_00917,3,-6.77
gen_00918,13,-7.269
gen_00919,4,-7.467
gen_00920,14,-6.705
gen_00921,2,-7.004
gen_00922,2,-7.941
gen_00923,5,-7.064
gen_00924,16,-6.748
gen_00925,10,-8.574
gen_00926,4,-7.915
gen_00927,9,-8.909
gen_00928,7,-7.845
gen_00929,13,-7.044
gen_00930,11,-7.782
gen_00931,8,-8.362
gen_00932,9,-7.408
gen_00933,13,-7.787
gen_00934,6,-7.671
gen_00935,2,-7.724
gen_00936,2,-8.0
gen_00937,9,-7.417
gen_00938,2,-6.489
gen_00939,6,-7.45
gen_00940,6,-7.71
gen_00941,11,-6.53
gen_00942,8,-7.541
gen_00943,4,-7.976
gen_00944,10,-7.476
gen_00945,9,-7.235
gen_00946,11,-7.069
gen_00947,6,-6.471
gen_00948,10,-7.006
gen_00949,2,-7.809
gen_00950,9,-6.572
gen_00951,6,-8.372
gen_00952,8,-8.185
gen_00953,4,-8.244
gen_00954,2,-6.868
gen_00955,9,-8.4
gen_00956,6,-7.865
gen_00957,4,-7.558
gen_00958,4,-6.295
gen_00959,3,-7.102
gen_00960,3,-9.436
gen_00961,11,-7.734
gen_00962,6,-7.238
gen_00963,4,-8.404
gen_00964,4,-7.609
gen_00965,5,-7.303
gen_00966,11,-7.613
gen_00967,10,-6.487
gen_00968,13,-7.51
gen_00969,16,-7.687
gen_00970,2,-7.634
gen_00971,7,-7.605
gen_00972,5,-7.023
gen_00973,2,-6.937
gen_00974,7,-7.73
gen_00975,6,-7.669
gen_00976,11,-7.533
gen_00977,3,-6.475
gen_00978,2,-7.122
gen_00979,2,-8.604
gen_00980,10,-6.935
gen_00981,9,-7.026
gen_00982,3,-8.122
gen_00983,3,-7.431
gen_00984,13,-7.33
gen_00985,9,-7.165
gen_00986,14,-7.589
gen_00987,7,-8.134
gen_00988,10,-7.894
gen_00989,1,-8.583
gen_00990,9,-7.448
gen_00991,4,-7.35
gen_00992,12,-7.838
gen_00993,3,-7.78
gen_00994,14,-7.436
gen_00995,4,-7.589
gen_00996,6,-7.32
gen_00997,2,-7.399
gen_00998,16,-7.344
gen_00999,6,-7.159
gen_01000,5,-7.143
gen_01001,4,-6.585
gen_01002,8,-7.146
gen_01003,1,-7.289
gen_01004,7,-7.173
gen_01005,3,-7.526
gen_01006,2,-7.693
gen_01007,12,-8.193
gen_01008,6,-7.329
gen_01009,4,-7.929
gen_01010,10,-7.755
gen_01011,5,-7.0
gen_01012,15,-7.686
gen_01013,11,-6.719
gen_01014,15,-7.652
gen_01015,2,-6.836
gen_01016,10,-7.039
gen_01017,5,-6.589
gen_01018,13,-7.201
gen_01019,4,-7.924
gen_01020,6,-8.643
gen_01021,6,-8.117
gen_01022,4,-7.336
gen_01023,2,-7.659
gen_01024,12,-7.896
gen_01025,4,-8.039
gen_01026,8,-7.6
gen_01027,4,-8.221
gen_01028,2,-6.859
gen_01029,11,-7.47
gen_01030,4,-7.939
gen_01031,7,-7.284
gen_01032,2,-7.96
gen_01033,6,-7.728
gen_01034,1,-7.453
gen_01035,5,-7.808
gen_01036,2,-7.318
gen_01037,13,-8.012
gen_01038,4,-6.908
gen_01039,6,-7.469
gen_01040,5,-6.737
gen_01041,6,-6.645
gen_01042,3,-7.302
gen_01043,2,-6.403
gen_01044,5,-7.142
gen_01045,4,-8.02
gen_01046,4,-8.704
gen_01047,8,-7.6
gen_01048,7,-7.721
gen_01049,2,-7.956
gen_01050,13,-7.287
gen_01051,7,-6.694
gen_01052,8,-7.281
gen_01053,3,-7.458
gen_01054,11,-7.208
gen_01055,12,-7.023
gen_01056,5,-7.921
gen_01057,8,-7.023
gen_01058,6,-8.083
gen_01059,4,-8.523
gen_01060,6,-8.237
gen_01061,15,-7.647
gen_01062,7,-7.971
gen_01063,9,-7.05
gen_01064,9,-7.943
gen_01065,9,-8.157
gen_01066,9,-7.36
gen_01067,5,-7.47
gen_01068,3,-7.635
gen_01069,15,-7.106
gen_01070,6,-7.725
gen_01071,5,-7.179
gen_01072,8,-7.116
gen_01073,2,-7.603
gen_01074,13,-7.127
gen_01075,16,-6.744
gen_01076,9,-7.54
gen_01077,2,-98.968
gen_01078,3,-8.045
gen_01079,3,-6.237
gen_01080,3,-7.379
gen_01081,4,-7.536
gen_01082,7,-7.702
gen_01083,8,-7.531
gen_01084,8,-7.903
gen_01085,1,-8.049
gen_01086,9,-7.756
gen_01087,2,-7.14
gen_01088,4,-7.532
gen_01089,12,-7.522
gen_01090,8,-7.197
gen_01091,8,-7.157
gen_01092,9,-7.841
gen_01093,6,-7.305
gen_01094,15,-6.93
gen_01095,8,-7.035
gen_01096,2,-7.027
gen_01097,4,-6.874
gen_01098,5,-6.787
gen_01099,2,-7.595
gen_01100,3,-7.802
gen_01101,15,-7.254
gen_01102,5,-7.253
gen_01103,4,-6.859
gen_01104,1,-8.853
gen_01105,6,-8.507
gen_01106,13,-7.598
gen_01107,2,-7.77
gen_01108,10,-7.13
gen_01109,5,-7.34
gen_01110,4,-7.668
gen_01111,4,-6.776
gen_01112,1,-7.311
gen_01113,2,-8.112
gen_01114,7,-7.821
gen_01115,14,-6.12
gen_01116,13,-7.42
gen_01117,8,-7.493
gen_01118,9,-7.078
gen_01119,11,-7.113
gen_01120,10,-7.861
gen_01121,6,-6.549
gen_01122,13,-7.267
gen_01123,2,-6.559
gen_01124,1,-7.199
gen_01125,9,-8.062
gen_01126,4,-6.841
gen_01127,5,-7.964
gen_01128,7,-6.313
gen_01129,15,-6.03
gen_01130,5,-6.702
gen_01131,14,-7.103
gen_01132,9,-6.852
gen_01133,5,-7.399
gen_01134,4,-162.561
gen_01135,12,-6.622
gen_01136,14,-8.672
gen_01137,2,-8.912
gen_01138,6,-7.639
gen_01139,3,-8.018
gen_01140,14,-7.962
gen_01141,4,-7.285
gen_01142,4,-7.6
gen_01143,2,-7.233
gen_01144,3,-8.588
gen_01145,10,-7.637
gen_01146,1,-8.57
gen_01147,2,-8.282
gen_01148,4,-8.002
gen_01149,4,-6.965
gen_01150,3,-6.707
gen_01151,6,-8.219
gen_01152,11,-7.654
gen_01153,2,-7.637
gen_01154,8,-7.816
gen_01155,4,-7.323
gen_01156,1,-7.049
gen_01157,9,-7.389
gen_01158,4,-6.933
gen_01159,6,-7.08
gen_01160,5,-7.312
gen_01161,9,-7.868
gen_01162,3,-8.088
gen_01163,6,-7.563
gen_01164,6,-7.191
gen_01165,3,-8.291
gen_01166,3,-8.295
gen_01167,16,-7.236
gen_01168,6,-7.798
gen_01169,16,-8.319
gen_01170,4,-7.133
gen_01171,1,-7.421
gen_01172,14,-7.733
gen_01173,3,-7.055
gen_01174,9,-7.114
gen_01175,3,-8.178
gen_01176,7,-8.737
gen_01177,6,-8.413
gen_01178,3,-7.004
gen_01179,1,-7.585
gen_01180,4,-7.247
gen_01181,4,-7.086
gen_01182,1,-7.607
gen_01183,4,-7.503
gen_01184,5,-7.878
gen_01185,6,-6.992
gen_01186,4,-8.733
gen_01187,3,-8.144
gen_01188,2,-6.389
gen_01189,8,-7.844
gen_01190,2,-6.633
gen_01191,1,-7.435
gen_01192,7,-7.5
gen_01193,10,-7.369
gen_01194,2,-111.14
gen_01195,11,-6.951
gen_01196,6,-7.871
gen_01197,1,-6.769
gen_01198,16,-7.406
gen_01199,13,-7.159
gen_01200,4,-7.388
gen_01201,11,-7.656
gen_01202,13,-7.138
gen_01203,2,-7.064
gen_01204,9,-7.099
gen_01205,7,-7.194
gen_01206,9,-7.567
gen_01207,14,-7.502
gen_01208,10,-7.715
gen_01209,2,-8.686
gen_01210,4,-8.604
gen_01211,3,-7.203
gen_01212,14,-7.421
gen_01213,3,-7.446
gen_01214,2,-7.354
gen_01215,9,-7.937
gen_01216,4,-7.065
gen_01217,1,-7.77
gen_01218,12,-7.707
gen_01219,2,-7.473
gen_01220,13,-7.775
gen_01221,2,-7.809
gen_01222,5,-7.516
gen_01223,4,-5.823
gen_01224,12,-8.028
gen_01225,8,-7.712
gen_01226,9,-7.006
gen_01227,2,-7.38
gen_01228,4,-7.514
gen_01229,5,-7.659
gen_01230,5,-7.049
gen_01231,4,-7.437
gen_01232,4,-7.821
gen_01233,9,-7.454
gen_01234,12,-6.481
gen_01235,10,-8.097
gen_01236,14,-6.447
gen_01237,3,-7.055
gen_01238,7,-6.688
gen_01239,14,-8.112
gen_01240,6,-6.843
gen_01241,6,-7.724
gen_01242,7,-7.368
gen_01243,12,-7.093
gen_01244,3,-7.551
gen_01245,2,-7.172
gen_01246,2,-8.41
gen_01247,6,-8.449
gen_01248,12,-8.155
gen_01249,1,-7.502
gen_01250,2,-100.617
gen_01251,1,-8.597
gen_01252,4,-7.209
gen_01253,4,-8.072
gen_01254,3,-7.078
gen_01255,4,-8.266
gen_01256,10,-7.058
gen_01257,2,-7.35
gen_01258,11,-7.018
gen_01259,2,-7.469
gen_01260,13,-7.55
gen_01261,3,-6.721
gen_01262,5,-8.351
gen_01263,11,-6.898
gen_01264,4,-8.095
gen_01265,4,-7.464
gen_01266,7,-7.399
gen_01267,12,-7.152
gen_01268,16,-7.278
gen_01269,10,-7.513
gen_01270,11,-7.847
gen_01271,8,-7.493
gen_01272,2,-7.712
gen_01273,9,-8.397
gen_01274,8,-7.363
gen_01275,5,-7.209
gen_01276,10,-7.952
gen_01277,5,-7.293
gen_01278,3,-8.173
gen_01279,9,-7.972
gen_01280,1,-7.564
gen_01281,9,-7.366
gen_01282,4,-6.544
gen_01283,2,-8.692
gen_01284,7,-7.707
gen_01285,9,-8.291
gen_01286,5,-7.037
gen_01287,5,-7.824
gen_01288,11,-8.188
gen_01289,2,-7.286
gen_01290,6,-8.041
gen_01291,5,-7.686
gen_01292,6,-7.345
gen_01293,7,-6.865
gen_01294,5,-6.656
gen_01295,2,-7.978
gen_01296,8,-7.417
gen_01297,8,-7.699
gen_01298,13,-6.983
gen_01299,6,-7.98
gen_01300,1,-6.926
gen_01301,1,-7.627
gen_01302,6,-7.861
gen_01303,2,-7.612
gen_01304,5,-7.083
gen_01305,7,-8.432
gen_01306,4,-8.491
gen_01307,7,-7.348
gen_01308,8,-6.961
gen_01309,12,-7.106
gen_01310,12,-7.2
gen_01311,4,-6.824
gen_01312,10,-7.211
gen_01313,3,-7.791
gen_01314,7,-7.164
gen_01315,4,-7.059
gen_01316,15,-6.863
gen_01317,10,-6.292
gen_01318,14,-7.113
gen_01319,2,-7.601
gen_01320,6,-6.723
gen_01321,6,-7.552
gen_01322,3,-6.998
gen_01323,4,-8.066
gen_01324,8,-7.818
gen_01325,4,-7.393
gen_01326,6,-7.756
gen_01327,2,-7.507
gen_01328,8,-6.651
gen_01329,5,-7.456
gen_01330,13,-8.705
gen_01331,10,-7.491
gen_01332,6,-7.001
gen_01333,6,-7.834
gen_01334,6,-7.019
gen_01335,10,-7.659
gen_01336,4,-8.381
gen_01337,9,-6.952
gen_01338,9,-7.999
gen_01339,1,-7.411
gen_01340,4,-7.564
gen_01341,9,-7.221
gen_01342,5,-7.264
gen_01343,2,-8.021
gen_01344,2,-7.653
gen_01345,5,-7.452
gen_01346,2,-7.329
gen_01347,14,-7.719
gen_01348,13,-6.67
gen_01349,13,-7.435
gen_01350,12,-7.809
gen_01351,9,-7.734
gen_01352,6,-7.017
gen_01353,3,-6.639
gen_01354,2,-6.353
gen_01355,3,-7.985
gen_01356,1,-6.997
gen_01357,5,-7.203
gen_01358,9,-8.029
gen_01359,14,-7.601
gen_01360,10,-7.023
gen_01361,2,-7.277
gen_01362,9,-8.068
gen_01363,3,-8.834
gen_01364,4,-7.069
gen_01365,6,-8.343
gen_01366,4,-7.823
gen_01367,8,-7.587
gen_01368,5,-8.378
gen_01369,14,-7.32
gen_01370,2,-7.728
gen_01371,11,-8.0
gen_01372,5,-7.458
gen_01373,5,-7.702
gen_01374,6,-6.99
gen_01375,4,-7.107
gen_01376,7,-7.912
gen_01377,1,-155.102
gen_01378,1,-7.353
gen_01379,8,-6.521
gen_01380,9,-7.752
gen_01381,8,-6.291
gen_01382,6,-7.365
gen_01383,9,-7.565
gen_01384,6,-6.92
gen_01385,13,-7.571
gen_01386,2,-8.412
gen_01387,5,-8.061
gen_01388,7,-8.305
gen_01389,4,-7.282
gen_01390,10,-7.728
gen_01391,3,-7.381
gen_01392,1,-6.789
gen_01393,3,-8.914
gen_01394,5,-7.608
gen_01395,13,-8.108
gen_01396,9,-7.465
gen_01397,6,-8.338
gen_01398,9,-7.159
gen_01399,13,-7.298
gen_01400,8,-8.411
gen_01401,8,-7.134
gen_01402,11,-7.85
gen_01403,6,-6.432
gen_01404,1,-7.194
gen_01405,2,-7.182
gen_01406,5,-7.28
gen_01407,2,-6.078
gen_01408,7,-8.116
gen_01409,7,-6.622
gen_01410,3,-7.72
gen_01411,9,-7.203
gen_01412,12,-7.822
gen_01413,4,-7.594
gen_01414,4,-6.823
gen_01415,2,-8.054
gen_01416,2,-8.457
gen_01417,4,-8.494
gen_01418,8,-8.223
gen_01419,4,-7.739
gen_01420,5,-8.526
gen_01421,6,-7.249
gen_01422,7,-7.827
gen_01423,14,-7.75
gen_01424,14,-7.095
gen_01425,1,-7.352
gen_01426,7,-8.572
gen_01427,5,-8.004
gen_01428,8,-7.728
gen_01429,3,-7.795
gen_01430,11,-7.603
gen_01431,10,-8.04
gen_01432,3,-6.595
gen_01433,1,-6.435
gen_01434,2,-6.836
gen_01435,9,-6.723
gen_01436,13,-6.435
gen_01437,3,-7.05
gen_01438,10,-6.49
gen_01439,2,-8.451
gen_01440,4,-8.459
gen_01441,4,-7.7
gen_01442,4,-8.066
gen_01443,4,-7.896
gen_01444,5,-8.406
gen_01445,5,-7.316
gen_01446,6,-6.942
gen_01447,7,-7.361
gen_01448,12,-7.414
gen_01449,3,-5.891
gen_01450,1,-6.46
gen_01451,7,-7.875
gen_01452,3,-7.637
gen_01453,6,-6.866
gen_01454,4,-7.769
gen_01455,13,-7.72
gen_01456,3,-7.021
gen_01457,9,-7.558
gen_01458,4,-7.354
gen_01459,12,-8.877
gen_01460,5,-7.455
gen_01461,5,-6.844
gen_01462,5,-7.991
gen_01463,5,-7.058
gen_01464,13,-7.168
gen_01465,8,-8.065
gen_01466,2,-7.258
gen_01467,4,-8.05
gen_01468,13,-6.237
gen_01469,1,-7.435
gen_01470,13,-7.203
gen_01471,9,-6.525
gen_01472,4,-8.071
gen_01473,12,-7.566
gen_01474,1,-6.378
gen_01475,2,-6.733
gen_01476,7,-8.068
gen_01477,2,-86.896
gen_01478,8,-8.089
gen_01479,2,-6.65
gen_01480,2,-6.285
gen_01481,12,-7.421
gen_01482,4,-7.555
gen_01483,5,-6.885
gen_01484,2,-6.675
gen_01485,5,-6.679
gen_01486,6,-7.942
gen_01487,12,-7.142
gen_01488,5,-6.832
gen_01489,4,-7.475
gen_01490,2,-7.376
gen_01491,4,-6.923
gen_01492,10,-8.293
gen_01493,3,-7.643
gen_01494,8,-8.225
gen_01495,6,-7.217
gen_01496,8,-8.149
gen_01497,3,-8.795
gen_01498,4,-6.908
gen_01499,14,-7.878
gen_01500,12,-6.744
gen_01501,7,-7.026
gen_01502,5,-6.082
gen_01503,10,-6.912
gen_01504,1,-6.955
gen_01505,2,-7.453
gen_01506,5,-6.427
gen_01507,3,-8.682
gen_01508,2,-7.01
gen_01509,6,-6.838
gen_01510,10,-6.734
gen_01511,11,-7.889
gen_01512,11,-7.264
gen_01513,12,-6.173
gen_01514,3,-6.89
gen_01515,1,-7.456
gen_01516,9,-7.996
gen_01517,2,-7.777
gen_01518,15,-6.793
gen_01519,6,-7.187
gen_01520,8,-7.779
gen_01521,2,-8.087
gen_01522,14,-7.448
gen_01523,5,-7.926
gen_01524,3,-7.232
gen_01525,4,-8.522
gen_01526,14,-6.354
gen_01527,5,-7.407
gen_01528,5,-7.261
gen_01529,11,-6.759
gen_01530,4,-7.205
gen_01531,9,-7.095
gen_01532,10,-7.756
gen_01533,8,-7.58
gen_01534,5,-7.509
gen_01535,8,-8.081
gen_01536,5,-6.498
gen_01537,3,-6.876
gen_01538,6,-7.309
gen_01539,13,-6.076
gen_01540,7,-7.838
gen_01541,4,-7.93
gen_01542,6,-6.92
gen_01543,5,-9.117
gen_01544,15,-7.439
gen_01545,15,-7.02
gen_01546,3,-6.993
gen_01547,4,-8.223
gen_01548,3,-7.411
gen_01549,4,-7.518
gen_01550,8,-8.024
gen_01551,3,-6.702
gen_01552,12,-7.1
gen_01553,3,-6.504
gen_01554,11,-7.547
gen_01555,10,-7.951
gen_01556,3,-7.161
gen_01557,11,-7.051
gen_01558,3,-7.909
gen_01559,8,-7.726
gen_01560,6,-8.408
gen_01561,2,-91.664
gen_01562,13,-7.492
gen_01563,9,-7.479
gen_01564,5,-7.306
gen_01565,14,-7.372
gen_01566,11,-7.224
gen_01567,4,-8.04
gen_01568,12,-6.773
gen_01569,5,-7.674
gen_01570,2,-7.084
gen_01571,5,-7.58
gen_01572,5,-7.003
gen_01573,5,-8.417
gen_01574,14,-8.329
gen_01575,16,-6.764
gen_01576,2,-6.934
gen_01577,3,-7.39
gen_01578,6,-8.04
gen_01579,6,-8.627
gen_01580,4,-6.841
gen_01581,7,-7.515
gen_01582,3,-6.428
gen_01583,9,-6.365
gen_01584,10,-6.848
gen_01585,2,-7.885
gen_01586,4,-8.028
gen_01587,10,-8.086
gen_01588,7,-8.452
gen_01589,6,-6.177
gen_01590,3,-7.199
gen_01591,5,-8.105
gen_01592,3,-7.447
gen_01593,12,-7.492
gen_01594,1,-8.5
gen_01595,2,-7.074
gen_01596,14,-7.638
gen_01597,9,-7.32
gen_01598,4,-6.628
gen_01599,10,-7.464
gen_01600,3,-7.397
gen_01601,5,-7.309
gen_01602,8,-7.688
gen_01603,7,-6.692
gen_01604,2,-7.208
gen_01605,12,-7.38
gen_01606,9,-6.826
gen_01607,7,-8.004
gen_01608,9,-7.028
gen_01609,4,-7.978
gen_01610,8,-7.426
gen_01611,6,-8.201
gen_01612,8,-7.712
gen_01613,6,-7.308
gen_01614,3,-71.081
gen_01615,9,-8.445
gen_01616,6,-6.542
gen_01617,3,-8.355
gen_01618,13,-8.269
gen_01619,13,-7.363
gen_01620,7,-7.092
gen_01621,5,-6.964
gen_01622,3,-7.454
gen_01623,5,-7.384
gen_01624,9,-7.884
gen_01625,10,-6.593
gen_01626,4,-7.964
gen_01627,9,-8.202
gen_01628,2,-44.586
gen_01629,2,-7.961
gen_01630,8,-6.827
gen_01631,14,-8.3
gen_01632,12,-7.499
gen_01633,3,-8.199
gen_01634,7,-7.685
gen_01635,12,-7.153
gen_01636,2,-6.923
gen_01637,4,-6.529
gen_01638,6,-7.786
gen_01639,9,-7.431
gen_01640,7,-7.406
gen_01641,6,-6.774
gen_01642,4,-6.246
gen_01643,6,-7.92
gen_01644,6,-7.65
gen_01645,2,-7.53
gen_01646,8,-7.703
gen_01647,9,-7.128
gen_01648,2,-7.164
gen_01649,4,-7.283
gen_01650,1,-7.576
gen_01651,6,-6.525
gen_01652,2,-7.319
gen_01653,4,-7.961
gen_01654,2,-7.541
gen_01655,2,-7.492
gen_01656,4,-8.03
gen_01657,2,-6.653
gen_01658,2,-119.04
gen_01659,6,-7.171
gen_01660,4,-7.309
gen_01661,4,-7.211
gen_01662,13,-6.831
gen_01663,9,-8.47
gen_01664,5,-8.097
gen_01665,5,-8.059
gen_01666,6,-7.314
gen_01667,10,-7.54
gen_01668,5,-8.034
gen_01669,10,-8.876
gen_01670,7,-8.787
gen_01671,6,-8.667
gen_01672,9,-7.107
gen_01673,5,-7.005
gen_01674,11,-7.339
gen_01675,7,-5.841
gen_01676,14,-7.737
gen_01677,7,-7.999
gen_01678,15,-8.06
gen_01679,1,-7.658
gen_01680,1,-7.092
gen_01681,5,-7.955
gen_01682,6,-7.761
gen_01683,13,-6.674
gen_01684,14,-7.081
gen_01685,12,-6.985
gen_01686,15,-7.607
gen_01687,14,-7.59
gen_01688,2,-8.104
gen_01689,2,-6.789
gen_01690,7,-6.875
gen_01691,11,-7.89
gen_01692,4,-7.94
gen_01693,5,-7.371
gen_01694,11,-8.233
gen_01695,12,-7.559
gen_01696,5,-7.605
gen_01697,15,-7.004
gen_01698,7,-8.138
gen_01699,4,-6.963
gen_01700,11,-7.439
gen_01701,6,-7.241
gen_01702,1,-7.513
gen_01703,8,-7.145
gen_01704,2,-8.244
gen_01705,11,-6.359
gen_01706,5,-8.329
gen_01707,13,-7.335
gen_01708,2,-7.031
gen_01709,5,-6.659
gen_01710,8,-7.533
gen_01711,13,-6.539
gen_01712,5,-6.78
gen_01713,5,-9.01
gen_01714,1,-7.002
gen_01715,4,-7.054
gen_01716,14,-7.606
gen_01717,3,-8.393
gen_01718,2,-51.289
gen_01719,10,-6.96
gen_01720,12,-5.954
gen_01721,8,-7.584
gen_01722,11,-7.317
gen_01723,3,-7.491
gen_01724,10,-7.719
gen_01725,8,-7.952
gen_01726,5,-7.667
gen_01727,2,-7.764
gen_01728,3,-6.491
gen_01729,13,-7.503
gen_01730,2,-7.808
gen_01731,6,-7.408
gen_01732,3,-7.099
gen_01733,3,-7.223
gen_01734,8,-8.586
gen_01735,10,-7.101
gen_01736,7,-7.77
gen_01737,8,-7.641
gen_01738,5,-7.328
gen_01739,3,-7.384
gen_01740,2,-7.685
gen_01741,2,-7.259
gen_01742,14,-7.672
gen_01743,3,-7.596
gen_01744,10,-7.937
gen_01745,2,-7.391
gen_01746,2,-7.212
gen_01747,3,-6.821
gen_01748,7,-8.697
gen_01749,1,-6.758
gen_01750,12,-8.331
gen_01751,5,-7.673
gen_01752,9,-7.142
gen_01753,9,-8.27
gen_01754,9,-6.959
gen_01755,3,-8.455
gen_01756,9,-7.803
gen_01757,7,-7.735
gen_01758,3,-6.649
gen_01759,2,-7.704
gen_01760,6,-8.435
gen_01761,3,-7.996
gen_01762,1,-6.961
gen_01763,1,-6.995
gen_01764,7,-7.503
gen_01765,15,-7.691
gen_01766,4,-7.856
gen_01767,5,-7.506
gen_01768,6,-8.142
gen_01769,8,-8.015
gen_01770,5,-6.834
gen_01771,6,-6.869
gen_01772,4,-7.594
gen_01773,15,-6.264
gen_01774,9,-7.619
gen_01775,7,-7.9
gen_01776,7,-8.64
gen_01777,11,-7.312
gen_01778,8,-8.502
gen_01779,6,-7.634
gen_01780,8,-7.624
gen_01781,7,-7.46
gen_01782,1,-7.265
gen_01783,2,-7.183
gen_01784,3,-6.034
gen_01785,9,-7.684
gen_01786,4,-7.759
gen_01787,9,-6.87
gen_01788,5,-7.696
gen_01789,8,-7.692
gen_01790,10,-8.165
gen_01791,2,-6.785
gen_01792,2,-7.425
gen_01793,1,-7.873
gen_01794,7,-7.651
gen_01795,6,-6.658
gen_01796,10,-7.604
gen_01797,5,-8.164
gen_01798,9,-8.759
gen_01799,4,-7.599
gen_01800,9,-7.656
gen_01801,8,-8.221
gen_01802,7,-7.302
gen_01803,8,-8.319
gen_01804,3,-7.365
gen_01805,8,-7.429
gen_01806,10,-7.454
gen_01807,8,-8.33
gen_01808,2,-7.414
gen_01809,6,-8.638
gen_01810,2,-6.696
gen_01811,7,-7.126
gen_01812,6,-7.259
gen_01813,3,-7.737
gen_01814,3,-8.045
gen_01815,2,-7.807
gen_01816,14,-8.17
gen_01817,2,-6.935
gen_01818,2,-7.437
gen_01819,9,-7.443
gen_01820,12,-7.762
gen_01821,6,-6.017
gen_01822,15,-7.803
gen_01823,5,-7.146
gen_01824,10,-7.536
gen_01825,4,-7.158
gen_01826,6,-6.799
gen_01827,3,-7.185
gen_01828,6,-8.236
gen_01829,5,-7.806
gen_01830,12,-6.69
gen_01831,3,-7.424
gen_01832,7,-7.392
gen_01833,7,-7.117
gen_01834,6,-7.81
gen_01835,9,-6.89
gen_01836,2,-7.56
gen_01837,5,-7.245
gen_01838,10,-6.772
gen_01839,6,-7.186
gen_01840,7,-8.012
gen_01841,6,-7.545
gen_01842,7,-7.53
gen_01843,1,-7.598
gen_01844,6,-7.632
gen_01845,10,-8.235
gen_01846,3,-7.045
gen_01847,15,-7.904
gen_01848,5,-6.738
gen_01849,3,-8.499
gen_01850,6,-8.297
gen_01851,9,-6.139
gen_01852,3,-7.886
gen_01853,8,-7.918
gen_01854,3,-8.229
gen_01855,4,-7.564
gen_01856,2,-8.229
gen_01857,10,-7.79
gen_01858,2,-7.664
gen_01859,2,-7.239
gen_01860,3,-7.437
gen_01861,2,-7.868
gen_01862,7,-7.075
gen_01863,2,-7.32
gen_01864,14,-7.584
gen_01865,6,-8.022
gen_01866,10,-6.88
gen_01867,3,-7.884
gen_01868,3,-8.145
gen_01869,1,-7.975
gen_01870,8,-8.288
gen_01871,9,-7.176
gen_01872,13,-7.442
gen_01873,2,-7.473
gen_01874,10,-8.181
gen_01875,9,-7.869
gen_01876,11,-6.957
gen_01877,5,-7.716
gen_01878,2,-7.323
gen_01879,3,-8.289
gen_01880,2,-7.905
gen_01881,6,-7.589
gen_01882,10,-8.093
gen_01883,9,-8.167
gen_01884,9,-7.345
gen_01885,2,-6.676
gen_01886,1,-7.619
gen_01887,12,-8.285
gen_01888,13,-7.068
gen_01889,3,-8.332
gen_01890,11,-7.157
gen_01891,6,-7.395
gen_01892,10,-8.36
gen_01893,11,-7.94
gen_01894,5,-7.746
gen_01895,8,-6.929
gen_01896,6,-6.458
gen_01897,1,-6.816
gen_01898,6,-6.29
gen_01899,2,-7.685
gen_01900,5,-8.017
gen_01901,12,-6.82
gen_01902,6,-6.851
gen_01903,3,-8.329
gen_01904,12,-7.688
gen_01905,2,-7.509
gen_01906,13,-7.425
gen_01907,2,-7.488
gen_01908,2,-7.548
gen_01909,4,-7.283
gen_01910,2,-7.575
gen_01911,7,-7.151
gen_01912,4,-7.214
gen_01913,2,-7.747
gen_01914,4,-8.001
gen_01915,3,-7.867
gen_01916,3,-7.26
gen_01917,4,-6.454
gen_01918,3,-6.554
gen_01919,9,-7.121
gen_01920,12,-6.862
gen_01921,16,-7.037
gen_01922,7,-8.152
gen_01923,13,-6.803
gen_01924,12,-7.743
gen_01925,7,-8.005
gen_01926,8,-7.933
gen_01927,7,-7.252
gen_01928,4,-7.468
gen_01929,2,-7.745
gen_01930,4,-6.974
gen_01931,4,-7.389
gen_01932,4,-7.834
gen_01933,11,-8.075
gen_01934,5,-7.238
gen_01935,5,-8.443
gen_01936,12,-6.18
gen_01937,5,-8.095
gen_01938,1,-86.954
gen_01939,8,-6.77
gen_01940,4,-6.954
gen_01941,9,-7.22
gen_01942,9,-8.094
gen_01943,1,-7.554
gen_01944,6,-6.904
gen_01945,16,-7.518
gen_01946,11,-7.931
gen_01947,6,-8.519
gen_01948,3,-7.381
gen_01949,2,-49.862
gen_01950,8,-6.971
gen_01951,14,-6.599
gen_01952,9,-6.881
gen_01953,4,-8.111
gen_01954,2,-6.503
gen_01955,4,-7.666
gen_01956,6,-7.499
gen_01957,9,-6.78
gen_01958,10,-7.13
gen_01959,7,-7.48
gen_01960,12,-7.194
gen_01961,1,-6.57
gen_01962,4,-8.443
gen_01963,3,-7.514
gen_01964,8,-7.662
gen_01965,5,-8.017
gen_01966,3,-6.294
gen_01967,4,-7.703
gen_01968,1,-6.815
gen_01969,6,-7.623
gen_01970,7,-7.29
gen_01971,4,-7.269
gen_01972,4,-7.608
gen_01973,3,-7.477
gen_01974,7,-6.941
gen_01975,11,-7.878
gen_01976,12,-7.143
gen_01977,10,-7.989
gen_01978,3,-7.758
gen_01979,8,-7.319
gen_01980,9,-7.82
gen_01981,5,-7.444
gen_01982,6,-7.848
gen_01983,5,-7.479
gen_01984,10,-7.043
gen_01985,1,-6.458
gen_01986,8,-7.501
gen_01987,8,-7.746
gen_01988,1,-8.169
gen_01989,14,-8.148
gen_01990,3,-7.247
gen_01991,6,-7.415
gen_01992,6,-7.857
gen_01993,9,-7.132
gen_01994,5,-7.954
gen_01995,10,-6.738
gen_01996,3,-8.34
gen_01997,11,-6.795
gen_01998,8,-6.425
gen_01999,5,-7.016
gen_02000,5,-7.361
gen_02001,12,-7.112
gen_02002,3,-8.379
gen_02003,4,-7.346
gen_02004,3,-7.588
gen_02005,3,-8.379
gen_02006,14,-8.058
gen_02007,13,-7.847
gen_02008,2,-8.094
gen_02009,2,-7.772
gen_02010,4,-7.385
gen_02011,4,-6.987
gen_02012,4,-7.994
gen_02013,13,-7.527
gen_02014,2,-6.937
gen_02015,6,-7.814
gen_02016,11,-7.167
gen_02017,3,-8.201
gen_02018,6,-8.03
gen_02019,5,-7.337
gen_02020,6,-7.11
gen_02021,8,-6.858
gen_02022,1,-6.434
gen_02023,2,-7.395
gen_02024,3,-6.93
gen_02025,5,-7.368
gen_02026,15,-7.136
gen_02027,10,-5.621
gen_02028,2,-70.396
gen_02029,4,-7.368
gen_02030,3,-7.953
gen_02031,3,-6.919
gen_02032,8,-6.832
gen_02033,2,-7.296
gen_02034,9,-7.438
gen_02035,7,-8.207
gen_02036,6,-7.596
gen_02037,5,-6.887
gen_02038,4,-7.197
gen_02039,2,-7.127
gen_02040,9,-6.853
gen_02041,7,-7.858
gen_02042,9,-7.053
gen_02043,4,-7.845
gen_02044,5,-7.721
gen_02045,2,-6.764
gen_02046,4,-7.962
gen_02047,4,-6.8
gen_02048,9,-7.586
gen_02049,5,-7.343
gen_02050,1,-8.052
gen_02051,3,-8.416
gen_02052,15,-6.978
gen_02053,6,-8.28
gen_02054,6,-6.777
gen_02055,5,-7.266
gen_02056,10,-8.147
gen_02057,5,-6.882
gen_02058,7,-6.176
gen_02059,5,-7.583
gen_02060,5,-8.548
gen_02061,15,-7.565
gen_02062,9,-8.495
gen_02063,4,-7.709
gen_02064,2,-6.425
gen_02065,14,-6.132
gen_02066,8,-7.713
gen_02067,12,-6.571
gen_02068,6,-6.984
gen_02069,7,-6.806
gen_02070,9,-8.36
gen_02071,16,-7.249
gen_02072,5,-7.612
gen_02073,14,-7.872
gen_02074,5,-8.882
gen_02075,3,-7.701
gen_02076,1,-8.741
gen_02077,3,-6.774
gen_02078,3,-7.557
gen_02079,14,-7.169
gen_02080,8,-7.989
gen_02081,11,-7.955
gen_02082,3,-7.317
gen_02083,2,-8.149
gen_02084,16,-6.868
gen_02085,2,-7.474
gen_02086,8,-6.965
gen_02087,5,-7.682
gen_02088,3,-8.045
gen_02089,3,-8.134
gen_02090,5,-7.523
gen_02091,4,-8.271
gen_02092,6,-7.776
gen_02093,4,-7.618
gen_02094,2,-8.562
gen_02095,2,-7.041
gen_02096,5,-6.952
gen_02097,11,-8.03
gen_02098,10,-6.888
gen_02099,10,-8.041
gen_02100,16,-7.124
gen_02101,14,-6.039
gen_02102,8,-6.555
gen_02103,9,-7.789
gen_02104,5,-7.573
gen_02105,2,-6.808
gen_02106,4,-6.538
gen_02107,15,-7.798
gen_02108,1,-7.57
gen_02109,4,-6.638
gen_02110,4,-8.212
gen_02111,8,-8.228
gen_02112,14,-7.297
gen_02113,11,-7.568
gen_02114,1,-6.724
gen_02115,9,-6.94
gen_02116,9,-7.249
gen_02117,9,-7.577
gen_02118,6,-8.401
gen_02119,8,-6.191
gen_02120,5,-7.342
gen_02121,3,-6.335
gen_02122,4,-7.234
gen_02123,7,-7.352
gen_02124,3,-6.518
gen_02125,4,-7.885
gen_02126,2,-7.869
gen_02127,2,-8.112
gen_02128,10,-7.266
gen_02129,2,-7.151
gen_02130,7,-7.394
gen_02131,3,-7.779
gen_02132,8,-7.883
gen_02133,11,-7.936
gen_02134,14,-6.928
gen_02135,12,-7.333
gen_02136,8,-6.665
gen_02137,7,-8.218
gen_02138,7,-7.062
gen_02139,8,-6.556
gen_02140,11,-7.681
gen_02141,6,-7.179
gen_02142,3,-6.839
gen_02143,2,-7.731
gen_02144,4,-7.552
gen_02145,13,-8.12
gen_02146,2,-7.491
gen_02147,2,-7.88
gen_02148,11,-7.763
gen_02149,4,-7.837
gen_02150,3,-7.666
gen_02151,1,-7.894
gen_02152,6,-8.349
gen_02153,7,-7.835
gen_02154,6,-8.081
gen_02155,4,-7.565
gen_02156,12,-6.346
gen_02157,3,-7.557
gen_02158,2,-8.484
gen_02159,5,-6.829
gen_02160,6,-7.225
gen_02161,2,-8.088
gen_02162,6,-7.372
gen_02163,2,-6.509
gen_02164,3,-6.87
gen_02165,7,-7.265
gen_02166,6,-7.219
gen_02167,6,-6.986
gen_02168,12,-7.038
gen_02169,9,-8.081
gen_02170,10,-8.658
gen_02171,7,-7.512
gen_02172,15,-6.491
gen_02173,8,-7.437
gen_02174,9,-7.078
gen_02175,2,-7.278
gen_02176,6,-6.96
gen_02177,5,-7.147
gen_02178,8,-7.312
gen_02179,3,-8.436
gen_02180,2,-6.653
gen_02181,3,-7.465
gen_02182,11,-7.461
gen_02183,5,-6.481
gen_02184,2,-6.92
gen_02185,12,-8.311
gen_02186,8,-8.623
gen_02187,2,-7.696
gen_02188,3,-6.81
gen_02189,11,-7.222
gen_02190,12,-7.72
gen_02191,4,-7.808
gen_02192,12,-6.875
gen_02193,12,-7.585
gen_02194,10,-7.637
gen_02195,1,-7.328
gen_02196,10,-7.243
gen_02197,4,-7.35
gen_02198,11,-7.658
gen_02199,10,-7.18
gen_02200,2,-6.893
gen_02201,14,-8.72
gen_02202,11,-6.983
gen_02203,14,-6.958
gen_02204,2,-7.697
gen_02205,5,-7.343
gen_02206,1,-8.021
gen_02207,9,-8.053
gen_02208,13,-7.548
gen_02209,3,-5.968
gen_02210,9,-7.682
gen_02211,4,-7.062
gen_02212,4,-7.229
gen_02213,8,-7.611
gen_02214,8,-6.448
gen_02215,1,-8.031
gen_02216,8,-7.754
gen_02217,13,-7.444
gen_02218,3,-6.229
gen_02219,2,-7.122
gen_02220,2,-5.675
gen_02221,7,-6.542
gen_02222,10,-7.926
gen_02223,6,-6.874
gen_02224,5,-7.574
gen_02225,8,-7.788
gen_02226,9,-6.769
gen_02227,4,-6.207
gen_02228,9,-7.175
gen_02229,12,-7.431
gen_02230,3,-8.695
gen_02231,2,-7.081
gen_02232,3,-8.135
gen_02233,5,-7.756
gen_02234,13,-8.145
gen_02235,12,-7.205
gen_02236,13,-7.319
gen_02237,1,-8.65
gen_02238,5,-7.011
gen_02239,11,-6.929
gen_02240,11,-7.312
gen_02241,8,-8.068
gen_02242,10,-7.074
gen_02243,15,-7.164
gen_02244,15,-7.203
gen_02245,4,-7.166
gen_02246,7,-7.438
gen_02247,13,-7.85
gen_02248,2,-174.363
gen_02249,3,-7.3
gen_02250,15,-8.013
gen_02251,2,-7.621
gen_02252,6,-7.383
gen_02253,9,-8.019
gen_02254,5,-8.007
gen_02255,3,-8.257
gen_02256,8,-8.066
gen_02257,11,-7.127
gen_02258,3,-7.766
gen_02259,8,-7.908
gen_02260,9,-6.755
gen_02261,3,-7.105
gen_02262,9,-7.767
gen_02263,4,-7.653
gen_02264,3,-7.771
gen_02265,5,-7.748
gen_02266,13,-8.101
gen_02267,9,-8.058
gen_02268,1,-8.055
gen_02269,10,-6.954
gen_02270,1,-8.144
gen_02271,6,-7.239
gen_02272,3,-7.26
gen_02273,15,-6.667
gen_02274,7,-8.398
gen_02275,7,-7.413
gen_02276,2,-6.697
gen_02277,3,-7.403
gen_02278,1,-7.249
gen_02279,4,-7.737
gen_02280,6,-7.729
gen_02281,4,-6.496
gen_02282,4,-7.526
gen_02283,7,-7.601
gen_02284,14,-7.135
gen_02285,4,-6.899
gen_02286,2,-7.998
gen_02287,7,-7.385
gen_02288,2,-7.62
gen_02289,8,-7.391
gen_02290,3,-7.803
gen_02291,8,-7.626
gen_02292,10,-7.322
gen_02293,12,-7.647
gen_02294,8,-8.66
gen_02295,6,-8.079
gen_02296,2,-7.342
gen_02297,4,-7.981
gen_02298,12,-8.184
gen_02299,1,-6.9
gen_02300,1,-6.504
gen_02301,7,-6.93
gen_02302,6,-7.54
gen_02303,8,-6.838
gen_02304,5,-7.063
gen_02305,2,-6.142
gen_02306,4,-7.042
gen_02307,12,-7.654
gen_02308,10,-7.657
gen_02309,13,-7.329
gen_02310,9,-8.646
gen_02311,4,-6.92
gen_02312,5,-7.007
gen_02313,9,-7.7
gen_02314,2,-7.254
gen_02315,10,-7.374
gen_02316,2,-6.952
gen_02317,6,-7.462
gen_02318,11,-7.041
gen_02319,5,-8.346
gen_02320,14,-6.83
gen_02321,9,-8.355
gen_02322,4,-7.67
gen_02323,3,-7.966
gen_02324,2,-6.849
gen_02325,4,-6.61
gen_02326,7,-8.472
gen_02327,12,-7.371
gen_02328,7,-7.999
gen_02329,4,-7.759
gen_02330,2,-8.23
gen_02331,6,-6.832
gen_02332,15,-7.653
gen_02333,5,-6.965
gen_02334,9,-7.377
gen_02335,7,-8.068
gen_02336,13,-7.735
gen_02337,13,-7.337
gen_02338,1,-6.231
gen_02339,5,-7.217
gen_02340,4,-8.179
gen_02341,5,-8.048
gen_02342,11,-7.764
gen_02343,5,-7.873
gen_02344,7,-7.622
gen_02345,2,-7.048
gen_02346,9,-8.042
gen_02347,5,-7.561
gen_02348,10,-7.43
gen_02349,3,-7.033
gen_02350,7,-6.96
gen_02351,10,-7.654
gen_02352,3,-7.393
gen_02353,11,-6.849
gen_02354,14,-7.889
gen_02355,11,-6.965
gen_02356,11,-7.557
gen_02357,4,-7.39
gen_02358,16,-7.591
gen_02359,3,-7.804
gen_02360,11,-6.631
gen_02361,5,-6.421
gen_02362,11,-7.756
gen_02363,13,-6.267
gen_02364,13,-7.138
gen_02365,3,-7.981
gen_02366,13,-6.383
gen_02367,7,-6.814
gen_02368,7,-7.057
gen_02369,10,-7.156
gen_02370,14,-7.837
gen_02371,3,-7.351
gen_02372,5,-7.213
gen_02373,7,-7.562
gen_02374,4,-7.783
gen_02375,8,-6.384
gen_02376,3,-8.563
gen_02377,2,-7.856
gen_02378,3,-8.115
gen_02379,8,-7.626
gen_02380,7,-7.226
gen_02381,9,-7.825
gen_02382,5,-6.614
gen_02383,3,-8.135
gen_02384,5,-7.27
gen_02385,6,-7.091
gen_02386,3,-7.878
gen_02387,14,-6.515
gen_02388,7,-7.808
gen_02389,1,-41.677
gen_02390,9,-6.698
gen_02391,2,-7.293
gen_02392,2,-8.401
gen_02393,14,-7.012
gen_02394,9,-7.6
gen_02395,4,-8.005
gen_02396,7,-7.431
gen_02397,4,-7.277
gen_02398,3,-7.132
gen_02399,7,-7.862
gen_02400,16,-8.268
gen_02401,11,-7.401
gen_02402,9,-9.107
gen_02403,8,-7.952
gen_02404,15,-8.063
gen_02405,4,-7.474
gen_02406,12,-7.106
gen_02407,7,-7.927
gen_02408,5,-7.71
gen_02409,8,-7.132
gen_02410,4,-7.416
gen_02411,2,-7.409
gen_02412,8,-6.475
gen_02413,16,-6.731
gen_02414,10,-7.728
gen_02415,4,-6.835
gen_02416,7,-7.805
gen_02417,9,-7.8
gen_02418,5,-7.207
gen_02419,11,-7.66
gen_02420,7,-8.402
gen_02421,7,-8.023
gen_02422,11,-7.282
gen_02423,7,-6.636
gen_02424,6,-7.322
gen_02425,16,-5.781
gen_02426,3,-7.0
gen_02427,2,-7.518
gen_02428,4,-7.725
gen_02429,3,-6.665
gen_02430,5,-7.904
gen_02431,12,-8.006
gen_02432,2,-6.819
gen_02433,8,-7.328
gen_02434,2,-6.622
gen_02435,3,-7.225
gen_02436,4,-8.259
gen_02437,13,-7.735
gen_02438,4,-7.798
gen_02439,3,-8.664
gen_02440,6,-9.398
gen_02441,14,-7.342
gen_02442,2,-7.539
gen_02443,5,-7.781
gen_02444,11,-8.079
gen_02445,2,-6.959
gen_02446,8,-7.589
gen_02447,1,-7.745
gen_02448,5,-7.552
gen_02449,11,-7.283
gen_02450,3,-6.649
gen_02451,15,-7.292
gen_02452,2,-7.469
gen_02453,3,-6.898
gen_02454,9,-7.193
gen_02455,8,-6.502
gen_02456,4,-7.246
gen_02457,4,-7.552
gen_02458,3,-7.555
gen_02459,3,-7.828
gen_02460,9,-7.816
gen_02461,6,-7.373
gen_02462,10,-7.402
gen_02463,2,-7.504
gen_02464,4,-6.807
gen_02465,2,-7.763
gen_02466,4,-7.423
gen_02467,14,-6.588
gen_02468,14,-7.674
gen_02469,2,-7.26
gen_02470,10,-7.244
gen_02471,5,-7.193
gen_02472,5,-7.566
gen_02473,15,-8.201
gen_02474,7,-7.694
gen_02475,11,-7.47
gen_02476,10,-8.018
gen_02477,14,-6.497
gen_02478,11,-7.286
gen_02479,3,-7.135
gen_02480,1,-6.61
gen_02481,12,-7.403
gen_02482,8,-8.185
gen_02483,3,-7.426
gen_02484,5,-7.033
gen_02485,5,-8.151
gen_02486,8,-7.518
gen_02487,6,-7.91
gen_02488,3,-8.252
gen_02489,12,-7.815
gen_02490,9,-8.286
gen_02491,9,-7.877
gen_02492,9,-6.885
gen_02493,8,-7.63
gen_02494,4,-6.763
gen_02495,7,-7.8
gen_02496,6,-8.351
gen_02497,9,-6.866
gen_02498,11,-7.82
gen_02499,2,-6.821
gen_02500,11,-8.066
gen_02501,14,-7.738
gen_02502,2,-7.196
gen_02503,13,-7.251
gen_02504,13,-7.292
gen_02505,11,-7.872
gen_02506,2,-7.3
gen_02507,10,-6.679
gen_02508,8,-7.856
gen_02509,4,-7.784
gen_02510,3,-6.599
gen_02511,10,-7.125
gen_02512,6,-7.888
gen_02513,4,-7.342
gen_02514,12,-6.844
gen_02515,2,-7.483
gen_02516,5,-7.374
gen_02517,8,-7.249
gen_02518,14,-7.134
gen_02519,13,-7.102
gen_02520,2,-7.688
gen_02521,13,-8.017
gen_02522,4,-8.146
gen_02523,3,-7.121
gen_02524,4,-8.719
gen_02525,2,-6.922
gen_02526,2,-7.492
gen_02527,3,-7.135
gen_02528,5,-7.219
gen_02529,2,-112.435
gen_02530,2,-7.383
gen_02531,1,-7.298
gen_02532,2,-7.496
gen_02533,12,-7.451
gen_02534,4,-8.108
gen_02535,9,-7.411
gen_02536,16,-7.385
gen_02537,10,-7.86
gen_02538,3,-7.009
gen_02539,5,-7.133
gen_02540,6,-6.413
gen_02541,2,-6.936
gen_02542,8,-7.285
gen_02543,5,-7.494
gen_02544,8,-8.23
gen_02545,10,-7.3
gen_02546,3,-8.15
gen_02547,5,-6.533
gen_02548,14,-7.656
gen_02549,12,-8.074
gen_02550,8,-8.405
gen_02551,4,-7.37
gen_02552,4,-6.71
gen_02553,4,-7.531
gen_02554,4,-6.254
gen_02555,3,-7.626
gen_02556,11,-6.629
gen_02557,7,-6.897
gen_02558,14,-7.484
gen_02559,3,-7.125
gen_02560,3,-8.14
gen_02561,6,-7.351
gen_02562,13,-7.115
gen_02563,7,-7.764
gen_02564,5,-8.092
gen_02565,7,-7.252
gen_02566,1,-7.66
gen_02567,5,-7.826
gen_02568,7,-7.802
gen_02569,5,-7.431
gen_02570,11,-8.176
gen_02571,4,-7.235
gen_02572,2,-8.171
gen_02573,6,-8.127
gen_02574,1,-7.717
gen_02575,9,-7.411
gen_02576,6,-6.276
gen_02577,7,-6.941
gen_02578,6,-6.825
gen_02579,4,-6.76
gen_02580,3,-7.375
gen_02581,3,-6.972
gen_02582,8,-7.762
gen_02583,8,-7.817
gen_02584,13,-7.914
gen_02585,7,-7.32
gen_02586,5,-7.11
gen_02587,7,-7.035
gen_02588,8,-7.28
gen_02589,10,-7.79
gen_02590,5,-7.567
gen_02591,15,-6.508
gen_02592,5,-7.49
gen_02593,3,-6.861
gen_02594,4,-7.405
gen_02595,12,-6.927
gen_02596,7,-8.207
gen_02597,6,-7.578
gen_02598,12,-7.59
gen_02599,7,-7.862
gen_02600,10,-7.806
gen_02601,5,-7.544
gen_02602,3,-6.871
gen_02603,6,-7.424
gen_02604,6,-7.806
gen_02605,14,-6.734
gen_02606,5,-8.428
gen_02607,2,-6.218
gen_02608,8,-7.742
gen_02609,10,-7.695
gen_02610,2,-7.997
gen_02611,8,-7.695
gen_02612,13,-7.097
gen_02613,3,-7.804
gen_02614,7,-8.396
gen_02615,11,-6.717
gen_02616,9,-7.096
gen_02617,4,-7.611
gen_02618,6,-7.938
gen_02619,5,-7.13
gen_02620,10,-7.273
gen_02621,10,-7.17
gen_02622,2,-7.618
gen_02623,4,-7.518
gen_02624,1,-6.872
gen_02625,5,-6.675
gen_02626,13,-8.608
gen_02627,3,-6.896
gen_02628,3,-7.401
gen_02629,11,-7.706
gen_02630,10,-7.194
gen_02631,6,-7.069
gen_02632,12,-7.249
gen_02633,3,-7.313
gen_02634,2,-8.278
gen_02635,10,-6.261
gen_02636,3,-6.957
gen_02637,5,-7.077
gen_02638,5,-7.974
gen_02639,4,-7.165
gen_02640,7,-8.266
gen_02641,3,-8.166
gen_02642,8,-7.486
gen_02643,4,-8.534
gen_02644,1,-7.52
gen_02645,11,-7.371
gen_02646,5,-6.605
gen_02647,4,-7.145
gen_02648,8,-8.638
gen_02649,7,-8.084
gen_02650,2,-7.558
gen_02651,2,-7.026
gen_02652,5,-7.499
gen_02653,3,-7.046
gen_02654,8,-7.883
gen_02655,10,-8.101
gen_02656,5,-7.535
gen_02657,12,-6.568
gen_02658,13,-7.224
gen_02659,6,-6.46
gen_02660,7,-8.015
gen_02661,5,-8.411
gen_02662,6,-7.61
gen_02663,12,-7.403
gen_02664,10,-7.07
gen_02665,11,-7.777
gen_02666,3,-7.813
gen_02667,4,-7.481
gen_02668,13,-6.926
gen_02669,2,-6.256
gen_02670,7,-7.772
gen_02671,10,-8.025
gen_02672,2,-7.136
gen_02673,5,-7.62
gen_02674,10,-7.593
gen_02675,5,-7.822
gen_02676,8,-8.018
gen_02677,5,-7.815
gen_02678,14,-7.517
gen_02679,11,-7.547
gen_02680,7,-7.077
gen_02681,12,-7.656
gen_02682,16,-7.73
gen_02683,4,-8.317
gen_02684,3,-6.872
gen_02685,7,-6.627
gen_02686,10,-7.152
gen_02687,3,-7.533
gen_02688,5,-8.416
gen_02689,3,-7.523
gen_02690,6,-7.81
gen_02691,4,-7.261
gen_02692,12,-7.558
gen_02693,13,-6.146
gen_02694,5,-7.831
gen_02695,4,-6.895
gen_02696,4,-7.768
gen_02697,1,-6.894
gen_02698,1,-7.666
gen_02699,2,-7.152
gen_02700,7,-6.441
gen_02701,8,-7.237
gen_02702,2,-7.404
gen_02703,6,-8.269
gen_02704,6,-7.093
gen_02705,16,-5.463
gen_02706,1,-8.107
gen_02707,10,-6.664
gen_02708,16,-7.58
gen_02709,10,-7.224
gen_02710,5,-7.02
gen_02711,8,-7.88
gen_02712,8,-8.137
gen_02713,1,-7.924
gen_02714,1,-150.308
gen_02715,8,-7.961
gen_02716,2,-7.3
gen_02717,2,-7.963
gen_02718,11,-7.408
gen_02719,12,-7.306
gen_02720,9,-8.844
gen_02721,7,-8.01
gen_02722,7,-7.498
gen_02723,4,-7.259
gen_02724,1,-6.401
gen_02725,8,-6.851
gen_02726,6,-7.459
gen_02727,2,-149.579
gen_02728,3,-7.708
gen_02729,4,-8.254
gen_02730,6,-7.954
gen_02731,5,-7.993
gen_02732,10,-7.423
gen_02733,1,-8.062
gen_02734,12,-8.083
gen_02735,3,-7.206
gen_02736,3,-7.624
gen_02737,7,-8.153
gen_02738,2,-7.759
gen_02739,6,-6.957
gen_02740,3,-7.027
gen_02741,5,-7.689
gen_02742,8,-7.236
gen_02743,2,-8.41
gen_02744,16,-7.34
gen_02745,5,-8.384
gen_02746,2,-7.939
gen_02747,5,-8.171
gen_02748,10,-7.48
gen_02749,8,-7.079
gen_02750,5,-8.777
gen_02751,6,-6.458
gen_02752,4,-8.005
gen_02753,4,-6.677
gen_02754,11,-7.719
gen_02755,3,-6.591
gen_02756,4,-6.775
gen_02757,9,-6.878
gen_02758,2,-7.207
gen_02759,15,-7.435
gen_02760,5,-8.84
gen_02761,4,-7.035
gen_02762,7,-7.086
gen_02763,1,-98.717
gen_02764,10,-8.083
gen_02765,3,-6.713
gen_02766,4,-7.696
gen_02767,1,-7.289
gen_02768,9,-7.281
gen_02769,10,-7.435
gen_02770,1,-7.376
gen_02771,3,-7.296
gen_02772,1,-7.09
gen_02773,9,-6.817
gen_02774,4,-7.432
gen_02775,4,-7.117
gen_02776,3,-121.918
gen_02777,2,-7.064
gen_02778,4,-7.747
gen_02779,9,-7.926
gen_02780,8,-7.807
gen_02781,13,-7.388
gen_02782,14,-7.333
gen_02783,5,-7.549
gen_02784,2,-6.956
gen_02785,5,-7.041
gen_02786,4,-6.696
gen_02787,3,-7.769
gen_02788,6,-7.063
gen_02789,11,-7.971
gen_02790,1,-7.586
gen_02791,2,-6.657
gen_02792,7,-7.283
gen_02793,11,-7.073
gen_02794,12,-6.506
gen_02795,4,-7.968
gen_02796,9,-7.557
gen_02797,14,-7.7
gen_02798,2,-6.193
gen_02799,4,-7.802
gen_02800,5,-7.527
gen_02801,9,-7.274
gen_02802,4,-7.95
gen_02803,3,-7.327
gen_02804,5,-8.009
gen_02805,16,-6.491
gen_02806,14,-6.654
gen_02807,6,-8.703
gen_02808,12,-7.309
gen_02809,12,-7.769
gen_02810,4,-8.951
gen_02811,11,-7.47
gen_02812,1,-7.521
gen_02813,11,-7.642
gen_02814,6,-7.552
gen_02815,12,-8.429
gen_02816,3,-8.086
gen_02817,2,-6.545
gen_02818,6,-6.703
gen_02819,13,-8.02
gen_02820,3,-7.862
gen_02821,4,-8.014
gen_02822,2,-7.609
gen_02823,2,-7.957
gen_02824,7,-6.244
gen_02825,5,-7.247
gen_02826,3,-7.23
gen_02827,10,-7.309
gen_02828,12,-7.768
gen_02829,13,-8.202
gen_02830,15,-7.367
gen_02831,5,-8.064
gen_02832,8,-6.506
gen_02833,6,-7.359
gen_02834,13,-7.227
gen_02835,4,-7.254
gen_02836,16,-7.11
gen_02837,10,-8.0
gen_02838,5,-7.969
gen_02839,12,-7.244
gen_02840,9,-7.297
gen_02841,2,-8.242
gen_02842,6,-7.98
gen_02843,7,-8.218
gen_02844,12,-7.557
gen_02845,5,-6.755
gen_02846,7,-8.162
gen_02847,2,-7.826
gen_02848,9,-7.853
gen_02849,1,-6.854
gen_02850,10,-8.373
gen_02851,9,-6.888
gen_02852,5,-7.451
gen_02853,2,-8.207
gen_02854,7,-7.702
gen_02855,5,-6.329
gen_02856,11,-8.165
gen_02857,14,-7.941
gen_02858,4,-7.736
gen_02859,2,-7.18
gen_02860,6,-7.053
gen_02861,11,-7.73
gen_02862,12,-7.723
gen_02863,4,-8.384
gen_02864,5,-7.655
gen_02865,9,-6.35
gen_02866,9,-7.892
gen_02867,4,-6.466
gen_02868,3,-7.215
gen_02869,10,-7.298
gen_02870,5,-8.163
gen_02871,2,-7.501
gen_02872,8,-8.267
gen_02873,8,-7.13
gen_02874,7,-7.012
gen_02875,10,-7.336
gen_02876,12,-7.614
gen_02877,8,-7.779
gen_02878,2,-7.902
gen_02879,11,-7.96
gen_02880,5,-8.117
gen_02881,10,-7.72
gen_02882,14,-7.61
gen_02883,2,-6.958
gen_02884,7,-7.322
gen_02885,2,-7.531
gen_02886,4,-7.764
gen_02887,7,-7.298
gen_02888,10,-7.92
gen_02889,4,-8.046
gen_02890,16,-7.879
gen_02891,1,-7.038
gen_02892,3,-7.576
gen_02893,5,-8.452
gen_02894,3,-6.799
gen_02895,6,-7.617
gen_02896,4,-76.508
gen_02897,4,-8.186
gen_02898,2,-7.385
gen_02899,6,-7.453
gen_02900,14,-7.174
gen_02901,14,-6.409
gen_02902,12,-7.14
gen_02903,5,-8.583
gen_02904,9,-7.048
gen_02905,4,-8.792
gen_02906,3,-6.448
gen_02907,5,-7.271
gen_02908,9,-7.554
gen_02909,1,-6.145
gen_02910,3,-8.146
gen_02911,13,-7.998
gen_02912,6,-6.933
gen_02913,13,-7.01
gen_02914,3,-7.076
gen_02915,3,-7.628
gen_02916,12,-8.13
gen_02917,6,-7.679
gen_02918,4,-7.028
gen_02919,5,-7.975
gen_02920,4,-6.506
gen_02921,9,-6.788
gen_02922,9,-6.818
gen_02923,8,-8.197
gen_02924,8,-7.969
gen_02925,2,-66.842
gen_02926,3,-7.472
gen_02927,6,-7.152
gen_02928,15,-6.901
gen_02929,9,-6.412
gen_02930,6,-9.014
gen_02931,15,-7.009
gen_02932,8,-7.614
gen_02933,5,-6.936
gen_02934,13,-7.35
gen_02935,12,-7.031
gen_02936,6,-7.355
gen_02937,1,-100.113
gen_02938,14,-7.218
gen_02939,9,-8.21
gen_02940,2,-7.795
gen_02941,13,-7.745
gen_02942,7,-7.185
gen_02943,4,-7.848
gen_02944,6,-7.262
gen_02945,6,-6.713
gen_02946,2,-7.15
gen_02947,8,-8.282
gen_02948,11,-6.666
gen_02949,2,-6.502
gen_02950,1,-6.69
gen_02951,5,-7.727
gen_02952,12,-8.003
gen_02953,4,-6.86
gen_02954,2,-7.916
gen_02955,6,-7.804
gen_02956,9,-7.264
gen_02957,3,-7.578
gen_02958,2,-7.091
gen_02959,4,-7.127
gen_02960,4,-7.927
gen_02961,7,-7.854
gen_02962,15,-5.71
gen_02963,13,-6.804
gen_02964,9,-7.478
gen_02965,11,-7.869
gen_02966,12,-7.589
gen_02967,4,-8.293
gen_02968,7,-7.868
gen_02969,2,-7.788
gen_02970,2,-7.515
gen_02971,12,-7.703
gen_02972,4,-8.237
gen_02973,3,-7.947
gen_02974,3,-8.134
gen_02975,3,-7.823
gen_02976,2,-6.694
gen_02977,1,-7.299
gen_02978,5,-7.636
gen_02979,6,-7.81
gen_02980,8,-7.86
gen_02981,7,-7.895
gen_02982,15,-7.744
gen_02983,7,-7.614
gen_02984,3,-6.734
gen_02985,10,-7.181
gen_02986,1,-129.633
gen_02987,5,-6.942
gen_02988,5,-6.822
gen_02989,14,-6.589
gen_02990,3,-7.012
gen_02991,1,-8.36
gen_02992,14,-7.932
gen_02993,7,-7.489
gen_02994,3,-6.818
gen_02995,7,-7.524
gen_02996,14,-7.543
gen_02997,5,-7.774
gen_02998,2,-7.809
gen_02999,5,-7.299
gen_03000,5,-7.669
gen_03001,4,-7.044
gen_03002,12,-7.222
gen_03003,2,-8.021
gen_03004,9,-8.364
gen_03005,7,-6.228
gen_03006,2,-7.809
gen_03007,2,-8.261
gen_03008,2,-7.218
gen_03009,16,-6.719
gen_03010,6,-6.659
gen_03011,6,-7.713
gen_03012,11,-7.816
gen_03013,1,-6.448
gen_03014,6,-7.361
gen_03015,15,-6.839
gen_03016,2,-7.083
gen_03017,4,-6.612
gen_03018,14,-7.968
gen_03019,7,-7.506
gen_03020,13,-8.231
gen_03021,14,-7.942
gen_03022,6,-7.24
gen_03023,10,-7.162
gen_03024,2,-7.407
gen_03025,4,-8.001
gen_03026,2,-6.846
gen_03027,6,-7.312
gen_03028,11,-6.759
gen_03029,3,-7.787
gen_03030,12,-6.958
gen_03031,8,-7.761
gen_03032,1,-7.27
gen_03033,4,-7.71
gen_03034,3,-89.934
gen_03035,4,-6.89
gen_03036,13,-8.08
gen_03037,11,-7.778
gen_03038,2,-87.93
gen_03039,13,-7.259
gen_03040,11,-7.186
gen_03041,2,-8.017
gen_03042,9,-7.7
gen_03043,15,-7.12
gen_03044,11,-7.624
gen_03045,14,-7.453
gen_03046,15,-7.583
gen_03047,2,-7.992
gen_03048,6,-7.628
gen_03049,3,-7.448
gen_03050,7,-7.729
gen_03051,2,-6.36
gen_03052,4,-7.202
gen_03053,4,-6.771
gen_03054,3,-7.65
gen_03055,10,-8.1
gen_03056,2,-7.605
gen_03057,6,-7.601
gen_03058,2,-7.818
gen_03059,3,-7.553
gen_03060,1,-8.167
gen_03061,6,-7.66
gen_03062,2,-7.549
gen_03063,3,-7.006
gen_03064,4,-6.822
gen_03065,5,-7.93
gen_03066,10,-7.335
gen_03067,7,-8.632
gen_03068,11,-7.638
gen_03069,14,-7.045
gen_03070,12,-6.943
gen_03071,6,-8.134
gen_03072,1,-7.442
gen_03073,5,-6.599
gen_03074,9,-7.785
gen_03075,9,-8.215
gen_03076,7,-7.023
gen_03077,4,-7.753
gen_03078,8,-7.046
gen_03079,10,-7.67
gen_03080,1,-71.281
gen_03081,1,-7.261
gen_03082,7,-7.295
gen_03083,4,-6.888
gen_03084,12,-7.759
gen_03085,5,-8.281
gen_03086,4,-7.38
gen_03087,3,-7.838
gen_03088,9,-7.568
gen_03089,6,-8.192
gen_03090,15,-7.302
gen_03091,5,-8.065
gen_03092,4,-6.775
gen_03093,8,-7.653
gen_03094,14,-7.0
gen_03095,13,-7.846
gen_03096,3,-6.696
gen_03097,3,-6.554
gen_03098,7,-7.325
gen_03099,3,-6.963
gen_03100,4,-7.269
gen_03101,2,-7.891
gen_03102,6,-8.049
gen_03103,9,-8.014
gen_03104,8,-7.727
gen_03105,8,-6.868
gen_03106,2,-6.994
gen_03107,7,-7.808
gen_03108,6,-8.708
gen_03109,7,-7.072
gen_03110,6,-7.462
gen_03111,4,-7.382
gen_03112,1,-7.954
gen_03113,2,-6.747
gen_03114,2,-7.685
gen_03115,3,-6.508
gen_03116,15,-7.018
gen_03117,6,-7.579
gen_03118,10,-6.378
gen_03119,5,-7.341
gen_03120,11,-7.892
gen_03121,9,-7.558
gen_03122,8,-6.614
gen_03123,11,-7.656
gen_03124,5,-7.297
gen_03125,11,-7.49
gen_03126,11,-7.31
gen_03127,4,-8.014
gen_03128,5,-6.155
gen_03129,15,-7.477
gen_03130,9,-6.608
gen_03131,5,-6.737
gen_03132,1,-7.732
gen_03133,4,-7.141
gen_03134,4,-7.745
gen_03135,4,-7.167
gen_03136,2,-7.312
gen_03137,10,-8.65
gen_03138,13,-8.053
gen_03139,1,-6.376
gen_03140,10,-7.423
gen_03141,7,-7.429
gen_03142,4,-7.261
gen_03143,8,-7.445
gen_03144,3,-7.278
gen_03145,9,-7.202
gen_03146,5,-6.912
gen_03147,5,-7.803
gen_03148,3,-8.437
gen_03149,4,-7.493
gen_03150,7,-6.811
gen_03151,10,-7.338
gen_03152,4,-6.793
gen_03153,5,-6.971
gen_03154,2,-7.443
gen_03155,7,-7.249
gen_03156,2,-6.005
gen_03157,6,-7.478
gen_03158,15,-7.739
gen_03159,2,-8.31
gen_03160,5,-8.411
gen_03161,5,-7.957
gen_03162,4,-7.132
gen_03163,4,-7.562
gen_03164,3,-7.198
gen_03165,9,-7.639
gen_03166,1,-7.302
gen_03167,16,-8.388
gen_03168,15,-7.581
gen_03169,2,-6.81
gen_03170,1,-6.78
gen_03171,3,-7.658
gen_03172,1,-6.526
gen_03173,3,-7.289
gen_03174,5,-7.516
gen_03175,3,-7.333
gen_03176,5,-7.391
gen_03177,2,-6.255
gen_03178,2,-9.115
gen_03179,10,-6.967
gen_03180,5,-8.377
gen_03181,11,-7.935
gen_03182,14,-7.851
gen_03183,14,-7.356
gen_03184,5,-7.79
gen_03185,10,-7.42
gen_03186,2,-7.92
gen_03187,2,-6.845
gen_03188,2,-7.733
gen_03189,7,-7.727
gen_03190,1,-6.981
gen_03191,3,-7.716
gen_03192,2,-8.167
gen_03193,3,-7.663
gen_03194,3,-6.816
gen_03195,2,-7.572
gen_03196,6,-7.849
gen_03197,1,-6.665
gen_03198,1,-7.41
gen_03199,13,-6.797
gen_03200,4,-6.836
gen_03201,2,-7.694
gen_03202,2,-8.347
gen_03203,3,-7.389
gen_03204,2,-7.798
gen_03205,8,-7.737
gen_03206,10,-7.493
gen_03207,3,-7.527
gen_03208,12,-7.672
gen_03209,4,-7.238
gen_03210,10,-7.655
gen_03211,8,-8.173
gen_03212,10,-7.422
gen_03213,12,-8.002
gen_03214,5,-7.115
gen_03215,4,-7.438
gen_03216,8,-8.308
gen_03217,3,-7.756
gen_03218,8,-8.061
gen_03219,6,-6.317
gen_03220,8,-7.508
gen_03221,2,-6.929
gen_03222,8,-8.284
gen_03223,2,-7.26
gen_03224,8,-8.725
gen_03225,6,-7.817
gen_03226,8,-7.168
gen_03227,12,-6.424
gen_03228,10,-7.289
gen_03229,3,-8.069
gen_03230,3,-8.018
gen_03231,11,-7.991
gen_03232,4,-7.256
gen_03233,14,-7.588
gen_03234,4,-6.908
gen_03235,10,-7.884
gen_03236,15,-6.621
gen_03237,15,-7.797
gen_03238,2,-7.005
gen_03239,11,-8.244
gen_03240,5,-7.553
gen_03241,2,-120.979
gen_03242,5,-7.852
gen_03243,8,-7.816
gen_03244,1,-7.53
gen_03245,11,-7.56
gen_03246,4,-8.073
gen_03247,3,-8.309
gen_03248,4,-7.277
gen_03249,1,-6.115
gen_03250,4,-7.96
gen_03251,7,-7.258
gen_03252,12,-7.659
gen_03253,8,-7.298
gen_03254,2,-6.994
gen_03255,1,-134.985
gen_03256,4,-8.386
gen_03257,4,-7.107
gen_03258,9,-6.881
gen_03259,3,-6.894
gen_03260,7,-7.446
gen_03261,4,-7.784
gen_03262,3,-111.675
gen_03263,10,-7.211
gen_03264,12,-7.067
gen_03265,6,-7.212
gen_03266,12,-7.952
gen_03267,5,-8.231
gen_03268,5,-7.361
gen_03269,1,-128.334
gen_03270,10,-6.831
gen_03271,3,-7.403
gen_03272,16,-7.075
gen_03273,13,-6.572
gen_03274,1,-7.395
gen_03275,3,-7.469
gen_03276,4,-8.204
gen_03277,5,-7.948
gen_03278,4,-6.946
gen_03279,3,-7.342
gen_03280,6,-7.177
gen_03281,13,-8.126
gen_03282,5,-7.423
gen_03283,5,-7.818
gen_03284,8,-7.978
gen_03285,3,-7.906
gen_03286,3,-7.283
gen_03287,6,-6.351
gen_03288,9,-7.395
gen_03289,1,-7.382
gen_03290,3,-7.898
gen_03291,6,-7.755
gen_03292,9,-7.832
gen_03293,3,-7.212
gen_03294,3,-8.097
gen_03295,2,-6.878
gen_03296,11,-8.137
gen_03297,4,-7.802
gen_03298,2,-7.688
gen_03299,5,-7.223
gen_03300,7,-8.343
gen_03301,1,-7.247
gen_03302,1,-7.247
gen_03303,4,-7.203
gen_03304,15,-7.834
gen_03305,2,-7.539
gen_03306,6,-7.35
gen_03307,5,-7.066
gen_03308,15,-7.37
gen_03309,2,-7.577
gen_03310,2,-6.883
gen_03311,7,-6.871
gen_03312,5,-7.758
gen_03313,5,-7.429
gen_03314,4,-7.359
gen_03315,10,-6.377
gen_03316,10,-7.143
gen_03317,4,-7.732
gen_03318,9,-7.652
gen_03319,7,-8.184
gen_03320,2,-7.429
gen_03321,2,-7.088
gen_03322,9,-7.834
gen_03323,2,-7.034
gen_03324,15,-6.195
gen_03325,6,-6.705
gen_03326,15,-8.106
gen_03327,15,-7.158
gen_03328,8,-7.798
gen_03329,8,-7.756
gen_03330,6,-7.643
gen_03331,10,-8.039
gen_03332,6,-6.923
gen_03333,3,-6.899
gen_03334,6,-7.223
gen_03335,10,-7.532
gen_03336,1,-7.323
gen_03337,9,-7.618
gen_03338,2,-6.532
gen_03339,3,-7.484
gen_03340,2,-7.532
gen_03341,8,-7.84
gen_03342,5,-7.964
gen_03343,11,-7.977
gen_03344,2,-7.798
gen_03345,13,-7.185
gen_03346,3,-7.309
gen_03347,4,-8.542
gen_03348,4,-7.636
gen_03349,10,-7.329
gen_03350,8,-7.589
gen_03351,8,-6.632
gen_03352,3,-7.669
gen_03353,3,-6.894
gen_03354,14,-7.176
gen_03355,9,-7.698
gen_03356,9,-7.033
gen_03357,7,-7.119
gen_03358,8,-7.951
gen_03359,2,-8.106
gen_03360,3,-8.283
gen_03361,13,-7.676
gen_03362,4,-8.026
gen_03363,5,-6.478
gen_03364,8,-7.433
gen_03365,12,-6.669
gen_03366,5,-7.024
gen_03367,6,-7.13
gen_03368,7,-7.661
gen_03369,8,-7.353
gen_03370,7,-7.861
gen_03372,9,-7.717
gen_03373,2,-6.747
gen_03374,4,-8.383
gen_03375,11,-7.945
gen_03376,10,-7.947
gen_03377,10,-7.405
gen_03378,8,-7.318
gen_03379,6,-7.506
gen_03380,7,-6.77
gen_03381,16,-7.428
gen_03382,3,-8.106
gen_03383,6,-6.162
gen_03384,8,-7.83
gen_03385,7,-7.538
gen_03386,5,-6.083
gen_03387,5,-8.221
gen_03388,3,-6.862
gen_03389,2,-7.484
gen_03390,16,-6.626
gen_03391,4,-8.061
gen_03392,8,-7.878
gen_03393,6,-7.324
gen_03394,12,-8.397
gen_03395,9,-7.489
gen_03396,8,-6.954
gen_03397,4,-7.808
gen_03398,9,-7.836
gen_03399,3,-7.364
gen_03400,11,-7.991
gen_03401,2,-7.696
gen_03402,1,-6.86
gen_03403,7,-7.643
gen_03404,1,-51.406
gen_03405,5,-8.148
gen_03406,4,-7.569
gen_03407,8,-7.741
gen_03408,4,-7.485
gen_03409,11,-7.353
gen_03410,5,-8.327
gen_03411,2,-6.918
gen_03412,4,-8.133
gen_03413,11,-7.68
gen_03414,2,-6.825
gen_03415,13,-7.829
gen_03416,11,-7.947
gen_03417,2,-6.326
gen_03418,3,-8.863
gen_03419,2,-8.352
gen_03420,6,-6.894
gen_03421,9,-7.65
gen_03422,5,-8.05
gen_03423,12,-6.746
gen_03424,7,-8.02
gen_03425,6,-8.4
gen_03426,11,-7.228
gen_03427,13,-7.491
gen_03428,3,-6.98
gen_03429,7,-7.557
gen_03430,14,-5.915
gen_03431,11,-7.424
gen_03432,16,-6.29
gen_03433,5,-7.795
gen_03434,3,-8.109
gen_03435,1,-7.413
gen_03436,6,-7.249
gen_03437,15,-6.938
gen_03438,12,-7.56
gen_03439,2,-8.252
gen_03440,7,-7.771
gen_03441,4,-6.865
gen_03442,8,-7.476
gen_03443,4,-7.891
gen_03444,13,-8.622
gen_03445,6,-8.1
gen_03446,1,-6.544
gen_03447,8,-7.692
gen_03448,7,-6.814
gen_03449,10,-7.558
gen_03450,6,-7.34
gen_03451,9,-7.593
gen_03452,2,-6.581
gen_03453,9,-7.669
gen_03454,2,-6.32
gen_03455,5,-6.802
gen_03456,8,-7.219
gen_03457,4,-7.794
gen_03458,4,-7.284
gen_03459,14,-6.63
gen_03460,13,-6.94
gen_03461,9,-7.547
gen_03462,7,-6.95
gen_03463,2,-7.399
gen_03464,7,-7.905
gen_03465,6,-8.315
gen_03466,3,-108.227
gen_03467,2,-8.16
gen_03468,7,-7.455
gen_03469,10,-7.926
gen_03470,11,-7.595
gen_03471,6,-8.449
gen_03472,10,-8.04
gen_03473,14,-7.611
gen_03474,4,-7.552
gen_03475,4,-7.566
gen_03476,4,-8.03
gen_03477,4,-7.436
gen_03478,9,-8.336
gen_03479,9,-6.599
gen_03480,4,-8.069
gen_03481,7,-7.463
gen_03482,2,-8.336
gen_03483,13,-8.143
gen_03484,6,-7.696
gen_03485,4,-8.151
gen_03486,6,-7.207
gen_03487,10,-7.531
gen_03488,4,-7.661
gen_03489,6,-8.234
gen_03490,6,-6.523
gen_03491,7,-8.129
gen_03492,10,-8.101
gen_03493,14,-7.311
gen_03494,10,-7.089
gen_03495,6,-7.502
gen_03496,5,-7.671
gen_03497,5,-6.94
gen_03498,12,-7.423
gen_03499,14,-7.432
gen_03500,2,-7.227
gen_03501,9,-8.005
gen_03502,13,-7.001
gen_03503,7,-6.992
gen_03504,8,-7.952
gen_03505,8,-6.378
gen_03506,2,-7.152
gen_03507,5,-7.42
gen_03508,8,-8.338
gen_03509,4,-7.619
gen_03510,2,-6.882
gen_03511,1,-7.655
gen_03512,7,-8.151
gen_03513,3,-6.404
gen_03514,5,-8.178
gen_03515,6,-7.428
gen_03516,2,-7.446
gen_03517,11,-6.963
gen_03518,7,-7.369
gen_03519,7,-7.066
gen_03520,3,-6.291
gen_03521,4,-7.408
gen_03522,6,-6.566
gen_03523,4,-7.841
gen_03524,11,-6.258
gen_03525,7,-7.905
gen_03526,10,-7.671
gen_03527,2,-7.552
gen_03528,4,-7.975
gen_03529,6,-7.518
gen_03530,2,-8.265
gen_03531,8,-7.763
gen_03532,14,-7.213
gen_03533,4,-7.477
gen_03534,3,-6.656
gen_03535,8,-7.612
gen_03536,3,-8.038
gen_03537,8,-6.822
gen_03538,5,-7.309
gen_03539,4,-7.58
gen_03540,12,-8.03
gen_03541,11,-7.748
gen_03542,6,-8.519
gen_03543,9,-7.204
gen_03544,1,-6.936
gen_03545,4,-7.35
gen_03546,6,-8.09
gen_03547,1,-6.967
gen_03548,5,-7.95
gen_03549,3,-7.342
gen_03550,5,-6.814
gen_03551,4,-7.353
gen_03552,10,-8.104
gen_03553,4,-7.243
gen_03554,9,-7.761
gen_03555,8,-7.232
gen_03556,5,-8.097
gen_03557,3,-7.716
gen_03558,12,-7.094
gen_03559,7,-7.589
gen_03560,7,-7.489
gen_03561,2,-7.762
gen_03562,9,-6.472
gen_03563,8,-7.488
gen_03564,12,-7.215
gen_03565,2,-7.285
gen_03566,3,-7.6
gen_03567,1,-7.603
gen_03568,5,-6.849
gen_03569,6,-7.344
gen_03570,13,-7.099
gen_03571,8,-6.67
gen_03572,4,-7.921
gen_03573,13,-7.433
gen_03574,4,-7.249
gen_03575,5,-7.354
gen_03576,3,-7.417
gen_03577,7,-6.7
gen_03578,3,-8.01
gen_03579,9,-6.555
gen_03580,6,-7.917
gen_03581,12,-7.876
gen_03582,10,-8.012
gen_03583,9,-7.95
gen_03584,7,-7.44
gen_03585,5,-7.4
gen_03586,5,-6.945
gen_03587,3,-7.108
gen_03588,2,-6.836
gen_03589,9,-7.071
gen_03590,3,-7.901
gen_03591,4,-6.992
gen_03592,4,-7.583
gen_03593,15,-7.612
gen_03594,5,-7.007
gen_03595,11,-8.8
gen_03596,3,-7.487
gen_03597,2,-7.655
gen_03598,8,-7.59
gen_03599,11,-6.674
gen_03600,11,-7.879
gen_03601,5,-6.906
gen_03602,6,-6.43
gen_03603,9,-7.26
gen_03604,3,-7.752
gen_03605,8,-7.505
gen_03606,9,-7.436
gen_03607,6,-7.173
gen_03608,3,-7.648
gen_03609,5,-7.794
gen_03610,7,-7.346
gen_03611,1,-6.459
gen_03612,5,-8.616
gen_03613,5,-7.919
gen_03614,10,-7.607
gen_03615,4,-7.332
gen_03616,2,-8.838
gen_03617,9,-7.296
gen_03618,9,-6.948
gen_03619,9,-6.282
gen_03620,2,-6.117
gen_03621,6,-7.291
gen_03622,14,-7.575
gen_03623,3,-7.612
gen_03624,3,-7.339
gen_03625,10,-7.922
gen_03626,8,-7.933
gen_03627,1,-7.628
gen_03628,4,-7.154
gen_03629,2,-7.276
gen_03630,8,-7.66
gen_03631,7,-7.241
gen_03632,6,-7.76
gen_03633,4,-7.099
gen_03634,6,-6.955
gen_03635,13,-7.983
gen_03636,2,-7.021
gen_03637,6,-7.62
gen_03638,5,-8.127
gen_03639,2,-6.373
gen_03640,3,-7.264
gen_03641,14,-7.894
gen_03642,9,-7.091
gen_03643,5,-8.258
gen_03644,6,-6.653
gen_03645,13,-7.61
gen_03646,11,-7.479
gen_03647,8,-6.916
gen_03648,3,-7.593
gen_03649,2,-7.311
gen_03650,10,-7.753
gen_03651,3,-6.943
gen_03652,2,-8.342
gen_03653,2,-7.988
gen_03654,7,-7.188
gen_03655,9,-7.264
gen_03656,14,-7.748
gen_03657,2,-7.36
gen_03658,4,-8.482
gen_03659,2,-6.794
gen_03660,12,-8.016
gen_03661,5,-8.326
gen_03662,6,-6.901
gen_03663,12,-7.631
gen_03664,8,-7.904
gen_03665,6,-8.629
gen_03666,2,-7.091
gen_03667,3,-6.808
gen_03668,8,-7.535
gen_03669,8,-7.47
gen_03670,4,-6.712
gen_03671,2,-7.947
gen_03672,15,-6.791
gen_03673,9,-7.042
gen_03674,11,-7.895
gen_03675,3,-6.636
gen_03676,2,-7.379
gen_03677,6,-7.454
gen_03678,8,-7.413
gen_03679,5,-8.569
gen_03680,6,-7.939
gen_03681,7,-8.134
gen_03682,2,-6.404
gen_03683,4,-6.429
gen_03684,8,-6.182
gen_03685,10,-7.772
gen_03686,5,-7.746
gen_03687,4,-7.499
gen_03688,4,-7.703
gen_03689,3,-173.81
gen_03690,2,-7.921
gen_03691,7,-7.652
gen_03692,14,-6.768
gen_03693,5,-8.724
gen_03694,3,-7.474
gen_03695,11,-6.627
gen_03696,6,-6.816
gen_03697,2,-7.693
gen_03698,8,-8.362
gen_03699,12,-7.089
gen_03700,6,-7.164
gen_03701,3,-7.104
gen_03702,3,-8.023
gen_03703,6,-7.048
gen_03704,8,-8.325
gen_03705,1,-58.215
gen_03706,4,-7.534
gen_03707,11,-6.493
gen_03708,4,-7.179
gen_03709,4,-8.474
gen_03710,3,-7.047
gen_03711,13,-6.524
gen_03712,10,-7.511
gen_03713,11,-8.307
gen_03714,16,-6.848
gen_03715,10,-7.494
gen_03716,16,-7.083
gen_03717,7,-8.138
gen_03718,5,-6.929
gen_03719,3,-7.586
gen_03720,11,-7.253
gen_03721,4,-7.727
gen_03722,11,-7.671
gen_03723,11,-7.908
gen_03724,3,-7.747
gen_03725,4,-7.169
gen_03726,4,-6.894
gen_03727,1,-7.904
gen_03728,13,-7.447
gen_03729,3,-7.181
gen_03730,5,-7.151
gen_03731,2,-7.278
gen_03732,6,-6.818
gen_03733,14,-6.59
gen_03734,11,-6.08
gen_03735,3,-7.275
gen_03736,12,-7.381
gen_03737,5,-8.182
gen_03738,14,-6.9
gen_03739,4,-7.457
gen_03740,3,-7.199
gen_03741,7,-7.298
gen_03742,7,-6.675
gen_03743,2,-7.991
gen_03744,9,-8.178
gen_03745,6,-6.724
gen_03746,5,-9.673
gen_03747,5,-7.236
gen_03748,10,-7.988
gen_03749,1,-7.354
gen_03750,8,-8.131
gen_03751,16,-7.262
gen_03752,7,-8.037
gen_03753,13,-7.565
gen_03754,12,-7.797
gen_03755,1,-7.589
gen_03756,1,-7.271
gen_03757,9,-7.529
gen_03758,6,-8.223
gen_03759,1,-7.029
gen_03760,2,-7.127
gen_03761,6,-7.037
gen_03762,14,-7.548
gen_03763,2,-6.883
gen_03764,8,-7.614
gen_03765,6,-7.905
gen_03766,12,-8.126
gen_03767,7,-6.852
gen_03768,7,-8.765
gen_03769,1,-5.764
gen_03770,12,-7.948
gen_03771,1,-6.674
gen_03772,3,-8.511
gen_03773,9,-8.232
gen_03774,4,-6.879
gen_03775,6,-8.011
gen_03776,1,-7.663
gen_03777,9,-7.641
gen_03778,7,-7.04
gen_03779,2,-7.532
gen_03780,14,-7.041
gen_03781,10,-8.051
gen_03782,4,-8.029
gen_03783,5,-8.484
gen_03784,8,-7.831
gen_03785,1,-123.322
gen_03786,11,-7.065
gen_03787,14,-6.984
gen_03788,2,-7.125
gen_03789,2,-7.693
gen_03790,12,-5.693
gen_03791,6,-8.489
gen_03792,6,-7.366
gen_03793,1,-7.666
gen_03794,14,-7.272
gen_03795,12,-8.266
gen_03796,4,-6.594
gen_03797,10,-7.11
gen_03798,7,-6.923
gen_03799,8,-7.274
gen_03800,4,-7.958
gen_03801,6,-7.379
gen_03802,11,-7.258
gen_03803,3,-6.337
gen_03804,5,-8.598
gen_03805,2,-7.286
gen_03806,3,-6.689
gen_03807,11,-6.99
gen_03808,7,-7.213
gen_03809,10,-7.526
gen_03810,8,-7.209
gen_03811,2,-8.355
gen_03812,13,-6.122
gen_03813,6,-6.92
gen_03814,7,-7.665
gen_03815,13,-6.009
gen_03816,14,-7.522
gen_03817,4,-9.07
gen_03818,3,-6.905
gen_03819,2,-8.452
gen_03820,2,-7.636
gen_03821,2,-8.387
gen_03822,3,-8.015
gen_03823,8,-7.589
gen_03824,14,-8.155
gen_03825,6,-7.242
gen_03826,4,-6.812
gen_03827,6,-7.345
gen_03828,12,-7.016
gen_03829,11,-7.672
gen_03830,11,-8.086
gen_03831,8,-7.152
gen_03832,1,-7.207
gen_03833,14,-7.729
gen_03834,1,-8.314
gen_03835,1,-8.612
gen_03836,6,-7.332
gen_03837,8,-7.488
gen_03838,9,-7.938
gen_03839,7,-8.449
gen_03840,2,-7.058
gen_03841,10,-7.697
gen_03842,9,-7.625
gen_03843,2,-8.416
gen_03844,10,-7.779
gen_03845,8,-7.338
gen_03846,6,-7.885
gen_03847,7,-8.35
gen_03848,6,-7.838
gen_03849,14,-7.055
gen_03850,11,-8.289
gen_03851,3,-7.644
gen_03852,4,-8.785
gen_03853,10,-7.452
gen_03854,2,-7.398
gen_03855,12,-7.044
gen_03856,2,-6.676
gen_03857,2,-8.531
gen_03858,2,-6.353
gen_03859,2,-7.773
gen_03860,5,-7.34
gen_03861,8,-7.003
gen_03862,3,-63.233
gen_03863,6,-6.977
gen_03864,1,-7.154
gen_03865,5,-6.88
gen_03866,5,-7.912
gen_03867,5,-7.456
gen_03868,6,-7.381
gen_03869,3,-7.548
gen_03870,3,-6.999
gen_03871,6,-7.3
gen_03872,3,-7.296
gen_03873,5,-7.915
gen_03874,6,-7.093
gen_03875,16,-6.151
gen_03876,5,-7.566
gen_03877,11,-8.137
gen_03878,10,-6.585
gen_03879,5,-6.281
gen_03880,4,-6.816
gen_03881,12,-8.142
gen_03882,15,-6.187
gen_03883,4,-7.876
gen_03884,3,-8.15
gen_03885,7,-7.448
gen_03886,4,-8.037
gen_03887,4,-7.828
gen_03888,7,-7.705
gen_03889,4,-7.187
gen_03890,3,-6.733
gen_03891,7,-6.517
gen_03892,5,-7.726
gen_03893,4,-8.003
gen_03894,11,-6.928
gen_03895,10,-7.737
gen_03896,4,-8.094
gen_03897,7,-7.437
gen_03898,2,-6.5
gen_03899,7,-8.352
gen_03900,7,-8.069
gen_03901,6,-7.628
gen_03902,11,-8.064
gen_03903,6,-8.515
gen_03904,4,-7.524
gen_03905,2,-6.728
gen_03906,3,-7.408
gen_03907,2,-7.773
gen_03908,9,-7.953
gen_03909,10,-7.005
gen_03910,4,-7.63
gen_03911,4,-7.245
gen_03912,5,-7.214
gen_03913,11,-6.347
gen_03914,5,-8.634
gen_03915,3,-8.36
gen_03916,4,-6.903
gen_03917,4,-8.607
gen_03918,11,-7.693
gen_03919,5,-7.202
gen_03920,3,-6.838
gen_03921,5,-7.687
gen_03922,6,-7.456
gen_03923,8,-6.995
gen_03924,8,-7.857
gen_03925,4,-8.626
gen_03926,11,-7.319
gen_03927,6,-8.816
gen_03928,10,-7.584
gen_03929,4,-7.695
gen_03930,15,-7.133
gen_03931,5,-6.84
gen_03932,10,-7.373
gen_03933,2,-7.752
gen_03934,14,-7.403
gen_03935,2,-6.212
gen_03936,7,-7.841
gen_03937,8,-7.353
gen_03938,4,-7.274
gen_03939,13,-8.475
gen_03940,7,-7.596
gen_03941,9,-6.778
gen_03942,11,-7.77
gen_03943,3,-8.384
gen_03944,5,-7.898
gen_03945,9,-7.902
gen_03946,8,-7.368
gen_03947,3,-8.474
gen_03948,3,-8.212
gen_03949,13,-6.808
gen_03950,13,-8.085
gen_03951,9,-7.722
gen_03952,3,-7.232
gen_03953,4,-6.87
gen_03954,2,-8.376
gen_03955,3,-7.156
gen_03956,8,-7.822
gen_03957,5,-7.651
gen_03958,4,-7.889
gen_03959,11,-7.045
gen_03960,5,-7.662
gen_03961,4,-8.576
gen_03962,5,-7.005
gen_03963,1,-7.109
gen_03964,3,-7.037
gen_03965,2,-7.469
gen_03966,3,-6.944
gen_03967,10,-7.627
gen_03968,3,-7.31
gen_03969,12,-6.601
gen_03970,5,-7.678
gen_03971,2,-9.147
gen_03972,3,-6.985
gen_03973,7,-7.368
gen_03974,14,-7.387
gen_03975,9,-7.52
gen_03976,6,-7.729
gen_03977,2,-119.046
gen_03978,5,-8.194
gen_03979,1,-6.888
gen_03980,8,-6.761
gen_03981,13,-7.771
gen_03982,1,-7.65
gen_03983,8,-6.807
gen_03984,15,-7.673
gen_03985,5,-6.69
gen_03986,5,-7.334
gen_03987,11,-7.513
gen_03988,3,-7.305
gen_03989,3,-8.429
gen_03990,2,-7.459
gen_03991,5,-7.953
gen_03992,8,-7.228
gen_03993,5,-8.437
gen_03994,2,-7.449
gen_03995,13,-8.415
gen_03996,4,-7.523
gen_03997,2,-6.306
gen_03998,5,-7.516
gen_03999,16,-7.142
gen_04000,10,-7.903
gen_04001,8,-8.685
gen_04002,3,-7.263
gen_04003,4,-7.489
gen_04004,2,-126.279
gen_04005,16,-7.601
gen_04006,2,-6.699
gen_04007,4,-7.023
gen_04008,8,-8.068
gen_04009,12,-7.239
gen_04010,4,-8.272
gen_04011,8,-7.284
gen_04012,10,-8.363
gen_04013,13,-6.469
gen_04014,5,-7.187
gen_04015,11,-7.867
gen_04016,12,-7.272
gen_04017,1,-6.687
gen_04018,8,-8.442
gen_04019,14,-6.59
gen_04020,10,-7.603
gen_04021,10,-7.459
gen_04022,7,-7.783
gen_04023,4,-7.721
gen_04024,4,-7.594
gen_04025,10,-6.989
gen_04026,14,-7.718
gen_04027,3,-6.449
gen_04028,4,-6.719
gen_04029,2,-7.415
gen_04030,10,-7.532
gen_04031,14,-6.263
gen_04032,3,-6.673
gen_04033,7,-7.847
gen_04034,10,-6.779
gen_04035,2,-6.968
gen_04036,3,-7.012
gen_04037,12,-8.597
gen_04038,8,-7.014
gen_04039,12,-6.621
gen_04040,14,-7.503
gen_04041,1,-7.915
gen_04042,8,-8.154
gen_04043,6,-6.774
gen_04044,2,-55.901
gen_04045,1,-6.921
gen_04046,5,-6.506
gen_04047,6,-8.502
gen_04048,1,-8.142
gen_04049,6,-7.374
gen_04050,1,-7.33
gen_04051,3,-7.341
gen_04052,12,-6.405
gen_04053,4,-6.315
gen_04054,4,-7.277
gen_04055,3,-8.046
gen_04056,9,-7.133
gen_04057,5,-6.633
gen_04058,2,-7.334
gen_04059,6,-7.994
gen_04060,5,-8.101
gen_04061,14,-7.944
gen_04062,6,-6.729
gen_04063,11,-7.377
gen_04064,12,-7.766
gen_04065,9,-7.755
gen_04066,5,-7.323
gen_04067,11,-7.289
gen_04068,3,-8.123
gen_04069,4,-7.53
gen_04070,1,-6.374
gen_04071,6,-7.9
gen_04072,3,-6.965
gen_04073,8,-7.975
gen_04074,8,-8.635
gen_04075,8,-8.031
gen_04076,3,-7.149
gen_04077,9,-7.361
gen_04078,8,-8.149
gen_04079,1,-7.427
gen_04080,8,-8.15
gen_04081,15,-7.39
gen_04082,7,-7.731
gen_04083,3,-8.064
gen_04084,6,-7.815
gen_04085,4,-7.701
gen_04086,10,-7.744
gen_04087,7,-7.102
gen_04088,8,-8.148
gen_04089,5,-7.38
gen_04090,3,-6.957
gen_04091,2,-6.426
gen_04092,2,-6.755
gen_04093,8,-7.779
gen_04094,11,-7.717
gen_04095,4,-8.393
gen_04096,7,-7.976
gen_04097,4,-8.051
gen_04098,7,-7.302
gen_04099,8,-7.027
gen_04100,5,-7.809
gen_04101,10,-8.588
gen_04102,8,-6.638
gen_04103,6,-7.97
gen_04104,9,-7.618
gen_04105,1,-8.171
gen_04106,9,-6.935
gen_04107,2,-8.122
gen_04108,13,-7.22
gen_04109,9,-7.694
gen_04110,6,-7.191
gen_04111,7,-6.543
gen_04112,2,-5.794
gen_04113,4,-7.043
gen_04114,3,-7.241
gen_04115,7,-6.977
gen_04116,7,-8.361
gen_04117,9,-7.956
gen_04118,1,-8.351
gen_04119,3,-7.544
gen_04120,5,-6.535
gen_04121,7,-8.181
gen_04122,10,-7.621
gen_04123,6,-7.578
gen_04124,4,-7.383
gen_04125,4,-6.652
gen_04126,4,-7.027
gen_04127,6,-7.795
gen_04128,14,-7.458
gen_04129,9,-7.61
gen_04130,6,-7.134
gen_04131,11,-7.582
gen_04132,3,-7.968
gen_04133,6,-7.27
gen_04134,11,-8.097
gen_04135,4,-7.76
gen_04136,2,-7.474
gen_04137,4,-7.442
gen_04138,5,-7.608
gen_04139,4,-8.411
gen_04140,6,-8.621
gen_04141,2,-7.901
gen_04142,13,-7.413
gen_04143,13,-7.027
gen_04144,7,-8.417
gen_04145,12,-8.091
gen_04146,9,-7.271
gen_04147,11,-7.176
gen_04148,10,-7.454
gen_04149,5,-7.904
gen_04150,10,-6.978
gen_04151,16,-7.655
gen_04152,2,-6.863
gen_04153,2,-6.26
gen_04154,9,-7.245
gen_04155,8,-6.901
gen_04156,6,-7.749
gen_04157,6,-6.841
gen_04158,4,-8.205
gen_04159,1,-6.882
gen_04160,3,-7.459
gen_04161,8,-7.976
gen_04162,5,-6.455
gen_04163,4,-7.723
gen_04164,5,-8.163
gen_04165,7,-7.114
gen_04166,3,-6.824
gen_04167,12,-8.664
gen_04168,1,-7.032
gen_04169,1,-7.572
gen_04170,2,-6.89
gen_04171,4,-6.316
gen_04172,2,-7.172
gen_04173,11,-8.123
gen_04174,4,-7.91
gen_04175,12,-6.778
gen_04176,8,-6.616
gen_04177,9,-8.02
gen_04178,2,-7.096
gen_04179,2,-7.324
gen_04180,4,-8.308
gen_04181,7,-8.135
gen_04182,6,-7.531
gen_04183,6,-7.554
gen_04184,11,-6.999
gen_04185,12,-7.779
gen_04186,2,-6.145
gen_04187,10,-8.116
gen_04188,10,-6.766
gen_04189,9,-7.042
gen_04190,8,-8.424
gen_04191,15,-8.058
gen_04192,7,-7.149
gen_04193,3,-7.432
gen_04194,7,-6.859
gen_04195,5,-7.941
gen_04196,6,-7.174
gen_04197,2,-7.062
gen_04198,12,-7.938
gen_04199,7,-7.245
gen_04200,4,-7.881
gen_04201,2,-6.969
gen_04202,7,-7.973
gen_04203,2,-7.682
gen_04204,7,-7.39
gen_04205,9,-6.935
gen_04206,11,-8.538
gen_04207,12,-7.077
gen_04208,6,-7.404
gen_04209,3,-8.847
gen_04210,6,-7.991
gen_04211,2,-6.758
gen_04212,10,-7.66
gen_04213,8,-7.739
gen_04214,6,-7.649
gen_04215,4,-6.638
gen_04216,5,-8.129
gen_04217,11,-7.357
gen_04218,6,-7.853
gen_04219,10,-7.838
gen_04220,6,-6.605
gen_04221,7,-7.264
gen_04222,14,-6.383
gen_04223,9,-7.018
gen_04224,2,-8.206
gen_04225,12,-7.376
gen_04226,3,-7.684
gen_04227,9,-7.947
gen_04228,4,-7.336
gen_04229,6,-7.119
gen_04230,14,-8.075
gen_04231,2,-6.886
gen_04232,10,-7.348
gen_04233,4,-7.665
gen_04234,5,-6.822
gen_04235,8,-7.687
gen_04236,8,-7.688
gen_04237,8,-7.151
gen_04238,6,-7.572
gen_04239,2,-7.346
gen_04240,2,-7.73
gen_04241,6,-8.369
gen_04242,6,-7.555
gen_04243,4,-7.533
gen_04244,13,-7.466
gen_04245,7,-6.764
gen_04246,4,-7.137
gen_04247,4,-7.022
gen_04248,3,-6.285
gen_04249,9,-7.934
gen_04250,2,-7.184
gen_04251,8,-8.372
gen_04252,5,-9.061
gen_04253,8,-7.238
gen_04254,1,-6.526
gen_04255,13,-8.28
gen_04256,3,-8.383
gen_04257,9,-7.85
gen_04258,6,-7.549
gen_04259,7,-7.968
gen_04260,6,-8.299
gen_04261,4,-7.382
gen_04262,2,-6.882
gen_04263,9,-7.986
gen_04264,5,-8.476
gen_04265,1,-6.917
gen_04266,9,-7.466
gen_04267,5,-7.779
gen_04268,8,-6.016
gen_04269,14,-6.97
gen_04270,4,-8.095
gen_04271,11,-7.305
gen_04272,4,-7.707
gen_04273,3,-6.157
gen_04274,4,-7.641
gen_04275,6,-8.04
gen_04276,12,-7.564
gen_04277,5,-7.714
gen_04278,14,-7.258
gen_04279,5,-7.15
gen_04280,15,-7.205
gen_04281,1,-7.993
gen_04282,4,-8.126
gen_04283,3,-7.236
gen_04284,16,-6.407
gen_04285,13,-8.027
gen_04286,1,-7.13
gen_04287,7,-7.229
gen_04288,2,-6.929
gen_04289,6,-7.266
gen_04290,4,-7.123
gen_04291,8,-6.313
gen_04292,15,-6.773
gen_04293,2,-7.032
gen_04294,14,-7.459
gen_04295,2,-7.42
gen_04296,13,-8.308
gen_04297,15,-7.89
gen_04298,8,-7.384
gen_04299,10,-7.62
gen_04300,2,-8.121
gen_04301,3,-6.771
gen_04302,9,-7.395
gen_04303,12,-6.135
gen_04304,4,-8.092
gen_04305,2,-7.606
gen_04306,3,-7.221
gen_04307,5,-7.242
gen_04308,1,-8.236
gen_04309,5,-7.691
gen_04310,1,-145.954
gen_04311,4,-8.171
gen_04312,6,-6.785
gen_04313,4,-7.657
gen_04314,5,-8.26
gen_04315,6,-8.486
gen_04316,10,-7.971
gen_04317,4,-8.947
gen_04318,9,-7.077
gen_04319,2,-8.205
gen_04320,13,-6.65
gen_04321,5,-7.662
gen_04322,2,-8.508
gen_04323,8,-6.646
gen_04324,1,-8.015
gen_04325,3,-7.653
gen_04326,4,-7.456
gen_04327,4,-8.528
gen_04328,4,-7.055
gen_04329,2,-6.469
gen_04330,8,-7.756
gen_04331,11,-7.807
gen_04332,3,-7.002
gen_04333,4,-7.445
gen_04334,9,-7.54
gen_04335,3,-7.438
gen_04336,3,-7.654
gen_04337,2,-7.981
gen_04338,7,-6.785
gen_04339,12,-6.637
gen_04340,6,-6.588
gen_04341,3,-7.203
gen_04342,2,-7.486
gen_04343,5,-6.638
gen_04344,1,-7.888
gen_04345,6,-7.539
gen_04346,1,-7.094
gen_04347,10,-7.15
gen_04348,9,-7.185
gen_04349,13,-7.404
gen_04350,6,-8.164
gen_04351,3,-7.223
gen_04352,9,-7.548
gen_04353,4,-6.355
gen_04354,4,-8.029
gen_04355,11,-7.187
gen_04356,11,-6.803
gen_04357,12,-6.448
gen_04358,5,-7.235
gen_04359,9,-7.453
gen_04360,4,-6.925
gen_04361,7,-6.922
gen_04362,16,-7.793
gen_04363,6,-7.009
gen_04364,15,-6.776
gen_04365,10,-6.733
gen_04366,5,-8.072
gen_04367,5,-8.019
gen_04368,9,-7.949
gen_04369,4,-8.239
gen_04370,9,-6.856
gen_04371,3,-6.044
gen_04372,11,-7.556
gen_04373,10,-6.502
gen_04374,2,-7.914
gen_04375,9,-7.284
gen_04376,9,-7.339
gen_04377,6,-7.774
gen_04378,7,-7.504
gen_04379,3,-6.117
gen_04380,9,-7.268
gen_04381,3,-7.041
gen_04382,9,-6.923
gen_04383,2,-7.536
gen_04384,1,-6.265
gen_04385,3,-7.713
gen_04386,11,-8.34
gen_04387,5,-8.457
gen_04388,6,-7.01
gen_04389,11,-6.396
gen_04390,7,-7.059
gen_04391,4,-7.044
gen_04392,1,-7.555
gen_04393,13,-7.408
gen_04394,1,-7.204
gen_04395,3,-7.864
gen_04396,3,-8.786
gen_04397,11,-7.71
gen_04398,10,-7.378
gen_04399,14,-6.705
gen_04400,6,-7.953
gen_04401,3,-8.338
gen_04402,7,-8.425
gen_04403,1,-7.494
gen_04404,2,-7.521
gen_04405,6,-7.592
gen_04406,8,-8.37
gen_04407,4,-7.03
gen_04408,3,-7.29
gen_04409,3,-7.13
gen_04410,13,-7.69
gen_04411,3,-7.51
gen_04412,10,-7.597
gen_04413,14,-6.911
gen_04414,11,-8.151
gen_04415,9,-8.546
gen_04416,2,-8.033
gen_04417,2,-7.298
gen_04418,4,-6.318
gen_04419,10,-7.779
gen_04420,9,-8.057
gen_04421,8,-6.631
gen_04422,12,-8.056
gen_04423,1,-7.053
gen_04424,8,-7.007
gen_04425,13,-7.036
gen_04426,4,-7.901
gen_04427,3,-7.202
gen_04428,2,-7.408
gen_04429,4,-7.727
gen_04430,4,-8.369
gen_04431,15,-6.188
gen_04432,10,-7.884
gen_04433,7,-7.286
gen_04434,1,-9.192
gen_04435,6,-6.882
gen_04436,2,-7.081
gen_04437,9,-7.586
gen_04438,8,-7.523
gen_04439,12,-7.448
gen_04440,2,-8.039
gen_04441,3,-7.882
gen_04442,2,-7.174
gen_04443,3,-7.323
gen_04444,3,-7.786
gen_04445,11,-7.953
gen_04446,6,-7.32
gen_04447,3,-7.092
gen_04448,12,-7.096
gen_04449,11,-6.776
gen_04450,7,-6.042
gen_04451,2,-6.786
gen_04452,8,-7.927
gen_04453,4,-7.166
gen_04454,14,-7.778
gen_04455,5,-7.309
gen_04456,7,-6.628
gen_04457,6,-8.168
gen_04458,3,-7.287
gen_04459,2,-7.694
gen_04460,5,-7.462
gen_04461,11,-7.251
gen_04462,4,-7.457
gen_04463,11,-7.939
gen_04464,4,-7.715
gen_04465,7,-7.364
gen_04466,4,-7.914
gen_04467,6,-7.542
gen_04468,11,-8.128
gen_04469,12,-8.956
gen_04470,9,-7.459
gen_04471,2,-7.592
gen_04472,2,-79.017
gen_04473,12,-8.038
gen_04474,5,-7.411
gen_04475,9,-8.026
gen_04476,2,-6.946
gen_04477,1,-8.297
gen_04478,5,-7.346
gen_04479,5,-6.566
gen_04480,5,-7.666
gen_04481,7,-6.123
gen_04482,2,-7.498
gen_04483,14,-7.88
gen_04484,15,-7.536
gen_04485,10,-8.069
gen_04486,11,-7.764
gen_04487,13,-7.325
gen_04488,12,-7.468
gen_04489,12,-8.442
gen_04490,13,-7.672
gen_04491,4,-7.476
gen_04492,12,-8.281
gen_04493,2,-7.929
gen_04494,12,-7.94
gen_04495,14,-7.402
gen_04496,10,-8.369
gen_04497,2,-7.711
gen_04498,4,-7.294
gen_04499,3,-6.959
gen_04500,3,-8.57
gen_04501,7,-7.949
gen_04502,6,-7.92
gen_04503,6,-6.442
gen_04504,11,-7.513
gen_04505,10,-7.556
gen_04506,8,-7.573
gen_04507,5,-6.189
gen_04508,4,-7.449
gen_04509,6,-7.305
gen_04510,4,-7.255
gen_04511,3,-7.18
gen_04512,5,-7.049
gen_04513,14,-7.513
gen_04514,5,-7.315
gen_04515,5,-7.637
gen_04516,13,-7.347
gen_04517,2,-8.495
gen_04518,6,-7.408
gen_04519,7,-7.344
gen_04520,10,-7.714
gen_04521,9,-7.996
gen_04522,9,-7.269
gen_04523,10,-8.245
gen_04524,7,-6.642
gen_04525,13,-7.767
gen_04526,14,-6.699
gen_04527,3,-7.584
gen_04528,11,-7.444
gen_04529,6,-7.472
gen_04530,5,-7.282
gen_04531,6,-8.454
gen_04532,5,-7.116
gen_04533,2,-7.586
gen_04534,6,-6.873
gen_04535,5,-8.036
gen_04536,4,-8.708
gen_04537,3,-8.279
gen_04538,8,-8.548
gen_04539,14,-7.554
gen_04540,3,-7.91
gen_04541,1,-67.572
gen_04542,2,-6.819
gen_04543,10,-7.224
gen_04544,9,-7.114
gen_04545,7,-7.356
gen_04546,4,-7.439
gen_04547,16,-8.223
gen_04548,11,-8.23
gen_04549,14,-7.789
gen_04550,7,-6.126
gen_04551,7,-7.203
gen_04552,6,-6.952
gen_04553,10,-7.975
gen_04554,9,-7.748
gen_04555,4,-6.799
gen_04556,2,-8.12
gen_04557,6,-7.555
gen_04558,7,-7.064
gen_04559,7,-7.314
gen_04560,7,-7.074
gen_04561,15,-7.575
gen_04562,1,-7.772
gen_04563,2,-7.299
gen_04564,1,-6.362
gen_04565,4,-7.715
gen_04566,4,-7.091
gen_04567,4,-8.368
gen_04568,1,-7.964
gen_04569,6,-7.461
gen_04570,8,-6.953
gen_04571,5,-7.966
gen_04572,10,-7.252
gen_04573,1,-76.055
gen_04574,3,-6.278
gen_04575,8,-7.453
gen_04576,1,-7.35
gen_04577,9,-7.598
gen_04578,12,-7.655
gen_04579,9,-8.448
gen_04580,7,-7.615
gen_04581,15,-7.266
gen_04582,1,-7.398
gen_04583,2,-6.492
gen_04584,11,-7.496
gen_04585,7,-6.865
gen_04586,4,-7.661
gen_04587,7,-8.513
gen_04588,7,-7.423
gen_04589,4,-7.427
gen_04590,2,-8.004
gen_04591,3,-6.456
gen_04592,9,-7.477
gen_04593,12,-7.325
gen_04594,13,-6.855
gen_04595,1,-7.147
gen_04596,5,-8.85
gen_04597,11,-7.615
gen_04598,9,-8.386
gen_04599,8,-7.723
gen_04600,2,-7.392
gen_04601,1,-7.158
gen_04602,6,-6.922
gen_04603,2,-7.89
gen_04604,7,-7.846
gen_04605,4,-7.936
gen_04606,3,-6.902
gen_04607,3,-8.654
gen_04608,2,-7.769
gen_04609,3,-8.214
gen_04610,7,-6.284
gen_04611,5,-7.823
gen_04612,8,-7.975
gen_04613,15,-8.399
gen_04614,6,-7.47
gen_04615,4,-6.775
gen_04616,9,-7.72
gen_04617,4,-6.998
gen_04618,5,-6.824
gen_04619,6,-7.741
gen_04620,8,-7.215
gen_04621,11,-5.993
gen_04622,6,-7.201
gen_04623,8,-7.386
gen_04624,2,-6.371
gen_04625,13,-6.182
gen_04626,3,-7.153
gen_04627,6,-7.564
gen_04628,8,-7.295
gen_04629,10,-6.672
gen_04630,5,-7.343
gen_04631,7,-8.257
gen_04632,7,-7.609
gen_04633,3,-7.304
gen_04634,3,-7.653
gen_04635,12,-6.988
gen_04636,1,-7.39
gen_04637,4,-7.734
gen_04638,8,-7.727
gen_04639,6,-8.904
gen_04640,6,-7.265
gen_04641,5,-7.389
gen_04642,3,-6.578
gen_04643,1,-7.129
gen_04644,7,-7.172
gen_04645,1,-7.871
gen_04646,2,-6.603
gen_04647,10,-7.763
gen_04648,3,-6.87
gen_04649,5,-7.71
gen_04650,5,-7.242
gen_04651,1,-7.35
gen_04652,3,-8.23
gen_04653,3,-178.439
gen_04654,3,-7.854
gen_04655,2,-7.481
gen_04656,2,-6.335
gen_04657,8,-6.322
gen_04658,4,-6.632
gen_04659,3,-7.527
gen_04660,13,-8.662
gen_04661,3,-6.978
gen_04662,12,-7.449
gen_04663,7,-7.175
gen_04664,5,-7.221
gen_04665,2,-7.758
gen_04666,5,-7.094
gen_04667,5,-6.933
gen_04668,13,-7.569
gen_04669,4,-6.892
gen_04670,1,-7.942
gen_04671,4,-7.44
gen_04672,11,-7.012
gen_04673,7,-7.677
gen_04674,13,-7.456
gen_04675,15,-6.661
gen_04676,12,-7.371
gen_04677,9,-6.958
gen_04678,3,-8.429
gen_04679,12,-7.755
gen_04680,3,-132.742
gen_04681,5,-8.78
gen_04682,7,-7.115
gen_04683,3,-74.995
gen_04684,10,-7.445
gen_04685,11,-6.872
gen_04686,2,-7.852
gen_04687,3,-7.61
gen_04688,8,-7.762
gen_04689,4,-7.606
gen_04690,9,-8.526
gen_04691,3,-7.26
gen_04692,7,-7.665
gen_04693,10,-7.188
gen_04694,6,-8.213
gen_04695,4,-7.699
gen_04696,5,-7.584
gen_04697,13,-6.567
gen_04698,3,-6.517
gen_04699,14,-7.716
gen_04700,7,-7.561
gen_04701,14,-7.409
gen_04702,2,-7.84
gen_04703,5,-7.3
gen_04704,7,-7.659
gen_04705,2,-7.376
gen_04706,14,-7.615
gen_04707,2,-6.902
gen_04708,3,-7.724
gen_04709,4,-7.077
gen_04710,7,-6.433
gen_04711,7,-7.424
gen_04712,8,-7.629
gen_04713,1,-6.861
gen_04714,13,-7.724
gen_04715,4,-7.276
gen_04716,5,-6.848
gen_04717,2,-7.666
gen_04718,9,-7.785
gen_04719,6,-7.906
gen_04720,13,-6.655
gen_04721,15,-8.199
gen_04722,1,-7.765
gen_04723,3,-8.002
gen_04724,11,-8.071
gen_04725,10,-8.424
gen_04726,8,-7.007
gen_04727,7,-8.045
gen_04728,8,-8.045
gen_04729,8,-8.278
gen_04730,4,-7.388
gen_04731,10,-7.826
gen_04732,9,-7.033
gen_04733,4,-8.784
gen_04734,3,-7.752
gen_04735,6,-8.596
gen_04736,10,-7.593
gen_04737,5,-7.758
gen_04738,2,-7.043
gen_04739,3,-7.392
gen_04740,9,-7.758
gen_04741,8,-7.53
gen_04742,2,-7.856
gen_04743,4,-7.095
gen_04744,5,-7.599
gen_04745,5,-6.827
gen_04746,16,-7.759
gen_04747,6,-7.086
gen_04748,1,-6.693
gen_04749,10,-7.352
gen_04750,14,-6.746
gen_04751,5,-7.366
gen_04752,5,-8.021
gen_04753,2,-6.432
gen_04754,8,-7.25
gen_04755,14,-7.926
gen_04756,2,-6.877
gen_04757,4,-7.125
gen_04758,6,-7.582
gen_04759,11,-7.21
gen_04760,6,-7.732
gen_04761,7,-7.595
gen_04762,9,-7.097
gen_04763,5,-7.364
gen_04764,10,-8.339
gen_04765,4,-6.64
gen_04766,11,-7.427
gen_04767,9,-7.55
gen_04768,12,-7.686
gen_04769,12,-8.106
gen_04770,3,-8.02
gen_04771,2,-7.118
gen_04772,1,-7.558
gen_04773,14,-7.983
gen_04774,8,-7.292
gen_04775,8,-6.345
gen_04776,10,-7.904
gen_04777,3,-7.77
gen_04778,4,-6.323
gen_04779,4,-6.844
gen_04780,3,-7.602
gen_04781,7,-8.432
gen_04782,9,-6.852
gen_04783,2,-7.594
gen_04784,5,-7.857
gen_04785,13,-7.298
gen_04786,7,-7.738
gen_04787,7,-7.887
gen_04788,8,-8.45
gen_04789,3,-8.049
gen_04790,5,-8.625
gen_04791,11,-7.356
gen_04792,9,-7.352
gen_04793,5,-8.254
gen_04794,6,-7.686
gen_04795,3,-7.174
gen_04796,5,-7.996
gen_04797,2,-6.802
gen_04798,4,-8.352
gen_04799,3,-7.118
gen_04800,3,-7.474
gen_04801,4,-7.94
gen_04802,5,-7.683
gen_04803,6,-7.099
gen_04804,11,-7.281
gen_04805,3,-7.522
gen_04806,4,-6.955
gen_04807,10,-7.646
gen_04808,5,-8.485
gen_04809,1,-8.098
gen_04810,6,-8.006
gen_04811,9,-7.568
gen_04812,5,-7.393
gen_04813,9,-7.492
gen_04814,4,-6.947
gen_04815,7,-8.085
gen_04816,2,-106.149
gen_04817,4,-7.132
gen_04818,1,-6.603
gen_04819,12,-8.409
gen_04820,8,-7.958
gen_04821,2,-6.507
gen_04822,2,-7.609
gen_04823,2,-8.122
gen_04824,14,-7.373
gen_04825,2,-6.972
gen_04826,15,-7.144
gen_04827,7,-8.21
gen_04828,3,-7.554
gen_04829,7,-7.322
gen_04830,13,-7.471
gen_04831,2,-7.61
gen_04832,10,-7.763
gen_04833,7,-8.312
gen_04834,3,-7.059
gen_04835,10,-7.689
gen_04836,2,-6.982
gen_04837,12,-7.502
gen_04838,15,-7.436
gen_04839,14,-7.748
gen_04840,12,-7.362
gen_04841,6,-7.603
gen_04842,7,-8.401
gen_04843,10,-9.144
gen_04844,6,-7.769
gen_04845,4,-7.461
gen_04846,13,-8.204
gen_04847,1,-5.558
gen_04848,13,-6.609
gen_04849,2,-7.626
gen_04850,2,-8.247
gen_04851,9,-5.848
gen_04852,5,-8.214
gen_04853,14,-7.422
gen_04854,15,-8.433
gen_04855,10,-8.258
gen_04856,2,-6.45
gen_04857,1,-7.353
gen_04858,9,-8.201
gen_04859,14,-7.743
gen_04860,5,-8.143
gen_04861,5,-7.359
gen_04862,15,-6.481
gen_04863,9,-7.255
gen_04864,5,-7.816
gen_04865,6,-7.435
gen_04866,12,-7.603
gen_04867,2,-7.932
gen_04868,4,-7.078
gen_04869,4,-8.53
gen_04870,13,-7.753
gen_04871,7,-6.972
gen_04872,4,-7.727
gen_04873,1,-7.761
gen_04874,7,-7.974
gen_04875,6,-7.375
gen_04876,13,-7.505
gen_04877,14,-7.473
gen_04878,12,-8.313
gen_04879,11,-7.272
gen_04880,9,-7.489
gen_04881,6,-6.785
gen_04882,3,-7.897
gen_04883,3,-7.024
gen_04884,8,-8.315
gen_04885,11,-7.892
gen_04886,5,-7.835
gen_04887,3,-8.337
gen_04888,15,-7.067
gen_04889,2,-6.697
gen_04890,7,-8.099
gen_04891,9,-8.45
gen_04892,13,-7.343
gen_04893,12,-7.615
gen_04894,8,-7.569
gen_04895,12,-7.466
gen_04896,11,-6.896
gen_04897,4,-7.531
gen_04898,12,-7.042
gen_04899,4,-7.225
gen_04900,11,-8.514
gen_04901,10,-7.919
gen_04902,2,-7.554
gen_04903,8,-6.591
gen_04904,4,-7.079
gen_04905,13,-7.387
gen_04906,9,-6.783
gen_04907,10,-7.766
gen_04908,4,-7.533
gen_04909,8,-8.376
gen_04910,2,-8.154
gen_04911,4,-6.981
gen_04912,12,-7.62
gen_04913,12,-7.571
gen_04914,2,-6.785
gen_04915,10,-7.49
gen_04916,3,-8.14
gen_04917,9,-7.313
gen_04918,7,-8.009
gen_04919,7,-8.083
gen_04920,5,-7.659
gen_04921,11,-7.473
gen_04922,4,-6.565
gen_04923,7,-6.346
gen_04924,4,-7.758
gen_04925,2,-7.268
gen_04926,5,-8.101
gen_04927,12,-7.991
gen_04928,3,-8.529
gen_04929,11,-8.606
gen_04930,6,-7.773
gen_04931,5,-8.274
gen_04932,1,-85.291
gen_04933,12,-7.66
gen_04934,1,-7.522
gen_04935,3,-8.978
gen_04936,7,-7.493
gen_04937,10,-9.445
gen_04938,1,-7.578
gen_04939,2,-7.862
gen_04940,11,-7.821
gen_04941,11,-8.186
gen_04942,13,-7.389
gen_04943,11,-7.914
gen_04944,4,-6.567
gen_04945,4,-7.25
gen_04946,13,-7.09
gen_04947,2,-7.685
gen_04948,4,-7.594
gen_04949,10,-7.176
gen_04950,5,-7.265
gen_04951,5,-7.957
gen_04952,16,-7.874
gen_04953,13,-6.608
gen_04954,1,-121.264
gen_04955,6,-6.742
gen_04956,6,-8.664
gen_04957,6,-7.885
gen_04958,12,-7.707
gen_04959,7,-8.993
gen_04960,2,-8.429
gen_04961,2,-8.169
gen_04962,5,-7.741
gen_04963,2,-107.73
gen_04964,10,-8.16
gen_04965,5,-7.996
gen_04966,4,-6.875
gen_04967,12,-7.673
gen_04968,10,-7.204
gen_04969,15,-7.665
gen_04970,3,-110.218
gen_04971,9,-7.924
gen_04972,4,-7.621
gen_04973,14,-8.186
gen_04974,1,-7.884
gen_04975,12,-7.085
gen_04976,5,-6.805
gen_04977,9,-5.908
gen_04978,4,-7.515
gen_04979,4,-8.312
gen_04980,8,-6.92
gen_04981,1,-6.971
gen_04982,2,-6.92
gen_04983,7,-7.582
gen_04984,8,-7.133
gen_04985,10,-7.469
gen_04986,2,-6.334
gen_04987,1,-50.03
gen_04988,2,-6.882
gen_04989,4,-8.216
gen_04990,6,-7.809
gen_04991,4,-8.173
gen_04992,10,-6.331
gen_04993,3,-7.242
gen_04994,3,-7.958
gen_04995,2,-7.526
gen_04996,9,-8.204
gen_04997,3,-8.273
gen_04998,5,-6.957
gen_04999,12,-7.969
gen_05000,7,-8.315
gen_05001,4,-8.129
gen_05002,3,-8.076
gen_05003,7,-8.045
gen_05004,12,-7.976
gen_05005,6,-7.577
gen_05006,3,-7.255
gen_05007,8,-7.209
gen_05008,4,-8.143
gen_05009,10,-6.34
gen_05010,4,-7.253
gen_05011,5,-7.436
gen_05012,9,-7.972
gen_05013,5,-7.782
gen_05014,6,-7.199
gen_05015,8,-8.433
gen_05016,12,-6.31
gen_05017,2,-7.799
gen_05018,4,-7.92
gen_05019,2,-6.699
gen_05020,4,-7.491
gen_05021,11,-6.744
gen_05022,9,-7.671
gen_05023,13,-7.197
gen_05024,2,-7.326
gen_05025,4,-6.927
gen_05026,8,-6.59
gen_05027,4,-7.479
gen_05028,7,-8.541
gen_05029,3,-7.373
gen_05030,4,-6.991
gen_05031,13,-7.837
gen_05032,5,-7.818
gen_05033,4,-7.978
gen_05034,7,-6.908
gen_05035,12,-6.807
gen_05036,3,-7.213
gen_05037,8,-7.89
gen_05038,8,-7.58
gen_05039,6,-9.184
gen_05040,4,-7.482
gen_05041,13,-7.322
gen_05042,2,-7.601
gen_05043,6,-7.765
gen_05044,1,-7.696
gen_05045,6,-7.16
gen_05046,5,-7.658
gen_05047,8,-6.79
gen_05048,8,-7.372
gen_05049,11,-8.554
gen_05050,7,-8.213
gen_05051,3,-8.451
gen_05052,1,-7.312
gen_05053,5,-7.665
gen_05054,3,-6.481
gen_05055,4,-8.052
gen_05056,2,-8.584
gen_05057,8,-7.421
gen_05058,12,-8.105
gen_05059,10,-7.686
gen_05060,4,-8.055
gen_05061,2,-6.809
gen_05062,5,-8.596
gen_05063,8,-7.755
gen_05064,13,-7.743
gen_05065,8,-8.01
gen_05066,4,-7.317
gen_05067,4,-7.631
gen_05068,5,-0.16
gen_05069,6,-7.977
gen_05070,5,-7.813
gen_05071,5,-7.701
gen_05072,4,-7.713
gen_05073,6,-7.656
gen_05074,9,-7.754
gen_05075,8,-7.24
gen_05076,13,-7.851
gen_05077,6,-7.55
gen_05078,8,-8.265
gen_05079,10,-6.305
gen_05080,5,-7.239
gen_05081,6,-7.494
gen_05082,9,-7.016
gen_05083,7,-6.919
gen_05084,2,-7.505
gen_05085,13,-7.308
gen_05086,2,-7.769
gen_05087,13,-7.936
gen_05088,11,-7.834
gen_05089,1,-7.112
gen_05090,4,-7.513
gen_05091,9,-8.087
gen_05092,4,-7.485
gen_05093,1,-6.734
gen_05094,2,-7.592
gen_05095,6,-7.213
gen_05096,2,-8.292
gen_05097,15,-5.709
gen_05098,8,-6.845
gen_05099,2,-7.695
gen_05100,3,-7.899
gen_05101,1,-6.972
gen_05102,4,-8.101
gen_05103,7,-6.555
gen_05104,3,-8.136
gen_05105,8,-7.305
gen_05106,4,-6.988
gen_05107,7,-7.241
gen_05108,7,-7.725
gen_05109,7,-7.758
gen_05110,6,-7.782
gen_05111,1,-6.778
gen_05112,11,-7.619
gen_05113,2,-7.139
gen_05114,8,-7.892
gen_05115,7,-6.704
gen_05116,4,-7.275
gen_05117,6,-7.069
gen_05118,2,-7.566
gen_05119,8,-8.088
gen_05120,7,-7.806
gen_05121,4,-7.484
gen_05122,4,-8.322
gen_05123,15,-7.624
gen_05124,10,-7.478
gen_05125,9,-7.117
gen_05126,5,-7.87
gen_05127,2,-7.701
gen_05128,6,-6.943
gen_05129,2,-7.741
gen_05130,2,-6.948
gen_05131,15,-7.06
gen_05132,5,-7.089
gen_05133,9,-7.571
gen_05134,3,-6.699
gen_05135,4,-6.781
gen_05136,11,-8.066
gen_05137,2,-8.001
gen_05138,1,-8.255
gen_05139,2,-7.998
gen_05140,5,-7.008
gen_05141,5,-8.076
gen_05142,13,-7.652
gen_05143,8,-7.168
gen_05144,7,-7.354
gen_05145,5,-7.72
gen_05146,3,-7.285
gen_05147,4,-7.478
gen_05148,9,-7.044
gen_05149,11,-7.006
gen_05150,6,-7.102
gen_05151,14,-8.012
gen_05152,15,-6.379
gen_05153,1,-7.993
gen_05154,9,-7.299
gen_05155,8,-7.684
gen_05156,1,-7.374
gen_05157,9,-7.889
gen_05158,7,-7.216
gen_05159,12,-7.403
gen_05160,4,-7.668
gen_05161,11,-7.157
gen_05162,5,-7.057
gen_05163,5,-6.892
gen_05164,13,-7.065
gen_05165,9,-8.052
gen_05166,2,-66.927
gen_05167,3,-8.458
gen_05168,10,-7.356
gen_05169,4,-8.407
gen_05170,4,-7.366
gen_05171,3,-6.993
gen_05172,8,-7.129
gen_05173,2,-7.179
gen_05174,7,-7.681
gen_05175,10,-7.193
gen_05176,12,-7.17
gen_05177,11,-7.771
gen_05178,4,-6.934
gen_05179,2,-8.342
gen_05180,3,-7.323
gen_05181,4,-7.627
gen_05182,2,-6.534
gen_05183,14,-7.329
gen_05184,8,-7.776
gen_05185,4,-6.78
gen_05186,2,-7.551
gen_05187,16,-7.611
gen_05188,9,-7.303
gen_05189,11,-7.018
gen_05190,4,-6.964
gen_05191,13,-6.803
gen_05192,9,-8.676
gen_05193,5,-7.56
gen_05194,6,-7.022
gen_05195,3,-7.263
gen_05196,8,-7.995
gen_05197,12,-7.808
gen_05198,3,-7.612
gen_05199,8,-7.742
gen_05200,9,-8.043
gen_05201,10,-6.877
gen_05202,8,-7.193
gen_05203,8,-7.101
gen_05204,7,-6.833
gen_05205,4,-7.553
gen_05206,4,-6.75
gen_05207,3,-8.522
gen_05208,7,-7.354
gen_05209,5,-7.666
gen_05210,4,-7.542
gen_05211,7,-8.031
gen_05212,3,-7.376
gen_05213,9,-7.618
