label,pose,affinity,leu225_min_dist,leu225_contact,n_hydrophobic,asp218_any_atom_dist,asp218_donor_dist,asp218_neutral_donor,asp218_basic_dist,asp218_basic_contact,arg_mimic_heads,tyr178_centroid_dist,tyr178_nearest_atom,tyr178_ring_angle,tyr178_geometry,tyr178_stack,n_aromatic_rings
CONTROL_crystal,1,-6.753,3.796,1,15,6.383,12.523,0,inf,0,,6.899,4.355,82.751,T_shaped,1,2
CONTROL_crystal,2,-6.730,3.788,1,15,6.356,12.511,0,inf,0,,6.874,4.324,81.236,T_shaped,1,2
gen_00008,1,-7.298,4.304,1,16,5.882,11.003,0,inf,0,,5.694,3.445,45.292,oblique,0,4
gen_00019,6,-7.200,3.504,1,19,9.561,12.155,0,12.697,0,aliphatic amine,7.100,4.683,50.945,oblique,0,2
gen_00021,2,-6.877,3.408,1,19,10.084,10.700,0,13.207,0,aliphatic amine,7.755,5.558,86.309,T_shaped,0,2
gen_00021,3,-6.855,3.474,1,19,9.793,10.614,0,12.877,0,aliphatic amine,7.358,5.069,89.243,T_shaped,0,2
gen_00025,9,-7.200,3.129,1,16,8.188,11.380,0,11.380,0,aliphatic amine,6.634,4.273,41.222,oblique,0,3
gen_00025,11,-7.190,3.130,1,16,8.417,11.344,0,11.344,0,aliphatic amine,8.101,5.975,50.342,oblique,0,3
gen_00026,1,-7.932,3.594,1,21,8.773,11.629,0,11.629,0,aliphatic amine,5.734,4.179,87.764,T_shaped,1,3
gen_00026,2,-7.923,3.624,1,21,8.671,11.640,0,11.640,0,aliphatic amine,5.712,4.136,88.610,T_shaped,1,3
gen_00026,3,-7.922,3.529,1,21,8.704,11.642,0,11.642,0,aliphatic amine,5.715,4.139,87.711,T_shaped,1,3
gen_00026,4,-7.906,3.601,1,21,8.784,11.630,0,11.630,0,aliphatic amine,6.269,4.150,71.609,T_shaped,1,3
gen_00028,1,-7.457,3.698,1,11,7.850,11.690,0,inf,0,,8.496,6.085,38.821,oblique,0,3
gen_00028,2,-7.425,3.675,1,11,7.876,11.682,0,inf,0,,8.517,6.125,38.401,oblique,0,3
gen_00031,2,-8.483,5.692,0,21,3.271,5.490,0,10.372,0,aliphatic amine,5.663,3.360,87.587,T_shaped,1,4
gen_00031,4,-8.257,6.965,0,21,3.793,7.585,0,12.527,0,aliphatic amine,5.616,3.667,83.466,T_shaped,1,4
gen_00031,6,-8.246,6.920,0,21,3.810,7.595,0,12.521,0,aliphatic amine,5.625,3.674,84.257,T_shaped,1,4
gen_00032,1,-7.267,6.506,0,19,5.876,10.631,0,8.568,0,2-aminopyridine|aliphatic amine,5.799,3.873,70.937,T_shaped,1,3
gen_00032,2,-7.254,6.476,0,19,5.847,10.619,0,8.543,0,2-aminopyridine|aliphatic amine,5.774,3.852,70.206,T_shaped,1,3
gen_00032,4,-7.199,6.393,0,19,5.870,10.649,0,8.533,0,2-aminopyridine|aliphatic amine,5.823,3.888,70.306,T_shaped,1,3
gen_00032,6,-7.128,3.839,1,19,3.365,8.736,0,8.086,0,2-aminopyridine|aliphatic amine,5.830,3.602,83.877,T_shaped,1,3
gen_00038,1,-7.530,4.109,1,10,5.472,9.009,0,12.116,0,aliphatic amine,6.059,3.712,74.138,T_shaped,1,3
gen_00038,2,-7.486,5.006,0,10,5.492,9.076,0,12.217,0,aliphatic amine,6.078,3.730,73.588,T_shaped,1,3
gen_00038,3,-7.480,3.785,1,10,5.539,9.096,0,12.207,0,aliphatic amine,6.118,3.785,73.449,T_shaped,1,3
gen_00039,3,-6.959,3.845,1,18,7.813,12.283,0,12.283,0,aliphatic amine,7.755,5.885,64.219,T_shaped,0,3
gen_00039,4,-6.929,3.958,1,18,7.682,12.191,0,12.191,0,aliphatic amine,7.712,5.840,63.209,T_shaped,0,3
gen_00039,5,-6.899,4.735,0,18,8.734,11.250,0,11.250,0,aliphatic amine,7.773,5.475,54.028,oblique,0,3
gen_00039,6,-6.896,4.721,0,18,8.740,11.240,0,11.240,0,aliphatic amine,7.670,5.365,52.401,oblique,0,3
gen_00039,7,-6.894,4.782,0,18,8.669,11.109,0,11.109,0,aliphatic amine,7.684,5.382,53.118,oblique,0,3
gen_00039,8,-6.864,4.838,0,18,8.734,11.146,0,11.146,0,aliphatic amine,7.796,5.502,53.311,oblique,0,3
gen_00058,4,-6.982,3.687,1,15,7.780,12.132,0,inf,0,,5.948,4.025,43.363,oblique,0,4
gen_00063,1,-6.218,5.913,0,15,8.876,10.988,0,inf,0,,9.170,6.498,56.044,oblique,0,3
gen_00063,2,-6.213,5.897,0,15,8.878,10.943,0,inf,0,,9.245,6.577,56.694,oblique,0,3
gen_00063,8,-6.003,6.049,0,15,6.442,10.971,0,inf,0,,9.035,6.335,33.599,oblique,0,3
gen_00063,10,-5.989,6.098,0,15,5.543,11.074,0,inf,0,,7.200,5.544,46.710,oblique,0,3
gen_00063,11,-5.983,6.118,0,15,5.729,11.111,0,inf,0,,7.573,6.053,47.786,oblique,0,3
gen_00063,12,-5.972,5.976,0,15,6.509,10.956,0,inf,0,,9.057,6.333,39.272,oblique,0,3
gen_00063,13,-5.970,6.028,0,15,5.741,11.105,0,inf,0,,7.647,6.107,50.287,oblique,0,3
gen_00066,9,-6.071,3.650,1,16,9.019,13.615,0,inf,0,,5.900,3.899,49.949,oblique,0,3
gen_00073,1,-7.403,4.107,1,19,5.701,11.644,0,inf,0,,6.259,3.729,82.319,T_shaped,1,4
gen_00073,4,-7.254,4.459,1,19,5.581,11.633,0,inf,0,,6.217,3.693,82.770,T_shaped,1,4
gen_00073,8,-7.160,4.668,0,19,5.699,11.658,0,inf,0,,6.259,3.723,82.852,T_shaped,1,4
gen_00073,9,-7.095,3.545,1,19,5.760,11.696,0,inf,0,,6.258,3.729,82.347,T_shaped,1,4
gen_00076,4,-7.346,3.728,1,14,9.000,11.020,0,10.409,0,2-aminopyridine,6.294,4.042,63.441,T_shaped,1,3
gen_00076,5,-7.238,3.855,1,14,9.063,11.061,0,10.464,0,2-aminopyridine,6.568,4.310,63.808,T_shaped,1,3
gen_00076,6,-7.176,3.609,1,14,9.214,11.068,0,11.044,0,2-aminopyridine,6.187,4.045,60.731,T_shaped,1,3
gen_00077,3,-6.357,3.829,1,19,9.301,11.165,0,inf,0,,7.378,5.408,82.057,T_shaped,0,2
gen_00077,8,-5.905,3.722,1,19,10.547,13.463,0,inf,0,,7.886,5.532,87.298,T_shaped,0,2
gen_00078,3,-6.551,5.541,0,18,9.612,13.420,0,inf,0,,9.537,7.923,72.925,T_shaped,0,3
gen_00078,4,-6.543,4.042,1,18,6.264,11.008,0,inf,0,,5.795,3.632,14.742,parallel,1,3
gen_00083,1,-6.789,3.725,1,16,9.276,11.221,0,inf,0,,6.820,4.600,53.121,oblique,0,2
gen_00083,2,-6.750,3.321,1,16,9.416,11.264,0,inf,0,,6.929,4.709,53.821,oblique,0,2
gen_00083,3,-6.723,4.262,1,16,9.476,11.371,0,inf,0,,7.021,4.818,53.934,oblique,0,2
gen_00083,4,-6.677,3.580,1,16,9.400,11.485,0,inf,0,,7.017,4.742,48.188,oblique,0,2
gen_00083,5,-6.607,3.561,1,16,9.277,11.519,0,inf,0,,6.877,4.636,47.610,oblique,0,2
gen_00083,6,-6.593,3.656,1,16,9.266,11.477,0,inf,0,,6.856,4.605,48.548,oblique,0,2
gen_00083,7,-6.577,3.647,1,16,9.321,11.424,0,inf,0,,6.909,4.633,48.744,oblique,0,2
gen_00084,2,-7.130,3.313,1,15,9.245,11.364,0,inf,0,,9.136,6.697,65.126,T_shaped,0,2
gen_00084,3,-7.026,3.577,1,15,9.191,10.896,0,inf,0,,9.009,6.493,74.561,T_shaped,0,2
gen_00095,9,-6.815,4.144,1,16,10.104,13.182,0,inf,0,,6.969,4.622,69.850,T_shaped,0,4
gen_00097,4,-7.090,6.484,0,17,6.600,10.985,0,inf,0,,10.472,8.727,62.860,T_shaped,0,1
gen_00097,5,-7.044,6.670,0,17,6.214,8.390,0,inf,0,,7.897,5.635,80.128,T_shaped,0,1
gen_00104,1,-6.976,6.310,0,10,7.940,13.590,0,inf,0,,8.057,6.061,65.131,T_shaped,0,3
gen_00104,2,-6.975,6.312,0,10,7.958,13.590,0,inf,0,,8.045,6.065,65.241,T_shaped,0,3
gen_00109,1,-6.710,3.725,1,12,6.220,13.261,0,inf,0,,6.684,4.071,47.533,oblique,0,3
gen_00117,7,-7.161,6.846,0,12,3.069,9.300,0,inf,0,,5.940,3.569,89.048,T_shaped,1,2
gen_00127,4,-7.222,3.513,1,16,7.779,12.486,0,inf,0,,8.735,6.329,62.366,T_shaped,0,3
gen_00128,14,-6.110,3.476,1,19,8.588,13.826,0,inf,0,,7.395,5.016,70.018,T_shaped,0,3
gen_00132,13,-6.396,3.123,1,14,9.256,13.638,0,inf,0,,7.928,5.812,74.689,T_shaped,0,3
gen_00135,1,-6.412,8.193,0,8,11.328,13.547,0,inf,0,,10.312,8.864,71.678,T_shaped,0,1
gen_00142,5,-5.772,7.150,0,10,8.806,13.369,0,inf,0,,9.208,7.018,87.534,T_shaped,0,2
gen_00142,6,-5.663,5.998,0,10,8.394,13.550,0,inf,0,,9.409,7.257,89.259,T_shaped,0,2
gen_00147,1,-6.974,4.722,0,18,8.596,11.644,0,inf,0,,8.443,6.383,75.222,T_shaped,0,3
gen_00147,4,-6.598,3.599,1,18,9.133,13.440,0,inf,0,,5.917,3.833,65.965,T_shaped,1,3
gen_00160,3,-6.709,3.600,1,21,9.503,11.908,0,inf,0,,7.644,5.542,39.943,oblique,0,3
gen_00166,4,-6.852,7.741,0,17,3.633,11.606,0,7.792,0,aliphatic amine,9.047,6.696,11.436,parallel,0,2
gen_00166,8,-6.593,3.818,1,17,8.820,13.511,0,10.834,0,aliphatic amine,9.027,6.440,62.757,T_shaped,0,2
gen_00169,6,-6.585,3.534,1,15,8.344,13.451,0,inf,0,,7.054,4.575,67.761,T_shaped,0,3
gen_00170,1,-7.314,6.798,0,18,9.117,10.762,0,12.399,0,aliphatic amine,9.393,7.613,77.381,T_shaped,0,3
gen_00170,2,-7.293,6.790,0,18,9.103,10.709,0,12.381,0,aliphatic amine,9.385,7.604,77.563,T_shaped,0,3
gen_00172,1,-7.730,3.694,1,20,8.736,11.019,0,inf,0,,8.521,6.071,51.028,oblique,0,3
gen_00172,2,-7.718,3.690,1,20,8.743,11.034,0,inf,0,,8.461,5.991,47.024,oblique,0,3
gen_00172,3,-7.693,3.690,1,20,8.756,11.033,0,inf,0,,8.466,5.992,48.209,oblique,0,3
gen_00172,4,-7.688,3.692,1,20,8.792,11.061,0,inf,0,,8.511,6.030,44.732,oblique,0,3
gen_00173,1,-7.243,5.687,0,12,8.030,13.576,0,inf,0,,9.241,6.923,53.165,oblique,0,3
gen_00178,1,-6.947,6.315,0,11,5.810,10.702,0,inf,0,,7.994,5.393,29.861,parallel,0,2
gen_00178,2,-6.876,6.292,0,11,5.773,10.760,0,inf,0,,7.973,5.369,32.051,oblique,0,2
gen_00178,4,-6.749,5.825,0,11,6.679,8.447,0,inf,0,,8.367,5.891,50.536,oblique,0,2
gen_00180,1,-6.979,7.399,0,9,7.751,12.584,0,inf,0,,8.476,6.528,30.818,oblique,0,3
gen_00185,4,-6.948,3.818,1,13,9.071,12.199,0,10.627,0,aliphatic amine,10.365,7.991,52.529,oblique,0,2
gen_00193,1,-8.750,3.901,1,19,2.820,10.486,0,inf,0,,7.417,4.757,73.690,T_shaped,0,4
gen_00193,7,-8.446,3.852,1,19,2.560,13.496,0,inf,0,,6.444,4.411,64.659,T_shaped,1,4
gen_00196,2,-7.953,3.687,1,16,7.024,13.156,0,inf,0,,7.855,5.367,73.863,T_shaped,0,4
gen_00196,3,-7.943,3.644,1,16,7.108,13.314,0,inf,0,,7.848,5.345,69.876,T_shaped,0,4
gen_00196,4,-7.930,3.645,1,16,6.822,12.528,0,inf,0,,7.626,5.154,80.983,T_shaped,0,4
gen_00196,8,-7.868,3.697,1,16,9.387,12.304,0,inf,0,,6.104,4.270,55.705,oblique,0,4
gen_00198,2,-7.602,3.593,1,17,8.148,13.623,0,9.777,0,aliphatic amine,6.114,4.085,53.183,oblique,0,3
gen_00219,4,-7.749,3.565,1,19,10.869,13.165,0,inf,0,tetrahydronaphthyridine,9.616,7.572,69.647,T_shaped,0,2
gen_00219,7,-7.696,3.501,1,19,10.685,13.232,0,inf,0,tetrahydronaphthyridine,9.661,7.615,72.046,T_shaped,0,2
gen_00225,10,-6.377,3.350,1,20,8.821,12.865,0,inf,0,,5.570,4.045,69.228,T_shaped,1,3
gen_00225,11,-6.253,3.358,1,20,8.691,12.277,0,inf,0,,5.669,4.262,72.316,T_shaped,1,3
gen_00228,1,-7.650,4.221,1,18,7.214,11.823,0,11.823,0,aliphatic amine,8.927,7.042,39.171,oblique,0,3
gen_00230,6,-6.693,6.053,0,15,7.300,11.819,0,inf,0,,6.170,3.768,40.087,oblique,0,3
gen_00230,8,-6.674,6.030,0,15,7.330,11.851,0,inf,0,,6.167,3.760,40.241,oblique,0,3
gen_00261,2,-6.829,3.769,1,14,7.314,12.320,0,inf,0,,8.461,5.982,57.972,oblique,0,3
gen_00264,7,-6.756,3.882,1,15,8.288,13.296,0,inf,0,,7.509,5.631,66.885,T_shaped,0,4
gen_00273,1,-7.363,6.986,0,16,3.586,11.491,0,inf,0,,5.267,3.391,89.245,T_shaped,1,3
gen_00273,2,-7.343,7.069,0,16,3.609,11.454,0,inf,0,,5.284,3.380,89.063,T_shaped,1,3
gen_00273,3,-7.212,7.072,0,16,3.574,9.256,0,inf,0,,5.269,3.380,88.687,T_shaped,1,3
gen_00273,4,-7.133,7.233,0,16,3.618,11.362,0,inf,0,,5.412,3.464,86.096,T_shaped,1,3
gen_00275,6,-6.863,3.706,1,22,9.020,13.432,0,inf,0,,5.768,3.826,62.307,T_shaped,1,4
gen_00275,7,-6.826,3.660,1,22,9.102,13.454,0,inf,0,,5.810,3.878,63.010,T_shaped,1,4
gen_00279,6,-8.616,3.613,1,16,11.116,12.006,0,inf,0,,9.780,7.458,58.451,oblique,0,5
gen_00280,9,-6.071,5.108,0,17,5.360,7.938,0,8.629,0,aliphatic amine,8.683,6.229,41.265,oblique,0,4
gen_00280,11,-5.839,5.136,0,17,4.699,6.885,0,8.690,0,aliphatic amine,8.034,5.830,39.340,oblique,0,4
gen_00281,2,-7.261,3.664,1,18,6.995,9.296,0,9.296,0,aliphatic amine,8.240,6.476,81.497,T_shaped,0,4
gen_00281,4,-7.240,3.662,1,18,7.116,9.341,0,9.341,0,aliphatic amine,8.249,6.469,82.384,T_shaped,0,4
gen_00289,5,-6.071,3.773,1,18,6.410,7.573,0,8.730,0,benzimidazol-2-amine,6.703,5.025,69.307,T_shaped,0,4
gen_00300,8,-6.770,3.408,1,16,8.675,13.722,0,inf,0,,6.411,4.111,86.009,T_shaped,1,3
gen_00302,5,-7.360,3.680,1,16,9.435,13.460,0,inf,0,,6.950,4.974,66.417,T_shaped,0,3
gen_00307,4,-6.846,4.114,1,18,8.449,13.365,0,inf,0,,6.811,5.215,73.354,T_shaped,0,3
gen_00307,8,-6.776,4.248,1,18,8.456,13.217,0,inf,0,,7.293,4.997,40.773,oblique,0,3
gen_00307,9,-6.687,4.089,1,18,8.430,13.203,0,inf,0,,7.147,4.834,39.169,oblique,0,3
gen_00322,2,-6.237,3.737,1,11,9.090,13.493,0,inf,0,,7.582,5.139,22.669,parallel,0,2
gen_00323,10,-7.128,6.168,0,17,3.099,13.791,0,inf,0,,5.966,4.307,77.511,T_shaped,1,3
gen_00326,1,-6.923,6.383,0,14,3.687,13.266,0,inf,0,,5.326,3.357,82.349,T_shaped,1,4
gen_00334,1,-8.277,3.578,1,21,5.849,12.109,0,inf,0,,6.449,3.911,88.050,T_shaped,1,3
gen_00334,2,-8.273,3.557,1,21,5.828,12.093,0,inf,0,,6.428,3.886,87.879,T_shaped,1,3
gen_00334,3,-8.104,3.693,1,21,5.745,12.120,0,inf,0,,6.395,3.867,89.817,T_shaped,1,3
gen_00341,2,-6.034,3.630,1,14,8.816,12.805,0,12.805,0,tetrahydronaphthyridine|2-aminopyridine|aliphatic amine,8.077,5.379,14.257,parallel,0,2
gen_00341,3,-5.984,3.592,1,14,8.754,12.489,0,12.489,0,tetrahydronaphthyridine|2-aminopyridine|aliphatic amine,7.996,5.297,19.049,parallel,0,2
gen_00341,4,-5.911,4.470,1,14,7.374,10.291,0,10.291,0,tetrahydronaphthyridine|2-aminopyridine|aliphatic amine,6.561,5.220,64.581,T_shaped,0,2
gen_00341,8,-5.694,3.530,1,14,8.744,12.410,0,12.410,0,tetrahydronaphthyridine|2-aminopyridine|aliphatic amine,8.050,5.347,13.267,parallel,0,2
gen_00345,2,-6.938,7.169,0,14,8.474,12.241,0,12.761,0,aliphatic amine,8.878,7.045,89.189,T_shaped,0,3
gen_00345,3,-6.930,7.225,0,14,8.419,12.233,0,12.827,0,aliphatic amine,8.859,7.009,89.089,T_shaped,0,3
gen_00345,4,-6.927,6.803,0,14,8.089,11.647,0,11.647,0,aliphatic amine,9.058,7.064,82.181,T_shaped,0,3
gen_00345,5,-6.913,7.181,0,14,8.459,12.278,0,12.800,0,aliphatic amine,8.878,7.069,89.656,T_shaped,0,3
gen_00345,6,-6.904,6.697,0,14,8.578,11.735,0,11.735,0,aliphatic amine,9.438,7.422,81.669,T_shaped,0,3
gen_00345,7,-6.894,6.660,0,14,8.528,11.723,0,11.723,0,aliphatic amine,9.395,7.373,81.768,T_shaped,0,3
gen_00348,1,-7.409,7.984,0,12,2.303,13.557,0,inf,0,,4.509,3.531,32.454,oblique,0,4
gen_00348,2,-7.335,8.375,0,12,2.201,13.599,0,inf,0,,4.664,3.495,38.078,oblique,0,4
gen_00352,1,-7.125,5.220,0,20,4.193,13.478,0,inf,0,,5.615,3.611,46.489,oblique,0,3
gen_00352,3,-7.102,4.273,1,20,3.912,13.382,0,inf,0,,6.018,3.781,88.778,T_shaped,1,3
gen_00352,4,-7.036,6.070,0,20,6.189,11.858,0,inf,0,,8.380,5.864,23.893,parallel,0,3
gen_00352,5,-7.004,3.887,1,20,3.911,13.467,0,inf,0,,5.466,3.516,52.592,oblique,0,3
gen_00355,2,-7.445,6.250,0,14,2.821,13.870,0,10.862,0,aliphatic amine,5.918,4.042,76.830,T_shaped,1,2
gen_00360,1,-7.858,3.361,1,18,8.696,10.517,0,inf,0,,8.873,6.284,59.683,oblique,0,4
gen_00360,3,-7.772,3.403,1,18,8.756,10.548,0,inf,0,,8.931,6.371,57.323,oblique,0,4
gen_00364,1,-7.604,3.612,1,19,9.334,13.451,0,inf,0,,6.588,4.151,20.176,parallel,1,2
gen_00364,2,-7.493,3.823,1,19,9.508,13.507,0,inf,0,,6.549,4.194,17.232,parallel,1,2
gen_00369,1,-6.594,3.536,1,17,9.049,10.966,0,inf,0,,6.824,4.440,38.737,oblique,0,3
gen_00369,2,-6.559,3.449,1,17,9.254,11.191,0,inf,0,,6.738,4.406,38.358,oblique,0,3
gen_00369,3,-6.512,3.566,1,17,8.996,10.945,0,inf,0,,6.835,4.439,39.270,oblique,0,3
gen_00369,4,-6.476,3.493,1,17,9.070,11.015,0,inf,0,,6.881,4.480,39.318,oblique,0,3
gen_00369,7,-6.328,3.381,1,17,9.330,11.254,0,inf,0,,6.776,4.438,41.482,oblique,0,3
gen_00369,8,-6.310,3.660,1,17,9.029,11.080,0,inf,0,,6.807,4.416,40.336,oblique,0,3
gen_00369,9,-6.244,3.579,1,17,9.122,10.983,0,inf,0,,6.894,4.499,40.935,oblique,0,3
gen_00369,10,-6.229,3.573,1,17,9.447,11.100,0,inf,0,,6.877,4.491,40.292,oblique,0,3
gen_00369,11,-6.100,3.442,1,17,8.738,10.771,0,inf,0,,6.796,4.345,41.893,oblique,0,3
gen_00371,1,-8.220,3.776,1,18,9.915,12.784,0,inf,0,,9.101,6.444,39.140,oblique,0,4
gen_00371,2,-8.151,3.763,1,18,9.937,12.806,0,inf,0,,9.092,6.451,40.818,oblique,0,4
gen_00371,3,-8.126,3.710,1,18,9.427,12.375,0,inf,0,,8.210,6.113,61.843,T_shaped,0,4
gen_00371,4,-8.075,3.724,1,18,9.378,12.523,0,inf,0,,8.305,6.182,62.293,T_shaped,0,4
gen_00371,5,-7.971,3.754,1,18,9.996,12.941,0,inf,0,,7.937,5.962,58.189,oblique,0,4
gen_00375,1,-6.751,4.764,0,24,6.573,13.412,0,inf,0,,5.901,3.401,40.251,oblique,0,3
gen_00375,2,-6.749,4.843,0,24,6.585,13.498,0,inf,0,,5.898,3.404,38.448,oblique,0,3
gen_00375,3,-6.723,4.881,0,24,6.534,13.499,0,inf,0,,5.882,3.403,40.313,oblique,0,3
gen_00375,6,-6.530,3.738,1,24,6.868,13.444,0,inf,0,,6.035,3.413,19.996,parallel,1,3
gen_00375,7,-6.472,3.549,1,24,9.243,13.452,0,inf,0,,6.492,4.106,43.633,oblique,0,3
gen_00375,9,-6.327,3.718,1,24,7.445,12.624,0,inf,0,,5.926,3.835,66.923,T_shaped,1,3
gen_00390,1,-6.166,4.558,0,8,8.864,13.417,0,inf,0,,inf,inf,,no_aromatic_ring,0,0
gen_00391,4,-6.590,3.910,1,11,11.836,13.538,0,inf,0,,9.318,6.806,70.381,T_shaped,0,3
gen_00397,1,-7.004,6.462,0,12,8.697,11.714,0,inf,0,,9.023,7.766,69.896,T_shaped,0,2
gen_00400,1,-8.057,3.654,1,14,7.824,12.352,0,12.352,0,aliphatic amine,7.516,5.471,67.452,T_shaped,0,4
gen_00400,2,-8.004,3.584,1,14,7.783,12.233,0,12.233,0,aliphatic amine,7.535,5.475,67.825,T_shaped,0,4
gen_00400,3,-7.946,3.659,1,14,7.716,11.793,0,11.793,0,aliphatic amine,7.809,5.738,69.646,T_shaped,0,4
gen_00400,4,-7.929,3.713,1,14,7.875,12.401,0,12.401,0,aliphatic amine,7.550,5.522,67.037,T_shaped,0,4
gen_00400,5,-7.910,3.516,1,14,7.723,11.883,0,11.883,0,aliphatic amine,7.729,5.665,70.342,T_shaped,0,4
gen_00400,6,-7.902,3.615,1,14,7.883,11.712,0,11.712,0,aliphatic amine,7.996,5.945,70.605,T_shaped,0,4
gen_00400,7,-7.895,3.694,1,14,5.450,12.350,0,12.350,0,aliphatic amine,6.070,3.725,68.849,T_shaped,1,4
gen_00400,8,-7.887,3.675,1,14,6.659,11.910,0,11.910,0,aliphatic amine,7.465,5.459,65.690,T_shaped,0,4
gen_00400,10,-7.829,3.670,1,14,6.812,12.035,0,12.035,0,aliphatic amine,7.541,5.616,63.852,T_shaped,0,4
gen_00400,11,-7.817,3.681,1,14,7.729,12.276,0,12.276,0,aliphatic amine,7.506,5.450,67.445,T_shaped,0,4
gen_00407,4,-7.304,3.705,1,14,8.649,13.317,0,inf,0,,6.543,4.084,80.373,T_shaped,1,3
gen_00407,6,-7.284,3.713,1,14,8.627,13.404,0,inf,0,,6.544,4.057,80.753,T_shaped,1,3
gen_00408,1,-7.170,4.185,1,18,8.123,11.063,0,13.467,0,tetrahydronaphthyridine|2-aminopyridine,6.659,5.274,80.133,T_shaped,0,3
gen_00408,2,-7.044,4.801,0,18,7.835,11.088,0,10.422,0,tetrahydronaphthyridine|2-aminopyridine,6.510,5.014,67.704,T_shaped,0,3
gen_00424,1,-6.755,6.191,0,14,2.604,13.115,0,inf,0,,3.825,3.490,6.566,parallel,1,4
gen_00424,4,-6.471,3.685,1,14,5.727,11.879,0,inf,0,,5.298,4.018,41.998,oblique,0,4
gen_00424,10,-6.183,3.743,1,14,8.640,11.037,0,inf,0,,6.714,4.588,87.818,T_shaped,0,4
gen_00424,14,-6.060,3.799,1,14,9.507,12.371,0,inf,0,,5.802,4.153,69.158,T_shaped,1,4
gen_00426,1,-7.815,8.309,0,14,2.370,13.275,0,inf,0,,4.154,3.475,8.274,parallel,1,5
gen_00426,3,-7.549,7.681,0,14,2.376,13.482,0,inf,0,,4.093,3.504,20.956,parallel,1,5
gen_00432,1,-6.974,3.703,1,19,9.160,11.000,0,11.000,0,aliphatic amine,6.944,5.456,69.980,T_shaped,0,4
gen_00432,3,-6.684,4.216,1,19,9.542,11.280,0,11.280,0,aliphatic amine,6.970,5.491,74.489,T_shaped,0,4
gen_00436,5,-6.576,8.111,0,12,7.975,11.545,0,11.545,0,aliphatic amine,8.554,6.139,82.880,T_shaped,0,2
gen_00436,7,-6.523,6.321,0,12,3.943,8.785,0,8.785,0,aliphatic amine,4.654,3.539,3.038,parallel,1,2
gen_00439,2,-6.752,6.663,0,16,5.999,11.270,0,inf,0,,8.562,5.989,55.117,oblique,0,3
gen_00439,4,-6.693,5.493,0,16,6.248,13.747,0,inf,0,,8.971,6.734,67.342,T_shaped,0,3
gen_00439,5,-6.689,5.452,0,16,7.038,13.733,0,inf,0,,8.983,6.744,66.853,T_shaped,0,3
gen_00439,6,-6.669,3.650,1,16,6.569,13.665,0,inf,0,,7.460,5.019,66.433,T_shaped,0,3
gen_00441,10,-7.623,3.447,1,15,8.756,13.601,0,inf,0,,5.857,4.288,78.522,T_shaped,1,5
gen_00441,13,-7.551,3.673,1,15,9.748,13.668,0,inf,0,,7.030,4.791,86.516,T_shaped,0,5
gen_00444,3,-8.133,3.710,1,17,6.778,13.681,0,inf,0,,6.542,4.589,83.510,T_shaped,0,4
gen_00445,2,-7.558,6.782,0,15,8.051,10.788,0,inf,0,,7.266,5.101,28.008,parallel,0,3
gen_00445,4,-7.541,6.746,0,15,7.813,10.890,0,inf,0,,7.088,4.910,28.096,parallel,0,3
gen_00452,11,-7.190,3.450,1,17,9.063,12.782,0,inf,0,,6.766,4.276,54.643,oblique,0,3
gen_00460,1,-6.646,3.036,1,15,7.871,11.383,0,inf,0,,7.239,5.109,56.341,oblique,0,2
gen_00477,3,-8.783,3.855,1,22,7.759,10.979,0,inf,0,,6.081,4.615,76.072,T_shaped,0,4
gen_00477,4,-8.778,3.917,1,22,7.740,10.972,0,inf,0,,6.076,4.594,75.431,T_shaped,0,4
gen_00477,5,-8.577,4.303,1,22,7.546,10.967,0,inf,0,,6.039,4.389,84.818,T_shaped,1,4
gen_00485,1,-6.972,5.469,0,12,8.099,12.681,0,inf,0,,8.036,5.392,37.866,oblique,0,2
gen_00494,1,-7.294,6.379,0,9,6.305,10.637,0,inf,0,,7.950,5.340,87.165,T_shaped,0,2
gen_00494,2,-7.241,6.294,0,9,6.301,10.647,0,inf,0,,7.946,5.336,86.404,T_shaped,0,2
gen_00494,3,-7.186,3.492,1,9,11.286,13.157,0,inf,0,,9.932,8.383,81.018,T_shaped,0,2
gen_00494,4,-7.136,3.509,1,9,11.312,13.096,0,inf,0,,9.739,8.182,78.988,T_shaped,0,2
gen_00496,1,-6.870,7.045,0,10,5.697,13.528,0,inf,0,,5.304,3.523,19.589,parallel,1,4
gen_00502,2,-6.567,6.085,0,11,8.578,9.561,0,10.608,0,aliphatic amine,10.577,8.062,42.248,oblique,0,2
gen_00503,1,-7.690,6.602,0,18,7.449,11.692,0,inf,0,,8.525,6.314,28.792,parallel,0,3
gen_00506,1,-7.276,7.349,0,19,2.245,12.960,0,inf,0,,3.748,3.612,3.965,parallel,1,3
gen_00506,2,-7.262,7.351,0,19,2.399,12.930,0,inf,0,,3.770,3.567,4.142,parallel,1,3
gen_00506,3,-7.259,7.370,0,19,2.415,12.946,0,inf,0,,3.789,3.599,4.133,parallel,1,3
gen_00506,4,-7.245,7.338,0,19,2.384,12.963,0,inf,0,,3.736,3.552,3.985,parallel,1,3
gen_00509,5,-6.592,3.729,1,14,9.317,12.797,0,inf,0,,8.951,6.652,78.877,T_shaped,0,3
gen_00510,2,-7.614,3.556,1,13,9.346,11.172,0,11.172,0,aliphatic amine,7.244,4.984,74.489,T_shaped,0,2
gen_00510,6,-7.500,3.491,1,13,9.621,11.157,0,11.157,0,aliphatic amine,7.269,4.938,76.522,T_shaped,0,2
gen_00519,1,-7.507,3.952,1,14,9.854,11.161,0,inf,0,,9.649,8.156,61.375,T_shaped,0,3
gen_00525,2,-8.173,5.127,0,20,8.075,10.291,0,11.154,0,aliphatic amine,7.906,5.499,83.634,T_shaped,0,5
gen_00530,1,-9.117,3.721,1,23,8.082,11.354,0,inf,0,,8.376,6.297,85.117,T_shaped,0,4
gen_00530,2,-9.090,3.619,1,23,8.086,11.434,0,inf,0,,8.483,6.475,78.540,T_shaped,0,4
gen_00530,3,-9.055,3.710,1,23,8.110,11.384,0,inf,0,,8.029,5.984,84.057,T_shaped,0,4
gen_00530,4,-9.036,3.710,1,23,8.041,11.384,0,inf,0,,8.265,6.196,84.862,T_shaped,0,4
gen_00530,5,-9.013,3.427,1,23,8.030,11.483,0,inf,0,,8.895,6.873,75.012,T_shaped,0,4
gen_00537,3,-6.228,4.212,1,13,5.384,13.672,0,10.193,0,aliphatic amine,5.458,3.729,81.582,T_shaped,1,3
gen_00539,5,-7.894,3.758,1,18,5.922,12.867,0,inf,0,,5.695,3.523,34.826,oblique,0,4
gen_00539,6,-7.875,3.688,1,18,6.041,12.864,0,inf,0,,5.714,3.503,34.315,oblique,0,4
gen_00539,7,-7.868,3.700,1,18,6.020,12.868,0,inf,0,,5.700,3.558,29.173,parallel,1,4
gen_00539,8,-7.847,3.701,1,18,5.745,12.745,0,inf,0,,5.579,3.484,35.336,oblique,0,4
gen_00541,7,-6.891,3.116,1,14,11.541,13.674,0,inf,0,,8.461,6.499,87.415,T_shaped,0,3
gen_00541,13,-6.739,3.834,1,14,7.870,13.649,0,inf,0,,6.577,3.930,28.761,parallel,1,3
gen_00544,8,-7.853,3.403,1,20,11.230,13.647,0,inf,0,,9.550,8.042,78.949,T_shaped,0,5
gen_00545,9,-7.596,3.477,1,16,8.883,12.548,0,inf,0,,8.375,6.429,86.215,T_shaped,0,5
gen_00549,4,-7.613,6.795,0,18,2.546,10.950,0,inf,0,,3.892,3.555,7.194,parallel,1,3
gen_00549,7,-7.534,6.835,0,18,2.564,10.967,0,inf,0,,3.901,3.571,6.516,parallel,1,3
gen_00555,1,-7.105,3.922,1,11,8.939,10.880,0,inf,0,,7.141,4.592,49.077,oblique,0,2
gen_00559,2,-6.291,3.596,1,8,8.992,11.390,0,11.390,0,aliphatic amine,9.782,7.154,63.550,T_shaped,0,2
gen_00559,3,-6.233,3.608,1,8,9.423,11.561,0,11.561,0,aliphatic amine,9.940,7.462,62.651,T_shaped,0,2
gen_00559,6,-6.164,3.531,1,8,8.492,11.292,0,11.292,0,aliphatic amine,9.234,6.578,62.453,T_shaped,0,2
gen_00559,8,-6.051,3.765,1,8,7.954,11.040,0,11.040,0,aliphatic amine,9.032,6.349,62.567,T_shaped,0,2
gen_00562,1,-6.050,6.796,0,14,8.472,13.420,0,inf,0,,10.104,8.624,65.513,T_shaped,0,2
gen_00562,2,-6.042,6.565,0,14,8.297,12.785,0,inf,0,,10.084,8.422,60.220,T_shaped,0,2
gen_00562,3,-5.988,5.974,0,14,8.589,12.648,0,inf,0,,9.956,7.552,36.978,oblique,0,2
gen_00562,5,-5.948,5.907,0,14,8.243,12.850,0,inf,0,,9.935,7.780,49.017,oblique,0,2
gen_00562,6,-5.846,5.761,0,14,7.929,12.874,0,inf,0,,9.948,8.423,64.906,T_shaped,0,2
gen_00562,7,-5.823,5.260,0,14,7.872,12.876,0,inf,0,,9.970,8.438,64.347,T_shaped,0,2
gen_00575,2,-7.070,3.831,1,15,9.008,11.028,0,inf,0,,8.583,6.141,57.360,oblique,0,2
gen_00575,4,-7.036,3.774,1,15,9.112,11.131,0,inf,0,,8.715,6.197,53.941,oblique,0,2
gen_00583,1,-7.945,7.263,0,16,3.293,11.802,0,9.807,0,2-aminoazole,5.827,3.408,86.206,T_shaped,1,4
gen_00583,2,-7.912,7.277,0,16,3.303,11.782,0,9.911,0,2-aminoazole,5.812,3.416,86.608,T_shaped,1,4
gen_00584,1,-7.837,4.548,0,20,5.367,11.624,0,11.624,0,aliphatic amine,4.927,3.849,44.285,oblique,0,4
gen_00587,2,-6.841,3.493,1,10,9.164,11.697,0,inf,0,,6.988,4.779,44.769,oblique,0,3
gen_00587,3,-6.837,3.448,1,10,9.088,11.702,0,inf,0,,6.925,4.705,44.827,oblique,0,3
gen_00597,1,-6.555,4.363,1,14,8.444,9.645,0,12.967,0,2-aminopyridine,6.467,5.133,74.334,T_shaped,0,3
gen_00600,1,-7.220,3.489,1,18,8.756,11.880,0,inf,0,,8.615,6.190,56.695,oblique,0,2
gen_00600,2,-7.214,3.433,1,18,8.801,11.908,0,inf,0,,8.579,6.153,56.836,oblique,0,2
gen_00606,2,-6.939,3.619,1,14,6.443,11.055,0,inf,0,,6.062,3.745,62.148,T_shaped,1,3
gen_00606,4,-6.783,6.486,0,14,6.901,11.297,0,inf,0,,6.444,4.169,19.917,parallel,1,3
gen_00606,5,-6.772,3.540,1,14,6.359,11.012,0,inf,0,,6.075,3.730,62.138,T_shaped,1,3
gen_00608,10,-6.736,3.095,1,20,9.459,11.871,0,11.558,0,aliphatic amine,6.740,4.845,85.783,T_shaped,0,2
gen_00614,6,-6.430,5.015,0,19,7.987,10.772,0,inf,0,,7.229,4.920,70.500,T_shaped,0,2
gen_00620,2,-7.428,3.549,1,18,8.958,13.392,0,inf,0,,8.381,6.300,77.778,T_shaped,0,4
gen_00620,10,-7.250,3.403,1,18,9.406,13.498,0,inf,0,,8.281,6.598,47.558,oblique,0,4
gen_00620,11,-7.205,3.481,1,18,8.964,13.780,0,inf,0,,8.012,5.780,79.078,T_shaped,0,4
gen_00632,7,-7.689,3.588,1,20,3.009,13.667,0,10.915,0,aliphatic amine,5.547,3.563,44.021,oblique,0,3
gen_00635,1,-7.947,6.585,0,18,8.035,13.458,0,inf,0,,10.827,8.629,75.082,T_shaped,0,2
gen_00635,2,-7.689,6.566,0,18,2.686,11.896,0,inf,0,,3.741,3.540,4.031,parallel,1,2
gen_00636,1,-8.229,3.726,1,20,3.108,12.340,0,inf,0,,5.523,3.648,76.201,T_shaped,1,4
gen_00636,2,-8.176,3.743,1,20,3.077,12.355,0,inf,0,,5.562,3.678,75.363,T_shaped,1,4
gen_00640,1,-7.792,6.408,0,14,9.082,11.080,0,11.143,0,aliphatic amine,9.925,7.939,83.293,T_shaped,0,2
gen_00640,2,-7.758,6.359,0,14,9.029,11.025,0,11.099,0,aliphatic amine,9.872,7.881,82.247,T_shaped,0,2
gen_00642,1,-6.827,4.667,0,18,9.066,10.970,0,10.970,0,aliphatic amine,7.052,5.533,70.463,T_shaped,0,4
gen_00642,2,-6.807,4.968,0,18,9.055,10.919,0,10.919,0,aliphatic amine,7.006,5.471,70.846,T_shaped,0,4
gen_00642,3,-6.764,4.344,1,18,9.027,10.904,0,10.904,0,aliphatic amine,6.979,5.397,70.628,T_shaped,0,4
gen_00642,4,-6.733,4.323,1,18,9.035,10.911,0,10.911,0,aliphatic amine,6.990,5.403,71.093,T_shaped,0,4
gen_00645,3,-7.012,3.703,1,19,8.719,10.990,0,inf,0,,6.761,4.824,79.586,T_shaped,0,3
gen_00645,10,-6.854,3.713,1,19,8.669,10.887,0,inf,0,,6.742,4.819,80.597,T_shaped,0,3
gen_00645,12,-6.672,3.567,1,19,7.715,13.002,0,inf,0,,6.200,3.920,35.978,oblique,0,3
gen_00645,13,-6.501,3.936,1,19,7.284,10.951,0,inf,0,,6.389,4.298,63.895,T_shaped,1,3
gen_00654,6,-7.226,3.720,1,17,6.897,10.389,0,9.251,0,tetrahydronaphthyridine|2-aminopyridine|aliphatic amine,6.438,3.978,51.897,oblique,0,2
gen_00654,8,-7.215,3.896,1,17,6.593,12.812,0,9.415,0,tetrahydronaphthyridine|2-aminopyridine|aliphatic amine,7.154,5.159,61.562,T_shaped,0,2
gen_00654,9,-7.213,3.785,1,17,7.069,10.415,0,9.352,0,tetrahydronaphthyridine|2-aminopyridine|aliphatic amine,6.433,3.961,52.265,oblique,0,2
gen_00659,1,-8.378,3.406,1,17,2.510,12.398,0,inf,0,,4.046,3.604,21.005,parallel,1,5
gen_00659,2,-8.357,3.421,1,17,2.549,12.380,0,inf,0,,4.034,3.568,22.273,parallel,1,5
gen_00659,3,-8.318,3.369,1,17,2.286,12.381,0,inf,0,,4.033,3.506,22.837,parallel,1,5
gen_00659,4,-8.301,3.347,1,17,2.512,12.348,0,inf,0,,4.030,3.611,21.957,parallel,1,5
gen_00661,1,-6.910,6.470,0,14,8.610,14.006,0,12.944,0,tetrahydronaphthyridine|2-aminopyridine,9.630,7.691,88.844,T_shaped,0,2
gen_00661,2,-6.890,6.485,0,14,8.596,13.197,0,12.843,0,tetrahydronaphthyridine|2-aminopyridine,9.648,7.713,89.010,T_shaped,0,2
gen_00661,3,-6.742,6.234,0,14,6.634,12.772,0,10.675,0,tetrahydronaphthyridine|2-aminopyridine,7.883,5.451,78.146,T_shaped,0,2
gen_00673,3,-6.462,3.327,1,18,9.543,13.533,0,11.640,0,aliphatic amine,6.004,4.490,80.151,T_shaped,1,3
gen_00673,5,-6.423,4.819,0,18,7.648,10.915,0,9.661,0,aliphatic amine,6.468,4.248,57.946,oblique,0,3
gen_00673,9,-6.385,5.056,0,18,7.533,10.992,0,9.567,0,aliphatic amine,6.085,3.835,63.325,T_shaped,1,3
gen_00673,10,-6.383,4.893,0,18,7.565,10.972,0,9.637,0,aliphatic amine,6.339,4.096,60.269,T_shaped,1,3
gen_00673,11,-6.382,4.919,0,18,7.610,10.949,0,9.622,0,aliphatic amine,6.386,4.185,58.957,oblique,0,3
gen_00673,13,-6.248,5.494,0,18,7.194,7.877,0,9.286,0,aliphatic amine,8.747,6.357,45.732,oblique,0,3
gen_00681,1,-6.623,6.291,0,10,9.906,13.378,0,inf,0,,9.432,7.978,74.921,T_shaped,0,2
gen_00681,3,-6.397,5.916,0,10,9.193,13.544,0,inf,0,,9.165,6.717,71.279,T_shaped,0,2
gen_00681,4,-6.352,5.635,0,10,9.419,13.438,0,inf,0,,9.260,7.014,82.355,T_shaped,0,2
gen_00681,6,-6.323,6.026,0,10,9.408,13.498,0,inf,0,,9.250,7.906,66.574,T_shaped,0,2
gen_00688,5,-6.592,5.541,0,16,6.496,11.052,0,inf,0,,6.892,5.148,60.947,T_shaped,0,3
gen_00694,12,-7.388,3.572,1,17,6.784,13.448,0,inf,0,,6.043,3.531,36.121,oblique,0,3
gen_00698,2,-7.610,3.677,1,19,6.315,12.281,0,12.528,0,aliphatic amine,7.122,4.723,58.452,oblique,0,3
gen_00698,4,-7.569,3.690,1,19,6.288,12.239,0,12.522,0,aliphatic amine,7.092,4.721,55.489,oblique,0,3
gen_00698,5,-7.566,3.269,1,19,2.240,11.186,0,11.186,0,aliphatic amine,3.893,3.572,3.588,parallel,1,3
gen_00698,8,-7.459,3.703,1,19,6.118,12.520,0,12.520,0,aliphatic amine,7.142,4.762,61.398,T_shaped,0,3
gen_00698,9,-7.445,3.717,1,19,2.933,12.542,0,12.542,0,aliphatic amine,5.793,3.496,49.230,oblique,0,3
gen_00698,10,-7.445,3.667,1,19,2.910,12.431,0,12.431,0,aliphatic amine,5.788,3.547,48.976,oblique,0,3
gen_00698,12,-7.394,3.576,1,19,5.290,12.180,0,12.517,0,aliphatic amine,7.940,5.491,58.194,oblique,0,3
gen_00698,13,-7.374,3.851,1,19,3.066,11.373,0,11.373,0,aliphatic amine,5.971,3.619,57.763,oblique,0,3
gen_00698,14,-7.350,3.653,1,19,2.975,12.956,0,12.956,0,aliphatic amine,5.797,3.631,53.989,oblique,0,3
gen_00698,15,-7.314,3.738,1,19,3.199,11.199,0,11.199,0,aliphatic amine,6.058,3.686,61.443,T_shaped,1,3
gen_00702,16,-6.275,3.576,1,12,10.200,13.345,0,inf,0,,9.160,7.027,61.495,T_shaped,0,3
gen_00706,1,-8.164,6.566,0,21,2.608,10.878,0,13.404,0,tetrahydronaphthyridine|2-aminopyridine,3.846,3.615,3.899,parallel,1,3
gen_00710,1,-8.312,3.965,1,21,4.666,11.727,0,inf,0,,5.976,4.001,71.667,T_shaped,1,2
gen_00710,2,-8.309,3.953,1,21,4.657,11.739,0,inf,0,,5.985,4.013,72.075,T_shaped,1,2
gen_00710,3,-8.282,4.028,1,21,4.664,11.714,0,inf,0,,6.032,4.075,72.101,T_shaped,1,2
gen_00710,4,-8.252,3.917,1,21,4.760,11.736,0,inf,0,,6.102,4.150,72.849,T_shaped,1,2
gen_00711,1,-7.616,3.813,1,15,7.220,12.859,0,inf,0,,6.328,3.951,86.547,T_shaped,1,2
gen_00711,2,-7.558,3.494,1,15,7.154,12.765,0,inf,0,,6.252,3.868,83.830,T_shaped,1,2
gen_00711,3,-7.556,3.771,1,15,7.010,12.723,0,inf,0,,6.094,3.734,88.587,T_shaped,1,2
gen_00711,4,-7.524,3.474,1,15,7.213,12.813,0,inf,0,,6.248,3.914,88.516,T_shaped,1,2
gen_00711,5,-7.459,3.501,1,15,7.165,12.815,0,inf,0,,6.216,3.837,82.740,T_shaped,1,2
gen_00711,6,-7.436,3.735,1,15,7.020,12.673,0,inf,0,,6.268,3.877,41.678,oblique,0,2
gen_00711,7,-7.361,3.593,1,15,7.402,12.850,0,inf,0,,6.417,3.929,57.864,oblique,0,2
gen_00714,1,-8.556,3.655,1,19,9.506,10.445,0,inf,0,,6.490,4.224,66.654,T_shaped,1,4
gen_00714,2,-8.546,3.593,1,19,9.493,10.447,0,inf,0,,6.330,4.070,66.727,T_shaped,1,4
gen_00714,3,-8.212,3.638,1,19,9.565,10.531,0,inf,0,,6.370,4.124,68.728,T_shaped,1,4
gen_00722,7,-5.706,5.241,0,11,9.059,10.925,0,inf,0,,10.059,7.679,89.150,T_shaped,0,1
gen_00724,6,-6.185,3.686,1,16,10.008,11.089,0,inf,0,,9.040,7.085,71.430,T_shaped,0,3
gen_00724,7,-6.166,3.551,1,16,9.244,11.104,0,inf,0,,9.053,6.845,76.428,T_shaped,0,3
gen_00724,8,-6.105,3.577,1,16,9.242,11.102,0,inf,0,,9.351,6.765,42.743,oblique,0,3
gen_00724,9,-6.080,3.648,1,16,9.110,10.583,0,inf,0,,7.933,5.812,78.371,T_shaped,0,3
gen_00724,10,-6.066,3.623,1,16,9.265,11.094,0,inf,0,,9.260,6.818,37.847,oblique,0,3
gen_00724,12,-5.992,3.538,1,16,9.955,10.979,0,inf,0,,8.097,5.976,82.402,T_shaped,0,3
gen_00724,14,-5.938,3.631,1,16,8.214,10.748,0,inf,0,,7.993,5.427,63.913,T_shaped,0,3
gen_00733,1,-7.929,3.243,1,17,6.270,11.762,0,inf,0,,6.211,4.216,22.682,parallel,1,4
gen_00733,2,-7.890,3.563,1,17,6.233,11.790,0,inf,0,,6.210,4.232,21.496,parallel,1,4
gen_00739,1,-6.919,3.501,1,17,9.845,12.077,0,inf,0,,7.863,5.371,50.704,oblique,0,3
gen_00739,3,-6.875,3.566,1,17,8.433,11.331,0,inf,0,,6.327,3.945,57.085,oblique,0,3
gen_00742,2,-6.720,4.273,1,15,9.150,12.819,0,inf,0,,8.472,6.051,19.550,parallel,0,3
gen_00742,4,-6.698,4.348,1,15,9.462,13.793,0,inf,0,,8.527,6.048,19.013,parallel,0,3
gen_00742,12,-6.610,3.585,1,15,5.717,11.255,0,inf,0,,5.903,3.566,34.343,oblique,0,3
gen_00742,13,-6.604,4.402,1,15,5.495,12.270,0,inf,0,,8.032,5.566,81.859,T_shaped,0,3
gen_00742,14,-6.589,4.216,1,15,9.098,12.619,0,inf,0,,8.466,6.027,19.194,parallel,0,3
gen_00742,15,-6.515,4.212,1,15,5.068,12.848,0,inf,0,,7.419,5.011,84.714,T_shaped,0,3
gen_00743,1,-7.646,3.680,1,13,9.856,13.586,0,13.903,0,aliphatic amine,7.872,5.856,88.242,T_shaped,0,3
gen_00743,2,-7.606,3.684,1,13,9.977,13.624,0,13.923,0,aliphatic amine,8.045,6.025,87.640,T_shaped,0,3
gen_00743,3,-7.371,3.409,1,13,9.659,13.503,0,12.966,0,aliphatic amine,8.586,5.915,36.712,oblique,0,3
gen_00743,4,-7.355,3.455,1,13,9.934,13.461,0,13.122,0,aliphatic amine,8.720,6.088,37.845,oblique,0,3
gen_00743,5,-7.335,3.631,1,13,10.076,13.625,0,13.247,0,aliphatic amine,8.049,6.007,86.044,T_shaped,0,3
gen_00746,1,-7.627,3.605,1,18,6.984,11.598,0,inf,0,,8.310,5.607,27.623,parallel,0,3
gen_00746,2,-7.591,3.567,1,18,6.985,13.540,0,inf,0,,8.259,5.554,31.134,oblique,0,3
gen_00749,3,-6.792,6.175,0,15,5.671,11.109,0,inf,0,,6.134,3.831,83.848,T_shaped,1,2
gen_00758,1,-7.429,5.870,0,12,6.270,11.273,0,inf,0,,6.884,4.293,57.661,oblique,0,3
gen_00763,1,-7.811,6.251,0,13,4.344,11.021,0,11.703,0,aliphatic amine,8.792,6.987,41.773,oblique,0,3
gen_00763,2,-7.807,6.282,0,13,4.284,10.945,0,11.735,0,aliphatic amine,8.701,6.890,42.143,oblique,0,3
gen_00763,3,-7.800,6.307,0,13,4.264,10.882,0,11.749,0,aliphatic amine,8.651,6.820,43.742,oblique,0,3
gen_00763,4,-7.799,6.193,0,13,4.429,11.140,0,11.771,0,aliphatic amine,8.742,6.930,39.376,oblique,0,3
gen_00763,5,-7.787,6.366,0,13,3.183,10.747,0,11.838,0,aliphatic amine,5.778,3.706,69.019,T_shaped,1,3
gen_00768,1,-6.352,3.701,1,21,8.902,10.716,0,inf,0,,8.848,6.421,43.742,oblique,0,2
gen_00774,6,-6.087,4.419,1,19,7.385,11.144,0,inf,0,,6.523,4.056,42.280,oblique,0,3
gen_00774,9,-5.899,4.636,0,19,6.416,8.978,0,inf,0,,8.060,5.612,62.921,T_shaped,0,3
gen_00774,11,-5.841,5.200,0,19,9.063,13.433,0,inf,0,,7.992,5.954,82.098,T_shaped,0,3
gen_00783,1,-7.312,6.837,0,15,2.878,10.368,0,inf,0,,5.158,3.563,22.259,parallel,1,3
gen_00787,1,-7.458,6.445,0,17,8.025,11.321,0,inf,0,,6.769,4.410,23.808,parallel,1,3
gen_00788,5,-6.221,3.837,1,9,9.865,13.333,0,11.726,0,aliphatic amine,7.046,4.780,76.060,T_shaped,0,2
gen_00796,2,-6.848,3.159,1,19,9.555,13.509,0,inf,0,,6.808,5.221,76.295,T_shaped,0,3
gen_00796,10,-6.620,3.387,1,19,9.286,13.233,0,inf,0,,6.839,5.132,70.756,T_shaped,0,3
gen_00805,1,-6.098,5.505,0,13,9.179,10.317,0,inf,0,,6.775,5.081,83.312,T_shaped,0,3
gen_00805,3,-5.947,3.727,1,13,9.257,11.103,0,inf,0,,9.328,6.721,41.510,oblique,0,3
gen_00805,5,-5.928,3.791,1,13,9.293,11.125,0,inf,0,,9.443,6.979,35.200,oblique,0,3
gen_00805,9,-5.868,3.653,1,13,9.265,11.019,0,inf,0,,9.109,6.774,82.843,T_shaped,0,3
gen_00805,13,-5.788,3.704,1,13,9.226,11.061,0,inf,0,,9.351,6.812,38.502,oblique,0,3
gen_00811,2,-7.307,6.945,0,15,4.379,10.910,0,inf,0,,7.272,5.089,86.392,T_shaped,0,2
gen_00815,1,-5.806,3.424,1,12,9.336,10.650,0,inf,0,,6.386,4.701,53.908,oblique,0,2
gen_00815,4,-5.784,3.527,1,12,7.849,10.834,0,inf,0,,5.960,3.941,63.312,T_shaped,1,2
gen_00815,6,-5.717,3.690,1,12,7.933,10.821,0,inf,0,,8.502,6.039,60.924,T_shaped,0,2
gen_00815,7,-5.706,3.702,1,12,8.005,10.776,0,inf,0,,8.616,6.148,67.068,T_shaped,0,2
gen_00815,8,-5.697,3.723,1,12,7.865,10.796,0,inf,0,,8.631,6.200,62.964,T_shaped,0,2
gen_00815,9,-5.696,3.747,1,12,7.929,10.768,0,inf,0,,8.631,6.209,62.349,T_shaped,0,2
gen_00815,10,-5.667,3.481,1,12,9.554,10.743,0,inf,0,,6.410,4.799,55.285,oblique,0,2
gen_00816,1,-8.242,4.730,0,17,2.767,13.728,0,inf,0,,3.919,3.571,2.426,parallel,1,3
gen_00822,11,-6.782,3.720,1,16,7.449,12.817,0,inf,0,,6.826,4.485,51.915,oblique,0,3
gen_00822,12,-6.713,3.769,1,16,8.630,11.123,0,inf,0,,7.276,4.741,45.093,oblique,0,3
gen_00826,4,-6.931,3.750,1,17,6.921,11.111,0,inf,0,,6.140,3.876,33.098,oblique,0,3
gen_00826,9,-6.811,3.580,1,17,8.854,10.896,0,inf,0,,6.813,5.276,72.129,T_shaped,0,3
gen_00826,10,-6.775,4.188,1,17,9.494,10.948,0,inf,0,,6.994,5.451,82.715,T_shaped,0,3
gen_00826,11,-6.731,3.750,1,17,9.014,10.863,0,inf,0,,6.911,5.388,75.971,T_shaped,0,3
gen_00831,7,-5.994,4.847,0,19,7.795,10.622,0,inf,0,,8.935,6.601,87.553,T_shaped,0,2
gen_00831,8,-5.891,4.885,0,19,8.547,10.563,0,inf,0,,9.427,7.218,83.458,T_shaped,0,2
gen_00837,1,-6.284,6.203,0,10,2.923,13.548,0,inf,0,,6.231,4.104,48.361,oblique,0,1
gen_00837,2,-6.257,7.163,0,10,3.026,12.655,0,inf,0,,7.717,5.519,45.761,oblique,0,1
gen_00837,3,-6.230,7.116,0,10,2.363,12.724,0,inf,0,,7.648,5.423,46.430,oblique,0,1
gen_00837,4,-6.184,6.883,0,10,2.782,13.497,0,inf,0,,6.079,4.041,35.279,oblique,0,1
gen_00839,3,-7.238,3.570,1,18,7.838,11.617,0,inf,0,,6.057,3.698,75.436,T_shaped,1,4
gen_00839,5,-7.209,3.680,1,18,7.843,11.586,0,inf,0,,6.048,3.730,74.154,T_shaped,1,4
gen_00843,1,-7.263,6.394,0,16,6.727,11.873,0,11.873,0,aliphatic amine,7.371,5.070,73.338,T_shaped,0,2
gen_00843,2,-7.215,3.714,1,16,6.767,7.541,0,10.166,0,aliphatic amine,7.681,5.358,77.378,T_shaped,0,2
gen_00845,8,-6.811,3.034,1,11,11.052,13.471,0,inf,0,,9.400,6.866,38.510,oblique,0,2
gen_00849,4,-7.396,3.758,1,17,9.424,11.575,0,inf,0,,7.026,4.560,55.147,oblique,0,3
gen_00850,1,-7.017,4.504,0,13,7.934,13.317,0,inf,0,,5.372,3.688,53.112,oblique,0,3
gen_00853,1,-5.940,6.698,0,10,8.500,13.518,0,inf,0,,9.541,7.235,57.883,oblique,0,1
gen_00853,2,-5.925,6.747,0,10,8.682,13.471,0,inf,0,,9.409,7.131,44.228,oblique,0,1
gen_00853,4,-5.856,6.233,0,10,8.799,13.465,0,inf,0,,9.348,7.045,46.631,oblique,0,1
gen_00853,5,-5.797,5.598,0,10,9.260,13.498,0,inf,0,,9.573,7.226,40.358,oblique,0,1
gen_00858,1,-8.072,3.589,1,14,10.494,11.921,0,inf,0,,8.913,6.720,88.146,T_shaped,0,2
gen_00858,2,-8.066,3.604,1,14,10.431,11.902,0,inf,0,,8.780,6.575,88.713,T_shaped,0,2
gen_00858,4,-8.036,3.658,1,14,10.489,11.941,0,inf,0,,8.780,6.567,87.487,T_shaped,0,2
gen_00858,5,-8.024,3.681,1,14,10.125,11.647,0,inf,0,,8.356,6.137,80.878,T_shaped,0,2
gen_00858,7,-7.977,3.739,1,14,10.143,11.664,0,inf,0,,8.258,6.014,80.346,T_shaped,0,2
gen_00867,1,-6.279,5.788,0,10,9.273,11.023,0,inf,0,,10.096,8.555,60.303,T_shaped,0,2
gen_00868,5,-8.686,3.751,1,19,10.044,13.757,0,inf,0,,8.087,6.161,82.652,T_shaped,0,5
gen_00872,1,-8.255,3.602,1,20,8.033,12.118,0,inf,0,,8.604,6.201,48.709,oblique,0,4
gen_00879,1,-7.262,3.642,1,9,8.783,10.926,0,inf,0,,6.553,4.291,38.929,oblique,0,3
gen_00879,2,-7.240,3.613,1,9,8.822,10.937,0,inf,0,,6.537,4.283,39.269,oblique,0,3
gen_00883,1,-7.563,6.330,0,13,7.262,10.263,0,inf,0,,8.231,6.098,65.635,T_shaped,0,3
gen_00904,1,-8.096,5.643,0,15,3.911,10.982,0,inf,0,,5.369,3.626,55.209,oblique,0,4
gen_00904,2,-8.091,5.592,0,15,3.909,11.021,0,inf,0,,5.399,3.553,62.444,T_shaped,1,4
gen_00904,3,-8.072,5.621,0,15,3.855,10.961,0,inf,0,,5.317,3.556,57.495,oblique,0,4
gen_00904,4,-7.973,5.580,0,15,3.845,10.824,0,inf,0,,5.331,3.519,61.311,T_shaped,1,4
gen_00904,5,-7.909,5.501,0,15,3.813,10.999,0,inf,0,,5.362,3.563,62.492,T_shaped,1,4
gen_00904,7,-7.786,5.477,0,15,3.627,11.011,0,inf,0,,5.319,3.526,62.280,T_shaped,1,4
gen_00904,8,-7.692,5.679,0,15,3.573,10.994,0,inf,0,,5.300,3.542,50.857,oblique,0,4
gen_00906,2,-6.897,3.618,1,18,9.630,11.934,0,inf,0,,6.534,4.254,74.032,T_shaped,1,3
gen_00906,3,-6.821,3.665,1,18,9.883,12.023,0,inf,0,,6.514,4.287,73.364,T_shaped,1,3
gen_00906,4,-6.764,3.735,1,18,9.567,11.806,0,inf,0,,6.625,4.365,73.188,T_shaped,1,3
gen_00909,9,-6.905,3.781,1,15,9.679,13.527,0,inf,0,,6.667,4.387,55.664,oblique,0,3
gen_00912,13,-7.300,3.543,1,22,8.471,11.054,0,10.774,0,aliphatic amine,10.047,8.361,49.804,oblique,0,2
gen_00912,15,-7.090,3.367,1,22,9.238,13.457,0,12.185,0,aliphatic amine,7.040,4.747,67.922,T_shaped,0,2
gen_00919,9,-6.782,3.522,1,11,10.994,13.467,0,inf,0,,9.280,7.382,56.062,oblique,0,3
gen_00924,1,-8.008,7.204,0,18,2.451,10.951,0,9.071,0,aliphatic amine,3.737,3.605,2.817,parallel,1,3
gen_00924,2,-8.007,7.274,0,18,2.464,10.978,0,9.100,0,aliphatic amine,3.775,3.625,4.051,parallel,1,3
gen_00926,2,-6.568,5.965,0,16,8.302,9.180,0,inf,0,,8.606,5.988,53.426,oblique,0,3
gen_00926,4,-6.483,5.627,0,16,8.071,9.287,0,inf,0,,8.383,5.720,59.514,oblique,0,3
gen_00932,3,-7.437,3.786,1,12,6.760,12.481,0,inf,0,,6.159,3.678,59.058,oblique,0,5
gen_00932,4,-7.404,3.677,1,12,6.881,12.499,0,inf,0,,6.172,3.705,58.111,oblique,0,5
gen_00935,1,-7.365,3.411,1,17,9.579,13.666,0,inf,0,,6.528,4.724,66.999,T_shaped,0,3
gen_00935,2,-7.242,3.475,1,17,9.042,13.469,0,inf,0,,6.866,4.889,66.950,T_shaped,0,3
gen_00935,3,-7.224,3.489,1,17,9.113,13.597,0,inf,0,,6.817,4.868,68.728,T_shaped,0,3
gen_00935,5,-7.205,3.510,1,17,9.501,13.698,0,inf,0,,6.774,4.786,69.384,T_shaped,0,3
gen_00935,7,-7.077,3.563,1,17,8.232,13.408,0,inf,0,,6.943,4.761,67.326,T_shaped,0,3
gen_00935,8,-7.028,3.992,1,17,2.702,10.807,0,inf,0,,3.966,3.582,16.686,parallel,1,3
gen_00935,9,-7.014,5.886,0,17,3.052,10.683,0,inf,0,,4.114,3.554,10.442,parallel,1,3
gen_00935,10,-7.005,6.393,0,17,3.043,10.502,0,inf,0,,4.033,3.498,9.239,parallel,1,3
gen_00935,13,-6.866,3.604,1,17,9.561,12.892,0,inf,0,,7.584,5.456,78.332,T_shaped,0,3
gen_00936,2,-7.570,3.694,1,13,9.041,13.571,0,inf,0,,7.152,5.184,71.753,T_shaped,0,3
gen_00940,6,-6.088,3.314,1,15,8.965,13.562,0,13.453,0,aliphatic amine,7.858,5.471,83.289,T_shaped,0,2
gen_00942,1,-6.935,3.639,1,13,9.511,11.534,0,11.547,0,aliphatic amine,5.767,3.907,31.599,oblique,0,2
gen_00942,2,-6.910,3.681,1,13,9.505,11.549,0,11.549,0,aliphatic amine,5.957,3.978,36.021,oblique,0,2
gen_00942,3,-6.904,3.649,1,13,9.525,11.528,0,11.564,0,aliphatic amine,5.757,3.889,31.380,oblique,0,2
gen_00942,4,-6.900,3.615,1,13,9.566,11.533,0,11.533,0,aliphatic amine,5.978,4.025,36.255,oblique,0,2
gen_00946,7,-7.151,3.483,1,16,9.253,13.659,0,inf,0,,9.495,7.437,78.585,T_shaped,0,3
gen_00949,9,-6.107,5.764,0,12,9.800,10.992,0,inf,0,,9.818,8.237,54.882,oblique,0,2
gen_00960,6,-7.119,3.803,1,16,7.754,13.754,0,inf,0,,7.140,4.983,52.973,oblique,0,3
gen_00960,8,-7.067,3.733,1,16,8.224,13.789,0,inf,0,,6.634,4.712,59.195,oblique,0,3
gen_00961,4,-7.661,7.301,0,17,1.951,2.893,1,inf,0,,3.940,3.562,1.475,parallel,1,4
gen_00963,1,-7.833,3.598,1,14,7.861,11.582,0,inf,0,,8.513,6.517,73.606,T_shaped,0,3
gen_00963,2,-7.788,3.620,1,14,7.202,11.586,0,inf,0,,8.168,6.034,73.218,T_shaped,0,3
gen_00963,3,-7.751,3.597,1,14,7.754,11.639,0,inf,0,,8.320,6.445,68.973,T_shaped,0,3
gen_00971,4,-7.866,3.767,1,18,8.264,12.386,0,inf,0,,8.741,6.478,89.758,T_shaped,0,3
gen_00971,9,-7.797,3.803,1,18,9.014,12.394,0,inf,0,,8.835,6.438,77.102,T_shaped,0,3
gen_00971,11,-7.719,3.497,1,18,8.357,12.366,0,inf,0,,9.117,7.079,71.715,T_shaped,0,3
gen_00971,12,-7.681,3.951,1,18,8.126,12.500,0,inf,0,,9.212,7.026,81.943,T_shaped,0,3
gen_00971,14,-7.619,3.692,1,18,8.528,12.387,0,inf,0,,8.850,6.798,78.772,T_shaped,0,3
gen_00974,13,-6.757,6.235,0,19,5.072,13.518,0,inf,0,,8.702,6.624,42.417,oblique,0,2
gen_00974,15,-6.705,3.543,1,19,8.080,13.821,0,inf,0,,8.628,6.115,74.552,T_shaped,0,2
gen_00982,1,-7.225,5.913,0,22,2.859,12.210,0,12.210,0,aliphatic amine,5.471,3.434,74.471,T_shaped,1,4
gen_00982,2,-7.061,3.802,1,22,8.115,10.899,0,11.093,0,aliphatic amine,6.367,3.914,58.353,oblique,0,4
gen_00982,4,-7.029,6.515,0,22,2.744,12.310,0,12.310,0,aliphatic amine,5.467,3.445,64.897,T_shaped,1,4
gen_00982,6,-6.833,3.812,1,22,8.141,10.785,0,11.147,0,aliphatic amine,6.242,3.844,58.219,oblique,0,4
gen_00982,7,-6.821,3.691,1,22,8.107,9.240,0,10.997,0,aliphatic amine,6.384,3.909,59.208,oblique,0,4
gen_00982,8,-6.579,3.888,1,22,7.549,10.980,0,10.980,0,aliphatic amine,6.048,3.910,61.832,T_shaped,1,4
gen_00984,1,-7.254,3.564,1,16,6.846,13.976,0,inf,0,,6.152,3.857,63.089,T_shaped,1,4
gen_00984,2,-7.176,3.553,1,16,6.952,13.072,0,inf,0,,6.244,3.964,63.965,T_shaped,1,4
gen_00984,3,-7.091,5.592,0,16,3.523,13.195,0,inf,0,,4.512,3.577,10.700,parallel,1,4
gen_00984,5,-7.028,3.442,1,16,6.598,13.595,0,inf,0,,5.909,3.734,64.834,T_shaped,1,4
gen_00984,7,-7.016,3.521,1,16,6.546,13.758,0,inf,0,,5.839,3.593,65.794,T_shaped,1,4
gen_00984,8,-6.947,5.218,0,16,3.100,12.911,0,inf,0,,4.408,3.545,1.858,parallel,1,4
gen_00986,1,-7.813,4.057,1,16,8.572,11.799,0,inf,0,,8.650,6.260,64.002,T_shaped,0,3
gen_01005,10,-5.137,3.922,1,15,8.808,9.180,0,inf,0,,7.860,5.713,76.633,T_shaped,0,2
gen_01005,15,-5.089,6.249,0,15,5.963,7.330,0,inf,0,,8.097,5.718,73.013,T_shaped,0,2
gen_01013,5,-7.057,6.341,0,17,7.635,12.126,0,inf,0,,8.486,6.212,68.745,T_shaped,0,4
gen_01021,2,-7.061,3.692,1,13,9.136,13.449,0,12.850,0,aliphatic amine,6.199,3.895,48.486,oblique,0,2
gen_01031,2,-7.472,3.573,1,17,2.550,13.421,0,inf,0,,5.009,3.461,69.349,T_shaped,1,4
gen_01034,1,-7.664,6.114,0,15,7.816,13.334,0,inf,0,,6.051,3.622,16.853,parallel,1,4
gen_01046,1,-8.030,7.537,0,14,3.187,11.133,0,inf,0,,5.470,3.562,78.452,T_shaped,1,4
gen_01061,1,-6.698,4.712,0,18,7.647,10.429,0,8.775,0,2-aminopyridine,7.652,5.367,69.161,T_shaped,0,3
gen_01061,2,-6.684,4.748,0,18,7.629,10.465,0,8.786,0,2-aminopyridine,7.662,5.355,69.267,T_shaped,0,3
gen_01061,3,-6.662,4.624,0,18,7.603,10.528,0,8.811,0,2-aminopyridine,7.587,5.288,68.598,T_shaped,0,3
gen_01061,4,-6.638,4.790,0,18,7.658,10.467,0,8.801,0,2-aminopyridine,7.683,5.391,69.141,T_shaped,0,3
gen_01061,6,-6.426,3.730,1,18,8.021,11.186,0,9.380,0,2-aminopyridine,7.761,5.463,56.405,oblique,0,3
gen_01064,2,-7.393,3.996,1,17,8.620,11.664,0,inf,0,,6.972,4.717,49.861,oblique,0,3
gen_01074,1,-6.167,7.461,0,8,9.275,13.222,0,inf,0,,8.584,7.090,65.058,T_shaped,0,2
gen_01074,2,-6.051,4.302,1,8,7.046,11.064,0,inf,0,,6.358,3.870,59.499,oblique,0,2
gen_01074,3,-5.971,6.590,0,8,7.221,12.919,0,inf,0,,7.558,5.423,66.526,T_shaped,0,2
gen_01075,1,-8.019,3.629,1,20,9.097,10.879,0,10.879,0,tetrahydronaphthyridine|2-aminopyridine,9.278,6.871,63.868,T_shaped,0,3
gen_01075,2,-8.002,3.663,1,20,9.045,10.807,0,10.807,0,tetrahydronaphthyridine|2-aminopyridine,9.186,6.791,63.677,T_shaped,0,3
gen_01075,4,-7.819,3.470,1,20,9.084,11.049,0,11.049,0,tetrahydronaphthyridine|2-aminopyridine,9.384,7.011,65.515,T_shaped,0,3
gen_01075,5,-7.813,3.794,1,20,9.171,10.990,0,10.990,0,tetrahydronaphthyridine|2-aminopyridine,9.403,6.992,63.488,T_shaped,0,3
gen_01075,6,-7.804,3.693,1,20,9.055,10.860,0,10.860,0,tetrahydronaphthyridine|2-aminopyridine,9.287,6.878,65.992,T_shaped,0,3
gen_01075,7,-7.739,3.657,1,20,9.066,10.778,0,10.778,0,tetrahydronaphthyridine|2-aminopyridine,9.186,6.790,60.123,T_shaped,0,3
gen_01075,8,-7.708,3.597,1,20,9.106,10.880,0,10.880,0,tetrahydronaphthyridine|2-aminopyridine,9.272,6.869,63.711,T_shaped,0,3
gen_01082,1,-8.727,3.986,1,22,2.173,13.462,0,inf,0,,3.724,3.432,12.554,parallel,1,4
gen_01083,1,-8.359,3.758,1,19,8.964,11.994,0,inf,0,,8.249,6.188,64.431,T_shaped,0,4
gen_01083,2,-8.324,3.746,1,19,8.985,11.964,0,inf,0,,8.976,6.630,43.090,oblique,0,4
gen_01083,3,-8.307,3.627,1,19,9.030,12.055,0,inf,0,,8.292,6.291,59.477,oblique,0,4
gen_01083,4,-8.281,3.846,1,19,9.002,11.968,0,inf,0,,8.943,6.603,43.079,oblique,0,4
gen_01083,5,-8.279,3.804,1,19,8.933,11.915,0,inf,0,,8.914,6.574,43.808,oblique,0,4
gen_01083,6,-8.198,3.781,1,19,8.930,11.889,0,inf,0,,8.826,6.511,44.910,oblique,0,4
gen_01086,1,-7.069,3.675,1,14,7.901,13.734,0,inf,0,,7.133,5.567,56.310,oblique,0,3
gen_01090,3,-6.842,3.649,1,12,10.869,12.231,0,inf,0,,8.723,6.402,66.800,T_shaped,0,2
gen_01090,4,-6.793,3.611,1,12,11.087,12.197,0,inf,0,,8.542,6.543,86.179,T_shaped,0,2
gen_01094,7,-7.044,3.753,1,18,3.817,13.137,0,inf,0,,8.227,6.328,47.885,oblique,0,3
gen_01094,10,-6.983,3.673,1,18,4.017,13.452,0,inf,0,,7.897,5.961,52.944,oblique,0,3
gen_01098,1,-8.118,3.495,1,17,9.829,10.477,0,inf,0,,6.643,4.335,67.687,T_shaped,1,4
gen_01098,2,-8.106,3.257,1,17,10.086,10.552,0,inf,0,,7.374,5.102,75.229,T_shaped,0,4
gen_01107,4,-7.045,5.543,0,20,2.590,13.413,0,14.078,0,aliphatic amine,5.685,3.763,71.899,T_shaped,1,3
gen_01108,1,-7.283,3.687,1,15,5.950,10.524,0,9.423,0,aliphatic amine,6.209,4.195,47.088,oblique,0,2
gen_01108,2,-7.247,3.700,1,15,6.049,10.607,0,9.484,0,aliphatic amine,6.247,4.163,44.465,oblique,0,2
gen_01108,3,-7.235,3.770,1,15,5.639,10.348,0,8.987,0,aliphatic amine,6.251,4.181,44.152,oblique,0,2
gen_01108,4,-7.163,3.700,1,15,5.566,10.368,0,9.068,0,aliphatic amine,6.374,4.297,46.314,oblique,0,2
gen_01108,5,-7.154,3.732,1,15,5.956,10.562,0,9.362,0,aliphatic amine,6.227,4.181,46.628,oblique,0,2
gen_01112,2,-7.944,5.197,0,14,8.815,12.303,0,10.711,0,tetrahydronaphthyridine|2-aminopyridine,6.680,5.258,70.059,T_shaped,0,3
gen_01120,1,-7.839,3.740,1,13,8.950,13.455,0,inf,0,,7.916,5.865,77.798,T_shaped,0,4
gen_01125,10,-6.624,3.528,1,19,9.777,13.923,0,inf,0,,8.542,6.453,82.999,T_shaped,0,4
gen_01129,1,-8.286,3.480,1,16,9.399,11.237,0,11.237,0,aliphatic amine,7.616,5.236,24.309,parallel,0,3
gen_01129,3,-7.955,3.442,1,16,9.434,11.209,0,11.209,0,aliphatic amine,7.567,5.180,24.980,parallel,0,3
gen_01132,4,-6.122,6.504,0,15,3.170,13.618,0,inf,0,,3.732,3.552,0.897,parallel,1,2
gen_01132,6,-6.085,6.968,0,15,3.154,13.691,0,inf,0,,3.738,3.553,0.877,parallel,1,2
gen_01133,3,-6.765,6.013,0,21,7.611,11.621,0,inf,0,,7.362,4.849,2.371,parallel,0,4
gen_01136,9,-6.457,4.681,0,16,8.850,10.782,0,10.782,0,aliphatic amine,7.361,5.321,46.055,oblique,0,3
gen_01142,2,-7.288,3.482,1,12,12.506,13.236,0,inf,0,,10.133,8.505,74.015,T_shaped,0,3
gen_01142,3,-7.261,3.472,1,12,12.648,13.346,0,inf,0,,9.799,8.558,82.394,T_shaped,0,3
gen_01158,1,-6.927,3.712,1,16,8.947,10.727,0,10.727,0,aliphatic amine,7.272,5.468,63.806,T_shaped,0,4
gen_01158,3,-6.605,3.960,1,16,8.552,10.398,0,10.398,0,aliphatic amine,6.971,5.235,68.160,T_shaped,0,4
gen_01158,4,-6.604,3.833,1,16,8.638,10.496,0,10.496,0,aliphatic amine,7.055,5.325,64.987,T_shaped,0,4
gen_01162,1,-7.022,6.244,0,11,8.556,13.466,0,inf,0,,7.462,5.919,65.242,T_shaped,0,3
gen_01162,7,-6.909,6.398,0,11,5.756,13.416,0,inf,0,,9.315,7.851,72.066,T_shaped,0,3
gen_01163,1,-8.754,3.525,1,18,7.814,10.468,0,inf,0,,6.738,4.387,44.460,oblique,0,4
gen_01163,2,-8.718,3.500,1,18,7.804,10.636,0,inf,0,,6.739,4.385,42.238,oblique,0,4
gen_01163,3,-8.605,3.475,1,18,9.158,10.806,0,inf,0,,6.610,4.296,38.158,oblique,0,4
gen_01163,4,-8.584,3.410,1,18,7.850,10.552,0,inf,0,,6.440,4.121,42.215,oblique,0,4
gen_01168,4,-7.023,3.380,1,11,8.609,11.044,0,inf,0,,7.258,5.188,78.869,T_shaped,0,3
gen_01168,5,-7.008,4.105,1,11,9.268,11.916,0,inf,0,,5.600,3.762,68.171,T_shaped,1,3
gen_01168,7,-6.826,4.127,1,11,9.260,11.776,0,inf,0,,5.554,3.722,68.291,T_shaped,1,3
gen_01168,9,-6.814,3.386,1,11,9.186,11.622,0,inf,0,,7.904,5.781,89.250,T_shaped,0,3
gen_01168,10,-6.802,3.551,1,11,9.017,11.223,0,inf,0,,7.425,5.516,79.852,T_shaped,0,3
gen_01169,1,-6.558,3.987,1,11,9.626,12.773,0,12.773,0,aliphatic amine,9.161,6.724,56.812,oblique,0,1
gen_01171,1,-6.270,6.183,0,17,5.247,11.189,0,12.162,0,aliphatic amine,5.243,3.973,51.818,oblique,0,2
gen_01171,2,-6.270,6.163,0,17,5.242,11.258,0,12.246,0,aliphatic amine,5.256,3.971,51.548,oblique,0,2
gen_01171,3,-6.213,6.219,0,17,5.284,11.224,0,12.244,0,aliphatic amine,5.308,3.998,52.531,oblique,0,2
gen_01174,1,-6.817,3.589,1,13,8.024,11.877,0,inf,0,,6.145,3.959,60.233,T_shaped,1,3
gen_01174,3,-6.732,3.664,1,13,7.616,13.591,0,inf,0,,6.474,4.246,59.808,oblique,0,3
gen_01174,5,-6.710,3.624,1,13,7.044,13.538,0,inf,0,,6.570,4.799,48.174,oblique,0,3
gen_01174,7,-6.685,3.755,1,13,7.965,11.840,0,inf,0,,6.910,4.656,59.798,oblique,0,3
gen_01179,4,-7.361,3.622,1,13,8.059,13.561,0,inf,0,,6.243,3.758,78.923,T_shaped,1,3
gen_01186,4,-6.908,3.570,1,15,9.694,13.439,0,inf,0,,6.335,5.042,75.545,T_shaped,0,3
gen_01186,8,-6.726,3.713,1,15,10.048,10.950,0,inf,0,,8.520,5.929,25.745,parallel,0,3
gen_01186,9,-6.708,3.535,1,15,8.079,12.899,0,inf,0,,5.478,3.761,73.340,T_shaped,1,3
gen_01188,1,-7.726,3.680,1,13,7.196,11.925,0,inf,0,,8.774,6.224,59.951,oblique,0,3
gen_01191,1,-7.496,3.669,1,14,7.165,12.053,0,inf,0,,8.164,5.820,57.481,oblique,0,3
gen_01194,7,-7.061,3.558,1,16,5.620,13.268,0,inf,0,,5.823,3.648,23.776,parallel,1,4
gen_01202,10,-6.613,5.512,0,14,8.870,10.891,0,10.672,0,aliphatic amine,10.002,7.518,56.232,oblique,0,2
gen_01205,7,-7.066,3.673,1,14,6.731,13.546,0,inf,0,,5.262,3.753,76.601,T_shaped,1,4
gen_01205,10,-6.935,3.551,1,14,6.528,13.630,0,inf,0,,4.976,3.618,71.521,T_shaped,1,4
gen_01205,11,-6.875,3.613,1,14,6.642,13.645,0,inf,0,,5.214,3.716,76.047,T_shaped,1,4
gen_01209,4,-7.168,3.376,1,24,7.242,12.103,0,inf,0,,5.923,3.969,76.903,T_shaped,1,4
gen_01209,5,-7.163,3.367,1,24,7.268,12.121,0,inf,0,,5.912,3.944,75.723,T_shaped,1,4
gen_01225,13,-6.963,3.598,1,14,9.213,11.335,0,inf,0,,9.543,7.123,42.028,oblique,0,3
gen_01226,5,-6.782,6.401,0,15,7.721,10.959,0,inf,0,,8.518,6.225,34.338,oblique,0,2
gen_01231,6,-7.716,3.443,1,18,8.450,12.323,0,inf,0,,5.381,3.711,65.025,T_shaped,1,4
gen_01233,2,-7.630,3.424,1,19,5.761,9.151,0,11.372,0,aliphatic amine,5.749,3.611,63.258,T_shaped,1,3
gen_01233,3,-7.626,3.425,1,19,5.764,9.173,0,11.372,0,aliphatic amine,5.754,3.613,63.192,T_shaped,1,3
gen_01244,1,-7.735,6.529,0,15,3.094,7.570,0,inf,0,,4.176,3.437,31.812,oblique,0,4
gen_01244,2,-7.691,6.563,0,15,2.984,7.472,0,inf,0,,4.190,3.468,30.137,oblique,0,4
gen_01245,1,-7.970,6.249,0,13,7.613,11.327,0,inf,0,,6.446,3.832,31.433,oblique,0,3
gen_01245,2,-7.965,6.208,0,13,7.619,11.285,0,inf,0,,6.401,3.784,31.636,oblique,0,3
gen_01245,3,-7.730,5.284,0,13,7.091,11.172,0,inf,0,,6.269,3.743,15.242,parallel,1,3
gen_01249,1,-6.672,5.781,0,15,4.879,11.390,0,inf,0,,4.687,3.637,37.677,oblique,0,2
gen_01249,2,-6.665,5.813,0,15,4.866,11.440,0,inf,0,,4.698,3.637,37.016,oblique,0,2
gen_01249,3,-6.631,5.823,0,15,4.776,11.419,0,inf,0,,4.709,3.611,36.455,oblique,0,2
gen_01253,3,-7.330,3.524,1,16,6.097,11.332,0,inf,0,,5.995,3.627,48.345,oblique,0,3
gen_01253,5,-7.279,3.570,1,16,6.458,11.081,0,inf,0,,6.052,3.726,50.299,oblique,0,3
gen_01257,2,-6.139,5.172,0,11,3.103,11.286,0,11.286,0,aliphatic amine,5.218,3.637,46.137,oblique,0,2
gen_01269,1,-6.391,3.696,1,8,9.739,11.003,0,13.085,0,aliphatic amine,9.330,7.065,59.847,oblique,0,1
gen_01271,1,-7.298,6.591,0,19,2.474,11.638,0,inf,0,,3.811,3.579,3.517,parallel,1,3
gen_01271,2,-7.283,6.508,0,19,2.396,11.596,0,inf,0,,3.785,3.529,4.249,parallel,1,3
gen_01271,4,-7.149,6.580,0,19,2.781,13.411,0,inf,0,,3.829,3.622,9.484,parallel,1,3
gen_01271,6,-7.102,6.736,0,19,2.896,13.388,0,inf,0,,3.847,3.623,7.987,parallel,1,3
gen_01287,1,-7.499,6.861,0,19,5.547,12.457,0,inf,0,,5.954,3.760,53.566,oblique,0,4
gen_01287,3,-7.347,5.111,0,19,8.634,13.429,0,inf,0,,8.111,5.465,21.767,parallel,0,4
gen_01287,5,-7.301,5.800,0,19,7.978,10.772,0,inf,0,,8.109,5.902,23.523,parallel,0,4
gen_01287,8,-7.163,5.518,0,19,8.251,11.365,0,inf,0,,7.983,5.525,22.302,parallel,0,4
gen_01288,2,-7.491,3.728,1,18,9.818,10.471,0,inf,0,,7.846,5.516,49.596,oblique,0,4
gen_01288,3,-7.490,3.451,1,18,9.074,10.759,0,inf,0,,7.162,4.863,71.574,T_shaped,0,4
gen_01288,4,-7.421,3.709,1,18,9.857,10.541,0,inf,0,,7.902,5.568,49.784,oblique,0,4
gen_01288,5,-7.411,3.553,1,18,9.523,10.707,0,inf,0,,7.231,4.868,88.233,T_shaped,0,4
gen_01288,7,-7.336,3.733,1,18,9.941,10.552,0,inf,0,,7.920,5.606,50.183,oblique,0,4
gen_01288,8,-7.334,3.469,1,18,9.467,9.813,0,inf,0,,7.318,4.998,69.917,T_shaped,0,4
gen_01288,9,-7.316,3.512,1,18,9.297,10.803,0,inf,0,,6.939,4.404,11.386,parallel,1,4
gen_01288,11,-7.212,3.655,1,18,9.306,10.831,0,inf,0,,6.914,4.746,31.983,oblique,0,4
gen_01296,6,-7.678,3.526,1,16,8.280,11.881,0,inf,0,,5.806,3.678,56.093,oblique,0,5
gen_01308,7,-7.351,3.974,1,18,6.835,10.176,0,inf,0,,6.282,4.017,46.417,oblique,0,3
gen_01309,2,-7.083,3.692,1,10,10.047,11.844,0,inf,0,,8.860,6.937,73.415,T_shaped,0,2
gen_01309,3,-7.075,3.666,1,10,10.062,11.817,0,inf,0,,8.843,6.911,72.869,T_shaped,0,2
gen_01309,4,-7.070,3.636,1,10,10.030,12.591,0,inf,0,,9.286,6.997,89.972,T_shaped,0,2
gen_01309,5,-6.972,3.696,1,10,10.046,12.011,0,inf,0,,8.893,6.982,77.961,T_shaped,0,2
gen_01309,7,-6.882,3.713,1,10,10.791,13.412,0,inf,0,,9.349,7.064,84.984,T_shaped,0,2
gen_01309,8,-6.869,3.605,1,10,9.635,12.878,0,inf,0,,7.057,4.721,34.721,oblique,0,2
gen_01309,9,-6.863,3.450,1,10,9.557,12.247,0,inf,0,,6.776,4.500,42.506,oblique,0,2
gen_01310,4,-6.035,5.622,0,20,6.304,10.974,0,inf,0,,5.483,3.783,65.556,T_shaped,1,2
gen_01310,6,-6.015,5.710,0,20,6.439,10.960,0,inf,0,,5.497,3.861,64.632,T_shaped,1,2
gen_01310,7,-6.004,4.704,0,20,6.930,11.008,0,inf,0,,5.791,3.950,70.994,T_shaped,1,2
gen_01310,8,-5.917,4.627,0,20,6.393,11.672,0,inf,0,,5.693,4.414,60.754,T_shaped,1,2
gen_01317,1,-7.591,7.570,0,21,2.925,11.376,0,inf,0,,4.115,3.500,16.508,parallel,1,4
gen_01317,4,-7.383,3.669,1,21,9.003,12.975,0,inf,0,,5.985,4.078,54.674,oblique,0,4
gen_01325,9,-7.084,3.743,1,14,9.607,13.201,0,inf,0,,5.838,3.937,31.491,oblique,0,4
gen_01326,1,-7.384,3.752,1,12,7.676,12.914,0,inf,0,,7.346,4.672,55.947,oblique,0,3
gen_01326,2,-7.380,6.849,0,12,6.676,13.244,0,inf,0,,8.552,7.025,47.441,oblique,0,3
gen_01326,3,-7.368,3.644,1,12,7.719,12.947,0,inf,0,,7.376,4.697,56.550,oblique,0,3
gen_01326,4,-7.294,7.100,0,12,8.119,13.398,0,inf,0,,8.556,7.128,49.346,oblique,0,3
gen_01328,1,-7.055,4.205,1,21,9.831,11.661,0,inf,0,,8.464,6.216,53.979,oblique,0,3
gen_01330,3,-7.599,3.366,1,18,6.426,11.170,0,inf,0,,6.772,4.295,58.606,oblique,0,4
gen_01330,4,-7.488,3.655,1,18,6.352,11.233,0,inf,0,,6.687,4.162,58.133,oblique,0,4
gen_01331,1,-7.407,6.464,0,13,9.492,11.683,0,inf,0,,9.251,7.955,56.355,oblique,0,3
gen_01337,3,-6.873,3.912,1,22,2.305,13.457,0,inf,0,,3.711,3.612,2.916,parallel,1,3
gen_01338,1,-7.839,3.691,1,14,7.818,10.827,0,inf,0,,8.224,5.796,54.610,oblique,0,2
gen_01344,9,-7.613,3.873,1,16,9.141,13.533,0,inf,0,,5.389,3.775,38.424,oblique,0,4
gen_01345,3,-7.253,4.470,1,13,8.734,10.322,0,inf,0,,8.219,6.008,79.818,T_shaped,0,3
gen_01348,1,-6.884,5.546,0,14,8.118,11.030,0,9.864,0,aliphatic amine,8.483,6.218,69.344,T_shaped,0,2
gen_01358,1,-8.374,3.691,1,25,6.447,12.033,0,inf,0,,6.070,3.735,46.342,oblique,0,5
gen_01358,2,-7.982,2.968,1,25,5.870,11.935,0,inf,0,,6.213,3.943,62.277,T_shaped,1,5
gen_01358,3,-7.965,3.567,1,25,5.825,11.700,0,inf,0,,6.444,4.088,83.495,T_shaped,1,5
gen_01358,4,-7.908,3.611,1,25,7.160,11.826,0,inf,0,,5.417,3.621,83.709,T_shaped,1,5
gen_01358,5,-7.831,3.151,1,25,5.616,11.925,0,inf,0,,6.319,4.039,87.568,T_shaped,1,5
gen_01358,6,-7.828,3.622,1,25,6.814,11.791,0,inf,0,,6.023,3.763,78.619,T_shaped,1,5
gen_01367,1,-6.855,3.806,1,10,9.868,13.465,0,inf,0,,9.340,7.664,67.367,T_shaped,0,2
gen_01369,2,-7.860,6.243,0,16,8.852,13.433,0,inf,0,,8.044,5.835,81.845,T_shaped,0,2
gen_01371,3,-6.789,6.634,0,19,5.283,8.837,0,11.693,0,aliphatic amine,5.996,3.728,88.317,T_shaped,1,3
gen_01371,5,-6.774,6.559,0,19,5.278,8.936,0,11.662,0,aliphatic amine,6.165,3.833,88.999,T_shaped,1,3
gen_01371,6,-6.727,6.630,0,19,5.153,8.863,0,11.631,0,aliphatic amine,6.182,3.828,89.680,T_shaped,1,3
gen_01371,7,-6.658,6.589,0,19,5.178,6.651,0,11.586,0,aliphatic amine,6.353,4.000,89.512,T_shaped,1,3
gen_01371,9,-6.506,6.541,0,19,5.804,6.221,0,11.722,0,aliphatic amine,6.645,4.282,74.856,T_shaped,1,3
gen_01372,2,-6.969,3.468,1,19,8.074,11.092,0,inf,0,,7.448,5.220,71.054,T_shaped,0,3
gen_01372,6,-6.909,3.460,1,19,8.241,10.895,0,inf,0,,6.127,4.822,80.547,T_shaped,0,3
gen_01372,7,-6.900,3.531,1,19,8.220,10.877,0,inf,0,,6.144,4.883,80.506,T_shaped,0,3
gen_01372,9,-6.726,3.680,1,19,8.317,11.028,0,inf,0,,7.348,5.265,72.780,T_shaped,0,3
gen_01373,4,-6.923,6.534,0,15,2.407,13.063,0,3.739,1,aliphatic amine,3.849,3.618,3.969,parallel,1,3
gen_01373,5,-6.920,6.560,0,15,2.337,12.701,0,3.666,1,aliphatic amine,3.843,3.589,4.243,parallel,1,3
gen_01373,6,-6.909,6.535,0,15,2.452,13.060,0,3.668,1,aliphatic amine,3.856,3.526,8.119,parallel,1,3
gen_01383,1,-6.986,3.709,1,18,8.725,10.294,0,12.058,0,aliphatic amine,6.635,5.446,72.307,T_shaped,0,3
gen_01383,2,-6.983,3.785,1,18,8.737,10.306,0,12.067,0,aliphatic amine,6.667,5.486,72.337,T_shaped,0,3
gen_01383,3,-6.711,3.763,1,18,8.726,10.512,0,10.512,0,aliphatic amine,7.078,5.388,71.712,T_shaped,0,3
gen_01384,1,-6.995,5.316,0,22,8.677,10.909,0,9.846,0,aliphatic amine,6.955,5.321,56.300,oblique,0,3
gen_01384,2,-6.811,5.679,0,22,7.577,10.849,0,10.340,0,aliphatic amine,6.169,4.155,28.533,parallel,1,3
gen_01388,1,-6.620,4.314,1,22,6.868,11.601,0,inf,0,,5.357,3.584,86.916,T_shaped,1,3
gen_01388,3,-6.568,4.368,1,22,6.697,11.616,0,inf,0,,5.360,3.539,85.163,T_shaped,1,3
gen_01388,5,-6.490,4.949,0,22,2.902,11.692,0,inf,0,,3.895,3.528,17.386,parallel,1,3
gen_01388,8,-6.367,5.001,0,22,3.079,11.689,0,inf,0,,4.053,3.415,28.248,parallel,1,3
gen_01388,12,-6.277,3.590,1,22,7.952,11.185,0,inf,0,,6.871,4.458,35.934,oblique,0,3
gen_01404,1,-6.621,6.150,0,10,7.149,13.293,0,inf,0,,8.175,5.875,54.216,oblique,0,3
gen_01404,2,-6.557,3.467,1,10,5.032,13.512,0,inf,0,,7.181,4.486,66.323,T_shaped,1,3
gen_01407,7,-7.131,6.991,0,21,2.500,11.643,0,inf,0,,4.770,3.581,11.121,parallel,1,4
gen_01418,2,-7.644,5.407,0,17,3.701,10.804,0,inf,0,,4.989,3.452,51.560,oblique,0,3
gen_01418,4,-7.544,5.632,0,17,3.467,10.841,0,inf,0,,4.867,3.508,42.592,oblique,0,3
gen_01427,9,-7.599,3.575,1,17,9.167,13.162,0,inf,0,,6.178,4.063,45.509,oblique,0,4
gen_01437,2,-6.838,5.485,0,12,6.476,10.450,0,8.264,0,2-aminopyridine,6.292,3.995,63.537,T_shaped,1,3
gen_01437,3,-6.810,6.585,0,12,2.764,9.822,0,9.822,0,2-aminopyridine,4.434,3.622,43.331,oblique,0,3
gen_01437,4,-6.767,6.647,0,12,2.686,9.919,0,9.919,0,2-aminopyridine,4.365,3.609,35.103,oblique,0,3
gen_01437,6,-6.698,6.521,0,12,3.364,9.642,0,9.642,0,2-aminopyridine,5.730,3.567,70.363,T_shaped,1,3
gen_01437,7,-6.674,6.508,0,12,3.364,9.762,0,9.762,0,2-aminopyridine,5.380,3.613,71.979,T_shaped,1,3
gen_01437,8,-6.671,6.487,0,12,3.299,9.788,0,9.788,0,2-aminopyridine,5.721,3.560,72.316,T_shaped,1,3
gen_01437,9,-6.338,3.640,1,12,6.864,11.107,0,11.107,0,2-aminopyridine,6.151,4.053,61.933,T_shaped,1,3
gen_01445,1,-6.551,5.187,0,17,8.038,13.202,0,11.009,0,tetrahydronaphthyridine|2-aminopyridine,7.052,4.932,53.171,oblique,0,2
gen_01445,2,-6.513,5.200,0,17,8.026,13.203,0,11.002,0,tetrahydronaphthyridine|2-aminopyridine,7.041,4.919,51.465,oblique,0,2
gen_01445,3,-6.404,5.118,0,17,7.919,13.132,0,10.921,0,tetrahydronaphthyridine|2-aminopyridine,6.915,4.803,49.971,oblique,0,2
gen_01445,4,-6.369,5.190,0,17,8.265,13.367,0,11.438,0,tetrahydronaphthyridine|2-aminopyridine,7.274,5.267,56.802,oblique,0,2
gen_01445,5,-6.368,5.301,0,17,8.205,13.391,0,11.444,0,tetrahydronaphthyridine|2-aminopyridine,7.273,5.251,55.385,oblique,0,2
gen_01445,6,-6.362,5.248,0,17,8.377,13.356,0,11.440,0,tetrahydronaphthyridine|2-aminopyridine,7.317,5.286,55.596,oblique,0,2
gen_01445,7,-6.351,5.177,0,17,8.277,13.382,0,11.339,0,tetrahydronaphthyridine|2-aminopyridine,7.209,5.192,55.805,oblique,0,2
gen_01445,8,-6.329,5.230,0,17,8.228,13.493,0,11.323,0,tetrahydronaphthyridine|2-aminopyridine,7.192,5.131,54.301,oblique,0,2
gen_01445,9,-6.293,5.149,0,17,7.808,13.193,0,10.945,0,tetrahydronaphthyridine|2-aminopyridine,6.798,4.679,45.895,oblique,0,2
gen_01445,10,-6.290,5.281,0,17,8.026,13.305,0,11.170,0,tetrahydronaphthyridine|2-aminopyridine,7.035,4.882,51.192,oblique,0,2
gen_01445,11,-6.264,5.189,0,17,8.204,13.454,0,11.289,0,tetrahydronaphthyridine|2-aminopyridine,7.146,5.097,54.615,oblique,0,2
gen_01446,9,-6.404,3.549,1,13,9.579,13.370,0,inf,0,,6.593,4.531,85.648,T_shaped,0,2
gen_01446,14,-6.383,3.678,1,13,10.027,13.402,0,inf,0,,8.063,5.683,47.858,oblique,0,2
gen_01448,1,-7.683,5.680,0,14,2.187,13.691,0,inf,0,,3.739,3.551,6.191,parallel,1,4
gen_01454,1,-6.506,4.920,0,16,6.346,8.703,0,8.703,0,tetrahydronaphthyridine|2-aminopyridine,6.178,4.891,57.406,oblique,0,2
gen_01454,3,-6.419,4.820,0,16,6.079,8.511,0,8.511,0,tetrahydronaphthyridine|2-aminopyridine,6.066,4.775,55.313,oblique,0,2
gen_01454,4,-6.376,5.216,0,16,6.581,10.899,0,10.208,0,tetrahydronaphthyridine|2-aminopyridine,6.128,4.458,54.163,oblique,0,2
gen_01454,7,-6.349,4.812,0,16,7.039,11.800,0,11.882,0,tetrahydronaphthyridine|2-aminopyridine,6.042,3.456,39.423,oblique,0,2
gen_01455,1,-7.186,6.864,0,15,7.072,11.307,0,inf,0,,6.787,4.215,18.474,parallel,1,3
gen_01456,2,-6.493,3.691,1,17,9.199,11.636,0,inf,0,,8.395,5.760,75.847,T_shaped,0,3
gen_01456,4,-6.434,3.626,1,17,9.248,11.635,0,inf,0,,8.412,5.788,76.542,T_shaped,0,3
gen_01467,1,-7.993,3.515,1,21,9.038,10.921,0,inf,0,,6.976,4.443,46.845,oblique,0,4
gen_01470,9,-6.793,4.438,1,13,9.059,13.239,0,inf,0,,6.033,4.332,85.648,T_shaped,1,4
gen_01471,1,-7.816,4.249,1,18,2.741,11.925,0,11.925,0,aliphatic amine,4.060,3.586,2.623,parallel,1,3
gen_01471,2,-7.805,4.257,1,18,2.690,11.947,0,11.947,0,aliphatic amine,4.072,3.576,2.071,parallel,1,3
gen_01483,6,-7.185,3.752,1,17,9.993,12.746,0,inf,0,,9.231,7.294,56.955,oblique,0,3
gen_01483,7,-7.155,3.599,1,17,10.043,12.719,0,inf,0,,7.803,5.551,70.465,T_shaped,0,3
gen_01483,10,-7.134,3.699,1,17,10.044,12.716,0,inf,0,,9.452,7.189,62.205,T_shaped,0,3
gen_01483,14,-7.087,3.621,1,17,10.037,12.708,0,inf,0,,7.955,5.715,68.928,T_shaped,0,3
gen_01483,15,-7.084,3.651,1,17,10.066,12.714,0,inf,0,,7.751,5.486,72.233,T_shaped,0,3
gen_01489,2,-7.729,3.250,1,14,9.694,11.248,0,11.895,0,aliphatic amine,8.688,6.213,43.982,oblique,0,2
gen_01493,9,-6.802,3.528,1,15,11.021,13.396,0,inf,0,,9.127,6.666,42.506,oblique,0,2
gen_01493,10,-6.702,3.473,1,15,10.860,11.799,0,inf,0,,9.596,7.131,45.652,oblique,0,2
gen_01494,3,-7.860,3.368,1,20,9.715,11.209,0,inf,0,,7.593,5.726,75.167,T_shaped,0,3
gen_01506,15,-7.030,3.388,1,21,8.198,13.845,0,inf,0,,6.879,4.471,71.069,T_shaped,1,3
gen_01508,2,-6.795,3.749,1,13,5.664,11.027,0,inf,0,,5.233,3.626,36.549,oblique,0,3
gen_01508,3,-6.777,3.751,1,13,5.635,11.061,0,inf,0,,5.221,3.622,37.421,oblique,0,3
gen_01508,6,-6.703,3.819,1,13,5.461,12.572,0,inf,0,,6.069,3.749,60.617,T_shaped,1,3
gen_01514,1,-6.190,3.752,1,15,8.303,11.728,0,inf,0,,7.897,5.327,38.810,oblique,0,2
gen_01514,4,-6.147,3.762,1,15,7.687,10.964,0,inf,0,,7.425,4.852,37.797,oblique,0,2
gen_01514,6,-6.109,3.637,1,15,7.688,12.005,0,inf,0,,7.528,4.967,41.063,oblique,0,2
gen_01514,7,-6.094,3.542,1,15,9.638,11.873,0,inf,0,,8.669,6.286,49.191,oblique,0,2
gen_01516,1,-6.395,3.686,1,19,8.765,10.497,0,inf,0,,8.902,6.475,69.955,T_shaped,0,2
gen_01516,2,-6.359,3.784,1,19,8.623,10.413,0,inf,0,,8.883,6.445,69.950,T_shaped,0,2
gen_01516,4,-6.308,3.739,1,19,8.972,10.910,0,inf,0,,8.171,5.715,58.897,oblique,0,2
gen_01516,5,-6.287,3.637,1,19,8.840,10.630,0,inf,0,,8.282,5.937,61.292,T_shaped,0,2
gen_01516,7,-6.280,3.711,1,19,8.907,10.805,0,inf,0,,8.853,6.389,67.558,T_shaped,0,2
gen_01516,11,-6.245,3.708,1,19,8.933,10.941,0,inf,0,,8.599,6.140,63.185,T_shaped,0,2
gen_01531,1,-6.675,4.929,0,18,8.883,10.927,0,inf,0,,8.587,6.039,40.370,oblique,0,3
gen_01531,2,-6.661,4.971,0,18,8.888,10.937,0,inf,0,,8.564,6.019,41.818,oblique,0,3
gen_01531,3,-6.650,4.672,0,18,8.936,10.906,0,inf,0,,8.493,5.887,32.442,oblique,0,3
gen_01531,4,-6.643,4.767,0,18,9.406,11.158,0,inf,0,,9.870,7.267,43.140,oblique,0,3
gen_01531,5,-6.623,4.801,0,18,9.507,11.187,0,inf,0,,9.889,7.298,43.953,oblique,0,3
gen_01532,1,-7.611,6.205,0,11,8.231,13.172,0,inf,0,,8.492,6.115,37.754,oblique,0,4
gen_01534,10,-7.353,3.621,1,18,9.301,13.743,0,inf,0,,7.246,5.748,76.987,T_shaped,0,3
gen_01538,1,-7.167,6.734,0,18,4.574,9.095,0,inf,0,,5.894,3.599,89.628,T_shaped,1,4
gen_01539,3,-7.501,3.617,1,17,4.716,10.442,0,14.682,0,aliphatic amine,6.057,4.235,34.228,oblique,0,3
gen_01548,3,-7.560,3.506,1,16,8.254,10.905,0,inf,0,,7.746,5.337,67.086,T_shaped,0,4
gen_01555,1,-6.338,6.574,0,14,8.631,10.903,0,11.205,0,aliphatic amine,8.770,6.408,40.015,oblique,0,2
gen_01555,2,-6.290,3.901,1,14,8.946,10.847,0,10.847,0,aliphatic amine,8.639,6.341,33.447,oblique,0,2
gen_01555,6,-6.216,3.451,1,14,9.387,10.925,0,11.096,0,aliphatic amine,6.304,4.155,39.955,oblique,0,2
gen_01555,7,-6.205,3.539,1,14,9.798,12.646,0,13.109,0,aliphatic amine,6.797,4.315,60.473,T_shaped,1,2
gen_01555,8,-6.194,3.510,1,14,9.525,12.311,0,12.388,0,aliphatic amine,6.488,4.123,59.009,oblique,0,2
gen_01555,9,-6.183,3.511,1,14,9.435,12.308,0,12.418,0,aliphatic amine,6.417,4.063,59.336,oblique,0,2
gen_01555,10,-6.163,3.467,1,14,9.477,12.280,0,12.328,0,aliphatic amine,6.434,4.077,60.409,T_shaped,1,2
gen_01555,11,-6.140,3.450,1,14,9.211,10.961,0,10.961,0,aliphatic amine,6.234,4.049,34.151,oblique,0,2
gen_01555,12,-6.133,3.573,1,14,9.687,12.778,0,13.383,0,aliphatic amine,6.643,4.246,71.506,T_shaped,1,2
gen_01562,2,-6.854,5.138,0,9,9.671,12.439,0,inf,0,,9.421,8.010,68.350,T_shaped,0,2
gen_01562,7,-6.737,5.027,0,9,9.913,12.193,0,inf,0,,10.252,7.904,56.369,oblique,0,2
gen_01567,1,-7.464,6.277,0,12,2.595,10.685,0,5.921,0,aliphatic amine,10.730,8.603,53.788,oblique,0,1
gen_01567,2,-7.243,6.417,0,12,6.075,11.081,0,8.602,0,aliphatic amine,10.609,8.593,54.375,oblique,0,1
gen_01567,3,-7.175,3.732,1,12,5.965,10.088,0,12.171,0,aliphatic amine,6.251,3.757,81.812,T_shaped,1,1
gen_01573,1,-6.931,6.196,0,14,2.948,12.789,0,inf,0,,4.682,3.485,29.262,parallel,1,3
gen_01573,2,-6.913,6.198,0,14,2.928,12.795,0,inf,0,,4.645,3.453,27.561,parallel,1,3
gen_01573,3,-6.892,6.212,0,14,3.309,12.725,0,inf,0,,4.620,3.459,26.107,parallel,1,3
gen_01573,4,-6.850,6.258,0,14,2.928,12.774,0,inf,0,,4.688,3.516,26.498,parallel,1,3
gen_01573,5,-6.817,6.248,0,14,3.424,12.716,0,inf,0,,4.610,3.451,20.955,parallel,1,3
gen_01579,2,-7.534,3.529,1,19,9.968,11.011,0,inf,0,,8.321,6.243,84.188,T_shaped,0,3
gen_01579,3,-7.480,3.552,1,19,9.966,11.147,0,inf,0,,8.403,6.359,81.014,T_shaped,0,3
gen_01579,4,-7.479,3.465,1,19,10.271,11.332,0,inf,0,,8.699,6.628,79.149,T_shaped,0,3
gen_01579,7,-7.437,3.513,1,19,9.803,11.087,0,inf,0,,8.260,6.238,82.783,T_shaped,0,3
gen_01579,8,-7.430,3.499,1,19,10.184,10.990,0,inf,0,,8.577,6.504,82.558,T_shaped,0,3
gen_01579,11,-7.099,3.429,1,19,9.330,12.552,0,inf,0,,8.245,6.000,82.426,T_shaped,0,3
gen_01581,1,-7.410,3.557,1,14,9.272,11.449,0,11.918,0,aliphatic amine,9.567,7.391,82.924,T_shaped,0,2
gen_01581,2,-7.363,3.555,1,14,9.362,11.568,0,11.728,0,aliphatic amine,9.140,6.892,89.171,T_shaped,0,2
gen_01581,3,-7.360,3.505,1,14,9.310,11.452,0,10.162,0,aliphatic amine,9.709,7.604,83.089,T_shaped,0,2
gen_01581,4,-7.324,3.693,1,14,10.117,10.860,0,12.212,0,aliphatic amine,8.449,6.166,85.371,T_shaped,0,2
gen_01581,5,-7.278,3.664,1,14,10.275,10.846,0,12.141,0,aliphatic amine,8.445,6.151,85.313,T_shaped,0,2
gen_01581,6,-7.252,3.683,1,14,9.922,10.838,0,12.091,0,aliphatic amine,6.989,4.720,71.017,T_shaped,0,2
gen_01581,7,-7.215,3.518,1,14,9.317,11.464,0,11.910,0,aliphatic amine,9.022,6.755,89.174,T_shaped,0,2
gen_01581,9,-7.125,3.592,1,14,9.333,11.489,0,11.825,0,aliphatic amine,6.992,4.735,71.720,T_shaped,0,2
gen_01581,10,-7.112,3.447,1,14,9.351,11.518,0,10.141,0,aliphatic amine,9.122,6.831,89.834,T_shaped,0,2
gen_01583,1,-7.689,6.242,0,19,2.215,12.380,0,inf,0,,3.855,3.524,2.695,parallel,1,4
gen_01583,2,-7.676,5.046,0,19,2.238,11.904,0,inf,0,,3.736,3.537,5.552,parallel,1,4
gen_01583,3,-7.496,3.729,1,19,6.267,10.905,0,inf,0,,6.160,3.752,35.713,oblique,0,4
gen_01584,5,-6.980,6.542,0,16,2.839,13.377,0,inf,0,,4.164,3.542,7.880,parallel,1,3
gen_01585,3,-7.358,4.807,0,19,7.688,11.123,0,12.296,0,aliphatic amine,8.288,6.043,85.105,T_shaped,0,4
gen_01585,4,-7.306,4.203,1,19,7.844,11.137,0,12.277,0,aliphatic amine,8.232,5.985,83.461,T_shaped,0,4
gen_01592,4,-6.892,3.680,1,18,9.334,13.436,0,inf,0,,8.983,6.875,81.946,T_shaped,0,3
gen_01592,8,-6.730,3.704,1,18,9.778,13.508,0,inf,0,,5.387,3.943,50.007,oblique,0,3
gen_01592,12,-6.655,3.526,1,18,9.384,13.462,0,inf,0,,8.712,6.753,62.836,T_shaped,0,3
gen_01593,3,-7.909,3.673,1,16,8.391,13.669,0,10.009,0,aliphatic amine,5.603,3.386,65.814,T_shaped,1,3
gen_01601,3,-6.935,7.183,0,9,3.673,11.325,0,inf,0,,5.625,3.467,88.834,T_shaped,1,2
gen_01601,4,-6.907,7.094,0,9,3.820,11.028,0,inf,0,,5.820,3.633,89.157,T_shaped,1,2
gen_01601,5,-6.903,7.043,0,9,3.782,11.019,0,inf,0,,5.715,3.581,85.633,T_shaped,1,2
gen_01601,6,-6.872,7.055,0,9,3.820,11.156,0,inf,0,,5.747,3.601,86.591,T_shaped,1,2
gen_01604,1,-6.660,3.640,1,18,5.237,12.189,0,inf,0,,6.042,3.730,34.037,oblique,0,5
gen_01604,2,-6.643,3.576,1,18,5.365,12.182,0,inf,0,,6.036,3.725,35.542,oblique,0,5
gen_01604,3,-6.615,3.622,1,18,5.649,12.199,0,inf,0,,5.202,3.589,86.634,T_shaped,1,5
gen_01604,4,-6.600,3.585,1,18,5.948,12.282,0,inf,0,,5.229,3.668,88.945,T_shaped,1,5
gen_01604,6,-6.558,3.526,1,18,6.029,12.235,0,inf,0,,6.053,3.819,39.574,oblique,0,5
gen_01604,9,-6.481,3.525,1,18,5.801,12.263,0,inf,0,,6.113,3.960,43.523,oblique,0,5
gen_01604,10,-6.456,3.614,1,18,5.801,12.232,0,inf,0,,6.132,3.982,43.368,oblique,0,5
gen_01607,1,-8.104,3.664,1,20,9.877,13.679,0,inf,0,,7.312,5.691,61.091,T_shaped,0,4
gen_01607,2,-8.077,3.710,1,20,9.375,11.512,0,inf,0,,9.024,6.466,54.992,oblique,0,4
gen_01608,1,-7.780,3.674,1,16,9.702,13.444,0,inf,0,,8.118,6.097,80.733,T_shaped,0,4
gen_01623,3,-7.463,3.665,1,14,9.801,13.752,0,12.614,0,aliphatic amine,6.489,4.452,33.744,oblique,0,3
gen_01625,3,-6.239,6.362,0,15,6.303,10.943,0,13.151,0,aliphatic amine,5.931,4.152,46.327,oblique,0,3
gen_01625,4,-6.209,4.496,1,15,8.045,8.045,0,10.692,0,aliphatic amine,7.130,5.296,58.037,oblique,0,3
gen_01626,15,-5.753,3.605,1,22,8.127,10.975,0,9.892,0,aliphatic amine,6.421,4.746,77.626,T_shaped,0,3
gen_01629,7,-7.605,3.727,1,18,7.747,13.635,0,inf,0,,6.505,3.840,51.756,oblique,0,3
gen_01630,1,-6.717,4.499,1,17,8.675,9.085,0,11.972,0,aliphatic amine,6.616,5.205,78.296,T_shaped,0,3
gen_01637,1,-6.457,6.416,0,8,8.371,11.042,0,inf,0,,9.157,6.611,47.528,oblique,0,2
gen_01637,2,-6.400,6.427,0,8,8.364,10.996,0,inf,0,,9.148,6.584,44.347,oblique,0,2
gen_01647,1,-7.339,5.901,0,16,3.089,11.153,0,inf,0,,4.435,3.352,39.250,oblique,0,3
gen_01647,3,-7.270,5.312,0,16,3.799,10.954,0,inf,0,,4.751,3.370,43.225,oblique,0,3
gen_01650,1,-7.810,3.673,1,17,11.428,13.647,0,13.835,0,2-aminopyridine,8.934,6.738,72.127,T_shaped,0,3
gen_01650,3,-7.580,3.506,1,17,11.492,13.687,0,13.818,0,2-aminopyridine,8.848,6.889,72.177,T_shaped,0,3
gen_01650,4,-7.569,3.596,1,17,11.505,13.690,0,13.832,0,2-aminopyridine,8.480,6.636,66.620,T_shaped,0,3
gen_01650,11,-7.417,3.442,1,17,11.067,13.699,0,13.996,0,2-aminopyridine,8.183,6.247,78.705,T_shaped,0,3
gen_01655,2,-7.786,3.619,1,17,8.745,11.101,0,inf,0,,8.872,6.438,40.030,oblique,0,3
gen_01655,3,-7.749,3.656,1,17,9.343,11.012,0,inf,0,,7.808,5.700,42.417,oblique,0,3
gen_01655,4,-7.711,3.654,1,17,8.787,11.114,0,inf,0,,8.929,6.471,40.084,oblique,0,3
gen_01655,6,-7.668,3.673,1,17,9.267,10.987,0,inf,0,,8.265,6.247,47.369,oblique,0,3
gen_01655,9,-7.591,3.119,1,17,9.375,11.145,0,inf,0,,6.885,4.613,23.386,parallel,0,3
gen_01661,1,-7.341,3.717,1,13,9.547,10.899,0,inf,0,,8.901,6.393,64.026,T_shaped,0,3
gen_01661,2,-7.297,3.698,1,13,9.609,10.889,0,inf,0,,8.822,6.327,64.400,T_shaped,0,3
gen_01664,7,-6.061,5.303,0,18,7.661,13.517,0,inf,0,,8.482,6.144,70.523,T_shaped,0,2
gen_01664,8,-5.958,4.990,0,18,7.472,12.512,0,inf,0,,7.570,5.215,70.802,T_shaped,0,2
gen_01666,1,-7.027,5.471,0,11,8.729,10.973,0,inf,0,,8.843,6.293,56.195,oblique,0,4
gen_01666,2,-6.903,6.444,0,11,8.987,11.627,0,inf,0,,9.374,6.902,34.754,oblique,0,4
gen_01667,1,-6.758,3.744,1,15,9.024,11.649,0,inf,0,,8.557,6.062,50.047,oblique,0,2
gen_01667,2,-6.723,3.664,1,15,9.049,11.678,0,inf,0,,8.586,6.094,51.579,oblique,0,2
gen_01667,3,-6.557,3.679,1,15,9.202,11.665,0,inf,0,,8.755,6.251,51.555,oblique,0,2
gen_01673,1,-7.348,6.571,0,21,6.124,10.995,0,inf,0,,5.757,3.531,82.003,T_shaped,1,2
gen_01673,2,-7.296,6.532,0,21,6.198,10.975,0,inf,0,,5.772,3.506,78.592,T_shaped,1,2
gen_01673,3,-7.214,6.568,0,21,6.055,11.070,0,inf,0,,5.819,3.492,75.811,T_shaped,1,2
gen_01680,1,-7.170,6.145,0,11,8.222,11.064,0,13.451,0,tetrahydronaphthyridine|2-aminopyridine,10.213,8.888,72.802,T_shaped,0,1
gen_01686,3,-7.914,3.437,1,18,7.911,11.313,0,inf,0,,6.326,4.373,86.221,T_shaped,1,3
gen_01686,6,-7.823,4.048,1,18,6.125,11.916,0,inf,0,,6.705,4.158,85.709,T_shaped,1,3
gen_01689,5,-6.379,6.740,0,15,5.777,9.892,0,inf,0,,8.565,6.225,19.490,parallel,0,4
gen_01696,1,-7.276,3.501,1,9,10.475,11.602,0,inf,0,,9.676,7.271,41.054,oblique,0,2
gen_01696,2,-7.260,3.450,1,9,10.375,11.494,0,inf,0,,9.541,7.145,41.237,oblique,0,2
gen_01713,2,-7.302,7.655,0,12,3.084,11.578,0,inf,0,,4.056,3.588,5.478,parallel,1,3
gen_01718,3,-6.446,3.597,1,19,8.818,13.351,0,inf,0,,6.571,3.990,86.524,T_shaped,1,2
gen_01718,4,-6.443,4.865,0,19,7.347,13.602,0,inf,0,,6.496,4.083,49.136,oblique,0,2
gen_01718,5,-6.435,4.859,0,19,7.358,13.488,0,inf,0,,6.490,4.073,48.913,oblique,0,2
gen_01718,6,-6.363,3.532,1,19,8.832,13.466,0,inf,0,,6.581,4.037,84.962,T_shaped,1,2
gen_01718,7,-6.302,3.528,1,19,8.882,13.649,0,inf,0,,6.617,4.073,87.680,T_shaped,1,2
gen_01727,1,-7.056,6.062,0,15,6.873,11.899,0,8.524,0,aliphatic amine,7.732,5.841,72.350,T_shaped,0,2
gen_01727,2,-7.034,4.383,1,15,8.838,12.636,0,12.420,0,aliphatic amine,8.712,6.362,38.399,oblique,0,2
gen_01727,3,-6.980,4.207,1,15,8.749,12.684,0,12.303,0,aliphatic amine,8.557,6.163,40.248,oblique,0,2
gen_01729,8,-7.374,9.198,0,9,3.470,6.620,0,inf,0,,5.610,3.409,79.214,T_shaped,1,4
gen_01729,11,-7.134,3.439,1,9,9.451,11.640,0,inf,0,,6.762,4.489,29.664,parallel,1,4
gen_01729,12,-7.001,3.672,1,9,9.422,11.617,0,inf,0,,8.342,5.855,54.933,oblique,0,4
gen_01730,1,-6.610,4.373,1,15,8.407,12.532,0,10.850,0,tetrahydronaphthyridine|2-aminopyridine,6.826,5.353,68.667,T_shaped,0,3
gen_01730,2,-6.483,3.679,1,15,7.520,11.252,0,10.603,0,tetrahydronaphthyridine|2-aminopyridine,7.507,5.193,31.813,oblique,0,3
gen_01730,3,-6.414,4.945,0,15,8.975,12.539,0,11.382,0,tetrahydronaphthyridine|2-aminopyridine,7.084,5.499,66.382,T_shaped,0,3
gen_01730,5,-6.366,4.249,1,15,7.857,11.905,0,10.316,0,tetrahydronaphthyridine|2-aminopyridine,6.651,5.275,71.467,T_shaped,0,3
gen_01730,6,-6.319,3.693,1,15,8.692,10.974,0,9.939,0,tetrahydronaphthyridine|2-aminopyridine,8.002,5.616,31.677,oblique,0,3
gen_01730,8,-6.243,4.555,0,15,8.054,11.076,0,10.300,0,tetrahydronaphthyridine|2-aminopyridine,6.638,5.347,74.673,T_shaped,0,3
gen_01731,4,-5.227,3.793,1,13,8.773,10.547,0,inf,0,,7.735,5.616,74.459,T_shaped,0,2
gen_01745,2,-5.860,5.618,0,21,6.913,11.619,0,inf,0,,7.376,5.079,28.006,parallel,0,2
gen_01749,1,-7.335,3.516,1,13,11.329,13.070,0,inf,0,,9.196,6.800,48.999,oblique,0,3
gen_01749,5,-7.261,3.425,1,13,11.406,13.286,0,inf,0,,9.425,7.041,45.512,oblique,0,3
gen_01749,6,-7.261,3.422,1,13,11.390,13.266,0,inf,0,,9.334,6.925,46.817,oblique,0,3
gen_01749,7,-7.241,3.450,1,13,11.268,13.183,0,inf,0,,9.217,6.811,46.378,oblique,0,3
gen_01752,1,-8.647,3.560,1,19,3.351,11.958,0,10.681,0,aliphatic amine,8.995,7.013,66.447,T_shaped,0,4
gen_01752,2,-8.640,3.518,1,19,3.139,11.937,0,10.683,0,aliphatic amine,8.867,6.925,62.154,T_shaped,0,4
gen_01752,3,-8.632,3.553,1,19,3.003,11.969,0,10.817,0,aliphatic amine,8.776,6.862,59.095,oblique,0,4
gen_01759,1,-6.718,3.821,1,11,8.992,11.087,0,inf,0,,6.378,4.162,59.498,oblique,0,2
gen_01761,5,-6.744,3.497,1,20,10.575,11.827,0,inf,0,,8.561,6.564,74.851,T_shaped,0,4
gen_01761,7,-6.696,3.354,1,20,9.528,11.232,0,inf,0,,6.809,4.524,74.449,T_shaped,0,4
gen_01761,9,-6.654,3.356,1,20,9.382,11.036,0,inf,0,,6.708,4.383,67.439,T_shaped,1,4
gen_01761,11,-6.600,5.200,0,20,7.826,11.845,0,inf,0,,7.297,5.281,87.759,T_shaped,0,4
gen_01761,12,-6.580,3.608,1,20,9.636,11.223,0,inf,0,,7.212,4.837,69.264,T_shaped,0,4
gen_01763,1,-7.034,6.155,0,12,8.004,13.479,0,inf,0,,8.045,5.433,50.023,oblique,0,3
gen_01764,3,-7.140,3.730,1,13,11.195,13.335,0,inf,0,,9.295,7.213,81.820,T_shaped,0,2
gen_01766,1,-6.699,6.735,0,11,5.365,12.611,0,inf,0,,6.136,3.724,89.583,T_shaped,1,3
gen_01779,2,-7.025,6.618,0,12,3.377,11.650,0,9.875,0,aliphatic amine,5.592,3.397,78.891,T_shaped,1,1
gen_01780,1,-6.492,3.305,1,12,8.618,11.592,0,10.411,0,aliphatic amine,8.825,6.395,40.211,oblique,0,2
gen_01780,3,-6.459,3.710,1,12,8.504,11.046,0,10.459,0,aliphatic amine,6.349,4.196,32.600,oblique,0,2
gen_01780,5,-6.374,3.711,1,12,8.514,11.116,0,10.427,0,aliphatic amine,6.573,4.400,37.097,oblique,0,2
gen_01780,8,-6.298,3.649,1,12,9.253,11.578,0,10.840,0,aliphatic amine,9.885,7.813,55.464,oblique,0,2
gen_01780,11,-6.219,3.635,1,12,8.573,11.329,0,10.277,0,aliphatic amine,8.026,5.552,36.193,oblique,0,2
gen_01790,1,-7.967,4.078,1,20,8.053,10.989,0,inf,0,,6.376,4.921,64.632,T_shaped,0,4
gen_01793,1,-5.959,4.202,1,16,7.480,11.049,0,13.146,0,aliphatic amine,6.369,3.989,44.185,oblique,0,2
gen_01793,2,-5.922,4.364,1,16,7.472,11.052,0,13.113,0,aliphatic amine,6.407,4.071,45.759,oblique,0,2
gen_01796,1,-8.201,7.216,0,16,7.434,13.420,0,inf,0,,8.782,6.395,78.887,T_shaped,0,4
gen_01796,2,-8.058,7.227,0,16,7.413,13.395,0,inf,0,,8.852,6.460,80.338,T_shaped,0,4
gen_01796,3,-7.945,7.102,0,16,7.277,14.199,0,inf,0,,8.654,6.260,77.401,T_shaped,0,4
gen_01796,4,-7.915,6.548,0,16,4.063,13.607,0,inf,0,,5.804,3.661,82.226,T_shaped,1,4
gen_01797,2,-6.570,3.605,1,17,8.635,13.478,0,inf,0,,6.995,4.427,36.774,oblique,0,2
gen_01797,5,-6.495,3.630,1,17,8.044,13.484,0,inf,0,,6.601,3.945,42.774,oblique,0,2
gen_01797,6,-6.442,3.620,1,17,8.271,13.532,0,inf,0,,6.822,4.158,42.657,oblique,0,2
gen_01797,9,-6.429,4.508,0,17,7.697,10.800,0,inf,0,,7.105,4.453,60.344,T_shaped,1,2
gen_01797,12,-6.333,3.692,1,17,8.047,13.560,0,inf,0,,6.657,4.016,40.219,oblique,0,2
gen_01797,13,-6.290,3.498,1,17,9.368,13.488,0,inf,0,,7.497,4.902,40.825,oblique,0,2
gen_01819,13,-1.650,6.902,0,14,5.545,14.176,0,inf,0,,9.722,7.514,73.701,T_shaped,0,3
gen_01820,1,-7.995,7.085,0,17,9.307,13.565,0,inf,0,,9.405,8.307,52.347,oblique,0,2
gen_01824,3,-7.670,3.786,1,21,6.426,10.460,0,10.460,0,aliphatic amine,6.021,3.550,26.250,parallel,1,3
gen_01824,6,-7.526,3.842,1,21,6.352,10.480,0,10.480,0,aliphatic amine,6.102,3.691,27.379,parallel,1,3
gen_01829,10,-6.715,5.880,0,16,2.602,13.601,0,inf,0,,5.532,3.782,71.200,T_shaped,1,3
gen_01832,3,-6.927,3.684,1,18,9.400,10.652,0,10.652,0,2-aminopyridine,6.694,5.353,71.837,T_shaped,0,3
gen_01832,4,-6.909,3.802,1,18,9.395,10.629,0,10.629,0,2-aminopyridine,6.704,5.376,71.737,T_shaped,0,3
gen_01833,3,-8.674,3.704,1,18,8.155,13.339,0,inf,0,,8.269,6.255,82.140,T_shaped,0,4
gen_01835,3,-6.963,4.115,1,15,2.991,10.967,0,inf,0,,6.660,4.340,73.353,T_shaped,1,2
gen_01840,5,-6.740,3.612,1,17,8.348,13.328,0,inf,0,,9.501,7.341,86.778,T_shaped,0,2
gen_01841,1,-7.185,4.408,1,19,6.805,11.114,0,10.797,0,tetrahydronaphthyridine|2-aminopyridine,6.980,4.942,52.680,oblique,0,2
gen_01841,2,-7.116,4.375,1,19,6.734,11.133,0,10.740,0,tetrahydronaphthyridine|2-aminopyridine,6.805,4.770,49.726,oblique,0,2
gen_01841,4,-7.077,3.652,1,19,6.890,10.954,0,9.765,0,tetrahydronaphthyridine|2-aminopyridine,6.236,4.026,49.811,oblique,0,2
gen_01841,5,-6.983,3.694,1,19,7.439,11.690,0,11.455,0,tetrahydronaphthyridine|2-aminopyridine,7.254,5.444,67.860,T_shaped,0,2
gen_01841,6,-6.943,3.730,1,19,7.959,10.507,0,9.559,0,tetrahydronaphthyridine|2-aminopyridine,6.200,4.172,61.020,T_shaped,1,2
gen_01847,1,-7.204,4.112,1,20,7.336,10.583,0,inf,0,,8.865,6.522,85.325,T_shaped,0,2
gen_01847,2,-7.158,3.861,1,20,7.819,10.650,0,inf,0,,8.862,6.518,89.062,T_shaped,0,2
gen_01852,6,-7.101,3.427,1,15,9.418,13.732,0,inf,0,,6.289,4.126,42.121,oblique,0,3
gen_01852,8,-7.035,3.740,1,15,11.429,13.768,0,inf,0,,10.116,7.910,66.672,T_shaped,0,3
gen_01856,13,-6.041,3.649,1,19,8.739,9.977,0,inf,0,,7.381,4.900,66.681,T_shaped,0,3
gen_01860,1,-7.580,6.786,0,19,2.920,10.706,0,10.804,0,aliphatic amine,5.979,4.170,38.274,oblique,0,2
gen_01860,2,-7.549,6.726,0,19,2.955,10.667,0,10.769,0,aliphatic amine,5.938,4.135,36.805,oblique,0,2
gen_01860,3,-7.514,6.888,0,19,3.062,8.867,0,10.399,0,aliphatic amine,5.640,4.057,17.761,parallel,1,2
gen_01860,4,-7.495,6.842,0,19,3.064,8.961,0,10.437,0,aliphatic amine,5.628,4.042,17.756,parallel,1,2
gen_01865,1,-6.830,4.179,1,13,8.185,10.826,0,9.617,0,tetrahydronaphthyridine|2-aminopyridine,6.005,4.693,80.840,T_shaped,0,2
gen_01865,4,-6.612,5.916,0,13,7.692,12.283,0,10.294,0,tetrahydronaphthyridine|2-aminopyridine,8.921,6.326,81.781,T_shaped,0,2
gen_01868,1,-7.116,3.753,1,12,8.601,11.049,0,inf,0,,7.130,4.524,58.303,oblique,0,3
gen_01868,7,-6.955,3.838,1,12,8.956,13.399,0,inf,0,,6.733,4.173,42.645,oblique,0,3
gen_01868,9,-6.879,3.735,1,12,8.681,11.018,0,inf,0,,6.905,4.282,57.951,oblique,0,3
gen_01871,1,-8.140,3.705,1,14,9.583,12.505,0,inf,0,,6.246,4.257,55.062,oblique,0,4
gen_01874,1,-6.625,6.643,0,10,4.898,11.012,0,inf,0,,8.241,5.908,42.323,oblique,0,2
gen_01874,2,-6.617,5.886,0,10,5.101,11.253,0,inf,0,,8.185,5.881,39.877,oblique,0,2
gen_01874,3,-6.438,6.511,0,10,4.639,10.695,0,inf,0,,8.058,5.741,43.310,oblique,0,2
gen_01875,3,-6.858,6.723,0,9,5.900,10.743,0,inf,0,,6.564,4.211,66.887,T_shaped,1,3
gen_01875,4,-6.838,6.470,0,9,5.898,10.697,0,inf,0,,6.504,4.157,66.789,T_shaped,1,3
gen_01875,6,-6.753,4.147,1,9,8.686,12.582,0,inf,0,,6.515,4.016,57.352,oblique,0,3
gen_01875,7,-6.735,3.692,1,9,11.524,12.540,0,inf,0,,8.802,6.427,45.052,oblique,0,3
gen_01875,8,-6.726,3.677,1,9,11.304,11.527,0,inf,0,,8.798,6.371,46.619,oblique,0,3
gen_01875,10,-6.720,4.142,1,9,8.609,12.581,0,inf,0,,6.371,3.888,57.010,oblique,0,3
gen_01875,11,-6.719,3.980,1,9,11.282,12.132,0,inf,0,,8.696,6.282,47.269,oblique,0,3
gen_01902,2,-6.650,4.166,1,21,8.403,11.015,0,13.967,0,aliphatic amine,6.026,4.197,66.058,T_shaped,1,3
gen_01902,7,-6.562,4.189,1,21,8.370,10.853,0,13.957,0,aliphatic amine,6.135,4.171,67.309,T_shaped,1,3
gen_01903,8,-7.091,3.688,1,11,10.864,13.691,0,inf,0,,8.914,6.482,43.274,oblique,0,3
gen_01903,9,-7.086,3.739,1,11,10.900,13.560,0,inf,0,,9.009,6.520,41.339,oblique,0,3
gen_01906,3,-7.881,8.732,0,17,3.065,13.050,0,inf,0,,5.642,3.208,89.661,T_shaped,1,5
gen_01915,2,-7.539,7.083,0,11,3.173,11.585,0,inf,0,,5.995,3.610,88.878,T_shaped,1,3
gen_01915,6,-7.220,6.060,0,11,8.414,11.622,0,inf,0,,7.317,5.735,62.880,T_shaped,0,3
gen_01915,7,-7.205,6.091,0,11,8.513,11.622,0,inf,0,,7.378,5.840,63.359,T_shaped,0,3
gen_01915,8,-7.202,7.091,0,11,3.037,11.618,0,inf,0,,6.218,3.830,78.793,T_shaped,1,3
gen_01926,1,-7.270,3.627,1,11,9.776,11.387,0,inf,0,,8.170,5.802,73.727,T_shaped,0,3
gen_01926,2,-7.225,3.783,1,11,9.712,11.441,0,inf,0,,8.159,5.808,73.178,T_shaped,0,3
gen_01926,3,-7.158,3.858,1,11,9.798,11.608,0,inf,0,,8.354,6.156,77.397,T_shaped,0,3
gen_01926,4,-7.153,3.697,1,11,9.812,11.632,0,inf,0,,7.990,5.749,75.824,T_shaped,0,3
gen_01926,6,-7.134,3.788,1,11,9.819,11.510,0,inf,0,,8.234,5.902,72.525,T_shaped,0,3
gen_01930,3,-7.741,3.528,1,15,8.664,11.271,0,11.271,0,aliphatic amine,8.153,5.940,33.911,oblique,0,4
gen_01933,3,-8.009,4.039,1,18,2.612,9.801,0,inf,0,,5.870,3.498,85.305,T_shaped,1,3
gen_01933,4,-7.997,4.054,1,18,2.353,9.931,0,inf,0,,5.971,3.504,85.066,T_shaped,1,3
gen_01949,8,-7.629,3.622,1,14,10.552,13.477,0,inf,0,,7.494,5.251,84.268,T_shaped,0,2
gen_01950,4,-6.790,3.627,1,12,11.412,11.412,0,14.450,0,aliphatic amine,9.151,6.841,85.193,T_shaped,0,2
gen_01950,12,-6.605,3.657,1,12,10.268,10.268,0,13.305,0,aliphatic amine,7.704,5.425,88.373,T_shaped,0,2
gen_01963,1,-6.950,3.589,1,17,7.444,10.559,0,inf,0,,7.293,5.245,61.833,T_shaped,0,3
gen_01963,2,-6.943,3.595,1,17,7.429,10.555,0,inf,0,,7.293,5.236,61.121,T_shaped,0,3
gen_01963,7,-6.880,3.570,1,17,7.423,10.582,0,inf,0,,7.327,5.250,62.001,T_shaped,0,3
gen_01963,8,-6.871,3.564,1,17,7.546,10.521,0,inf,0,,7.345,5.271,62.668,T_shaped,0,3
gen_01963,10,-6.860,3.521,1,17,7.554,10.611,0,inf,0,,7.315,5.293,61.902,T_shaped,0,3
gen_01963,11,-6.805,3.517,1,17,7.483,10.572,0,inf,0,,7.248,5.236,60.730,T_shaped,0,3
gen_01963,12,-6.766,3.515,1,17,5.945,10.639,0,inf,0,,6.472,3.969,89.514,T_shaped,1,3
gen_01968,1,-8.882,3.239,1,22,7.682,10.907,0,inf,0,,6.629,4.669,89.081,T_shaped,0,4
gen_01968,2,-8.823,3.256,1,22,7.813,10.884,0,inf,0,,5.819,3.944,80.936,T_shaped,1,4
gen_01968,4,-8.721,3.255,1,22,8.224,10.968,0,inf,0,,6.560,4.592,89.071,T_shaped,0,4
gen_01968,5,-8.684,6.378,0,22,3.620,10.327,0,inf,0,,5.627,3.603,64.921,T_shaped,1,4
gen_01968,6,-8.681,6.319,0,22,3.574,10.337,0,inf,0,,5.740,3.719,63.934,T_shaped,1,4
gen_01976,1,-7.696,5.073,0,17,2.688,13.385,0,inf,0,,4.189,3.575,19.272,parallel,1,4
gen_01976,7,-7.452,4.997,0,17,2.499,13.353,0,inf,0,,4.279,3.660,20.597,parallel,1,4
gen_01978,9,-5.147,6.185,0,12,4.448,13.336,0,inf,0,,8.056,5.517,81.240,T_shaped,0,2
gen_01982,1,-8.023,3.590,1,20,10.390,13.520,0,inf,0,,7.005,4.908,68.929,T_shaped,0,3
gen_01982,4,-7.847,3.552,1,20,10.246,13.469,0,inf,0,,6.885,4.786,66.148,T_shaped,0,3
gen_01982,6,-7.814,4.882,0,20,6.004,13.505,0,inf,0,,6.274,4.248,40.732,oblique,0,3
gen_01982,7,-7.813,3.538,1,20,9.949,13.470,0,inf,0,,5.816,4.109,30.073,oblique,0,3
gen_01982,8,-7.809,3.356,1,20,10.051,13.576,0,inf,0,,6.648,4.495,62.287,T_shaped,1,3
gen_01982,9,-7.773,3.481,1,20,9.907,13.475,0,inf,0,,6.523,4.398,17.371,parallel,1,3
gen_01982,10,-7.697,5.788,0,20,6.989,13.446,0,inf,0,,6.680,4.424,55.666,oblique,0,3
gen_01982,12,-7.638,3.811,1,20,9.759,13.397,0,inf,0,,6.063,4.138,24.464,parallel,1,3
gen_01982,13,-7.585,3.617,1,20,10.966,13.663,0,inf,0,,7.628,5.577,80.708,T_shaped,0,3
gen_01982,14,-7.559,3.615,1,20,9.875,13.347,0,inf,0,,8.474,5.962,46.007,oblique,0,3
gen_01982,15,-7.460,3.653,1,20,9.680,13.517,0,inf,0,,6.728,4.326,68.940,T_shaped,1,3
gen_01991,8,-7.215,7.344,0,13,4.170,13.533,0,inf,0,,9.265,7.275,70.288,T_shaped,0,3
gen_01994,1,-7.998,3.655,1,16,8.374,11.211,0,inf,0,,6.400,3.959,59.103,oblique,0,3
gen_01994,2,-7.995,3.645,1,16,8.338,11.226,0,inf,0,,6.412,3.968,58.229,oblique,0,3
gen_01996,1,-6.850,6.394,0,18,5.891,13.533,0,inf,0,,6.513,4.189,82.024,T_shaped,1,2
gen_01996,2,-6.828,6.380,0,18,6.160,11.895,0,inf,0,,6.665,4.262,76.176,T_shaped,1,2
gen_01997,1,-7.881,3.833,1,15,7.238,12.325,0,inf,0,,8.782,6.362,70.140,T_shaped,0,3
gen_02000,1,-8.351,6.470,0,19,4.344,11.276,0,11.276,0,aliphatic amine,4.410,3.662,29.869,parallel,1,4
gen_02000,2,-8.296,6.512,0,19,4.292,11.241,0,11.241,0,aliphatic amine,4.426,3.666,29.047,parallel,1,4
gen_02002,1,-7.059,4.308,1,17,8.333,11.061,0,inf,0,,5.884,4.182,89.994,T_shaped,1,4
gen_02002,2,-7.008,3.681,1,17,8.035,11.035,0,inf,0,,5.742,4.223,87.117,T_shaped,1,4
gen_02002,3,-6.993,3.876,1,17,8.064,11.048,0,inf,0,,5.687,4.107,82.188,T_shaped,1,4
gen_02002,4,-6.981,3.837,1,17,8.123,11.098,0,inf,0,,5.759,4.030,82.436,T_shaped,1,4
gen_02002,5,-6.976,3.632,1,17,8.255,10.994,0,inf,0,,5.756,3.939,86.554,T_shaped,1,4
gen_02002,6,-6.934,3.640,1,17,8.038,11.032,0,inf,0,,5.788,4.281,87.301,T_shaped,1,4
gen_02002,7,-6.848,3.684,1,17,7.856,10.997,0,inf,0,,5.812,3.997,77.978,T_shaped,1,4
gen_02002,8,-6.801,3.599,1,17,8.410,11.040,0,inf,0,,5.859,4.159,88.039,T_shaped,1,4
gen_02002,9,-6.791,3.674,1,17,7.995,11.104,0,inf,0,,5.686,4.265,80.237,T_shaped,1,4
gen_02007,1,-7.674,6.595,0,17,2.464,8.972,0,inf,0,,3.840,3.532,15.012,parallel,1,3
gen_02008,11,-6.761,5.723,0,18,7.487,12.835,0,inf,0,,7.209,5.078,64.372,T_shaped,0,3
gen_02008,12,-6.694,3.435,1,18,9.203,13.143,0,inf,0,,6.425,4.092,61.068,T_shaped,1,3
gen_02009,1,-6.446,3.597,1,13,9.609,12.625,0,inf,0,,8.953,6.461,56.503,oblique,0,2
gen_02009,2,-6.317,3.714,1,13,9.465,12.655,0,inf,0,,9.240,6.783,59.994,oblique,0,2
gen_02010,3,-6.042,5.491,0,20,6.303,10.812,0,inf,0,,6.012,3.570,67.816,T_shaped,1,2
gen_02010,4,-6.025,6.079,0,20,2.718,12.931,0,inf,0,,3.687,3.496,6.562,parallel,1,2
gen_02010,6,-5.999,5.515,0,20,6.294,10.006,0,inf,0,,6.146,3.665,65.443,T_shaped,1,2
gen_02010,13,-5.804,3.929,1,20,8.427,11.532,0,inf,0,,6.103,4.101,81.563,T_shaped,1,2
gen_02016,2,-7.742,3.811,1,19,7.994,10.285,0,10.285,0,aliphatic amine,6.606,4.991,58.505,oblique,0,3
gen_02016,3,-7.727,3.839,1,19,8.025,10.697,0,10.697,0,aliphatic amine,6.637,5.180,71.664,T_shaped,0,3
gen_02016,5,-7.675,3.754,1,19,7.615,10.362,0,10.362,0,aliphatic amine,5.819,3.680,58.725,oblique,0,3
gen_02016,6,-7.631,3.681,1,19,7.816,10.790,0,10.790,0,aliphatic amine,5.799,3.761,69.171,T_shaped,1,3
gen_02016,7,-7.430,3.731,1,19,7.999,10.062,0,10.749,0,aliphatic amine,6.674,5.200,71.941,T_shaped,0,3
gen_02016,8,-7.219,3.711,1,19,8.739,11.968,0,11.968,0,aliphatic amine,5.935,3.977,77.094,T_shaped,1,3
gen_02021,2,-6.032,5.681,0,10,6.778,13.817,0,inf,0,,8.889,6.279,85.252,T_shaped,0,2
gen_02030,1,-7.669,3.872,1,21,9.137,11.218,0,inf,0,,7.911,5.384,41.083,oblique,0,4
gen_02030,3,-7.398,4.525,0,21,9.121,11.155,0,inf,0,,7.197,5.332,82.321,T_shaped,0,4
gen_02036,1,-7.705,3.599,1,15,9.592,11.078,0,inf,0,,8.884,6.727,76.003,T_shaped,0,3
gen_02036,5,-7.549,3.644,1,15,9.384,11.149,0,inf,0,,8.094,6.087,80.579,T_shaped,0,3
gen_02036,6,-7.527,3.507,1,15,9.649,11.098,0,inf,0,,7.543,5.240,88.552,T_shaped,0,3
gen_02036,7,-7.500,3.406,1,15,9.716,11.064,0,inf,0,,7.897,5.792,78.871,T_shaped,0,3
gen_02040,5,-6.871,4.015,1,15,7.766,10.711,0,inf,0,,7.642,5.429,59.414,oblique,0,3
gen_02047,6,-6.675,3.874,1,16,6.149,13.455,0,inf,0,,6.574,4.485,48.346,oblique,0,4
gen_02047,10,-6.508,4.682,0,16,6.442,13.420,0,inf,0,,6.503,4.733,60.417,T_shaped,0,4
gen_02050,4,-6.962,3.629,1,15,9.309,11.461,0,inf,0,,8.123,5.493,62.642,T_shaped,0,3
gen_02059,2,-7.572,5.006,0,20,2.585,14.044,0,inf,0,,3.711,3.484,12.239,parallel,1,4
gen_02070,1,-8.329,6.529,0,12,2.631,11.378,0,7.646,0,aliphatic amine,7.054,5.092,47.485,oblique,0,3
gen_02070,2,-8.263,6.514,0,12,4.433,10.313,0,7.757,0,aliphatic amine,8.525,6.466,70.228,T_shaped,0,3
gen_02070,3,-8.260,6.535,0,12,4.541,11.653,0,7.764,0,aliphatic amine,8.729,6.659,71.081,T_shaped,0,3
gen_02070,4,-8.253,6.518,0,12,4.474,10.287,0,7.728,0,aliphatic amine,8.487,6.441,71.961,T_shaped,0,3
gen_02070,5,-8.251,6.470,0,12,2.488,9.445,0,7.532,0,aliphatic amine,7.238,6.027,7.606,parallel,0,3
gen_02070,6,-8.222,6.534,0,12,4.151,11.411,0,7.793,0,aliphatic amine,8.505,6.408,62.440,T_shaped,0,3
gen_02070,7,-8.183,6.500,0,12,2.365,9.382,0,7.470,0,aliphatic amine,7.195,5.936,8.276,parallel,0,3
gen_02072,3,-8.147,3.758,1,15,9.941,13.450,0,inf,0,,8.682,6.200,60.926,T_shaped,0,4
gen_02073,2,-7.678,3.860,1,19,2.213,9.823,0,inf,0,,3.708,3.614,2.201,parallel,1,3
gen_02073,3,-7.660,3.685,1,19,2.049,9.938,0,inf,0,,3.691,3.594,2.098,parallel,1,3
gen_02073,5,-7.587,3.796,1,19,2.199,9.842,0,inf,0,,5.976,3.579,86.802,T_shaped,1,3
gen_02073,6,-7.558,3.779,1,19,2.140,9.783,0,inf,0,,3.711,3.633,0.419,parallel,1,3
gen_02073,9,-7.547,3.588,1,19,2.399,9.816,0,inf,0,,3.706,3.561,2.805,parallel,1,3
gen_02074,3,-7.059,3.323,1,15,10.418,11.130,0,inf,0,,8.628,6.463,56.211,oblique,0,3
gen_02078,1,-8.384,7.041,0,16,2.662,13.453,0,inf,0,,3.858,3.475,5.305,parallel,1,3
gen_02078,2,-8.161,7.128,0,16,2.662,13.465,0,inf,0,,3.813,3.517,2.998,parallel,1,3
gen_02078,3,-8.154,7.021,0,16,2.698,13.417,0,inf,0,,3.943,3.520,3.742,parallel,1,3
gen_02078,4,-8.013,7.165,0,16,2.398,13.017,0,inf,0,,3.780,3.503,3.530,parallel,1,3
gen_02078,5,-7.757,6.935,0,16,2.282,13.474,0,inf,0,,6.585,4.804,67.040,T_shaped,0,3
gen_02083,1,-7.623,4.324,1,16,8.393,13.341,0,12.678,0,aliphatic amine,8.767,6.482,81.768,T_shaped,0,3
gen_02083,2,-7.466,4.006,1,16,8.505,13.336,0,12.784,0,aliphatic amine,8.838,6.555,83.008,T_shaped,0,3
gen_02083,4,-7.344,4.319,1,16,8.438,13.199,0,12.697,0,aliphatic amine,9.080,7.124,84.592,T_shaped,0,3
gen_02084,5,-7.096,3.940,1,20,5.284,10.791,0,11.339,0,aliphatic amine,5.959,3.706,67.010,T_shaped,1,3
gen_02084,8,-7.072,3.966,1,20,5.293,10.773,0,11.361,0,aliphatic amine,5.937,3.697,65.265,T_shaped,1,3
gen_02084,9,-7.058,4.007,1,20,5.311,10.777,0,11.355,0,aliphatic amine,5.969,3.715,66.299,T_shaped,1,3
gen_02084,10,-7.045,3.982,1,20,5.227,10.810,0,11.323,0,aliphatic amine,5.924,3.662,69.199,T_shaped,1,3
gen_02086,1,-7.628,3.524,1,19,8.582,10.510,0,inf,0,,8.080,6.004,85.907,T_shaped,0,2
gen_02086,2,-7.619,3.746,1,19,8.795,10.727,0,inf,0,,9.862,7.291,59.418,oblique,0,2
gen_02086,4,-7.595,3.612,1,19,8.680,10.775,0,inf,0,,8.713,6.528,77.625,T_shaped,0,2
gen_02086,5,-7.534,3.784,1,19,8.620,10.642,0,inf,0,,6.537,4.097,47.666,oblique,0,2
gen_02086,12,-7.467,4.057,1,19,8.493,10.475,0,inf,0,,8.023,5.837,62.794,T_shaped,0,2
gen_02091,1,-6.830,6.880,0,17,2.284,7.468,0,inf,0,,3.931,3.528,16.183,parallel,1,4
gen_02097,1,-7.670,5.257,0,18,2.236,10.575,0,inf,0,,3.786,3.593,6.701,parallel,1,3
gen_02097,2,-7.657,5.342,0,18,2.411,10.657,0,inf,0,,3.854,3.598,6.359,parallel,1,3
gen_02097,3,-7.645,4.458,1,18,2.244,10.635,0,inf,0,,3.798,3.612,6.175,parallel,1,3
gen_02097,4,-7.640,5.272,0,18,2.424,10.634,0,inf,0,,3.864,3.589,6.580,parallel,1,3
gen_02101,4,-7.361,5.509,0,22,2.999,13.364,0,inf,0,,6.241,3.877,80.370,T_shaped,1,3
gen_02102,1,-6.956,3.600,1,18,9.548,13.637,0,inf,0,,7.197,4.859,49.721,oblique,0,2
gen_02102,2,-6.944,3.725,1,18,9.568,13.600,0,inf,0,,7.322,4.888,57.696,oblique,0,2
gen_02102,3,-6.898,3.659,1,18,9.651,13.652,0,inf,0,,8.461,6.038,53.010,oblique,0,2
gen_02102,4,-6.895,3.694,1,18,9.862,13.670,0,inf,0,,8.480,6.110,56.523,oblique,0,2
gen_02102,5,-6.892,3.686,1,18,9.562,13.642,0,inf,0,,6.799,4.474,52.865,oblique,0,2
gen_02102,7,-6.876,3.684,1,18,9.468,13.618,0,inf,0,,7.154,4.721,58.245,oblique,0,2
gen_02102,8,-6.876,3.704,1,18,9.544,12.710,0,inf,0,,8.521,6.080,53.326,oblique,0,2
gen_02102,9,-6.835,3.714,1,18,9.631,13.680,0,inf,0,,7.617,5.213,61.863,T_shaped,0,2
gen_02102,10,-6.794,3.627,1,18,9.709,13.618,0,inf,0,,8.068,5.768,58.797,oblique,0,2
gen_02114,1,-7.093,3.768,1,15,5.342,10.656,0,inf,0,,4.846,3.675,39.087,oblique,0,5
gen_02114,2,-7.092,3.717,1,15,5.398,10.693,0,inf,0,,4.907,3.703,40.095,oblique,0,5
gen_02114,3,-6.968,3.766,1,15,5.250,10.673,0,inf,0,,4.876,3.604,39.887,oblique,0,5
gen_02114,4,-6.963,5.373,0,15,3.107,8.955,0,inf,0,,5.635,3.486,52.795,oblique,0,5
gen_02114,5,-6.961,3.793,1,15,5.163,10.600,0,inf,0,,4.844,3.593,39.020,oblique,0,5
gen_02127,3,-7.306,7.394,0,16,2.504,13.616,0,inf,0,,3.758,3.557,7.106,parallel,1,4
gen_02138,1,-7.002,3.621,1,20,9.116,11.168,0,11.168,0,aliphatic amine,6.211,3.858,46.795,oblique,0,2
gen_02138,2,-6.987,3.643,1,20,9.142,11.161,0,11.161,0,aliphatic amine,6.229,3.883,46.406,oblique,0,2
gen_02138,3,-6.962,3.429,1,20,8.416,11.188,0,11.188,0,aliphatic amine,5.966,3.845,70.419,T_shaped,1,2
gen_02138,4,-6.959,3.441,1,20,8.424,11.191,0,11.191,0,aliphatic amine,5.981,3.878,70.031,T_shaped,1,2
gen_02138,5,-6.948,3.478,1,20,8.505,11.153,0,11.153,0,aliphatic amine,6.289,4.166,68.227,T_shaped,1,2
gen_02147,1,-8.344,6.333,0,17,7.673,12.181,0,inf,0,,8.552,6.277,68.679,T_shaped,0,4
gen_02147,2,-8.100,6.401,0,17,7.684,11.702,0,inf,0,,8.028,5.765,16.649,parallel,0,4
gen_02155,3,-6.994,5.671,0,14,6.638,13.193,0,inf,0,tetrahydronaphthyridine,6.484,4.290,67.224,T_shaped,1,2
gen_02155,6,-6.952,3.571,1,14,10.775,13.619,0,inf,0,tetrahydronaphthyridine,8.624,6.220,59.932,oblique,0,2
gen_02159,1,-7.068,6.435,0,7,7.989,13.208,0,11.241,0,tetrahydronaphthyridine|2-aminopyridine,8.778,6.363,87.023,T_shaped,0,2
gen_02159,3,-6.964,7.194,0,7,8.252,13.289,0,11.718,0,tetrahydronaphthyridine|2-aminopyridine,9.110,6.961,50.725,oblique,0,2
gen_02170,1,-7.153,6.676,0,18,6.522,7.439,0,inf,0,,7.210,5.116,79.450,T_shaped,0,4
gen_02180,6,-7.221,3.642,1,16,8.557,9.178,0,inf,0,,7.947,5.522,60.895,T_shaped,0,4
gen_02182,2,-7.498,3.479,1,17,5.644,11.611,0,inf,0,,6.175,4.056,61.072,T_shaped,1,3
gen_02186,4,-6.395,3.197,1,12,8.146,12.732,0,inf,0,,6.019,3.730,57.513,oblique,0,3
gen_02186,6,-6.310,3.099,1,12,8.110,13.700,0,inf,0,,6.004,3.710,58.682,oblique,0,3
gen_02187,2,-6.451,6.011,0,22,6.676,13.546,0,inf,0,,5.868,3.479,29.514,parallel,1,3
gen_02187,3,-6.432,6.049,0,22,6.667,13.540,0,inf,0,,5.877,3.530,30.130,oblique,0,3
gen_02187,7,-6.423,6.047,0,22,6.665,13.531,0,inf,0,,5.869,3.530,29.325,parallel,1,3
gen_02205,1,-6.308,5.504,0,8,7.081,13.491,0,inf,0,,6.216,3.706,28.803,parallel,1,1
gen_02210,4,-7.706,4.930,0,18,6.411,6.839,0,10.571,0,aliphatic amine,6.976,4.892,65.532,T_shaped,0,3
gen_02210,6,-7.689,4.962,0,18,5.826,6.806,0,10.637,0,aliphatic amine,6.997,5.037,70.200,T_shaped,0,3
gen_02216,1,-6.743,7.086,0,13,2.507,5.268,0,inf,0,,4.454,3.655,5.919,parallel,1,3
gen_02216,3,-6.537,6.407,0,13,7.867,13.484,0,inf,0,,7.346,4.706,36.957,oblique,0,3
gen_02218,3,-7.460,5.170,0,16,2.623,9.227,0,inf,0,,4.393,3.542,11.977,parallel,1,3
gen_02218,4,-7.446,5.185,0,16,2.771,11.491,0,inf,0,,4.448,3.537,9.092,parallel,1,3
gen_02218,6,-7.422,6.675,0,16,7.241,13.537,0,inf,0,,9.028,6.731,48.891,oblique,0,3
gen_02218,7,-7.419,3.633,1,16,7.155,13.631,0,inf,0,,7.493,5.255,54.971,oblique,0,3
gen_02226,1,-7.535,4.468,1,18,6.537,11.289,0,inf,0,,5.976,3.616,38.538,oblique,0,3
gen_02226,2,-7.471,4.898,0,18,6.436,11.162,0,inf,0,,5.867,3.686,36.515,oblique,0,3
gen_02226,3,-7.328,6.458,0,18,7.113,12.372,0,inf,0,,5.462,3.607,88.631,T_shaped,1,3
gen_02227,1,-7.180,5.615,0,20,3.097,13.506,0,inf,0,,4.900,3.830,31.600,oblique,0,3
gen_02227,2,-7.147,5.534,0,20,3.123,13.518,0,inf,0,,4.884,3.817,32.587,oblique,0,3
gen_02227,3,-7.122,5.507,0,20,3.207,13.513,0,inf,0,,4.907,3.868,33.518,oblique,0,3
gen_02227,4,-7.099,5.595,0,20,3.089,13.563,0,inf,0,,4.878,3.789,31.647,oblique,0,3
gen_02227,5,-7.098,5.508,0,20,3.193,13.444,0,inf,0,,4.904,3.867,32.993,oblique,0,3
gen_02227,6,-7.079,5.454,0,20,2.963,13.573,0,inf,0,,4.968,3.883,34.391,oblique,0,3
gen_02227,8,-7.033,5.534,0,20,2.952,13.597,0,inf,0,,5.116,4.088,35.948,oblique,0,3
gen_02230,3,-7.096,6.472,0,20,3.338,11.607,0,inf,0,,6.543,4.053,78.913,T_shaped,1,3
gen_02230,4,-7.089,3.442,1,20,8.329,13.491,0,inf,0,,5.621,4.224,64.360,T_shaped,1,3
gen_02230,6,-7.051,5.652,0,20,5.441,13.419,0,inf,0,,5.173,3.755,66.927,T_shaped,1,3
gen_02230,11,-6.960,3.455,1,20,8.146,11.058,0,inf,0,,5.548,3.866,68.103,T_shaped,1,3
gen_02232,1,-7.221,4.464,1,14,7.836,11.601,0,inf,0,,7.636,5.355,33.643,oblique,0,2
gen_02232,2,-7.203,5.331,0,14,7.679,11.623,0,inf,0,,7.503,5.143,34.138,oblique,0,2
gen_02232,3,-7.187,4.103,1,14,8.491,10.823,0,inf,0,,7.728,5.694,45.649,oblique,0,2
gen_02232,4,-7.119,5.099,0,14,8.223,10.995,0,inf,0,,7.443,5.206,42.977,oblique,0,2
gen_02234,1,-7.501,5.502,0,15,3.133,10.792,0,13.763,0,aliphatic amine,7.000,4.930,83.434,T_shaped,0,3
gen_02234,2,-7.499,5.554,0,15,3.110,10.912,0,13.679,0,aliphatic amine,7.167,5.234,75.989,T_shaped,0,3
gen_02234,3,-7.469,5.490,0,15,3.807,10.919,0,13.841,0,aliphatic amine,6.342,4.102,89.807,T_shaped,1,3
gen_02234,4,-7.407,3.580,1,15,9.396,11.107,0,11.725,0,aliphatic amine,6.206,4.401,35.250,oblique,0,3
gen_02234,5,-7.406,5.812,0,15,3.093,10.695,0,13.729,0,aliphatic amine,7.151,5.150,82.948,T_shaped,0,3
gen_02234,6,-7.383,5.441,0,15,3.133,10.975,0,13.514,0,aliphatic amine,6.976,4.936,80.513,T_shaped,0,3
gen_02237,1,-6.484,7.399,0,10,4.851,11.529,0,inf,0,,4.824,3.508,25.531,parallel,1,3
gen_02237,2,-6.481,7.454,0,10,3.604,11.358,0,inf,0,,4.735,3.526,25.122,parallel,1,3
gen_02237,3,-6.397,6.533,0,10,3.592,11.350,0,inf,0,,4.747,3.565,25.527,parallel,1,3
gen_02239,6,-7.349,5.607,0,17,5.743,10.821,0,inf,0,,6.188,3.688,79.972,T_shaped,1,4
gen_02241,2,-8.009,3.336,1,16,8.674,13.388,0,inf,0,,7.944,5.401,69.058,T_shaped,0,3
gen_02250,3,-6.822,4.231,1,18,8.883,10.984,0,inf,0,,7.579,5.627,66.521,T_shaped,0,3
gen_02253,1,-7.293,5.602,0,14,8.166,13.909,0,inf,0,,6.867,4.324,42.523,oblique,0,3
gen_02253,2,-7.202,5.600,0,14,8.203,13.925,0,inf,0,,6.857,4.320,42.328,oblique,0,3
gen_02256,1,-7.126,3.677,1,12,7.546,11.774,0,inf,0,,6.986,4.669,7.960,parallel,0,3
gen_02256,2,-7.123,3.726,1,12,8.996,12.741,0,inf,0,,7.915,6.155,67.673,T_shaped,0,3
gen_02256,3,-7.087,3.624,1,12,8.101,12.811,0,inf,0,,7.391,5.079,43.178,oblique,0,3
gen_02256,4,-7.042,3.513,1,12,7.909,12.385,0,inf,0,,7.499,5.084,44.877,oblique,0,3
gen_02256,5,-7.020,3.553,1,12,8.700,13.411,0,inf,0,,7.052,4.790,81.083,T_shaped,0,3
gen_02256,6,-7.014,3.642,1,12,7.690,12.547,0,inf,0,,7.312,4.982,40.672,oblique,0,3
gen_02256,7,-6.995,3.578,1,12,7.739,12.307,0,inf,0,,7.469,5.070,44.976,oblique,0,3
gen_02256,8,-6.970,5.565,0,12,9.035,12.386,0,inf,0,,8.122,6.299,68.060,T_shaped,0,3
gen_02256,9,-6.967,3.593,1,12,8.427,13.297,0,inf,0,,7.095,4.846,80.346,T_shaped,0,3
gen_02256,10,-6.904,3.616,1,12,8.284,12.797,0,inf,0,,6.921,4.648,69.041,T_shaped,0,3
gen_02257,6,-5.829,3.791,1,15,8.696,9.648,0,9.648,0,2-aminopyridine,8.149,5.725,54.243,oblique,0,2
gen_02260,1,-6.643,6.107,0,7,5.528,8.952,0,12.174,0,aliphatic amine,6.076,3.747,71.236,T_shaped,1,2
gen_02260,2,-6.559,6.388,0,7,5.511,9.000,0,12.188,0,aliphatic amine,6.089,3.740,72.679,T_shaped,1,2
gen_02262,2,-5.996,4.874,0,20,7.267,11.360,0,11.360,0,aliphatic amine,7.922,5.535,52.202,oblique,0,3
gen_02262,3,-5.985,4.932,0,20,7.000,11.412,0,11.412,0,aliphatic amine,7.492,5.053,50.908,oblique,0,3
gen_02262,5,-5.977,5.064,0,20,7.293,11.167,0,11.167,0,aliphatic amine,8.422,6.103,55.252,oblique,0,3
gen_02262,8,-5.854,3.779,1,20,5.033,12.492,0,12.492,0,aliphatic amine,5.934,3.651,86.381,T_shaped,1,3
gen_02262,9,-5.830,4.632,0,20,8.671,13.010,0,13.010,0,aliphatic amine,6.474,4.642,82.915,T_shaped,0,3
gen_02262,10,-5.827,4.687,0,20,8.706,13.040,0,13.040,0,aliphatic amine,6.455,4.622,82.446,T_shaped,0,3
gen_02262,11,-5.817,4.738,0,20,8.672,13.010,0,13.010,0,aliphatic amine,6.411,4.585,82.275,T_shaped,0,3
gen_02262,12,-5.813,3.714,1,20,9.313,11.721,0,11.721,0,aliphatic amine,6.502,4.113,51.401,oblique,0,3
gen_02262,15,-5.752,3.731,1,20,5.088,12.557,0,12.557,0,aliphatic amine,5.988,3.617,85.558,T_shaped,1,3
gen_02263,2,-7.590,3.562,1,14,9.229,13.472,0,inf,0,,9.771,7.757,62.870,T_shaped,0,2
gen_02266,5,-6.414,3.706,1,17,8.311,10.282,0,inf,0,,7.152,4.958,59.033,oblique,0,4
gen_02273,1,-7.741,3.742,1,18,10.319,11.605,0,inf,0,,9.081,6.739,80.091,T_shaped,0,3
gen_02273,2,-7.702,3.629,1,18,9.552,11.593,0,inf,0,,6.583,4.250,51.626,oblique,0,3
gen_02273,3,-7.696,3.666,1,18,9.562,11.345,0,inf,0,,6.818,4.312,76.130,T_shaped,1,3
gen_02273,6,-7.581,3.441,1,18,10.211,11.554,0,inf,0,,8.080,5.917,87.892,T_shaped,0,3
gen_02277,13,-6.179,3.910,1,19,7.763,7.771,0,inf,0,,9.018,6.788,86.683,T_shaped,0,2
gen_02278,2,-8.157,3.653,1,20,8.241,10.708,0,11.939,0,aliphatic amine,7.560,5.550,72.162,T_shaped,0,3
gen_02278,4,-8.054,3.484,1,20,8.277,11.000,0,11.812,0,aliphatic amine,7.521,5.505,81.066,T_shaped,0,3
gen_02280,2,-6.975,3.733,1,10,9.444,13.603,0,inf,0,,7.687,5.307,48.101,oblique,0,2
gen_02281,3,-7.736,5.657,0,15,6.751,12.639,0,8.781,0,aliphatic amine,5.911,3.362,49.745,oblique,0,3
gen_02282,1,-8.169,8.266,0,17,2.280,13.317,0,inf,0,,4.155,3.501,7.146,parallel,1,5
gen_02283,1,-8.054,3.863,1,18,7.122,13.223,0,inf,0,,6.932,4.493,5.021,parallel,1,3
gen_02283,3,-7.861,3.477,1,18,7.434,13.391,0,inf,0,,6.986,4.434,12.343,parallel,1,3
gen_02289,1,-8.388,3.506,1,20,10.742,13.477,0,inf,0,,7.561,5.334,85.111,T_shaped,0,3
gen_02289,2,-8.321,3.336,1,20,9.591,13.494,0,inf,0,,7.054,4.809,83.733,T_shaped,0,3
gen_02289,3,-8.224,3.588,1,20,8.600,11.827,0,inf,0,,8.194,5.574,30.246,oblique,0,3
gen_02290,11,-6.700,3.760,1,18,9.029,13.427,0,12.694,0,aliphatic amine,8.625,6.241,26.250,parallel,0,2
gen_02302,1,-6.461,4.105,1,7,10.005,13.518,0,13.992,0,aliphatic amine,7.829,5.289,40.441,oblique,0,2
gen_02303,8,-6.997,3.693,1,16,8.347,10.593,0,11.774,0,aliphatic amine,10.129,7.977,79.932,T_shaped,0,2
gen_02303,9,-6.994,3.764,1,16,8.901,10.404,0,11.761,0,aliphatic amine,10.683,8.334,41.854,oblique,0,2
gen_02303,12,-6.880,3.939,1,16,8.913,10.735,0,11.773,0,aliphatic amine,10.599,8.238,44.148,oblique,0,2
gen_02303,13,-6.875,6.441,0,16,6.324,9.504,0,11.814,0,aliphatic amine,9.904,7.702,71.649,T_shaped,0,2
gen_02308,5,-7.846,3.573,1,14,9.167,12.514,0,inf,0,,9.479,7.128,63.527,T_shaped,0,3
gen_02317,1,-6.532,3.660,1,15,9.648,13.472,0,11.256,0,aliphatic amine,8.083,6.433,76.542,T_shaped,0,1
gen_02317,2,-6.525,3.379,1,15,8.467,13.423,0,10.845,0,aliphatic amine,5.731,4.614,66.642,T_shaped,0,1
gen_02321,1,-7.403,6.353,0,15,5.300,11.726,0,11.076,0,aliphatic amine,7.214,5.217,74.375,T_shaped,0,2
gen_02325,5,-7.185,3.638,1,14,9.397,13.602,0,inf,0,,6.552,4.366,53.985,oblique,0,3
gen_02335,1,-6.727,3.488,1,18,8.943,11.476,0,inf,0,,inf,inf,,no_aromatic_ring,0,0
gen_02335,3,-6.605,3.587,1,18,8.947,11.442,0,inf,0,,inf,inf,,no_aromatic_ring,0,0
gen_02335,7,-6.454,4.240,1,18,8.756,11.346,0,inf,0,,inf,inf,,no_aromatic_ring,0,0
gen_02335,8,-6.449,3.610,1,18,8.867,11.327,0,inf,0,,inf,inf,,no_aromatic_ring,0,0
gen_02335,9,-6.426,4.248,1,18,8.971,11.335,0,inf,0,,inf,inf,,no_aromatic_ring,0,0
gen_02335,10,-6.423,4.261,1,18,8.694,11.344,0,inf,0,,inf,inf,,no_aromatic_ring,0,0
gen_02340,3,-6.869,3.563,1,17,8.845,11.089,0,inf,0,,5.656,3.901,61.246,T_shaped,1,2
gen_02340,4,-6.837,3.560,1,17,8.926,11.025,0,inf,0,,5.730,3.812,64.512,T_shaped,1,2
gen_02345,1,-7.879,6.584,0,15,2.364,11.811,0,11.811,0,aliphatic amine,4.227,3.501,27.055,parallel,1,4
gen_02345,2,-7.825,6.607,0,15,2.254,11.859,0,11.859,0,aliphatic amine,4.228,3.524,25.811,parallel,1,4
gen_02345,3,-7.777,6.568,0,15,2.553,11.856,0,11.856,0,aliphatic amine,4.303,3.633,29.003,parallel,1,4
gen_02355,1,-7.991,3.256,1,19,7.705,11.387,0,inf,0,,6.624,4.126,59.210,oblique,0,3
gen_02355,2,-7.960,3.232,1,19,7.675,11.395,0,inf,0,,6.619,4.107,58.974,oblique,0,3
gen_02358,14,-5.852,3.766,1,17,7.133,11.373,0,9.185,0,aliphatic amine,7.553,5.505,64.112,T_shaped,0,3
gen_02363,2,-6.664,3.727,1,16,7.505,13.324,0,inf,0,,6.778,4.307,50.100,oblique,0,4
gen_02365,2,-7.203,5.455,0,16,4.238,13.438,0,inf,0,,5.034,3.595,2.055,parallel,1,3
gen_02367,3,-7.964,3.510,1,16,10.630,13.369,0,inf,0,,7.385,5.005,89.796,T_shaped,0,4
gen_02373,1,-6.879,3.964,1,11,8.768,11.524,0,11.524,0,aliphatic amine,6.237,3.947,61.468,T_shaped,1,3
gen_02373,2,-6.730,3.725,1,11,8.938,11.483,0,11.483,0,aliphatic amine,7.162,5.573,74.666,T_shaped,0,3
gen_02373,3,-6.711,4.000,1,11,8.743,11.506,0,11.506,0,aliphatic amine,6.425,3.991,62.189,T_shaped,1,3
gen_02373,4,-6.704,5.024,0,11,9.475,11.400,0,11.400,0,aliphatic amine,6.946,5.589,73.977,T_shaped,0,3
gen_02373,5,-6.694,5.072,0,11,8.232,11.441,0,11.441,0,aliphatic amine,6.966,5.607,74.148,T_shaped,0,3
gen_02373,6,-6.608,4.623,0,11,9.289,11.012,0,11.012,0,aliphatic amine,7.495,5.721,70.944,T_shaped,0,3
gen_02376,5,-5.915,5.652,0,18,8.313,12.042,0,inf,0,,9.268,7.006,89.367,T_shaped,0,2
gen_02379,1,-6.758,3.552,1,12,10.942,12.548,0,12.548,0,aliphatic amine,9.485,7.304,89.073,T_shaped,0,2
gen_02379,2,-6.728,3.518,1,12,10.594,12.956,0,14.218,0,aliphatic amine,7.490,5.110,74.994,T_shaped,0,2
gen_02379,3,-6.687,3.585,1,12,10.041,13.434,0,13.434,0,aliphatic amine,8.768,6.655,89.097,T_shaped,0,2
gen_02379,4,-6.684,3.529,1,12,10.567,12.703,0,12.703,0,aliphatic amine,9.552,7.390,86.480,T_shaped,0,2
gen_02379,6,-6.657,3.630,1,12,10.041,12.567,0,13.449,0,aliphatic amine,8.755,6.641,88.568,T_shaped,0,2
gen_02379,7,-6.608,3.480,1,12,9.894,13.466,0,13.726,0,aliphatic amine,8.730,6.549,82.812,T_shaped,0,2
gen_02381,1,-7.127,4.090,1,8,7.663,11.976,0,inf,0,,8.945,6.557,60.798,T_shaped,0,3
gen_02381,2,-7.101,4.942,0,8,7.542,12.225,0,inf,0,,9.066,6.570,68.998,T_shaped,0,3
gen_02381,3,-7.058,6.145,0,8,7.530,12.629,0,inf,0,,8.951,6.488,63.780,T_shaped,0,3
gen_02383,1,-7.550,3.588,1,19,8.070,10.737,0,inf,0,,7.313,4.927,36.912,oblique,0,3
gen_02383,2,-7.544,3.536,1,19,8.082,10.675,0,inf,0,,7.217,4.843,38.151,oblique,0,3
gen_02383,3,-7.425,3.677,1,19,8.168,12.095,0,inf,0,,8.771,7.016,74.160,T_shaped,0,3
gen_02383,4,-7.408,3.684,1,19,8.930,12.002,0,inf,0,,9.968,7.380,52.272,oblique,0,3
gen_02383,6,-7.404,3.710,1,19,8.101,12.121,0,inf,0,,8.821,7.029,72.389,T_shaped,0,3
gen_02391,5,-7.487,3.421,1,20,9.509,13.538,0,inf,0,,9.237,6.724,36.242,oblique,0,4
gen_02394,5,-6.323,4.087,1,18,7.797,9.231,0,inf,0,,8.174,6.186,58.595,oblique,0,3
gen_02394,6,-6.289,4.994,0,18,8.170,9.383,0,inf,0,,8.419,6.342,54.600,oblique,0,3
gen_02394,9,-6.153,3.797,1,18,8.246,9.096,0,inf,0,,8.004,6.063,60.238,T_shaped,0,3
gen_02394,11,-6.086,5.802,0,18,8.433,11.212,0,inf,0,,7.183,5.291,76.544,T_shaped,0,3
gen_02404,1,-7.555,3.224,1,18,8.348,11.119,0,inf,0,,6.835,4.419,77.042,T_shaped,1,4
gen_02404,4,-7.504,3.340,1,18,8.295,11.107,0,inf,0,,6.826,4.397,78.339,T_shaped,1,4
gen_02404,5,-7.484,3.450,1,18,8.515,11.115,0,inf,0,,6.949,4.547,77.704,T_shaped,0,4
gen_02404,6,-7.445,3.624,1,18,8.764,11.057,0,inf,0,,7.078,4.672,78.272,T_shaped,0,4
gen_02404,7,-7.427,3.677,1,18,8.649,11.144,0,inf,0,,6.900,4.331,81.739,T_shaped,1,4
gen_02404,9,-7.383,3.083,1,18,8.709,11.153,0,inf,0,,6.185,4.529,83.081,T_shaped,0,4
gen_02416,5,-7.533,4.970,0,16,6.649,13.495,0,inf,0,,6.644,3.975,55.210,oblique,0,3
gen_02420,1,-7.890,3.939,1,14,6.276,11.200,0,inf,0,,5.974,3.692,59.833,oblique,0,5
gen_02426,1,-8.051,3.216,1,15,9.654,11.582,0,inf,0,,8.936,6.453,24.755,parallel,0,3
gen_02426,2,-8.047,3.286,1,15,9.718,11.620,0,inf,0,,8.965,6.499,24.374,parallel,0,3
gen_02426,3,-8.038,3.329,1,15,9.644,11.559,0,inf,0,,8.946,6.471,24.309,parallel,0,3
gen_02426,4,-8.000,3.274,1,15,9.662,11.576,0,inf,0,,8.933,6.468,25.059,parallel,0,3
gen_02436,4,-5.624,5.055,0,14,7.643,11.141,0,inf,0,,inf,inf,,no_aromatic_ring,0,0
gen_02436,7,-5.565,5.578,0,14,8.956,12.800,0,inf,0,,inf,inf,,no_aromatic_ring,0,0
gen_02436,11,-5.439,6.094,0,14,7.971,11.782,0,inf,0,,inf,inf,,no_aromatic_ring,0,0
gen_02436,12,-5.435,6.614,0,14,7.399,13.565,0,inf,0,,inf,inf,,no_aromatic_ring,0,0
gen_02436,13,-5.399,5.008,0,14,9.406,10.963,0,inf,0,,inf,inf,,no_aromatic_ring,0,0
gen_02454,5,-8.348,4.941,0,19,2.874,11.005,0,11.549,0,aliphatic amine,3.689,3.547,6.112,parallel,1,3
gen_02458,4,-7.104,5.099,0,17,2.869,11.208,0,inf,0,,4.308,3.472,24.428,parallel,1,4
gen_02470,2,-7.416,4.219,1,19,8.614,13.584,0,inf,0,,6.159,3.671,47.485,oblique,0,4
gen_02471,1,-6.743,3.886,1,7,8.580,11.196,0,inf,0,,8.503,5.971,47.050,oblique,0,2
gen_02473,3,-7.213,4.207,1,12,9.822,12.633,0,12.393,0,tetrahydronaphthyridine|2-aminopyridine,9.762,7.457,69.141,T_shaped,0,3
gen_02473,4,-7.149,7.076,0,12,8.560,13.548,0,11.419,0,tetrahydronaphthyridine|2-aminopyridine,8.602,6.323,75.362,T_shaped,0,3
gen_02476,4,-6.871,3.496,1,17,9.228,13.289,0,inf,0,,5.232,4.013,65.473,T_shaped,1,4
gen_02486,2,-7.117,5.027,0,19,3.041,9.417,0,10.578,0,aliphatic amine,4.892,3.619,24.440,parallel,1,2
gen_02488,1,-6.908,4.444,1,15,7.284,11.785,0,11.785,0,aliphatic amine,6.076,3.609,50.959,oblique,0,2
gen_02488,2,-6.868,4.401,1,15,7.350,11.787,0,11.787,0,aliphatic amine,6.031,3.559,53.574,oblique,0,2
gen_02499,5,-8.287,3.401,1,17,4.712,11.122,0,12.325,0,aliphatic amine,5.690,3.489,85.324,T_shaped,1,4
gen_02499,7,-8.232,3.596,1,17,7.925,11.013,0,9.820,0,aliphatic amine,5.993,4.396,61.007,T_shaped,1,4
gen_02499,9,-8.207,3.672,1,17,8.361,11.112,0,10.058,0,aliphatic amine,5.877,3.961,71.794,T_shaped,1,4
gen_02499,10,-8.170,3.719,1,17,9.089,13.574,0,13.950,0,aliphatic amine,7.133,4.766,29.169,parallel,0,4
gen_02499,11,-8.163,3.731,1,17,6.740,13.547,0,13.889,0,aliphatic amine,6.833,4.559,49.980,oblique,0,4
gen_02504,9,-6.865,3.687,1,16,8.473,11.592,0,inf,0,,6.259,4.369,65.068,T_shaped,1,3
gen_02504,10,-6.865,3.642,1,16,8.665,11.510,0,inf,0,,5.908,4.131,61.062,T_shaped,1,3
gen_02511,3,-7.366,3.697,1,18,5.436,13.714,0,inf,0,,5.907,3.880,53.938,oblique,0,3
gen_02517,1,-7.326,3.670,1,21,6.922,11.341,0,inf,0,,7.724,5.461,86.047,T_shaped,0,1
gen_02517,2,-7.264,3.490,1,21,8.630,10.303,0,inf,0,,6.866,4.843,75.839,T_shaped,0,1
gen_02517,3,-7.261,3.586,1,21,7.653,10.423,0,inf,0,,6.867,4.832,78.323,T_shaped,0,1
gen_02517,4,-7.257,3.434,1,21,7.679,10.424,0,inf,0,,6.801,4.742,75.003,T_shaped,0,1
gen_02517,5,-7.236,3.353,1,21,8.280,13.152,0,inf,0,,6.815,4.809,84.516,T_shaped,0,1
gen_02517,6,-7.232,3.360,1,21,8.969,13.092,0,inf,0,,6.797,4.760,74.846,T_shaped,0,1
gen_02517,8,-7.218,3.343,1,21,8.948,13.393,0,inf,0,,6.816,4.731,66.842,T_shaped,0,1
gen_02517,9,-7.205,3.392,1,21,9.019,12.933,0,inf,0,,6.804,4.737,71.760,T_shaped,0,1
gen_02517,10,-7.128,3.562,1,21,7.974,12.804,0,inf,0,,8.248,6.231,68.862,T_shaped,0,1
gen_02517,12,-7.031,3.420,1,21,8.389,12.908,0,inf,0,,8.124,5.971,58.691,oblique,0,1
gen_02517,14,-6.714,3.430,1,21,7.674,12.990,0,inf,0,,7.468,5.525,81.231,T_shaped,0,1
gen_02519,2,-7.464,3.306,1,16,8.245,13.763,0,inf,0,,6.305,4.228,63.695,T_shaped,1,2
gen_02525,2,-8.101,3.276,1,18,7.825,11.004,0,inf,0,,6.776,4.771,87.693,T_shaped,0,3
gen_02531,1,-6.608,3.302,1,11,8.801,10.760,0,inf,0,,5.584,4.262,72.119,T_shaped,1,2
gen_02531,3,-6.392,3.834,1,11,9.541,11.113,0,inf,0,,8.679,6.447,67.436,T_shaped,0,2
gen_02531,4,-6.388,3.757,1,11,9.322,11.134,0,inf,0,,8.697,6.363,62.719,T_shaped,0,2
gen_02531,5,-6.312,3.684,1,11,7.974,10.915,0,inf,0,,7.918,5.297,51.956,oblique,0,2
gen_02534,10,-7.075,6.554,0,16,3.453,10.453,0,inf,0,,4.672,3.738,42.401,oblique,0,3
gen_02534,13,-6.985,6.579,0,16,2.436,10.477,0,inf,0,,5.130,3.836,69.334,T_shaped,1,3
gen_02538,1,-6.548,6.968,0,14,5.418,11.549,0,inf,0,,6.034,3.719,84.489,T_shaped,1,3
gen_02538,9,-6.344,5.031,0,14,8.313,12.071,0,inf,0,,6.049,4.182,82.625,T_shaped,1,3
gen_02538,11,-6.282,3.890,1,14,8.580,12.904,0,inf,0,,6.064,4.480,87.980,T_shaped,1,3
gen_02538,12,-6.269,3.713,1,14,8.596,13.124,0,inf,0,,6.162,4.492,86.307,T_shaped,1,3
gen_02543,5,-7.378,3.605,1,17,8.623,13.184,0,inf,0,,7.726,5.401,71.890,T_shaped,0,4
gen_02545,1,-7.529,6.507,0,10,8.897,11.908,0,14.294,0,aliphatic amine,8.911,6.746,30.204,oblique,0,2
gen_02546,5,-7.992,3.683,1,19,7.280,13.583,0,12.167,0,aliphatic amine,7.086,5.004,41.790,oblique,0,3
gen_02548,1,-6.455,5.463,0,15,3.630,13.200,0,inf,0,,4.741,3.555,40.239,oblique,0,2
gen_02559,1,-7.727,4.689,0,14,7.651,12.220,0,inf,0,,8.599,6.336,69.911,T_shaped,0,3
gen_02565,1,-6.838,3.711,1,16,8.452,11.596,0,13.391,0,aliphatic amine,6.544,4.456,67.741,T_shaped,1,2
gen_02565,4,-6.747,3.595,1,16,8.003,11.424,0,12.898,0,aliphatic amine,6.209,4.213,62.476,T_shaped,1,2
gen_02565,5,-6.743,6.592,0,16,3.056,9.150,0,12.231,0,aliphatic amine,5.734,3.836,57.007,oblique,0,2
gen_02565,6,-6.734,3.974,1,16,8.185,10.756,0,10.756,0,aliphatic amine,9.244,6.882,59.691,oblique,0,2
gen_02565,8,-6.713,3.462,1,16,7.691,11.512,0,12.866,0,aliphatic amine,6.217,4.173,72.677,T_shaped,1,2
gen_02565,9,-6.683,3.506,1,16,7.815,11.449,0,13.136,0,aliphatic amine,6.333,4.441,67.465,T_shaped,1,2
gen_02565,10,-6.653,3.724,1,16,8.128,11.329,0,12.993,0,aliphatic amine,6.326,4.295,61.122,T_shaped,1,2
gen_02565,11,-6.629,3.637,1,16,8.064,10.616,0,10.616,0,aliphatic amine,8.938,6.667,67.283,T_shaped,0,2
gen_02565,14,-6.531,6.636,0,16,2.983,9.382,0,12.104,0,aliphatic amine,8.351,7.146,17.708,parallel,0,2
gen_02566,1,-7.625,3.378,1,16,7.363,11.680,0,inf,0,,8.581,6.132,57.161,oblique,0,3
gen_02566,3,-7.596,3.390,1,16,7.359,11.653,0,inf,0,,8.531,6.086,57.236,oblique,0,3
gen_02566,5,-7.544,3.724,1,16,7.324,10.991,0,inf,0,,6.365,3.947,57.816,oblique,0,3
gen_02566,6,-7.532,3.667,1,16,7.376,10.947,0,inf,0,,6.323,3.886,57.780,oblique,0,3
gen_02568,3,-7.170,3.582,1,13,8.204,11.107,0,inf,0,,7.536,5.212,69.380,T_shaped,0,3
gen_02568,4,-7.145,3.618,1,13,8.364,11.055,0,inf,0,,7.648,5.342,71.634,T_shaped,0,3
gen_02569,1,-7.074,5.018,0,14,2.950,13.328,0,inf,0,,4.093,3.511,5.216,parallel,1,3
gen_02569,2,-7.068,4.982,0,14,3.047,13.612,0,inf,0,,4.091,3.621,18.288,parallel,1,3
gen_02569,5,-6.884,6.402,0,14,3.038,13.773,0,inf,0,,4.188,3.567,4.460,parallel,1,3
gen_02577,2,-6.939,3.573,1,21,9.384,13.648,0,13.400,0,aliphatic amine,8.841,6.468,87.381,T_shaped,0,3
gen_02577,4,-6.892,3.577,1,21,9.347,13.581,0,13.391,0,aliphatic amine,8.814,6.443,88.189,T_shaped,0,3
gen_02577,6,-6.802,3.651,1,21,8.801,13.687,0,14.003,0,aliphatic amine,9.049,6.719,82.555,T_shaped,0,3
gen_02577,7,-6.800,3.539,1,21,8.056,14.086,0,13.607,0,aliphatic amine,8.850,6.469,86.784,T_shaped,0,3
gen_02577,12,-6.695,3.863,1,21,9.403,14.201,0,13.653,0,aliphatic amine,7.462,5.000,80.474,T_shaped,0,3
gen_02577,14,-6.677,4.520,0,21,2.318,11.068,0,10.117,0,aliphatic amine,3.815,3.480,11.698,parallel,1,3
gen_02581,3,-6.826,3.650,1,12,8.735,10.872,0,inf,0,,8.902,6.584,66.081,T_shaped,0,3
gen_02581,13,-6.604,3.685,1,12,9.382,13.460,0,inf,0,,6.074,3.770,52.540,oblique,0,3
gen_02589,1,-7.402,5.197,0,9,7.542,11.146,0,12.111,0,aliphatic amine,10.280,7.780,53.441,oblique,0,1
gen_02595,1,-7.339,6.852,0,11,2.956,11.670,0,inf,0,,5.435,3.427,81.357,T_shaped,1,3
gen_02595,2,-7.297,3.526,1,11,8.958,11.473,0,inf,0,,7.111,4.636,89.428,T_shaped,0,3
gen_02595,3,-7.203,3.484,1,11,9.073,11.607,0,inf,0,,7.133,4.654,89.379,T_shaped,0,3
gen_02595,4,-7.189,3.364,1,11,8.848,11.524,0,inf,0,,6.090,4.144,81.009,T_shaped,1,3
gen_02597,4,-7.133,3.562,1,18,9.182,11.261,0,inf,0,,7.946,5.758,48.611,oblique,0,3
gen_02599,1,-6.879,6.607,0,12,7.348,10.971,0,inf,0,,5.967,3.617,41.899,oblique,0,3
gen_02603,1,-8.121,6.302,0,19,7.224,13.430,0,inf,0,,7.981,5.548,82.078,T_shaped,0,4
gen_02603,2,-8.121,3.745,1,19,8.620,13.466,0,inf,0,,7.700,5.761,72.140,T_shaped,0,4
gen_02603,6,-7.944,3.776,1,19,5.194,13.397,0,inf,0,,5.771,3.568,88.514,T_shaped,1,4
gen_02603,12,-7.853,5.217,0,19,7.270,13.443,0,inf,0,,7.490,5.142,61.304,T_shaped,0,4
gen_02610,6,-6.774,3.714,1,15,8.431,13.628,0,inf,0,,6.220,4.110,57.355,oblique,0,3
gen_02626,3,-6.224,4.753,0,16,7.552,10.717,0,9.591,0,tetrahydronaphthyridine|2-aminopyridine,6.231,4.964,65.612,T_shaped,0,2
gen_02626,4,-6.191,3.677,1,16,7.716,10.139,0,13.286,0,tetrahydronaphthyridine|2-aminopyridine,6.921,5.207,83.330,T_shaped,0,2
gen_02634,1,-7.040,5.131,0,17,4.707,6.107,0,11.575,0,aliphatic amine,5.532,3.607,27.320,parallel,1,2
gen_02637,6,-7.931,6.846,0,17,2.484,13.112,0,inf,0,,3.819,3.645,4.518,parallel,1,5
gen_02644,1,-7.151,6.106,0,16,2.616,13.465,0,12.614,0,aliphatic amine,3.792,3.512,1.242,parallel,1,2
gen_02644,2,-7.119,6.130,0,16,2.679,13.421,0,12.594,0,aliphatic amine,3.800,3.514,1.062,parallel,1,2
gen_02644,5,-6.926,6.560,0,16,2.987,12.198,0,10.544,0,aliphatic amine,5.571,3.543,85.029,T_shaped,1,2
gen_02644,6,-6.923,6.640,0,16,3.013,12.054,0,10.540,0,aliphatic amine,5.596,3.571,84.801,T_shaped,1,2
gen_02644,7,-6.913,6.420,0,16,3.032,12.195,0,10.615,0,aliphatic amine,5.596,3.586,82.455,T_shaped,1,2
gen_02646,3,-7.293,3.429,1,18,7.410,11.454,0,11.454,0,aliphatic amine,8.400,5.952,76.988,T_shaped,0,3
gen_02649,2,-6.878,3.519,1,13,8.700,11.016,0,11.341,0,aliphatic amine,6.408,4.682,71.261,T_shaped,0,2
gen_02650,6,-6.473,5.785,0,21,7.009,13.548,0,inf,0,,6.112,4.327,89.371,T_shaped,1,2
gen_02650,8,-6.394,5.784,0,21,6.910,13.439,0,inf,0,,6.066,4.319,87.975,T_shaped,1,2
gen_02655,1,-7.350,3.645,1,14,6.462,11.131,0,inf,0,,8.307,5.640,39.686,oblique,0,3
gen_02655,3,-7.292,3.696,1,14,6.443,11.160,0,inf,0,,7.260,4.794,46.244,oblique,0,3
gen_02658,6,-8.041,6.140,0,17,2.437,12.880,0,inf,0,,5.878,3.495,86.438,T_shaped,1,4
gen_02658,10,-7.782,5.044,0,17,2.993,12.672,0,inf,0,,5.855,3.463,85.448,T_shaped,1,4
gen_02661,6,-7.264,3.666,1,15,9.119,13.485,0,inf,0,,6.661,4.344,66.676,T_shaped,1,3
gen_02661,8,-7.251,3.739,1,15,9.399,13.635,0,inf,0,,6.547,4.237,60.802,T_shaped,1,3
gen_02661,10,-7.216,3.597,1,15,8.965,13.433,0,inf,0,,6.733,4.416,67.817,T_shaped,1,3
gen_02670,2,-7.378,3.864,1,21,3.131,13.593,0,11.484,0,aliphatic amine,6.596,4.536,71.102,T_shaped,0,3
gen_02670,3,-7.324,4.263,1,21,3.800,13.080,0,11.234,0,aliphatic amine,6.168,4.136,53.841,oblique,0,3
gen_02679,3,-7.332,4.231,1,11,7.702,12.206,0,inf,0,,8.672,6.294,71.978,T_shaped,0,3
gen_02679,4,-7.285,5.463,0,11,7.583,11.977,0,inf,0,,8.648,6.240,72.745,T_shaped,0,3
gen_02680,3,-6.728,4.238,1,11,9.382,11.569,0,inf,0,,9.187,7.153,74.701,T_shaped,0,2
gen_02691,1,-6.413,3.974,1,19,8.079,11.681,0,9.967,0,aliphatic amine,8.519,6.046,58.845,oblique,0,2
gen_02691,2,-6.391,3.753,1,19,7.769,11.527,0,9.583,0,aliphatic amine,8.399,5.946,64.149,T_shaped,0,2
gen_02691,3,-6.388,3.870,1,19,8.030,11.767,0,9.901,0,aliphatic amine,8.551,6.082,60.503,T_shaped,0,2
gen_02691,4,-6.357,3.771,1,19,7.811,11.605,0,9.612,0,aliphatic amine,8.382,5.922,63.924,T_shaped,0,2
gen_02691,5,-6.357,3.773,1,19,7.920,11.563,0,9.828,0,aliphatic amine,8.343,5.867,60.695,T_shaped,0,2
gen_02691,6,-6.293,3.695,1,19,7.754,11.501,0,9.534,0,aliphatic amine,8.272,5.814,65.391,T_shaped,0,2
gen_02692,1,-7.768,3.654,1,16,8.919,13.836,0,inf,0,,7.063,4.427,32.210,oblique,0,4
gen_02697,1,-7.843,3.464,1,18,7.176,7.924,0,inf,0,,7.672,5.588,66.829,T_shaped,0,4
gen_02697,2,-7.836,3.706,1,18,7.103,7.864,0,inf,0,,7.740,5.651,66.395,T_shaped,0,4
gen_02697,3,-7.809,3.431,1,18,5.350,8.861,0,inf,0,,5.896,3.617,66.402,T_shaped,1,4
gen_02700,1,-6.812,6.631,0,17,8.304,13.410,0,10.442,0,tetrahydronaphthyridine|2-aminopyridine|aliphatic amine,8.183,5.824,38.870,oblique,0,3
gen_02700,2,-6.796,4.903,0,17,8.099,10.884,0,9.681,0,tetrahydronaphthyridine|2-aminopyridine|aliphatic amine,6.260,4.807,63.562,T_shaped,0,3
gen_02700,3,-6.765,6.568,0,17,8.265,13.436,0,10.456,0,tetrahydronaphthyridine|2-aminopyridine|aliphatic amine,8.134,5.781,38.528,oblique,0,3
gen_02700,4,-6.721,5.615,0,17,8.201,11.625,0,10.270,0,tetrahydronaphthyridine|2-aminopyridine|aliphatic amine,7.580,5.084,53.837,oblique,0,3
gen_02700,6,-6.655,6.656,0,17,8.237,13.208,0,10.387,0,tetrahydronaphthyridine|2-aminopyridine|aliphatic amine,8.135,5.788,38.941,oblique,0,3
gen_02700,7,-6.643,6.646,0,17,8.192,13.145,0,10.316,0,tetrahydronaphthyridine|2-aminopyridine|aliphatic amine,8.080,5.728,37.431,oblique,0,3
gen_02704,3,-6.288,5.576,0,9,6.737,13.774,0,inf,0,,8.063,6.052,62.532,T_shaped,0,3
gen_02710,2,-6.976,6.987,0,11,2.886,13.154,0,inf,0,,5.094,3.595,73.924,T_shaped,1,3
gen_02717,11,-6.513,3.889,1,17,7.310,13.498,0,inf,0,,5.566,3.752,67.444,T_shaped,1,3
gen_02724,1,-7.265,6.238,0,14,8.242,10.467,0,inf,0,,7.387,5.135,36.134,oblique,0,2
gen_02724,2,-7.215,6.232,0,14,8.325,10.679,0,inf,0,,7.315,5.010,25.487,parallel,0,2
gen_02724,3,-7.151,6.804,0,14,2.390,10.675,0,inf,0,,3.978,3.508,18.668,parallel,1,2
gen_02729,6,-6.119,4.094,1,20,7.876,10.656,0,inf,0,,8.461,6.499,72.547,T_shaped,0,2
gen_02729,7,-6.101,6.266,0,20,6.464,11.672,0,inf,0,,7.599,6.561,42.206,oblique,0,2
gen_02729,8,-6.099,6.260,0,20,6.440,11.664,0,inf,0,,7.622,6.575,42.444,oblique,0,2
gen_02739,10,-7.005,3.857,1,19,8.335,13.418,0,10.478,0,aliphatic amine,6.142,4.814,66.636,T_shaped,0,3
gen_02740,1,-7.424,3.564,1,20,8.782,10.904,0,inf,0,,8.401,5.874,81.652,T_shaped,0,3
gen_02740,2,-7.402,3.528,1,20,8.845,10.910,0,inf,0,,8.440,5.910,82.546,T_shaped,0,3
gen_02740,3,-7.355,3.516,1,20,8.969,10.832,0,inf,0,,8.375,5.852,79.338,T_shaped,0,3
gen_02740,6,-7.128,3.500,1,20,9.051,10.558,0,inf,0,,8.477,5.951,76.549,T_shaped,0,3
gen_02741,6,-6.604,3.763,1,16,9.637,12.870,0,13.477,0,aliphatic amine,7.709,5.726,60.708,T_shaped,0,3
gen_02741,8,-6.592,3.850,1,16,8.291,12.917,0,13.407,0,aliphatic amine,6.627,4.881,57.106,oblique,0,3
gen_02741,12,-6.471,3.610,1,16,9.164,10.714,0,10.714,0,aliphatic amine,7.733,5.204,34.390,oblique,0,3
gen_02741,13,-6.265,4.304,1,16,8.728,9.376,0,13.799,0,aliphatic amine,6.900,4.886,54.855,oblique,0,3
gen_02748,1,-6.969,3.705,1,8,10.453,11.469,0,inf,0,,9.558,7.187,54.924,oblique,0,2
gen_02748,2,-6.940,3.566,1,8,10.402,11.371,0,inf,0,,9.396,7.041,55.759,oblique,0,2
gen_02767,2,-7.603,3.613,1,14,11.191,13.281,0,inf,0,,8.987,6.621,81.649,T_shaped,0,4
gen_02770,1,-6.688,6.673,0,19,5.677,12.783,0,inf,0,,5.429,4.022,36.435,oblique,0,4
gen_02770,2,-6.678,6.720,0,19,5.840,12.782,0,inf,0,,5.462,4.123,37.829,oblique,0,4
gen_02770,3,-6.663,6.570,0,19,5.903,11.138,0,inf,0,,5.439,3.866,33.725,oblique,0,4
gen_02772,1,-7.539,3.396,1,23,3.005,13.513,0,inf,0,,3.876,3.568,14.494,parallel,1,3
gen_02772,2,-7.538,3.384,1,23,2.893,13.512,0,inf,0,,3.884,3.573,14.268,parallel,1,3
gen_02772,3,-7.514,3.422,1,23,3.045,13.468,0,inf,0,,3.856,3.540,14.782,parallel,1,3
gen_02772,4,-7.345,3.736,1,23,2.833,12.210,0,inf,0,,5.610,3.780,80.565,T_shaped,1,3
gen_02772,5,-7.342,3.761,1,23,2.783,12.141,0,inf,0,,5.660,3.813,76.915,T_shaped,1,3
gen_02772,6,-7.340,3.719,1,23,2.873,12.183,0,inf,0,,5.670,3.829,81.201,T_shaped,1,3
gen_02772,7,-7.337,3.749,1,23,2.785,12.163,0,inf,0,,5.729,3.885,76.477,T_shaped,1,3
gen_02772,8,-7.334,3.722,1,23,2.716,12.111,0,inf,0,,5.784,3.914,79.947,T_shaped,1,3
gen_02772,9,-7.327,3.733,1,23,2.753,12.113,0,inf,0,,5.690,3.843,79.593,T_shaped,1,3
gen_02772,10,-7.318,3.738,1,23,2.862,12.202,0,inf,0,,5.573,3.730,80.411,T_shaped,1,3
gen_02772,11,-7.313,3.757,1,23,2.830,12.143,0,inf,0,,5.800,3.956,82.078,T_shaped,1,3
gen_02774,1,-7.778,4.179,1,22,8.903,10.665,0,13.112,0,aliphatic amine,7.900,6.321,65.767,T_shaped,0,3
gen_02775,1,-8.420,5.609,0,18,2.286,11.625,0,inf,0,,3.942,3.493,16.307,parallel,1,4
gen_02788,1,-7.554,6.387,0,14,6.771,12.027,0,inf,0,,9.391,7.177,75.084,T_shaped,0,2
gen_02789,1,-6.320,5.269,0,13,8.013,11.737,0,11.049,0,tetrahydronaphthyridine|2-aminopyridine,6.911,4.728,48.638,oblique,0,2
gen_02789,2,-6.315,5.184,0,13,8.073,13.301,0,11.055,0,tetrahydronaphthyridine|2-aminopyridine,6.928,4.757,47.644,oblique,0,2
gen_02789,3,-6.281,5.220,0,13,8.197,13.349,0,11.111,0,tetrahydronaphthyridine|2-aminopyridine,6.990,4.825,47.712,oblique,0,2
gen_02789,5,-6.019,5.095,0,13,7.950,11.171,0,10.883,0,tetrahydronaphthyridine|2-aminopyridine,6.807,4.609,45.346,oblique,0,2
gen_02789,6,-5.947,5.221,0,13,8.236,11.012,0,11.043,0,tetrahydronaphthyridine|2-aminopyridine,6.965,4.826,48.688,oblique,0,2
gen_02789,8,-5.818,6.444,0,13,7.724,13.616,0,11.322,0,tetrahydronaphthyridine|2-aminopyridine,8.046,5.612,68.519,T_shaped,0,2
gen_02796,3,-6.488,3.761,1,9,8.140,12.326,0,inf,0,,9.233,7.066,81.583,T_shaped,0,2
gen_02797,4,-6.938,7.539,0,14,8.708,10.768,0,inf,0,,8.284,5.870,47.899,oblique,0,3
gen_02810,1,-6.874,5.303,0,18,4.067,11.225,0,inf,0,,5.181,3.458,55.864,oblique,0,2
gen_02810,2,-6.859,5.248,0,18,4.204,10.554,0,inf,0,,5.361,3.527,64.520,T_shaped,1,2
gen_02810,3,-6.854,5.255,0,18,4.014,9.016,0,inf,0,,5.112,3.430,53.160,oblique,0,2
gen_02820,2,-8.033,4.255,1,21,7.563,13.367,0,14.662,0,tetrahydronaphthyridine|2-aminopyridine,5.780,3.611,81.179,T_shaped,1,3
gen_02821,1,-7.032,3.784,1,22,8.543,11.588,0,11.016,0,aliphatic amine,8.889,6.596,46.271,oblique,0,3
gen_02821,3,-7.026,3.811,1,22,8.556,11.440,0,11.009,0,aliphatic amine,8.808,6.515,45.452,oblique,0,3
gen_02821,4,-7.014,3.771,1,22,8.601,11.560,0,10.984,0,aliphatic amine,8.827,6.472,42.861,oblique,0,3
gen_02821,7,-6.950,3.743,1,22,8.706,11.459,0,10.944,0,aliphatic amine,8.807,6.413,42.703,oblique,0,3
gen_02821,8,-6.878,3.867,1,22,8.538,9.565,0,11.047,0,aliphatic amine,8.863,6.574,46.584,oblique,0,3
gen_02821,9,-6.874,3.808,1,22,8.581,9.412,0,10.950,0,aliphatic amine,8.795,6.529,45.281,oblique,0,3
gen_02821,10,-6.831,3.775,1,22,8.629,9.409,0,10.952,0,aliphatic amine,8.771,6.531,48.615,oblique,0,3
gen_02821,11,-6.786,6.834,0,22,2.218,11.105,0,10.169,0,aliphatic amine,3.769,3.437,13.672,parallel,1,3
gen_02827,1,-7.567,3.700,1,17,7.607,13.824,0,9.203,0,aliphatic amine,6.044,3.982,53.529,oblique,0,2
gen_02827,3,-7.372,3.643,1,17,7.380,13.787,0,9.130,0,aliphatic amine,7.732,5.212,65.921,T_shaped,0,2
gen_02827,4,-7.344,4.969,0,17,7.472,13.853,0,9.182,0,aliphatic amine,7.998,6.249,60.882,T_shaped,0,2
gen_02832,2,-6.515,5.450,0,11,8.351,13.605,0,inf,0,,6.860,4.365,48.180,oblique,0,4
gen_02833,10,-7.788,3.594,1,15,9.795,13.283,0,13.520,0,aliphatic amine,6.417,4.397,54.342,oblique,0,4
gen_02834,3,-7.962,3.564,1,21,2.603,13.457,0,inf,0,,3.973,3.409,9.040,parallel,1,4
gen_02834,5,-7.948,3.597,1,21,2.606,13.354,0,inf,0,,3.998,3.398,10.622,parallel,1,4
gen_02841,1,-7.503,3.825,1,18,5.522,11.511,0,inf,0,,6.165,3.788,88.019,T_shaped,1,3
gen_02841,3,-7.491,3.898,1,18,5.550,11.528,0,inf,0,,6.178,3.826,86.320,T_shaped,1,3
gen_02841,4,-7.490,3.828,1,18,5.542,11.518,0,inf,0,,6.172,3.805,86.967,T_shaped,1,3
gen_02841,5,-7.488,3.973,1,18,5.531,11.501,0,inf,0,,6.189,3.809,87.142,T_shaped,1,3
gen_02842,2,-6.308,3.726,1,18,7.380,13.395,0,inf,0,,6.193,3.716,58.367,oblique,0,3
gen_02842,4,-6.218,3.717,1,18,7.303,13.333,0,inf,0,,6.138,3.675,60.502,T_shaped,1,3
gen_02866,1,-7.658,3.478,1,16,6.106,12.126,0,inf,0,,5.873,3.533,11.039,parallel,1,3
gen_02866,2,-7.650,3.451,1,16,5.813,11.862,0,inf,0,,6.015,3.869,41.894,oblique,0,3
gen_02866,3,-7.634,3.536,1,16,5.813,11.864,0,inf,0,,6.043,3.929,44.678,oblique,0,3
gen_02866,4,-7.623,3.478,1,16,6.037,12.075,0,inf,0,,5.873,3.528,16.705,parallel,1,3
gen_02879,1,-8.206,6.787,0,17,2.256,11.125,0,8.609,0,aliphatic amine,3.740,3.614,5.127,parallel,1,3
gen_02879,2,-8.198,6.796,0,17,2.288,11.133,0,8.610,0,aliphatic amine,3.713,3.560,4.721,parallel,1,3
gen_02883,1,-7.693,5.036,0,19,2.838,10.313,0,inf,0,,3.976,3.507,14.937,parallel,1,3
gen_02883,4,-7.679,4.973,0,19,2.833,10.310,0,inf,0,,3.967,3.512,14.536,parallel,1,3
gen_02887,13,-7.123,8.536,0,19,2.578,3.174,1,inf,0,,7.307,5.151,82.927,T_shaped,0,2
gen_02889,3,-7.058,3.646,1,21,8.780,13.508,0,inf,0,,7.536,4.849,27.763,parallel,0,3
gen_02889,4,-7.047,3.820,1,21,8.824,12.982,0,inf,0,,7.546,4.860,27.048,parallel,0,3
gen_02889,5,-6.834,3.502,1,21,8.819,13.496,0,inf,0,,7.524,4.836,27.728,parallel,0,3
gen_02889,8,-6.666,3.658,1,21,8.622,13.663,0,inf,0,,7.377,4.794,34.855,oblique,0,3
gen_02891,4,-6.777,3.522,1,17,8.671,11.075,0,inf,0,,8.472,7.028,56.186,oblique,0,3
gen_02891,5,-6.757,3.460,1,17,9.291,11.493,0,inf,0,,9.058,7.535,52.688,oblique,0,3
gen_02891,10,-6.689,3.517,1,17,9.302,11.495,0,inf,0,,9.070,7.552,52.868,oblique,0,3
gen_02891,12,-6.642,3.550,1,17,9.316,11.511,0,inf,0,,9.027,7.457,51.913,oblique,0,3
gen_02891,13,-6.520,3.534,1,17,8.756,10.948,0,inf,0,,6.372,4.457,32.068,oblique,0,3
gen_02891,14,-6.481,3.552,1,17,8.753,10.917,0,inf,0,,6.285,4.323,27.106,parallel,1,3
gen_02892,2,-7.055,3.547,1,16,7.565,11.442,0,inf,0,,6.883,4.484,45.534,oblique,0,2
gen_02896,2,-6.617,3.839,1,11,3.287,13.311,0,inf,0,,4.859,3.475,20.782,parallel,1,3
gen_02900,1,-6.696,5.809,0,22,6.496,11.562,0,inf,0,,5.920,3.359,20.697,parallel,1,3
gen_02900,2,-6.653,5.368,0,22,6.608,11.617,0,inf,0,,5.959,3.365,29.446,parallel,1,3
gen_02900,3,-6.623,5.111,0,22,7.666,11.041,0,inf,0,,5.997,4.852,53.701,oblique,0,3
gen_02900,4,-6.596,4.818,0,22,7.347,9.055,0,inf,0,,5.613,4.313,49.917,oblique,0,3
gen_02900,5,-6.588,4.764,0,22,7.389,9.032,0,inf,0,,5.602,4.305,50.008,oblique,0,3
gen_02900,7,-6.470,4.217,1,22,9.133,12.810,0,inf,0,,6.320,4.511,83.808,T_shaped,0,3
gen_02900,9,-6.430,3.717,1,22,6.978,10.910,0,inf,0,,5.818,3.788,58.936,oblique,0,3
gen_02900,10,-6.324,3.749,1,22,6.488,11.015,0,inf,0,,5.763,3.510,48.925,oblique,0,3
gen_02900,11,-6.281,3.618,1,22,7.110,10.918,0,inf,0,,5.836,3.835,60.306,T_shaped,1,3
gen_02900,12,-6.274,4.000,1,22,8.696,12.612,0,inf,0,,6.416,4.610,81.180,T_shaped,0,3
gen_02900,13,-6.252,3.582,1,22,6.327,10.311,0,inf,0,,5.904,3.497,46.384,oblique,0,3
gen_02900,14,-6.249,4.056,1,22,6.305,9.835,0,inf,0,,5.908,3.534,50.588,oblique,0,3
gen_02900,15,-6.186,3.601,1,22,8.888,13.491,0,inf,0,,6.987,4.525,54.153,oblique,0,3
gen_02903,4,-7.657,3.693,1,18,9.131,10.913,0,11.475,0,aliphatic amine,9.570,7.137,77.661,T_shaped,0,1
gen_02903,7,-7.569,3.572,1,18,10.013,10.205,0,11.920,0,aliphatic amine,9.553,7.196,78.662,T_shaped,0,1
gen_02903,8,-7.565,3.618,1,18,8.930,10.984,0,12.500,0,aliphatic amine,9.392,7.563,79.281,T_shaped,0,1
gen_02903,10,-7.495,3.629,1,18,9.273,10.878,0,11.550,0,aliphatic amine,9.572,7.175,77.903,T_shaped,0,1
gen_02903,14,-7.363,3.680,1,18,9.080,9.257,0,12.079,0,aliphatic amine,9.322,7.423,78.826,T_shaped,0,1
gen_02903,15,-7.302,7.945,0,18,2.992,11.353,0,5.415,0,aliphatic amine,5.537,3.446,80.623,T_shaped,1,1
gen_02930,1,-6.844,6.597,0,11,8.491,11.333,0,inf,0,,8.513,6.197,84.265,T_shaped,0,2
gen_02930,2,-6.834,6.596,0,11,8.500,11.324,0,inf,0,,8.488,6.170,83.476,T_shaped,0,2
gen_02937,8,-7.437,3.560,1,16,8.597,12.459,0,inf,0,,7.385,4.669,60.919,T_shaped,0,3
gen_02937,11,-7.390,3.686,1,16,6.675,11.195,0,inf,0,,6.346,4.173,83.743,T_shaped,1,3
gen_02939,1,-6.850,4.398,1,6,9.911,13.447,0,inf,0,,9.827,8.205,59.198,oblique,0,2
gen_02942,3,-7.872,3.718,1,15,10.606,13.640,0,inf,0,,7.578,5.258,63.011,T_shaped,0,3
gen_02943,1,-6.548,5.244,0,14,9.759,11.810,0,11.810,0,aliphatic amine,9.528,8.136,62.917,T_shaped,0,2
gen_02943,2,-6.302,5.681,0,14,9.687,12.203,0,12.203,0,aliphatic amine,9.572,8.060,62.897,T_shaped,0,2
gen_02943,3,-6.227,6.538,0,14,6.806,11.693,0,11.693,0,aliphatic amine,5.864,4.658,63.571,T_shaped,0,2
gen_02943,4,-6.225,5.097,0,14,9.452,11.784,0,11.784,0,aliphatic amine,9.452,8.054,70.069,T_shaped,0,2
gen_02943,6,-6.130,5.479,0,14,9.579,12.449,0,12.449,0,aliphatic amine,9.307,8.002,67.615,T_shaped,0,2
gen_02943,9,-6.069,6.503,0,14,7.231,11.715,0,11.715,0,aliphatic amine,6.105,4.759,63.556,T_shaped,0,2
gen_02943,12,-5.911,5.421,0,14,9.717,11.702,0,11.702,0,aliphatic amine,9.740,7.852,72.738,T_shaped,0,2
gen_02943,13,-5.905,3.914,1,14,6.531,11.706,0,14.738,0,aliphatic amine,6.856,4.727,53.024,oblique,0,2
gen_02945,2,-6.618,5.703,0,20,9.590,11.345,0,inf,0,,7.394,5.302,63.083,T_shaped,0,3
gen_02945,3,-6.521,5.923,0,20,8.176,13.770,0,inf,0,,6.156,4.943,82.716,T_shaped,0,3
gen_02945,4,-6.481,5.057,0,20,8.667,13.792,0,inf,0,,6.242,5.003,87.968,T_shaped,0,3
gen_02945,10,-6.222,4.282,1,20,7.049,12.428,0,inf,0,,6.801,5.202,69.024,T_shaped,0,3
gen_02952,7,-6.457,5.664,0,23,6.922,12.408,0,12.965,0,aliphatic amine,5.765,3.846,36.453,oblique,0,3
gen_02953,6,-6.525,3.596,1,16,2.288,10.393,0,inf,0,,4.230,3.590,4.093,parallel,1,4
gen_02958,1,-8.020,3.609,1,20,8.815,11.538,0,inf,0,,7.639,5.297,58.600,oblique,0,4
gen_02958,2,-8.012,3.569,1,20,8.834,11.528,0,inf,0,,7.605,5.406,61.337,T_shaped,0,4
gen_02958,3,-7.958,3.090,1,20,8.861,11.250,0,inf,0,,6.915,4.551,55.845,oblique,0,4
gen_02958,4,-7.920,3.164,1,20,8.757,11.233,0,inf,0,,6.972,4.597,55.475,oblique,0,4
gen_02962,1,-7.104,3.519,1,11,9.000,10.869,0,inf,0,,9.323,7.143,63.555,T_shaped,0,3
gen_02962,2,-7.040,3.717,1,11,8.903,10.909,0,inf,0,,9.178,7.029,62.173,T_shaped,0,3
gen_02963,7,-7.157,6.266,0,22,8.908,11.427,0,inf,0,,8.783,6.445,22.352,parallel,0,3
gen_02965,1,-6.930,6.426,0,18,6.081,11.737,0,inf,0,,6.652,4.287,77.118,T_shaped,1,2
gen_02965,2,-6.906,6.410,0,18,5.948,13.560,0,inf,0,,6.563,4.242,81.974,T_shaped,1,2
gen_02966,5,-6.167,5.226,0,14,7.556,11.724,0,inf,0,,6.290,3.664,52.573,oblique,0,4
gen_02966,6,-6.167,5.247,0,14,7.571,11.776,0,inf,0,,6.305,3.684,52.572,oblique,0,4
gen_02973,3,-7.123,3.293,1,15,8.319,13.381,0,inf,0,,7.518,4.960,58.781,oblique,0,3
gen_02978,1,-7.674,3.463,1,13,12.548,13.292,0,inf,0,,9.643,7.686,62.727,T_shaped,0,4
gen_02978,2,-7.651,3.498,1,13,12.396,13.260,0,inf,0,,9.755,7.874,60.663,T_shaped,0,4
gen_02978,4,-7.564,3.551,1,13,12.442,13.328,0,inf,0,,9.702,7.781,62.480,T_shaped,0,4
gen_02983,4,-7.254,3.644,1,17,6.674,13.592,0,inf,0,,6.687,4.770,43.562,oblique,0,3
gen_02997,2,-6.426,3.728,1,12,8.857,13.413,0,inf,0,,7.322,4.804,45.081,oblique,0,3
gen_02997,3,-6.398,3.629,1,12,8.514,12.255,0,inf,0,,6.515,4.228,41.069,oblique,0,3
gen_02997,4,-6.386,3.675,1,12,8.420,13.128,0,inf,0,,7.027,4.512,46.693,oblique,0,3
gen_02997,8,-6.179,3.331,1,12,8.098,12.969,0,inf,0,,6.971,4.537,66.957,T_shaped,0,3
gen_02997,9,-6.171,3.517,1,12,8.382,12.284,0,inf,0,,6.421,3.953,53.072,oblique,0,3
gen_03002,1,-7.303,3.802,1,18,6.619,11.638,0,inf,0,,8.401,6.248,61.913,T_shaped,0,3
gen_03002,2,-7.301,3.734,1,18,6.271,11.647,0,inf,0,,6.717,4.172,61.289,T_shaped,1,3
gen_03002,3,-7.292,3.793,1,18,6.357,11.615,0,inf,0,,5.921,3.659,58.398,oblique,0,3
gen_03002,4,-7.278,3.640,1,18,6.262,11.656,0,inf,0,,7.192,5.123,74.269,T_shaped,0,3
gen_03002,5,-7.265,4.294,1,18,6.277,11.725,0,inf,0,,8.137,6.107,63.016,T_shaped,0,3
gen_03002,6,-7.197,3.804,1,18,6.167,11.565,0,inf,0,,7.242,4.796,30.349,oblique,0,3
gen_03011,7,-7.526,9.381,0,14,3.076,13.270,0,inf,0,,4.960,3.437,30.845,oblique,0,4
gen_03011,8,-7.502,9.466,0,14,2.869,13.000,0,inf,0,,4.951,3.317,39.703,oblique,0,4
gen_03012,1,-7.242,5.023,0,15,2.913,13.459,0,inf,0,,5.725,3.727,67.392,T_shaped,1,3
gen_03012,2,-7.241,5.042,0,15,2.876,13.467,0,inf,0,,5.722,3.729,67.054,T_shaped,1,3
gen_03019,5,-7.578,3.614,1,14,10.962,13.694,0,inf,0,,8.757,7.111,70.048,T_shaped,0,3
gen_03021,2,-6.765,3.457,1,17,6.677,12.021,0,inf,0,,5.900,3.718,0.703,parallel,1,4
gen_03021,3,-6.722,3.516,1,17,6.652,11.939,0,inf,0,,5.901,3.742,4.519,parallel,1,4
gen_03021,5,-6.638,3.664,1,17,6.558,11.899,0,inf,0,,5.839,3.577,7.720,parallel,1,4
gen_03021,6,-6.596,3.386,1,17,6.558,11.948,0,inf,0,,5.895,3.627,10.598,parallel,1,4
gen_03021,11,-6.207,3.389,1,17,6.741,11.977,0,inf,0,,5.901,3.596,9.314,parallel,1,4
gen_03025,1,-7.018,3.914,1,11,9.417,11.609,0,inf,0,,6.576,4.351,29.799,parallel,1,3
gen_03025,2,-6.981,3.721,1,11,9.105,11.566,0,inf,0,,6.836,4.364,46.468,oblique,0,3
gen_03025,5,-6.919,4.041,1,11,9.388,11.566,0,inf,0,,6.558,4.333,26.755,parallel,1,3
gen_03025,7,-6.843,3.775,1,11,9.283,11.075,0,inf,0,,6.786,4.369,40.353,oblique,0,3
gen_03031,3,-7.305,3.574,1,19,10.820,13.790,0,inf,0,,9.532,7.401,87.462,T_shaped,0,3
gen_03038,1,-7.648,3.724,1,19,10.631,13.436,0,13.436,0,aliphatic amine,9.233,6.753,11.453,parallel,0,4
gen_03038,3,-7.582,3.695,1,19,9.294,11.570,0,11.570,0,aliphatic amine,8.004,6.173,68.986,T_shaped,0,4
gen_03038,5,-7.520,3.535,1,19,9.042,11.718,0,11.718,0,aliphatic amine,7.672,5.964,72.064,T_shaped,0,4
gen_03038,10,-7.383,3.546,1,19,9.124,11.583,0,11.583,0,aliphatic amine,7.473,5.967,82.184,T_shaped,0,4
gen_03038,13,-7.362,4.251,1,19,10.823,11.751,0,13.283,0,aliphatic amine,8.711,6.863,57.801,oblique,0,4
gen_03040,2,-7.622,6.616,0,16,3.317,9.705,0,12.917,0,tetrahydronaphthyridine|2-aminopyridine,4.892,3.650,19.386,parallel,1,3
gen_03040,3,-7.609,6.489,0,16,2.818,9.631,0,12.954,0,tetrahydronaphthyridine|2-aminopyridine,4.881,3.593,14.683,parallel,1,3
gen_03055,1,-7.659,5.357,0,19,4.210,12.498,0,inf,0,,5.287,3.757,37.201,oblique,0,4
gen_03060,4,-6.762,5.920,0,17,6.238,13.449,0,inf,0,,5.771,3.326,83.380,T_shaped,1,3
gen_03082,2,-6.196,5.633,0,16,8.251,11.150,0,inf,0,,6.634,5.267,77.026,T_shaped,0,2
gen_03082,3,-6.087,6.180,0,16,6.248,13.668,0,inf,0,,8.238,5.723,65.953,T_shaped,0,2
gen_03085,4,-7.351,3.524,1,14,9.031,13.405,0,10.892,0,aliphatic amine,8.847,6.623,77.870,T_shaped,0,2
gen_03085,6,-7.304,3.558,1,14,9.366,13.216,0,10.975,0,aliphatic amine,6.985,4.941,84.968,T_shaped,0,2
gen_03085,7,-7.281,5.509,0,14,7.884,13.734,0,12.485,0,aliphatic amine,9.820,7.577,68.607,T_shaped,0,2
gen_03085,9,-7.219,5.394,0,14,7.952,13.705,0,12.411,0,aliphatic amine,9.818,7.575,69.396,T_shaped,0,2
gen_03091,1,-8.073,3.551,1,19,8.898,11.864,0,inf,0,,8.171,5.523,31.981,oblique,0,2
gen_03095,7,-6.972,3.673,1,18,7.413,12.917,0,inf,0,,6.823,4.221,49.736,oblique,0,3
gen_03095,8,-6.967,3.824,1,18,7.170,9.969,0,inf,0,,6.049,3.664,40.792,oblique,0,3
gen_03095,9,-6.937,3.519,1,18,7.496,12.872,0,inf,0,,6.826,4.228,52.180,oblique,0,3
gen_03095,13,-6.880,3.965,1,18,7.061,11.858,0,inf,0,,6.018,3.636,40.180,oblique,0,3
gen_03100,3,-6.498,3.637,1,18,8.843,13.542,0,inf,0,,6.171,4.496,51.460,oblique,0,4
gen_03100,12,-6.263,3.482,1,18,8.792,13.595,0,inf,0,,7.285,4.842,32.140,oblique,0,4
gen_03100,14,-6.098,3.570,1,18,8.624,13.486,0,inf,0,,6.475,3.878,52.236,oblique,0,4
gen_03108,1,-7.848,3.706,1,20,7.925,13.013,0,inf,0,,6.614,4.217,52.184,oblique,0,4
gen_03108,2,-7.847,3.705,1,20,7.944,12.998,0,inf,0,,6.702,4.321,52.216,oblique,0,4
gen_03110,1,-8.023,7.338,0,14,7.233,11.778,0,inf,0,,8.834,6.431,76.491,T_shaped,0,4
gen_03110,2,-7.914,7.205,0,14,7.176,11.727,0,inf,0,,8.684,6.393,71.923,T_shaped,0,4
gen_03111,2,-7.275,3.752,1,10,8.643,10.716,0,inf,0,,6.037,3.737,56.512,oblique,0,3
gen_03111,3,-7.250,3.881,1,10,8.789,10.774,0,inf,0,,6.105,3.834,56.083,oblique,0,3
gen_03111,4,-7.244,6.355,0,10,5.743,10.384,0,inf,0,,7.706,5.615,72.961,T_shaped,0,3
gen_03111,6,-7.122,6.308,0,10,2.547,10.129,0,inf,0,,5.587,3.704,60.891,T_shaped,1,3
gen_03120,1,-6.793,3.471,1,19,8.025,11.843,0,inf,0,,6.200,3.787,60.283,T_shaped,1,2
gen_03120,3,-6.675,3.470,1,19,9.885,13.432,0,inf,0,,7.915,5.551,74.562,T_shaped,0,2
gen_03120,5,-6.604,6.204,0,19,2.149,13.500,0,inf,0,,3.903,3.477,19.116,parallel,1,2
gen_03120,6,-6.585,6.995,0,19,2.146,13.507,0,inf,0,,3.899,3.465,19.723,parallel,1,2
gen_03120,9,-6.479,3.801,1,19,8.700,13.190,0,inf,0,,6.413,4.583,75.940,T_shaped,0,2
gen_03120,10,-6.467,3.935,1,19,9.616,13.547,0,inf,0,,6.300,4.345,52.351,oblique,0,2
gen_03120,12,-6.417,3.459,1,19,9.037,13.483,0,inf,0,,7.858,5.759,68.742,T_shaped,0,2
gen_03120,14,-6.368,4.025,1,19,8.719,12.741,0,inf,0,,7.281,4.780,60.351,T_shaped,0,2
gen_03124,3,-6.907,3.582,1,13,8.198,13.271,0,inf,0,,5.926,4.155,70.248,T_shaped,1,4
gen_03129,2,-8.490,3.470,1,17,6.656,13.657,0,inf,0,,8.042,5.620,70.911,T_shaped,0,4
gen_03139,1,-6.633,6.309,0,7,9.499,11.308,0,11.308,0,aliphatic amine,9.503,8.099,56.470,oblique,0,2
gen_03139,2,-6.398,3.997,1,7,9.606,11.206,0,11.206,0,aliphatic amine,9.998,7.439,73.209,T_shaped,0,2
gen_03139,3,-6.276,5.556,0,7,9.329,11.196,0,11.196,0,aliphatic amine,9.716,7.184,45.039,oblique,0,2
gen_03139,4,-6.259,5.307,0,7,9.510,11.371,0,11.371,0,aliphatic amine,10.407,7.897,39.292,oblique,0,2
gen_03139,5,-6.252,6.114,0,7,9.610,11.426,0,11.426,0,aliphatic amine,9.372,7.999,71.939,T_shaped,0,2
gen_03143,1,-6.849,3.701,1,10,9.243,11.792,0,inf,0,,7.544,5.143,41.746,oblique,0,3
gen_03143,2,-6.734,3.530,1,10,9.129,11.406,0,inf,0,,7.397,4.931,43.781,oblique,0,3
gen_03143,3,-6.730,3.446,1,10,9.252,11.108,0,inf,0,,7.204,4.727,46.830,oblique,0,3
gen_03143,7,-6.565,3.733,1,10,10.480,13.351,0,inf,0,,7.184,5.425,79.262,T_shaped,0,3
gen_03143,8,-6.564,3.740,1,10,8.918,11.688,0,inf,0,,7.200,4.848,37.786,oblique,0,3
gen_03148,1,-7.952,3.736,1,14,9.359,11.653,0,11.401,0,aliphatic amine,9.361,7.285,51.802,oblique,0,3
gen_03148,2,-7.926,3.738,1,14,9.419,11.598,0,11.534,0,aliphatic amine,9.407,7.314,51.323,oblique,0,3
gen_03148,3,-7.854,3.777,1,14,9.435,11.605,0,11.461,0,aliphatic amine,9.075,7.721,77.263,T_shaped,0,3
gen_03148,4,-7.813,4.154,1,14,9.446,11.614,0,11.446,0,aliphatic amine,8.437,6.536,57.925,oblique,0,3
gen_03148,5,-7.790,3.822,1,14,9.481,11.655,0,11.433,0,aliphatic amine,5.956,4.267,64.642,T_shaped,1,3
gen_03148,6,-7.767,3.710,1,14,9.349,11.670,0,11.404,0,aliphatic amine,8.472,6.745,68.404,T_shaped,0,3
gen_03148,7,-7.675,4.209,1,14,9.450,11.641,0,11.500,0,aliphatic amine,7.586,5.357,21.546,parallel,0,3
gen_03148,8,-7.645,3.415,1,14,9.339,11.649,0,11.408,0,aliphatic amine,8.258,6.298,46.952,oblique,0,3
gen_03148,9,-7.639,3.689,1,14,9.460,11.634,0,11.492,0,aliphatic amine,7.716,5.598,57.753,oblique,0,3
gen_03148,10,-7.621,3.767,1,14,9.465,11.647,0,11.414,0,aliphatic amine,7.556,5.812,33.700,oblique,0,3
gen_03148,11,-7.602,4.163,1,14,9.368,11.688,0,11.356,0,aliphatic amine,7.618,5.385,19.247,parallel,0,3
gen_03149,1,-6.460,4.870,0,8,8.751,10.997,0,10.997,0,aliphatic amine,9.951,7.541,42.431,oblique,0,1
gen_03149,2,-6.391,5.105,0,8,8.507,10.894,0,10.894,0,aliphatic amine,10.095,7.655,46.676,oblique,0,1
gen_03149,3,-6.188,5.397,0,8,9.261,10.860,0,10.860,0,aliphatic amine,10.169,7.692,34.773,oblique,0,1
gen_03149,4,-6.167,5.414,0,8,8.528,11.365,0,11.365,0,aliphatic amine,10.154,7.688,35.988,oblique,0,1
gen_03149,5,-6.154,5.260,0,8,8.812,11.445,0,11.445,0,aliphatic amine,10.142,7.659,42.748,oblique,0,1
gen_03149,6,-6.114,5.187,0,8,8.847,10.595,0,10.595,0,aliphatic amine,10.085,7.587,39.906,oblique,0,1
gen_03149,7,-6.073,5.563,0,8,9.236,11.444,0,11.444,0,aliphatic amine,10.142,7.664,30.933,oblique,0,1
gen_03161,5,-7.160,3.679,1,12,10.729,13.384,0,inf,0,,8.502,6.428,87.131,T_shaped,0,3
gen_03168,2,-7.199,6.562,0,12,8.783,10.941,0,inf,0,,8.627,7.055,63.760,T_shaped,0,3
gen_03169,7,-6.782,3.371,1,19,10.103,13.635,0,inf,0,,6.927,4.863,67.983,T_shaped,0,4
gen_03178,6,-7.284,5.819,0,17,5.895,13.334,0,13.004,0,tetrahydronaphthyridine|2-aminopyridine,6.501,4.277,16.070,parallel,1,3
gen_03192,1,-6.528,6.209,0,7,9.363,11.564,0,11.618,0,aliphatic amine,10.670,8.241,46.067,oblique,0,1
gen_03192,2,-6.353,6.159,0,7,9.161,9.161,0,11.719,0,aliphatic amine,10.854,8.404,46.518,oblique,0,1
gen_03207,1,-8.338,5.219,0,20,3.131,12.178,0,inf,0,,5.480,3.615,80.132,T_shaped,1,4
gen_03207,2,-8.327,5.216,0,20,3.096,12.166,0,inf,0,,5.815,3.957,76.131,T_shaped,1,4
gen_03224,4,-6.270,3.669,1,15,9.622,11.368,0,inf,0,,9.557,7.483,51.785,oblique,0,3
gen_03224,6,-6.206,4.038,1,15,10.030,11.397,0,inf,0,,9.471,7.354,59.067,oblique,0,3
gen_03229,1,-7.745,7.426,0,19,3.535,9.071,0,12.204,0,tetrahydronaphthyridine|2-aminopyridine,4.528,3.554,31.134,oblique,0,3
gen_03229,2,-7.739,7.377,0,19,3.558,9.103,0,12.180,0,tetrahydronaphthyridine|2-aminopyridine,4.506,3.550,31.624,oblique,0,3
gen_03229,3,-7.630,7.454,0,19,3.522,9.127,0,12.253,0,tetrahydronaphthyridine|2-aminopyridine,4.554,3.600,31.716,oblique,0,3
gen_03229,5,-7.603,6.374,0,19,6.005,10.450,0,12.866,0,tetrahydronaphthyridine|2-aminopyridine,8.760,6.427,84.926,T_shaped,0,3
gen_03229,7,-7.586,6.898,0,19,3.309,9.777,0,12.648,0,tetrahydronaphthyridine|2-aminopyridine,4.782,3.532,69.085,T_shaped,1,3
gen_03229,8,-7.548,6.519,0,19,5.973,10.404,0,12.893,0,tetrahydronaphthyridine|2-aminopyridine,8.749,6.404,85.337,T_shaped,0,3
gen_03229,9,-7.465,3.799,1,19,1.900,10.278,0,11.044,0,tetrahydronaphthyridine|2-aminopyridine,3.662,3.589,2.312,parallel,1,3
gen_03246,1,-8.062,3.528,1,15,8.827,10.519,0,inf,0,,7.929,5.431,37.887,oblique,0,3
gen_03246,6,-7.845,3.830,1,15,8.888,10.907,0,inf,0,,9.228,7.141,60.323,T_shaped,0,3
gen_03248,1,-6.438,6.330,0,16,2.996,13.631,0,inf,0,,4.383,3.615,13.205,parallel,1,3
gen_03248,2,-6.407,6.041,0,16,2.919,13.676,0,inf,0,,3.917,3.463,15.811,parallel,1,3
gen_03249,6,-6.492,4.262,1,10,8.909,10.605,0,inf,0,,9.641,7.092,70.878,T_shaped,0,2
gen_03266,12,-5.728,3.917,1,14,8.897,10.486,0,inf,0,,7.402,5.504,79.890,T_shaped,0,3
gen_03277,3,-7.822,3.553,1,21,8.575,13.630,0,inf,0,,6.023,4.427,73.396,T_shaped,1,3
gen_03283,2,-6.527,3.719,1,18,6.531,11.253,0,inf,0,,6.371,4.040,66.338,T_shaped,1,4
gen_03284,1,-7.450,3.536,1,17,7.733,11.045,0,inf,0,,10.186,8.607,61.461,T_shaped,0,2
gen_03284,2,-7.448,3.588,1,17,7.581,11.215,0,inf,0,,9.837,7.815,86.004,T_shaped,0,2
gen_03284,3,-7.440,3.615,1,17,7.633,11.150,0,inf,0,,9.843,7.875,84.297,T_shaped,0,2
gen_03284,4,-7.428,3.510,1,17,7.700,11.074,0,inf,0,,10.171,8.630,61.961,T_shaped,0,2
gen_03284,7,-7.406,6.129,0,17,3.333,11.016,0,inf,0,,5.652,3.620,82.599,T_shaped,1,2
gen_03284,8,-7.393,6.180,0,17,3.396,11.013,0,inf,0,,5.614,3.629,86.334,T_shaped,1,2
gen_03284,9,-7.387,3.577,1,17,7.727,11.149,0,inf,0,,6.512,4.280,63.177,T_shaped,1,2
gen_03291,2,-7.660,6.669,0,16,6.476,13.652,0,inf,0,,7.674,5.804,46.091,oblique,0,4
gen_03291,3,-7.584,3.586,1,16,5.816,13.553,0,inf,0,,6.895,4.458,53.893,oblique,0,4
gen_03293,1,-7.549,3.368,1,22,8.864,11.023,0,inf,0,,7.814,5.401,74.285,T_shaped,0,2
gen_03293,2,-7.526,3.330,1,22,8.889,11.019,0,inf,0,,7.859,5.450,75.232,T_shaped,0,2
gen_03293,5,-7.266,3.616,1,22,9.449,11.914,0,inf,0,,7.925,5.571,77.484,T_shaped,0,2
gen_03302,1,-6.760,6.487,0,16,7.089,10.836,0,inf,0,,6.228,3.834,10.149,parallel,1,2
gen_03306,10,-7.354,3.699,1,13,8.765,13.720,0,10.606,0,aliphatic amine,6.570,4.247,50.229,oblique,0,4
gen_03307,8,-7.437,5.383,0,17,5.820,9.406,0,13.561,0,aliphatic amine,6.762,4.741,67.667,T_shaped,0,3
gen_03312,3,-7.532,3.637,1,15,8.643,13.492,0,inf,0,,5.877,3.418,58.408,oblique,0,3
gen_03315,3,-6.993,3.716,1,12,6.448,10.758,0,inf,0,,6.308,3.897,58.408,oblique,0,4
gen_03315,4,-6.981,3.666,1,12,10.232,13.459,0,inf,0,,6.564,4.578,84.388,T_shaped,0,4
gen_03316,7,-7.689,3.708,1,18,8.503,13.326,0,inf,0,,6.467,3.841,58.529,oblique,0,4
gen_03331,3,-6.577,3.768,1,10,9.022,13.248,0,inf,0,,7.628,5.264,86.155,T_shaped,0,3
gen_03337,1,-6.737,4.378,1,19,7.622,11.397,0,10.789,0,tetrahydronaphthyridine|2-aminopyridine|aliphatic amine,6.858,5.206,63.326,T_shaped,0,3
gen_03337,5,-6.621,4.118,1,19,7.284,11.084,0,11.011,0,tetrahydronaphthyridine|2-aminopyridine|aliphatic amine,7.252,5.524,63.936,T_shaped,0,3
gen_03337,6,-6.615,3.395,1,19,9.055,11.707,0,11.707,0,tetrahydronaphthyridine|2-aminopyridine|aliphatic amine,5.546,4.131,61.729,T_shaped,1,3
gen_03338,6,-6.898,3.296,1,20,7.652,11.080,0,inf,0,,6.224,4.115,48.414,oblique,0,2
gen_03338,7,-6.828,3.303,1,20,8.034,10.318,0,inf,0,,6.147,4.076,47.542,oblique,0,2
gen_03340,6,-7.472,7.361,0,18,3.063,10.979,0,inf,0,,6.441,4.117,53.910,oblique,0,3
gen_03346,2,-7.568,3.412,1,19,4.321,13.269,0,inf,0,,4.745,3.576,37.008,oblique,0,4
gen_03346,6,-7.463,3.362,1,19,4.411,13.342,0,inf,0,,4.736,3.507,35.487,oblique,0,4
gen_03346,12,-7.366,3.351,1,19,8.804,10.948,0,inf,0,,6.451,4.000,49.643,oblique,0,4
gen_03351,6,-8.045,3.656,1,21,8.787,11.203,0,inf,0,,6.906,4.632,80.066,T_shaped,0,4
gen_03366,1,-6.491,8.152,0,8,11.294,13.490,0,inf,0,,10.367,8.874,71.639,T_shaped,0,1
gen_03368,11,-6.339,3.362,1,15,9.103,12.873,0,inf,0,,5.942,4.071,87.033,T_shaped,1,4
gen_03377,3,-7.888,3.713,1,14,9.885,13.500,0,inf,0,,8.628,6.076,50.379,oblique,0,4
gen_03382,1,-7.034,3.656,1,16,9.379,10.951,0,inf,0,,9.960,7.590,53.709,oblique,0,4
gen_03386,4,-7.065,3.554,1,12,7.636,12.350,0,inf,0,,9.085,6.758,72.321,T_shaped,0,2
gen_03386,5,-7.046,3.605,1,12,7.670,12.362,0,inf,0,,9.064,6.754,73.064,T_shaped,0,2
gen_03390,3,-6.904,7.142,0,16,2.659,10.974,0,inf,0,,7.258,5.089,7.954,parallel,0,2
gen_03411,1,-7.713,5.288,0,15,7.706,10.753,0,10.753,0,2-aminopyridine,9.340,6.943,88.086,T_shaped,0,2
gen_03411,2,-7.651,6.809,0,15,2.362,10.592,0,8.377,0,2-aminopyridine,3.904,3.353,22.940,parallel,1,2
gen_03411,4,-7.613,7.260,0,15,2.300,10.196,0,8.339,0,2-aminopyridine,3.874,3.407,19.406,parallel,1,2
gen_03416,11,-7.063,9.148,0,17,3.096,13.681,0,inf,0,,8.797,6.627,57.103,oblique,0,3
gen_03422,1,-7.347,3.634,1,17,9.691,11.982,0,inf,0,,7.573,5.471,37.840,oblique,0,3
gen_03422,2,-7.310,3.633,1,17,9.542,11.845,0,inf,0,,7.389,5.298,36.714,oblique,0,3
gen_03422,3,-7.298,3.593,1,17,10.056,12.236,0,inf,0,,8.071,5.932,40.840,oblique,0,3
gen_03422,4,-7.292,3.612,1,17,10.074,12.203,0,inf,0,,8.079,5.941,41.312,oblique,0,3
gen_03422,5,-7.225,3.606,1,17,9.856,12.351,0,inf,0,,8.179,5.880,29.472,parallel,0,3
gen_03422,7,-7.192,3.658,1,17,9.743,12.498,0,inf,0,,8.127,5.818,28.720,parallel,0,3
gen_03423,4,-6.300,7.297,0,10,8.382,10.780,0,10.133,0,aliphatic amine,10.227,8.854,68.891,T_shaped,0,2
gen_03423,5,-6.264,6.764,0,10,6.226,13.537,0,12.736,0,aliphatic amine,6.139,3.709,25.819,parallel,1,2
gen_03423,7,-6.219,7.232,0,10,7.061,11.121,0,9.107,0,aliphatic amine,10.204,8.766,71.572,T_shaped,0,2
gen_03427,4,-7.307,3.350,1,20,3.866,13.802,0,inf,0,,4.420,3.596,14.291,parallel,1,2
gen_03428,1,-6.910,3.665,1,17,8.566,13.343,0,inf,0,,7.061,5.593,86.203,T_shaped,0,3
gen_03428,2,-6.881,3.671,1,17,8.675,13.321,0,inf,0,,7.018,5.571,88.126,T_shaped,0,3
gen_03435,1,-5.706,6.136,0,8,9.012,13.704,0,11.317,0,aliphatic amine,inf,inf,,no_aromatic_ring,0,0
gen_03435,2,-5.646,6.576,0,8,8.889,13.735,0,11.056,0,aliphatic amine,inf,inf,,no_aromatic_ring,0,0
gen_03435,3,-5.525,6.298,0,8,8.906,13.614,0,11.370,0,aliphatic amine,inf,inf,,no_aromatic_ring,0,0
gen_03435,4,-5.501,6.143,0,8,8.916,13.532,0,12.668,0,aliphatic amine,inf,inf,,no_aromatic_ring,0,0
gen_03435,5,-5.475,6.608,0,8,8.594,13.146,0,11.008,0,aliphatic amine,inf,inf,,no_aromatic_ring,0,0
gen_03435,6,-5.474,6.501,0,8,6.645,11.244,0,10.869,0,aliphatic amine,inf,inf,,no_aromatic_ring,0,0
gen_03435,9,-5.434,5.675,0,8,8.997,13.700,0,12.689,0,aliphatic amine,inf,inf,,no_aromatic_ring,0,0
gen_03435,11,-5.379,5.635,0,8,9.142,13.638,0,12.928,0,aliphatic amine,inf,inf,,no_aromatic_ring,0,0
gen_03435,12,-5.362,6.308,0,8,8.747,13.724,0,10.783,0,aliphatic amine,inf,inf,,no_aromatic_ring,0,0
gen_03440,1,-7.604,3.374,1,14,9.904,13.514,0,inf,0,,8.183,6.450,62.305,T_shaped,0,4
gen_03440,2,-7.574,3.455,1,14,8.981,10.594,0,inf,0,,5.863,4.194,57.289,oblique,0,4
gen_03440,3,-7.555,3.457,1,14,8.992,10.515,0,inf,0,,5.870,4.198,57.052,oblique,0,4
gen_03444,3,-7.930,6.205,0,16,7.849,13.184,0,inf,0,,8.129,5.676,72.694,T_shaped,0,4
gen_03447,1,-7.446,6.818,0,14,9.184,10.911,0,inf,0,,9.299,6.713,38.889,oblique,0,3
gen_03454,6,-7.197,3.456,1,11,10.006,11.466,0,inf,0,,9.122,6.540,41.330,oblique,0,2
gen_03457,1,-7.698,3.637,1,16,9.520,11.875,0,inf,0,,6.241,4.117,41.188,oblique,0,3
gen_03463,1,-6.695,6.173,0,17,4.113,11.173,0,11.120,0,aliphatic amine,5.489,3.713,46.735,oblique,0,2
gen_03463,2,-6.683,6.100,0,17,4.146,11.122,0,11.138,0,aliphatic amine,5.449,3.718,46.032,oblique,0,2
gen_03463,3,-6.682,6.172,0,17,4.111,11.163,0,11.121,0,aliphatic amine,5.483,3.694,47.745,oblique,0,2
gen_03463,4,-6.668,6.093,0,17,4.087,11.059,0,11.114,0,aliphatic amine,5.462,3.657,50.361,oblique,0,2
gen_03463,5,-6.666,6.100,0,17,4.095,11.049,0,11.117,0,aliphatic amine,5.458,3.703,48.000,oblique,0,2
gen_03463,6,-6.657,6.023,0,17,4.089,11.048,0,11.113,0,aliphatic amine,5.433,3.689,47.572,oblique,0,2
gen_03464,1,-7.483,3.640,1,14,7.294,11.484,0,inf,0,,7.570,5.203,56.631,oblique,0,2
gen_03493,5,-7.001,6.128,0,20,2.838,13.567,0,inf,0,,4.403,3.586,23.784,parallel,1,3
gen_03493,6,-6.983,6.086,0,20,2.849,13.642,0,inf,0,,4.437,3.579,24.276,parallel,1,3
gen_03493,9,-6.884,5.684,0,20,6.337,11.310,0,inf,0,,7.513,5.290,64.111,T_shaped,0,3
gen_03496,1,-7.872,3.629,1,20,8.742,10.623,0,inf,0,,7.369,5.224,62.944,T_shaped,0,3
gen_03496,2,-7.861,3.643,1,20,8.741,10.587,0,inf,0,,7.368,5.221,63.722,T_shaped,0,3
gen_03496,3,-7.802,3.650,1,20,8.628,10.590,0,inf,0,,7.249,5.120,64.194,T_shaped,0,3
gen_03496,4,-7.727,3.474,1,20,8.491,10.663,0,inf,0,,7.162,5.108,53.704,oblique,0,3
gen_03496,8,-7.223,6.238,0,20,2.453,10.534,0,inf,0,,3.759,3.605,3.955,parallel,1,3
gen_03496,9,-7.163,6.394,0,20,3.676,10.497,0,inf,0,,7.897,6.257,43.943,oblique,0,3
gen_03502,1,-7.933,3.585,1,14,8.003,13.369,0,inf,0,,6.392,3.785,26.476,parallel,1,4
gen_03504,3,-6.816,3.577,1,14,9.384,13.489,0,11.940,0,aliphatic amine,9.228,6.969,74.553,T_shaped,0,1
gen_03504,4,-6.809,3.572,1,14,9.339,13.471,0,11.971,0,aliphatic amine,9.227,6.950,74.559,T_shaped,0,1
gen_03506,1,-7.941,7.341,0,15,8.658,13.534,0,inf,0,,9.266,8.002,59.975,oblique,0,4
gen_03514,15,-7.191,5.420,0,21,4.603,11.333,0,inf,0,,6.168,4.206,30.529,oblique,0,4
gen_03515,9,-6.141,5.267,0,16,7.632,10.957,0,9.651,0,aliphatic amine,6.030,3.987,74.889,T_shaped,1,3
gen_03516,1,-7.131,4.847,0,14,7.231,11.186,0,9.501,0,tetrahydronaphthyridine|2-aminopyridine|aliphatic amine,6.367,5.105,70.329,T_shaped,0,3
gen_03516,2,-6.929,4.588,0,14,7.943,11.136,0,9.777,0,tetrahydronaphthyridine|2-aminopyridine|aliphatic amine,6.718,5.381,80.051,T_shaped,0,3
gen_03516,3,-6.875,3.831,1,14,8.675,9.189,0,9.189,0,tetrahydronaphthyridine|2-aminopyridine|aliphatic amine,6.538,5.351,75.716,T_shaped,0,3
gen_03516,4,-6.865,4.599,0,14,7.393,10.564,0,9.317,0,tetrahydronaphthyridine|2-aminopyridine|aliphatic amine,6.375,5.007,69.331,T_shaped,0,3
gen_03516,5,-6.860,4.726,0,14,7.289,9.445,0,9.431,0,tetrahydronaphthyridine|2-aminopyridine|aliphatic amine,6.348,5.097,69.974,T_shaped,0,3
gen_03516,6,-6.616,5.137,0,14,8.332,9.179,0,10.388,0,tetrahydronaphthyridine|2-aminopyridine|aliphatic amine,6.564,5.312,73.584,T_shaped,0,3
gen_03519,2,-6.721,4.922,0,19,8.524,12.687,0,10.337,0,aliphatic amine,6.605,5.288,69.532,T_shaped,0,3
gen_03519,3,-6.717,4.916,0,19,8.505,12.683,0,10.336,0,aliphatic amine,6.612,5.316,70.494,T_shaped,0,3
gen_03519,4,-6.702,4.910,0,19,8.513,12.666,0,10.309,0,aliphatic amine,6.607,5.262,68.764,T_shaped,0,3
gen_03519,5,-6.688,4.601,0,19,8.920,13.514,0,10.684,0,aliphatic amine,6.814,5.261,65.165,T_shaped,0,3
gen_03519,6,-6.687,4.819,0,19,8.565,12.663,0,10.319,0,aliphatic amine,6.649,5.234,67.380,T_shaped,0,3
gen_03519,8,-6.676,4.562,0,19,8.959,13.527,0,10.705,0,aliphatic amine,6.916,5.296,63.665,T_shaped,0,3
gen_03519,9,-6.659,4.612,0,19,8.881,13.454,0,10.672,0,aliphatic amine,6.888,5.301,64.071,T_shaped,0,3
gen_03531,1,-7.412,7.236,0,14,2.429,11.682,0,inf,0,,3.717,3.525,6.679,parallel,1,2
gen_03531,2,-7.402,7.188,0,14,2.450,11.646,0,inf,0,,3.732,3.479,8.981,parallel,1,2
gen_03535,1,-7.920,3.741,1,14,9.028,11.065,0,10.563,0,aliphatic amine,8.126,6.056,89.609,T_shaped,0,3
gen_03535,2,-7.793,3.798,1,14,9.325,11.008,0,11.037,0,aliphatic amine,8.130,6.020,86.681,T_shaped,0,3
gen_03535,3,-7.677,3.830,1,14,9.170,9.170,0,10.666,0,aliphatic amine,8.207,6.122,89.074,T_shaped,0,3
gen_03535,6,-7.358,3.820,1,14,8.381,11.550,0,9.686,0,aliphatic amine,7.974,5.874,57.479,oblique,0,3
gen_03540,1,-7.447,6.438,0,13,7.451,11.858,0,inf,0,,8.809,6.493,69.498,T_shaped,0,3
gen_03540,2,-7.435,6.360,0,13,7.374,11.768,0,inf,0,,9.057,6.813,70.630,T_shaped,0,3
gen_03542,4,-7.722,6.595,0,15,3.455,11.877,0,inf,0,,6.378,3.859,87.196,T_shaped,1,3
gen_03542,5,-7.713,6.541,0,15,3.402,11.893,0,inf,0,,6.396,3.865,89.869,T_shaped,1,3
gen_03542,6,-7.698,6.571,0,15,3.717,11.896,0,inf,0,,6.410,3.889,88.772,T_shaped,1,3
gen_03542,7,-7.698,6.571,0,15,3.389,11.864,0,inf,0,,6.379,3.857,89.066,T_shaped,1,3
gen_03542,10,-7.662,6.346,0,15,3.451,12.030,0,inf,0,,6.370,3.829,89.346,T_shaped,1,3
gen_03542,11,-7.617,6.562,0,15,3.201,11.926,0,inf,0,,6.417,3.889,89.337,T_shaped,1,3
gen_03547,3,-8.375,3.502,1,19,9.568,13.580,0,15.128,0,aliphatic amine,8.964,6.461,45.398,oblique,0,4
gen_03550,1,-8.202,6.984,0,22,2.191,13.618,0,12.242,0,aliphatic amine,3.767,3.502,2.396,parallel,1,3
gen_03550,2,-8.172,7.005,0,22,2.225,13.612,0,12.254,0,aliphatic amine,3.771,3.487,2.575,parallel,1,3
gen_03550,3,-8.166,7.015,0,22,2.199,13.611,0,12.264,0,aliphatic amine,3.807,3.544,2.228,parallel,1,3
gen_03551,1,-7.287,3.628,1,19,8.723,11.661,0,10.635,0,aliphatic amine,8.191,5.875,49.672,oblique,0,3
gen_03551,2,-7.208,3.618,1,19,8.688,11.645,0,10.601,0,aliphatic amine,8.152,5.843,49.735,oblique,0,3
gen_03551,3,-7.204,3.757,1,19,8.584,11.613,0,10.579,0,aliphatic amine,7.158,4.916,34.040,oblique,0,3
gen_03551,5,-7.120,3.785,1,19,8.704,11.756,0,10.699,0,aliphatic amine,7.184,4.926,31.904,oblique,0,3
gen_03551,6,-7.120,3.609,1,19,8.467,11.567,0,10.436,0,aliphatic amine,7.498,5.083,42.303,oblique,0,3
gen_03571,1,-8.111,3.483,1,13,10.492,11.596,0,inf,0,,9.616,7.222,42.560,oblique,0,2
gen_03573,4,-8.239,3.766,1,16,10.317,11.867,0,inf,0,,7.461,5.323,63.360,T_shaped,0,3
gen_03578,4,-7.963,3.215,1,18,10.064,13.624,0,inf,0,,6.486,4.625,41.594,oblique,0,4
gen_03582,1,-8.216,6.393,0,15,7.328,12.271,0,inf,0,,8.642,6.204,70.348,T_shaped,0,4
gen_03585,5,-8.203,3.620,1,19,8.784,9.640,0,12.965,0,aliphatic amine,7.922,5.986,82.042,T_shaped,0,3
gen_03585,9,-8.059,3.687,1,19,7.785,9.293,0,14.353,0,aliphatic amine,8.062,6.200,76.295,T_shaped,0,3
gen_03587,4,-6.932,8.465,0,13,3.405,13.264,0,inf,0,,4.981,3.618,10.353,parallel,1,3
gen_03589,1,-7.471,3.443,1,13,11.591,12.605,0,inf,0,,10.058,8.516,71.730,T_shaped,0,2
gen_03589,2,-7.382,3.508,1,13,11.628,12.764,0,inf,0,,10.040,8.457,70.591,T_shaped,0,2
gen_03594,1,-6.928,5.237,0,15,6.616,10.969,0,11.016,0,tetrahydronaphthyridine|2-aminopyridine,6.888,4.703,50.212,oblique,0,3
gen_03594,2,-6.917,5.239,0,15,6.646,10.983,0,11.042,0,tetrahydronaphthyridine|2-aminopyridine,6.925,4.736,50.544,oblique,0,3
gen_03594,3,-6.886,5.227,0,15,6.694,11.010,0,11.039,0,tetrahydronaphthyridine|2-aminopyridine,6.935,4.757,50.362,oblique,0,3
gen_03594,4,-6.786,5.280,0,15,6.844,11.224,0,11.109,0,tetrahydronaphthyridine|2-aminopyridine,6.965,4.804,52.239,oblique,0,3
gen_03594,5,-6.763,5.222,0,15,6.161,10.948,0,11.007,0,tetrahydronaphthyridine|2-aminopyridine,6.843,4.660,50.809,oblique,0,3
gen_03594,6,-6.714,5.279,0,15,6.973,11.294,0,11.162,0,tetrahydronaphthyridine|2-aminopyridine,7.066,4.913,53.013,oblique,0,3
gen_03595,1,-6.291,5.164,0,15,7.164,12.104,0,10.081,0,tetrahydronaphthyridine|2-aminopyridine,6.045,4.301,48.977,oblique,0,2
gen_03595,2,-6.204,5.246,0,15,7.877,12.422,0,10.376,0,tetrahydronaphthyridine|2-aminopyridine,6.330,4.650,53.690,oblique,0,2
gen_03595,4,-6.111,5.157,0,15,7.470,12.918,0,10.676,0,tetrahydronaphthyridine|2-aminopyridine,6.503,4.524,41.226,oblique,0,2
gen_03595,7,-5.939,5.297,0,15,7.674,13.344,0,11.264,0,tetrahydronaphthyridine|2-aminopyridine,7.089,5.013,48.695,oblique,0,2
gen_03595,13,-5.810,5.232,0,15,8.189,12.985,0,11.138,0,tetrahydronaphthyridine|2-aminopyridine,6.953,4.826,43.255,oblique,0,2
gen_03595,14,-5.736,4.413,1,15,6.942,11.080,0,9.399,0,tetrahydronaphthyridine|2-aminopyridine,6.333,4.845,69.938,T_shaped,0,2
gen_03604,1,-6.113,6.023,0,15,6.819,13.419,0,inf,0,,6.584,4.292,83.744,T_shaped,1,3
gen_03604,2,-6.105,5.984,0,15,6.777,13.428,0,inf,0,,6.729,4.410,85.072,T_shaped,1,3
gen_03604,3,-6.090,4.088,1,15,6.541,13.162,0,inf,0,,6.508,4.081,82.355,T_shaped,1,3
gen_03604,4,-6.073,3.864,1,15,6.658,13.459,0,inf,0,,6.435,4.023,88.101,T_shaped,1,3
gen_03604,6,-6.029,6.167,0,15,6.734,13.407,0,inf,0,,6.623,4.346,77.764,T_shaped,1,3
gen_03604,12,-5.841,5.606,0,15,4.010,11.600,0,inf,0,,5.675,3.621,75.848,T_shaped,1,3
gen_03604,15,-5.808,4.747,0,15,6.819,13.374,0,inf,0,,6.500,4.056,81.871,T_shaped,1,3
gen_03610,4,-7.149,3.489,1,16,9.072,13.254,0,12.311,0,aliphatic amine,6.980,4.445,59.508,oblique,0,2
gen_03610,5,-7.136,3.486,1,16,9.090,13.156,0,12.301,0,aliphatic amine,6.982,4.442,59.476,oblique,0,2
gen_03611,1,-7.698,5.210,0,18,9.460,11.547,0,inf,0,,8.645,6.112,51.061,oblique,0,3
gen_03611,2,-7.647,3.799,1,18,9.064,11.425,0,inf,0,,7.680,5.223,49.613,oblique,0,3
gen_03613,5,-6.530,3.804,1,15,5.891,13.471,0,12.822,0,aliphatic amine,6.388,4.021,24.877,parallel,1,2
gen_03613,6,-6.501,3.881,1,15,5.881,13.393,0,12.812,0,aliphatic amine,6.391,4.025,24.076,parallel,1,2
gen_03617,1,-7.662,3.715,1,20,8.865,11.567,0,inf,0,,9.194,6.867,78.364,T_shaped,0,3
gen_03617,2,-7.568,3.512,1,20,8.485,11.601,0,inf,0,,9.309,6.950,61.685,T_shaped,0,3
gen_03632,1,-7.842,3.286,1,22,8.216,10.676,0,inf,0,,5.266,4.207,47.532,oblique,0,5
gen_03646,9,-7.091,3.470,1,17,9.507,11.505,0,inf,0,,7.369,5.765,62.539,T_shaped,0,3
gen_03658,1,-7.365,3.768,1,18,7.034,13.061,0,13.061,0,aliphatic amine,6.480,3.967,76.568,T_shaped,1,3
gen_03658,4,-7.269,3.802,1,18,2.869,12.162,0,12.162,0,aliphatic amine,5.564,3.415,84.368,T_shaped,1,3
gen_03658,5,-7.236,3.647,1,18,7.068,13.110,0,13.110,0,aliphatic amine,6.542,4.034,78.521,T_shaped,1,3
gen_03659,10,-7.186,3.484,1,17,7.372,13.357,0,inf,0,,7.457,5.054,46.857,oblique,0,3
gen_03659,11,-7.103,3.622,1,17,7.272,13.240,0,inf,0,,6.120,4.149,63.790,T_shaped,1,3
gen_03659,12,-7.068,3.553,1,17,7.377,13.408,0,inf,0,,6.803,4.457,78.449,T_shaped,1,3
gen_03661,2,-7.228,3.786,1,17,6.158,11.924,0,inf,0,,6.263,3.907,76.568,T_shaped,1,3
gen_03661,3,-7.219,3.759,1,17,6.159,11.924,0,inf,0,,6.264,3.910,76.320,T_shaped,1,3
gen_03661,5,-7.098,3.889,1,17,6.193,11.926,0,inf,0,,6.300,3.950,76.259,T_shaped,1,3
gen_03661,7,-6.956,3.675,1,17,6.847,11.616,0,inf,0,,6.326,4.225,78.360,T_shaped,1,3
gen_03661,8,-6.895,4.348,1,17,5.786,11.883,0,inf,0,,6.250,3.831,66.161,T_shaped,1,3
gen_03662,4,-7.041,5.834,0,17,9.250,11.128,0,inf,0,,6.633,5.128,85.804,T_shaped,0,4
gen_03662,9,-6.722,6.449,0,17,2.973,13.409,0,inf,0,,5.805,4.349,69.566,T_shaped,1,4
gen_03663,11,-7.180,3.741,1,17,7.114,11.111,0,inf,0,,7.205,5.040,68.378,T_shaped,0,3
gen_03663,12,-7.110,3.633,1,17,7.268,10.995,0,inf,0,,7.235,5.157,84.756,T_shaped,0,3
gen_03665,2,-6.838,3.747,1,18,7.261,13.439,0,inf,0,,6.546,4.371,35.211,oblique,0,3
gen_03671,9,-6.517,3.509,1,21,9.256,11.545,0,inf,0,,6.523,4.086,67.064,T_shaped,1,3
gen_03691,1,-7.836,3.392,1,25,10.027,13.445,0,inf,0,,6.153,4.763,62.177,T_shaped,0,4
gen_03691,2,-7.688,3.319,1,25,10.201,11.716,0,inf,0,,6.391,4.809,58.650,oblique,0,4
gen_03691,3,-7.682,3.394,1,25,10.107,11.806,0,inf,0,,6.154,4.694,59.851,oblique,0,4
gen_03691,4,-7.667,3.357,1,25,9.800,12.895,0,inf,0,,6.381,4.831,61.510,T_shaped,0,4
gen_03691,5,-7.646,3.338,1,25,9.956,13.081,0,inf,0,,6.453,4.863,60.378,T_shaped,0,4
gen_03691,6,-7.637,3.193,1,25,10.831,13.505,0,inf,0,,6.712,4.844,50.808,oblique,0,4
gen_03691,7,-7.576,3.455,1,25,9.894,13.499,0,inf,0,,6.087,4.787,64.669,T_shaped,0,4
gen_03691,10,-7.505,3.228,1,25,9.581,11.009,0,inf,0,,6.864,4.824,56.160,oblique,0,4
gen_03691,11,-7.484,3.338,1,25,9.477,10.982,0,inf,0,,6.735,4.707,56.207,oblique,0,4
gen_03691,12,-7.473,3.430,1,25,9.252,11.102,0,inf,0,,6.973,4.856,56.652,oblique,0,4
gen_03692,6,-7.468,3.533,1,12,9.837,13.309,0,inf,0,,8.626,6.140,40.196,oblique,0,4
gen_03694,1,-7.515,3.396,1,13,9.180,13.340,0,inf,0,,7.052,4.572,70.789,T_shaped,0,3
gen_03694,2,-7.319,3.642,1,13,8.406,13.505,0,inf,0,,7.507,4.803,35.772,oblique,0,3
gen_03694,3,-7.267,3.488,1,13,8.521,13.353,0,inf,0,,6.621,4.201,67.196,T_shaped,1,3
gen_03703,1,-7.628,5.030,0,18,2.946,12.896,0,12.105,0,tetrahydronaphthyridine|2-aminopyridine,6.244,3.731,79.413,T_shaped,1,3
gen_03703,2,-7.609,5.056,0,18,2.979,12.937,0,12.152,0,tetrahydronaphthyridine|2-aminopyridine,6.253,3.731,79.980,T_shaped,1,3
gen_03703,3,-7.578,4.996,0,18,2.970,12.960,0,12.215,0,tetrahydronaphthyridine|2-aminopyridine,6.312,3.762,77.627,T_shaped,1,3
gen_03708,1,-6.601,5.656,0,20,4.671,10.477,0,11.230,0,aliphatic amine,6.011,4.177,21.303,parallel,1,3
gen_03708,2,-6.595,5.650,0,20,4.740,10.511,0,11.231,0,aliphatic amine,5.990,4.142,20.293,parallel,1,3
gen_03714,1,-6.447,6.532,0,8,6.771,10.988,0,11.711,0,2-aminoazole,5.949,3.754,45.897,oblique,0,2
gen_03719,3,-6.468,6.417,0,10,7.904,11.984,0,10.457,0,aliphatic amine,7.128,4.993,30.466,oblique,0,3
gen_03719,4,-6.442,6.198,0,10,8.568,12.276,0,10.506,0,aliphatic amine,7.870,5.959,54.836,oblique,0,3
gen_03719,5,-6.389,6.373,0,10,7.931,11.874,0,10.533,0,aliphatic amine,6.410,4.114,16.205,parallel,1,3
gen_03719,9,-6.244,6.250,0,10,8.353,12.194,0,10.485,0,aliphatic amine,7.517,5.484,44.039,oblique,0,3
gen_03721,4,-6.545,5.402,0,19,5.387,13.700,0,inf,0,,6.174,3.703,71.869,T_shaped,1,4
gen_03727,1,-7.189,3.624,1,17,7.292,13.315,0,13.315,0,aliphatic amine,6.224,4.037,49.470,oblique,0,3
gen_03727,2,-7.135,3.663,1,17,7.231,12.994,0,12.994,0,aliphatic amine,6.179,4.057,50.558,oblique,0,3
gen_03735,6,-7.832,3.383,1,17,5.171,12.203,0,inf,0,,6.076,3.876,53.161,oblique,0,4
gen_03735,8,-7.812,3.749,1,17,5.153,12.352,0,inf,0,,6.025,3.819,51.388,oblique,0,4
gen_03735,9,-7.793,3.663,1,17,5.158,12.359,0,inf,0,,6.025,3.825,50.928,oblique,0,4
gen_03735,10,-7.745,3.496,1,17,5.143,12.141,0,inf,0,,6.050,3.856,52.722,oblique,0,4
gen_03736,1,-6.397,4.657,0,11,8.298,12.371,0,inf,0,,8.240,5.980,68.848,T_shaped,0,2
gen_03736,2,-6.360,4.789,0,11,8.518,13.580,0,inf,0,,8.359,6.108,67.336,T_shaped,0,2
gen_03742,1,-7.608,6.423,0,16,2.454,11.176,0,inf,0,,3.846,3.555,2.291,parallel,1,4
gen_03745,4,-8.195,3.641,1,18,9.687,13.718,0,inf,0,,7.672,5.388,71.777,T_shaped,0,5
gen_03751,15,-5.853,3.676,1,21,7.331,11.334,0,10.033,0,aliphatic amine,9.056,6.446,37.131,oblique,0,3
gen_03753,1,-7.506,6.414,0,16,2.712,12.318,0,inf,0,,7.344,5.695,61.389,T_shaped,0,4
gen_03753,3,-7.423,6.434,0,16,3.464,12.279,0,inf,0,,7.729,5.918,54.324,oblique,0,4
gen_03763,7,-6.728,3.610,1,22,7.798,10.308,0,10.308,0,aliphatic amine,7.618,5.579,65.249,T_shaped,0,3
gen_03773,4,-6.444,3.606,1,19,3.116,11.500,0,inf,0,,5.680,3.676,69.656,T_shaped,1,4
gen_03773,5,-6.441,3.594,1,19,3.154,11.567,0,inf,0,,5.718,3.749,71.489,T_shaped,1,4
gen_03773,6,-6.407,3.726,1,19,3.151,11.577,0,inf,0,,5.739,3.778,71.143,T_shaped,1,4
gen_03773,12,-6.247,3.617,1,19,3.249,11.994,0,inf,0,,5.611,3.667,73.846,T_shaped,1,4
gen_03781,2,-7.717,6.178,0,19,3.232,10.407,0,inf,0,,4.708,3.539,20.901,parallel,1,3
gen_03781,4,-7.613,6.184,0,19,3.047,10.482,0,inf,0,,4.789,3.689,17.510,parallel,1,3
gen_03781,11,-7.321,3.831,1,19,2.671,10.077,0,inf,0,,4.180,3.602,4.371,parallel,1,3
gen_03789,5,-6.116,4.988,0,14,6.750,12.201,0,inf,0,,6.524,4.598,48.721,oblique,0,3
gen_03792,1,-7.348,5.980,0,14,9.794,13.331,0,11.799,0,aliphatic amine,9.758,8.088,75.327,T_shaped,0,2
gen_03792,2,-7.330,6.007,0,14,9.786,13.346,0,11.793,0,aliphatic amine,9.716,8.077,74.636,T_shaped,0,2
gen_03792,3,-7.297,6.852,0,14,9.746,13.484,0,11.642,0,aliphatic amine,9.715,8.099,73.465,T_shaped,0,2
gen_03792,4,-7.251,6.872,0,14,9.726,13.448,0,11.623,0,aliphatic amine,9.695,8.086,73.892,T_shaped,0,2
gen_03793,5,-6.206,3.541,1,13,9.305,13.699,0,inf,0,,6.314,4.116,61.226,T_shaped,1,2
gen_03793,8,-6.120,3.609,1,13,10.516,13.761,0,inf,0,,8.478,6.092,61.121,T_shaped,0,2
gen_03793,13,-6.020,3.591,1,13,9.083,13.381,0,inf,0,,6.083,3.910,57.690,oblique,0,2
gen_03798,3,-7.865,6.393,0,15,3.558,7.030,0,7.030,0,aliphatic amine,5.653,3.671,78.017,T_shaped,1,2
gen_03802,2,-6.995,3.523,1,11,9.407,13.384,0,inf,0,,6.291,4.056,82.795,T_shaped,1,3
gen_03804,1,-6.503,3.738,1,17,8.950,10.748,0,10.748,0,aliphatic amine,7.208,5.432,67.535,T_shaped,0,3
gen_03805,8,-7.802,3.590,1,19,6.409,14.092,0,inf,0,,5.803,3.602,6.222,parallel,1,5
gen_03806,1,-8.004,3.626,1,17,10.019,11.538,0,inf,0,,6.708,4.573,40.090,oblique,0,4
gen_03806,12,-7.624,3.756,1,17,10.218,13.147,0,inf,0,,6.971,4.748,54.832,oblique,0,4
gen_03810,1,-6.977,3.923,1,14,9.159,11.182,0,inf,0,,6.967,4.456,45.716,oblique,0,2
gen_03810,2,-6.942,3.883,1,14,9.218,11.212,0,inf,0,,7.045,4.531,46.169,oblique,0,2
gen_03810,3,-6.905,3.972,1,14,9.078,10.732,0,inf,0,,6.942,4.455,48.089,oblique,0,2
gen_03815,1,-6.870,3.549,1,9,9.224,11.232,0,inf,0,,6.020,3.947,62.406,T_shaped,1,3
gen_03815,2,-6.800,5.275,0,9,9.312,11.358,0,inf,0,,7.619,5.106,16.714,parallel,0,3
gen_03815,3,-6.762,5.188,0,9,9.151,9.151,0,inf,0,,7.795,5.288,16.366,parallel,0,3
gen_03820,3,-6.911,3.707,1,12,8.538,10.954,0,inf,0,,5.790,4.232,73.613,T_shaped,1,3
gen_03820,4,-6.880,5.767,0,12,2.473,11.379,0,inf,0,,3.927,3.572,7.025,parallel,1,3
gen_03820,8,-6.857,6.205,0,12,2.492,11.554,0,inf,0,,3.961,3.568,12.703,parallel,1,3
gen_03820,10,-6.777,4.176,1,12,3.276,11.402,0,inf,0,,5.459,3.573,68.364,T_shaped,1,3
gen_03820,11,-6.763,3.846,1,12,2.861,11.300,0,inf,0,,5.632,3.734,57.165,oblique,0,3
gen_03820,12,-6.718,6.112,0,12,2.797,11.464,0,inf,0,,3.741,3.431,8.839,parallel,1,3
gen_03821,4,-6.162,7.461,0,11,2.784,13.217,0,10.066,0,aliphatic amine,5.728,3.547,79.879,T_shaped,1,2
gen_03826,6,-6.567,6.555,0,12,6.892,13.394,0,11.204,0,tetrahydronaphthyridine|2-aminopyridine,8.105,5.555,86.442,T_shaped,0,2
gen_03826,8,-6.499,6.276,0,12,7.260,13.607,0,11.377,0,tetrahydronaphthyridine|2-aminopyridine,7.979,5.508,14.494,parallel,0,2
gen_03828,3,-7.270,3.207,1,16,7.574,7.574,0,11.229,0,aliphatic amine,5.736,3.872,52.839,oblique,0,3
gen_03834,1,-7.082,7.079,0,19,5.946,11.320,0,8.476,0,aliphatic amine,9.955,8.268,89.119,T_shaped,0,2
gen_03834,2,-7.062,3.617,1,19,9.546,12.511,0,12.413,0,aliphatic amine,7.256,4.851,55.125,oblique,0,2
gen_03834,3,-7.060,3.705,1,19,9.537,12.505,0,12.385,0,aliphatic amine,7.273,4.851,54.581,oblique,0,2
gen_03834,4,-7.055,6.888,0,19,5.928,11.251,0,8.352,0,aliphatic amine,9.908,8.228,88.634,T_shaped,0,2
gen_03834,5,-7.017,6.896,0,19,5.967,11.232,0,8.265,0,aliphatic amine,9.925,8.240,88.726,T_shaped,0,2
gen_03834,6,-7.007,4.891,0,19,7.667,11.210,0,9.054,0,aliphatic amine,9.962,8.227,89.155,T_shaped,0,2
gen_03834,7,-6.959,4.644,0,19,7.716,11.075,0,9.144,0,aliphatic amine,9.970,8.248,89.891,T_shaped,0,2
gen_03834,8,-6.925,6.448,0,19,4.924,11.434,0,8.123,0,aliphatic amine,9.858,8.228,87.080,T_shaped,0,2
gen_03834,10,-6.881,6.978,0,19,6.162,11.317,0,7.924,0,aliphatic amine,9.864,8.206,87.923,T_shaped,0,2
gen_03834,11,-6.865,6.981,0,19,5.878,11.255,0,8.609,0,aliphatic amine,9.871,8.219,87.355,T_shaped,0,2
gen_03834,12,-6.861,3.637,1,19,9.295,12.337,0,11.986,0,aliphatic amine,7.411,4.981,55.066,oblique,0,2
gen_03834,13,-6.762,3.581,1,19,9.561,12.487,0,12.487,0,aliphatic amine,7.402,4.977,56.054,oblique,0,2
gen_03843,4,-6.600,3.560,1,18,8.612,11.097,0,inf,0,,7.494,5.126,83.862,T_shaped,0,3
gen_03843,16,-6.434,3.490,1,18,7.084,13.451,0,inf,0,,7.691,5.174,34.344,oblique,0,3
gen_03845,3,-7.960,3.289,1,21,6.976,7.441,0,10.977,0,aliphatic amine,7.416,4.988,41.159,oblique,0,3
gen_03851,2,-7.398,6.519,0,10,9.748,10.842,0,inf,0,,8.976,6.835,44.709,oblique,0,3
gen_03851,3,-7.326,6.588,0,10,9.301,10.689,0,inf,0,,9.188,7.116,47.115,oblique,0,3
gen_03851,4,-7.313,6.431,0,10,9.785,10.796,0,inf,0,,9.082,6.999,46.632,oblique,0,3
gen_03851,5,-7.299,6.571,0,10,9.882,10.816,0,inf,0,,9.089,6.979,45.436,oblique,0,3
gen_03852,1,-7.251,3.625,1,10,10.595,13.635,0,inf,0,,7.398,5.125,75.731,T_shaped,0,3
gen_03854,7,-6.307,3.763,1,5,9.904,13.096,0,inf,0,,7.084,4.811,65.212,T_shaped,0,4
gen_03855,1,-8.263,3.832,1,21,7.930,9.911,0,inf,0,,6.111,3.799,73.721,T_shaped,1,4
gen_03855,2,-8.067,3.842,1,21,7.534,10.515,0,inf,0,,6.045,3.653,62.953,T_shaped,1,4
gen_03855,4,-7.985,3.611,1,21,7.656,10.007,0,inf,0,,6.031,3.759,68.136,T_shaped,1,4
gen_03855,5,-7.963,6.564,0,21,2.718,11.856,0,inf,0,,6.321,3.901,76.255,T_shaped,1,4
gen_03855,6,-7.924,3.695,1,21,9.086,12.436,0,inf,0,,6.389,4.836,81.216,T_shaped,0,4
gen_03855,7,-7.905,5.333,0,21,2.798,11.594,0,inf,0,,6.244,3.778,83.873,T_shaped,1,4
gen_03855,9,-7.840,3.661,1,21,8.156,9.853,0,inf,0,,6.077,3.945,76.352,T_shaped,1,4
gen_03855,10,-7.830,3.578,1,21,7.600,9.985,0,inf,0,,6.029,3.748,68.824,T_shaped,1,4
gen_03855,11,-7.821,3.633,1,21,6.138,10.021,0,inf,0,,5.714,3.532,38.632,oblique,0,4
gen_03859,1,-6.949,3.644,1,17,8.186,13.008,0,inf,0,,6.054,3.461,46.000,oblique,0,3
gen_03859,2,-6.786,3.616,1,17,8.211,11.824,0,inf,0,,5.995,3.422,53.467,oblique,0,3
gen_03860,1,-6.828,6.882,0,11,5.135,9.340,0,inf,0,,5.904,3.678,86.937,T_shaped,1,2
gen_03861,1,-7.360,5.820,0,9,8.724,11.658,0,10.717,0,aliphatic amine,8.037,5.795,10.887,parallel,0,2
gen_03874,6,-7.095,3.569,1,21,7.594,11.124,0,11.124,0,aliphatic amine,5.943,4.427,48.667,oblique,0,3
gen_03877,1,-6.879,3.935,1,17,6.933,12.197,0,inf,0,,6.029,3.606,34.106,oblique,0,3
gen_03877,2,-6.873,3.813,1,17,6.925,12.254,0,inf,0,,6.038,3.607,34.336,oblique,0,3
gen_03877,3,-6.862,3.750,1,17,7.026,12.218,0,inf,0,,6.066,3.666,35.249,oblique,0,3
gen_03877,4,-6.849,3.935,1,17,6.972,12.204,0,inf,0,,6.083,3.698,33.506,oblique,0,3
gen_03887,3,-7.915,6.859,0,21,4.795,10.079,0,10.150,0,aliphatic amine,5.394,3.633,47.447,oblique,0,4
gen_03887,4,-7.899,6.817,0,21,4.758,10.211,0,10.124,0,aliphatic amine,5.343,3.590,45.551,oblique,0,4
gen_03887,5,-7.864,6.859,0,21,4.650,10.143,0,10.125,0,aliphatic amine,5.368,3.739,42.086,oblique,0,4
gen_03890,6,-7.170,3.535,1,18,9.295,13.472,0,inf,0,,8.063,5.679,54.323,oblique,0,4
gen_03891,1,-7.025,5.080,0,14,9.231,11.407,0,inf,0,,9.657,7.293,72.707,T_shaped,0,2
gen_03891,4,-6.859,4.507,0,14,9.624,11.859,0,inf,0,,9.975,7.449,67.609,T_shaped,0,2
gen_03899,2,-6.427,3.875,1,19,7.557,11.637,0,11.637,0,aliphatic amine,5.932,4.059,71.741,T_shaped,1,3
gen_03899,7,-6.324,3.921,1,19,7.260,11.194,0,11.194,0,aliphatic amine,5.961,4.148,68.643,T_shaped,1,3
gen_03899,8,-6.253,3.842,1,19,8.274,11.661,0,11.661,0,aliphatic amine,6.188,4.765,83.781,T_shaped,0,3
gen_03902,1,-7.344,6.335,0,18,7.146,11.978,0,inf,0,,8.081,5.823,81.144,T_shaped,0,2
gen_03902,2,-7.318,6.326,0,18,7.110,11.983,0,inf,0,,8.127,5.869,81.742,T_shaped,0,2
gen_03903,10,-7.176,4.134,1,9,9.587,13.319,0,inf,0,,7.845,5.558,64.798,T_shaped,0,3
gen_03905,4,-7.276,4.659,0,14,5.169,10.977,0,inf,0,,5.332,3.738,56.453,oblique,0,3
gen_03905,8,-7.120,5.535,0,14,4.763,11.117,0,inf,0,,5.392,3.638,60.373,T_shaped,1,3
gen_03908,7,-6.696,3.647,1,14,8.845,12.624,0,13.005,0,benzimidazol-2-amine,9.131,6.769,78.578,T_shaped,0,3
gen_03911,1,-7.372,3.545,1,16,10.263,13.362,0,12.120,0,aliphatic amine,5.650,4.324,49.298,oblique,0,2
gen_03911,2,-7.369,3.570,1,16,10.243,13.204,0,12.180,0,aliphatic amine,5.674,4.339,47.934,oblique,0,2
gen_03911,4,-7.285,3.588,1,16,10.272,13.912,0,12.323,0,aliphatic amine,5.815,4.435,46.260,oblique,0,2
gen_03911,10,-7.200,3.656,1,16,9.976,11.859,0,12.259,0,aliphatic amine,6.011,4.479,44.742,oblique,0,2
gen_03911,11,-7.200,3.622,1,16,8.119,10.959,0,10.869,0,aliphatic amine,7.791,5.530,68.569,T_shaped,0,2
gen_03911,12,-7.197,3.575,1,16,9.999,11.803,0,12.296,0,aliphatic amine,6.044,4.511,43.859,oblique,0,2
gen_03918,3,-6.792,4.229,1,17,8.387,10.575,0,inf,0,,7.517,5.128,64.986,T_shaped,0,4
gen_03921,1,-7.057,6.687,0,13,5.879,11.920,0,inf,0,,6.538,4.005,88.781,T_shaped,1,3
gen_03921,2,-7.049,6.621,0,13,5.799,11.930,0,inf,0,,6.480,3.947,88.512,T_shaped,1,3
gen_03922,3,-8.056,3.672,1,18,7.416,11.989,0,inf,0,,7.947,5.408,49.005,oblique,0,4
gen_03926,7,-6.603,3.739,1,12,9.835,13.677,0,inf,0,,8.373,6.362,55.597,oblique,0,3
gen_03932,1,-7.973,3.528,1,18,7.242,12.396,0,inf,0,,8.627,6.206,69.252,T_shaped,0,3
gen_03932,2,-7.942,3.508,1,18,7.193,12.250,0,inf,0,,8.580,6.148,58.846,oblique,0,3
gen_03932,3,-7.914,3.618,1,18,7.154,12.315,0,inf,0,,8.587,6.174,69.332,T_shaped,0,3
gen_03932,4,-7.894,3.517,1,18,7.188,12.132,0,inf,0,,8.598,6.176,70.583,T_shaped,0,3
gen_03937,2,-6.940,7.523,0,15,10.821,13.740,0,inf,0,,9.609,8.100,69.206,T_shaped,0,4
gen_03950,2,-7.688,6.595,0,15,2.530,6.025,0,6.025,0,tetrahydronaphthyridine|2-aminopyridine|aliphatic amine,5.622,3.718,60.459,T_shaped,1,2
gen_03950,8,-7.569,5.606,0,15,7.547,11.252,0,10.541,0,tetrahydronaphthyridine|2-aminopyridine|aliphatic amine,8.677,6.241,81.753,T_shaped,0,2
gen_03950,9,-7.504,6.546,0,15,2.339,5.935,0,5.935,0,tetrahydronaphthyridine|2-aminopyridine|aliphatic amine,5.643,3.732,66.326,T_shaped,1,2
gen_03950,10,-7.389,3.738,1,15,7.160,10.951,0,10.322,0,tetrahydronaphthyridine|2-aminopyridine|aliphatic amine,8.272,5.850,74.470,T_shaped,0,2
gen_03953,2,-6.924,3.685,1,16,10.193,13.413,0,inf,0,,8.866,6.432,41.054,oblique,0,3
gen_03953,3,-6.922,3.814,1,16,10.187,13.407,0,inf,0,,8.602,6.139,41.502,oblique,0,3
gen_03953,4,-6.888,3.736,1,16,10.346,11.786,0,inf,0,,8.601,6.117,47.186,oblique,0,3
gen_03953,5,-6.826,3.882,1,16,10.122,10.992,0,inf,0,,8.354,5.898,39.399,oblique,0,3
gen_03953,6,-6.810,3.552,1,16,11.056,13.605,0,inf,0,,8.789,6.392,39.885,oblique,0,3
gen_03953,7,-6.803,3.663,1,16,10.910,12.004,0,inf,0,,8.811,6.374,38.694,oblique,0,3
gen_03953,8,-6.747,3.779,1,16,10.317,10.871,0,inf,0,,7.670,5.310,26.954,parallel,0,3
gen_03953,9,-6.675,3.693,1,16,11.027,12.089,0,inf,0,,8.449,6.003,41.684,oblique,0,3
gen_03953,10,-6.657,3.751,1,16,10.510,11.324,0,inf,0,,8.719,6.275,33.977,oblique,0,3
gen_03954,4,-7.155,3.912,1,16,11.151,13.636,0,inf,0,,8.693,6.331,42.160,oblique,0,3
gen_03966,1,-8.401,4.050,1,13,7.820,13.813,0,inf,0,,6.089,3.888,64.593,T_shaped,1,5
gen_03969,5,-6.944,3.954,1,18,9.612,13.164,0,inf,0,,8.695,6.429,54.333,oblique,0,1
gen_03971,2,-8.223,3.317,1,21,10.219,13.202,0,inf,0,,6.766,4.658,73.499,T_shaped,0,4
gen_03973,5,-7.888,3.663,1,20,8.302,11.220,0,10.705,0,aliphatic amine,7.076,5.191,68.754,T_shaped,0,4
gen_03973,6,-7.838,3.737,1,20,8.329,11.272,0,10.771,0,aliphatic amine,7.096,5.238,69.897,T_shaped,0,4
gen_03973,7,-7.645,3.656,1,20,8.398,11.052,0,10.625,0,aliphatic amine,7.094,5.215,69.211,T_shaped,0,4
gen_03981,1,-6.073,5.052,0,13,9.530,10.758,0,10.758,0,aliphatic amine,9.162,6.536,47.708,oblique,0,1
gen_03981,7,-5.887,4.078,1,13,7.564,9.394,0,9.394,0,aliphatic amine,7.701,5.249,66.475,T_shaped,0,1
gen_03981,12,-5.732,3.646,1,13,9.625,9.625,0,13.917,0,aliphatic amine,10.300,8.694,63.932,T_shaped,0,1
gen_03987,1,-7.602,3.527,1,20,7.943,11.480,0,inf,0,,5.555,4.014,87.216,T_shaped,1,4
gen_03987,2,-7.599,3.550,1,20,8.035,11.520,0,inf,0,,5.688,4.052,86.132,T_shaped,1,4
gen_03987,5,-7.520,3.563,1,20,7.816,11.447,0,inf,0,,5.608,4.099,84.888,T_shaped,1,4
gen_03987,7,-7.401,3.458,1,20,7.945,11.338,0,inf,0,,9.091,6.734,49.732,oblique,0,4
gen_03987,12,-7.225,3.757,1,20,7.934,11.501,0,inf,0,,5.800,4.187,88.630,T_shaped,1,4
gen_04007,1,-8.029,5.214,0,17,3.588,13.468,0,inf,0,,4.312,3.536,39.230,oblique,0,4
gen_04007,2,-8.013,5.227,0,17,3.585,13.456,0,inf,0,,4.332,3.542,39.361,oblique,0,4
gen_04007,3,-7.988,5.281,0,17,3.599,13.451,0,inf,0,,4.323,3.554,38.877,oblique,0,4
gen_04007,4,-7.978,5.242,0,17,3.594,13.459,0,inf,0,,4.312,3.544,38.823,oblique,0,4
gen_04010,3,-7.347,3.637,1,19,9.318,10.903,0,inf,0,,9.761,7.908,85.235,T_shaped,0,3
gen_04012,5,-7.907,3.516,1,20,8.869,13.790,0,inf,0,,7.606,5.062,43.041,oblique,0,4
gen_04026,12,-6.707,3.924,1,16,5.877,9.171,0,inf,0,,7.889,5.815,64.209,T_shaped,0,4
gen_04027,1,-8.558,3.419,1,13,10.350,11.546,0,inf,0,,9.659,7.274,39.902,oblique,0,3
gen_04029,7,-7.121,3.007,1,16,10.692,13.567,0,inf,0,,8.244,6.236,78.556,T_shaped,0,2
gen_04030,1,-7.364,3.785,1,16,8.971,13.611,0,inf,0,,7.162,5.522,36.329,oblique,0,3
gen_04033,6,-5.999,3.606,1,19,8.967,10.597,0,inf,0,,7.773,5.755,76.747,T_shaped,0,3
gen_04033,14,-5.768,4.035,1,19,9.218,10.992,0,inf,0,,9.430,6.807,43.660,oblique,0,3
gen_04047,1,-8.647,6.316,0,18,2.895,10.198,0,inf,0,,5.522,3.557,73.385,T_shaped,1,4
gen_04049,1,-7.512,7.139,0,9,5.873,11.663,0,inf,0,,6.402,4.278,86.646,T_shaped,1,3
gen_04051,1,-7.772,4.267,1,17,7.560,11.862,0,inf,0,,6.412,3.939,7.294,parallel,1,4
gen_04063,6,-7.084,4.548,0,19,2.270,7.282,0,inf,0,,3.952,3.575,12.003,parallel,1,4
gen_04065,3,-7.024,4.134,1,13,7.293,13.185,0,inf,0,,7.540,5.255,63.543,T_shaped,0,3
gen_04065,4,-7.006,3.687,1,13,7.291,13.001,0,inf,0,,6.168,4.093,75.067,T_shaped,1,3
gen_04065,5,-6.988,3.863,1,13,7.291,13.161,0,inf,0,,7.584,5.367,62.624,T_shaped,0,3
gen_04066,6,-7.994,6.043,0,12,10.117,13.630,0,inf,0,,9.514,7.990,74.470,T_shaped,0,4
gen_04075,9,-6.319,3.445,1,13,9.540,13.680,0,11.558,0,aliphatic amine,8.558,6.021,69.324,T_shaped,0,2
gen_04079,2,-6.668,3.622,1,11,9.657,10.992,0,inf,0,,9.268,7.100,78.603,T_shaped,0,2
gen_04079,3,-6.619,3.700,1,11,8.838,10.173,0,inf,0,,9.325,7.178,80.283,T_shaped,0,2
gen_04080,4,-7.570,6.710,0,18,2.370,11.303,0,inf,0,,3.896,3.540,7.523,parallel,1,3
gen_04080,6,-7.509,6.871,0,18,2.001,11.380,0,inf,0,,3.711,3.446,11.339,parallel,1,3
gen_04080,7,-7.496,6.729,0,18,2.344,11.206,0,inf,0,,3.905,3.533,9.136,parallel,1,3
gen_04080,8,-7.450,6.863,0,18,2.014,11.320,0,inf,0,,3.708,3.461,10.204,parallel,1,3
gen_04082,4,-6.250,3.709,1,13,6.895,9.643,0,11.810,0,aliphatic amine,6.318,3.802,57.935,oblique,0,3
gen_04082,5,-6.230,3.697,1,13,6.993,9.663,0,11.745,0,aliphatic amine,6.334,3.821,57.924,oblique,0,3
gen_04084,1,-7.663,3.816,1,13,7.136,10.313,0,inf,0,,7.816,5.619,86.833,T_shaped,0,3
gen_04084,2,-7.636,7.876,0,13,10.002,11.096,0,inf,0,,9.139,7.079,47.210,oblique,0,3
gen_04095,1,-6.279,3.736,1,13,9.369,11.031,0,11.292,0,aliphatic amine,8.916,6.580,44.258,oblique,0,2
gen_04095,2,-6.256,3.728,1,13,9.372,11.010,0,11.231,0,aliphatic amine,8.929,6.610,45.677,oblique,0,2
gen_04095,3,-6.214,3.754,1,13,9.417,11.048,0,11.195,0,aliphatic amine,8.879,6.533,45.056,oblique,0,2
gen_04095,4,-6.196,3.716,1,13,9.489,11.033,0,11.376,0,aliphatic amine,8.855,6.540,46.304,oblique,0,2
gen_04095,5,-6.052,3.760,1,13,9.482,10.945,0,11.305,0,aliphatic amine,8.862,6.490,41.834,oblique,0,2
gen_04095,6,-6.044,3.733,1,13,9.574,10.997,0,11.423,0,aliphatic amine,8.952,6.616,44.696,oblique,0,2
gen_04095,7,-6.042,3.735,1,13,9.670,11.028,0,11.586,0,aliphatic amine,8.935,6.622,44.352,oblique,0,2
gen_04098,3,-6.459,3.690,1,13,9.168,13.618,0,11.023,0,aliphatic amine,6.820,4.389,43.701,oblique,0,2
gen_04099,1,-6.792,3.577,1,12,8.054,13.003,0,inf,0,,7.231,4.739,59.220,oblique,0,3
gen_04099,2,-6.660,3.716,1,12,9.060,12.818,0,inf,0,,7.041,4.613,48.908,oblique,0,3
gen_04099,5,-6.612,3.615,1,12,7.846,12.634,0,inf,0,,6.838,4.399,52.048,oblique,0,3
gen_04100,1,-6.475,3.794,1,16,6.171,11.116,0,inf,0,,6.278,4.068,51.384,oblique,0,3
gen_04100,2,-6.458,3.784,1,16,6.118,11.122,0,inf,0,,6.243,4.022,51.258,oblique,0,3
gen_04103,2,-6.025,4.093,1,9,8.901,12.833,0,inf,0,,9.516,7.259,73.357,T_shaped,0,1
gen_04103,5,-5.963,4.180,1,9,9.101,12.846,0,inf,0,,9.521,7.245,69.469,T_shaped,0,1
gen_04109,1,-8.255,6.564,0,23,2.535,11.134,0,inf,0,,3.742,3.471,9.178,parallel,1,4
gen_04109,2,-8.244,6.568,0,23,2.530,11.125,0,inf,0,,3.764,3.492,9.257,parallel,1,4
gen_04109,3,-8.212,6.406,0,23,2.562,11.105,0,inf,0,,3.770,3.482,9.527,parallel,1,4
gen_04111,1,-7.087,5.226,0,10,8.392,9.179,0,10.380,0,tetrahydronaphthyridine|2-aminopyridine|aliphatic amine,6.531,5.181,64.589,T_shaped,0,3
gen_04111,2,-7.011,5.204,0,10,8.403,11.375,0,10.332,0,tetrahydronaphthyridine|2-aminopyridine|aliphatic amine,6.492,5.176,65.216,T_shaped,0,3
gen_04111,3,-7.007,4.464,1,10,8.345,11.608,0,10.424,0,tetrahydronaphthyridine|2-aminopyridine|aliphatic amine,6.711,5.354,80.662,T_shaped,0,3
gen_04114,4,-7.519,3.659,1,16,9.303,13.749,0,13.280,0,aliphatic amine,6.160,3.996,48.894,oblique,0,2
gen_04121,3,-7.211,3.211,1,14,7.959,13.886,0,inf,0,,7.808,5.516,14.777,parallel,0,3
gen_04122,1,-6.564,6.286,0,16,2.751,11.424,0,9.724,0,2-aminopyridine,3.956,3.449,21.630,parallel,1,2
gen_04122,3,-6.486,6.667,0,16,2.549,11.623,0,9.467,0,2-aminopyridine,4.001,3.478,21.882,parallel,1,2
gen_04122,4,-6.484,6.568,0,16,2.936,11.415,0,9.178,0,2-aminopyridine,3.893,3.403,21.228,parallel,1,2
gen_04122,5,-6.478,6.583,0,16,2.832,11.440,0,9.226,0,2-aminopyridine,3.934,3.436,21.372,parallel,1,2
gen_04122,6,-6.451,6.682,0,16,2.930,11.450,0,9.216,0,2-aminopyridine,3.913,3.422,21.201,parallel,1,2
gen_04122,7,-6.430,3.731,1,16,2.217,10.700,0,8.784,0,2-aminopyridine,3.827,3.596,7.226,parallel,1,2
gen_04122,9,-6.385,5.573,0,16,2.223,10.663,0,8.789,0,2-aminopyridine,3.783,3.564,6.522,parallel,1,2
gen_04122,12,-6.268,6.598,0,16,2.366,10.594,0,9.235,0,2-aminopyridine,4.087,3.440,26.712,parallel,1,2
gen_04122,14,-6.213,6.539,0,16,2.599,10.584,0,9.335,0,2-aminopyridine,4.824,3.575,49.616,oblique,0,2
gen_04126,1,-6.978,5.642,0,12,7.409,11.764,0,inf,0,,6.032,3.667,86.810,T_shaped,1,3
gen_04126,3,-6.831,5.766,0,12,8.120,11.702,0,inf,0,,6.296,3.905,77.255,T_shaped,1,3
gen_04143,3,-6.960,6.019,0,12,4.790,11.477,0,inf,0,,5.839,3.552,61.810,T_shaped,1,2
gen_04146,4,-7.631,3.643,1,16,8.451,12.311,0,inf,0,,8.592,6.202,77.715,T_shaped,0,3
gen_04146,5,-7.580,3.762,1,16,8.326,12.291,0,inf,0,,8.371,6.031,79.228,T_shaped,0,3
gen_04160,7,-6.420,7.527,0,15,4.187,11.494,0,9.405,0,aliphatic amine,10.384,8.294,82.828,T_shaped,0,1
gen_04164,1,-7.655,3.486,1,18,9.649,11.759,0,11.759,0,aliphatic amine,7.064,4.607,56.894,oblique,0,4
gen_04164,3,-7.632,3.489,1,18,9.653,11.751,0,11.751,0,aliphatic amine,7.077,4.620,57.965,oblique,0,4
gen_04168,5,-7.396,4.184,1,18,10.063,13.505,0,inf,0,,7.743,5.543,86.086,T_shaped,0,4
gen_04169,1,-6.661,6.527,0,15,5.675,11.150,0,inf,0,,5.507,3.437,11.789,parallel,1,2
gen_04169,2,-6.608,6.525,0,15,5.720,11.117,0,inf,0,,5.501,3.411,11.056,parallel,1,2
gen_04170,2,-7.023,3.535,1,11,10.042,13.528,0,inf,0,,8.665,6.194,41.529,oblique,0,3
gen_04170,5,-6.685,3.744,1,11,9.861,13.725,0,inf,0,,6.852,4.560,63.433,T_shaped,0,3
gen_04187,5,-6.611,4.013,1,14,9.346,10.839,0,inf,0,,10.109,8.392,57.787,oblique,0,1
gen_04187,7,-6.588,4.024,1,14,9.447,10.727,0,inf,0,,10.226,8.598,59.620,oblique,0,1
gen_04187,8,-6.577,3.714,1,14,9.377,10.634,0,inf,0,,10.193,8.622,61.441,T_shaped,0,1
gen_04187,11,-6.483,3.747,1,14,9.183,9.183,0,inf,0,,10.157,8.628,61.751,T_shaped,0,1
gen_04189,5,-7.149,3.602,1,17,9.206,11.074,0,12.678,0,aliphatic amine,9.296,7.072,77.750,T_shaped,0,2
gen_04189,7,-7.128,3.682,1,17,10.148,11.049,0,12.748,0,aliphatic amine,9.266,7.212,67.335,T_shaped,0,2
gen_04189,9,-7.095,3.699,1,17,9.241,11.047,0,12.586,0,aliphatic amine,9.051,6.918,70.191,T_shaped,0,2
gen_04189,10,-7.089,3.661,1,17,10.548,10.752,0,12.684,0,aliphatic amine,9.259,7.194,63.551,T_shaped,0,2
gen_04189,12,-7.063,3.675,1,17,9.234,10.944,0,12.906,0,aliphatic amine,8.983,6.859,72.940,T_shaped,0,2
gen_04189,14,-6.911,3.527,1,17,9.885,9.978,0,9.978,0,aliphatic amine,9.109,6.989,21.517,parallel,0,2
gen_04190,1,-7.283,6.623,0,9,3.582,11.888,0,12.945,0,aliphatic amine,4.813,3.401,58.660,oblique,0,2
gen_04206,1,-6.366,4.588,0,17,8.653,10.388,0,10.388,0,aliphatic amine,6.943,5.095,67.889,T_shaped,0,3
gen_04206,3,-6.286,6.137,0,17,5.167,11.155,0,11.155,0,aliphatic amine,5.601,4.491,51.769,oblique,0,3
gen_04206,4,-6.250,6.628,0,17,4.809,11.273,0,11.273,0,aliphatic amine,5.435,4.206,50.392,oblique,0,3
gen_04215,1,-7.885,3.638,1,19,6.847,12.491,0,inf,0,,8.016,5.337,61.740,T_shaped,0,3
gen_04215,2,-7.825,3.720,1,19,7.793,10.869,0,inf,0,,8.627,6.073,75.805,T_shaped,0,3
gen_04215,11,-7.589,3.626,1,19,8.894,13.483,0,inf,0,,8.493,6.307,79.719,T_shaped,0,3
gen_04216,1,-7.885,3.533,1,17,10.874,12.850,0,inf,0,,8.907,6.722,77.303,T_shaped,0,3
gen_04216,2,-7.837,3.588,1,17,10.245,13.471,0,inf,0,,8.979,6.884,73.698,T_shaped,0,3
gen_04216,3,-7.698,3.591,1,17,11.003,13.531,0,inf,0,,7.944,5.747,87.315,T_shaped,0,3
gen_04216,5,-7.661,3.597,1,17,10.896,13.362,0,inf,0,,8.968,6.846,74.734,T_shaped,0,3
gen_04217,8,-7.666,5.617,0,18,2.296,13.105,0,inf,0,,3.835,3.407,16.849,parallel,1,5
gen_04217,9,-7.578,3.949,1,18,2.376,13.106,0,inf,0,,3.951,3.423,22.311,parallel,1,5
gen_04224,5,-6.304,3.639,1,11,9.757,13.548,0,inf,0,,8.189,5.955,49.832,oblique,0,3
gen_04224,7,-6.277,3.664,1,11,9.630,13.633,0,inf,0,,8.409,6.257,52.546,oblique,0,3
gen_04224,9,-6.260,3.633,1,11,9.744,13.509,0,inf,0,,7.817,5.555,46.790,oblique,0,3
gen_04228,2,-6.815,3.613,1,16,8.522,10.312,0,10.312,0,aliphatic amine,6.830,4.995,81.079,T_shaped,0,3
gen_04228,3,-6.815,3.706,1,16,8.821,12.009,0,12.009,0,aliphatic amine,9.087,6.876,83.595,T_shaped,0,3
gen_04228,4,-6.807,3.736,1,16,8.841,11.986,0,11.986,0,aliphatic amine,9.133,6.940,84.599,T_shaped,0,3
gen_04228,7,-6.745,3.697,1,16,6.600,13.638,0,13.715,0,aliphatic amine,6.408,4.334,64.576,T_shaped,1,3
gen_04228,11,-6.608,3.711,1,16,8.881,11.511,0,11.511,0,aliphatic amine,9.609,7.183,58.951,oblique,0,3
gen_04231,5,-7.298,3.930,1,9,7.200,11.773,0,11.773,0,aliphatic amine,8.863,6.505,72.940,T_shaped,0,3
gen_04231,6,-7.293,3.885,1,9,7.176,11.748,0,11.748,0,aliphatic amine,8.867,6.507,73.572,T_shaped,0,3
gen_04237,1,-7.574,6.301,0,19,9.865,12.170,0,inf,0,,9.676,7.806,81.610,T_shaped,0,3
gen_04237,2,-7.544,6.335,0,19,10.016,12.240,0,inf,0,,9.556,7.802,78.386,T_shaped,0,3
gen_04237,3,-7.461,5.076,0,19,6.809,11.419,0,inf,0,,5.888,3.345,31.620,oblique,0,3
gen_04238,1,-6.616,5.868,0,13,7.488,10.994,0,10.994,0,aliphatic amine,9.095,6.851,53.551,oblique,0,2
gen_04238,2,-6.437,3.644,1,13,7.389,13.071,0,13.071,0,aliphatic amine,7.229,4.786,76.482,T_shaped,0,2
gen_04238,3,-6.433,3.602,1,13,7.394,13.136,0,13.136,0,aliphatic amine,7.322,4.820,73.920,T_shaped,0,2
gen_04238,5,-6.420,3.624,1,13,7.324,12.999,0,12.999,0,aliphatic amine,7.081,4.549,68.762,T_shaped,0,2
gen_04238,6,-6.396,3.621,1,13,7.390,13.195,0,13.195,0,aliphatic amine,7.483,5.020,74.063,T_shaped,0,2
gen_04238,7,-6.393,3.676,1,13,7.357,13.053,0,13.053,0,aliphatic amine,7.160,4.732,74.082,T_shaped,0,2
gen_04238,8,-6.393,3.661,1,13,7.382,13.038,0,13.038,0,aliphatic amine,6.993,4.460,74.129,T_shaped,1,2
gen_04238,9,-6.390,3.725,1,13,7.333,12.979,0,12.979,0,aliphatic amine,7.163,4.631,65.285,T_shaped,0,2
gen_04238,10,-6.351,3.653,1,13,7.447,13.234,0,13.234,0,aliphatic amine,7.625,5.242,76.683,T_shaped,0,2
gen_04241,2,-6.477,3.555,1,20,9.433,13.498,0,inf,0,,6.388,4.229,52.383,oblique,0,3
gen_04241,5,-6.404,3.508,1,20,9.393,13.416,0,inf,0,,6.415,4.316,55.969,oblique,0,3
gen_04241,7,-6.381,3.611,1,20,9.602,13.373,0,inf,0,,6.480,5.007,71.777,T_shaped,0,3
gen_04241,10,-6.293,3.664,1,20,9.193,13.414,0,inf,0,,6.306,4.191,54.100,oblique,0,3
gen_04258,3,-7.245,3.434,1,16,9.584,12.824,0,inf,0,,6.615,4.283,15.228,parallel,1,3
gen_04263,9,-6.610,3.292,1,13,10.040,13.542,0,inf,0,,6.533,4.417,76.289,T_shaped,1,3
gen_04266,8,-6.846,3.532,1,14,7.732,13.637,0,inf,0,,6.497,3.981,78.716,T_shaped,1,3
gen_04272,1,-7.479,3.710,1,15,9.128,13.450,0,inf,0,,6.688,4.328,50.677,oblique,0,4
gen_04276,15,-6.547,3.251,1,18,9.689,13.342,0,inf,0,,5.882,4.533,61.136,T_shaped,0,3
gen_04277,1,-7.062,6.249,0,13,5.450,10.737,0,inf,0,,7.140,5.036,26.248,parallel,0,3
gen_04277,4,-7.049,6.203,0,13,5.440,10.730,0,inf,0,,7.046,4.924,25.784,parallel,0,3
gen_04281,1,-8.193,3.624,1,20,3.112,12.097,0,inf,0,,5.610,3.674,73.798,T_shaped,1,4
gen_04281,2,-8.187,3.614,1,20,3.129,12.095,0,inf,0,,5.592,3.657,73.437,T_shaped,1,4
gen_04281,3,-8.105,3.643,1,20,3.178,12.115,0,inf,0,,5.537,3.607,74.109,T_shaped,1,4
gen_04281,4,-8.053,3.794,1,20,3.129,12.104,0,inf,0,,5.605,3.674,73.962,T_shaped,1,4
gen_04283,5,-7.174,3.336,1,24,8.951,13.576,0,inf,0,,7.725,5.569,46.425,oblique,0,3
gen_04283,6,-7.115,5.134,0,24,6.012,12.047,0,inf,0,,4.903,3.554,42.315,oblique,0,3
gen_04283,7,-7.106,5.455,0,24,6.349,11.881,0,inf,0,,6.934,4.348,23.834,parallel,1,3
gen_04285,3,-6.226,5.050,0,15,2.693,12.059,0,inf,0,,5.897,3.467,71.579,T_shaped,1,3
gen_04293,1,-7.996,3.519,1,19,8.455,13.180,0,9.835,0,aliphatic amine,6.087,4.467,66.134,T_shaped,1,2
gen_04293,2,-7.993,3.457,1,19,8.464,13.202,0,9.836,0,aliphatic amine,6.116,4.504,67.262,T_shaped,0,2
gen_04296,1,-7.752,3.724,1,16,9.235,10.787,0,inf,0,,6.508,4.284,52.702,oblique,0,3
gen_04296,2,-7.677,3.714,1,16,9.211,10.804,0,inf,0,,6.452,4.281,52.315,oblique,0,3
gen_04296,3,-7.672,3.745,1,16,9.225,10.801,0,inf,0,,6.589,4.401,53.600,oblique,0,3
gen_04296,4,-7.650,3.671,1,16,9.232,10.819,0,inf,0,,6.545,4.362,53.171,oblique,0,3
gen_04296,5,-7.648,3.729,1,16,9.181,10.852,0,inf,0,,6.629,4.381,53.558,oblique,0,3
gen_04297,2,-7.671,4.019,1,18,8.274,13.401,0,inf,0,,6.960,4.385,58.263,oblique,0,2
gen_04297,3,-7.671,4.062,1,18,8.261,13.401,0,inf,0,,6.952,4.375,57.829,oblique,0,2
gen_04305,4,-6.814,6.810,0,15,6.936,10.992,0,inf,0,,5.795,4.169,33.231,oblique,0,3
gen_04316,14,-6.638,3.310,1,16,9.142,13.576,0,inf,0,,6.622,4.339,46.956,oblique,0,4
gen_04317,1,-8.592,3.616,1,15,9.674,10.996,0,inf,0,,7.513,5.244,85.533,T_shaped,0,3
gen_04317,2,-8.414,3.630,1,15,9.124,11.182,0,inf,0,,7.632,5.317,88.150,T_shaped,0,3
gen_04318,1,-7.057,3.474,1,18,9.491,13.595,0,inf,0,,7.237,4.862,78.965,T_shaped,0,3
gen_04318,2,-7.046,3.602,1,18,9.835,11.480,0,inf,0,,7.588,5.186,77.022,T_shaped,0,3
gen_04318,3,-7.023,3.586,1,18,9.489,11.476,0,inf,0,,7.231,4.841,76.605,T_shaped,0,3
gen_04322,4,-6.776,3.480,1,12,11.046,13.410,0,inf,0,,9.339,7.522,76.432,T_shaped,0,3
gen_04331,4,-6.491,6.451,0,15,7.422,12.590,0,inf,0,,6.199,3.646,31.404,oblique,0,4
gen_04336,10,-7.139,4.880,0,21,6.691,10.828,0,13.468,0,aliphatic amine,6.551,4.957,66.815,T_shaped,0,4
gen_04340,1,-7.977,6.402,0,14,3.002,11.727,0,11.727,0,aliphatic amine,5.970,4.180,80.785,T_shaped,1,4
gen_04340,2,-7.963,6.367,0,14,2.969,11.697,0,11.697,0,aliphatic amine,5.975,4.210,84.339,T_shaped,1,4
gen_04340,3,-7.808,6.338,0,14,5.244,11.915,0,11.915,0,aliphatic amine,6.104,3.732,76.784,T_shaped,1,4
gen_04343,1,-7.468,3.589,1,18,2.261,10.359,0,inf,0,,3.762,3.573,7.280,parallel,1,3
gen_04343,2,-7.462,3.639,1,18,2.235,10.586,0,inf,0,,3.801,3.599,9.348,parallel,1,3
gen_04343,3,-7.444,3.604,1,18,2.359,10.780,0,inf,0,,3.849,3.554,5.707,parallel,1,3
gen_04343,4,-7.137,4.101,1,18,2.287,10.405,0,inf,0,,3.786,3.622,3.339,parallel,1,3
gen_04343,5,-7.135,3.563,1,18,2.264,10.725,0,inf,0,,3.843,3.593,10.835,parallel,1,3
gen_04343,6,-7.095,3.786,1,18,2.114,10.512,0,inf,0,,3.792,3.585,9.627,parallel,1,3
gen_04343,7,-7.090,3.709,1,18,2.237,10.708,0,inf,0,,3.859,3.613,10.694,parallel,1,3
gen_04343,8,-7.077,3.694,1,18,2.395,10.837,0,inf,0,,3.833,3.517,5.585,parallel,1,3
gen_04343,10,-7.023,3.760,1,18,2.294,10.757,0,inf,0,,3.825,3.541,4.500,parallel,1,3
gen_04343,11,-7.020,3.801,1,18,2.290,10.757,0,inf,0,,3.837,3.557,5.961,parallel,1,3
gen_04343,12,-6.997,3.756,1,18,2.208,9.724,0,inf,0,,3.677,3.554,1.613,parallel,1,3
gen_04344,5,-6.913,3.512,1,13,8.858,11.026,0,11.341,0,aliphatic amine,8.985,6.931,55.926,oblique,0,1
gen_04344,6,-6.890,3.687,1,13,8.884,11.109,0,11.339,0,aliphatic amine,8.960,6.864,60.507,T_shaped,0,1
gen_04344,7,-6.841,3.734,1,13,10.072,11.344,0,11.344,0,aliphatic amine,6.998,4.648,88.797,T_shaped,0,1
gen_04350,2,-7.169,3.713,1,17,6.815,10.586,0,inf,0,,7.649,5.311,63.323,T_shaped,0,3
gen_04350,3,-7.166,3.564,1,17,6.879,10.572,0,inf,0,,7.854,5.538,63.389,T_shaped,0,3
gen_04350,5,-7.122,4.990,0,17,5.209,10.763,0,inf,0,,5.224,3.612,54.972,oblique,0,3
gen_04350,6,-7.088,3.679,1,17,8.322,12.204,0,inf,0,,7.083,4.784,71.341,T_shaped,0,3
gen_04350,7,-7.085,3.683,1,17,8.305,12.176,0,inf,0,,7.044,4.774,70.790,T_shaped,0,3
gen_04350,8,-6.873,3.588,1,17,8.918,12.430,0,inf,0,,7.554,5.302,63.925,T_shaped,0,3
gen_04351,1,-7.230,3.592,1,11,8.640,10.648,0,9.279,0,2-aminoazole,7.310,4.888,39.402,oblique,0,3
gen_04351,2,-7.218,3.635,1,11,8.687,10.608,0,9.280,0,2-aminoazole,7.320,4.877,38.960,oblique,0,3
gen_04351,3,-7.216,3.632,1,11,11.133,12.050,0,11.770,0,2-aminoazole,8.836,6.455,52.763,oblique,0,3
gen_04351,5,-7.156,3.675,1,11,8.368,10.816,0,9.236,0,2-aminoazole,7.121,4.641,31.525,oblique,0,3
gen_04351,6,-7.130,3.621,1,11,8.682,10.522,0,9.225,0,2-aminoazole,6.259,3.997,40.608,oblique,0,3
gen_04351,7,-7.116,3.619,1,11,10.936,11.894,0,11.653,0,2-aminoazole,8.726,6.349,54.008,oblique,0,3
gen_04351,15,-6.979,3.579,1,11,9.367,10.577,0,9.677,0,2-aminoazole,7.410,4.968,38.378,oblique,0,3
gen_04357,1,-8.208,3.556,1,20,7.169,11.940,0,inf,0,,5.666,4.296,37.182,oblique,0,4
gen_04357,2,-8.208,3.579,1,20,7.172,11.940,0,inf,0,,5.669,4.284,36.666,oblique,0,4
gen_04364,3,-7.532,3.744,1,14,10.123,12.660,0,12.660,0,tetrahydronaphthyridine|2-aminopyridine,9.445,7.290,82.833,T_shaped,0,2
gen_04391,4,-6.004,5.730,0,9,9.675,12.741,0,inf,0,,8.437,6.576,72.629,T_shaped,0,2
gen_04393,3,-8.044,3.578,1,20,8.221,9.480,0,10.266,0,aliphatic amine,6.884,4.483,53.720,oblique,0,4
gen_04396,2,-6.833,3.662,1,13,9.390,10.963,0,inf,0,,6.089,4.061,37.645,oblique,0,3
gen_04396,3,-6.826,3.625,1,13,9.357,10.912,0,inf,0,,6.070,4.068,36.455,oblique,0,3
gen_04396,6,-6.789,3.585,1,13,9.296,10.905,0,inf,0,,5.593,3.892,60.356,T_shaped,1,3
gen_04396,7,-6.757,3.608,1,13,9.436,11.039,0,inf,0,,5.861,4.059,64.514,T_shaped,1,3
gen_04396,8,-6.648,3.633,1,13,9.758,11.065,0,inf,0,,6.955,4.528,39.261,oblique,0,3
gen_04400,1,-7.018,6.453,0,14,4.247,12.695,0,inf,0,,5.925,3.549,85.913,T_shaped,1,3
gen_04400,2,-6.979,6.451,0,14,4.445,13.729,0,inf,0,,6.101,3.659,82.173,T_shaped,1,3
gen_04405,7,-7.206,3.423,1,15,9.855,13.530,0,inf,0,,7.345,5.421,80.674,T_shaped,0,3
gen_04418,1,-6.953,6.330,0,15,4.592,11.315,0,11.315,0,aliphatic amine,5.409,3.640,53.406,oblique,0,4
gen_04418,2,-6.952,6.262,0,15,4.675,10.543,0,11.251,0,aliphatic amine,5.321,3.580,51.640,oblique,0,4
gen_04418,3,-6.900,6.327,0,15,4.483,10.620,0,11.270,0,aliphatic amine,5.388,3.652,51.530,oblique,0,4
gen_04418,5,-6.885,6.478,0,15,4.509,10.631,0,11.232,0,aliphatic amine,5.443,3.599,56.282,oblique,0,4
gen_04418,8,-6.825,4.105,1,15,8.665,9.169,0,12.985,0,aliphatic amine,6.631,5.246,74.882,T_shaped,0,4
gen_04418,9,-6.806,4.290,1,15,7.280,10.475,0,12.665,0,aliphatic amine,6.697,5.164,75.181,T_shaped,0,4
gen_04418,11,-6.781,4.253,1,15,8.364,8.940,0,12.722,0,aliphatic amine,6.685,5.205,77.968,T_shaped,0,4
gen_04420,4,-7.373,6.133,0,16,8.861,13.626,0,inf,0,,8.512,7.203,61.727,T_shaped,0,4
gen_04425,5,-7.137,3.642,1,9,10.681,13.375,0,inf,0,,8.024,5.961,77.545,T_shaped,0,3
gen_04427,1,-8.119,3.687,1,24,6.446,10.704,0,9.444,0,tetrahydronaphthyridine|2-aminopyridine,6.072,3.752,77.946,T_shaped,1,4
gen_04430,4,-6.606,3.598,1,19,9.342,10.463,0,10.021,0,tetrahydronaphthyridine|2-aminopyridine,5.964,4.336,83.393,T_shaped,1,3
gen_04432,2,-7.340,6.079,0,13,5.836,9.565,0,inf,0,,5.173,3.784,40.474,oblique,0,3
gen_04442,9,-6.490,3.618,1,17,7.317,13.322,0,inf,0,,7.589,5.167,58.277,oblique,0,3
gen_04457,1,-7.650,3.400,1,19,4.803,13.193,0,inf,0,,4.768,3.375,27.170,parallel,1,3
gen_04461,5,-6.227,5.210,0,19,7.759,13.576,0,inf,0,,7.115,4.873,88.947,T_shaped,0,2
gen_04461,6,-6.171,5.498,0,19,7.659,13.652,0,inf,0,,7.239,4.972,85.635,T_shaped,0,2
gen_04481,1,-7.987,3.636,1,16,6.738,9.146,0,inf,0,,6.700,4.307,13.424,parallel,1,4
gen_04481,2,-7.955,3.587,1,16,6.736,9.153,0,inf,0,,6.702,4.309,13.805,parallel,1,4
gen_04481,3,-7.939,3.606,1,16,6.527,9.203,0,inf,0,,6.864,4.650,87.849,T_shaped,0,4
gen_04484,1,-6.785,6.299,0,11,7.172,11.909,0,10.427,0,aliphatic amine,10.737,8.580,50.764,oblique,0,1
gen_04484,2,-6.634,6.303,0,11,7.178,10.094,0,10.393,0,aliphatic amine,10.755,8.602,50.472,oblique,0,1
gen_04488,9,-6.647,4.367,1,20,7.132,11.064,0,inf,0,,5.630,3.936,46.250,oblique,0,3
gen_04492,4,-7.257,3.932,1,15,9.457,11.633,0,inf,0,,7.385,4.845,43.650,oblique,0,3
gen_04496,1,-6.855,6.127,0,17,8.149,11.037,0,inf,0,,5.661,3.760,86.528,T_shaped,1,2
gen_04496,2,-6.827,6.078,0,17,8.160,11.036,0,inf,0,,5.670,3.768,86.402,T_shaped,1,2
gen_04496,3,-6.820,6.090,0,17,8.206,11.055,0,inf,0,,5.722,3.848,86.846,T_shaped,1,2
gen_04499,5,-7.284,6.329,0,18,6.600,11.348,0,10.616,0,aliphatic amine,5.966,3.918,78.261,T_shaped,1,2
gen_04499,7,-7.195,6.292,0,18,6.964,11.372,0,10.767,0,aliphatic amine,6.156,4.160,80.203,T_shaped,1,2
gen_04502,1,-6.474,5.456,0,12,8.314,11.288,0,inf,0,,6.485,4.363,59.425,oblique,0,2
gen_04502,2,-6.405,4.231,1,12,8.381,11.184,0,inf,0,,6.440,4.334,65.814,T_shaped,1,2
gen_04502,4,-6.378,4.083,1,12,7.997,10.978,0,inf,0,,6.357,4.173,61.399,T_shaped,1,2
gen_04502,5,-6.364,5.474,0,12,8.102,11.043,0,inf,0,,6.359,4.314,54.436,oblique,0,2
gen_04502,6,-6.328,3.944,1,12,6.952,9.809,0,inf,0,,5.970,4.027,47.472,oblique,0,2
gen_04502,7,-6.318,5.084,0,12,6.992,9.926,0,inf,0,,6.006,4.009,47.328,oblique,0,2
gen_04505,1,-7.730,6.429,0,17,8.377,13.387,0,inf,0,,10.123,8.378,78.703,T_shaped,0,3
gen_04505,4,-7.218,4.095,1,17,3.438,11.314,0,inf,0,,6.020,3.713,57.574,oblique,0,3
gen_04510,1,-6.759,3.384,1,13,9.137,13.479,0,inf,0,,6.691,4.640,25.947,parallel,0,2
gen_04510,2,-6.729,3.447,1,13,9.246,13.478,0,inf,0,,6.800,4.718,27.010,parallel,0,2
gen_04515,7,-6.918,3.414,1,21,6.272,13.662,0,inf,0,,5.771,3.528,42.690,oblique,0,4
gen_04530,7,-7.807,3.718,1,19,8.249,10.838,0,10.169,0,aliphatic amine,7.997,6.112,78.687,T_shaped,0,3
gen_04532,1,-6.194,7.143,0,3,9.788,11.057,0,11.781,0,2-aminopyridine,10.065,8.535,62.203,T_shaped,0,2
gen_04532,2,-6.155,7.739,0,3,8.778,10.770,0,10.342,0,2-aminopyridine,8.354,5.870,34.610,oblique,0,2
gen_04532,3,-6.155,7.565,0,3,8.484,9.888,0,9.888,0,2-aminopyridine,8.112,5.691,58.203,oblique,0,2
gen_04532,4,-6.140,7.288,0,3,8.663,9.984,0,9.984,0,2-aminopyridine,8.718,5.997,29.138,parallel,0,2
gen_04532,5,-6.063,7.574,0,3,8.735,9.310,0,10.546,0,2-aminopyridine,8.623,6.160,29.312,parallel,0,2
gen_04548,3,-7.912,3.347,1,18,8.964,13.533,0,inf,0,,7.361,5.138,20.880,parallel,0,4
gen_04548,4,-7.878,3.251,1,18,8.968,13.636,0,inf,0,,7.368,5.134,19.125,parallel,0,4
gen_04548,5,-7.727,3.497,1,18,9.786,10.584,0,inf,0,,6.782,4.445,84.932,T_shaped,1,4
gen_04548,6,-7.608,3.644,1,18,9.642,14.126,0,inf,0,,8.660,5.950,15.746,parallel,0,4
gen_04549,4,-6.386,5.935,0,11,9.687,14.085,0,inf,0,,8.782,6.111,23.188,parallel,0,2
gen_04549,5,-6.170,3.877,1,11,9.157,12.367,0,inf,0,,7.915,5.631,51.633,oblique,0,2
gen_04551,2,-6.972,6.117,0,18,8.203,10.311,0,inf,0,,6.585,5.416,68.429,T_shaped,0,4
gen_04560,2,-6.847,3.518,1,14,8.883,13.408,0,inf,0,,8.387,5.815,86.280,T_shaped,0,3
gen_04561,7,-7.004,3.766,1,17,7.402,11.481,0,13.351,0,tetrahydronaphthyridine|2-aminopyridine,5.610,3.543,78.543,T_shaped,1,3
gen_04561,8,-6.990,3.653,1,17,7.563,11.604,0,13.480,0,tetrahydronaphthyridine|2-aminopyridine,6.582,5.406,72.648,T_shaped,0,3
gen_04561,10,-6.945,3.480,1,17,7.309,11.086,0,13.495,0,tetrahydronaphthyridine|2-aminopyridine,5.867,3.806,41.348,oblique,0,3
gen_04561,11,-6.943,3.565,1,17,7.947,11.082,0,13.268,0,tetrahydronaphthyridine|2-aminopyridine,5.694,3.890,74.877,T_shaped,1,3
gen_04561,12,-6.935,3.728,1,17,8.164,11.008,0,13.052,0,tetrahydronaphthyridine|2-aminopyridine,6.340,4.802,68.513,T_shaped,0,3
gen_04561,15,-6.898,3.801,1,17,7.447,11.396,0,13.498,0,tetrahydronaphthyridine|2-aminopyridine,6.473,4.124,86.415,T_shaped,1,3
gen_04561,16,-6.878,3.677,1,17,8.308,11.045,0,12.717,0,tetrahydronaphthyridine|2-aminopyridine,6.959,5.240,65.751,T_shaped,0,3
gen_04565,1,-7.107,6.586,0,20,2.173,11.783,0,12.700,0,aliphatic amine,3.784,3.467,11.659,parallel,1,3
gen_04565,2,-6.974,6.426,0,20,2.205,11.813,0,12.600,0,aliphatic amine,3.811,3.481,14.425,parallel,1,3
gen_04565,3,-6.913,6.773,0,20,3.199,10.443,0,12.086,0,aliphatic amine,5.517,3.478,75.064,T_shaped,1,3
gen_04565,4,-6.902,4.412,1,20,3.355,12.464,0,12.999,0,aliphatic amine,4.079,3.572,22.072,parallel,1,3
gen_04565,5,-6.874,4.322,1,20,2.688,12.094,0,12.733,0,aliphatic amine,4.036,3.437,23.869,parallel,1,3
gen_04565,6,-6.712,3.178,1,20,4.884,10.769,0,10.769,0,aliphatic amine,5.731,3.561,80.303,T_shaped,1,3
gen_04568,1,-7.577,3.419,1,15,9.280,11.400,0,inf,0,,6.556,4.177,44.704,oblique,0,4
gen_04569,1,-6.229,5.085,0,9,7.061,11.303,0,inf,0,,6.348,4.295,59.159,oblique,0,2
gen_04581,3,-7.230,4.666,0,16,6.551,11.396,0,inf,0,,9.552,7.210,74.294,T_shaped,0,2
gen_04581,5,-7.179,5.536,0,16,9.520,11.683,0,inf,0,,10.110,7.599,60.636,T_shaped,0,2
gen_04582,1,-7.644,6.131,0,16,7.195,10.873,0,inf,0,,6.253,4.190,31.028,oblique,0,3
gen_04582,2,-7.558,6.085,0,16,7.179,10.814,0,inf,0,,6.173,4.104,30.943,oblique,0,3
gen_04582,7,-7.456,5.706,0,16,7.000,10.744,0,inf,0,,6.050,3.960,27.392,parallel,1,3
gen_04582,9,-7.321,5.096,0,16,6.772,13.203,0,inf,0,,6.457,4.152,63.351,T_shaped,1,3
gen_04582,10,-7.315,5.100,0,16,6.814,13.267,0,inf,0,,6.512,4.233,60.675,T_shaped,1,3
gen_04585,1,-7.440,5.145,0,18,2.444,13.683,0,inf,0,,3.836,3.586,5.563,parallel,1,3
gen_04585,2,-7.369,4.956,0,18,2.116,13.419,0,inf,0,,3.793,3.588,6.244,parallel,1,3
gen_04592,1,-7.491,7.397,0,14,2.987,7.420,0,inf,0,,5.427,3.523,74.253,T_shaped,1,2
gen_04594,2,-7.131,3.528,1,14,10.038,10.422,0,inf,0,,7.121,4.742,87.982,T_shaped,0,3
gen_04603,13,-7.153,3.482,1,21,6.826,11.440,0,inf,0,,5.997,4.098,30.715,oblique,0,4
gen_04612,8,-6.461,3.580,1,22,6.172,12.187,0,13.443,0,aliphatic amine,6.018,3.663,72.697,T_shaped,1,3
gen_04617,1,-7.598,4.679,0,19,3.417,13.505,0,11.606,0,aliphatic amine,5.934,3.617,87.445,T_shaped,1,3
gen_04617,2,-7.565,4.588,0,19,3.357,13.414,0,11.552,0,aliphatic amine,5.904,3.590,88.991,T_shaped,1,3
gen_04617,3,-7.565,4.571,0,19,3.413,13.447,0,11.626,0,aliphatic amine,5.938,3.623,87.677,T_shaped,1,3
gen_04617,5,-7.529,4.662,0,19,3.406,13.477,0,11.611,0,aliphatic amine,5.900,3.582,88.200,T_shaped,1,3
gen_04617,7,-7.451,4.540,0,19,2.232,13.653,0,11.747,0,aliphatic amine,3.745,3.613,2.049,parallel,1,3
gen_04619,1,-8.216,6.319,0,12,7.069,11.152,0,inf,0,,7.960,5.517,76.350,T_shaped,0,4
gen_04619,2,-8.002,6.228,0,12,7.046,11.050,0,inf,0,,7.936,5.518,76.029,T_shaped,0,4
gen_04619,3,-7.940,4.664,0,12,9.452,10.645,0,inf,0,,7.296,5.456,59.033,oblique,0,4
gen_04620,1,-6.830,7.090,0,16,9.380,10.960,0,inf,0,,9.889,8.523,62.959,T_shaped,0,3
gen_04620,2,-6.810,7.118,0,16,9.370,10.978,0,inf,0,,9.893,8.530,62.947,T_shaped,0,3
gen_04620,3,-6.618,7.108,0,16,9.248,10.989,0,inf,0,,9.848,8.424,61.512,T_shaped,0,3
gen_04623,1,-6.939,3.635,1,11,9.252,11.112,0,inf,0,,9.326,6.742,40.182,oblique,0,2
gen_04623,3,-6.924,3.577,1,11,9.279,11.107,0,inf,0,,9.389,6.783,43.661,oblique,0,2
gen_04623,5,-6.903,3.639,1,11,9.237,11.152,0,inf,0,,9.348,6.790,44.103,oblique,0,2
gen_04623,9,-6.774,3.475,1,11,9.057,11.096,0,inf,0,,9.172,6.664,41.931,oblique,0,2
gen_04623,11,-6.667,3.667,1,11,9.109,11.115,0,inf,0,,9.208,6.671,42.212,oblique,0,2
gen_04631,4,-7.511,3.544,1,18,6.830,11.087,0,inf,0,,5.887,3.633,67.763,T_shaped,1,5
gen_04633,1,-7.576,5.826,0,11,7.315,11.949,0,inf,0,,6.217,3.813,49.749,oblique,0,3
gen_04636,3,-6.915,6.073,0,12,7.274,13.083,0,inf,0,,7.823,5.334,59.307,oblique,0,2
gen_04637,2,-6.037,5.096,0,11,7.774,12.755,0,11.182,0,aliphatic amine,8.677,6.362,86.408,T_shaped,0,2
gen_04637,6,-5.911,4.877,0,11,8.260,13.149,0,11.194,0,aliphatic amine,8.924,6.648,78.645,T_shaped,0,2
gen_04637,8,-5.866,4.357,1,11,7.916,10.127,0,10.486,0,aliphatic amine,7.483,5.130,88.754,T_shaped,0,2
gen_04637,10,-5.812,6.125,0,11,7.869,11.113,0,10.584,0,aliphatic amine,9.774,7.621,81.101,T_shaped,0,2
gen_04637,12,-5.712,6.801,0,11,4.607,11.035,0,10.791,0,aliphatic amine,4.953,3.570,52.719,oblique,0,2
gen_04642,2,-6.748,3.651,1,15,9.391,12.786,0,inf,0,,8.998,6.495,50.400,oblique,0,3
gen_04642,3,-6.714,3.626,1,15,9.454,12.760,0,inf,0,,8.963,6.472,54.045,oblique,0,3
gen_04643,1,-7.706,3.414,1,14,9.026,12.175,0,12.175,0,aliphatic amine,9.041,6.705,69.387,T_shaped,0,3
gen_04643,2,-7.566,4.019,1,14,8.925,12.167,0,12.167,0,aliphatic amine,8.955,6.611,69.142,T_shaped,0,3
gen_04645,10,-6.629,4.482,1,14,8.374,11.568,0,12.781,0,aliphatic amine,6.559,4.213,66.911,T_shaped,1,3
gen_04645,11,-6.619,4.728,0,14,8.300,11.539,0,12.779,0,aliphatic amine,6.510,4.157,67.459,T_shaped,1,3
gen_04647,6,-7.331,7.069,0,16,2.360,5.204,0,inf,0,,3.756,3.617,3.810,parallel,1,4
gen_04647,7,-7.227,6.880,0,16,2.362,5.352,0,inf,0,,5.795,3.479,76.493,T_shaped,1,4
gen_04652,1,-8.342,6.326,0,18,2.832,12.345,0,inf,0,,4.159,3.454,9.244,parallel,1,3
gen_04652,2,-8.218,6.325,0,18,2.835,12.270,0,inf,0,,4.163,3.378,13.195,parallel,1,3
gen_04654,1,-7.560,3.543,1,14,7.615,13.801,0,inf,0,tetrahydronaphthyridine,7.874,5.766,61.666,T_shaped,0,3
gen_04654,2,-7.544,3.549,1,14,7.623,13.748,0,inf,0,tetrahydronaphthyridine,7.821,5.711,63.348,T_shaped,0,3
gen_04659,8,-7.131,3.293,1,9,8.729,13.648,0,inf,0,,6.370,4.095,64.868,T_shaped,1,4
gen_04662,1,-7.539,5.892,0,17,5.620,11.474,0,11.474,0,aliphatic amine,5.376,3.834,60.337,T_shaped,1,3
gen_04662,2,-7.531,5.896,0,17,5.523,11.478,0,11.478,0,aliphatic amine,5.330,3.772,59.460,oblique,0,3
gen_04662,3,-7.491,5.894,0,17,5.575,11.470,0,11.470,0,aliphatic amine,5.347,3.765,59.543,oblique,0,3
gen_04669,7,-6.514,4.808,0,18,2.273,10.788,0,inf,0,,3.783,3.615,1.649,parallel,1,3
gen_04670,12,-7.020,3.432,1,15,8.563,9.059,0,12.192,0,aliphatic amine,8.239,6.443,69.906,T_shaped,0,3
gen_04675,7,-5.982,3.449,1,18,7.757,13.434,0,inf,0,,7.225,5.387,65.267,T_shaped,0,3
gen_04683,6,-7.092,3.615,1,17,10.314,13.904,0,inf,0,,9.783,7.786,79.991,T_shaped,0,3
gen_04684,4,-6.164,3.669,1,16,8.962,13.749,0,inf,0,,8.388,5.989,51.751,oblique,0,3
gen_04695,5,-7.458,3.588,1,19,9.797,13.437,0,inf,0,,6.845,4.570,22.803,parallel,0,3
gen_04698,7,-5.947,3.459,1,19,6.830,13.553,0,inf,0,,6.072,3.474,28.305,parallel,1,2
gen_04698,8,-5.937,3.176,1,19,6.662,13.529,0,inf,0,,6.065,3.597,27.562,parallel,1,2
gen_04698,9,-5.897,3.497,1,19,6.965,13.502,0,inf,0,,6.043,3.420,24.684,parallel,1,2
gen_04701,1,-6.920,3.707,1,18,8.122,9.858,0,10.378,0,aliphatic amine,6.492,4.318,51.338,oblique,0,2
gen_04701,3,-6.903,3.610,1,18,8.078,9.847,0,10.240,0,aliphatic amine,6.268,4.097,52.270,oblique,0,2
gen_04701,4,-6.885,3.685,1,18,8.226,10.060,0,10.500,0,aliphatic amine,6.428,4.256,51.588,oblique,0,2
gen_04701,5,-6.617,3.715,1,18,9.558,11.487,0,11.605,0,aliphatic amine,6.598,4.308,45.217,oblique,0,2
gen_04701,6,-6.606,3.535,1,18,9.253,13.181,0,13.635,0,aliphatic amine,6.300,4.024,38.388,oblique,0,2
gen_04706,1,-7.705,4.112,1,18,2.260,10.379,0,inf,0,,3.811,3.592,7.978,parallel,1,3
gen_04706,3,-7.670,3.912,1,18,2.272,10.633,0,inf,0,,3.808,3.554,4.493,parallel,1,3
gen_04706,4,-7.661,4.014,1,18,2.236,10.364,0,inf,0,,3.800,3.563,8.544,parallel,1,3
gen_04706,5,-7.658,4.057,1,18,2.202,10.371,0,inf,0,,3.776,3.607,2.518,parallel,1,3
gen_04706,6,-7.571,4.078,1,18,2.120,10.447,0,inf,0,,3.791,3.583,9.822,parallel,1,3
gen_04712,1,-7.178,5.375,0,16,8.949,11.093,0,inf,0,,7.859,5.910,72.898,T_shaped,0,2
gen_04712,2,-7.167,5.372,0,16,9.122,11.090,0,inf,0,,7.882,5.976,76.035,T_shaped,0,2
gen_04712,3,-7.021,5.712,0,16,9.211,9.308,0,inf,0,,8.243,6.279,76.588,T_shaped,0,2
gen_04712,4,-6.988,5.819,0,16,8.620,9.291,0,inf,0,,8.316,6.342,75.234,T_shaped,0,2
gen_04723,1,-7.701,3.518,1,14,9.976,10.345,0,inf,0,,8.622,6.051,44.289,oblique,0,3
gen_04723,2,-7.684,3.463,1,14,10.023,10.396,0,inf,0,,8.727,6.158,46.416,oblique,0,3
gen_04723,3,-7.621,3.518,1,14,9.787,10.268,0,inf,0,,8.735,6.192,41.695,oblique,0,3
gen_04723,4,-7.616,3.499,1,14,9.226,10.127,0,inf,0,,9.316,6.850,44.574,oblique,0,3
gen_04723,5,-7.607,3.652,1,14,10.005,10.348,0,inf,0,,8.152,5.717,52.430,oblique,0,3
gen_04723,6,-7.603,3.500,1,14,9.658,10.217,0,inf,0,,8.726,6.161,44.887,oblique,0,3
gen_04723,7,-7.591,3.664,1,14,9.264,10.043,0,inf,0,,7.590,5.199,49.913,oblique,0,3
gen_04723,8,-7.501,3.555,1,14,9.411,10.290,0,inf,0,,9.291,6.819,41.636,oblique,0,3
gen_04730,3,-6.903,6.063,0,24,9.403,10.979,0,inf,0,,10.252,8.286,85.345,T_shaped,0,3
gen_04738,1,-7.198,6.503,0,9,8.771,11.024,0,10.295,0,aliphatic amine,10.771,8.798,55.711,oblique,0,1
gen_04741,1,-6.864,5.680,0,12,7.870,11.680,0,11.680,0,aliphatic amine,9.155,6.841,71.519,T_shaped,0,1
gen_04741,2,-6.862,5.622,0,12,7.848,11.690,0,11.690,0,aliphatic amine,9.154,6.833,71.177,T_shaped,0,1
gen_04741,3,-6.803,4.560,0,12,7.930,11.518,0,11.518,0,aliphatic amine,9.274,6.985,72.845,T_shaped,0,1
gen_04741,4,-6.766,5.786,0,12,9.784,11.682,0,11.744,0,aliphatic amine,9.812,7.974,80.841,T_shaped,0,1
gen_04741,5,-6.754,5.758,0,12,7.836,11.698,0,11.698,0,aliphatic amine,9.136,6.823,71.194,T_shaped,0,1
gen_04741,6,-6.708,6.738,0,12,6.794,8.836,0,9.701,0,aliphatic amine,9.909,7.972,80.656,T_shaped,0,1
gen_04741,7,-6.700,5.798,0,12,9.752,11.682,0,11.682,0,aliphatic amine,9.806,7.899,81.285,T_shaped,0,1
gen_04741,8,-6.653,6.471,0,12,6.754,7.323,0,9.854,0,aliphatic amine,9.875,7.959,79.637,T_shaped,0,1
gen_04742,9,-6.588,3.396,1,14,8.430,13.494,0,inf,0,,6.565,4.209,75.661,T_shaped,1,3
gen_04749,1,-7.122,6.352,0,11,7.816,10.970,0,inf,0,,8.987,6.703,86.488,T_shaped,0,3
gen_04751,5,-6.879,5.338,0,16,7.808,10.587,0,10.587,0,tetrahydronaphthyridine|2-aminopyridine,6.245,4.924,71.231,T_shaped,0,3
gen_04751,14,-6.701,6.358,0,16,7.987,9.108,0,8.773,0,tetrahydronaphthyridine|2-aminopyridine,6.958,4.976,85.172,T_shaped,0,3
gen_04756,2,-7.367,6.375,0,12,2.835,8.529,0,inf,0,,5.431,4.029,28.786,parallel,1,3
gen_04757,1,-5.802,5.811,0,11,3.879,13.674,0,inf,0,,4.279,3.553,14.965,parallel,1,2
gen_04759,2,-7.195,3.630,1,17,7.164,11.119,0,inf,0,,5.800,3.149,37.597,oblique,0,3
gen_04759,4,-7.152,3.702,1,17,7.161,11.109,0,inf,0,,5.783,3.132,40.909,oblique,0,3
gen_04763,6,-6.173,3.689,1,10,7.924,12.036,0,10.889,0,aliphatic amine,7.297,5.038,47.062,oblique,0,2
gen_04764,1,-6.791,6.387,0,12,10.297,12.807,0,inf,0,,9.322,8.214,60.941,T_shaped,0,3
gen_04766,7,-6.805,3.494,1,18,9.513,10.546,0,inf,0,,6.090,4.698,85.855,T_shaped,0,4
gen_04773,1,-7.325,3.601,1,13,10.081,11.177,0,inf,0,,7.587,5.364,83.472,T_shaped,0,3
gen_04773,2,-7.255,3.486,1,13,10.090,11.182,0,inf,0,,6.890,4.663,78.014,T_shaped,0,3
gen_04773,3,-7.230,3.588,1,13,9.956,11.137,0,inf,0,,7.751,5.504,86.340,T_shaped,0,3
gen_04773,4,-7.149,3.448,1,13,10.134,11.243,0,inf,0,,7.262,5.278,70.328,T_shaped,0,3
gen_04773,5,-7.099,3.552,1,13,9.853,10.969,0,inf,0,,6.951,4.763,82.551,T_shaped,0,3
gen_04773,6,-6.974,3.415,1,13,10.190,11.269,0,inf,0,,7.879,5.644,87.458,T_shaped,0,3
gen_04778,1,-6.754,4.070,1,15,3.748,12.112,0,10.096,0,aliphatic amine,4.369,3.590,30.150,oblique,0,3
gen_04778,2,-6.388,3.750,1,15,7.308,11.370,0,11.037,0,aliphatic amine,9.519,7.137,54.531,oblique,0,3
gen_04785,1,-7.487,3.598,1,15,7.832,13.182,0,13.182,0,aliphatic amine,9.000,6.641,86.294,T_shaped,0,2
gen_04785,2,-7.478,3.678,1,15,7.912,13.221,0,13.221,0,aliphatic amine,9.054,6.730,87.943,T_shaped,0,2
gen_04785,3,-7.460,3.660,1,15,7.781,13.204,0,13.204,0,aliphatic amine,9.122,6.833,89.772,T_shaped,0,2
gen_04785,4,-7.449,3.665,1,15,7.870,13.207,0,13.207,0,aliphatic amine,8.842,6.409,79.330,T_shaped,0,2
gen_04785,5,-7.412,3.595,1,15,9.260,13.276,0,13.276,0,aliphatic amine,9.035,6.684,86.953,T_shaped,0,2
gen_04785,7,-7.343,3.670,1,15,9.220,13.262,0,13.262,0,aliphatic amine,8.697,6.235,76.131,T_shaped,0,2
gen_04802,1,-6.732,7.361,0,9,2.953,8.855,0,inf,0,,8.052,5.390,52.166,oblique,0,1
gen_04804,4,-6.490,6.415,0,15,3.804,11.602,0,inf,0,,5.202,3.424,56.231,oblique,0,3
gen_04810,2,-7.579,3.656,1,17,8.660,12.366,0,inf,0,,9.487,7.331,46.685,oblique,0,2
gen_04810,4,-7.534,3.500,1,17,8.923,13.028,0,inf,0,,8.617,6.236,58.157,oblique,0,2
gen_04810,5,-7.523,3.723,1,17,8.620,12.359,0,inf,0,,9.521,7.361,47.504,oblique,0,2
gen_04810,6,-7.473,3.383,1,17,8.938,12.953,0,inf,0,,8.629,6.270,66.816,T_shaped,0,2
gen_04812,1,-6.814,3.540,1,17,6.734,12.417,0,inf,0,,5.956,3.678,53.372,oblique,0,3
gen_04812,2,-6.800,3.581,1,17,7.441,12.941,0,inf,0,,6.198,3.838,53.558,oblique,0,3
gen_04812,3,-6.795,3.609,1,17,6.733,12.432,0,inf,0,,5.988,3.685,50.123,oblique,0,3
gen_04812,4,-6.783,3.724,1,17,7.249,12.689,0,inf,0,,5.998,3.752,62.859,T_shaped,1,3
gen_04812,5,-6.772,3.621,1,17,7.419,12.848,0,inf,0,,6.130,3.899,66.500,T_shaped,1,3
gen_04812,6,-6.748,3.785,1,17,7.174,12.704,0,inf,0,,6.058,3.778,57.216,oblique,0,3
gen_04812,7,-6.739,3.570,1,17,6.742,12.441,0,inf,0,,5.962,3.673,49.522,oblique,0,3
gen_04812,8,-6.693,3.631,1,17,7.320,12.815,0,inf,0,,6.096,3.887,66.129,T_shaped,1,3
gen_04812,9,-6.689,3.648,1,17,7.071,12.661,0,inf,0,,6.104,3.879,62.130,T_shaped,1,3
gen_04815,1,-7.173,3.364,1,19,6.637,11.113,0,inf,0,,6.717,4.635,39.558,oblique,0,2
gen_04815,2,-7.155,3.283,1,19,6.648,11.059,0,inf,0,,6.701,4.604,39.586,oblique,0,2
gen_04815,3,-7.120,3.281,1,19,6.598,11.122,0,inf,0,,6.609,4.486,38.796,oblique,0,2
gen_04815,4,-7.119,3.488,1,19,6.806,10.986,0,inf,0,,6.897,4.962,43.414,oblique,0,2
gen_04816,2,-7.321,3.276,1,16,9.964,13.633,0,inf,0,,7.909,5.698,83.588,T_shaped,0,3
gen_04816,8,-7.167,3.291,1,16,8.683,10.894,0,inf,0,,6.145,4.325,89.900,T_shaped,1,3
gen_04816,15,-6.854,3.484,1,16,8.622,10.965,0,inf,0,,6.548,4.939,70.064,T_shaped,0,3
gen_04819,12,-6.437,3.401,1,17,7.551,10.872,0,inf,0,,8.263,6.274,86.933,T_shaped,0,4
gen_04819,15,-6.299,3.359,1,17,7.745,10.684,0,inf,0,,7.742,5.585,76.891,T_shaped,0,4
gen_04819,16,-6.286,4.683,0,17,6.887,13.561,0,inf,0,,5.819,3.673,79.444,T_shaped,1,4
gen_04820,1,-6.620,6.248,0,15,6.904,11.098,0,inf,0,,6.920,4.420,10.076,parallel,1,4
gen_04822,11,-6.920,6.116,0,21,3.114,13.360,0,inf,0,,6.340,4.054,57.719,oblique,0,4
gen_04827,5,-7.038,3.480,1,21,8.788,10.337,0,12.016,0,aliphatic amine,5.776,4.264,42.727,oblique,0,3
gen_04827,6,-6.989,3.289,1,21,8.608,10.237,0,10.740,0,aliphatic amine,5.966,4.337,41.777,oblique,0,3
gen_04827,7,-6.952,3.490,1,21,9.759,11.610,0,11.610,0,aliphatic amine,6.085,4.736,76.902,T_shaped,0,3
gen_04827,8,-6.874,3.610,1,21,9.540,11.417,0,11.417,0,aliphatic amine,6.049,4.764,86.720,T_shaped,0,3
gen_04827,11,-6.749,3.670,1,21,8.022,9.020,0,9.020,0,aliphatic amine,5.990,4.667,77.438,T_shaped,0,3
gen_04827,13,-6.652,3.550,1,21,9.582,11.545,0,11.545,0,aliphatic amine,5.979,4.641,87.193,T_shaped,0,3
gen_04828,1,-7.593,7.496,0,16,4.344,12.378,0,13.415,0,aliphatic amine,8.429,6.270,87.373,T_shaped,0,3
gen_04828,2,-7.586,7.492,0,16,4.466,12.360,0,13.339,0,aliphatic amine,8.435,6.206,79.649,T_shaped,0,3
gen_04828,3,-7.519,7.615,0,16,4.664,12.078,0,13.283,0,aliphatic amine,8.383,6.113,73.761,T_shaped,0,3
gen_04829,11,-6.263,3.633,1,16,5.325,13.710,0,inf,0,,6.722,4.534,58.999,oblique,0,3
gen_04840,9,-6.984,3.751,1,17,8.652,10.176,0,inf,0,,6.515,4.038,46.405,oblique,0,4
gen_04849,7,-7.071,3.664,1,12,9.737,13.876,0,inf,0,,5.918,4.575,82.021,T_shaped,0,4
gen_04855,4,-6.813,3.541,1,19,6.070,13.784,0,inf,0,,5.776,3.677,8.145,parallel,1,4
gen_04857,2,-7.280,7.705,0,18,3.542,13.293,0,inf,0,,8.808,7.104,24.151,parallel,0,3
gen_04857,4,-7.257,7.573,0,18,3.589,13.242,0,inf,0,,5.600,3.533,68.225,T_shaped,1,3
gen_04857,9,-7.192,7.517,0,18,3.063,13.534,0,inf,0,,8.876,7.178,5.897,parallel,0,3
gen_04862,9,-6.658,3.537,1,15,3.241,13.553,0,inf,0,,5.310,3.551,19.728,parallel,1,3
gen_04865,2,-6.912,3.470,1,18,6.627,11.775,0,inf,0,,7.011,4.639,75.558,T_shaped,0,2
gen_04869,2,-7.697,3.282,1,15,11.125,13.455,0,inf,0,,8.932,6.650,56.984,oblique,0,4
gen_04889,1,-6.960,6.398,0,15,9.090,13.594,0,inf,0,,8.842,7.176,71.773,T_shaped,0,2
gen_04889,2,-6.910,6.395,0,15,9.322,13.486,0,inf,0,,9.151,7.521,73.956,T_shaped,0,2
gen_04889,4,-6.861,6.362,0,15,9.365,13.475,0,inf,0,,9.210,7.594,74.559,T_shaped,0,2
gen_04894,3,-7.871,6.269,0,22,2.398,4.814,0,inf,0,,3.839,3.485,12.083,parallel,1,2
gen_04894,4,-7.859,6.245,0,22,2.400,4.485,0,inf,0,,5.699,3.469,75.931,T_shaped,1,2
gen_04898,11,-7.054,3.613,1,11,9.228,13.566,0,inf,0,,7.969,5.563,27.840,parallel,0,4
gen_04899,1,-7.817,4.995,0,13,9.842,11.660,0,inf,0,,8.298,6.096,65.017,T_shaped,0,3
gen_04900,2,-7.557,3.579,1,17,6.519,11.536,0,inf,0,,6.144,3.917,44.043,oblique,0,3
gen_04900,9,-7.174,3.686,1,17,6.408,11.546,0,inf,0,,6.849,4.542,5.521,parallel,0,3
gen_04900,10,-7.107,3.449,1,17,7.057,11.342,0,inf,0,,5.896,3.638,48.686,oblique,0,3
gen_04906,2,-7.708,3.719,1,12,9.143,12.447,0,inf,0,,6.085,3.876,50.570,oblique,0,3
gen_04906,3,-7.708,3.441,1,12,9.291,12.677,0,inf,0,,6.410,4.092,47.814,oblique,0,3
gen_04906,8,-7.515,3.641,1,12,10.574,11.029,0,inf,0,,9.394,7.296,75.347,T_shaped,0,3
gen_04909,1,-6.619,3.540,1,9,10.083,10.837,0,10.837,0,2-aminoazole,7.967,5.934,43.078,oblique,0,2
gen_04909,2,-6.591,3.478,1,9,10.144,10.945,0,10.945,0,2-aminoazole,8.092,6.007,41.525,oblique,0,2
gen_04909,3,-6.494,3.569,1,9,10.077,10.883,0,10.883,0,2-aminoazole,8.061,6.097,45.646,oblique,0,2
gen_04909,4,-6.393,3.595,1,9,10.002,10.839,0,10.839,0,2-aminoazole,7.820,5.726,41.368,oblique,0,2
gen_04911,4,-7.555,3.265,1,15,9.273,13.205,0,13.965,0,aliphatic amine,6.620,4.402,79.027,T_shaped,1,1
gen_04917,1,-7.049,3.696,1,13,2.179,10.631,0,inf,0,,3.787,3.604,7.846,parallel,1,3
gen_04917,2,-7.029,3.691,1,13,2.171,10.675,0,inf,0,,3.811,3.593,7.385,parallel,1,3
gen_04917,3,-7.026,3.814,1,13,2.021,10.542,0,inf,0,,3.779,3.628,7.252,parallel,1,3
gen_04917,4,-7.013,3.940,1,13,2.155,10.645,0,inf,0,,3.818,3.625,7.864,parallel,1,3
gen_04917,5,-6.994,6.434,0,13,2.827,11.666,0,inf,0,,3.984,3.469,22.306,parallel,1,3
gen_04917,6,-6.967,3.792,1,13,2.217,10.680,0,inf,0,,3.800,3.546,5.451,parallel,1,3
gen_04917,7,-6.965,6.724,0,13,2.587,11.380,0,inf,0,,3.923,3.410,21.555,parallel,1,3
gen_04917,8,-6.962,4.085,1,13,2.111,10.625,0,inf,0,,3.797,3.609,7.846,parallel,1,3
gen_04917,9,-6.961,4.088,1,13,2.142,10.663,0,inf,0,,3.828,3.608,8.776,parallel,1,3
gen_04917,10,-6.956,3.753,1,13,2.259,10.816,0,inf,0,,3.845,3.545,6.052,parallel,1,3
gen_04917,11,-6.955,3.701,1,13,2.264,10.723,0,inf,0,,3.801,3.529,5.437,parallel,1,3
gen_04917,12,-6.899,6.611,0,13,2.873,11.437,0,inf,0,,3.938,3.448,21.560,parallel,1,3
gen_04922,2,-6.630,6.710,0,8,8.951,11.045,0,inf,0,,9.987,8.076,55.749,oblique,0,2
gen_04922,3,-6.626,6.681,0,8,8.923,11.059,0,inf,0,,9.932,8.044,57.040,oblique,0,2
gen_04922,5,-6.431,3.695,1,8,9.479,11.018,0,inf,0,,6.019,4.263,60.478,T_shaped,1,2
gen_04923,1,-6.942,6.724,0,17,8.490,10.580,0,inf,0,,10.438,8.680,65.713,T_shaped,0,2
gen_04924,1,-7.969,3.574,1,15,8.729,11.172,0,inf,0,,6.112,3.826,58.488,oblique,0,3
gen_04924,2,-7.925,3.530,1,15,8.722,10.977,0,inf,0,,6.150,3.836,60.181,T_shaped,1,3
gen_04924,3,-7.925,3.534,1,15,8.707,10.989,0,inf,0,,6.117,3.816,60.464,T_shaped,1,3
gen_04924,4,-7.917,3.610,1,15,8.705,10.994,0,inf,0,,6.011,3.780,59.680,oblique,0,3
gen_04931,1,-7.444,3.536,1,13,6.540,12.462,0,inf,0,,6.240,3.699,52.794,oblique,0,4
gen_04931,2,-7.439,3.630,1,13,9.848,10.627,0,inf,0,,6.908,4.622,53.075,oblique,0,4
gen_04931,3,-7.363,3.821,1,13,6.590,12.508,0,inf,0,,6.202,3.697,51.216,oblique,0,4
gen_04931,4,-7.178,3.563,1,13,9.721,10.539,0,inf,0,,6.833,4.511,52.730,oblique,0,4
gen_04933,1,-6.681,4.355,1,17,8.236,13.464,0,inf,0,,6.713,4.147,80.882,T_shaped,1,2
gen_04933,2,-6.677,4.325,1,17,8.265,13.515,0,inf,0,,6.738,4.170,81.284,T_shaped,1,2
gen_04934,2,-7.026,3.424,1,14,7.282,13.176,0,inf,0,,7.513,5.162,61.540,T_shaped,0,3
gen_04934,3,-6.995,3.509,1,14,7.234,13.169,0,inf,0,,7.453,5.083,57.780,oblique,0,3
gen_04943,3,-7.174,3.468,1,13,8.298,12.329,0,inf,0,,8.909,6.522,63.394,T_shaped,0,3
gen_04943,4,-7.162,3.480,1,13,8.270,12.365,0,inf,0,,8.980,6.622,62.846,T_shaped,0,3
gen_04945,4,-6.793,3.698,1,16,2.151,10.554,0,inf,0,,3.818,3.610,10.181,parallel,1,3
gen_04945,14,-6.540,3.544,1,16,2.207,10.592,0,inf,0,,3.851,3.597,12.889,parallel,1,3
gen_04946,1,-6.065,5.335,0,10,9.553,11.802,0,11.802,0,aliphatic amine,9.559,7.437,79.990,T_shaped,0,1
gen_04946,2,-5.991,5.236,0,10,8.573,11.875,0,11.875,0,aliphatic amine,9.322,7.263,79.280,T_shaped,0,1
gen_04947,8,-8.054,3.707,1,15,11.245,11.867,0,inf,0,,9.677,7.344,56.939,oblique,0,5
gen_04947,9,-8.044,3.644,1,15,11.231,11.930,0,inf,0,,8.964,7.313,52.989,oblique,0,5
gen_04954,1,-7.429,4.534,0,18,8.702,12.061,0,inf,0,,8.190,6.054,68.462,T_shaped,0,3
gen_04954,2,-7.397,5.080,0,18,8.728,11.963,0,inf,0,,8.510,6.291,75.929,T_shaped,0,3
gen_04954,3,-7.385,4.447,1,18,8.670,11.880,0,inf,0,,8.114,5.921,69.272,T_shaped,0,3
gen_04954,4,-7.361,4.540,0,18,8.574,11.928,0,inf,0,,8.172,6.024,68.235,T_shaped,0,3
gen_04954,5,-7.298,4.180,1,18,8.717,12.046,0,inf,0,,8.180,6.044,67.134,T_shaped,0,3
gen_04954,7,-7.284,3.658,1,18,8.666,12.058,0,inf,0,,8.767,6.437,58.277,oblique,0,3
gen_04954,8,-7.218,4.787,0,18,8.772,12.196,0,inf,0,,8.101,5.995,66.875,T_shaped,0,3
gen_04954,11,-7.159,3.778,1,18,8.829,12.086,0,inf,0,,8.699,6.365,60.402,T_shaped,0,3
gen_04954,14,-7.053,4.566,0,18,8.634,11.960,0,inf,0,,8.129,5.978,68.765,T_shaped,0,3
gen_04956,8,-7.751,3.621,1,19,8.437,12.015,0,inf,0,,5.944,3.644,62.114,T_shaped,1,4
gen_04956,10,-7.673,3.475,1,19,8.245,11.950,0,inf,0,,5.912,3.565,60.461,T_shaped,1,4
gen_04960,1,-7.241,3.666,1,13,9.719,12.045,0,inf,0,,7.222,4.744,55.391,oblique,0,3
gen_04960,2,-7.201,3.814,1,13,10.034,12.534,0,inf,0,,8.984,6.393,55.112,oblique,0,3
gen_04963,14,-6.871,3.629,1,20,6.799,13.690,0,inf,0,,5.834,4.294,49.065,oblique,0,4
gen_04971,1,-7.910,6.486,0,15,7.696,12.127,0,inf,0,,8.401,6.046,55.597,oblique,0,3
gen_04971,2,-7.906,6.485,0,15,7.787,12.111,0,inf,0,,8.450,6.098,55.763,oblique,0,3
gen_04971,3,-7.783,5.955,0,15,8.015,11.923,0,inf,0,,8.375,5.970,57.424,oblique,0,3
gen_04971,4,-7.745,6.046,0,15,7.913,11.924,0,inf,0,,8.294,5.903,57.532,oblique,0,3
gen_04971,5,-7.704,5.963,0,15,8.548,11.759,0,inf,0,,8.609,6.163,66.521,T_shaped,0,3
gen_04975,6,-6.428,3.819,1,16,10.490,13.480,0,10.941,0,aliphatic amine,9.946,7.594,68.776,T_shaped,0,2
gen_04977,1,-7.572,3.505,1,22,8.087,12.347,0,inf,0,,7.949,5.515,44.751,oblique,0,4
gen_04977,2,-7.541,3.537,1,22,8.107,10.821,0,inf,0,,8.010,5.596,46.514,oblique,0,4
gen_04977,3,-7.535,3.610,1,22,8.099,12.269,0,inf,0,,8.406,6.054,34.214,oblique,0,4
gen_04982,2,-6.970,3.658,1,12,8.944,11.391,0,inf,0,,8.490,6.110,42.052,oblique,0,2
gen_04982,3,-6.967,3.544,1,12,9.612,13.256,0,inf,0,,7.398,5.620,63.453,T_shaped,0,2
gen_04982,4,-6.958,3.533,1,12,9.670,13.301,0,inf,0,,7.440,5.694,61.483,T_shaped,0,2
gen_04983,8,-8.346,6.680,0,21,2.160,11.553,0,11.553,0,aliphatic amine,3.770,3.517,4.894,parallel,1,4
gen_04987,3,-7.522,3.778,1,18,6.639,11.128,0,inf,0,,6.592,4.207,61.415,T_shaped,1,3
gen_04987,4,-7.519,3.674,1,18,6.421,11.117,0,inf,0,,6.556,4.187,69.392,T_shaped,1,3
gen_04987,6,-7.491,3.686,1,18,5.988,11.125,0,inf,0,,6.462,4.101,75.526,T_shaped,1,3
gen_04987,7,-7.450,3.705,1,18,5.537,12.752,0,inf,0,,6.730,4.516,65.775,T_shaped,0,3
gen_04987,8,-7.443,3.721,1,18,6.360,11.096,0,inf,0,,6.572,4.201,64.542,T_shaped,1,3
gen_04987,10,-7.433,3.690,1,18,4.915,10.947,0,inf,0,,6.495,4.163,79.737,T_shaped,1,3
gen_04989,1,-7.445,3.509,1,15,8.547,11.921,0,inf,0,,8.851,6.414,54.839,oblique,0,3
gen_04994,1,-6.861,3.762,1,19,3.243,10.915,0,inf,0,,6.192,3.626,57.393,oblique,0,2
gen_04994,2,-6.798,4.269,1,19,7.035,11.847,0,inf,0,,7.464,5.610,48.973,oblique,0,2
gen_04994,3,-6.788,3.822,1,19,3.080,10.865,0,inf,0,,6.161,3.581,56.525,oblique,0,2
gen_04994,4,-6.785,4.111,1,19,7.015,11.861,0,inf,0,,7.377,5.533,47.453,oblique,0,2
gen_04994,5,-6.781,3.800,1,19,3.311,10.923,0,inf,0,,6.302,3.725,57.313,oblique,0,2
gen_05001,9,-6.217,3.192,1,19,8.644,11.601,0,inf,0,,6.764,5.141,68.360,T_shaped,0,2
gen_05007,1,-7.681,6.359,0,18,2.622,10.893,0,9.132,0,aliphatic amine,3.705,3.579,3.036,parallel,1,3
gen_05007,2,-7.451,6.546,0,18,3.481,11.033,0,8.431,0,aliphatic amine,6.838,5.195,57.965,oblique,0,3
gen_05007,3,-7.423,6.538,0,18,3.469,11.016,0,8.443,0,aliphatic amine,6.895,5.251,56.977,oblique,0,3
gen_05011,5,-6.293,4.230,1,12,10.157,13.458,0,inf,0,,8.786,6.250,57.436,oblique,0,3
gen_05012,3,-8.053,3.696,1,17,9.995,13.613,0,inf,0,,9.201,6.805,37.976,oblique,0,3
gen_05019,1,-6.985,3.644,1,15,8.458,10.601,0,inf,0,,8.711,6.590,78.389,T_shaped,0,3
gen_05024,1,-8.740,3.208,1,21,8.788,9.043,0,inf,0,,6.767,4.323,57.836,oblique,0,4
gen_05024,2,-8.458,3.207,1,21,9.119,10.025,0,inf,0,,6.402,4.495,86.782,T_shaped,1,4
gen_05024,3,-8.413,3.808,1,21,8.921,9.651,0,inf,0,,7.293,4.926,53.318,oblique,0,4
gen_05024,4,-8.345,3.440,1,21,9.201,9.951,0,inf,0,,7.334,5.214,83.953,T_shaped,0,4
gen_05024,6,-8.285,3.800,1,21,9.084,10.820,0,inf,0,,6.864,4.979,67.889,T_shaped,0,4
gen_05024,7,-8.207,3.272,1,21,9.123,10.222,0,inf,0,,7.092,5.439,71.608,T_shaped,0,4
gen_05024,9,-8.080,3.778,1,21,9.014,10.404,0,inf,0,,7.791,5.383,42.288,oblique,0,4
gen_05024,11,-7.854,3.513,1,21,8.243,9.016,0,inf,0,,6.437,4.801,87.303,T_shaped,0,4
gen_05025,4,-7.643,3.222,1,18,8.897,10.701,0,12.148,0,aliphatic amine,8.644,6.138,77.671,T_shaped,0,2
gen_05025,5,-7.609,3.207,1,18,8.927,10.684,0,12.148,0,aliphatic amine,8.620,6.146,77.083,T_shaped,0,2
gen_05025,8,-7.569,3.298,1,18,9.162,9.162,0,11.904,0,aliphatic amine,8.471,5.954,73.416,T_shaped,0,2
gen_05025,9,-7.490,3.088,1,18,11.007,12.254,0,13.178,0,aliphatic amine,8.743,6.287,85.916,T_shaped,0,2
gen_05030,2,-7.927,6.862,0,16,8.978,11.128,0,inf,0,,9.205,7.134,45.558,oblique,0,4
gen_05030,6,-7.821,6.515,0,16,9.816,10.722,0,inf,0,,8.936,6.809,42.261,oblique,0,4
gen_05031,1,-8.199,3.508,1,16,10.406,12.520,0,inf,0,,7.980,5.989,82.498,T_shaped,0,3
gen_05031,2,-8.175,3.641,1,16,10.393,12.590,0,inf,0,,7.891,5.894,81.472,T_shaped,0,3
gen_05037,1,-8.172,3.643,1,17,6.699,12.040,0,inf,0,,6.391,3.827,74.176,T_shaped,1,4
gen_05037,2,-8.100,3.617,1,17,6.148,11.949,0,inf,0,,6.035,4.005,26.405,parallel,1,4
gen_05037,3,-8.058,3.671,1,17,6.743,12.022,0,inf,0,,6.313,3.721,76.886,T_shaped,1,4
gen_05037,4,-8.040,3.667,1,17,6.203,12.077,0,inf,0,,6.057,3.962,22.359,parallel,1,4
gen_05037,6,-8.004,3.608,1,17,6.652,11.905,0,inf,0,,6.163,3.626,85.359,T_shaped,1,4
gen_05039,5,-7.786,7.034,0,18,3.996,13.299,0,inf,0,,5.505,3.546,87.707,T_shaped,1,5
gen_05044,4,-6.882,5.974,0,14,3.598,10.883,0,inf,0,,5.653,3.596,81.339,T_shaped,1,3
gen_05044,5,-6.823,5.976,0,14,3.672,10.905,0,inf,0,,4.240,3.641,23.606,parallel,1,3
gen_05055,1,-6.631,5.582,0,17,6.531,11.551,0,inf,0,,7.088,4.465,78.498,T_shaped,1,2
gen_05055,5,-6.486,3.781,1,17,7.735,13.206,0,inf,0,,6.952,5.108,82.429,T_shaped,0,2
gen_05056,1,-7.980,6.023,0,9,7.245,12.502,0,inf,0,,8.528,6.112,66.280,T_shaped,0,3
gen_05058,1,-7.891,6.443,0,14,6.091,13.568,0,inf,0,,6.466,4.197,26.534,parallel,1,4
gen_05058,2,-7.687,6.395,0,14,8.060,13.650,0,inf,0,,8.214,5.697,29.906,parallel,0,4
gen_05058,4,-7.524,5.601,0,14,6.179,13.522,0,inf,0,,6.221,3.809,13.263,parallel,1,4
gen_05069,1,-6.716,3.465,1,11,9.725,12.081,0,inf,0,,6.995,4.900,59.880,oblique,0,3
gen_05069,3,-6.667,3.503,1,11,10.134,10.836,0,inf,0,,8.005,5.973,64.420,T_shaped,0,3
gen_05069,4,-6.666,3.478,1,11,10.304,11.267,0,inf,0,,8.512,6.258,54.637,oblique,0,3
gen_05069,8,-6.596,3.377,1,11,10.436,11.382,0,inf,0,,8.601,6.075,50.860,oblique,0,3
gen_05077,1,-6.844,5.183,0,19,9.332,11.672,0,inf,0,,8.624,6.049,32.632,oblique,0,3
gen_05077,2,-6.824,5.078,0,19,9.352,11.653,0,inf,0,,8.609,6.017,30.046,oblique,0,3
gen_05082,1,-7.176,3.212,1,19,8.641,11.349,0,inf,0,,8.112,5.465,17.657,parallel,0,4
gen_05085,2,-6.783,3.686,1,22,7.326,11.443,0,inf,0,,5.643,3.909,85.011,T_shaped,1,4
gen_05085,5,-6.522,3.365,1,22,6.966,11.191,0,inf,0,,5.977,4.102,83.570,T_shaped,1,4
gen_05085,9,-6.257,3.780,1,22,7.220,11.398,0,inf,0,,5.464,3.716,83.633,T_shaped,1,4
gen_05098,1,-7.338,6.501,0,12,7.799,11.609,0,inf,0,,8.378,6.109,66.962,T_shaped,0,3
gen_05098,2,-7.125,6.466,0,12,7.857,9.487,0,inf,0,,8.498,6.280,69.559,T_shaped,0,3
gen_05102,1,-6.554,3.572,1,10,8.822,11.600,0,inf,0,,8.396,6.002,39.664,oblique,0,2
gen_05110,1,-6.936,7.065,0,12,2.803,13.327,0,inf,0,,4.380,3.672,9.228,parallel,1,4
gen_05121,1,-7.902,3.598,1,20,7.667,10.974,0,inf,0,,7.233,4.557,41.785,oblique,0,2
gen_05121,2,-7.885,3.659,1,20,7.615,10.975,0,inf,0,,7.195,4.516,40.956,oblique,0,2
gen_05121,3,-7.883,3.619,1,20,7.666,11.031,0,inf,0,,7.223,4.544,41.358,oblique,0,2
gen_05121,4,-7.882,3.634,1,20,7.685,10.991,0,inf,0,,7.252,4.575,41.628,oblique,0,2
gen_05121,5,-7.877,3.684,1,20,7.602,10.966,0,inf,0,,7.204,4.529,40.800,oblique,0,2
gen_05121,6,-7.876,3.592,1,20,7.666,10.976,0,inf,0,,7.206,4.525,41.673,oblique,0,2
gen_05121,7,-7.792,3.742,1,20,9.543,11.962,0,inf,0,,6.873,4.510,81.425,T_shaped,0,2
gen_05122,11,-6.769,3.690,1,21,7.617,11.511,0,10.231,0,2-aminopyridine|aliphatic amine,8.409,6.538,69.516,T_shaped,0,3
gen_05129,6,-5.470,5.386,0,14,8.468,13.639,0,10.496,0,aliphatic amine,6.537,5.167,63.930,T_shaped,0,2
gen_05129,8,-5.380,4.386,1,14,8.588,13.517,0,10.624,0,aliphatic amine,6.425,5.001,66.216,T_shaped,0,2
gen_05133,2,-7.126,4.873,0,21,6.643,10.743,0,inf,0,,6.864,4.883,46.471,oblique,0,3
gen_05133,3,-7.117,4.805,0,21,6.735,10.734,0,inf,0,,6.923,5.013,47.780,oblique,0,3
gen_05134,1,-7.641,6.649,0,20,3.006,12.875,0,12.504,0,tetrahydronaphthyridine|2-aminopyridine,7.160,4.750,63.128,T_shaped,0,2
gen_05134,2,-7.609,6.682,0,20,3.013,12.887,0,12.480,0,tetrahydronaphthyridine|2-aminopyridine,7.172,4.727,72.411,T_shaped,0,2
gen_05134,3,-7.585,6.685,0,20,3.015,12.860,0,12.500,0,tetrahydronaphthyridine|2-aminopyridine,7.130,4.684,76.923,T_shaped,0,2
gen_05134,4,-7.519,6.506,0,20,2.951,13.225,0,12.671,0,tetrahydronaphthyridine|2-aminopyridine,7.318,4.879,84.584,T_shaped,0,2
gen_05134,6,-7.479,6.472,0,20,2.940,13.346,0,12.745,0,tetrahydronaphthyridine|2-aminopyridine,7.435,5.029,87.939,T_shaped,0,2
gen_05141,6,-7.249,3.446,1,17,6.127,11.395,0,inf,0,,6.163,3.682,50.599,oblique,0,4
gen_05144,12,-7.396,3.466,1,16,9.134,11.082,0,inf,0,,5.687,4.127,52.410,oblique,0,3
gen_05146,5,-6.937,3.086,1,18,10.257,13.391,0,inf,0,,5.967,4.323,27.304,parallel,1,4
gen_05146,8,-6.820,3.652,1,18,10.122,13.465,0,inf,0,,6.407,4.549,22.963,parallel,0,4
gen_05147,2,-7.481,3.658,1,17,9.390,13.588,0,inf,0,,6.019,3.541,55.069,oblique,0,4
gen_05147,4,-7.369,3.324,1,17,9.644,13.574,0,inf,0,,5.861,4.117,48.137,oblique,0,4
gen_05151,7,-7.061,3.459,1,17,10.183,11.839,0,11.593,0,aliphatic amine,9.550,7.185,8.332,parallel,0,3
gen_05153,1,-8.210,3.686,1,20,3.646,11.959,0,inf,0,,6.477,3.955,89.124,T_shaped,1,4
gen_05153,2,-8.180,3.733,1,20,3.723,11.983,0,inf,0,,5.827,3.504,84.564,T_shaped,1,4
gen_05153,3,-8.174,3.792,1,20,3.597,11.877,0,inf,0,,5.784,3.480,88.679,T_shaped,1,4
gen_05153,4,-8.171,3.705,1,20,3.594,11.864,0,inf,0,,6.350,3.825,89.188,T_shaped,1,4
gen_05153,5,-8.090,3.744,1,20,3.580,12.069,0,inf,0,,6.941,4.469,83.757,T_shaped,1,4
gen_05153,6,-8.075,3.676,1,20,3.602,11.817,0,inf,0,,6.324,3.805,89.164,T_shaped,1,4
gen_05153,7,-8.039,3.715,1,20,3.791,12.067,0,inf,0,,7.088,4.653,82.150,T_shaped,0,4
gen_05156,1,-6.563,3.561,1,17,8.628,13.235,0,9.916,0,aliphatic amine,7.012,4.295,44.659,oblique,0,3
gen_05156,5,-6.191,3.635,1,17,2.611,12.440,0,7.443,0,aliphatic amine,3.735,3.578,4.007,parallel,1,3
gen_05156,9,-6.036,4.816,0,17,2.275,13.092,0,8.540,0,aliphatic amine,3.752,3.593,6.279,parallel,1,3
gen_05156,10,-6.023,4.160,1,17,2.241,12.912,0,8.442,0,aliphatic amine,3.742,3.624,0.466,parallel,1,3
gen_05161,4,-7.489,3.967,1,15,9.455,10.516,0,11.392,0,aliphatic amine,8.423,5.872,59.806,oblique,0,2
gen_05161,5,-7.463,7.111,0,15,9.626,10.424,0,11.481,0,aliphatic amine,9.998,7.686,89.628,T_shaped,0,2
gen_05161,6,-7.431,6.996,0,15,7.779,8.941,0,11.511,0,aliphatic amine,9.237,6.898,73.979,T_shaped,0,2
gen_05161,7,-7.401,7.057,0,15,7.777,8.921,0,11.530,0,aliphatic amine,9.237,6.896,74.299,T_shaped,0,2
gen_05170,3,-8.220,3.323,1,20,6.311,12.063,0,inf,0,,6.087,4.099,57.368,oblique,0,3
gen_05177,2,-7.375,8.591,0,19,2.445,13.299,0,inf,0,,4.330,3.595,3.841,parallel,1,4
gen_05183,3,-7.114,3.517,1,14,9.675,13.232,0,inf,0,,7.681,5.460,55.431,oblique,0,3
gen_05185,4,-7.436,3.194,1,19,7.671,11.218,0,inf,0,,6.201,4.796,67.187,T_shaped,0,4
gen_05185,5,-7.417,3.168,1,19,7.675,11.218,0,inf,0,,6.170,4.823,67.996,T_shaped,0,4
gen_05185,7,-7.388,3.302,1,19,7.662,11.109,0,inf,0,,5.828,4.159,65.400,T_shaped,1,4
gen_05188,3,-7.258,3.768,1,16,9.607,12.384,0,12.384,0,aliphatic amine,9.155,6.881,82.227,T_shaped,0,3
gen_05193,2,-7.677,3.454,1,17,7.581,13.285,0,inf,0,,6.042,3.628,41.943,oblique,0,4
gen_05207,1,-6.441,6.598,0,17,8.976,13.476,0,inf,0,,10.948,8.575,68.329,T_shaped,0,1
gen_05207,2,-6.438,6.498,0,17,8.932,13.461,0,inf,0,,10.757,8.427,67.528,T_shaped,0,1
gen_05207,4,-6.293,6.453,0,17,8.874,14.027,0,inf,0,,10.691,8.349,67.816,T_shaped,0,1
gen_05214,4,-6.481,3.654,1,15,9.496,11.892,0,inf,0,,7.346,4.854,52.401,oblique,0,2
gen_05217,8,-8.046,3.389,1,18,9.589,11.708,0,inf,0,,6.761,4.515,66.594,T_shaped,0,4
gen_05227,3,-7.347,3.786,1,18,7.897,11.634,0,inf,0,,8.373,5.931,40.937,oblique,0,4
gen_05227,4,-7.346,4.013,1,18,7.788,11.687,0,inf,0,,8.303,5.873,39.790,oblique,0,4
gen_05229,5,-7.370,3.495,1,16,8.209,9.679,0,9.679,0,aliphatic amine,5.795,4.051,61.621,T_shaped,1,3
gen_05238,1,-8.548,3.446,1,17,7.350,12.972,0,12.972,0,aliphatic amine,7.215,4.673,68.599,T_shaped,0,3
gen_05238,2,-8.538,3.450,1,17,7.280,12.998,0,12.998,0,aliphatic amine,7.192,4.658,67.257,T_shaped,0,3
gen_05238,3,-8.509,3.647,1,17,7.160,13.082,0,13.082,0,aliphatic amine,7.674,5.197,61.190,T_shaped,0,3
gen_05238,4,-8.456,3.669,1,17,7.273,13.098,0,13.098,0,aliphatic amine,7.744,5.326,66.050,T_shaped,0,3
gen_05238,5,-8.447,3.464,1,17,7.143,12.917,0,12.917,0,aliphatic amine,7.242,4.725,71.625,T_shaped,0,3
gen_05241,1,-8.328,3.794,1,15,6.701,11.336,0,10.938,0,aliphatic amine,8.656,6.700,81.722,T_shaped,0,3
gen_05242,5,-7.064,6.066,0,19,2.249,13.677,0,inf,0,,6.035,3.505,73.842,T_shaped,1,3
gen_05242,7,-6.957,6.353,0,19,2.196,13.663,0,inf,0,,6.006,3.514,82.806,T_shaped,1,3
gen_05242,8,-6.952,6.275,0,19,2.183,13.669,0,inf,0,,5.995,3.494,80.280,T_shaped,1,3
gen_05243,3,-6.686,3.512,1,14,9.373,11.743,0,inf,0,,6.134,3.988,43.551,oblique,0,2
gen_05243,4,-6.686,3.619,1,14,9.755,11.900,0,inf,0,,6.847,4.498,49.543,oblique,0,2
gen_05243,5,-6.671,3.455,1,14,9.388,11.705,0,inf,0,,6.233,4.079,45.122,oblique,0,2
gen_05243,6,-6.661,3.625,1,14,9.306,11.595,0,inf,0,,6.599,4.295,43.359,oblique,0,2
gen_05243,7,-6.619,3.867,1,14,4.181,11.033,0,inf,0,,4.656,3.442,30.692,oblique,0,2
gen_05253,14,-6.241,3.570,1,16,10.794,13.384,0,inf,0,,8.850,6.251,88.855,T_shaped,0,3
gen_05257,3,-7.532,6.725,0,15,9.637,11.761,0,inf,0,,9.140,7.077,45.653,oblique,0,3
gen_05261,10,-7.799,3.409,1,17,9.119,13.468,0,inf,0,,7.482,5.286,42.155,oblique,0,4
gen_05262,2,-7.085,3.502,1,17,7.360,12.048,0,inf,0,,8.019,5.538,53.642,oblique,0,3
gen_05263,1,-6.884,3.590,1,14,7.352,12.282,0,inf,0,,6.110,3.600,66.199,T_shaped,1,3
gen_05263,3,-6.849,3.712,1,14,7.537,12.437,0,inf,0,,6.602,4.230,65.582,T_shaped,1,3
gen_05263,4,-6.821,3.706,1,14,7.518,12.452,0,inf,0,,6.668,4.311,63.532,T_shaped,1,3
gen_05263,6,-6.793,3.679,1,14,7.503,12.296,0,inf,0,,6.145,3.663,64.642,T_shaped,1,3
gen_05263,7,-6.759,3.634,1,14,7.641,12.940,0,inf,0,,6.067,3.582,62.973,T_shaped,1,3
gen_05263,9,-6.725,5.646,0,14,3.314,10.747,0,inf,0,,5.087,3.634,29.911,parallel,1,3
gen_05265,3,-7.648,6.534,0,18,6.229,11.139,0,inf,0,,5.366,3.855,47.290,oblique,0,3
gen_05265,4,-7.498,6.473,0,18,6.140,11.180,0,inf,0,,5.361,3.845,45.206,oblique,0,3
gen_05265,5,-7.405,5.982,0,18,5.414,11.169,0,inf,0,,5.527,3.836,42.210,oblique,0,3
gen_05265,6,-7.335,5.483,0,18,5.257,9.013,0,inf,0,,5.762,3.861,44.643,oblique,0,3
gen_05269,3,-6.711,5.764,0,19,2.660,11.398,0,11.398,0,aliphatic amine,4.050,3.607,5.186,parallel,1,4
gen_05269,4,-6.695,5.819,0,19,2.603,11.360,0,11.360,0,aliphatic amine,4.017,3.542,6.547,parallel,1,4
gen_05269,5,-6.650,5.595,0,19,2.809,11.513,0,11.513,0,aliphatic amine,4.147,3.538,7.140,parallel,1,4
gen_05269,6,-6.620,5.491,0,19,2.823,11.507,0,11.507,0,aliphatic amine,4.153,3.539,6.441,parallel,1,4
gen_05269,7,-6.574,3.658,1,19,9.002,10.942,0,10.942,0,aliphatic amine,6.925,5.361,84.720,T_shaped,0,4
gen_05269,8,-6.478,3.708,1,19,9.647,11.583,0,11.583,0,aliphatic amine,6.813,5.532,86.819,T_shaped,0,4
gen_05272,1,-7.505,4.295,1,13,11.539,13.470,0,inf,0,,9.475,8.143,86.004,T_shaped,0,2
gen_05282,3,-7.608,6.442,0,16,5.692,13.344,0,inf,0,,6.134,3.902,71.615,T_shaped,1,2
gen_05282,5,-7.538,6.665,0,16,5.685,13.375,0,inf,0,,6.366,4.169,70.523,T_shaped,1,2
gen_05285,1,-7.865,3.579,1,21,9.650,13.236,0,inf,0,,7.915,5.407,51.401,oblique,0,2
gen_05285,2,-7.843,3.634,1,21,9.538,13.260,0,inf,0,,7.617,5.146,53.905,oblique,0,2
gen_05285,3,-7.837,3.547,1,21,9.519,12.868,0,inf,0,,7.691,5.200,53.567,oblique,0,2
gen_05285,4,-7.813,3.877,1,21,9.492,12.914,0,inf,0,,7.628,5.124,53.074,oblique,0,2
gen_05285,5,-7.811,3.539,1,21,9.537,13.445,0,inf,0,,7.584,5.112,54.795,oblique,0,2
gen_05285,6,-7.746,3.642,1,21,9.518,13.697,0,inf,0,,7.899,5.372,53.920,oblique,0,2
gen_05285,7,-7.723,3.787,1,21,9.486,13.630,0,inf,0,,7.764,5.243,54.680,oblique,0,2
gen_05287,4,-7.155,3.767,1,10,10.934,13.744,0,inf,0,,9.263,6.794,36.357,oblique,0,3
gen_05288,6,-7.561,3.878,1,17,8.327,13.646,0,inf,0,,7.372,4.987,54.846,oblique,0,2
gen_05289,1,-8.221,4.857,0,18,2.320,12.159,0,inf,0,,3.864,3.505,12.035,parallel,1,4
gen_05289,2,-8.163,4.865,0,18,2.254,12.135,0,inf,0,,3.868,3.518,12.200,parallel,1,4
gen_05289,3,-8.161,4.795,0,18,2.283,12.193,0,inf,0,,3.867,3.509,11.152,parallel,1,4
gen_05294,5,-6.871,5.806,0,15,7.529,11.798,0,inf,0,,8.353,6.056,32.052,oblique,0,4
gen_05302,3,-7.139,3.539,1,18,6.891,10.936,0,inf,0,,6.387,3.932,30.101,oblique,0,3
gen_05311,1,-6.544,4.612,0,14,6.237,12.209,0,inf,0,,6.467,4.075,52.091,oblique,0,2
gen_05311,3,-6.474,4.614,0,14,6.213,12.202,0,inf,0,,6.456,4.002,58.211,oblique,0,2
gen_05311,7,-6.356,3.904,1,14,9.633,11.840,0,inf,0,,8.391,5.850,65.647,T_shaped,0,2
gen_05315,4,-8.364,3.800,1,19,9.292,11.324,0,inf,0,,8.028,5.990,67.975,T_shaped,0,4
gen_05318,1,-7.653,3.373,1,16,6.791,11.676,0,inf,0,,5.952,3.362,38.204,oblique,0,3
gen_05318,2,-7.641,3.388,1,16,6.755,11.665,0,inf,0,,5.942,3.364,37.165,oblique,0,3
gen_05318,4,-7.614,3.296,1,16,6.761,11.668,0,inf,0,,5.944,3.368,40.244,oblique,0,3
gen_05318,7,-7.469,3.649,1,16,6.863,11.629,0,inf,0,,5.913,3.348,44.057,oblique,0,3
gen_05329,1,-6.483,4.008,1,17,7.567,11.393,0,11.393,0,aliphatic amine,5.841,3.435,37.020,oblique,0,3
gen_05330,1,-6.601,7.106,0,18,6.540,12.008,0,12.008,0,aliphatic amine,8.305,5.986,87.598,T_shaped,0,3
gen_05330,2,-6.594,7.077,0,18,6.531,11.991,0,11.991,0,aliphatic amine,8.282,5.962,87.888,T_shaped,0,3
gen_05333,2,-6.969,6.243,0,13,8.684,13.509,0,inf,0,,9.147,6.540,73.831,T_shaped,0,3
gen_05333,3,-6.961,6.479,0,13,8.696,13.440,0,inf,0,,9.233,6.631,74.197,T_shaped,0,3
gen_05335,1,-8.592,3.610,1,16,10.013,11.801,0,inf,0,,6.430,4.358,68.776,T_shaped,1,4
gen_05335,2,-8.577,3.598,1,16,10.459,11.842,0,inf,0,,7.013,4.785,72.090,T_shaped,0,4
gen_05335,3,-8.519,3.782,1,16,10.373,12.415,0,inf,0,,6.968,4.768,69.242,T_shaped,0,4
gen_05335,4,-8.519,3.722,1,16,10.530,12.641,0,inf,0,,7.103,4.892,69.556,T_shaped,0,4
gen_05335,5,-8.515,3.636,1,16,10.060,12.632,0,inf,0,,6.535,4.430,70.525,T_shaped,1,4
gen_05335,6,-8.513,3.792,1,16,10.384,12.262,0,inf,0,,6.995,4.781,68.236,T_shaped,0,4
gen_05335,7,-8.418,3.676,1,16,11.236,12.061,0,inf,0,,7.600,5.477,67.333,T_shaped,0,4
gen_05338,1,-6.851,6.767,0,18,5.995,12.271,0,inf,0,,8.446,6.086,70.048,T_shaped,0,4
gen_05338,2,-6.827,6.778,0,18,5.937,12.244,0,inf,0,,8.382,6.018,71.119,T_shaped,0,4
gen_05341,1,-6.752,5.975,0,9,8.564,10.555,0,9.875,0,aliphatic amine,11.033,8.648,43.250,oblique,0,1
gen_05341,2,-6.699,5.875,0,9,8.813,10.573,0,9.880,0,aliphatic amine,11.037,8.630,43.432,oblique,0,1
gen_05341,6,-6.407,6.111,0,9,8.511,10.532,0,9.828,0,aliphatic amine,10.741,8.956,70.192,T_shaped,0,1
gen_05341,7,-6.398,5.681,0,9,8.644,10.480,0,9.861,0,aliphatic amine,10.082,7.626,69.623,T_shaped,0,1
gen_05346,9,-6.010,5.302,0,12,8.203,13.325,0,inf,0,,9.053,6.872,40.318,oblique,0,2
gen_05358,1,-7.718,3.653,1,20,8.856,10.932,0,inf,0,,8.153,5.925,71.909,T_shaped,0,3
gen_05358,2,-7.718,3.858,1,20,8.781,10.936,0,inf,0,,7.749,5.473,84.589,T_shaped,0,3
gen_05358,3,-7.717,3.701,1,20,8.914,10.959,0,inf,0,,7.890,5.625,84.315,T_shaped,0,3
gen_05358,4,-7.695,4.085,1,20,8.884,10.909,0,inf,0,,8.342,6.419,64.287,T_shaped,0,3
gen_05358,5,-7.674,3.860,1,20,8.933,10.914,0,inf,0,,9.159,6.570,59.752,oblique,0,3
gen_05358,6,-7.633,3.677,1,20,8.874,10.902,0,inf,0,,9.058,6.471,60.679,T_shaped,0,3
gen_05358,7,-7.629,3.450,1,20,8.912,10.872,0,inf,0,,9.125,6.528,60.024,T_shaped,0,3
gen_05358,8,-7.628,3.715,1,20,8.874,10.896,0,inf,0,,8.977,6.432,55.872,oblique,0,3
gen_05358,9,-7.610,3.705,1,20,8.912,10.964,0,inf,0,,9.056,6.383,53.018,oblique,0,3
gen_05358,10,-7.605,3.770,1,20,9.345,11.449,0,inf,0,,9.394,6.836,40.230,oblique,0,3
gen_05358,11,-7.602,3.491,1,20,8.812,10.810,0,inf,0,,7.830,5.548,64.277,T_shaped,0,3
gen_05358,12,-7.563,3.671,1,20,8.987,10.840,0,inf,0,,9.048,6.496,58.981,oblique,0,3
gen_05358,13,-7.447,3.711,1,20,8.897,10.791,0,inf,0,,7.215,4.836,62.805,T_shaped,0,3
gen_05359,7,-6.166,3.780,1,20,9.540,13.478,0,11.941,0,aliphatic amine,6.817,4.335,79.600,T_shaped,1,3
gen_05360,3,-6.808,3.717,1,18,8.621,13.602,0,inf,0,tetrahydronaphthyridine,6.379,4.620,85.085,T_shaped,0,3
gen_05365,1,-6.860,4.209,1,13,9.921,12.031,0,inf,0,,9.339,6.862,56.618,oblique,0,2
gen_05370,1,-6.994,3.775,1,15,9.294,10.687,0,inf,0,,7.080,5.300,59.111,oblique,0,4
gen_05371,1,-6.822,5.004,0,14,7.313,10.995,0,inf,0,,7.887,5.712,43.956,oblique,0,2
gen_05371,2,-6.771,5.116,0,14,7.298,11.032,0,inf,0,,7.892,5.678,44.683,oblique,0,2
gen_05375,8,-5.935,3.647,1,12,8.525,13.433,0,inf,0,,7.208,4.468,22.324,parallel,1,3
gen_05383,6,-6.322,6.632,0,12,8.060,11.774,0,inf,0,,7.478,5.085,32.087,oblique,0,3
gen_05383,7,-6.290,3.656,1,12,8.780,11.008,0,inf,0,,7.525,5.429,84.769,T_shaped,0,3
gen_05383,11,-6.075,3.998,1,12,8.610,11.049,0,inf,0,,8.422,6.063,72.292,T_shaped,0,3
gen_05383,12,-6.054,3.451,1,12,9.416,13.738,0,inf,0,,6.393,4.106,30.671,oblique,0,3
gen_05387,5,-7.431,3.660,1,20,8.533,8.879,0,inf,0,,6.415,3.934,51.752,oblique,0,4
gen_05388,8,-6.788,6.788,0,18,2.902,13.317,0,inf,0,,5.039,3.512,30.176,oblique,0,4
gen_05389,2,-6.798,6.962,0,12,10.426,10.967,0,inf,0,,9.769,8.089,56.278,oblique,0,3
gen_05393,1,-6.891,7.099,0,12,2.928,11.003,0,inf,0,,3.775,3.634,1.692,parallel,1,2
gen_05393,2,-6.783,7.138,0,12,3.436,10.899,0,inf,0,,7.026,4.985,65.682,T_shaped,0,2
gen_05400,1,-7.516,6.104,0,18,2.938,12.907,0,11.870,0,aliphatic amine,5.683,3.218,48.353,oblique,0,3
gen_05400,3,-7.409,6.178,0,18,2.832,12.879,0,11.894,0,aliphatic amine,5.723,3.294,48.524,oblique,0,3
gen_05400,4,-7.398,6.040,0,18,2.708,12.927,0,12.002,0,aliphatic amine,5.727,3.256,48.378,oblique,0,3
gen_05410,1,-7.768,3.468,1,20,7.750,12.271,0,inf,0,,5.850,3.524,59.300,oblique,0,4
gen_05410,2,-7.765,3.463,1,20,7.665,12.274,0,inf,0,,5.829,3.526,60.187,T_shaped,1,4
gen_05418,1,-6.821,3.598,1,13,8.975,10.564,0,inf,0,,5.946,3.988,59.366,oblique,0,2
gen_05418,2,-6.814,3.585,1,13,9.008,10.581,0,inf,0,,5.872,3.897,59.882,oblique,0,2
gen_05422,1,-8.495,3.538,1,21,9.982,10.900,0,12.154,0,aliphatic amine,7.908,5.583,62.181,T_shaped,0,4
gen_05424,1,-6.544,5.400,0,11,9.103,10.831,0,11.404,0,aliphatic amine,9.127,6.490,33.049,oblique,0,2
gen_05424,2,-6.461,6.129,0,11,9.134,10.846,0,11.460,0,aliphatic amine,9.138,6.502,33.659,oblique,0,2
gen_05427,1,-7.559,3.716,1,16,2.161,10.732,0,inf,0,,3.839,3.609,6.640,parallel,1,3
gen_05427,2,-7.558,3.804,1,16,2.142,10.714,0,inf,0,,3.800,3.598,6.402,parallel,1,3
gen_05427,3,-7.500,3.780,1,16,2.189,10.713,0,inf,0,,3.811,3.565,6.522,parallel,1,3
gen_05427,4,-7.480,3.820,1,16,2.143,10.688,0,inf,0,,3.808,3.566,6.089,parallel,1,3
gen_05427,5,-7.415,5.885,0,16,2.133,10.565,0,inf,0,,3.750,3.559,5.164,parallel,1,3
gen_05427,6,-7.395,5.934,0,16,2.123,10.690,0,inf,0,,3.825,3.600,6.331,parallel,1,3
gen_05427,7,-7.372,3.681,1,16,2.144,10.495,0,inf,0,,3.756,3.589,6.878,parallel,1,3
gen_05427,8,-7.327,3.681,1,16,2.123,10.474,0,inf,0,,3.745,3.582,6.362,parallel,1,3
gen_05427,9,-7.324,6.719,0,16,2.355,10.316,0,inf,0,,4.731,3.558,51.157,oblique,0,3
gen_05427,10,-7.299,6.622,0,16,2.341,10.580,0,inf,0,,4.031,3.398,26.166,parallel,1,3
gen_05427,11,-7.281,6.517,0,16,2.506,10.587,0,inf,0,,5.219,3.438,28.998,parallel,1,3
gen_05433,1,-6.245,7.798,0,8,10.987,13.552,0,inf,0,,10.218,8.649,63.818,T_shaped,0,2
gen_05433,2,-6.214,7.589,0,8,10.818,12.300,0,inf,0,,10.084,8.410,60.468,T_shaped,0,2
gen_05442,1,-6.883,6.769,0,11,9.803,12.137,0,12.137,0,aliphatic amine,9.503,8.013,69.240,T_shaped,0,2
gen_05442,2,-6.817,6.451,0,11,9.899,12.299,0,12.299,0,aliphatic amine,9.529,7.996,70.945,T_shaped,0,2
gen_05445,1,-8.052,6.301,0,18,2.198,11.991,0,inf,0,,3.783,3.535,9.650,parallel,1,4
gen_05445,2,-8.051,6.376,0,18,2.203,12.000,0,inf,0,,3.925,3.553,9.496,parallel,1,4
gen_05445,3,-8.017,6.254,0,18,2.201,12.042,0,inf,0,,3.772,3.505,10.510,parallel,1,4
gen_05445,4,-7.859,6.305,0,18,2.188,11.937,0,inf,0,,3.846,3.531,8.028,parallel,1,4
gen_05445,5,-7.839,6.447,0,18,2.178,11.909,0,inf,0,,3.836,3.544,7.772,parallel,1,4
gen_05447,1,-6.801,3.630,1,18,8.046,10.451,0,inf,0,,6.945,4.754,57.420,oblique,0,3
gen_05447,2,-6.722,3.594,1,18,8.288,10.519,0,inf,0,,7.132,4.940,58.788,oblique,0,3
gen_05447,6,-6.695,4.827,0,18,9.108,11.024,0,inf,0,,9.362,6.960,42.208,oblique,0,3
gen_05447,7,-6.672,4.883,0,18,9.021,10.974,0,inf,0,,9.287,6.903,44.257,oblique,0,3
gen_05450,13,-6.330,3.499,1,11,8.714,12.947,0,inf,0,,5.899,3.915,82.829,T_shaped,1,3
gen_05454,3,-7.918,3.712,1,15,9.940,13.561,0,inf,0,,6.335,4.741,86.056,T_shaped,0,4
gen_05457,2,-6.220,3.942,1,11,8.931,9.951,0,inf,0,,6.667,4.274,53.309,oblique,0,2
gen_05458,1,-6.484,5.632,0,14,5.249,10.961,0,inf,0,,6.278,4.073,77.521,T_shaped,1,3
gen_05460,5,-6.834,3.566,1,13,11.105,13.530,0,inf,0,,9.584,7.427,40.363,oblique,0,3
gen_05469,4,-7.648,3.473,1,22,9.089,13.475,0,inf,0,,5.520,3.756,72.527,T_shaped,1,4
gen_05472,1,-7.752,3.228,1,20,9.355,11.523,0,inf,0,,8.876,6.498,83.994,T_shaped,0,3
gen_05472,2,-7.674,3.379,1,20,9.581,11.722,0,inf,0,,8.806,6.394,78.069,T_shaped,0,3
gen_05472,3,-7.636,3.431,1,20,9.486,11.721,0,inf,0,,8.773,6.375,80.100,T_shaped,0,3
gen_05472,7,-7.454,3.550,1,20,9.451,11.679,0,inf,0,,8.322,5.879,63.292,T_shaped,0,3
gen_05472,13,-7.362,3.392,1,20,8.791,11.634,0,inf,0,,7.159,4.883,58.934,oblique,0,3
gen_05477,2,-7.279,5.079,0,20,5.963,11.033,0,inf,0,,5.402,3.632,83.011,T_shaped,1,3
gen_05477,3,-7.273,5.128,0,20,6.127,11.014,0,inf,0,,5.505,3.771,81.455,T_shaped,1,3
gen_05484,2,-6.714,8.059,0,15,3.702,8.917,0,11.387,0,aliphatic amine,5.419,3.521,84.016,T_shaped,1,3
gen_05484,3,-6.701,8.064,0,15,3.815,8.894,0,11.352,0,aliphatic amine,5.533,3.621,84.760,T_shaped,1,3
gen_05485,9,-6.921,3.656,1,18,6.940,13.313,0,inf,0,,6.917,4.779,12.612,parallel,0,3
gen_05485,11,-6.881,3.717,1,18,7.414,12.837,0,inf,0,,7.675,5.352,36.624,oblique,0,3
gen_05490,2,-7.098,3.592,1,18,6.698,13.209,0,inf,0,,7.291,4.749,49.900,oblique,0,2
gen_05494,1,-7.197,7.090,0,13,2.364,11.039,0,inf,0,,6.190,3.806,67.492,T_shaped,1,3
gen_05494,2,-7.171,7.124,0,13,2.519,10.977,0,inf,0,,6.190,3.828,70.340,T_shaped,1,3
gen_05496,5,-6.041,4.371,1,14,7.245,13.104,0,inf,0,,7.554,5.336,68.433,T_shaped,0,3
gen_05497,1,-7.076,3.399,1,21,6.166,12.293,0,inf,0,,5.788,3.840,62.695,T_shaped,1,4
gen_05497,2,-7.008,3.453,1,21,6.037,12.225,0,inf,0,,5.645,3.749,62.419,T_shaped,1,4
gen_05498,3,-6.032,3.801,1,14,9.104,10.768,0,inf,0,,6.895,5.154,57.041,oblique,0,3
gen_05501,1,-6.962,3.759,1,15,9.060,10.985,0,10.985,0,aliphatic amine,10.951,8.806,46.970,oblique,0,1
gen_05501,2,-6.960,3.735,1,15,8.976,10.986,0,10.996,0,aliphatic amine,10.914,8.777,47.100,oblique,0,1
gen_05501,3,-6.913,4.124,1,15,8.531,8.893,0,10.409,0,aliphatic amine,10.851,8.907,53.814,oblique,0,1
gen_05501,4,-6.911,4.094,1,15,8.543,8.893,0,10.411,0,aliphatic amine,10.839,8.881,54.118,oblique,0,1
gen_05502,2,-6.802,3.718,1,9,7.912,12.405,0,inf,0,,6.667,4.346,38.508,oblique,0,2
gen_05516,4,-8.070,6.785,0,16,3.347,11.154,0,8.896,0,2-aminoazole,6.757,4.237,76.956,T_shaped,1,5
gen_05517,1,-6.647,3.448,1,17,10.111,13.453,0,inf,0,,7.017,4.714,59.553,oblique,0,2
gen_05530,1,-7.775,6.355,0,13,7.070,7.820,0,inf,0,,7.639,5.537,68.959,T_shaped,0,4
gen_05531,1,-7.424,3.807,1,16,2.621,9.804,0,inf,0,,4.004,3.625,8.499,parallel,1,3
gen_05532,4,-7.948,3.428,1,19,8.655,10.865,0,inf,0,,7.177,4.981,71.735,T_shaped,0,3
gen_05534,1,-7.544,3.514,1,23,8.897,10.744,0,inf,0,,9.022,6.906,70.593,T_shaped,0,2
gen_05534,2,-7.387,6.011,0,23,5.941,10.878,0,inf,0,,6.847,4.417,56.549,oblique,0,2
gen_05534,3,-7.365,3.317,1,23,9.327,10.608,0,inf,0,,9.184,7.170,70.002,T_shaped,0,2
gen_05534,4,-7.356,6.849,0,23,6.310,13.432,0,inf,0,,6.245,3.811,19.110,parallel,1,2
gen_05534,5,-7.339,6.105,0,23,6.143,11.377,0,inf,0,,6.669,4.410,56.976,oblique,0,2
gen_05534,6,-7.308,6.195,0,23,6.096,10.815,0,inf,0,,6.377,3.980,61.762,T_shaped,1,2
gen_05535,5,-7.962,3.094,1,20,8.595,10.048,0,inf,0,,7.767,5.659,85.491,T_shaped,0,3
gen_05535,6,-7.954,3.255,1,20,8.585,13.458,0,inf,0,,7.802,5.775,89.653,T_shaped,0,3
gen_05535,8,-7.880,3.259,1,20,8.593,10.045,0,inf,0,,7.718,5.602,87.618,T_shaped,0,3
gen_05539,2,-6.234,3.604,1,17,6.680,13.436,0,inf,0,,8.243,5.656,4.935,parallel,0,2
gen_05539,3,-6.182,3.849,1,17,8.906,13.470,0,inf,0,,8.951,6.378,60.956,T_shaped,0,2
gen_05539,8,-6.029,3.538,1,17,10.157,10.926,0,inf,0,,6.890,4.842,69.517,T_shaped,0,2
gen_05539,10,-5.965,3.711,1,17,9.240,13.406,0,inf,0,,6.935,4.637,70.340,T_shaped,0,2
gen_05539,11,-5.961,3.562,1,17,10.211,10.893,0,inf,0,,6.991,4.905,70.970,T_shaped,0,2
gen_05540,2,-7.750,3.439,1,17,5.928,13.377,0,inf,0,,6.742,4.195,54.442,oblique,0,4
gen_05541,2,-6.440,3.885,1,20,2.997,11.001,0,14.922,0,aliphatic amine,4.105,3.571,17.436,parallel,1,3
gen_05541,5,-6.388,3.828,1,20,7.913,12.812,0,12.812,0,aliphatic amine,6.352,3.887,65.275,T_shaped,1,3
gen_05541,11,-6.296,4.030,1,20,3.328,11.080,0,14.628,0,aliphatic amine,4.434,3.663,7.180,parallel,1,3
gen_05541,12,-6.290,3.880,1,20,3.339,11.047,0,14.922,0,aliphatic amine,5.588,4.068,69.859,T_shaped,1,3
gen_05541,15,-6.123,3.563,1,20,9.059,10.168,0,11.486,0,aliphatic amine,5.938,4.668,82.048,T_shaped,0,3
gen_05548,1,-7.532,3.711,1,17,9.782,11.466,0,12.084,0,aliphatic amine,6.778,4.647,63.432,T_shaped,0,3
gen_05548,2,-7.519,3.687,1,17,9.822,11.491,0,11.909,0,aliphatic amine,6.758,4.654,61.946,T_shaped,0,3
gen_05550,9,-7.007,3.641,1,15,8.605,13.396,0,inf,0,,7.273,4.757,22.550,parallel,0,3
gen_05550,10,-6.979,3.787,1,15,8.742,13.760,0,inf,0,,7.443,5.169,35.220,oblique,0,3
gen_05555,1,-7.853,3.857,1,21,7.755,13.542,0,inf,0,,6.080,3.792,57.341,oblique,0,3
gen_05557,7,-7.017,3.425,1,19,9.418,13.604,0,10.436,0,aliphatic amine,7.112,4.842,57.780,oblique,0,2
gen_05560,1,-6.558,6.387,0,16,5.057,10.695,0,inf,0,,5.000,3.461,30.373,oblique,0,4
gen_05564,8,-7.418,3.713,1,21,2.570,12.784,0,inf,0,,4.577,3.422,16.520,parallel,1,5
gen_05564,11,-7.396,3.644,1,21,2.569,12.347,0,inf,0,,3.808,3.515,9.685,parallel,1,5
gen_05566,4,-6.100,4.130,1,21,8.158,11.109,0,inf,0,,8.070,5.516,40.702,oblique,0,2
gen_05566,5,-6.083,4.080,1,21,8.113,10.983,0,inf,0,,8.121,5.578,41.415,oblique,0,2
gen_05567,1,-7.371,3.550,1,13,9.348,11.062,0,12.013,0,aliphatic amine,9.363,7.181,87.504,T_shaped,0,2
gen_05567,3,-7.241,3.578,1,13,8.742,9.117,0,12.011,0,aliphatic amine,9.491,7.313,85.764,T_shaped,0,2
gen_05568,2,-6.083,4.320,1,14,7.584,11.803,0,inf,0,,10.039,8.595,70.309,T_shaped,0,1
gen_05569,1,-7.519,3.648,1,18,7.340,10.283,0,9.746,0,tetrahydronaphthyridine|2-aminopyridine,6.363,3.879,57.684,oblique,0,2
gen_05569,3,-7.476,3.576,1,18,7.631,10.517,0,9.492,0,tetrahydronaphthyridine|2-aminopyridine,6.101,3.566,55.017,oblique,0,2
gen_05569,4,-7.453,3.752,1,18,7.909,10.982,0,9.780,0,tetrahydronaphthyridine|2-aminopyridine,6.275,3.797,50.849,oblique,0,2
gen_05569,6,-7.435,3.817,1,18,6.604,10.496,0,8.850,0,tetrahydronaphthyridine|2-aminopyridine,5.851,3.684,47.473,oblique,0,2
gen_05569,8,-7.362,3.213,1,18,8.877,11.690,0,10.607,0,tetrahydronaphthyridine|2-aminopyridine,5.473,4.321,72.928,T_shaped,1,2
gen_05569,10,-7.340,5.570,0,18,7.562,11.058,0,11.954,0,tetrahydronaphthyridine|2-aminopyridine,7.465,5.704,73.453,T_shaped,0,2
gen_05569,11,-7.306,3.743,1,18,8.063,10.314,0,10.187,0,tetrahydronaphthyridine|2-aminopyridine,6.565,4.156,47.358,oblique,0,2
gen_05569,12,-7.306,3.526,1,18,7.512,10.392,0,9.753,0,tetrahydronaphthyridine|2-aminopyridine,6.328,3.811,66.399,T_shaped,1,2
gen_05573,4,-6.860,3.583,1,18,7.094,12.795,0,inf,0,,6.002,3.419,58.094,oblique,0,3
gen_05573,8,-6.802,3.551,1,18,7.192,12.571,0,inf,0,,7.216,4.606,60.285,T_shaped,0,3
gen_05573,9,-6.798,3.582,1,18,7.098,12.504,0,inf,0,,7.286,4.672,59.546,oblique,0,3
gen_05573,10,-6.795,3.554,1,18,7.144,12.532,0,inf,0,,7.245,4.617,58.002,oblique,0,3
gen_05573,11,-6.789,3.514,1,18,7.107,12.515,0,inf,0,,7.286,4.675,59.912,oblique,0,3
gen_05576,1,-6.781,6.888,0,8,2.223,11.579,0,inf,0,,6.186,3.730,79.324,T_shaped,1,2
gen_05584,1,-7.324,4.771,0,20,8.164,11.145,0,10.386,0,tetrahydronaphthyridine|2-aminopyridine,6.527,4.981,64.995,T_shaped,0,3
gen_05585,5,-7.666,7.069,0,16,2.560,13.809,0,9.475,0,aliphatic amine,3.694,3.514,3.745,parallel,1,2
gen_05589,1,-8.485,5.648,0,17,2.025,13.724,0,inf,0,,5.749,3.397,89.301,T_shaped,1,4
gen_05589,2,-8.469,5.698,0,17,2.100,13.772,0,inf,0,,5.733,3.376,85.244,T_shaped,1,4
gen_05589,3,-8.348,5.609,0,17,2.256,11.877,0,inf,0,,5.628,3.298,89.409,T_shaped,1,4
gen_05589,4,-8.330,5.783,0,17,2.141,13.729,0,inf,0,,5.745,3.417,87.821,T_shaped,1,4
gen_05589,6,-8.151,5.824,0,17,2.132,12.174,0,inf,0,,5.671,3.308,89.078,T_shaped,1,4
gen_05591,10,-7.317,3.608,1,18,7.901,12.630,0,inf,0,,7.397,4.856,54.243,oblique,0,4
gen_05598,6,-6.524,3.677,1,16,9.306,11.098,0,inf,0,,6.619,4.350,32.806,oblique,0,3
gen_05598,8,-6.492,3.652,1,16,9.501,11.100,0,inf,0,,6.621,4.341,32.983,oblique,0,3
gen_05598,9,-6.478,3.511,1,16,8.588,13.503,0,inf,0,,6.101,3.956,35.573,oblique,0,3
gen_05607,1,-7.207,6.535,0,14,8.000,13.368,0,inf,0,,8.069,5.532,34.621,oblique,0,3
gen_05608,4,-6.948,5.047,0,17,8.821,10.061,0,inf,0,,8.115,5.477,50.096,oblique,0,3
gen_05617,3,-7.152,6.640,0,17,7.222,11.274,0,inf,0,,9.654,7.456,67.039,T_shaped,0,3
gen_05617,4,-7.145,6.614,0,17,7.238,11.276,0,inf,0,,9.661,7.467,67.762,T_shaped,0,3
gen_05620,4,-7.402,3.541,1,18,8.015,13.353,0,inf,0,,6.748,4.589,59.242,oblique,0,4
gen_05625,4,-6.922,3.363,1,12,10.400,13.364,0,inf,0,,6.817,4.790,71.826,T_shaped,0,3
gen_05625,7,-6.808,3.685,1,12,10.361,13.359,0,inf,0,,7.050,4.934,68.313,T_shaped,0,3
gen_05625,8,-6.679,3.573,1,12,8.628,13.294,0,inf,0,,6.872,4.741,67.701,T_shaped,0,3
gen_05628,2,-7.037,3.322,1,18,7.205,13.464,0,inf,0,,6.872,5.141,68.894,T_shaped,0,4
gen_05628,3,-7.027,3.494,1,18,7.500,13.291,0,inf,0,,6.695,5.254,80.173,T_shaped,0,4
gen_05628,4,-7.026,3.451,1,18,7.330,13.376,0,inf,0,,6.925,5.218,70.270,T_shaped,0,4
gen_05635,1,-7.384,6.586,0,17,3.613,10.942,0,inf,0,,4.269,3.684,29.244,parallel,1,3
gen_05641,12,-7.377,3.329,1,19,9.543,13.396,0,inf,0,,6.251,3.981,82.588,T_shaped,1,4
gen_05647,1,-8.138,6.209,0,20,8.580,11.571,0,11.571,0,aliphatic amine,9.926,7.531,33.047,oblique,0,4
gen_05647,2,-8.131,6.194,0,20,8.594,11.567,0,11.567,0,aliphatic amine,9.934,7.535,33.704,oblique,0,4
gen_05647,3,-7.968,6.130,0,20,7.113,11.587,0,11.587,0,aliphatic amine,7.054,4.695,36.699,oblique,0,4
gen_05647,4,-7.930,6.325,0,20,8.608,11.563,0,11.563,0,aliphatic amine,9.199,6.719,19.513,parallel,0,4
gen_05654,3,-7.273,3.821,1,15,6.822,10.828,0,inf,0,,8.449,5.916,55.111,oblique,0,3
gen_05668,3,-7.593,3.720,1,18,3.169,12.936,0,inf,0,,5.655,3.651,73.361,T_shaped,1,3
gen_05669,5,-6.924,6.713,0,15,6.351,11.619,0,inf,0,,8.971,7.161,86.111,T_shaped,0,2
gen_05675,3,-7.545,3.741,1,17,9.695,13.506,0,inf,0,,8.312,6.365,67.508,T_shaped,0,4
gen_05675,6,-7.110,3.506,1,17,9.805,13.430,0,inf,0,,8.468,6.571,65.865,T_shaped,0,4
gen_05679,12,-6.973,3.541,1,15,5.293,13.736,0,inf,0,,5.409,3.683,32.390,oblique,0,5
gen_05680,12,-6.591,3.374,1,22,8.682,11.718,0,11.718,0,aliphatic amine,5.867,4.174,48.923,oblique,0,4
gen_05681,1,-7.569,3.971,1,17,3.119,12.381,0,inf,0,,5.748,3.405,87.494,T_shaped,1,3
gen_05681,2,-7.549,3.749,1,17,3.538,12.198,0,inf,0,,5.757,3.573,85.269,T_shaped,1,3
gen_05681,3,-7.520,4.027,1,17,2.687,12.316,0,inf,0,,5.687,3.283,89.366,T_shaped,1,3
gen_05681,4,-7.516,3.938,1,17,3.584,12.466,0,inf,0,,5.673,3.469,85.473,T_shaped,1,3
gen_05681,5,-7.513,3.784,1,17,2.738,12.245,0,inf,0,,5.741,3.315,89.356,T_shaped,1,3
gen_05681,6,-7.443,3.804,1,17,2.923,12.179,0,inf,0,,5.731,3.383,88.752,T_shaped,1,3
gen_05682,3,-7.854,3.457,1,19,8.989,10.533,0,inf,0,,5.843,4.167,66.989,T_shaped,1,3
gen_05682,4,-7.751,3.575,1,19,9.120,10.692,0,inf,0,,8.864,6.435,76.142,T_shaped,0,3
gen_05683,1,-7.395,3.564,1,17,9.814,10.855,0,inf,0,,6.687,4.318,75.378,T_shaped,1,4
gen_05685,2,-7.151,6.090,0,15,9.235,10.575,0,inf,0,,9.436,7.655,82.194,T_shaped,0,3
gen_05685,3,-7.146,6.082,0,15,9.190,10.572,0,inf,0,,9.440,7.652,82.365,T_shaped,0,3
gen_05689,1,-6.487,3.645,1,11,8.700,10.272,0,9.843,0,tetrahydronaphthyridine|2-aminopyridine|aliphatic amine,6.347,3.888,62.650,T_shaped,1,2
gen_05689,2,-6.377,5.245,0,11,8.638,10.959,0,10.964,0,tetrahydronaphthyridine|2-aminopyridine|aliphatic amine,6.906,5.228,65.513,T_shaped,0,2
gen_05689,3,-6.350,3.639,1,11,8.551,10.634,0,9.954,0,tetrahydronaphthyridine|2-aminopyridine|aliphatic amine,6.490,4.024,57.430,oblique,0,2
gen_05689,7,-6.174,6.663,0,11,6.638,13.175,0,10.226,0,tetrahydronaphthyridine|2-aminopyridine|aliphatic amine,8.369,6.035,40.856,oblique,0,2
gen_05689,8,-6.158,4.999,0,11,8.007,8.849,0,8.523,0,tetrahydronaphthyridine|2-aminopyridine|aliphatic amine,8.832,6.533,82.224,T_shaped,0,2
gen_05689,10,-6.080,6.908,0,11,9.017,13.229,0,10.467,0,tetrahydronaphthyridine|2-aminopyridine|aliphatic amine,9.799,8.199,63.267,T_shaped,0,2
gen_05689,11,-6.064,7.027,0,11,8.191,13.452,0,9.863,0,tetrahydronaphthyridine|2-aminopyridine|aliphatic amine,8.326,6.000,43.550,oblique,0,2
gen_05694,1,-6.654,3.767,1,18,9.483,10.850,0,10.850,0,aliphatic amine,7.128,4.717,76.004,T_shaped,0,2
gen_05694,2,-6.603,5.612,0,18,4.917,14.136,0,14.261,0,aliphatic amine,6.563,4.371,56.725,oblique,0,2
gen_05694,9,-6.455,5.358,0,18,3.880,13.555,0,14.122,0,aliphatic amine,6.135,4.470,66.989,T_shaped,1,2
gen_05694,10,-6.453,3.720,1,18,8.819,13.555,0,14.261,0,aliphatic amine,8.830,6.419,73.298,T_shaped,0,2
gen_05694,11,-6.408,3.730,1,18,8.785,13.441,0,14.126,0,aliphatic amine,6.200,4.042,41.451,oblique,0,2
gen_05694,12,-6.382,4.084,1,18,8.864,13.504,0,14.104,0,aliphatic amine,7.103,4.824,59.085,oblique,0,2
gen_05696,2,-7.325,6.549,0,13,6.108,13.510,0,inf,0,,6.189,4.166,8.182,parallel,1,3
gen_05697,1,-7.168,6.502,0,13,2.929,13.273,0,inf,0,,3.862,3.445,12.976,parallel,1,1
gen_05697,2,-7.160,6.523,0,13,2.903,13.258,0,inf,0,,3.867,3.475,12.470,parallel,1,1
gen_05697,3,-7.156,6.514,0,13,2.889,13.273,0,inf,0,,3.914,3.584,11.961,parallel,1,1
gen_05703,2,-7.125,6.289,0,17,10.096,13.249,0,inf,0,,9.560,7.957,76.850,T_shaped,0,4
gen_05703,3,-7.116,6.304,0,17,10.061,13.253,0,inf,0,,9.602,8.002,76.522,T_shaped,0,4
gen_05703,4,-7.004,6.219,0,17,9.883,13.315,0,inf,0,,9.574,7.968,74.884,T_shaped,0,4
gen_05707,11,-6.616,3.702,1,14,8.344,9.086,0,11.161,0,aliphatic amine,8.577,6.140,54.942,oblique,0,2
gen_05714,6,-6.671,3.712,1,20,9.278,13.490,0,12.233,0,aliphatic amine,10.387,7.765,10.306,parallel,0,2
gen_05720,4,-7.114,3.527,1,17,5.556,11.142,0,11.142,0,aliphatic amine,5.900,3.741,27.579,parallel,1,4
gen_05720,5,-7.113,3.639,1,17,5.660,11.163,0,11.163,0,aliphatic amine,5.923,3.803,29.093,parallel,1,4
gen_05727,1,-7.658,3.673,1,15,8.076,12.930,0,10.169,0,aliphatic amine,7.152,4.721,69.743,T_shaped,0,2
gen_05727,4,-7.092,3.740,1,15,8.004,12.941,0,10.101,0,aliphatic amine,8.923,6.765,71.110,T_shaped,0,2
gen_05727,5,-7.077,4.657,0,15,7.557,11.954,0,9.526,0,aliphatic amine,8.891,6.546,54.455,oblique,0,2
gen_05727,7,-7.004,3.434,1,15,7.408,12.990,0,9.308,0,aliphatic amine,6.824,4.344,58.512,oblique,0,2
gen_05727,8,-6.953,4.706,0,15,7.749,12.851,0,9.501,0,aliphatic amine,8.734,6.336,52.342,oblique,0,2
gen_05727,9,-6.812,3.610,1,15,7.678,12.492,0,9.339,0,aliphatic amine,7.517,5.421,61.059,T_shaped,0,2
gen_05731,1,-6.320,3.954,1,12,7.362,13.237,0,13.237,0,aliphatic amine,7.182,4.881,49.979,oblique,0,2
gen_05731,2,-6.221,3.885,1,12,7.203,11.009,0,13.140,0,aliphatic amine,7.409,5.063,48.765,oblique,0,2
gen_05731,4,-6.174,3.943,1,12,7.371,11.167,0,12.974,0,aliphatic amine,6.983,4.645,45.435,oblique,0,2
gen_05731,7,-6.140,4.154,1,12,8.351,11.410,0,11.410,0,aliphatic amine,8.678,6.211,79.762,T_shaped,0,2
gen_05731,8,-6.134,3.619,1,12,8.795,11.404,0,11.404,0,aliphatic amine,6.647,5.237,79.864,T_shaped,0,2
gen_05731,12,-6.057,4.180,1,12,7.213,12.864,0,13.021,0,aliphatic amine,6.761,4.500,53.042,oblique,0,2
gen_05732,1,-8.695,6.764,0,12,3.420,11.100,0,7.679,0,aliphatic amine,5.889,3.945,66.853,T_shaped,1,3
gen_05733,1,-6.991,4.482,1,16,4.092,13.482,0,inf,0,,4.658,3.571,32.917,oblique,0,3
gen_05734,1,-7.039,6.032,0,13,3.516,11.534,0,inf,0,,5.591,3.683,89.726,T_shaped,1,3
gen_05734,8,-6.862,5.595,0,13,4.578,11.440,0,inf,0,,5.590,3.600,88.415,T_shaped,1,3
gen_05745,1,-7.583,6.638,0,15,6.076,13.486,0,inf,0,,6.633,4.099,83.554,T_shaped,1,3
gen_05745,2,-7.511,6.690,0,15,6.029,13.467,0,inf,0,,6.619,4.088,80.977,T_shaped,1,3
gen_05747,4,-6.951,6.102,0,16,9.917,11.948,0,inf,0,,9.959,7.582,41.634,oblique,0,3
gen_05754,2,-7.386,8.940,0,16,2.463,12.905,0,inf,0,,4.503,3.510,18.900,parallel,1,4
gen_05754,3,-7.380,8.999,0,16,2.495,12.908,0,inf,0,,4.593,3.502,21.456,parallel,1,4
gen_05757,5,-7.051,3.721,1,17,8.966,12.757,0,11.503,0,aliphatic amine,8.158,5.891,81.559,T_shaped,0,2
gen_05760,1,-7.104,3.562,1,14,8.960,11.001,0,inf,0,,7.856,5.608,89.808,T_shaped,0,2
gen_05761,1,-7.496,3.870,1,8,8.226,12.216,0,inf,0,,8.467,6.101,55.619,oblique,0,4
gen_05763,1,-6.444,5.252,0,16,8.409,11.068,0,13.403,0,tetrahydronaphthyridine|2-aminopyridine,6.655,5.344,76.868,T_shaped,0,2
gen_05763,2,-6.443,5.285,0,16,8.395,11.096,0,13.397,0,tetrahydronaphthyridine|2-aminopyridine,6.638,5.347,76.581,T_shaped,0,2
gen_05763,3,-6.314,4.904,0,16,7.842,11.030,0,13.424,0,tetrahydronaphthyridine|2-aminopyridine,6.667,5.373,76.016,T_shaped,0,2
gen_05763,4,-6.306,4.949,0,16,8.065,11.016,0,13.416,0,tetrahydronaphthyridine|2-aminopyridine,6.709,5.418,78.206,T_shaped,0,2
gen_05763,5,-6.278,5.251,0,16,8.312,9.160,0,13.377,0,tetrahydronaphthyridine|2-aminopyridine,6.604,5.325,72.000,T_shaped,0,2
gen_05763,6,-6.261,5.318,0,16,8.333,9.165,0,13.336,0,tetrahydronaphthyridine|2-aminopyridine,6.580,5.318,70.432,T_shaped,0,2
gen_05763,7,-5.869,4.770,0,16,8.559,12.250,0,10.716,0,tetrahydronaphthyridine|2-aminopyridine,6.707,5.373,70.445,T_shaped,0,2
gen_05763,8,-5.858,5.342,0,16,7.332,10.890,0,13.063,0,tetrahydronaphthyridine|2-aminopyridine,6.320,4.972,66.357,T_shaped,0,2
gen_05763,9,-5.852,4.287,1,16,8.480,12.528,0,10.783,0,tetrahydronaphthyridine|2-aminopyridine,6.912,5.370,67.063,T_shaped,0,2
gen_05764,9,-7.694,3.305,1,22,6.864,13.661,0,inf,0,,6.120,4.553,47.869,oblique,0,2
gen_05764,10,-7.599,3.572,1,22,7.247,13.580,0,inf,0,,6.427,4.760,45.490,oblique,0,2
gen_05764,12,-7.366,3.391,1,22,7.161,13.702,0,inf,0,,6.466,4.813,44.231,oblique,0,2
gen_05775,1,-6.620,6.463,0,5,9.366,11.532,0,inf,0,,10.329,8.951,75.663,T_shaped,0,2
gen_05779,3,-6.520,6.261,0,20,7.663,11.173,0,inf,0,,8.777,6.500,83.826,T_shaped,0,3
gen_05780,1,-6.836,3.650,1,13,9.346,10.501,0,inf,0,,7.530,5.115,53.238,oblique,0,3
gen_05780,2,-6.835,3.725,1,13,9.402,10.442,0,inf,0,,6.882,4.566,50.171,oblique,0,3
gen_05780,3,-6.830,3.763,1,13,9.417,10.411,0,inf,0,,6.856,4.524,48.598,oblique,0,3
gen_05780,4,-6.818,3.640,1,13,9.325,10.538,0,inf,0,,7.491,5.066,54.720,oblique,0,3
gen_05780,5,-6.781,3.643,1,13,9.379,10.559,0,inf,0,,7.588,5.152,54.937,oblique,0,3
gen_05780,6,-6.780,3.802,1,13,9.543,10.427,0,inf,0,,6.845,4.557,45.941,oblique,0,3
gen_05780,7,-6.760,3.713,1,13,9.782,10.582,0,inf,0,,7.458,5.047,53.069,oblique,0,3
gen_05787,3,-6.355,6.628,0,18,5.074,10.400,0,inf,0,,5.348,3.454,82.092,T_shaped,1,3
gen_05787,4,-6.255,6.403,0,18,8.517,10.617,0,inf,0,,6.428,4.348,65.253,T_shaped,1,3
gen_05789,2,-7.019,3.622,1,11,8.906,12.885,0,inf,0,,9.984,8.364,58.596,oblique,0,2
gen_05789,4,-6.987,3.624,1,11,8.978,11.766,0,inf,0,,9.745,7.996,49.208,oblique,0,2
gen_05789,5,-6.985,3.573,1,11,8.899,12.897,0,inf,0,,9.972,8.320,56.951,oblique,0,2
gen_05789,11,-6.916,6.660,0,11,2.661,11.044,0,inf,0,,4.907,3.597,79.214,T_shaped,1,2
gen_05789,12,-6.884,3.621,1,11,8.795,11.106,0,inf,0,,9.901,8.179,52.709,oblique,0,2
gen_05791,8,-7.942,3.678,1,16,9.442,13.695,0,inf,0,,7.196,5.075,67.762,T_shaped,0,4
gen_05804,1,-7.645,3.741,1,15,8.532,13.394,0,15.490,0,aliphatic amine,8.035,5.327,4.975,parallel,0,2
gen_05804,2,-7.461,3.613,1,15,8.516,13.406,0,13.569,0,aliphatic amine,8.033,5.327,4.944,parallel,0,2
gen_05804,3,-7.253,3.663,1,15,8.559,13.414,0,14.222,0,aliphatic amine,8.034,5.318,6.410,parallel,0,2
gen_05810,2,-6.476,3.688,1,20,9.225,11.057,0,11.057,0,aliphatic amine,7.723,5.398,49.543,oblique,0,3
gen_05810,5,-6.431,3.596,1,20,8.550,10.981,0,10.981,0,aliphatic amine,7.970,5.674,54.377,oblique,0,3
gen_05810,6,-6.412,3.165,1,20,8.580,10.890,0,10.890,0,aliphatic amine,6.165,4.267,89.813,T_shaped,1,3
gen_05810,7,-6.281,3.680,1,20,8.423,10.800,0,10.800,0,aliphatic amine,8.200,5.859,61.691,T_shaped,0,3
gen_05810,9,-6.217,3.532,1,20,8.764,11.134,0,11.134,0,aliphatic amine,7.879,5.323,43.378,oblique,0,3
gen_05810,10,-6.204,3.658,1,20,8.733,11.061,0,11.061,0,aliphatic amine,7.145,5.075,54.642,oblique,0,3
gen_05815,1,-6.458,6.746,0,9,8.932,10.926,0,inf,0,,9.088,7.224,46.672,oblique,0,2
gen_05822,6,-6.071,5.801,0,14,7.093,13.755,0,inf,0,,6.128,3.488,57.394,oblique,0,2
gen_05822,8,-6.044,5.458,0,14,7.202,13.736,0,inf,0,,6.082,3.398,61.357,T_shaped,1,2
gen_05822,9,-6.038,5.963,0,14,6.944,13.682,0,inf,0,,6.025,3.406,57.307,oblique,0,2
gen_05822,12,-5.986,3.770,1,14,8.768,11.263,0,inf,0,,8.470,6.403,80.963,T_shaped,0,2
gen_05822,14,-5.949,6.035,0,14,8.977,11.066,0,inf,0,,10.024,7.656,82.350,T_shaped,0,2
gen_05824,1,-7.410,5.896,0,24,6.896,10.838,0,inf,0,,8.844,6.646,82.610,T_shaped,0,2
gen_05824,2,-7.384,5.853,0,24,6.911,10.882,0,inf,0,,8.853,6.658,82.684,T_shaped,0,2
gen_05824,3,-7.360,5.840,0,24,6.888,10.876,0,inf,0,,8.833,6.636,83.138,T_shaped,0,2
gen_05824,4,-7.326,5.818,0,24,6.980,10.857,0,inf,0,,8.862,6.683,83.068,T_shaped,0,2
gen_05825,6,-7.584,3.478,1,14,11.047,13.404,0,inf,0,,9.564,7.372,62.782,T_shaped,0,3
gen_05827,1,-6.446,3.776,1,20,8.800,10.630,0,inf,0,,9.604,7.895,48.303,oblique,0,2
gen_05827,2,-6.366,4.056,1,20,9.128,10.658,0,inf,0,,9.392,7.387,37.044,oblique,0,2
gen_05827,3,-6.346,4.503,0,20,9.057,10.756,0,inf,0,,9.815,8.348,59.733,oblique,0,2
gen_05831,1,-6.653,4.640,0,7,8.415,11.691,0,10.263,0,aliphatic amine,9.773,7.663,53.974,oblique,0,1
gen_05831,2,-6.643,4.547,0,7,8.411,11.670,0,10.281,0,aliphatic amine,9.837,7.757,55.935,oblique,0,1
gen_05831,3,-6.435,5.058,0,7,8.277,11.640,0,10.179,0,aliphatic amine,9.460,7.807,81.588,T_shaped,0,1
gen_05831,4,-6.382,5.020,0,7,8.322,11.658,0,10.198,0,aliphatic amine,8.764,6.272,65.580,T_shaped,0,1
gen_05840,3,-7.784,3.628,1,18,7.707,13.734,0,inf,0,,6.224,3.780,37.386,oblique,0,4
gen_05843,8,-7.077,3.525,1,12,11.123,13.509,0,inf,0,,8.412,5.864,72.994,T_shaped,0,3
gen_05844,1,-6.211,7.090,0,17,7.205,13.499,0,inf,0,,inf,inf,,no_aromatic_ring,0,0
gen_05844,10,-5.867,4.547,0,17,7.626,13.006,0,inf,0,,inf,inf,,no_aromatic_ring,0,0
gen_05844,12,-5.836,4.601,0,17,7.083,13.397,0,inf,0,,inf,inf,,no_aromatic_ring,0,0
gen_05853,4,-6.856,4.045,1,19,9.219,11.113,0,inf,0,,7.686,5.338,22.847,parallel,0,3
gen_05853,5,-6.840,3.389,1,19,9.196,11.050,0,inf,0,,7.555,4.902,18.955,parallel,0,3
gen_05853,6,-6.824,3.617,1,19,9.222,11.052,0,inf,0,,7.763,5.126,19.731,parallel,0,3
gen_05853,7,-6.811,4.032,1,19,9.165,11.036,0,inf,0,,8.126,5.690,12.712,parallel,0,3
gen_05855,5,-7.215,3.502,1,17,8.356,13.328,0,11.727,0,aliphatic amine,9.806,8.128,73.515,T_shaped,0,2
gen_05855,6,-7.198,3.523,1,17,7.934,13.353,0,11.690,0,aliphatic amine,10.004,8.093,77.616,T_shaped,0,2
gen_05856,6,-7.010,6.762,0,12,9.968,13.597,0,inf,0,,9.260,7.985,64.997,T_shaped,0,4
gen_05856,8,-7.001,6.754,0,12,9.980,13.614,0,inf,0,,9.263,7.996,64.720,T_shaped,0,4
gen_05857,1,-6.880,6.509,0,13,5.232,10.891,0,inf,0,,7.477,5.587,83.760,T_shaped,0,3
gen_05857,2,-6.868,6.486,0,13,5.235,10.897,0,inf,0,,7.446,5.551,84.609,T_shaped,0,3
gen_05857,3,-6.793,6.538,0,13,4.787,10.885,0,inf,0,,6.635,4.749,82.753,T_shaped,0,3
gen_05870,4,-8.290,6.094,0,19,7.855,10.756,0,inf,0,,8.228,5.745,60.163,T_shaped,0,4
gen_05871,2,-7.305,6.812,0,8,7.542,12.024,0,12.024,0,2-aminopyridine,8.623,6.293,70.397,T_shaped,0,3
gen_05874,8,-7.167,5.843,0,16,7.700,13.518,0,inf,0,tetrahydronaphthyridine,6.653,4.145,74.955,T_shaped,1,3
gen_05876,5,-6.908,3.919,1,21,3.110,7.335,0,9.856,0,aliphatic amine,5.749,3.696,65.123,T_shaped,1,4
gen_05876,7,-6.855,3.485,1,21,6.326,9.059,0,9.767,0,aliphatic amine,5.127,3.512,84.835,T_shaped,1,4
gen_05876,10,-6.791,6.241,0,21,7.627,11.650,0,10.426,0,aliphatic amine,8.499,6.296,40.533,oblique,0,4
gen_05876,11,-6.775,6.171,0,21,6.559,11.494,0,10.409,0,aliphatic amine,8.560,6.339,30.180,oblique,0,4
gen_05876,15,-6.696,3.842,1,21,8.680,11.064,0,9.704,0,aliphatic amine,7.571,5.869,70.002,T_shaped,0,4
gen_05879,1,-7.536,6.025,0,23,3.087,10.883,0,10.401,0,aliphatic amine,6.967,4.807,80.461,T_shaped,0,3
gen_05879,2,-7.221,3.330,1,23,7.268,12.556,0,9.769,0,aliphatic amine,6.166,3.621,52.573,oblique,0,3
gen_05879,3,-7.178,5.573,0,23,2.715,12.624,0,12.097,0,aliphatic amine,5.252,3.671,81.618,T_shaped,1,3
gen_05879,4,-7.126,3.382,1,23,7.320,12.582,0,9.835,0,aliphatic amine,6.184,3.647,53.031,oblique,0,3
gen_05879,5,-7.103,3.362,1,23,7.227,12.184,0,9.568,0,aliphatic amine,6.176,3.656,51.022,oblique,0,3
gen_05880,4,-6.630,4.284,1,18,8.423,10.927,0,11.482,0,aliphatic amine,8.838,6.267,45.695,oblique,0,3
gen_05880,6,-6.116,6.099,0,18,4.530,13.449,0,11.470,0,aliphatic amine,4.562,3.643,35.625,oblique,0,3
gen_05894,1,-5.879,3.856,1,17,7.389,13.746,0,inf,0,,6.319,4.269,59.126,oblique,0,3
gen_05894,4,-5.847,3.903,1,17,7.420,13.698,0,inf,0,,6.260,4.205,61.738,T_shaped,1,3
gen_05894,5,-5.831,3.925,1,17,7.842,13.684,0,inf,0,,6.671,4.861,59.956,oblique,0,3
gen_05894,9,-5.772,3.918,1,17,7.798,13.799,0,inf,0,,6.646,4.817,59.314,oblique,0,3
gen_05902,1,-6.094,6.399,0,13,6.444,13.288,0,10.614,0,aliphatic amine,10.324,8.567,77.451,T_shaped,0,1
gen_05904,2,-6.607,5.786,0,19,4.914,12.305,0,12.305,0,aliphatic amine,4.912,3.574,33.407,oblique,0,4
gen_05904,3,-6.606,5.838,0,19,4.941,12.339,0,12.339,0,aliphatic amine,4.951,3.566,32.028,oblique,0,4
gen_05904,6,-6.582,3.609,1,19,9.580,11.089,0,12.786,0,aliphatic amine,6.615,4.242,82.632,T_shaped,1,4
gen_05904,11,-6.495,3.686,1,19,9.648,11.089,0,12.948,0,aliphatic amine,6.653,4.293,81.899,T_shaped,1,4
gen_05904,13,-6.477,3.657,1,19,9.582,11.061,0,12.699,0,aliphatic amine,6.610,4.231,82.582,T_shaped,1,4
gen_05906,1,-8.294,3.461,1,13,8.696,10.886,0,10.477,0,aliphatic amine,9.371,7.459,81.743,T_shaped,0,2
gen_05906,2,-8.285,3.466,1,13,8.566,10.890,0,10.526,0,aliphatic amine,9.474,7.326,75.463,T_shaped,0,2
gen_05906,3,-8.235,3.583,1,13,8.473,10.916,0,10.442,0,aliphatic amine,9.501,7.541,62.586,T_shaped,0,2
gen_05907,2,-7.200,7.340,0,11,3.066,13.586,0,inf,0,,5.750,3.516,85.969,T_shaped,1,4
gen_05909,1,-5.504,6.227,0,4,8.562,11.669,0,inf,0,,8.163,5.466,19.303,parallel,0,1
gen_05910,5,-7.180,7.557,0,16,2.329,13.548,0,inf,0,,5.505,3.194,82.818,T_shaped,1,4
gen_05914,5,-7.037,3.526,1,17,8.774,11.609,0,inf,0,,6.198,3.900,56.070,oblique,0,3
gen_05919,1,-7.900,3.856,1,12,7.185,11.068,0,10.690,0,tetrahydronaphthyridine|2-aminopyridine,8.764,6.387,48.057,oblique,0,2
gen_05919,2,-7.761,5.241,0,12,7.584,11.019,0,11.019,0,tetrahydronaphthyridine|2-aminopyridine,9.008,6.985,46.678,oblique,0,2
gen_05928,1,-6.415,7.458,0,13,9.497,13.518,0,13.546,0,aliphatic amine,9.869,7.570,66.051,T_shaped,0,2
gen_05930,2,-8.281,3.482,1,17,9.637,10.535,0,inf,0,,6.270,4.882,81.441,T_shaped,0,4
gen_05930,3,-8.255,3.420,1,17,9.635,10.572,0,inf,0,,6.218,4.830,82.299,T_shaped,0,4
gen_05930,4,-8.239,3.312,1,17,9.376,10.437,0,inf,0,,6.145,4.708,84.019,T_shaped,0,4
gen_05932,1,-7.247,5.779,0,11,7.191,11.883,0,11.883,0,aliphatic amine,7.981,6.050,70.887,T_shaped,0,2
gen_05932,2,-7.224,3.905,1,11,7.313,12.323,0,12.323,0,aliphatic amine,7.222,5.163,58.303,oblique,0,2
gen_05938,1,-6.477,3.861,1,14,11.394,12.154,0,inf,0,,9.273,6.906,59.054,oblique,0,3
gen_05938,2,-6.401,3.823,1,14,9.439,10.889,0,inf,0,,8.652,6.105,62.793,T_shaped,0,3
gen_05938,3,-6.302,3.994,1,14,8.838,10.410,0,inf,0,,8.499,5.947,59.946,oblique,0,3
gen_05940,3,-7.208,3.703,1,14,9.032,11.709,0,inf,0,,9.935,7.422,55.732,oblique,0,2
gen_05953,7,-7.427,3.067,1,17,8.621,13.174,0,inf,0,,6.490,4.158,65.888,T_shaped,1,5
gen_05955,11,-6.140,3.568,1,20,9.983,13.310,0,inf,0,,7.158,4.949,66.306,T_shaped,0,3
gen_05955,12,-6.072,3.503,1,20,7.707,13.433,0,inf,0,,6.450,4.934,66.420,T_shaped,0,3
gen_05956,2,-6.816,6.819,0,18,5.376,11.894,0,11.249,0,aliphatic amine,6.172,3.702,84.422,T_shaped,1,2
gen_05961,3,-7.087,3.410,1,20,10.069,11.050,0,inf,0,,5.501,4.081,47.458,oblique,0,4
gen_05961,5,-6.989,3.528,1,20,9.343,11.013,0,inf,0,,5.734,4.077,58.106,oblique,0,4
gen_05961,6,-6.918,3.407,1,20,9.351,11.928,0,inf,0,,5.825,4.134,60.022,T_shaped,1,4
gen_05962,1,-7.436,3.548,1,14,8.531,11.103,0,inf,0,,6.232,3.823,57.224,oblique,0,2
gen_05962,2,-7.274,3.719,1,14,8.576,11.689,0,inf,0,,6.261,3.829,53.835,oblique,0,2
gen_05966,1,-8.036,3.581,1,21,8.163,12.040,0,inf,0,,8.189,6.063,67.083,T_shaped,0,4
gen_05966,2,-8.003,3.530,1,21,7.917,12.041,0,inf,0,,8.217,6.040,70.014,T_shaped,0,4
gen_05966,3,-7.997,3.604,1,21,9.194,12.055,0,inf,0,,8.137,5.994,71.242,T_shaped,0,4
gen_05966,8,-7.965,3.633,1,21,9.999,12.143,0,inf,0,,8.035,5.916,67.646,T_shaped,0,4
gen_05966,10,-7.929,3.671,1,21,9.965,12.142,0,inf,0,,8.167,5.994,65.826,T_shaped,0,4
gen_05975,1,-6.596,4.909,0,10,6.855,11.135,0,inf,0,,7.472,4.793,54.287,oblique,0,2
gen_05977,2,-6.705,3.739,1,19,3.313,12.479,0,12.070,0,tetrahydronaphthyridine|2-aminopyridine,6.454,4.599,89.829,T_shaped,0,3
gen_05977,3,-6.667,3.802,1,19,3.848,10.859,0,12.081,0,tetrahydronaphthyridine|2-aminopyridine,6.379,4.537,88.986,T_shaped,0,3
gen_05977,6,-6.582,3.854,1,19,3.281,12.614,0,12.165,0,tetrahydronaphthyridine|2-aminopyridine,6.580,4.722,87.971,T_shaped,0,3
gen_05977,8,-6.551,6.387,0,19,4.078,13.269,0,11.958,0,tetrahydronaphthyridine|2-aminopyridine,6.065,3.925,48.005,oblique,0,3
gen_05977,9,-6.542,4.107,1,19,3.110,12.370,0,12.048,0,tetrahydronaphthyridine|2-aminopyridine,6.519,4.691,77.228,T_shaped,0,3
gen_05977,10,-6.538,6.103,0,19,3.030,13.027,0,11.813,0,tetrahydronaphthyridine|2-aminopyridine,5.992,3.889,49.047,oblique,0,3
gen_05977,14,-6.459,3.763,1,19,5.577,12.462,0,13.416,0,tetrahydronaphthyridine|2-aminopyridine,6.145,4.795,80.973,T_shaped,0,3
gen_05981,1,-7.677,3.661,1,13,10.522,11.475,0,inf,0,,9.466,7.123,53.425,oblique,0,2
gen_05981,2,-7.439,3.564,1,13,9.990,10.638,0,inf,0,,8.285,5.986,54.302,oblique,0,2
gen_05982,1,-6.618,3.742,1,9,9.071,13.417,0,11.830,0,aliphatic amine,7.772,5.416,89.333,T_shaped,0,1
gen_05982,3,-6.376,3.715,1,9,8.623,13.483,0,11.118,0,aliphatic amine,6.819,4.370,88.089,T_shaped,1,1
gen_05982,5,-6.324,3.734,1,9,8.753,14.159,0,10.861,0,aliphatic amine,7.262,4.840,84.193,T_shaped,0,1
gen_05982,6,-6.287,3.686,1,9,8.743,13.503,0,11.358,0,aliphatic amine,7.453,4.893,86.017,T_shaped,0,1
gen_05982,7,-6.240,3.534,1,9,8.710,13.176,0,10.822,0,aliphatic amine,6.676,4.266,83.480,T_shaped,1,1
gen_05982,9,-6.189,3.641,1,9,8.871,13.372,0,11.482,0,aliphatic amine,6.930,4.587,87.299,T_shaped,0,1
gen_05993,1,-6.276,5.706,0,14,7.855,9.590,0,9.590,0,aliphatic amine,6.597,4.705,89.184,T_shaped,0,3
gen_05993,2,-6.267,7.091,0,14,6.672,7.554,0,11.403,0,aliphatic amine,6.304,4.781,55.598,oblique,0,3
gen_05993,3,-6.267,5.610,0,14,8.598,10.417,0,10.417,0,aliphatic amine,6.771,4.980,85.520,T_shaped,0,3
gen_05993,4,-6.252,7.067,0,14,6.436,9.008,0,11.185,0,aliphatic amine,6.217,4.557,57.086,oblique,0,3
gen_05993,6,-6.056,5.764,0,14,8.047,9.792,0,9.792,0,aliphatic amine,6.711,4.820,88.003,T_shaped,0,3
gen_06007,1,-6.506,3.613,1,15,8.352,11.478,0,inf,0,,7.688,5.374,46.879,oblique,0,2
gen_06007,2,-6.399,3.438,1,15,8.322,11.441,0,inf,0,,7.638,5.325,47.983,oblique,0,2
gen_06007,3,-6.362,3.748,1,15,7.942,11.410,0,inf,0,,6.217,3.822,71.117,T_shaped,1,2
gen_06007,4,-6.232,3.761,1,15,7.993,11.411,0,inf,0,,6.241,3.804,70.477,T_shaped,1,2
gen_06007,6,-6.004,3.768,1,15,7.430,11.370,0,inf,0,,5.924,3.749,74.872,T_shaped,1,2
gen_06012,1,-7.957,6.530,0,20,2.961,10.443,0,inf,0,,4.363,3.530,36.605,oblique,0,4
gen_06012,2,-7.880,6.006,0,20,3.205,9.784,0,inf,0,,5.684,3.563,82.117,T_shaped,1,4
gen_06012,3,-7.776,6.013,0,20,3.142,9.783,0,inf,0,,5.021,3.364,40.191,oblique,0,4
gen_06014,6,-6.734,3.924,1,16,9.335,11.425,0,inf,0,,6.199,4.112,67.472,T_shaped,1,4
gen_06014,8,-6.632,3.708,1,16,7.261,12.911,0,inf,0,,6.191,3.893,84.179,T_shaped,1,4
gen_06018,1,-6.874,3.757,1,15,8.912,10.502,0,inf,0,,7.260,4.913,47.104,oblique,0,3
gen_06018,2,-6.822,3.808,1,15,8.790,10.369,0,inf,0,,7.190,4.870,46.782,oblique,0,3
gen_06021,16,-7.009,3.666,1,17,5.482,13.629,0,inf,0,,5.328,3.597,21.964,parallel,1,4
gen_06027,1,-7.178,4.339,1,16,8.468,9.630,0,inf,0,,6.496,5.175,72.862,T_shaped,0,3
gen_06036,3,-6.764,4.209,1,13,8.315,13.536,0,inf,0,,7.497,5.860,65.105,T_shaped,0,3
gen_06042,7,-6.398,3.748,1,19,7.897,13.508,0,inf,0,,6.696,4.667,50.321,oblique,0,3
gen_06043,9,-7.629,3.759,1,16,10.740,13.451,0,inf,0,,8.096,6.063,47.413,oblique,0,4
gen_06043,13,-7.459,3.685,1,16,10.610,13.247,0,inf,0,,8.188,6.215,54.676,oblique,0,4
gen_06043,14,-7.458,3.794,1,16,10.612,13.206,0,inf,0,,8.102,6.145,54.505,oblique,0,4
gen_06051,1,-7.365,6.255,0,9,8.137,12.737,0,inf,0,,8.247,6.030,33.947,oblique,0,4
gen_06052,12,-6.956,3.695,1,18,4.803,13.385,0,inf,0,,7.126,4.904,27.726,parallel,0,3
gen_06054,4,-7.187,3.475,1,18,9.512,12.723,0,inf,0,,9.808,7.475,66.681,T_shaped,0,3
gen_06056,1,-8.149,4.090,1,18,2.119,11.918,0,inf,0,,3.757,3.560,7.798,parallel,1,4
gen_06060,1,-7.887,3.693,1,20,3.582,10.996,0,inf,0,,5.754,3.385,87.247,T_shaped,1,4
gen_06060,2,-7.672,3.652,1,20,8.146,10.959,0,inf,0,,7.223,4.831,60.397,T_shaped,0,4
gen_06060,6,-7.618,4.565,0,20,3.626,11.333,0,inf,0,,5.502,3.201,89.838,T_shaped,1,4
gen_06060,7,-7.605,4.311,1,20,8.506,11.078,0,inf,0,,7.858,5.855,74.988,T_shaped,0,4
gen_06060,8,-7.598,4.230,1,20,7.618,11.884,0,inf,0,,7.274,4.820,34.164,oblique,0,4
gen_06060,9,-7.516,4.408,1,20,7.553,11.874,0,inf,0,,7.328,4.900,31.831,oblique,0,4
gen_06060,10,-7.504,3.851,1,20,8.576,11.149,0,inf,0,,7.705,5.685,74.335,T_shaped,0,4
gen_06060,13,-7.333,3.915,1,20,7.402,11.699,0,inf,0,,7.275,4.843,31.589,oblique,0,4
gen_06073,3,-5.965,3.455,1,14,9.085,13.392,0,inf,0,,5.894,3.783,58.494,oblique,0,2
gen_06074,10,-6.398,4.786,0,12,8.389,13.537,0,inf,0,,9.508,6.914,45.487,oblique,0,3
gen_06074,11,-6.348,4.736,0,12,8.437,13.446,0,inf,0,,9.256,6.754,44.267,oblique,0,3
gen_06075,1,-6.397,5.038,0,18,6.380,11.785,0,inf,0,,6.170,4.155,55.971,oblique,0,3
gen_06075,2,-6.360,5.023,0,18,7.156,13.666,0,inf,0,,6.160,4.127,53.887,oblique,0,3
gen_06075,3,-6.330,4.933,0,18,6.311,11.773,0,inf,0,,6.153,4.144,54.863,oblique,0,3
gen_06075,4,-6.299,5.078,0,18,7.291,13.643,0,inf,0,,6.185,4.166,54.869,oblique,0,3
gen_06075,5,-6.248,5.139,0,18,6.981,13.639,0,inf,0,,6.368,4.287,54.618,oblique,0,3
gen_06078,8,-8.294,3.359,1,20,6.955,7.813,0,inf,0,,6.540,4.446,77.459,T_shaped,1,4
gen_06079,13,-6.635,5.194,0,15,7.988,11.217,0,inf,0,,6.449,4.296,41.465,oblique,0,4
gen_06098,1,-7.084,5.546,0,20,2.250,9.894,0,11.665,0,aliphatic amine,3.724,3.585,2.489,parallel,1,3
gen_06098,2,-7.028,5.520,0,20,2.347,9.895,0,11.708,0,aliphatic amine,3.739,3.594,0.150,parallel,1,3
gen_06098,3,-6.961,5.510,0,20,2.220,9.983,0,11.700,0,aliphatic amine,3.728,3.605,1.702,parallel,1,3
gen_06098,4,-6.950,5.584,0,20,2.146,9.996,0,11.707,0,aliphatic amine,3.752,3.646,0.984,parallel,1,3
gen_06098,5,-6.838,5.437,0,20,1.943,10.061,0,11.717,0,aliphatic amine,3.801,3.482,9.866,parallel,1,3
gen_06113,5,-7.754,3.617,1,17,8.299,13.875,0,inf,0,,7.886,5.170,14.047,parallel,0,3
gen_06114,4,-7.219,3.511,1,15,11.377,13.297,0,inf,0,,7.726,5.660,68.543,T_shaped,0,3
gen_06114,8,-7.079,3.749,1,15,11.280,13.466,0,inf,0,,7.921,5.755,70.026,T_shaped,0,3
gen_06122,1,-7.104,5.585,0,14,7.989,13.437,0,inf,0,,6.466,4.742,68.988,T_shaped,0,2
gen_06122,2,-7.002,5.652,0,14,7.897,13.337,0,inf,0,,6.403,4.637,67.213,T_shaped,0,2
gen_06122,3,-6.950,3.655,1,14,9.335,11.464,0,inf,0,,9.657,7.210,31.829,oblique,0,2
gen_06122,4,-6.932,3.685,1,14,9.312,11.442,0,inf,0,,9.642,7.197,32.311,oblique,0,2
gen_06127,7,-6.519,5.658,0,12,3.056,11.103,0,10.016,0,aliphatic amine,4.751,3.636,14.947,parallel,1,2
gen_06132,4,-6.132,3.757,1,19,8.832,12.488,0,inf,0,,9.368,7.166,88.514,T_shaped,0,3
gen_06132,6,-6.050,4.845,0,19,5.855,12.481,0,inf,0,,5.014,3.696,40.298,oblique,0,3
gen_06132,7,-5.983,4.857,0,19,5.964,12.508,0,inf,0,,4.950,3.765,57.699,oblique,0,3
gen_06132,9,-5.975,4.897,0,19,5.644,12.409,0,inf,0,,4.906,3.651,39.967,oblique,0,3
gen_06134,1,-6.407,5.972,0,13,6.801,13.527,0,inf,0,,6.024,3.501,28.375,parallel,1,2
gen_06136,2,-7.879,3.635,1,16,9.385,11.085,0,13.923,0,aliphatic amine,9.139,7.329,86.929,T_shaped,0,1
gen_06137,1,-5.875,4.209,1,16,8.597,10.660,0,inf,0,,6.560,5.326,72.192,T_shaped,0,2
gen_06137,2,-5.719,4.227,1,16,8.617,10.317,0,inf,0,,6.526,5.393,69.953,T_shaped,0,2
gen_06137,3,-5.694,3.865,1,16,9.076,10.581,0,inf,0,,6.702,5.444,70.866,T_shaped,0,2
gen_06137,4,-5.688,4.344,1,16,8.375,10.504,0,inf,0,,6.650,5.316,70.796,T_shaped,0,2
gen_06137,5,-5.577,4.030,1,16,8.629,11.567,0,inf,0,,7.225,5.223,83.596,T_shaped,0,2
gen_06137,7,-5.383,5.259,0,16,8.661,13.445,0,inf,0,,8.778,6.127,21.784,parallel,0,2
gen_06139,1,-7.515,3.620,1,20,9.819,13.509,0,inf,0,,9.276,6.886,51.222,oblique,0,2
gen_06139,2,-7.445,3.362,1,20,9.533,10.959,0,inf,0,,6.626,4.453,40.608,oblique,0,2
gen_06139,3,-7.445,3.585,1,20,9.910,12.948,0,inf,0,,8.954,6.450,41.511,oblique,0,2
gen_06139,4,-7.388,3.588,1,20,9.782,11.068,0,inf,0,,8.928,6.504,43.654,oblique,0,2
gen_06139,6,-7.356,3.677,1,20,9.341,11.023,0,inf,0,,5.831,3.875,47.987,oblique,0,2
gen_06139,7,-7.291,3.666,1,20,9.500,10.973,0,inf,0,,5.901,3.990,48.609,oblique,0,2
gen_06139,8,-7.288,3.665,1,20,9.123,11.113,0,inf,0,,6.866,4.701,35.732,oblique,0,2
gen_06139,9,-7.279,3.481,1,20,9.559,10.961,0,inf,0,,6.713,4.555,36.372,oblique,0,2
gen_06139,11,-7.239,3.738,1,20,9.788,11.084,0,inf,0,,6.852,4.648,30.755,oblique,0,2
gen_06140,3,-7.639,3.810,1,17,3.067,9.705,0,inf,0,,5.861,3.640,82.032,T_shaped,1,3
gen_06140,5,-7.479,3.759,1,17,2.930,9.676,0,inf,0,,3.920,3.451,8.419,parallel,1,3
gen_06140,7,-7.435,3.891,1,17,7.220,10.711,0,inf,0,,9.154,6.879,84.816,T_shaped,0,3
gen_06142,3,-7.168,7.291,0,21,3.127,11.289,0,11.289,0,aliphatic amine,4.959,3.479,36.839,oblique,0,3
gen_06142,8,-7.089,7.335,0,21,3.088,11.265,0,11.265,0,aliphatic amine,4.937,3.456,37.155,oblique,0,3
gen_06156,1,-8.901,6.303,0,16,2.695,7.346,0,inf,0,,3.954,3.486,18.003,parallel,1,3
gen_06156,2,-8.891,6.360,0,16,2.686,7.339,0,inf,0,,3.928,3.471,18.056,parallel,1,3
gen_06157,1,-6.645,7.394,0,20,4.870,10.959,0,10.960,0,aliphatic amine,6.081,3.846,78.985,T_shaped,1,2
gen_06161,3,-7.035,3.609,1,11,9.017,10.465,0,inf,0,,6.427,4.016,46.458,oblique,0,3
gen_06161,4,-7.030,3.649,1,11,8.988,10.469,0,inf,0,,6.424,4.006,45.916,oblique,0,3
gen_06176,1,-8.208,6.860,0,19,4.634,11.347,0,9.058,0,2-aminoazole,5.643,3.508,73.854,T_shaped,1,4
gen_06176,2,-8.185,6.809,0,19,4.577,11.302,0,9.011,0,2-aminoazole,5.655,3.527,75.963,T_shaped,1,4
gen_06177,1,-6.682,3.767,1,7,8.805,12.958,0,inf,0,,8.380,5.922,61.053,T_shaped,0,2
gen_06177,2,-6.457,3.717,1,7,8.600,13.047,0,inf,0,,8.014,5.715,7.664,parallel,0,2
gen_06178,3,-6.925,3.594,1,19,8.100,12.846,0,inf,0,,8.292,6.245,78.502,T_shaped,0,4
gen_06178,4,-6.815,3.819,1,19,7.674,13.007,0,inf,0,,8.231,6.203,76.794,T_shaped,0,4
gen_06178,8,-6.776,3.699,1,19,8.136,13.271,0,inf,0,,8.182,6.079,75.366,T_shaped,0,4
gen_06178,11,-6.670,3.676,1,19,7.928,13.295,0,inf,0,,8.306,6.282,72.752,T_shaped,0,4
gen_06181,1,-6.993,3.747,1,12,10.001,12.813,0,inf,0,,9.400,7.180,64.614,T_shaped,0,2
gen_06181,2,-6.986,3.757,1,12,10.062,12.837,0,inf,0,,9.434,7.229,65.533,T_shaped,0,2
gen_06181,3,-6.961,3.789,1,12,10.048,12.842,0,inf,0,,9.431,7.224,65.576,T_shaped,0,2
gen_06181,4,-6.950,3.808,1,12,10.036,12.838,0,inf,0,,9.460,7.256,65.617,T_shaped,0,2
gen_06181,5,-6.917,3.889,1,12,10.006,12.848,0,inf,0,,9.449,7.254,64.956,T_shaped,0,2
gen_06181,6,-6.897,3.785,1,12,9.977,12.783,0,inf,0,,9.499,7.298,66.182,T_shaped,0,2
gen_06181,7,-6.887,3.836,1,12,9.947,12.762,0,inf,0,,9.427,7.223,66.481,T_shaped,0,2
gen_06185,5,-7.109,3.670,1,16,9.961,13.778,0,inf,0,,7.817,5.347,39.020,oblique,0,4
gen_06192,2,-6.052,4.762,0,16,7.422,11.465,0,11.465,0,aliphatic amine,6.558,4.725,50.364,oblique,0,3
gen_06192,3,-5.974,5.166,0,16,7.502,10.698,0,10.698,0,aliphatic amine,6.512,5.003,59.639,oblique,0,3
gen_06192,4,-5.939,4.367,1,16,7.979,13.418,0,13.529,0,aliphatic amine,6.984,5.037,63.332,T_shaped,0,3
gen_06192,5,-5.937,3.977,1,16,8.747,12.945,0,13.633,0,aliphatic amine,6.864,5.231,72.328,T_shaped,0,3
gen_06192,7,-5.883,5.391,0,16,7.982,10.693,0,10.693,0,aliphatic amine,6.262,4.641,88.738,T_shaped,0,3
gen_06192,8,-5.736,3.959,1,16,9.066,12.467,0,12.467,0,aliphatic amine,7.516,5.135,46.775,oblique,0,3
gen_06199,3,-8.402,3.484,1,18,9.327,11.177,0,inf,0,,10.003,7.592,56.960,oblique,0,2
gen_06199,4,-8.400,3.491,1,18,9.455,11.220,0,inf,0,,10.005,7.601,56.671,oblique,0,2
gen_06199,6,-8.332,3.488,1,18,9.388,11.262,0,inf,0,,9.731,7.892,65.797,T_shaped,0,2
gen_06201,2,-8.369,3.496,1,18,9.396,13.514,0,inf,0,,6.080,4.019,28.014,parallel,1,4
gen_06203,1,-8.122,5.031,0,21,2.533,10.750,0,10.371,0,aliphatic amine,3.771,3.622,2.419,parallel,1,3
gen_06203,2,-8.119,4.997,0,21,2.448,10.729,0,10.353,0,aliphatic amine,3.753,3.613,2.201,parallel,1,3
gen_06203,3,-7.982,5.430,0,21,2.395,10.718,0,10.336,0,aliphatic amine,3.732,3.580,1.623,parallel,1,3
gen_06203,4,-7.658,4.984,0,21,2.323,11.202,0,10.443,0,aliphatic amine,3.739,3.568,3.462,parallel,1,3
gen_06209,1,-6.373,6.952,0,13,6.796,13.540,0,11.941,0,tetrahydronaphthyridine|2-aminopyridine,9.529,7.746,71.855,T_shaped,0,2
gen_06209,4,-6.175,6.735,0,13,6.567,12.898,0,11.968,0,tetrahydronaphthyridine|2-aminopyridine,9.502,7.705,72.135,T_shaped,0,2
gen_06209,8,-6.037,6.178,0,13,2.975,12.685,0,10.926,0,tetrahydronaphthyridine|2-aminopyridine,4.074,3.434,29.293,parallel,1,2
gen_06218,2,-6.589,3.896,1,11,6.644,13.442,0,inf,0,,6.410,4.739,43.112,oblique,0,3
gen_06218,3,-6.588,3.888,1,11,6.660,13.410,0,inf,0,,6.415,4.755,42.401,oblique,0,3
gen_06226,3,-6.964,3.610,1,11,9.147,12.776,0,12.776,0,aliphatic amine,9.269,7.107,50.724,oblique,0,2
gen_06226,4,-6.964,3.765,1,11,10.697,13.275,0,13.275,0,aliphatic amine,9.431,7.269,81.009,T_shaped,0,2
gen_06226,6,-6.939,3.613,1,11,10.175,13.059,0,13.059,0,aliphatic amine,10.148,8.639,72.226,T_shaped,0,2
gen_06227,3,-7.768,5.244,0,18,2.702,10.923,0,inf,0,,4.837,3.490,51.270,oblique,0,4
gen_06227,4,-7.762,5.292,0,18,2.326,11.017,0,inf,0,,6.054,3.852,81.241,T_shaped,1,4
gen_06227,7,-7.738,5.270,0,18,2.845,10.940,0,inf,0,,4.876,3.536,52.174,oblique,0,4
gen_06227,9,-7.624,5.285,0,18,2.771,9.537,0,inf,0,,4.614,3.406,41.691,oblique,0,4
gen_06232,1,-6.245,5.173,0,14,8.272,11.397,0,10.379,0,tetrahydronaphthyridine|2-aminopyridine|aliphatic amine,6.486,5.027,65.879,T_shaped,0,2
gen_06232,2,-6.203,4.670,0,14,8.545,11.538,0,10.632,0,tetrahydronaphthyridine|2-aminopyridine|aliphatic amine,6.766,5.382,78.847,T_shaped,0,2
gen_06232,3,-6.141,5.138,0,14,8.277,9.141,0,10.614,0,tetrahydronaphthyridine|2-aminopyridine|aliphatic amine,6.621,5.057,63.237,T_shaped,0,2
gen_06232,4,-6.061,4.034,1,14,7.750,11.051,0,9.716,0,tetrahydronaphthyridine|2-aminopyridine|aliphatic amine,6.442,5.004,82.994,T_shaped,0,2
gen_06233,1,-7.712,3.043,1,16,9.209,13.493,0,inf,0,,7.226,4.712,82.634,T_shaped,0,4
gen_06233,2,-7.642,2.892,1,16,9.027,13.299,0,inf,0,,7.125,4.625,82.627,T_shaped,0,4
gen_06233,3,-7.611,3.428,1,16,9.081,13.532,0,inf,0,,7.656,5.364,84.466,T_shaped,0,4
gen_06233,9,-7.452,3.301,1,16,9.262,13.576,0,inf,0,,8.260,5.792,45.049,oblique,0,4
gen_06233,10,-7.430,6.296,0,16,9.043,13.598,0,inf,0,,8.902,6.818,55.232,oblique,0,4
gen_06237,4,-7.722,7.513,0,19,3.361,13.386,0,inf,0,,5.537,3.214,82.778,T_shaped,1,3
gen_06238,5,-7.398,5.101,0,15,8.077,13.345,0,inf,0,,9.176,6.949,65.310,T_shaped,0,3
gen_06255,8,-7.246,3.772,1,19,6.676,13.704,0,inf,0,,6.117,3.837,15.225,parallel,1,4
gen_06255,9,-7.161,3.733,1,19,7.711,13.519,0,inf,0,,6.409,3.735,50.162,oblique,0,4
gen_06268,6,-6.470,6.579,0,15,8.754,13.787,0,inf,0,,9.494,7.678,83.734,T_shaped,0,2
gen_06271,7,-6.191,3.526,1,19,8.489,13.237,0,10.488,0,aliphatic amine,6.226,4.542,46.045,oblique,0,3
gen_06271,11,-6.032,3.630,1,19,8.258,12.639,0,10.171,0,aliphatic amine,5.918,3.856,69.534,T_shaped,1,3
gen_06271,15,-5.901,3.571,1,19,8.718,11.683,0,14.347,0,aliphatic amine,5.719,4.504,67.414,T_shaped,0,3
gen_06296,1,-7.313,3.884,1,16,6.999,11.407,0,inf,0,,6.513,4.318,35.929,oblique,0,3
gen_06296,2,-7.297,3.833,1,16,7.034,11.457,0,inf,0,,6.532,4.350,36.047,oblique,0,3
gen_06296,3,-7.294,3.904,1,16,7.666,11.375,0,inf,0,,6.574,4.366,37.393,oblique,0,3
gen_06303,2,-6.829,4.778,0,17,6.976,13.440,0,inf,0,,8.551,5.949,89.054,T_shaped,0,2
gen_06307,9,-6.931,5.994,0,20,3.552,12.160,0,12.160,0,aliphatic amine,5.354,3.757,56.719,oblique,0,3
gen_06317,2,-7.834,6.571,0,21,8.139,10.945,0,inf,0,,9.019,7.198,66.608,T_shaped,0,2
gen_06318,2,-6.906,4.053,1,18,8.185,13.193,0,inf,0,,7.619,5.491,77.691,T_shaped,0,2
gen_06320,1,-6.531,3.449,1,18,8.709,11.700,0,10.798,0,aliphatic amine,7.731,5.858,65.880,T_shaped,0,2
gen_06320,2,-6.517,3.461,1,18,8.717,11.726,0,10.736,0,aliphatic amine,7.817,5.962,68.200,T_shaped,0,2
gen_06320,3,-6.516,3.464,1,18,8.740,11.714,0,10.736,0,aliphatic amine,7.764,5.885,65.945,T_shaped,0,2
gen_06320,4,-6.506,3.474,1,18,8.599,11.691,0,10.775,0,aliphatic amine,7.700,5.862,67.836,T_shaped,0,2
gen_06324,3,-7.442,5.768,0,11,7.248,11.300,0,11.650,0,aliphatic amine,8.294,6.051,86.241,T_shaped,0,2
gen_06344,1,-7.395,6.308,0,18,8.052,12.759,0,inf,0,,8.905,6.735,74.490,T_shaped,0,2
gen_06344,3,-7.383,6.316,0,18,8.454,12.900,0,inf,0,,8.932,6.893,76.411,T_shaped,0,2
gen_06344,4,-7.364,6.298,0,18,8.356,12.845,0,inf,0,,8.935,6.888,75.072,T_shaped,0,2
gen_06344,5,-7.351,6.600,0,18,9.025,13.316,0,inf,0,,9.160,7.087,88.946,T_shaped,0,2
gen_06344,6,-7.351,6.422,0,18,8.653,13.093,0,inf,0,,8.879,6.851,76.166,T_shaped,0,2
gen_06344,7,-7.344,6.668,0,18,9.137,13.321,0,inf,0,,9.132,7.153,85.112,T_shaped,0,2
gen_06344,8,-7.333,6.428,0,18,8.874,13.096,0,inf,0,,8.929,6.900,78.342,T_shaped,0,2
gen_06344,10,-7.313,6.161,0,18,8.295,12.296,0,inf,0,,9.122,6.909,85.771,T_shaped,0,2
gen_06344,11,-7.276,6.693,0,18,9.210,13.370,0,inf,0,,9.157,7.203,85.975,T_shaped,0,2
gen_06348,3,-6.394,3.597,1,8,9.837,11.017,0,11.346,0,aliphatic amine,8.468,6.183,41.278,oblique,0,2
gen_06349,2,-7.496,6.278,0,15,7.805,13.055,0,11.008,0,tetrahydronaphthyridine|2-aminopyridine,8.469,6.048,85.585,T_shaped,0,3
gen_06349,3,-7.412,6.421,0,15,7.306,13.475,0,11.223,0,tetrahydronaphthyridine|2-aminopyridine,8.204,5.756,71.892,T_shaped,0,3
gen_06349,4,-7.202,6.540,0,15,6.331,13.369,0,11.182,0,tetrahydronaphthyridine|2-aminopyridine,7.555,5.275,68.811,T_shaped,0,3
gen_06354,8,-6.487,3.263,1,13,8.083,13.290,0,inf,0,,6.115,3.832,50.325,oblique,0,3
gen_06358,1,-6.894,6.709,0,15,9.623,11.664,0,inf,0,,8.933,7.128,86.134,T_shaped,0,2
gen_06358,2,-6.854,6.744,0,15,9.622,11.683,0,inf,0,,8.954,7.186,84.970,T_shaped,0,2
gen_06358,3,-6.847,6.680,0,15,9.619,11.656,0,inf,0,,8.941,7.108,87.247,T_shaped,0,2
gen_06358,4,-6.837,6.733,0,15,9.645,11.665,0,inf,0,,8.922,7.109,86.351,T_shaped,0,2
gen_06358,5,-6.664,6.633,0,15,9.729,11.688,0,inf,0,,8.737,6.859,85.831,T_shaped,0,2
gen_06359,1,-6.877,4.440,1,17,8.179,10.840,0,inf,0,,6.381,5.006,64.248,T_shaped,0,4
gen_06359,3,-6.855,6.370,0,17,7.047,12.277,0,inf,0,,7.415,5.215,68.288,T_shaped,0,4
gen_06359,4,-6.760,6.439,0,17,6.096,12.242,0,inf,0,,6.737,4.205,78.251,T_shaped,1,4
gen_06361,1,-6.758,5.355,0,15,2.220,9.953,0,inf,0,,5.898,3.496,82.338,T_shaped,1,2
gen_06361,2,-6.671,5.504,0,15,2.328,9.926,0,inf,0,,5.915,3.528,81.648,T_shaped,1,2
gen_06361,4,-6.657,5.293,0,15,2.313,9.828,0,inf,0,,5.878,3.464,87.386,T_shaped,1,2
gen_06361,11,-6.585,4.921,0,15,2.283,10.858,0,inf,0,,3.755,3.520,2.904,parallel,1,2
gen_06363,1,-7.613,5.125,0,15,6.752,10.950,0,inf,0,,6.656,4.162,46.557,oblique,0,4
gen_06381,1,-7.041,7.459,0,10,5.274,11.811,0,inf,0,,8.008,5.772,77.945,T_shaped,0,3
gen_06381,2,-6.993,7.390,0,10,6.030,11.604,0,inf,0,,8.576,6.277,72.235,T_shaped,0,3
gen_06385,1,-6.845,6.854,0,11,7.107,11.594,0,9.963,0,tetrahydronaphthyridine|2-aminopyridine|aliphatic amine,10.218,8.962,75.117,T_shaped,0,1
gen_06388,1,-6.884,5.984,0,17,8.232,11.964,0,inf,0,,8.891,6.986,85.141,T_shaped,0,4
gen_06388,2,-6.871,5.930,0,17,8.161,12.020,0,inf,0,,8.854,6.957,86.946,T_shaped,0,4
gen_06388,4,-6.682,4.332,1,17,8.449,12.158,0,inf,0,,8.930,7.011,86.065,T_shaped,0,4
gen_06388,5,-6.662,5.569,0,17,7.358,12.254,0,inf,0,,7.799,5.586,12.547,parallel,0,4
gen_06388,6,-6.640,5.599,0,17,7.432,12.240,0,inf,0,,7.945,5.738,11.338,parallel,0,4
gen_06390,1,-8.319,3.739,1,18,8.323,9.647,0,9.647,0,tetrahydronaphthyridine|2-aminopyridine,7.883,5.293,48.262,oblique,0,3
gen_06396,1,-7.075,5.433,0,11,6.824,11.368,0,inf,0,,6.395,3.940,24.714,parallel,1,1
gen_06396,2,-7.023,5.467,0,11,6.835,9.205,0,inf,0,,6.457,4.023,23.673,parallel,1,1
gen_06396,3,-6.974,5.435,0,11,6.825,11.367,0,inf,0,,6.375,3.918,24.644,parallel,1,1
gen_06396,4,-6.935,5.441,0,11,6.845,9.202,0,inf,0,,6.415,3.967,23.819,parallel,1,1
gen_06398,1,-7.427,3.352,1,13,10.313,11.129,0,inf,0,,7.740,5.753,36.725,oblique,0,2
gen_06398,2,-7.395,3.353,1,13,10.212,11.051,0,inf,0,,7.746,5.761,36.903,oblique,0,2
gen_06398,3,-7.293,3.829,1,13,9.768,10.450,0,inf,0,,7.491,5.077,39.750,oblique,0,2
gen_06398,4,-7.265,3.782,1,13,9.772,10.483,0,inf,0,,7.539,5.101,38.768,oblique,0,2
gen_06398,6,-7.249,3.734,1,13,9.991,10.698,0,inf,0,,7.980,5.563,41.342,oblique,0,2
gen_06402,7,-7.647,3.396,1,15,10.914,13.421,0,inf,0,,8.418,6.059,52.046,oblique,0,3
gen_06402,8,-7.635,3.770,1,15,11.014,13.300,0,inf,0,,8.606,6.195,49.593,oblique,0,3
gen_06403,1,-7.369,3.105,1,23,7.123,12.731,0,inf,0,,6.563,3.938,20.724,parallel,1,3
gen_06403,2,-7.364,3.032,1,23,7.135,12.666,0,inf,0,,6.494,3.851,22.201,parallel,1,3
gen_06403,3,-7.349,3.054,1,23,7.030,12.658,0,inf,0,,6.472,3.852,20.667,parallel,1,3
gen_06403,7,-7.139,3.329,1,23,5.747,11.840,0,inf,0,,6.452,3.937,89.972,T_shaped,1,3
gen_06403,8,-7.106,3.486,1,23,9.835,11.815,0,inf,0,,7.634,5.418,57.621,oblique,0,3
gen_06403,9,-7.103,3.045,1,23,7.046,12.647,0,inf,0,,6.550,3.934,21.675,parallel,1,3
gen_06409,2,-7.809,6.571,0,12,9.723,11.455,0,11.072,0,aliphatic amine,9.320,7.119,44.163,oblique,0,3
gen_06409,3,-7.575,6.507,0,12,9.351,12.192,0,11.111,0,aliphatic amine,10.102,8.132,60.042,T_shaped,0,3
gen_06411,1,-7.395,3.763,1,16,6.951,8.907,0,10.781,0,2-aminopyridine,6.880,4.673,49.620,oblique,0,4
gen_06411,2,-7.393,3.709,1,16,6.972,8.901,0,10.807,0,2-aminopyridine,6.899,4.669,50.169,oblique,0,4
gen_06412,5,-6.424,6.493,0,13,5.485,11.543,0,inf,0,,6.237,3.772,87.129,T_shaped,1,2
gen_06416,1,-7.276,3.673,1,13,8.471,10.763,0,inf,0,,8.655,6.202,55.891,oblique,0,4
gen_06416,2,-7.245,3.890,1,13,11.108,13.522,0,inf,0,,8.372,6.530,50.389,oblique,0,4
gen_06416,4,-7.122,3.669,1,13,8.449,11.106,0,inf,0,,8.450,5.994,56.385,oblique,0,4
gen_06418,1,-8.263,3.327,1,19,2.238,9.649,0,inf,0,,3.658,3.552,1.552,parallel,1,3
gen_06418,2,-8.259,3.378,1,19,2.273,9.637,0,inf,0,,3.694,3.585,1.584,parallel,1,3
gen_06418,3,-8.227,3.369,1,19,2.377,9.830,0,inf,0,,3.741,3.571,1.156,parallel,1,3
gen_06418,4,-8.191,3.990,1,19,2.399,9.827,0,inf,0,,5.959,3.578,87.080,T_shaped,1,3
gen_06418,5,-8.164,3.917,1,19,2.197,9.749,0,inf,0,,5.787,3.394,82.689,T_shaped,1,3
gen_06418,6,-8.146,3.950,1,19,2.393,9.733,0,inf,0,,5.773,3.457,74.305,T_shaped,1,3
gen_06423,4,-6.268,3.949,1,12,8.451,13.276,0,inf,0,,7.515,5.251,84.761,T_shaped,0,3
gen_06424,9,-5.907,3.848,1,19,7.672,13.739,0,10.748,0,aliphatic amine,7.660,5.321,54.517,oblique,0,2
gen_06426,1,-6.996,4.394,1,10,8.454,13.999,0,inf,0,,7.936,5.261,22.063,parallel,0,2
gen_06426,2,-6.992,4.369,1,10,8.447,14.000,0,inf,0,,7.940,5.267,21.924,parallel,0,2
gen_06426,3,-6.977,4.385,1,10,8.426,13.965,0,inf,0,,7.914,5.242,21.485,parallel,0,2
gen_06426,4,-6.899,4.424,1,10,8.463,13.371,0,inf,0,,7.980,5.336,15.527,parallel,0,2
gen_06426,5,-6.885,4.454,1,10,8.519,13.375,0,inf,0,,7.993,5.332,14.689,parallel,0,2
gen_06428,1,-6.865,4.989,0,17,7.804,12.361,0,inf,0,,6.016,4.246,83.466,T_shaped,1,4
gen_06440,1,-7.160,4.282,1,18,7.682,10.799,0,10.565,0,2-aminopyridine,6.830,4.595,31.773,oblique,0,3
gen_06440,2,-7.121,4.030,1,18,7.764,10.885,0,10.456,0,2-aminopyridine,6.724,4.538,35.798,oblique,0,3
gen_06440,3,-7.078,4.007,1,18,7.675,10.845,0,10.421,0,2-aminopyridine,6.702,4.512,36.390,oblique,0,3
gen_06440,4,-7.045,3.734,1,18,7.668,10.852,0,11.067,0,2-aminopyridine,7.438,4.778,69.293,T_shaped,0,3
gen_06441,8,-7.742,3.504,1,16,7.235,13.356,0,inf,0,,7.054,5.271,51.605,oblique,0,3
gen_06445,1,-7.477,3.557,1,16,8.610,12.421,0,13.615,0,aliphatic amine,8.849,6.951,68.607,T_shaped,0,2
gen_06445,2,-7.474,3.631,1,16,8.445,12.660,0,14.406,0,aliphatic amine,8.736,6.751,63.355,T_shaped,0,2
gen_06446,1,-7.785,6.039,0,21,3.036,11.062,0,10.323,0,aliphatic amine,6.878,4.884,82.272,T_shaped,0,3
gen_06446,2,-7.746,6.011,0,21,3.232,10.873,0,10.446,0,aliphatic amine,6.904,4.846,83.544,T_shaped,0,3
gen_06446,3,-7.711,6.477,0,21,2.957,11.377,0,11.000,0,aliphatic amine,4.552,3.508,58.040,oblique,0,3
gen_06447,4,-6.842,6.188,0,14,5.691,11.872,0,inf,0,,6.349,3.822,89.995,T_shaped,1,2
gen_06449,7,-6.094,3.823,1,17,7.682,13.654,0,inf,0,,7.037,5.476,66.460,T_shaped,0,3
gen_06453,1,-8.010,3.762,1,18,7.829,12.361,0,inf,0,,7.885,5.888,66.832,T_shaped,0,3
gen_06453,2,-7.989,3.806,1,18,7.896,12.417,0,inf,0,,7.875,5.884,68.537,T_shaped,0,3
gen_06453,3,-7.903,3.643,1,18,7.893,12.385,0,inf,0,,7.342,5.065,62.879,T_shaped,0,3
gen_06453,4,-7.678,3.710,1,18,7.734,12.093,0,inf,0,,8.246,6.189,40.011,oblique,0,3
gen_06454,1,-8.263,3.748,1,18,7.394,13.365,0,13.365,0,aliphatic amine,6.152,4.424,76.364,T_shaped,1,3
gen_06454,2,-8.226,3.745,1,18,7.330,13.287,0,13.287,0,aliphatic amine,6.289,4.600,77.344,T_shaped,0,3
gen_06454,3,-8.212,3.407,1,18,7.305,13.151,0,13.151,0,aliphatic amine,6.814,4.782,86.133,T_shaped,0,3
gen_06454,4,-8.210,3.731,1,18,7.374,13.336,0,13.336,0,aliphatic amine,6.210,4.494,77.227,T_shaped,1,3
gen_06454,5,-8.206,3.417,1,18,7.341,13.308,0,13.308,0,aliphatic amine,6.737,4.724,87.567,T_shaped,0,3
gen_06454,6,-8.030,3.446,1,18,7.356,13.166,0,13.166,0,aliphatic amine,6.793,4.637,86.376,T_shaped,0,3
gen_06454,7,-7.768,3.717,1,18,7.239,13.320,0,13.320,0,aliphatic amine,6.997,4.994,89.556,T_shaped,0,3
gen_06455,3,-7.541,3.672,1,15,9.026,11.863,0,inf,0,,8.112,5.733,42.358,oblique,0,2
gen_06456,1,-7.124,4.486,1,15,2.218,13.809,0,inf,0,,4.089,3.584,7.647,parallel,1,4
gen_06457,1,-8.530,3.750,1,19,2.628,11.536,0,inf,0,,4.089,3.538,10.117,parallel,1,4
gen_06457,2,-8.477,3.885,1,19,2.520,11.621,0,inf,0,,4.067,3.606,7.791,parallel,1,4
gen_06459,3,-7.218,3.678,1,15,8.529,11.106,0,inf,0,,6.290,4.517,71.468,T_shaped,0,2
gen_06462,6,-7.429,3.516,1,15,9.805,13.463,0,inf,0,,7.254,5.157,67.386,T_shaped,0,3
gen_06469,10,-5.982,7.020,0,8,8.704,10.830,0,12.833,0,aliphatic amine,10.101,8.633,71.532,T_shaped,0,1
gen_06473,4,-8.082,3.629,1,22,5.241,11.739,0,inf,0,,8.035,5.556,56.661,oblique,0,4
gen_06473,5,-8.053,3.678,1,22,5.143,11.783,0,inf,0,,8.276,5.730,56.821,oblique,0,4
gen_06484,2,-7.196,6.409,0,13,2.243,11.951,0,11.951,0,aliphatic amine,4.202,3.560,28.924,parallel,1,3
gen_06485,1,-7.156,3.552,1,15,8.988,11.053,0,inf,0,,5.840,3.928,69.112,T_shaped,1,3
gen_06485,2,-7.096,7.102,0,15,10.048,11.017,0,inf,0,,9.859,8.072,52.378,oblique,0,3
gen_06485,5,-7.023,3.892,1,15,8.974,11.129,0,inf,0,,5.571,4.055,68.263,T_shaped,1,3
gen_06485,6,-7.020,7.274,0,15,10.222,11.124,0,inf,0,,9.817,7.940,49.050,oblique,0,3
gen_06499,10,-7.468,3.606,1,25,4.776,10.610,0,12.397,0,aliphatic amine,4.432,3.515,48.173,oblique,0,3
gen_06500,6,-6.859,5.112,0,17,3.376,10.644,0,10.193,0,aliphatic amine,4.565,3.545,5.959,parallel,1,2
gen_06501,1,-8.506,3.672,1,18,8.126,11.904,0,inf,0,,8.441,5.939,53.015,oblique,0,3
gen_06503,8,-7.588,3.554,1,18,9.357,13.487,0,inf,0,,8.444,6.457,72.243,T_shaped,0,2
gen_06515,4,-6.354,3.996,1,16,7.485,10.960,0,10.960,0,aliphatic amine,7.225,5.514,70.013,T_shaped,0,2
gen_06515,5,-6.334,4.185,1,16,7.429,10.937,0,10.937,0,aliphatic amine,7.094,5.436,72.240,T_shaped,0,2
gen_06524,1,-8.273,3.545,1,18,7.861,12.186,0,12.186,0,aliphatic amine,8.408,6.168,81.148,T_shaped,0,3
gen_06525,6,-7.231,4.327,1,21,8.710,10.856,0,11.633,0,aliphatic amine,7.320,5.590,70.516,T_shaped,0,4
gen_06530,3,-6.746,5.046,0,20,7.284,7.984,0,10.418,0,tetrahydronaphthyridine|2-aminopyridine|aliphatic amine,7.283,5.178,59.058,oblique,0,2
gen_06530,4,-6.705,4.954,0,20,7.084,7.817,0,10.284,0,tetrahydronaphthyridine|2-aminopyridine|aliphatic amine,7.211,5.080,57.522,oblique,0,2
gen_06530,5,-6.658,3.414,1,20,9.270,12.694,0,14.568,0,tetrahydronaphthyridine|2-aminopyridine|aliphatic amine,5.579,3.801,71.862,T_shaped,1,2
gen_06530,6,-6.650,6.317,0,20,2.716,8.017,0,10.457,0,tetrahydronaphthyridine|2-aminopyridine|aliphatic amine,3.748,3.538,4.272,parallel,1,2
gen_06530,7,-6.609,3.369,1,20,9.263,12.793,0,14.566,0,tetrahydronaphthyridine|2-aminopyridine|aliphatic amine,5.690,3.931,69.677,T_shaped,1,2
gen_06530,8,-6.594,4.803,0,20,6.976,7.713,0,10.539,0,tetrahydronaphthyridine|2-aminopyridine|aliphatic amine,6.863,4.778,54.030,oblique,0,2
gen_06530,9,-6.586,4.778,0,20,7.899,8.571,0,10.088,0,tetrahydronaphthyridine|2-aminopyridine|aliphatic amine,6.471,4.374,31.856,oblique,0,2
gen_06530,10,-6.567,3.669,1,20,9.790,12.610,0,14.500,0,tetrahydronaphthyridine|2-aminopyridine|aliphatic amine,6.253,4.683,78.023,T_shaped,0,2
gen_06530,12,-6.532,3.620,1,20,9.811,12.787,0,14.543,0,tetrahydronaphthyridine|2-aminopyridine|aliphatic amine,6.380,4.762,77.291,T_shaped,0,2
gen_06532,1,-6.313,5.511,0,20,6.444,13.059,0,inf,0,,5.024,3.592,72.949,T_shaped,1,4
gen_06532,2,-6.302,5.498,0,20,6.410,13.045,0,inf,0,,5.009,3.561,73.172,T_shaped,1,4
gen_06532,3,-6.300,5.381,0,20,6.447,13.157,0,inf,0,,5.020,3.615,72.753,T_shaped,1,4
gen_06532,4,-6.281,5.840,0,20,6.559,12.994,0,inf,0,,5.191,3.712,76.210,T_shaped,1,4
gen_06532,5,-6.277,5.820,0,20,6.623,12.983,0,inf,0,,5.195,3.725,76.310,T_shaped,1,4
gen_06532,6,-6.272,5.630,0,20,6.546,12.987,0,inf,0,,5.087,3.637,74.897,T_shaped,1,4
gen_06532,7,-6.268,5.808,0,20,6.508,12.954,0,inf,0,,5.125,3.661,73.712,T_shaped,1,4
gen_06532,8,-6.190,6.560,0,20,6.071,12.238,0,inf,0,,5.408,3.710,77.188,T_shaped,1,4
gen_06532,9,-6.165,6.607,0,20,6.084,12.230,0,inf,0,,5.417,3.695,78.848,T_shaped,1,4
gen_06532,10,-6.140,6.652,0,20,6.248,12.199,0,inf,0,,5.406,3.684,79.479,T_shaped,1,4
gen_06540,1,-7.605,6.797,0,18,4.928,10.982,0,inf,0,,4.658,3.408,35.175,oblique,0,4
gen_06540,2,-7.523,7.145,0,18,2.625,10.941,0,inf,0,,4.094,3.574,25.717,parallel,1,4
gen_06540,3,-7.506,7.084,0,18,2.806,10.886,0,inf,0,,4.081,3.484,28.041,parallel,1,4
gen_06550,4,-6.681,7.129,0,17,2.451,13.723,0,9.307,0,aliphatic amine,3.732,3.540,3.577,parallel,1,2
gen_06558,2,-7.809,3.649,1,17,9.151,12.678,0,12.678,0,aliphatic amine,8.916,6.707,85.455,T_shaped,0,3
gen_06559,1,-7.161,3.667,1,9,7.918,11.535,0,inf,0,,7.158,4.732,78.836,T_shaped,0,4
gen_06572,1,-6.834,4.081,1,13,8.847,13.474,0,14.223,0,aliphatic amine,7.286,4.895,73.298,T_shaped,0,2
gen_06572,2,-6.787,6.041,0,13,3.339,13.332,0,11.237,0,aliphatic amine,6.078,3.651,71.689,T_shaped,1,2
gen_06572,9,-6.692,6.247,0,13,3.281,13.488,0,11.094,0,aliphatic amine,6.125,3.723,72.056,T_shaped,1,2
gen_06573,2,-7.440,3.710,1,18,8.021,13.584,0,inf,0,,5.746,3.818,77.650,T_shaped,1,4
gen_06580,3,-8.194,6.953,0,14,3.749,11.584,0,inf,0,,6.208,3.772,80.147,T_shaped,1,4
gen_06583,1,-7.105,3.596,1,17,7.720,12.605,0,inf,0,,6.364,4.095,75.546,T_shaped,1,3
gen_06583,2,-7.091,3.556,1,17,7.771,13.447,0,inf,0,,6.438,4.153,76.609,T_shaped,1,3
gen_06593,1,-7.134,7.253,0,14,2.844,11.317,0,inf,0,,5.772,3.832,81.353,T_shaped,1,3
gen_06593,2,-7.127,7.290,0,14,2.808,11.282,0,inf,0,,5.792,3.869,81.756,T_shaped,1,3
gen_06594,1,-7.457,3.774,1,16,8.844,13.634,0,inf,0,,5.859,4.306,50.639,oblique,0,3
gen_06594,8,-7.234,3.701,1,16,9.993,13.047,0,inf,0,,8.639,7.049,51.276,oblique,0,3
gen_06601,1,-7.892,4.123,1,21,5.607,10.631,0,11.057,0,aliphatic amine,6.336,4.622,41.685,oblique,0,3
gen_06601,2,-7.890,4.081,1,21,5.580,10.615,0,11.021,0,aliphatic amine,6.328,4.623,42.143,oblique,0,3
gen_06601,3,-7.883,4.098,1,21,5.590,10.632,0,11.030,0,aliphatic amine,6.329,4.618,42.451,oblique,0,3
gen_06605,3,-7.531,6.730,0,14,2.511,10.780,0,8.541,0,2-aminopyridine,3.993,3.405,24.808,parallel,1,4
gen_06605,4,-7.499,6.701,0,14,2.472,10.748,0,8.512,0,2-aminopyridine,4.014,3.409,25.342,parallel,1,4
gen_06606,6,-7.256,3.606,1,16,7.336,12.393,0,inf,0,,6.825,4.780,49.836,oblique,0,4
gen_06606,7,-7.252,3.684,1,16,7.389,12.557,0,inf,0,,6.975,4.889,57.617,oblique,0,4
gen_06607,1,-8.853,3.588,1,20,8.603,10.994,0,inf,0,,8.555,6.956,46.096,oblique,0,4
gen_06607,2,-8.814,3.668,1,20,8.597,11.015,0,inf,0,,8.550,6.935,45.866,oblique,0,4
gen_06607,3,-8.734,3.526,1,20,7.553,9.310,0,inf,0,,8.062,5.626,46.779,oblique,0,4
gen_06607,4,-8.683,3.522,1,20,7.624,11.494,0,inf,0,,8.121,5.806,44.782,oblique,0,4
gen_06608,8,-7.239,3.816,1,20,3.419,12.901,0,inf,0,,5.452,3.481,89.440,T_shaped,1,5
gen_06608,9,-7.212,3.767,1,20,3.400,12.840,0,inf,0,,5.408,3.443,89.669,T_shaped,1,5
gen_06608,11,-7.153,3.904,1,20,2.143,13.035,0,inf,0,,5.432,3.420,89.062,T_shaped,1,5
gen_06608,12,-7.121,3.879,1,20,3.362,12.958,0,inf,0,,5.338,3.399,88.172,T_shaped,1,5
gen_06609,1,-7.731,3.807,1,6,9.963,10.822,0,inf,0,,7.308,5.321,79.711,T_shaped,0,2
gen_06609,2,-7.674,3.856,1,6,9.567,10.393,0,inf,0,,7.397,5.356,83.232,T_shaped,0,2
gen_06621,3,-6.298,3.616,1,12,8.038,13.031,0,inf,0,,6.834,4.799,58.036,oblique,0,2
gen_06621,8,-6.092,3.531,1,12,8.796,12.604,0,inf,0,,6.108,3.939,63.846,T_shaped,1,2
gen_06624,1,-8.090,3.567,1,15,5.181,10.931,0,inf,0,,5.935,3.626,86.829,T_shaped,1,3
gen_06631,5,-6.693,3.717,1,19,7.786,12.834,0,inf,0,,6.312,4.066,38.018,oblique,0,3
gen_06631,6,-6.657,3.696,1,19,7.741,12.878,0,inf,0,,6.249,4.022,38.654,oblique,0,3
gen_06634,1,-7.161,3.143,1,14,8.366,11.032,0,inf,0,,5.764,4.065,27.593,parallel,1,3
gen_06637,1,-6.539,3.814,1,12,9.501,13.390,0,inf,0,,6.558,4.308,60.856,T_shaped,1,3
gen_06640,1,-7.812,3.525,1,14,10.146,13.496,0,inf,0,,7.185,4.906,82.126,T_shaped,0,3
gen_06640,2,-7.716,3.699,1,14,9.256,12.735,0,inf,0,,6.878,4.580,73.942,T_shaped,0,3
gen_06647,1,-6.797,3.381,1,15,9.410,11.639,0,inf,0,,7.555,5.078,33.862,oblique,0,3
gen_06647,2,-6.773,3.306,1,15,9.428,11.677,0,inf,0,,7.554,5.066,34.269,oblique,0,3
gen_06647,3,-6.765,3.314,1,15,9.396,11.636,0,inf,0,,7.561,5.082,33.509,oblique,0,3
gen_06647,4,-6.755,3.367,1,15,9.406,11.597,0,inf,0,,7.619,5.145,33.070,oblique,0,3
gen_06647,5,-6.719,3.349,1,15,9.466,11.642,0,inf,0,,7.671,5.176,32.561,oblique,0,3
gen_06648,2,-6.930,5.088,0,14,8.962,9.917,0,11.369,0,aliphatic amine,9.960,7.322,47.004,oblique,0,3
gen_06649,8,-7.316,3.514,1,22,6.477,11.114,0,inf,0,,5.794,3.532,17.683,parallel,1,4
gen_06650,1,-6.488,3.893,1,9,8.512,10.795,0,12.097,0,aliphatic amine,6.292,4.757,83.476,T_shaped,0,3
gen_06650,5,-6.176,4.298,1,9,10.873,11.995,0,11.995,0,aliphatic amine,9.398,7.003,54.494,oblique,0,3
gen_06650,8,-6.042,4.931,0,9,6.396,11.047,0,11.047,0,aliphatic amine,7.517,5.479,83.090,T_shaped,0,3
gen_06651,1,-8.043,6.433,0,20,7.847,8.800,0,9.855,0,aliphatic amine,10.452,8.650,58.560,oblique,0,3
gen_06651,2,-8.024,6.192,0,20,2.262,11.031,0,6.195,0,aliphatic amine,3.751,3.592,5.164,parallel,1,3
gen_06651,8,-7.765,3.667,1,20,7.009,11.854,0,11.494,0,aliphatic amine,7.401,5.167,87.778,T_shaped,0,3
gen_06651,9,-7.727,6.314,0,20,2.579,11.262,0,7.886,0,aliphatic amine,4.076,3.485,23.539,parallel,1,3
gen_06651,10,-7.680,3.722,1,20,7.008,12.063,0,11.990,0,aliphatic amine,7.633,5.345,84.049,T_shaped,0,3
gen_06651,11,-7.609,3.734,1,20,7.011,12.171,0,11.410,0,aliphatic amine,7.232,5.028,86.621,T_shaped,0,3
gen_06654,4,-7.591,3.615,1,17,8.797,13.452,0,11.093,0,aliphatic amine,6.275,4.182,42.195,oblique,0,2
gen_06656,1,-6.640,6.638,0,12,6.385,10.793,0,inf,0,,10.635,8.622,48.757,oblique,0,1
gen_06656,3,-6.569,6.839,0,12,6.146,10.555,0,inf,0,,10.366,8.251,41.514,oblique,0,1
gen_06656,4,-6.552,6.725,0,12,6.333,10.861,0,inf,0,,10.601,8.543,47.108,oblique,0,1
gen_06671,1,-8.100,6.338,0,12,6.789,10.495,0,inf,0,,8.147,5.889,82.378,T_shaped,0,4
gen_06671,4,-7.736,6.363,0,12,8.772,9.425,0,inf,0,,7.873,5.673,83.955,T_shaped,0,4
gen_06672,1,-8.803,3.642,1,20,6.375,9.344,0,inf,0,,6.967,4.565,37.800,oblique,0,4
gen_06672,3,-8.545,3.876,1,20,6.359,9.629,0,inf,0,,7.391,4.998,34.876,oblique,0,4
gen_06674,4,-5.974,5.840,0,17,7.112,13.339,0,inf,0,,5.791,3.964,85.097,T_shaped,1,3
gen_06678,1,-6.481,6.467,0,9,7.283,12.652,0,12.652,0,2-aminoazole,10.436,8.417,52.622,oblique,0,2
gen_06678,2,-6.457,6.363,0,9,7.805,11.531,0,12.795,0,2-aminoazole,10.503,8.427,51.774,oblique,0,2
gen_06679,5,-7.395,3.469,1,16,9.726,13.288,0,inf,0,,6.068,4.404,44.623,oblique,0,3
gen_06680,1,-6.545,6.171,0,19,6.525,12.135,0,inf,0,,6.077,4.850,46.446,oblique,0,3
gen_06680,2,-6.542,6.161,0,19,6.520,12.109,0,inf,0,,6.105,4.888,46.825,oblique,0,3
gen_06691,1,-7.655,3.537,1,17,9.544,13.012,0,inf,0,,7.675,5.336,28.243,parallel,0,2
gen_06691,2,-7.621,3.528,1,17,9.596,11.801,0,inf,0,,7.828,5.489,26.465,parallel,0,2
gen_06691,3,-7.602,3.528,1,17,9.548,13.007,0,inf,0,,7.676,5.339,28.633,parallel,0,2
gen_06691,4,-7.497,3.565,1,17,9.393,11.645,0,inf,0,,7.620,5.329,26.469,parallel,0,2
gen_06691,5,-7.473,3.675,1,17,9.386,11.389,0,inf,0,,7.546,5.284,29.826,parallel,0,2
gen_06691,6,-7.410,3.595,1,17,9.457,12.855,0,inf,0,,7.556,5.197,28.268,parallel,0,2
gen_06694,1,-6.948,3.458,1,22,10.434,11.533,0,inf,0,,6.354,4.720,52.042,oblique,0,3
gen_06694,2,-6.926,3.811,1,22,8.987,11.104,0,inf,0,,7.415,5.336,51.191,oblique,0,3
gen_06694,5,-6.727,3.624,1,22,8.333,9.126,0,inf,0,,7.178,4.981,43.942,oblique,0,3
gen_06694,6,-6.718,3.511,1,22,8.819,11.100,0,inf,0,,7.039,4.696,37.110,oblique,0,3
gen_06694,7,-6.636,6.731,0,22,3.223,11.807,0,inf,0,,4.977,3.481,26.943,parallel,1,3
gen_06694,8,-6.627,6.474,0,22,8.587,11.162,0,inf,0,,9.204,6.648,5.469,parallel,0,3
gen_06694,14,-6.445,3.443,1,22,10.511,11.597,0,inf,0,,6.262,4.570,45.685,oblique,0,3
gen_06701,1,-6.939,6.439,0,4,7.182,13.395,0,inf,0,,8.771,6.576,78.637,T_shaped,0,3
gen_06701,2,-6.932,6.463,0,4,7.239,13.397,0,inf,0,,8.797,6.612,78.560,T_shaped,0,3
gen_06701,4,-6.696,6.396,0,4,7.197,13.517,0,inf,0,,8.757,6.802,87.254,T_shaped,0,3
gen_06705,1,-7.754,3.485,1,21,6.216,11.503,0,inf,0,,7.491,5.531,62.027,T_shaped,0,4
gen_06705,2,-7.660,3.510,1,21,6.231,9.457,0,inf,0,,7.538,5.563,62.126,T_shaped,0,4
gen_06705,3,-7.409,3.880,1,21,7.493,11.819,0,inf,0,,6.100,4.661,73.641,T_shaped,0,4
gen_06714,4,-6.912,3.708,1,21,8.331,10.946,0,13.562,0,tetrahydronaphthyridine|2-aminopyridine,7.184,4.936,89.211,T_shaped,0,3
gen_06714,5,-6.876,3.651,1,21,8.378,11.065,0,13.480,0,tetrahydronaphthyridine|2-aminopyridine,7.154,4.907,89.934,T_shaped,0,3
gen_06714,6,-6.873,3.668,1,21,8.306,11.074,0,13.454,0,tetrahydronaphthyridine|2-aminopyridine,7.343,5.071,80.617,T_shaped,0,3
gen_06714,7,-6.834,3.681,1,21,8.371,11.047,0,13.517,0,tetrahydronaphthyridine|2-aminopyridine,6.661,5.505,75.346,T_shaped,0,3
gen_06714,8,-6.831,3.724,1,21,8.359,11.059,0,13.530,0,tetrahydronaphthyridine|2-aminopyridine,6.669,5.524,75.408,T_shaped,0,3
gen_06714,10,-6.821,3.596,1,21,9.047,10.830,0,9.978,0,tetrahydronaphthyridine|2-aminopyridine,6.428,4.956,88.903,T_shaped,0,3
gen_06714,11,-6.809,3.664,1,21,8.319,10.955,0,13.510,0,tetrahydronaphthyridine|2-aminopyridine,7.075,4.834,87.708,T_shaped,0,3
gen_06714,12,-6.792,3.741,1,21,9.057,10.927,0,10.035,0,tetrahydronaphthyridine|2-aminopyridine,6.353,4.837,85.269,T_shaped,0,3
gen_06714,13,-6.753,3.710,1,21,8.278,10.914,0,13.566,0,tetrahydronaphthyridine|2-aminopyridine,6.598,5.468,73.577,T_shaped,0,3
gen_06714,15,-6.616,3.659,1,21,8.251,11.068,0,13.547,0,tetrahydronaphthyridine|2-aminopyridine,6.945,4.829,84.375,T_shaped,0,3
gen_06720,4,-6.683,3.538,1,19,6.913,13.684,0,inf,0,,7.251,5.031,52.771,oblique,0,3
gen_06727,1,-7.434,3.923,1,11,10.400,11.380,0,inf,0,,8.865,6.255,49.747,oblique,0,3
gen_06727,2,-7.433,3.778,1,11,10.284,11.282,0,inf,0,,8.673,6.169,47.197,oblique,0,3
gen_06727,3,-7.327,3.778,1,11,9.853,10.784,0,inf,0,,7.597,5.486,84.735,T_shaped,0,3
gen_06727,7,-7.221,3.748,1,11,9.604,10.587,0,inf,0,,6.965,4.854,82.150,T_shaped,0,3
gen_06727,9,-7.181,3.722,1,11,9.923,10.576,0,inf,0,,7.226,5.123,79.288,T_shaped,0,3
gen_06727,10,-7.158,3.890,1,11,9.821,10.630,0,inf,0,,7.936,5.653,60.694,T_shaped,0,3
gen_06732,5,-7.358,3.445,1,17,7.694,11.060,0,inf,0,,5.385,3.618,73.534,T_shaped,1,4
gen_06736,1,-7.816,6.516,0,17,3.618,10.728,0,inf,0,,6.356,4.155,80.228,T_shaped,1,4
gen_06736,2,-7.779,6.518,0,17,3.681,10.753,0,inf,0,,6.405,4.203,80.003,T_shaped,1,4
gen_06737,1,-8.035,6.426,0,17,4.834,9.075,0,inf,0,,5.993,3.666,67.474,T_shaped,1,4
gen_06737,2,-7.997,6.288,0,17,7.283,8.008,0,inf,0,,7.558,5.481,70.123,T_shaped,0,4
gen_06744,1,-7.232,3.718,1,14,9.514,11.106,0,inf,0,,8.695,6.597,73.425,T_shaped,0,3
gen_06744,2,-7.216,3.723,1,14,9.514,11.111,0,inf,0,,8.685,6.664,76.570,T_shaped,0,3
gen_06744,3,-7.196,3.673,1,14,9.556,11.006,0,inf,0,,8.912,6.448,55.162,oblique,0,3
gen_06744,4,-7.150,3.569,1,14,8.623,11.114,0,inf,0,,8.797,6.247,39.031,oblique,0,3
gen_06744,5,-7.140,3.626,1,14,8.634,11.107,0,inf,0,,8.771,6.255,38.961,oblique,0,3
gen_06745,3,-7.571,3.663,1,14,10.605,13.500,0,inf,0,,6.693,4.391,37.688,oblique,0,4
gen_06751,2,-7.807,3.689,1,17,9.608,13.233,0,13.465,0,aliphatic amine,6.563,4.361,69.164,T_shaped,1,2
gen_06758,1,-7.561,3.499,1,24,7.692,12.030,0,inf,0,,6.938,4.558,52.107,oblique,0,3
gen_06758,2,-7.521,3.533,1,24,7.699,11.946,0,inf,0,,6.951,4.585,46.302,oblique,0,3
gen_06758,3,-7.507,3.640,1,24,6.686,12.021,0,inf,0,,7.004,4.661,46.902,oblique,0,3
gen_06758,7,-7.458,3.715,1,24,7.694,14.258,0,inf,0,,7.016,4.704,51.029,oblique,0,3
gen_06758,8,-7.413,3.660,1,24,2.269,13.488,0,inf,0,,4.625,3.428,16.892,parallel,1,3
gen_06758,9,-7.271,3.395,1,24,7.999,14.362,0,inf,0,,6.881,4.568,56.536,oblique,0,3
gen_06771,1,-7.557,6.035,0,19,5.252,12.765,0,inf,0,,7.056,4.613,76.192,T_shaped,0,3
gen_06771,2,-7.464,5.997,0,19,4.620,13.102,0,inf,0,,5.421,3.497,55.482,oblique,0,3
gen_06771,3,-7.424,3.455,1,19,7.371,12.693,0,inf,0,,6.368,3.927,15.117,parallel,1,3
gen_06771,4,-7.406,5.478,0,19,6.936,11.506,0,inf,0,,6.894,4.323,8.116,parallel,1,3
gen_06771,5,-7.395,5.812,0,19,5.121,13.076,0,inf,0,,6.991,4.556,69.117,T_shaped,0,3
gen_06771,6,-7.394,5.427,0,19,4.515,13.296,0,inf,0,,5.780,3.731,55.392,oblique,0,3
gen_06771,7,-7.328,3.652,1,19,6.779,12.064,0,inf,0,,6.054,3.699,11.016,parallel,1,3
gen_06771,8,-7.169,3.528,1,19,9.748,12.500,0,inf,0,,8.233,6.003,86.683,T_shaped,0,3
gen_06785,1,-7.560,6.532,0,13,9.379,10.501,0,inf,0,,10.157,7.651,36.786,oblique,0,3
gen_06785,2,-7.538,6.498,0,13,9.364,10.457,0,inf,0,,10.141,7.635,36.572,oblique,0,3
gen_06795,5,-6.832,3.773,1,13,11.089,13.268,0,inf,0,,7.954,5.811,65.629,T_shaped,0,3
gen_06795,6,-6.826,3.775,1,13,11.111,13.310,0,inf,0,,8.026,5.858,67.041,T_shaped,0,3
gen_06795,8,-6.802,3.638,1,13,11.185,13.353,0,inf,0,,8.649,6.467,51.634,oblique,0,3
gen_06802,1,-6.922,3.765,1,18,8.912,10.849,0,10.225,0,2-aminopyridine,8.871,6.551,41.871,oblique,0,3
gen_06802,2,-6.916,3.767,1,18,8.923,10.814,0,10.213,0,2-aminopyridine,8.814,6.487,42.173,oblique,0,3
gen_06802,3,-6.909,3.724,1,18,8.921,10.875,0,10.227,0,2-aminopyridine,8.822,6.394,38.912,oblique,0,3
gen_06802,4,-6.884,3.745,1,18,8.933,10.773,0,10.201,0,2-aminopyridine,8.756,6.429,40.082,oblique,0,3
gen_06815,1,-6.408,6.807,0,7,8.845,10.984,0,inf,0,,9.001,7.231,52.399,oblique,0,2
gen_06816,1,-8.187,3.893,1,20,2.983,12.628,0,inf,0,,4.526,3.121,69.269,T_shaped,1,4
gen_06816,2,-8.172,3.756,1,20,3.014,12.525,0,inf,0,,4.537,3.118,70.041,T_shaped,1,4
gen_06816,3,-8.165,3.932,1,20,3.021,12.629,0,inf,0,,4.527,3.083,70.587,T_shaped,1,4
gen_06816,4,-7.967,3.664,1,20,3.581,12.178,0,inf,0,,5.665,3.665,84.641,T_shaped,1,4
gen_06816,5,-7.966,3.751,1,20,3.633,12.216,0,inf,0,,5.647,3.633,84.024,T_shaped,1,4
gen_06830,1,-7.761,3.587,1,14,11.003,12.485,0,inf,0,,9.574,7.309,64.814,T_shaped,0,3
gen_06830,2,-7.691,3.337,1,14,10.992,12.152,0,inf,0,,8.558,6.616,84.942,T_shaped,0,3
gen_06831,8,-7.962,3.924,1,19,6.321,13.073,0,7.846,0,aliphatic amine,6.827,5.042,79.762,T_shaped,0,4
gen_06831,10,-7.923,4.176,1,19,4.913,13.445,0,9.471,0,aliphatic amine,6.240,4.874,82.599,T_shaped,0,4
gen_06833,6,-6.694,3.653,1,14,9.250,13.557,0,inf,0,,7.900,5.538,52.693,oblique,0,3
gen_06833,9,-6.609,3.499,1,14,8.763,13.747,0,inf,0,,6.619,4.040,58.354,oblique,0,3
gen_06840,1,-7.114,4.719,0,13,3.362,10.815,0,inf,0,,4.429,3.612,36.884,oblique,0,2
gen_06842,1,-8.022,4.080,1,18,7.718,10.943,0,inf,0,,6.927,4.254,48.363,oblique,0,3
gen_06842,2,-8.013,4.077,1,18,7.750,10.958,0,inf,0,,6.931,4.252,48.409,oblique,0,3
gen_06843,1,-7.581,8.707,0,13,2.385,13.315,0,inf,0,,3.814,3.573,4.097,parallel,1,4
gen_06844,10,-6.719,3.265,1,22,9.444,12.829,0,inf,0,,6.041,4.728,74.171,T_shaped,0,3
gen_06844,12,-6.668,3.436,1,22,9.189,12.334,0,inf,0,,5.527,4.245,64.439,T_shaped,1,3
gen_06848,2,-7.176,3.798,1,11,9.865,12.130,0,inf,0,,8.548,6.531,81.301,T_shaped,0,3
gen_06848,4,-7.117,3.831,1,11,10.080,12.090,0,inf,0,,8.380,6.463,79.466,T_shaped,0,3
gen_06848,5,-7.046,3.760,1,11,9.342,11.268,0,inf,0,,8.902,6.619,49.604,oblique,0,3
gen_06848,6,-7.036,3.794,1,11,8.963,10.948,0,inf,0,,8.371,6.316,60.836,T_shaped,0,3
gen_06848,8,-6.996,3.803,1,11,9.848,11.656,0,inf,0,,8.549,6.673,73.867,T_shaped,0,3
gen_06848,9,-6.991,3.721,1,11,9.674,11.761,0,inf,0,,8.764,6.871,72.976,T_shaped,0,3
gen_06848,10,-6.958,3.749,1,11,9.819,11.760,0,inf,0,,8.442,6.549,78.080,T_shaped,0,3
gen_06848,12,-6.874,4.067,1,11,9.997,11.598,0,inf,0,,8.507,6.417,80.466,T_shaped,0,3
gen_06848,13,-6.768,3.753,1,11,10.128,11.888,0,inf,0,,8.512,6.219,82.293,T_shaped,0,3
gen_06848,14,-6.682,4.051,1,11,9.636,11.609,0,inf,0,,8.173,5.926,79.071,T_shaped,0,3
gen_06849,1,-6.203,3.687,1,26,7.142,11.141,0,inf,0,,6.808,4.429,26.480,parallel,1,3
gen_06849,2,-6.171,3.655,1,26,8.191,9.657,0,inf,0,,7.492,5.326,71.425,T_shaped,0,3
gen_06849,7,-5.909,3.692,1,26,5.777,11.107,0,inf,0,,6.322,4.189,43.513,oblique,0,3
gen_06849,9,-5.850,3.713,1,26,10.086,13.285,0,inf,0,,9.168,7.004,68.475,T_shaped,0,3
gen_06849,12,-5.730,6.451,0,26,4.687,8.024,0,inf,0,,5.630,3.945,85.493,T_shaped,1,3
gen_06854,1,-6.917,3.498,1,10,9.165,10.678,0,11.344,0,aliphatic amine,6.622,4.308,39.467,oblique,0,2
gen_06854,2,-6.894,3.424,1,10,9.104,10.607,0,11.240,0,aliphatic amine,6.744,4.364,42.585,oblique,0,2
gen_06854,3,-6.839,3.583,1,10,8.905,10.663,0,11.110,0,aliphatic amine,6.826,4.464,43.592,oblique,0,2
gen_06854,4,-6.822,3.392,1,10,9.044,10.484,0,11.172,0,aliphatic amine,6.618,4.228,43.736,oblique,0,2
gen_06854,5,-6.779,3.760,1,10,9.027,10.403,0,11.182,0,aliphatic amine,6.523,4.111,45.430,oblique,0,2
gen_06854,8,-6.693,3.714,1,10,8.705,10.290,0,10.702,0,aliphatic amine,6.871,4.376,40.490,oblique,0,2
gen_06854,9,-6.659,3.597,1,10,8.781,10.443,0,10.804,0,aliphatic amine,6.804,4.347,39.472,oblique,0,2
gen_06857,4,-7.031,3.677,1,18,7.786,10.903,0,inf,0,,8.498,6.041,66.588,T_shaped,0,4
gen_06861,1,-6.205,5.096,0,16,6.343,10.652,0,inf,0,,6.240,4.397,54.369,oblique,0,3
gen_06861,2,-6.190,3.768,1,16,7.840,11.126,0,inf,0,,6.663,4.949,69.403,T_shaped,0,3
gen_06861,7,-6.120,5.267,0,16,7.419,11.111,0,inf,0,,6.909,5.245,63.764,T_shaped,0,3
gen_06861,11,-6.061,4.912,0,16,6.872,11.100,0,inf,0,,6.746,4.992,65.084,T_shaped,0,3
gen_06861,12,-6.057,5.499,0,16,7.286,11.120,0,inf,0,,5.896,4.028,41.201,oblique,0,3
gen_06870,2,-7.980,6.940,0,16,2.201,11.434,0,inf,0,,3.788,3.559,2.832,parallel,1,4
gen_06872,6,-7.959,3.562,1,17,6.343,12.233,0,inf,0,,6.969,4.610,15.155,parallel,0,4
gen_06880,2,-8.193,3.722,1,18,12.401,13.375,0,inf,0,,8.893,6.796,71.507,T_shaped,0,4
gen_06886,1,-6.981,3.580,1,14,11.241,13.397,0,inf,0,,9.297,7.193,68.456,T_shaped,0,2
gen_06886,2,-6.965,3.439,1,14,11.161,13.481,0,inf,0,,9.418,7.466,64.937,T_shaped,0,2
gen_06886,3,-6.951,3.663,1,14,11.348,13.594,0,inf,0,,9.195,6.991,85.492,T_shaped,0,2
gen_06886,4,-6.894,3.472,1,14,11.080,11.950,0,inf,0,,9.443,7.488,65.108,T_shaped,0,2
gen_06886,7,-6.845,3.714,1,14,11.179,13.489,0,inf,0,,9.108,6.920,83.774,T_shaped,0,2
gen_06886,8,-6.745,3.722,1,14,11.079,12.030,0,inf,0,,9.445,7.032,45.317,oblique,0,2
gen_06886,9,-6.745,3.712,1,14,11.057,11.946,0,inf,0,,9.119,6.916,83.578,T_shaped,0,2
gen_06889,1,-6.261,4.072,1,13,7.790,10.971,0,inf,0,,6.883,4.665,56.680,oblique,0,2
gen_06889,2,-6.207,4.053,1,13,7.790,10.977,0,inf,0,,6.882,4.663,55.762,oblique,0,2
gen_06889,3,-6.188,3.636,1,13,7.678,10.910,0,inf,0,,6.816,4.741,57.766,oblique,0,2
gen_06889,4,-6.065,7.054,0,13,2.350,11.007,0,inf,0,,4.178,3.588,5.148,parallel,1,2
gen_06889,5,-6.031,3.756,1,13,7.751,10.980,0,inf,0,,6.841,4.770,58.166,oblique,0,2
gen_06889,6,-6.010,3.493,1,13,7.921,10.901,0,inf,0,,5.951,3.852,65.015,T_shaped,1,2
gen_06889,7,-5.989,3.665,1,13,7.938,10.857,0,inf,0,,8.628,6.182,61.865,T_shaped,0,2
gen_06889,8,-5.978,3.624,1,13,7.791,11.046,0,inf,0,,6.842,4.738,60.258,T_shaped,0,2
gen_06894,1,-7.759,7.147,0,14,6.451,11.187,0,inf,0,,7.498,5.189,88.710,T_shaped,0,3
gen_06894,2,-7.758,3.670,1,14,8.440,13.494,0,inf,0,,7.679,5.002,6.891,parallel,0,3
gen_06894,5,-7.692,3.676,1,14,8.527,13.459,0,inf,0,,7.743,5.062,7.424,parallel,0,3
gen_06894,9,-7.509,3.570,1,14,8.393,13.673,0,inf,0,,7.809,5.173,20.165,parallel,0,3
gen_06894,10,-7.429,6.217,0,14,2.907,11.062,0,inf,0,,4.031,3.563,15.986,parallel,1,3
gen_06897,3,-7.210,4.333,1,15,9.128,9.814,0,inf,0,,6.525,4.251,38.288,oblique,0,4
gen_06900,1,-7.195,6.366,0,15,7.212,12.903,0,inf,0,,7.624,5.360,75.816,T_shaped,0,3
gen_06900,2,-7.176,6.337,0,15,7.183,12.924,0,inf,0,,7.572,5.286,78.099,T_shaped,0,3
gen_06913,1,-6.905,5.470,0,18,7.005,11.103,0,inf,0,,6.356,5.052,67.376,T_shaped,0,3
gen_06913,2,-6.868,5.344,0,18,6.863,11.081,0,inf,0,,6.303,4.962,65.520,T_shaped,0,3
gen_06913,3,-6.864,5.351,0,18,6.960,11.085,0,inf,0,,6.317,4.980,67.227,T_shaped,0,3
gen_06913,4,-6.798,5.433,0,18,6.991,9.314,0,inf,0,,6.274,5.018,68.446,T_shaped,0,3
gen_06918,1,-7.338,3.645,1,10,9.942,13.467,0,11.974,0,aliphatic amine,8.852,6.475,82.053,T_shaped,0,2
gen_06918,2,-7.287,3.684,1,10,10.008,13.470,0,12.030,0,aliphatic amine,8.563,6.209,80.858,T_shaped,0,2
gen_06918,3,-7.250,3.468,1,10,9.376,11.027,0,11.713,0,aliphatic amine,9.012,6.674,78.434,T_shaped,0,2
gen_06918,4,-7.169,3.522,1,10,9.338,11.006,0,11.686,0,aliphatic amine,8.912,6.556,77.813,T_shaped,0,2
gen_06918,5,-6.983,3.750,1,10,9.954,13.147,0,12.076,0,aliphatic amine,6.661,4.661,58.155,oblique,0,2
gen_06918,6,-6.955,3.693,1,10,9.982,13.675,0,11.243,0,aliphatic amine,8.724,6.375,84.265,T_shaped,0,2
gen_06918,7,-6.950,3.712,1,10,9.992,12.144,0,11.097,0,aliphatic amine,8.567,6.204,80.934,T_shaped,0,2
gen_06918,8,-6.942,3.698,1,10,9.940,11.720,0,11.029,0,aliphatic amine,8.559,6.204,82.146,T_shaped,0,2
gen_06918,9,-6.891,3.627,1,10,9.449,11.137,0,11.771,0,aliphatic amine,8.620,6.325,83.808,T_shaped,0,2
gen_06920,1,-6.220,5.647,0,19,4.111,11.034,0,inf,0,,5.572,3.661,45.463,oblique,0,3
gen_06920,2,-6.194,5.693,0,19,4.173,11.028,0,inf,0,,5.682,3.705,44.873,oblique,0,3
gen_06920,3,-6.165,5.678,0,19,4.133,11.033,0,inf,0,,5.580,3.573,44.648,oblique,0,3
gen_06920,4,-6.096,5.648,0,19,4.427,11.042,0,inf,0,,5.609,3.615,45.166,oblique,0,3
gen_06925,5,-6.381,4.505,0,15,8.386,9.155,0,inf,0,,7.443,5.059,32.186,oblique,0,3
gen_06930,7,-6.990,3.676,1,19,6.685,13.343,0,inf,0,,7.283,4.726,73.597,T_shaped,0,3
gen_06931,11,-6.823,3.734,1,17,9.360,12.579,0,inf,0,,8.202,6.261,89.692,T_shaped,0,3
gen_06936,10,-7.044,3.686,1,13,9.156,13.496,0,inf,0,,7.240,5.265,31.689,oblique,0,4
gen_06939,1,-8.067,3.753,1,21,7.519,12.116,0,inf,0,,5.934,3.847,32.948,oblique,0,4
gen_06940,1,-6.037,5.186,0,8,9.002,12.374,0,inf,0,,inf,inf,,no_aromatic_ring,0,0
gen_06941,3,-7.662,6.866,0,16,3.133,13.273,0,inf,0,,8.528,7.013,19.316,parallel,0,3
gen_06943,1,-7.286,3.406,1,13,8.999,11.230,0,inf,0,,6.500,4.671,79.876,T_shaped,0,3
gen_06945,1,-6.623,6.052,0,15,5.338,6.985,0,7.839,0,tetrahydronaphthyridine|2-aminopyridine,6.215,3.994,21.244,parallel,1,2
gen_06945,2,-6.549,5.479,0,15,4.080,4.199,0,4.199,0,tetrahydronaphthyridine|2-aminopyridine,6.651,4.422,58.589,oblique,0,2
gen_06947,1,-7.413,6.673,0,17,2.368,11.348,0,8.656,0,aliphatic amine,3.787,3.599,6.371,parallel,1,2
gen_06947,2,-7.405,6.663,0,17,2.383,11.357,0,8.636,0,aliphatic amine,3.746,3.517,5.731,parallel,1,2
gen_06947,3,-7.389,6.776,0,17,2.355,11.403,0,8.674,0,aliphatic amine,3.738,3.513,7.110,parallel,1,2
gen_06962,8,-7.316,4.628,0,22,3.207,10.814,0,10.938,0,aliphatic amine,5.754,3.775,80.298,T_shaped,1,3
gen_06966,1,-8.135,6.430,0,15,9.720,12.395,0,inf,0,,9.362,7.709,77.300,T_shaped,0,4
gen_06966,2,-8.097,6.422,0,15,7.362,12.275,0,inf,0,,8.642,6.250,68.315,T_shaped,0,4
gen_06966,4,-7.994,6.347,0,15,7.094,11.759,0,inf,0,,8.029,5.749,14.803,parallel,0,4
gen_06974,1,-7.826,3.527,1,15,9.309,13.497,0,inf,0,,6.269,4.049,33.145,oblique,0,4
gen_06978,1,-7.966,3.202,1,13,9.059,10.976,0,11.029,0,aliphatic amine,5.802,3.757,84.564,T_shaped,1,3
gen_06978,2,-7.882,3.289,1,13,9.170,10.991,0,10.970,0,aliphatic amine,5.835,3.916,85.182,T_shaped,1,3
gen_06978,3,-7.756,3.722,1,13,9.175,11.012,0,11.021,0,aliphatic amine,5.953,4.071,78.577,T_shaped,1,3
gen_06978,4,-7.712,3.290,1,13,9.086,11.066,0,11.103,0,aliphatic amine,5.796,3.750,80.106,T_shaped,1,3
gen_06978,5,-7.707,3.326,1,13,9.152,11.113,0,11.204,0,aliphatic amine,5.804,3.724,80.148,T_shaped,1,3
gen_06978,7,-7.683,3.451,1,13,8.991,11.066,0,11.158,0,aliphatic amine,5.749,3.586,76.523,T_shaped,1,3
gen_06978,8,-7.682,3.758,1,13,8.379,11.260,0,9.629,0,aliphatic amine,5.810,3.575,40.513,oblique,0,3
gen_06980,2,-7.837,3.557,1,18,9.432,12.331,0,inf,0,,6.624,4.284,44.860,oblique,0,4
gen_06980,4,-7.754,3.702,1,18,9.089,12.269,0,inf,0,,6.413,4.016,45.325,oblique,0,4
gen_06992,1,-7.374,6.190,0,19,2.320,10.951,0,inf,0,,3.823,3.391,17.950,parallel,1,4
gen_06992,2,-7.368,6.142,0,19,2.455,10.922,0,inf,0,,3.812,3.387,18.308,parallel,1,4
gen_06992,3,-7.319,3.529,1,19,9.019,10.751,0,inf,0,,5.250,4.032,59.496,oblique,0,4
gen_06992,6,-7.228,3.548,1,19,9.057,10.538,0,inf,0,,5.325,4.062,57.885,oblique,0,4
gen_06992,10,-7.137,3.500,1,19,8.781,10.645,0,inf,0,,5.219,3.885,62.756,T_shaped,1,4
gen_06992,11,-7.106,3.510,1,19,8.760,10.637,0,inf,0,,5.242,3.891,63.402,T_shaped,1,4
gen_06993,12,-6.867,3.513,1,19,9.018,13.740,0,inf,0,,6.934,4.827,55.288,oblique,0,3
gen_06994,1,-7.216,6.792,0,13,9.449,11.002,0,inf,0,,10.801,9.053,68.289,T_shaped,0,1
gen_07003,1,-7.203,3.731,1,18,8.927,13.673,0,inf,0,,7.213,4.850,42.706,oblique,0,3
gen_07003,2,-7.076,3.859,1,18,7.769,13.665,0,inf,0,,8.353,6.215,74.276,T_shaped,0,3
gen_07003,3,-7.004,3.714,1,18,9.294,12.931,0,inf,0,,7.364,5.050,84.972,T_shaped,0,3
gen_07003,7,-6.886,7.044,0,18,5.059,13.418,0,inf,0,,6.080,4.029,34.192,oblique,0,3
gen_07003,9,-6.838,6.615,0,18,6.721,13.447,0,inf,0,,6.611,4.364,15.912,parallel,1,3
gen_07013,1,-8.303,4.733,0,22,3.193,12.086,0,inf,0,,5.492,3.627,64.904,T_shaped,1,4
gen_07015,3,-6.360,5.119,0,14,7.805,10.970,0,9.768,0,tetrahydronaphthyridine|2-aminopyridine|aliphatic amine,6.690,5.116,62.540,T_shaped,0,2
gen_07015,4,-6.346,5.095,0,14,7.747,10.929,0,9.720,0,tetrahydronaphthyridine|2-aminopyridine|aliphatic amine,6.668,5.107,62.758,T_shaped,0,2
gen_07024,4,-7.235,3.348,1,13,12.375,13.541,0,inf,0,,9.343,6.906,82.271,T_shaped,0,3
gen_07025,1,-8.126,6.357,0,17,6.761,7.571,0,inf,0,,7.144,5.084,75.730,T_shaped,0,4
gen_07025,2,-8.112,6.917,0,17,6.480,7.342,0,inf,0,,7.064,5.014,77.095,T_shaped,0,4
gen_07026,5,-6.933,3.568,1,21,6.682,13.370,0,inf,0,,7.862,5.624,57.428,oblique,0,2
gen_07026,6,-6.829,3.477,1,21,6.602,13.506,0,inf,0,,7.840,5.622,57.126,oblique,0,2
gen_07026,7,-6.819,3.365,1,21,6.637,13.501,0,inf,0,,7.816,5.600,57.694,oblique,0,2
gen_07028,1,-6.849,4.104,1,19,5.989,13.429,0,inf,0,,6.446,4.042,44.708,oblique,0,2
gen_07028,2,-6.722,4.128,1,19,5.660,13.465,0,inf,0,,6.434,4.027,44.415,oblique,0,2
gen_07028,5,-6.631,5.702,0,19,5.510,11.322,0,inf,0,,5.555,3.891,40.193,oblique,0,2
gen_07028,6,-6.613,7.091,0,19,4.566,11.030,0,inf,0,,6.367,3.888,73.860,T_shaped,1,2
gen_07033,2,-6.632,5.202,0,18,2.148,10.873,0,12.065,0,aliphatic amine,3.789,3.607,5.947,parallel,1,3
gen_07039,1,-6.804,3.746,1,6,7.787,12.859,0,inf,0,,6.412,4.046,39.184,oblique,0,2
gen_07039,3,-6.558,3.603,1,6,7.749,12.861,0,inf,0,,7.477,5.024,42.774,oblique,0,2
gen_07051,1,-8.185,2.974,1,15,10.759,12.676,0,inf,0,,7.742,5.741,48.067,oblique,0,3
gen_07051,2,-8.002,2.947,1,15,10.308,12.537,0,inf,0,,7.453,5.373,41.964,oblique,0,3
gen_07051,3,-7.755,3.311,1,15,6.510,10.947,0,inf,0,,6.229,4.126,37.500,oblique,0,3
gen_07051,5,-7.706,3.294,1,15,9.628,12.741,0,inf,0,,6.463,4.287,38.385,oblique,0,3
gen_07056,2,-7.227,6.035,0,14,6.824,10.981,0,inf,0,tetrahydronaphthyridine,6.415,4.412,55.110,oblique,0,2
gen_07059,1,-7.458,6.295,0,19,3.187,12.700,0,11.802,0,aliphatic amine,4.610,3.608,52.419,oblique,0,3
gen_07062,4,-6.487,4.867,0,17,7.679,11.074,0,12.322,0,aliphatic amine,7.119,6.047,53.499,oblique,0,3
gen_07062,5,-6.456,3.906,1,17,8.845,10.822,0,12.627,0,aliphatic amine,7.349,5.465,86.242,T_shaped,0,3
gen_07064,5,-7.326,3.505,1,13,7.848,13.712,0,inf,0,,8.305,6.148,83.958,T_shaped,0,3
gen_07068,7,-6.957,3.850,1,16,8.853,13.453,0,11.125,0,aliphatic amine,8.824,6.990,70.908,T_shaped,0,2
gen_07073,3,-7.584,3.742,1,17,9.657,13.500,0,12.966,0,aliphatic amine,5.938,4.098,36.833,oblique,0,2
gen_07073,4,-7.568,3.632,1,17,9.747,13.597,0,13.040,0,aliphatic amine,6.055,4.168,38.620,oblique,0,2
gen_07073,10,-7.389,3.569,1,17,9.634,13.584,0,12.684,0,aliphatic amine,6.140,4.282,47.078,oblique,0,2
gen_07073,11,-7.313,3.746,1,17,9.817,11.666,0,12.867,0,aliphatic amine,6.125,4.287,42.796,oblique,0,2
gen_07074,3,-7.414,3.346,1,14,9.542,11.066,0,inf,0,,9.234,6.774,69.648,T_shaped,0,3
gen_07075,1,-7.358,3.505,1,17,9.846,11.112,0,inf,0,,9.356,7.241,82.073,T_shaped,0,2
gen_07075,2,-7.328,3.548,1,17,9.595,11.034,0,inf,0,,9.353,7.235,81.088,T_shaped,0,2
gen_07079,1,-6.357,10.630,0,5,7.825,11.267,0,inf,0,,9.049,6.966,49.647,oblique,0,2
gen_07079,4,-6.139,10.651,0,5,7.593,10.924,0,inf,0,,9.090,6.636,65.228,T_shaped,0,2
gen_07079,6,-6.000,10.556,0,5,7.589,12.281,0,inf,0,,8.987,6.557,65.544,T_shaped,0,2
gen_07083,2,-8.588,5.008,0,17,2.744,13.507,0,inf,0,,4.600,3.676,23.642,parallel,1,5
gen_07084,1,-6.641,3.435,1,14,9.016,11.347,0,11.347,0,aliphatic amine,9.194,6.775,54.161,oblique,0,3
gen_07084,2,-6.584,3.092,1,14,8.715,11.234,0,11.234,0,aliphatic amine,9.101,6.633,47.633,oblique,0,3
gen_07089,1,-6.688,6.825,0,15,8.530,12.615,0,inf,0,,9.173,6.527,66.859,T_shaped,0,3
gen_07089,2,-6.658,6.879,0,15,8.475,12.440,0,inf,0,,9.143,6.497,66.045,T_shaped,0,3
gen_07089,4,-6.369,5.583,0,15,8.554,13.417,0,inf,0,,7.688,5.307,71.478,T_shaped,0,3
gen_07090,1,-8.333,6.520,0,21,3.486,10.014,0,inf,0,,5.749,3.462,87.878,T_shaped,1,5
gen_07090,2,-8.296,6.420,0,21,3.620,10.226,0,inf,0,,5.843,3.578,84.198,T_shaped,1,5
gen_07090,3,-7.947,4.686,0,21,3.448,10.069,0,inf,0,,5.644,3.387,87.662,T_shaped,1,5
gen_07091,4,-8.041,3.664,1,19,8.651,13.677,0,10.978,0,2-aminopyridine|aliphatic amine,7.706,5.726,50.052,oblique,0,3
gen_07100,2,-7.756,3.260,1,18,7.914,12.497,0,inf,0,,8.475,6.359,74.227,T_shaped,0,3
gen_07100,4,-7.723,3.262,1,18,7.944,12.489,0,inf,0,,8.386,6.194,77.168,T_shaped,0,3
gen_07101,5,-7.546,3.820,1,18,11.108,13.614,0,inf,0,,9.303,6.785,22.723,parallel,0,4
gen_07102,1,-7.468,3.665,1,14,10.945,13.200,0,12.551,0,aliphatic amine,8.574,6.401,81.747,T_shaped,0,2
gen_07102,4,-7.441,3.651,1,14,10.848,13.196,0,12.473,0,aliphatic amine,8.482,6.268,79.821,T_shaped,0,2
gen_07106,2,-6.964,3.895,1,19,7.515,10.347,0,inf,0,,6.469,4.433,77.985,T_shaped,1,3
gen_07106,4,-6.897,3.595,1,19,8.435,10.514,0,inf,0,,7.171,5.001,79.073,T_shaped,0,3
gen_07116,1,-7.789,6.938,0,17,6.033,11.912,0,inf,0,,6.762,4.248,80.934,T_shaped,1,4
gen_07116,2,-7.720,7.233,0,17,4.980,11.774,0,inf,0,,5.873,3.519,82.210,T_shaped,1,4
gen_07122,1,-7.588,4.918,0,21,7.363,8.945,0,8.945,0,tetrahydronaphthyridine|2-aminopyridine|aliphatic amine,6.844,4.646,51.902,oblique,0,3
gen_07122,5,-7.417,3.673,1,21,7.732,11.104,0,11.104,0,tetrahydronaphthyridine|2-aminopyridine|aliphatic amine,6.244,4.216,65.521,T_shaped,1,3
gen_07122,8,-7.372,3.733,1,21,7.935,10.932,0,10.932,0,tetrahydronaphthyridine|2-aminopyridine|aliphatic amine,6.550,4.366,68.081,T_shaped,1,3
gen_07122,9,-7.245,3.839,1,21,7.663,10.509,0,10.509,0,tetrahydronaphthyridine|2-aminopyridine|aliphatic amine,7.551,5.073,68.421,T_shaped,0,3
gen_07131,4,-7.115,3.541,1,11,5.689,13.775,0,inf,0,,5.830,3.610,41.734,oblique,0,4
gen_07133,4,-7.696,6.107,0,17,9.006,10.613,0,inf,0,,9.337,7.846,46.805,oblique,0,4
gen_07136,4,-7.023,6.222,0,11,2.822,9.135,0,inf,0,,6.170,4.095,71.651,T_shaped,1,3
gen_07142,1,-6.733,3.593,1,16,5.010,12.883,0,inf,0,,5.394,3.757,31.500,oblique,0,3
gen_07142,2,-6.708,3.626,1,16,5.053,12.914,0,inf,0,,5.446,3.767,33.085,oblique,0,3
gen_07142,3,-6.612,6.629,0,16,8.272,10.383,0,inf,0,,9.091,7.062,83.785,T_shaped,0,3
gen_07143,9,-6.248,4.516,0,21,6.979,13.446,0,inf,0,,5.836,3.850,80.371,T_shaped,1,2
gen_07143,10,-6.219,4.241,1,21,7.124,13.594,0,inf,0,,5.619,3.785,83.354,T_shaped,1,2
gen_07146,1,-7.782,3.472,1,18,9.010,10.996,0,12.050,0,2-aminopyridine,8.525,6.121,54.266,oblique,0,2
gen_07146,2,-7.745,3.535,1,18,9.033,11.001,0,12.026,0,2-aminopyridine,8.478,6.069,54.740,oblique,0,2
gen_07146,3,-7.711,3.501,1,18,8.981,10.985,0,11.829,0,2-aminopyridine,8.348,5.949,53.214,oblique,0,2
gen_07146,4,-7.698,3.470,1,18,9.076,10.940,0,11.829,0,2-aminopyridine,8.327,5.934,53.431,oblique,0,2
gen_07146,5,-7.677,3.529,1,18,9.128,10.973,0,11.754,0,2-aminopyridine,8.267,5.880,53.361,oblique,0,2
gen_07146,6,-7.628,3.702,1,18,9.001,10.998,0,11.387,0,2-aminopyridine,7.923,5.544,52.646,oblique,0,2
gen_07147,4,-6.697,3.748,1,16,5.177,13.572,0,11.645,0,aliphatic amine,4.908,3.740,40.196,oblique,0,3
gen_07150,1,-6.203,6.083,0,7,8.354,13.570,0,12.846,0,tetrahydronaphthyridine|2-aminopyridine,10.074,8.674,71.621,T_shaped,0,1
gen_07150,2,-6.202,4.706,0,7,9.311,11.134,0,13.056,0,tetrahydronaphthyridine|2-aminopyridine,10.037,7.964,67.834,T_shaped,0,1
gen_07151,1,-7.506,3.607,1,18,8.198,13.708,0,inf,0,,6.798,4.505,38.722,oblique,0,3
gen_07151,4,-7.460,3.676,1,18,8.174,13.702,0,inf,0,,6.780,4.505,38.146,oblique,0,3
gen_07155,1,-6.827,3.712,1,13,9.324,12.732,0,12.732,0,aliphatic amine,5.956,3.917,54.455,oblique,0,3
gen_07155,2,-6.692,3.578,1,13,10.306,12.413,0,13.472,0,aliphatic amine,8.067,5.805,55.846,oblique,0,3
gen_07155,6,-6.621,3.638,1,13,9.739,12.706,0,12.706,0,aliphatic amine,6.070,4.220,48.684,oblique,0,3
gen_07155,7,-6.602,3.515,1,13,6.611,13.366,0,13.366,0,aliphatic amine,5.838,3.366,7.635,parallel,1,3
gen_07155,8,-6.517,3.661,1,13,10.218,12.559,0,13.080,0,aliphatic amine,7.041,4.777,58.154,oblique,0,3
gen_07166,5,-7.241,6.329,0,20,3.578,13.334,0,inf,0,,5.105,3.329,45.178,oblique,0,4
gen_07168,4,-5.618,5.055,0,15,8.698,11.485,0,inf,0,,inf,inf,,no_aromatic_ring,0,0
gen_07173,1,-6.902,3.566,1,15,9.269,10.884,0,inf,0,,7.134,5.071,43.226,oblique,0,3
gen_07173,2,-6.883,3.582,1,15,9.215,10.849,0,inf,0,,7.217,5.208,41.513,oblique,0,3
gen_07173,3,-6.805,3.551,1,15,8.827,10.812,0,inf,0,,6.976,4.751,57.330,oblique,0,3
gen_07174,1,-7.827,3.857,1,15,6.215,12.056,0,inf,0,,8.222,6.043,72.186,T_shaped,0,3
gen_07174,2,-7.825,3.619,1,15,6.448,11.660,0,inf,0,,7.622,5.237,55.673,oblique,0,3
gen_07176,1,-7.104,3.703,1,18,9.075,10.769,0,inf,0,,6.204,4.130,40.765,oblique,0,2
gen_07176,2,-7.094,3.601,1,18,9.008,10.838,0,inf,0,,6.389,4.300,40.742,oblique,0,2
gen_07176,3,-6.978,3.544,1,18,8.677,10.870,0,inf,0,,6.559,4.442,40.286,oblique,0,2
gen_07176,4,-6.968,3.573,1,18,8.443,10.779,0,inf,0,,6.504,4.350,41.925,oblique,0,2
gen_07176,5,-6.925,3.598,1,18,8.998,10.749,0,inf,0,,6.488,4.334,41.912,oblique,0,2
gen_07190,4,-6.100,6.411,0,16,7.248,10.981,0,inf,0,,8.753,6.812,34.775,oblique,0,1
gen_07197,1,-6.479,3.771,1,16,7.615,8.845,0,8.845,0,aliphatic amine,7.836,5.263,28.800,parallel,0,2
gen_07197,2,-6.436,3.789,1,16,8.052,10.716,0,10.716,0,aliphatic amine,7.928,5.398,52.858,oblique,0,2
gen_07197,3,-6.407,3.763,1,16,8.125,9.108,0,10.660,0,aliphatic amine,7.958,5.432,52.281,oblique,0,2
gen_07197,4,-6.322,3.662,1,16,8.049,9.445,0,9.445,0,aliphatic amine,7.931,5.345,42.255,oblique,0,2
gen_07197,5,-6.280,4.096,1,16,7.462,9.028,0,9.028,0,aliphatic amine,7.851,5.388,18.003,parallel,0,2
gen_07197,6,-6.273,3.701,1,16,8.899,9.574,0,9.574,0,aliphatic amine,8.388,5.836,14.122,parallel,0,2
gen_07197,7,-6.231,3.686,1,16,8.842,9.545,0,9.545,0,aliphatic amine,8.400,5.867,14.061,parallel,0,2
gen_07197,8,-6.146,3.605,1,16,8.920,9.540,0,9.540,0,aliphatic amine,8.337,5.781,11.036,parallel,0,2
gen_07198,1,-7.376,6.214,0,9,8.811,12.591,0,inf,0,,9.143,6.790,74.381,T_shaped,0,4
gen_07202,2,-7.927,6.275,0,16,9.325,11.004,0,11.873,0,aliphatic amine,10.127,8.063,67.342,T_shaped,0,3
gen_07202,3,-7.924,6.313,0,16,9.267,11.063,0,11.801,0,aliphatic amine,10.175,8.093,68.065,T_shaped,0,3
gen_07202,4,-7.875,6.223,0,16,9.406,11.000,0,11.878,0,aliphatic amine,10.181,8.153,69.125,T_shaped,0,3
gen_07207,1,-7.322,3.785,1,21,6.684,11.073,0,10.953,0,aliphatic amine,7.488,5.513,8.772,parallel,0,2
gen_07207,3,-7.274,3.788,1,21,6.435,11.092,0,10.907,0,aliphatic amine,7.134,5.166,9.324,parallel,0,2
gen_07207,4,-7.255,3.843,1,21,6.503,11.060,0,10.935,0,aliphatic amine,7.187,5.193,9.631,parallel,0,2
gen_07207,6,-7.070,5.209,0,21,6.363,11.063,0,10.835,0,aliphatic amine,7.527,5.626,15.590,parallel,0,2
gen_07207,7,-7.037,3.561,1,21,8.368,10.409,0,11.369,0,aliphatic amine,5.961,3.896,64.748,T_shaped,1,2
gen_07219,2,-7.677,3.645,1,19,5.922,13.645,0,inf,0,,6.160,3.797,71.329,T_shaped,1,3
gen_07219,4,-7.619,3.646,1,19,5.624,13.693,0,inf,0,,6.441,4.137,87.099,T_shaped,1,3
gen_07219,6,-7.610,3.696,1,19,5.504,13.690,0,inf,0,,6.334,3.994,84.814,T_shaped,1,3
gen_07219,8,-7.529,3.523,1,19,5.557,13.752,0,inf,0,,6.344,3.990,86.124,T_shaped,1,3
gen_07225,1,-7.681,8.191,0,12,8.133,13.532,0,inf,0,,8.197,6.486,63.808,T_shaped,0,4
gen_07231,1,-6.967,3.335,1,14,7.550,13.467,0,inf,0,,6.324,3.687,65.758,T_shaped,1,3
gen_07236,2,-7.420,5.807,0,18,2.967,11.037,0,inf,0,,4.992,3.284,70.205,T_shaped,1,2
gen_07236,5,-7.386,5.822,0,18,2.976,11.008,0,inf,0,,5.026,3.310,69.952,T_shaped,1,2
gen_07241,1,-8.132,3.699,1,17,9.476,10.366,0,inf,0,,5.934,3.819,55.765,oblique,0,4
gen_07241,2,-8.115,3.584,1,17,8.888,10.763,0,inf,0,,7.276,5.030,56.829,oblique,0,4
gen_07243,4,-7.888,3.303,1,18,9.179,11.025,0,10.684,0,2-aminopyridine,6.625,4.191,43.248,oblique,0,3
gen_07243,6,-7.834,3.276,1,18,9.240,11.033,0,10.705,0,2-aminopyridine,6.638,4.218,41.137,oblique,0,3
gen_07243,7,-7.815,3.311,1,18,9.035,11.125,0,10.329,0,2-aminopyridine,6.309,3.916,42.118,oblique,0,3
gen_07243,8,-7.796,3.282,1,18,8.927,11.115,0,10.284,0,2-aminopyridine,6.295,3.869,43.742,oblique,0,3
gen_07245,4,-6.617,4.881,0,21,2.457,11.097,0,inf,0,,5.405,3.486,72.418,T_shaped,1,4
gen_07245,5,-6.608,5.143,0,21,9.081,11.135,0,inf,0,,6.538,4.872,86.484,T_shaped,0,4
gen_07250,1,-8.162,3.615,1,23,6.064,9.180,0,inf,0,,6.343,4.131,53.288,oblique,0,3
gen_07250,2,-8.156,3.613,1,23,6.030,9.210,0,inf,0,,6.488,4.243,53.590,oblique,0,3
gen_07250,3,-8.151,3.617,1,23,6.026,9.195,0,inf,0,,6.496,4.248,53.956,oblique,0,3
gen_07250,4,-8.032,3.742,1,23,6.330,9.217,0,inf,0,,7.682,5.226,57.583,oblique,0,3
gen_07250,5,-7.942,3.741,1,23,6.403,9.225,0,inf,0,,7.643,5.191,58.470,oblique,0,3
gen_07258,11,-6.379,3.938,1,16,11.215,13.497,0,inf,0,,9.067,6.729,55.834,oblique,0,3
gen_07279,1,-7.987,6.511,0,17,3.798,8.795,0,inf,0,,5.783,3.414,86.489,T_shaped,1,4
gen_07279,3,-7.982,6.402,0,17,6.277,6.971,0,inf,0,,7.631,5.580,67.719,T_shaped,0,4
gen_07282,7,-7.775,3.391,1,19,6.528,11.060,0,inf,0,,8.030,5.906,23.994,parallel,0,3
gen_07287,4,-7.326,3.507,1,17,9.054,10.834,0,inf,0,,9.286,7.219,65.563,T_shaped,0,2
gen_07287,5,-7.253,3.613,1,17,9.117,11.037,0,inf,0,,7.225,5.014,86.117,T_shaped,0,2
gen_07293,2,-7.087,6.167,0,20,8.492,13.669,0,inf,0,,9.782,7.860,85.510,T_shaped,0,3
gen_07293,3,-7.086,6.145,0,20,8.517,13.663,0,inf,0,,9.706,7.807,84.421,T_shaped,0,3
gen_07293,5,-7.064,6.214,0,20,8.531,13.663,0,inf,0,,9.723,7.849,82.699,T_shaped,0,3
gen_07293,6,-7.059,6.137,0,20,8.406,13.649,0,inf,0,,9.763,7.854,84.896,T_shaped,0,3
gen_07293,7,-7.052,6.197,0,20,8.405,13.517,0,inf,0,,9.779,7.865,85.475,T_shaped,0,3
gen_07293,8,-6.870,5.616,0,20,8.542,13.598,0,inf,0,,10.107,7.570,52.576,oblique,0,3
gen_07293,11,-6.828,5.945,0,20,8.472,13.593,0,inf,0,,10.129,7.660,42.377,oblique,0,3
gen_07297,1,-8.512,5.513,0,18,3.573,11.106,0,inf,0,,6.049,3.623,83.496,T_shaped,1,5
gen_07297,2,-8.453,6.980,0,18,3.726,11.588,0,inf,0,,6.050,3.617,77.287,T_shaped,1,5
gen_07297,3,-8.442,6.971,0,18,3.769,11.581,0,inf,0,,6.036,3.612,77.375,T_shaped,1,5
gen_07298,5,-6.892,6.304,0,14,7.052,9.978,0,inf,0,,7.981,5.921,53.461,oblique,0,2
gen_07299,4,-6.641,6.506,0,9,9.189,9.189,0,inf,0,,9.616,7.666,44.337,oblique,0,2
gen_07301,3,-7.242,3.080,1,19,9.404,10.740,0,inf,0,,7.008,4.882,71.427,T_shaped,0,3
gen_07304,3,-7.533,3.805,1,19,6.826,12.163,0,inf,0,,6.427,3.835,28.519,parallel,1,4
gen_07304,4,-7.503,3.695,1,19,6.886,12.277,0,inf,0,,6.658,4.072,26.066,parallel,1,4
gen_07304,5,-7.484,6.177,0,19,3.088,11.139,0,inf,0,,5.655,3.283,87.646,T_shaped,1,4
gen_07305,8,-6.473,4.393,1,19,7.813,13.712,0,10.636,0,aliphatic amine,8.799,6.481,65.877,T_shaped,0,3
gen_07309,1,-8.018,3.622,1,20,8.460,13.701,0,10.132,0,aliphatic amine,6.438,3.854,57.950,oblique,0,4
gen_07322,1,-7.942,3.794,1,16,2.302,12.213,0,inf,0,,3.834,3.476,11.989,parallel,1,4
gen_07322,2,-7.941,3.917,1,16,2.393,12.267,0,inf,0,,3.857,3.510,11.312,parallel,1,4
gen_07330,1,-8.591,7.104,0,24,2.235,12.422,0,12.303,0,tetrahydronaphthyridine|2-aminopyridine,4.095,3.505,15.630,parallel,1,4
gen_07330,2,-8.341,4.511,0,24,2.666,13.227,0,12.672,0,tetrahydronaphthyridine|2-aminopyridine,4.214,3.613,27.825,parallel,1,4
gen_07330,3,-8.308,3.849,1,24,3.028,11.019,0,11.019,0,tetrahydronaphthyridine|2-aminopyridine,4.702,3.682,29.573,parallel,1,4
gen_07330,9,-8.173,6.834,0,24,2.254,11.049,0,11.299,0,tetrahydronaphthyridine|2-aminopyridine,5.789,3.529,85.398,T_shaped,1,4
gen_07336,3,-6.504,6.165,0,17,7.087,11.170,0,10.220,0,aliphatic amine,9.900,7.354,17.131,parallel,0,2
gen_07336,5,-6.492,6.053,0,17,7.132,11.124,0,10.219,0,aliphatic amine,9.719,7.186,23.349,parallel,0,2
gen_07336,6,-6.491,6.118,0,17,7.201,11.163,0,10.251,0,aliphatic amine,9.945,7.389,16.544,parallel,0,2
gen_07336,10,-6.435,3.363,1,17,6.751,13.418,0,12.470,0,aliphatic amine,7.459,5.525,66.445,T_shaped,0,2
gen_07336,11,-6.427,3.318,1,17,6.695,13.410,0,12.508,0,aliphatic amine,7.406,5.384,70.939,T_shaped,0,2
gen_07338,8,-7.209,3.624,1,19,8.594,13.859,0,inf,0,,8.488,6.707,60.298,T_shaped,0,3
gen_07339,7,-6.675,6.779,0,17,7.834,13.253,0,inf,0,,7.364,5.185,85.677,T_shaped,0,4
gen_07347,1,-7.403,3.762,1,17,9.570,13.693,0,inf,0,,6.137,4.714,54.725,oblique,0,4
gen_07347,2,-7.336,3.802,1,17,9.576,13.685,0,inf,0,,6.332,4.474,44.799,oblique,0,4
gen_07349,4,-7.700,3.673,1,17,10.154,13.541,0,12.442,0,aliphatic amine,8.118,6.284,74.552,T_shaped,0,3
gen_07352,1,-7.503,6.728,0,14,4.489,5.126,0,inf,0,,6.505,4.170,89.703,T_shaped,1,3
gen_07352,2,-7.495,3.462,1,14,9.920,10.958,0,inf,0,,8.982,6.572,49.048,oblique,0,3
gen_07352,3,-7.439,3.303,1,14,9.586,11.102,0,inf,0,,8.853,6.332,43.805,oblique,0,3
gen_07352,4,-7.418,6.740,0,14,4.397,5.222,0,inf,0,,6.501,4.140,89.052,T_shaped,1,3
gen_07357,1,-7.201,3.749,1,16,8.148,13.567,0,inf,0,,6.697,4.221,57.561,oblique,0,4
gen_07359,1,-7.289,3.556,1,19,6.364,11.628,0,inf,0,,5.992,3.582,35.795,oblique,0,3
gen_07359,2,-7.272,3.537,1,19,6.429,11.702,0,inf,0,,6.017,3.600,37.229,oblique,0,3
gen_07359,4,-6.999,3.551,1,19,6.458,11.666,0,inf,0,,5.914,3.426,40.500,oblique,0,3
gen_07359,5,-6.885,3.517,1,19,6.382,11.612,0,inf,0,,5.976,3.529,36.347,oblique,0,3
gen_07359,8,-6.566,3.355,1,19,6.383,11.696,0,inf,0,,6.047,3.573,35.255,oblique,0,3
gen_07360,2,-6.736,3.826,1,15,8.413,11.994,0,inf,0,,6.006,4.295,89.947,T_shaped,1,3
gen_07360,5,-6.707,3.944,1,15,7.533,10.971,0,inf,0,,5.901,4.194,77.294,T_shaped,1,3
gen_07360,6,-6.699,3.956,1,15,7.539,11.014,0,inf,0,,5.868,4.179,77.472,T_shaped,1,3
gen_07361,1,-8.029,3.747,1,16,9.128,13.391,0,inf,0,,7.796,6.013,73.864,T_shaped,0,4
gen_07372,1,-7.682,6.730,0,15,7.111,8.075,0,11.128,0,aliphatic amine,9.902,7.906,51.381,oblique,0,2
gen_07372,2,-7.658,6.722,0,15,7.141,8.032,0,11.125,0,aliphatic amine,9.844,7.855,50.934,oblique,0,2
gen_07372,3,-7.655,6.734,0,15,7.064,8.107,0,11.111,0,aliphatic amine,9.871,7.872,51.653,oblique,0,2
gen_07372,4,-7.642,6.745,0,15,7.050,8.121,0,11.107,0,aliphatic amine,9.878,7.867,51.709,oblique,0,2
gen_07375,4,-6.843,4.752,0,13,3.554,13.736,0,inf,0,,5.787,3.508,87.941,T_shaped,1,2
gen_07375,6,-6.790,7.005,0,13,3.612,13.852,0,inf,0,,5.790,3.505,87.071,T_shaped,1,2
gen_07375,7,-6.758,3.735,1,13,3.334,13.754,0,inf,0,,5.862,3.552,87.843,T_shaped,1,2
gen_07385,5,-6.940,3.690,1,17,9.276,12.639,0,inf,0,,6.563,4.160,45.707,oblique,0,3
gen_07393,8,-7.830,3.563,1,18,10.317,13.203,0,inf,0,,8.177,6.353,76.899,T_shaped,0,3
gen_07394,5,-7.128,7.160,0,12,9.594,10.934,0,inf,0,,9.799,7.985,50.648,oblique,0,4
gen_07395,1,-8.081,3.509,1,16,10.976,11.868,0,inf,0,,9.136,6.769,23.120,parallel,0,4
gen_07396,3,-7.682,3.347,1,16,9.087,11.699,0,inf,0,,6.092,3.977,40.550,oblique,0,3
gen_07396,5,-7.527,3.396,1,16,9.234,11.945,0,inf,0,,6.038,3.856,39.966,oblique,0,3
gen_07397,1,-7.898,5.032,0,17,6.457,11.231,0,inf,0,,8.370,5.754,40.332,oblique,0,3
gen_07401,1,-7.135,3.661,1,13,10.291,13.600,0,inf,0,,9.535,7.020,36.093,oblique,0,2
gen_07403,2,-7.262,3.615,1,16,8.734,13.431,0,inf,0,,6.020,4.337,68.223,T_shaped,1,3
gen_07403,6,-7.051,4.214,1,16,8.474,13.835,0,inf,0,,7.124,4.493,31.589,oblique,0,3
gen_07404,10,-6.217,6.418,0,13,2.902,13.569,0,inf,0,,5.705,3.760,78.420,T_shaped,1,3
gen_07408,1,-7.216,8.019,0,12,2.370,13.144,0,inf,0,,3.859,3.495,13.074,parallel,1,3
gen_07413,1,-7.824,3.732,1,21,8.409,11.119,0,inf,0,,9.225,6.998,80.661,T_shaped,0,3
gen_07413,2,-7.667,4.057,1,21,8.445,11.079,0,inf,0,,9.362,7.083,78.876,T_shaped,0,3
gen_07413,3,-7.590,3.676,1,21,8.499,11.286,0,inf,0,,9.312,7.131,83.832,T_shaped,0,3
gen_07413,4,-7.524,3.735,1,21,8.572,11.087,0,inf,0,,7.031,4.571,22.189,parallel,0,3
gen_07413,6,-7.358,3.488,1,21,10.500,13.725,0,inf,0,,8.079,6.195,88.888,T_shaped,0,3
gen_07420,2,-6.179,4.122,1,9,8.659,11.787,0,inf,0,,9.229,6.538,26.668,parallel,0,2
gen_07420,3,-6.163,5.392,0,9,8.608,11.907,0,inf,0,,9.320,6.622,22.152,parallel,0,2
gen_07420,4,-6.122,5.776,0,9,7.346,12.943,0,inf,0,,7.664,5.566,66.710,T_shaped,0,2
gen_07424,1,-6.859,4.450,1,12,8.897,10.880,0,inf,0,,8.722,6.300,38.308,oblique,0,3
gen_07424,2,-6.848,4.391,1,12,8.890,10.839,0,inf,0,,8.802,6.374,37.315,oblique,0,3
gen_07424,3,-6.678,3.720,1,12,8.871,10.783,0,inf,0,,8.750,6.401,40.584,oblique,0,3
gen_07424,4,-6.678,3.861,1,12,8.944,10.891,0,inf,0,,8.799,6.443,42.867,oblique,0,3
gen_07424,5,-6.480,3.791,1,12,9.042,10.904,0,inf,0,,8.892,6.626,51.786,oblique,0,3
gen_07424,6,-6.406,4.971,0,12,8.875,10.877,0,inf,0,,8.259,5.873,45.242,oblique,0,3
gen_07425,1,-8.126,3.805,1,18,1.988,9.708,0,inf,0,,3.767,3.551,1.986,parallel,1,3
gen_07425,2,-8.095,3.587,1,18,2.129,9.847,0,inf,0,,3.802,3.486,3.170,parallel,1,3
gen_07425,3,-8.083,3.671,1,18,1.964,9.662,0,inf,0,,3.764,3.569,2.098,parallel,1,3
gen_07425,4,-8.070,4.606,0,18,1.957,9.625,0,inf,0,,3.768,3.540,3.784,parallel,1,3
gen_07425,5,-8.061,4.617,0,18,2.089,9.722,0,inf,0,,3.783,3.489,4.200,parallel,1,3
gen_07425,6,-8.030,4.584,0,18,2.056,9.751,0,inf,0,,3.780,3.546,1.737,parallel,1,3
gen_07425,7,-7.923,3.726,1,18,6.911,11.027,0,inf,0,,9.084,6.729,74.935,T_shaped,0,3
gen_07425,8,-7.898,3.711,1,18,6.877,11.022,0,inf,0,,8.963,6.663,79.134,T_shaped,0,3
gen_07430,1,-8.316,3.611,1,17,9.927,11.445,0,inf,0,,6.894,4.563,77.973,T_shaped,0,3
gen_07431,1,-7.129,6.337,0,17,6.962,8.268,0,8.268,0,aliphatic amine,6.090,3.996,82.108,T_shaped,1,3
gen_07431,6,-6.640,3.434,1,17,8.827,11.306,0,11.306,0,aliphatic amine,9.199,6.784,63.928,T_shaped,0,3
gen_07443,4,-6.567,6.392,0,21,6.712,10.580,0,10.072,0,aliphatic amine,8.281,6.186,59.714,oblique,0,3
gen_07443,6,-6.526,6.305,0,21,7.193,11.609,0,10.156,0,aliphatic amine,8.433,6.436,63.136,T_shaped,0,3
gen_07446,6,-6.680,7.197,0,13,8.682,13.450,0,inf,0,,9.415,7.394,87.089,T_shaped,0,3
gen_07460,6,-5.873,3.807,1,14,11.431,13.291,0,inf,0,,9.154,6.763,74.819,T_shaped,0,2
gen_07460,8,-5.845,3.795,1,14,9.091,13.696,0,inf,0,,8.868,6.753,78.672,T_shaped,0,2
gen_07461,6,-7.114,4.131,1,18,10.274,13.587,0,inf,0,,8.138,5.741,61.026,T_shaped,0,3
gen_07470,2,-6.776,3.541,1,21,9.541,11.444,0,inf,0,,6.862,4.948,55.235,oblique,0,3
gen_07470,3,-6.754,3.614,1,21,9.541,11.435,0,inf,0,,6.858,4.940,55.882,oblique,0,3
gen_07470,4,-6.749,3.492,1,21,9.476,11.207,0,inf,0,,6.968,5.052,56.558,oblique,0,3
gen_07470,5,-6.692,3.478,1,21,8.677,11.419,0,inf,0,,6.559,4.529,55.227,oblique,0,3
gen_07470,6,-6.676,3.457,1,21,8.622,11.391,0,inf,0,,6.536,4.507,55.293,oblique,0,3
gen_07473,3,-7.108,3.494,1,15,9.755,13.392,0,inf,0,,7.368,5.302,53.147,oblique,0,2
gen_07478,1,-7.943,3.657,1,23,8.645,11.269,0,inf,0,,7.504,5.259,86.057,T_shaped,0,3
gen_07478,5,-7.809,3.667,1,23,8.616,11.295,0,inf,0,,7.387,5.306,61.094,T_shaped,0,3
gen_07487,2,-6.613,3.275,1,24,8.793,11.749,0,inf,0,,5.765,3.628,61.964,T_shaped,1,3
gen_07493,1,-8.025,3.778,1,14,7.279,11.263,0,10.730,0,tetrahydronaphthyridine|2-aminopyridine,8.602,6.102,56.855,oblique,0,2
gen_07493,2,-7.927,3.533,1,14,7.253,11.152,0,10.663,0,tetrahydronaphthyridine|2-aminopyridine,8.672,6.251,71.337,T_shaped,0,2
gen_07493,3,-7.919,3.704,1,14,7.305,11.272,0,10.743,0,tetrahydronaphthyridine|2-aminopyridine,8.788,6.201,53.382,oblique,0,2
gen_07493,4,-7.807,3.564,1,14,7.206,11.316,0,10.716,0,tetrahydronaphthyridine|2-aminopyridine,8.790,6.361,61.524,T_shaped,0,2
gen_07497,1,-7.799,6.338,0,16,7.131,7.871,0,11.782,0,aliphatic amine,7.944,5.845,71.222,T_shaped,0,3
gen_07497,2,-7.644,3.899,1,16,7.816,9.392,0,9.392,0,aliphatic amine,6.544,5.039,64.669,T_shaped,0,3
gen_07500,1,-7.920,3.566,1,20,8.156,10.546,0,inf,0,,8.103,6.128,62.719,T_shaped,0,4
gen_07500,2,-7.905,3.578,1,20,8.121,10.545,0,inf,0,,8.183,6.274,61.239,T_shaped,0,4
gen_07500,9,-7.649,3.608,1,20,7.599,10.333,0,inf,0,,8.015,6.001,76.124,T_shaped,0,4
gen_07500,10,-7.641,3.501,1,20,8.086,10.562,0,inf,0,,6.791,4.807,31.377,oblique,0,4
gen_07504,3,-7.134,4.188,1,15,7.783,12.046,0,inf,0,,5.813,3.905,76.352,T_shaped,1,2
gen_07504,4,-7.131,4.156,1,15,9.080,12.332,0,inf,0,,9.481,6.973,61.825,T_shaped,0,2
gen_07504,5,-7.122,4.192,1,15,7.724,12.038,0,inf,0,,5.848,3.932,74.742,T_shaped,1,2
gen_07504,6,-7.060,4.339,1,15,7.848,12.223,0,inf,0,,6.113,4.223,80.025,T_shaped,1,2
gen_07504,7,-7.048,4.367,1,15,7.838,12.230,0,inf,0,,6.181,4.300,81.123,T_shaped,1,2
gen_07504,8,-7.030,5.862,0,15,7.937,12.197,0,inf,0,,6.019,4.020,70.725,T_shaped,1,2
gen_07504,9,-7.018,4.589,0,15,9.017,12.412,0,inf,0,,9.880,7.385,61.417,T_shaped,0,2
gen_07507,4,-6.711,3.481,1,12,7.373,10.573,0,inf,0,,5.909,4.139,36.062,oblique,0,2
gen_07510,4,-7.499,3.375,1,13,8.711,9.503,0,inf,0,,8.097,6.614,61.543,T_shaped,0,4
gen_07515,5,-7.853,3.408,1,23,6.366,10.501,0,inf,0,,7.558,5.287,48.563,oblique,0,3
gen_07515,6,-7.836,3.332,1,23,6.345,10.337,0,inf,0,,7.285,4.917,46.896,oblique,0,3
gen_07515,9,-7.817,3.361,1,23,6.173,10.350,0,inf,0,,7.440,5.250,49.566,oblique,0,3
gen_07515,12,-7.630,6.848,0,23,3.002,8.765,0,inf,0,,5.473,3.977,72.511,T_shaped,1,3
gen_07519,5,-7.366,3.643,1,14,8.698,9.101,0,inf,0,,6.281,4.084,46.003,oblique,0,2
gen_07522,1,-7.787,3.681,1,18,8.612,10.523,0,inf,0,,8.072,6.050,82.307,T_shaped,0,3
gen_07522,2,-7.767,3.667,1,18,8.622,10.464,0,inf,0,,8.024,6.001,82.393,T_shaped,0,3
gen_07522,3,-7.724,3.722,1,18,9.257,10.857,0,inf,0,,8.787,6.572,77.658,T_shaped,0,3
gen_07522,4,-7.679,3.703,1,18,8.692,10.957,0,inf,0,,7.945,5.915,84.962,T_shaped,0,3
gen_07522,5,-7.661,3.727,1,18,8.689,11.005,0,inf,0,,7.813,5.779,86.265,T_shaped,0,3
gen_07522,6,-7.648,3.713,1,18,8.995,10.860,0,inf,0,,8.756,6.554,78.997,T_shaped,0,3
gen_07522,9,-7.590,3.469,1,18,8.426,10.596,0,inf,0,,8.480,6.001,71.195,T_shaped,0,3
gen_07522,10,-7.548,3.509,1,18,8.559,11.108,0,inf,0,,8.869,6.395,74.328,T_shaped,0,3
gen_07526,1,-7.245,3.803,1,19,8.576,13.624,0,inf,0,,8.719,6.640,88.880,T_shaped,0,3
gen_07526,2,-7.185,3.616,1,19,8.775,13.490,0,inf,0,,8.636,6.501,87.505,T_shaped,0,3
gen_07526,3,-7.153,3.786,1,19,8.646,11.250,0,inf,0,,9.365,6.990,73.134,T_shaped,0,3
gen_07526,5,-7.017,3.640,1,19,8.855,11.309,0,inf,0,,9.352,6.945,74.133,T_shaped,0,3
gen_07530,1,-7.598,5.972,0,14,7.859,13.386,0,inf,0,,7.890,5.377,22.237,parallel,0,4
gen_07531,7,-7.693,3.623,1,23,7.081,11.779,0,inf,0,,6.768,4.687,67.919,T_shaped,0,3
gen_07539,2,-7.789,4.046,1,18,8.995,10.868,0,inf,0,,7.245,5.183,54.755,oblique,0,4
gen_07539,3,-7.763,4.382,1,18,8.761,10.648,0,inf,0,,7.372,5.350,52.806,oblique,0,4
gen_07539,4,-7.722,5.162,0,18,1.883,9.425,0,inf,0,,3.735,3.557,3.593,parallel,1,4
gen_07542,6,-8.012,6.214,0,22,2.860,10.754,0,inf,0,,4.521,3.550,23.056,parallel,1,4
gen_07547,2,-7.085,6.165,0,19,7.994,13.667,0,inf,0,,7.459,6.082,58.109,oblique,0,4
gen_07551,3,-6.586,3.748,1,16,7.873,13.301,0,inf,0,,5.295,3.872,82.198,T_shaped,1,4
gen_07551,8,-6.462,3.341,1,16,7.909,13.438,0,inf,0,,5.342,3.945,77.359,T_shaped,1,4
gen_07554,1,-6.761,5.017,0,16,7.676,11.593,0,11.593,0,aliphatic amine,6.545,5.207,69.722,T_shaped,0,3
gen_07554,2,-6.751,5.013,0,16,7.703,11.610,0,11.610,0,aliphatic amine,6.571,5.251,70.122,T_shaped,0,3
gen_07554,3,-6.704,5.281,0,16,8.346,11.433,0,11.433,0,aliphatic amine,7.829,5.879,83.510,T_shaped,0,3
gen_07554,4,-6.684,5.280,0,16,8.391,11.444,0,11.444,0,aliphatic amine,7.849,5.902,83.397,T_shaped,0,3
gen_07564,2,-7.290,6.567,0,20,4.617,13.578,0,inf,0,,8.900,6.702,80.395,T_shaped,0,1
gen_07564,3,-7.233,6.141,0,20,4.236,13.322,0,inf,0,,8.726,6.403,80.606,T_shaped,0,1
gen_07565,11,-7.163,3.572,1,18,8.986,13.201,0,inf,0,,7.945,5.807,36.314,oblique,0,4
gen_07566,13,-6.853,3.372,1,15,8.869,13.585,0,13.846,0,aliphatic amine,7.198,4.501,50.802,oblique,0,3
gen_07570,1,-7.965,4.360,1,11,7.656,11.848,0,inf,0,,6.215,3.538,47.154,oblique,0,3
gen_07570,2,-7.832,4.351,1,11,7.675,13.626,0,inf,0,,6.097,3.401,48.582,oblique,0,3
gen_07570,4,-7.728,3.613,1,11,9.293,13.449,0,inf,0,,6.466,4.022,78.856,T_shaped,1,3
gen_07582,1,-8.265,3.466,1,18,7.636,10.836,0,12.295,0,aliphatic amine,6.283,3.657,66.923,T_shaped,1,4
gen_07582,2,-8.242,3.497,1,18,7.614,10.812,0,12.321,0,aliphatic amine,6.328,3.702,67.900,T_shaped,1,4
gen_07582,3,-8.183,3.385,1,18,7.576,10.856,0,12.335,0,aliphatic amine,6.303,3.677,69.679,T_shaped,1,4
gen_07589,1,-8.377,6.641,0,19,2.159,11.833,0,inf,0,,3.749,3.548,5.236,parallel,1,4
gen_07589,5,-8.226,5.631,0,19,2.212,11.913,0,inf,0,,3.811,3.566,4.237,parallel,1,4
gen_07589,7,-8.039,6.369,0,19,1.897,13.270,0,inf,0,,3.742,3.577,1.062,parallel,1,4
gen_07593,7,-7.312,3.514,1,14,8.370,13.585,0,inf,0,,6.106,3.802,63.427,T_shaped,1,3
gen_07599,4,-6.889,3.698,1,15,10.505,13.609,0,inf,0,,6.868,5.179,71.705,T_shaped,0,3
gen_07599,6,-6.855,3.861,1,15,10.340,13.439,0,inf,0,,7.559,5.653,74.176,T_shaped,0,3
gen_07599,7,-6.854,3.792,1,15,10.501,13.428,0,inf,0,,7.856,5.906,64.231,T_shaped,0,3
gen_07599,11,-6.804,3.564,1,15,10.315,12.972,0,inf,0,,6.897,5.180,73.051,T_shaped,0,3
gen_07599,12,-6.748,3.531,1,15,10.456,13.583,0,inf,0,,6.929,5.208,74.695,T_shaped,0,3
gen_07601,1,-7.723,3.567,1,19,7.908,10.854,0,11.196,0,tetrahydronaphthyridine|2-aminopyridine,6.057,3.789,55.570,oblique,0,3
gen_07601,2,-7.701,3.594,1,19,7.878,10.894,0,11.187,0,tetrahydronaphthyridine|2-aminopyridine,6.006,3.852,56.534,oblique,0,3
gen_07601,3,-7.674,3.600,1,19,7.886,10.814,0,11.143,0,tetrahydronaphthyridine|2-aminopyridine,5.993,3.746,55.484,oblique,0,3
gen_07601,4,-7.672,3.518,1,19,7.916,10.841,0,11.187,0,tetrahydronaphthyridine|2-aminopyridine,6.044,3.844,56.675,oblique,0,3
gen_07612,11,-6.851,3.644,1,18,8.168,13.725,0,11.165,0,aliphatic amine,7.560,6.173,82.312,T_shaped,0,3
gen_07618,1,-6.967,3.759,1,17,9.420,12.720,0,inf,0,,6.857,4.484,80.966,T_shaped,1,3
gen_07618,2,-6.839,3.810,1,17,9.105,13.286,0,inf,0,,6.574,4.162,77.118,T_shaped,1,3
gen_07618,5,-6.675,3.941,1,17,9.747,12.498,0,inf,0,,7.170,4.777,79.401,T_shaped,0,3
gen_07627,4,-6.634,4.658,0,19,7.267,11.869,0,inf,0,,6.063,3.487,42.245,oblique,0,3
gen_07628,1,-7.258,3.370,1,23,9.038,11.658,0,inf,0,,5.989,3.821,48.627,oblique,0,4
gen_07628,2,-7.237,3.444,1,23,9.038,11.690,0,inf,0,,5.986,3.836,48.320,oblique,0,4
gen_07628,4,-7.139,3.805,1,23,9.062,11.084,0,inf,0,,6.255,4.070,45.530,oblique,0,4
gen_07632,1,-7.620,3.698,1,19,4.116,11.120,0,10.199,0,aliphatic amine,4.885,3.483,6.880,parallel,1,2
gen_07632,3,-7.551,3.733,1,19,3.912,11.125,0,10.100,0,aliphatic amine,4.797,3.464,7.334,parallel,1,2
gen_07634,1,-7.819,3.682,1,15,9.804,11.525,0,11.525,0,aliphatic amine,7.417,5.091,69.236,T_shaped,0,4
gen_07634,3,-7.704,3.806,1,15,9.895,11.575,0,11.575,0,aliphatic amine,7.827,5.756,84.124,T_shaped,0,4
gen_07634,4,-7.678,3.741,1,15,8.129,13.130,0,13.130,0,aliphatic amine,7.927,5.990,82.756,T_shaped,0,4
gen_07634,5,-7.668,4.104,1,15,9.724,11.454,0,11.454,0,aliphatic amine,7.460,5.124,84.886,T_shaped,0,4
gen_07634,9,-7.577,3.829,1,15,9.916,11.779,0,12.122,0,aliphatic amine,7.897,5.888,89.966,T_shaped,0,4
gen_07635,1,-7.071,3.745,1,17,8.014,8.014,0,inf,0,,9.298,6.788,52.004,oblique,0,2
gen_07635,2,-6.892,3.822,1,17,7.857,8.718,0,inf,0,,9.231,6.750,54.532,oblique,0,2
gen_07639,1,-7.224,7.542,0,9,9.393,11.507,0,inf,0,,9.179,6.786,28.507,parallel,0,3
gen_07639,2,-7.199,7.546,0,9,9.510,11.509,0,inf,0,,9.156,6.760,29.646,parallel,0,3
gen_07640,3,-7.224,7.437,0,16,2.880,12.752,0,11.370,0,aliphatic amine,7.439,5.207,64.049,T_shaped,0,2
gen_07644,6,-6.299,5.038,0,18,7.980,11.127,0,10.599,0,tetrahydronaphthyridine|2-aminopyridine,6.848,5.323,67.810,T_shaped,0,3
gen_07644,8,-6.233,3.738,1,18,9.541,11.651,0,14.971,0,tetrahydronaphthyridine|2-aminopyridine,8.237,5.804,81.267,T_shaped,0,3
gen_07647,1,-6.288,6.625,0,19,8.156,13.483,0,inf,0,,6.531,4.658,86.489,T_shaped,0,2
gen_07647,7,-6.057,3.568,1,19,9.670,10.935,0,inf,0,,8.243,6.042,82.097,T_shaped,0,2
gen_07647,8,-6.019,6.388,0,19,8.586,12.812,0,inf,0,,6.752,4.976,89.701,T_shaped,0,2
gen_07655,1,-7.538,3.865,1,14,6.288,11.314,0,inf,0,,7.014,4.545,75.256,T_shaped,0,2
gen_07655,2,-7.422,3.841,1,14,6.107,11.330,0,inf,0,,6.846,4.342,69.957,T_shaped,1,2
gen_07658,3,-7.712,3.752,1,22,2.433,12.179,0,inf,0,,3.828,3.573,10.739,parallel,1,3
gen_07660,1,-7.624,3.226,1,18,9.706,13.361,0,11.533,0,aliphatic amine,8.896,6.977,81.514,T_shaped,0,2
gen_07660,4,-7.457,3.215,1,18,9.780,13.528,0,11.652,0,aliphatic amine,9.232,7.799,70.575,T_shaped,0,2
gen_07660,5,-7.423,3.541,1,18,9.730,13.366,0,11.559,0,aliphatic amine,8.963,7.246,77.234,T_shaped,0,2
gen_07660,7,-7.151,3.179,1,18,9.383,13.196,0,11.009,0,aliphatic amine,7.969,5.958,86.195,T_shaped,0,2
gen_07667,6,-6.546,3.113,1,18,9.001,12.705,0,inf,0,,9.772,7.365,62.054,T_shaped,0,2
gen_07667,7,-6.520,3.140,1,18,8.992,12.707,0,inf,0,,9.832,7.436,62.897,T_shaped,0,2
gen_07674,3,-6.489,3.446,1,19,9.641,11.097,0,inf,0,,6.121,4.534,67.119,T_shaped,0,3
gen_07679,1,-6.779,4.870,0,15,2.938,11.334,0,7.896,0,aliphatic amine,4.526,3.503,45.733,oblique,0,3
gen_07679,2,-6.774,4.844,0,15,2.905,11.480,0,8.068,0,aliphatic amine,4.635,3.579,47.180,oblique,0,3
gen_07679,4,-6.740,4.744,0,15,2.853,11.495,0,8.073,0,aliphatic amine,5.359,3.551,89.884,T_shaped,1,3
gen_07679,6,-6.687,4.212,1,15,2.807,11.467,0,8.013,0,aliphatic amine,5.054,3.201,85.957,T_shaped,1,3
gen_07679,8,-6.614,3.989,1,15,2.830,11.409,0,8.006,0,aliphatic amine,4.949,3.712,56.485,oblique,0,3
gen_07679,10,-6.577,4.715,0,15,2.878,11.298,0,7.879,0,aliphatic amine,5.369,3.624,89.297,T_shaped,1,3
gen_07679,11,-6.458,3.534,1,15,8.773,11.317,0,10.713,0,aliphatic amine,6.814,4.938,76.634,T_shaped,0,3
gen_07679,12,-6.441,4.203,1,15,2.879,11.404,0,7.958,0,aliphatic amine,5.349,3.576,87.505,T_shaped,1,3
gen_07679,13,-6.345,3.624,1,15,8.748,11.131,0,10.732,0,aliphatic amine,7.013,5.126,74.526,T_shaped,0,3
gen_07690,1,-6.706,3.878,1,14,8.169,11.172,0,11.480,0,aliphatic amine,6.114,3.717,55.983,oblique,0,2
gen_07690,2,-6.482,3.629,1,14,8.435,10.029,0,11.557,0,aliphatic amine,6.183,3.868,58.518,oblique,0,2
gen_07697,4,-7.270,3.396,1,20,9.842,13.366,0,14.794,0,aliphatic amine,6.438,4.849,75.489,T_shaped,0,3
gen_07722,1,-7.728,3.861,1,19,8.465,10.950,0,10.145,0,aliphatic amine,7.008,5.250,71.247,T_shaped,0,3
gen_07722,2,-7.679,3.774,1,19,8.535,10.964,0,10.243,0,aliphatic amine,7.036,5.297,72.766,T_shaped,0,3
gen_07722,3,-7.664,3.758,1,19,8.411,11.064,0,10.036,0,aliphatic amine,7.066,5.257,68.665,T_shaped,0,3
gen_07722,4,-7.660,3.754,1,19,8.787,10.952,0,10.652,0,aliphatic amine,6.961,5.504,72.013,T_shaped,0,3
gen_07722,7,-7.581,3.738,1,19,8.778,10.848,0,10.650,0,aliphatic amine,6.873,5.366,70.366,T_shaped,0,3
gen_07722,8,-7.529,3.842,1,19,8.430,11.055,0,10.390,0,aliphatic amine,6.995,5.346,77.064,T_shaped,0,3
gen_07722,9,-7.335,3.809,1,19,8.433,10.776,0,10.062,0,aliphatic amine,7.000,5.210,70.194,T_shaped,0,3
gen_07722,10,-7.239,3.656,1,19,8.573,10.947,0,10.283,0,aliphatic amine,6.915,5.250,73.183,T_shaped,0,3
gen_07722,11,-7.213,3.849,1,19,8.276,9.755,0,9.875,0,aliphatic amine,6.962,5.104,68.311,T_shaped,0,3
gen_07723,14,-5.739,4.892,0,18,7.212,13.096,0,inf,0,,6.024,3.811,34.941,oblique,0,3
gen_07729,1,-6.154,5.116,0,13,8.259,12.263,0,11.786,0,aliphatic amine,8.203,5.661,21.860,parallel,0,2
gen_07729,3,-5.993,5.463,0,13,8.166,12.289,0,11.850,0,aliphatic amine,6.779,4.246,29.810,parallel,1,2
gen_07732,2,-6.773,5.990,0,10,9.281,13.449,0,inf,0,,10.374,8.490,61.436,T_shaped,0,2
gen_07733,9,-7.463,7.129,0,12,3.064,13.263,0,inf,0,,5.253,3.496,85.717,T_shaped,1,4
gen_07736,8,-6.823,3.655,1,16,10.093,13.706,0,inf,0,,7.919,6.017,79.133,T_shaped,0,3
gen_07737,1,-7.734,6.623,0,11,8.359,13.213,0,inf,0,,8.254,6.256,72.635,T_shaped,0,4
gen_07737,2,-7.732,6.630,0,11,8.372,13.178,0,inf,0,,8.251,6.251,73.246,T_shaped,0,4
gen_07737,3,-7.721,6.646,0,11,8.379,13.190,0,inf,0,,8.247,6.246,73.072,T_shaped,0,4
gen_07739,7,-6.746,4.267,1,20,9.285,11.039,0,11.039,0,aliphatic amine,7.036,5.332,63.100,T_shaped,0,3
gen_07739,8,-6.739,3.854,1,20,9.176,10.883,0,10.883,0,aliphatic amine,7.118,5.448,75.240,T_shaped,0,3
gen_07739,9,-6.738,3.957,1,20,9.118,10.788,0,10.788,0,aliphatic amine,7.116,5.416,70.866,T_shaped,0,3
gen_07739,10,-6.726,3.978,1,20,9.256,10.919,0,10.919,0,aliphatic amine,7.074,5.423,74.789,T_shaped,0,3
gen_07739,12,-6.667,4.186,1,20,9.210,11.022,0,11.022,0,aliphatic amine,6.949,5.293,64.679,T_shaped,0,3
gen_07739,14,-6.608,4.224,1,20,9.324,11.012,0,11.012,0,aliphatic amine,7.090,5.456,70.808,T_shaped,0,3
gen_07739,16,-6.516,3.866,1,20,9.163,10.879,0,10.879,0,aliphatic amine,7.058,5.421,75.626,T_shaped,0,3
gen_07741,7,-7.311,3.774,1,10,9.689,12.510,0,11.190,0,aliphatic amine,8.845,6.514,85.543,T_shaped,0,1
gen_07744,4,-7.073,7.910,0,17,2.608,8.616,0,inf,0,,4.190,3.379,34.861,oblique,0,3
gen_07744,7,-6.882,8.065,0,17,2.607,8.732,0,inf,0,,4.183,3.410,30.977,oblique,0,3
gen_07748,1,-7.231,6.347,0,15,8.636,13.350,0,inf,0,,9.518,7.584,64.730,T_shaped,0,3
gen_07748,5,-7.202,6.207,0,15,8.568,13.360,0,inf,0,,9.497,7.562,68.193,T_shaped,0,3
gen_07753,3,-7.188,3.620,1,11,8.875,10.442,0,10.442,0,aliphatic amine,6.036,3.643,58.612,oblique,0,3
gen_07753,4,-7.162,3.461,1,11,8.966,10.684,0,10.684,0,aliphatic amine,5.959,3.592,58.251,oblique,0,3
gen_07753,5,-7.151,3.473,1,11,9.215,11.273,0,11.273,0,aliphatic amine,6.045,3.697,56.869,oblique,0,3
gen_07753,6,-7.094,3.324,1,11,9.308,11.385,0,11.385,0,aliphatic amine,5.994,3.602,58.990,oblique,0,3
gen_07753,7,-7.010,3.722,1,11,9.206,11.197,0,11.197,0,aliphatic amine,6.164,3.843,56.368,oblique,0,3
gen_07760,2,-6.513,6.901,0,9,3.296,11.670,0,inf,0,,4.912,3.498,80.521,T_shaped,1,3
gen_07760,3,-6.363,6.499,0,9,6.821,12.772,0,inf,0,,6.665,4.712,66.836,T_shaped,0,3
gen_07767,1,-7.221,3.548,1,18,8.788,13.370,0,inf,0,,7.763,5.229,50.701,oblique,0,4
gen_07767,2,-7.174,3.522,1,18,8.816,13.856,0,inf,0,,7.730,5.173,51.346,oblique,0,4
