inchikey,smiles,identifier,source,document,ic50_nM,pIC50,smiles_flat,chemotype,arg_mimic_heads,unflagged_basic_N,has_carboxylic_acid,MW,TPSA,cLogP,QED,NumRotBond,HBD,HBA,murcko_scaffold,core,core_B,extended,similarity_ref,benchmark
"CUGPAWBXPURXLJ-SFTDATJTSA-N","N=C(N)NCCCC(=O)Nc1ccc(C[C@H](NC(=O)[C@@H]2CCCN2S(=O)(=O)c2ccccc2)C(=O)O)cc1","CHEMBL3962660","ChEMBL","CHEMBL3862028","0.01995","10.7","N=C(N)NCCCC(=O)Nc1ccc(CC(NC(=O)C2CCCN2S(=O)(=O)c2ccccc2)C(=O)O)cc1","RGD-zwitterion","guanidine/cyclic amidine","False","True","544.6","194.8","0.85","0.128","12","6","6","O=C(NCCc1ccccc1)C1CCCN1S(=O)(=O)c1ccccc1","0","1","1","0","0"
"KXYAXQVLPNBUFO-ZEQRLZLVSA-N","N=C(N)Nc1cccc(C(=O)Nc2ccc(C[C@H](NC(=O)[C@@H]3CCCN3S(=O)(=O)c3ccccc3)C(=O)O)cc2)c1","CHEMBL3893700","ChEMBL","CHEMBL3862028","0.06","10.22","N=C(N)Nc1cccc(C(=O)Nc2ccc(CC(NC(=O)C3CCCN3S(=O)(=O)c3ccccc3)C(=O)O)cc2)c1","RGD-zwitterion","guanidine/cyclic amidine","False","True","578.7","194.8","2.21","0.156","10","6","6","O=C(Nc1ccc(CCNC(=O)C2CCCN2S(=O)(=O)c2ccccc2)cc1)c1ccccc1","0","1","1","0","0"
"SAFQBUKUEAMDGO-GAQHEQIDSA-N","N=C(N)Nc1cc(NC(=O)CCNC(=O)C23CC4CC(CC(C4)C2)C3)cc(C(=O)NCC(=O)NC[C@H](NC(=O)[C@@H]2CCCN2S(=O)(=O)c2ccccc2)C(=O)O)c1","CHEMBL4749110","ChEMBL","CHEMBL4699539","0.1","10.0","N=C(N)Nc1cc(NC(=O)CCNC(=O)C23CC4CC(CC(C4)C2)C3)cc(C(=O)NCC(=O)NCC(NC(=O)C2CCCN2S(=O)(=O)c2ccccc2)C(=O)O)c1","RGD-zwitterion","guanidine/cyclic amidine","False","True","807.9","282.1","0.92","0.085","16","9","9","O=C(CNC(=O)c1cccc(NC(=O)CCNC(=O)C23CC4CC(CC(C4)C2)C3)c1)NCCNC(=O)C1CCCN1S(=O)(=O)c1ccccc1","0","1","1","0","0"
"SQTQEWRATPPDHW-QRFGUKROSA-N","N=C(N)Nc1cc(NC(=O)CNC(=O)C23CC4CC(CC(C4)C2)C3)cc(C(=O)NCC(=O)NC[C@H](NC(=O)[C@@H]2CCCN2S(=O)(=O)c2ccccc2)C(=O)O)c1","CHEMBL4756339","ChEMBL","CHEMBL4699539","0.1","10.0","N=C(N)Nc1cc(NC(=O)CNC(=O)C23CC4CC(CC(C4)C2)C3)cc(C(=O)NCC(=O)NCC(NC(=O)C2CCCN2S(=O)(=O)c2ccccc2)C(=O)O)c1","RGD-zwitterion","guanidine/cyclic amidine","False","True","793.9","282.1","0.53","0.089","15","9","9","O=C(CNC(=O)c1cccc(NC(=O)CNC(=O)C23CC4CC(CC(C4)C2)C3)c1)NCCNC(=O)C1CCCN1S(=O)(=O)c1ccccc1","0","1","1","0","0"
"PCEMPIMHMWVATP-OONSMZQZSA-N","N=C(N)Nc1cc(NC(=O)CCCCNC(=O)C23CC4CC(CC(C4)C2)C3)cc(C(=O)NCC(=O)NC[C@H](NC(=O)[C@@H]2CCCN2S(=O)(=O)c2ccccc2)C(=O)O)c1","CHEMBL4794201","ChEMBL","CHEMBL4699539","0.1","10.0","N=C(N)Nc1cc(NC(=O)CCCCNC(=O)C23CC4CC(CC(C4)C2)C3)cc(C(=O)NCC(=O)NCC(NC(=O)C2CCCN2S(=O)(=O)c2ccccc2)C(=O)O)c1","RGD-zwitterion","guanidine/cyclic amidine","False","True","836.0","282.1","1.7","0.059","18","9","9","O=C(CNC(=O)c1cccc(NC(=O)CCCCNC(=O)C23CC4CC(CC(C4)C2)C3)c1)NCCNC(=O)C1CCCN1S(=O)(=O)c1ccccc1","0","1","1","0","0"
"AJZHUKFTTKIGAR-GOTSBHOMSA-N","O=C(CCCNC1=NCCN1)Nc1ccc(C[C@H](NC(=O)[C@@H]2CCCN2S(=O)(=O)c2ccccc2)C(=O)O)cc1","CHEMBL3951678","ChEMBL","CHEMBL3862028","0.1259","9.9","O=C(CCCNC1=NCCN1)Nc1ccc(CC(NC(=O)C2CCCN2S(=O)(=O)c2ccccc2)C(=O)O)cc1","RGD-zwitterion","guanidine/cyclic amidine","False","True","570.7","169.3","0.92","0.235","12","5","8","O=C(CCCNC1=NCCN1)Nc1ccc(CCNC(=O)C2CCCN2S(=O)(=O)c2ccccc2)cc1","0","1","1","0","0"
"PTCMVGOQRMWOTP-MVBWARRXSA-N","N=C(N)Nc1cc(NC(=O)CCCNC(=O)C23CC4CC(CC(C4)C2)C3)cc(C(=O)NCC(=O)NC[C@H](NC(=O)[C@@H]2CCCN2S(=O)(=O)c2ccccc2)C(=O)O)c1","CHEMBL4778229","ChEMBL","CHEMBL4699539","0.14","9.85","N=C(N)Nc1cc(NC(=O)CCCNC(=O)C23CC4CC(CC(C4)C2)C3)cc(C(=O)NCC(=O)NCC(NC(=O)C2CCCN2S(=O)(=O)c2ccccc2)C(=O)O)c1","RGD-zwitterion","guanidine/cyclic amidine","False","True","822.0","282.1","1.31","0.062","17","9","9","O=C(CNC(=O)c1cccc(NC(=O)CCCNC(=O)C23CC4CC(CC(C4)C2)C3)c1)NCCNC(=O)C1CCCN1S(=O)(=O)c1ccccc1","0","1","1","0","0"
"OXNNEMDLTGEMOR-IBGZPJMESA-N","CCNC(=O)Nc1cnnc(-c2ccc(C[C@H](NC(=O)c3c(Cl)cccc3Cl)C(=O)O)cc2)c1","CHEMBL4649232","ChEMBL","CHEMBL4602673","0.166","9.78","CCNC(=O)Nc1cnnc(-c2ccc(CC(NC(=O)c3c(Cl)cccc3Cl)C(=O)O)cc2)c1","non-RGD","","False","True","502.4","133.3","4.02","0.368","8","4","5","O=C(NCCc1ccc(-c2cccnn2)cc1)c1ccccc1","1","1","1","1","1"
"KNSPFVAZTITFFW-DQEYMECFSA-N","O=C(CCCNc1ccccn1)Nc1ccc(C[C@H](NC(=O)[C@@H]2CCCN2S(=O)(=O)c2ccccc2)C(=O)O)cc1","CHEMBL3905970","ChEMBL","CHEMBL3862028","0.1995","9.7","O=C(CCCNc1ccccn1)Nc1ccc(CC(NC(=O)C2CCCN2S(=O)(=O)c2ccccc2)C(=O)O)cc1","RGD-zwitterion","2-aminopyridine","False","True","579.7","157.8","2.88","0.225","13","4","7","O=C(CCCNc1ccccn1)Nc1ccc(CCNC(=O)C2CCCN2S(=O)(=O)c2ccccc2)cc1","0","1","1","0","0"
"QGOXLUXYLLZODC-UHFFFAOYSA-N","O=C(CCCCc1ccc2c(n1)NCCC2)NCC(NC(=O)c1c(Cl)cccc1Cl)C(=O)O","CHEMBL5557695","ChEMBL","CHEMBL5500400","0.1995","9.7","O=C(CCCCc1ccc2c(n1)NCCC2)NCC(NC(=O)c1c(Cl)cccc1Cl)C(=O)O","RGD-zwitterion","tetrahydronaphthyridine|2-aminopyridine","False","True","493.4","120.4","3.46","0.377","10","4","5","O=C(CCCCc1ccc2c(n1)NCCC2)NCCNC(=O)c1ccccc1","0","1","1","0","0"
"TXDUNPFVQQSUTP-VXKWHMMOSA-N","N=C(N)NCCCC(=O)Nc1ccc(C[C@H](NC(=O)[C@@H]2CCCCN2S(=O)(=O)c2ccccc2)C(=O)O)cc1","CHEMBL3909977","ChEMBL","CHEMBL3862028","0.25","9.6","N=C(N)NCCCC(=O)Nc1ccc(CC(NC(=O)C2CCCCN2S(=O)(=O)c2ccccc2)C(=O)O)cc1","RGD-zwitterion","guanidine/cyclic amidine","False","True","558.7","194.8","1.24","0.127","12","6","6","O=C(NCCc1ccccc1)C1CCCCN1S(=O)(=O)c1ccccc1","0","1","1","0","0"
"GFTVRPWYQDITLC-MVBWARRXSA-N","N=C(N)Nc1cc(NC(=O)CCCC(=O)NC23CC4CC(CC(C4)C2)C3)cc(C(=O)NCC(=O)NC[C@H](NC(=O)[C@@H]2CCCN2S(=O)(=O)c2ccccc2)C(=O)O)c1","CHEMBL4741135","ChEMBL","CHEMBL4699539","0.3","9.52","N=C(N)Nc1cc(NC(=O)CCCC(=O)NC23CC4CC(CC(C4)C2)C3)cc(C(=O)NCC(=O)NCC(NC(=O)C2CCCN2S(=O)(=O)c2ccccc2)C(=O)O)c1","RGD-zwitterion","guanidine/cyclic amidine","False","True","822.0","282.1","1.45","0.081","17","9","9","O=C(CNC(=O)c1cccc(NC(=O)CCCC(=O)NC23CC4CC(CC(C4)C2)C3)c1)NCCNC(=O)C1CCCN1S(=O)(=O)c1ccccc1","0","1","1","0","0"
"NBFYQDLZBZGXPB-ZEQRLZLVSA-N","O=C(CCCCNC1=NCCN1)Nc1ccc(C[C@H](NC(=O)[C@@H]2CCCN2S(=O)(=O)c2ccccc2)C(=O)O)cc1","CHEMBL3923968","ChEMBL","CHEMBL3862028","0.31","9.51","O=C(CCCCNC1=NCCN1)Nc1ccc(CC(NC(=O)C2CCCN2S(=O)(=O)c2ccccc2)C(=O)O)cc1","RGD-zwitterion","guanidine/cyclic amidine","False","True","584.7","169.3","1.31","0.22","13","5","8","O=C(CCCCNC1=NCCN1)Nc1ccc(CCNC(=O)C2CCCN2S(=O)(=O)c2ccccc2)cc1","0","1","1","0","0"
"VTJZZOUBHILYBS-GOTSBHOMSA-N","N=C(N)NCCCCC(=O)Nc1ccc(C[C@H](NC(=O)[C@@H]2CCCCN2S(=O)(=O)c2ccccc2)C(=O)O)cc1","CHEMBL3952235","ChEMBL","CHEMBL3862028","0.31","9.51","N=C(N)NCCCCC(=O)Nc1ccc(CC(NC(=O)C2CCCCN2S(=O)(=O)c2ccccc2)C(=O)O)cc1","RGD-zwitterion","guanidine/cyclic amidine","False","True","572.7","194.8","1.63","0.118","13","6","6","O=C(NCCc1ccccc1)C1CCCCN1S(=O)(=O)c1ccccc1","0","1","1","0","0"
"IXUCUXUTDUIASK-LBPRGKRZSA-N","Cc1ccc(Cl)c(C(=O)N[C@@H](CNC(=O)Cn2c(=O)[nH]c3nc(C)c(F)cc32)C(=O)O)c1F","CHEMBL5532604","ChEMBL","CHEMBL5500400","0.3162","9.5","Cc1ccc(Cl)c(C(=O)NC(CNC(=O)Cn2c(=O)[nH]c3nc(C)c(F)cc32)C(=O)O)c1F","non-RGD","","False","True","481.8","146.2","1.27","0.4","7","4","5","O=C(Cn1c(=O)[nH]c2ncccc21)NCCNC(=O)c1ccccc1","1","1","1","1","0"
"OBOJFQICXTYCRY-IBGZPJMESA-N","Cc1cc(Br)cc([C@H](CC(=O)O)NC(=O)CNC(=O)c2cc(O)cc(NC3=NCC(O)CN3)c2)c1","CHEMBL5790208","ChEMBL","CHEMBL5725645","0.4","9.4","Cc1cc(Br)cc(C(CC(=O)O)NC(=O)CNC(=O)c2cc(O)cc(NC3=NCC(O)CN3)c2)c1","RGD-zwitterion","guanidine/cyclic amidine","False","True","548.4","172.4","1.26","0.258","8","7","8","O=C(CNC(=O)c1cccc(NC2=NCCCN2)c1)NCc1ccccc1","0","1","1","0","0"
"XOCAITJQZBYGFQ-UHFFFAOYSA-N","CC(C)OC(=O)NC(Cc1ccc(NC(=O)c2cccc(NC(=N)N)c2)cc1)C(=O)O","CHEMBL431496","ChEMBL","CHEMBL1147627","0.47","9.33","CC(C)OC(=O)NC(Cc1ccc(NC(=O)c2cccc(NC(=N)N)c2)cc1)C(=O)O","RGD-zwitterion","guanidine/cyclic amidine","False","True","427.5","166.6","2.37","0.278","8","6","5","O=C(Nc1ccccc1)c1ccccc1","0","1","1","0","0"
"BLLLAUHTNAVSQR-VXKWHMMOSA-N","N=C(N)NCCCCC(=O)Nc1ccc(C[C@H](NC(=O)[C@@H]2CCCN2S(=O)(=O)c2ccccc2)C(=O)O)cc1","CHEMBL3892042","ChEMBL","CHEMBL3862028","0.5","9.3","N=C(N)NCCCCC(=O)Nc1ccc(CC(NC(=O)C2CCCN2S(=O)(=O)c2ccccc2)C(=O)O)cc1","RGD-zwitterion","guanidine/cyclic amidine","False","True","558.7","194.8","1.24","0.12","13","6","6","O=C(NCCc1ccccc1)C1CCCN1S(=O)(=O)c1ccccc1","0","1","1","0","0"
"JZHPHPOLAVKTRC-NYVOZVTQSA-N","N=C(N)NCCCCC(=O)Nc1ccc(C[C@H](NC(=O)[C@@H]2C[C@H](F)CN2S(=O)(=O)c2ccccc2)C(=O)O)cc1","CHEMBL3899812","ChEMBL","CHEMBL3862028","0.5","9.3","N=C(N)NCCCCC(=O)Nc1ccc(CC(NC(=O)C2CC(F)CN2S(=O)(=O)c2ccccc2)C(=O)O)cc1","RGD-zwitterion","guanidine/cyclic amidine","False","True","576.7","194.8","1.19","0.116","13","6","6","O=C(NCCc1ccccc1)C1CCCN1S(=O)(=O)c1ccccc1","0","1","1","0","0"
"JZHPHPOLAVKTRC-COPCDDAFSA-N","N=C(N)NCCCCC(=O)Nc1ccc(C[C@H](NC(=O)[C@@H]2C[C@@H](F)CN2S(=O)(=O)c2ccccc2)C(=O)O)cc1","CHEMBL3932911","ChEMBL","CHEMBL3862028","0.5","9.3","N=C(N)NCCCCC(=O)Nc1ccc(CC(NC(=O)C2CC(F)CN2S(=O)(=O)c2ccccc2)C(=O)O)cc1","RGD-zwitterion","guanidine/cyclic amidine","False","True","576.7","194.8","1.19","0.116","13","6","6","O=C(NCCc1ccccc1)C1CCCN1S(=O)(=O)c1ccccc1","0","0","0","0","0"
"DLJDTWYGOQOTKA-NSHDSACASA-N","Cc1ccc(Cl)c(C(=O)N[C@@H](CNC(=O)Cn2c(=O)[nH]c3ncccc32)C(=O)O)c1F","CHEMBL5532204","ChEMBL","CHEMBL5500400","0.631","9.2","Cc1ccc(Cl)c(C(=O)NC(CNC(=O)Cn2c(=O)[nH]c3ncccc32)C(=O)O)c1F","non-RGD","","False","True","449.8","146.2","0.82","0.42","7","4","5","O=C(Cn1c(=O)[nH]c2ncccc21)NCCNC(=O)c1ccccc1","1","1","1","0","0"
"FSJCFVNPVGEGOY-NSHDSACASA-N","COc1ccc(Cl)c(C(=O)N[C@@H](CNC(=O)Cn2c(=O)[nH]c3ccncc32)C(=O)O)c1F","CHEMBL5532399","ChEMBL","CHEMBL5500400","0.631","9.2","COc1ccc(Cl)c(C(=O)NC(CNC(=O)Cn2c(=O)[nH]c3ccncc32)C(=O)O)c1F","non-RGD","","False","True","465.8","155.4","0.53","0.378","8","4","6","O=C(Cn1c(=O)[nH]c2ccncc21)NCCNC(=O)c1ccccc1","1","1","1","0","0"
"FMXCDFVBSWABHQ-JTQLQIEISA-N","COc1ccc(Cl)c(C(=O)N[C@@H](CNC(=O)Cn2c(=O)[nH]c3ncccc32)C(=O)O)c1F","CHEMBL5532608","ChEMBL","CHEMBL5500400","0.631","9.2","COc1ccc(Cl)c(C(=O)NC(CNC(=O)Cn2c(=O)[nH]c3ncccc32)C(=O)O)c1F","non-RGD","","False","True","465.8","155.4","0.53","0.378","8","4","6","O=C(Cn1c(=O)[nH]c2ncccc21)NCCNC(=O)c1ccccc1","1","1","1","0","0"
"NOWFLJYSWCXTKI-JTQLQIEISA-N","Cc1ccc(Cl)c(C(=O)N[C@@H](CNC(=O)Cn2c(=O)[nH]c3ncncc32)C(=O)O)c1F","CHEMBL5557779","ChEMBL","CHEMBL5500400","0.631","9.2","Cc1ccc(Cl)c(C(=O)NC(CNC(=O)Cn2c(=O)[nH]c3ncncc32)C(=O)O)c1F","non-RGD","","False","True","450.8","159.1","0.22","0.4","7","4","6","O=C(Cn1c(=O)[nH]c2ncncc21)NCCNC(=O)c1ccccc1","1","1","1","0","0"
"QPZOEIQRDYCGMD-UHFFFAOYSA-N","COc1cc(NC(=O)c2cccc(NC3=NCCCN3)c2)ccc1CC(NC(=O)OC(C)C)C(=O)O","CHEMBL35360","ChEMBL","CHEMBL1147627","0.68","9.17","COc1cc(NC(=O)c2cccc(NC3=NCCCN3)c2)ccc1CC(NC(=O)OC(C)C)C(=O)O","RGD-zwitterion","guanidine/cyclic amidine","False","True","497.6","150.4","2.84","0.355","9","5","8","O=C(Nc1ccccc1)c1cccc(NC2=NCCCN2)c1","0","1","1","0","0"
"SHRSEUHJTZQLRO-KRWDZBQOSA-N","O=C(O)C[C@H](NC(=O)CNC(=O)c1cncc(NC2=NCC(O)CN2)c1)c1cc(Br)cc(Br)c1","CHEMBL5914164","ChEMBL","CHEMBL5725645","0.7","9.15","O=C(O)CC(NC(=O)CNC(=O)c1cncc(NC2=NCC(O)CN2)c1)c1cc(Br)cc(Br)c1","RGD-zwitterion","guanidine/cyclic amidine","False","True","598.3","165.0","1.4","0.266","8","6","8","O=C(CNC(=O)c1cncc(NC2=NCCCN2)c1)NCc1ccccc1","0","1","1","0","0"
"ZEDVVTNZWFMRKR-IRXDYDNUSA-N","N=C(N)NCCCCCNC(=O)NC[C@H](NC(=O)[C@@H]1CCCN1S(=O)(=O)c1ccccc1)C(=O)O","CHEMBL4758256","ChEMBL","CHEMBL4699539","0.8","9.1","N=C(N)NCCCCCNC(=O)NCC(NC(=O)C1CCCN1S(=O)(=O)c1ccccc1)C(=O)O","RGD-zwitterion","guanidine/cyclic amidine","False","True","511.6","206.8","-0.64","0.103","13","7","6","O=S(=O)(c1ccccc1)N1CCCC1","0","1","1","0","0"
"VTZMVMKHYIBVPC-ROUUACIJSA-N","N=C(N)NCCCCCCNC(=O)NC[C@H](NC(=O)[C@@H]1CCCN1S(=O)(=O)c1ccccc1)C(=O)O","CHEMBL4740822","ChEMBL","CHEMBL4699539","0.9","9.05","N=C(N)NCCCCCCNC(=O)NCC(NC(=O)C1CCCN1S(=O)(=O)c1ccccc1)C(=O)O","RGD-zwitterion","guanidine/cyclic amidine","False","True","525.6","206.8","-0.25","0.098","14","7","6","O=S(=O)(c1ccccc1)N1CCCC1","0","1","1","0","0"
"LXYBJVGMCKOMFL-ZDUSSCGKSA-N","Cc1ccc(Cl)c(C(=O)N[C@@H](CNC(=O)Cn2c(=O)[nH]c3cc(F)c(F)cc32)C(=O)O)c1F","CHEMBL5556975","ChEMBL","CHEMBL5500400","1.0","9.0","Cc1ccc(Cl)c(C(=O)NC(CNC(=O)Cn2c(=O)[nH]c3cc(F)c(F)cc32)C(=O)O)c1F","non-RGD","","False","True","484.8","133.3","1.71","0.405","7","4","4","O=C(Cn1c(=O)[nH]c2ccccc21)NCCNC(=O)c1ccccc1","1","1","1","0","0"
"JXVVEFIKDDVLOS-KRWDZBQOSA-N","O=C(O)C[C@H](NC(=O)CNC(=O)c1cncc(NC2=NCC(O)CN2)c1)c1cc(Br)cc(C(F)(F)F)c1","CHEMBL5786200","ChEMBL","CHEMBL5725645","1.0","9.0","O=C(O)CC(NC(=O)CNC(=O)c1cncc(NC2=NCC(O)CN2)c1)c1cc(Br)cc(C(F)(F)F)c1","RGD-zwitterion","guanidine/cyclic amidine","False","True","587.4","165.0","1.66","0.272","8","6","8","O=C(CNC(=O)c1cncc(NC2=NCCCN2)c1)NCc1ccccc1","0","1","1","0","0"
"MFCABRSSOZYCRL-KRWDZBQOSA-N","O=C(O)C[C@H](NC(=O)CNC(=O)c1cncc(NC2=NCC(O)CN2)c1)c1cc(Cl)cc(Br)c1","CHEMBL5889173","ChEMBL","CHEMBL5725645","1.0","9.0","O=C(O)CC(NC(=O)CNC(=O)c1cncc(NC2=NCC(O)CN2)c1)c1cc(Cl)cc(Br)c1","RGD-zwitterion","guanidine/cyclic amidine","False","True","553.8","165.0","1.29","0.285","8","6","8","O=C(CNC(=O)c1cncc(NC2=NCCCN2)c1)NCc1ccccc1","0","1","1","0","0"
"RTYLRDWEJUNBLU-KRWDZBQOSA-N","O=C(O)C[C@H](NC(=O)CNC(=O)c1cncc(NC2=NCC(O)CN2)c1)c1cc(Cl)cc(C(F)(F)F)c1","CHEMBL5920684","ChEMBL","CHEMBL5725645","1.0","9.0","O=C(O)CC(NC(=O)CNC(=O)c1cncc(NC2=NCC(O)CN2)c1)c1cc(Cl)cc(C(F)(F)F)c1","RGD-zwitterion","guanidine/cyclic amidine","False","True","542.9","165.0","1.55","0.292","8","6","8","O=C(CNC(=O)c1cncc(NC2=NCCCN2)c1)NCc1ccccc1","0","1","1","0","0"
"PEFBVOAICYLSAF-SFHVURJKSA-N","O=C(O)C[C@H](NC(=O)CNC(=O)c1cc(O)cc(NC2=NCC(O)CN2)c1)c1cc(F)cc(Br)c1","CHEMBL5951981","ChEMBL","CHEMBL5725645","1.0","9.0","O=C(O)CC(NC(=O)CNC(=O)c1cc(O)cc(NC2=NCC(O)CN2)c1)c1cc(F)cc(Br)c1","RGD-zwitterion","guanidine/cyclic amidine","False","True","552.4","172.4","1.09","0.255","8","7","8","O=C(CNC(=O)c1cccc(NC2=NCCCN2)c1)NCc1ccccc1","0","1","1","0","0"
"SMMNOJYHMMCWQP-UHFFFAOYSA-N","COc1cc(NC(=O)c2cccc(NC(=N)N)c2)ccc1CC(NC(=O)OC(C)C)C(=O)O","CHEMBL285950","ChEMBL","CHEMBL1147627","1.1","8.96","COc1cc(NC(=O)c2cccc(NC(=N)N)c2)ccc1CC(NC(=O)OC(C)C)C(=O)O","RGD-zwitterion","guanidine/cyclic amidine","False","True","457.5","175.9","2.38","0.246","9","6","6","O=C(Nc1ccccc1)c1ccccc1","0","1","1","0","0"
"OQDKBZBKHWYBSI-LBPRGKRZSA-N","COc1cc(F)c(C(=O)N[C@@H](CNC(=O)Cn2c(=O)[nH]c3ncccc32)C(=O)O)c(Cl)c1","CHEMBL5558354","ChEMBL","CHEMBL5500400","1.259","8.9","COc1cc(F)c(C(=O)NC(CNC(=O)Cn2c(=O)[nH]c3ncccc32)C(=O)O)c(Cl)c1","non-RGD","","False","True","465.8","155.4","0.53","0.378","8","4","6","O=C(Cn1c(=O)[nH]c2ncccc21)NCCNC(=O)c1ccccc1","1","1","1","0","0"
"CXHCNOMGODVIKB-VWLOTQADSA-N","COc1ccc(S(=O)(=O)N[C@@H](CNc2nc(C)nc(N3CCC(c4ccc5c(n4)NCCC5)CC3)c2C)C(=O)O)cc1","CHEMBL3319236","ChEMBL+PubChem","CHEMBL3351286","1.3","8.89","COc1ccc(S(=O)(=O)NC(CNc2nc(C)nc(N3CCC(c4ccc5c(n4)NCCC5)CC3)c2C)C(=O)O)cc1","RGD-zwitterion","tetrahydronaphthyridine|2-aminopyridine","False","True","595.7","158.7","3.08","0.273","10","4","10","O=S(=O)(NCCNc1cc(N2CCC(c3ccc4c(n3)NCCC4)CC2)ncn1)c1ccccc1","1","1","1","0","1"
"IJCLIKANGQOCLK-INIZCTEOSA-N","O=C(O)C[C@H](NC(=O)CNC(=O)c1cncc(NC2=NCC(O)CN2)c1)c1cc(Cl)cc(Br)c1O","CHEMBL244434","ChEMBL","CHEMBL3351286","1.59","8.8","O=C(O)CC(NC(=O)CNC(=O)c1cncc(NC2=NCC(O)CN2)c1)c1cc(Cl)cc(Br)c1O","RGD-zwitterion","guanidine/cyclic amidine","False","True","569.8","185.3","1.0","0.243","8","7","9","O=C(CNC(=O)c1cncc(NC2=NCCCN2)c1)NCc1ccccc1","0","1","1","0","0"
"JTUKSGXZGMYCDU-HNNXBMFYSA-N","Cc1cc2[nH]c(=O)n(CC(=O)NC[C@H](NC(=O)c3c(Cl)ccc(C)c3F)C(=O)O)c2cc1C","CHEMBL5558062","ChEMBL","CHEMBL5500400","1.585","8.8","Cc1cc2[nH]c(=O)n(CC(=O)NCC(NC(=O)c3c(Cl)ccc(C)c3F)C(=O)O)c2cc1C","non-RGD","","False","True","476.9","133.3","2.05","0.414","7","4","4","O=C(Cn1c(=O)[nH]c2ccccc21)NCCNC(=O)c1ccccc1","1","1","1","0","0"
"YDHAGPCZRFQPOI-NRFANRHFSA-N","CC(C)(C)c1cc(Br)cc([C@H](CC(=O)O)NC(=O)CNC(=O)c2cc(O)cc(NC3=NCC(O)CN3)c2)c1","CHEMBL3319237","ChEMBL+PubChem","CHEMBL3351286","1.8","8.74","CC(C)(C)c1cc(Br)cc(C(CC(=O)O)NC(=O)CNC(=O)c2cc(O)cc(NC3=NCC(O)CN3)c2)c1","RGD-zwitterion","guanidine/cyclic amidine","False","True","590.5","172.4","2.25","0.245","8","7","8","O=C(CNC(=O)c1cccc(NC2=NCCCN2)c1)NCc1ccccc1","1","1","1","0","1"
"XFHCUQCLLGVBIK-ZXHYAQOVSA-N","N=C(N)N[C@H]1CC[C@@H](C(=O)Nc2ccc(C[C@H](NC(=O)[C@@H]3CCCN3S(=O)(=O)c3ccccc3)C(=O)O)cc2)CC1","CHEMBL3902668","ChEMBL","CHEMBL3862028","1.995","8.7","N=C(N)NC1CCC(C(=O)Nc2ccc(CC(NC(=O)C3CCCN3S(=O)(=O)c3ccccc3)C(=O)O)cc2)CC1","RGD-zwitterion","guanidine/cyclic amidine","False","True","584.7","194.8","1.63","0.179","10","6","6","O=C(Nc1ccc(CCNC(=O)C2CCCN2S(=O)(=O)c2ccccc2)cc1)C1CCCCC1","0","1","1","0","0"
"UHXBOYLWYUPYDA-DQEYMECFSA-N","O=C(CCCCNC1=NCCCN1)Nc1ccc(C[C@H](NC(=O)[C@@H]2CCCN2S(=O)(=O)c2ccccc2)C(=O)O)cc1","CHEMBL3914945","ChEMBL","CHEMBL3862028","1.995","8.7","O=C(CCCCNC1=NCCCN1)Nc1ccc(CC(NC(=O)C2CCCN2S(=O)(=O)c2ccccc2)C(=O)O)cc1","RGD-zwitterion","guanidine/cyclic amidine","False","True","598.7","169.3","1.7","0.217","13","5","8","O=C(CCCCNC1=NCCCN1)Nc1ccc(CCNC(=O)C2CCCN2S(=O)(=O)c2ccccc2)cc1","0","1","1","0","0"
"CKPFLCVDCRYWAY-UIOOFZCWSA-N","O=C(CCCCNc1ccccn1)Nc1ccc(C[C@H](NC(=O)[C@@H]2CCCN2S(=O)(=O)c2ccccc2)C(=O)O)cc1","CHEMBL3942926","ChEMBL","CHEMBL3862028","1.995","8.7","O=C(CCCCNc1ccccn1)Nc1ccc(CC(NC(=O)C2CCCN2S(=O)(=O)c2ccccc2)C(=O)O)cc1","RGD-zwitterion","2-aminopyridine","False","True","593.7","157.8","3.27","0.207","14","4","7","O=C(CCCCNc1ccccn1)Nc1ccc(CCNC(=O)C2CCCN2S(=O)(=O)c2ccccc2)cc1","0","1","1","0","0"
"ZMXBIIQMSGOIRZ-RCZVLFRGSA-N","Cc1cc(C)n(-c2cccc([C@H](CC(=O)O)CN3CC[C@@H](CCc4ccc5c(n4)NCCC5)C3)c2)n1","CHEMBL4241824","ChEMBL+ChEMBL","CHEMBL4229566","1.995","8.7","Cc1cc(C)n(-c2cccc(C(CC(=O)O)CN3CCC(CCc4ccc5c(n4)NCCC5)C3)c2)n1","RGD-zwitterion","tetrahydronaphthyridine|2-aminopyridine|aliphatic amine","False","True","487.6","83.3","4.76","0.453","9","2","5","c1cc(CCN2CCC(CCc3ccc4c(n3)NCCC4)C2)cc(-n2cccn2)c1","0","1","1","0","0"
"QLBXWVBTUGYSGI-SFHVURJKSA-N","O=C(O)C[C@H](NC(=O)CNC(=O)c1cc(O)cc(NC2=NCC(O)CN2)c1)c1cc(C(F)(F)F)cc(C(F)(F)F)c1","CHEMBL5748399","ChEMBL","CHEMBL5725645","2.0","8.7","O=C(O)CC(NC(=O)CNC(=O)c1cc(O)cc(NC2=NCC(O)CN2)c1)c1cc(C(F)(F)F)cc(C(F)(F)F)c1","RGD-zwitterion","guanidine/cyclic amidine","False","True","591.5","172.4","2.22","0.229","8","7","8","O=C(CNC(=O)c1cccc(NC2=NCCCN2)c1)NCc1ccccc1","0","1","1","0","0"
"CJRDXSVCUSRJDR-SFHVURJKSA-N","O=C(O)C[C@H](NC(=O)CNC(=O)c1cc(O)cc(NC2=NCC(O)CN2)c1)c1cc(Br)cc(C(F)(F)F)c1","CHEMBL5766697","ChEMBL","CHEMBL5725645","2.0","8.7","O=C(O)CC(NC(=O)CNC(=O)c1cc(O)cc(NC2=NCC(O)CN2)c1)c1cc(Br)cc(C(F)(F)F)c1","RGD-zwitterion","guanidine/cyclic amidine","False","True","602.4","172.4","1.97","0.24","8","7","8","O=C(CNC(=O)c1cccc(NC2=NCCCN2)c1)NCc1ccccc1","0","1","1","0","0"
"BWAUVRFZNDRMLY-SFHVURJKSA-N","O=C(O)C[C@H](NC(=O)CNC(=O)c1cc(O)cc(NC2=NCC(O)CN2)c1)c1cc(Br)cc(Br)c1","CHEMBL5781301","ChEMBL","CHEMBL5725645","2.0","8.7","O=C(O)CC(NC(=O)CNC(=O)c1cc(O)cc(NC2=NCC(O)CN2)c1)c1cc(Br)cc(Br)c1","RGD-zwitterion","guanidine/cyclic amidine","False","True","613.3","172.4","1.71","0.236","8","7","8","O=C(CNC(=O)c1cccc(NC2=NCCCN2)c1)NCc1ccccc1","0","1","1","0","0"
"GDEQKRGKHZOXGD-SFHVURJKSA-N","O=C(O)C[C@H](NC(=O)CNC(=O)c1cc(O)cc(NC2=NCC(O)CN2)c1)c1cc(Cl)cc(C(F)F)c1","CHEMBL5964326","ChEMBL","CHEMBL5725645","2.0","8.7","O=C(O)CC(NC(=O)CNC(=O)c1cc(O)cc(NC2=NCC(O)CN2)c1)c1cc(Cl)cc(C(F)F)c1","RGD-zwitterion","guanidine/cyclic amidine","False","True","539.9","172.4","1.78","0.252","9","7","8","O=C(CNC(=O)c1cccc(NC2=NCCCN2)c1)NCc1ccccc1","0","1","1","0","0"
"YPAMHQMVIMQKOR-SFHVURJKSA-N","O=C(O)C[C@H](NC(=O)CNC(=O)c1cc(O)cc(NC2=NCC(O)CN2)c1)c1cc(Br)cc(C(F)F)c1","CHEMBL5974146","ChEMBL","CHEMBL5725645","2.0","8.7","O=C(O)CC(NC(=O)CNC(=O)c1cc(O)cc(NC2=NCC(O)CN2)c1)c1cc(Br)cc(C(F)F)c1","RGD-zwitterion","guanidine/cyclic amidine","False","True","584.4","172.4","1.89","0.234","9","7","8","O=C(CNC(=O)c1cccc(NC2=NCCCN2)c1)NCc1ccccc1","0","1","1","0","0"
"HIKDGFUZLZJZCB-SFHVURJKSA-N","O=C(O)C[C@H](NC(=O)CNC(=O)c1cc(O)cc(NC2=NCC(O)CN2)c1)c1cc(Cl)cc(C(F)(F)F)c1","CHEMBL5975238","ChEMBL","CHEMBL5725645","2.0","8.7","O=C(O)CC(NC(=O)CNC(=O)c1cc(O)cc(NC2=NCC(O)CN2)c1)c1cc(Cl)cc(C(F)(F)F)c1","RGD-zwitterion","guanidine/cyclic amidine","False","True","557.9","172.4","1.86","0.258","8","7","8","O=C(CNC(=O)c1cccc(NC2=NCCCN2)c1)NCc1ccccc1","0","1","1","0","0"
"PRTDUHZCDXSBIZ-KRWDZBQOSA-N","O=C(O)C[C@H](Cc1nc(CCCc2ccc3c(n2)NCCC3)no1)c1ccc2c(c1)OCO2","CHEMBL369981","ChEMBL","CHEMBL1138114","2.6","8.59","O=C(O)CC(Cc1nc(CCCc2ccc3c(n2)NCCC3)no1)c1ccc2c(c1)OCO2","RGD-zwitterion","tetrahydronaphthyridine|2-aminopyridine","False","True","450.5","119.6","3.53","0.504","9","2","8","c1cc2c(cc1CCc1nc(CCCc3ccc4c(n3)NCCC4)no1)OCO2","0","1","1","0","0"
"KZYWKHUJTXLNJM-UHFFFAOYSA-N","O=C(O)CC(Cc1nc(CCCc2ccc3c(n2)NCCC3)no1)c1ccc2ncoc2c1","CHEMBL202295","ChEMBL","CHEMBL1138114","2.7","8.57","O=C(O)CC(Cc1nc(CCCc2ccc3c(n2)NCCC3)no1)c1ccc2ncoc2c1","RGD-zwitterion","tetrahydronaphthyridine|2-aminopyridine","False","True","447.5","127.2","3.94","0.392","9","2","8","c1nc2ccc(CCc3nc(CCCc4ccc5c(n4)NCCC5)no3)cc2o1","0","1","1","0","0"
"BQYBIJDRTDZCAJ-SFHVURJKSA-N","O=C(O)C[C@H](NC(=O)CNC(=O)c1cc(O)cc(NC2=NCC(O)CN2)c1)c1cc(Cl)cc(OC(F)(F)F)c1","CHEMBL5770209","ChEMBL","CHEMBL5725645","3.0","8.52","O=C(O)CC(NC(=O)CNC(=O)c1cc(O)cc(NC2=NCC(O)CN2)c1)c1cc(Cl)cc(OC(F)(F)F)c1","RGD-zwitterion","guanidine/cyclic amidine","False","True","573.9","181.6","1.74","0.235","9","7","9","O=C(CNC(=O)c1cccc(NC2=NCCCN2)c1)NCc1ccccc1","0","1","1","0","0"
"QTBFGJFGHGTDRF-SFHVURJKSA-N","O=C(O)C[C@H](NC(=O)CNC(=O)c1cc(O)cc(NC2=NCC(O)CN2)c1)c1cc(Cl)cc(Br)c1","CHEMBL5802710","ChEMBL","CHEMBL5725645","3.0","8.52","O=C(O)CC(NC(=O)CNC(=O)c1cc(O)cc(NC2=NCC(O)CN2)c1)c1cc(Cl)cc(Br)c1","RGD-zwitterion","guanidine/cyclic amidine","False","True","568.8","172.4","1.6","0.252","8","7","8","O=C(CNC(=O)c1cccc(NC2=NCCCN2)c1)NCc1ccccc1","0","1","1","0","0"
"IUFCIFVCEOUHLU-HOTGVXAUSA-N","N=C(N)NCCCCNC(=O)NC[C@H](NC(=O)[C@@H]1CCCN1S(=O)(=O)c1ccccc1)C(=O)O","CHEMBL4764427","ChEMBL","CHEMBL4699539","4.0","8.4","N=C(N)NCCCCNC(=O)NCC(NC(=O)C1CCCN1S(=O)(=O)c1ccccc1)C(=O)O","RGD-zwitterion","guanidine/cyclic amidine","False","True","497.6","206.8","-1.03","0.108","12","7","6","O=S(=O)(c1ccccc1)N1CCCC1","0","1","1","0","0"
"PQWRZQIWMNBRRU-NSHDSACASA-N","O=C(Cn1c(=O)[nH]c2ncccc21)NC[C@H](NC(=O)c1c(Cl)cccc1Cl)C(=O)O","CHEMBL5542839","ChEMBL","CHEMBL5500400","3.981","8.4","O=C(Cn1c(=O)[nH]c2ncccc21)NCC(NC(=O)c1c(Cl)cccc1Cl)C(=O)O","non-RGD","","False","True","452.3","146.2","1.03","0.421","7","4","5","O=C(Cn1c(=O)[nH]c2ncccc21)NCCNC(=O)c1ccccc1","1","1","1","0","0"
"ZAMKDPACDNUZPJ-SFHVURJKSA-N","O=C(O)C[C@H](NC(=O)CNC(=O)c1cc(O)cc(NC2=NCC(O)CN2)c1)c1cc(Cl)cc(Cl)c1","CHEMBL5802648","ChEMBL","CHEMBL5725645","4.0","8.4","O=C(O)CC(NC(=O)CNC(=O)c1cc(O)cc(NC2=NCC(O)CN2)c1)c1cc(Cl)cc(Cl)c1","RGD-zwitterion","guanidine/cyclic amidine","False","True","524.4","172.4","1.49","0.272","8","7","8","O=C(CNC(=O)c1cccc(NC2=NCCCN2)c1)NCc1ccccc1","0","1","1","0","0"
"UCBYYQWMMNUSGH-IBGZPJMESA-N","Cc1cc(Cl)cc([C@H](CC(=O)O)NC(=O)CNC(=O)c2cc(O)cc(NC3=NCC(O)CN3)c2)c1","CHEMBL5819051","ChEMBL","CHEMBL5725645","4.0","8.4","Cc1cc(Cl)cc(C(CC(=O)O)NC(=O)CNC(=O)c2cc(O)cc(NC3=NCC(O)CN3)c2)c1","RGD-zwitterion","guanidine/cyclic amidine","False","True","503.9","172.4","1.15","0.281","8","7","8","O=C(CNC(=O)c1cccc(NC2=NCCCN2)c1)NCc1ccccc1","0","1","1","0","0"
"XRXSSPOFDFFALK-SFHVURJKSA-N","O=C(O)C[C@H](NC(=O)CNC(=O)c1cc(O)cc(NC2=NCC(O)CN2)c1)c1cc(Br)cc(OC(F)(F)F)c1","CHEMBL5980310","ChEMBL","CHEMBL5725645","4.0","8.4","O=C(O)CC(NC(=O)CNC(=O)c1cc(O)cc(NC2=NCC(O)CN2)c1)c1cc(Br)cc(OC(F)(F)F)c1","RGD-zwitterion","guanidine/cyclic amidine","False","True","618.4","181.6","1.85","0.221","9","7","9","O=C(CNC(=O)c1cccc(NC2=NCCCN2)c1)NCc1ccccc1","0","1","1","0","0"
"NYIZCWIYRUTEKV-UHFFFAOYSA-N","CC(C)(C)NC(=O)NC(Cc1ccc(NC(=O)c2cccc(NC(=N)N)c2)cc1)C(=O)O","CHEMBL417138","ChEMBL","CHEMBL1147627","4.8","8.32","CC(C)(C)NC(=O)NC(Cc1ccc(NC(=O)c2cccc(NC(=N)N)c2)cc1)C(=O)O","RGD-zwitterion","guanidine/cyclic amidine","False","True","440.5","169.4","2.34","0.257","7","7","4","O=C(Nc1ccccc1)c1ccccc1","0","1","1","0","0"
"BWOKYFQNZCEABS-NSHDSACASA-N","O=C(Cn1c(=O)[nH]c2ncccc21)NC[C@H](NC(=O)c1c(F)cccc1Cl)C(=O)O","CHEMBL5559299","ChEMBL","CHEMBL5500400","5.012","8.3","O=C(Cn1c(=O)[nH]c2ncccc21)NCC(NC(=O)c1c(F)cccc1Cl)C(=O)O","non-RGD","","False","True","435.8","146.2","0.52","0.425","7","4","5","O=C(Cn1c(=O)[nH]c2ncccc21)NCCNC(=O)c1ccccc1","1","1","1","0","0"
"DPFLAGDMGNKRSD-UHFFFAOYSA-N","O=C(O)CC1CC1c1ccc(OCCc2ccc3c(n2)NCCC3)cc1","CHEMBL226045","ChEMBL","CHEMBL1143037","6.0","8.22","O=C(O)CC1CC1c1ccc(OCCc2ccc3c(n2)NCCC3)cc1","RGD-zwitterion","tetrahydronaphthyridine|2-aminopyridine","False","True","352.4","71.5","3.64","0.796","7","2","4","c1cc(C2CC2)ccc1OCCc1ccc2c(n1)NCCC2","0","1","1","0","0"
"DIMDWQUSJSWNOO-UHFFFAOYSA-N","CC(C)(C)OC(=O)NC(Cc1ccc(NC(=O)c2cccc(NC(=N)N)c2)cc1)C(=O)O","CHEMBL284274","ChEMBL","CHEMBL1147627","6.7","8.17","CC(C)(C)OC(=O)NC(Cc1ccc(NC(=O)c2cccc(NC(=N)N)c2)cc1)C(=O)O","RGD-zwitterion","guanidine/cyclic amidine","False","True","441.5","166.6","2.76","0.284","7","6","5","O=C(Nc1ccccc1)c1ccccc1","0","1","1","0","0"
"UEIWSFUOMHYAMK-UHFFFAOYSA-N","O=C(O)CC(Cc1nc(CCCc2ccc3c(n2)NCCC3)no1)c1ccc2c(c1)OCC2","CHEMBL202397","ChEMBL","CHEMBL1138114","9.7","8.01","O=C(O)CC(Cc1nc(CCCc2ccc3c(n2)NCCC3)no1)c1ccc2c(c1)OCC2","RGD-zwitterion","tetrahydronaphthyridine|2-aminopyridine","False","True","448.5","110.4","3.73","0.509","9","2","7","c1cc2c(cc1CCc1nc(CCCc3ccc4c(n3)NCCC4)no1)OCC2","0","1","1","0","0"
"ZBVHHUZMSQXUEW-AWEZNQCLSA-N","Cc1cc(C#N)cc(C)c1C(=O)N[C@@H](CNC(=O)Cn1c(=O)[nH]c2ncccc21)C(=O)O","CHEMBL5549945","ChEMBL","CHEMBL5500400","10.0","8.0","Cc1cc(C#N)cc(C)c1C(=O)NC(CNC(=O)Cn1c(=O)[nH]c2ncccc21)C(=O)O","non-RGD","","False","True","436.4","170.0","0.21","0.41","7","4","6","O=C(Cn1c(=O)[nH]c2ncccc21)NCCNC(=O)c1ccccc1","1","1","1","0","0"
"XROUNTCRSNMMAO-KRWDZBQOSA-N","O=C(O)C[C@H](NC(=O)CNC(=O)c1cc(O)cc(NC2=NCC(O)CN2)c1)c1cc(Cl)cc(Br)c1O","CHEMBL244013","ChEMBL","CHEMBL3351286","10.4","7.98","O=C(O)CC(NC(=O)CNC(=O)c1cc(O)cc(NC2=NCC(O)CN2)c1)c1cc(Cl)cc(Br)c1O","RGD-zwitterion","guanidine/cyclic amidine","False","True","584.8","192.6","1.31","0.226","8","8","9","O=C(CNC(=O)c1cccc(NC2=NCCCN2)c1)NCc1ccccc1","0","1","1","0","0"
"BDFMVIGZRRIXCL-UHFFFAOYSA-N","O=C(Nc1ccc(CC(NS(=O)(=O)c2ccccc2)C(=O)O)cc1)c1cccc(NC2=NCCCN2)c1","CHEMBL37906","ChEMBL","CHEMBL1147627","10.4","7.98","O=C(Nc1ccc(CC(NS(=O)(=O)c2ccccc2)C(=O)O)cc1)c1cccc(NC2=NCCCN2)c1","RGD-zwitterion","guanidine/cyclic amidine","False","True","521.6","149.0","2.67","0.291","9","5","7","O=C(Nc1ccc(CCNS(=O)(=O)c2ccccc2)cc1)c1cccc(NC2=NCCCN2)c1","0","1","1","0","0"
"ZWPCJINLOLYZBQ-UHFFFAOYSA-N","O=C(O)CC1CC1c1ccc(OCCc2ccc3c(n2)NCCC3)c(F)c1","CHEMBL226050","ChEMBL","CHEMBL1143037","11.0","7.96","O=C(O)CC1CC1c1ccc(OCCc2ccc3c(n2)NCCC3)c(F)c1","RGD-zwitterion","tetrahydronaphthyridine|2-aminopyridine","False","True","370.4","71.5","3.78","0.776","7","2","4","c1cc(C2CC2)ccc1OCCc1ccc2c(n1)NCCC2","0","1","1","0","0"
"KNWJDYJUBPUJCO-VXKWHMMOSA-N","N=C(N)NCCCCC(=O)Nc1ccc(C[C@H](NC(=O)[C@@H]2CCCN2S(=O)(=O)c2cccc([N+](=O)[O-])c2)C(=O)O)cc1","CHEMBL3957812","ChEMBL","CHEMBL3862028","12.59","7.9","N=C(N)NCCCCC(=O)Nc1ccc(CC(NC(=O)C2CCCN2S(=O)(=O)c2cccc([N+](=O)[O-])c2)C(=O)O)cc1","RGD-zwitterion","guanidine/cyclic amidine","False","True","603.7","237.9","1.15","0.059","14","6","8","O=C(NCCc1ccccc1)C1CCCN1S(=O)(=O)c1ccccc1","0","1","1","0","0"
"GLAPOVNKDGONRS-LBPRGKRZSA-N","O=C(Cn1c(=O)[nH]c2ncccc21)NC[C@H](NC(=O)c1ccccc1Cl)C(=O)O","CHEMBL5557670","ChEMBL","CHEMBL5500400","12.59","7.9","O=C(Cn1c(=O)[nH]c2ncccc21)NCC(NC(=O)c1ccccc1Cl)C(=O)O","non-RGD","","False","True","417.8","146.2","0.38","0.437","7","4","5","O=C(Cn1c(=O)[nH]c2ncccc21)NCCNC(=O)c1ccccc1","1","1","1","0","0"
"LJRNCZFZZOWSEH-UHFFFAOYSA-N","CC(=O)NC(Cc1ccc(NC(=O)c2cccc(NC(=N)N)c2)cc1)C(=O)O","CHEMBL36461","ChEMBL","CHEMBL1147627","16.0","7.8","CC(=O)NC(Cc1ccc(NC(=O)c2cccc(NC(=N)N)c2)cc1)C(=O)O","RGD-zwitterion","guanidine/cyclic amidine","False","True","383.4","157.4","1.38","0.313","7","6","4","O=C(Nc1ccccc1)c1ccccc1","0","1","1","0","0"
"UYNCOPGHWUTKNM-SFTDATJTSA-N","N=C(N)NCCCCC(=O)Nc1ccc(C[C@H](NC(=O)[C@@H]2CSCN2S(=O)(=O)c2ccccc2)C(=O)O)cc1","CHEMBL3972051","ChEMBL","CHEMBL3862028","15.85","7.8","N=C(N)NCCCCC(=O)Nc1ccc(CC(NC(=O)C2CSCN2S(=O)(=O)c2ccccc2)C(=O)O)cc1","RGD-zwitterion","guanidine/cyclic amidine","False","True","576.7","194.8","1.15","0.115","13","6","7","O=C(NCCc1ccccc1)C1CSCN1S(=O)(=O)c1ccccc1","0","1","1","0","0"
"MANPFXQOUPQAJD-BOAIRFLBSA-N","O=C(NC[C@@H](C(=O)O)S(=O)(=O)c1c(Cl)cc(-c2ccccc2)cc1Cl)C1=NOC2(CCC(CNc3ncc[nH]3)CC2)C1","CHEMBL127133","ChEMBL","CHEMBL1146830","17.0","7.77","O=C(NCC(C(=O)O)S(=O)(=O)c1c(Cl)cc(-c2ccccc2)cc1Cl)C1=NOC2(CCC(CNc3ncc[nH]3)CC2)C1","RGD-zwitterion","2-aminoazole","False","True","634.5","162.8","4.54","0.253","10","4","8","O=C(NCCS(=O)(=O)c1ccc(-c2ccccc2)cc1)C1=NOC2(CCC(CNc3ncc[nH]3)CC2)C1","0","1","1","0","0"
"HAVKADYFCFXNIM-UHFFFAOYSA-N","CC(C)OC(=O)NC(Cc1ccc(NC(=O)c2cccc(NC3=NC(=O)CN3)c2)cc1)C(=O)O","CHEMBL37674","ChEMBL","CHEMBL1147627","17.7","7.75","CC(C)OC(=O)NC(Cc1ccc(NC(=O)c2cccc(NC3=NC(=O)CN3)c2)cc1)C(=O)O","RGD-zwitterion","guanidine/cyclic amidine","False","True","467.5","158.2","1.97","0.394","8","5","7","O=C1CNC(Nc2cccc(C(=O)Nc3ccccc3)c2)=N1","0","1","1","0","0"
"DTCHSFYIOSVBQO-UHFFFAOYSA-N","N=C(N)Nc1cccc(C(=O)Nc2ccc(CC(NS(=O)(=O)c3ccccc3)C(=O)O)cc2)c1","CHEMBL34413","ChEMBL","CHEMBL1147627","18.3","7.74","N=C(N)Nc1cccc(C(=O)Nc2ccc(CC(NS(=O)(=O)c3ccccc3)C(=O)O)cc2)c1","RGD-zwitterion","guanidine/cyclic amidine","False","True","481.5","174.5","2.22","0.201","9","6","5","O=C(Nc1ccc(CCNS(=O)(=O)c2ccccc2)cc1)c1ccccc1","0","1","1","0","0"
"NOWPZZTUHQEXDJ-ZDUSSCGKSA-N","O=C(Cn1c(=O)[nH]c2ccccc21)NC[C@H](NC(=O)c1c(Cl)cccc1Cl)C(=O)O","CHEMBL5558370","ChEMBL","CHEMBL5500400","19.95","7.7","O=C(Cn1c(=O)[nH]c2ccccc21)NCC(NC(=O)c1c(Cl)cccc1Cl)C(=O)O","non-RGD","","False","True","451.3","133.3","1.64","0.434","7","4","4","O=C(Cn1c(=O)[nH]c2ccccc21)NCCNC(=O)c1ccccc1","1","1","1","0","0"
"DFEATOKBHYBXBK-NAKRPHOHSA-N","O=C(O)[C@H](c1ccccc1C1CC1)N1CC[C@@H](Oc2ccc(Cc3ccc4c(n3)NCCC4)cc2)C1","CHEMBL6150476","ChEMBL","CHEMBL6083263","27.0","7.57","O=C(O)C(c1ccccc1C1CC1)N1CCC(Oc2ccc(Cc3ccc4c(n3)NCCC4)cc2)C1","RGD-zwitterion","tetrahydronaphthyridine|2-aminopyridine|aliphatic amine","False","True","483.6","74.7","5.19","0.46","8","2","5","c1ccc(C2CC2)c(CN2CCC(Oc3ccc(Cc4ccc5c(n4)NCCC5)cc3)C2)c1","0","1","1","0","0"
"BNTMUQHWJSORQO-UHFFFAOYSA-N","O=C(O)CC(Cc1ccc(OCCCNc2ccccn2)cc1)c1cccnc1","CHEMBL226357","ChEMBL","CHEMBL1143037","28.0","7.55","O=C(O)CC(Cc1ccc(OCCCNc2ccccn2)cc1)c1cccnc1","RGD-zwitterion","2-aminopyridine","False","True","391.5","84.3","4.16","0.478","11","2","5","c1ccc(NCCCOc2ccc(CCc3cccnc3)cc2)nc1","0","1","1","0","0"
"IFUROQAKNZUNFY-UHFFFAOYSA-N","CS(=O)(=O)NC(Cc1ccc(NC(=O)c2cccc(NC(=N)N)c2)cc1)C(=O)O","CHEMBL35183","ChEMBL","CHEMBL1147627","29.0","7.54","CS(=O)(=O)NC(Cc1ccc(NC(=O)c2cccc(NC(=N)N)c2)cc1)C(=O)O","RGD-zwitterion","guanidine/cyclic amidine","False","True","419.5","174.5","0.79","0.271","8","6","5","O=C(Nc1ccccc1)c1ccccc1","0","1","1","0","0"
"MTQOSHJOLBRZIV-SFTDATJTSA-N","N=C(N)NCCCCC(=O)Nc1ccc(C[C@H](NC(=O)[C@@H]2CCCN2S(=O)(=O)c2cccnc2)C(=O)O)cc1","CHEMBL3901536","ChEMBL","CHEMBL3862028","31.62","7.5","N=C(N)NCCCCC(=O)Nc1ccc(CC(NC(=O)C2CCCN2S(=O)(=O)c2cccnc2)C(=O)O)cc1","RGD-zwitterion","guanidine/cyclic amidine","False","True","559.6","207.7","0.64","0.115","13","6","7","O=C(NCCc1ccccc1)C1CCCN1S(=O)(=O)c1cccnc1","0","1","1","0","0"
"CPLSKPXBSSVARR-KRWDZBQOSA-N","O=C(Cn1c(=O)[nH]c2ncccc21)NC[C@H](NC(=O)c1c(F)cc(-c2ccccc2)cc1Cl)C(=O)O","CHEMBL5559034","ChEMBL","CHEMBL5500400","31.62","7.5","O=C(Cn1c(=O)[nH]c2ncccc21)NCC(NC(=O)c1c(F)cc(-c2ccccc2)cc1Cl)C(=O)O","non-RGD","","False","True","511.9","146.2","2.18","0.285","8","4","5","O=C(Cn1c(=O)[nH]c2ncccc21)NCCNC(=O)c1ccc(-c2ccccc2)cc1","1","1","1","0","0"
"KCNHHQRQBVCSLO-RSDZZNSJSA-N","Cc1cc(C)c(S(=O)(=O)N[C@@H](CNC(=O)C2=NO[C@]3(C2)C[C@@H](CNc2ncc[nH]2)N(C(=O)OCc2cccnc2)C3)C(=O)O)c(C)c1","CHEMBL339751","ChEMBL","CHEMBL1146830","32.0","7.49","Cc1cc(C)c(S(=O)(=O)NC(CNC(=O)C2=NOC3(C2)CC(CNc2ncc[nH]2)N(C(=O)OCc2cccnc2)C3)C(=O)O)c(C)c1","RGD-zwitterion","2-aminoazole","False","True","668.7","217.3","1.62","0.187","12","5","11","O=C(NCCNS(=O)(=O)c1ccccc1)C1=NOC2(C1)CC(CNc1ncc[nH]1)N(C(=O)OCc1cccnc1)C2","0","1","1","0","0"
"BMHOPYDAWFKHEW-OALUTQOASA-N","N=C(N)Nc1cccc(C(=O)NCC(=O)NC[C@H](NC(=O)[C@@H]2CCCN2S(=O)(=O)c2ccccc2)C(=O)O)c1","CHEMBL4798438","ChEMBL","CHEMBL4699539","32.0","7.49","N=C(N)Nc1cccc(C(=O)NCC(=O)NCC(NC(=O)C2CCCN2S(=O)(=O)c2ccccc2)C(=O)O)c1","RGD-zwitterion","guanidine/cyclic amidine","False","True","559.6","223.9","-0.74","0.136","11","7","7","O=C(CNC(=O)c1ccccc1)NCCNC(=O)C1CCCN1S(=O)(=O)c1ccccc1","0","1","1","0","0"
"PMAJLXGMRNEKIX-YBEBCVOYSA-N","O=C(NC[C@@H](C(=O)O)S(=O)(=O)c1c(Cl)cccc1Cl)C1=NOC2(CCC(CNc3ncc[nH]3)CC2)C1","CHEMBL127525","ChEMBL","CHEMBL1146830","34.0","7.47","O=C(NCC(C(=O)O)S(=O)(=O)c1c(Cl)cccc1Cl)C1=NOC2(CCC(CNc3ncc[nH]3)CC2)C1","RGD-zwitterion","2-aminoazole","False","True","558.4","162.8","2.88","0.365","9","4","8","O=C(NCCS(=O)(=O)c1ccccc1)C1=NOC2(CCC(CNc3ncc[nH]3)CC2)C1","0","1","1","0","0"
"OMXIQNJVPRHGNN-IFCAXNDLSA-N","COC(=O)N1C[C@@]2(CC(C(=O)NC[C@H](NS(=O)(=O)c3c(C)cc(C)cc3C)C(=O)O)=NO2)C[C@H]1CNc1nc2ccccc2[nH]1","CHEMBL435806","ChEMBL","CHEMBL1146830","34.0","7.47","COC(=O)N1CC2(CC(C(=O)NCC(NS(=O)(=O)c3c(C)cc(C)cc3C)C(=O)O)=NO2)CC1CNc1nc2ccccc2[nH]1","RGD-zwitterion","benzimidazol-2-amine|2-aminoazole","False","True","641.7","204.4","1.8","0.217","10","5","10","O=C(NCCNS(=O)(=O)c1ccccc1)C1=NOC2(CNC(CNc3nc4ccccc4[nH]3)C2)C1","0","1","1","0","0"
"YUQWPRIECRMFEG-VXKWHMMOSA-N","N=C(N)NCCCCC(=O)Nc1ccc(C[C@H](NC(=O)[C@@H]2CCCN2S(=O)(=O)c2cc(F)cc(F)c2)C(=O)O)cc1","CHEMBL3945191","ChEMBL","CHEMBL3862028","39.81","7.4","N=C(N)NCCCCC(=O)Nc1ccc(CC(NC(=O)C2CCCN2S(=O)(=O)c2cc(F)cc(F)c2)C(=O)O)cc1","RGD-zwitterion","guanidine/cyclic amidine","False","True","594.6","194.8","1.52","0.114","13","6","6","O=C(NCCc1ccccc1)C1CCCN1S(=O)(=O)c1ccccc1","0","1","1","0","0"
"JXJGHJUDGYCRBL-PXDATVDWSA-N","Cc1cnn(C)c1-c1cccc([C@H](CC(=O)O)CN2CC[C@@H](CCc3ccc4c(n3)NCCC4)C2)c1","CHEMBL4250148","ChEMBL","CHEMBL4229566","39.81","7.4","Cc1cnn(C)c1-c1cccc(C(CC(=O)O)CN2CCC(CCc3ccc4c(n3)NCCC4)C2)c1","RGD-zwitterion","tetrahydronaphthyridine|2-aminopyridine|aliphatic amine","False","True","487.6","83.3","4.66","0.457","9","2","5","c1cc(CCN2CCC(CCc3ccc4c(n3)NCCC4)C2)cc(-c2ccn[nH]2)c1","0","1","1","0","0"
"BIEDRWCJOCDGPG-OBFLODNTSA-N","Cc1cc(C)c(S(=O)(=O)N[C@@H](CNC(=O)C2=NO[C@]3(C2)C[C@@H](CNc2ncc[nH]2)N(C(=O)OCc2ccccc2)C3)C(=O)O)c(C)c1","CHEMBL338806","ChEMBL","CHEMBL1146830","41.0","7.39","Cc1cc(C)c(S(=O)(=O)NC(CNC(=O)C2=NOC3(C2)CC(CNc2ncc[nH]2)N(C(=O)OCc2ccccc2)C3)C(=O)O)c(C)c1","RGD-zwitterion","2-aminoazole","False","True","667.7","204.4","2.22","0.191","12","5","10","O=C(NCCNS(=O)(=O)c1ccccc1)C1=NOC2(C1)CC(CNc1ncc[nH]1)N(C(=O)OCc1ccccc1)C2","0","1","1","0","0"
"IBXMYCNAAVLIET-SUPILHGUSA-N","Cc1cc(C)c(S(=O)(=O)N[C@@H](CNC(=O)C2=NO[C@]3(C2)C[C@@H](CNc2ccccn2)N(C(=O)OCc2ccccc2)C3)C(=O)O)c(C)c1","CHEMBL338439","ChEMBL","CHEMBL1146830","49.0","7.31","Cc1cc(C)c(S(=O)(=O)NC(CNC(=O)C2=NOC3(C2)CC(CNc2ccccn2)N(C(=O)OCc2ccccc2)C3)C(=O)O)c(C)c1","RGD-zwitterion","2-aminopyridine","False","True","678.8","188.6","2.89","0.222","12","4","10","O=C(NCCNS(=O)(=O)c1ccccc1)C1=NOC2(C1)CC(CNc1ccccn1)N(C(=O)OCc1ccccc1)C2","0","1","1","0","0"
"CRAGFHTZMYDFNY-OALUTQOASA-N","N=C(N)NCCCCC(=O)Nc1ccc(C[C@H](NC(=O)[C@@H]2CCCN2S(=O)(=O)c2cccs2)C(=O)O)cc1","CHEMBL3929494","ChEMBL","CHEMBL3862028","50.0","7.3","N=C(N)NCCCCC(=O)Nc1ccc(CC(NC(=O)C2CCCN2S(=O)(=O)c2cccs2)C(=O)O)cc1","RGD-zwitterion","guanidine/cyclic amidine","False","True","564.7","194.8","1.31","0.119","13","6","7","O=C(NCCc1ccccc1)C1CCCN1S(=O)(=O)c1cccs1","0","1","1","0","0"
"CWHBGPSHRUIMTO-DQEYMECFSA-N","N=C(N)Nc1ccc(CC(=O)Nc2ccc(C[C@H](NC(=O)[C@@H]3CCCN3S(=O)(=O)c3ccccc3)C(=O)O)cc2)cc1","CHEMBL3962679","ChEMBL","CHEMBL3862028","50.0","7.3","N=C(N)Nc1ccc(CC(=O)Nc2ccc(CC(NC(=O)C3CCCN3S(=O)(=O)c3ccccc3)C(=O)O)cc2)cc1","RGD-zwitterion","guanidine/cyclic amidine","False","True","592.7","194.8","2.14","0.144","11","6","6","O=C(Cc1ccccc1)Nc1ccc(CCNC(=O)C2CCCN2S(=O)(=O)c2ccccc2)cc1","0","1","1","0","0"
"JWYJAXVOVLDVAL-ZJSXRUAMSA-N","Cc1nc(C)n(-c2cccc([C@H](CC(=O)O)CN3CC[C@@H](CCc4ccc5c(n4)NCCC5)C3)c2)n1","CHEMBL4237868","ChEMBL","CHEMBL4229566","50.12","7.3","Cc1nc(C)n(-c2cccc(C(CC(=O)O)CN3CCC(CCc4ccc5c(n4)NCCC5)C3)c2)n1","RGD-zwitterion","tetrahydronaphthyridine|2-aminopyridine|aliphatic amine","False","True","488.6","96.2","4.15","0.467","9","2","6","c1cc(CCN2CCC(CCc3ccc4c(n3)NCCC4)C2)cc(-n2cncn2)c1","0","1","1","0","0"
"SFSRFYDTGQPIJA-ZJSXRUAMSA-N","Cc1ccnn1-c1cccc([C@H](CC(=O)O)CN2CC[C@@H](CCc3ccc4c(n3)NCCC4)C2)c1","CHEMBL4243367","ChEMBL+ChEMBL","CHEMBL4229566","50.12","7.3","Cc1ccnn1-c1cccc(C(CC(=O)O)CN2CCC(CCc3ccc4c(n3)NCCC4)C2)c1","RGD-zwitterion","tetrahydronaphthyridine|2-aminopyridine|aliphatic amine","False","True","473.6","83.3","4.45","0.478","9","2","5","c1cc(CCN2CCC(CCc3ccc4c(n3)NCCC4)C2)cc(-n2cccn2)c1","0","1","1","0","0"
"RZAGOFCCJINLJO-WIOYSNFSSA-N","O=C(O)C[C@H](CN1CC[C@@H](CCc2ccc3c(n2)NCCC3)C1)c1cccc(O[C@H]2CCOC2)c1","CHEMBL4249172","ChEMBL","CHEMBL4229566","50.12","7.3","O=C(O)CC(CN1CCC(CCc2ccc3c(n2)NCCC3)C1)c1cccc(OC2CCOC2)c1","RGD-zwitterion","tetrahydronaphthyridine|2-aminopyridine|aliphatic amine","False","True","479.6","83.9","4.12","0.53","10","2","6","c1cc(CCN2CCC(CCc3ccc4c(n3)NCCC4)C2)cc(OC2CCOC2)c1","0","1","1","0","0"
"CPNIAQVBJRGYTE-GOSISDBHSA-N","COc1cc([C@H](CC(=O)O)CN2CC(C(F)(F)CCc3ccc4c(n3)NCCC4)C2)ccc1F","CHEMBL6141936","ChEMBL","CHEMBL6083250","50.12","7.3","COc1cc(C(CC(=O)O)CN2CC(C(F)(F)CCc3ccc4c(n3)NCCC4)C2)ccc1F","RGD-zwitterion","tetrahydronaphthyridine|2-aminopyridine|aliphatic amine","False","True","477.5","74.7","4.35","0.53","10","2","5","c1ccc(CCN2CC(CCCc3ccc4c(n3)NCCC4)C2)cc1","0","1","1","0","0"
"HREXVJGBXNLTHE-MZXKRHHESA-N","Cc1cccc(C)c1S(=O)(=O)[C@@H](CNC(=O)C1=NOC2(CCC(CNc3ncc[nH]3)CC2)C1)C(=O)O","CHEMBL338865","ChEMBL","CHEMBL1146830","56.0","7.25","Cc1cccc(C)c1S(=O)(=O)C(CNC(=O)C1=NOC2(CCC(CNc3ncc[nH]3)CC2)C1)C(=O)O","RGD-zwitterion","2-aminoazole","False","True","517.6","162.8","2.19","0.393","9","4","8","O=C(NCCS(=O)(=O)c1ccccc1)C1=NOC2(CCC(CNc3ncc[nH]3)CC2)C1","0","1","1","0","0"
"IITDFLPWQNTSGH-BVAGGSTKSA-N","O=C(O)[C@H](c1ccccc1C1CC1)N1CC[C@@H](n2cc(CCc3ccc4c(n3)NCCC4)cn2)C1","CHEMBL6132671","ChEMBL","CHEMBL6083263","56.0","7.25","O=C(O)C(c1ccccc1C1CC1)N1CCC(n2cc(CCc3ccc4c(n3)NCCC4)cn2)C1","RGD-zwitterion","tetrahydronaphthyridine|2-aminopyridine|aliphatic amine","False","True","471.6","83.3","4.37","0.508","8","2","5","c1ccc(C2CC2)c(CN2CCC(n3cc(CCc4ccc5c(n4)NCCC5)cn3)C2)c1","0","1","1","0","0"
"MDRYYKCWQBJPBJ-OBFLODNTSA-N","Cc1cc(C)c(S(=O)(=O)N[C@@H](CNC(=O)C2=NO[C@]3(C2)C[C@@H](CNC2N=CC=N2)N(C(=O)OCc2ccccc2)C3)C(=O)O)c(C)c1","CHEMBL126341","ChEMBL","CHEMBL1146830","57.0","7.24","Cc1cc(C)c(S(=O)(=O)NC(CNC(=O)C2=NOC3(C2)CC(CNC2N=CC=N2)N(C(=O)OCc2ccccc2)C3)C(=O)O)c(C)c1","RGD-zwitterion","aliphatic amine","False","True","667.7","200.4","1.41","0.258","12","4","11","O=C(NCCNS(=O)(=O)c1ccccc1)C1=NOC2(C1)CC(CNC1N=CC=N1)N(C(=O)OCc1ccccc1)C2","0","1","1","0","0"
"UWPKDZSNCCHXJT-KMEZTADASA-N","COC(=O)N1C[C@@]2(CC(C(=O)NC[C@H](NS(=O)(=O)c3c(C)cc(C)cc3C)C(=O)O)=NO2)C[C@H]1CNc1ncc[nH]1","CHEMBL340309","ChEMBL","CHEMBL1146830","57.0","7.24","COC(=O)N1CC2(CC(C(=O)NCC(NS(=O)(=O)c3c(C)cc(C)cc3C)C(=O)O)=NO2)CC1CNc1ncc[nH]1","RGD-zwitterion","2-aminoazole","False","True","591.6","204.4","0.65","0.261","10","5","10","O=C(NCCNS(=O)(=O)c1ccccc1)C1=NOC2(CNC(CNc3ncc[nH]3)C2)C1","0","1","1","0","0"
"LDHLQPMIUKAPSY-VQHVLOKHSA-N","Cc1cc(/C=C/C(=O)O)ccc1NC(=O)c1cccc(NC2=NCCCN2)c1","CHEMBL418048","ChEMBL","CHEMBL1147627","60.0","7.22","Cc1cc(C=CC(=O)O)ccc1NC(=O)c1cccc(NC2=NCCCN2)c1","RGD-zwitterion","guanidine/cyclic amidine","False","True","378.4","102.8","3.11","0.599","5","4","5","O=C(Nc1ccccc1)c1cccc(NC2=NCCCN2)c1","0","1","1","0","0"
"NLUXMQVEMDAZTJ-HYBUGGRVSA-N","Cc1cc(-c2cccc([C@H](CC(=O)O)CN3CC[C@@H](CCc4ccc5c(n4)NCCC5)C3)c2)[nH]n1","CHEMBL4240155","ChEMBL","CHEMBL4229566","63.1","7.2","Cc1cc(-c2cccc(C(CC(=O)O)CN3CCC(CCc4ccc5c(n4)NCCC5)C3)c2)[nH]n1","RGD-zwitterion","tetrahydronaphthyridine|2-aminopyridine|aliphatic amine","False","True","473.6","94.1","4.65","0.419","9","3","5","c1cc(CCN2CCC(CCc3ccc4c(n3)NCCC4)C2)cc(-c2ccn[nH]2)c1","0","1","1","0","0"
"XQHLFZJLRICIOE-DENIHFKCSA-N","O=C(O)C[C@H](CN1CC[C@@H](CCc2ccc3c(n2)NCCC3)C1)c1cccc(-n2ccnn2)c1","CHEMBL4241584","ChEMBL","CHEMBL4229566","63.1","7.2","O=C(O)CC(CN1CCC(CCc2ccc3c(n2)NCCC3)C1)c1cccc(-n2ccnn2)c1","RGD-zwitterion","tetrahydronaphthyridine|2-aminopyridine|aliphatic amine","False","True","460.6","96.2","3.53","0.504","9","2","6","c1cc(CCN2CCC(CCc3ccc4c(n3)NCCC4)C2)cc(-n2ccnn2)c1","0","1","1","0","0"
"AVGZVNRRKZUYJJ-CLIADVIRSA-N","O=C(O)C[C@H](CN1CC[C@@H](CCc2ccc3c(n2)NCCC3)C1)c1cccc(C2CCOC2)c1","CHEMBL4244784","ChEMBL","CHEMBL4229566","63.1","7.2","O=C(O)CC(CN1CCC(CCc2ccc3c(n2)NCCC3)C1)c1cccc(C2CCOC2)c1","RGD-zwitterion","tetrahydronaphthyridine|2-aminopyridine|aliphatic amine","False","True","463.6","74.7","4.46","0.572","9","2","5","c1cc(CCN2CCC(CCc3ccc4c(n3)NCCC4)C2)cc(C2CCOC2)c1","0","1","1","0","0"
"ZHKXSTJFXIMBBI-DENIHFKCSA-N","O=C(O)C[C@H](CN1CC[C@@H](CCc2ccc3c(n2)NCCC3)C1)c1cccc(-n2cnnc2)c1","CHEMBL4246111","ChEMBL","CHEMBL4229566","63.1","7.2","O=C(O)CC(CN1CCC(CCc2ccc3c(n2)NCCC3)C1)c1cccc(-n2cnnc2)c1","RGD-zwitterion","tetrahydronaphthyridine|2-aminopyridine|aliphatic amine","False","True","460.6","96.2","3.53","0.504","9","2","6","c1cc(CCN2CCC(CCc3ccc4c(n3)NCCC4)C2)cc(-n2cnnc2)c1","0","1","1","0","0"
"OGWLKQKCWNAXLA-AJTFRIOCSA-N","O=C(O)C[C@H](CN1CC[C@@H](CCc2ccc3c(n2)NCCC3)C1)c1cc(C2CC2)cc(N2CCOCC2)c1","CHEMBL4248589","ChEMBL","CHEMBL4229566","63.1","7.2","O=C(O)CC(CN1CCC(CCc2ccc3c(n2)NCCC3)C1)c1cc(C2CC2)cc(N2CCOCC2)c1","RGD-zwitterion","tetrahydronaphthyridine|2-aminopyridine|aliphatic amine","False","True","518.7","77.9","4.67","0.473","10","2","6","c1c(CCN2CCC(CCc3ccc4c(n3)NCCC4)C2)cc(N2CCOCC2)cc1C1CC1","0","1","1","0","0"
"RMLFIIGMSOBEKI-GIGWZHCTSA-N","Cc1cc(C)n(-c2cccc([C@H](CC(=O)O)CN3CC[C@@](F)(CCc4ccc5c(n4)NCCC5)C3)c2)n1","CHEMBL6163403","ChEMBL","CHEMBL6120942","65.0","7.19","Cc1cc(C)n(-c2cccc(C(CC(=O)O)CN3CCC(F)(CCc4ccc5c(n4)NCCC5)C3)c2)n1","RGD-zwitterion","tetrahydronaphthyridine|2-aminopyridine|aliphatic amine","False","True","505.6","83.3","4.85","0.433","9","2","5","c1cc(CCN2CCC(CCc3ccc4c(n3)NCCC4)C2)cc(-n2cccn2)c1","0","1","1","0","0"
"IZDKIRNJUIPEPZ-NMZBPYGDSA-N","CC1(C)CCCC(c2ccccc2[C@@H](C(=O)O)N2CC[C@@H](OCCCCc3ccc4c(n3)NCCC4)C2)O1","CHEMBL6102612","ChEMBL","CHEMBL6083263","72.0","7.14","CC1(C)CCCC(c2ccccc2C(C(=O)O)N2CCC(OCCCCc3ccc4c(n3)NCCC4)C2)O1","RGD-zwitterion","tetrahydronaphthyridine|2-aminopyridine|aliphatic amine","False","True","521.7","83.9","5.7","0.388","10","2","6","c1ccc(C2CCCCO2)c(CN2CCC(OCCCCc3ccc4c(n3)NCCC4)C2)c1","0","1","1","0","0"
"JZNNOQAIUYCKAJ-NUMQFJNSSA-N","Cc1cc(C)c(S(=O)(=O)N[C@@H](CNC(=O)C2=NO[C@]3(C2)C[C@@H](CNc2nc4ccccc4[nH]2)N(C(=O)OCc2ccccc2)C3)C(=O)O)c(C)c1","CHEMBL338665","ChEMBL","CHEMBL1146830","74.0","7.13","Cc1cc(C)c(S(=O)(=O)NC(CNC(=O)C2=NOC3(C2)CC(CNc2nc4ccccc4[nH]2)N(C(=O)OCc2ccccc2)C3)C(=O)O)c(C)c1","RGD-zwitterion","benzimidazol-2-amine|2-aminoazole","False","True","717.8","204.4","3.37","0.145","12","5","10","O=C(NCCNS(=O)(=O)c1ccccc1)C1=NOC2(C1)CC(CNc1nc3ccccc3[nH]1)N(C(=O)OCc1ccccc1)C2","0","1","1","0","0"
"NHTSPCQURYFKRF-BDYUSTAISA-N","CN(C)c1cccc2c(S(=O)(=O)N3CCC[C@H]3C(=O)N[C@@H](Cc3ccc(NC(=O)CCCCNC(=N)N)cc3)C(=O)O)cccc12","CHEMBL3960938","ChEMBL","CHEMBL3862028","79.0","7.1","CN(C)c1cccc2c(S(=O)(=O)N3CCCC3C(=O)NC(Cc3ccc(NC(=O)CCCCNC(=N)N)cc3)C(=O)O)cccc12","RGD-zwitterion","guanidine/cyclic amidine","False","True","651.8","198.0","2.46","0.086","14","6","7","O=C(NCCc1ccccc1)C1CCCN1S(=O)(=O)c1cccc2ccccc12","0","1","1","0","0"
"COQHTFSEPORSMW-LBPRGKRZSA-N","Cc1cnc2[nH]c(=O)n(CC(=O)NC[C@H](NC(=O)c3c(Cl)ccc(C)c3F)C(=O)O)c2c1","CHEMBL5505902","ChEMBL","CHEMBL5500400","79.43","7.1","Cc1cnc2[nH]c(=O)n(CC(=O)NCC(NC(=O)c3c(Cl)ccc(C)c3F)C(=O)O)c2c1","non-RGD","","False","True","463.9","146.2","1.13","0.413","7","4","5","O=C(Cn1c(=O)[nH]c2ncccc21)NCCNC(=O)c1ccccc1","1","1","1","0","0"
"PMZAMOSBWUCNBG-UHFFFAOYSA-N","COc1cc(NC(=O)c2cccc(NC3=NCCCN3)c2)ccc1OCC(=O)O","CHEMBL285192","ChEMBL","CHEMBL1147627","82.0","7.09","COc1cc(NC(=O)c2cccc(NC3=NCCCN3)c2)ccc1OCC(=O)O","RGD-zwitterion","guanidine/cyclic amidine","False","True","398.4","121.3","2.17","0.564","7","4","7","O=C(Nc1ccccc1)c1cccc(NC2=NCCCN2)c1","0","1","1","0","0"
"KNVMGBKMZYKHLR-SOFGYWHQSA-N","O=C(O)/C=C/c1ccc(NC(=O)c2cccc(NC3=NCCCN3)c2)c(Cl)c1","CHEMBL36457","ChEMBL","CHEMBL1147627","85.0","7.07","O=C(O)C=Cc1ccc(NC(=O)c2cccc(NC3=NCCCN3)c2)c(Cl)c1","RGD-zwitterion","guanidine/cyclic amidine","False","True","398.9","102.8","3.45","0.578","5","4","5","O=C(Nc1ccccc1)c1cccc(NC2=NCCCN2)c1","0","1","1","0","0"
"KTSCJCLXFWHLBQ-QKNIWELYSA-N","CCCCOC(=O)N1C[C@@]2(CC(C(=O)NC[C@H](NS(=O)(=O)c3c(C)cc(C)cc3C)C(=O)O)=NO2)C[C@H]1CNc1nc2ccccc2[nH]1","CHEMBL126071","ChEMBL","CHEMBL1146830","87.0","7.06","CCCCOC(=O)N1CC2(CC(C(=O)NCC(NS(=O)(=O)c3c(C)cc(C)cc3C)C(=O)O)=NO2)CC1CNc1nc2ccccc2[nH]1","RGD-zwitterion","benzimidazol-2-amine|2-aminoazole","False","True","683.8","204.4","2.97","0.167","13","5","10","O=C(NCCNS(=O)(=O)c1ccccc1)C1=NOC2(CNC(CNc3nc4ccccc4[nH]3)C2)C1","0","1","1","0","0"
"MWFFPXLWFCYACI-NPAAKHOSSA-N","O=C(O)[C@H](c1cc(F)ccc1[C@@H]1CCCCO1)N1CC[C@@H](OCCCCc2ccc3c(n2)NCCC3)C1","CHEMBL6152428","ChEMBL","CHEMBL6083263","87.0","7.06","O=C(O)C(c1cc(F)ccc1C1CCCCO1)N1CCC(OCCCCc2ccc3c(n2)NCCC3)C1","RGD-zwitterion","tetrahydronaphthyridine|2-aminopyridine|aliphatic amine","False","True","511.6","83.9","5.06","0.432","10","2","6","c1ccc(C2CCCCO2)c(CN2CCC(OCCCCc3ccc4c(n3)NCCC4)C2)c1","0","1","1","0","0"
"PBAXCEHIZFCZOJ-RDGATRHJSA-N","O=C(O)[C@H](c1cc(F)ccc1C1CC1)N1CC[C@@H](OCCCCc2ccc3c(n2)NCCC3)C1","CHEMBL6114921","ChEMBL","CHEMBL6083263","92.0","7.04","O=C(O)C(c1cc(F)ccc1C1CC1)N1CCC(OCCCCc2ccc3c(n2)NCCC3)C1","RGD-zwitterion","tetrahydronaphthyridine|2-aminopyridine|aliphatic amine","False","True","467.6","74.7","4.7","0.494","10","2","5","c1ccc(C2CC2)c(CN2CCC(OCCCCc3ccc4c(n3)NCCC4)C2)c1","0","1","1","0","0"
"MWUSVJFHYGRQET-RZFJZAQRSA-N","O=C(O)[C@H](c1cc(F)ccc1[C@@H]1CCCO1)N1CC[C@@H](OCCCCc2ccc3c(n2)NCCC3)C1","CHEMBL6151955","ChEMBL","CHEMBL6083263","92.0","7.04","O=C(O)C(c1cc(F)ccc1C1CCCO1)N1CCC(OCCCCc2ccc3c(n2)NCCC3)C1","RGD-zwitterion","tetrahydronaphthyridine|2-aminopyridine|aliphatic amine","False","True","497.6","83.9","4.67","0.462","10","2","6","c1ccc(C2CCCO2)c(CN2CCC(OCCCCc3ccc4c(n3)NCCC4)C2)c1","0","1","1","0","0"
"ICTXJDJNDUREMP-NRFUFCHMSA-N","Cc1cc(-c2ccccc2)cc(C)c1S(=O)(=O)[C@@H](CNC(=O)C1=NOC2(CCC(CNc3ncc[nH]3)CC2)C1)C(=O)O","CHEMBL127492","ChEMBL","CHEMBL1146830","93.0","7.03","Cc1cc(-c2ccccc2)cc(C)c1S(=O)(=O)C(CNC(=O)C1=NOC2(CCC(CNc3ncc[nH]3)CC2)C1)C(=O)O","RGD-zwitterion","2-aminoazole","False","True","593.7","162.8","3.85","0.275","10","4","8","O=C(NCCS(=O)(=O)c1ccc(-c2ccccc2)cc1)C1=NOC2(CCC(CNc3ncc[nH]3)CC2)C1","0","1","1","0","0"
"KTOXFAJNNABQTR-BVAGGSTKSA-N","O=C(O)[C@H](c1ccccc1C1CC1)N1CC[C@@H](OCCCCCc2ccc3c(n2)NCCC3)C1","CHEMBL6151860","ChEMBL","CHEMBL6083263","94.0","7.03","O=C(O)C(c1ccccc1C1CC1)N1CCC(OCCCCCc2ccc3c(n2)NCCC3)C1","RGD-zwitterion","tetrahydronaphthyridine|2-aminopyridine|aliphatic amine","False","True","463.6","74.7","4.95","0.46","11","2","5","c1ccc(C2CC2)c(CN2CCC(OCCCCCc3ccc4c(n3)NCCC4)C2)c1","0","1","1","0","0"
"DAFPGIVZPJVMTQ-NRFANRHFSA-N","O=C(N[C@@H](Cc1ccc2nc(-c3c(Cl)cccc3Cl)ccc2c1)C(=O)O)c1c(Cl)cccc1Cl","CHEMBL234562","ChEMBL","CHEMBL1146257","95.0","7.02","O=C(NC(Cc1ccc2nc(-c3c(Cl)cccc3Cl)ccc2c1)C(=O)O)c1c(Cl)cccc1Cl","non-RGD","","False","True","534.2","79.3","6.94","0.281","6","2","3","O=C(NCCc1ccc2nc(-c3ccccc3)ccc2c1)c1ccccc1","1","1","1","1","0"
"IAMUMIBDQILHMZ-UHFFFAOYSA-N","O=C(O)CC(Cc1ccc(OCCCNc2ccccn2)cc1)c1ccccc1","CHEMBL36346","ChEMBL","CHEMBL1143037","96.0","7.02","O=C(O)CC(Cc1ccc(OCCCNc2ccccn2)cc1)c1ccccc1","RGD-zwitterion","2-aminopyridine","False","True","390.5","71.5","4.76","0.462","11","2","4","c1ccc(CCc2ccc(OCCCNc3ccccn3)cc2)cc1","0","1","1","0","0"
"NVMSPQJFCGQPIS-RDGATRHJSA-N","O=C(O)[C@H](c1ccccc1C1CC1)N1CC[C@@H](OCCCCc2ccc3c(n2)NCCC3)C1","CHEMBL6162932","ChEMBL","CHEMBL6083263","96.0","7.02","O=C(O)C(c1ccccc1C1CC1)N1CCC(OCCCCc2ccc3c(n2)NCCC3)C1","RGD-zwitterion","tetrahydronaphthyridine|2-aminopyridine|aliphatic amine","False","True","449.6","74.7","4.56","0.518","10","2","5","c1ccc(C2CC2)c(CN2CCC(OCCCCc3ccc4c(n3)NCCC4)C2)c1","0","1","1","0","0"
"ZDUUJAZQZQAJEO-DENIHFKCSA-N","O=C(O)C[C@H](CN1CC[C@@H](CCc2ccc3c(n2)NCCC3)C1)c1cccc(OC2COC2)c1","CHEMBL4237498","ChEMBL","CHEMBL4229566","100.0","7.0","O=C(O)CC(CN1CCC(CCc2ccc3c(n2)NCCC3)C1)c1cccc(OC2COC2)c1","RGD-zwitterion","tetrahydronaphthyridine|2-aminopyridine|aliphatic amine","False","True","465.6","83.9","3.73","0.553","10","2","6","c1cc(CCN2CCC(CCc3ccc4c(n3)NCCC4)C2)cc(OC2COC2)c1","0","1","1","0","0"
"DRMIWPCMCBXOEN-NFBKMPQASA-N","Cc1nncn1-c1cccc([C@H](CC(=O)O)CN2CC[C@@H](CCc3ccc4c(n3)NCCC4)C2)c1","CHEMBL4237919","ChEMBL","CHEMBL4229566","100.0","7.0","Cc1nncn1-c1cccc(C(CC(=O)O)CN2CCC(CCc3ccc4c(n3)NCCC4)C2)c1","RGD-zwitterion","tetrahydronaphthyridine|2-aminopyridine|aliphatic amine","False","True","474.6","96.2","3.84","0.486","9","2","6","c1cc(CCN2CCC(CCc3ccc4c(n3)NCCC4)C2)cc(-n2cnnc2)c1","0","1","1","0","0"
"QESJLCKQPIPWOH-LEAFIULHSA-N","Cc1cc(C)n(-c2cc([C@H](CC(=O)O)CN3CC[C@@H](CCc4ccc5c(n4)NCCC5)C3)cc(N3CCOCC3)c2)n1","CHEMBL4242263","ChEMBL","CHEMBL4229566","100.0","7.0","Cc1cc(C)n(-c2cc(C(CC(=O)O)CN3CCC(CCc4ccc5c(n4)NCCC5)C3)cc(N3CCOCC3)c2)n1","RGD-zwitterion","tetrahydronaphthyridine|2-aminopyridine|aliphatic amine","False","True","572.8","95.8","4.59","0.364","10","2","7","c1cnn(-c2cc(CCN3CCC(CCc4ccc5c(n4)NCCC5)C3)cc(N3CCOCC3)c2)c1","0","1","1","0","0"
"SRAAZWOKIPPIDS-ZJSXRUAMSA-N","O=C(O)C[C@H](CN1CC[C@@H](CCc2ccc3c(n2)NCCC3)C1)c1cccc(OC2CCOCC2)c1","CHEMBL4242732","ChEMBL","CHEMBL4229566","100.0","7.0","O=C(O)CC(CN1CCC(CCc2ccc3c(n2)NCCC3)C1)c1cccc(OC2CCOCC2)c1","RGD-zwitterion","tetrahydronaphthyridine|2-aminopyridine|aliphatic amine","False","True","493.6","83.9","4.51","0.504","10","2","6","c1cc(CCN2CCC(CCc3ccc4c(n3)NCCC4)C2)cc(OC2CCOCC2)c1","0","1","1","0","0"
"NIHKLJCATASIRV-DENIHFKCSA-N","O=C(O)C[C@H](CN1CC[C@@H](CCc2ccc3c(n2)NCCC3)C1)c1cccc(-n2cncn2)c1","CHEMBL4243686","ChEMBL","CHEMBL4229566","100.0","7.0","O=C(O)CC(CN1CCC(CCc2ccc3c(n2)NCCC3)C1)c1cccc(-n2cncn2)c1","RGD-zwitterion","tetrahydronaphthyridine|2-aminopyridine|aliphatic amine","False","True","460.6","96.2","3.53","0.504","9","2","6","c1cc(CCN2CCC(CCc3ccc4c(n3)NCCC4)C2)cc(-n2cncn2)c1","0","1","1","0","0"
"CJMISCRXEFTMEV-PXDATVDWSA-N","Cc1cn(C)c(-c2cccc([C@H](CC(=O)O)CN3CC[C@@H](CCc4ccc5c(n4)NCCC5)C3)c2)n1","CHEMBL4245368","ChEMBL","CHEMBL4229566","100.0","7.0","Cc1cn(C)c(-c2cccc(C(CC(=O)O)CN3CCC(CCc4ccc5c(n4)NCCC5)C3)c2)n1","RGD-zwitterion","tetrahydronaphthyridine|2-aminopyridine|aliphatic amine","False","True","487.6","83.3","4.66","0.457","9","2","5","c1cc(CCN2CCC(CCc3ccc4c(n3)NCCC4)C2)cc(-c2ncc[nH]2)c1","0","1","1","0","0"
"LXKNMILYYJXXKE-PXDATVDWSA-N","Cc1nc(C)c(-c2cccc([C@H](CC(=O)O)CN3CC[C@@H](CCc4ccc5c(n4)NCCC5)C3)c2)[nH]1","CHEMBL4249629","ChEMBL","CHEMBL4229566","100.0","7.0","Cc1nc(C)c(-c2cccc(C(CC(=O)O)CN3CCC(CCc4ccc5c(n4)NCCC5)C3)c2)[nH]1","RGD-zwitterion","tetrahydronaphthyridine|2-aminopyridine|aliphatic amine","False","True","487.6","94.1","4.96","0.395","9","3","5","c1cc(CCN2CCC(CCc3ccc4c(n3)NCCC4)C2)cc(-c2cnc[nH]2)c1","0","1","1","0","0"
"HKDUWRRLEDNORE-LXFBAYGMSA-N","O=C(O)C[C@H](CN1CC[C@@](F)(CCc2ccc3c(n2)NCCC3)C1)c1cccc(N2CCOCC2)c1","CHEMBL4448207","ChEMBL","CHEMBL4373707","100.0","7.0","O=C(O)CC(CN1CCC(F)(CCc2ccc3c(n2)NCCC3)C1)c1cccc(N2CCOCC2)c1","RGD-zwitterion","tetrahydronaphthyridine|2-aminopyridine|aliphatic amine","False","True","496.6","77.9","3.88","0.546","9","2","6","c1cc(CCN2CCC(CCc3ccc4c(n3)NCCC4)C2)cc(N2CCOCC2)c1","0","1","1","0","0"
"MGRPJUCLIBBWKX-VXKWHMMOSA-N","N=C(N)Nc1cc(NC(=O)CCCN)cc(C(=O)NCC(=O)NC[C@H](NC(=O)[C@@H]2CCCN2S(=O)(=O)c2ccccc2)C(=O)O)c1","CHEMBL4750706","ChEMBL","CHEMBL4699539","100.0","7.0","N=C(N)Nc1cc(NC(=O)CCCN)cc(C(=O)NCC(=O)NCC(NC(=O)C2CCCN2S(=O)(=O)c2ccccc2)C(=O)O)c1","RGD-zwitterion","guanidine/cyclic amidine","False","True","659.7","279.0","-1.06","0.082","15","9","9","O=C(CNC(=O)c1ccccc1)NCCNC(=O)C1CCCN1S(=O)(=O)c1ccccc1","0","1","1","0","0"
"PDJSBAOCILQASK-ROUUACIJSA-N","N=C(N)Nc1cccc(C(=O)NNC(=O)NC[C@H](NC(=O)[C@@H]2CCCN2S(=O)(=O)c2ccccc2)C(=O)O)c1","CHEMBL4756602","ChEMBL","CHEMBL4699539","100.0","7.0","N=C(N)Nc1cccc(C(=O)NNC(=O)NCC(NC(=O)C2CCCN2S(=O)(=O)c2ccccc2)C(=O)O)c1","RGD-zwitterion","guanidine/cyclic amidine","False","True","560.6","235.9","-0.64","0.11","9","8","7","O=C(NCCNC(=O)C1CCCN1S(=O)(=O)c1ccccc1)NNC(=O)c1ccccc1","0","1","1","0","0"
"TZIAXVZQEBTCKV-BLPZBGMVSA-N","N=C(N)Nc1cccc(C(=O)NCC(=O)NC[C@H](NC(=O)C2C3CCC(CC3)N2S(=O)(=O)c2ccccc2)C(=O)O)c1","CHEMBL5811280","ChEMBL","CHEMBL5728105","100.0","7.0","N=C(N)Nc1cccc(C(=O)NCC(=O)NCC(NC(=O)C2C3CCC(CC3)N2S(=O)(=O)c2ccccc2)C(=O)O)c1","RGD-zwitterion","guanidine/cyclic amidine","False","True","599.7","223.9","0.04","0.137","11","7","7","O=C(CNC(=O)c1ccccc1)NCCNC(=O)C1C2CCC(CC2)N1S(=O)(=O)c1ccccc1","0","1","1","0","0"
"WBSQJZRUQPOLEG-ATILKMQGSA-N","O=C(O)C[C@H](CN1CC[C@@](F)(CCc2ccc3c(n2)NCCC3)C1)c1cccc(O[C@H]2CCOC2)c1","CHEMBL6172526","ChEMBL","CHEMBL6120942","100.0","7.0","O=C(O)CC(CN1CCC(F)(CCc2ccc3c(n2)NCCC3)C1)c1cccc(OC2CCOC2)c1","RGD-zwitterion","tetrahydronaphthyridine|2-aminopyridine|aliphatic amine","False","True","497.6","83.9","4.21","0.509","10","2","6","c1cc(CCN2CCC(CCc3ccc4c(n3)NCCC4)C2)cc(OC2CCOC2)c1","0","1","1","0","0"
"MNMNKSRAIMNXQS-UHFFFAOYSA-N","CC(CC(=O)O)Cc1ccc(OCCCNc2ccccn2)cc1","CHEMBL226359","ChEMBL","CHEMBL1143037","102.0","6.99","CC(CC(=O)O)Cc1ccc(OCCCNc2ccccn2)cc1","RGD-zwitterion","2-aminopyridine","False","True","328.4","71.5","3.62","0.652","10","2","4","c1ccc(OCCCNc2ccccn2)cc1","0","1","1","0","0"
"KXBKHFWEPDTRQO-HTHJYTGDSA-N","Cc1cc(C)c(S(=O)(=O)[C@@H](CNC(=O)C2=NOC3(CCC(C(=O)Nc4ncc[nH]4)CC3)C2)C(=O)O)c(C)c1","CHEMBL339476","ChEMBL","CHEMBL1146830","106.0","6.97","Cc1cc(C)c(S(=O)(=O)C(CNC(=O)C2=NOC3(CCC(C(=O)Nc4ncc[nH]4)CC3)C2)C(=O)O)c(C)c1","RGD-zwitterion","2-aminoazole","False","True","545.6","179.9","2.02","0.389","8","4","8","O=C(NCCS(=O)(=O)c1ccccc1)C1=NOC2(CCC(C(=O)Nc3ncc[nH]3)CC2)C1","0","1","1","0","0"
"GXNRMXKXTHPZDX-RMKNXTFCSA-N","N=C(N)Nc1cccc(C(=O)Nc2ccc(/C=C/C(=O)O)cc2)c1","CHEMBL35355","ChEMBL","CHEMBL1147627","109.0","6.96","N=C(N)Nc1cccc(C(=O)Nc2ccc(C=CC(=O)O)cc2)c1","RGD-zwitterion","guanidine/cyclic amidine","False","True","324.3","128.3","2.34","0.327","5","5","3","O=C(Nc1ccccc1)c1ccccc1","0","1","1","0","0"
"WCPPIWIMDFTABK-CLLDFNAGSA-N","O=C(O)[C@H](c1cc(F)ccc1[C@H]1CCOC1)N1CC[C@@H](OCCCCc2ccc3c(n2)NCCC3)C1","CHEMBL6146800","ChEMBL","CHEMBL6083263","110.0","6.96","O=C(O)C(c1cc(F)ccc1C1CCOC1)N1CCC(OCCCCc2ccc3c(n2)NCCC3)C1","RGD-zwitterion","tetrahydronaphthyridine|2-aminopyridine|aliphatic amine","False","True","497.6","83.9","4.32","0.473","10","2","6","c1ccc(C2CCOC2)c(CN2CCC(OCCCCc3ccc4c(n3)NCCC4)C2)c1","0","1","1","0","0"
"QEZFFSFUZGJEKZ-SQHAQQRYSA-N","O=C(O)[C@H](c1cc(F)ccc1C1CCOCC1)N1CC[C@@H](OCCCCc2ccc3c(n2)NCCC3)C1","CHEMBL6160052","ChEMBL","CHEMBL6083263","120.0","6.92","O=C(O)C(c1cc(F)ccc1C1CCOCC1)N1CCC(OCCCCc2ccc3c(n2)NCCC3)C1","RGD-zwitterion","tetrahydronaphthyridine|2-aminopyridine|aliphatic amine","False","True","511.6","83.9","4.71","0.447","10","2","6","c1ccc(C2CCOCC2)c(CN2CCC(OCCCCc3ccc4c(n3)NCCC4)C2)c1","0","1","1","0","0"
"RZAGOFCCJINLJO-ROSOWXQZSA-N","O=C(O)C[C@H](CN1CC[C@@H](CCc2ccc3c(n2)NCCC3)C1)c1cccc(O[C@@H]2CCOC2)c1","CHEMBL4239085","ChEMBL","CHEMBL4229566","125.89","6.9","O=C(O)CC(CN1CCC(CCc2ccc3c(n2)NCCC3)C1)c1cccc(OC2CCOC2)c1","RGD-zwitterion","tetrahydronaphthyridine|2-aminopyridine|aliphatic amine","False","True","479.6","83.9","4.12","0.53","10","2","6","c1cc(CCN2CCC(CCc3ccc4c(n3)NCCC4)C2)cc(OC2CCOC2)c1","0","0","0","0","0"
"MPXAADAXXFWYMY-NFBKMPQASA-N","O=C(O)C[C@H](CN1CC[C@@H](CCc2ccc3c(n2)NCCC3)C1)c1cccc(-n2cccn2)c1","CHEMBL4251444","ChEMBL","CHEMBL4229566","125.89","6.9","O=C(O)CC(CN1CCC(CCc2ccc3c(n2)NCCC3)C1)c1cccc(-n2cccn2)c1","RGD-zwitterion","tetrahydronaphthyridine|2-aminopyridine|aliphatic amine","False","True","459.6","83.3","4.14","0.5","9","2","5","c1cc(CCN2CCC(CCc3ccc4c(n3)NCCC4)C2)cc(-n2cccn2)c1","0","1","1","0","0"
"FXDNOSCPUWVWCC-TUAABQIMSA-N","O=C(NC[C@@H](C(=O)O)S(=O)(=O)c1ccccc1)C1=NOC2(CCC(CNc3ncc[nH]3)CC2)C1","CHEMBL126925","ChEMBL","CHEMBL1146830","130.0","6.89","O=C(NCC(C(=O)O)S(=O)(=O)c1ccccc1)C1=NOC2(CCC(CNc3ncc[nH]3)CC2)C1","RGD-zwitterion","2-aminoazole","False","True","489.6","162.8","1.57","0.412","9","4","8","O=C(NCCS(=O)(=O)c1ccccc1)C1=NOC2(CCC(CNc3ncc[nH]3)CC2)C1","0","1","1","0","0"
"TZNXKIAIKROUOK-AHPZTNMXSA-N","CCCCOC(=O)N1C[C@@]2(CC(C(=O)NC[C@H](NS(=O)(=O)c3c(C)cc(C)cc3C)C(=O)O)=NO2)C[C@H]1CNc1ncc[nH]1","CHEMBL126983","ChEMBL","CHEMBL1146830","130.0","6.89","CCCCOC(=O)N1CC2(CC(C(=O)NCC(NS(=O)(=O)c3c(C)cc(C)cc3C)C(=O)O)=NO2)CC1CNc1ncc[nH]1","RGD-zwitterion","2-aminoazole","False","True","633.7","204.4","1.82","0.202","13","5","10","O=C(NCCNS(=O)(=O)c1ccccc1)C1=NOC2(CNC(CNc3ncc[nH]3)C2)C1","0","1","1","0","0"
"MWFFPXLWFCYACI-MVNQZMKCSA-N","O=C(O)[C@H](c1cc(F)ccc1[C@H]1CCCCO1)N1CC[C@@H](OCCCCc2ccc3c(n2)NCCC3)C1","CHEMBL6146560","ChEMBL","CHEMBL6083263","130.0","6.89","O=C(O)C(c1cc(F)ccc1C1CCCCO1)N1CCC(OCCCCc2ccc3c(n2)NCCC3)C1","RGD-zwitterion","tetrahydronaphthyridine|2-aminopyridine|aliphatic amine","False","True","511.6","83.9","5.06","0.432","10","2","6","c1ccc(C2CCCCO2)c(CN2CCC(OCCCCc3ccc4c(n3)NCCC4)C2)c1","0","0","0","0","0"
"QHMMZOKWGDLZLQ-DSITVLBTSA-N","O=C(O)[C@H](c1ccccc1C1CC1)N1C[C@@H](F)[C@@H](OCCCCc2ccc3c(n2)NCCC3)C1","CHEMBL6148832","ChEMBL","CHEMBL6083263","130.0","6.89","O=C(O)C(c1ccccc1C1CC1)N1CC(F)C(OCCCCc2ccc3c(n2)NCCC3)C1","RGD-zwitterion","tetrahydronaphthyridine|2-aminopyridine|aliphatic amine","False","True","467.6","74.7","4.5","0.501","10","2","5","c1ccc(C2CC2)c(CN2CCC(OCCCCc3ccc4c(n3)NCCC4)C2)c1","0","1","1","0","0"
"OGPDDASHGHQOEW-AHRWMNNESA-N","Cc1cc(C)c(S(=O)(=O)[C@@H](CNC(=O)C2=NOC3(CCC(CNC4=NCCCN4)CC3)C2)C(=O)O)c(C)c1","CHEMBL127377","ChEMBL","CHEMBL1146830","160.0","6.8","Cc1cc(C)c(S(=O)(=O)C(CNC(=O)C2=NOC3(CCC(CNC4=NCCCN4)CC3)C2)C(=O)O)c(C)c1","RGD-zwitterion","guanidine/cyclic amidine","False","True","547.7","158.5","1.6","0.382","8","4","9","O=C(NCCS(=O)(=O)c1ccccc1)C1=NOC2(CCC(CNC3=NCCCN3)CC2)C1","0","1","1","0","0"
"WJYNGTHNURVQMC-SFTDATJTSA-N","N=C(N)NCCCCC(=O)Nc1ccc(C[C@H](NC(=O)[C@@H]2CCN2S(=O)(=O)c2ccccc2)C(=O)O)cc1","CHEMBL3900911","ChEMBL","CHEMBL3862028","158.49","6.8","N=C(N)NCCCCC(=O)Nc1ccc(CC(NC(=O)C2CCN2S(=O)(=O)c2ccccc2)C(=O)O)cc1","RGD-zwitterion","guanidine/cyclic amidine","False","True","544.6","194.8","0.85","0.121","13","6","6","O=C(NCCc1ccccc1)C1CCN1S(=O)(=O)c1ccccc1","0","1","1","0","0"
"YJXODXFHFQYURN-NTKDMRAZSA-N","O=C(O)C[C@H](CN1CC[C@@H](CCc2ccc3c(n2)NCCC3)C1)c1cccc(C2CC2)c1","CHEMBL4242635","ChEMBL","CHEMBL4229566","158.49","6.8","O=C(O)CC(CN1CCC(CCc2ccc3c(n2)NCCC3)C1)c1cccc(C2CC2)c1","RGD-zwitterion","tetrahydronaphthyridine|2-aminopyridine|aliphatic amine","False","True","433.6","65.5","4.83","0.593","9","2","4","c1cc(CCN2CCC(CCc3ccc4c(n3)NCCC4)C2)cc(C2CC2)c1","0","1","1","0","0"
"DHKPZDWVBJIRBP-ZJSXRUAMSA-N","Cc1ccn(-c2cccc([C@H](CC(=O)O)CN3CC[C@@H](CCc4ccc5c(n4)NCCC5)C3)c2)n1","CHEMBL4247149","ChEMBL","CHEMBL4229566","158.49","6.8","Cc1ccn(-c2cccc(C(CC(=O)O)CN3CCC(CCc4ccc5c(n4)NCCC5)C3)c2)n1","RGD-zwitterion","tetrahydronaphthyridine|2-aminopyridine|aliphatic amine","False","True","473.6","83.3","4.45","0.478","9","2","5","c1cc(CCN2CCC(CCc3ccc4c(n3)NCCC4)C2)cc(-n2cccn2)c1","0","1","1","0","0"
"WBSQJZRUQPOLEG-OKEQGEBHSA-N","O=C(O)C[C@H](CN1CC[C@@](F)(CCc2ccc3c(n2)NCCC3)C1)c1cccc(O[C@@H]2CCOC2)c1","CHEMBL6175979","ChEMBL","CHEMBL6120942","158.49","6.8","O=C(O)CC(CN1CCC(F)(CCc2ccc3c(n2)NCCC3)C1)c1cccc(OC2CCOC2)c1","RGD-zwitterion","tetrahydronaphthyridine|2-aminopyridine|aliphatic amine","False","True","497.6","83.9","4.21","0.509","10","2","6","c1cc(CCN2CCC(CCc3ccc4c(n3)NCCC4)C2)cc(OC2CCOC2)c1","0","0","0","0","0"
"JTOSMCOFPADVGU-UHFFFAOYSA-N","COc1cc(NC(=O)c2cccc(NC3=NCCCN3)c2)ccc1CCC(=O)O","CHEMBL37557","ChEMBL","CHEMBL1147627","162.0","6.79","COc1cc(NC(=O)c2cccc(NC3=NCCCN3)c2)ccc1CCC(=O)O","RGD-zwitterion","guanidine/cyclic amidine","False","True","396.4","112.0","2.73","0.573","7","4","6","O=C(Nc1ccccc1)c1cccc(NC2=NCCCN2)c1","0","1","1","0","0"
"RMQFETNIXUKPIU-PSWPWZSKSA-N","Cc1cc(C)c(S(=O)(=O)[C@@H](CNC(=O)C2=NOC3(CCC(CNc4ncc[nH]4)CC3)C2)C(=O)O)c(C)c1","CHEMBL340703","ChEMBL","CHEMBL1146830","170.0","6.77","Cc1cc(C)c(S(=O)(=O)C(CNC(=O)C2=NOC3(CCC(CNc4ncc[nH]4)CC3)C2)C(=O)O)c(C)c1","RGD-zwitterion","2-aminoazole","False","True","531.6","162.8","2.5","0.383","9","4","8","O=C(NCCS(=O)(=O)c1ccccc1)C1=NOC2(CCC(CNc3ncc[nH]3)CC2)C1","0","1","1","0","0"
"WCPPIWIMDFTABK-WIOYSNFSSA-N","O=C(O)[C@H](c1cc(F)ccc1[C@@H]1CCOC1)N1CC[C@@H](OCCCCc2ccc3c(n2)NCCC3)C1","CHEMBL6168052","ChEMBL","CHEMBL6083263","170.0","6.77","O=C(O)C(c1cc(F)ccc1C1CCOC1)N1CCC(OCCCCc2ccc3c(n2)NCCC3)C1","RGD-zwitterion","tetrahydronaphthyridine|2-aminopyridine|aliphatic amine","False","True","497.6","83.9","4.32","0.473","10","2","6","c1ccc(C2CCOC2)c(CN2CCC(OCCCCc3ccc4c(n3)NCCC4)C2)c1","0","0","0","0","0"
"FFZRIJWHHIJYHI-CEXJFXJFSA-N","Cc1cc(C)c(S(=O)(=O)N[C@@H](CNC(=O)C2=NO[C@]3(CN[C@H](CNc4ncc[nH]4)C3)C2)C(=O)O)c(C)c1","CHEMBL126416","ChEMBL","CHEMBL1146830","180.0","6.74","Cc1cc(C)c(S(=O)(=O)NC(CNC(=O)C2=NOC3(CNC(CNc4ncc[nH]4)C3)C2)C(=O)O)c(C)c1","RGD-zwitterion","2-aminoazole|aliphatic amine","False","True","533.6","186.9","0.17","0.247","10","6","9","O=C(NCCNS(=O)(=O)c1ccccc1)C1=NOC2(CNC(CNc3ncc[nH]3)C2)C1","0","1","1","0","0"
"MWUSVJFHYGRQET-RCXJIHSJSA-N","O=C(O)[C@H](c1cc(F)ccc1[C@H]1CCCO1)N1CC[C@@H](OCCCCc2ccc3c(n2)NCCC3)C1","CHEMBL6161213","ChEMBL","CHEMBL6083263","193.0","6.71","O=C(O)C(c1cc(F)ccc1C1CCCO1)N1CCC(OCCCCc2ccc3c(n2)NCCC3)C1","RGD-zwitterion","tetrahydronaphthyridine|2-aminopyridine|aliphatic amine","False","True","497.6","83.9","4.67","0.462","10","2","6","c1ccc(C2CCCO2)c(CN2CCC(OCCCCc3ccc4c(n3)NCCC4)C2)c1","0","0","0","0","0"
"VMXDSWMLXPSSCM-UIOOFZCWSA-N","Cc1cccc(NCCCC(=O)Nc2ccc(C[C@H](NC(=O)[C@@H]3CCCN3S(=O)(=O)c3ccccc3)C(=O)O)cc2)n1","CHEMBL3933968","ChEMBL","CHEMBL3862028","199.53","6.7","Cc1cccc(NCCCC(=O)Nc2ccc(CC(NC(=O)C3CCCN3S(=O)(=O)c3ccccc3)C(=O)O)cc2)n1","RGD-zwitterion","2-aminopyridine","False","True","593.7","157.8","3.19","0.22","13","4","7","O=C(CCCNc1ccccn1)Nc1ccc(CCNC(=O)C2CCCN2S(=O)(=O)c2ccccc2)cc1","0","1","1","0","0"
"QZTBJCSOVXRYCX-YLJYHZDGSA-N","O=C(O)C[C@H](CN1CC[C@@H](CCc2ccc3c(n2)NCCC3)C1)c1cccc(Br)c1","CHEMBL4242175","ChEMBL","CHEMBL4229566","199.53","6.7","O=C(O)CC(CN1CCC(CCc2ccc3c(n2)NCCC3)C1)c1cccc(Br)c1","RGD-zwitterion","tetrahydronaphthyridine|2-aminopyridine|aliphatic amine","False","True","472.4","65.5","4.72","0.583","8","2","4","c1ccc(CCN2CCC(CCc3ccc4c(n3)NCCC4)C2)cc1","0","1","1","0","0"
"JKCWPEGFHKYRHR-UHFFFAOYSA-N","O=C(NC(CNc1ccccc1)C(=O)O)c1c(Cl)cccc1Cl","CHEMBL5505777","ChEMBL","CHEMBL5500400","199.53","6.7","O=C(NC(CNc1ccccc1)C(=O)O)c1c(Cl)cccc1Cl","non-RGD","","False","True","353.2","78.4","3.29","0.745","6","3","3","O=C(NCCNc1ccccc1)c1ccccc1","1","1","1","0","0"
"IYDOQPMEINDDIU-UHFFFAOYSA-N","O=C(NC(CNc1ccc(N2CCNC2=O)cc1)C(=O)O)c1c(Cl)cccc1Cl","CHEMBL5517939","ChEMBL","CHEMBL5500400","199.53","6.7","O=C(NC(CNc1ccc(N2CCNC2=O)cc1)C(=O)O)c1c(Cl)cccc1Cl","non-RGD","","False","True","437.3","110.8","2.82","0.533","7","4","4","O=C(NCCNc1ccc(N2CCNC2=O)cc1)c1ccccc1","1","1","1","1","0"
"ZPRQEMGTRXGZPE-JXMROGBWSA-N","O=C(O)/C=C/c1ccc(NC(=O)c2cccc(NC3=NCCCN3)c2)cc1","CHEMBL417330","ChEMBL","CHEMBL1147627","219.0","6.66","O=C(O)C=Cc1ccc(NC(=O)c2cccc(NC3=NCCCN3)c2)cc1","RGD-zwitterion","guanidine/cyclic amidine","False","True","364.4","102.8","2.8","0.611","5","4","5","O=C(Nc1ccccc1)c1cccc(NC2=NCCCN2)c1","0","1","1","0","0"
"HYVACKHLRSIRHV-UHFFFAOYSA-N","COc1cc(NC(=O)c2cccc(NC(=N)N)c2)ccc1OCC(=O)O","CHEMBL290028","ChEMBL","CHEMBL1147627","222.0","6.65","COc1cc(NC(=O)c2cccc(NC(=N)N)c2)ccc1OCC(=O)O","RGD-zwitterion","guanidine/cyclic amidine","False","True","358.4","146.8","1.72","0.374","7","5","5","O=C(Nc1ccccc1)c1ccccc1","0","1","1","0","0"
"JNJNTZUNBGRNAA-UHFFFAOYSA-N","O=C(O)CC1CC1c1ccc(OCCCNc2ccccn2)cc1","CHEMBL225993","ChEMBL","CHEMBL1143037","234.0","6.63","O=C(O)CC1CC1c1ccc(OCCCNc2ccccn2)cc1","RGD-zwitterion","2-aminopyridine","False","True","326.4","71.5","3.54","0.69","9","2","4","c1ccc(NCCCOc2ccc(C3CC3)cc2)nc1","0","1","1","0","0"
"NIVBRIPUAQCFIE-ZJSXRUAMSA-N","O=C(O)C[C@H](CN1CC[C@@H](CCc2ccc3c(n2)NCCC3)C1)c1cccc(N2CCOCC2)c1","CHEMBL4238909","ChEMBL","CHEMBL4229566","251.19","6.6","O=C(O)CC(CN1CCC(CCc2ccc3c(n2)NCCC3)C1)c1cccc(N2CCOCC2)c1","RGD-zwitterion","tetrahydronaphthyridine|2-aminopyridine|aliphatic amine","False","True","478.6","77.9","3.79","0.568","9","2","6","c1cc(CCN2CCC(CCc3ccc4c(n3)NCCC4)C2)cc(N2CCOCC2)c1","0","1","1","0","0"
"GRSDFJKIPSSZCC-QPPBQGQZSA-N","O=C(O)[C@H](c1ccccc1C1CC1)N1CC[C@@H](OCCCc2ccc3c(n2)NCCC3)C1","CHEMBL6164253","ChEMBL","CHEMBL6083263","250.0","6.6","O=C(O)C(c1ccccc1C1CC1)N1CCC(OCCCc2ccc3c(n2)NCCC3)C1","RGD-zwitterion","tetrahydronaphthyridine|2-aminopyridine|aliphatic amine","False","True","435.6","74.7","4.17","0.576","9","2","5","c1ccc(C2CC2)c(CN2CCC(OCCCc3ccc4c(n3)NCCC4)C2)c1","0","1","1","0","0"
"NGLDQEAARWHFFU-VOTSOKGWSA-N","Cc1cc(/C=C/C(=O)O)cc(C)c1NC(=O)c1cccc(NC2=NCCN2)c1","CHEMBL37613","ChEMBL","CHEMBL1147627","264.0","6.58","Cc1cc(C=CC(=O)O)cc(C)c1NC(=O)c1cccc(NC2=NCCN2)c1","RGD-zwitterion","guanidine/cyclic amidine","False","True","378.4","102.8","3.02","0.599","5","4","5","O=C(Nc1ccccc1)c1cccc(NC2=NCCN2)c1","0","1","1","0","0"
"XUSWJQHRAIDRLJ-JMYJPSAUSA-N","O=C(O)[C@H](c1ccccc1C1CCCOC1)N1CC[C@@H](OCCCCc2ccc3c(n2)NCCC3)C1","CHEMBL6134171","ChEMBL","CHEMBL6083263","300.0","6.52","O=C(O)C(c1ccccc1C1CCCOC1)N1CCC(OCCCCc2ccc3c(n2)NCCC3)C1","RGD-zwitterion","tetrahydronaphthyridine|2-aminopyridine|aliphatic amine","False","True","493.6","83.9","4.57","0.469","10","2","6","c1ccc(C2CCCOC2)c(CN2CCC(OCCCCc3ccc4c(n3)NCCC4)C2)c1","0","1","1","0","0"
"CQDWPOURVPAZAM-UHFFFAOYSA-N","N=C(N)NCCCCC(=O)NCC(=O)NC(CC(=O)O)c1cccnc1","CHEMBL3319231","ChEMBL","CHEMBL3351286","317.0","6.5","N=C(N)NCCCCC(=O)NCC(=O)NC(CC(=O)O)c1cccnc1","RGD-zwitterion","guanidine/cyclic amidine","False","True","364.4","170.3","-0.52","0.174","11","6","5","c1ccncc1","0","1","1","0","0"
"BIWLMYQUTFMBFS-UIOOFZCWSA-N","Cc1ccc(NCCCC(=O)Nc2ccc(C[C@H](NC(=O)[C@@H]3CCCN3S(=O)(=O)c3ccccc3)C(=O)O)cc2)nc1","CHEMBL3970391","ChEMBL","CHEMBL3862028","316.23","6.5","Cc1ccc(NCCCC(=O)Nc2ccc(CC(NC(=O)C3CCCN3S(=O)(=O)c3ccccc3)C(=O)O)cc2)nc1","RGD-zwitterion","2-aminopyridine","False","True","593.7","157.8","3.19","0.22","13","4","7","O=C(CCCNc1ccccn1)Nc1ccc(CCNC(=O)C2CCCN2S(=O)(=O)c2ccccc2)cc1","0","1","1","0","0"
"ZJLLVRHQFNOZTN-IRXDYDNUSA-N","N=C(N)NCCCCCC(=O)NC[C@H](NC(=O)[C@@H]1CCCN1S(=O)(=O)c1ccccc1)C(=O)O","CHEMBL4747956","ChEMBL","CHEMBL4699539","316.0","6.5","N=C(N)NCCCCCC(=O)NCC(NC(=O)C1CCCN1S(=O)(=O)c1ccccc1)C(=O)O","RGD-zwitterion","guanidine/cyclic amidine","False","True","496.6","194.8","-0.43","0.12","13","6","6","O=S(=O)(c1ccccc1)N1CCCC1","0","1","1","0","0"
"MDXWSNKCFJRQKT-HNNXBMFYSA-N","O=C(CN1C(=O)NCc2ccccc21)NC[C@H](NC(=O)c1ccccc1Cl)C(=O)O","CHEMBL5558562","ChEMBL","CHEMBL5500400","316.23","6.5","O=C(CN1C(=O)NCc2ccccc21)NCC(NC(=O)c1ccccc1Cl)C(=O)O","non-RGD","","False","True","430.8","127.8","1.37","0.527","7","4","4","O=C(CN1C(=O)NCc2ccccc21)NCCNC(=O)c1ccccc1","1","1","1","0","0"
"DEDSZNRRBMJVFZ-BTYSJIOQSA-N","O=C(O)C[C@H](CN1CC[C@@](F)(CCc2ccc3c(n2)NCCC3)C1)c1cccc(OC2CCOCC2)c1","CHEMBL6162834","ChEMBL","CHEMBL6120942","316.23","6.5","O=C(O)CC(CN1CCC(F)(CCc2ccc3c(n2)NCCC3)C1)c1cccc(OC2CCOCC2)c1","RGD-zwitterion","tetrahydronaphthyridine|2-aminopyridine|aliphatic amine","False","True","511.6","83.9","4.6","0.482","10","2","6","c1cc(CCN2CCC(CCc3ccc4c(n3)NCCC4)C2)cc(OC2CCOCC2)c1","0","1","1","0","0"
"HISPCWBBRIZTIO-UHFFFAOYSA-N","O=C(Nc1ccc(C2CC2C(=O)O)cc1)c1cccc(NC2=NCCCN2)c1","CHEMBL38239","ChEMBL","CHEMBL1147627","320.0","6.49","O=C(Nc1ccc(C2CC2C(=O)O)cc1)c1cccc(NC2=NCCCN2)c1","RGD-zwitterion","guanidine/cyclic amidine","False","True","378.4","102.8","2.89","0.641","5","4","5","O=C(Nc1ccc(C2CC2)cc1)c1cccc(NC2=NCCCN2)c1","0","1","1","0","0"
"FOYRFLMZVXPASD-UHFFFAOYSA-N","N=C(N)Nc1cccc(C(=O)Nc2ccc(C3CC3C(=O)O)cc2)c1","CHEMBL37600","ChEMBL","CHEMBL1147627","339.0","6.47","N=C(N)Nc1cccc(C(=O)Nc2ccc(C3CC3C(=O)O)cc2)c1","RGD-zwitterion","guanidine/cyclic amidine","False","True","338.4","128.3","2.43","0.422","5","5","3","O=C(Nc1ccc(C2CC2)cc1)c1ccccc1","0","1","1","0","0"
"HZTVMDLDHPSZTA-UHFFFAOYSA-N","N=C(N)Nc1cccc(C(=O)Nc2ccc(OCC(=O)O)cc2)c1","CHEMBL290288","ChEMBL","CHEMBL1147627","351.0","6.45","N=C(N)Nc1cccc(C(=O)Nc2ccc(OCC(=O)O)cc2)c1","RGD-zwitterion","guanidine/cyclic amidine","False","True","328.3","137.5","1.71","0.404","6","5","4","O=C(Nc1ccccc1)c1ccccc1","0","1","1","0","0"
"BOLCHRQADKZAEY-INIZCTEOSA-N","O=C(CN1Cc2ccccc2NC1=O)NC[C@H](NC(=O)c1ccccc1Cl)C(=O)O","CHEMBL5527950","ChEMBL","CHEMBL5500400","398.11","6.4","O=C(CN1Cc2ccccc2NC1=O)NCC(NC(=O)c1ccccc1Cl)C(=O)O","non-RGD","","False","True","430.8","127.8","1.69","0.531","7","4","4","O=C(CN1Cc2ccccc2NC1=O)NCCNC(=O)c1ccccc1","1","1","1","0","0"
"MKIJZIVRJUMEAD-AMGIVPHBSA-N","COCCOc1cccc([C@H](CC(=O)O)CN2CC[C@@](F)(CCc3ccc4c(n3)NCCC4)C2)c1","CHEMBL6134112","ChEMBL","CHEMBL6083250","398.11","6.4","COCCOc1cccc(C(CC(=O)O)CN2CCC(F)(CCc3ccc4c(n3)NCCC4)C2)c1","RGD-zwitterion","tetrahydronaphthyridine|2-aminopyridine|aliphatic amine","False","True","485.6","83.9","4.07","0.439","12","2","6","c1ccc(CCN2CCC(CCc3ccc4c(n3)NCCC4)C2)cc1","0","1","1","0","0"
"DRSJLVGDSNWQBI-SFHVURJKSA-N","COc1cccc(OC)c1-c1ccc(C[C@H](NC(=O)c2c(Cl)cccc2Cl)C(=O)O)cc1","CHEMBL91485","ChEMBL","CHEMBL1146257","414.0","6.38","COc1cccc(OC)c1-c1ccc(CC(NC(=O)c2c(Cl)cccc2Cl)C(=O)O)cc1","non-RGD","","False","True","474.3","84.9","5.1","0.475","8","2","4","O=C(NCCc1ccc(-c2ccccc2)cc1)c1ccccc1","1","1","1","0","0"
"FOIPXCGYGBYXAS-FNORWQNLSA-N","N=C(N)Nc1cccc(C(=O)Nc2ccc(/C=C/C(=O)O)cc2F)c1","CHEMBL285722","ChEMBL","CHEMBL1147627","426.0","6.37","N=C(N)Nc1cccc(C(=O)Nc2ccc(C=CC(=O)O)cc2F)c1","RGD-zwitterion","guanidine/cyclic amidine","False","True","342.3","128.3","2.48","0.324","5","5","3","O=C(Nc1ccccc1)c1ccccc1","0","1","1","0","0"
"KALOYQBAVHVFJS-FNORWQNLSA-N","N=C(N)Nc1cccc(C(=O)Nc2ccc(/C=C/C(=O)O)cc2Cl)c1","CHEMBL442541","ChEMBL","CHEMBL1147627","426.0","6.37","N=C(N)Nc1cccc(C(=O)Nc2ccc(C=CC(=O)O)cc2Cl)c1","RGD-zwitterion","guanidine/cyclic amidine","False","True","358.8","128.3","3.0","0.319","5","5","3","O=C(Nc1ccccc1)c1ccccc1","0","1","1","0","0"
"BSJOIRBVGVDOJC-NXKSLHRISA-N","Cc1cc(C)c(S(=O)(=O)[C@@H](CNC(=O)C2=NOC3(CCC(CNc4nc5ccccc5[nH]4)CC3)C2)C(=O)O)c(C)c1","CHEMBL419795","ChEMBL","CHEMBL1146830","440.0","6.36","Cc1cc(C)c(S(=O)(=O)C(CNC(=O)C2=NOC3(CCC(CNc4nc5ccccc5[nH]4)CC3)C2)C(=O)O)c(C)c1","RGD-zwitterion","benzimidazol-2-amine|2-aminoazole","False","True","581.7","162.8","3.65","0.298","9","4","8","O=C(NCCS(=O)(=O)c1ccccc1)C1=NOC2(CCC(CNc3nc4ccccc4[nH]3)CC2)C1","0","1","1","0","0"
"PFCLAPQUIKLTKZ-KGPYPHOUSA-N","O=C(O)[C@H](c1cc(F)ccc1[C@@H]1CCC2(CC2)CO1)N1CC[C@@H](OCCCCc2ccc3c(n2)NCCC3)C1","CHEMBL6132881","ChEMBL","CHEMBL6083263","490.0","6.31","O=C(O)C(c1cc(F)ccc1C1CCC2(CC2)CO1)N1CCC(OCCCCc2ccc3c(n2)NCCC3)C1","RGD-zwitterion","tetrahydronaphthyridine|2-aminopyridine|aliphatic amine","False","True","537.7","83.9","5.45","0.39","10","2","6","c1ccc(C2CCC3(CC3)CO2)c(CN2CCC(OCCCCc3ccc4c(n3)NCCC4)C2)c1","0","1","1","0","0"
"GRDNLKHOGQRLIU-SANMLTNESA-N","C#CCN(c1cnc(N(CC)CC)nc1N[C@@H](Cc1ccc(OC(=O)N2CCCC2)cc1)C(=O)O)S(=O)(=O)c1ccc(F)cc1","CHEMBL2381700","ChEMBL","CHEMBL2380222","500.0","6.3","C#CCN(c1cnc(N(CC)CC)nc1NC(Cc1ccc(OC(=O)N2CCCC2)cc1)C(=O)O)S(=O)(=O)c1ccc(F)cc1","non-RGD","","False","True","638.7","145.3","3.99","0.264","13","2","9","O=C(Oc1ccc(CCNc2ncncc2NS(=O)(=O)c2ccccc2)cc1)N1CCCC1","1","1","1","0","0"
"XFVSYVSMOGOXHD-VXKWHMMOSA-N","Cc1cc(F)ccc1S(=O)(=O)N1CCC[C@H]1C(=O)N[C@@H](Cc1ccc(NC(=O)CCCCNC(=N)N)cc1)C(=O)O","CHEMBL3974609","ChEMBL","CHEMBL3862028","500.0","6.3","Cc1cc(F)ccc1S(=O)(=O)N1CCCC1C(=O)NC(Cc1ccc(NC(=O)CCCCNC(=N)N)cc1)C(=O)O","RGD-zwitterion","guanidine/cyclic amidine","False","True","590.7","194.8","1.69","0.115","13","6","6","O=C(NCCc1ccccc1)C1CCCN1S(=O)(=O)c1ccccc1","0","1","1","0","0"
"HCUONOGSJKCNGD-SOFGYWHQSA-N","Cc1cc(NC(=O)c2cccc(NC(=N)N)c2)ccc1/C=C/C(=O)O","CHEMBL418228","ChEMBL","CHEMBL1147627","505.0","6.3","Cc1cc(NC(=O)c2cccc(NC(=N)N)c2)ccc1C=CC(=O)O","RGD-zwitterion","guanidine/cyclic amidine","False","True","338.4","128.3","2.65","0.325","5","5","3","O=C(Nc1ccccc1)c1ccccc1","0","1","1","0","0"
"NGJLAUMTWASOIM-SOFGYWHQSA-N","O=C(O)/C=C/c1ccc(NC(=O)c2cccc(NC3=NCCCN3)c2)cc1Cl","CHEMBL34152","ChEMBL","CHEMBL1147627","507.0","6.29","O=C(O)C=Cc1ccc(NC(=O)c2cccc(NC3=NCCCN3)c2)cc1Cl","RGD-zwitterion","guanidine/cyclic amidine","False","True","398.9","102.8","3.45","0.578","5","4","5","O=C(Nc1ccccc1)c1cccc(NC2=NCCCN2)c1","0","1","1","0","0"
"OOSDQTBTPKQGMK-KGPYPHOUSA-N","CC1(C)CCO[C@H](c2ccccc2[C@@H](C(=O)O)N2CC[C@@H](OCCCCc3ccc4c(n3)NCCC4)C2)C1","CHEMBL6133196","ChEMBL","CHEMBL6083263","570.0","6.24","CC1(C)CCOC(c2ccccc2C(C(=O)O)N2CCC(OCCCCc3ccc4c(n3)NCCC4)C2)C1","RGD-zwitterion","tetrahydronaphthyridine|2-aminopyridine|aliphatic amine","False","True","521.7","83.9","5.56","0.396","10","2","6","c1ccc(C2CCCCO2)c(CN2CCC(OCCCCc3ccc4c(n3)NCCC4)C2)c1","0","1","1","0","0"
"ULSBHNIMCNBJHB-FPOVZHCZSA-N","N=C(N)NCCCCC(=O)Nc1ccc(C[C@H](NC(=O)[C@@H]2CCCN2S(=O)(=O)c2ccccc2[N+](=O)[O-])C(=O)O)cc1","CHEMBL3953918","ChEMBL","CHEMBL3862028","630.0","6.2","N=C(N)NCCCCC(=O)Nc1ccc(CC(NC(=O)C2CCCN2S(=O)(=O)c2ccccc2[N+](=O)[O-])C(=O)O)cc1","RGD-zwitterion","guanidine/cyclic amidine","False","True","603.7","237.9","1.15","0.059","14","6","8","O=C(NCCc1ccccc1)C1CCCN1S(=O)(=O)c1ccccc1","0","1","1","0","0"
"VGNCAQNFUDPWNT-VXKWHMMOSA-N","Cc1ccc(S(=O)(=O)N2CCC[C@H]2C(=O)N[C@@H](Cc2ccc(NC(=O)CCCNC(=N)N)cc2)C(=O)O)cc1","CHEMBL3963334","ChEMBL","CHEMBL3862028","630.0","6.2","Cc1ccc(S(=O)(=O)N2CCCC2C(=O)NC(Cc2ccc(NC(=O)CCCNC(=N)N)cc2)C(=O)O)cc1","RGD-zwitterion","guanidine/cyclic amidine","False","True","558.7","194.8","1.16","0.127","12","6","6","O=C(NCCc1ccccc1)C1CCCN1S(=O)(=O)c1ccccc1","0","1","1","0","0"
"BXOSGYRJKCYDLH-YAYCEGLDSA-N","Cc1cc(C)n(-c2cccc([C@H](CC(=O)[O-])C[N@@+]3(C)CC[C@@H](CCc4ccc5c(n4)NCCC5)C3)c2)n1","CHEMBL4468357","ChEMBL","CHEMBL4373707","630.96","6.2","Cc1cc(C)n(-c2cccc(C(CC(=O)[O-])C[N+]3(C)CCC(CCc4ccc5c(n4)NCCC5)C3)c2)n1","RGD-zwitterion","tetrahydronaphthyridine|2-aminopyridine","False","True","501.7","82.9","3.57","0.454","9","1","5","c1cc(CC[NH+]2CCC(CCc3ccc4c(n3)NCCC4)C2)cc(-n2cccn2)c1","0","1","1","0","0"
"OWEWOKZBRQZBIN-UHFFFAOYSA-N","O=C(O)CN1CCC(C(=O)NCCCc2ccc3c(n2)NCCC3)CC1","CHEMBL6144056","ChEMBL","CHEMBL6083263","650.0","6.19","O=C(O)CN1CCC(C(=O)NCCCc2ccc3c(n2)NCCC3)CC1","RGD-zwitterion","tetrahydronaphthyridine|2-aminopyridine|aliphatic amine","False","True","360.5","94.6","1.29","0.634","7","3","5","O=C(NCCCc1ccc2c(n1)NCCC2)C1CCNCC1","0","1","1","0","0"
"ZWIIQUQRJMVXAG-KGPYPHOUSA-N","CC1(C)CC[C@@H](c2ccc(F)cc2[C@@H](C(=O)O)N2CC[C@@H](OCCCCc3ccc4c(n3)NCCC4)C2)OC1","CHEMBL6150463","ChEMBL","CHEMBL6083263","690.0","6.16","CC1(C)CCC(c2ccc(F)cc2C(C(=O)O)N2CCC(OCCCCc3ccc4c(n3)NCCC4)C2)OC1","RGD-zwitterion","tetrahydronaphthyridine|2-aminopyridine|aliphatic amine","False","True","539.7","83.9","5.7","0.375","10","2","6","c1ccc(C2CCCCO2)c(CN2CCC(OCCCCc3ccc4c(n3)NCCC4)C2)c1","0","1","1","0","0"
"SXKPJFQIMPWWBP-UHFFFAOYSA-N","N=C(N)Nc1cccc(C(=O)Nc2ccc(CCC(=O)O)cc2)c1","CHEMBL35130","ChEMBL","CHEMBL1147627","758.0","6.12","N=C(N)Nc1cccc(C(=O)Nc2ccc(CCC(=O)O)cc2)c1","RGD-zwitterion","guanidine/cyclic amidine","False","True","326.4","128.3","2.26","0.411","6","5","3","O=C(Nc1ccccc1)c1ccccc1","0","1","1","0","0"
"RLVWHKYTSBZABY-ZEQRLZLVSA-N","N=C(N)Nc1ccc(C(=O)Nc2ccc(C[C@H](NC(=O)[C@@H]3CCCN3S(=O)(=O)c3ccccc3)C(=O)O)cc2)cc1","CHEMBL3899210","ChEMBL","CHEMBL3862028","794.33","6.1","N=C(N)Nc1ccc(C(=O)Nc2ccc(CC(NC(=O)C3CCCN3S(=O)(=O)c3ccccc3)C(=O)O)cc2)cc1","RGD-zwitterion","guanidine/cyclic amidine","False","True","578.7","194.8","2.21","0.156","10","6","6","O=C(Nc1ccc(CCNC(=O)C2CCCN2S(=O)(=O)c2ccccc2)cc1)c1ccccc1","0","1","1","0","0"
"SXKPBPZVSACQSN-GOTSBHOMSA-N","Cc1cc(C)cc(S(=O)(=O)N2CCC[C@H]2C(=O)N[C@@H](Cc2ccc(NC(=O)CCCNC(=N)N)cc2)C(=O)O)c1","CHEMBL3927311","ChEMBL","CHEMBL3862028","790.0","6.1","Cc1cc(C)cc(S(=O)(=O)N2CCCC2C(=O)NC(Cc2ccc(NC(=O)CCCNC(=N)N)cc2)C(=O)O)c1","RGD-zwitterion","guanidine/cyclic amidine","False","True","572.7","194.8","1.47","0.125","12","6","6","O=C(NCCc1ccccc1)C1CCCN1S(=O)(=O)c1ccccc1","0","1","1","0","0"
"DKMKGQACSCOXGQ-VXKWHMMOSA-N","N=C(N)NCCCCC(=O)Nc1ccc(C[C@H](NC(=O)[C@@H]2C=CCN2S(=O)(=O)c2ccccc2)C(=O)O)cc1","CHEMBL3980112","ChEMBL","CHEMBL3862028","794.33","6.1","N=C(N)NCCCCC(=O)Nc1ccc(CC(NC(=O)C2C=CCN2S(=O)(=O)c2ccccc2)C(=O)O)cc1","RGD-zwitterion","guanidine/cyclic amidine","False","True","556.6","194.8","1.02","0.091","13","6","6","O=C(NCCc1ccccc1)C1C=CCN1S(=O)(=O)c1ccccc1","0","1","1","0","0"
"NIVBRIPUAQCFIE-QPPBQGQZSA-N","O=C(O)C[C@@H](CN1CC[C@@H](CCc2ccc3c(n2)NCCC3)C1)c1cccc(N2CCOCC2)c1","CHEMBL4248953","ChEMBL","CHEMBL4229566","794.33","6.1","O=C(O)CC(CN1CCC(CCc2ccc3c(n2)NCCC3)C1)c1cccc(N2CCOCC2)c1","RGD-zwitterion","tetrahydronaphthyridine|2-aminopyridine|aliphatic amine","False","True","478.6","77.9","3.79","0.568","9","2","6","c1cc(CCN2CCC(CCc3ccc4c(n3)NCCC4)C2)cc(N2CCOCC2)c1","0","0","0","0","0"
"WEYZFBLZVFBVAR-QOWBJJBESA-N","C[N+]1(C[C@@H](CC(=O)[O-])c2cccc(N3CCOCC3)c2)CC[C@@H](CCc2ccc3c(n2)NCCC3)C1","CHEMBL4446786","ChEMBL","CHEMBL4373707","794.33","6.1","C[N+]1(CC(CC(=O)[O-])c2cccc(N3CCOCC3)c2)CCC(CCc2ccc3c(n2)NCCC3)C1","RGD-zwitterion","tetrahydronaphthyridine|2-aminopyridine","False","True","492.7","77.5","2.6","0.543","9","1","6","c1cc(CC[NH+]2CCC(CCc3ccc4c(n3)NCCC4)C2)cc(N2CCOCC2)c1","0","1","1","0","0"
"HMVWWOIJMGSMLE-VIFPVBQESA-N","CC(=O)NC[C@H](NC(=O)c1c(Cl)cccc1Cl)C(=O)O","CHEMBL5557674","ChEMBL","CHEMBL5500400","794.33","6.1","CC(=O)NCC(NC(=O)c1c(Cl)cccc1Cl)C(=O)O","non-RGD","","False","True","319.1","95.5","1.31","0.762","5","3","3","c1ccccc1","1","1","1","0","0"
"RQBSHIMZDAGLNN-KGPYPHOUSA-N","CC1(C)CC[C@@H](c2ccccc2[C@@H](C(=O)O)N2CC[C@@H](OCCCCc3ccc4c(n3)NCCC4)C2)OC1","CHEMBL6103331","ChEMBL","CHEMBL6083263","830.0","6.08","CC1(C)CCC(c2ccccc2C(C(=O)O)N2CCC(OCCCCc3ccc4c(n3)NCCC4)C2)OC1","RGD-zwitterion","tetrahydronaphthyridine|2-aminopyridine|aliphatic amine","False","True","521.7","83.9","5.56","0.396","10","2","6","c1ccc(C2CCCCO2)c(CN2CCC(OCCCCc3ccc4c(n3)NCCC4)C2)c1","0","1","1","0","0"
"XHRMCYZBMRTXMM-RPBOFIJWSA-N","O=C(O)[C@H](c1cccc(C2CC2)c1)N1CC[C@@H](OCCCCc2ccc3c(n2)NCCC3)C1","CHEMBL6152344","ChEMBL","CHEMBL6083263","1100.0","5.96","O=C(O)C(c1cccc(C2CC2)c1)N1CCC(OCCCCc2ccc3c(n2)NCCC3)C1","RGD-zwitterion","tetrahydronaphthyridine|2-aminopyridine|aliphatic amine","False","True","449.6","74.7","4.56","0.518","10","2","5","c1cc(CN2CCC(OCCCCc3ccc4c(n3)NCCC4)C2)cc(C2CC2)c1","0","0","0","0","0"
"FNDMWTXEBTVCPM-YNGTVUGESA-N","Cc1ccnn1-c1cccc([C@H](CC(=O)[O-])C[N+]2(C)CC[C@@H](CCc3ccc4c(n3)NCCC4)C2)c1","CHEMBL4593110","ChEMBL","CHEMBL4373707","1584.89","5.8","Cc1ccnn1-c1cccc(C(CC(=O)[O-])C[N+]2(C)CCC(CCc3ccc4c(n3)NCCC4)C2)c1","RGD-zwitterion","tetrahydronaphthyridine|2-aminopyridine","False","True","487.6","82.9","3.26","0.469","9","1","5","c1cc(CC[NH+]2CCC(CCc3ccc4c(n3)NCCC4)C2)cc(-n2cccn2)c1","0","0","0","0","0"
"LYZDZHACNOOVPJ-AWEZNQCLSA-N","O=C(O)CN1CC[C@H](C(=O)NCCCc2ccc3c(n2)NCCC3)C1","CHEMBL6132656","ChEMBL","CHEMBL6083263","1600.0","5.8","O=C(O)CN1CCC(C(=O)NCCCc2ccc3c(n2)NCCC3)C1","RGD-zwitterion","tetrahydronaphthyridine|2-aminopyridine|aliphatic amine","False","True","346.4","94.6","0.89","0.635","7","3","5","O=C(NCCCc1ccc2c(n1)NCCC2)C1CCNC1","0","0","0","0","0"
"FMVBXUNMYNNLGD-RPBOFIJWSA-N","O=C(O)[C@H](c1ccc(C2CC2)cc1)N1CC[C@@H](OCCCCc2ccc3c(n2)NCCC3)C1","CHEMBL6132975","ChEMBL","CHEMBL6083263","1600.0","5.8","O=C(O)C(c1ccc(C2CC2)cc1)N1CCC(OCCCCc2ccc3c(n2)NCCC3)C1","RGD-zwitterion","tetrahydronaphthyridine|2-aminopyridine|aliphatic amine","False","True","449.6","74.7","4.56","0.518","10","2","5","c1cc(C2CC2)ccc1CN1CCC(OCCCCc2ccc3c(n2)NCCC3)C1","0","0","0","0","0"
"JDWKCGNUQJKHNO-CTNGQTDRSA-N","O=C(NCCCc1ccc2c(n1)NCCC2)[C@@H]1CCN([C@H](C(=O)O)c2ccccc2)C1","CHEMBL6133263","ChEMBL","CHEMBL6083263","1900.0","5.72","O=C(NCCCc1ccc2c(n1)NCCC2)C1CCN(C(C(=O)O)c2ccccc2)C1","RGD-zwitterion","tetrahydronaphthyridine|2-aminopyridine|aliphatic amine","False","True","422.5","94.6","2.64","0.566","8","3","5","O=C(NCCCc1ccc2c(n1)NCCC2)C1CCN(Cc2ccccc2)C1","0","0","0","0","0"
"GZWKOTMJBMBJGF-JTHBVZDNSA-N","CC1(C)SCN(S(=O)(=O)c2ccccc2)[C@@H]1C(=O)N[C@@H](Cc1ccc(NC(=O)CCCCNC(=N)N)cc1)C(=O)O","CHEMBL3927815","ChEMBL","CHEMBL3862028","1995.26","5.7","CC1(C)SCN(S(=O)(=O)c2ccccc2)C1C(=O)NC(Cc1ccc(NC(=O)CCCCNC(=N)N)cc1)C(=O)O","RGD-zwitterion","guanidine/cyclic amidine","False","True","604.8","194.8","1.93","0.112","13","6","7","O=C(NCCc1ccccc1)C1CSCN1S(=O)(=O)c1ccccc1","0","0","0","0","0"
"GPLYJCNNOWRSTC-ZJSXRUAMSA-N","Cc1cnn(-c2cccc([C@H](CC(=O)O)CN3CC[C@@H](CCc4ccc5c(n4)NCCC5)C3)c2)c1","CHEMBL4247617","ChEMBL","CHEMBL4229566","1995.26","5.7","Cc1cnn(-c2cccc(C(CC(=O)O)CN3CCC(CCc4ccc5c(n4)NCCC5)C3)c2)c1","RGD-zwitterion","tetrahydronaphthyridine|2-aminopyridine|aliphatic amine","False","True","473.6","83.3","4.45","0.478","9","2","5","c1cc(CCN2CCC(CCc3ccc4c(n3)NCCC4)C2)cc(-n2cccn2)c1","0","0","0","0","0"
"BXOSGYRJKCYDLH-UYMYSODTSA-N","Cc1cc(C)n(-c2cccc([C@H](CC(=O)[O-])C[N@+]3(C)CC[C@@H](CCc4ccc5c(n4)NCCC5)C3)c2)n1","CHEMBL4573716","ChEMBL","CHEMBL4373707","1995.26","5.7","Cc1cc(C)n(-c2cccc(C(CC(=O)[O-])C[N+]3(C)CCC(CCc4ccc5c(n4)NCCC5)C3)c2)n1","RGD-zwitterion","tetrahydronaphthyridine|2-aminopyridine","False","True","501.7","82.9","3.57","0.454","9","1","5","c1cc(CC[NH+]2CCC(CCc3ccc4c(n3)NCCC4)C2)cc(-n2cccn2)c1","0","0","0","0","0"
"ZRJWCMMGIIGFRZ-VOTSOKGWSA-N","Cc1cc(/C=C/C(=O)O)cc(C)c1NC(=O)c1cccc(NC(=N)N)c1","CHEMBL444303","ChEMBL","CHEMBL1147627","2070.0","5.68","Cc1cc(C=CC(=O)O)cc(C)c1NC(=O)c1cccc(NC(=N)N)c1","RGD-zwitterion","guanidine/cyclic amidine","False","True","352.4","128.3","2.96","0.321","5","5","3","O=C(Nc1ccccc1)c1ccccc1","0","0","0","0","0"
"BRONKUGBNARHTA-UIOOFZCWSA-N","N=C(N)NCCCCC(=O)Nc1ccc(C[C@H](NC(=O)[C@@H]2CCCN2S(=O)(=O)c2ccc3ccccc3c2)C(=O)O)cc1","CHEMBL3891931","ChEMBL","CHEMBL3862028","2500.0","5.6","N=C(N)NCCCCC(=O)Nc1ccc(CC(NC(=O)C2CCCN2S(=O)(=O)c2ccc3ccccc3c2)C(=O)O)cc1","RGD-zwitterion","guanidine/cyclic amidine","False","True","608.7","194.8","2.4","0.097","13","6","6","O=C(NCCc1ccccc1)C1CCCN1S(=O)(=O)c1ccc2ccccc2c1","0","0","0","0","0"
"IDYGBJGKFKQOAP-VQTYLSSRSA-N","N=C(N)NC12CC3CC(C1)CC(C(=O)Nc1ccc(C[C@H](NC(=O)[C@@H]4CCCN4S(=O)(=O)c4ccccc4)C(=O)O)cc1)(C3)C2","CHEMBL3973646","ChEMBL","CHEMBL3862028","2500.0","5.6","N=C(N)NC12CC3CC(C1)CC(C(=O)Nc1ccc(CC(NC(=O)C4CCCN4S(=O)(=O)c4ccccc4)C(=O)O)cc1)(C3)C2","RGD-zwitterion","guanidine/cyclic amidine","False","True","636.8","194.8","2.41","0.169","10","6","6","O=C(NCCc1ccc(NC(=O)C23CC4CC(CC(C4)C2)C3)cc1)C1CCCN1S(=O)(=O)c1ccccc1","0","0","0","0","0"
"QINAXTDOZGVHAX-YADHBBJMSA-N","O=C(O)[C@H](c1ccccc1)N1CC[C@@H](OCCCCc2ccc3c(n2)NCCC3)C1","CHEMBL6143576","ChEMBL","CHEMBL6083263","3900.0","5.41","O=C(O)C(c1ccccc1)N1CCC(OCCCCc2ccc3c(n2)NCCC3)C1","RGD-zwitterion","tetrahydronaphthyridine|2-aminopyridine|aliphatic amine","False","True","409.5","74.7","3.68","0.616","9","2","5","c1ccc(CN2CCC(OCCCCc3ccc4c(n3)NCCC4)C2)cc1","0","0","0","0","0"
"YJXODXFHFQYURN-DVECYGJZSA-N","O=C(O)C[C@@H](CN1CC[C@@H](CCc2ccc3c(n2)NCCC3)C1)c1cccc(C2CC2)c1","CHEMBL4238482","ChEMBL","CHEMBL4229566","3981.07","5.4","O=C(O)CC(CN1CCC(CCc2ccc3c(n2)NCCC3)C1)c1cccc(C2CC2)c1","RGD-zwitterion","tetrahydronaphthyridine|2-aminopyridine|aliphatic amine","False","True","433.6","65.5","4.83","0.593","9","2","4","c1cc(CCN2CCC(CCc3ccc4c(n3)NCCC4)C2)cc(C2CC2)c1","0","0","0","0","0"
"YWTMANCVOUNUAR-GINNMVSJSA-N","C[N+]1(C[C@@H](CC(=O)[O-])c2cccc(O[C@@H]3CCOC3)c2)CC[C@@H](CCc2ccc3c(n2)NCCC3)C1","CHEMBL4589933","ChEMBL","CHEMBL4373707","3981.07","5.4","C[N+]1(CC(CC(=O)[O-])c2cccc(OC3CCOC3)c2)CCC(CCc2ccc3c(n2)NCCC3)C1","RGD-zwitterion","tetrahydronaphthyridine|2-aminopyridine","False","True","493.6","83.5","2.93","0.513","10","1","6","c1cc(CC[NH+]2CCC(CCc3ccc4c(n3)NCCC4)C2)cc(OC2CCOC2)c1","0","0","0","0","0"
"FRVXYRMGRBRKHN-UTKZUKDTSA-N","O=C(O)C[C@H](C(=O)N1CC[C@@H](CCc2ccc3c(n2)NCCC3)C1)c1ccccc1","CHEMBL4800284","ChEMBL","CHEMBL4706543","3981.07","5.4","O=C(O)CC(C(=O)N1CCC(CCc2ccc3c(n2)NCCC3)C1)c1ccccc1","RGD-zwitterion","tetrahydronaphthyridine|2-aminopyridine","False","True","407.5","82.5","3.48","0.734","7","2","4","O=C(Cc1ccccc1)N1CCC(CCc2ccc3c(n2)NCCC3)C1","0","0","0","0","0"
"LYZDZHACNOOVPJ-CQSZACIVSA-N","O=C(O)CN1CC[C@@H](C(=O)NCCCc2ccc3c(n2)NCCC3)C1","CHEMBL6143193","ChEMBL","CHEMBL6083263","4000.0","5.4","O=C(O)CN1CCC(C(=O)NCCCc2ccc3c(n2)NCCC3)C1","RGD-zwitterion","tetrahydronaphthyridine|2-aminopyridine|aliphatic amine","False","True","346.4","94.6","0.89","0.635","7","3","5","O=C(NCCCc1ccc2c(n1)NCCC2)C1CCNC1","0","0","0","0","0"
"ZHDLQWCRZPIIAQ-YXOCPYSXSA-N","CC[N@+]1(C[C@@H](CC(=O)[O-])c2cccc(-n3nc(C)cc3C)c2)CC[C@@H](CCc2ccc3c(n2)NCCC3)C1","CHEMBL4516070","ChEMBL","CHEMBL4373707","5011.87","5.3","CC[N+]1(CC(CC(=O)[O-])c2cccc(-n3nc(C)cc3C)c2)CCC(CCc2ccc3c(n2)NCCC3)C1","RGD-zwitterion","tetrahydronaphthyridine|2-aminopyridine","False","True","515.7","82.9","3.96","0.414","10","1","5","c1cc(CC[NH+]2CCC(CCc3ccc4c(n3)NCCC4)C2)cc(-n2cccn2)c1","0","0","0","0","0"
"KDUPLHIWRBQFEC-UHFFFAOYSA-N","O=C(NC(Cc1ccccc1)C(=O)O)c1ccc(Cl)cc1Cl","CHEMBL5556476","ChEMBL","CHEMBL5500400","5011.87","5.3","O=C(NC(Cc1ccccc1)C(=O)O)c1ccc(Cl)cc1Cl","non-RGD","","False","True","338.2","66.4","3.42","0.878","5","2","2","O=C(NCCc1ccccc1)c1ccccc1","0","0","0","0","0"
"MDJYIURRUWWBLA-GOTSBHOMSA-N","O=C(CNC(=O)c1cccc(Nc2ccccn2)c1)NC[C@H](NC(=O)[C@@H]1CCCN1S(=O)(=O)c1ccccc1)C(=O)O","CHEMBL5796027","ChEMBL","CHEMBL5728105","5050.0","5.3","O=C(CNC(=O)c1cccc(Nc2ccccn2)c1)NCC(NC(=O)C1CCCN1S(=O)(=O)c1ccccc1)C(=O)O","RGD-zwitterion","2-aminopyridine","False","True","594.7","186.9","1.09","0.205","12","5","8","O=C(CNC(=O)c1cccc(Nc2ccccn2)c1)NCCNC(=O)C1CCCN1S(=O)(=O)c1ccccc1","0","0","0","0","0"
"OSUIXCNIVHYKRR-UIOOFZCWSA-N","Cc1ccc(S(=O)(=O)N2CCC[C@H]2C(=O)N[C@@H](Cc2ccc(NC(=O)CCCCNC(=N)N)cc2)C(=O)O)c2ccccc12","CHEMBL3981052","ChEMBL","CHEMBL3862028","6300.0","5.2","Cc1ccc(S(=O)(=O)N2CCCC2C(=O)NC(Cc2ccc(NC(=O)CCCCNC(=N)N)cc2)C(=O)O)c2ccccc12","RGD-zwitterion","guanidine/cyclic amidine","False","True","622.7","194.8","2.71","0.095","13","6","6","O=C(NCCc1ccccc1)C1CCCN1S(=O)(=O)c1cccc2ccccc12","0","0","0","0","0"
"JDWKCGNUQJKHNO-TZIWHRDSSA-N","O=C(NCCCc1ccc2c(n1)NCCC2)[C@@H]1CCN([C@@H](C(=O)O)c2ccccc2)C1","CHEMBL6141996","ChEMBL","CHEMBL6083263","9500.0","5.02","O=C(NCCCc1ccc2c(n1)NCCC2)C1CCN(C(C(=O)O)c2ccccc2)C1","RGD-zwitterion","tetrahydronaphthyridine|2-aminopyridine|aliphatic amine","False","True","422.5","94.6","2.64","0.566","8","3","5","O=C(NCCCc1ccc2c(n1)NCCC2)C1CCN(Cc2ccccc2)C1","0","0","0","0","0"
"QKILNLBPJAYAMH-QFIPXVFZSA-N","O=C(NCCCc1ccc2c(n1)NCCC2)C1CCN([C@H](C(=O)O)c2ccccc2)CC1","CHEMBL6144867","ChEMBL","CHEMBL6083263","14000.0","4.85","O=C(NCCCc1ccc2c(n1)NCCC2)C1CCN(C(C(=O)O)c2ccccc2)CC1","RGD-zwitterion","tetrahydronaphthyridine|2-aminopyridine|aliphatic amine","False","True","436.6","94.6","3.03","0.551","8","3","5","O=C(NCCCc1ccc2c(n1)NCCC2)C1CCN(Cc2ccccc2)CC1","0","0","0","0","0"
"HODBWQCCKYDYPY-NRFANRHFSA-N","O=C(O)C[C@@H]1Cc2ccc(OCCCNc3ccccn3)cc2Cc2ccccc21","CHEMBL288493","ChEMBL","CHEMBL1131769","18000.0","4.74","O=C(O)CC1Cc2ccc(OCCCNc3ccccn3)cc2Cc2ccccc21","RGD-zwitterion","2-aminopyridine","False","True","402.5","71.5","4.67","0.536","8","2","4","c1ccc(NCCCOc2ccc3c(c2)Cc2ccccc2CC3)nc1","0","0","0","0","0"
"QKILNLBPJAYAMH-JOCHJYFZSA-N","O=C(NCCCc1ccc2c(n1)NCCC2)C1CCN([C@@H](C(=O)O)c2ccccc2)CC1","CHEMBL6134304","ChEMBL","CHEMBL6083263","30000.0","4.52","O=C(NCCCc1ccc2c(n1)NCCC2)C1CCN(C(C(=O)O)c2ccccc2)CC1","RGD-zwitterion","tetrahydronaphthyridine|2-aminopyridine|aliphatic amine","False","True","436.6","94.6","3.03","0.551","8","3","5","O=C(NCCCc1ccc2c(n1)NCCC2)C1CCN(Cc2ccccc2)CC1","0","0","0","0","0"
"RGNVSYKVCGAEHK-GUBZILKMSA-N","N=C(N)NCCC[C@H](NC(=O)CN)C(=O)NCC(=O)N[C@@H](CC(=O)O)C(=O)N[C@@H](CO)C(=O)O","CHEMBL417553","ChEMBL","CHEMBL3862028","100000.0","4.0","N=C(N)NCCCC(NC(=O)CN)C(=O)NCC(=O)NC(CC(=O)O)C(=O)NC(CO)C(=O)O","RGD-zwitterion","guanidine/cyclic amidine","False","True","490.5","299.1","-5.67","0.055","16","11","9","","0","0","0","0","0"
"KDUPLHIWRBQFEC-AWEZNQCLSA-N","O=C(N[C@@H](Cc1ccccc1)C(=O)O)c1ccc(Cl)cc1Cl","A1AFA","RCSB-CCD","","None","None","O=C(NC(Cc1ccccc1)C(=O)O)c1ccc(Cl)cc1Cl","non-RGD","","False","True","338.2","66.4","3.42","0.878","5","2","2","O=C(NCCc1ccccc1)c1ccccc1","1","1","0","1","1"
"RNYSLTKEMLNTBH-FSGKZVOOSA-N","CC(C)[C@@H]1NC(=O)[C@H](Cc2ccccc2)NC(=O)[C@H]2CCCN2C(=O)[C@@H](N)CSSC[C@@H](C(=O)O)NC1=O","CHEMBL1630962","ChEMBL","CHEMBL1629507","None","None","CC(C)C1NC(=O)C(Cc2ccccc2)NC(=O)C2CCCN2C(=O)C(N)CSSCC(C(=O)O)NC1=O","non-RGD","","True","True","565.7","170.9","0.14","0.319","4","5","8","O=C1CNC(=O)C(Cc2ccccc2)NC(=O)C2CCCN2C(=O)CCSSCCN1","0","0","0","0","0"
"RBKAYBAQPXQFML-UHFFFAOYSA-N","O=C(NCc1ccc2c(c1)OCO2)C(Cc1ccccc1)NS(=O)(=O)c1cccc2cccnc12","CHEMBL1630982","ChEMBL","CHEMBL1629507","None","None","O=C(NCc1ccc2c(c1)OCO2)C(Cc1ccccc1)NS(=O)(=O)c1cccc2cccnc12","non-RGD","","False","False","489.6","106.6","3.17","0.394","8","2","6","O=C(NCc1ccc2c(c1)OCO2)C(Cc1ccccc1)NS(=O)(=O)c1cccc2cccnc12","0","0","0","0","0"
"JAWWTEWTINNUOD-UHFFFAOYSA-N","O=C(NCc1cccs1)C(Cc1ccccc1)NS(=O)(=O)c1ccc2nsnc2c1","CHEMBL1631618","ChEMBL","CHEMBL1629507","None","None","O=C(NCc1cccs1)C(Cc1ccccc1)NS(=O)(=O)c1ccc2nsnc2c1","non-RGD","","False","False","458.6","101.1","2.96","0.423","8","2","7","O=C(NCc1cccs1)C(Cc1ccccc1)NS(=O)(=O)c1ccc2nsnc2c1","0","0","0","0","0"
"MCVUVXZGPCCVIY-DHRITJCHSA-N","O=c1c(/C=N/Cc2ccco2)c(CSc2ccc(Cl)cc2)[nH]n1-c1nc2ccccc2s1","CHEMBL1631748","ChEMBL","CHEMBL1629507","None","None","O=c1c(C=NCc2ccco2)c(CSc2ccc(Cl)cc2)[nH]n1-c1nc2ccccc2s1","non-RGD","","False","False","481.0","76.2","5.93","0.231","7","1","6","O=c1c(C=NCc2ccco2)c(CSc2ccccc2)[nH]n1-c1nc2ccccc2s1","0","0","0","0","0"
"LWHWQLNSWIQIMG-IBGZPJMESA-N","O=C(O)C[C@H](Cc1nc(CCCCNc2cc(N3CCOCC3)ccn2)no1)c1ccc2c(c1)OCO2","CHEMBL202081","ChEMBL","CHEMBL1138114","None","None","O=C(O)CC(Cc1nc(CCCCNc2cc(N3CCOCC3)ccn2)no1)c1ccc2c(c1)OCO2","RGD-zwitterion","2-aminopyridine","False","True","509.6","132.1","3.27","0.349","12","2","10","c1cc(N2CCOCC2)cc(NCCCCc2noc(CCc3ccc4c(c3)OCO4)n2)n1","0","0","0","0","0"
"ZYPBXFINEXHXPV-UHFFFAOYSA-N","CNc1cccc(CCCc2noc(CC(CC(=O)O)c3ccc4c(c3)OCO4)n2)n1","CHEMBL202531","ChEMBL","CHEMBL1138114","None","None","CNc1cccc(CCCc2noc(CC(CC(=O)O)c3ccc4c(c3)OCO4)n2)n1","RGD-zwitterion","2-aminopyridine","False","True","424.5","119.6","3.21","0.505","10","2","8","c1ccc(CCCc2noc(CCc3ccc4c(c3)OCO4)n2)nc1","0","0","0","0","0"
"YTKGKCKBCJZBIX-UHFFFAOYSA-N","O=C(O)CC(Cc1nc(CCCc2ccc3c(n2)NCCC3)no1)c1cnc(C2CC2)s1","CHEMBL202564","ChEMBL","CHEMBL1138114","None","None","O=C(O)CC(Cc1nc(CCCc2ccc3c(n2)NCCC3)no1)c1cnc(C2CC2)s1","RGD-zwitterion","tetrahydronaphthyridine|2-aminopyridine","False","True","453.6","114.0","4.13","0.471","10","2","8","c1cc2c(nc1CCCc1noc(CCc3cnc(C4CC4)s3)n1)NCCC2","0","0","0","0","0"
"MXSJSHDIEDILST-UHFFFAOYSA-N","O=C(O)CC(Cc1nc(CCCc2ccc3c(n2)NCCC3)no1)c1cccc(F)c1","CHEMBL203690","ChEMBL","CHEMBL1138114","None","None","O=C(O)CC(Cc1nc(CCCc2ccc3c(n2)NCCC3)no1)c1cccc(F)c1","RGD-zwitterion","tetrahydronaphthyridine|2-aminopyridine","False","True","424.5","101.1","3.94","0.536","9","2","6","c1ccc(CCc2nc(CCCc3ccc4c(n3)NCCC4)no2)cc1","0","0","0","0","0"
"KZYLTZUXEHTOHA-UHFFFAOYSA-N","C#CC(CC(=O)O)Cc1nc(CCCc2ccc3c(n2)NCCC3)no1","CHEMBL204259","ChEMBL","CHEMBL1138114","None","None","C#CC(CC(=O)O)Cc1nc(CCCc2ccc3c(n2)NCCC3)no1","RGD-zwitterion","tetrahydronaphthyridine|2-aminopyridine","False","True","354.4","101.1","2.26","0.701","8","2","6","c1nc(CCCc2ccc3c(n2)NCCC3)no1","0","0","0","0","0"
"MDRYYKCWQBJPBJ-RUANNXQISA-N","Cc1cc(C)c(S(=O)(=O)N[C@@H](CNC(=O)C2=NO[C@@]3(C2)C[C@@H](CNC2N=CC=N2)N(C(=O)OCc2ccccc2)C3)C(=O)O)c(C)c1","CHEMBL2111839","ChEMBL","CHEMBL1146830","None","None","Cc1cc(C)c(S(=O)(=O)NC(CNC(=O)C2=NOC3(C2)CC(CNC2N=CC=N2)N(C(=O)OCc2ccccc2)C3)C(=O)O)c(C)c1","RGD-zwitterion","aliphatic amine","False","True","667.7","200.4","1.41","0.258","12","4","11","O=C(NCCNS(=O)(=O)c1ccccc1)C1=NOC2(C1)CC(CNC1N=CC=N1)N(C(=O)OCc1ccccc1)C2","0","0","0","0","0"
"GPNNVIVBATZBGX-UHFFFAOYSA-N","O=C(O)CCc1ccc(NC(=O)c2cccc(NC3=NCCCN3)c2)cc1C(=O)O","CHEMBL290129","ChEMBL","CHEMBL1147627","None","None","O=C(O)CCc1ccc(NC(=O)c2cccc(NC3=NCCCN3)c2)cc1C(=O)O","RGD-zwitterion","guanidine/cyclic amidine","False","True","410.4","140.1","2.42","0.472","7","5","6","O=C(Nc1ccccc1)c1cccc(NC2=NCCCN2)c1","0","0","0","0","0"
"NLVWPFIXZGHVFL-UHFFFAOYSA-N","N=C(N)Nc1cccc(C(=O)Nc2ccc(CCC(=O)O)c(C(=O)O)c2)c1","CHEMBL35257","ChEMBL","CHEMBL1147627","None","None","N=C(N)Nc1cccc(C(=O)Nc2ccc(CCC(=O)O)c(C(=O)O)c2)c1","RGD-zwitterion","guanidine/cyclic amidine","False","True","370.4","165.6","1.96","0.32","7","6","4","O=C(Nc1ccccc1)c1ccccc1","0","0","0","0","0"
"XQUBDNIAAQZFBH-UHFFFAOYSA-N","COc1cc(NC(=O)c2cccc(NC(=N)N)c2)ccc1CCC(=O)O","CHEMBL35258","ChEMBL","CHEMBL1147627","None","None","COc1cc(NC(=O)c2cccc(NC(=N)N)c2)ccc1CCC(=O)O","RGD-zwitterion","guanidine/cyclic amidine","False","True","356.4","137.5","2.27","0.381","7","5","4","O=C(Nc1ccccc1)c1ccccc1","0","0","0","0","0"
"JFBLAETWUGIRPB-UHFFFAOYSA-N","N=C(N)Nc1cccc(C(=O)Nc2ccc(CC(N)C(=O)O)cc2)c1","CHEMBL35466","ChEMBL","CHEMBL1147627","None","None","N=C(N)Nc1cccc(C(=O)Nc2ccc(CC(N)C(=O)O)cc2)c1","RGD-zwitterion","guanidine/cyclic amidine","False","True","341.4","154.3","1.2","0.343","6","6","4","O=C(Nc1ccccc1)c1ccccc1","0","0","0","0","0"
"YTPVKTLAFFSGBR-UHFFFAOYSA-N","O=C(Nc1ccc(CC(NS(=O)(=O)c2ccccc2)C(=O)O)cc1)c1cccc(NC2=NCCN2)c1","CHEMBL37976","ChEMBL","CHEMBL1147627","None","None","O=C(Nc1ccc(CC(NS(=O)(=O)c2ccccc2)C(=O)O)cc1)c1cccc(NC2=NCCN2)c1","RGD-zwitterion","guanidine/cyclic amidine","False","True","507.6","149.0","2.28","0.298","9","5","7","O=C(Nc1ccc(CCNS(=O)(=O)c2ccccc2)cc1)c1cccc(NC2=NCCN2)c1","0","0","0","0","0"
"UMSKKXXFLOGWFX-UHFFFAOYSA-N","O=C(O)CC(Cc1nc(CCCc2ccc3c(n2)NCCC3)no1)c1cccnc1","CHEMBL381663","ChEMBL","CHEMBL1138114","None","None","O=C(O)CC(Cc1nc(CCCc2ccc3c(n2)NCCC3)no1)c1cccnc1","RGD-zwitterion","tetrahydronaphthyridine|2-aminopyridine","False","True","407.5","114.0","3.19","0.556","9","2","7","c1cncc(CCc2nc(CCCc3ccc4c(n3)NCCC4)no2)c1","0","0","0","0","0"
"LDZQTJQEMSGLQU-ZEQRLZLVSA-N","Cc1cc(C)c(S(=O)(=O)N2CCC[C@H]2C(=O)N[C@@H](Cc2ccc(NC(=O)CCCCNC(=N)N)cc2)C(=O)O)c(C)c1","CHEMBL3902646","ChEMBL","CHEMBL3862028","None","None","Cc1cc(C)c(S(=O)(=O)N2CCCC2C(=O)NC(Cc2ccc(NC(=O)CCCCNC(=N)N)cc2)C(=O)O)c(C)c1","RGD-zwitterion","guanidine/cyclic amidine","False","True","600.7","194.8","2.17","0.114","13","6","6","O=C(NCCc1ccccc1)C1CCCN1S(=O)(=O)c1ccccc1","0","0","0","0","0"
"VWSGVRISQFKGKE-CUNXSJBXSA-N","C[C@@]1(C(=O)N[C@@H](Cc2ccc(NC(=O)CCCCNC(=N)N)cc2)C(=O)O)CCCN1S(=O)(=O)c1ccccc1","CHEMBL3927998","ChEMBL","CHEMBL3862028","None","None","CC1(C(=O)NC(Cc2ccc(NC(=O)CCCCNC(=N)N)cc2)C(=O)O)CCCN1S(=O)(=O)c1ccccc1","RGD-zwitterion","guanidine/cyclic amidine","False","True","572.7","194.8","1.63","0.118","13","6","6","O=C(NCCc1ccccc1)C1CCCN1S(=O)(=O)c1ccccc1","0","0","0","0","0"
"XHXYGMZLRLAEDM-QFQXNSOFSA-N","O=C(O)C[C@H](CN1CC[C@@H](CCc2ccc3c(n2)NCCC3)C1)c1cccc(C2CCOCC2)c1","CHEMBL4238556","ChEMBL","CHEMBL4229566","None","None","O=C(O)CC(CN1CCC(CCc2ccc3c(n2)NCCC3)C1)c1cccc(C2CCOCC2)c1","RGD-zwitterion","tetrahydronaphthyridine|2-aminopyridine|aliphatic amine","False","True","477.6","74.7","4.85","0.538","9","2","5","c1cc(CCN2CCC(CCc3ccc4c(n3)NCCC4)C2)cc(C2CCOCC2)c1","0","0","0","0","0"
"ZMXBIIQMSGOIRZ-RDGATRHJSA-N","Cc1cc(C)n(-c2cccc([C@@H](CC(=O)O)CN3CC[C@@H](CCc4ccc5c(n4)NCCC5)C3)c2)n1","CHEMBL4239588","ChEMBL","CHEMBL4229566","None","None","Cc1cc(C)n(-c2cccc(C(CC(=O)O)CN3CCC(CCc4ccc5c(n4)NCCC5)C3)c2)n1","RGD-zwitterion","tetrahydronaphthyridine|2-aminopyridine|aliphatic amine","False","True","487.6","83.3","4.76","0.453","9","2","5","c1cc(CCN2CCC(CCc3ccc4c(n3)NCCC4)C2)cc(-n2cccn2)c1","0","0","0","0","0"
"NTOCWOHJTCYCPV-PPUHSXQSSA-N","O=C(O)CC(CN1CC[C@@H](CCc2ccc3c(n2)NCCC3)C1)c1cccc(-n2ccnc2)c1","CHEMBL4245829","ChEMBL","CHEMBL4229566","None","None","O=C(O)CC(CN1CCC(CCc2ccc3c(n2)NCCC3)C1)c1cccc(-n2ccnc2)c1","RGD-zwitterion","tetrahydronaphthyridine|2-aminopyridine|aliphatic amine","False","True","459.6","83.3","4.14","0.5","9","2","5","c1cc(CCN2CCC(CCc3ccc4c(n3)NCCC4)C2)cc(-n2ccnc2)c1","0","0","0","0","0"
"GTSHXMCHGDUGRQ-IBGZPJMESA-N","O=C(O)C[C@H](Cc1nc(CCCCNc2cc(N3CCSCC3)ccn2)no1)c1ccc2c(c1)OCO2","CHEMBL434191","ChEMBL","CHEMBL1138114","None","None","O=C(O)CC(Cc1nc(CCCCNc2cc(N3CCSCC3)ccn2)no1)c1ccc2c(c1)OCO2","RGD-zwitterion","2-aminopyridine","False","True","525.6","122.8","3.98","0.334","12","2","10","c1cc(N2CCSCC2)cc(NCCCCc2noc(CCc3ccc4c(c3)OCO4)n2)n1","0","0","0","0","0"
"YFKSRHSJFVAXDN-UIOOFZCWSA-N","CCCCCCCC(=O)Nc1cc(NC(=N)N)cc(C(=O)NCC(=O)NC[C@H](NC(=O)[C@@H]2CCCN2S(=O)(=O)c2ccccc2)C(=O)O)c1","CHEMBL4750022","ChEMBL","CHEMBL4699539","None","None","CCCCCCCC(=O)Nc1cc(NC(=N)N)cc(C(=O)NCC(=O)NCC(NC(=O)C2CCCN2S(=O)(=O)c2ccccc2)C(=O)O)c1","RGD-zwitterion","guanidine/cyclic amidine","False","True","700.8","253.0","1.56","0.063","18","8","8","O=C(CNC(=O)c1ccccc1)NCCNC(=O)C1CCCN1S(=O)(=O)c1ccccc1","0","0","0","0","0"
"VQRULHQPNPSHHK-HNNXBMFYSA-N","O=C(Cn1cnc2ccccc21)NC[C@H](NC(=O)c1ccccc1Cl)C(=O)O","CHEMBL5555126","ChEMBL","CHEMBL5500400","None","None","O=C(Cn1cnc2ccccc21)NCC(NC(=O)c1ccccc1Cl)C(=O)O","non-RGD","","False","True","400.8","113.3","1.69","0.558","7","3","4","O=C(Cn1cnc2ccccc21)NCCNC(=O)c1ccccc1","0","0","0","0","0"
"PRENRORKUNNRMW-INIZCTEOSA-N","Cc1nc2ccccc2n1CC(=O)NC[C@H](NC(=O)c1ccccc1Cl)C(=O)O","CHEMBL5557228","ChEMBL","CHEMBL5500400","None","None","Cc1nc2ccccc2n1CC(=O)NCC(NC(=O)c1ccccc1Cl)C(=O)O","non-RGD","","False","True","414.8","113.3","2.0","0.547","7","3","4","O=C(Cn1cnc2ccccc21)NCCNC(=O)c1ccccc1","0","0","0","0","0"
"NDALZQRFUBUVDL-HNNXBMFYSA-N","O=C(CN1C(=O)Cc2ccccc21)NC[C@H](NC(=O)c1ccccc1Cl)C(=O)O","CHEMBL5558652","ChEMBL","CHEMBL5500400","None","None","O=C(CN1C(=O)Cc2ccccc21)NCC(NC(=O)c1ccccc1Cl)C(=O)O","non-RGD","","False","True","415.8","115.8","1.23","0.629","7","3","4","O=C(CN1C(=O)Cc2ccccc21)NCCNC(=O)c1ccccc1","0","0","0","0","0"
"NJQKLAXSUWFZFS-YDLGDYPESA-N","O=C(CNC(=O)c1cccc(NC2=NCCN2C2=NCCN2)c1)NC[C@H](NC(=O)C1C2CCC(CC2)N1S(=O)(=O)c1ccccc1)C(=O)O","CHEMBL5798678","ChEMBL","CHEMBL5728105","None","None","O=C(CNC(=O)c1cccc(NC2=NCCN2C2=NCCN2)c1)NCC(NC(=O)C1C2CCC(CC2)N1S(=O)(=O)c1ccccc1)C(=O)O","RGD-zwitterion","guanidine/cyclic amidine","False","True","693.8","214.0","-0.22","0.182","11","6","11","O=C(CNC(=O)c1cccc(NC2=NCCN2C2=NCCN2)c1)NCCNC(=O)C1C2CCC(CC2)N1S(=O)(=O)c1ccccc1","0","0","0","0","0"
"QMUVYZWNVPWDRC-HJOGWXRNSA-N","C=CCOC(=O)NCCCC[C@H](NC(=O)CCCCNC(=N)N)C(=O)NC[C@H](NC(=O)[C@@H]1CCCN1S(=O)(=O)c1ccccc1)C(=O)O","CHEMBL5944156","ChEMBL","CHEMBL5728105","None","None","C=CCOC(=O)NCCCCC(NC(=O)CCCCNC(=N)N)C(=O)NCC(NC(=O)C1CCCN1S(=O)(=O)c1ccccc1)C(=O)O","RGD-zwitterion","guanidine/cyclic amidine","False","True","694.8","262.2","-0.25","0.036","21","8","9","O=S(=O)(c1ccccc1)N1CCCC1","0","0","0","0","0"
"YVYYOTJFDPXBPH-FSEITFBQSA-N","N=C(N)NCCCCC(=O)N[C@@H](CCCCNC(=S)Nc1ccc(-c2c3ccc(=O)cc-3oc3cc(O)ccc23)c(C(=O)O)c1)C(=O)NC[C@H](NC(=O)[C@@H]1CCCN1S(=O)(=O)c1ccccc1)C(=O)O","CHEMBL5982768","ChEMBL","CHEMBL5728105","None","None","N=C(N)NCCCCC(=O)NC(CCCCNC(=S)Nc1ccc(-c2c3ccc(=O)cc-3oc3cc(O)ccc23)c(C(=O)O)c1)C(=O)NCC(NC(=O)C1CCCN1S(=O)(=O)c1ccccc1)C(=O)O","RGD-zwitterion","guanidine/cyclic amidine","False","True","1000.1","335.7","3.1","0.016","22","11","12","O=C(CCCCCNC(=S)Nc1ccc(-c2c3ccc(=O)cc-3oc3ccccc23)cc1)NCCNC(=O)C1CCCN1S(=O)(=O)c1ccccc1","0","0","0","0","0"
"CWOFQJBATWQSHL-DEOSSOPVSA-N","COCCN(CCCCc1ccc2c(n1)NCCC2)CC[C@H](Nc1ncnc2ccccc12)C(=O)O","bexotegrast","PubChem","","None","None","COCCN(CCCCc1ccc2c(n1)NCCC2)CCC(Nc1ncnc2ccccc12)C(=O)O","RGD-zwitterion","tetrahydronaphthyridine|2-aminopyridine|aliphatic amine","False","True","492.6","112.5","3.61","0.291","14","3","8","c1ccc2c(NCCCNCCCCc3ccc4c(n3)NCCC4)ncnc2c1","1","1","0","0","1"
"GELVLHVQVRSFAY-FQEVSTJZSA-N","CC1(C(=O)N[C@@H](CCCCCCCc2ccc3c(n2)NCCC3)C(=O)O)CCOCC1","PLN-1474","PubChem","","None","None","CC1(C(=O)NC(CCCCCCCc2ccc3c(n2)NCCC3)C(=O)O)CCOCC1","RGD-zwitterion","tetrahydronaphthyridine|2-aminopyridine","False","True","431.6","100.6","3.71","0.462","11","3","5","O=C(NCCCCCCCCc1ccc2c(n1)NCCC2)C1CCOCC1","1","1","0","1","1"
